#node1	node2	node1_string_id	node2_string_id	neighborhood_on_chromosome	gene_fusion	phylogenetic_cooccurrence	homology	coexpression	experimentally_determined_interaction	database_annotated	automated_textmining	combined_score
ACAD9	NDUFS7	9606.ENSP00000312618	9606.ENSP00000233627	0	0	0	0	0.148	0.994	0.500	0.462	0.998
ACAD9	NDUFAF1	9606.ENSP00000312618	9606.ENSP00000260361	0	0	0	0	0.095	0.994	0.800	0.988	0.999
ACAD9	FOXRED1	9606.ENSP00000312618	9606.ENSP00000263578	0	0	0	0	0.206	0.422	0	0.816	0.908
ACAD9	NDUFS3	9606.ENSP00000312618	9606.ENSP00000263774	0	0	0	0	0.155	0.994	0.500	0.477	0.998
ACAD9	ECSIT	9606.ENSP00000312618	9606.ENSP00000270517	0	0	0	0	0.118	0.994	0.800	0.989	0.999
ACAD9	NDUFAF4	9606.ENSP00000312618	9606.ENSP00000358272	0	0	0	0	0.049	0.550	0.500	0.733	0.935
ACAD9	NDUFS5	9606.ENSP00000312618	9606.ENSP00000362058	0	0	0	0	0.088	0.994	0	0.252	0.995
ACAD9	MT-ND6	9606.ENSP00000312618	9606.ENSP00000354665	0	0	0	0	0	0.994	0.500	0.377	0.997
ACAD9	NDUFA13	9606.ENSP00000312618	9606.ENSP00000423673	0	0	0	0	0.089	0.994	0.500	0.279	0.997
ACAD9	NDUFAF3	9606.ENSP00000312618	9606.ENSP00000323076	0	0	0	0	0.057	0.994	0.500	0.546	0.998
ACAD9	NDUFS2	9606.ENSP00000312618	9606.ENSP00000356972	0	0	0	0	0.167	0.994	0.500	0.507	0.998
ACAD9	TMEM126B	9606.ENSP00000312618	9606.ENSP00000351737	0	0	0	0	0.044	0.994	0.800	0.990	0.999
ACAD9	TIMMDC1	9606.ENSP00000312618	9606.ENSP00000418803	0	0	0	0	0.128	0.994	0.500	0.764	0.999
AIFM1	BAX	9606.ENSP00000287295	9606.ENSP00000293288	0	0	0	0	0.060	0	0.900	0.312	0.929
AIFM1	PPIA	9606.ENSP00000287295	9606.ENSP00000419425	0	0	0	0	0.049	0.331	0.800	0.518	0.930
AIFM1	ENDOG	9606.ENSP00000287295	9606.ENSP00000361725	0	0	0	0	0.083	0.633	0	0.853	0.946
AKT1	MAPK1	9606.ENSP00000451828	9606.ENSP00000215832	0	0	0	0.593	0.118	0.110	0.900	0.872	0.988
AKT1	PIK3R2	9606.ENSP00000451828	9606.ENSP00000222254	0	0	0	0	0.128	0.093	0.900	0.677	0.971
AKT1	KRAS	9606.ENSP00000451828	9606.ENSP00000256078	0	0	0	0	0.076	0.110	0	0.893	0.904
AKT1	RHEB	9606.ENSP00000451828	9606.ENSP00000262187	0	0	0	0	0.090	0.110	0.400	0.904	0.947
AKT1	PIK3R3	9606.ENSP00000451828	9606.ENSP00000262741	0	0	0	0	0.051	0.093	0.900	0.610	0.962
AKT1	MAPK3	9606.ENSP00000451828	9606.ENSP00000263025	0	0	0	0.587	0.266	0.110	0.900	0.432	0.957
AKT1	PIK3CA	9606.ENSP00000451828	9606.ENSP00000263967	0	0	0	0	0.060	0.738	0.900	0.951	0.998
AKT1	STAT3	9606.ENSP00000451828	9606.ENSP00000264657	0	0	0	0	0.118	0.096	0.500	0.925	0.966
AKT1	TP53	9606.ENSP00000451828	9606.ENSP00000269305	0	0	0	0	0.049	0.184	0.900	0.934	0.994
AKT1	ITPR1	9606.ENSP00000451828	9606.ENSP00000306253	0	0	0	0	0.042	0.440	0	0.967	0.981
AKT1	CASP3	9606.ENSP00000451828	9606.ENSP00000311032	0	0	0	0	0.044	0.311	0	0.923	0.945
AKT1	CASP9	9606.ENSP00000451828	9606.ENSP00000330237	0	0	0	0	0.085	0.067	0.900	0.887	0.989
AKT1	HSP90AA1	9606.ENSP00000451828	9606.ENSP00000335153	0	0	0	0	0.049	0.883	0.900	0.996	0.999
AKT1	PDPK1	9606.ENSP00000451828	9606.ENSP00000344220	0	0	0.082	0.744	0.095	0.918	0.900	0.926	0.999
AKT1	STAT1	9606.ENSP00000451828	9606.ENSP00000354394	0	0	0	0	0.106	0.096	0.400	0.930	0.961
AKT1	MTOR	9606.ENSP00000451828	9606.ENSP00000354558	0	0	0	0	0.060	0.925	0.900	0.954	0.999
AKT1	JUN	9606.ENSP00000451828	9606.ENSP00000360266	0	0	0	0	0.049	0.085	0.900	0.915	0.991
AKT1	HSP90AB1	9606.ENSP00000451828	9606.ENSP00000360609	0	0	0	0	0.049	0.626	0.900	0.996	0.999
AKT1	PTEN	9606.ENSP00000451828	9606.ENSP00000361021	0	0	0	0	0	0.648	0	0.967	0.988
AKT1	ITPR3	9606.ENSP00000451828	9606.ENSP00000363435	0	0	0	0	0.067	0.292	0	0.954	0.967
AKT1	BCL2L1	9606.ENSP00000451828	9606.ENSP00000365230	0	0	0	0	0.095	0.292	0.900	0.888	0.991
AKT1	PIK3CD	9606.ENSP00000451828	9606.ENSP00000366563	0	0	0	0	0.042	0.098	0.900	0.757	0.976
AKT1	CYBB	9606.ENSP00000451828	9606.ENSP00000367851	0	0	0	0	0.060	0.063	0	0.994	0.994
AKT1	AKT1S1	9606.ENSP00000451828	9606.ENSP00000375711	0	0	0	0	0.141	0.626	0.900	0.882	0.995
AKT1	AKT2	9606.ENSP00000451828	9606.ENSP00000375892	0	0	0.050	0.981	0.131	0.787	0.900	0.569	0.991
AKT1	BAD	9606.ENSP00000451828	9606.ENSP00000378040	0	0	0	0	0.060	0.860	0.900	0.572	0.993
AKT1	BCL2	9606.ENSP00000451828	9606.ENSP00000381185	0	0	0	0	0	0	0.900	0.934	0.993
AKT1	TNF	9606.ENSP00000451828	9606.ENSP00000398698	0	0	0	0	0.074	0.057	0	0.903	0.907
AKT1	PPP2CA	9606.ENSP00000451828	9606.ENSP00000418447	0	0	0	0	0.055	0.842	0.650	0.667	0.980
AKT1	IKBKB	9606.ENSP00000451828	9606.ENSP00000430684	0	0	0	0.601	0.152	0.775	0.900	0.570	0.990
AKT1	TRAF6	9606.ENSP00000451828	9606.ENSP00000433623	0	0	0	0	0.075	0.644	0	0.873	0.954
AKT1	HIF1A	9606.ENSP00000451828	9606.ENSP00000437955	0	0	0	0	0	0.229	0	0.916	0.932
AKT1	MLST8	9606.ENSP00000451828	9606.ENSP00000457870	0	0.004	0	0	0.104	0	0.400	0.926	0.956
AKT1	AKT3	9606.ENSP00000451828	9606.ENSP00000500582	0	0	0.050	0.981	0	0.592	0.900	0.057	0.958
AKT1	PIK3CB	9606.ENSP00000451828	9606.ENSP00000501150	0	0	0	0	0.049	0.334	0.900	0.901	0.992
AKT1S1	RB1CC1	9606.ENSP00000375711	9606.ENSP00000025008	0	0	0	0	0	0	0.900	0.644	0.962
AKT1S1	RHEB	9606.ENSP00000375711	9606.ENSP00000262187	0	0	0	0	0	0.071	0.900	0.980	0.997
AKT1S1	RRAGB	9606.ENSP00000375711	9606.ENSP00000262850	0	0	0	0	0	0	0.900	0.618	0.960
AKT1S1	DEPTOR	9606.ENSP00000375711	9606.ENSP00000286234	0	0	0	0	0	0	0.800	0.998	0.999
AKT1S1	PRKACA	9606.ENSP00000375711	9606.ENSP00000309591	0	0	0	0	0.086	0.071	0.900	0.210	0.924
AKT1S1	ULK1	9606.ENSP00000375711	9606.ENSP00000324560	0	0	0	0	0.128	0	0.900	0.492	0.951
AKT1S1	ATG101	9606.ENSP00000375711	9606.ENSP00000338990	0	0	0	0	0.067	0	0.900	0.585	0.957
AKT1S1	MTOR	9606.ENSP00000375711	9606.ENSP00000354558	0	0	0	0	0.060	0.985	0.900	0.997	0.999
AKT1S1	PRKACB	9606.ENSP00000375711	9606.ENSP00000359719	0	0	0	0	0	0.071	0.900	0.208	0.920
AKT1S1	RRAGC	9606.ENSP00000375711	9606.ENSP00000362092	0	0	0	0	0.049	0.800	0.900	0.614	0.991
AKT1S1	IGBP1	9606.ENSP00000375711	9606.ENSP00000363661	0	0	0	0	0	0	0.900	0.109	0.907
AKT1S1	RRAGA	9606.ENSP00000375711	9606.ENSP00000369899	0	0	0	0	0	0.800	0.900	0.760	0.994
AKT1S1	ULK2	9606.ENSP00000375711	9606.ENSP00000378914	0	0	0	0	0	0	0.900	0.275	0.924
AKT1S1	AKT3	9606.ENSP00000375711	9606.ENSP00000500582	0	0	0	0	0.058	0.096	0.900	0.622	0.963
AKT1S1	AKT2	9606.ENSP00000375711	9606.ENSP00000375892	0	0	0	0	0.076	0.096	0.900	0.654	0.967
AKT1S1	AKT1	9606.ENSP00000375711	9606.ENSP00000451828	0	0	0	0	0.141	0.626	0.900	0.882	0.995
AKT1S1	MLST8	9606.ENSP00000375711	9606.ENSP00000457870	0	0	0	0	0.156	0.905	0.800	0.998	0.999
AKT2	MAPK1	9606.ENSP00000375892	9606.ENSP00000215832	0	0	0	0.592	0.083	0.110	0.900	0.240	0.929
AKT2	PIK3R2	9606.ENSP00000375892	9606.ENSP00000222254	0	0	0	0	0.074	0.093	0.900	0.615	0.963
AKT2	PIK3R3	9606.ENSP00000375892	9606.ENSP00000262741	0	0	0	0	0.051	0.093	0.900	0.528	0.953
AKT2	MAPK3	9606.ENSP00000375892	9606.ENSP00000263025	0	0	0	0.587	0.062	0.110	0.900	0.604	0.962
AKT2	PIK3CA	9606.ENSP00000375892	9606.ENSP00000263967	0	0	0	0	0.042	0.098	0.900	0.841	0.984
AKT2	TP53	9606.ENSP00000375892	9606.ENSP00000269305	0	0	0	0	0.072	0	0.900	0.734	0.973
AKT2	CASP9	9606.ENSP00000375892	9606.ENSP00000330237	0	0	0	0	0.049	0.067	0.900	0.424	0.942
AKT2	HSP90AA1	9606.ENSP00000375892	9606.ENSP00000335153	0	0	0	0	0.047	0.223	0.900	0.380	0.948
AKT2	PDPK1	9606.ENSP00000375892	9606.ENSP00000344220	0	0	0.089	0.753	0.162	0.464	0.900	0.213	0.962
AKT2	MTOR	9606.ENSP00000375892	9606.ENSP00000354558	0	0	0	0	0.060	0.073	0.900	0.668	0.967
AKT2	JUN	9606.ENSP00000375892	9606.ENSP00000360266	0	0	0	0	0	0.085	0.900	0.677	0.967
AKT2	HSP90AB1	9606.ENSP00000375892	9606.ENSP00000360609	0	0	0	0	0.047	0.224	0.900	0.364	0.946
AKT2	BCL2L1	9606.ENSP00000375892	9606.ENSP00000365230	0	0	0	0	0.049	0	0.900	0.413	0.939
AKT2	PIK3CD	9606.ENSP00000375892	9606.ENSP00000366563	0	0	0	0	0.042	0.286	0.900	0.520	0.962
AKT2	AKT1S1	9606.ENSP00000375892	9606.ENSP00000375711	0	0	0	0	0.076	0.096	0.900	0.654	0.967
AKT2	BAD	9606.ENSP00000375892	9606.ENSP00000378040	0	0	0	0	0.054	0.065	0.900	0.201	0.919
AKT2	IKBKB	9606.ENSP00000375892	9606.ENSP00000430684	0	0	0	0.604	0.163	0	0.900	0.175	0.925
AKT2	BCL2	9606.ENSP00000375892	9606.ENSP00000381185	0	0	0	0	0.047	0	0.900	0.517	0.950
AKT2	AKT3	9606.ENSP00000375892	9606.ENSP00000500582	0	0	0.051	0.979	0	0.162	0.900	0.617	0.965
AKT2	PIK3CB	9606.ENSP00000375892	9606.ENSP00000501150	0	0	0	0	0.048	0.276	0.900	0.783	0.983
AKT2	AKT1	9606.ENSP00000375892	9606.ENSP00000451828	0	0	0.050	0.981	0.131	0.787	0.900	0.569	0.991
AKT3	MAPK1	9606.ENSP00000500582	9606.ENSP00000215832	0	0	0	0.601	0.085	0.110	0.900	0.218	0.927
AKT3	PIK3R2	9606.ENSP00000500582	9606.ENSP00000222254	0	0	0	0	0.067	0.093	0.900	0.657	0.967
AKT3	PIK3R3	9606.ENSP00000500582	9606.ENSP00000262741	0	0	0	0	0.051	0.093	0.900	0.733	0.973
AKT3	MAPK3	9606.ENSP00000500582	9606.ENSP00000263025	0	0	0	0.595	0.099	0.110	0.900	0.215	0.928
AKT3	PIK3CA	9606.ENSP00000500582	9606.ENSP00000263967	0	0	0	0	0.075	0.098	0.900	0.838	0.984
AKT3	TP53	9606.ENSP00000500582	9606.ENSP00000269305	0	0	0	0	0	0	0.900	0.555	0.953
AKT3	CASP9	9606.ENSP00000500582	9606.ENSP00000330237	0	0	0	0	0	0.067	0.900	0.381	0.937
AKT3	HSP90AA1	9606.ENSP00000500582	9606.ENSP00000335153	0	0	0	0	0	0.385	0.900	0.312	0.954
AKT3	PDPK1	9606.ENSP00000500582	9606.ENSP00000344220	0	0	0.085	0.747	0	0.275	0.900	0.192	0.939
AKT3	MTOR	9606.ENSP00000500582	9606.ENSP00000354558	0	0	0	0	0	0.073	0.900	0.609	0.960
AKT3	JUN	9606.ENSP00000500582	9606.ENSP00000360266	0	0	0	0	0	0.085	0.900	0.407	0.941
AKT3	HSP90AB1	9606.ENSP00000500582	9606.ENSP00000360609	0	0	0	0	0	0.426	0.900	0.306	0.956
AKT3	BCL2L1	9606.ENSP00000500582	9606.ENSP00000365230	0	0	0	0	0	0	0.900	0.341	0.931
AKT3	PIK3CD	9606.ENSP00000500582	9606.ENSP00000366563	0	0	0	0	0	0.098	0.900	0.494	0.950
AKT3	AKT1S1	9606.ENSP00000500582	9606.ENSP00000375711	0	0	0	0	0.058	0.096	0.900	0.622	0.963
AKT3	AKT2	9606.ENSP00000500582	9606.ENSP00000375892	0	0	0.051	0.979	0	0.162	0.900	0.617	0.965
AKT3	BAD	9606.ENSP00000500582	9606.ENSP00000378040	0	0	0	0	0	0.065	0.900	0.220	0.920
AKT3	BCL2	9606.ENSP00000500582	9606.ENSP00000381185	0	0	0	0	0.056	0	0.900	0.486	0.947
AKT3	IKBKB	9606.ENSP00000500582	9606.ENSP00000430684	0	0	0	0.602	0.105	0	0.900	0.153	0.917
AKT3	AKT1	9606.ENSP00000500582	9606.ENSP00000451828	0	0	0.050	0.981	0	0.592	0.900	0.057	0.958
AKT3	PIK3CB	9606.ENSP00000500582	9606.ENSP00000501150	0	0	0	0	0	0.098	0.900	0.636	0.964
AMBRA1	PIK3C3	9606.ENSP00000431926	9606.ENSP00000262039	0	0	0	0	0.090	0.295	0.500	0.999	0.999
AMBRA1	NRBF2	9606.ENSP00000431926	9606.ENSP00000277746	0	0	0	0	0	0	0	0.923	0.923
AMBRA1	ULK1	9606.ENSP00000431926	9606.ENSP00000324560	0	0	0	0	0.115	0.657	0.500	0.822	0.969
AMBRA1	PIK3R4	9606.ENSP00000431926	9606.ENSP00000349205	0	0	0	0	0.311	0	0.500	0.996	0.998
AMBRA1	BCL2	9606.ENSP00000431926	9606.ENSP00000381185	0	0	0	0	0	0.363	0	0.931	0.954
AMBRA1	ATG13	9606.ENSP00000431926	9606.ENSP00000432412	0	0	0	0	0.165	0.292	0.500	0.814	0.938
AMBRA1	SH3GLB1	9606.ENSP00000431926	9606.ENSP00000479919	0	0	0	0	0	0	0	0.985	0.985
AMBRA1	TRAF6	9606.ENSP00000431926	9606.ENSP00000433623	0	0	0	0	0.067	0.510	0	0.986	0.993
ATF4	EIF2AK4	9606.ENSP00000336790	9606.ENSP00000263791	0	0	0	0	0	0	0.500	0.842	0.917
ATF4	EIF2AK3	9606.ENSP00000336790	9606.ENSP00000307235	0	0	0	0	0.057	0	0.900	0.927	0.992
ATF4	PRKACA	9606.ENSP00000336790	9606.ENSP00000309591	0	0	0	0	0	0	0.900	0.291	0.926
ATF4	PRKACB	9606.ENSP00000336790	9606.ENSP00000359719	0	0	0	0	0	0	0.900	0.290	0.925
ATF4	JUN	9606.ENSP00000336790	9606.ENSP00000360266	0	0	0	0	0.061	0.674	0	0.784	0.928
ATF4	DDIT3	9606.ENSP00000336790	9606.ENSP00000448665	0	0	0	0	0.187	0.526	0.900	0.925	0.996
ATG10	RB1CC1	9606.ENSP00000282185	9606.ENSP00000025008	0	0	0	0	0	0.064	0	0.948	0.949
ATG10	GABARAPL2	9606.ENSP00000282185	9606.ENSP00000037243	0	0	0	0	0.101	0.167	0.500	0.851	0.937
ATG10	GABARAP	9606.ENSP00000282185	9606.ENSP00000306866	0	0	0	0	0.087	0.167	0.500	0.776	0.903
ATG10	GABARAPL1	9606.ENSP00000282185	9606.ENSP00000411256	0	0	0	0	0.087	0.167	0.500	0.851	0.935
ATG10	MAP1LC3A	9606.ENSP00000282185	9606.ENSP00000363970	0	0	0	0	0.088	0.050	0.500	0.878	0.940
ATG10	ATG3	9606.ENSP00000282185	9606.ENSP00000283290	0	0	0	0	0	0.240	0	0.947	0.958
ATG10	ATG16L1	9606.ENSP00000282185	9606.ENSP00000375873	0	0	0	0	0	0	0.500	0.949	0.973
ATG10	ATG13	9606.ENSP00000282185	9606.ENSP00000432412	0	0	0	0	0	0.064	0	0.977	0.978
ATG10	ATG5	9606.ENSP00000282185	9606.ENSP00000358072	0	0	0	0	0	0.230	0.500	0.997	0.998
ATG10	ATG12	9606.ENSP00000282185	9606.ENSP00000425107	0	0	0	0	0.061	0.631	0.900	0.999	0.999
ATG10	ATG7	9606.ENSP00000282185	9606.ENSP00000346437	0	0	0	0	0.065	0.637	0.500	0.999	0.999
ATG101	RB1CC1	9606.ENSP00000338990	9606.ENSP00000025008	0	0	0	0	0	0.840	0.800	0.998	0.999
ATG101	PPP2CB	9606.ENSP00000338990	9606.ENSP00000221138	0	0	0	0	0	0	0.900	0	0.900
ATG101	PIK3C3	9606.ENSP00000338990	9606.ENSP00000262039	0	0	0	0	0.049	0.292	0.900	0.863	0.989
ATG101	NRBF2	9606.ENSP00000338990	9606.ENSP00000277746	0	0	0	0	0.064	0	0.900	0.626	0.962
ATG101	ULK1	9606.ENSP00000338990	9606.ENSP00000324560	0	0	0	0	0.054	0.882	0.900	0.997	0.999
ATG101	ATG12	9606.ENSP00000338990	9606.ENSP00000425107	0	0	0	0	0.101	0.292	0	0.856	0.901
ATG101	PPP2CA	9606.ENSP00000338990	9606.ENSP00000418447	0	0	0	0	0.081	0	0.900	0.057	0.905
ATG101	ATG5	9606.ENSP00000338990	9606.ENSP00000358072	0	0	0	0	0.049	0.363	0	0.897	0.932
ATG101	MLST8	9606.ENSP00000338990	9606.ENSP00000457870	0	0	0	0	0.081	0	0.900	0.453	0.945
ATG101	AKT1S1	9606.ENSP00000338990	9606.ENSP00000375711	0	0	0	0	0.067	0	0.900	0.585	0.957
ATG101	MTOR	9606.ENSP00000338990	9606.ENSP00000354558	0	0	0	0	0.042	0	0.900	0.786	0.977
ATG101	C9orf72	9606.ENSP00000338990	9606.ENSP00000482753	0	0	0	0	0	0.510	0.900	0.608	0.979
ATG101	PIK3R4	9606.ENSP00000338990	9606.ENSP00000349205	0	0	0	0	0.049	0	0.900	0.863	0.985
ATG101	ATG13	9606.ENSP00000338990	9606.ENSP00000432412	0	0	0	0	0.060	0.992	0.800	0.998	0.999
ATG101	ULK2	9606.ENSP00000338990	9606.ENSP00000378914	0	0	0	0	0	0.679	0.900	0.997	0.999
ATG12	RB1CC1	9606.ENSP00000425107	9606.ENSP00000025008	0	0	0	0	0.070	0.484	0	0.979	0.989
ATG12	GABARAPL2	9606.ENSP00000425107	9606.ENSP00000037243	0	0	0	0	0.117	0.292	0.900	0.997	0.999
ATG12	PIK3C3	9606.ENSP00000425107	9606.ENSP00000262039	0	0	0	0	0.169	0	0.500	0.932	0.969
ATG12	WIPI1	9606.ENSP00000425107	9606.ENSP00000262139	0	0	0	0	0.049	0.393	0	0.936	0.960
ATG12	ATG10	9606.ENSP00000425107	9606.ENSP00000282185	0	0	0	0	0.061	0.631	0.900	0.999	0.999
ATG12	ATG3	9606.ENSP00000425107	9606.ENSP00000283290	0	0	0	0	0.092	0.997	0.900	0.999	0.999
ATG12	WIPI2	9606.ENSP00000425107	9606.ENSP00000288828	0	0	0	0	0.049	0.699	0.500	0.987	0.998
ATG12	FADD	9606.ENSP00000425107	9606.ENSP00000301838	0	0	0	0	0.086	0.301	0	0.975	0.982
ATG12	GABARAP	9606.ENSP00000425107	9606.ENSP00000306866	0	0	0	0	0.111	0.332	0.900	0.956	0.997
ATG12	ULK1	9606.ENSP00000425107	9606.ENSP00000324560	0	0	0	0	0	0.882	0	0.968	0.996
ATG12	ATG16L2	9606.ENSP00000425107	9606.ENSP00000326340	0	0	0	0	0.056	0.805	0.900	0.818	0.996
ATG12	ATG101	9606.ENSP00000425107	9606.ENSP00000338990	0	0	0	0	0.101	0.292	0	0.856	0.901
ATG12	ATG7	9606.ENSP00000425107	9606.ENSP00000346437	0	0	0	0	0.048	0.922	0.900	0.999	0.999
ATG12	PIK3R4	9606.ENSP00000425107	9606.ENSP00000349205	0	0	0	0	0.044	0	0.500	0.856	0.925
ATG12	MCL1	9606.ENSP00000425107	9606.ENSP00000358022	0	0	0	0	0.062	0.292	0	0.984	0.988
ATG12	ATG5	9606.ENSP00000425107	9606.ENSP00000358072	0	0	0	0	0.118	0.997	0.900	0.999	0.999
ATG12	MAP1LC3A	9606.ENSP00000425107	9606.ENSP00000363970	0	0	0	0	0.105	0.292	0.500	0.945	0.980
ATG12	ATG16L1	9606.ENSP00000425107	9606.ENSP00000375873	0	0	0	0	0.042	0.994	0.900	0.999	0.999
ATG12	ULK2	9606.ENSP00000425107	9606.ENSP00000378914	0	0	0	0	0	0.841	0	0.794	0.965
ATG12	BCL2	9606.ENSP00000425107	9606.ENSP00000381185	0	0	0	0	0.055	0.292	0	0.985	0.989
ATG12	ATG4B	9606.ENSP00000425107	9606.ENSP00000384259	0	0	0	0	0.085	0.221	0	0.901	0.923
ATG12	GABARAPL1	9606.ENSP00000425107	9606.ENSP00000411256	0	0	0	0	0.112	0.292	0.900	0.995	0.999
ATG12	ATG13	9606.ENSP00000425107	9606.ENSP00000432412	0	0	0	0	0.060	0.292	0	0.877	0.911
ATG12	MAP1LC3B	9606.ENSP00000425107	9606.ENSP00000498476	0	0	0	0	0.111	0.313	0.500	0.913	0.969
ATG13	RB1CC1	9606.ENSP00000432412	9606.ENSP00000025008	0	0	0	0	0.049	0.859	0.800	0.998	0.999
ATG13	GABARAPL2	9606.ENSP00000432412	9606.ENSP00000037243	0	0	0	0	0.109	0.641	0	0.964	0.987
ATG13	PIK3C3	9606.ENSP00000432412	9606.ENSP00000262039	0	0	0	0	0.049	0.292	0.500	0.960	0.985
ATG13	ATG10	9606.ENSP00000432412	9606.ENSP00000282185	0	0	0	0	0	0.064	0	0.977	0.978
ATG13	GABARAP	9606.ENSP00000432412	9606.ENSP00000306866	0	0	0	0	0.119	0.763	0	0.859	0.968
ATG13	ULK1	9606.ENSP00000432412	9606.ENSP00000324560	0	0	0	0	0.125	0.995	0.800	0.998	0.999
ATG13	ATG101	9606.ENSP00000432412	9606.ENSP00000338990	0	0	0	0	0.060	0.992	0.800	0.998	0.999
ATG13	PIK3R4	9606.ENSP00000432412	9606.ENSP00000349205	0	0	0	0	0.060	0	0.500	0.916	0.957
ATG13	MAP1LC3C	9606.ENSP00000432412	9606.ENSP00000349785	0	0	0	0	0.102	0.734	0	0.638	0.906
ATG13	MTOR	9606.ENSP00000432412	9606.ENSP00000354558	0	0	0	0	0.074	0	0.500	0.835	0.917
ATG13	ATG5	9606.ENSP00000432412	9606.ENSP00000358072	0	0	0	0	0	0.363	0	0.917	0.945
ATG13	MAP1LC3A	9606.ENSP00000432412	9606.ENSP00000363970	0	0	0	0	0.122	0.800	0	0.837	0.969
ATG13	ATG16L1	9606.ENSP00000432412	9606.ENSP00000375873	0	0	0	0	0.074	0.675	0	0.844	0.949
ATG13	ULK2	9606.ENSP00000432412	9606.ENSP00000378914	0	0	0	0	0.106	0.600	0	0.997	0.998
ATG13	GABARAPL1	9606.ENSP00000432412	9606.ENSP00000411256	0	0	0	0	0.118	0.627	0	0.964	0.987
ATG13	ATG12	9606.ENSP00000432412	9606.ENSP00000425107	0	0	0	0	0.060	0.292	0	0.877	0.911
ATG13	AMBRA1	9606.ENSP00000432412	9606.ENSP00000431926	0	0	0	0	0.165	0.292	0.500	0.814	0.938
ATG13	MAP1LC3B	9606.ENSP00000432412	9606.ENSP00000498476	0	0	0	0	0.143	0.743	0	0.835	0.960
ATG16L1	RB1CC1	9606.ENSP00000375873	9606.ENSP00000025008	0	0	0	0	0.064	0.825	0.900	0.988	0.999
ATG16L1	GABARAPL2	9606.ENSP00000375873	9606.ENSP00000037243	0	0	0	0	0	0.205	0.900	0.893	0.990
ATG16L1	PIK3C3	9606.ENSP00000375873	9606.ENSP00000262039	0	0	0	0	0	0.087	0.500	0.858	0.929
ATG16L1	WIPI1	9606.ENSP00000375873	9606.ENSP00000262139	0	0	0	0	0.072	0.597	0.900	0.772	0.990
ATG16L1	ATG10	9606.ENSP00000375873	9606.ENSP00000282185	0	0	0	0	0	0	0.500	0.949	0.973
ATG16L1	ATG3	9606.ENSP00000375873	9606.ENSP00000283290	0	0	0	0	0.086	0.941	0.900	0.970	0.999
ATG16L1	WIPI2	9606.ENSP00000375873	9606.ENSP00000288828	0	0	0	0	0.072	0.916	0.900	0.993	0.999
ATG16L1	GABARAP	9606.ENSP00000375873	9606.ENSP00000306866	0	0	0	0	0.045	0.205	0.900	0.762	0.979
ATG16L1	ULK1	9606.ENSP00000375873	9606.ENSP00000324560	0	0	0	0	0.050	0.867	0	0.877	0.983
ATG16L1	ATG16L2	9606.ENSP00000375873	9606.ENSP00000326340	0	0	0.097	0.873	0.047	0.307	0.900	0.113	0.937
ATG16L1	ATG7	9606.ENSP00000375873	9606.ENSP00000346437	0	0	0	0	0	0	0.500	0.991	0.995
ATG16L1	PIK3R4	9606.ENSP00000375873	9606.ENSP00000349205	0	0	0	0	0.042	0	0.500	0.879	0.937
ATG16L1	ATG5	9606.ENSP00000375873	9606.ENSP00000358072	0	0	0	0	0.122	0.999	0.900	0.999	0.999
ATG16L1	ATG13	9606.ENSP00000375873	9606.ENSP00000432412	0	0	0	0	0.074	0.675	0	0.844	0.949
ATG16L1	MAP1LC3B	9606.ENSP00000375873	9606.ENSP00000498476	0	0	0	0	0.042	0.452	0.500	0.848	0.955
ATG16L1	GABARAPL1	9606.ENSP00000375873	9606.ENSP00000411256	0	0	0	0	0.047	0.205	0.900	0.893	0.990
ATG16L1	ATG12	9606.ENSP00000375873	9606.ENSP00000425107	0	0	0	0	0.042	0.994	0.900	0.999	0.999
ATG16L2	RB1CC1	9606.ENSP00000326340	9606.ENSP00000025008	0	0	0	0	0.064	0.091	0.900	0.598	0.961
ATG16L2	WIPI1	9606.ENSP00000326340	9606.ENSP00000262139	0	0	0	0	0.078	0.520	0.900	0.582	0.979
ATG16L2	ATG3	9606.ENSP00000326340	9606.ENSP00000283290	0	0	0	0	0.086	0.126	0.900	0.647	0.968
ATG16L2	WIPI2	9606.ENSP00000326340	9606.ENSP00000288828	0	0	0	0	0.078	0.520	0.900	0.512	0.975
ATG16L2	ATG16L1	9606.ENSP00000326340	9606.ENSP00000375873	0	0	0.097	0.873	0.047	0.307	0.900	0.113	0.937
ATG16L2	ATG12	9606.ENSP00000326340	9606.ENSP00000425107	0	0	0	0	0.056	0.805	0.900	0.818	0.996
ATG16L2	ATG5	9606.ENSP00000326340	9606.ENSP00000358072	0	0	0	0	0.122	0.934	0.900	0.868	0.999
ATG3	RB1CC1	9606.ENSP00000283290	9606.ENSP00000025008	0	0	0	0	0.059	0.064	0	0.933	0.936
ATG3	GABARAPL2	9606.ENSP00000283290	9606.ENSP00000037243	0	0	0	0	0.170	0.919	0.900	0.999	0.999
ATG3	PIK3C3	9606.ENSP00000283290	9606.ENSP00000262039	0	0	0	0	0.060	0.108	0.500	0.858	0.933
ATG3	ATG10	9606.ENSP00000283290	9606.ENSP00000282185	0	0	0	0	0	0.240	0	0.947	0.958
ATG3	WIPI2	9606.ENSP00000283290	9606.ENSP00000288828	0	0	0	0	0.055	0.183	0.500	0.792	0.909
ATG3	PIK3R4	9606.ENSP00000283290	9606.ENSP00000349205	0	0	0	0	0.063	0.064	0.500	0.839	0.920
ATG3	ATG4D	9606.ENSP00000283290	9606.ENSP00000311318	0	0	0	0	0.105	0.236	0	0.898	0.924
ATG3	ULK2	9606.ENSP00000283290	9606.ENSP00000378914	0	0	0	0	0.110	0.841	0	0.767	0.964
ATG3	ATG16L2	9606.ENSP00000283290	9606.ENSP00000326340	0	0	0	0	0.086	0.126	0.900	0.647	0.968
ATG3	MAP1LC3C	9606.ENSP00000283290	9606.ENSP00000349785	0	0	0	0	0.131	0.618	0.500	0.847	0.971
ATG3	ATG4B	9606.ENSP00000283290	9606.ENSP00000384259	0	0	0	0	0.121	0.522	0	0.954	0.979
ATG3	ULK1	9606.ENSP00000283290	9606.ENSP00000324560	0	0	0	0	0.110	0.841	0	0.964	0.994
ATG3	CFLAR	9606.ENSP00000283290	9606.ENSP00000312455	0	0	0	0	0.049	0.292	0.900	0.942	0.995
ATG3	MAP1LC3A	9606.ENSP00000283290	9606.ENSP00000363970	0	0	0	0	0.131	0.892	0.500	0.954	0.997
ATG3	MAP1LC3B	9606.ENSP00000283290	9606.ENSP00000498476	0	0	0	0	0.165	0.906	0.500	0.955	0.998
ATG3	ATG5	9606.ENSP00000283290	9606.ENSP00000358072	0	0	0	0	0.128	0.976	0.900	0.995	0.999
ATG3	ATG12	9606.ENSP00000283290	9606.ENSP00000425107	0	0	0	0	0.092	0.997	0.900	0.999	0.999
ATG3	ATG16L1	9606.ENSP00000283290	9606.ENSP00000375873	0	0	0	0	0.086	0.941	0.900	0.970	0.999
ATG3	ATG7	9606.ENSP00000283290	9606.ENSP00000346437	0	0	0	0	0.054	0.990	0.900	0.999	0.999
ATG3	GABARAP	9606.ENSP00000283290	9606.ENSP00000306866	0	0	0.266	0	0.148	0.889	0.900	0.982	0.999
ATG3	GABARAPL1	9606.ENSP00000283290	9606.ENSP00000411256	0	0	0.244	0	0.141	0.783	0.900	0.999	0.999
ATG4B	GABARAPL2	9606.ENSP00000384259	9606.ENSP00000037243	0	0	0	0	0.322	0.853	0.900	0.990	0.999
ATG4B	ATG3	9606.ENSP00000384259	9606.ENSP00000283290	0	0	0	0	0.121	0.522	0	0.954	0.979
ATG4B	GABARAP	9606.ENSP00000384259	9606.ENSP00000306866	0	0	0	0	0.305	0.866	0.900	0.974	0.999
ATG4B	ULK1	9606.ENSP00000384259	9606.ENSP00000324560	0	0	0	0	0.260	0.760	0	0.740	0.950
ATG4B	ATG7	9606.ENSP00000384259	9606.ENSP00000346437	0	0	0	0	0.129	0.163	0	0.972	0.977
ATG4B	MAP1LC3C	9606.ENSP00000384259	9606.ENSP00000349785	0	0	0	0	0.244	0.761	0.400	0.923	0.990
ATG4B	ATG5	9606.ENSP00000384259	9606.ENSP00000358072	0	0	0	0	0.116	0.079	0	0.904	0.915
ATG4B	MAP1LC3A	9606.ENSP00000384259	9606.ENSP00000363970	0	0	0	0	0.244	0.864	0.400	0.911	0.993
ATG4B	ULK2	9606.ENSP00000384259	9606.ENSP00000378914	0	0	0	0	0.240	0.746	0	0.706	0.938
ATG4B	ATG12	9606.ENSP00000384259	9606.ENSP00000425107	0	0	0	0	0.085	0.221	0	0.901	0.923
ATG4B	MAP1LC3B	9606.ENSP00000384259	9606.ENSP00000498476	0	0	0	0	0.255	0.987	0.400	0.948	0.999
ATG4B	GABARAPL1	9606.ENSP00000384259	9606.ENSP00000411256	0	0	0	0	0.300	0.905	0.900	0.992	0.999
ATG4D	GABARAPL2	9606.ENSP00000311318	9606.ENSP00000037243	0	0	0	0	0.244	0.493	0.900	0.842	0.993
ATG4D	ATG3	9606.ENSP00000311318	9606.ENSP00000283290	0	0	0	0	0.105	0.236	0	0.898	0.924
ATG4D	GABARAP	9606.ENSP00000311318	9606.ENSP00000306866	0	0	0	0	0.244	0.493	0.900	0.810	0.991
ATG4D	ATG7	9606.ENSP00000311318	9606.ENSP00000346437	0	0	0	0	0.107	0.139	0	0.899	0.916
ATG4D	GABARAPL1	9606.ENSP00000311318	9606.ENSP00000411256	0	0	0	0	0.248	0.493	0.900	0.845	0.993
ATG5	RB1CC1	9606.ENSP00000358072	9606.ENSP00000025008	0	0	0	0	0.104	0.619	0	0.920	0.970
ATG5	GABARAPL2	9606.ENSP00000358072	9606.ENSP00000037243	0	0	0	0	0.081	0.332	0.900	0.997	0.999
ATG5	STX17	9606.ENSP00000358072	9606.ENSP00000259400	0	0	0	0	0.082	0	0	0.916	0.920
ATG5	PIK3C3	9606.ENSP00000358072	9606.ENSP00000262039	0	0	0	0	0.056	0.087	0.500	0.944	0.972
ATG5	WIPI1	9606.ENSP00000358072	9606.ENSP00000262139	0	0	0	0	0	0.134	0	0.896	0.906
ATG5	ATG10	9606.ENSP00000358072	9606.ENSP00000282185	0	0	0	0	0	0.230	0.500	0.997	0.998
ATG5	ATG3	9606.ENSP00000358072	9606.ENSP00000283290	0	0	0	0	0.128	0.976	0.900	0.995	0.999
ATG5	WIPI2	9606.ENSP00000358072	9606.ENSP00000288828	0	0	0	0	0.056	0.805	0.500	0.973	0.997
ATG5	FADD	9606.ENSP00000358072	9606.ENSP00000301838	0	0	0	0	0.056	0.388	0	0.991	0.994
ATG5	GABARAP	9606.ENSP00000358072	9606.ENSP00000306866	0	0	0	0	0.079	0.360	0.900	0.923	0.994
ATG5	ULK1	9606.ENSP00000358072	9606.ENSP00000324560	0	0	0	0	0	0.893	0	0.974	0.997
ATG5	ATG16L2	9606.ENSP00000358072	9606.ENSP00000326340	0	0	0	0	0.122	0.934	0.900	0.868	0.999
ATG5	ATG101	9606.ENSP00000358072	9606.ENSP00000338990	0	0	0	0	0.049	0.363	0	0.897	0.932
ATG5	ATG7	9606.ENSP00000358072	9606.ENSP00000346437	0	0	0	0	0.053	0.252	0.900	0.999	0.999
ATG5	PIK3R4	9606.ENSP00000358072	9606.ENSP00000349205	0	0	0	0	0.049	0	0.500	0.893	0.944
ATG5	CASP8	9606.ENSP00000358072	9606.ENSP00000351273	0	0	0	0	0.087	0.235	0	0.967	0.975
ATG5	ATG4B	9606.ENSP00000358072	9606.ENSP00000384259	0	0	0	0	0.116	0.079	0	0.904	0.915
ATG5	ATG13	9606.ENSP00000358072	9606.ENSP00000432412	0	0	0	0	0	0.363	0	0.917	0.945
ATG5	ULK2	9606.ENSP00000358072	9606.ENSP00000378914	0	0	0	0	0.074	0.840	0	0.793	0.966
ATG5	MAP1LC3A	9606.ENSP00000358072	9606.ENSP00000363970	0	0	0	0	0.070	0.234	0.500	0.943	0.977
ATG5	MAP1LC3B	9606.ENSP00000358072	9606.ENSP00000498476	0	0	0	0	0.084	0.368	0.500	0.961	0.987
ATG5	BCL2L1	9606.ENSP00000358072	9606.ENSP00000365230	0	0	0	0	0.064	0.292	0	0.989	0.992
ATG5	GABARAPL1	9606.ENSP00000358072	9606.ENSP00000411256	0	0	0	0	0.086	0.332	0.900	0.995	0.999
ATG5	ATG12	9606.ENSP00000358072	9606.ENSP00000425107	0	0	0	0	0.118	0.997	0.900	0.999	0.999
ATG5	ATG16L1	9606.ENSP00000358072	9606.ENSP00000375873	0	0	0	0	0.122	0.999	0.900	0.999	0.999
ATG7	RB1CC1	9606.ENSP00000346437	9606.ENSP00000025008	0	0	0	0	0	0.064	0	0.913	0.915
ATG7	GABARAPL2	9606.ENSP00000346437	9606.ENSP00000037243	0	0	0	0	0.114	0.916	0.900	0.999	0.999
ATG7	PIK3C3	9606.ENSP00000346437	9606.ENSP00000262039	0	0	0	0	0.063	0.064	0	0.924	0.927
ATG7	TP53	9606.ENSP00000346437	9606.ENSP00000269305	0	0	0	0	0.048	0.292	0	0.874	0.907
ATG7	ATG10	9606.ENSP00000346437	9606.ENSP00000282185	0	0	0	0	0.065	0.637	0.500	0.999	0.999
ATG7	ATG3	9606.ENSP00000346437	9606.ENSP00000283290	0	0	0	0	0.054	0.990	0.900	0.999	0.999
ATG7	WIPI2	9606.ENSP00000346437	9606.ENSP00000288828	0	0	0	0	0.067	0.183	0.500	0.773	0.902
ATG7	GABARAP	9606.ENSP00000346437	9606.ENSP00000306866	0	0	0	0	0.146	0.942	0.900	0.964	0.999
ATG7	ATG4D	9606.ENSP00000346437	9606.ENSP00000311318	0	0	0	0	0.107	0.139	0	0.899	0.916
ATG7	ULK1	9606.ENSP00000346437	9606.ENSP00000324560	0	0	0	0	0.054	0.208	0	0.955	0.963
ATG7	PIK3R4	9606.ENSP00000346437	9606.ENSP00000349205	0	0	0	0	0.126	0.064	0	0.929	0.937
ATG7	MAP1LC3C	9606.ENSP00000346437	9606.ENSP00000349785	0	0	0	0	0.107	0.755	0.500	0.779	0.972
ATG7	ATG4B	9606.ENSP00000346437	9606.ENSP00000384259	0	0	0	0	0.129	0.163	0	0.972	0.977
ATG7	ATG16L1	9606.ENSP00000346437	9606.ENSP00000375873	0	0	0	0	0	0	0.500	0.991	0.995
ATG7	MAP1LC3A	9606.ENSP00000346437	9606.ENSP00000363970	0	0	0	0	0.107	0.895	0.500	0.967	0.998
ATG7	MAP1LC3B	9606.ENSP00000346437	9606.ENSP00000498476	0	0	0	0	0.114	0.913	0.500	0.954	0.998
ATG7	ATG12	9606.ENSP00000346437	9606.ENSP00000425107	0	0	0	0	0.048	0.922	0.900	0.999	0.999
ATG7	ATG5	9606.ENSP00000346437	9606.ENSP00000358072	0	0	0	0	0.053	0.252	0.900	0.999	0.999
ATG7	GABARAPL1	9606.ENSP00000346437	9606.ENSP00000411256	0	0	0	0	0.109	0.870	0.900	0.998	0.999
ATG9A	WIPI1	9606.ENSP00000386710	9606.ENSP00000262139	0	0	0	0	0.142	0.490	0	0.814	0.911
ATG9A	ULK1	9606.ENSP00000386710	9606.ENSP00000324560	0	0	0	0	0.215	0.897	0	0.708	0.974
ATG9A	ULK2	9606.ENSP00000386710	9606.ENSP00000378914	0	0	0	0	0.109	0.747	0	0.623	0.907
ATG9A	ATG9B	9606.ENSP00000386710	9606.ENSP00000491504	0	0	0.086	0.905	0	0	0.900	0.128	0.913
ATG9A	SUPT20H	9606.ENSP00000386710	9606.ENSP00000417510	0	0	0	0	0.056	0.345	0	0.948	0.965
ATG9B	ATG9A	9606.ENSP00000491504	9606.ENSP00000386710	0	0	0.086	0.905	0	0	0.900	0.128	0.913
ATM	TP53	9606.ENSP00000278616	9606.ENSP00000269305	0	0	0	0	0.103	0.928	0.900	0.975	0.999
ATM	CASP8	9606.ENSP00000278616	9606.ENSP00000351273	0	0	0	0	0.197	0	0.900	0.560	0.961
ATP5F1A	UQCRC1	9606.ENSP00000381736	9606.ENSP00000203407	0	0	0	0	0.853	0.235	0	0.759	0.970
ATP5F1A	ATP5F1D	9606.ENSP00000381736	9606.ENSP00000215375	0.231	0	0	0	0.972	0.992	0.980	0.982	0.999
ATP5F1A	ATP5F1E	9606.ENSP00000381736	9606.ENSP00000243997	0	0	0	0	0.323	0.969	0.967	0.974	0.999
ATP5F1A	COX5B	9606.ENSP00000381736	9606.ENSP00000258424	0	0	0	0	0.733	0.205	0	0.665	0.922
ATP5F1A	ATP5F1B	9606.ENSP00000381736	9606.ENSP00000262030	0.086	0	0.240	0.593	0.991	0.992	0.967	0.930	0.999
ATP5F1A	NDUFS3	9606.ENSP00000381736	9606.ENSP00000263774	0.195	0	0	0	0.767	0.091	0	0.649	0.932
ATP5F1A	SDHA	9606.ENSP00000381736	9606.ENSP00000264932	0.042	0	0	0	0.847	0	0	0.825	0.972
ATP5F1A	NDUFA9	9606.ENSP00000381736	9606.ENSP00000266544	0.045	0	0	0	0.657	0.188	0	0.825	0.947
ATP5F1A	UQCRC2	9606.ENSP00000381736	9606.ENSP00000268379	0	0	0	0	0.868	0.308	0	0.866	0.986
ATP5F1A	ATP5MC3	9606.ENSP00000381736	9606.ENSP00000284727	0.106	0	0	0	0.745	0.933	0.764	0.743	0.998
ATP5F1A	ATP5PO	9606.ENSP00000381736	9606.ENSP00000290299	0.120	0	0	0	0.958	0.954	0.978	0.954	0.999
ATP5F1A	ATP5MF	9606.ENSP00000381736	9606.ENSP00000292475	0	0	0	0	0.688	0.938	0.900	0.744	0.999
ATP5F1A	NDUFB8	9606.ENSP00000381736	9606.ENSP00000299166	0	0	0	0	0.353	0	0.500	0.839	0.943
ATP5F1A	ATP5MG	9606.ENSP00000381736	9606.ENSP00000300688	0	0	0	0	0.381	0.935	0.944	0.637	0.999
ATP5F1A	ATP5PD	9606.ENSP00000381736	9606.ENSP00000301587	0	0	0	0	0.911	0.985	0.967	0.831	0.999
ATP5F1A	ATP5ME	9606.ENSP00000381736	9606.ENSP00000306003	0	0	0	0	0.360	0.990	0.967	0.719	0.999
ATP5F1A	UQCRFS1	9606.ENSP00000381736	9606.ENSP00000306397	0	0	0	0	0.849	0.097	0	0.667	0.950
ATP5F1A	CYC1	9606.ENSP00000381736	9606.ENSP00000317159	0	0	0	0	0.848	0.816	0.400	0.547	0.991
ATP5F1A	COX5A	9606.ENSP00000381736	9606.ENSP00000317780	0	0	0	0	0.931	0.176	0	0.665	0.979
ATP5F1A	ATP5IF1	9606.ENSP00000381736	9606.ENSP00000335203	0	0	0	0	0.248	0.891	0	0.333	0.940
ATP5F1A	ATP5F1C	9606.ENSP00000381736	9606.ENSP00000349142	0.231	0	0.519	0	0.985	0.990	0.980	0.993	0.999
ATP5F1A	MT-CO1	9606.ENSP00000381736	9606.ENSP00000354499	0	0	0	0	0.693	0	0	0.777	0.928
ATP5F1A	MT-ATP6	9606.ENSP00000381736	9606.ENSP00000354632	0.231	0	0	0	0.965	0.971	0.980	0.753	0.999
ATP5F1A	MT-ATP8	9606.ENSP00000381736	9606.ENSP00000355265	0	0	0	0	0.067	0.746	0.967	0.383	0.994
ATP5F1A	NDUFS2	9606.ENSP00000381736	9606.ENSP00000356972	0.159	0.255	0	0	0.921	0.109	0	0.625	0.980
ATP5F1A	ATP5PB	9606.ENSP00000381736	9606.ENSP00000358737	0	0	0	0	0.967	0.997	0.967	0.882	0.999
ATP5F1A	ATP5MD	9606.ENSP00000381736	9606.ENSP00000358840	0	0	0	0	0.454	0.958	0.909	0.336	0.998
ATP5F1A	SDHB	9606.ENSP00000381736	9606.ENSP00000364649	0.057	0	0	0	0.721	0.097	0	0.811	0.949
ATP5F1A	ATP5MC1	9606.ENSP00000381736	9606.ENSP00000377033	0.106	0	0	0	0.695	0.849	0.856	0.837	0.998
ATP5F1A	COX4I1	9606.ENSP00000381736	9606.ENSP00000457513	0	0	0	0	0.749	0.126	0	0.674	0.922
ATP5F1A	NDUFV1	9606.ENSP00000381736	9606.ENSP00000497587	0	0	0	0	0.753	0.194	0	0.809	0.958
ATP5F1A	NDUFS1	9606.ENSP00000381736	9606.ENSP00000392709	0.088	0.001	0	0	0.834	0.202	0	0.716	0.961
ATP5F1A	ATPAF1	9606.ENSP00000381736	9606.ENSP00000460964	0	0	0	0	0.072	0.095	0	0.979	0.981
ATP5F1A	ATPAF2	9606.ENSP00000381736	9606.ENSP00000417190	0	0	0	0	0.058	0.499	0	0.970	0.985
ATP5F1A	ATP5MPL	9606.ENSP00000381736	9606.ENSP00000401770	0	0	0	0	0.150	0.933	0.909	0.138	0.994
ATP5F1A	ATP5MC2	9606.ENSP00000381736	9606.ENSP00000499883	0.106	0	0	0	0.700	0.933	0.764	0.549	0.997
ATP5F1A	ATP5PF	9606.ENSP00000381736	9606.ENSP00000389649	0	0	0	0	0.498	0.984	0.900	0.804	0.999
ATP5F1B	UQCRC1	9606.ENSP00000262030	9606.ENSP00000203407	0	0	0	0	0.869	0.341	0	0.672	0.969
ATP5F1B	ATP5F1D	9606.ENSP00000262030	9606.ENSP00000215375	0.086	0	0	0	0.741	0.990	0.967	0.965	0.999
ATP5F1B	ATP5F1E	9606.ENSP00000262030	9606.ENSP00000243997	0	0	0	0	0.120	0.920	0.967	0.956	0.999
ATP5F1B	NDUFA10	9606.ENSP00000262030	9606.ENSP00000252711	0	0	0	0	0.877	0.091	0	0.488	0.938
ATP5F1B	UQCRFS1	9606.ENSP00000262030	9606.ENSP00000306397	0	0	0	0	0.787	0.097	0	0.591	0.914
ATP5F1B	SDHA	9606.ENSP00000262030	9606.ENSP00000264932	0.045	0	0	0	0.499	0	0	0.841	0.917
ATP5F1B	UQCRC2	9606.ENSP00000262030	9606.ENSP00000268379	0	0	0	0	0.683	0.458	0	0.691	0.942
ATP5F1B	NDUFA9	9606.ENSP00000262030	9606.ENSP00000266544	0	0	0	0	0.860	0.199	0	0.588	0.950
ATP5F1B	COX4I1	9606.ENSP00000262030	9606.ENSP00000457513	0	0	0	0	0.865	0.143	0	0.618	0.952
ATP5F1B	COX5A	9606.ENSP00000262030	9606.ENSP00000317780	0	0	0	0	0.756	0.201	0	0.776	0.952
ATP5F1B	ATP5IF1	9606.ENSP00000262030	9606.ENSP00000335203	0	0	0	0	0.167	0.947	0	0.299	0.966
ATP5F1B	NDUFS2	9606.ENSP00000262030	9606.ENSP00000356972	0.086	0	0	0	0.920	0.208	0	0.556	0.970
ATP5F1B	CYC1	9606.ENSP00000262030	9606.ENSP00000317159	0	0	0	0	0.751	0.522	0.500	0.645	0.976
ATP5F1B	NDUFS1	9606.ENSP00000262030	9606.ENSP00000392709	0.042	0	0	0	0.912	0.317	0	0.653	0.977
ATP5F1B	ATPAF2	9606.ENSP00000262030	9606.ENSP00000417190	0	0	0	0	0.047	0.660	0	0.947	0.981
ATP5F1B	ATPAF1	9606.ENSP00000262030	9606.ENSP00000460964	0	0	0	0	0.072	0.488	0	0.968	0.983
ATP5F1B	ATP5MC2	9606.ENSP00000262030	9606.ENSP00000499883	0.057	0	0	0	0.426	0.933	0.625	0.423	0.990
ATP5F1B	ATP5MPL	9606.ENSP00000262030	9606.ENSP00000401770	0	0	0	0	0.181	0.934	0.909	0.180	0.995
ATP5F1B	ATP5MC3	9606.ENSP00000262030	9606.ENSP00000284727	0.057	0	0	0	0.448	0.937	0.625	0.716	0.995
ATP5F1B	ATP5MC1	9606.ENSP00000262030	9606.ENSP00000377033	0.057	0	0	0	0.501	0.911	0.771	0.567	0.995
ATP5F1B	MT-ATP8	9606.ENSP00000262030	9606.ENSP00000355265	0	0	0	0	0.083	0.707	0.967	0.533	0.995
ATP5F1B	ATP5MD	9606.ENSP00000262030	9606.ENSP00000358840	0	0	0	0	0.428	0.952	0.909	0.249	0.997
ATP5F1B	ATP5F1A	9606.ENSP00000262030	9606.ENSP00000381736	0.086	0	0.240	0.593	0.991	0.992	0.967	0.930	0.999
ATP5F1B	ATP5PD	9606.ENSP00000262030	9606.ENSP00000301587	0	0	0	0	0.912	0.987	0.967	0.837	0.999
ATP5F1B	MT-ATP6	9606.ENSP00000262030	9606.ENSP00000354632	0.086	0	0	0	0.643	0.934	0.967	0.576	0.999
ATP5F1B	ATP5PF	9606.ENSP00000262030	9606.ENSP00000389649	0	0	0	0	0.293	0.988	0.900	0.792	0.999
ATP5F1B	ATP5PO	9606.ENSP00000262030	9606.ENSP00000290299	0.061	0	0	0	0.889	0.971	0.944	0.845	0.999
ATP5F1B	ATP5ME	9606.ENSP00000262030	9606.ENSP00000306003	0	0	0	0	0.459	0.959	0.967	0.700	0.999
ATP5F1B	ATP5MF	9606.ENSP00000262030	9606.ENSP00000292475	0	0	0	0	0.694	0.943	0.900	0.491	0.999
ATP5F1B	ATP5PB	9606.ENSP00000262030	9606.ENSP00000358737	0	0	0	0	0.895	0.998	0.967	0.812	0.999
ATP5F1B	ATP5MG	9606.ENSP00000262030	9606.ENSP00000300688	0	0	0	0	0.470	0.960	0.944	0.576	0.999
ATP5F1B	ATP5F1C	9606.ENSP00000262030	9606.ENSP00000349142	0.086	0	0.519	0	0.800	0.989	0.967	0.997	0.999
ATP5F1C	UQCRC1	9606.ENSP00000349142	9606.ENSP00000203407	0	0	0	0	0.839	0.339	0	0.612	0.955
ATP5F1C	ATP5F1D	9606.ENSP00000349142	9606.ENSP00000215375	0.231	0	0	0	0.969	0.990	0.980	0.958	0.999
ATP5F1C	ATP5F1E	9606.ENSP00000349142	9606.ENSP00000243997	0	0	0	0	0.124	0.967	0.967	0.938	0.999
ATP5F1C	NDUFA10	9606.ENSP00000349142	9606.ENSP00000252711	0	0	0	0	0.838	0.096	0	0.494	0.919
ATP5F1C	COX5B	9606.ENSP00000349142	9606.ENSP00000258424	0	0	0	0	0.858	0	0	0.624	0.944
ATP5F1C	NDUFB5	9606.ENSP00000349142	9606.ENSP00000259037	0	0	0	0	0.860	0	0	0.448	0.919
ATP5F1C	ATP5F1B	9606.ENSP00000349142	9606.ENSP00000262030	0.086	0	0.519	0	0.800	0.989	0.967	0.997	0.999
ATP5F1C	NDUFS3	9606.ENSP00000349142	9606.ENSP00000263774	0.200	0	0	0	0.925	0.305	0	0.606	0.981
ATP5F1C	NDUFA9	9606.ENSP00000349142	9606.ENSP00000266544	0.044	0	0	0	0.844	0.206	0	0.507	0.934
ATP5F1C	UQCRC2	9606.ENSP00000349142	9606.ENSP00000268379	0	0	0	0	0.943	0.262	0	0.567	0.980
ATP5F1C	NDUFB9	9606.ENSP00000349142	9606.ENSP00000276689	0	0	0	0	0.920	0.441	0	0.461	0.974
ATP5F1C	ATP5MC3	9606.ENSP00000349142	9606.ENSP00000284727	0.106	0	0	0	0.702	0.951	0.764	0.813	0.999
ATP5F1C	ATP5PO	9606.ENSP00000349142	9606.ENSP00000290299	0.120	0	0	0	0.937	0.946	0.978	0.810	0.999
ATP5F1C	ATP5MF	9606.ENSP00000349142	9606.ENSP00000292475	0	0	0	0	0.660	0.758	0.900	0.709	0.997
ATP5F1C	NDUFS4	9606.ENSP00000349142	9606.ENSP00000296684	0	0	0	0	0.865	0.201	0	0.349	0.923
ATP5F1C	NDUFB8	9606.ENSP00000349142	9606.ENSP00000299166	0	0	0	0	0.880	0	0	0.305	0.913
ATP5F1C	ATP5MG	9606.ENSP00000349142	9606.ENSP00000300688	0	0	0	0	0.761	0.762	0.944	0.757	0.999
ATP5F1C	ATP5PD	9606.ENSP00000349142	9606.ENSP00000301587	0	0	0	0	0.970	0.983	0.967	0.815	0.999
ATP5F1C	ATP5ME	9606.ENSP00000349142	9606.ENSP00000306003	0	0	0	0	0.724	0.748	0.967	0.685	0.999
ATP5F1C	UQCRFS1	9606.ENSP00000349142	9606.ENSP00000306397	0	0	0	0	0.922	0.096	0	0.605	0.970
ATP5F1C	NDUFS8	9606.ENSP00000349142	9606.ENSP00000315774	0.124	0	0	0	0.836	0.161	0	0.489	0.930
ATP5F1C	CYC1	9606.ENSP00000349142	9606.ENSP00000317159	0	0	0	0	0.841	0.648	0	0.507	0.970
ATP5F1C	COX5A	9606.ENSP00000349142	9606.ENSP00000317780	0	0	0	0	0.966	0.203	0	0.607	0.988
ATP5F1C	NDUFV2	9606.ENSP00000349142	9606.ENSP00000327268	0	0	0	0	0.916	0.096	0	0.647	0.971
ATP5F1C	NDUFA12	9606.ENSP00000349142	9606.ENSP00000330737	0	0	0	0	0.896	0.433	0	0.516	0.969
ATP5F1C	ATP5IF1	9606.ENSP00000349142	9606.ENSP00000335203	0	0	0	0	0.165	0.949	0	0.234	0.964
ATP5F1C	COX4I1	9606.ENSP00000349142	9606.ENSP00000457513	0	0	0	0	0.781	0.207	0	0.508	0.907
ATP5F1C	UQCRQ	9606.ENSP00000349142	9606.ENSP00000367939	0	0	0	0	0.738	0.236	0	0.591	0.911
ATP5F1C	NDUFB6	9606.ENSP00000349142	9606.ENSP00000369176	0	0	0	0	0.849	0.096	0	0.438	0.917
ATP5F1C	NDUFV1	9606.ENSP00000349142	9606.ENSP00000497587	0	0	0	0	0.838	0.204	0	0.641	0.949
ATP5F1C	NDUFS2	9606.ENSP00000349142	9606.ENSP00000356972	0.168	0	0	0	0.841	0.203	0	0.589	0.950
ATP5F1C	NDUFS1	9606.ENSP00000349142	9606.ENSP00000392709	0.075	0	0	0	0.840	0.352	0	0.624	0.959
ATP5F1C	UQCRB	9606.ENSP00000349142	9606.ENSP00000430494	0	0	0	0	0.916	0	0	0.575	0.963
ATP5F1C	SDHB	9606.ENSP00000349142	9606.ENSP00000364649	0.061	0	0	0	0.920	0.096	0	0.591	0.968
ATP5F1C	ATP5MPL	9606.ENSP00000349142	9606.ENSP00000401770	0	0	0	0	0.220	0.741	0.909	0.167	0.982
ATP5F1C	MT-ATP8	9606.ENSP00000349142	9606.ENSP00000355265	0	0	0	0	0.062	0.649	0.967	0.493	0.993
ATP5F1C	ATP5MD	9606.ENSP00000349142	9606.ENSP00000358840	0	0	0	0	0.606	0.935	0.909	0.165	0.997
ATP5F1C	ATP5MC2	9606.ENSP00000349142	9606.ENSP00000499883	0.106	0	0	0	0.695	0.951	0.764	0.584	0.998
ATP5F1C	ATP5PB	9606.ENSP00000349142	9606.ENSP00000358737	0	0	0	0	0.977	0.997	0.967	0.896	0.999
ATP5F1C	ATP5F1A	9606.ENSP00000349142	9606.ENSP00000381736	0.231	0	0.519	0	0.985	0.990	0.980	0.993	0.999
ATP5F1C	MT-ATP6	9606.ENSP00000349142	9606.ENSP00000354632	0.231	0	0	0	0.964	0.982	0.980	0.635	0.999
ATP5F1C	ATP5PF	9606.ENSP00000349142	9606.ENSP00000389649	0	0	0	0	0.855	0.944	0.900	0.767	0.999
ATP5F1C	ATP5MC1	9606.ENSP00000349142	9606.ENSP00000377033	0.106	0	0	0	0.694	0.946	0.856	0.757	0.999
ATP5F1D	UQCRC1	9606.ENSP00000215375	9606.ENSP00000203407	0	0	0	0	0.898	0.147	0	0.665	0.968
ATP5F1D	COX7C	9606.ENSP00000215375	9606.ENSP00000425759	0	0	0	0	0.771	0	0	0.581	0.900
ATP5F1D	NDUFB5	9606.ENSP00000215375	9606.ENSP00000259037	0	0	0	0	0.831	0.217	0	0.314	0.901
ATP5F1D	NDUFS2	9606.ENSP00000215375	9606.ENSP00000356972	0.231	0	0	0	0.701	0.144	0	0.560	0.902
ATP5F1D	NDUFA7	9606.ENSP00000215375	9606.ENSP00000301457	0	0	0	0	0.839	0.097	0	0.387	0.903
ATP5F1D	NDUFS6	9606.ENSP00000215375	9606.ENSP00000274137	0	0	0	0	0.846	0.091	0	0.447	0.915
ATP5F1D	NDUFB9	9606.ENSP00000215375	9606.ENSP00000276689	0	0	0	0	0.851	0.091	0	0.471	0.922
ATP5F1D	UQCR11	9606.ENSP00000215375	9606.ENSP00000467262	0	0	0	0	0.838	0	0	0.541	0.922
ATP5F1D	NDUFAB1	9606.ENSP00000215375	9606.ENSP00000458770	0.057	0	0	0	0.835	0	0	0.554	0.924
ATP5F1D	NDUFB10	9606.ENSP00000215375	9606.ENSP00000268668	0	0	0	0	0.870	0.097	0	0.419	0.925
ATP5F1D	UQCRB	9606.ENSP00000215375	9606.ENSP00000430494	0	0	0	0	0.854	0	0	0.524	0.927
ATP5F1D	SDHB	9606.ENSP00000215375	9606.ENSP00000364649	0.093	0	0	0	0.860	0	0	0.506	0.931
ATP5F1D	COX4I1	9606.ENSP00000215375	9606.ENSP00000457513	0	0	0	0	0.837	0.267	0	0.487	0.933
ATP5F1D	NDUFA13	9606.ENSP00000215375	9606.ENSP00000423673	0	0	0	0	0.893	0.094	0	0.373	0.934
ATP5F1D	NDUFB8	9606.ENSP00000215375	9606.ENSP00000299166	0	0	0	0	0.893	0	0	0.419	0.935
ATP5F1D	NDUFB11	9606.ENSP00000215375	9606.ENSP00000276062	0	0	0	0	0.907	0	0	0.339	0.936
ATP5F1D	UQCRQ	9606.ENSP00000215375	9606.ENSP00000367939	0	0	0	0	0.870	0.085	0	0.564	0.943
ATP5F1D	NDUFV2	9606.ENSP00000215375	9606.ENSP00000327268	0	0	0	0	0.863	0.152	0	0.560	0.944
ATP5F1D	NDUFS3	9606.ENSP00000215375	9606.ENSP00000263774	0.231	0	0	0	0.861	0.097	0	0.606	0.957
ATP5F1D	UQCRFS1	9606.ENSP00000215375	9606.ENSP00000306397	0	0	0	0	0.918	0.139	0	0.590	0.968
ATP5F1D	NDUFB7	9606.ENSP00000215375	9606.ENSP00000215565	0	0	0	0	0.936	0.127	0	0.501	0.970
ATP5F1D	COX5B	9606.ENSP00000215375	9606.ENSP00000258424	0	0	0	0	0.929	0.091	0	0.647	0.975
ATP5F1D	NDUFV1	9606.ENSP00000215375	9606.ENSP00000497587	0	0	0	0	0.943	0	0	0.663	0.980
ATP5F1D	NDUFS8	9606.ENSP00000215375	9606.ENSP00000315774	0.223	0	0	0	0.930	0.091	0	0.645	0.980
ATP5F1D	COX5A	9606.ENSP00000215375	9606.ENSP00000317780	0	0	0	0	0.929	0.246	0	0.663	0.980
ATP5F1D	CYC1	9606.ENSP00000215375	9606.ENSP00000317159	0	0	0	0	0.932	0.788	0	0.443	0.991
ATP5F1D	NDUFS7	9606.ENSP00000215375	9606.ENSP00000233627	0.111	0	0	0	0.973	0.097	0	0.674	0.992
ATP5F1D	ATP5MPL	9606.ENSP00000215375	9606.ENSP00000401770	0	0	0	0	0.239	0.934	0.909	0.107	0.995
ATP5F1D	MT-ATP8	9606.ENSP00000215375	9606.ENSP00000355265	0	0	0	0	0.075	0.809	0.967	0.294	0.995
ATP5F1D	ATP5MC2	9606.ENSP00000215375	9606.ENSP00000499883	0.106	0	0	0	0.700	0.951	0.764	0.582	0.998
ATP5F1D	ATP5MD	9606.ENSP00000215375	9606.ENSP00000358840	0	0	0	0	0.456	0.957	0.909	0.485	0.998
ATP5F1D	ATP5F1A	9606.ENSP00000215375	9606.ENSP00000381736	0.231	0	0	0	0.972	0.992	0.980	0.982	0.999
ATP5F1D	MT-ATP6	9606.ENSP00000215375	9606.ENSP00000354632	0.231	0	0	0	0.903	0.966	0.980	0.524	0.999
ATP5F1D	ATP5PD	9606.ENSP00000215375	9606.ENSP00000301587	0	0	0	0	0.935	0.990	0.967	0.846	0.999
ATP5F1D	ATP5MC1	9606.ENSP00000215375	9606.ENSP00000377033	0.106	0	0	0	0.728	0.944	0.856	0.692	0.999
ATP5F1D	ATP5MC3	9606.ENSP00000215375	9606.ENSP00000284727	0.106	0	0	0	0.691	0.969	0.764	0.718	0.999
ATP5F1D	ATP5PF	9606.ENSP00000215375	9606.ENSP00000389649	0	0	0	0	0.487	0.984	0.900	0.759	0.999
ATP5F1D	ATP5F1B	9606.ENSP00000215375	9606.ENSP00000262030	0.086	0	0	0	0.741	0.990	0.967	0.965	0.999
ATP5F1D	ATP5ME	9606.ENSP00000215375	9606.ENSP00000306003	0	0	0	0	0.743	0.991	0.967	0.715	0.999
ATP5F1D	ATP5PO	9606.ENSP00000215375	9606.ENSP00000290299	0.120	0	0	0	0.897	0.968	0.978	0.834	0.999
ATP5F1D	ATP5MG	9606.ENSP00000215375	9606.ENSP00000300688	0	0	0	0	0.744	0.964	0.944	0.688	0.999
ATP5F1D	ATP5PB	9606.ENSP00000215375	9606.ENSP00000358737	0	0	0	0	0.951	0.997	0.967	0.843	0.999
ATP5F1D	ATP5MF	9606.ENSP00000215375	9606.ENSP00000292475	0	0	0	0	0.601	0.963	0.900	0.640	0.999
ATP5F1D	ATP5F1E	9606.ENSP00000215375	9606.ENSP00000243997	0	0	0	0	0.309	0.990	0.967	0.968	0.999
ATP5F1D	ATP5F1C	9606.ENSP00000215375	9606.ENSP00000349142	0.231	0	0	0	0.969	0.990	0.980	0.958	0.999
ATP5F1E	ATP5F1D	9606.ENSP00000243997	9606.ENSP00000215375	0	0	0	0	0.309	0.990	0.967	0.968	0.999
ATP5F1E	UQCR11	9606.ENSP00000243997	9606.ENSP00000467262	0	0	0	0	0.841	0	0	0.487	0.915
ATP5F1E	COX7C	9606.ENSP00000243997	9606.ENSP00000425759	0	0	0	0	0.761	0	0	0.657	0.915
ATP5F1E	UQCR10	9606.ENSP00000243997	9606.ENSP00000332887	0	0	0	0	0.843	0.091	0	0.517	0.925
ATP5F1E	ATP5IF1	9606.ENSP00000243997	9606.ENSP00000335203	0	0	0	0	0.101	0.785	0	0.698	0.936
ATP5F1E	ATP5MC2	9606.ENSP00000243997	9606.ENSP00000499883	0	0	0	0	0.168	0.950	0.540	0.610	0.991
ATP5F1E	MT-ATP8	9606.ENSP00000243997	9606.ENSP00000355265	0	0	0	0	0.067	0.748	0.967	0.417	0.994
ATP5F1E	ATP5MC3	9606.ENSP00000243997	9606.ENSP00000284727	0	0	0	0	0.162	0.951	0.540	0.725	0.994
ATP5F1E	ATP5MC1	9606.ENSP00000243997	9606.ENSP00000377033	0	0	0	0	0.163	0.966	0.720	0.555	0.995
ATP5F1E	ATP5MPL	9606.ENSP00000243997	9606.ENSP00000401770	0	0	0	0	0.307	0.933	0.909	0.278	0.996
ATP5F1E	ATP5MD	9606.ENSP00000243997	9606.ENSP00000358840	0	0	0	0	0.530	0.953	0.909	0.503	0.998
ATP5F1E	ATP5ME	9606.ENSP00000243997	9606.ENSP00000306003	0	0	0	0	0.879	0.987	0.967	0.774	0.999
ATP5F1E	ATP5PO	9606.ENSP00000243997	9606.ENSP00000290299	0	0	0	0	0.521	0.843	0.944	0.796	0.999
ATP5F1E	ATP5F1B	9606.ENSP00000243997	9606.ENSP00000262030	0	0	0	0	0.120	0.920	0.967	0.956	0.999
ATP5F1E	ATP5F1C	9606.ENSP00000243997	9606.ENSP00000349142	0	0	0	0	0.124	0.967	0.967	0.938	0.999
ATP5F1E	ATP5MG	9606.ENSP00000243997	9606.ENSP00000300688	0	0	0	0	0.760	0.842	0.944	0.664	0.999
ATP5F1E	ATP5PB	9606.ENSP00000243997	9606.ENSP00000358737	0	0	0	0	0.208	0.966	0.967	0.782	0.999
ATP5F1E	ATP5MF	9606.ENSP00000243997	9606.ENSP00000292475	0	0	0	0	0.732	0.935	0.900	0.645	0.999
ATP5F1E	MT-ATP6	9606.ENSP00000243997	9606.ENSP00000354632	0	0	0	0	0.124	0.966	0.967	0.500	0.999
ATP5F1E	ATP5PD	9606.ENSP00000243997	9606.ENSP00000301587	0	0	0	0	0.850	0.966	0.967	0.793	0.999
ATP5F1E	ATP5F1A	9606.ENSP00000243997	9606.ENSP00000381736	0	0	0	0	0.323	0.969	0.967	0.974	0.999
ATP5F1E	ATP5PF	9606.ENSP00000243997	9606.ENSP00000389649	0	0	0	0	0.488	0.987	0.900	0.591	0.999
ATP5IF1	ATP5F1E	9606.ENSP00000335203	9606.ENSP00000243997	0	0	0	0	0.101	0.785	0	0.698	0.936
ATP5IF1	ATP5F1B	9606.ENSP00000335203	9606.ENSP00000262030	0	0	0	0	0.167	0.947	0	0.299	0.966
ATP5IF1	ATP5PO	9606.ENSP00000335203	9606.ENSP00000290299	0	0	0	0	0.834	0.675	0	0.572	0.974
ATP5IF1	NDUFS4	9606.ENSP00000335203	9606.ENSP00000296684	0	0	0	0	0.901	0	0	0.277	0.925
ATP5IF1	ATP5PD	9606.ENSP00000335203	9606.ENSP00000301587	0	0	0	0	0.914	0.731	0	0.203	0.980
ATP5IF1	NDUFA12	9606.ENSP00000335203	9606.ENSP00000330737	0	0	0	0	0.899	0	0	0.237	0.919
ATP5IF1	COX4I1	9606.ENSP00000335203	9606.ENSP00000457513	0	0	0	0	0.877	0	0	0.348	0.916
ATP5IF1	UQCR11	9606.ENSP00000335203	9606.ENSP00000467262	0	0	0	0	0.915	0	0	0.133	0.923
ATP5IF1	ATP5F1A	9606.ENSP00000335203	9606.ENSP00000381736	0	0	0	0	0.248	0.891	0	0.333	0.940
ATP5IF1	ATP5F1C	9606.ENSP00000335203	9606.ENSP00000349142	0	0	0	0	0.165	0.949	0	0.234	0.964
ATP5MC1	ATP5F1D	9606.ENSP00000377033	9606.ENSP00000215375	0.106	0	0	0	0.728	0.944	0.856	0.692	0.999
ATP5MC1	ATP5F1E	9606.ENSP00000377033	9606.ENSP00000243997	0	0	0	0	0.163	0.966	0.720	0.555	0.995
ATP5MC1	ATP5F1B	9606.ENSP00000377033	9606.ENSP00000262030	0.057	0	0	0	0.501	0.911	0.771	0.567	0.995
ATP5MC1	ATP5MC3	9606.ENSP00000377033	9606.ENSP00000284727	0	0	0.059	0.963	0.836	0.958	0.900	0.427	0.999
ATP5MC1	ATP5PO	9606.ENSP00000377033	9606.ENSP00000290299	0.086	0	0	0	0.633	0.840	0.820	0.558	0.994
ATP5MC1	ATP5MF	9606.ENSP00000377033	9606.ENSP00000292475	0	0	0	0	0.473	0.958	0.800	0.572	0.997
ATP5MC1	NDUFB8	9606.ENSP00000377033	9606.ENSP00000299166	0	0	0	0	0.747	0	0.400	0.455	0.910
ATP5MC1	ATP5MG	9606.ENSP00000377033	9606.ENSP00000300688	0	0	0	0	0.462	0.829	0.800	0.588	0.991
ATP5MC1	ATP5PD	9606.ENSP00000377033	9606.ENSP00000301587	0	0	0	0	0.677	0.966	0.800	0.609	0.999
ATP5MC1	ATP5ME	9606.ENSP00000377033	9606.ENSP00000306003	0	0	0	0	0.607	0.966	0.800	0.606	0.998
ATP5MC1	UQCRFS1	9606.ENSP00000377033	9606.ENSP00000306397	0	0	0	0	0.455	0	0	0.917	0.953
ATP5MC1	CYC1	9606.ENSP00000377033	9606.ENSP00000317159	0	0	0	0	0.738	0.401	0.500	0.408	0.947
ATP5MC1	ATP5F1C	9606.ENSP00000377033	9606.ENSP00000349142	0.106	0	0	0	0.694	0.946	0.856	0.757	0.999
ATP5MC1	MT-ATP6	9606.ENSP00000377033	9606.ENSP00000354632	0.106	0	0	0	0.681	0.966	0.897	0.538	0.999
ATP5MC1	MT-ATP8	9606.ENSP00000377033	9606.ENSP00000355265	0	0	0	0	0	0.957	0.800	0.320	0.993
ATP5MC1	ATP5PB	9606.ENSP00000377033	9606.ENSP00000358737	0	0	0	0	0.422	0.966	0.800	0.908	0.999
ATP5MC1	ATP5MD	9606.ENSP00000377033	9606.ENSP00000358840	0	0	0	0	0.325	0.920	0.720	0.266	0.987
ATP5MC1	ATP5MPL	9606.ENSP00000377033	9606.ENSP00000401770	0	0	0	0	0.374	0.964	0.720	0.324	0.995
ATP5MC1	ATP5MC2	9606.ENSP00000377033	9606.ENSP00000499883	0	0	0.060	0.961	0.438	0.958	0.900	0.077	0.997
ATP5MC1	ATP5PF	9606.ENSP00000377033	9606.ENSP00000389649	0	0	0	0	0.411	0.957	0.800	0.572	0.997
ATP5MC1	ATP5F1A	9606.ENSP00000377033	9606.ENSP00000381736	0.106	0	0	0	0.695	0.849	0.856	0.837	0.998
ATP5MC2	ATP5F1D	9606.ENSP00000499883	9606.ENSP00000215375	0.106	0	0	0	0.700	0.951	0.764	0.582	0.998
ATP5MC2	ATP5F1E	9606.ENSP00000499883	9606.ENSP00000243997	0	0	0	0	0.168	0.950	0.540	0.610	0.991
ATP5MC2	ATP5F1B	9606.ENSP00000499883	9606.ENSP00000262030	0.057	0	0	0	0.426	0.933	0.625	0.423	0.990
ATP5MC2	ATP5MC3	9606.ENSP00000499883	9606.ENSP00000284727	0	0	0.056	0.968	0.320	0.958	0.900	0.419	0.998
ATP5MC2	ATP5PO	9606.ENSP00000499883	9606.ENSP00000290299	0.086	0	0	0	0.637	0.805	0.705	0.558	0.990
ATP5MC2	ATP5MF	9606.ENSP00000499883	9606.ENSP00000292475	0	0	0	0	0.329	0.830	0.800	0.538	0.988
ATP5MC2	ATP5MG	9606.ENSP00000499883	9606.ENSP00000300688	0	0	0	0	0.423	0.643	0.800	0.555	0.979
ATP5MC2	ATP5PD	9606.ENSP00000499883	9606.ENSP00000301587	0	0	0	0	0.629	0.939	0.800	0.580	0.997
ATP5MC2	ATP5ME	9606.ENSP00000499883	9606.ENSP00000306003	0	0	0	0	0.557	0.826	0.800	0.521	0.991
ATP5MC2	UQCRFS1	9606.ENSP00000499883	9606.ENSP00000306397	0	0	0	0	0.416	0	0	0.917	0.949
ATP5MC2	ATP5F1C	9606.ENSP00000499883	9606.ENSP00000349142	0.106	0	0	0	0.695	0.951	0.764	0.584	0.998
ATP5MC2	MT-ATP6	9606.ENSP00000499883	9606.ENSP00000354632	0.106	0	0	0	0.681	0.923	0.897	0.491	0.998
ATP5MC2	MT-ATP8	9606.ENSP00000499883	9606.ENSP00000355265	0	0	0	0	0	0.845	0.800	0.270	0.975
ATP5MC2	ATP5PB	9606.ENSP00000499883	9606.ENSP00000358737	0	0	0	0	0.409	0.939	0.800	0.513	0.996
ATP5MC2	ATP5MD	9606.ENSP00000499883	9606.ENSP00000358840	0	0	0	0	0.320	0.939	0.540	0.138	0.981
ATP5MC2	ATP5MC1	9606.ENSP00000499883	9606.ENSP00000377033	0	0	0.060	0.961	0.438	0.958	0.900	0.077	0.997
ATP5MC2	ATP5F1A	9606.ENSP00000499883	9606.ENSP00000381736	0.106	0	0	0	0.700	0.933	0.764	0.549	0.997
ATP5MC2	ATP5PF	9606.ENSP00000499883	9606.ENSP00000389649	0	0	0	0	0.358	0.933	0.800	0.449	0.994
ATP5MC2	ATP5MPL	9606.ENSP00000499883	9606.ENSP00000401770	0	0	0	0	0.160	0.830	0.540	0	0.928
ATP5MC3	ATP5F1D	9606.ENSP00000284727	9606.ENSP00000215375	0.106	0	0	0	0.691	0.969	0.764	0.718	0.999
ATP5MC3	ATP5F1E	9606.ENSP00000284727	9606.ENSP00000243997	0	0	0	0	0.162	0.951	0.540	0.725	0.994
ATP5MC3	ATP5F1B	9606.ENSP00000284727	9606.ENSP00000262030	0.057	0	0	0	0.448	0.937	0.625	0.716	0.995
ATP5MC3	COX5A	9606.ENSP00000284727	9606.ENSP00000317780	0	0	0	0	0.852	0.131	0	0.567	0.939
ATP5MC3	ATP5MPL	9606.ENSP00000284727	9606.ENSP00000401770	0	0	0	0	0.326	0.842	0.540	0	0.946
ATP5MC3	ATP5MD	9606.ENSP00000284727	9606.ENSP00000358840	0	0	0	0	0.435	0.846	0.540	0.128	0.960
ATP5MC3	UQCRFS1	9606.ENSP00000284727	9606.ENSP00000306397	0	0	0	0	0.671	0	0	0.919	0.972
ATP5MC3	MT-ATP8	9606.ENSP00000284727	9606.ENSP00000355265	0	0	0	0	0	0.847	0.800	0.268	0.975
ATP5MC3	ATP5MG	9606.ENSP00000284727	9606.ENSP00000300688	0	0	0	0	0.624	0.744	0.800	0.573	0.990
ATP5MC3	ATP5PO	9606.ENSP00000284727	9606.ENSP00000290299	0.086	0	0	0	0.632	0.807	0.705	0.681	0.992
ATP5MC3	ATP5ME	9606.ENSP00000284727	9606.ENSP00000306003	0	0	0	0	0.544	0.843	0.800	0.551	0.992
ATP5MC3	ATP5MF	9606.ENSP00000284727	9606.ENSP00000292475	0	0	0	0	0.608	0.840	0.800	0.538	0.993
ATP5MC3	ATP5PF	9606.ENSP00000284727	9606.ENSP00000389649	0	0	0	0	0.422	0.934	0.800	0.720	0.997
ATP5MC3	ATP5MC2	9606.ENSP00000284727	9606.ENSP00000499883	0	0	0.056	0.968	0.320	0.958	0.900	0.419	0.998
ATP5MC3	ATP5PD	9606.ENSP00000284727	9606.ENSP00000301587	0	0	0	0	0.611	0.939	0.800	0.782	0.998
ATP5MC3	MT-ATP6	9606.ENSP00000284727	9606.ENSP00000354632	0.106	0	0	0	0.681	0.902	0.897	0.466	0.998
ATP5MC3	ATP5F1A	9606.ENSP00000284727	9606.ENSP00000381736	0.106	0	0	0	0.745	0.933	0.764	0.743	0.998
ATP5MC3	ATP5MC1	9606.ENSP00000284727	9606.ENSP00000377033	0	0	0.059	0.963	0.836	0.958	0.900	0.427	0.999
ATP5MC3	ATP5F1C	9606.ENSP00000284727	9606.ENSP00000349142	0.106	0	0	0	0.702	0.951	0.764	0.813	0.999
ATP5MC3	ATP5PB	9606.ENSP00000284727	9606.ENSP00000358737	0	0	0	0	0.578	0.966	0.800	0.749	0.999
ATP5MD	ATP5F1D	9606.ENSP00000358840	9606.ENSP00000215375	0	0	0	0	0.456	0.957	0.909	0.485	0.998
ATP5MD	ATP5F1E	9606.ENSP00000358840	9606.ENSP00000243997	0	0	0	0	0.530	0.953	0.909	0.503	0.998
ATP5MD	ATP5F1B	9606.ENSP00000358840	9606.ENSP00000262030	0	0	0	0	0.428	0.952	0.909	0.249	0.997
ATP5MD	ATP5MC3	9606.ENSP00000358840	9606.ENSP00000284727	0	0	0	0	0.435	0.846	0.540	0.128	0.960
ATP5MD	ATP5PO	9606.ENSP00000358840	9606.ENSP00000290299	0	0	0	0	0.652	0.840	0.844	0.529	0.995
ATP5MD	ATP5MF	9606.ENSP00000358840	9606.ENSP00000292475	0	0	0	0	0.664	0.943	0.720	0.226	0.995
ATP5MD	ATP5MG	9606.ENSP00000358840	9606.ENSP00000300688	0	0	0	0	0.663	0.849	0.844	0.267	0.993
ATP5MD	ATP5PD	9606.ENSP00000358840	9606.ENSP00000301587	0	0	0	0	0.757	0.961	0.909	0.323	0.999
ATP5MD	ATP5ME	9606.ENSP00000358840	9606.ENSP00000306003	0	0	0	0	0.787	0.943	0.909	0.311	0.999
ATP5MD	ATP5F1C	9606.ENSP00000358840	9606.ENSP00000349142	0	0	0	0	0.606	0.935	0.909	0.165	0.997
ATP5MD	MT-ATP6	9606.ENSP00000358840	9606.ENSP00000354632	0	0	0	0	0.256	0.961	0.909	0.610	0.998
ATP5MD	MT-ATP8	9606.ENSP00000358840	9606.ENSP00000355265	0	0	0	0	0.101	0.924	0.909	0.685	0.997
ATP5MD	ATP5PB	9606.ENSP00000358840	9606.ENSP00000358737	0	0	0	0	0.704	0.940	0.909	0.519	0.999
ATP5MD	COX6C	9606.ENSP00000358840	9606.ENSP00000429707	0	0	0	0	0.867	0.091	0	0.352	0.915
ATP5MD	ATP5MC2	9606.ENSP00000358840	9606.ENSP00000499883	0	0	0	0	0.320	0.939	0.540	0.138	0.981
ATP5MD	ATP5MC1	9606.ENSP00000358840	9606.ENSP00000377033	0	0	0	0	0.325	0.920	0.720	0.266	0.987
ATP5MD	ATP5PF	9606.ENSP00000358840	9606.ENSP00000389649	0	0	0	0	0.688	0.952	0.720	0.196	0.996
ATP5MD	ATP5F1A	9606.ENSP00000358840	9606.ENSP00000381736	0	0	0	0	0.454	0.958	0.909	0.336	0.998
ATP5MD	ATP5MPL	9606.ENSP00000358840	9606.ENSP00000401770	0	0	0	0	0.509	0.942	0.909	0.867	0.999
ATP5ME	NDUFB4	9606.ENSP00000306003	9606.ENSP00000184266	0	0	0	0	0.883	0.098	0	0.446	0.936
ATP5ME	ATP5F1D	9606.ENSP00000306003	9606.ENSP00000215375	0	0	0	0	0.743	0.991	0.967	0.715	0.999
ATP5ME	NDUFB7	9606.ENSP00000306003	9606.ENSP00000215565	0	0	0	0	0.889	0.096	0	0.524	0.948
ATP5ME	ATP5F1E	9606.ENSP00000306003	9606.ENSP00000243997	0	0	0	0	0.879	0.987	0.967	0.774	0.999
ATP5ME	COX5B	9606.ENSP00000306003	9606.ENSP00000258424	0	0	0	0	0.767	0	0	0.656	0.916
ATP5ME	NDUFB5	9606.ENSP00000306003	9606.ENSP00000259037	0	0	0	0	0.920	0.096	0	0.437	0.956
ATP5ME	ATP5F1B	9606.ENSP00000306003	9606.ENSP00000262030	0	0	0	0	0.459	0.959	0.967	0.700	0.999
ATP5ME	NDUFS6	9606.ENSP00000306003	9606.ENSP00000274137	0	0	0	0	0.871	0	0	0.466	0.928
ATP5ME	NDUFB9	9606.ENSP00000306003	9606.ENSP00000276689	0	0	0	0	0.915	0	0	0.583	0.963
ATP5ME	ATP5MC3	9606.ENSP00000306003	9606.ENSP00000284727	0	0	0	0	0.544	0.843	0.800	0.551	0.992
ATP5ME	ATP5PO	9606.ENSP00000306003	9606.ENSP00000290299	0	0	0	0	0.824	0.962	0.944	0.758	0.999
ATP5ME	ATP5MF	9606.ENSP00000306003	9606.ENSP00000292475	0	0	0	0	0.854	0.966	0.900	0.826	0.999
ATP5ME	ATP5MG	9606.ENSP00000306003	9606.ENSP00000300688	0	0	0	0	0.886	0.963	0.944	0.855	0.999
ATP5ME	ATP5PD	9606.ENSP00000306003	9606.ENSP00000301587	0	0	0	0	0.937	0.991	0.967	0.790	0.999
ATP5ME	NDUFB3	9606.ENSP00000306003	9606.ENSP00000407336	0	0	0	0	0.785	0.095	0	0.565	0.908
ATP5ME	NDUFS8	9606.ENSP00000306003	9606.ENSP00000315774	0	0	0	0	0.854	0.091	0	0.412	0.915
ATP5ME	NDUFA1	9606.ENSP00000306003	9606.ENSP00000360492	0	0	0	0	0.807	0	0	0.613	0.922
ATP5ME	UQCR10	9606.ENSP00000306003	9606.ENSP00000332887	0	0	0	0	0.851	0.094	0	0.519	0.929
ATP5ME	UQCR11	9606.ENSP00000306003	9606.ENSP00000467262	0	0	0	0	0.868	0	0	0.518	0.933
ATP5ME	COX5A	9606.ENSP00000306003	9606.ENSP00000317780	0	0	0	0	0.872	0.096	0	0.486	0.935
ATP5ME	NDUFA5	9606.ENSP00000306003	9606.ENSP00000417142	0	0	0	0	0.850	0.096	0	0.622	0.944
ATP5ME	NDUFA6	9606.ENSP00000306003	9606.ENSP00000482543	0	0	0	0	0.913	0.096	0	0.374	0.946
ATP5ME	NDUFA13	9606.ENSP00000306003	9606.ENSP00000423673	0	0	0	0	0.934	0	0	0.410	0.959
ATP5ME	COX6C	9606.ENSP00000306003	9606.ENSP00000429707	0	0	0	0	0.905	0.095	0	0.569	0.959
ATP5ME	COX7C	9606.ENSP00000306003	9606.ENSP00000425759	0	0	0	0	0.928	0.095	0	0.556	0.968
ATP5ME	NDUFS5	9606.ENSP00000306003	9606.ENSP00000362058	0	0	0	0	0.938	0.097	0	0.472	0.968
ATP5ME	UQCRQ	9606.ENSP00000306003	9606.ENSP00000367939	0	0	0	0	0.939	0	0	0.667	0.979
ATP5ME	ATP5MC2	9606.ENSP00000306003	9606.ENSP00000499883	0	0	0	0	0.557	0.826	0.800	0.521	0.991
ATP5ME	ATP5MPL	9606.ENSP00000306003	9606.ENSP00000401770	0	0	0	0	0.430	0.943	0.909	0.224	0.997
ATP5ME	ATP5MC1	9606.ENSP00000306003	9606.ENSP00000377033	0	0	0	0	0.607	0.966	0.800	0.606	0.998
ATP5ME	ATP5PB	9606.ENSP00000306003	9606.ENSP00000358737	0	0	0	0	0.710	0.997	0.967	0.792	0.999
ATP5ME	ATP5MD	9606.ENSP00000306003	9606.ENSP00000358840	0	0	0	0	0.787	0.943	0.909	0.311	0.999
ATP5ME	ATP5PF	9606.ENSP00000306003	9606.ENSP00000389649	0	0	0	0	0.859	0.985	0.900	0.809	0.999
ATP5ME	ATP5F1C	9606.ENSP00000306003	9606.ENSP00000349142	0	0	0	0	0.724	0.748	0.967	0.685	0.999
ATP5ME	MT-ATP8	9606.ENSP00000306003	9606.ENSP00000355265	0	0	0	0	0.109	0.964	0.967	0.308	0.999
ATP5ME	ATP5F1A	9606.ENSP00000306003	9606.ENSP00000381736	0	0	0	0	0.360	0.990	0.967	0.719	0.999
ATP5ME	MT-ATP6	9606.ENSP00000306003	9606.ENSP00000354632	0	0	0	0	0.256	0.957	0.967	0.463	0.999
ATP5MF	ATP5F1D	9606.ENSP00000292475	9606.ENSP00000215375	0	0	0	0	0.601	0.963	0.900	0.640	0.999
ATP5MF	ATP5F1E	9606.ENSP00000292475	9606.ENSP00000243997	0	0	0	0	0.732	0.935	0.900	0.645	0.999
ATP5MF	ATP5F1B	9606.ENSP00000292475	9606.ENSP00000262030	0	0	0	0	0.694	0.943	0.900	0.491	0.999
ATP5MF	ATP5MC3	9606.ENSP00000292475	9606.ENSP00000284727	0	0	0	0	0.608	0.840	0.800	0.538	0.993
ATP5MF	ATP5PO	9606.ENSP00000292475	9606.ENSP00000290299	0	0	0	0	0.844	0.809	0.900	0.755	0.999
ATP5MF	UQCR10	9606.ENSP00000292475	9606.ENSP00000332887	0	0	0	0	0.846	0.093	0	0.405	0.909
ATP5MF	UQCR11	9606.ENSP00000292475	9606.ENSP00000467262	0	0	0	0	0.844	0	0	0.490	0.917
ATP5MF	COX6C	9606.ENSP00000292475	9606.ENSP00000429707	0	0	0	0	0.855	0.096	0	0.439	0.920
ATP5MF	NDUFA7	9606.ENSP00000292475	9606.ENSP00000301457	0	0	0	0	0.854	0.096	0	0.461	0.922
ATP5MF	ATP5MC2	9606.ENSP00000292475	9606.ENSP00000499883	0	0	0	0	0.329	0.830	0.800	0.538	0.988
ATP5MF	MT-ATP8	9606.ENSP00000292475	9606.ENSP00000355265	0	0	0	0	0.109	0.931	0.900	0.194	0.994
ATP5MF	ATP5MD	9606.ENSP00000292475	9606.ENSP00000358840	0	0	0	0	0.664	0.943	0.720	0.226	0.995
ATP5MF	ATP5MPL	9606.ENSP00000292475	9606.ENSP00000401770	0	0	0	0	0.716	0.959	0.720	0.178	0.996
ATP5MF	MT-ATP6	9606.ENSP00000292475	9606.ENSP00000354632	0	0	0	0	0.274	0.966	0.900	0.225	0.997
ATP5MF	ATP5MC1	9606.ENSP00000292475	9606.ENSP00000377033	0	0	0	0	0.473	0.958	0.800	0.572	0.997
ATP5MF	ATP5F1C	9606.ENSP00000292475	9606.ENSP00000349142	0	0	0	0	0.660	0.758	0.900	0.709	0.997
ATP5MF	ATP5ME	9606.ENSP00000292475	9606.ENSP00000306003	0	0	0	0	0.854	0.966	0.900	0.826	0.999
ATP5MF	ATP5PD	9606.ENSP00000292475	9606.ENSP00000301587	0	0	0	0	0.901	0.942	0.900	0.809	0.999
ATP5MF	ATP5F1A	9606.ENSP00000292475	9606.ENSP00000381736	0	0	0	0	0.688	0.938	0.900	0.744	0.999
ATP5MF	ATP5PF	9606.ENSP00000292475	9606.ENSP00000389649	0	0	0	0	0.832	0.944	0.900	0.810	0.999
ATP5MF	ATP5MG	9606.ENSP00000292475	9606.ENSP00000300688	0	0	0	0	0.779	0.872	0.900	0.869	0.999
ATP5MF	ATP5PB	9606.ENSP00000292475	9606.ENSP00000358737	0	0	0	0	0.767	0.998	0.900	0.873	0.999
ATP5MG	ATP5F1D	9606.ENSP00000300688	9606.ENSP00000215375	0	0	0	0	0.744	0.964	0.944	0.688	0.999
ATP5MG	ATP5F1E	9606.ENSP00000300688	9606.ENSP00000243997	0	0	0	0	0.760	0.842	0.944	0.664	0.999
ATP5MG	ATP5F1B	9606.ENSP00000300688	9606.ENSP00000262030	0	0	0	0	0.470	0.960	0.944	0.576	0.999
ATP5MG	NDUFB9	9606.ENSP00000300688	9606.ENSP00000276689	0	0	0	0	0.855	0.097	0	0.482	0.926
ATP5MG	ATP5MC3	9606.ENSP00000300688	9606.ENSP00000284727	0	0	0	0	0.624	0.744	0.800	0.573	0.990
ATP5MG	ATP5PO	9606.ENSP00000300688	9606.ENSP00000290299	0	0	0	0	0.763	0.851	0.933	0.636	0.999
ATP5MG	ATP5MF	9606.ENSP00000300688	9606.ENSP00000292475	0	0	0	0	0.779	0.872	0.900	0.869	0.999
ATP5MG	COX7A2	9606.ENSP00000300688	9606.ENSP00000359098	0	0	0	0	0.806	0.094	0	0.530	0.910
ATP5MG	COX5A	9606.ENSP00000300688	9606.ENSP00000317780	0	0	0	0	0.812	0.137	0	0.499	0.912
ATP5MG	COX6C	9606.ENSP00000300688	9606.ENSP00000429707	0	0	0	0	0.860	0.093	0	0.424	0.920
ATP5MG	NDUFA6	9606.ENSP00000300688	9606.ENSP00000482543	0	0	0	0	0.866	0.095	0	0.401	0.921
ATP5MG	UQCRB	9606.ENSP00000300688	9606.ENSP00000430494	0	0	0	0	0.878	0	0	0.440	0.929
ATP5MG	UQCR10	9606.ENSP00000300688	9606.ENSP00000332887	0	0	0	0	0.857	0.091	0	0.501	0.929
ATP5MG	UQCRQ	9606.ENSP00000300688	9606.ENSP00000367939	0	0	0	0	0.895	0.234	0	0.526	0.958
ATP5MG	COX7C	9606.ENSP00000300688	9606.ENSP00000425759	0	0	0	0	0.911	0.092	0	0.615	0.966
ATP5MG	ATP5MC2	9606.ENSP00000300688	9606.ENSP00000499883	0	0	0	0	0.423	0.643	0.800	0.555	0.979
ATP5MG	MT-ATP8	9606.ENSP00000300688	9606.ENSP00000355265	0	0	0	0	0.128	0.750	0.944	0.268	0.989
ATP5MG	ATP5MPL	9606.ENSP00000300688	9606.ENSP00000401770	0	0	0	0	0.531	0.828	0.844	0.280	0.989
ATP5MG	ATP5MC1	9606.ENSP00000300688	9606.ENSP00000377033	0	0	0	0	0.462	0.829	0.800	0.588	0.991
ATP5MG	ATP5MD	9606.ENSP00000300688	9606.ENSP00000358840	0	0	0	0	0.663	0.849	0.844	0.267	0.993
ATP5MG	MT-ATP6	9606.ENSP00000300688	9606.ENSP00000354632	0	0	0	0	0.374	0.843	0.944	0.397	0.996
ATP5MG	ATP5ME	9606.ENSP00000300688	9606.ENSP00000306003	0	0	0	0	0.886	0.963	0.944	0.855	0.999
ATP5MG	ATP5F1C	9606.ENSP00000300688	9606.ENSP00000349142	0	0	0	0	0.761	0.762	0.944	0.757	0.999
ATP5MG	ATP5PB	9606.ENSP00000300688	9606.ENSP00000358737	0	0	0	0	0.881	0.998	0.944	0.896	0.999
ATP5MG	ATP5PD	9606.ENSP00000300688	9606.ENSP00000301587	0	0	0	0	0.934	0.929	0.944	0.819	0.999
ATP5MG	ATP5F1A	9606.ENSP00000300688	9606.ENSP00000381736	0	0	0	0	0.381	0.935	0.944	0.637	0.999
ATP5MG	ATP5PF	9606.ENSP00000300688	9606.ENSP00000389649	0	0	0	0	0.837	0.911	0.900	0.813	0.999
ATP5MPL	ATP5F1D	9606.ENSP00000401770	9606.ENSP00000215375	0	0	0	0	0.239	0.934	0.909	0.107	0.995
ATP5MPL	ATP5F1E	9606.ENSP00000401770	9606.ENSP00000243997	0	0	0	0	0.307	0.933	0.909	0.278	0.996
ATP5MPL	ATP5F1B	9606.ENSP00000401770	9606.ENSP00000262030	0	0	0	0	0.181	0.934	0.909	0.180	0.995
ATP5MPL	ATP5MC3	9606.ENSP00000401770	9606.ENSP00000284727	0	0	0	0	0.326	0.842	0.540	0	0.946
ATP5MPL	ATP5PO	9606.ENSP00000401770	9606.ENSP00000290299	0	0	0	0	0.423	0.806	0.844	0.448	0.989
ATP5MPL	ATP5MF	9606.ENSP00000401770	9606.ENSP00000292475	0	0	0	0	0.716	0.959	0.720	0.178	0.996
ATP5MPL	ATP5MG	9606.ENSP00000401770	9606.ENSP00000300688	0	0	0	0	0.531	0.828	0.844	0.280	0.989
ATP5MPL	ATP5PD	9606.ENSP00000401770	9606.ENSP00000301587	0	0	0	0	0.532	0.960	0.909	0.135	0.998
ATP5MPL	ATP5ME	9606.ENSP00000401770	9606.ENSP00000306003	0	0	0	0	0.430	0.943	0.909	0.224	0.997
ATP5MPL	ATP5F1C	9606.ENSP00000401770	9606.ENSP00000349142	0	0	0	0	0.220	0.741	0.909	0.167	0.982
ATP5MPL	MT-ATP6	9606.ENSP00000401770	9606.ENSP00000354632	0	0	0	0	0.163	0.960	0.909	0.301	0.997
ATP5MPL	MT-ATP8	9606.ENSP00000401770	9606.ENSP00000355265	0	0	0	0	0.139	0.933	0.909	0.577	0.997
ATP5MPL	ATP5PB	9606.ENSP00000401770	9606.ENSP00000358737	0	0	0	0	0.294	0.966	0.909	0.187	0.997
ATP5MPL	ATP5MD	9606.ENSP00000401770	9606.ENSP00000358840	0	0	0	0	0.509	0.942	0.909	0.867	0.999
ATP5MPL	ATP5MC1	9606.ENSP00000401770	9606.ENSP00000377033	0	0	0	0	0.374	0.964	0.720	0.324	0.995
ATP5MPL	ATP5F1A	9606.ENSP00000401770	9606.ENSP00000381736	0	0	0	0	0.150	0.933	0.909	0.138	0.994
ATP5MPL	ATP5PF	9606.ENSP00000401770	9606.ENSP00000389649	0	0	0	0	0.456	0.934	0.720	0.259	0.991
ATP5MPL	ATP5MC2	9606.ENSP00000401770	9606.ENSP00000499883	0	0	0	0	0.160	0.830	0.540	0	0.928
ATP5PB	UQCRC1	9606.ENSP00000358737	9606.ENSP00000203407	0	0	0	0	0.657	0.113	0	0.708	0.903
ATP5PB	ATP5F1D	9606.ENSP00000358737	9606.ENSP00000215375	0	0	0	0	0.951	0.997	0.967	0.843	0.999
ATP5PB	ATP5F1E	9606.ENSP00000358737	9606.ENSP00000243997	0	0	0	0	0.208	0.966	0.967	0.782	0.999
ATP5PB	NDUFB5	9606.ENSP00000358737	9606.ENSP00000259037	0	0	0	0	0.846	0.469	0	0.485	0.954
ATP5PB	ATP5F1B	9606.ENSP00000358737	9606.ENSP00000262030	0	0	0	0	0.895	0.998	0.967	0.812	0.999
ATP5PB	UQCRC2	9606.ENSP00000358737	9606.ENSP00000268379	0	0	0	0	0.927	0.141	0	0.613	0.973
ATP5PB	ATP5MC3	9606.ENSP00000358737	9606.ENSP00000284727	0	0	0	0	0.578	0.966	0.800	0.749	0.999
ATP5PB	ATP5PO	9606.ENSP00000358737	9606.ENSP00000290299	0	0	0	0	0.959	0.964	0.944	0.866	0.999
ATP5PB	ATP5MF	9606.ENSP00000358737	9606.ENSP00000292475	0	0	0	0	0.767	0.998	0.900	0.873	0.999
ATP5PB	ATP5MG	9606.ENSP00000358737	9606.ENSP00000300688	0	0	0	0	0.881	0.998	0.944	0.896	0.999
ATP5PB	ATP5PD	9606.ENSP00000358737	9606.ENSP00000301587	0	0	0	0	0.961	0.997	0.967	0.864	0.999
ATP5PB	ATP5ME	9606.ENSP00000358737	9606.ENSP00000306003	0	0	0	0	0.710	0.997	0.967	0.792	0.999
ATP5PB	UQCRFS1	9606.ENSP00000358737	9606.ENSP00000306397	0	0	0	0	0.937	0.160	0	0.466	0.969
ATP5PB	CYC1	9606.ENSP00000358737	9606.ENSP00000317159	0	0	0	0	0.835	0.167	0	0.428	0.914
ATP5PB	COX5A	9606.ENSP00000358737	9606.ENSP00000317780	0	0	0	0	0.929	0.213	0	0.639	0.978
ATP5PB	NDUFV2	9606.ENSP00000358737	9606.ENSP00000327268	0	0	0	0	0.855	0.165	0	0.467	0.930
ATP5PB	NDUFA12	9606.ENSP00000358737	9606.ENSP00000330737	0	0	0	0	0.861	0.100	0	0.597	0.945
ATP5PB	ATP5F1C	9606.ENSP00000358737	9606.ENSP00000349142	0	0	0	0	0.977	0.997	0.967	0.896	0.999
ATP5PB	MT-ATP6	9606.ENSP00000358737	9606.ENSP00000354632	0	0	0	0	0.257	0.966	0.967	0.529	0.999
ATP5PB	MT-ATP8	9606.ENSP00000358737	9606.ENSP00000355265	0	0	0	0	0.110	0.990	0.967	0.308	0.999
ATP5PB	NDUFB6	9606.ENSP00000358737	9606.ENSP00000369176	0	0	0	0	0.853	0.098	0	0.460	0.922
ATP5PB	COX4I1	9606.ENSP00000358737	9606.ENSP00000457513	0	0	0	0	0.855	0.139	0	0.524	0.935
ATP5PB	UQCRB	9606.ENSP00000358737	9606.ENSP00000430494	0	0	0	0	0.925	0.276	0	0.477	0.969
ATP5PB	ATP5MC2	9606.ENSP00000358737	9606.ENSP00000499883	0	0	0	0	0.409	0.939	0.800	0.513	0.996
ATP5PB	ATP5MPL	9606.ENSP00000358737	9606.ENSP00000401770	0	0	0	0	0.294	0.966	0.909	0.187	0.997
ATP5PB	DMAC2L	9606.ENSP00000358737	9606.ENSP00000451583	0	0	0	0	0.104	0.994	0.540	0.634	0.998
ATP5PB	ATP5MD	9606.ENSP00000358737	9606.ENSP00000358840	0	0	0	0	0.704	0.940	0.909	0.519	0.999
ATP5PB	ATP5F1A	9606.ENSP00000358737	9606.ENSP00000381736	0	0	0	0	0.967	0.997	0.967	0.882	0.999
ATP5PB	ATP5PF	9606.ENSP00000358737	9606.ENSP00000389649	0	0	0	0	0.776	0.997	0.900	0.886	0.999
ATP5PB	ATP5MC1	9606.ENSP00000358737	9606.ENSP00000377033	0	0	0	0	0.422	0.966	0.800	0.908	0.999
ATP5PD	ATP5F1D	9606.ENSP00000301587	9606.ENSP00000215375	0	0	0	0	0.935	0.990	0.967	0.846	0.999
ATP5PD	ATP5F1E	9606.ENSP00000301587	9606.ENSP00000243997	0	0	0	0	0.850	0.966	0.967	0.793	0.999
ATP5PD	NDUFA2	9606.ENSP00000301587	9606.ENSP00000252102	0	0	0	0	0.938	0.095	0	0.639	0.978
ATP5PD	COX5B	9606.ENSP00000301587	9606.ENSP00000258424	0	0	0	0	0.941	0	0	0.665	0.979
ATP5PD	NDUFB5	9606.ENSP00000301587	9606.ENSP00000259037	0	0	0	0	0.925	0	0	0.424	0.955
ATP5PD	ATP5F1B	9606.ENSP00000301587	9606.ENSP00000262030	0	0	0	0	0.912	0.987	0.967	0.837	0.999
ATP5PD	NDUFS3	9606.ENSP00000301587	9606.ENSP00000263774	0	0	0	0	0.849	0.233	0	0.641	0.954
ATP5PD	NDUFB10	9606.ENSP00000301587	9606.ENSP00000268668	0	0	0	0	0.915	0.209	0	0.629	0.973
ATP5PD	NDUFS6	9606.ENSP00000301587	9606.ENSP00000274137	0	0	0	0	0.842	0	0	0.402	0.901
ATP5PD	NDUFB11	9606.ENSP00000301587	9606.ENSP00000276062	0	0	0	0	0.920	0	0	0.275	0.940
ATP5PD	NDUFB9	9606.ENSP00000301587	9606.ENSP00000276689	0	0	0	0	0.969	0.162	0	0.460	0.985
ATP5PD	ATP5MC3	9606.ENSP00000301587	9606.ENSP00000284727	0	0	0	0	0.611	0.939	0.800	0.782	0.998
ATP5PD	ATP5PO	9606.ENSP00000301587	9606.ENSP00000290299	0	0	0	0	0.959	0.938	0.944	0.907	0.999
ATP5PD	ATP5MF	9606.ENSP00000301587	9606.ENSP00000292475	0	0	0	0	0.901	0.942	0.900	0.809	0.999
ATP5PD	NDUFS4	9606.ENSP00000301587	9606.ENSP00000296684	0	0	0	0	0.935	0.096	0	0.330	0.957
ATP5PD	NDUFB8	9606.ENSP00000301587	9606.ENSP00000299166	0	0	0	0	0.877	0	0	0.448	0.929
ATP5PD	ATP5MG	9606.ENSP00000301587	9606.ENSP00000300688	0	0	0	0	0.934	0.929	0.944	0.819	0.999
ATP5PD	NDUFA7	9606.ENSP00000301587	9606.ENSP00000301457	0	0	0	0	0.847	0.224	0	0.330	0.913
ATP5PD	NDUFV2	9606.ENSP00000301587	9606.ENSP00000327268	0	0	0	0	0.756	0.096	0	0.584	0.900
ATP5PD	UQCRH	9606.ENSP00000301587	9606.ENSP00000309565	0	0	0	0	0.840	0.095	0	0.432	0.911
ATP5PD	NDUFA13	9606.ENSP00000301587	9606.ENSP00000423673	0	0	0	0	0.869	0.091	0	0.370	0.918
ATP5PD	SDHB	9606.ENSP00000301587	9606.ENSP00000364649	0	0	0	0	0.856	0.097	0	0.470	0.925
ATP5PD	COX7A2	9606.ENSP00000301587	9606.ENSP00000359098	0	0	0	0	0.832	0.095	0	0.574	0.929
ATP5PD	NDUFB6	9606.ENSP00000301587	9606.ENSP00000369176	0	0	0	0	0.900	0.096	0	0.288	0.930
ATP5PD	NDUFB3	9606.ENSP00000301587	9606.ENSP00000407336	0	0	0	0	0.895	0	0	0.372	0.931
ATP5PD	UQCR11	9606.ENSP00000301587	9606.ENSP00000467262	0	0	0	0	0.913	0	0	0.385	0.944
ATP5PD	NDUFA6	9606.ENSP00000301587	9606.ENSP00000482543	0	0	0	0	0.886	0.096	0	0.529	0.947
ATP5PD	NDUFA5	9606.ENSP00000301587	9606.ENSP00000417142	0	0	0	0	0.848	0.202	0	0.634	0.951
ATP5PD	COX4I1	9606.ENSP00000301587	9606.ENSP00000457513	0	0	0	0	0.861	0.192	0	0.604	0.952
ATP5PD	UQCR10	9606.ENSP00000301587	9606.ENSP00000332887	0	0	0	0	0.917	0.092	0	0.479	0.957
ATP5PD	COX7C	9606.ENSP00000301587	9606.ENSP00000425759	0	0	0	0	0.926	0.162	0	0.447	0.962
ATP5PD	NDUFA12	9606.ENSP00000301587	9606.ENSP00000330737	0	0	0	0	0.938	0.237	0	0.350	0.966
ATP5PD	UQCRQ	9606.ENSP00000301587	9606.ENSP00000367939	0	0	0	0	0.932	0.210	0	0.434	0.967
ATP5PD	NDUFA8	9606.ENSP00000301587	9606.ENSP00000362873	0	0	0	0	0.937	0.096	0	0.518	0.970
ATP5PD	COX6C	9606.ENSP00000301587	9606.ENSP00000429707	0	0	0	0	0.916	0.202	0	0.656	0.975
ATP5PD	UQCRB	9606.ENSP00000301587	9606.ENSP00000430494	0	0	0	0	0.933	0.162	0	0.606	0.976
ATP5PD	ATP5IF1	9606.ENSP00000301587	9606.ENSP00000335203	0	0	0	0	0.914	0.731	0	0.203	0.980
ATP5PD	COX5A	9606.ENSP00000301587	9606.ENSP00000317780	0	0	0	0	0.973	0.162	0	0.774	0.994
ATP5PD	ATP5MC2	9606.ENSP00000301587	9606.ENSP00000499883	0	0	0	0	0.629	0.939	0.800	0.580	0.997
ATP5PD	MT-ATP8	9606.ENSP00000301587	9606.ENSP00000355265	0	0	0	0	0.126	0.958	0.967	0.222	0.998
ATP5PD	ATP5MPL	9606.ENSP00000301587	9606.ENSP00000401770	0	0	0	0	0.532	0.960	0.909	0.135	0.998
ATP5PD	ATP5PB	9606.ENSP00000301587	9606.ENSP00000358737	0	0	0	0	0.961	0.997	0.967	0.864	0.999
ATP5PD	ATP5F1C	9606.ENSP00000301587	9606.ENSP00000349142	0	0	0	0	0.970	0.983	0.967	0.815	0.999
ATP5PD	ATP5MD	9606.ENSP00000301587	9606.ENSP00000358840	0	0	0	0	0.757	0.961	0.909	0.323	0.999
ATP5PD	ATP5ME	9606.ENSP00000301587	9606.ENSP00000306003	0	0	0	0	0.937	0.991	0.967	0.790	0.999
ATP5PD	ATP5PF	9606.ENSP00000301587	9606.ENSP00000389649	0	0	0	0	0.931	0.983	0.900	0.873	0.999
ATP5PD	ATP5MC1	9606.ENSP00000301587	9606.ENSP00000377033	0	0	0	0	0.677	0.966	0.800	0.609	0.999
ATP5PD	ATP5F1A	9606.ENSP00000301587	9606.ENSP00000381736	0	0	0	0	0.911	0.985	0.967	0.831	0.999
ATP5PD	MT-ATP6	9606.ENSP00000301587	9606.ENSP00000354632	0	0	0	0	0.335	0.966	0.967	0.504	0.999
ATP5PF	ATP5F1D	9606.ENSP00000389649	9606.ENSP00000215375	0	0	0	0	0.487	0.984	0.900	0.759	0.999
ATP5PF	ATP5F1E	9606.ENSP00000389649	9606.ENSP00000243997	0	0	0	0	0.488	0.987	0.900	0.591	0.999
ATP5PF	NDUFB5	9606.ENSP00000389649	9606.ENSP00000259037	0	0	0	0	0.818	0	0	0.520	0.909
ATP5PF	ATP5F1B	9606.ENSP00000389649	9606.ENSP00000262030	0	0	0	0	0.293	0.988	0.900	0.792	0.999
ATP5PF	NDUFS3	9606.ENSP00000389649	9606.ENSP00000263774	0	0	0	0	0.734	0.239	0	0.563	0.904
ATP5PF	NDUFB9	9606.ENSP00000389649	9606.ENSP00000276689	0	0	0	0	0.846	0	0	0.482	0.917
ATP5PF	ATP5MC3	9606.ENSP00000389649	9606.ENSP00000284727	0	0	0	0	0.422	0.934	0.800	0.720	0.997
ATP5PF	ATP5PO	9606.ENSP00000389649	9606.ENSP00000290299	0	0	0	0	0.897	0.965	0.900	0.850	0.999
ATP5PF	ATP5MF	9606.ENSP00000389649	9606.ENSP00000292475	0	0	0	0	0.832	0.944	0.900	0.810	0.999
ATP5PF	ATP5MG	9606.ENSP00000389649	9606.ENSP00000300688	0	0	0	0	0.837	0.911	0.900	0.813	0.999
ATP5PF	NDUFA7	9606.ENSP00000389649	9606.ENSP00000301457	0	0	0	0	0.854	0.107	0	0.387	0.913
ATP5PF	ATP5PD	9606.ENSP00000389649	9606.ENSP00000301587	0	0	0	0	0.931	0.983	0.900	0.873	0.999
ATP5PF	ATP5ME	9606.ENSP00000389649	9606.ENSP00000306003	0	0	0	0	0.859	0.985	0.900	0.809	0.999
ATP5PF	COX5A	9606.ENSP00000389649	9606.ENSP00000317780	0	0	0	0	0.847	0.329	0	0.515	0.946
ATP5PF	NDUFV2	9606.ENSP00000389649	9606.ENSP00000327268	0	0	0	0	0.808	0.097	0	0.485	0.903
ATP5PF	NDUFA12	9606.ENSP00000389649	9606.ENSP00000330737	0	0	0	0	0.975	0	0	0.323	0.982
ATP5PF	NDUFA4	9606.ENSP00000389649	9606.ENSP00000339720	0	0	0	0	0.928	0.225	0	0.397	0.963
ATP5PF	ATP5F1C	9606.ENSP00000389649	9606.ENSP00000349142	0	0	0	0	0.855	0.944	0.900	0.767	0.999
ATP5PF	MT-ATP6	9606.ENSP00000389649	9606.ENSP00000354632	0	0	0	0	0.164	0.936	0.900	0.509	0.997
ATP5PF	MT-ATP8	9606.ENSP00000389649	9606.ENSP00000355265	0	0	0	0	0.082	0.707	0.900	0.542	0.986
ATP5PF	ATP5PB	9606.ENSP00000389649	9606.ENSP00000358737	0	0	0	0	0.776	0.997	0.900	0.886	0.999
ATP5PF	ATP5MD	9606.ENSP00000389649	9606.ENSP00000358840	0	0	0	0	0.688	0.952	0.720	0.196	0.996
ATP5PF	COX7A2	9606.ENSP00000389649	9606.ENSP00000359098	0	0	0	0	0.828	0	0	0.474	0.906
ATP5PF	UQCRQ	9606.ENSP00000389649	9606.ENSP00000367939	0	0	0	0	0.835	0	0	0.444	0.904
ATP5PF	NDUFB6	9606.ENSP00000389649	9606.ENSP00000369176	0	0	0	0	0.973	0	0	0.425	0.984
ATP5PF	ATP5MC1	9606.ENSP00000389649	9606.ENSP00000377033	0	0	0	0	0.411	0.957	0.800	0.572	0.997
ATP5PF	ATP5F1A	9606.ENSP00000389649	9606.ENSP00000381736	0	0	0	0	0.498	0.984	0.900	0.804	0.999
ATP5PF	COX6C	9606.ENSP00000389649	9606.ENSP00000429707	0	0	0	0	0.842	0	0	0.445	0.908
ATP5PF	NDUFA13	9606.ENSP00000389649	9606.ENSP00000423673	0	0	0	0	0.636	0.629	0	0.462	0.921
ATP5PF	UQCRB	9606.ENSP00000389649	9606.ENSP00000430494	0	0	0	0	0.877	0	0	0.417	0.925
ATP5PF	UQCR11	9606.ENSP00000389649	9606.ENSP00000467262	0	0	0	0	0.818	0	0	0.613	0.926
ATP5PF	NDUFB3	9606.ENSP00000389649	9606.ENSP00000407336	0	0	0	0	0.888	0	0	0.529	0.945
ATP5PF	NDUFA6	9606.ENSP00000389649	9606.ENSP00000482543	0	0	0	0	0.938	0	0	0.470	0.966
ATP5PF	COX7C	9606.ENSP00000389649	9606.ENSP00000425759	0	0	0	0	0.957	0	0	0.436	0.975
ATP5PF	NDUFA5	9606.ENSP00000389649	9606.ENSP00000417142	0	0	0	0	0.956	0.096	0	0.569	0.981
ATP5PF	ATP5MPL	9606.ENSP00000389649	9606.ENSP00000401770	0	0	0	0	0.456	0.934	0.720	0.259	0.991
ATP5PF	ATP5MC2	9606.ENSP00000389649	9606.ENSP00000499883	0	0	0	0	0.358	0.933	0.800	0.449	0.994
ATP5PO	ATP5F1D	9606.ENSP00000290299	9606.ENSP00000215375	0.120	0	0	0	0.897	0.968	0.978	0.834	0.999
ATP5PO	ATP5F1E	9606.ENSP00000290299	9606.ENSP00000243997	0	0	0	0	0.521	0.843	0.944	0.796	0.999
ATP5PO	COX5B	9606.ENSP00000290299	9606.ENSP00000258424	0	0	0	0	0.889	0	0	0.782	0.974
ATP5PO	ATP5F1B	9606.ENSP00000290299	9606.ENSP00000262030	0.061	0	0	0	0.889	0.971	0.944	0.845	0.999
ATP5PO	NDUFS3	9606.ENSP00000290299	9606.ENSP00000263774	0.118	0	0	0	0.873	0.199	0	0.590	0.958
ATP5PO	UQCRC2	9606.ENSP00000290299	9606.ENSP00000268379	0	0	0	0	0.879	0.616	0	0.505	0.975
ATP5PO	ATP5MC3	9606.ENSP00000290299	9606.ENSP00000284727	0.086	0	0	0	0.632	0.807	0.705	0.681	0.992
ATP5PO	NDUFA12	9606.ENSP00000290299	9606.ENSP00000330737	0	0	0	0	0.877	0	0	0.352	0.917
ATP5PO	CYC1	9606.ENSP00000290299	9606.ENSP00000317159	0	0	0	0	0.704	0.559	0	0.447	0.921
ATP5PO	NDUFV2	9606.ENSP00000290299	9606.ENSP00000327268	0	0	0	0	0.836	0.094	0	0.529	0.924
ATP5PO	COX7C	9606.ENSP00000290299	9606.ENSP00000425759	0	0	0	0	0.835	0.162	0	0.511	0.926
ATP5PO	UQCRFS1	9606.ENSP00000290299	9606.ENSP00000306397	0	0	0	0	0.848	0.094	0	0.590	0.938
ATP5PO	UQCRB	9606.ENSP00000290299	9606.ENSP00000430494	0	0	0	0	0.854	0	0	0.605	0.940
ATP5PO	COX5A	9606.ENSP00000290299	9606.ENSP00000317780	0	0	0	0	0.859	0.161	0	0.563	0.944
ATP5PO	NDUFS4	9606.ENSP00000290299	9606.ENSP00000296684	0	0	0	0	0.893	0.428	0	0.317	0.954
ATP5PO	PPID	9606.ENSP00000290299	9606.ENSP00000303754	0	0	0	0	0.086	0.294	0	0.939	0.957
ATP5PO	ATP5IF1	9606.ENSP00000290299	9606.ENSP00000335203	0	0	0	0	0.834	0.675	0	0.572	0.974
ATP5PO	ATP5MPL	9606.ENSP00000290299	9606.ENSP00000401770	0	0	0	0	0.423	0.806	0.844	0.448	0.989
ATP5PO	ATP5MC2	9606.ENSP00000290299	9606.ENSP00000499883	0.086	0	0	0	0.637	0.805	0.705	0.558	0.990
ATP5PO	ATP5MC1	9606.ENSP00000290299	9606.ENSP00000377033	0.086	0	0	0	0.633	0.840	0.820	0.558	0.994
ATP5PO	MT-ATP8	9606.ENSP00000290299	9606.ENSP00000355265	0	0	0	0	0.097	0.519	0.944	0.807	0.994
ATP5PO	ATP5MD	9606.ENSP00000290299	9606.ENSP00000358840	0	0	0	0	0.652	0.840	0.844	0.529	0.995
ATP5PO	ATP5PF	9606.ENSP00000290299	9606.ENSP00000389649	0	0	0	0	0.897	0.965	0.900	0.850	0.999
ATP5PO	ATP5F1A	9606.ENSP00000290299	9606.ENSP00000381736	0.120	0	0	0	0.958	0.954	0.978	0.954	0.999
ATP5PO	MT-ATP6	9606.ENSP00000290299	9606.ENSP00000354632	0.120	0	0	0	0.858	0.843	0.978	0.617	0.999
ATP5PO	ATP5PD	9606.ENSP00000290299	9606.ENSP00000301587	0	0	0	0	0.959	0.938	0.944	0.907	0.999
ATP5PO	ATP5PB	9606.ENSP00000290299	9606.ENSP00000358737	0	0	0	0	0.959	0.964	0.944	0.866	0.999
ATP5PO	ATP5MG	9606.ENSP00000290299	9606.ENSP00000300688	0	0	0	0	0.763	0.851	0.933	0.636	0.999
ATP5PO	ATP5MF	9606.ENSP00000290299	9606.ENSP00000292475	0	0	0	0	0.844	0.809	0.900	0.755	0.999
ATP5PO	ATP5F1C	9606.ENSP00000290299	9606.ENSP00000349142	0.120	0	0	0	0.937	0.946	0.978	0.810	0.999
ATP5PO	ATP5ME	9606.ENSP00000290299	9606.ENSP00000306003	0	0	0	0	0.824	0.962	0.944	0.758	0.999
ATPAF1	ATP5F1B	9606.ENSP00000460964	9606.ENSP00000262030	0	0	0	0	0.072	0.488	0	0.968	0.983
ATPAF1	ATP5F1A	9606.ENSP00000460964	9606.ENSP00000381736	0	0	0	0	0.072	0.095	0	0.979	0.981
ATPAF1	ATPAF2	9606.ENSP00000460964	9606.ENSP00000417190	0	0	0	0	0.309	0.109	0	0.980	0.986
ATPAF2	ATP5F1B	9606.ENSP00000417190	9606.ENSP00000262030	0	0	0	0	0.047	0.660	0	0.947	0.981
ATPAF2	TMEM70	9606.ENSP00000417190	9606.ENSP00000312599	0	0	0	0	0.107	0	0	0.957	0.960
ATPAF2	ATP5F1A	9606.ENSP00000417190	9606.ENSP00000381736	0	0	0	0	0.058	0.499	0	0.970	0.985
ATPAF2	ATPAF1	9606.ENSP00000417190	9606.ENSP00000460964	0	0	0	0	0.309	0.109	0	0.980	0.986
BAD	MAPK1	9606.ENSP00000378040	9606.ENSP00000215832	0	0	0	0	0.060	0	0.900	0.195	0.917
BAD	MAPK3	9606.ENSP00000378040	9606.ENSP00000263025	0	0	0	0	0.101	0	0.900	0.305	0.932
BAD	MAP2K1	9606.ENSP00000378040	9606.ENSP00000302486	0	0	0	0	0.058	0	0.900	0.227	0.920
BAD	PRKACA	9606.ENSP00000378040	9606.ENSP00000309591	0	0	0	0	0.063	0.621	0.900	0.282	0.971
BAD	PRKACB	9606.ENSP00000378040	9606.ENSP00000359719	0	0	0	0	0.055	0.193	0.900	0.266	0.936
BAD	BCL2L1	9606.ENSP00000378040	9606.ENSP00000365230	0	0	0	0	0.102	0.999	0.900	0.964	0.999
BAD	AKT2	9606.ENSP00000378040	9606.ENSP00000375892	0	0	0	0	0.054	0.065	0.900	0.201	0.919
BAD	BCL2L11	9606.ENSP00000378040	9606.ENSP00000376943	0	0	0	0	0	0.292	0.750	0.574	0.918
BAD	MAPK9	9606.ENSP00000378040	9606.ENSP00000394560	0	0	0	0	0	0	0.900	0.100	0.906
BAD	AKT3	9606.ENSP00000378040	9606.ENSP00000500582	0	0	0	0	0	0.065	0.900	0.220	0.920
BAD	MAPK8	9606.ENSP00000378040	9606.ENSP00000378974	0	0	0	0	0	0.497	0.900	0.255	0.959
BAD	AKT1	9606.ENSP00000378040	9606.ENSP00000451828	0	0	0	0	0.060	0.860	0.900	0.572	0.993
BAD	BCL2	9606.ENSP00000378040	9606.ENSP00000381185	0	0	0	0	0.063	0.908	0.900	0.926	0.999
BAX	TP53	9606.ENSP00000293288	9606.ENSP00000269305	0	0	0	0	0.080	0.782	0.900	0.774	0.994
BAX	AIFM1	9606.ENSP00000293288	9606.ENSP00000287295	0	0	0	0	0.060	0	0.900	0.312	0.929
BAX	CAPN2	9606.ENSP00000293288	9606.ENSP00000295006	0	0	0	0	0.042	0	0.900	0.158	0.912
BAX	CAPN1	9606.ENSP00000293288	9606.ENSP00000431984	0	0	0	0	0.063	0	0.900	0.177	0.916
BAX	PRKACB	9606.ENSP00000293288	9606.ENSP00000359719	0	0	0	0	0.042	0	0.900	0.265	0.923
BAX	PRKACA	9606.ENSP00000293288	9606.ENSP00000309591	0	0	0	0	0.055	0	0.900	0.268	0.924
BAX	BBC3	9606.ENSP00000293288	9606.ENSP00000404503	0	0	0	0	0.240	0.488	0.540	0.763	0.951
BAX	VDAC1	9606.ENSP00000293288	9606.ENSP00000378487	0	0	0	0	0.052	0.628	0.900	0.579	0.983
BAX	CYCS	9606.ENSP00000293288	9606.ENSP00000307786	0	0	0	0	0.055	0.287	0.900	0.910	0.993
BAX	BCL2L11	9606.ENSP00000293288	9606.ENSP00000376943	0	0	0	0	0.060	0.929	0.900	0.837	0.998
BAX	BID	9606.ENSP00000293288	9606.ENSP00000318822	0	0	0	0	0.067	0.869	0.900	0.914	0.998
BAX	BCL2	9606.ENSP00000293288	9606.ENSP00000381185	0	0	0	0.641	0	0.991	0.900	0.972	0.999
BAX	BCL2L1	9606.ENSP00000293288	9606.ENSP00000365230	0	0	0	0.639	0.082	0.999	0.900	0.882	0.999
BAX	MCL1	9606.ENSP00000293288	9606.ENSP00000358022	0	0	0	0.618	0.049	0.987	0.900	0.915	0.999
BBC3	TP53	9606.ENSP00000404503	9606.ENSP00000269305	0	0	0	0	0	0.486	0.500	0.856	0.959
BBC3	BAX	9606.ENSP00000404503	9606.ENSP00000293288	0	0	0	0	0.240	0.488	0.540	0.763	0.951
BBC3	BID	9606.ENSP00000404503	9606.ENSP00000318822	0	0	0	0	0	0	0.900	0.626	0.961
BBC3	MCL1	9606.ENSP00000404503	9606.ENSP00000358022	0	0	0	0	0.050	0.933	0.540	0.949	0.998
BBC3	BCL2L1	9606.ENSP00000404503	9606.ENSP00000365230	0	0	0	0	0.062	0.911	0.900	0.988	0.999
BBC3	BCL2L11	9606.ENSP00000404503	9606.ENSP00000376943	0	0	0	0	0.060	0	0.900	0.720	0.971
BBC3	BCL2	9606.ENSP00000404503	9606.ENSP00000381185	0	0	0	0	0.042	0.882	0.900	0.994	0.999
BCL2	MAPK1	9606.ENSP00000381185	9606.ENSP00000215832	0	0	0	0	0.086	0.292	0.900	0.586	0.969
BCL2	PPP2CB	9606.ENSP00000381185	9606.ENSP00000221138	0	0	0	0	0	0.051	0.900	0.078	0.904
BCL2	CTSC	9606.ENSP00000381185	9606.ENSP00000227266	0	0	0	0	0.055	0	0.900	0.172	0.914
BCL2	CTSD	9606.ENSP00000381185	9606.ENSP00000236671	0	0	0	0	0	0	0.900	0.514	0.949
BCL2	RRAS	9606.ENSP00000381185	9606.ENSP00000246792	0	0	0	0	0	0.292	0	0.874	0.907
BCL2	HRK	9606.ENSP00000381185	9606.ENSP00000257572	0	0	0	0	0	0.292	0	0.996	0.997
BCL2	PIK3C3	9606.ENSP00000381185	9606.ENSP00000262039	0	0	0	0	0.050	0.069	0	0.975	0.976
BCL2	MAPK3	9606.ENSP00000381185	9606.ENSP00000263025	0	0	0	0	0.067	0	0.900	0.852	0.985
BCL2	STAT3	9606.ENSP00000381185	9606.ENSP00000264657	0	0	0	0	0	0.056	0.750	0.840	0.959
BCL2	TP53	9606.ENSP00000381185	9606.ENSP00000269305	0	0	0	0	0.103	0.869	0.900	0.999	0.999
BCL2	CTSK	9606.ENSP00000381185	9606.ENSP00000271651	0	0	0	0	0.079	0	0.900	0.285	0.928
BCL2	BAX	9606.ENSP00000381185	9606.ENSP00000293288	0	0	0	0.641	0	0.991	0.900	0.972	0.999
BCL2	PPID	9606.ENSP00000381185	9606.ENSP00000303754	0	0	0	0	0	0.294	0.900	0.317	0.947
BCL2	ITPR1	9606.ENSP00000381185	9606.ENSP00000306253	0	0	0	0	0.082	0.510	0	0.992	0.996
BCL2	CYCS	9606.ENSP00000381185	9606.ENSP00000307786	0	0	0	0	0	0	0.900	0.972	0.997
BCL2	CTSF	9606.ENSP00000381185	9606.ENSP00000310832	0	0	0	0	0	0	0.900	0.114	0.907
BCL2	CASP3	9606.ENSP00000381185	9606.ENSP00000311032	0	0	0	0	0.098	0.354	0	0.980	0.987
BCL2	CTSW	9606.ENSP00000381185	9606.ENSP00000311300	0	0	0	0	0.042	0	0.900	0.080	0.904
BCL2	BID	9606.ENSP00000381185	9606.ENSP00000318822	0	0	0	0	0.055	0.872	0.900	0.920	0.998
BCL2	CASP9	9606.ENSP00000381185	9606.ENSP00000330237	0	0	0	0	0.091	0.125	0	0.938	0.946
BCL2	HSP90AA1	9606.ENSP00000381185	9606.ENSP00000335153	0	0	0	0	0.060	0.510	0	0.859	0.929
BCL2	CASP8	9606.ENSP00000381185	9606.ENSP00000351273	0	0	0	0	0.086	0.648	0	0.954	0.984
BCL2	PARP1	9606.ENSP00000381185	9606.ENSP00000355759	0	0	0	0	0.112	0.292	0	0.879	0.917
BCL2	BNIP3	9606.ENSP00000381185	9606.ENSP00000357625	0	0	0	0	0	0.711	0.900	0.998	0.999
BCL2	CTSS	9606.ENSP00000381185	9606.ENSP00000357981	0	0	0	0	0.091	0	0.900	0.459	0.946
BCL2	JUN	9606.ENSP00000381185	9606.ENSP00000360266	0	0	0	0	0.047	0	0	0.927	0.927
BCL2	VDAC2	9606.ENSP00000381185	9606.ENSP00000361635	0	0	0	0	0.045	0.049	0.540	0.813	0.911
BCL2	ITPR3	9606.ENSP00000381185	9606.ENSP00000363435	0	0	0	0	0.043	0.292	0	0.991	0.993
BCL2	BCL2L1	9606.ENSP00000381185	9606.ENSP00000365230	0	0	0	0.894	0	0.863	0.900	0.984	0.999
BCL2	AKT2	9606.ENSP00000381185	9606.ENSP00000375892	0	0	0	0	0.047	0	0.900	0.517	0.950
BCL2	BCL2L11	9606.ENSP00000381185	9606.ENSP00000376943	0	0	0	0	0.060	0.956	0.900	0.999	0.999
BCL2	BAD	9606.ENSP00000381185	9606.ENSP00000378040	0	0	0	0	0.063	0.908	0.900	0.926	0.999
BCL2	VDAC1	9606.ENSP00000381185	9606.ENSP00000378487	0	0	0	0	0.045	0.297	0.720	0.995	0.998
BCL2	MAPK8	9606.ENSP00000381185	9606.ENSP00000378974	0	0	0	0	0.094	0.287	0.900	0.713	0.979
BCL2	HRAS	9606.ENSP00000381185	9606.ENSP00000407586	0	0	0	0	0	0.045	0	0.938	0.938
BCL2	HIF1A	9606.ENSP00000381185	9606.ENSP00000437955	0	0	0	0	0	0.510	0	0.895	0.946
BCL2	AKT3	9606.ENSP00000381185	9606.ENSP00000500582	0	0	0	0	0.056	0	0.900	0.486	0.947
BCL2	AMBRA1	9606.ENSP00000381185	9606.ENSP00000431926	0	0	0	0	0	0.363	0	0.931	0.954
BCL2	MAPK9	9606.ENSP00000381185	9606.ENSP00000394560	0	0	0	0	0.093	0.042	0.900	0.569	0.957
BCL2	PPP2CA	9606.ENSP00000381185	9606.ENSP00000418447	0	0	0	0	0	0.515	0.900	0.297	0.962
BCL2	DDIT3	9606.ENSP00000381185	9606.ENSP00000448665	0	0	0	0	0.067	0	0.900	0.724	0.972
BCL2	ATG12	9606.ENSP00000381185	9606.ENSP00000425107	0	0	0	0	0.055	0.292	0	0.985	0.989
BCL2	AKT1	9606.ENSP00000381185	9606.ENSP00000451828	0	0	0	0	0	0	0.900	0.934	0.993
BCL2	BBC3	9606.ENSP00000381185	9606.ENSP00000404503	0	0	0	0	0.042	0.882	0.900	0.994	0.999
BCL2A1	HRK	9606.ENSP00000267953	9606.ENSP00000257572	0	0	0	0	0	0	0	0.919	0.919
BCL2A1	HSP90AB1	9606.ENSP00000267953	9606.ENSP00000360609	0	0	0	0	0.060	0	0	0.910	0.912
BCL2A1	HSP90AA1	9606.ENSP00000267953	9606.ENSP00000335153	0	0	0	0	0.060	0	0	0.931	0.933
BCL2A1	BID	9606.ENSP00000267953	9606.ENSP00000318822	0	0	0	0	0.117	0.969	0	0.380	0.981
BCL2A1	BCL2L11	9606.ENSP00000267953	9606.ENSP00000376943	0	0	0	0	0.047	0.981	0	0.985	0.999
BCL2L1	CTSC	9606.ENSP00000365230	9606.ENSP00000227266	0	0	0	0	0	0	0.900	0.137	0.910
BCL2L1	CTSD	9606.ENSP00000365230	9606.ENSP00000236671	0	0	0	0	0.074	0	0.900	0.344	0.934
BCL2L1	KRAS	9606.ENSP00000365230	9606.ENSP00000256078	0	0	0	0	0.047	0.165	0.900	0.807	0.982
BCL2L1	HRK	9606.ENSP00000365230	9606.ENSP00000257572	0	0	0	0	0	0.835	0	0.997	0.999
BCL2L1	STAT3	9606.ENSP00000365230	9606.ENSP00000264657	0	0	0	0	0.055	0.095	0.750	0.790	0.949
BCL2L1	TP53	9606.ENSP00000365230	9606.ENSP00000269305	0	0	0	0	0.074	0.986	0	0.998	0.999
BCL2L1	CTSK	9606.ENSP00000365230	9606.ENSP00000271651	0	0	0	0	0	0	0.900	0.207	0.917
BCL2L1	BAX	9606.ENSP00000365230	9606.ENSP00000293288	0	0	0	0.639	0.082	0.999	0.900	0.882	0.999
BCL2L1	CYCS	9606.ENSP00000365230	9606.ENSP00000307786	0	0	0	0	0.054	0.678	0.900	0.955	0.998
BCL2L1	CTSF	9606.ENSP00000365230	9606.ENSP00000310832	0	0	0	0	0	0	0.900	0.098	0.905
BCL2L1	CASP3	9606.ENSP00000365230	9606.ENSP00000311032	0	0	0	0	0.044	0.209	0	0.940	0.950
BCL2L1	CTSW	9606.ENSP00000365230	9606.ENSP00000311300	0	0	0	0	0.042	0	0.900	0.062	0.902
BCL2L1	BID	9606.ENSP00000365230	9606.ENSP00000318822	0	0	0	0	0.055	0.990	0.900	0.616	0.999
BCL2L1	CASP9	9606.ENSP00000365230	9606.ENSP00000330237	0	0	0	0	0.082	0.822	0	0.959	0.992
BCL2L1	CASP8	9606.ENSP00000365230	9606.ENSP00000351273	0	0	0	0	0.042	0.510	0	0.869	0.933
BCL2L1	BNIP3	9606.ENSP00000365230	9606.ENSP00000357625	0	0	0	0	0	0.294	0.900	0.982	0.998
BCL2L1	CTSS	9606.ENSP00000365230	9606.ENSP00000357981	0	0	0	0	0.042	0	0.900	0.388	0.936
BCL2L1	MCL1	9606.ENSP00000365230	9606.ENSP00000358022	0	0	0	0.620	0.049	0.362	0.900	0.845	0.989
BCL2L1	ATG5	9606.ENSP00000365230	9606.ENSP00000358072	0	0	0	0	0.064	0.292	0	0.989	0.992
BCL2L1	ITPR3	9606.ENSP00000365230	9606.ENSP00000363435	0	0	0	0	0.072	0	0	0.940	0.942
BCL2L1	DNM1L	9606.ENSP00000365230	9606.ENSP00000449089	0	0	0	0	0.055	0.549	0	0.826	0.919
BCL2L1	AKT3	9606.ENSP00000365230	9606.ENSP00000500582	0	0	0	0	0	0	0.900	0.341	0.931
BCL2L1	AKT2	9606.ENSP00000365230	9606.ENSP00000375892	0	0	0	0	0.049	0	0.900	0.413	0.939
BCL2L1	MAPK9	9606.ENSP00000365230	9606.ENSP00000394560	0	0	0	0	0.083	0.292	0.900	0.406	0.956
BCL2L1	MAPK8	9606.ENSP00000365230	9606.ENSP00000378974	0	0	0	0	0.057	0.678	0.900	0.593	0.986
BCL2L1	AKT1	9606.ENSP00000365230	9606.ENSP00000451828	0	0	0	0	0.095	0.292	0.900	0.888	0.991
BCL2L1	PGAM5	9606.ENSP00000365230	9606.ENSP00000438465	0	0	0	0	0.049	0.295	0.900	0.963	0.997
BCL2L1	VDAC1	9606.ENSP00000365230	9606.ENSP00000378487	0	0	0	0	0.066	0.786	0	0.995	0.998
BCL2L1	BCL2	9606.ENSP00000365230	9606.ENSP00000381185	0	0	0	0.894	0	0.863	0.900	0.984	0.999
BCL2L1	BBC3	9606.ENSP00000365230	9606.ENSP00000404503	0	0	0	0	0.062	0.911	0.900	0.988	0.999
BCL2L1	BAD	9606.ENSP00000365230	9606.ENSP00000378040	0	0	0	0	0.102	0.999	0.900	0.964	0.999
BCL2L1	BCL2L11	9606.ENSP00000365230	9606.ENSP00000376943	0	0	0	0	0.049	0.996	0.900	0.999	0.999
BCL2L11	MAPK1	9606.ENSP00000376943	9606.ENSP00000215832	0	0	0	0	0.085	0.292	0.900	0.373	0.953
BCL2L11	MAPK3	9606.ENSP00000376943	9606.ENSP00000263025	0	0	0	0	0.081	0.292	0.900	0.596	0.970
BCL2L11	BCL2A1	9606.ENSP00000376943	9606.ENSP00000267953	0	0	0	0	0.047	0.981	0	0.985	0.999
BCL2L11	BAX	9606.ENSP00000376943	9606.ENSP00000293288	0	0	0	0	0.060	0.929	0.900	0.837	0.998
BCL2L11	BID	9606.ENSP00000376943	9606.ENSP00000318822	0	0	0	0	0	0.405	0.900	0.737	0.982
BCL2L11	MCL1	9606.ENSP00000376943	9606.ENSP00000358022	0	0	0	0	0.072	0.998	0.900	0.999	0.999
BCL2L11	BCL2L1	9606.ENSP00000376943	9606.ENSP00000365230	0	0	0	0	0.049	0.996	0.900	0.999	0.999
BCL2L11	BAD	9606.ENSP00000376943	9606.ENSP00000378040	0	0	0	0	0	0.292	0.750	0.574	0.918
BCL2L11	MAPK8	9606.ENSP00000376943	9606.ENSP00000378974	0	0	0	0	0.060	0.292	0.750	0.727	0.948
BCL2L11	DDIT3	9606.ENSP00000376943	9606.ENSP00000448665	0	0	0	0	0.049	0	0.900	0.581	0.956
BCL2L11	BBC3	9606.ENSP00000376943	9606.ENSP00000404503	0	0	0	0	0.060	0	0.900	0.720	0.971
BCL2L11	BCL2	9606.ENSP00000376943	9606.ENSP00000381185	0	0	0	0	0.060	0.956	0.900	0.999	0.999
BCS1L	COX15	9606.ENSP00000413908	9606.ENSP00000016171	0	0	0	0	0.109	0	0.720	0.788	0.942
BCS1L	COX10	9606.ENSP00000413908	9606.ENSP00000261643	0	0	0	0	0.345	0	0.540	0.797	0.933
BCS1L	UQCRC2	9606.ENSP00000413908	9606.ENSP00000268379	0.042	0	0	0	0.094	0.100	0.720	0.690	0.920
BCS1L	UQCRFS1	9606.ENSP00000413908	9606.ENSP00000306397	0	0	0	0	0.133	0.283	0.720	0.756	0.952
BCS1L	UQCRQ	9606.ENSP00000413908	9606.ENSP00000367939	0	0	0	0	0.215	0	0.540	0.934	0.974
BCS1L	UQCRB	9606.ENSP00000413908	9606.ENSP00000430494	0	0	0	0	0.130	0	0.540	0.896	0.955
BID	CTSC	9606.ENSP00000318822	9606.ENSP00000227266	0	0	0	0	0.104	0	0.900	0.065	0.908
BID	CTSD	9606.ENSP00000318822	9606.ENSP00000236671	0	0	0	0	0.074	0	0.900	0.181	0.917
BID	BCL2A1	9606.ENSP00000318822	9606.ENSP00000267953	0	0	0	0	0.117	0.969	0	0.380	0.981
BID	CTSK	9606.ENSP00000318822	9606.ENSP00000271651	0	0	0	0	0.102	0	0.900	0.101	0.912
BID	BAX	9606.ENSP00000318822	9606.ENSP00000293288	0	0	0	0	0.067	0.869	0.900	0.914	0.998
BID	CAPN2	9606.ENSP00000318822	9606.ENSP00000295006	0	0	0	0	0.083	0.310	0.900	0.136	0.938
BID	FADD	9606.ENSP00000318822	9606.ENSP00000301838	0	0	0	0	0.148	0.742	0	0.599	0.904
BID	CTSF	9606.ENSP00000318822	9606.ENSP00000310832	0	0	0	0	0.060	0	0.900	0	0.901
BID	CTSW	9606.ENSP00000318822	9606.ENSP00000311300	0	0	0	0	0.062	0	0.900	0	0.902
BID	CASP2	9606.ENSP00000318822	9606.ENSP00000312664	0	0	0	0	0.093	0.512	0.900	0.454	0.972
BID	MAPK9	9606.ENSP00000318822	9606.ENSP00000394560	0	0	0	0	0.042	0	0.900	0.152	0.911
BID	CAPN1	9606.ENSP00000318822	9606.ENSP00000431984	0	0	0	0	0.093	0.087	0.900	0.130	0.918
BID	PIDD1	9606.ENSP00000318822	9606.ENSP00000337797	0	0	0	0	0.052	0	0.900	0.312	0.929
BID	CASP1	9606.ENSP00000318822	9606.ENSP00000433138	0	0	0	0	0.144	0.045	0.900	0.368	0.941
BID	MAPK8	9606.ENSP00000318822	9606.ENSP00000378974	0	0	0	0	0.044	0.448	0.900	0.245	0.954
BID	CTSS	9606.ENSP00000318822	9606.ENSP00000357981	0	0	0	0	0.154	0	0.900	0.536	0.957
BID	BBC3	9606.ENSP00000318822	9606.ENSP00000404503	0	0	0	0	0	0	0.900	0.626	0.961
BID	BCL2L11	9606.ENSP00000318822	9606.ENSP00000376943	0	0	0	0	0	0.405	0.900	0.737	0.982
BID	CASP8	9606.ENSP00000318822	9606.ENSP00000351273	0	0	0	0	0.111	0.618	0.900	0.817	0.992
BID	MCL1	9606.ENSP00000318822	9606.ENSP00000358022	0	0	0	0	0.107	0.986	0	0.724	0.996
BID	BCL2	9606.ENSP00000318822	9606.ENSP00000381185	0	0	0	0	0.055	0.872	0.900	0.920	0.998
BID	BCL2L1	9606.ENSP00000318822	9606.ENSP00000365230	0	0	0	0	0.055	0.990	0.900	0.616	0.999
BIRC2	TNFRSF1A	9606.ENSP00000477613	9606.ENSP00000162749	0	0	0	0	0	0.994	0.900	0.995	0.999
BIRC2	RIPK3	9606.ENSP00000477613	9606.ENSP00000216274	0	0	0	0	0.051	0.329	0.900	0.672	0.976
BIRC2	TANK	9606.ENSP00000477613	9606.ENSP00000259075	0	0	0	0	0.124	0.620	0	0.818	0.934
BIRC2	RIPK1	9606.ENSP00000477613	9606.ENSP00000259808	0	0	0	0	0.170	0.893	0.900	0.996	0.999
BIRC2	TRAF5	9606.ENSP00000477613	9606.ENSP00000261464	0	0	0	0	0	0.066	0.900	0.991	0.999
BIRC2	BIRC3	9606.ENSP00000477613	9606.ENSP00000263464	0	0	0.053	0.975	0.159	0.292	0.900	0.952	0.996
BIRC2	FADD	9606.ENSP00000477613	9606.ENSP00000301838	0	0	0	0	0	0.092	0.900	0.940	0.994
BIRC2	CASP3	9606.ENSP00000477613	9606.ENSP00000311032	0	0	0	0	0.124	0.843	0.900	0.810	0.997
BIRC2	CFLAR	9606.ENSP00000477613	9606.ENSP00000312455	0	0	0	0	0.074	0.184	0	0.937	0.948
BIRC2	RNF31	9606.ENSP00000477613	9606.ENSP00000315112	0	0	0	0	0	0.673	0.900	0.863	0.995
BIRC2	CASP9	9606.ENSP00000477613	9606.ENSP00000330237	0	0	0	0	0.074	0.911	0.900	0.911	0.999
BIRC2	CASP8	9606.ENSP00000477613	9606.ENSP00000351273	0	0	0	0	0.085	0.784	0	0.865	0.971
BIRC2	SEPTIN4	9606.ENSP00000477613	9606.ENSP00000354874	0	0	0	0	0	0.091	0.900	0.125	0.913
BIRC2	CASP7	9606.ENSP00000477613	9606.ENSP00000358327	0	0	0	0	0.086	0.872	0.900	0.809	0.997
BIRC2	SHARPIN	9606.ENSP00000477613	9606.ENSP00000381698	0	0	0	0	0.042	0.292	0.900	0.801	0.984
BIRC2	CYLD	9606.ENSP00000477613	9606.ENSP00000392025	0	0	0	0	0.135	0.042	0.500	0.878	0.943
BIRC2	TNF	9606.ENSP00000477613	9606.ENSP00000398698	0	0	0	0	0.069	0.994	0.500	0.785	0.999
BIRC2	TRAF6	9606.ENSP00000477613	9606.ENSP00000433623	0	0	0	0	0.074	0.522	0.540	0.973	0.993
BIRC2	TNFAIP3	9606.ENSP00000477613	9606.ENSP00000481570	0	0	0	0	0.101	0.663	0.500	0.599	0.931
BIRC2	DIABLO	9606.ENSP00000477613	9606.ENSP00000499058	0	0	0	0	0.049	0.950	0.540	0.994	0.999
BIRC3	TNFRSF1A	9606.ENSP00000263464	9606.ENSP00000162749	0	0	0	0	0	0.994	0.900	0.924	0.999
BIRC3	RIPK3	9606.ENSP00000263464	9606.ENSP00000216274	0	0	0	0	0.093	0.329	0.900	0.463	0.963
BIRC3	NFKB1	9606.ENSP00000263464	9606.ENSP00000226574	0	0	0	0	0.202	0.608	0	0.822	0.939
BIRC3	RIPK1	9606.ENSP00000263464	9606.ENSP00000259808	0	0	0	0	0.101	0.855	0.900	0.993	0.999
BIRC3	TRAF5	9606.ENSP00000263464	9606.ENSP00000261464	0	0	0	0	0.080	0.066	0.900	0.976	0.997
BIRC3	TNFAIP3	9606.ENSP00000263464	9606.ENSP00000481570	0	0	0	0	0.487	0.292	0.500	0.595	0.916
BIRC3	CASP8	9606.ENSP00000263464	9606.ENSP00000351273	0	0	0	0	0.104	0.616	0	0.792	0.922
BIRC3	SEPTIN4	9606.ENSP00000263464	9606.ENSP00000354874	0	0	0	0	0	0.328	0.900	0.087	0.933
BIRC3	CYLD	9606.ENSP00000263464	9606.ENSP00000392025	0	0	0	0	0.281	0	0.500	0.857	0.944
BIRC3	RNF31	9606.ENSP00000263464	9606.ENSP00000315112	0	0	0	0	0	0.215	0.900	0.373	0.946
BIRC3	SHARPIN	9606.ENSP00000263464	9606.ENSP00000381698	0	0	0	0	0	0.292	0.900	0.314	0.947
BIRC3	FADD	9606.ENSP00000263464	9606.ENSP00000301838	0	0	0	0	0	0.092	0.900	0.595	0.960
BIRC3	TNF	9606.ENSP00000263464	9606.ENSP00000398698	0	0	0	0	0.161	0.510	0.500	0.849	0.964
BIRC3	TRAF6	9606.ENSP00000263464	9606.ENSP00000433623	0	0	0	0	0.047	0.717	0.400	0.937	0.988
BIRC3	CASP7	9606.ENSP00000263464	9606.ENSP00000358327	0	0	0	0	0.105	0.656	0.900	0.709	0.989
BIRC3	DIABLO	9606.ENSP00000263464	9606.ENSP00000499058	0	0	0	0	0	0.904	0	0.931	0.993
BIRC3	CASP9	9606.ENSP00000263464	9606.ENSP00000330237	0	0	0	0	0.067	0.860	0.900	0.763	0.996
BIRC3	BIRC2	9606.ENSP00000263464	9606.ENSP00000477613	0	0	0.053	0.975	0.159	0.292	0.900	0.952	0.996
BIRC3	CASP3	9606.ENSP00000263464	9606.ENSP00000311032	0	0	0	0	0.106	0.643	0.900	0.922	0.997
BIRC5	TP53	9606.ENSP00000301633	9606.ENSP00000269305	0	0	0	0	0.143	0	0.750	0.703	0.930
BIRC5	CASP9	9606.ENSP00000301633	9606.ENSP00000330237	0	0	0	0	0.124	0.728	0	0.658	0.911
BIRC5	CASP3	9606.ENSP00000301633	9606.ENSP00000311032	0	0	0	0	0.132	0.583	0	0.786	0.916
BIRC5	DIABLO	9606.ENSP00000301633	9606.ENSP00000499058	0	0	0	0	0	0.867	0	0.418	0.919
BIRC6	BIRC7	9606.ENSP00000393596	9606.ENSP00000217169	0	0	0	0	0.058	0.091	0	0.917	0.922
BIRC6	CASP9	9606.ENSP00000393596	9606.ENSP00000330237	0	0	0	0	0.067	0.682	0	0.788	0.931
BIRC6	DIABLO	9606.ENSP00000393596	9606.ENSP00000499058	0	0	0	0	0	0.899	0	0.773	0.976
BIRC7	BIRC6	9606.ENSP00000217169	9606.ENSP00000393596	0	0	0	0	0.058	0.091	0	0.917	0.922
BIRC7	DIABLO	9606.ENSP00000217169	9606.ENSP00000499058	0	0	0	0	0	0.907	0	0.879	0.988
BIRC7	CASP3	9606.ENSP00000217169	9606.ENSP00000311032	0	0	0	0	0.067	0.727	0.900	0.752	0.992
BIRC7	CASP7	9606.ENSP00000217169	9606.ENSP00000358327	0	0	0	0	0.067	0.485	0.900	0.872	0.993
BIRC7	CASP9	9606.ENSP00000217169	9606.ENSP00000330237	0	0	0	0	0.067	0.862	0.900	0.916	0.998
BNIP3	GABARAPL2	9606.ENSP00000357625	9606.ENSP00000037243	0	0	0	0	0.076	0	0.900	0.970	0.997
BNIP3	RHEB	9606.ENSP00000357625	9606.ENSP00000262187	0	0	0	0	0.067	0.329	0.900	0.980	0.998
BNIP3	PPID	9606.ENSP00000357625	9606.ENSP00000303754	0	0	0	0	0.060	0	0.900	0.538	0.952
BNIP3	GABARAP	9606.ENSP00000357625	9606.ENSP00000306866	0	0	0	0	0.069	0	0.900	0.993	0.999
BNIP3	VDAC1	9606.ENSP00000357625	9606.ENSP00000378487	0	0	0	0	0.143	0	0	0.915	0.924
BNIP3	MAP1LC3B	9606.ENSP00000357625	9606.ENSP00000498476	0	0	0	0	0.090	0.323	0	0.916	0.943
BNIP3	GABARAPL1	9606.ENSP00000357625	9606.ENSP00000411256	0	0	0	0	0.072	0	0.900	0.968	0.996
BNIP3	BCL2L1	9606.ENSP00000357625	9606.ENSP00000365230	0	0	0	0	0	0.294	0.900	0.982	0.998
BNIP3	BCL2	9606.ENSP00000357625	9606.ENSP00000381185	0	0	0	0	0	0.711	0.900	0.998	0.999
BOK	MCL1	9606.ENSP00000314132	9606.ENSP00000358022	0	0	0	0	0	0.230	0	0.981	0.985
C9orf72	RB1CC1	9606.ENSP00000482753	9606.ENSP00000025008	0	0	0	0	0.074	0.625	0.900	0.592	0.983
C9orf72	WDR41	9606.ENSP00000482753	9606.ENSP00000296679	0	0	0	0	0.044	0.977	0.800	0.994	0.999
C9orf72	RAB8A	9606.ENSP00000482753	9606.ENSP00000300935	0	0	0	0	0	0.497	0.900	0.642	0.980
C9orf72	ULK1	9606.ENSP00000482753	9606.ENSP00000324560	0	0	0	0	0	0.778	0.900	0.565	0.989
C9orf72	ATG101	9606.ENSP00000482753	9606.ENSP00000338990	0	0	0	0	0	0.510	0.900	0.608	0.979
C9orf72	RAB39B	9606.ENSP00000482753	9606.ENSP00000358466	0	0	0	0	0.060	0.624	0.900	0.576	0.983
C9orf72	ULK2	9606.ENSP00000482753	9606.ENSP00000378914	0	0	0	0	0.059	0	0.900	0.154	0.913
C9orf72	SMCR8	9606.ENSP00000482753	9606.ENSP00000385025	0	0	0	0	0.042	0.982	0.800	0.995	0.999
C9orf72	RAB1A	9606.ENSP00000482753	9606.ENSP00000387286	0	0	0	0	0.056	0.292	0.900	0.863	0.989
CAMK2A	RIPK3	9606.ENSP00000500386	9606.ENSP00000216274	0	0	0	0.569	0	0.045	0.900	0.061	0.902
CAMK2A	PIK3C3	9606.ENSP00000500386	9606.ENSP00000262039	0	0	0	0	0	0	0.900	0.076	0.903
CAMK2A	CAMK2G	9606.ENSP00000500386	9606.ENSP00000319060	0	0	0.050	0.980	0.095	0.687	0.720	0.382	0.945
CAMK2A	STAT1	9606.ENSP00000500386	9606.ENSP00000354394	0	0	0	0	0.087	0	0.900	0.127	0.913
CAMK2A	CYBB	9606.ENSP00000500386	9606.ENSP00000367851	0	0	0	0	0.042	0	0.900	0.068	0.903
CAMK2A	CAMK2B	9606.ENSP00000500386	9606.ENSP00000379098	0	0	0.051	0.979	0.208	0.944	0.900	0.901	0.999
CAMK2A	CAMK2D	9606.ENSP00000500386	9606.ENSP00000425824	0	0	0.049	0.983	0	0.966	0.720	0.647	0.996
CAMK2B	RIPK3	9606.ENSP00000379098	9606.ENSP00000216274	0	0	0	0.574	0	0.045	0.900	0.059	0.902
CAMK2B	PIK3C3	9606.ENSP00000379098	9606.ENSP00000262039	0	0	0	0	0	0	0.900	0.073	0.903
CAMK2B	CAMK2G	9606.ENSP00000379098	9606.ENSP00000319060	0	0	0.051	0.979	0.063	0.786	0.720	0.053	0.940
CAMK2B	STAT1	9606.ENSP00000379098	9606.ENSP00000354394	0	0	0	0	0.087	0	0.900	0.181	0.918
CAMK2B	CYBB	9606.ENSP00000379098	9606.ENSP00000367851	0	0	0	0	0	0	0.900	0.122	0.908
CAMK2B	CAMK2D	9606.ENSP00000379098	9606.ENSP00000425824	0	0	0.051	0.979	0	0.965	0.720	0.427	0.994
CAMK2B	CAMK2A	9606.ENSP00000379098	9606.ENSP00000500386	0	0	0.051	0.979	0.208	0.944	0.900	0.901	0.999
CAMK2D	CAMK2G	9606.ENSP00000425824	9606.ENSP00000319060	0	0	0.050	0.980	0.076	0.869	0.720	0.055	0.964
CAMK2D	CAMK2B	9606.ENSP00000425824	9606.ENSP00000379098	0	0	0.051	0.979	0	0.965	0.720	0.427	0.994
CAMK2D	CAMK2A	9606.ENSP00000425824	9606.ENSP00000500386	0	0	0.049	0.983	0	0.966	0.720	0.647	0.996
CAMK2G	CAMK2B	9606.ENSP00000319060	9606.ENSP00000379098	0	0	0.051	0.979	0.063	0.786	0.720	0.053	0.940
CAMK2G	CAMK2A	9606.ENSP00000319060	9606.ENSP00000500386	0	0	0.050	0.980	0.095	0.687	0.720	0.382	0.945
CAMK2G	CAMK2D	9606.ENSP00000319060	9606.ENSP00000425824	0	0	0.050	0.980	0.076	0.869	0.720	0.055	0.964
CAMKK2	PRKAA2	9606.ENSP00000312741	9606.ENSP00000360290	0	0	0	0.645	0	0.503	0.900	0.347	0.964
CAPN1	IL1A	9606.ENSP00000431984	9606.ENSP00000263339	0	0	0	0	0.058	0	0.900	0.192	0.917
CAPN1	TP53	9606.ENSP00000431984	9606.ENSP00000269305	0	0	0	0	0.074	0.160	0.900	0.305	0.938
CAPN1	BAX	9606.ENSP00000431984	9606.ENSP00000293288	0	0	0	0	0.063	0	0.900	0.177	0.916
CAPN1	CAPN2	9606.ENSP00000431984	9606.ENSP00000295006	0	0	0.055	0.970	0.093	0.394	0.900	0.645	0.978
CAPN1	BID	9606.ENSP00000431984	9606.ENSP00000318822	0	0	0	0	0.093	0.087	0.900	0.130	0.918
CAPN2	IL1A	9606.ENSP00000295006	9606.ENSP00000263339	0	0	0	0	0.058	0	0.900	0.147	0.912
CAPN2	TP53	9606.ENSP00000295006	9606.ENSP00000269305	0	0	0	0	0.067	0	0.900	0.254	0.924
CAPN2	BAX	9606.ENSP00000295006	9606.ENSP00000293288	0	0	0	0	0.042	0	0.900	0.158	0.912
CAPN2	BID	9606.ENSP00000295006	9606.ENSP00000318822	0	0	0	0	0.083	0.310	0.900	0.136	0.938
CAPN2	CAPN1	9606.ENSP00000295006	9606.ENSP00000431984	0	0	0.055	0.970	0.093	0.394	0.900	0.645	0.978
CASP1	RIPK3	9606.ENSP00000433138	9606.ENSP00000216274	0	0	0	0	0.205	0.067	0	0.907	0.925
CASP1	PYCARD	9606.ENSP00000433138	9606.ENSP00000247470	0	0	0	0	0.318	0.983	0.900	0.999	0.999
CASP1	IL1A	9606.ENSP00000433138	9606.ENSP00000263339	0	0	0	0	0.107	0.292	0.500	0.912	0.968
CASP1	IL1B	9606.ENSP00000433138	9606.ENSP00000263341	0	0	0	0	0.265	0.787	0.900	0.987	0.999
CASP1	CASP6	9606.ENSP00000433138	9606.ENSP00000265164	0	0	0	0.614	0.069	0	0.540	0.833	0.922
CASP1	IL18	9606.ENSP00000433138	9606.ENSP00000280357	0	0	0	0	0.105	0.292	0.900	0.979	0.998
CASP1	FADD	9606.ENSP00000433138	9606.ENSP00000301838	0	0	0	0	0.087	0.067	0	0.950	0.954
CASP1	CFLAR	9606.ENSP00000433138	9606.ENSP00000312455	0	0	0	0	0.115	0	0	0.936	0.940
CASP1	BID	9606.ENSP00000433138	9606.ENSP00000318822	0	0	0	0	0.144	0.045	0.900	0.368	0.941
CASP1	CASP8	9606.ENSP00000433138	9606.ENSP00000351273	0	0	0	0.580	0.152	0.544	0.900	0.986	0.999
CASP1	TLR4	9606.ENSP00000433138	9606.ENSP00000363089	0	0	0	0	0.263	0.062	0	0.888	0.916
CASP1	IL33	9606.ENSP00000433138	9606.ENSP00000370842	0	0	0	0	0.074	0.510	0.900	0.765	0.987
CASP1	CASP5	9606.ENSP00000433138	9606.ENSP00000376849	0	0	0.081	0.914	0.382	0	0.900	0.984	0.998
CASP1	CASP4	9606.ENSP00000433138	9606.ENSP00000388566	0	0	0.071	0.935	0.567	0	0.900	0.921	0.996
CASP1	TNF	9606.ENSP00000433138	9606.ENSP00000398698	0	0	0	0	0.171	0.091	0	0.883	0.904
CASP1	GSDMD	9606.ENSP00000433138	9606.ENSP00000433209	0	0	0	0	0.134	0.932	0.900	0.905	0.999
CASP2	CASP3	9606.ENSP00000312664	9606.ENSP00000311032	0	0	0	0.765	0.049	0.596	0.700	0.236	0.900
CASP2	BID	9606.ENSP00000312664	9606.ENSP00000318822	0	0	0	0	0.093	0.512	0.900	0.454	0.972
CASP2	PIDD1	9606.ENSP00000312664	9606.ENSP00000337797	0	0	0	0	0	0.660	0.800	0.998	0.999
CASP3	MAPK1	9606.ENSP00000311032	9606.ENSP00000215832	0	0	0	0	0.100	0.045	0.900	0.599	0.961
CASP3	BIRC7	9606.ENSP00000311032	9606.ENSP00000217169	0	0	0	0	0.067	0.727	0.900	0.752	0.992
CASP3	PARP2	9606.ENSP00000311032	9606.ENSP00000250416	0	0	0	0	0	0.092	0.900	0.269	0.927
CASP3	RIPK1	9606.ENSP00000311032	9606.ENSP00000259808	0	0	0	0	0.136	0.067	0.360	0.842	0.908
CASP3	MAPK3	9606.ENSP00000311032	9606.ENSP00000263025	0	0	0	0	0.067	0.045	0.900	0.858	0.985
CASP3	BIRC3	9606.ENSP00000311032	9606.ENSP00000263464	0	0	0	0	0.106	0.643	0.900	0.922	0.997
CASP3	CASP6	9606.ENSP00000311032	9606.ENSP00000265164	0	0	0.060	0.886	0.056	0.775	0.540	0.593	0.955
CASP3	TP53	9606.ENSP00000311032	9606.ENSP00000269305	0	0	0	0	0.093	0.292	0	0.937	0.956
CASP3	BIRC5	9606.ENSP00000311032	9606.ENSP00000301633	0	0	0	0	0.132	0.583	0	0.786	0.916
CASP3	FADD	9606.ENSP00000311032	9606.ENSP00000301838	0	0	0	0	0.106	0.067	0.360	0.920	0.951
CASP3	CYCS	9606.ENSP00000311032	9606.ENSP00000307786	0	0	0	0	0.074	0	0.900	0.975	0.997
CASP3	CASP2	9606.ENSP00000311032	9606.ENSP00000312664	0	0	0	0.765	0.049	0.596	0.700	0.236	0.900
CASP3	MCL1	9606.ENSP00000311032	9606.ENSP00000358022	0	0	0	0	0.091	0.354	0	0.861	0.911
CASP3	FAS	9606.ENSP00000311032	9606.ENSP00000498466	0	0	0	0	0.116	0.071	0.360	0.851	0.911
CASP3	SPTA1	9606.ENSP00000311032	9606.ENSP00000495214	0	0	0	0	0	0	0.900	0.171	0.913
CASP3	GSDME	9606.ENSP00000311032	9606.ENSP00000339587	0	0	0	0	0.042	0	0.750	0.668	0.913
CASP3	PARP4	9606.ENSP00000311032	9606.ENSP00000371419	0	0	0	0	0.049	0.071	0.900	0.160	0.915
CASP3	GSDMD	9606.ENSP00000311032	9606.ENSP00000433209	0	0	0	0	0.042	0.091	0.750	0.667	0.918
CASP3	PRKCD	9606.ENSP00000311032	9606.ENSP00000331602	0	0	0	0	0.057	0	0.750	0.715	0.927
CASP3	TNF	9606.ENSP00000311032	9606.ENSP00000398698	0	0	0	0	0.098	0.096	0	0.932	0.939
CASP3	MAPK8	9606.ENSP00000311032	9606.ENSP00000378974	0	0	0	0	0.049	0.292	0	0.922	0.943
CASP3	AKT1	9606.ENSP00000311032	9606.ENSP00000451828	0	0	0	0	0.044	0.311	0	0.923	0.945
CASP3	BCL2L1	9606.ENSP00000311032	9606.ENSP00000365230	0	0	0	0	0.044	0.209	0	0.940	0.950
CASP3	CASP7	9606.ENSP00000311032	9606.ENSP00000358327	0	0	0.069	0.940	0.134	0.421	0.900	0.096	0.950
CASP3	SPTAN1	9606.ENSP00000311032	9606.ENSP00000487444	0	0	0	0	0.053	0.428	0.900	0.544	0.972
CASP3	DFFB	9606.ENSP00000311032	9606.ENSP00000339524	0	0	0	0	0	0.095	0.750	0.913	0.978
CASP3	BCL2	9606.ENSP00000311032	9606.ENSP00000381185	0	0	0	0	0.098	0.354	0	0.980	0.987
CASP3	DFFA	9606.ENSP00000311032	9606.ENSP00000366237	0	0	0	0	0.042	0.629	0.900	0.826	0.992
CASP3	BIRC2	9606.ENSP00000311032	9606.ENSP00000477613	0	0	0	0	0.124	0.843	0.900	0.810	0.997
CASP3	CASP8	9606.ENSP00000311032	9606.ENSP00000351273	0	0	0.088	0.828	0.105	0.786	0.900	0.983	0.999
CASP3	PARP1	9606.ENSP00000311032	9606.ENSP00000355759	0	0	0	0	0.064	0.867	0.900	0.953	0.999
CASP3	CASP9	9606.ENSP00000311032	9606.ENSP00000330237	0	0	0	0.827	0.049	0.846	0.900	0.957	0.999
CASP4	IL1B	9606.ENSP00000388566	9606.ENSP00000263341	0	0	0	0	0.183	0.047	0.900	0.830	0.985
CASP4	IL18	9606.ENSP00000388566	9606.ENSP00000280357	0	0	0	0	0.098	0.292	0.900	0.550	0.967
CASP4	CASP5	9606.ENSP00000388566	9606.ENSP00000376849	0	0	0.053	0.974	0.463	0.682	0.900	0.394	0.988
CASP4	CASP1	9606.ENSP00000388566	9606.ENSP00000433138	0	0	0.071	0.935	0.567	0	0.900	0.921	0.996
CASP4	GSDMD	9606.ENSP00000388566	9606.ENSP00000433209	0	0	0	0	0.155	0.943	0.900	0.738	0.998
CASP5	PYCARD	9606.ENSP00000376849	9606.ENSP00000247470	0	0	0	0	0.160	0.094	0.900	0.997	0.999
CASP5	GSDMD	9606.ENSP00000376849	9606.ENSP00000433209	0	0	0	0	0.122	0.266	0.900	0.804	0.985
CASP5	CASP4	9606.ENSP00000376849	9606.ENSP00000388566	0	0	0.053	0.974	0.463	0.682	0.900	0.394	0.988
CASP5	CASP1	9606.ENSP00000376849	9606.ENSP00000433138	0	0	0.081	0.914	0.382	0	0.900	0.984	0.998
CASP6	LMNB1	9606.ENSP00000265164	9606.ENSP00000261366	0	0	0	0	0.055	0.102	0.900	0.420	0.944
CASP6	CASP1	9606.ENSP00000265164	9606.ENSP00000433138	0	0	0	0.614	0.069	0	0.540	0.833	0.922
CASP6	LMNA	9606.ENSP00000265164	9606.ENSP00000357283	0	0	0	0	0.055	0.102	0.900	0.383	0.940
CASP6	LMNB2	9606.ENSP00000265164	9606.ENSP00000327054	0	0	0	0	0.057	0.102	0.900	0.399	0.942
CASP6	CASP9	9606.ENSP00000265164	9606.ENSP00000330237	0	0	0	0.726	0.060	0.088	0.900	0.512	0.952
CASP6	CASP3	9606.ENSP00000265164	9606.ENSP00000311032	0	0	0.060	0.886	0.056	0.775	0.540	0.593	0.955
CASP6	CASP8	9606.ENSP00000265164	9606.ENSP00000351273	0	0	0	0.757	0.108	0.744	0.900	0.910	0.997
CASP7	BIRC7	9606.ENSP00000358327	9606.ENSP00000217169	0	0	0	0	0.067	0.485	0.900	0.872	0.993
CASP7	PARP2	9606.ENSP00000358327	9606.ENSP00000250416	0	0	0	0	0.044	0.092	0.900	0.162	0.917
CASP7	BIRC3	9606.ENSP00000358327	9606.ENSP00000263464	0	0	0	0	0.105	0.656	0.900	0.709	0.989
CASP7	CYCS	9606.ENSP00000358327	9606.ENSP00000307786	0	0	0	0	0.076	0	0.400	0.903	0.942
CASP7	CASP3	9606.ENSP00000358327	9606.ENSP00000311032	0	0	0.069	0.940	0.134	0.421	0.900	0.096	0.950
CASP7	CASP9	9606.ENSP00000358327	9606.ENSP00000330237	0	0	0	0.704	0.060	0.326	0.900	0.343	0.952
CASP7	CASP8	9606.ENSP00000358327	9606.ENSP00000351273	0	0	0.083	0.746	0.109	0.628	0.900	0.788	0.992
CASP7	PARP1	9606.ENSP00000358327	9606.ENSP00000355759	0	0	0	0	0.062	0.706	0.900	0.848	0.995
CASP7	PARP4	9606.ENSP00000358327	9606.ENSP00000371419	0	0	0	0	0.109	0.071	0.900	0.079	0.913
CASP7	BIRC2	9606.ENSP00000358327	9606.ENSP00000477613	0	0	0	0	0.086	0.872	0.900	0.809	0.997
CASP8	TNFRSF1A	9606.ENSP00000351273	9606.ENSP00000162749	0	0	0	0	0.045	0.593	0	0.996	0.998
CASP8	RIPK3	9606.ENSP00000351273	9606.ENSP00000216274	0	0	0	0	0.101	0.994	0.900	0.997	0.999
CASP8	TNFRSF10A	9606.ENSP00000351273	9606.ENSP00000221132	0	0	0	0	0.063	0.912	0.500	0.944	0.997
CASP8	PYCARD	9606.ENSP00000351273	9606.ENSP00000247470	0	0	0	0	0.092	0.737	0.900	0.736	0.992
CASP8	TICAM1	9606.ENSP00000351273	9606.ENSP00000248244	0	0	0	0	0.083	0.510	0.900	0.560	0.977
CASP8	RIPK1	9606.ENSP00000351273	9606.ENSP00000259808	0	0	0	0	0.122	0.994	0.900	0.997	0.999
CASP8	IL1B	9606.ENSP00000351273	9606.ENSP00000263341	0	0	0	0	0.081	0.320	0.500	0.839	0.943
CASP8	BIRC3	9606.ENSP00000351273	9606.ENSP00000263464	0	0	0	0	0.104	0.616	0	0.792	0.922
CASP8	CASP6	9606.ENSP00000351273	9606.ENSP00000265164	0	0	0	0.757	0.108	0.744	0.900	0.910	0.997
CASP8	TP53	9606.ENSP00000351273	9606.ENSP00000269305	0	0	0	0	0.086	0.292	0.900	0.879	0.991
CASP8	TNFRSF10B	9606.ENSP00000351273	9606.ENSP00000276431	0	0	0	0	0.056	0.920	0.500	0.990	0.999
CASP8	ATM	9606.ENSP00000351273	9606.ENSP00000278616	0	0	0	0	0.197	0	0.900	0.560	0.961
CASP8	TLR3	9606.ENSP00000351273	9606.ENSP00000296795	0	0	0	0	0.100	0.343	0.500	0.770	0.923
CASP8	FADD	9606.ENSP00000351273	9606.ENSP00000301838	0	0	0	0	0.108	0.994	0.900	0.999	0.999
CASP8	CYCS	9606.ENSP00000351273	9606.ENSP00000307786	0	0	0	0	0.058	0	0	0.951	0.952
CASP8	CASP3	9606.ENSP00000351273	9606.ENSP00000311032	0	0	0.088	0.828	0.105	0.786	0.900	0.983	0.999
CASP8	CFLAR	9606.ENSP00000351273	9606.ENSP00000312455	0	0	0	0.651	0.157	0.991	0.900	0.991	0.999
CASP8	BID	9606.ENSP00000351273	9606.ENSP00000318822	0	0	0	0	0.111	0.618	0.900	0.817	0.992
CASP8	CASP9	9606.ENSP00000351273	9606.ENSP00000330237	0	0	0	0.700	0.104	0.628	0.540	0.678	0.944
CASP8	DIABLO	9606.ENSP00000351273	9606.ENSP00000499058	0	0	0	0	0	0	0	0.903	0.903
CASP8	BCL2L1	9606.ENSP00000351273	9606.ENSP00000365230	0	0	0	0	0.042	0.510	0	0.869	0.933
CASP8	BIRC2	9606.ENSP00000351273	9606.ENSP00000477613	0	0	0	0	0.085	0.784	0	0.865	0.971
CASP8	CYLD	9606.ENSP00000351273	9606.ENSP00000392025	0	0	0	0	0.071	0.304	0.900	0.625	0.972
CASP8	ATG5	9606.ENSP00000351273	9606.ENSP00000358072	0	0	0	0	0.087	0.235	0	0.967	0.975
CASP8	TRAF6	9606.ENSP00000351273	9606.ENSP00000433623	0	0	0	0	0.094	0.760	0	0.909	0.978
CASP8	BCL2	9606.ENSP00000351273	9606.ENSP00000381185	0	0	0	0	0.086	0.648	0	0.954	0.984
CASP8	CASP7	9606.ENSP00000351273	9606.ENSP00000358327	0	0	0.083	0.746	0.109	0.628	0.900	0.788	0.992
CASP8	CASP1	9606.ENSP00000351273	9606.ENSP00000433138	0	0	0	0.580	0.152	0.544	0.900	0.986	0.999
CASP8	TNF	9606.ENSP00000351273	9606.ENSP00000398698	0	0	0	0	0.101	0.994	0	0.928	0.999
CASP8	FAS	9606.ENSP00000351273	9606.ENSP00000498466	0	0	0	0	0.127	0.927	0.900	0.997	0.999
CASP9	BIRC7	9606.ENSP00000330237	9606.ENSP00000217169	0	0	0	0	0.067	0.862	0.900	0.916	0.998
CASP9	PARP2	9606.ENSP00000330237	9606.ENSP00000250416	0	0	0	0	0.049	0.091	0.900	0.163	0.917
CASP9	BIRC3	9606.ENSP00000330237	9606.ENSP00000263464	0	0	0	0	0.067	0.860	0.900	0.763	0.996
CASP9	CASP6	9606.ENSP00000330237	9606.ENSP00000265164	0	0	0	0.726	0.060	0.088	0.900	0.512	0.952
CASP9	TP53	9606.ENSP00000330237	9606.ENSP00000269305	0	0	0	0	0.067	0	0	0.952	0.953
CASP9	BIRC5	9606.ENSP00000330237	9606.ENSP00000301633	0	0	0	0	0.124	0.728	0	0.658	0.911
CASP9	CYCS	9606.ENSP00000330237	9606.ENSP00000307786	0	0	0	0	0.068	0.915	0.900	0.999	0.999
CASP9	CASP3	9606.ENSP00000330237	9606.ENSP00000311032	0	0	0	0.827	0.049	0.846	0.900	0.957	0.999
CASP9	PARP4	9606.ENSP00000330237	9606.ENSP00000371419	0	0	0	0	0.049	0.071	0.900	0.118	0.911
CASP9	BIRC6	9606.ENSP00000330237	9606.ENSP00000393596	0	0	0	0	0.067	0.682	0	0.788	0.931
CASP9	AKT3	9606.ENSP00000330237	9606.ENSP00000500582	0	0	0	0	0	0.067	0.900	0.381	0.937
CASP9	AKT2	9606.ENSP00000330237	9606.ENSP00000375892	0	0	0	0	0.049	0.067	0.900	0.424	0.942
CASP9	CASP8	9606.ENSP00000330237	9606.ENSP00000351273	0	0	0	0.700	0.104	0.628	0.540	0.678	0.944
CASP9	BCL2	9606.ENSP00000330237	9606.ENSP00000381185	0	0	0	0	0.091	0.125	0	0.938	0.946
CASP9	CASP7	9606.ENSP00000330237	9606.ENSP00000358327	0	0	0	0.704	0.060	0.326	0.900	0.343	0.952
CASP9	DIABLO	9606.ENSP00000330237	9606.ENSP00000499058	0	0	0	0	0.056	0	0	0.958	0.959
CASP9	AKT1	9606.ENSP00000330237	9606.ENSP00000451828	0	0	0	0	0.085	0.067	0.900	0.887	0.989
CASP9	PARP1	9606.ENSP00000330237	9606.ENSP00000355759	0	0	0	0	0.049	0.091	0.900	0.915	0.991
CASP9	BCL2L1	9606.ENSP00000330237	9606.ENSP00000365230	0	0	0	0	0.082	0.822	0	0.959	0.992
CASP9	BIRC2	9606.ENSP00000330237	9606.ENSP00000477613	0	0	0	0	0.074	0.911	0.900	0.911	0.999
CD14	TLR4	9606.ENSP00000385519	9606.ENSP00000363089	0	0	0	0	0.345	0	0.900	0.939	0.995
CFLAR	RIPK3	9606.ENSP00000312455	9606.ENSP00000216274	0	0	0	0	0.115	0.067	0.400	0.987	0.992
CFLAR	TNFRSF10A	9606.ENSP00000312455	9606.ENSP00000221132	0	0	0	0	0.049	0.806	0.500	0.912	0.990
CFLAR	TICAM1	9606.ENSP00000312455	9606.ENSP00000248244	0	0	0	0	0.059	0.292	0.900	0.192	0.939
CFLAR	RIPK1	9606.ENSP00000312455	9606.ENSP00000259808	0	0	0	0	0.106	0.790	0.900	0.995	0.999
CFLAR	TNFRSF10B	9606.ENSP00000312455	9606.ENSP00000276431	0	0	0	0	0.056	0.797	0.500	0.921	0.991
CFLAR	ATG3	9606.ENSP00000312455	9606.ENSP00000283290	0	0	0	0	0.049	0.292	0.900	0.942	0.995
CFLAR	FADD	9606.ENSP00000312455	9606.ENSP00000301838	0	0	0	0	0.047	0.882	0.900	0.999	0.999
CFLAR	CASP1	9606.ENSP00000312455	9606.ENSP00000433138	0	0	0	0	0.115	0	0	0.936	0.940
CFLAR	BIRC2	9606.ENSP00000312455	9606.ENSP00000477613	0	0	0	0	0.074	0.184	0	0.937	0.948
CFLAR	FAS	9606.ENSP00000312455	9606.ENSP00000498466	0	0	0	0	0.177	0.791	0.900	0.867	0.997
CFLAR	CASP8	9606.ENSP00000312455	9606.ENSP00000351273	0	0	0	0.651	0.157	0.991	0.900	0.991	0.999
CHMP1A	CHMP4B	9606.ENSP00000380998	9606.ENSP00000217402	0	0	0	0	0.067	0.718	0.540	0.433	0.922
CHMP1A	CHMP5	9606.ENSP00000380998	9606.ENSP00000223500	0	0	0	0	0.081	0.772	0	0.977	0.994
CHMP1A	VPS4B	9606.ENSP00000380998	9606.ENSP00000238497	0	0	0	0	0.047	0.824	0.900	0.967	0.999
CHMP1A	VPS4A	9606.ENSP00000380998	9606.ENSP00000254950	0	0	0	0	0.306	0.991	0.900	0.974	0.999
CHMP1A	CHMP2B	9606.ENSP00000380998	9606.ENSP00000263780	0	0	0	0	0.113	0.296	0.900	0.957	0.996
CHMP1A	CHMP3	9606.ENSP00000380998	9606.ENSP00000263856	0	0.095	0	0	0.118	0.477	0.540	0.995	0.998
CHMP1A	CHMP4C	9606.ENSP00000380998	9606.ENSP00000297265	0	0	0	0	0	0.533	0.540	0.942	0.986
CHMP1A	CHMP7	9606.ENSP00000380998	9606.ENSP00000380794	0	0	0	0	0.141	0.094	0.540	0.865	0.945
CHMP1A	CHMP4A	9606.ENSP00000380998	9606.ENSP00000476412	0	0	0	0	0.179	0	0.540	0.960	0.983
CHMP1A	CHMP1B	9606.ENSP00000380998	9606.ENSP00000432279	0	0	0.066	0.948	0.061	0.673	0.900	0.756	0.991
CHMP1B	CHMP4B	9606.ENSP00000432279	9606.ENSP00000217402	0	0	0	0	0.058	0.910	0.900	0.415	0.994
CHMP1B	CHMP5	9606.ENSP00000432279	9606.ENSP00000223500	0	0	0	0	0.080	0.936	0	0.914	0.994
CHMP1B	VPS4B	9606.ENSP00000432279	9606.ENSP00000238497	0	0	0	0	0.068	0.722	0.900	0.881	0.996
CHMP1B	VPS4A	9606.ENSP00000432279	9606.ENSP00000254950	0	0	0	0	0.063	0.830	0.900	0.946	0.999
CHMP1B	CHMP2B	9606.ENSP00000432279	9606.ENSP00000263780	0	0	0	0	0.149	0.296	0.900	0.917	0.994
CHMP1B	CHMP3	9606.ENSP00000432279	9606.ENSP00000263856	0	0.107	0	0	0.124	0.878	0.900	0.963	0.999
CHMP1B	CHMP4C	9606.ENSP00000432279	9606.ENSP00000297265	0	0	0	0	0	0.659	0.540	0.817	0.968
CHMP1B	CHMP7	9606.ENSP00000432279	9606.ENSP00000380794	0	0	0	0	0.054	0.094	0.900	0.831	0.983
CHMP1B	CHMP1A	9606.ENSP00000432279	9606.ENSP00000380998	0	0	0.066	0.948	0.061	0.673	0.900	0.756	0.991
CHMP1B	CHMP4A	9606.ENSP00000432279	9606.ENSP00000476412	0	0	0	0	0.100	0	0.900	0.713	0.971
CHMP2B	CHMP4B	9606.ENSP00000263780	9606.ENSP00000217402	0	0	0	0	0.082	0.669	0.900	0.685	0.989
CHMP2B	CHMP5	9606.ENSP00000263780	9606.ENSP00000223500	0	0	0	0	0.179	0.241	0.500	0.729	0.904
CHMP2B	VPS4B	9606.ENSP00000263780	9606.ENSP00000238497	0	0	0	0	0.277	0.939	0.500	0.921	0.998
CHMP2B	VPS4A	9606.ENSP00000263780	9606.ENSP00000254950	0	0	0	0	0.049	0.424	0.500	0.955	0.986
CHMP2B	CHMP4C	9606.ENSP00000263780	9606.ENSP00000297265	0	0	0	0	0.057	0.168	0.540	0.832	0.931
CHMP2B	CHMP7	9606.ENSP00000263780	9606.ENSP00000380794	0	0	0	0	0.049	0	0.900	0.742	0.973
CHMP2B	CHMP4A	9606.ENSP00000263780	9606.ENSP00000476412	0	0	0	0	0.049	0	0.900	0.922	0.991
CHMP2B	CHMP1B	9606.ENSP00000263780	9606.ENSP00000432279	0	0	0	0	0.149	0.296	0.900	0.917	0.994
CHMP2B	CHMP3	9606.ENSP00000263780	9606.ENSP00000263856	0	0	0	0.708	0.153	0.632	0.900	0.887	0.996
CHMP2B	CHMP1A	9606.ENSP00000263780	9606.ENSP00000380998	0	0	0	0	0.113	0.296	0.900	0.957	0.996
CHMP3	CHMP4B	9606.ENSP00000263856	9606.ENSP00000217402	0	0	0	0	0.197	0.949	0.900	0.573	0.998
CHMP3	CHMP5	9606.ENSP00000263856	9606.ENSP00000223500	0	0	0	0	0.146	0.586	0.500	0.989	0.997
CHMP3	VPS4B	9606.ENSP00000263856	9606.ENSP00000238497	0	0	0	0	0.129	0.260	0.500	0.939	0.978
CHMP3	VPS4A	9606.ENSP00000263856	9606.ENSP00000254950	0	0	0	0	0.081	0.621	0.500	0.948	0.989
CHMP3	CHMP2B	9606.ENSP00000263856	9606.ENSP00000263780	0	0	0	0.708	0.153	0.632	0.900	0.887	0.996
CHMP3	CHMP4C	9606.ENSP00000263856	9606.ENSP00000297265	0	0	0	0	0.142	0.615	0.540	0.897	0.982
CHMP3	CHMP7	9606.ENSP00000263856	9606.ENSP00000380794	0	0	0	0	0.110	0.127	0.900	0.879	0.989
CHMP3	CHMP1A	9606.ENSP00000263856	9606.ENSP00000380998	0	0.095	0	0	0.118	0.477	0.540	0.995	0.998
CHMP3	CHMP4A	9606.ENSP00000263856	9606.ENSP00000476412	0	0	0	0	0.049	0.230	0.900	0.999	0.999
CHMP3	CHMP1B	9606.ENSP00000263856	9606.ENSP00000432279	0	0.107	0	0	0.124	0.878	0.900	0.963	0.999
CHMP4A	CHMP4B	9606.ENSP00000476412	9606.ENSP00000217402	0	0	0.061	0.958	0.056	0.457	0.900	0.064	0.946
CHMP4A	VPS4B	9606.ENSP00000476412	9606.ENSP00000238497	0	0	0	0	0.044	0.226	0.500	0.941	0.975
CHMP4A	VPS4A	9606.ENSP00000476412	9606.ENSP00000254950	0	0	0	0	0.056	0.610	0.500	0.937	0.986
CHMP4A	CHMP2B	9606.ENSP00000476412	9606.ENSP00000263780	0	0	0	0	0.049	0	0.900	0.922	0.991
CHMP4A	CHMP3	9606.ENSP00000476412	9606.ENSP00000263856	0	0	0	0	0.049	0.230	0.900	0.999	0.999
CHMP4A	CHMP4C	9606.ENSP00000476412	9606.ENSP00000297265	0	0	0.068	0.945	0	0.230	0.900	0.091	0.926
CHMP4A	CHMP7	9606.ENSP00000476412	9606.ENSP00000380794	0	0	0	0	0.073	0.230	0.900	0.809	0.984
CHMP4A	CHMP1A	9606.ENSP00000476412	9606.ENSP00000380998	0	0	0	0	0.179	0	0.540	0.960	0.983
CHMP4A	CHMP1B	9606.ENSP00000476412	9606.ENSP00000432279	0	0	0	0	0.100	0	0.900	0.713	0.971
CHMP4B	CHMP1A	9606.ENSP00000217402	9606.ENSP00000380998	0	0	0	0	0.067	0.718	0.540	0.433	0.922
CHMP4B	VPS4B	9606.ENSP00000217402	9606.ENSP00000238497	0	0	0	0	0.055	0.748	0.500	0.526	0.936
CHMP4B	CHMP4A	9606.ENSP00000217402	9606.ENSP00000476412	0	0	0.061	0.958	0.056	0.457	0.900	0.064	0.946
CHMP4B	VPS4A	9606.ENSP00000217402	9606.ENSP00000254950	0	0	0	0	0.056	0.797	0.500	0.560	0.952
CHMP4B	CHMP7	9606.ENSP00000217402	9606.ENSP00000380794	0	0	0	0.623	0.063	0.474	0.900	0.432	0.968
CHMP4B	CHMP5	9606.ENSP00000217402	9606.ENSP00000223500	0	0	0.104	0.641	0.161	0.868	0.500	0.528	0.972
CHMP4B	CHMP4C	9606.ENSP00000217402	9606.ENSP00000297265	0	0	0.058	0.965	0	0.739	0.900	0.056	0.973
CHMP4B	CHMP2B	9606.ENSP00000217402	9606.ENSP00000263780	0	0	0	0	0.082	0.669	0.900	0.685	0.989
CHMP4B	CHMP1B	9606.ENSP00000217402	9606.ENSP00000432279	0	0	0	0	0.058	0.910	0.900	0.415	0.994
CHMP4B	CHMP3	9606.ENSP00000217402	9606.ENSP00000263856	0	0	0	0	0.197	0.949	0.900	0.573	0.998
CHMP4C	CHMP4B	9606.ENSP00000297265	9606.ENSP00000217402	0	0	0.058	0.965	0	0.739	0.900	0.056	0.973
CHMP4C	CHMP5	9606.ENSP00000297265	9606.ENSP00000223500	0	0	0.225	0	0.110	0.759	0.500	0.918	0.992
CHMP4C	VPS4B	9606.ENSP00000297265	9606.ENSP00000238497	0	0	0	0	0.042	0.748	0.500	0.908	0.987
CHMP4C	VPS4A	9606.ENSP00000297265	9606.ENSP00000254950	0	0	0	0	0	0.861	0.500	0.850	0.988
CHMP4C	CHMP2B	9606.ENSP00000297265	9606.ENSP00000263780	0	0	0	0	0.057	0.168	0.540	0.832	0.931
CHMP4C	CHMP3	9606.ENSP00000297265	9606.ENSP00000263856	0	0	0	0	0.142	0.615	0.540	0.897	0.982
CHMP4C	CHMP4A	9606.ENSP00000297265	9606.ENSP00000476412	0	0	0.068	0.945	0	0.230	0.900	0.091	0.926
CHMP4C	CHMP1B	9606.ENSP00000297265	9606.ENSP00000432279	0	0	0	0	0	0.659	0.540	0.817	0.968
CHMP4C	CHMP7	9606.ENSP00000297265	9606.ENSP00000380794	0	0	0	0.623	0	0.428	0.900	0.679	0.980
CHMP4C	CHMP1A	9606.ENSP00000297265	9606.ENSP00000380998	0	0	0	0	0	0.533	0.540	0.942	0.986
CHMP5	CHMP4B	9606.ENSP00000223500	9606.ENSP00000217402	0	0	0.104	0.641	0.161	0.868	0.500	0.528	0.972
CHMP5	CHMP2B	9606.ENSP00000223500	9606.ENSP00000263780	0	0	0	0	0.179	0.241	0.500	0.729	0.904
CHMP5	CHMP7	9606.ENSP00000223500	9606.ENSP00000380794	0	0	0	0	0.057	0.088	0.500	0.883	0.943
CHMP5	CHMP4C	9606.ENSP00000223500	9606.ENSP00000297265	0	0	0.225	0	0.110	0.759	0.500	0.918	0.992
CHMP5	CHMP1B	9606.ENSP00000223500	9606.ENSP00000432279	0	0	0	0	0.080	0.936	0	0.914	0.994
CHMP5	CHMP1A	9606.ENSP00000223500	9606.ENSP00000380998	0	0	0	0	0.081	0.772	0	0.977	0.994
CHMP5	CHMP3	9606.ENSP00000223500	9606.ENSP00000263856	0	0	0	0	0.146	0.586	0.500	0.989	0.997
CHMP5	VPS4A	9606.ENSP00000223500	9606.ENSP00000254950	0	0	0	0	0.117	0.507	0.900	0.970	0.998
CHMP5	VPS4B	9606.ENSP00000223500	9606.ENSP00000238497	0	0	0	0	0.183	0.613	0.900	0.968	0.998
CHMP7	CHMP4B	9606.ENSP00000380794	9606.ENSP00000217402	0	0	0	0.623	0.063	0.474	0.900	0.432	0.968
CHMP7	CHMP5	9606.ENSP00000380794	9606.ENSP00000223500	0	0	0	0	0.057	0.088	0.500	0.883	0.943
CHMP7	CHMP2B	9606.ENSP00000380794	9606.ENSP00000263780	0	0	0	0	0.049	0	0.900	0.742	0.973
CHMP7	CHMP3	9606.ENSP00000380794	9606.ENSP00000263856	0	0	0	0	0.110	0.127	0.900	0.879	0.989
CHMP7	CHMP4C	9606.ENSP00000380794	9606.ENSP00000297265	0	0	0	0.623	0	0.428	0.900	0.679	0.980
CHMP7	CHMP1A	9606.ENSP00000380794	9606.ENSP00000380998	0	0	0	0	0.141	0.094	0.540	0.865	0.945
CHMP7	CHMP1B	9606.ENSP00000380794	9606.ENSP00000432279	0	0	0	0	0.054	0.094	0.900	0.831	0.983
CHMP7	CHMP4A	9606.ENSP00000380794	9606.ENSP00000476412	0	0	0	0	0.073	0.230	0.900	0.809	0.984
COA1	MT-ND2	9606.ENSP00000379218	9606.ENSP00000355046	0	0	0	0	0	0	0.900	0.241	0.920
COA3	COX14	9606.ENSP00000354762	9606.ENSP00000326052	0	0	0	0	0.434	0.621	0	0.984	0.996
COA3	SURF1	9606.ENSP00000354762	9606.ENSP00000361042	0	0	0	0	0.111	0.329	0	0.877	0.920
COA6	COX6A1	9606.ENSP00000355574	9606.ENSP00000229379	0	0	0	0	0.382	0.478	0.501	0.552	0.918
COA6	SCO1	9606.ENSP00000355574	9606.ENSP00000255390	0	0	0	0	0.141	0.399	0	0.904	0.946
COA6	COX5B	9606.ENSP00000355574	9606.ENSP00000258424	0	0	0	0	0.415	0.516	0.520	0.656	0.947
COA6	UQCRC2	9606.ENSP00000355574	9606.ENSP00000268379	0	0	0	0	0.271	0.743	0.524	0.308	0.930
COA6	COX6A2	9606.ENSP00000355574	9606.ENSP00000287490	0	0	0	0	0.366	0.478	0.501	0.482	0.903
COA6	UQCRFS1	9606.ENSP00000355574	9606.ENSP00000306397	0	0	0	0	0.345	0.748	0.628	0.277	0.949
COA6	UQCRH	9606.ENSP00000355574	9606.ENSP00000309565	0	0	0	0	0.394	0.513	0.570	0.307	0.900
COA6	CYC1	9606.ENSP00000355574	9606.ENSP00000317159	0	0	0	0	0.373	0.749	0.628	0.244	0.949
COA6	COX5A	9606.ENSP00000355574	9606.ENSP00000317780	0	0	0	0	0.694	0.748	0.574	0.565	0.983
COA6	UQCR10	9606.ENSP00000355574	9606.ENSP00000332887	0	0	0	0	0.564	0.748	0.524	0.377	0.963
COA6	MT-CO1	9606.ENSP00000355574	9606.ENSP00000354499	0	0	0	0	0.067	0.748	0.360	0.432	0.903
COA6	MT-CO2	9606.ENSP00000355574	9606.ENSP00000354876	0	0	0	0	0.056	0.811	0.574	0.655	0.970
COA6	MT-CO3	9606.ENSP00000355574	9606.ENSP00000354982	0	0	0	0	0.072	0.748	0.574	0.448	0.937
COA6	COX4I2	9606.ENSP00000355574	9606.ENSP00000365243	0	0	0	0	0.302	0.508	0.520	0.517	0.910
COA6	COX4I1	9606.ENSP00000355574	9606.ENSP00000457513	0	0	0	0	0.326	0.603	0.520	0.480	0.924
COA6	COX6C	9606.ENSP00000355574	9606.ENSP00000429707	0	0	0	0	0.366	0.749	0.360	0.410	0.931
COA6	UQCRQ	9606.ENSP00000355574	9606.ENSP00000367939	0	0	0	0	0.631	0.744	0.524	0.352	0.967
COA6	UQCRB	9606.ENSP00000355574	9606.ENSP00000430494	0	0	0	0	0.616	0.747	0.605	0.411	0.974
COA6	COX7C	9606.ENSP00000355574	9606.ENSP00000425759	0	0	0	0	0.679	0.682	0.574	0.704	0.985
COX10	COX15	9606.ENSP00000261643	9606.ENSP00000016171	0.231	0	0	0	0.697	0.501	0.980	0.948	0.999
COX10	HMOX1	9606.ENSP00000261643	9606.ENSP00000216117	0	0	0	0	0	0	0.900	0.150	0.911
COX10	SCO1	9606.ENSP00000261643	9606.ENSP00000255390	0.120	0	0	0	0.263	0	0	0.949	0.964
COX10	BCS1L	9606.ENSP00000261643	9606.ENSP00000413908	0	0	0	0	0.345	0	0.540	0.797	0.933
COX10	COX6B1	9606.ENSP00000261643	9606.ENSP00000466818	0	0	0	0	0	0.095	0.540	0.894	0.952
COX10	SURF1	9606.ENSP00000261643	9606.ENSP00000361042	0.120	0	0	0	0.308	0.115	0	0.962	0.977
COX10	COX11	9606.ENSP00000261643	9606.ENSP00000299335	0.231	0	0	0	0.846	0.088	0	0.854	0.982
COX10	MT-CO2	9606.ENSP00000261643	9606.ENSP00000354876	0.231	0	0	0	0.833	0	0.540	0.869	0.991
COX10	MT-CO1	9606.ENSP00000261643	9606.ENSP00000354499	0.231	0	0.289	0	0.920	0.092	0.540	0.852	0.996
COX10	MT-CO3	9606.ENSP00000261643	9606.ENSP00000354982	0.231	0	0	0	0.962	0	0.540	0.890	0.998
COX11	COX15	9606.ENSP00000299335	9606.ENSP00000016171	0.231	0	0	0	0.620	0.088	0	0.772	0.931
COX11	SCO1	9606.ENSP00000299335	9606.ENSP00000255390	0.120	0	0	0	0.476	0.125	0	0.915	0.961
COX11	COX17	9606.ENSP00000299335	9606.ENSP00000261070	0	0	0	0	0.119	0	0	0.934	0.939
COX11	COX10	9606.ENSP00000299335	9606.ENSP00000261643	0.231	0	0	0	0.846	0.088	0	0.854	0.982
COX11	COX19	9606.ENSP00000299335	9606.ENSP00000342015	0	0	0	0	0.093	0.355	0	0.848	0.903
COX11	SURF1	9606.ENSP00000299335	9606.ENSP00000361042	0.120	0	0	0	0.672	0.079	0	0.708	0.912
COX11	MT-CO1	9606.ENSP00000299335	9606.ENSP00000354499	0.231	0	0	0	0.515	0	0.802	0.572	0.964
COX11	MT-CO3	9606.ENSP00000299335	9606.ENSP00000354982	0.231	0	0.226	0	0.685	0	0.802	0.495	0.977
COX11	MT-CO2	9606.ENSP00000299335	9606.ENSP00000354876	0.231	0	0	0	0.714	0	0.802	0.574	0.979
COX14	SURF1	9606.ENSP00000326052	9606.ENSP00000361042	0	0	0	0	0.142	0.292	0	0.869	0.913
COX14	COA3	9606.ENSP00000326052	9606.ENSP00000354762	0	0	0	0	0.434	0.621	0	0.984	0.996
COX15	PET117	9606.ENSP00000016171	9606.ENSP00000397881	0	0	0	0	0	0.095	0	0.909	0.914
COX15	COX6B1	9606.ENSP00000016171	9606.ENSP00000466818	0	0	0	0	0.058	0	0.540	0.854	0.931
COX15	COX11	9606.ENSP00000016171	9606.ENSP00000299335	0.231	0	0	0	0.620	0.088	0	0.772	0.931
COX15	COX5A	9606.ENSP00000016171	9606.ENSP00000317780	0	0	0	0	0.067	0.095	0.720	0.782	0.941
COX15	BCS1L	9606.ENSP00000016171	9606.ENSP00000413908	0	0	0	0	0.109	0	0.720	0.788	0.942
COX15	CYC1	9606.ENSP00000016171	9606.ENSP00000317159	0.231	0	0	0	0.135	0.575	0.791	0.446	0.961
COX15	UQCRFS1	9606.ENSP00000016171	9606.ENSP00000306397	0	0	0	0	0.176	0	0.944	0.572	0.978
COX15	SCO1	9606.ENSP00000016171	9606.ENSP00000255390	0.120	0	0	0	0.431	0.315	0.467	0.910	0.980
COX15	MT-CO2	9606.ENSP00000016171	9606.ENSP00000354876	0.231	0	0	0	0.149	0.095	0.944	0.783	0.991
COX15	SURF1	9606.ENSP00000016171	9606.ENSP00000361042	0.120	0	0	0	0.606	0.509	0	0.960	0.992
COX15	MT-CO1	9606.ENSP00000016171	9606.ENSP00000354499	0.231	0	0	0	0.270	0	0.944	0.798	0.992
COX15	MT-CO3	9606.ENSP00000016171	9606.ENSP00000354982	0.231	0	0	0	0.215	0	0.944	0.847	0.994
COX15	COX10	9606.ENSP00000016171	9606.ENSP00000261643	0.231	0	0	0	0.697	0.501	0.980	0.948	0.999
COX17	SCO1	9606.ENSP00000261070	9606.ENSP00000255390	0	0	0	0	0.049	0.466	0	0.989	0.994
COX17	COX11	9606.ENSP00000261070	9606.ENSP00000299335	0	0	0	0	0.119	0	0	0.934	0.939
COX17	COX19	9606.ENSP00000261070	9606.ENSP00000342015	0	0	0	0	0.060	0	0.400	0.974	0.984
COX18	MT-CO2	9606.ENSP00000425261	9606.ENSP00000354876	0	0	0	0	0.112	0.954	0	0.932	0.997
COX19	COX17	9606.ENSP00000342015	9606.ENSP00000261070	0	0	0	0	0.060	0	0.400	0.974	0.984
COX19	COX11	9606.ENSP00000342015	9606.ENSP00000299335	0	0	0	0	0.093	0.355	0	0.848	0.903
COX4I1	NDUFB4	9606.ENSP00000457513	9606.ENSP00000184266	0	0	0	0	0.440	0.856	0	0.341	0.942
COX4I1	UQCRC1	9606.ENSP00000457513	9606.ENSP00000203407	0	0	0	0	0.711	0.969	0.608	0.644	0.998
COX4I1	ATP5F1D	9606.ENSP00000457513	9606.ENSP00000215375	0	0	0	0	0.837	0.267	0	0.487	0.933
COX4I1	NDUFB7	9606.ENSP00000457513	9606.ENSP00000215565	0	0	0	0	0.508	0.897	0	0.413	0.967
COX4I1	COX6A1	9606.ENSP00000457513	9606.ENSP00000229379	0	0	0	0	0.678	0.977	0.851	0.852	0.999
COX4I1	NDUFS7	9606.ENSP00000457513	9606.ENSP00000233627	0	0	0	0	0.691	0.869	0	0.442	0.975
COX4I1	NDUFA2	9606.ENSP00000457513	9606.ENSP00000252102	0	0	0	0	0.462	0.906	0	0.658	0.981
COX4I1	NDUFA10	9606.ENSP00000457513	9606.ENSP00000252711	0	0	0	0	0.629	0.884	0.114	0.513	0.979
COX4I1	COX5B	9606.ENSP00000457513	9606.ENSP00000258424	0	0	0	0	0.923	0.986	0.866	0.934	0.999
COX4I1	NDUFB5	9606.ENSP00000457513	9606.ENSP00000259037	0	0	0	0	0.431	0.851	0	0.450	0.949
COX4I1	ATP5F1B	9606.ENSP00000457513	9606.ENSP00000262030	0	0	0	0	0.865	0.143	0	0.618	0.952
COX4I1	NDUFS3	9606.ENSP00000457513	9606.ENSP00000263774	0	0	0	0	0.741	0.933	0	0.651	0.993
COX4I1	NDUFA9	9606.ENSP00000457513	9606.ENSP00000266544	0	0	0	0	0.852	0.897	0	0.717	0.995
COX4I1	UQCRC2	9606.ENSP00000457513	9606.ENSP00000268379	0	0	0	0	0.654	0.985	0.714	0.867	0.999
COX4I1	NDUFB10	9606.ENSP00000457513	9606.ENSP00000268668	0	0	0	0	0.916	0.876	0	0.477	0.994
COX4I1	NDUFS6	9606.ENSP00000457513	9606.ENSP00000274137	0	0	0	0	0.594	0.882	0	0.407	0.969
COX4I1	NDUFB11	9606.ENSP00000457513	9606.ENSP00000276062	0	0	0	0	0.739	0.874	0	0.358	0.977
COX4I1	NDUFB9	9606.ENSP00000457513	9606.ENSP00000276689	0	0	0	0	0.784	0.876	0	0.474	0.984
COX4I1	NDUFC2	9606.ENSP00000457513	9606.ENSP00000281031	0	0	0	0	0.620	0.841	0	0.361	0.958
COX4I1	COX6A2	9606.ENSP00000457513	9606.ENSP00000287490	0	0	0	0	0.535	0.960	0.659	0.800	0.998
COX4I1	COX7A1	9606.ENSP00000457513	9606.ENSP00000292907	0	0	0	0	0.129	0.936	0.360	0.725	0.989
COX4I1	NDUFS4	9606.ENSP00000457513	9606.ENSP00000296684	0	0	0	0	0.403	0.886	0	0.479	0.961
COX4I1	NDUFB8	9606.ENSP00000457513	9606.ENSP00000299166	0	0	0	0	0.816	0.855	0	0.663	0.990
COX4I1	NDUFA7	9606.ENSP00000457513	9606.ENSP00000301457	0	0	0	0	0.446	0.829	0	0.278	0.926
COX4I1	ATP5PD	9606.ENSP00000457513	9606.ENSP00000301587	0	0	0	0	0.861	0.192	0	0.604	0.952
COX4I1	UQCRFS1	9606.ENSP00000457513	9606.ENSP00000306397	0	0	0	0	0.852	0.967	0.633	0.632	0.999
COX4I1	CYCS	9606.ENSP00000457513	9606.ENSP00000307786	0	0	0	0	0.418	0.527	0.400	0.820	0.966
COX4I1	UQCRH	9606.ENSP00000457513	9606.ENSP00000309565	0	0	0	0	0.679	0.917	0.623	0.819	0.997
COX4I1	NDUFS8	9606.ENSP00000457513	9606.ENSP00000315774	0	0	0	0	0.747	0.880	0	0.413	0.980
COX4I1	CYC1	9606.ENSP00000457513	9606.ENSP00000317159	0	0	0	0	0.863	0.970	0.598	0.548	0.999
COX4I1	COX5A	9606.ENSP00000457513	9606.ENSP00000317780	0	0	0	0	0.923	0.996	0.888	0.992	0.999
COX4I1	COX8A	9606.ENSP00000457513	9606.ENSP00000321260	0	0	0	0	0.358	0.913	0.800	0.692	0.996
COX4I1	NDUFV2	9606.ENSP00000457513	9606.ENSP00000327268	0	0	0	0	0.669	0.862	0	0.478	0.974
COX4I1	NDUFA12	9606.ENSP00000457513	9606.ENSP00000330737	0	0	0	0	0.673	0.864	0	0.396	0.971
COX4I1	UQCR10	9606.ENSP00000457513	9606.ENSP00000332887	0	0	0	0	0.622	0.959	0.632	0.519	0.996
COX4I1	ATP5IF1	9606.ENSP00000457513	9606.ENSP00000335203	0	0	0	0	0.877	0	0	0.348	0.916
COX4I1	NDUFA4	9606.ENSP00000457513	9606.ENSP00000339720	0	0	0	0	0.367	0.860	0.800	0.525	0.990
COX4I1	NDUFV3	9606.ENSP00000457513	9606.ENSP00000346196	0	0	0	0	0.271	0.843	0	0.328	0.916
COX4I1	ATP5F1C	9606.ENSP00000457513	9606.ENSP00000349142	0	0	0	0	0.781	0.207	0	0.508	0.907
COX4I1	MT-CO1	9606.ENSP00000457513	9606.ENSP00000354499	0	0	0	0	0.185	0.987	0.800	0.975	0.999
COX4I1	MT-CYB	9606.ENSP00000457513	9606.ENSP00000354554	0	0	0	0	0.120	0.923	0.540	0.601	0.986
COX4I1	MT-ND6	9606.ENSP00000457513	9606.ENSP00000354665	0	0	0	0	0.049	0.844	0	0.403	0.903
COX4I1	MT-ND1	9606.ENSP00000457513	9606.ENSP00000354687	0	0	0	0	0.160	0.844	0	0.608	0.944
COX4I1	MT-ND5	9606.ENSP00000457513	9606.ENSP00000354813	0	0	0	0	0.097	0.844	0	0.450	0.915
COX4I1	MT-CO2	9606.ENSP00000457513	9606.ENSP00000354876	0	0	0	0	0.410	0.999	0.888	0.900	0.999
COX4I1	MT-ND4	9606.ENSP00000457513	9606.ENSP00000354961	0	0	0	0	0.137	0.844	0	0.445	0.918
COX4I1	MT-CO3	9606.ENSP00000457513	9606.ENSP00000354982	0	0	0	0	0.155	0.984	0.888	0.746	0.999
COX4I1	MT-ND2	9606.ENSP00000457513	9606.ENSP00000355046	0	0	0	0	0.075	0.844	0	0.421	0.909
COX4I1	COA6	9606.ENSP00000457513	9606.ENSP00000355574	0	0	0	0	0.326	0.603	0.520	0.480	0.924
COX4I1	NDUFS2	9606.ENSP00000457513	9606.ENSP00000356972	0	0	0	0	0.907	0.898	0	0.443	0.994
COX4I1	ATP5PB	9606.ENSP00000457513	9606.ENSP00000358737	0	0	0	0	0.855	0.139	0	0.524	0.935
COX4I1	COX7A2	9606.ENSP00000457513	9606.ENSP00000359098	0	0	0	0	0.608	0.893	0.540	0.678	0.993
COX4I1	NDUFA1	9606.ENSP00000457513	9606.ENSP00000360492	0	0	0	0	0.403	0.844	0	0.445	0.943
COX4I1	NDUFS5	9606.ENSP00000457513	9606.ENSP00000362058	0	0	0	0	0.560	0.852	0	0.359	0.954
COX4I1	NDUFA8	9606.ENSP00000457513	9606.ENSP00000362873	0	0	0	0	0.731	0.897	0	0.369	0.981
COX4I1	SDHB	9606.ENSP00000457513	9606.ENSP00000364649	0	0	0	0	0.732	0.185	0	0.715	0.932
COX4I1	COX4I2	9606.ENSP00000457513	9606.ENSP00000365243	0	0	0.072	0.929	0	0	0.900	0.107	0.909
COX4I1	COX7A2L	9606.ENSP00000457513	9606.ENSP00000367938	0	0	0	0	0.145	0.710	0.800	0.417	0.967
COX4I1	UQCRQ	9606.ENSP00000457513	9606.ENSP00000367939	0	0	0	0	0.777	0.978	0.714	0.526	0.999
COX4I1	NDUFB6	9606.ENSP00000457513	9606.ENSP00000369176	0	0	0	0	0.551	0.851	0	0.491	0.963
COX4I1	ATP5F1A	9606.ENSP00000457513	9606.ENSP00000381736	0	0	0	0	0.749	0.126	0	0.674	0.922
COX4I1	NDUFA11	9606.ENSP00000457513	9606.ENSP00000389160	0	0	0	0	0.475	0.830	0	0.359	0.937
COX4I1	NDUFS1	9606.ENSP00000457513	9606.ENSP00000392709	0	0	0	0	0.289	0.910	0	0.503	0.965
COX4I1	NDUFB3	9606.ENSP00000457513	9606.ENSP00000407336	0	0	0	0	0.324	0.852	0	0.413	0.936
COX4I1	NDUFA5	9606.ENSP00000457513	9606.ENSP00000417142	0	0	0	0	0.406	0.900	0	0.405	0.962
COX4I1	NDUFA3	9606.ENSP00000457513	9606.ENSP00000418438	0	0	0	0	0.451	0.844	0	0.356	0.940
COX4I1	NDUFA13	9606.ENSP00000457513	9606.ENSP00000423673	0	0	0	0	0.938	0.881	0	0.399	0.995
COX4I1	COX7C	9606.ENSP00000457513	9606.ENSP00000425759	0	0	0	0	0.885	0.979	0.888	0.689	0.999
COX4I1	COX6C	9606.ENSP00000457513	9606.ENSP00000429707	0	0	0	0	0.840	0.992	0.800	0.736	0.999
COX4I1	UQCRB	9606.ENSP00000457513	9606.ENSP00000430494	0	0	0	0	0.760	0.968	0.632	0.601	0.998
COX4I1	COX6B2	9606.ENSP00000457513	9606.ENSP00000467266	0	0	0	0	0.332	0.577	0.520	0.417	0.910
COX4I1	NDUFB1	9606.ENSP00000457513	9606.ENSP00000483888	0	0	0	0	0.300	0.852	0	0.301	0.921
COX4I1	NDUFAB1	9606.ENSP00000457513	9606.ENSP00000458770	0	0	0	0	0.338	0.856	0	0.381	0.936
COX4I1	NDUFA6	9606.ENSP00000457513	9606.ENSP00000482543	0	0	0	0	0.371	0.852	0	0.499	0.949
COX4I1	NDUFV1	9606.ENSP00000457513	9606.ENSP00000497587	0	0	0	0	0.697	0.864	0	0.475	0.976
COX4I1	UQCR11	9606.ENSP00000457513	9606.ENSP00000467262	0	0	0	0	0.664	0.923	0.540	0.381	0.991
COX4I1	COX7B	9606.ENSP00000457513	9606.ENSP00000497474	0	0	0	0	0.268	0.964	0.800	0.648	0.997
COX4I1	COX6B1	9606.ENSP00000457513	9606.ENSP00000466818	0	0	0	0	0.589	0.969	0.850	0.856	0.999
COX4I2	UQCRC1	9606.ENSP00000365243	9606.ENSP00000203407	0	0	0	0	0.649	0.521	0.608	0.581	0.968
COX4I2	COX6A1	9606.ENSP00000365243	9606.ENSP00000229379	0	0	0	0	0.534	0.894	0.659	0.798	0.996
COX4I2	COX5B	9606.ENSP00000365243	9606.ENSP00000258424	0	0	0	0	0.691	0.626	0.693	0.868	0.994
COX4I2	NDUFA9	9606.ENSP00000365243	9606.ENSP00000266544	0	0	0	0	0.688	0.189	0	0.662	0.907
COX4I2	UQCRC2	9606.ENSP00000365243	9606.ENSP00000268379	0	0	0	0	0.616	0.771	0.714	0.740	0.992
COX4I2	NDUFB10	9606.ENSP00000365243	9606.ENSP00000268668	0	0	0	0	0.829	0.324	0	0.329	0.915
COX4I2	COX6A2	9606.ENSP00000365243	9606.ENSP00000287490	0	0	0	0	0.550	0.747	0.659	0.787	0.990
COX4I2	COX7A1	9606.ENSP00000365243	9606.ENSP00000292907	0	0	0	0	0.186	0.428	0.360	0.731	0.909
COX4I2	UQCRFS1	9606.ENSP00000365243	9606.ENSP00000306397	0	0	0	0	0.789	0.820	0.633	0.586	0.993
COX4I2	CYCS	9606.ENSP00000365243	9606.ENSP00000307786	0	0	0	0	0.402	0.800	0	0.656	0.955
COX4I2	UQCRH	9606.ENSP00000365243	9606.ENSP00000309565	0	0	0	0	0.609	0.472	0.623	0.795	0.982
COX4I2	CYC1	9606.ENSP00000365243	9606.ENSP00000317159	0	0	0	0	0.824	0.837	0.598	0.516	0.993
COX4I2	COX5A	9606.ENSP00000365243	9606.ENSP00000317780	0	0	0	0	0.689	0.918	0.744	0.894	0.999
COX4I2	UQCR10	9606.ENSP00000365243	9606.ENSP00000332887	0	0	0	0	0.538	0.805	0.632	0.439	0.978
COX4I2	MT-CO1	9606.ENSP00000365243	9606.ENSP00000354499	0	0	0	0	0.063	0.627	0.540	0.790	0.961
COX4I2	MT-CO2	9606.ENSP00000365243	9606.ENSP00000354876	0	0	0	0	0.068	0.644	0.744	0.635	0.964
COX4I2	MT-CO3	9606.ENSP00000365243	9606.ENSP00000354982	0	0	0	0	0.090	0.822	0.744	0.499	0.976
COX4I2	COA6	9606.ENSP00000365243	9606.ENSP00000355574	0	0	0	0	0.302	0.508	0.520	0.517	0.910
COX4I2	NDUFS2	9606.ENSP00000365243	9606.ENSP00000356972	0	0	0	0	0.827	0.304	0	0.400	0.921
COX4I2	COX4I1	9606.ENSP00000365243	9606.ENSP00000457513	0	0	0.072	0.929	0	0	0.900	0.107	0.909
COX4I2	NDUFA13	9606.ENSP00000365243	9606.ENSP00000423673	0	0	0	0	0.829	0.301	0	0.301	0.909
COX4I2	COX7B	9606.ENSP00000365243	9606.ENSP00000497474	0	0	0	0	0.190	0.515	0.540	0.590	0.915
COX4I2	COX6B2	9606.ENSP00000365243	9606.ENSP00000467266	0	0	0	0	0.337	0.577	0.520	0.516	0.926
COX4I2	UQCR11	9606.ENSP00000365243	9606.ENSP00000467262	0	0	0	0	0.592	0.539	0.540	0.338	0.935
COX4I2	COX6B1	9606.ENSP00000365243	9606.ENSP00000466818	0	0	0	0	0.332	0.663	0.655	0.785	0.981
COX4I2	COX6C	9606.ENSP00000365243	9606.ENSP00000429707	0	0	0	0	0.356	0.894	0.540	0.501	0.982
COX4I2	UQCRB	9606.ENSP00000365243	9606.ENSP00000430494	0	0	0	0	0.689	0.723	0.632	0.524	0.982
COX4I2	COX7C	9606.ENSP00000365243	9606.ENSP00000425759	0	0	0	0	0.685	0.749	0.744	0.645	0.991
COX4I2	UQCRQ	9606.ENSP00000365243	9606.ENSP00000367939	0	0	0	0	0.649	0.885	0.714	0.431	0.992
COX5A	COX15	9606.ENSP00000317780	9606.ENSP00000016171	0	0	0	0	0.067	0.095	0.720	0.782	0.941
COX5A	NDUFB4	9606.ENSP00000317780	9606.ENSP00000184266	0	0	0	0	0.854	0.853	0	0.499	0.988
COX5A	UQCRC1	9606.ENSP00000317780	9606.ENSP00000203407	0	0	0	0	0.848	0.966	0.657	0.716	0.999
COX5A	ATP5F1D	9606.ENSP00000317780	9606.ENSP00000215375	0	0	0	0	0.929	0.246	0	0.663	0.980
COX5A	NDUFB7	9606.ENSP00000317780	9606.ENSP00000215565	0	0	0	0	0.851	0.830	0	0.451	0.985
COX5A	COX6A1	9606.ENSP00000317780	9606.ENSP00000229379	0	0	0	0	0.835	0.966	0.888	0.958	0.999
COX5A	NDUFS7	9606.ENSP00000317780	9606.ENSP00000233627	0	0	0	0	0.826	0.858	0	0.409	0.984
COX5A	NDUFA2	9606.ENSP00000317780	9606.ENSP00000252102	0	0	0	0	0.599	0.859	0	0.555	0.972
COX5A	NDUFA10	9606.ENSP00000317780	9606.ENSP00000252711	0	0	0	0	0.694	0.876	0	0.541	0.981
COX5A	COX5B	9606.ENSP00000317780	9606.ENSP00000258424	0	0	0	0	0.978	0.995	0.959	0.987	0.999
COX5A	NDUFB5	9606.ENSP00000317780	9606.ENSP00000259037	0	0	0	0	0.882	0.830	0	0.670	0.992
COX5A	ATP5F1B	9606.ENSP00000317780	9606.ENSP00000262030	0	0	0	0	0.756	0.201	0	0.776	0.952
COX5A	NDUFS3	9606.ENSP00000317780	9606.ENSP00000263774	0	0	0	0	0.926	0.886	0	0.606	0.996
COX5A	NDUFA9	9606.ENSP00000317780	9606.ENSP00000266544	0	0	0	0	0.855	0.851	0	0.628	0.991
COX5A	UQCRC2	9606.ENSP00000317780	9606.ENSP00000268379	0	0	0	0	0.923	0.988	0.953	0.732	0.999
COX5A	NDUFB10	9606.ENSP00000317780	9606.ENSP00000268668	0	0	0	0	0.847	0.892	0	0.644	0.993
COX5A	NDUFS6	9606.ENSP00000317780	9606.ENSP00000274137	0	0	0	0	0.857	0.859	0	0.447	0.987
COX5A	NDUFB11	9606.ENSP00000317780	9606.ENSP00000276062	0	0	0	0	0.850	0.830	0	0.365	0.982
COX5A	NDUFB9	9606.ENSP00000317780	9606.ENSP00000276689	0	0	0	0	0.918	0.876	0	0.688	0.996
COX5A	NDUFC2	9606.ENSP00000317780	9606.ENSP00000281031	0	0	0	0	0.730	0.845	0	0.482	0.976
COX5A	ATP5MC3	9606.ENSP00000317780	9606.ENSP00000284727	0	0	0	0	0.852	0.131	0	0.567	0.939
COX5A	COX6A2	9606.ENSP00000317780	9606.ENSP00000287490	0	0	0	0	0.826	0.975	0.744	0.911	0.999
COX5A	ATP5PO	9606.ENSP00000317780	9606.ENSP00000290299	0	0	0	0	0.859	0.161	0	0.563	0.944
COX5A	COX7A1	9606.ENSP00000317780	9606.ENSP00000292907	0	0	0	0	0.109	0.967	0.360	0.728	0.994
COX5A	NDUFS4	9606.ENSP00000317780	9606.ENSP00000296684	0	0	0	0	0.864	0.858	0	0.435	0.988
COX5A	NDUFB8	9606.ENSP00000317780	9606.ENSP00000299166	0	0	0	0	0.930	0.830	0	0.721	0.996
COX5A	ATP5MG	9606.ENSP00000317780	9606.ENSP00000300688	0	0	0	0	0.812	0.137	0	0.499	0.912
COX5A	NDUFA7	9606.ENSP00000317780	9606.ENSP00000301457	0	0	0	0	0.671	0.812	0	0.400	0.959
COX5A	ATP5PD	9606.ENSP00000317780	9606.ENSP00000301587	0	0	0	0	0.973	0.162	0	0.774	0.994
COX5A	ATP5ME	9606.ENSP00000317780	9606.ENSP00000306003	0	0	0	0	0.872	0.096	0	0.486	0.935
COX5A	UQCRFS1	9606.ENSP00000317780	9606.ENSP00000306397	0	0	0	0	0.974	0.991	0.925	0.750	0.999
COX5A	CYCS	9606.ENSP00000317780	9606.ENSP00000307786	0	0	0	0	0.609	0.525	0.400	0.622	0.952
COX5A	UQCRH	9606.ENSP00000317780	9606.ENSP00000309565	0	0	0	0	0.579	0.903	0.633	0.710	0.995
COX5A	NDUFS8	9606.ENSP00000317780	9606.ENSP00000315774	0	0	0	0	0.872	0.852	0	0.713	0.994
COX5A	CYC1	9606.ENSP00000317780	9606.ENSP00000317159	0	0	0	0	0.892	0.992	0.602	0.577	0.999
COX5A	MT-ND5	9606.ENSP00000317780	9606.ENSP00000354813	0	0	0	0	0.118	0.830	0	0.386	0.900
COX5A	HIGD1A	9606.ENSP00000317780	9606.ENSP00000398064	0	0	0	0	0.181	0	0	0.890	0.906
COX5A	MT-ND1	9606.ENSP00000317780	9606.ENSP00000354687	0	0	0	0	0.128	0.830	0	0.427	0.907
COX5A	NDUFA3	9606.ENSP00000317780	9606.ENSP00000418438	0	0	0	0	0.237	0.830	0	0.373	0.911
COX5A	NDUFB1	9606.ENSP00000317780	9606.ENSP00000483888	0	0	0	0	0.286	0.830	0	0.362	0.916
COX5A	NDUFC1	9606.ENSP00000317780	9606.ENSP00000441126	0	0	0	0	0.397	0.811	0	0.323	0.916
COX5A	SDHD	9606.ENSP00000317780	9606.ENSP00000364699	0	0	0	0	0.836	0	0	0.514	0.917
COX5A	NDUFA11	9606.ENSP00000317780	9606.ENSP00000389160	0	0	0	0	0.314	0.824	0	0.399	0.921
COX5A	NDUFV3	9606.ENSP00000317780	9606.ENSP00000346196	0	0	0	0	0.416	0.812	0	0.385	0.926
COX5A	NDUFA1	9606.ENSP00000317780	9606.ENSP00000360492	0	0	0	0	0.324	0.830	0	0.471	0.934
COX5A	ATP5PF	9606.ENSP00000317780	9606.ENSP00000389649	0	0	0	0	0.847	0.329	0	0.515	0.946
COX5A	SDHB	9606.ENSP00000317780	9606.ENSP00000364649	0	0	0	0	0.858	0.096	0	0.615	0.946
COX5A	NDUFB3	9606.ENSP00000317780	9606.ENSP00000407336	0	0	0	0	0.476	0.830	0	0.460	0.947
COX5A	NDUFS5	9606.ENSP00000317780	9606.ENSP00000362058	0	0	0	0	0.500	0.856	0	0.363	0.950
COX5A	NDUFS1	9606.ENSP00000317780	9606.ENSP00000392709	0	0	0	0	0.362	0.844	0	0.550	0.951
COX5A	COX7A2L	9606.ENSP00000317780	9606.ENSP00000367938	0	0	0	0	0.076	0.720	0.800	0.480	0.969
COX5A	ATP5PB	9606.ENSP00000317780	9606.ENSP00000358737	0	0	0	0	0.929	0.213	0	0.639	0.978
COX5A	ATP5F1A	9606.ENSP00000317780	9606.ENSP00000381736	0	0	0	0	0.931	0.176	0	0.665	0.979
COX5A	NDUFS2	9606.ENSP00000317780	9606.ENSP00000356972	0	0	0	0	0.704	0.875	0	0.542	0.981
COX5A	COA6	9606.ENSP00000317780	9606.ENSP00000355574	0	0	0	0	0.694	0.748	0.574	0.565	0.983
COX5A	NDUFA5	9606.ENSP00000317780	9606.ENSP00000417142	0	0	0	0	0.841	0.830	0	0.519	0.985
COX5A	NDUFA13	9606.ENSP00000317780	9606.ENSP00000423673	0	0	0	0	0.870	0.852	0	0.371	0.986
COX5A	NDUFAB1	9606.ENSP00000317780	9606.ENSP00000458770	0	0	0	0	0.817	0.859	0	0.519	0.986
COX5A	NDUFV1	9606.ENSP00000317780	9606.ENSP00000497587	0	0	0	0	0.746	0.901	0	0.544	0.987
COX5A	NDUFA6	9606.ENSP00000317780	9606.ENSP00000482543	0	0	0	0	0.861	0.830	0	0.522	0.987
COX5A	COX6B2	9606.ENSP00000317780	9606.ENSP00000467266	0	0	0	0	0.761	0.784	0.604	0.498	0.988
COX5A	MT-CYB	9606.ENSP00000317780	9606.ENSP00000354554	0	0	0	0	0	0.957	0.540	0.474	0.988
COX5A	ATP5F1C	9606.ENSP00000317780	9606.ENSP00000349142	0	0	0	0	0.966	0.203	0	0.607	0.988
COX5A	NDUFA8	9606.ENSP00000317780	9606.ENSP00000362873	0	0	0	0	0.867	0.830	0	0.568	0.989
COX5A	COX7A2	9606.ENSP00000317780	9606.ENSP00000359098	0	0	0	0	0.765	0.802	0.540	0.641	0.991
COX5A	NDUFB6	9606.ENSP00000317780	9606.ENSP00000369176	0	0	0	0	0.932	0.856	0	0.519	0.994
COX5A	NDUFV2	9606.ENSP00000317780	9606.ENSP00000327268	0	0	0	0	0.919	0.876	0	0.513	0.994
COX5A	COX7B	9606.ENSP00000317780	9606.ENSP00000497474	0	0	0	0	0.273	0.903	0.800	0.745	0.995
COX5A	COX8A	9606.ENSP00000317780	9606.ENSP00000321260	0	0	0	0	0.471	0.825	0.800	0.842	0.996
COX5A	NDUFA4	9606.ENSP00000317780	9606.ENSP00000339720	0	0	0	0	0.497	0.839	0.900	0.744	0.997
COX5A	NDUFA12	9606.ENSP00000317780	9606.ENSP00000330737	0	0	0	0	0.969	0.876	0	0.389	0.997
COX5A	UQCR11	9606.ENSP00000317780	9606.ENSP00000467262	0	0	0	0	0.922	0.923	0.540	0.520	0.998
COX5A	COX6C	9606.ENSP00000317780	9606.ENSP00000429707	0	0	0	0	0.912	0.996	0.935	0.955	0.999
COX5A	MT-CO2	9606.ENSP00000317780	9606.ENSP00000354876	0	0	0	0	0.257	0.999	0.979	0.787	0.999
COX5A	COX4I2	9606.ENSP00000317780	9606.ENSP00000365243	0	0	0	0	0.689	0.918	0.744	0.894	0.999
COX5A	COX4I1	9606.ENSP00000317780	9606.ENSP00000457513	0	0	0	0	0.923	0.996	0.888	0.992	0.999
COX5A	COX7C	9606.ENSP00000317780	9606.ENSP00000425759	0	0	0	0	0.935	0.988	0.979	0.838	0.999
COX5A	MT-CO3	9606.ENSP00000317780	9606.ENSP00000354982	0	0	0	0	0.083	0.991	0.979	0.574	0.999
COX5A	COX6B1	9606.ENSP00000317780	9606.ENSP00000466818	0	0	0	0	0.840	0.974	0.876	0.969	0.999
COX5A	UQCR10	9606.ENSP00000317780	9606.ENSP00000332887	0	0	0	0	0.922	0.986	0.656	0.564	0.999
COX5A	UQCRQ	9606.ENSP00000317780	9606.ENSP00000367939	0	0	0	0	0.940	0.987	0.786	0.715	0.999
COX5A	MT-CO1	9606.ENSP00000317780	9606.ENSP00000354499	0	0	0	0	0.109	0.990	0.967	0.830	0.999
COX5A	UQCRB	9606.ENSP00000317780	9606.ENSP00000430494	0	0	0	0	0.970	0.984	0.656	0.646	0.999
COX5B	NDUFB4	9606.ENSP00000258424	9606.ENSP00000184266	0	0	0	0	0.688	0.854	0	0.686	0.984
COX5B	UQCRC1	9606.ENSP00000258424	9606.ENSP00000203407	0	0	0	0	0.748	0.972	0.635	0.826	0.999
COX5B	ATP5F1D	9606.ENSP00000258424	9606.ENSP00000215375	0	0	0	0	0.929	0.091	0	0.647	0.975
COX5B	NDUFB7	9606.ENSP00000258424	9606.ENSP00000215565	0	0	0	0	0.936	0.854	0	0.541	0.995
COX5B	COX6A1	9606.ENSP00000258424	9606.ENSP00000229379	0	0	0	0	0.892	0.980	0.888	0.966	0.999
COX5B	NDUFS7	9606.ENSP00000258424	9606.ENSP00000233627	0	0	0	0	0.866	0.838	0	0.456	0.987
COX5B	NDUFA2	9606.ENSP00000258424	9606.ENSP00000252102	0	0	0	0	0.916	0.864	0	0.527	0.994
COX5B	NDUFA10	9606.ENSP00000258424	9606.ENSP00000252711	0	0	0	0	0.579	0.881	0	0.715	0.984
COX5B	MT-ND3	9606.ENSP00000258424	9606.ENSP00000355206	0	0	0	0	0.081	0.844	0	0.363	0.900
COX5B	MT-ND4	9606.ENSP00000258424	9606.ENSP00000354961	0	0	0	0	0.115	0.844	0	0.366	0.904
COX5B	NDUFV3	9606.ENSP00000258424	9606.ENSP00000346196	0	0	0	0	0.273	0.817	0	0.419	0.916
COX5B	ATP5ME	9606.ENSP00000258424	9606.ENSP00000306003	0	0	0	0	0.767	0	0	0.656	0.916
COX5B	MT-ND1	9606.ENSP00000258424	9606.ENSP00000354687	0	0	0	0	0.136	0.844	0	0.442	0.918
COX5B	ATP5F1A	9606.ENSP00000258424	9606.ENSP00000381736	0	0	0	0	0.733	0.205	0	0.665	0.922
COX5B	SDHA	9606.ENSP00000258424	9606.ENSP00000264932	0	0	0	0	0.837	0	0	0.563	0.925
COX5B	NDUFC1	9606.ENSP00000258424	9606.ENSP00000441126	0	0	0	0	0.451	0.811	0	0.411	0.933
COX5B	ATP5F1C	9606.ENSP00000258424	9606.ENSP00000349142	0	0	0	0	0.858	0	0	0.624	0.944
COX5B	NDUFAB1	9606.ENSP00000258424	9606.ENSP00000458770	0	0	0	0	0.374	0.864	0	0.399	0.944
COX5B	COA6	9606.ENSP00000258424	9606.ENSP00000355574	0	0	0	0	0.415	0.516	0.520	0.656	0.947
COX5B	SDHD	9606.ENSP00000258424	9606.ENSP00000364699	0	0	0	0	0.909	0	0	0.463	0.949
COX5B	NDUFB1	9606.ENSP00000258424	9606.ENSP00000483888	0	0	0	0	0.390	0.844	0	0.528	0.951
COX5B	NDUFS1	9606.ENSP00000258424	9606.ENSP00000392709	0	0	0	0	0.173	0.844	0	0.719	0.960
COX5B	NDUFA3	9606.ENSP00000258424	9606.ENSP00000418438	0	0	0	0	0.598	0.844	0	0.438	0.961
COX5B	NDUFS5	9606.ENSP00000258424	9606.ENSP00000362058	0	0	0	0	0.585	0.844	0	0.462	0.962
COX5B	NDUFA1	9606.ENSP00000258424	9606.ENSP00000360492	0	0	0	0	0.567	0.844	0	0.505	0.963
COX5B	NDUFB2	9606.ENSP00000258424	9606.ENSP00000419087	0	0	0	0	0.779	0.800	0	0.370	0.969
COX5B	COX7A2L	9606.ENSP00000258424	9606.ENSP00000367938	0	0	0	0	0.177	0.695	0.800	0.507	0.972
COX5B	SDHB	9606.ENSP00000258424	9606.ENSP00000364649	0	0	0	0	0.928	0.091	0	0.606	0.972
COX5B	NDUFC2	9606.ENSP00000258424	9606.ENSP00000281031	0	0	0	0	0.657	0.852	0	0.505	0.972
COX5B	ATP5PO	9606.ENSP00000258424	9606.ENSP00000290299	0	0	0	0	0.889	0	0	0.782	0.974
COX5B	NDUFS4	9606.ENSP00000258424	9606.ENSP00000296684	0	0	0	0	0.712	0.863	0	0.433	0.975
COX5B	NDUFB6	9606.ENSP00000258424	9606.ENSP00000369176	0	0	0	0	0.700	0.856	0	0.519	0.977
COX5B	NDUFB3	9606.ENSP00000258424	9606.ENSP00000407336	0	0	0	0	0.717	0.844	0	0.526	0.977
COX5B	ATP5PD	9606.ENSP00000258424	9606.ENSP00000301587	0	0	0	0	0.941	0	0	0.665	0.979
COX5B	NDUFB10	9606.ENSP00000258424	9606.ENSP00000268668	0	0	0	0	0.771	0.854	0	0.468	0.980
COX5B	NDUFV1	9606.ENSP00000258424	9606.ENSP00000497587	0	0	0	0	0.743	0.844	0	0.569	0.981
COX5B	NDUFA7	9606.ENSP00000258424	9606.ENSP00000301457	0	0	0	0	0.859	0.817	0	0.372	0.982
COX5B	COX6B2	9606.ENSP00000258424	9606.ENSP00000467266	0	0	0	0	0.673	0.784	0.604	0.485	0.983
COX5B	NDUFA6	9606.ENSP00000258424	9606.ENSP00000482543	0	0	0	0	0.850	0.844	0	0.377	0.984
COX5B	NDUFS2	9606.ENSP00000258424	9606.ENSP00000356972	0	0	0	0	0.834	0.857	0	0.440	0.985
COX5B	NDUFS3	9606.ENSP00000258424	9606.ENSP00000263774	0	0	0	0	0.775	0.844	0	0.626	0.985
COX5B	NDUFA5	9606.ENSP00000258424	9606.ENSP00000417142	0	0	0	0	0.817	0.864	0	0.516	0.986
COX5B	NDUFA9	9606.ENSP00000258424	9606.ENSP00000266544	0	0	0	0	0.827	0.846	0	0.557	0.987
COX5B	NDUFV2	9606.ENSP00000258424	9606.ENSP00000327268	0	0	0	0	0.840	0.865	0	0.468	0.987
COX5B	NDUFB11	9606.ENSP00000258424	9606.ENSP00000276062	0	0	0	0	0.883	0.844	0	0.419	0.988
COX5B	NDUFA12	9606.ENSP00000258424	9606.ENSP00000330737	0	0	0	0	0.878	0.855	0	0.429	0.989
COX5B	NDUFB9	9606.ENSP00000258424	9606.ENSP00000276689	0	0	0	0	0.902	0.856	0	0.400	0.990
COX5B	NDUFB8	9606.ENSP00000258424	9606.ENSP00000299166	0	0	0	0	0.889	0.844	0	0.531	0.991
COX5B	NDUFB5	9606.ENSP00000258424	9606.ENSP00000259037	0	0	0	0	0.862	0.844	0	0.636	0.991
COX5B	NDUFA8	9606.ENSP00000258424	9606.ENSP00000362873	0	0	0	0	0.878	0.844	0	0.619	0.992
COX5B	MT-CYB	9606.ENSP00000258424	9606.ENSP00000354554	0	0	0	0	0	0.972	0.540	0.414	0.992
COX5B	NDUFA11	9606.ENSP00000258424	9606.ENSP00000389160	0	0	0	0	0.777	0.931	0	0.589	0.993
COX5B	CYCS	9606.ENSP00000258424	9606.ENSP00000307786	0	0	0	0	0.659	0.755	0.400	0.879	0.993
COX5B	COX4I2	9606.ENSP00000258424	9606.ENSP00000365243	0	0	0	0	0.691	0.626	0.693	0.868	0.994
COX5B	NDUFS6	9606.ENSP00000258424	9606.ENSP00000274137	0	0	0	0	0.932	0.869	0	0.521	0.995
COX5B	NDUFA13	9606.ENSP00000258424	9606.ENSP00000423673	0	0	0	0	0.949	0.854	0	0.491	0.995
COX5B	NDUFA4	9606.ENSP00000258424	9606.ENSP00000339720	0	0	0	0	0.583	0.838	0.800	0.686	0.995
COX5B	COX7A1	9606.ENSP00000258424	9606.ENSP00000292907	0	0	0	0	0.138	0.945	0.360	0.882	0.996
COX5B	NDUFS8	9606.ENSP00000258424	9606.ENSP00000315774	0	0	0	0	0.928	0.854	0	0.664	0.996
COX5B	COX7A2	9606.ENSP00000258424	9606.ENSP00000359098	0	0	0	0	0.813	0.900	0.540	0.778	0.997
COX5B	UQCRH	9606.ENSP00000258424	9606.ENSP00000309565	0	0	0	0	0.744	0.955	0.658	0.567	0.998
COX5B	COX7C	9606.ENSP00000258424	9606.ENSP00000425759	0	0	0	0	0.939	0.993	0.959	0.983	0.999
COX5B	UQCR10	9606.ENSP00000258424	9606.ENSP00000332887	0	0	0	0	0.977	0.989	0.714	0.731	0.999
COX5B	UQCR11	9606.ENSP00000258424	9606.ENSP00000467262	0	0	0	0	0.999	0.972	0.540	0.640	0.999
COX5B	COX8A	9606.ENSP00000258424	9606.ENSP00000321260	0	0	0	0	0.734	0.800	0.800	0.965	0.999
COX5B	COX6B1	9606.ENSP00000258424	9606.ENSP00000466818	0	0	0	0	0.920	0.974	0.876	0.967	0.999
COX5B	MT-CO3	9606.ENSP00000258424	9606.ENSP00000354982	0	0	0	0	0.103	0.994	0.959	0.595	0.999
COX5B	UQCRFS1	9606.ENSP00000258424	9606.ENSP00000306397	0	0	0	0	0.970	0.991	0.715	0.664	0.999
COX5B	UQCRC2	9606.ENSP00000258424	9606.ENSP00000268379	0	0	0	0	0.776	0.990	0.786	0.664	0.999
COX5B	CYC1	9606.ENSP00000258424	9606.ENSP00000317159	0	0	0	0	0.927	0.991	0.634	0.549	0.999
COX5B	COX4I1	9606.ENSP00000258424	9606.ENSP00000457513	0	0	0	0	0.923	0.986	0.866	0.934	0.999
COX5B	MT-CO2	9606.ENSP00000258424	9606.ENSP00000354876	0	0	0	0	0.257	0.999	0.959	0.666	0.999
COX5B	COX6C	9606.ENSP00000258424	9606.ENSP00000429707	0	0	0	0	0.910	0.876	0.935	0.990	0.999
COX5B	COX6A2	9606.ENSP00000258424	9606.ENSP00000287490	0	0	0	0	0.829	0.986	0.744	0.923	0.999
COX5B	UQCRB	9606.ENSP00000258424	9606.ENSP00000430494	0	0	0	0	0.901	0.988	0.714	0.757	0.999
COX5B	COX7B	9606.ENSP00000258424	9606.ENSP00000497474	0	0	0	0	0.675	0.899	0.800	0.969	0.999
COX5B	MT-CO1	9606.ENSP00000258424	9606.ENSP00000354499	0	0	0	0	0.167	0.993	0.935	0.781	0.999
COX5B	UQCRQ	9606.ENSP00000258424	9606.ENSP00000367939	0	0	0	0	0.925	0.967	0.714	0.581	0.999
COX5B	COX5A	9606.ENSP00000258424	9606.ENSP00000317780	0	0	0	0	0.978	0.995	0.959	0.987	0.999
COX6A1	UQCRC1	9606.ENSP00000229379	9606.ENSP00000203407	0	0	0	0	0.347	0.896	0.624	0.619	0.989
COX6A1	CYCS	9606.ENSP00000229379	9606.ENSP00000307786	0	0	0	0	0.307	0.482	0.400	0.644	0.913
COX6A1	COA6	9606.ENSP00000229379	9606.ENSP00000355574	0	0	0	0	0.382	0.478	0.501	0.552	0.918
COX6A1	MT-CYB	9606.ENSP00000229379	9606.ENSP00000354554	0	0	0	0	0.049	0.747	0.540	0.396	0.924
COX6A1	COX6A2	9606.ENSP00000229379	9606.ENSP00000287490	0	0	0.067	0.940	0	0	0.900	0.373	0.936
COX6A1	COX6B2	9606.ENSP00000229379	9606.ENSP00000467266	0	0	0	0	0.524	0.575	0.526	0.561	0.952
COX6A1	UQCRH	9606.ENSP00000229379	9606.ENSP00000309565	0	0	0	0	0.478	0.603	0.649	0.606	0.967
COX6A1	UQCR11	9606.ENSP00000229379	9606.ENSP00000467262	0	0	0	0	0.494	0.789	0.540	0.489	0.971
COX6A1	COX7A1	9606.ENSP00000229379	9606.ENSP00000292907	0	0	0	0	0.087	0.765	0.360	0.869	0.979
COX6A1	UQCRC2	9606.ENSP00000229379	9606.ENSP00000268379	0	0	0	0	0.402	0.840	0.707	0.392	0.980
COX6A1	COX7A2L	9606.ENSP00000229379	9606.ENSP00000367938	0	0	0	0	0.119	0.654	0.800	0.727	0.981
COX6A1	CYC1	9606.ENSP00000229379	9606.ENSP00000317159	0	0	0	0	0.606	0.831	0.624	0.495	0.985
COX6A1	UQCRFS1	9606.ENSP00000229379	9606.ENSP00000306397	0	0	0	0	0.417	0.842	0.673	0.618	0.986
COX6A1	UQCR10	9606.ENSP00000229379	9606.ENSP00000332887	0	0	0	0	0.875	0.821	0.632	0.505	0.995
COX6A1	COX4I2	9606.ENSP00000229379	9606.ENSP00000365243	0	0	0	0	0.534	0.894	0.659	0.798	0.996
COX6A1	UQCRQ	9606.ENSP00000229379	9606.ENSP00000367939	0	0	0	0	0.782	0.882	0.671	0.591	0.996
COX6A1	COX7B	9606.ENSP00000229379	9606.ENSP00000497474	0	0	0	0	0.239	0.890	0.800	0.836	0.996
COX6A1	UQCRB	9606.ENSP00000229379	9606.ENSP00000430494	0	0	0	0	0.825	0.907	0.681	0.592	0.997
COX6A1	COX7A2	9606.ENSP00000229379	9606.ENSP00000359098	0	0	0	0	0.601	0.906	0.540	0.927	0.998
COX6A1	COX8A	9606.ENSP00000229379	9606.ENSP00000321260	0	0	0	0	0.783	0.800	0.800	0.838	0.998
COX6A1	NDUFA4	9606.ENSP00000229379	9606.ENSP00000339720	0	0	0	0	0.398	0.838	0.800	0.914	0.998
COX6A1	COX5B	9606.ENSP00000229379	9606.ENSP00000258424	0	0	0	0	0.892	0.980	0.888	0.966	0.999
COX6A1	COX6C	9606.ENSP00000229379	9606.ENSP00000429707	0	0	0	0	0.588	0.986	0.800	0.903	0.999
COX6A1	MT-CO2	9606.ENSP00000229379	9606.ENSP00000354876	0	0	0	0	0.109	0.979	0.888	0.571	0.999
COX6A1	COX4I1	9606.ENSP00000229379	9606.ENSP00000457513	0	0	0	0	0.678	0.977	0.851	0.852	0.999
COX6A1	COX7C	9606.ENSP00000229379	9606.ENSP00000425759	0	0	0	0	0.778	0.963	0.888	0.845	0.999
COX6A1	COX6B1	9606.ENSP00000229379	9606.ENSP00000466818	0	0	0	0	0.626	0.982	0.851	0.984	0.999
COX6A1	MT-CO3	9606.ENSP00000229379	9606.ENSP00000354982	0	0	0	0	0.095	0.993	0.888	0.588	0.999
COX6A1	MT-CO1	9606.ENSP00000229379	9606.ENSP00000354499	0	0	0	0	0.058	0.987	0.800	0.634	0.999
COX6A1	COX5A	9606.ENSP00000229379	9606.ENSP00000317780	0	0	0	0	0.835	0.966	0.888	0.958	0.999
COX6A2	NDUFB4	9606.ENSP00000287490	9606.ENSP00000184266	0	0	0	0	0.315	0.854	0	0.359	0.930
COX6A2	UQCRC1	9606.ENSP00000287490	9606.ENSP00000203407	0	0	0	0	0.331	0.955	0.624	0.525	0.994
COX6A2	NDUFB7	9606.ENSP00000287490	9606.ENSP00000215565	0	0	0	0	0.413	0.854	0	0.587	0.961
COX6A2	COX6A1	9606.ENSP00000287490	9606.ENSP00000229379	0	0	0.067	0.940	0	0	0.900	0.373	0.936
COX6A2	NDUFS7	9606.ENSP00000287490	9606.ENSP00000233627	0	0	0	0	0.315	0.844	0	0.497	0.941
COX6A2	NDUFA2	9606.ENSP00000287490	9606.ENSP00000252102	0	0	0	0	0.312	0.865	0	0.445	0.944
COX6A2	NDUFA10	9606.ENSP00000287490	9606.ENSP00000252711	0	0	0	0	0.111	0.865	0	0.409	0.923
COX6A2	COX5B	9606.ENSP00000287490	9606.ENSP00000258424	0	0	0	0	0.829	0.986	0.744	0.923	0.999
COX6A2	NDUFB5	9606.ENSP00000287490	9606.ENSP00000259037	0	0	0	0	0.401	0.845	0	0.341	0.933
COX6A2	NDUFS3	9606.ENSP00000287490	9606.ENSP00000263774	0	0	0	0	0.402	0.845	0	0.282	0.927
COX6A2	NDUFA9	9606.ENSP00000287490	9606.ENSP00000266544	0	0	0	0	0.294	0.880	0	0.323	0.938
COX6A2	UQCRC2	9606.ENSP00000287490	9606.ENSP00000268379	0	0	0	0	0.381	0.966	0.707	0.377	0.995
COX6A2	NDUFB10	9606.ENSP00000287490	9606.ENSP00000268668	0	0	0	0	0.491	0.874	0	0.222	0.946
COX6A2	NDUFS6	9606.ENSP00000287490	9606.ENSP00000274137	0	0	0	0	0.596	0.864	0	0.339	0.960
COX6A2	NDUFB11	9606.ENSP00000287490	9606.ENSP00000276062	0	0	0	0	0.368	0.845	0	0.266	0.922
COX6A2	NDUFB9	9606.ENSP00000287490	9606.ENSP00000276689	0	0	0	0	0.620	0.856	0	0.366	0.962
COX6A2	NDUFC2	9606.ENSP00000287490	9606.ENSP00000281031	0	0	0	0	0.326	0.849	0	0.285	0.920
COX6A2	NDUFB3	9606.ENSP00000287490	9606.ENSP00000407336	0	0	0	0	0.144	0.845	0	0.310	0.900
COX6A2	COA6	9606.ENSP00000287490	9606.ENSP00000355574	0	0	0	0	0.366	0.478	0.501	0.482	0.903
COX6A2	NDUFA3	9606.ENSP00000287490	9606.ENSP00000418438	0	0	0	0	0.107	0.845	0	0.369	0.905
COX6A2	COX8A	9606.ENSP00000287490	9606.ENSP00000321260	0	0	0	0	0.302	0	0.540	0.730	0.905
COX6A2	NDUFS1	9606.ENSP00000287490	9606.ENSP00000392709	0	0	0	0	0.067	0.854	0	0.374	0.907
COX6A2	NDUFA7	9606.ENSP00000287490	9606.ENSP00000301457	0	0	0	0	0.310	0.828	0	0.318	0.912
COX6A2	NDUFA11	9606.ENSP00000287490	9606.ENSP00000389160	0	0	0	0	0.140	0.830	0	0.451	0.913
COX6A2	NDUFA1	9606.ENSP00000287490	9606.ENSP00000360492	0	0	0	0	0.113	0.845	0	0.435	0.915
COX6A2	NDUFS2	9606.ENSP00000287490	9606.ENSP00000356972	0	0	0	0	0.139	0.857	0	0.396	0.919
COX6A2	NDUFAB1	9606.ENSP00000287490	9606.ENSP00000458770	0	0	0	0	0.316	0.856	0	0.313	0.926
COX6A2	NDUFS8	9606.ENSP00000287490	9606.ENSP00000315774	0	0	0	0	0.337	0.854	0	0.313	0.927
COX6A2	NDUFV1	9606.ENSP00000287490	9606.ENSP00000497587	0	0	0	0	0.134	0.851	0	0.511	0.931
COX6A2	NDUFV2	9606.ENSP00000287490	9606.ENSP00000327268	0	0	0	0	0.383	0.845	0	0.357	0.933
COX6A2	NDUFA13	9606.ENSP00000287490	9606.ENSP00000423673	0	0	0	0	0.401	0.854	0	0.346	0.938
COX6A2	NDUFB6	9606.ENSP00000287490	9606.ENSP00000369176	0	0	0	0	0.403	0.856	0	0.350	0.939
COX6A2	NDUFA4	9606.ENSP00000287490	9606.ENSP00000339720	0	0	0	0	0.198	0	0.540	0.853	0.941
COX6A2	NDUFS4	9606.ENSP00000287490	9606.ENSP00000296684	0	0	0	0	0.237	0.845	0	0.563	0.944
COX6A2	NDUFS5	9606.ENSP00000287490	9606.ENSP00000362058	0	0	0	0	0.244	0.854	0	0.534	0.944
COX6A2	NDUFB8	9606.ENSP00000287490	9606.ENSP00000299166	0	0	0	0	0.555	0.845	0	0.310	0.948
COX6A2	NDUFA6	9606.ENSP00000287490	9606.ENSP00000482543	0	0	0	0	0.589	0.845	0	0.346	0.954
COX6A2	NDUFA8	9606.ENSP00000287490	9606.ENSP00000362873	0	0	0	0	0.516	0.845	0	0.439	0.954
COX6A2	NDUFA5	9606.ENSP00000287490	9606.ENSP00000417142	0	0	0	0	0.391	0.864	0	0.511	0.956
COX6A2	NDUFA12	9606.ENSP00000287490	9606.ENSP00000330737	0	0	0	0	0.552	0.856	0	0.384	0.957
COX6A2	COX6B2	9606.ENSP00000287490	9606.ENSP00000467266	0	0	0	0	0.527	0.766	0.526	0.607	0.976
COX6A2	MT-CYB	9606.ENSP00000287490	9606.ENSP00000354554	0	0	0	0	0	0.947	0.540	0.367	0.983
COX6A2	UQCRH	9606.ENSP00000287490	9606.ENSP00000309565	0	0	0	0	0.394	0.917	0.649	0.417	0.988
COX6A2	COX7B	9606.ENSP00000287490	9606.ENSP00000497474	0	0	0	0	0.123	0.903	0.540	0.793	0.990
COX6A2	COX4I2	9606.ENSP00000287490	9606.ENSP00000365243	0	0	0	0	0.550	0.747	0.659	0.787	0.990
COX6A2	MT-CO1	9606.ENSP00000287490	9606.ENSP00000354499	0	0	0	0	0	0.974	0.540	0.400	0.992
COX6A2	MT-CO2	9606.ENSP00000287490	9606.ENSP00000354876	0	0	0	0	0	0.938	0.744	0.539	0.992
COX6A2	UQCR11	9606.ENSP00000287490	9606.ENSP00000467262	0	0	0	0	0.304	0.955	0.540	0.519	0.992
COX6A2	COX6C	9606.ENSP00000287490	9606.ENSP00000429707	0	0	0	0	0.325	0.881	0.540	0.883	0.995
COX6A2	UQCRFS1	9606.ENSP00000287490	9606.ENSP00000306397	0	0	0	0	0.405	0.967	0.673	0.532	0.996
COX6A2	CYC1	9606.ENSP00000287490	9606.ENSP00000317159	0	0	0	0	0.599	0.966	0.624	0.417	0.996
COX6A2	COX7A1	9606.ENSP00000287490	9606.ENSP00000292907	0	0	0	0	0.166	0.950	0.360	0.885	0.996
COX6A2	MT-CO3	9606.ENSP00000287490	9606.ENSP00000354982	0	0	0	0	0	0.967	0.744	0.562	0.996
COX6A2	UQCRQ	9606.ENSP00000287490	9606.ENSP00000367939	0	0	0	0	0.688	0.966	0.671	0.465	0.997
COX6A2	COX4I1	9606.ENSP00000287490	9606.ENSP00000457513	0	0	0	0	0.535	0.960	0.659	0.800	0.998
COX6A2	UQCRB	9606.ENSP00000287490	9606.ENSP00000430494	0	0	0	0	0.818	0.965	0.681	0.516	0.998
COX6A2	UQCR10	9606.ENSP00000287490	9606.ENSP00000332887	0	0	0	0	0.819	0.966	0.632	0.512	0.998
COX6A2	COX5A	9606.ENSP00000287490	9606.ENSP00000317780	0	0	0	0	0.826	0.975	0.744	0.911	0.999
COX6A2	COX7C	9606.ENSP00000287490	9606.ENSP00000425759	0	0	0	0	0.683	0.958	0.744	0.809	0.999
COX6A2	COX6B1	9606.ENSP00000287490	9606.ENSP00000466818	0	0	0	0	0.531	0.951	0.659	0.957	0.999
COX6B1	COX15	9606.ENSP00000466818	9606.ENSP00000016171	0	0	0	0	0.058	0	0.540	0.854	0.931
COX6B1	NDUFB4	9606.ENSP00000466818	9606.ENSP00000184266	0	0	0	0	0.480	0.884	0	0.333	0.956
COX6B1	UQCRC1	9606.ENSP00000466818	9606.ENSP00000203407	0	0	0	0	0.337	0.917	0.623	0.545	0.989
COX6B1	NDUFB7	9606.ENSP00000466818	9606.ENSP00000215565	0	0	0	0	0.633	0.856	0	0.522	0.972
COX6B1	COX6A1	9606.ENSP00000466818	9606.ENSP00000229379	0	0	0	0	0.626	0.982	0.851	0.984	0.999
COX6B1	NDUFS7	9606.ENSP00000466818	9606.ENSP00000233627	0	0	0	0	0.302	0.869	0	0.354	0.936
COX6B1	NDUFA2	9606.ENSP00000466818	9606.ENSP00000252102	0	0	0	0	0.754	0.874	0	0.466	0.982
COX6B1	NDUFA10	9606.ENSP00000466818	9606.ENSP00000252711	0	0	0	0	0.216	0.895	0	0.423	0.948
COX6B1	SCO1	9606.ENSP00000466818	9606.ENSP00000255390	0	0	0	0	0.057	0.399	0	0.869	0.919
COX6B1	COX5B	9606.ENSP00000466818	9606.ENSP00000258424	0	0	0	0	0.920	0.974	0.876	0.967	0.999
COX6B1	NDUFB5	9606.ENSP00000466818	9606.ENSP00000259037	0	0	0	0	0.418	0.851	0	0.455	0.948
COX6B1	COX10	9606.ENSP00000466818	9606.ENSP00000261643	0	0	0	0	0	0.095	0.540	0.894	0.952
COX6B1	NDUFS3	9606.ENSP00000466818	9606.ENSP00000263774	0	0	0	0	0.372	0.872	0	0.446	0.952
COX6B1	NDUFA9	9606.ENSP00000466818	9606.ENSP00000266544	0	0	0	0	0.242	0.862	0	0.398	0.931
COX6B1	UQCRC2	9606.ENSP00000466818	9606.ENSP00000268379	0	0	0	0	0.417	0.975	0.681	0.567	0.997
COX6B1	NDUFB10	9606.ENSP00000466818	9606.ENSP00000268668	0	0	0	0	0.303	0.851	0	0.507	0.944
COX6B1	NDUFS6	9606.ENSP00000466818	9606.ENSP00000274137	0	0	0	0	0.384	0.865	0	0.489	0.954
COX6B1	NDUFB11	9606.ENSP00000466818	9606.ENSP00000276062	0	0	0	0	0.470	0.845	0	0.463	0.952
COX6B1	NDUFB9	9606.ENSP00000466818	9606.ENSP00000276689	0	0	0	0	0.647	0.899	0	0.676	0.987
COX6B1	NDUFC2	9606.ENSP00000466818	9606.ENSP00000281031	0	0	0	0	0.411	0.877	0	0.386	0.952
COX6B1	COX6A2	9606.ENSP00000466818	9606.ENSP00000287490	0	0	0	0	0.531	0.951	0.659	0.957	0.999
COX6B1	COX7A1	9606.ENSP00000466818	9606.ENSP00000292907	0	0	0	0	0.060	0.948	0.360	0.952	0.998
COX6B1	NDUFS4	9606.ENSP00000466818	9606.ENSP00000296684	0	0	0	0	0.455	0.885	0	0.381	0.958
COX6B1	NDUFB8	9606.ENSP00000466818	9606.ENSP00000299166	0	0	0	0	0.717	0.845	0	0.651	0.983
COX6B1	NDUFA7	9606.ENSP00000466818	9606.ENSP00000301457	0	0	0	0	0.426	0.872	0	0.441	0.955
COX6B1	UQCRFS1	9606.ENSP00000466818	9606.ENSP00000306397	0	0	0	0	0.477	0.967	0.733	0.521	0.997
COX6B1	CYCS	9606.ENSP00000466818	9606.ENSP00000307786	0	0	0	0	0.310	0.457	0.400	0.769	0.941
COX6B1	UQCRH	9606.ENSP00000466818	9606.ENSP00000309565	0	0	0	0	0.514	0.899	0.691	0.589	0.992
COX6B1	NDUFS8	9606.ENSP00000466818	9606.ENSP00000315774	0	0	0	0	0.473	0.854	0	0.530	0.960
COX6B1	CYC1	9606.ENSP00000466818	9606.ENSP00000317159	0	0	0	0	0.484	0.955	0.658	0.396	0.994
COX6B1	COX5A	9606.ENSP00000466818	9606.ENSP00000317780	0	0	0	0	0.840	0.974	0.876	0.969	0.999
COX6B1	COX8A	9606.ENSP00000466818	9606.ENSP00000321260	0	0	0	0	0.832	0.800	0.800	0.736	0.998
COX6B1	NDUFV2	9606.ENSP00000466818	9606.ENSP00000327268	0	0	0	0	0.640	0.851	0	0.519	0.972
COX6B1	NDUFA12	9606.ENSP00000466818	9606.ENSP00000330737	0	0	0	0	0.734	0.873	0	0.359	0.976
COX6B1	UQCR10	9606.ENSP00000466818	9606.ENSP00000332887	0	0	0	0	0.776	0.967	0.658	0.769	0.999
COX6B1	NDUFA4	9606.ENSP00000466818	9606.ENSP00000339720	0	0	0	0	0.498	0.919	0.800	0.911	0.999
COX6B1	NDUFV3	9606.ENSP00000466818	9606.ENSP00000346196	0	0	0	0	0.273	0.819	0	0.380	0.911
COX6B1	MT-CO1	9606.ENSP00000466818	9606.ENSP00000354499	0	0	0	0	0.064	0.976	0.800	0.725	0.998
COX6B1	MT-CYB	9606.ENSP00000466818	9606.ENSP00000354554	0	0	0	0	0	0.911	0.540	0.447	0.975
COX6B1	MT-CO2	9606.ENSP00000466818	9606.ENSP00000354876	0	0	0	0	0.217	0.999	0.876	0.891	0.999
COX6B1	MT-ND4	9606.ENSP00000466818	9606.ENSP00000354961	0	0	0	0	0.060	0.845	0	0.432	0.910
COX6B1	MT-CO3	9606.ENSP00000466818	9606.ENSP00000354982	0	0	0	0	0.079	0.977	0.876	0.869	0.999
COX6B1	MT-ND2	9606.ENSP00000466818	9606.ENSP00000355046	0	0	0	0	0.055	0.845	0	0.481	0.917
COX6B1	NDUFS2	9606.ENSP00000466818	9606.ENSP00000356972	0	0	0	0	0.361	0.856	0	0.509	0.951
COX6B1	COX7A2	9606.ENSP00000466818	9606.ENSP00000359098	0	0	0	0	0.768	0.934	0.540	0.805	0.998
COX6B1	NDUFA1	9606.ENSP00000466818	9606.ENSP00000360492	0	0	0	0	0.789	0.845	0	0.433	0.979
COX6B1	NDUFS5	9606.ENSP00000466818	9606.ENSP00000362058	0	0	0	0	0.440	0.860	0	0.447	0.952
COX6B1	NDUFA8	9606.ENSP00000466818	9606.ENSP00000362873	0	0	0	0	0.474	0.848	0	0.671	0.971
COX6B1	COX4I2	9606.ENSP00000466818	9606.ENSP00000365243	0	0	0	0	0.332	0.663	0.655	0.785	0.981
COX6B1	COX7A2L	9606.ENSP00000466818	9606.ENSP00000367938	0	0	0	0	0.139	0.522	0.800	0.477	0.951
COX6B1	UQCRQ	9606.ENSP00000466818	9606.ENSP00000367939	0	0	0	0	0.764	0.978	0.658	0.550	0.999
COX6B1	NDUFB6	9606.ENSP00000466818	9606.ENSP00000369176	0	0	0	0	0.653	0.851	0	0.364	0.964
COX6B1	NDUFA11	9606.ENSP00000466818	9606.ENSP00000389160	0	0	0	0	0.461	0.830	0	0.446	0.945
COX6B1	NDUFS1	9606.ENSP00000466818	9606.ENSP00000392709	0	0	0	0	0.130	0.896	0	0.706	0.971
COX6B1	NDUFB3	9606.ENSP00000466818	9606.ENSP00000407336	0	0	0	0	0.512	0.845	0	0.419	0.952
COX6B1	NDUFA5	9606.ENSP00000466818	9606.ENSP00000417142	0	0	0	0	0.450	0.874	0	0.578	0.968
COX6B1	NDUFA3	9606.ENSP00000466818	9606.ENSP00000418438	0	0	0	0	0.703	0.851	0	0.478	0.974
COX6B1	NDUFA13	9606.ENSP00000466818	9606.ENSP00000423673	0	0	0	0	0.576	0.857	0	0.351	0.957
COX6B1	COX7C	9606.ENSP00000466818	9606.ENSP00000425759	0	0	0	0	0.848	0.975	0.876	0.908	0.999
COX6B1	COX6C	9606.ENSP00000466818	9606.ENSP00000429707	0	0	0	0	0.738	0.963	0.800	0.913	0.999
COX6B1	UQCRB	9606.ENSP00000466818	9606.ENSP00000430494	0	0	0	0	0.767	0.980	0.716	0.602	0.999
COX6B1	NDUFC1	9606.ENSP00000466818	9606.ENSP00000441126	0	0	0	0	0.362	0.813	0	0.307	0.910
COX6B1	COX4I1	9606.ENSP00000466818	9606.ENSP00000457513	0	0	0	0	0.589	0.969	0.850	0.856	0.999
COX6B1	NDUFAB1	9606.ENSP00000466818	9606.ENSP00000458770	0	0	0	0	0.473	0.856	0	0.405	0.951
COX6B1	COX6B2	9606.ENSP00000466818	9606.ENSP00000467266	0	0	0.071	0.938	0	0	0.900	0.075	0.906
COX6B1	NDUFB1	9606.ENSP00000466818	9606.ENSP00000483888	0	0	0	0	0.261	0.845	0	0.557	0.944
COX6B1	NDUFV1	9606.ENSP00000466818	9606.ENSP00000497587	0	0	0	0	0.403	0.872	0	0.517	0.960
COX6B1	NDUFA6	9606.ENSP00000466818	9606.ENSP00000482543	0	0	0	0	0.634	0.888	0	0.342	0.971
COX6B1	COX7B	9606.ENSP00000466818	9606.ENSP00000497474	0	0	0	0	0.379	0.891	0.800	0.801	0.996
COX6B1	UQCR11	9606.ENSP00000466818	9606.ENSP00000467262	0	0	0	0	0.668	0.946	0.540	0.678	0.997
COX6B2	COX6A1	9606.ENSP00000467266	9606.ENSP00000229379	0	0	0	0	0.524	0.575	0.526	0.561	0.952
COX6B2	COX5B	9606.ENSP00000467266	9606.ENSP00000258424	0	0	0	0	0.673	0.784	0.604	0.485	0.983
COX6B2	UQCRC2	9606.ENSP00000467266	9606.ENSP00000268379	0	0	0	0	0.362	0.784	0.556	0.396	0.958
COX6B2	COX6A2	9606.ENSP00000467266	9606.ENSP00000287490	0	0	0	0	0.527	0.766	0.526	0.607	0.976
COX6B2	UQCRFS1	9606.ENSP00000467266	9606.ENSP00000306397	0	0	0	0	0.401	0.784	0.628	0.116	0.951
COX6B2	CYC1	9606.ENSP00000467266	9606.ENSP00000317159	0	0	0	0	0.425	0.786	0.524	0.166	0.944
COX6B2	COX5A	9606.ENSP00000467266	9606.ENSP00000317780	0	0	0	0	0.761	0.784	0.604	0.498	0.988
COX6B2	UQCR10	9606.ENSP00000467266	9606.ENSP00000332887	0	0	0	0	0.677	0.785	0.524	0.210	0.970
COX6B2	MT-CO1	9606.ENSP00000467266	9606.ENSP00000354499	0	0	0	0	0	0.777	0.360	0.616	0.940
COX6B2	MT-CO2	9606.ENSP00000467266	9606.ENSP00000354876	0	0	0	0	0	0.777	0.604	0.421	0.944
COX6B2	MT-CO3	9606.ENSP00000467266	9606.ENSP00000354982	0	0	0	0	0	0.783	0.604	0.381	0.942
COX6B2	COX4I2	9606.ENSP00000467266	9606.ENSP00000365243	0	0	0	0	0.337	0.577	0.520	0.516	0.926
COX6B2	UQCRQ	9606.ENSP00000467266	9606.ENSP00000367939	0	0	0	0	0.612	0.744	0.524	0.243	0.959
COX6B2	COX7C	9606.ENSP00000467266	9606.ENSP00000425759	0	0	0	0	0.731	0.784	0.604	0.473	0.986
COX6B2	COX6C	9606.ENSP00000467266	9606.ENSP00000429707	0	0	0	0	0.578	0.785	0.360	0.398	0.960
COX6B2	UQCRB	9606.ENSP00000467266	9606.ENSP00000430494	0	0	0	0	0.722	0.783	0.605	0.389	0.983
COX6B2	COX4I1	9606.ENSP00000467266	9606.ENSP00000457513	0	0	0	0	0.332	0.577	0.520	0.417	0.910
COX6B2	COX6B1	9606.ENSP00000467266	9606.ENSP00000466818	0	0	0.071	0.938	0	0	0.900	0.075	0.906
COX6B2	UQCR11	9606.ENSP00000467266	9606.ENSP00000467262	0	0	0	0	0.527	0.742	0.360	0.180	0.927
COX6C	NDUFB4	9606.ENSP00000429707	9606.ENSP00000184266	0	0	0	0	0.958	0.507	0	0.364	0.985
COX6C	UQCRC1	9606.ENSP00000429707	9606.ENSP00000203407	0	0	0	0	0.189	0.834	0.594	0.435	0.965
COX6C	COX6A1	9606.ENSP00000429707	9606.ENSP00000229379	0	0	0	0	0.588	0.986	0.800	0.903	0.999
COX6C	NDUFA2	9606.ENSP00000429707	9606.ENSP00000252102	0	0	0	0	0.831	0.523	0	0.486	0.955
COX6C	COX5B	9606.ENSP00000429707	9606.ENSP00000258424	0	0	0	0	0.910	0.876	0.935	0.990	0.999
COX6C	NDUFB5	9606.ENSP00000429707	9606.ENSP00000259037	0	0	0	0	0.917	0.566	0	0.542	0.982
COX6C	UQCRC2	9606.ENSP00000429707	9606.ENSP00000268379	0	0	0	0	0.266	0.834	0.602	0.402	0.967
COX6C	NDUFB10	9606.ENSP00000429707	9606.ENSP00000268668	0	0	0	0	0.707	0.568	0	0.557	0.939
COX6C	NDUFS6	9606.ENSP00000429707	9606.ENSP00000274137	0	0	0	0	0.721	0.507	0	0.380	0.907
COX6C	NDUFB9	9606.ENSP00000429707	9606.ENSP00000276689	0	0	0	0	0.908	0.544	0	0.678	0.985
COX6C	NDUFC2	9606.ENSP00000429707	9606.ENSP00000281031	0	0	0	0	0.757	0.458	0	0.396	0.913
COX6C	COX6A2	9606.ENSP00000429707	9606.ENSP00000287490	0	0	0	0	0.325	0.881	0.540	0.883	0.995
COX6C	ATP5MF	9606.ENSP00000429707	9606.ENSP00000292475	0	0	0	0	0.855	0.096	0	0.439	0.920
COX6C	COX7A1	9606.ENSP00000429707	9606.ENSP00000292907	0	0	0	0	0.066	0.756	0.360	0.710	0.952
COX6C	NDUFS4	9606.ENSP00000429707	9606.ENSP00000296684	0	0	0	0	0.758	0.544	0	0.366	0.924
COX6C	NDUFB8	9606.ENSP00000429707	9606.ENSP00000299166	0	0	0	0	0.512	0.585	0	0.669	0.927
COX6C	ATP5MG	9606.ENSP00000429707	9606.ENSP00000300688	0	0	0	0	0.860	0.093	0	0.424	0.920
COX6C	NDUFA7	9606.ENSP00000429707	9606.ENSP00000301457	0	0	0	0	0.639	0.531	0	0.475	0.903
COX6C	ATP5PD	9606.ENSP00000429707	9606.ENSP00000301587	0	0	0	0	0.916	0.202	0	0.656	0.975
COX6C	ATP5ME	9606.ENSP00000429707	9606.ENSP00000306003	0	0	0	0	0.905	0.095	0	0.569	0.959
COX6C	UQCRFS1	9606.ENSP00000429707	9606.ENSP00000306397	0	0	0	0	0.313	0.883	0.602	0.410	0.978
COX6C	CYCS	9606.ENSP00000429707	9606.ENSP00000307786	0	0	0	0	0.241	0.465	0.400	0.735	0.926
COX6C	UQCRH	9606.ENSP00000429707	9606.ENSP00000309565	0	0	0	0	0.712	0.764	0.598	0.518	0.985
COX6C	CYC1	9606.ENSP00000429707	9606.ENSP00000317159	0	0	0	0	0.244	0.866	0.540	0.290	0.962
COX6C	COX5A	9606.ENSP00000429707	9606.ENSP00000317780	0	0	0	0	0.912	0.996	0.935	0.955	0.999
COX6C	COX8A	9606.ENSP00000429707	9606.ENSP00000321260	0	0	0	0	0.331	0.825	0.800	0.954	0.998
COX6C	NDUFA12	9606.ENSP00000429707	9606.ENSP00000330737	0	0	0	0	0.863	0.726	0	0.251	0.969
COX6C	UQCR10	9606.ENSP00000429707	9606.ENSP00000332887	0	0	0	0	0.917	0.847	0.540	0.576	0.997
COX6C	NDUFA4	9606.ENSP00000429707	9606.ENSP00000339720	0	0	0	0	0.917	0.860	0.800	0.775	0.999
COX6C	MT-CO1	9606.ENSP00000429707	9606.ENSP00000354499	0	0	0	0	0.140	0.959	0.935	0.499	0.998
COX6C	MT-CYB	9606.ENSP00000429707	9606.ENSP00000354554	0	0	0	0	0.049	0.834	0.540	0.292	0.941
COX6C	MT-CO2	9606.ENSP00000429707	9606.ENSP00000354876	0	0	0	0	0.460	0.999	0.935	0.655	0.999
COX6C	MT-CO3	9606.ENSP00000429707	9606.ENSP00000354982	0	0	0	0	0.167	0.878	0.935	0.400	0.995
COX6C	COA6	9606.ENSP00000429707	9606.ENSP00000355574	0	0	0	0	0.366	0.749	0.360	0.410	0.931
COX6C	ATP5MD	9606.ENSP00000429707	9606.ENSP00000358840	0	0	0	0	0.867	0.091	0	0.352	0.915
COX6C	COX7A2	9606.ENSP00000429707	9606.ENSP00000359098	0	0	0	0	0.896	0.804	0.540	0.734	0.997
COX6C	NDUFS5	9606.ENSP00000429707	9606.ENSP00000362058	0	0	0	0	0.848	0.566	0	0.432	0.959
COX6C	COX4I2	9606.ENSP00000429707	9606.ENSP00000365243	0	0	0	0	0.356	0.894	0.540	0.501	0.982
COX6C	COX7A2L	9606.ENSP00000429707	9606.ENSP00000367938	0	0	0	0	0.138	0.544	0.800	0.452	0.951
COX6C	UQCRQ	9606.ENSP00000429707	9606.ENSP00000367939	0	0	0	0	0.959	0.834	0.602	0.507	0.998
COX6C	ATP5PF	9606.ENSP00000429707	9606.ENSP00000389649	0	0	0	0	0.842	0	0	0.445	0.908
COX6C	NDUFB3	9606.ENSP00000429707	9606.ENSP00000407336	0	0	0	0	0.874	0.544	0	0.484	0.968
COX6C	NDUFA5	9606.ENSP00000429707	9606.ENSP00000417142	0	0	0	0	0.714	0.544	0	0.567	0.938
COX6C	NDUFA13	9606.ENSP00000429707	9606.ENSP00000423673	0	0	0	0	0.783	0.507	0	0.357	0.925
COX6C	COX7C	9606.ENSP00000429707	9606.ENSP00000425759	0	0	0	0	0.912	0.944	0.935	0.986	0.999
COX6C	NDUFA6	9606.ENSP00000429707	9606.ENSP00000482543	0	0	0	0	0.801	0.507	0	0.410	0.937
COX6C	COX6B2	9606.ENSP00000429707	9606.ENSP00000467266	0	0	0	0	0.578	0.785	0.360	0.398	0.960
COX6C	UQCRB	9606.ENSP00000429707	9606.ENSP00000430494	0	0	0	0	0.791	0.834	0.540	0.550	0.991
COX6C	UQCR11	9606.ENSP00000429707	9606.ENSP00000467262	0	0	0	0	0.881	0.834	0.540	0.435	0.994
COX6C	COX4I1	9606.ENSP00000429707	9606.ENSP00000457513	0	0	0	0	0.840	0.992	0.800	0.736	0.999
COX6C	COX6B1	9606.ENSP00000429707	9606.ENSP00000466818	0	0	0	0	0.738	0.963	0.800	0.913	0.999
COX6C	COX7B	9606.ENSP00000429707	9606.ENSP00000497474	0	0	0	0	0.756	0.952	0.800	0.961	0.999
COX7A1	NDUFB4	9606.ENSP00000292907	9606.ENSP00000184266	0	0	0	0	0	0.830	0	0.667	0.941
COX7A1	UQCRC1	9606.ENSP00000292907	9606.ENSP00000203407	0	0	0	0	0.073	0.959	0.360	0.945	0.998
COX7A1	COX6A1	9606.ENSP00000292907	9606.ENSP00000229379	0	0	0	0	0.087	0.765	0.360	0.869	0.979
COX7A1	NDUFA2	9606.ENSP00000292907	9606.ENSP00000252102	0	0	0	0	0.111	0.830	0	0.398	0.901
COX7A1	COX5B	9606.ENSP00000292907	9606.ENSP00000258424	0	0	0	0	0.138	0.945	0.360	0.882	0.996
COX7A1	NDUFA9	9606.ENSP00000292907	9606.ENSP00000266544	0	0	0	0	0.076	0.841	0	0.497	0.920
COX7A1	UQCRC2	9606.ENSP00000292907	9606.ENSP00000268379	0	0	0	0	0.057	0.967	0.360	0.290	0.984
COX7A1	COX6A2	9606.ENSP00000292907	9606.ENSP00000287490	0	0	0	0	0.166	0.950	0.360	0.885	0.996
COX7A1	NDUFA5	9606.ENSP00000292907	9606.ENSP00000417142	0	0	0	0	0.106	0.830	0	0.402	0.901
COX7A1	NDUFB3	9606.ENSP00000292907	9606.ENSP00000407336	0	0	0	0	0.150	0.830	0	0.391	0.904
COX7A1	NDUFV3	9606.ENSP00000292907	9606.ENSP00000346196	0	0	0	0	0.106	0.812	0	0.496	0.908
COX7A1	COX4I2	9606.ENSP00000292907	9606.ENSP00000365243	0	0	0	0	0.186	0.428	0.360	0.731	0.909
COX7A1	NDUFB6	9606.ENSP00000292907	9606.ENSP00000369176	0	0	0	0	0.106	0.830	0	0.514	0.919
COX7A1	MT-ND5	9606.ENSP00000292907	9606.ENSP00000354813	0	0	0	0	0	0.830	0	0.548	0.920
COX7A1	COX7A2L	9606.ENSP00000292907	9606.ENSP00000367938	0	0	0	0.880	0	0	0.900	0.250	0.921
COX7A1	NDUFA1	9606.ENSP00000292907	9606.ENSP00000360492	0	0	0	0	0.072	0.830	0	0.564	0.925
COX7A1	NDUFB8	9606.ENSP00000292907	9606.ENSP00000299166	0	0	0	0	0.111	0.830	0	0.557	0.927
COX7A1	COX7A2	9606.ENSP00000292907	9606.ENSP00000359098	0	0	0.054	0.942	0.096	0	0.900	0.420	0.943
COX7A1	COX6C	9606.ENSP00000292907	9606.ENSP00000429707	0	0	0	0	0.066	0.756	0.360	0.710	0.952
COX7A1	MT-CYB	9606.ENSP00000292907	9606.ENSP00000354554	0	0	0	0	0	0.947	0.360	0.269	0.973
COX7A1	COX7B	9606.ENSP00000292907	9606.ENSP00000497474	0	0	0	0	0.064	0.887	0.360	0.705	0.977
COX7A1	MT-CO1	9606.ENSP00000292907	9606.ENSP00000354499	0	0	0	0	0	0.955	0.360	0.330	0.979
COX7A1	UQCRH	9606.ENSP00000292907	9606.ENSP00000309565	0	0	0	0	0.047	0.950	0.360	0.381	0.979
COX7A1	MT-CO3	9606.ENSP00000292907	9606.ENSP00000354982	0	0	0	0	0	0.957	0.360	0.303	0.979
COX7A1	CYC1	9606.ENSP00000292907	9606.ENSP00000317159	0	0	0	0	0.104	0.967	0.360	0.207	0.983
COX7A1	MT-CO2	9606.ENSP00000292907	9606.ENSP00000354876	0	0	0	0	0	0.968	0.360	0.270	0.984
COX7A1	UQCRFS1	9606.ENSP00000292907	9606.ENSP00000306397	0	0	0	0	0	0.967	0.360	0.369	0.985
COX7A1	UQCRQ	9606.ENSP00000292907	9606.ENSP00000367939	0	0	0	0	0.062	0.967	0.360	0.476	0.988
COX7A1	UQCR10	9606.ENSP00000292907	9606.ENSP00000332887	0	0	0	0	0.088	0.967	0.360	0.469	0.988
COX7A1	COX4I1	9606.ENSP00000292907	9606.ENSP00000457513	0	0	0	0	0.129	0.936	0.360	0.725	0.989
COX7A1	COX5A	9606.ENSP00000292907	9606.ENSP00000317780	0	0	0	0	0.109	0.967	0.360	0.728	0.994
COX7A1	COX7C	9606.ENSP00000292907	9606.ENSP00000425759	0	0	0	0	0.060	0.967	0.360	0.764	0.994
COX7A1	UQCRB	9606.ENSP00000292907	9606.ENSP00000430494	0	0	0	0	0.106	0.956	0.360	0.799	0.994
COX7A1	COX6B1	9606.ENSP00000292907	9606.ENSP00000466818	0	0	0	0	0.060	0.948	0.360	0.952	0.998
COX7A1	UQCR11	9606.ENSP00000292907	9606.ENSP00000467262	0	0	0	0	0.113	0.983	0.360	0.932	0.999
COX7A2	COX6A1	9606.ENSP00000359098	9606.ENSP00000229379	0	0	0	0	0.601	0.906	0.540	0.927	0.998
COX7A2	NDUFA2	9606.ENSP00000359098	9606.ENSP00000252102	0	0	0	0	0.785	0.099	0	0.543	0.903
COX7A2	COX5B	9606.ENSP00000359098	9606.ENSP00000258424	0	0	0	0	0.813	0.900	0.540	0.778	0.997
COX7A2	NDUFB9	9606.ENSP00000359098	9606.ENSP00000276689	0	0	0	0	0.880	0.161	0	0.519	0.947
COX7A2	COX7A1	9606.ENSP00000359098	9606.ENSP00000292907	0	0	0.054	0.942	0.096	0	0.900	0.420	0.943
COX7A2	ATP5MG	9606.ENSP00000359098	9606.ENSP00000300688	0	0	0	0	0.806	0.094	0	0.530	0.910
COX7A2	ATP5PD	9606.ENSP00000359098	9606.ENSP00000301587	0	0	0	0	0.832	0.095	0	0.574	0.929
COX7A2	UQCRH	9606.ENSP00000359098	9606.ENSP00000309565	0	0	0	0	0.474	0	0.598	0.677	0.926
COX7A2	COX5A	9606.ENSP00000359098	9606.ENSP00000317780	0	0	0	0	0.765	0.802	0.540	0.641	0.991
COX7A2	COX8A	9606.ENSP00000359098	9606.ENSP00000321260	0	0	0	0	0.625	0.800	0.540	0.705	0.988
COX7A2	NDUFA4	9606.ENSP00000359098	9606.ENSP00000339720	0	0	0	0	0.865	0.839	0.540	0.754	0.997
COX7A2	MT-CO1	9606.ENSP00000359098	9606.ENSP00000354499	0	0	0	0	0.125	0.900	0.540	0.315	0.968
COX7A2	MT-CO2	9606.ENSP00000359098	9606.ENSP00000354876	0	0	0	0	0.636	0.998	0.540	0.289	0.999
COX7A2	MT-CO3	9606.ENSP00000359098	9606.ENSP00000354982	0	0	0	0	0.101	0.900	0.540	0.333	0.968
COX7A2	ATP5PF	9606.ENSP00000359098	9606.ENSP00000389649	0	0	0	0	0.828	0	0	0.474	0.906
COX7A2	COX7A2L	9606.ENSP00000359098	9606.ENSP00000367938	0	0	0	0.830	0.255	0.162	0.900	0.145	0.939
COX7A2	UQCR11	9606.ENSP00000359098	9606.ENSP00000467262	0	0	0	0	0.870	0	0.540	0.468	0.965
COX7A2	UQCRQ	9606.ENSP00000359098	9606.ENSP00000367939	0	0	0	0	0.861	0.162	0.602	0.492	0.973
COX7A2	COX7B	9606.ENSP00000359098	9606.ENSP00000497474	0	0	0	0	0.732	0.800	0.540	0.686	0.991
COX7A2	COX4I1	9606.ENSP00000359098	9606.ENSP00000457513	0	0	0	0	0.608	0.893	0.540	0.678	0.993
COX7A2	COX7C	9606.ENSP00000359098	9606.ENSP00000425759	0	0	0	0	0.846	0.902	0.540	0.646	0.997
COX7A2	COX6C	9606.ENSP00000359098	9606.ENSP00000429707	0	0	0	0	0.896	0.804	0.540	0.734	0.997
COX7A2	COX6B1	9606.ENSP00000359098	9606.ENSP00000466818	0	0	0	0	0.768	0.934	0.540	0.805	0.998
COX7A2L	UQCRC1	9606.ENSP00000367938	9606.ENSP00000203407	0	0	0	0	0.060	0.806	0.360	0.445	0.926
COX7A2L	COX6A1	9606.ENSP00000367938	9606.ENSP00000229379	0	0	0	0	0.119	0.654	0.800	0.727	0.981
COX7A2L	COX5B	9606.ENSP00000367938	9606.ENSP00000258424	0	0	0	0	0.177	0.695	0.800	0.507	0.972
COX7A2L	UQCRC2	9606.ENSP00000367938	9606.ENSP00000268379	0	0	0	0	0.286	0.806	0.360	0.371	0.937
COX7A2L	COX7A1	9606.ENSP00000367938	9606.ENSP00000292907	0	0	0	0.880	0	0	0.900	0.250	0.921
COX7A2L	NDUFS4	9606.ENSP00000367938	9606.ENSP00000296684	0	0	0	0	0.157	0.994	0	0.328	0.996
COX7A2L	UQCRFS1	9606.ENSP00000367938	9606.ENSP00000306397	0	0	0	0	0.074	0.806	0.360	0.451	0.928
COX7A2L	UQCRH	9606.ENSP00000367938	9606.ENSP00000309565	0	0	0	0	0.246	0.805	0.360	0.449	0.941
COX7A2L	CYC1	9606.ENSP00000367938	9606.ENSP00000317159	0	0	0	0	0.060	0.805	0.360	0.328	0.911
COX7A2L	COX5A	9606.ENSP00000367938	9606.ENSP00000317780	0	0	0	0	0.076	0.720	0.800	0.480	0.969
COX7A2L	COX8A	9606.ENSP00000367938	9606.ENSP00000321260	0	0	0	0	0.165	0.161	0.800	0.447	0.912
COX7A2L	NDUFA4	9606.ENSP00000367938	9606.ENSP00000339720	0	0	0	0	0.141	0.228	0.800	0.591	0.938
COX7A2L	MT-CO1	9606.ENSP00000367938	9606.ENSP00000354499	0	0	0	0	0.049	0.797	0.800	0.313	0.969
COX7A2L	MT-CO2	9606.ENSP00000367938	9606.ENSP00000354876	0	0	0	0	0.058	0.543	0.800	0.436	0.945
COX7A2L	MT-CO3	9606.ENSP00000367938	9606.ENSP00000354982	0	0	0	0	0.055	0.797	0.800	0.252	0.967
COX7A2L	COX7A2	9606.ENSP00000367938	9606.ENSP00000359098	0	0	0	0.830	0.255	0.162	0.900	0.145	0.939
COX7A2L	NDUFS5	9606.ENSP00000367938	9606.ENSP00000362058	0	0	0	0	0.110	0.994	0	0.321	0.996
COX7A2L	COX7B	9606.ENSP00000367938	9606.ENSP00000497474	0	0	0	0	0.104	0.271	0.800	0.558	0.934
COX7A2L	UQCRQ	9606.ENSP00000367938	9606.ENSP00000367939	0	0	0	0	0.111	0.849	0.360	0.395	0.941
COX7A2L	UQCRB	9606.ENSP00000367938	9606.ENSP00000430494	0	0	0	0	0.097	0.859	0.360	0.446	0.949
COX7A2L	COX6B1	9606.ENSP00000367938	9606.ENSP00000466818	0	0	0	0	0.139	0.522	0.800	0.477	0.951
COX7A2L	COX6C	9606.ENSP00000367938	9606.ENSP00000429707	0	0	0	0	0.138	0.544	0.800	0.452	0.951
COX7A2L	COX4I1	9606.ENSP00000367938	9606.ENSP00000457513	0	0	0	0	0.145	0.710	0.800	0.417	0.967
COX7A2L	COX7C	9606.ENSP00000367938	9606.ENSP00000425759	0	0	0	0	0.195	0.804	0.800	0.379	0.977
COX7A2L	TIMMDC1	9606.ENSP00000367938	9606.ENSP00000418803	0	0	0	0	0.098	0.994	0	0.081	0.994
COX7B	NDUFB4	9606.ENSP00000497474	9606.ENSP00000184266	0	0	0	0	0.296	0.842	0	0.400	0.927
COX7B	UQCRC1	9606.ENSP00000497474	9606.ENSP00000203407	0	0	0	0	0.081	0.903	0.540	0.440	0.974
COX7B	NDUFB7	9606.ENSP00000497474	9606.ENSP00000215565	0	0	0	0	0.198	0.842	0	0.445	0.923
COX7B	COX6A1	9606.ENSP00000497474	9606.ENSP00000229379	0	0	0	0	0.239	0.890	0.800	0.836	0.996
COX7B	NDUFS7	9606.ENSP00000497474	9606.ENSP00000233627	0	0	0	0	0.116	0.842	0	0.373	0.905
COX7B	NDUFA2	9606.ENSP00000497474	9606.ENSP00000252102	0	0	0	0	0.384	0.842	0	0.517	0.949
COX7B	NDUFA10	9606.ENSP00000497474	9606.ENSP00000252711	0	0	0	0	0.199	0.842	0	0.359	0.912
COX7B	COX5B	9606.ENSP00000497474	9606.ENSP00000258424	0	0	0	0	0.675	0.899	0.800	0.969	0.999
COX7B	NDUFB5	9606.ENSP00000497474	9606.ENSP00000259037	0	0	0	0	0.609	0.852	0	0.588	0.974
COX7B	NDUFS3	9606.ENSP00000497474	9606.ENSP00000263774	0	0	0	0	0.169	0.842	0	0.361	0.909
COX7B	UQCRC2	9606.ENSP00000497474	9606.ENSP00000268379	0	0	0	0	0.268	0.903	0.540	0.382	0.977
COX7B	NDUFB10	9606.ENSP00000497474	9606.ENSP00000268668	0	0	0	0	0.263	0.842	0	0.434	0.928
COX7B	NDUFS6	9606.ENSP00000497474	9606.ENSP00000274137	0	0	0	0	0.323	0.842	0	0.298	0.918
COX7B	NDUFB11	9606.ENSP00000497474	9606.ENSP00000276062	0	0	0	0	0.279	0.842	0	0.671	0.959
COX7B	NDUFB9	9606.ENSP00000497474	9606.ENSP00000276689	0	0	0	0	0.574	0.848	0	0.683	0.977
COX7B	NDUFC2	9606.ENSP00000497474	9606.ENSP00000281031	0	0	0	0	0.251	0.829	0	0.402	0.917
COX7B	COX6A2	9606.ENSP00000497474	9606.ENSP00000287490	0	0	0	0	0.123	0.903	0.540	0.793	0.990
COX7B	COX7A1	9606.ENSP00000497474	9606.ENSP00000292907	0	0	0	0	0.064	0.887	0.360	0.705	0.977
COX7B	NDUFS4	9606.ENSP00000497474	9606.ENSP00000296684	0	0	0	0	0.358	0.842	0	0.513	0.946
COX7B	NDUFB8	9606.ENSP00000497474	9606.ENSP00000299166	0	0	0	0	0.169	0.842	0	0.333	0.905
COX7B	NDUFA7	9606.ENSP00000497474	9606.ENSP00000301457	0	0	0	0	0.234	0.811	0	0.594	0.936
COX7B	UQCRFS1	9606.ENSP00000497474	9606.ENSP00000306397	0	0	0	0	0.224	0.903	0.540	0.397	0.976
COX7B	UQCRH	9606.ENSP00000497474	9606.ENSP00000309565	0	0	0	0	0.530	0.891	0.540	0.656	0.990
COX7B	CYC1	9606.ENSP00000497474	9606.ENSP00000317159	0	0	0	0	0.060	0.911	0.540	0.377	0.973
COX7B	COX5A	9606.ENSP00000497474	9606.ENSP00000317780	0	0	0	0	0.273	0.903	0.800	0.745	0.995
COX7B	COX8A	9606.ENSP00000497474	9606.ENSP00000321260	0	0	0	0	0.254	0.825	0.800	0.903	0.997
COX7B	NDUFV2	9606.ENSP00000497474	9606.ENSP00000327268	0	0	0	0	0.210	0.842	0	0.466	0.927
COX7B	NDUFA12	9606.ENSP00000497474	9606.ENSP00000330737	0	0	0	0	0.327	0.842	0	0.427	0.934
COX7B	UQCR10	9606.ENSP00000497474	9606.ENSP00000332887	0	0	0	0	0.568	0.903	0.540	0.669	0.992
COX7B	NDUFA4	9606.ENSP00000497474	9606.ENSP00000339720	0	0	0	0	0.720	0.800	0.800	0.764	0.997
COX7B	NDUFV3	9606.ENSP00000497474	9606.ENSP00000346196	0	0	0	0	0.305	0.811	0	0.380	0.911
COX7B	MT-CO1	9606.ENSP00000497474	9606.ENSP00000354499	0	0	0	0	0	0.959	0.800	0.493	0.995
COX7B	MT-CYB	9606.ENSP00000497474	9606.ENSP00000354554	0	0	0	0	0	0.903	0.540	0.245	0.963
COX7B	MT-CO2	9606.ENSP00000497474	9606.ENSP00000354876	0	0	0	0	0.049	0.964	0.800	0.530	0.996
COX7B	MT-CO3	9606.ENSP00000497474	9606.ENSP00000354982	0	0	0	0	0.049	0.903	0.800	0.413	0.987
COX7B	NDUFS2	9606.ENSP00000497474	9606.ENSP00000356972	0	0	0	0	0.118	0.842	0	0.384	0.907
COX7B	COX7A2	9606.ENSP00000497474	9606.ENSP00000359098	0	0	0	0	0.732	0.800	0.540	0.686	0.991
COX7B	NDUFA1	9606.ENSP00000497474	9606.ENSP00000360492	0	0	0	0	0.643	0.842	0	0.730	0.983
COX7B	NDUFS5	9606.ENSP00000497474	9606.ENSP00000362058	0	0	0	0	0.328	0.842	0	0.385	0.929
COX7B	NDUFA8	9606.ENSP00000497474	9606.ENSP00000362873	0	0	0	0	0.177	0.842	0	0.388	0.913
COX7B	COX4I2	9606.ENSP00000497474	9606.ENSP00000365243	0	0	0	0	0.190	0.515	0.540	0.590	0.915
COX7B	COX7A2L	9606.ENSP00000497474	9606.ENSP00000367938	0	0	0	0	0.104	0.271	0.800	0.558	0.934
COX7B	UQCRQ	9606.ENSP00000497474	9606.ENSP00000367939	0	0	0	0	0.619	0.903	0.540	0.582	0.991
COX7B	NDUFB6	9606.ENSP00000497474	9606.ENSP00000369176	0	0	0	0	0.313	0.842	0	0.454	0.935
COX7B	NDUFA11	9606.ENSP00000497474	9606.ENSP00000389160	0	0	0	0	0.275	0.829	0	0.675	0.956
COX7B	NDUFS1	9606.ENSP00000497474	9606.ENSP00000392709	0	0	0	0	0.088	0.842	0	0.592	0.936
COX7B	NDUFB3	9606.ENSP00000497474	9606.ENSP00000407336	0	0	0	0	0.573	0.842	0	0.549	0.967
COX7B	NDUFA5	9606.ENSP00000497474	9606.ENSP00000417142	0	0	0	0	0.368	0.842	0	0.458	0.941
COX7B	NDUFA3	9606.ENSP00000497474	9606.ENSP00000418438	0	0	0	0	0.296	0.842	0	0.422	0.930
COX7B	NDUFB2	9606.ENSP00000497474	9606.ENSP00000419087	0	0	0	0	0.405	0.800	0	0.527	0.938
COX7B	NDUFA13	9606.ENSP00000497474	9606.ENSP00000423673	0	0	0	0	0.277	0.842	0	0.584	0.948
COX7B	COX7C	9606.ENSP00000497474	9606.ENSP00000425759	0	0	0	0	0.745	0.909	0.800	0.948	0.999
COX7B	COX6C	9606.ENSP00000497474	9606.ENSP00000429707	0	0	0	0	0.756	0.952	0.800	0.961	0.999
COX7B	UQCRB	9606.ENSP00000497474	9606.ENSP00000430494	0	0	0	0	0.433	0.883	0.540	0.542	0.984
COX7B	NDUFC1	9606.ENSP00000497474	9606.ENSP00000441126	0	0	0	0	0.577	0.810	0	0.539	0.959
COX7B	COX4I1	9606.ENSP00000497474	9606.ENSP00000457513	0	0	0	0	0.268	0.964	0.800	0.648	0.997
COX7B	NDUFAB1	9606.ENSP00000497474	9606.ENSP00000458770	0	0	0	0	0.333	0.842	0	0.336	0.924
COX7B	COX6B1	9606.ENSP00000497474	9606.ENSP00000466818	0	0	0	0	0.379	0.891	0.800	0.801	0.996
COX7B	UQCR11	9606.ENSP00000497474	9606.ENSP00000467262	0	0	0	0	0.401	0.903	0.540	0.681	0.990
COX7B	NDUFA6	9606.ENSP00000497474	9606.ENSP00000482543	0	0	0	0	0.414	0.842	0	0.648	0.964
COX7B	NDUFB1	9606.ENSP00000497474	9606.ENSP00000483888	0	0	0	0	0.306	0.842	0	0.633	0.956
COX7B	NDUFV1	9606.ENSP00000497474	9606.ENSP00000497587	0	0	0	0	0.132	0.842	0	0.419	0.913
COX7C	NDUFB4	9606.ENSP00000425759	9606.ENSP00000184266	0	0	0	0	0.842	0.830	0	0.452	0.984
COX7C	UQCRC1	9606.ENSP00000425759	9606.ENSP00000203407	0	0	0	0	0.217	0.966	0.622	0.500	0.994
COX7C	ATP5F1D	9606.ENSP00000425759	9606.ENSP00000215375	0	0	0	0	0.771	0	0	0.581	0.900
COX7C	NDUFB7	9606.ENSP00000425759	9606.ENSP00000215565	0	0	0	0	0.742	0.830	0	0.531	0.977
COX7C	COX6A1	9606.ENSP00000425759	9606.ENSP00000229379	0	0	0	0	0.778	0.963	0.888	0.845	0.999
COX7C	NDUFS7	9606.ENSP00000425759	9606.ENSP00000233627	0	0	0	0	0.261	0.852	0	0.342	0.922
COX7C	ATP5F1E	9606.ENSP00000425759	9606.ENSP00000243997	0	0	0	0	0.761	0	0	0.657	0.915
COX7C	NDUFA2	9606.ENSP00000425759	9606.ENSP00000252102	0	0	0	0	0.895	0.830	0	0.589	0.992
COX7C	NDUFA10	9606.ENSP00000425759	9606.ENSP00000252711	0	0	0	0	0.172	0.844	0	0.332	0.906
COX7C	COX5B	9606.ENSP00000425759	9606.ENSP00000258424	0	0	0	0	0.939	0.993	0.959	0.983	0.999
COX7C	NDUFB5	9606.ENSP00000425759	9606.ENSP00000259037	0	0	0	0	0.628	0.851	0	0.598	0.975
COX7C	NDUFS3	9606.ENSP00000425759	9606.ENSP00000263774	0	0	0	0	0.483	0.851	0	0.381	0.948
COX7C	NDUFA9	9606.ENSP00000425759	9606.ENSP00000266544	0	0	0	0	0.443	0.855	0	0.386	0.946
COX7C	UQCRC2	9606.ENSP00000425759	9606.ENSP00000268379	0	0	0	0	0.375	0.995	0.925	0.381	0.999
COX7C	NDUFB10	9606.ENSP00000425759	9606.ENSP00000268668	0	0	0	0	0.613	0.851	0	0.471	0.967
COX7C	NDUFS6	9606.ENSP00000425759	9606.ENSP00000274137	0	0	0	0	0.915	0.830	0	0.348	0.989
COX7C	NDUFB11	9606.ENSP00000425759	9606.ENSP00000276062	0	0	0	0	0.473	0.830	0	0.642	0.965
COX7C	NDUFB9	9606.ENSP00000425759	9606.ENSP00000276689	0	0	0	0	0.664	0.851	0	0.724	0.985
COX7C	NDUFC2	9606.ENSP00000425759	9606.ENSP00000281031	0	0	0	0	0.645	0.824	0	0.441	0.962
COX7C	COX6A2	9606.ENSP00000425759	9606.ENSP00000287490	0	0	0	0	0.683	0.958	0.744	0.809	0.999
COX7C	ATP5PO	9606.ENSP00000425759	9606.ENSP00000290299	0	0	0	0	0.835	0.162	0	0.511	0.926
COX7C	COX7A1	9606.ENSP00000425759	9606.ENSP00000292907	0	0	0	0	0.060	0.967	0.360	0.764	0.994
COX7C	NDUFS4	9606.ENSP00000425759	9606.ENSP00000296684	0	0	0	0	0.940	0.848	0	0.332	0.993
COX7C	NDUFB8	9606.ENSP00000425759	9606.ENSP00000299166	0	0	0	0	0.687	0.830	0	0.608	0.977
COX7C	ATP5MG	9606.ENSP00000425759	9606.ENSP00000300688	0	0	0	0	0.911	0.092	0	0.615	0.966
COX7C	NDUFA7	9606.ENSP00000425759	9606.ENSP00000301457	0	0	0	0	0.844	0.812	0	0.365	0.979
COX7C	ATP5PD	9606.ENSP00000425759	9606.ENSP00000301587	0	0	0	0	0.926	0.162	0	0.447	0.962
COX7C	ATP5ME	9606.ENSP00000425759	9606.ENSP00000306003	0	0	0	0	0.928	0.095	0	0.556	0.968
COX7C	UQCRFS1	9606.ENSP00000425759	9606.ENSP00000306397	0	0	0	0	0.787	0.989	0.913	0.401	0.999
COX7C	UQCRH	9606.ENSP00000425759	9606.ENSP00000309565	0	0	0	0	0.887	0.899	0.598	0.595	0.997
COX7C	NDUFS8	9606.ENSP00000425759	9606.ENSP00000315774	0	0	0	0	0.376	0.851	0	0.458	0.945
COX7C	CYC1	9606.ENSP00000425759	9606.ENSP00000317159	0	0	0	0	0.378	0.985	0.602	0.350	0.997
COX7C	COX5A	9606.ENSP00000425759	9606.ENSP00000317780	0	0	0	0	0.935	0.988	0.979	0.838	0.999
COX7C	COX8A	9606.ENSP00000425759	9606.ENSP00000321260	0	0	0	0	0.342	0.912	0.800	0.846	0.997
COX7C	NDUFV2	9606.ENSP00000425759	9606.ENSP00000327268	0	0	0	0	0.670	0.843	0	0.415	0.967
COX7C	NDUFA12	9606.ENSP00000425759	9606.ENSP00000330737	0	0	0	0	0.760	0.830	0	0.489	0.977
COX7C	UQCR10	9606.ENSP00000425759	9606.ENSP00000332887	0	0	0	0	0.973	0.984	0.656	0.571	0.999
COX7C	NDUFA4	9606.ENSP00000425759	9606.ENSP00000339720	0	0	0	0	0.906	0.860	0.900	0.798	0.999
COX7C	NDUFV3	9606.ENSP00000425759	9606.ENSP00000346196	0	0	0	0	0.611	0.812	0	0.321	0.946
COX7C	MT-CO1	9606.ENSP00000425759	9606.ENSP00000354499	0	0	0	0	0.156	0.994	0.967	0.451	0.999
COX7C	MT-CYB	9606.ENSP00000425759	9606.ENSP00000354554	0	0	0	0	0.049	0.953	0.540	0.235	0.982
COX7C	MT-ND5	9606.ENSP00000425759	9606.ENSP00000354813	0	0	0	0	0.076	0.830	0	0.735	0.954
COX7C	MT-CO2	9606.ENSP00000425759	9606.ENSP00000354876	0	0	0	0	0.509	0.998	0.979	0.712	0.999
COX7C	MT-CO3	9606.ENSP00000425759	9606.ENSP00000354982	0	0	0	0	0.170	0.988	0.979	0.529	0.999
COX7C	COA6	9606.ENSP00000425759	9606.ENSP00000355574	0	0	0	0	0.679	0.682	0.574	0.704	0.985
COX7C	NDUFS2	9606.ENSP00000425759	9606.ENSP00000356972	0	0	0	0	0.406	0.851	0	0.414	0.943
COX7C	COX7A2	9606.ENSP00000425759	9606.ENSP00000359098	0	0	0	0	0.846	0.902	0.540	0.646	0.997
COX7C	NDUFA1	9606.ENSP00000425759	9606.ENSP00000360492	0	0	0	0	0.802	0.830	0	0.736	0.990
COX7C	NDUFS5	9606.ENSP00000425759	9606.ENSP00000362058	0	0	0	0	0.813	0.851	0	0.359	0.980
COX7C	NDUFA8	9606.ENSP00000425759	9606.ENSP00000362873	0	0	0	0	0.476	0.830	0	0.454	0.947
COX7C	COX4I2	9606.ENSP00000425759	9606.ENSP00000365243	0	0	0	0	0.685	0.749	0.744	0.645	0.991
COX7C	COX7A2L	9606.ENSP00000425759	9606.ENSP00000367938	0	0	0	0	0.195	0.804	0.800	0.379	0.977
COX7C	UQCRQ	9606.ENSP00000425759	9606.ENSP00000367939	0	0	0	0	0.982	0.988	0.656	0.568	0.999
COX7C	NDUFB6	9606.ENSP00000425759	9606.ENSP00000369176	0	0	0	0	0.736	0.830	0	0.480	0.974
COX7C	NDUFA11	9606.ENSP00000425759	9606.ENSP00000389160	0	0	0	0	0.441	0.824	0	0.569	0.954
COX7C	ATP5PF	9606.ENSP00000425759	9606.ENSP00000389649	0	0	0	0	0.957	0	0	0.436	0.975
COX7C	NDUFS1	9606.ENSP00000425759	9606.ENSP00000392709	0	0	0	0	0.135	0.851	0	0.318	0.905
COX7C	NDUFB3	9606.ENSP00000425759	9606.ENSP00000407336	0	0	0	0	0.749	0.830	0	0.581	0.980
COX7C	NDUFA5	9606.ENSP00000425759	9606.ENSP00000417142	0	0	0	0	0.842	0.830	0	0.623	0.989
COX7C	NDUFA3	9606.ENSP00000425759	9606.ENSP00000418438	0	0	0	0	0.637	0.830	0	0.425	0.961
COX7C	NDUFB2	9606.ENSP00000425759	9606.ENSP00000419087	0	0	0	0	0.507	0.800	0	0.485	0.944
COX7C	NDUFA13	9606.ENSP00000425759	9606.ENSP00000423673	0	0	0	0	0.671	0.830	0	0.359	0.961
COX7C	NDUFV1	9606.ENSP00000425759	9606.ENSP00000497587	0	0	0	0	0.189	0.851	0	0.447	0.927
COX7C	NDUFAB1	9606.ENSP00000425759	9606.ENSP00000458770	0	0	0	0	0.312	0.844	0	0.384	0.928
COX7C	NDUFB1	9606.ENSP00000425759	9606.ENSP00000483888	0	0	0	0	0.451	0.830	0	0.538	0.953
COX7C	NDUFC1	9606.ENSP00000425759	9606.ENSP00000441126	0	0	0	0	0.669	0.811	0	0.564	0.970
COX7C	COX6B2	9606.ENSP00000425759	9606.ENSP00000467266	0	0	0	0	0.731	0.784	0.604	0.473	0.986
COX7C	NDUFA6	9606.ENSP00000425759	9606.ENSP00000482543	0	0	0	0	0.861	0.830	0	0.562	0.988
COX7C	UQCR11	9606.ENSP00000425759	9606.ENSP00000467262	0	0	0	0	0.759	0.915	0.540	0.591	0.995
COX7C	COX6B1	9606.ENSP00000425759	9606.ENSP00000466818	0	0	0	0	0.848	0.975	0.876	0.908	0.999
COX7C	COX4I1	9606.ENSP00000425759	9606.ENSP00000457513	0	0	0	0	0.885	0.979	0.888	0.689	0.999
COX7C	COX6C	9606.ENSP00000425759	9606.ENSP00000429707	0	0	0	0	0.912	0.944	0.935	0.986	0.999
COX7C	UQCRB	9606.ENSP00000425759	9606.ENSP00000430494	0	0	0	0	0.925	0.988	0.656	0.614	0.999
COX7C	COX7B	9606.ENSP00000425759	9606.ENSP00000497474	0	0	0	0	0.745	0.909	0.800	0.948	0.999
COX8A	COX6A1	9606.ENSP00000321260	9606.ENSP00000229379	0	0	0	0	0.783	0.800	0.800	0.838	0.998
COX8A	COX5B	9606.ENSP00000321260	9606.ENSP00000258424	0	0	0	0	0.734	0.800	0.800	0.965	0.999
COX8A	COX6A2	9606.ENSP00000321260	9606.ENSP00000287490	0	0	0	0	0.302	0	0.540	0.730	0.905
COX8A	COX5A	9606.ENSP00000321260	9606.ENSP00000317780	0	0	0	0	0.471	0.825	0.800	0.842	0.996
COX8A	COX7A2L	9606.ENSP00000321260	9606.ENSP00000367938	0	0	0	0	0.165	0.161	0.800	0.447	0.912
COX8A	COX8C	9606.ENSP00000321260	9606.ENSP00000340568	0	0	0	0	0	0	0.900	0.608	0.959
COX8A	MT-CO3	9606.ENSP00000321260	9606.ENSP00000354982	0	0	0	0	0	0.800	0.800	0.510	0.978
COX8A	MT-CO2	9606.ENSP00000321260	9606.ENSP00000354876	0	0	0	0	0	0.825	0.800	0.548	0.982
COX8A	COX7A2	9606.ENSP00000321260	9606.ENSP00000359098	0	0	0	0	0.625	0.800	0.540	0.705	0.988
COX8A	NDUFA4	9606.ENSP00000321260	9606.ENSP00000339720	0	0	0	0	0.367	0.860	0.800	0.483	0.989
COX8A	MT-CO1	9606.ENSP00000321260	9606.ENSP00000354499	0	0	0	0	0	0.900	0.800	0.574	0.990
COX8A	COX4I1	9606.ENSP00000321260	9606.ENSP00000457513	0	0	0	0	0.358	0.913	0.800	0.692	0.996
COX8A	COX7B	9606.ENSP00000321260	9606.ENSP00000497474	0	0	0	0	0.254	0.825	0.800	0.903	0.997
COX8A	COX7C	9606.ENSP00000321260	9606.ENSP00000425759	0	0	0	0	0.342	0.912	0.800	0.846	0.997
COX8A	COX6C	9606.ENSP00000321260	9606.ENSP00000429707	0	0	0	0	0.331	0.825	0.800	0.954	0.998
COX8A	COX6B1	9606.ENSP00000321260	9606.ENSP00000466818	0	0	0	0	0.832	0.800	0.800	0.736	0.998
COX8C	COX8A	9606.ENSP00000340568	9606.ENSP00000321260	0	0	0	0	0	0	0.900	0.608	0.959
CSF2RB	KRAS	9606.ENSP00000384053	9606.ENSP00000256078	0	0	0	0	0.059	0	0.900	0.057	0.903
CSF2RB	IL3RA	9606.ENSP00000384053	9606.ENSP00000327890	0	0	0	0	0.123	0.901	0.900	0.942	0.999
CSF2RB	NRAS	9606.ENSP00000384053	9606.ENSP00000358548	0	0	0	0	0.059	0	0.900	0.042	0.901
CSF2RB	JAK2	9606.ENSP00000384053	9606.ENSP00000371067	0	0	0	0	0.145	0.787	0.900	0.645	0.992
CSF2RB	JAK1	9606.ENSP00000384053	9606.ENSP00000499900	0	0	0	0	0.108	0.629	0.650	0.239	0.900
CSF2RB	HRAS	9606.ENSP00000384053	9606.ENSP00000407586	0	0	0	0	0.059	0	0.900	0.042	0.901
CTSC	BID	9606.ENSP00000227266	9606.ENSP00000318822	0	0	0	0	0.104	0	0.900	0.065	0.908
CTSC	BCL2L1	9606.ENSP00000227266	9606.ENSP00000365230	0	0	0	0	0	0	0.900	0.137	0.910
CTSC	BCL2	9606.ENSP00000227266	9606.ENSP00000381185	0	0	0	0	0.055	0	0.900	0.172	0.914
CTSD	CTSS	9606.ENSP00000236671	9606.ENSP00000357981	0	0	0	0	0.115	0.115	0	0.882	0.900
CTSD	BID	9606.ENSP00000236671	9606.ENSP00000318822	0	0	0	0	0.074	0	0.900	0.181	0.917
CTSD	BCL2L1	9606.ENSP00000236671	9606.ENSP00000365230	0	0	0	0	0.074	0	0.900	0.344	0.934
CTSD	BCL2	9606.ENSP00000236671	9606.ENSP00000381185	0	0	0	0	0	0	0.900	0.514	0.949
CTSF	BID	9606.ENSP00000310832	9606.ENSP00000318822	0	0	0	0	0.060	0	0.900	0	0.901
CTSF	BCL2L1	9606.ENSP00000310832	9606.ENSP00000365230	0	0	0	0	0	0	0.900	0.098	0.905
CTSF	BCL2	9606.ENSP00000310832	9606.ENSP00000381185	0	0	0	0	0	0	0.900	0.114	0.907
CTSK	BID	9606.ENSP00000271651	9606.ENSP00000318822	0	0	0	0	0.102	0	0.900	0.101	0.912
CTSK	BCL2L1	9606.ENSP00000271651	9606.ENSP00000365230	0	0	0	0	0	0	0.900	0.207	0.917
CTSK	BCL2	9606.ENSP00000271651	9606.ENSP00000381185	0	0	0	0	0.079	0	0.900	0.285	0.928
CTSS	CTSD	9606.ENSP00000357981	9606.ENSP00000236671	0	0	0	0	0.115	0.115	0	0.882	0.900
CTSS	BID	9606.ENSP00000357981	9606.ENSP00000318822	0	0	0	0	0.154	0	0.900	0.536	0.957
CTSS	BCL2L1	9606.ENSP00000357981	9606.ENSP00000365230	0	0	0	0	0.042	0	0.900	0.388	0.936
CTSS	BCL2	9606.ENSP00000357981	9606.ENSP00000381185	0	0	0	0	0.091	0	0.900	0.459	0.946
CTSW	BID	9606.ENSP00000311300	9606.ENSP00000318822	0	0	0	0	0.062	0	0.900	0	0.902
CTSW	BCL2L1	9606.ENSP00000311300	9606.ENSP00000365230	0	0	0	0	0.042	0	0.900	0.062	0.902
CTSW	BCL2	9606.ENSP00000311300	9606.ENSP00000381185	0	0	0	0	0.042	0	0.900	0.080	0.904
CYBB	MAPK1	9606.ENSP00000367851	9606.ENSP00000215832	0	0	0	0	0.067	0.058	0.900	0.260	0.926
CYBB	RIPK3	9606.ENSP00000367851	9606.ENSP00000216274	0	0	0	0	0.133	0.063	0.900	0.289	0.934
CYBB	MAPK3	9606.ENSP00000367851	9606.ENSP00000263025	0	0	0	0	0.082	0.058	0.900	0.549	0.955
CYBB	PRKCD	9606.ENSP00000367851	9606.ENSP00000331602	0	0	0	0	0.140	0	0.900	0.253	0.930
CYBB	TLR4	9606.ENSP00000367851	9606.ENSP00000363089	0	0	0	0	0.269	0.045	0	0.871	0.902
CYBB	CAMK2A	9606.ENSP00000367851	9606.ENSP00000500386	0	0	0	0	0.042	0	0.900	0.068	0.903
CYBB	CAMK2B	9606.ENSP00000367851	9606.ENSP00000379098	0	0	0	0	0	0	0.900	0.122	0.908
CYBB	AKT1	9606.ENSP00000367851	9606.ENSP00000451828	0	0	0	0	0.060	0.063	0	0.994	0.994
CYC1	COX15	9606.ENSP00000317159	9606.ENSP00000016171	0.231	0	0	0	0.135	0.575	0.791	0.446	0.961
CYC1	NDUFB4	9606.ENSP00000317159	9606.ENSP00000184266	0	0	0	0	0.221	0.891	0	0.224	0.928
CYC1	UQCRC1	9606.ENSP00000317159	9606.ENSP00000203407	0	0	0	0	0.917	0.992	0.889	0.944	0.999
CYC1	ATP5F1D	9606.ENSP00000317159	9606.ENSP00000215375	0	0	0	0	0.932	0.788	0	0.443	0.991
CYC1	NDUFB7	9606.ENSP00000317159	9606.ENSP00000215565	0	0	0	0	0.784	0.977	0.172	0.326	0.996
CYC1	COX6A1	9606.ENSP00000317159	9606.ENSP00000229379	0	0	0	0	0.606	0.831	0.624	0.495	0.985
CYC1	NDUFS7	9606.ENSP00000317159	9606.ENSP00000233627	0	0	0	0	0.927	0.929	0.585	0.409	0.998
CYC1	NDUFA2	9606.ENSP00000317159	9606.ENSP00000252102	0	0	0	0	0.473	0.988	0.172	0.091	0.994
CYC1	NDUFA10	9606.ENSP00000317159	9606.ENSP00000252711	0	0	0	0	0.675	0.898	0	0.467	0.980
CYC1	COX5B	9606.ENSP00000317159	9606.ENSP00000258424	0	0	0	0	0.927	0.991	0.634	0.549	0.999
CYC1	NDUFB5	9606.ENSP00000317159	9606.ENSP00000259037	0	0	0	0	0.462	0.867	0	0.222	0.939
CYC1	ATP5F1B	9606.ENSP00000317159	9606.ENSP00000262030	0	0	0	0	0.751	0.522	0.500	0.645	0.976
CYC1	NDUFS3	9606.ENSP00000317159	9606.ENSP00000263774	0	0	0	0	0.899	0.986	0.809	0.483	0.999
CYC1	SDHA	9606.ENSP00000317159	9606.ENSP00000264932	0	0	0	0	0.859	0.223	0.285	0.616	0.966
CYC1	NDUFA9	9606.ENSP00000317159	9606.ENSP00000266544	0	0	0	0	0.858	0.970	0.434	0.424	0.998
CYC1	UQCRC2	9606.ENSP00000317159	9606.ENSP00000268379	0	0	0	0	0.965	0.991	0.907	0.904	0.999
CYC1	NDUFB10	9606.ENSP00000317159	9606.ENSP00000268668	0	0	0	0	0.528	0.987	0	0.331	0.995
CYC1	NDUFS6	9606.ENSP00000317159	9606.ENSP00000274137	0	0	0	0	0.799	0.988	0	0.290	0.998
CYC1	NDUFB11	9606.ENSP00000317159	9606.ENSP00000276062	0	0	0	0	0.691	0.855	0	0.209	0.961
CYC1	NDUFB9	9606.ENSP00000317159	9606.ENSP00000276689	0	0	0	0	0.839	0.975	0.172	0.235	0.997
CYC1	NDUFC2	9606.ENSP00000317159	9606.ENSP00000281031	0	0	0	0	0.405	0.874	0	0.297	0.943
CYC1	COX6A2	9606.ENSP00000317159	9606.ENSP00000287490	0	0	0	0	0.599	0.966	0.624	0.417	0.996
CYC1	ATP5PO	9606.ENSP00000317159	9606.ENSP00000290299	0	0	0	0	0.704	0.559	0	0.447	0.921
CYC1	COX7A1	9606.ENSP00000317159	9606.ENSP00000292907	0	0	0	0	0.104	0.967	0.360	0.207	0.983
CYC1	NDUFS4	9606.ENSP00000317159	9606.ENSP00000296684	0	0	0	0	0.844	0.993	0.284	0.153	0.999
CYC1	NDUFB8	9606.ENSP00000317159	9606.ENSP00000299166	0	0	0	0	0.905	0.855	0.500	0.306	0.994
CYC1	NDUFA7	9606.ENSP00000317159	9606.ENSP00000301457	0	0	0	0	0.571	0.853	0	0.074	0.936
CYC1	UQCRFS1	9606.ENSP00000317159	9606.ENSP00000306397	0.231	0	0.251	0	0.977	0.995	0.980	0.999	0.999
CYC1	CYCS	9606.ENSP00000317159	9606.ENSP00000307786	0.082	0	0.287	0	0.698	0.861	0.621	0.992	0.999
CYC1	UQCRH	9606.ENSP00000317159	9606.ENSP00000309565	0	0	0	0	0.807	0.995	0.744	0.880	0.999
CYC1	NDUFS8	9606.ENSP00000317159	9606.ENSP00000315774	0	0	0	0	0.946	0.995	0.809	0.488	0.999
CYC1	NDUFA3	9606.ENSP00000317159	9606.ENSP00000418438	0	0	0	0	0.224	0.867	0	0.123	0.901
CYC1	NDUFB1	9606.ENSP00000317159	9606.ENSP00000483888	0	0	0	0	0.185	0.855	0	0.243	0.903
CYC1	COX7A2L	9606.ENSP00000317159	9606.ENSP00000367938	0	0	0	0	0.060	0.805	0.360	0.328	0.911
CYC1	ATP5PB	9606.ENSP00000317159	9606.ENSP00000358737	0	0	0	0	0.835	0.167	0	0.428	0.914
CYC1	MT-ND6	9606.ENSP00000317159	9606.ENSP00000354665	0	0	0	0	0	0.855	0	0.456	0.918
CYC1	SDHC	9606.ENSP00000317159	9606.ENSP00000356953	0.044	0	0	0	0.838	0.079	0.172	0.450	0.923
CYC1	NDUFB3	9606.ENSP00000317159	9606.ENSP00000407336	0	0	0	0	0.272	0.866	0	0.340	0.930
CYC1	NDUFS5	9606.ENSP00000317159	9606.ENSP00000362058	0	0	0	0	0.300	0.908	0	0	0.933
CYC1	COX6B2	9606.ENSP00000317159	9606.ENSP00000467266	0	0	0	0	0.425	0.786	0.524	0.166	0.944
CYC1	ATP5MC1	9606.ENSP00000317159	9606.ENSP00000377033	0	0	0	0	0.738	0.401	0.500	0.408	0.947
CYC1	COA6	9606.ENSP00000317159	9606.ENSP00000355574	0	0	0	0	0.373	0.749	0.628	0.244	0.949
CYC1	NDUFA11	9606.ENSP00000317159	9606.ENSP00000389160	0	0	0	0	0.621	0.852	0	0.358	0.960
CYC1	COX6C	9606.ENSP00000317159	9606.ENSP00000429707	0	0	0	0	0.244	0.866	0.540	0.290	0.962
CYC1	MT-ND4L	9606.ENSP00000317159	9606.ENSP00000354728	0	0	0	0	0	0.967	0	0.110	0.969
CYC1	ATP5F1C	9606.ENSP00000317159	9606.ENSP00000349142	0	0	0	0	0.841	0.648	0	0.507	0.970
CYC1	NDUFB6	9606.ENSP00000317159	9606.ENSP00000369176	0	0	0	0	0.678	0.897	0	0.257	0.973
CYC1	COX7B	9606.ENSP00000317159	9606.ENSP00000497474	0	0	0	0	0.060	0.911	0.540	0.377	0.973
CYC1	SDHB	9606.ENSP00000317159	9606.ENSP00000364649	0.055	0	0	0	0.922	0.096	0.285	0.560	0.975
CYC1	NDUFAB1	9606.ENSP00000317159	9606.ENSP00000458770	0	0	0	0	0.453	0.965	0.163	0.202	0.985
CYC1	MT-ND2	9606.ENSP00000317159	9606.ENSP00000355046	0	0	0	0	0.067	0.919	0.792	0.431	0.989
CYC1	MT-ND5	9606.ENSP00000317159	9606.ENSP00000354813	0	0	0	0	0.128	0.919	0.792	0.433	0.990
CYC1	ATP5F1A	9606.ENSP00000317159	9606.ENSP00000381736	0	0	0	0	0.848	0.816	0.400	0.547	0.991
CYC1	COX4I2	9606.ENSP00000317159	9606.ENSP00000365243	0	0	0	0	0.824	0.837	0.598	0.516	0.993
CYC1	COX6B1	9606.ENSP00000317159	9606.ENSP00000466818	0	0	0	0	0.484	0.955	0.658	0.396	0.994
CYC1	NDUFA13	9606.ENSP00000317159	9606.ENSP00000423673	0	0	0	0	0.830	0.967	0	0.125	0.994
CYC1	MT-ND1	9606.ENSP00000317159	9606.ENSP00000354687	0	0	0	0	0.201	0.959	0.809	0.369	0.995
CYC1	MT-ND3	9606.ENSP00000317159	9606.ENSP00000355206	0	0	0	0	0	0.967	0.809	0.382	0.995
CYC1	NDUFA6	9606.ENSP00000317159	9606.ENSP00000482543	0	0	0	0	0.436	0.988	0.284	0.324	0.996
CYC1	MT-ND4	9606.ENSP00000317159	9606.ENSP00000354961	0	0	0	0	0.184	0.967	0.809	0.428	0.996
CYC1	COX7C	9606.ENSP00000317159	9606.ENSP00000425759	0	0	0	0	0.378	0.985	0.602	0.350	0.997
CYC1	NDUFA5	9606.ENSP00000317159	9606.ENSP00000417142	0	0	0	0	0.645	0.988	0.284	0.326	0.997
CYC1	NDUFA8	9606.ENSP00000317159	9606.ENSP00000362873	0	0	0	0	0.928	0.967	0.172	0.264	0.998
CYC1	MT-CO2	9606.ENSP00000317159	9606.ENSP00000354876	0.184	0	0	0	0.117	0.966	0.908	0.579	0.998
CYC1	NDUFA12	9606.ENSP00000317159	9606.ENSP00000330737	0	0	0	0	0.678	0.993	0.172	0.196	0.998
CYC1	UQCR11	9606.ENSP00000317159	9606.ENSP00000467262	0	0	0	0	0.692	0.987	0.851	0.471	0.999
CYC1	UQCR10	9606.ENSP00000317159	9606.ENSP00000332887	0	0	0	0	0.879	0.997	0.907	0.840	0.999
CYC1	NDUFS2	9606.ENSP00000317159	9606.ENSP00000356972	0	0	0	0	0.964	0.981	0.809	0.460	0.999
CYC1	MT-CO3	9606.ENSP00000317159	9606.ENSP00000354982	0.231	0	0	0	0.312	0.991	0.908	0.492	0.999
CYC1	NDUFV1	9606.ENSP00000317159	9606.ENSP00000497587	0	0	0	0	0.976	0.990	0.809	0.574	0.999
CYC1	COX4I1	9606.ENSP00000317159	9606.ENSP00000457513	0	0	0	0	0.863	0.970	0.598	0.548	0.999
CYC1	UQCRB	9606.ENSP00000317159	9606.ENSP00000430494	0	0	0	0	0.953	0.997	0.907	0.978	0.999
CYC1	MT-CO1	9606.ENSP00000317159	9606.ENSP00000354499	0.231	0	0	0	0.338	0.991	0.908	0.531	0.999
CYC1	UQCRQ	9606.ENSP00000317159	9606.ENSP00000367939	0	0	0	0	0.893	0.997	0.907	0.773	0.999
CYC1	COX5A	9606.ENSP00000317159	9606.ENSP00000317780	0	0	0	0	0.892	0.992	0.602	0.577	0.999
CYC1	NDUFS1	9606.ENSP00000317159	9606.ENSP00000392709	0	0	0	0	0.925	0.989	0.809	0.543	0.999
CYC1	NDUFV2	9606.ENSP00000317159	9606.ENSP00000327268	0	0	0	0	0.925	0.990	0.809	0.427	0.999
CYC1	MT-CYB	9606.ENSP00000317159	9606.ENSP00000354554	0.111	0.900	0	0	0.690	0.987	0.967	0.998	0.999
CYCS	UQCRC1	9606.ENSP00000307786	9606.ENSP00000203407	0	0	0	0	0.204	0.570	0.400	0.681	0.925
CYCS	COX6A1	9606.ENSP00000307786	9606.ENSP00000229379	0	0	0	0	0.307	0.482	0.400	0.644	0.913
CYCS	COX5B	9606.ENSP00000307786	9606.ENSP00000258424	0	0	0	0	0.659	0.755	0.400	0.879	0.993
CYCS	SDHA	9606.ENSP00000307786	9606.ENSP00000264932	0	0	0	0	0.613	0.108	0.500	0.643	0.930
CYCS	UQCRC2	9606.ENSP00000307786	9606.ENSP00000268379	0	0	0	0	0.395	0.513	0.400	0.773	0.954
CYCS	TP53	9606.ENSP00000307786	9606.ENSP00000269305	0	0	0	0	0	0	0	0.911	0.911
CYCS	SLC25A4	9606.ENSP00000307786	9606.ENSP00000281456	0	0	0	0	0.277	0.104	0.900	0.458	0.960
CYCS	BAX	9606.ENSP00000307786	9606.ENSP00000293288	0	0	0	0	0.055	0.287	0.900	0.910	0.993
CYCS	ITPR1	9606.ENSP00000307786	9606.ENSP00000306253	0	0	0	0	0.049	0.072	0	0.992	0.993
CYCS	UQCRFS1	9606.ENSP00000307786	9606.ENSP00000306397	0.120	0	0.241	0	0.834	0.819	0.869	0.949	0.999
CYCS	SDHD	9606.ENSP00000307786	9606.ENSP00000364699	0	0	0	0	0.727	0	0.500	0.354	0.904
CYCS	SDHB	9606.ENSP00000307786	9606.ENSP00000364649	0	0	0	0	0.428	0.094	0.500	0.687	0.908
CYCS	COX6C	9606.ENSP00000307786	9606.ENSP00000429707	0	0	0	0	0.241	0.465	0.400	0.735	0.926
CYCS	ENDOG	9606.ENSP00000307786	9606.ENSP00000361725	0	0	0	0	0.073	0	0	0.937	0.939
CYCS	COX6B1	9606.ENSP00000307786	9606.ENSP00000466818	0	0	0	0	0.310	0.457	0.400	0.769	0.941
CYCS	CASP7	9606.ENSP00000307786	9606.ENSP00000358327	0	0	0	0	0.076	0	0.400	0.903	0.942
CYCS	UQCRH	9606.ENSP00000307786	9606.ENSP00000309565	0	0	0	0	0.731	0.094	0.400	0.650	0.942
CYCS	UQCRQ	9606.ENSP00000307786	9606.ENSP00000367939	0	0	0	0	0.574	0.417	0.400	0.680	0.946
CYCS	SDHC	9606.ENSP00000307786	9606.ENSP00000356953	0	0	0	0	0.838	0	0.500	0.389	0.946
CYCS	COX5A	9606.ENSP00000307786	9606.ENSP00000317780	0	0	0	0	0.609	0.525	0.400	0.622	0.952
CYCS	CASP8	9606.ENSP00000307786	9606.ENSP00000351273	0	0	0	0	0.058	0	0	0.951	0.952
CYCS	COX4I2	9606.ENSP00000307786	9606.ENSP00000365243	0	0	0	0	0.402	0.800	0	0.656	0.955
CYCS	VDAC3	9606.ENSP00000307786	9606.ENSP00000428845	0	0	0	0	0.137	0.071	0.900	0.564	0.960
CYCS	SLC25A6	9606.ENSP00000307786	9606.ENSP00000370808	0	0	0	0	0.250	0.104	0.900	0.494	0.961
CYCS	UQCR10	9606.ENSP00000307786	9606.ENSP00000332887	0	0	0	0	0.693	0.505	0.400	0.666	0.965
CYCS	COX4I1	9606.ENSP00000307786	9606.ENSP00000457513	0	0	0	0	0.418	0.527	0.400	0.820	0.966
CYCS	DIABLO	9606.ENSP00000307786	9606.ENSP00000499058	0	0	0	0	0.049	0	0	0.971	0.972
CYCS	SLC25A5	9606.ENSP00000307786	9606.ENSP00000360671	0	0	0	0	0.288	0.104	0.900	0.695	0.978
CYCS	ITPR3	9606.ENSP00000307786	9606.ENSP00000363435	0	0	0	0	0	0.072	0	0.978	0.979
CYCS	MT-CO3	9606.ENSP00000307786	9606.ENSP00000354982	0.120	0	0	0	0.211	0.507	0.869	0.754	0.987
CYCS	UQCRB	9606.ENSP00000307786	9606.ENSP00000430494	0	0	0	0	0.875	0.429	0.400	0.800	0.990
CYCS	MT-CO2	9606.ENSP00000307786	9606.ENSP00000354876	0.120	0	0	0	0.049	0.797	0.470	0.941	0.993
CYCS	VDAC2	9606.ENSP00000307786	9606.ENSP00000361635	0	0	0	0	0.179	0.071	0.900	0.947	0.995
CYCS	MT-CO1	9606.ENSP00000307786	9606.ENSP00000354499	0.120	0	0	0	0.319	0.797	0.869	0.836	0.996
CYCS	VDAC1	9606.ENSP00000307786	9606.ENSP00000378487	0	0	0	0	0.198	0.309	0.900	0.939	0.996
CYCS	BCL2	9606.ENSP00000307786	9606.ENSP00000381185	0	0	0	0	0	0	0.900	0.972	0.997
CYCS	CASP3	9606.ENSP00000307786	9606.ENSP00000311032	0	0	0	0	0.074	0	0.900	0.975	0.997
CYCS	BCL2L1	9606.ENSP00000307786	9606.ENSP00000365230	0	0	0	0	0.054	0.678	0.900	0.955	0.998
CYCS	MT-CYB	9606.ENSP00000307786	9606.ENSP00000354554	0.095	0	0	0	0.088	0.417	0.593	0.991	0.998
CYCS	CYC1	9606.ENSP00000307786	9606.ENSP00000317159	0.082	0	0.287	0	0.698	0.861	0.621	0.992	0.999
CYCS	CASP9	9606.ENSP00000307786	9606.ENSP00000330237	0	0	0	0	0.068	0.915	0.900	0.999	0.999
CYLD	TNFRSF1A	9606.ENSP00000392025	9606.ENSP00000162749	0	0	0	0	0	0.994	0.500	0.906	0.999
CYLD	RIPK1	9606.ENSP00000392025	9606.ENSP00000259808	0	0	0	0	0.062	0.791	0.900	0.970	0.999
CYLD	BIRC3	9606.ENSP00000392025	9606.ENSP00000263464	0	0	0	0	0.281	0	0.500	0.857	0.944
CYLD	SPATA2L	9606.ENSP00000392025	9606.ENSP00000289805	0	0	0	0	0	0.209	0.900	0.482	0.955
CYLD	FADD	9606.ENSP00000392025	9606.ENSP00000301838	0	0	0	0	0	0.053	0.400	0.888	0.931
CYLD	RNF31	9606.ENSP00000392025	9606.ENSP00000315112	0	0	0	0	0.042	0.862	0.500	0.909	0.993
CYLD	CASP8	9606.ENSP00000392025	9606.ENSP00000351273	0	0	0	0	0.071	0.304	0.900	0.625	0.972
CYLD	SHARPIN	9606.ENSP00000392025	9606.ENSP00000381698	0	0	0	0	0	0.504	0.500	0.765	0.936
CYLD	BIRC2	9606.ENSP00000392025	9606.ENSP00000477613	0	0	0	0	0.135	0.042	0.500	0.878	0.943
CYLD	TNF	9606.ENSP00000392025	9606.ENSP00000398698	0	0	0	0	0.067	0.854	0.500	0.812	0.985
CYLD	SPATA2	9606.ENSP00000392025	9606.ENSP00000416799	0	0	0	0	0	0.846	0.900	0.880	0.997
CYLD	TRAF6	9606.ENSP00000392025	9606.ENSP00000433623	0	0	0	0	0.064	0.755	0.900	0.974	0.999
DAPK2	MAPK1	9606.ENSP00000484390	9606.ENSP00000215832	0	0	0	0.615	0	0.168	0.900	0.117	0.920
DAPK2	MAPK3	9606.ENSP00000484390	9606.ENSP00000263025	0	0	0	0.609	0.072	0.168	0.900	0.139	0.924
DAXX	TNFRSF1A	9606.ENSP00000266000	9606.ENSP00000162749	0	0	0	0	0.050	0.292	0.900	0.273	0.944
DAXX	MAPK9	9606.ENSP00000266000	9606.ENSP00000394560	0	0	0	0	0.082	0.109	0.900	0.108	0.917
DAXX	MAPK8	9606.ENSP00000266000	9606.ENSP00000378974	0	0	0	0	0.093	0.109	0.900	0.251	0.931
DAXX	TP53	9606.ENSP00000266000	9606.ENSP00000269305	0	0	0	0	0.122	0.895	0.900	0.952	0.999
DAXX	FAS	9606.ENSP00000266000	9606.ENSP00000498466	0	0	0	0	0	0.859	0.900	0.941	0.999
DDIT3	FOS	9606.ENSP00000448665	9606.ENSP00000306245	0	0	0	0	0.090	0.844	0	0.385	0.905
DDIT3	ATF4	9606.ENSP00000448665	9606.ENSP00000336790	0	0	0	0	0.187	0.526	0.900	0.925	0.996
DDIT3	BCL2L11	9606.ENSP00000448665	9606.ENSP00000376943	0	0	0	0	0.049	0	0.900	0.581	0.956
DDIT3	BCL2	9606.ENSP00000448665	9606.ENSP00000381185	0	0	0	0	0.067	0	0.900	0.724	0.972
DDIT4	TP53	9606.ENSP00000307305	9606.ENSP00000269305	0	0	0	0	0.060	0	0.750	0.652	0.911
DEPTOR	RHEB	9606.ENSP00000286234	9606.ENSP00000262187	0	0	0	0	0	0.107	0.900	0.882	0.988
DEPTOR	IGBP1	9606.ENSP00000286234	9606.ENSP00000363661	0	0	0	0	0.053	0.045	0.900	0.083	0.906
DEPTOR	ULK2	9606.ENSP00000286234	9606.ENSP00000378914	0	0	0	0	0.042	0.092	0.900	0.311	0.932
DEPTOR	ULK1	9606.ENSP00000286234	9606.ENSP00000324560	0	0	0	0	0	0.092	0.900	0.506	0.951
DEPTOR	AKT1S1	9606.ENSP00000286234	9606.ENSP00000375711	0	0	0	0	0	0	0.800	0.998	0.999
DEPTOR	MTOR	9606.ENSP00000286234	9606.ENSP00000354558	0	0	0	0	0	0.972	0.900	0.997	0.999
DEPTOR	MLST8	9606.ENSP00000286234	9606.ENSP00000457870	0	0	0	0	0	0.879	0.800	0.998	0.999
DFFA	CASP3	9606.ENSP00000366237	9606.ENSP00000311032	0	0	0	0	0.042	0.629	0.900	0.826	0.992
DFFA	DFFB	9606.ENSP00000366237	9606.ENSP00000339524	0	0	0	0	0.058	0.987	0.900	0.999	0.999
DFFB	CASP3	9606.ENSP00000339524	9606.ENSP00000311032	0	0	0	0	0	0.095	0.750	0.913	0.978
DFFB	DFFA	9606.ENSP00000339524	9606.ENSP00000366237	0	0	0	0	0.058	0.987	0.900	0.999	0.999
DIABLO	BIRC7	9606.ENSP00000499058	9606.ENSP00000217169	0	0	0	0	0	0.907	0	0.879	0.988
DIABLO	BIRC3	9606.ENSP00000499058	9606.ENSP00000263464	0	0	0	0	0	0.904	0	0.931	0.993
DIABLO	BIRC5	9606.ENSP00000499058	9606.ENSP00000301633	0	0	0	0	0	0.867	0	0.418	0.919
DIABLO	CYCS	9606.ENSP00000499058	9606.ENSP00000307786	0	0	0	0	0.049	0	0	0.971	0.972
DIABLO	CASP9	9606.ENSP00000499058	9606.ENSP00000330237	0	0	0	0	0.056	0	0	0.958	0.959
DIABLO	CASP8	9606.ENSP00000499058	9606.ENSP00000351273	0	0	0	0	0	0	0	0.903	0.903
DIABLO	ENDOG	9606.ENSP00000499058	9606.ENSP00000361725	0	0	0	0	0.077	0.095	0	0.909	0.917
DIABLO	BIRC6	9606.ENSP00000499058	9606.ENSP00000393596	0	0	0	0	0	0.899	0	0.773	0.976
DIABLO	BIRC2	9606.ENSP00000499058	9606.ENSP00000477613	0	0	0	0	0.049	0.950	0.540	0.994	0.999
DMAC2L	ATP5PB	9606.ENSP00000451583	9606.ENSP00000358737	0	0	0	0	0.104	0.994	0.540	0.634	0.998
DNM1L	RIPK3	9606.ENSP00000449089	9606.ENSP00000216274	0	0	0	0	0.054	0.041	0.900	0.442	0.942
DNM1L	RIPK1	9606.ENSP00000449089	9606.ENSP00000259808	0	0	0	0	0.054	0.041	0.900	0.440	0.942
DNM1L	BCL2L1	9606.ENSP00000449089	9606.ENSP00000365230	0	0	0	0	0.055	0.549	0	0.826	0.919
DNM1L	PGAM5	9606.ENSP00000449089	9606.ENSP00000438465	0	0	0	0	0.049	0.314	0.900	0.907	0.993
DUSP16	MAPK9	9606.ENSP00000298573	9606.ENSP00000394560	0	0	0	0	0.075	0.682	0.900	0.552	0.985
DUSP16	MAPK8	9606.ENSP00000298573	9606.ENSP00000378974	0	0	0	0	0.086	0.966	0.900	0.638	0.998
ECSIT	NDUFS7	9606.ENSP00000270517	9606.ENSP00000233627	0	0	0	0	0.672	0.350	0.500	0.358	0.922
ECSIT	NDUFAF1	9606.ENSP00000270517	9606.ENSP00000260361	0	0	0	0	0.332	0.994	0.800	0.998	0.999
ECSIT	NDUFS3	9606.ENSP00000270517	9606.ENSP00000263774	0	0	0	0	0.224	0.994	0.500	0.366	0.998
ECSIT	NDUFB1	9606.ENSP00000270517	9606.ENSP00000483888	0	0	0	0	0.075	0.756	0.500	0.289	0.909
ECSIT	NDUFC2	9606.ENSP00000270517	9606.ENSP00000281031	0	0	0	0	0.131	0.770	0.500	0.303	0.921
ECSIT	NDUFA8	9606.ENSP00000270517	9606.ENSP00000362873	0	0	0	0	0.555	0.684	0.500	0.233	0.938
ECSIT	NDUFS8	9606.ENSP00000270517	9606.ENSP00000315774	0	0	0	0	0.389	0.756	0.500	0.279	0.939
ECSIT	NDUFAF4	9606.ENSP00000270517	9606.ENSP00000358272	0	0	0	0	0.057	0.780	0.500	0.565	0.948
ECSIT	TMEM186	9606.ENSP00000270517	9606.ENSP00000331640	0	0	0	0	0.103	0.629	0.500	0.794	0.961
ECSIT	NDUFS5	9606.ENSP00000270517	9606.ENSP00000362058	0	0	0	0	0.080	0.994	0	0.160	0.994
ECSIT	MT-ND4	9606.ENSP00000270517	9606.ENSP00000354961	0	0	0	0	0.072	0.994	0	0.288	0.995
ECSIT	TMEM70	9606.ENSP00000270517	9606.ENSP00000312599	0	0	0	0	0.057	0.994	0	0.406	0.996
ECSIT	NDUFS1	9606.ENSP00000270517	9606.ENSP00000392709	0	0	0	0	0.075	0.994	0.500	0.248	0.997
ECSIT	NDUFA13	9606.ENSP00000270517	9606.ENSP00000423673	0	0	0	0	0.429	0.994	0.500	0.383	0.998
ECSIT	NDUFB11	9606.ENSP00000270517	9606.ENSP00000276062	0	0	0	0	0.234	0.994	0.500	0.248	0.998
ECSIT	NDUFAF3	9606.ENSP00000270517	9606.ENSP00000323076	0	0	0	0	0.141	0.994	0.500	0.492	0.998
ECSIT	NDUFS2	9606.ENSP00000270517	9606.ENSP00000356972	0	0	0	0	0.169	0.994	0.500	0.460	0.998
ECSIT	TRAF6	9606.ENSP00000270517	9606.ENSP00000433623	0	0	0	0	0	0.568	0.900	0.996	0.999
ECSIT	TMEM126B	9606.ENSP00000270517	9606.ENSP00000351737	0	0	0	0	0	0.994	0.800	0.978	0.999
ECSIT	ACAD9	9606.ENSP00000270517	9606.ENSP00000312618	0	0	0	0	0.118	0.994	0.800	0.989	0.999
ECSIT	TIMMDC1	9606.ENSP00000270517	9606.ENSP00000418803	0	0	0	0	0.049	0.994	0.500	0.806	0.999
EIF2AK2	IRS4	9606.ENSP00000233057	9606.ENSP00000361202	0	0	0	0	0	0.089	0.900	0.057	0.906
EIF2AK2	FADD	9606.ENSP00000233057	9606.ENSP00000301838	0	0	0	0	0.099	0	0.900	0.436	0.944
EIF2AK2	IKBKB	9606.ENSP00000233057	9606.ENSP00000430684	0	0	0.153	0.577	0.076	0.292	0.900	0.485	0.966
EIF2AK2	TRAF6	9606.ENSP00000233057	9606.ENSP00000433623	0	0	0	0	0.099	0.571	0	0.927	0.969
EIF2AK2	RIPK1	9606.ENSP00000233057	9606.ENSP00000259808	0	0	0.145	0.569	0.118	0	0.900	0.698	0.974
EIF2AK2	STAT1	9606.ENSP00000233057	9606.ENSP00000354394	0	0	0	0	0.692	0.510	0.400	0.806	0.980
EIF2AK3	IKBKB	9606.ENSP00000307235	9606.ENSP00000430684	0	0	0	0.554	0.058	0	0.900	0.200	0.918
EIF2AK3	ATF4	9606.ENSP00000307235	9606.ENSP00000336790	0	0	0	0	0.057	0	0.900	0.927	0.992
EIF2AK4	IKBKB	9606.ENSP00000263791	9606.ENSP00000430684	0	0	0	0.553	0.049	0	0.900	0.092	0.906
EIF2AK4	ATF4	9606.ENSP00000263791	9606.ENSP00000336790	0	0	0	0	0	0	0.500	0.842	0.917
ENDOG	AIFM1	9606.ENSP00000361725	9606.ENSP00000287295	0	0	0	0	0.083	0.633	0	0.853	0.946
ENDOG	CYCS	9606.ENSP00000361725	9606.ENSP00000307786	0	0	0	0	0.073	0	0	0.937	0.939
ENDOG	DIABLO	9606.ENSP00000361725	9606.ENSP00000499058	0	0	0	0	0.077	0.095	0	0.909	0.917
ERN1	TNF	9606.ENSP00000401445	9606.ENSP00000398698	0	0	0	0	0.103	0.057	0	0.892	0.901
FADD	TNFRSF1A	9606.ENSP00000301838	9606.ENSP00000162749	0	0	0	0	0.135	0.813	0.900	0.998	0.999
FADD	NGFR	9606.ENSP00000301838	9606.ENSP00000172229	0	0	0	0	0	0.066	0.900	0.248	0.923
FADD	RIPK3	9606.ENSP00000301838	9606.ENSP00000216274	0	0	0	0	0.093	0.994	0.400	0.996	0.999
FADD	TNFRSF10A	9606.ENSP00000301838	9606.ENSP00000221132	0	0	0	0	0.049	0.874	0.900	0.997	0.999
FADD	EIF2AK2	9606.ENSP00000301838	9606.ENSP00000233057	0	0	0	0	0.099	0	0.900	0.436	0.944
FADD	TICAM1	9606.ENSP00000301838	9606.ENSP00000248244	0	0	0	0	0.129	0.092	0.900	0.575	0.961
FADD	TANK	9606.ENSP00000301838	9606.ENSP00000259075	0	0	0	0	0	0.259	0	0.872	0.901
FADD	RIPK1	9606.ENSP00000301838	9606.ENSP00000259808	0	0	0	0	0.106	0.942	0.900	0.998	0.999
FADD	TRAF5	9606.ENSP00000301838	9606.ENSP00000261464	0	0	0	0	0.055	0.090	0	0.906	0.912
FADD	BIRC3	9606.ENSP00000301838	9606.ENSP00000263464	0	0	0	0	0	0.092	0.900	0.595	0.960
FADD	TNFRSF10B	9606.ENSP00000301838	9606.ENSP00000276431	0	0	0	0	0.066	0.880	0.900	0.997	0.999
FADD	BID	9606.ENSP00000301838	9606.ENSP00000318822	0	0	0	0	0.148	0.742	0	0.599	0.904
FADD	PIDD1	9606.ENSP00000301838	9606.ENSP00000337797	0	0	0	0	0.049	0.573	0	0.788	0.906
FADD	TRAF6	9606.ENSP00000301838	9606.ENSP00000433623	0	0	0	0	0.062	0.090	0	0.916	0.922
FADD	CYLD	9606.ENSP00000301838	9606.ENSP00000392025	0	0	0	0	0	0.053	0.400	0.888	0.931
FADD	CASP3	9606.ENSP00000301838	9606.ENSP00000311032	0	0	0	0	0.106	0.067	0.360	0.920	0.951
FADD	CASP1	9606.ENSP00000301838	9606.ENSP00000433138	0	0	0	0	0.087	0.067	0	0.950	0.954
FADD	ATG12	9606.ENSP00000301838	9606.ENSP00000425107	0	0	0	0	0.086	0.301	0	0.975	0.982
FADD	TNF	9606.ENSP00000301838	9606.ENSP00000398698	0	0	0	0	0.098	0.303	0.500	0.973	0.990
FADD	BIRC2	9606.ENSP00000301838	9606.ENSP00000477613	0	0	0	0	0	0.092	0.900	0.940	0.994
FADD	ATG5	9606.ENSP00000301838	9606.ENSP00000358072	0	0	0	0	0.056	0.388	0	0.991	0.994
FADD	CASP8	9606.ENSP00000301838	9606.ENSP00000351273	0	0	0	0	0.108	0.994	0.900	0.999	0.999
FADD	CFLAR	9606.ENSP00000301838	9606.ENSP00000312455	0	0	0	0	0.047	0.882	0.900	0.999	0.999
FADD	FAS	9606.ENSP00000301838	9606.ENSP00000498466	0	0	0	0	0.094	0.999	0.900	0.998	0.999
FAS	TNFRSF1A	9606.ENSP00000498466	9606.ENSP00000162749	0	0	0	0	0.056	0.448	0.900	0.994	0.999
FAS	TNFRSF10A	9606.ENSP00000498466	9606.ENSP00000221132	0	0	0	0.590	0.047	0	0.500	0.931	0.964
FAS	RIPK1	9606.ENSP00000498466	9606.ENSP00000259808	0	0	0	0	0.110	0.243	0.720	0.842	0.966
FAS	DAXX	9606.ENSP00000498466	9606.ENSP00000266000	0	0	0	0	0	0.859	0.900	0.941	0.999
FAS	TNFRSF10B	9606.ENSP00000498466	9606.ENSP00000276431	0	0	0	0.582	0.134	0.448	0.500	0.917	0.977
FAS	FADD	9606.ENSP00000498466	9606.ENSP00000301838	0	0	0	0	0.094	0.999	0.900	0.998	0.999
FAS	CASP3	9606.ENSP00000498466	9606.ENSP00000311032	0	0	0	0	0.116	0.071	0.360	0.851	0.911
FAS	CFLAR	9606.ENSP00000498466	9606.ENSP00000312455	0	0	0	0	0.177	0.791	0.900	0.867	0.997
FAS	CASP8	9606.ENSP00000498466	9606.ENSP00000351273	0	0	0	0	0.127	0.927	0.900	0.997	0.999
FAS	PTPN13	9606.ENSP00000498466	9606.ENSP00000394794	0	0	0	0	0.060	0.625	0	0.923	0.970
FAS	TNF	9606.ENSP00000498466	9606.ENSP00000398698	0	0	0	0	0.128	0.292	0	0.997	0.997
FOS	MAPK1	9606.ENSP00000306245	9606.ENSP00000215832	0	0	0	0	0.055	0.450	0.900	0.864	0.992
FOS	MAPK3	9606.ENSP00000306245	9606.ENSP00000263025	0	0	0	0	0.055	0.450	0.900	0.907	0.994
FOS	STAT3	9606.ENSP00000306245	9606.ENSP00000264657	0	0	0	0	0.132	0.429	0.500	0.984	0.995
FOS	TP53	9606.ENSP00000306245	9606.ENSP00000269305	0	0	0	0	0.053	0.230	0.500	0.884	0.952
FOS	DDIT3	9606.ENSP00000306245	9606.ENSP00000448665	0	0	0	0	0.090	0.844	0	0.385	0.905
FOS	PRKACA	9606.ENSP00000306245	9606.ENSP00000309591	0	0	0	0	0	0.086	0.900	0.594	0.959
FOS	PRKACB	9606.ENSP00000306245	9606.ENSP00000359719	0	0	0	0	0	0.086	0.900	0.594	0.959
FOS	MAPK9	9606.ENSP00000306245	9606.ENSP00000394560	0	0	0	0	0	0.297	0.900	0.706	0.977
FOS	MAPK8	9606.ENSP00000306245	9606.ENSP00000378974	0	0	0	0	0	0.174	0.900	0.849	0.986
FOS	JUN	9606.ENSP00000306245	9606.ENSP00000360266	0	0	0	0	0.690	0.999	0.900	0.999	0.999
FOXRED1	NDUFS7	9606.ENSP00000263578	9606.ENSP00000233627	0	0	0	0	0.056	0	0.720	0.811	0.945
FOXRED1	NDUFA2	9606.ENSP00000263578	9606.ENSP00000252102	0	0	0	0	0.047	0	0.720	0.759	0.930
FOXRED1	NDUFAF1	9606.ENSP00000263578	9606.ENSP00000260361	0	0	0	0	0.121	0	0.720	0.855	0.961
FOXRED1	MT-ND2	9606.ENSP00000263578	9606.ENSP00000355046	0	0	0	0	0.047	0	0.720	0.659	0.901
FOXRED1	NDUFA1	9606.ENSP00000263578	9606.ENSP00000360492	0	0	0	0	0	0	0.720	0.672	0.904
FOXRED1	MT-ND5	9606.ENSP00000263578	9606.ENSP00000354813	0	0	0	0	0.050	0	0.720	0.670	0.904
FOXRED1	MT-ND3	9606.ENSP00000263578	9606.ENSP00000355206	0	0	0	0	0	0	0.720	0.679	0.906
FOXRED1	ACAD9	9606.ENSP00000263578	9606.ENSP00000312618	0	0	0	0	0.206	0.422	0	0.816	0.908
FOXRED1	NDUFV2	9606.ENSP00000263578	9606.ENSP00000327268	0	0	0	0	0.049	0	0.720	0.687	0.909
FOXRED1	NDUFA11	9606.ENSP00000263578	9606.ENSP00000389160	0	0	0	0	0.055	0	0.720	0.697	0.912
FOXRED1	MT-ND4	9606.ENSP00000263578	9606.ENSP00000354961	0	0	0	0	0.049	0	0.720	0.705	0.914
FOXRED1	NDUFS2	9606.ENSP00000263578	9606.ENSP00000356972	0	0	0	0	0.082	0	0.720	0.738	0.926
FOXRED1	NDUFB10	9606.ENSP00000263578	9606.ENSP00000268668	0	0	0	0	0.084	0.292	0.720	0.641	0.926
FOXRED1	NDUFS1	9606.ENSP00000263578	9606.ENSP00000392709	0	0	0	0	0.044	0	0.720	0.756	0.929
FOXRED1	NDUFV1	9606.ENSP00000263578	9606.ENSP00000497587	0	0	0	0	0.062	0	0.720	0.758	0.930
FOXRED1	NDUFS4	9606.ENSP00000263578	9606.ENSP00000296684	0	0	0	0	0.047	0	0.720	0.784	0.937
FOXRED1	NDUFS8	9606.ENSP00000263578	9606.ENSP00000315774	0	0	0	0	0.107	0	0.720	0.778	0.939
FOXRED1	NDUFS3	9606.ENSP00000263578	9606.ENSP00000263774	0	0	0	0	0.127	0.292	0.720	0.729	0.946
FOXRED1	NDUFS5	9606.ENSP00000263578	9606.ENSP00000362058	0	0	0	0	0.047	0.748	0.720	0.350	0.950
FTH1	TFRC	9606.ENSP00000273550	9606.ENSP00000376197	0	0	0	0	0.047	0.852	0.500	0.945	0.995
FTH1	NCOA4	9606.ENSP00000273550	9606.ENSP00000463027	0	0	0	0	0.056	0.806	0.900	0.989	0.999
GABARAP	RB1CC1	9606.ENSP00000306866	9606.ENSP00000025008	0	0	0	0	0	0.609	0	0.928	0.970
GABARAP	GABARAPL2	9606.ENSP00000306866	9606.ENSP00000037243	0	0	0.063	0.954	0.312	0.204	0.900	0.410	0.964
GABARAP	STX17	9606.ENSP00000306866	9606.ENSP00000259400	0	0	0	0	0.063	0.903	0	0.675	0.967
GABARAP	PIK3C3	9606.ENSP00000306866	9606.ENSP00000262039	0	0	0	0	0.049	0	0.900	0.914	0.991
GABARAP	ATG10	9606.ENSP00000306866	9606.ENSP00000282185	0	0	0	0	0.087	0.167	0.500	0.776	0.903
GABARAP	ATG3	9606.ENSP00000306866	9606.ENSP00000283290	0	0	0.266	0	0.148	0.889	0.900	0.982	0.999
GABARAP	PRKACA	9606.ENSP00000306866	9606.ENSP00000309591	0	0	0	0	0.195	0	0.900	0.249	0.934
GABARAP	PRKACB	9606.ENSP00000306866	9606.ENSP00000359719	0	0	0	0	0.189	0	0.900	0.251	0.934
GABARAP	TP53INP2	9606.ENSP00000306866	9606.ENSP00000363943	0	0	0	0	0.048	0.096	0.900	0.583	0.959
GABARAP	ATG13	9606.ENSP00000306866	9606.ENSP00000432412	0	0	0	0	0.119	0.763	0	0.859	0.968
GABARAP	ATG16L1	9606.ENSP00000306866	9606.ENSP00000375873	0	0	0	0	0.045	0.205	0.900	0.762	0.979
GABARAP	GABARAPL1	9606.ENSP00000306866	9606.ENSP00000411256	0	0	0.055	0.970	0.054	0.166	0.900	0.810	0.983
GABARAP	ATG4D	9606.ENSP00000306866	9606.ENSP00000311318	0	0	0	0	0.244	0.493	0.900	0.810	0.991
GABARAP	ATG5	9606.ENSP00000306866	9606.ENSP00000358072	0	0	0	0	0.079	0.360	0.900	0.923	0.994
GABARAP	ULK1	9606.ENSP00000306866	9606.ENSP00000324560	0	0	0	0	0.152	0.913	0	0.957	0.996
GABARAP	ATG12	9606.ENSP00000306866	9606.ENSP00000425107	0	0	0	0	0.111	0.332	0.900	0.956	0.997
GABARAP	ATG4B	9606.ENSP00000306866	9606.ENSP00000384259	0	0	0	0	0.305	0.866	0.900	0.974	0.999
GABARAP	BNIP3	9606.ENSP00000306866	9606.ENSP00000357625	0	0	0	0	0.069	0	0.900	0.993	0.999
GABARAP	ATG7	9606.ENSP00000306866	9606.ENSP00000346437	0	0	0	0	0.146	0.942	0.900	0.964	0.999
GABARAPL1	RB1CC1	9606.ENSP00000411256	9606.ENSP00000025008	0	0	0	0	0.109	0.567	0	0.922	0.967
GABARAPL1	GABARAPL2	9606.ENSP00000411256	9606.ENSP00000037243	0	0	0.071	0.937	0.073	0.204	0.900	0.411	0.952
GABARAPL1	PIK3C3	9606.ENSP00000411256	9606.ENSP00000262039	0	0	0	0	0	0	0.900	0.852	0.984
GABARAPL1	ATG10	9606.ENSP00000411256	9606.ENSP00000282185	0	0	0	0	0.087	0.167	0.500	0.851	0.935
GABARAPL1	ATG3	9606.ENSP00000411256	9606.ENSP00000283290	0	0	0.244	0	0.141	0.783	0.900	0.999	0.999
GABARAPL1	WIPI2	9606.ENSP00000411256	9606.ENSP00000288828	0	0	0	0	0.196	0.096	0.500	0.775	0.907
GABARAPL1	GABARAP	9606.ENSP00000411256	9606.ENSP00000306866	0	0	0.055	0.970	0.054	0.166	0.900	0.810	0.983
GABARAPL1	PRKACA	9606.ENSP00000411256	9606.ENSP00000309591	0	0	0	0	0.189	0	0.900	0.294	0.937
GABARAPL1	ATG4D	9606.ENSP00000411256	9606.ENSP00000311318	0	0	0	0	0.248	0.493	0.900	0.845	0.993
GABARAPL1	ULK1	9606.ENSP00000411256	9606.ENSP00000324560	0	0	0	0	0.190	0.830	0	0.943	0.991
GABARAPL1	ATG7	9606.ENSP00000411256	9606.ENSP00000346437	0	0	0	0	0.109	0.870	0.900	0.998	0.999
GABARAPL1	PIK3R4	9606.ENSP00000411256	9606.ENSP00000349205	0	0	0	0	0.056	0	0.500	0.828	0.912
GABARAPL1	BNIP3	9606.ENSP00000411256	9606.ENSP00000357625	0	0	0	0	0.072	0	0.900	0.968	0.996
GABARAPL1	ATG5	9606.ENSP00000411256	9606.ENSP00000358072	0	0	0	0	0.086	0.332	0.900	0.995	0.999
GABARAPL1	PRKACB	9606.ENSP00000411256	9606.ENSP00000359719	0	0	0	0	0.189	0	0.900	0.295	0.937
GABARAPL1	TP53INP2	9606.ENSP00000411256	9606.ENSP00000363943	0	0	0	0	0.183	0.096	0.900	0.682	0.973
GABARAPL1	ATG16L1	9606.ENSP00000411256	9606.ENSP00000375873	0	0	0	0	0.047	0.205	0.900	0.893	0.990
GABARAPL1	ULK2	9606.ENSP00000411256	9606.ENSP00000378914	0	0	0	0	0.139	0.641	0	0.830	0.943
GABARAPL1	ATG4B	9606.ENSP00000411256	9606.ENSP00000384259	0	0	0	0	0.300	0.905	0.900	0.992	0.999
GABARAPL1	ATG13	9606.ENSP00000411256	9606.ENSP00000432412	0	0	0	0	0.118	0.627	0	0.964	0.987
GABARAPL1	ATG12	9606.ENSP00000411256	9606.ENSP00000425107	0	0	0	0	0.112	0.292	0.900	0.995	0.999
GABARAPL2	RB1CC1	9606.ENSP00000037243	9606.ENSP00000025008	0	0	0	0	0.057	0.375	0	0.928	0.953
GABARAPL2	PIK3R4	9606.ENSP00000037243	9606.ENSP00000349205	0	0	0	0	0.063	0	0.500	0.828	0.912
GABARAPL2	ULK2	9606.ENSP00000037243	9606.ENSP00000378914	0	0	0	0	0.139	0.643	0	0.808	0.936
GABARAPL2	ATG10	9606.ENSP00000037243	9606.ENSP00000282185	0	0	0	0	0.101	0.167	0.500	0.851	0.937
GABARAPL2	PRKACB	9606.ENSP00000037243	9606.ENSP00000359719	0	0	0	0	0.189	0	0.900	0.296	0.938
GABARAPL2	PRKACA	9606.ENSP00000037243	9606.ENSP00000309591	0	0	0	0	0.189	0	0.900	0.296	0.938
GABARAPL2	WIPI2	9606.ENSP00000037243	9606.ENSP00000288828	0	0	0	0	0.206	0.096	0.500	0.852	0.940
GABARAPL2	GABARAPL1	9606.ENSP00000037243	9606.ENSP00000411256	0	0	0.071	0.937	0.073	0.204	0.900	0.411	0.952
GABARAPL2	GABARAP	9606.ENSP00000037243	9606.ENSP00000306866	0	0	0.063	0.954	0.312	0.204	0.900	0.410	0.964
GABARAPL2	TP53INP2	9606.ENSP00000037243	9606.ENSP00000363943	0	0	0	0	0.044	0.274	0.900	0.682	0.974
GABARAPL2	PIK3C3	9606.ENSP00000037243	9606.ENSP00000262039	0	0	0	0	0.044	0	0.900	0.852	0.984
GABARAPL2	ATG13	9606.ENSP00000037243	9606.ENSP00000432412	0	0	0	0	0.109	0.641	0	0.964	0.987
GABARAPL2	ATG16L1	9606.ENSP00000037243	9606.ENSP00000375873	0	0	0	0	0	0.205	0.900	0.893	0.990
GABARAPL2	ATG4D	9606.ENSP00000037243	9606.ENSP00000311318	0	0	0	0	0.244	0.493	0.900	0.842	0.993
GABARAPL2	BNIP3	9606.ENSP00000037243	9606.ENSP00000357625	0	0	0	0	0.076	0	0.900	0.970	0.997
GABARAPL2	ULK1	9606.ENSP00000037243	9606.ENSP00000324560	0	0	0	0	0.146	0.868	0	0.981	0.997
GABARAPL2	ATG12	9606.ENSP00000037243	9606.ENSP00000425107	0	0	0	0	0.117	0.292	0.900	0.997	0.999
GABARAPL2	ATG7	9606.ENSP00000037243	9606.ENSP00000346437	0	0	0	0	0.114	0.916	0.900	0.999	0.999
GABARAPL2	ATG5	9606.ENSP00000037243	9606.ENSP00000358072	0	0	0	0	0.081	0.332	0.900	0.997	0.999
GABARAPL2	ATG3	9606.ENSP00000037243	9606.ENSP00000283290	0	0	0	0	0.170	0.919	0.900	0.999	0.999
GABARAPL2	ATG4B	9606.ENSP00000037243	9606.ENSP00000384259	0	0	0	0	0.322	0.853	0.900	0.990	0.999
GADD45A	GADD45B	9606.ENSP00000360025	9606.ENSP00000215631	0	0	0.061	0.950	0.258	0.292	0.900	0.413	0.965
GADD45A	TP53	9606.ENSP00000360025	9606.ENSP00000269305	0	0	0	0	0	0.069	0.900	0.913	0.991
GADD45B	TP53	9606.ENSP00000215631	9606.ENSP00000269305	0	0	0	0	0	0	0.900	0.660	0.964
GADD45B	GADD45A	9606.ENSP00000215631	9606.ENSP00000360025	0	0	0.061	0.950	0.258	0.292	0.900	0.413	0.965
GCLC	HMOX1	9606.ENSP00000497574	9606.ENSP00000216117	0	0	0	0	0.063	0.079	0	0.896	0.903
GCLC	GCLM	9606.ENSP00000497574	9606.ENSP00000359258	0	0	0	0	0.238	0.871	0.967	0.999	0.999
GCLM	HMOX1	9606.ENSP00000359258	9606.ENSP00000216117	0	0	0	0	0.072	0	0	0.907	0.910
GCLM	GCLC	9606.ENSP00000359258	9606.ENSP00000497574	0	0	0	0	0.238	0.871	0.967	0.999	0.999
GLUD1	RIPK3	9606.ENSP00000277865	9606.ENSP00000216274	0	0	0	0	0	0	0.900	0.748	0.973
GLUD1	GLUD2	9606.ENSP00000277865	9606.ENSP00000327589	0	0	0.047	0.986	0.122	0.835	0.900	0.054	0.984
GLUD2	RIPK3	9606.ENSP00000327589	9606.ENSP00000216274	0	0	0	0	0	0	0.900	0	0.900
GLUD2	GLUD1	9606.ENSP00000327589	9606.ENSP00000277865	0	0	0.047	0.986	0.122	0.835	0.900	0.054	0.984
GSDMD	PYCARD	9606.ENSP00000433209	9606.ENSP00000247470	0	0	0	0	0.087	0	0.720	0.783	0.939
GSDMD	IL1B	9606.ENSP00000433209	9606.ENSP00000263341	0	0	0	0	0.062	0.312	0.500	0.815	0.932
GSDMD	IL18	9606.ENSP00000433209	9606.ENSP00000280357	0	0	0	0	0.060	0	0.400	0.889	0.932
GSDMD	CASP3	9606.ENSP00000433209	9606.ENSP00000311032	0	0	0	0	0.042	0.091	0.750	0.667	0.918
GSDMD	HMGB1	9606.ENSP00000433209	9606.ENSP00000345347	0	0	0	0	0.047	0	0.750	0.623	0.902
GSDMD	CASP5	9606.ENSP00000433209	9606.ENSP00000376849	0	0	0	0	0.122	0.266	0.900	0.804	0.985
GSDMD	CASP4	9606.ENSP00000433209	9606.ENSP00000388566	0	0	0	0	0.155	0.943	0.900	0.738	0.998
GSDMD	CASP1	9606.ENSP00000433209	9606.ENSP00000433138	0	0	0	0	0.134	0.932	0.900	0.905	0.999
GSDME	CASP3	9606.ENSP00000339587	9606.ENSP00000311032	0	0	0	0	0.042	0	0.750	0.668	0.913
H2AC11	H2AC8	9606.ENSP00000352119	9606.ENSP00000303373	0	0	0.048	0.984	0.506	0.911	0	0.046	0.954
H2AC11	H2AC14	9606.ENSP00000352119	9606.ENSP00000328484	0	0	0.048	0.984	0.157	0.900	0	0.048	0.913
H2AC11	H2AC13	9606.ENSP00000352119	9606.ENSP00000351589	0	0	0.048	0.985	0.316	0.900	0	0.433	0.958
H2AC11	H2AC16	9606.ENSP00000352119	9606.ENSP00000482538	0	0	0.048	0.985	0.138	0.900	0	0	0.910
H2AC11	H2AC12	9606.ENSP00000352119	9606.ENSP00000366679	0	0	0.048	0.985	0.184	0.900	0	0.049	0.916
H2AC11	H2AC4	9606.ENSP00000352119	9606.ENSP00000483842	0	0	0.048	0.984	0.181	0.907	0	0.046	0.921
H2AC11	H2AC6	9606.ENSP00000352119	9606.ENSP00000367022	0	0	0.048	0.984	0.288	0.908	0	0.047	0.933
H2AC11	H2AC17	9606.ENSP00000352119	9606.ENSP00000352627	0	0	0.048	0.985	0.518	0.900	0	0.042	0.950
H2AC12	H2AC8	9606.ENSP00000366679	9606.ENSP00000303373	0	0	0.048	0.984	0.199	0.907	0.400	0.047	0.952
H2AC12	H2AC14	9606.ENSP00000366679	9606.ENSP00000328484	0	0	0.048	0.984	0.282	0.900	0.400	0.050	0.953
H2AC12	H2AC20	9606.ENSP00000366679	9606.ENSP00000332194	0	0	0.049	0.983	0.259	0.800	0.400	0.046	0.904
H2AC12	H2AC21	9606.ENSP00000366679	9606.ENSP00000332790	0	0	0.049	0.983	0.309	0.800	0.400	0.048	0.911
H2AC12	H2AC13	9606.ENSP00000366679	9606.ENSP00000351589	0	0	0.048	0.985	0.267	0.900	0.400	0.049	0.952
H2AC12	H2AC11	9606.ENSP00000366679	9606.ENSP00000352119	0	0	0.048	0.985	0.184	0.900	0	0.049	0.916
H2AC12	H2AC17	9606.ENSP00000366679	9606.ENSP00000352627	0	0	0.048	0.985	0.308	0.900	0	0.048	0.928
H2AC12	H2AC16	9606.ENSP00000366679	9606.ENSP00000482538	0	0	0.048	0.985	0.259	0.900	0	0.049	0.923
H2AC12	H2AC4	9606.ENSP00000366679	9606.ENSP00000483842	0	0	0.048	0.984	0.418	0.907	0	0.046	0.944
H2AC12	H2AC6	9606.ENSP00000366679	9606.ENSP00000367022	0	0	0.048	0.984	0.074	0.908	0.400	0.047	0.945
H2AC13	H2AC8	9606.ENSP00000351589	9606.ENSP00000303373	0	0	0.048	0.984	0.492	0.907	0.400	0.052	0.969
H2AC13	H2AC14	9606.ENSP00000351589	9606.ENSP00000328484	0	0	0.048	0.984	0.776	0.900	0.400	0.050	0.985
H2AC13	H2AC20	9606.ENSP00000351589	9606.ENSP00000332194	0	0	0.049	0.983	0.241	0.800	0.400	0.381	0.936
H2AC13	H2AC21	9606.ENSP00000351589	9606.ENSP00000332790	0	0	0.049	0.983	0.260	0.800	0.400	0.047	0.904
H2AC13	H2AC16	9606.ENSP00000351589	9606.ENSP00000482538	0	0	0.048	0.985	0.255	0.900	0	0.053	0.923
H2AC13	H2AC18	9606.ENSP00000351589	9606.ENSP00000358155	0	0	0.048	0.984	0.224	0.800	0.400	0.380	0.935
H2AC13	H2AC12	9606.ENSP00000351589	9606.ENSP00000366679	0	0	0.048	0.985	0.267	0.900	0.400	0.049	0.952
H2AC13	H2AC6	9606.ENSP00000351589	9606.ENSP00000367022	0	0	0.048	0.984	0.235	0.908	0.400	0.056	0.955
H2AC13	H2AC4	9606.ENSP00000351589	9606.ENSP00000483842	0	0	0.048	0.984	0.540	0.907	0	0.047	0.956
H2AC13	H2AC11	9606.ENSP00000351589	9606.ENSP00000352119	0	0	0.048	0.985	0.316	0.900	0	0.433	0.958
H2AC13	H2AC17	9606.ENSP00000351589	9606.ENSP00000352627	0	0	0.048	0.985	0.767	0.900	0	0.042	0.975
H2AC14	H2AC8	9606.ENSP00000328484	9606.ENSP00000303373	0	0	0.048	0.984	0.473	0.900	0.400	0.055	0.966
H2AC14	H2AC11	9606.ENSP00000328484	9606.ENSP00000352119	0	0	0.048	0.984	0.157	0.900	0	0.048	0.913
H2AC14	H2AC16	9606.ENSP00000328484	9606.ENSP00000482538	0	0	0.048	0.984	0.259	0.900	0	0.048	0.923
H2AC14	H2AC6	9606.ENSP00000328484	9606.ENSP00000367022	0	0	0.048	0.984	0.139	0.900	0.400	0.045	0.944
H2AC14	H2AC12	9606.ENSP00000328484	9606.ENSP00000366679	0	0	0.048	0.984	0.282	0.900	0.400	0.050	0.953
H2AC14	H2AC17	9606.ENSP00000328484	9606.ENSP00000352627	0	0	0.048	0.984	0.577	0.900	0	0.049	0.956
H2AC14	H2AC4	9606.ENSP00000328484	9606.ENSP00000483842	0	0	0.048	0.984	0.623	0.900	0	0.045	0.961
H2AC14	H2AC13	9606.ENSP00000328484	9606.ENSP00000351589	0	0	0.048	0.984	0.776	0.900	0.400	0.050	0.985
H2AC16	H2AC8	9606.ENSP00000482538	9606.ENSP00000303373	0	0	0.048	0.984	0.195	0.907	0	0.046	0.923
H2AC16	H2AC14	9606.ENSP00000482538	9606.ENSP00000328484	0	0	0.048	0.984	0.259	0.900	0	0.048	0.923
H2AC16	H2AC13	9606.ENSP00000482538	9606.ENSP00000351589	0	0	0.048	0.985	0.255	0.900	0	0.053	0.923
H2AC16	H2AC11	9606.ENSP00000482538	9606.ENSP00000352119	0	0	0.048	0.985	0.138	0.900	0	0	0.910
H2AC16	H2AC17	9606.ENSP00000482538	9606.ENSP00000352627	0	0	0.048	0.985	0.267	0.900	0	0	0.924
H2AC16	H2AC12	9606.ENSP00000482538	9606.ENSP00000366679	0	0	0.048	0.985	0.259	0.900	0	0.049	0.923
H2AC16	H2AC6	9606.ENSP00000482538	9606.ENSP00000367022	0	0	0.048	0.984	0.072	0.908	0	0.055	0.913
H2AC16	H2AC4	9606.ENSP00000482538	9606.ENSP00000483842	0	0	0.048	0.984	0.282	0.907	0	0.046	0.931
H2AC17	H2AC8	9606.ENSP00000352627	9606.ENSP00000303373	0	0	0.048	0.984	0.776	0.907	0	0.052	0.978
H2AC17	H2AC14	9606.ENSP00000352627	9606.ENSP00000328484	0	0	0.048	0.984	0.577	0.900	0	0.049	0.956
H2AC17	H2AC13	9606.ENSP00000352627	9606.ENSP00000351589	0	0	0.048	0.985	0.767	0.900	0	0.042	0.975
H2AC17	H2AC11	9606.ENSP00000352627	9606.ENSP00000352119	0	0	0.048	0.985	0.518	0.900	0	0.042	0.950
H2AC17	H2AC16	9606.ENSP00000352627	9606.ENSP00000482538	0	0	0.048	0.985	0.267	0.900	0	0	0.924
H2AC17	H2AC12	9606.ENSP00000352627	9606.ENSP00000366679	0	0	0.048	0.985	0.308	0.900	0	0.048	0.928
H2AC17	H2AC6	9606.ENSP00000352627	9606.ENSP00000367022	0	0	0.048	0.984	0.402	0.908	0	0.047	0.943
H2AC17	H2AC4	9606.ENSP00000352627	9606.ENSP00000483842	0	0	0.048	0.984	0.437	0.907	0	0.054	0.946
H2AC18	H2AC20	9606.ENSP00000358155	9606.ENSP00000332194	0	0	0.048	0.984	0	0.900	0.400	0.042	0.938
H2AC18	H2AC21	9606.ENSP00000358155	9606.ENSP00000332790	0	0	0.049	0.983	0.496	0.818	0.400	0.048	0.941
H2AC18	H2AC13	9606.ENSP00000358155	9606.ENSP00000351589	0	0	0.048	0.984	0.224	0.800	0.400	0.380	0.935
H2AC18	H2AC19	9606.ENSP00000358155	9606.ENSP00000475814	0	0	0.048	0.985	0	0.900	0	0	0.900
H2AC18	H2AC6	9606.ENSP00000358155	9606.ENSP00000367022	0	0	0.048	0.984	0.771	0.814	0.400	0.047	0.972
H2AC19	H2AC20	9606.ENSP00000475814	9606.ENSP00000332194	0	0	0.048	0.984	0.125	0.900	0	0.045	0.909
H2AC19	H2AC18	9606.ENSP00000475814	9606.ENSP00000358155	0	0	0.048	0.985	0	0.900	0	0	0.900
H2AC20	H2AC12	9606.ENSP00000332194	9606.ENSP00000366679	0	0	0.049	0.983	0.259	0.800	0.400	0.046	0.904
H2AC20	H2AC19	9606.ENSP00000332194	9606.ENSP00000475814	0	0	0.048	0.984	0.125	0.900	0	0.045	0.909
H2AC20	H2AC21	9606.ENSP00000332194	9606.ENSP00000332790	0	0	0.049	0.983	0.336	0.800	0.400	0.048	0.914
H2AC20	H2AC13	9606.ENSP00000332194	9606.ENSP00000351589	0	0	0.049	0.983	0.241	0.800	0.400	0.381	0.936
H2AC20	H2AC18	9606.ENSP00000332194	9606.ENSP00000358155	0	0	0.048	0.984	0	0.900	0.400	0.042	0.938
H2AC21	H2AC20	9606.ENSP00000332790	9606.ENSP00000332194	0	0	0.049	0.983	0.336	0.800	0.400	0.048	0.914
H2AC21	H2AC13	9606.ENSP00000332790	9606.ENSP00000351589	0	0	0.049	0.983	0.260	0.800	0.400	0.047	0.904
H2AC21	H2AC12	9606.ENSP00000332790	9606.ENSP00000366679	0	0	0.049	0.983	0.309	0.800	0.400	0.048	0.911
H2AC21	H2AC18	9606.ENSP00000332790	9606.ENSP00000358155	0	0	0.049	0.983	0.496	0.818	0.400	0.048	0.941
H2AC4	H2AC8	9606.ENSP00000483842	9606.ENSP00000303373	0	0	0.048	0.985	0.336	0.900	0.540	0.043	0.967
H2AC4	H2AC14	9606.ENSP00000483842	9606.ENSP00000328484	0	0	0.048	0.984	0.623	0.900	0	0.045	0.961
H2AC4	H2AC13	9606.ENSP00000483842	9606.ENSP00000351589	0	0	0.048	0.984	0.540	0.907	0	0.047	0.956
H2AC4	H2AC11	9606.ENSP00000483842	9606.ENSP00000352119	0	0	0.048	0.984	0.181	0.907	0	0.046	0.921
H2AC4	H2AC17	9606.ENSP00000483842	9606.ENSP00000352627	0	0	0.048	0.984	0.437	0.907	0	0.054	0.946
H2AC4	H2AC12	9606.ENSP00000483842	9606.ENSP00000366679	0	0	0.048	0.984	0.418	0.907	0	0.046	0.944
H2AC4	H2AC6	9606.ENSP00000483842	9606.ENSP00000367022	0	0	0.048	0.984	0.086	0.907	0	0.047	0.912
H2AC4	MACROH2A1	9606.ENSP00000483842	9606.ENSP00000423563	0	0	0	0.952	0	0.900	0	0.050	0.900
H2AC4	H2AC16	9606.ENSP00000483842	9606.ENSP00000482538	0	0	0.048	0.984	0.282	0.907	0	0.046	0.931
H2AC6	PARP2	9606.ENSP00000367022	9606.ENSP00000250416	0	0	0	0	0	0.941	0	0.072	0.942
H2AC6	H2AC8	9606.ENSP00000367022	9606.ENSP00000303373	0	0	0.048	0.984	0.463	0.907	0.400	0.047	0.967
H2AC6	H2AC14	9606.ENSP00000367022	9606.ENSP00000328484	0	0	0.048	0.984	0.139	0.900	0.400	0.045	0.944
H2AC6	H2AC13	9606.ENSP00000367022	9606.ENSP00000351589	0	0	0.048	0.984	0.235	0.908	0.400	0.056	0.955
H2AC6	H2AC11	9606.ENSP00000367022	9606.ENSP00000352119	0	0	0.048	0.984	0.288	0.908	0	0.047	0.933
H2AC6	H2AC17	9606.ENSP00000367022	9606.ENSP00000352627	0	0	0.048	0.984	0.402	0.908	0	0.047	0.943
H2AC6	H2AC18	9606.ENSP00000367022	9606.ENSP00000358155	0	0	0.048	0.984	0.771	0.814	0.400	0.047	0.972
H2AC6	H2AC12	9606.ENSP00000367022	9606.ENSP00000366679	0	0	0.048	0.984	0.074	0.908	0.400	0.047	0.945
H2AC6	H2AC4	9606.ENSP00000367022	9606.ENSP00000483842	0	0	0.048	0.984	0.086	0.907	0	0.047	0.912
H2AC6	H2AC16	9606.ENSP00000367022	9606.ENSP00000482538	0	0	0.048	0.984	0.072	0.908	0	0.055	0.913
H2AC8	H2AC16	9606.ENSP00000303373	9606.ENSP00000482538	0	0	0.048	0.984	0.195	0.907	0	0.046	0.923
H2AC8	H2AC12	9606.ENSP00000303373	9606.ENSP00000366679	0	0	0.048	0.984	0.199	0.907	0.400	0.047	0.952
H2AC8	MACROH2A1	9606.ENSP00000303373	9606.ENSP00000423563	0	0	0	0.952	0	0.952	0	0.057	0.953
H2AC8	H2AC11	9606.ENSP00000303373	9606.ENSP00000352119	0	0	0.048	0.984	0.506	0.911	0	0.046	0.954
H2AC8	H2AC14	9606.ENSP00000303373	9606.ENSP00000328484	0	0	0.048	0.984	0.473	0.900	0.400	0.055	0.966
H2AC8	H2AC4	9606.ENSP00000303373	9606.ENSP00000483842	0	0	0.048	0.985	0.336	0.900	0.540	0.043	0.967
H2AC8	H2AC6	9606.ENSP00000303373	9606.ENSP00000367022	0	0	0.048	0.984	0.463	0.907	0.400	0.047	0.967
H2AC8	H2AC13	9606.ENSP00000303373	9606.ENSP00000351589	0	0	0.048	0.984	0.492	0.907	0.400	0.052	0.969
H2AC8	H2AC17	9606.ENSP00000303373	9606.ENSP00000352627	0	0	0.048	0.984	0.776	0.907	0	0.052	0.978
HIF1A	MAPK1	9606.ENSP00000437955	9606.ENSP00000215832	0	0	0	0	0.049	0.626	0.900	0.648	0.985
HIF1A	MAPK3	9606.ENSP00000437955	9606.ENSP00000263025	0	0	0	0	0	0.045	0.900	0.703	0.969
HIF1A	STAT3	9606.ENSP00000437955	9606.ENSP00000264657	0	0	0	0	0.115	0.738	0.750	0.923	0.994
HIF1A	TP53	9606.ENSP00000437955	9606.ENSP00000269305	0	0	0	0	0	0.847	0	0.994	0.999
HIF1A	HSP90AA1	9606.ENSP00000437955	9606.ENSP00000335153	0	0	0	0	0.131	0.923	0	0.994	0.999
HIF1A	JUN	9606.ENSP00000437955	9606.ENSP00000360266	0	0	0	0	0.056	0.621	0	0.901	0.961
HIF1A	HSP90AB1	9606.ENSP00000437955	9606.ENSP00000360609	0	0	0	0	0.112	0.779	0	0.994	0.998
HIF1A	BCL2	9606.ENSP00000437955	9606.ENSP00000381185	0	0	0	0	0	0.510	0	0.895	0.946
HIF1A	AKT1	9606.ENSP00000437955	9606.ENSP00000451828	0	0	0	0	0	0.229	0	0.916	0.932
HIGD1A	COX5A	9606.ENSP00000398064	9606.ENSP00000317780	0	0	0	0	0.181	0	0	0.890	0.906
HMGB1	NFKB1	9606.ENSP00000345347	9606.ENSP00000226574	0	0	0	0	0.111	0.294	0.400	0.820	0.923
HMGB1	IL1B	9606.ENSP00000345347	9606.ENSP00000263341	0	0	0	0	0	0.292	0	0.959	0.970
HMGB1	TP53	9606.ENSP00000345347	9606.ENSP00000269305	0	0	0	0	0.089	0.976	0	0.876	0.997
HMGB1	TLR3	9606.ENSP00000345347	9606.ENSP00000296795	0	0	0	0	0.052	0	0	0.952	0.952
HMGB1	GSDMD	9606.ENSP00000345347	9606.ENSP00000433209	0	0	0	0	0.047	0	0.750	0.623	0.902
HMGB1	TLR4	9606.ENSP00000345347	9606.ENSP00000363089	0	0	0	0	0.078	0.445	0.500	0.998	0.999
HMOX1	GCLC	9606.ENSP00000216117	9606.ENSP00000497574	0	0	0	0	0.063	0.079	0	0.896	0.903
HMOX1	GCLM	9606.ENSP00000216117	9606.ENSP00000359258	0	0	0	0	0.072	0	0	0.907	0.910
HMOX1	COX10	9606.ENSP00000216117	9606.ENSP00000261643	0	0	0	0	0	0	0.900	0.150	0.911
HRAS	MAPK1	9606.ENSP00000407586	9606.ENSP00000215832	0	0	0	0	0.056	0.098	0.900	0.783	0.979
HRAS	PIK3R2	9606.ENSP00000407586	9606.ENSP00000222254	0	0	0	0	0.059	0.065	0.900	0.305	0.930
HRAS	KRAS	9606.ENSP00000407586	9606.ENSP00000256078	0	0	0.050	0.981	0	0.883	0.900	0.411	0.992
HRAS	PIK3R3	9606.ENSP00000407586	9606.ENSP00000262741	0	0	0	0	0	0.065	0.900	0.232	0.922
HRAS	MAP2K2	9606.ENSP00000407586	9606.ENSP00000262948	0	0	0	0	0.062	0.163	0.900	0.641	0.968
HRAS	MAPK3	9606.ENSP00000407586	9606.ENSP00000263025	0	0	0	0	0.061	0.098	0.900	0.829	0.983
HRAS	PIK3CA	9606.ENSP00000407586	9606.ENSP00000263967	0	0	0	0	0.100	0.758	0.900	0.800	0.995
HRAS	TP53	9606.ENSP00000407586	9606.ENSP00000269305	0	0	0	0	0.083	0.292	0	0.894	0.925
HRAS	MAP2K1	9606.ENSP00000407586	9606.ENSP00000302486	0	0	0	0	0.062	0.382	0.900	0.832	0.989
HRAS	IL3RA	9606.ENSP00000407586	9606.ENSP00000327890	0	0	0	0	0	0	0.900	0.088	0.904
HRAS	NRAS	9606.ENSP00000407586	9606.ENSP00000358548	0	0	0.050	0.981	0	0.330	0.900	0.059	0.932
HRAS	PIK3CD	9606.ENSP00000407586	9606.ENSP00000366563	0	0	0	0	0.056	0.644	0.900	0.239	0.971
HRAS	MAPK8	9606.ENSP00000407586	9606.ENSP00000378974	0	0	0	0	0.103	0.522	0.900	0.694	0.985
HRAS	BCL2	9606.ENSP00000407586	9606.ENSP00000381185	0	0	0	0	0	0.045	0	0.938	0.938
HRAS	CSF2RB	9606.ENSP00000407586	9606.ENSP00000384053	0	0	0	0	0.059	0	0.900	0.042	0.901
HRAS	MAPK9	9606.ENSP00000407586	9606.ENSP00000394560	0	0	0	0	0.103	0.145	0.900	0.266	0.936
HRAS	PIK3CB	9606.ENSP00000407586	9606.ENSP00000501150	0	0	0	0	0.056	0.133	0.900	0.610	0.963
HRK	BCL2A1	9606.ENSP00000257572	9606.ENSP00000267953	0	0	0	0	0	0	0	0.919	0.919
HRK	MCL1	9606.ENSP00000257572	9606.ENSP00000358022	0	0	0	0	0	0.230	0	0.981	0.985
HRK	BCL2	9606.ENSP00000257572	9606.ENSP00000381185	0	0	0	0	0	0.292	0	0.996	0.997
HRK	BCL2L1	9606.ENSP00000257572	9606.ENSP00000365230	0	0	0	0	0	0.835	0	0.997	0.999
HSP90AA1	MAPK1	9606.ENSP00000335153	9606.ENSP00000215832	0	0	0	0	0.057	0.113	0.400	0.897	0.941
HSP90AA1	RIPK3	9606.ENSP00000335153	9606.ENSP00000216274	0	0	0	0	0	0.246	0.900	0.585	0.966
HSP90AA1	RIPK1	9606.ENSP00000335153	9606.ENSP00000259808	0	0	0	0	0.042	0.525	0.900	0.778	0.988
HSP90AA1	STAT3	9606.ENSP00000335153	9606.ENSP00000264657	0	0	0	0	0.093	0.292	0.500	0.923	0.971
HSP90AA1	BCL2A1	9606.ENSP00000335153	9606.ENSP00000267953	0	0	0	0	0.060	0	0	0.931	0.933
HSP90AA1	TP53	9606.ENSP00000335153	9606.ENSP00000269305	0	0	0	0	0	0.903	0	0.995	0.999
HSP90AA1	PPID	9606.ENSP00000335153	9606.ENSP00000303754	0	0	0	0	0.443	0.730	0.500	0.996	0.999
HSP90AA1	BCL2	9606.ENSP00000335153	9606.ENSP00000381185	0	0	0	0	0.060	0.510	0	0.859	0.929
HSP90AA1	AKT2	9606.ENSP00000335153	9606.ENSP00000375892	0	0	0	0	0.047	0.223	0.900	0.380	0.948
HSP90AA1	AKT3	9606.ENSP00000335153	9606.ENSP00000500582	0	0	0	0	0	0.385	0.900	0.312	0.954
HSP90AA1	IKBKB	9606.ENSP00000335153	9606.ENSP00000430684	0	0	0	0	0.060	0.643	0	0.933	0.975
HSP90AA1	TLR4	9606.ENSP00000335153	9606.ENSP00000363089	0	0	0	0	0	0.063	0	0.986	0.987
HSP90AA1	HSP90AB1	9606.ENSP00000335153	9606.ENSP00000360609	0	0	0.048	0.984	0.783	0.896	0.900	0.048	0.997
HSP90AA1	MTOR	9606.ENSP00000335153	9606.ENSP00000354558	0	0	0	0	0.095	0.994	0	0.794	0.998
HSP90AA1	HIF1A	9606.ENSP00000335153	9606.ENSP00000437955	0	0	0	0	0.131	0.923	0	0.994	0.999
HSP90AA1	AKT1	9606.ENSP00000335153	9606.ENSP00000451828	0	0	0	0	0.049	0.883	0.900	0.996	0.999
HSP90AB1	RIPK3	9606.ENSP00000360609	9606.ENSP00000216274	0	0	0	0	0	0.246	0.900	0.570	0.964
HSP90AB1	RIPK1	9606.ENSP00000360609	9606.ENSP00000259808	0	0	0	0	0.042	0.308	0.900	0.637	0.972
HSP90AB1	BCL2A1	9606.ENSP00000360609	9606.ENSP00000267953	0	0	0	0	0.060	0	0	0.910	0.912
HSP90AB1	TP53	9606.ENSP00000360609	9606.ENSP00000269305	0	0	0	0	0.057	0.248	0	0.994	0.995
HSP90AB1	PPID	9606.ENSP00000360609	9606.ENSP00000303754	0	0	0	0	0.443	0.643	0.500	0.996	0.999
HSP90AB1	HSP90AA1	9606.ENSP00000360609	9606.ENSP00000335153	0	0	0.048	0.984	0.783	0.896	0.900	0.048	0.997
HSP90AB1	MTOR	9606.ENSP00000360609	9606.ENSP00000354558	0	0	0	0	0.103	0.994	0	0.784	0.998
HSP90AB1	AKT2	9606.ENSP00000360609	9606.ENSP00000375892	0	0	0	0	0.047	0.224	0.900	0.364	0.946
HSP90AB1	AKT3	9606.ENSP00000360609	9606.ENSP00000500582	0	0	0	0	0	0.426	0.900	0.306	0.956
HSP90AB1	IKBKB	9606.ENSP00000360609	9606.ENSP00000430684	0	0	0	0	0.065	0.740	0	0.909	0.976
HSP90AB1	TLR4	9606.ENSP00000360609	9606.ENSP00000363089	0	0	0	0	0	0.063	0	0.987	0.988
HSP90AB1	HIF1A	9606.ENSP00000360609	9606.ENSP00000437955	0	0	0	0	0.112	0.779	0	0.994	0.998
HSP90AB1	AKT1	9606.ENSP00000360609	9606.ENSP00000451828	0	0	0	0	0.049	0.626	0.900	0.996	0.999
IFNA13	IFNAR1	9606.ENSP00000480467	9606.ENSP00000270139	0	0	0	0	0.058	0.091	0.900	0.816	0.982
IFNA5	IFNAR1	9606.ENSP00000484479	9606.ENSP00000270139	0	0	0	0	0.058	0.091	0.900	0.749	0.975
IFNA5	IFNA6	9606.ENSP00000484479	9606.ENSP00000369558	0	0	0.050	0.980	0.248	0.830	0.400	0.049	0.918
IFNA6	IFNAR1	9606.ENSP00000369558	9606.ENSP00000270139	0	0	0	0	0.058	0.091	0.900	0.733	0.974
IFNA6	IFNA5	9606.ENSP00000369558	9606.ENSP00000484479	0	0	0.050	0.980	0.248	0.830	0.400	0.049	0.918
IFNAR1	STAT3	9606.ENSP00000270139	9606.ENSP00000264657	0	0	0	0	0.110	0.294	0	0.862	0.906
IFNAR1	JAK3	9606.ENSP00000270139	9606.ENSP00000432511	0	0	0	0	0.078	0.046	0.900	0.333	0.933
IFNAR1	IRF9	9606.ENSP00000270139	9606.ENSP00000380073	0	0	0	0	0.047	0	0.500	0.873	0.934
IFNAR1	JAK2	9606.ENSP00000270139	9606.ENSP00000371067	0	0	0	0	0.113	0.046	0.900	0.643	0.965
IFNAR1	IFNA6	9606.ENSP00000270139	9606.ENSP00000369558	0	0	0	0	0.058	0.091	0.900	0.733	0.974
IFNAR1	IFNA5	9606.ENSP00000270139	9606.ENSP00000484479	0	0	0	0	0.058	0.091	0.900	0.749	0.975
IFNAR1	IFNA13	9606.ENSP00000270139	9606.ENSP00000480467	0	0	0	0	0.058	0.091	0.900	0.816	0.982
IFNAR1	STAT1	9606.ENSP00000270139	9606.ENSP00000354394	0	0	0	0	0.196	0.301	0.900	0.982	0.998
IFNAR1	TYK2	9606.ENSP00000270139	9606.ENSP00000431885	0	0	0	0	0.091	0.983	0.900	0.997	0.999
IFNAR1	IFNB1	9606.ENSP00000270139	9606.ENSP00000369581	0	0	0	0	0.099	0.802	0.900	0.999	0.999
IFNAR1	IFNAR2	9606.ENSP00000270139	9606.ENSP00000343957	0	0	0	0	0.226	0.919	0.900	0.999	0.999
IFNAR1	JAK1	9606.ENSP00000270139	9606.ENSP00000499900	0	0	0	0	0.111	0.365	0.900	0.998	0.999
IFNAR1	STAT2	9606.ENSP00000270139	9606.ENSP00000315768	0	0	0	0	0.118	0.835	0.900	0.948	0.999
IFNAR2	IFNAR1	9606.ENSP00000343957	9606.ENSP00000270139	0	0	0	0	0.226	0.919	0.900	0.999	0.999
IFNAR2	STAT2	9606.ENSP00000343957	9606.ENSP00000315768	0	0	0	0	0.099	0.820	0.900	0.889	0.997
IFNAR2	IRF9	9606.ENSP00000343957	9606.ENSP00000380073	0	0	0	0	0.044	0.301	0.500	0.773	0.914
IFNAR2	JAK3	9606.ENSP00000343957	9606.ENSP00000432511	0	0	0	0	0.118	0.068	0.900	0.308	0.935
IFNAR2	JAK2	9606.ENSP00000343957	9606.ENSP00000371067	0	0	0	0	0.124	0.068	0.900	0.658	0.968
IFNAR2	STAT1	9606.ENSP00000343957	9606.ENSP00000354394	0	0	0	0	0.121	0.738	0.900	0.957	0.998
IFNAR2	TYK2	9606.ENSP00000343957	9606.ENSP00000431885	0	0	0	0	0.076	0.068	0.900	0.995	0.999
IFNAR2	IFNB1	9606.ENSP00000343957	9606.ENSP00000369581	0	0	0	0	0.098	0.287	0.900	0.998	0.999
IFNAR2	JAK1	9606.ENSP00000343957	9606.ENSP00000499900	0	0	0	0	0.094	0.635	0.900	0.997	0.999
IFNB1	NFKB1	9606.ENSP00000369581	9606.ENSP00000226574	0	0	0	0	0.045	0	0.650	0.802	0.928
IFNB1	IRF1	9606.ENSP00000369581	9606.ENSP00000245414	0	0	0	0	0.115	0	0.500	0.864	0.934
IFNB1	RIPK1	9606.ENSP00000369581	9606.ENSP00000259808	0	0	0	0	0.099	0	0	0.971	0.972
IFNB1	IFNAR1	9606.ENSP00000369581	9606.ENSP00000270139	0	0	0	0	0.099	0.802	0.900	0.999	0.999
IFNB1	TLR3	9606.ENSP00000369581	9606.ENSP00000296795	0	0	0	0	0.070	0	0	0.995	0.995
IFNB1	STAT2	9606.ENSP00000369581	9606.ENSP00000315768	0	0	0	0	0.127	0	0.500	0.889	0.947
IFNB1	IFNAR2	9606.ENSP00000369581	9606.ENSP00000343957	0	0	0	0	0.098	0.287	0.900	0.998	0.999
IFNB1	STAT1	9606.ENSP00000369581	9606.ENSP00000354394	0	0	0	0	0.106	0	0.500	0.906	0.954
IFNB1	TLR4	9606.ENSP00000369581	9606.ENSP00000363089	0	0	0	0	0.086	0	0	0.998	0.998
IFNB1	TNF	9606.ENSP00000369581	9606.ENSP00000398698	0	0	0	0	0.191	0	0	0.905	0.919
IFNB1	JAK1	9606.ENSP00000369581	9606.ENSP00000499900	0	0	0	0	0.057	0	0.650	0.810	0.932
IFNB1	IRF9	9606.ENSP00000369581	9606.ENSP00000380073	0	0	0	0	0.055	0	0.500	0.913	0.955
IFNB1	TYK2	9606.ENSP00000369581	9606.ENSP00000431885	0	0	0	0	0.057	0	0.500	0.914	0.956
IGBP1	PPP2CB	9606.ENSP00000363661	9606.ENSP00000221138	0	0	0	0	0	0.997	0.900	0.371	0.999
IGBP1	DEPTOR	9606.ENSP00000363661	9606.ENSP00000286234	0	0	0	0	0.053	0.045	0.900	0.083	0.906
IGBP1	MTOR	9606.ENSP00000363661	9606.ENSP00000354558	0	0	0	0	0.091	0.286	0.900	0.363	0.953
IGBP1	AKT1S1	9606.ENSP00000363661	9606.ENSP00000375711	0	0	0	0	0	0	0.900	0.109	0.907
IGBP1	MLST8	9606.ENSP00000363661	9606.ENSP00000457870	0	0	0	0	0.049	0.096	0.900	0.371	0.938
IGBP1	PPP2CA	9606.ENSP00000363661	9606.ENSP00000418447	0	0	0	0	0.075	0.999	0.900	0.753	0.999
IKBKB	TNFRSF1A	9606.ENSP00000430684	9606.ENSP00000162749	0	0	0	0	0.110	0.994	0.900	0.848	0.999
IKBKB	NFKBIA	9606.ENSP00000430684	9606.ENSP00000216797	0	0	0	0	0.042	0.994	0.900	0.995	0.999
IKBKB	NFKB1	9606.ENSP00000430684	9606.ENSP00000226574	0	0	0	0	0.125	0.885	0.900	0.979	0.999
IKBKB	EIF2AK2	9606.ENSP00000430684	9606.ENSP00000233057	0	0	0.153	0.577	0.076	0.292	0.900	0.485	0.966
IKBKB	RIPK1	9606.ENSP00000430684	9606.ENSP00000259808	0	0	0	0.554	0.208	0.510	0.900	0.718	0.987
IKBKB	TRAF5	9606.ENSP00000430684	9606.ENSP00000261464	0	0	0	0	0.115	0.090	0.900	0.557	0.959
IKBKB	PRKCQ	9606.ENSP00000430684	9606.ENSP00000263125	0	0	0	0.569	0	0.747	0.900	0.333	0.981
IKBKB	EIF2AK4	9606.ENSP00000430684	9606.ENSP00000263791	0	0	0	0.553	0.049	0	0.900	0.092	0.906
IKBKB	TP53	9606.ENSP00000430684	9606.ENSP00000269305	0	0	0	0	0.076	0.510	0.500	0.739	0.933
IKBKB	EIF2AK3	9606.ENSP00000430684	9606.ENSP00000307235	0	0	0	0.554	0.058	0	0.900	0.200	0.918
IKBKB	HSP90AA1	9606.ENSP00000430684	9606.ENSP00000335153	0	0	0	0	0.060	0.643	0	0.933	0.975
IKBKB	PDPK1	9606.ENSP00000430684	9606.ENSP00000344220	0	0	0	0.587	0.141	0.104	0.900	0.131	0.924
IKBKB	HSP90AB1	9606.ENSP00000430684	9606.ENSP00000360609	0	0	0	0	0.065	0.740	0	0.909	0.976
IKBKB	PTEN	9606.ENSP00000430684	9606.ENSP00000361021	0	0	0	0	0.057	0.092	0.900	0.514	0.952
IKBKB	IRS4	9606.ENSP00000430684	9606.ENSP00000361202	0	0	0	0	0	0.098	0.900	0.100	0.911
IKBKB	TLR4	9606.ENSP00000430684	9606.ENSP00000363089	0	0	0	0	0.092	0.100	0.500	0.791	0.903
IKBKB	AKT2	9606.ENSP00000430684	9606.ENSP00000375892	0	0	0	0.604	0.163	0	0.900	0.175	0.925
IKBKB	TNF	9606.ENSP00000430684	9606.ENSP00000398698	0	0	0	0	0.089	0.994	0.500	0.934	0.999
IKBKB	AKT3	9606.ENSP00000430684	9606.ENSP00000500582	0	0	0	0.602	0.105	0	0.900	0.153	0.917
IKBKB	AKT1	9606.ENSP00000430684	9606.ENSP00000451828	0	0	0	0.601	0.152	0.775	0.900	0.570	0.990
IKBKB	MAP3K14	9606.ENSP00000430684	9606.ENSP00000482657	0	0	0	0.556	0.087	0.887	0.900	0.309	0.991
IKBKB	TRAF6	9606.ENSP00000430684	9606.ENSP00000433623	0	0	0	0	0.129	0.597	0.900	0.995	0.999
IL18	NFKB1	9606.ENSP00000280357	9606.ENSP00000226574	0	0	0	0	0.053	0	0.900	0.799	0.979
IL18	PYCARD	9606.ENSP00000280357	9606.ENSP00000247470	0	0	0	0	0.067	0	0.900	0.939	0.993
IL18	IL1A	9606.ENSP00000280357	9606.ENSP00000263339	0	0	0	0	0.066	0	0.500	0.994	0.997
IL18	IL1B	9606.ENSP00000280357	9606.ENSP00000263341	0	0	0	0	0.095	0.312	0.500	0.972	0.990
IL18	TLR4	9606.ENSP00000280357	9606.ENSP00000363089	0	0	0	0	0.068	0	0	0.905	0.908
IL18	GSDMD	9606.ENSP00000280357	9606.ENSP00000433209	0	0	0	0	0.060	0	0.400	0.889	0.932
IL18	JUN	9606.ENSP00000280357	9606.ENSP00000360266	0	0	0	0	0	0	0.900	0.547	0.952
IL18	TNF	9606.ENSP00000280357	9606.ENSP00000398698	0	0	0	0	0.049	0	0.400	0.937	0.961
IL18	CASP4	9606.ENSP00000280357	9606.ENSP00000388566	0	0	0	0	0.098	0.292	0.900	0.550	0.967
IL18	CASP1	9606.ENSP00000280357	9606.ENSP00000433138	0	0	0	0	0.105	0.292	0.900	0.979	0.998
IL1A	TNFRSF1A	9606.ENSP00000263339	9606.ENSP00000162749	0	0	0	0	0	0	0	0.934	0.934
IL1A	NFKB1	9606.ENSP00000263339	9606.ENSP00000226574	0	0	0	0	0.176	0	0.400	0.900	0.946
IL1A	CAPN2	9606.ENSP00000263339	9606.ENSP00000295006	0	0	0	0	0.058	0	0.900	0.147	0.912
IL1A	CAPN1	9606.ENSP00000263339	9606.ENSP00000431984	0	0	0	0	0.058	0	0.900	0.192	0.917
IL1A	JUN	9606.ENSP00000263339	9606.ENSP00000360266	0	0	0	0	0.087	0	0.750	0.775	0.944
IL1A	TRAF6	9606.ENSP00000263339	9606.ENSP00000433623	0	0	0	0	0	0.055	0.500	0.914	0.956
IL1A	CASP1	9606.ENSP00000263339	9606.ENSP00000433138	0	0	0	0	0.107	0.292	0.500	0.912	0.968
IL1A	TLR4	9606.ENSP00000263339	9606.ENSP00000363089	0	0	0	0	0.086	0	0	0.972	0.974
IL1A	TNF	9606.ENSP00000263339	9606.ENSP00000398698	0	0	0	0	0.619	0	0.400	0.976	0.994
IL1A	IL18	9606.ENSP00000263339	9606.ENSP00000280357	0	0	0	0	0.066	0	0.500	0.994	0.997
IL1A	IL1B	9606.ENSP00000263339	9606.ENSP00000263341	0	0	0	0	0.961	0	0.900	0.983	0.999
IL1B	TNFRSF1A	9606.ENSP00000263341	9606.ENSP00000162749	0	0	0	0	0.056	0	0	0.997	0.997
IL1B	NFKBIA	9606.ENSP00000263341	9606.ENSP00000216797	0	0	0	0	0.283	0	0	0.927	0.945
IL1B	NFKB1	9606.ENSP00000263341	9606.ENSP00000226574	0	0	0	0	0.200	0	0.900	0.959	0.996
IL1B	PYCARD	9606.ENSP00000263341	9606.ENSP00000247470	0	0	0	0	0.129	0	0.900	0.893	0.989
IL1B	IL1A	9606.ENSP00000263341	9606.ENSP00000263339	0	0	0	0	0.961	0	0.900	0.983	0.999
IL1B	GSDMD	9606.ENSP00000263341	9606.ENSP00000433209	0	0	0	0	0.062	0.312	0.500	0.815	0.932
IL1B	STAT3	9606.ENSP00000263341	9606.ENSP00000264657	0	0	0	0	0.069	0	0.500	0.877	0.938
IL1B	CASP8	9606.ENSP00000263341	9606.ENSP00000351273	0	0	0	0	0.081	0.320	0.500	0.839	0.943
IL1B	HMGB1	9606.ENSP00000263341	9606.ENSP00000345347	0	0	0	0	0	0.292	0	0.959	0.970
IL1B	TRAF6	9606.ENSP00000263341	9606.ENSP00000433623	0	0	0	0	0.044	0.055	0.500	0.963	0.981
IL1B	CASP4	9606.ENSP00000263341	9606.ENSP00000388566	0	0	0	0	0.183	0.047	0.900	0.830	0.985
IL1B	TLR4	9606.ENSP00000263341	9606.ENSP00000363089	0	0	0	0	0.181	0	0	0.984	0.986
IL1B	JUN	9606.ENSP00000263341	9606.ENSP00000360266	0	0	0	0	0.166	0	0.900	0.857	0.987
IL1B	IL18	9606.ENSP00000263341	9606.ENSP00000280357	0	0	0	0	0.095	0.312	0.500	0.972	0.990
IL1B	TNF	9606.ENSP00000263341	9606.ENSP00000398698	0	0	0	0	0.616	0	0.400	0.993	0.998
IL1B	CASP1	9606.ENSP00000263341	9606.ENSP00000433138	0	0	0	0	0.265	0.787	0.900	0.987	0.999
IL33	CASP1	9606.ENSP00000370842	9606.ENSP00000433138	0	0	0	0	0.074	0.510	0.900	0.765	0.987
IL3RA	KRAS	9606.ENSP00000327890	9606.ENSP00000256078	0	0	0	0	0	0	0.900	0.222	0.918
IL3RA	HRAS	9606.ENSP00000327890	9606.ENSP00000407586	0	0	0	0	0	0	0.900	0.088	0.904
IL3RA	NRAS	9606.ENSP00000327890	9606.ENSP00000358548	0	0	0	0	0	0	0.900	0.278	0.924
IL3RA	CSF2RB	9606.ENSP00000327890	9606.ENSP00000384053	0	0	0	0	0.123	0.901	0.900	0.942	0.999
IRF1	STAT3	9606.ENSP00000245414	9606.ENSP00000264657	0	0	0	0	0.197	0.292	0	0.838	0.900
IRF1	JUN	9606.ENSP00000245414	9606.ENSP00000360266	0	0	0	0	0.164	0.068	0	0.905	0.919
IRF1	IFNB1	9606.ENSP00000245414	9606.ENSP00000369581	0	0	0	0	0.115	0	0.500	0.864	0.934
IRF1	STAT2	9606.ENSP00000245414	9606.ENSP00000315768	0	0	0	0	0.215	0	0.500	0.909	0.961
IRF1	IRF2	9606.ENSP00000245414	9606.ENSP00000377218	0	0	0.074	0.868	0.129	0.464	0.800	0.831	0.982
IRF1	STAT1	9606.ENSP00000245414	9606.ENSP00000354394	0	0	0	0	0.440	0.805	0.500	0.997	0.999
IRF2	IRF1	9606.ENSP00000377218	9606.ENSP00000245414	0	0	0.074	0.868	0.129	0.464	0.800	0.831	0.982
IRF9	STAT3	9606.ENSP00000380073	9606.ENSP00000264657	0	0	0	0	0.170	0.356	0.900	0.791	0.987
IRF9	IFNAR1	9606.ENSP00000380073	9606.ENSP00000270139	0	0	0	0	0.047	0	0.500	0.873	0.934
IRF9	STAT6	9606.ENSP00000380073	9606.ENSP00000300134	0	0	0	0	0.139	0.112	0.900	0.859	0.987
IRF9	STAT2	9606.ENSP00000380073	9606.ENSP00000315768	0	0	0	0	0.446	0.894	0.900	0.999	0.999
IRF9	STAT5A	9606.ENSP00000380073	9606.ENSP00000341208	0	0	0	0	0.091	0.112	0.900	0.452	0.949
IRF9	IFNAR2	9606.ENSP00000380073	9606.ENSP00000343957	0	0	0	0	0.044	0.301	0.500	0.773	0.914
IRF9	STAT4	9606.ENSP00000380073	9606.ENSP00000351255	0	0	0	0	0.133	0.128	0.900	0.740	0.977
IRF9	STAT1	9606.ENSP00000380073	9606.ENSP00000354394	0	0	0	0	0.697	0.770	0.900	0.999	0.999
IRF9	IFNB1	9606.ENSP00000380073	9606.ENSP00000369581	0	0	0	0	0.055	0	0.500	0.913	0.955
IRF9	TYK2	9606.ENSP00000380073	9606.ENSP00000431885	0	0	0	0	0.065	0.043	0.900	0.880	0.987
IRF9	JAK1	9606.ENSP00000380073	9606.ENSP00000499900	0	0	0	0	0.062	0.043	0.900	0.943	0.994
IRS4	PIK3R2	9606.ENSP00000361202	9606.ENSP00000222254	0	0	0	0	0	0.833	0.900	0.249	0.986
IRS4	EIF2AK2	9606.ENSP00000361202	9606.ENSP00000233057	0	0	0	0	0	0.089	0.900	0.057	0.906
IRS4	PIK3R3	9606.ENSP00000361202	9606.ENSP00000262741	0	0	0	0	0	0.712	0.900	0.202	0.975
IRS4	PIK3CA	9606.ENSP00000361202	9606.ENSP00000263967	0	0	0	0	0.062	0.648	0.900	0.256	0.972
IRS4	PRKCD	9606.ENSP00000361202	9606.ENSP00000331602	0	0	0	0	0	0.094	0.900	0.085	0.909
IRS4	MTOR	9606.ENSP00000361202	9606.ENSP00000354558	0	0	0	0	0	0.069	0.900	0.191	0.918
IRS4	MAPK9	9606.ENSP00000361202	9606.ENSP00000394560	0	0	0	0	0	0.089	0.900	0.045	0.905
IRS4	MAPK8	9606.ENSP00000361202	9606.ENSP00000378974	0	0	0	0	0	0.046	0.900	0.094	0.906
IRS4	IKBKB	9606.ENSP00000361202	9606.ENSP00000430684	0	0	0	0	0	0.098	0.900	0.100	0.911
IRS4	PIK3CD	9606.ENSP00000361202	9606.ENSP00000366563	0	0	0	0	0.062	0.133	0.900	0.122	0.919
IRS4	JAK2	9606.ENSP00000361202	9606.ENSP00000371067	0	0	0	0	0	0.098	0.900	0.195	0.921
IRS4	PIK3CB	9606.ENSP00000361202	9606.ENSP00000501150	0	0	0	0	0.062	0.594	0.900	0.196	0.965
ITPR1	ITPR2	9606.ENSP00000306253	9606.ENSP00000370744	0	0	0.054	0.972	0.074	0	0.900	0.433	0.943
ITPR1	ITPR3	9606.ENSP00000306253	9606.ENSP00000363435	0	0	0.058	0.964	0.042	0.627	0.900	0.137	0.965
ITPR1	PRKACB	9606.ENSP00000306253	9606.ENSP00000359719	0	0	0	0	0.060	0.049	0.900	0.724	0.972
ITPR1	PRKACA	9606.ENSP00000306253	9606.ENSP00000309591	0	0	0	0	0.054	0.171	0.900	0.715	0.974
ITPR1	AKT1	9606.ENSP00000306253	9606.ENSP00000451828	0	0	0	0	0.042	0.440	0	0.967	0.981
ITPR1	CYCS	9606.ENSP00000306253	9606.ENSP00000307786	0	0	0	0	0.049	0.072	0	0.992	0.993
ITPR1	BCL2	9606.ENSP00000306253	9606.ENSP00000381185	0	0	0	0	0.082	0.510	0	0.992	0.996
ITPR1	VDAC1	9606.ENSP00000306253	9606.ENSP00000378487	0	0	0	0	0.050	0.241	0	0.995	0.996
ITPR2	ITPR1	9606.ENSP00000370744	9606.ENSP00000306253	0	0	0.054	0.972	0.074	0	0.900	0.433	0.943
ITPR2	PRKACA	9606.ENSP00000370744	9606.ENSP00000309591	0	0	0	0	0.042	0.168	0.900	0.304	0.937
ITPR2	PRKACB	9606.ENSP00000370744	9606.ENSP00000359719	0	0	0	0	0.049	0.045	0.900	0.327	0.930
ITPR2	ITPR3	9606.ENSP00000370744	9606.ENSP00000363435	0	0	0.056	0.968	0.056	0.488	0.900	0.132	0.953
ITPR3	ITPR1	9606.ENSP00000363435	9606.ENSP00000306253	0	0	0.058	0.964	0.042	0.627	0.900	0.137	0.965
ITPR3	CYCS	9606.ENSP00000363435	9606.ENSP00000307786	0	0	0	0	0	0.072	0	0.978	0.979
ITPR3	PRKACA	9606.ENSP00000363435	9606.ENSP00000309591	0	0	0	0	0.042	0.168	0.900	0.693	0.972
ITPR3	PRKACB	9606.ENSP00000363435	9606.ENSP00000359719	0	0	0	0	0	0.045	0.900	0.693	0.968
ITPR3	BCL2L1	9606.ENSP00000363435	9606.ENSP00000365230	0	0	0	0	0.072	0	0	0.940	0.942
ITPR3	ITPR2	9606.ENSP00000363435	9606.ENSP00000370744	0	0	0.056	0.968	0.056	0.488	0.900	0.132	0.953
ITPR3	AKT1	9606.ENSP00000363435	9606.ENSP00000451828	0	0	0	0	0.067	0.292	0	0.954	0.967
ITPR3	BCL2	9606.ENSP00000363435	9606.ENSP00000381185	0	0	0	0	0.043	0.292	0	0.991	0.993
ITPR3	VDAC1	9606.ENSP00000363435	9606.ENSP00000378487	0	0	0	0	0.049	0.450	0	0.995	0.997
JAK1	PIK3R2	9606.ENSP00000499900	9606.ENSP00000222254	0	0	0	0	0.042	0.093	0.900	0.203	0.921
JAK1	PIK3R3	9606.ENSP00000499900	9606.ENSP00000262741	0	0	0	0	0	0.093	0.900	0.469	0.947
JAK1	PIK3CA	9606.ENSP00000499900	9606.ENSP00000263967	0	0	0	0	0.068	0.069	0.900	0.690	0.969
JAK1	STAT3	9606.ENSP00000499900	9606.ENSP00000264657	0	0	0	0	0.184	0.839	0.900	0.999	0.999
JAK1	IFNAR1	9606.ENSP00000499900	9606.ENSP00000270139	0	0	0	0	0.111	0.365	0.900	0.998	0.999
JAK1	STAT6	9606.ENSP00000499900	9606.ENSP00000300134	0	0	0	0	0.068	0.472	0.900	0.932	0.996
JAK1	STAT2	9606.ENSP00000499900	9606.ENSP00000315768	0	0	0	0	0.073	0.285	0.900	0.955	0.996
JAK1	STAT5A	9606.ENSP00000499900	9606.ENSP00000341208	0	0	0	0	0.100	0.472	0.900	0.985	0.999
JAK1	IFNAR2	9606.ENSP00000499900	9606.ENSP00000343957	0	0	0	0	0.094	0.635	0.900	0.997	0.999
JAK1	STAT4	9606.ENSP00000499900	9606.ENSP00000351255	0	0	0	0	0.120	0.285	0.900	0.845	0.988
JAK1	STAT1	9606.ENSP00000499900	9606.ENSP00000354394	0	0	0	0	0.091	0.875	0.900	0.999	0.999
JAK1	PIK3CD	9606.ENSP00000499900	9606.ENSP00000366563	0	0	0	0	0.103	0.069	0.900	0.420	0.945
JAK1	IFNB1	9606.ENSP00000499900	9606.ENSP00000369581	0	0	0	0	0.057	0	0.650	0.810	0.932
JAK1	JAK2	9606.ENSP00000499900	9606.ENSP00000371067	0	0	0	0.908	0.113	0.510	0.900	0.982	0.999
JAK1	IRF9	9606.ENSP00000499900	9606.ENSP00000380073	0	0	0	0	0.062	0.043	0.900	0.943	0.994
JAK1	CSF2RB	9606.ENSP00000499900	9606.ENSP00000384053	0	0	0	0	0.108	0.629	0.650	0.239	0.900
JAK1	TYK2	9606.ENSP00000499900	9606.ENSP00000431885	0	0	0.070	0.923	0.049	0.292	0.900	0.983	0.998
JAK1	JAK3	9606.ENSP00000499900	9606.ENSP00000432511	0	0	0	0.888	0.057	0.510	0.900	0.983	0.999
JAK1	PIK3CB	9606.ENSP00000499900	9606.ENSP00000501150	0	0	0	0	0.133	0.069	0.900	0.267	0.933
JAK2	PIK3R2	9606.ENSP00000371067	9606.ENSP00000222254	0	0	0	0	0	0.093	0.900	0.226	0.923
JAK2	PIK3R3	9606.ENSP00000371067	9606.ENSP00000262741	0	0	0	0	0	0.093	0.900	0.391	0.939
JAK2	PIK3CA	9606.ENSP00000371067	9606.ENSP00000263967	0	0	0	0	0.263	0.069	0.900	0.754	0.980
JAK2	STAT3	9606.ENSP00000371067	9606.ENSP00000264657	0	0	0	0	0.107	0.885	0.900	0.999	0.999
JAK2	IFNAR1	9606.ENSP00000371067	9606.ENSP00000270139	0	0	0	0	0.113	0.046	0.900	0.643	0.965
JAK2	STAT6	9606.ENSP00000371067	9606.ENSP00000300134	0	0	0	0	0.067	0.285	0.900	0.882	0.991
JAK2	STAT2	9606.ENSP00000371067	9606.ENSP00000315768	0	0	0	0	0.160	0.285	0.900	0.871	0.991
JAK2	STAT5A	9606.ENSP00000371067	9606.ENSP00000341208	0	0	0	0	0.134	0.802	0.900	0.997	0.999
JAK2	IFNAR2	9606.ENSP00000371067	9606.ENSP00000343957	0	0	0	0	0.124	0.068	0.900	0.658	0.968
JAK2	STAT4	9606.ENSP00000371067	9606.ENSP00000351255	0	0	0	0	0.111	0.285	0.900	0.684	0.977
JAK2	STAT1	9606.ENSP00000371067	9606.ENSP00000354394	0	0	0	0	0.242	0.838	0.900	0.996	0.999
JAK2	IRS4	9606.ENSP00000371067	9606.ENSP00000361202	0	0	0	0	0	0.098	0.900	0.195	0.921
JAK2	PIK3CD	9606.ENSP00000371067	9606.ENSP00000366563	0	0	0	0	0.064	0.069	0.900	0.375	0.938
JAK2	PIK3CB	9606.ENSP00000371067	9606.ENSP00000501150	0	0	0	0	0.091	0.069	0.900	0.324	0.935
JAK2	JAK3	9606.ENSP00000371067	9606.ENSP00000432511	0	0	0.057	0.941	0.045	0.292	0.900	0.681	0.975
JAK2	CSF2RB	9606.ENSP00000371067	9606.ENSP00000384053	0	0	0	0	0.145	0.787	0.900	0.645	0.992
JAK2	TYK2	9606.ENSP00000371067	9606.ENSP00000431885	0	0	0.071	0.877	0.089	0.292	0.800	0.982	0.997
JAK2	JAK1	9606.ENSP00000371067	9606.ENSP00000499900	0	0	0	0.908	0.113	0.510	0.900	0.982	0.999
JAK3	PIK3R2	9606.ENSP00000432511	9606.ENSP00000222254	0	0	0	0	0	0.176	0.900	0.170	0.925
JAK3	PIK3R3	9606.ENSP00000432511	9606.ENSP00000262741	0	0	0	0	0	0.093	0.900	0.123	0.913
JAK3	PIK3CA	9606.ENSP00000432511	9606.ENSP00000263967	0	0	0	0	0.048	0.069	0.900	0.675	0.967
JAK3	STAT3	9606.ENSP00000432511	9606.ENSP00000264657	0	0	0	0	0.102	0.472	0.900	0.966	0.998
JAK3	IFNAR1	9606.ENSP00000432511	9606.ENSP00000270139	0	0	0	0	0.078	0.046	0.900	0.333	0.933
JAK3	STAT6	9606.ENSP00000432511	9606.ENSP00000300134	0	0	0	0	0.090	0.472	0.900	0.833	0.990
JAK3	STAT2	9606.ENSP00000432511	9606.ENSP00000315768	0	0	0	0	0.095	0.285	0.900	0.763	0.982
JAK3	STAT5A	9606.ENSP00000432511	9606.ENSP00000341208	0	0	0	0	0.086	0.607	0.900	0.972	0.998
JAK3	IFNAR2	9606.ENSP00000432511	9606.ENSP00000343957	0	0	0	0	0.118	0.068	0.900	0.308	0.935
JAK3	STAT4	9606.ENSP00000432511	9606.ENSP00000351255	0	0	0	0	0.130	0.285	0.900	0.629	0.973
JAK3	STAT1	9606.ENSP00000432511	9606.ENSP00000354394	0	0	0	0	0.079	0.285	0.900	0.903	0.992
JAK3	PIK3CD	9606.ENSP00000432511	9606.ENSP00000366563	0	0	0	0	0.114	0.069	0.900	0.326	0.937
JAK3	JAK2	9606.ENSP00000432511	9606.ENSP00000371067	0	0	0.057	0.941	0.045	0.292	0.900	0.681	0.975
JAK3	TYK2	9606.ENSP00000432511	9606.ENSP00000431885	0	0	0.066	0.866	0.085	0.292	0	0.864	0.906
JAK3	PIK3CB	9606.ENSP00000432511	9606.ENSP00000501150	0	0	0	0	0.048	0.069	0.900	0.242	0.923
JAK3	JAK1	9606.ENSP00000432511	9606.ENSP00000499900	0	0	0	0.888	0.057	0.510	0.900	0.983	0.999
JUN	MAPK1	9606.ENSP00000360266	9606.ENSP00000215832	0	0	0	0	0	0.771	0.900	0.958	0.998
JUN	NFKBIA	9606.ENSP00000360266	9606.ENSP00000216797	0	0	0	0	0.235	0.292	0	0.844	0.908
JUN	NFKB1	9606.ENSP00000360266	9606.ENSP00000226574	0	0	0	0	0.093	0.292	0	0.992	0.994
JUN	IRF1	9606.ENSP00000360266	9606.ENSP00000245414	0	0	0	0	0.164	0.068	0	0.905	0.919
JUN	MAPK3	9606.ENSP00000360266	9606.ENSP00000263025	0	0	0	0	0	0.323	0.900	0.824	0.987
JUN	IL1A	9606.ENSP00000360266	9606.ENSP00000263339	0	0	0	0	0.087	0	0.750	0.775	0.944
JUN	IL1B	9606.ENSP00000360266	9606.ENSP00000263341	0	0	0	0	0.166	0	0.900	0.857	0.987
JUN	STAT3	9606.ENSP00000360266	9606.ENSP00000264657	0	0	0	0	0.061	0.328	0	0.993	0.995
JUN	TP53	9606.ENSP00000360266	9606.ENSP00000269305	0	0	0	0	0	0.324	0.500	0.992	0.997
JUN	IL18	9606.ENSP00000360266	9606.ENSP00000280357	0	0	0	0	0	0	0.900	0.547	0.952
JUN	FOS	9606.ENSP00000360266	9606.ENSP00000306245	0	0	0	0	0.690	0.999	0.900	0.999	0.999
JUN	PRKACA	9606.ENSP00000360266	9606.ENSP00000309591	0	0	0	0	0	0	0.900	0.650	0.963
JUN	ATF4	9606.ENSP00000360266	9606.ENSP00000336790	0	0	0	0	0.061	0.674	0	0.784	0.928
JUN	STAT1	9606.ENSP00000360266	9606.ENSP00000354394	0	0	0	0	0.055	0.328	0	0.869	0.910
JUN	PRKACB	9606.ENSP00000360266	9606.ENSP00000359719	0	0	0	0	0	0	0.900	0.650	0.963
JUN	BCL2	9606.ENSP00000360266	9606.ENSP00000381185	0	0	0	0	0.047	0	0	0.927	0.927
JUN	AKT3	9606.ENSP00000360266	9606.ENSP00000500582	0	0	0	0	0	0.085	0.900	0.407	0.941
JUN	HIF1A	9606.ENSP00000360266	9606.ENSP00000437955	0	0	0	0	0.056	0.621	0	0.901	0.961
JUN	AKT2	9606.ENSP00000360266	9606.ENSP00000375892	0	0	0	0	0	0.085	0.900	0.677	0.967
JUN	TNF	9606.ENSP00000360266	9606.ENSP00000398698	0	0	0	0	0.151	0	0.900	0.881	0.989
JUN	AKT1	9606.ENSP00000360266	9606.ENSP00000451828	0	0	0	0	0.049	0.085	0.900	0.915	0.991
JUN	MAPK9	9606.ENSP00000360266	9606.ENSP00000394560	0	0	0	0	0	0.964	0.900	0.988	0.999
JUN	MAPK8	9606.ENSP00000360266	9606.ENSP00000378974	0	0	0	0	0.049	0.997	0.900	0.978	0.999
KRAS	MAPK1	9606.ENSP00000256078	9606.ENSP00000215832	0	0	0	0	0.088	0.495	0.900	0.771	0.988
KRAS	PIK3R2	9606.ENSP00000256078	9606.ENSP00000222254	0	0	0	0	0.047	0.147	0.900	0.417	0.946
KRAS	CSF2RB	9606.ENSP00000256078	9606.ENSP00000384053	0	0	0	0	0.059	0	0.900	0.057	0.903
KRAS	AKT1	9606.ENSP00000256078	9606.ENSP00000451828	0	0	0	0	0.076	0.110	0	0.893	0.904
KRAS	IL3RA	9606.ENSP00000256078	9606.ENSP00000327890	0	0	0	0	0	0	0.900	0.222	0.918
KRAS	MAPK9	9606.ENSP00000256078	9606.ENSP00000394560	0	0	0	0	0.103	0.145	0.900	0.262	0.935
KRAS	PTEN	9606.ENSP00000256078	9606.ENSP00000361021	0	0	0	0	0.078	0.099	0	0.930	0.936
KRAS	NRAS	9606.ENSP00000256078	9606.ENSP00000358548	0	0	0.050	0.981	0.095	0.422	0.900	0.059	0.944
KRAS	MAPK8	9606.ENSP00000256078	9606.ENSP00000378974	0	0	0	0	0.147	0.145	0.900	0.380	0.948
KRAS	TP53	9606.ENSP00000256078	9606.ENSP00000269305	0	0	0	0	0.074	0	0	0.947	0.949
KRAS	PIK3R3	9606.ENSP00000256078	9606.ENSP00000262741	0	0	0	0	0	0.065	0.900	0.535	0.952
KRAS	MAP2K2	9606.ENSP00000256078	9606.ENSP00000262948	0	0	0	0	0.047	0.163	0.900	0.624	0.966
KRAS	PIK3CB	9606.ENSP00000256078	9606.ENSP00000501150	0	0	0	0	0.070	0.216	0.900	0.679	0.973
KRAS	PIK3CD	9606.ENSP00000256078	9606.ENSP00000366563	0	0	0	0	0.056	0.352	0.900	0.637	0.974
KRAS	MAPK3	9606.ENSP00000256078	9606.ENSP00000263025	0	0	0	0	0.056	0.098	0.900	0.816	0.982
KRAS	BCL2L1	9606.ENSP00000256078	9606.ENSP00000365230	0	0	0	0	0.047	0.165	0.900	0.807	0.982
KRAS	HRAS	9606.ENSP00000256078	9606.ENSP00000407586	0	0	0.050	0.981	0	0.883	0.900	0.411	0.992
KRAS	MAP2K1	9606.ENSP00000256078	9606.ENSP00000302486	0	0	0	0	0.049	0.615	0.900	0.883	0.995
KRAS	PIK3CA	9606.ENSP00000256078	9606.ENSP00000263967	0	0	0	0	0.143	0.627	0.900	0.951	0.998
LMNA	LMNB1	9606.ENSP00000357283	9606.ENSP00000261366	0	0	0	0.947	0.042	0.921	0.900	0.635	0.996
LMNA	CASP6	9606.ENSP00000357283	9606.ENSP00000265164	0	0	0	0	0.055	0.102	0.900	0.383	0.940
LMNA	LMNB2	9606.ENSP00000357283	9606.ENSP00000327054	0	0	0	0.940	0.072	0.808	0.900	0.652	0.992
LMNB1	CASP6	9606.ENSP00000261366	9606.ENSP00000265164	0	0	0	0	0.055	0.102	0.900	0.420	0.944
LMNB1	LMNA	9606.ENSP00000261366	9606.ENSP00000357283	0	0	0	0.947	0.042	0.921	0.900	0.635	0.996
LMNB1	LMNB2	9606.ENSP00000261366	9606.ENSP00000327054	0	0	0.047	0.959	0.219	0.829	0.900	0.964	0.999
LMNB2	LMNB1	9606.ENSP00000327054	9606.ENSP00000261366	0	0	0.047	0.959	0.219	0.829	0.900	0.964	0.999
LMNB2	CASP6	9606.ENSP00000327054	9606.ENSP00000265164	0	0	0	0	0.057	0.102	0.900	0.399	0.942
LMNB2	LMNA	9606.ENSP00000327054	9606.ENSP00000357283	0	0	0	0.940	0.072	0.808	0.900	0.652	0.992
LYRM7	UQCRFS1	9606.ENSP00000368688	9606.ENSP00000306397	0	0	0	0	0.044	0.716	0	0.864	0.959
MACROH2A1	H2AC8	9606.ENSP00000423563	9606.ENSP00000303373	0	0	0	0.952	0	0.952	0	0.057	0.953
MACROH2A1	PARP1	9606.ENSP00000423563	9606.ENSP00000355759	0	0	0	0	0.058	0.845	0	0.885	0.981
MACROH2A1	H2AC4	9606.ENSP00000423563	9606.ENSP00000483842	0	0	0	0.952	0	0.900	0	0.050	0.900
MAP1LC3A	ATG10	9606.ENSP00000363970	9606.ENSP00000282185	0	0	0	0	0.088	0.050	0.500	0.878	0.940
MAP1LC3A	ATG3	9606.ENSP00000363970	9606.ENSP00000283290	0	0	0	0	0.131	0.892	0.500	0.954	0.997
MAP1LC3A	ULK1	9606.ENSP00000363970	9606.ENSP00000324560	0	0	0	0	0.138	0.812	0.500	0.868	0.987
MAP1LC3A	ATG7	9606.ENSP00000363970	9606.ENSP00000346437	0	0	0	0	0.107	0.895	0.500	0.967	0.998
MAP1LC3A	ATG5	9606.ENSP00000363970	9606.ENSP00000358072	0	0	0	0	0.070	0.234	0.500	0.943	0.977
MAP1LC3A	ATG13	9606.ENSP00000363970	9606.ENSP00000432412	0	0	0	0	0.122	0.800	0	0.837	0.969
MAP1LC3A	ATG12	9606.ENSP00000363970	9606.ENSP00000425107	0	0	0	0	0.105	0.292	0.500	0.945	0.980
MAP1LC3A	ATG4B	9606.ENSP00000363970	9606.ENSP00000384259	0	0	0	0	0.244	0.864	0.400	0.911	0.993
MAP1LC3B	ATG3	9606.ENSP00000498476	9606.ENSP00000283290	0	0	0	0	0.165	0.906	0.500	0.955	0.998
MAP1LC3B	ULK1	9606.ENSP00000498476	9606.ENSP00000324560	0	0	0	0	0.152	0.843	0.500	0.914	0.993
MAP1LC3B	ATG7	9606.ENSP00000498476	9606.ENSP00000346437	0	0	0	0	0.114	0.913	0.500	0.954	0.998
MAP1LC3B	BNIP3	9606.ENSP00000498476	9606.ENSP00000357625	0	0	0	0	0.090	0.323	0	0.916	0.943
MAP1LC3B	ATG5	9606.ENSP00000498476	9606.ENSP00000358072	0	0	0	0	0.084	0.368	0.500	0.961	0.987
MAP1LC3B	ATG16L1	9606.ENSP00000498476	9606.ENSP00000375873	0	0	0	0	0.042	0.452	0.500	0.848	0.955
MAP1LC3B	ATG4B	9606.ENSP00000498476	9606.ENSP00000384259	0	0	0	0	0.255	0.987	0.400	0.948	0.999
MAP1LC3B	ATG12	9606.ENSP00000498476	9606.ENSP00000425107	0	0	0	0	0.111	0.313	0.500	0.913	0.969
MAP1LC3B	ATG13	9606.ENSP00000498476	9606.ENSP00000432412	0	0	0	0	0.143	0.743	0	0.835	0.960
MAP1LC3C	ATG3	9606.ENSP00000349785	9606.ENSP00000283290	0	0	0	0	0.131	0.618	0.500	0.847	0.971
MAP1LC3C	ULK1	9606.ENSP00000349785	9606.ENSP00000324560	0	0	0	0	0.118	0.781	0	0.587	0.913
MAP1LC3C	ATG7	9606.ENSP00000349785	9606.ENSP00000346437	0	0	0	0	0.107	0.755	0.500	0.779	0.972
MAP1LC3C	ATG13	9606.ENSP00000349785	9606.ENSP00000432412	0	0	0	0	0.102	0.734	0	0.638	0.906
MAP1LC3C	ATG4B	9606.ENSP00000349785	9606.ENSP00000384259	0	0	0	0	0.244	0.761	0.400	0.923	0.990
MAP2K1	MAPK1	9606.ENSP00000302486	9606.ENSP00000215832	0	0	0	0.595	0.152	0.929	0.900	0.950	0.999
MAP2K1	PPP2CB	9606.ENSP00000302486	9606.ENSP00000221138	0	0	0	0	0.147	0.104	0.900	0.169	0.928
MAP2K1	KRAS	9606.ENSP00000302486	9606.ENSP00000256078	0	0	0	0	0.049	0.615	0.900	0.883	0.995
MAP2K1	MAP2K2	9606.ENSP00000302486	9606.ENSP00000262948	0	0	0.051	0.979	0.049	0.836	0.900	0.783	0.996
MAP2K1	MAPK3	9606.ENSP00000302486	9606.ENSP00000263025	0	0	0	0.590	0.122	0.884	0.900	0.974	0.999
MAP2K1	BAD	9606.ENSP00000302486	9606.ENSP00000378040	0	0	0	0	0.058	0	0.900	0.227	0.920
MAP2K1	PRKCD	9606.ENSP00000302486	9606.ENSP00000331602	0	0	0	0.625	0.081	0.129	0.900	0.183	0.925
MAP2K1	PRKACB	9606.ENSP00000302486	9606.ENSP00000359719	0	0	0	0.630	0	0.091	0.900	0.243	0.925
MAP2K1	PRKACA	9606.ENSP00000302486	9606.ENSP00000309591	0	0	0.096	0.655	0.060	0.091	0.900	0.232	0.929
MAP2K1	MAPK9	9606.ENSP00000302486	9606.ENSP00000394560	0	0	0	0.587	0.087	0	0.900	0.309	0.931
MAP2K1	MAPK8	9606.ENSP00000302486	9606.ENSP00000378974	0	0	0	0.591	0.067	0	0.900	0.353	0.934
MAP2K1	PPP2CA	9606.ENSP00000302486	9606.ENSP00000418447	0	0	0	0	0.172	0.104	0.900	0.342	0.944
MAP2K1	NRAS	9606.ENSP00000302486	9606.ENSP00000358548	0	0	0	0	0.060	0.163	0.900	0.813	0.983
MAP2K1	HRAS	9606.ENSP00000302486	9606.ENSP00000407586	0	0	0	0	0.062	0.382	0.900	0.832	0.989
MAP2K2	MAPK1	9606.ENSP00000262948	9606.ENSP00000215832	0	0	0	0.600	0.111	0.983	0.900	0.855	0.999
MAP2K2	PPP2CB	9606.ENSP00000262948	9606.ENSP00000221138	0	0	0	0	0.121	0.104	0.900	0.115	0.921
MAP2K2	KRAS	9606.ENSP00000262948	9606.ENSP00000256078	0	0	0	0	0.047	0.163	0.900	0.624	0.966
MAP2K2	PRKACB	9606.ENSP00000262948	9606.ENSP00000359719	0	0	0	0.621	0	0.091	0.900	0.129	0.914
MAP2K2	PRKACA	9606.ENSP00000262948	9606.ENSP00000309591	0	0	0	0.646	0.072	0.091	0.900	0.118	0.915
MAP2K2	MAPK8	9606.ENSP00000262948	9606.ENSP00000378974	0	0	0	0.593	0.054	0	0.900	0.262	0.924
MAP2K2	MAPK9	9606.ENSP00000262948	9606.ENSP00000394560	0	0	0	0.591	0.049	0	0.900	0.266	0.924
MAP2K2	PRKCD	9606.ENSP00000262948	9606.ENSP00000331602	0	0	0.105	0.615	0.056	0.129	0.900	0.130	0.924
MAP2K2	PPP2CA	9606.ENSP00000262948	9606.ENSP00000418447	0	0	0	0	0.118	0.104	0.900	0.497	0.955
MAP2K2	NRAS	9606.ENSP00000262948	9606.ENSP00000358548	0	0	0	0	0.050	0.163	0.900	0.654	0.968
MAP2K2	HRAS	9606.ENSP00000262948	9606.ENSP00000407586	0	0	0	0	0.062	0.163	0.900	0.641	0.968
MAP2K2	MAPK3	9606.ENSP00000262948	9606.ENSP00000263025	0	0	0	0.597	0.226	0.732	0.900	0.600	0.990
MAP2K2	MAP2K1	9606.ENSP00000262948	9606.ENSP00000302486	0	0	0.051	0.979	0.049	0.836	0.900	0.783	0.996
MAP3K14	TRAF5	9606.ENSP00000482657	9606.ENSP00000261464	0	0	0	0	0.046	0.298	0.900	0.276	0.945
MAP3K14	IKBKB	9606.ENSP00000482657	9606.ENSP00000430684	0	0	0	0.556	0.087	0.887	0.900	0.309	0.991
MAP3K14	TRAF6	9606.ENSP00000482657	9606.ENSP00000433623	0	0	0	0	0.068	0.779	0.900	0.702	0.993
MAPK1	PLA2G4D	9606.ENSP00000215832	9606.ENSP00000290472	0	0	0	0	0.049	0	0.900	0.064	0.903
MAPK1	PLA2G4F	9606.ENSP00000215832	9606.ENSP00000380442	0	0	0	0	0.049	0	0.900	0.064	0.903
MAPK1	PLA2G4E	9606.ENSP00000215832	9606.ENSP00000382434	0	0	0	0	0.049	0	0.900	0.062	0.903
MAPK1	PLA2G4B	9606.ENSP00000215832	9606.ENSP00000396045	0	0	0	0	0.049	0	0.900	0.082	0.905
MAPK1	PLA2G4C	9606.ENSP00000215832	9606.ENSP00000472546	0	0	0	0	0.055	0	0.900	0.091	0.906
MAPK1	BAD	9606.ENSP00000215832	9606.ENSP00000378040	0	0	0	0	0.060	0	0.900	0.195	0.917
MAPK1	DAPK2	9606.ENSP00000215832	9606.ENSP00000484390	0	0	0	0.615	0	0.168	0.900	0.117	0.920
MAPK1	CYBB	9606.ENSP00000215832	9606.ENSP00000367851	0	0	0	0	0.067	0.058	0.900	0.260	0.926
MAPK1	AKT3	9606.ENSP00000215832	9606.ENSP00000500582	0	0	0	0.601	0.085	0.110	0.900	0.218	0.927
MAPK1	AKT2	9606.ENSP00000215832	9606.ENSP00000375892	0	0	0	0.592	0.083	0.110	0.900	0.240	0.929
MAPK1	PRKACA	9606.ENSP00000215832	9606.ENSP00000309591	0	0	0	0.610	0.083	0.098	0.900	0.249	0.929
MAPK1	PRKCD	9606.ENSP00000215832	9606.ENSP00000331602	0	0	0	0.590	0.070	0.151	0.900	0.218	0.929
MAPK1	PRKACB	9606.ENSP00000215832	9606.ENSP00000359719	0	0	0	0.606	0.082	0.098	0.900	0.251	0.929
MAPK1	HSP90AA1	9606.ENSP00000215832	9606.ENSP00000335153	0	0	0	0	0.057	0.113	0.400	0.897	0.941
MAPK1	STAT1	9606.ENSP00000215832	9606.ENSP00000354394	0	0	0	0	0.090	0.091	0.900	0.471	0.950
MAPK1	BCL2L11	9606.ENSP00000215832	9606.ENSP00000376943	0	0	0	0	0.085	0.292	0.900	0.373	0.953
MAPK1	PPP2CB	9606.ENSP00000215832	9606.ENSP00000221138	0	0	0	0	0.129	0.129	0.900	0.474	0.954
MAPK1	NRAS	9606.ENSP00000215832	9606.ENSP00000358548	0	0	0	0	0.109	0.098	0.900	0.551	0.959
MAPK1	CASP3	9606.ENSP00000215832	9606.ENSP00000311032	0	0	0	0	0.100	0.045	0.900	0.599	0.961
MAPK1	BCL2	9606.ENSP00000215832	9606.ENSP00000381185	0	0	0	0	0.086	0.292	0.900	0.586	0.969
MAPK1	PLA2G4A	9606.ENSP00000215832	9606.ENSP00000356436	0	0	0	0	0.045	0.510	0.900	0.449	0.970
MAPK1	PPP2CA	9606.ENSP00000215832	9606.ENSP00000418447	0	0	0	0	0.107	0.356	0.900	0.607	0.974
MAPK1	HRAS	9606.ENSP00000215832	9606.ENSP00000407586	0	0	0	0	0.056	0.098	0.900	0.783	0.979
MAPK1	HIF1A	9606.ENSP00000215832	9606.ENSP00000437955	0	0	0	0	0.049	0.626	0.900	0.648	0.985
MAPK1	AKT1	9606.ENSP00000215832	9606.ENSP00000451828	0	0	0	0.593	0.118	0.110	0.900	0.872	0.988
MAPK1	KRAS	9606.ENSP00000215832	9606.ENSP00000256078	0	0	0	0	0.088	0.495	0.900	0.771	0.988
MAPK1	FOS	9606.ENSP00000215832	9606.ENSP00000306245	0	0	0	0	0.055	0.450	0.900	0.864	0.992
MAPK1	MAPK3	9606.ENSP00000215832	9606.ENSP00000263025	0	0	0.049	0.983	0.118	0.874	0.900	0.581	0.994
MAPK1	STAT3	9606.ENSP00000215832	9606.ENSP00000264657	0	0	0	0	0.060	0.926	0	0.950	0.996
MAPK1	TP53	9606.ENSP00000215832	9606.ENSP00000269305	0	0	0	0	0.045	0.806	0.900	0.912	0.998
MAPK1	JUN	9606.ENSP00000215832	9606.ENSP00000360266	0	0	0	0	0	0.771	0.900	0.958	0.998
MAPK1	MAP2K1	9606.ENSP00000215832	9606.ENSP00000302486	0	0	0	0.595	0.152	0.929	0.900	0.950	0.999
MAPK1	MAP2K2	9606.ENSP00000215832	9606.ENSP00000262948	0	0	0	0.600	0.111	0.983	0.900	0.855	0.999
MAPK3	MAPK1	9606.ENSP00000263025	9606.ENSP00000215832	0	0	0.049	0.983	0.118	0.874	0.900	0.581	0.994
MAPK3	PPP2CB	9606.ENSP00000263025	9606.ENSP00000221138	0	0	0	0	0.093	0.129	0.900	0.163	0.925
MAPK3	KRAS	9606.ENSP00000263025	9606.ENSP00000256078	0	0	0	0	0.056	0.098	0.900	0.816	0.982
MAPK3	MAP2K2	9606.ENSP00000263025	9606.ENSP00000262948	0	0	0	0.597	0.226	0.732	0.900	0.600	0.990
MAPK3	PLA2G4B	9606.ENSP00000263025	9606.ENSP00000396045	0	0	0	0	0.049	0	0.900	0.057	0.902
MAPK3	PLA2G4E	9606.ENSP00000263025	9606.ENSP00000382434	0	0	0	0	0.049	0	0.900	0.088	0.905
MAPK3	PLA2G4F	9606.ENSP00000263025	9606.ENSP00000380442	0	0	0	0	0.056	0	0.900	0.078	0.905
MAPK3	PLA2G4C	9606.ENSP00000263025	9606.ENSP00000472546	0	0	0	0	0.055	0	0.900	0.098	0.907
MAPK3	PLA2G4D	9606.ENSP00000263025	9606.ENSP00000290472	0	0	0	0	0.049	0	0.900	0.112	0.908
MAPK3	TNF	9606.ENSP00000263025	9606.ENSP00000398698	0	0	0	0	0.062	0	0	0.921	0.922
MAPK3	DAPK2	9606.ENSP00000263025	9606.ENSP00000484390	0	0	0	0.609	0.072	0.168	0.900	0.139	0.924
MAPK3	AKT3	9606.ENSP00000263025	9606.ENSP00000500582	0	0	0	0.595	0.099	0.110	0.900	0.215	0.928
MAPK3	BAD	9606.ENSP00000263025	9606.ENSP00000378040	0	0	0	0	0.101	0	0.900	0.305	0.932
MAPK3	PRKCD	9606.ENSP00000263025	9606.ENSP00000331602	0	0	0	0.583	0.121	0.151	0.900	0.240	0.935
MAPK3	CYBB	9606.ENSP00000263025	9606.ENSP00000367851	0	0	0	0	0.082	0.058	0.900	0.549	0.955
MAPK3	PLA2G4A	9606.ENSP00000263025	9606.ENSP00000356436	0	0	0	0	0.045	0.292	0.900	0.437	0.956
MAPK3	AKT1	9606.ENSP00000263025	9606.ENSP00000451828	0	0	0	0.587	0.266	0.110	0.900	0.432	0.957
MAPK3	PRKACB	9606.ENSP00000263025	9606.ENSP00000359719	0	0	0	0.599	0.063	0.098	0.900	0.565	0.958
MAPK3	PRKACA	9606.ENSP00000263025	9606.ENSP00000309591	0	0	0	0.610	0.095	0.098	0.900	0.561	0.959
MAPK3	AKT2	9606.ENSP00000263025	9606.ENSP00000375892	0	0	0	0.587	0.062	0.110	0.900	0.604	0.962
MAPK3	STAT1	9606.ENSP00000263025	9606.ENSP00000354394	0	0	0	0	0.062	0.091	0.900	0.636	0.964
MAPK3	HIF1A	9606.ENSP00000263025	9606.ENSP00000437955	0	0	0	0	0	0.045	0.900	0.703	0.969
MAPK3	NRAS	9606.ENSP00000263025	9606.ENSP00000358548	0	0	0	0	0.063	0.275	0.900	0.620	0.970
MAPK3	BCL2L11	9606.ENSP00000263025	9606.ENSP00000376943	0	0	0	0	0.081	0.292	0.900	0.596	0.970
MAPK3	PPP2CA	9606.ENSP00000263025	9606.ENSP00000418447	0	0	0	0	0.082	0.554	0.900	0.390	0.971
MAPK3	HRAS	9606.ENSP00000263025	9606.ENSP00000407586	0	0	0	0	0.061	0.098	0.900	0.829	0.983
MAPK3	CASP3	9606.ENSP00000263025	9606.ENSP00000311032	0	0	0	0	0.067	0.045	0.900	0.858	0.985
MAPK3	BCL2	9606.ENSP00000263025	9606.ENSP00000381185	0	0	0	0	0.067	0	0.900	0.852	0.985
MAPK3	JUN	9606.ENSP00000263025	9606.ENSP00000360266	0	0	0	0	0	0.323	0.900	0.824	0.987
MAPK3	FOS	9606.ENSP00000263025	9606.ENSP00000306245	0	0	0	0	0.055	0.450	0.900	0.907	0.994
MAPK3	TP53	9606.ENSP00000263025	9606.ENSP00000269305	0	0	0	0	0.060	0.626	0.900	0.871	0.994
MAPK3	MAP2K1	9606.ENSP00000263025	9606.ENSP00000302486	0	0	0	0.590	0.122	0.884	0.900	0.974	0.999
MAPK8	NFKB1	9606.ENSP00000378974	9606.ENSP00000226574	0	0	0	0	0.067	0.072	0.900	0.869	0.987
MAPK8	KRAS	9606.ENSP00000378974	9606.ENSP00000256078	0	0	0	0	0.147	0.145	0.900	0.380	0.948
MAPK8	MAP2K2	9606.ENSP00000378974	9606.ENSP00000262948	0	0	0	0.593	0.054	0	0.900	0.262	0.924
MAPK8	PRKCQ	9606.ENSP00000378974	9606.ENSP00000263125	0	0	0	0.595	0	0.096	0.900	0.115	0.913
MAPK8	STAT3	9606.ENSP00000378974	9606.ENSP00000264657	0	0	0	0	0.044	0.625	0	0.745	0.900
MAPK8	DAXX	9606.ENSP00000378974	9606.ENSP00000266000	0	0	0	0	0.093	0.109	0.900	0.251	0.931
MAPK8	TP53	9606.ENSP00000378974	9606.ENSP00000269305	0	0	0	0	0.086	0.845	0.900	0.861	0.997
MAPK8	DUSP16	9606.ENSP00000378974	9606.ENSP00000298573	0	0	0	0	0.086	0.966	0.900	0.638	0.998
MAPK8	MAP2K1	9606.ENSP00000378974	9606.ENSP00000302486	0	0	0	0.591	0.067	0	0.900	0.353	0.934
MAPK8	FOS	9606.ENSP00000378974	9606.ENSP00000306245	0	0	0	0	0	0.174	0.900	0.849	0.986
MAPK8	CASP3	9606.ENSP00000378974	9606.ENSP00000311032	0	0	0	0	0.049	0.292	0	0.922	0.943
MAPK8	BID	9606.ENSP00000378974	9606.ENSP00000318822	0	0	0	0	0.044	0.448	0.900	0.245	0.954
MAPK8	PRKCD	9606.ENSP00000378974	9606.ENSP00000331602	0	0	0	0.593	0.042	0.096	0.900	0.167	0.918
MAPK8	NRAS	9606.ENSP00000378974	9606.ENSP00000358548	0	0	0	0	0.129	0.145	0.900	0.298	0.940
MAPK8	JUN	9606.ENSP00000378974	9606.ENSP00000360266	0	0	0	0	0.049	0.997	0.900	0.978	0.999
MAPK8	IRS4	9606.ENSP00000378974	9606.ENSP00000361202	0	0	0	0	0	0.046	0.900	0.094	0.906
MAPK8	BCL2L1	9606.ENSP00000378974	9606.ENSP00000365230	0	0	0	0	0.057	0.678	0.900	0.593	0.986
MAPK8	BCL2L11	9606.ENSP00000378974	9606.ENSP00000376943	0	0	0	0	0.060	0.292	0.750	0.727	0.948
MAPK8	BAD	9606.ENSP00000378974	9606.ENSP00000378040	0	0	0	0	0	0.497	0.900	0.255	0.959
MAPK8	TRAF6	9606.ENSP00000378974	9606.ENSP00000433623	0	0	0	0	0.080	0.062	0.900	0.715	0.972
MAPK8	BCL2	9606.ENSP00000378974	9606.ENSP00000381185	0	0	0	0	0.094	0.287	0.900	0.713	0.979
MAPK8	HRAS	9606.ENSP00000378974	9606.ENSP00000407586	0	0	0	0	0.103	0.522	0.900	0.694	0.985
MAPK8	MAPK9	9606.ENSP00000378974	9606.ENSP00000394560	0	0	0.050	0.981	0.082	0.994	0.900	0.550	0.999
MAPK9	NFKB1	9606.ENSP00000394560	9606.ENSP00000226574	0	0	0	0	0.049	0.072	0.900	0.436	0.943
MAPK9	KRAS	9606.ENSP00000394560	9606.ENSP00000256078	0	0	0	0	0.103	0.145	0.900	0.262	0.935
MAPK9	MAP2K2	9606.ENSP00000394560	9606.ENSP00000262948	0	0	0	0.591	0.049	0	0.900	0.266	0.924
MAPK9	PRKCQ	9606.ENSP00000394560	9606.ENSP00000263125	0	0	0	0.604	0	0.096	0.900	0.091	0.910
MAPK9	DAXX	9606.ENSP00000394560	9606.ENSP00000266000	0	0	0	0	0.082	0.109	0.900	0.108	0.917
MAPK9	TP53	9606.ENSP00000394560	9606.ENSP00000269305	0	0	0	0	0.080	0.641	0.900	0.527	0.982
MAPK9	DUSP16	9606.ENSP00000394560	9606.ENSP00000298573	0	0	0	0	0.075	0.682	0.900	0.552	0.985
MAPK9	MAP2K1	9606.ENSP00000394560	9606.ENSP00000302486	0	0	0	0.587	0.087	0	0.900	0.309	0.931
MAPK9	FOS	9606.ENSP00000394560	9606.ENSP00000306245	0	0	0	0	0	0.297	0.900	0.706	0.977
MAPK9	BID	9606.ENSP00000394560	9606.ENSP00000318822	0	0	0	0	0.042	0	0.900	0.152	0.911
MAPK9	PRKCD	9606.ENSP00000394560	9606.ENSP00000331602	0	0	0	0.597	0.049	0.096	0.900	0.098	0.912
MAPK9	NRAS	9606.ENSP00000394560	9606.ENSP00000358548	0	0	0	0	0.103	0.145	0.900	0.220	0.932
MAPK9	JUN	9606.ENSP00000394560	9606.ENSP00000360266	0	0	0	0	0	0.964	0.900	0.988	0.999
MAPK9	IRS4	9606.ENSP00000394560	9606.ENSP00000361202	0	0	0	0	0	0.089	0.900	0.045	0.905
MAPK9	BCL2L1	9606.ENSP00000394560	9606.ENSP00000365230	0	0	0	0	0.083	0.292	0.900	0.406	0.956
MAPK9	BAD	9606.ENSP00000394560	9606.ENSP00000378040	0	0	0	0	0	0	0.900	0.100	0.906
MAPK9	MAPK8	9606.ENSP00000394560	9606.ENSP00000378974	0	0	0.050	0.981	0.082	0.994	0.900	0.550	0.999
MAPK9	BCL2	9606.ENSP00000394560	9606.ENSP00000381185	0	0	0	0	0.093	0.042	0.900	0.569	0.957
MAPK9	TRAF6	9606.ENSP00000394560	9606.ENSP00000433623	0	0	0	0	0.057	0.062	0.900	0.343	0.934
MAPK9	HRAS	9606.ENSP00000394560	9606.ENSP00000407586	0	0	0	0	0.103	0.145	0.900	0.266	0.936
MCL1	HRK	9606.ENSP00000358022	9606.ENSP00000257572	0	0	0	0	0	0.230	0	0.981	0.985
MCL1	TP53	9606.ENSP00000358022	9606.ENSP00000269305	0	0	0	0	0.055	0.311	0	0.884	0.918
MCL1	BAX	9606.ENSP00000358022	9606.ENSP00000293288	0	0	0	0.618	0.049	0.987	0.900	0.915	0.999
MCL1	CASP3	9606.ENSP00000358022	9606.ENSP00000311032	0	0	0	0	0.091	0.354	0	0.861	0.911
MCL1	BOK	9606.ENSP00000358022	9606.ENSP00000314132	0	0	0	0	0	0.230	0	0.981	0.985
MCL1	BID	9606.ENSP00000358022	9606.ENSP00000318822	0	0	0	0	0.107	0.986	0	0.724	0.996
MCL1	VDAC1	9606.ENSP00000358022	9606.ENSP00000378487	0	0	0	0	0.052	0.297	0	0.960	0.971
MCL1	ATG12	9606.ENSP00000358022	9606.ENSP00000425107	0	0	0	0	0.062	0.292	0	0.984	0.988
MCL1	BCL2L1	9606.ENSP00000358022	9606.ENSP00000365230	0	0	0	0.620	0.049	0.362	0.900	0.845	0.989
MCL1	BBC3	9606.ENSP00000358022	9606.ENSP00000404503	0	0	0	0	0.050	0.933	0.540	0.949	0.998
MCL1	BCL2L11	9606.ENSP00000358022	9606.ENSP00000376943	0	0	0	0	0.072	0.998	0.900	0.999	0.999
MLST8	RHEB	9606.ENSP00000457870	9606.ENSP00000262187	0	0	0	0	0	0.800	0.900	0.984	0.999
MLST8	RRAGB	9606.ENSP00000457870	9606.ENSP00000262850	0	0	0	0	0	0.067	0.650	0.797	0.928
MLST8	DEPTOR	9606.ENSP00000457870	9606.ENSP00000286234	0	0	0	0	0	0.879	0.800	0.998	0.999
MLST8	ULK1	9606.ENSP00000457870	9606.ENSP00000324560	0	0	0	0	0.049	0.292	0.900	0.605	0.969
MLST8	ATG101	9606.ENSP00000457870	9606.ENSP00000338990	0	0	0	0	0.081	0	0.900	0.453	0.945
MLST8	MTOR	9606.ENSP00000457870	9606.ENSP00000354558	0	0	0	0	0.049	0.999	0.900	0.998	0.999
MLST8	RRAGC	9606.ENSP00000457870	9606.ENSP00000362092	0	0	0	0	0	0.800	0.650	0.798	0.984
MLST8	IGBP1	9606.ENSP00000457870	9606.ENSP00000363661	0	0	0	0	0.049	0.096	0.900	0.371	0.938
MLST8	RRAGA	9606.ENSP00000457870	9606.ENSP00000369899	0	0	0	0	0.049	0.805	0.650	0.801	0.985
MLST8	AKT1S1	9606.ENSP00000457870	9606.ENSP00000375711	0	0	0	0	0.156	0.905	0.800	0.998	0.999
MLST8	ULK2	9606.ENSP00000457870	9606.ENSP00000378914	0	0	0	0	0	0	0.900	0.398	0.937
MLST8	AKT1	9606.ENSP00000457870	9606.ENSP00000451828	0	0.004	0	0	0.104	0	0.400	0.926	0.956
MRAS	PIK3R2	9606.ENSP00000289104	9606.ENSP00000222254	0	0	0	0	0	0.054	0.900	0.064	0.903
MRAS	PIK3R3	9606.ENSP00000289104	9606.ENSP00000262741	0	0	0	0	0	0.054	0.900	0.129	0.910
MRAS	PIK3CA	9606.ENSP00000289104	9606.ENSP00000263967	0	0	0	0	0.061	0.954	0.900	0.232	0.996
MRAS	PIK3CD	9606.ENSP00000289104	9606.ENSP00000366563	0	0	0	0	0.061	0.504	0.900	0.145	0.954
MRAS	PIK3CB	9606.ENSP00000289104	9606.ENSP00000501150	0	0	0	0	0.061	0.504	0.900	0.271	0.961
MT-ATP6	ATP5F1D	9606.ENSP00000354632	9606.ENSP00000215375	0.231	0	0	0	0.903	0.966	0.980	0.524	0.999
MT-ATP6	ATP5F1E	9606.ENSP00000354632	9606.ENSP00000243997	0	0	0	0	0.124	0.966	0.967	0.500	0.999
MT-ATP6	ATP5F1B	9606.ENSP00000354632	9606.ENSP00000262030	0.086	0	0	0	0.643	0.934	0.967	0.576	0.999
MT-ATP6	ATP5MC3	9606.ENSP00000354632	9606.ENSP00000284727	0.106	0	0	0	0.681	0.902	0.897	0.466	0.998
MT-ATP6	ATP5PO	9606.ENSP00000354632	9606.ENSP00000290299	0.120	0	0	0	0.858	0.843	0.978	0.617	0.999
MT-ATP6	ATP5MF	9606.ENSP00000354632	9606.ENSP00000292475	0	0	0	0	0.274	0.966	0.900	0.225	0.997
MT-ATP6	ATP5MG	9606.ENSP00000354632	9606.ENSP00000300688	0	0	0	0	0.374	0.843	0.944	0.397	0.996
MT-ATP6	ATP5PD	9606.ENSP00000354632	9606.ENSP00000301587	0	0	0	0	0.335	0.966	0.967	0.504	0.999
MT-ATP6	ATP5ME	9606.ENSP00000354632	9606.ENSP00000306003	0	0	0	0	0.256	0.957	0.967	0.463	0.999
MT-ATP6	UQCRFS1	9606.ENSP00000354632	9606.ENSP00000306397	0	0	0	0	0.594	0	0	0.791	0.911
MT-ATP6	ATP5F1C	9606.ENSP00000354632	9606.ENSP00000349142	0.231	0	0	0	0.964	0.982	0.980	0.635	0.999
MT-ATP6	MT-CO1	9606.ENSP00000354632	9606.ENSP00000354499	0	0	0	0	0.972	0.092	0	0.946	0.998
MT-ATP6	MT-CYB	9606.ENSP00000354632	9606.ENSP00000354554	0	0	0	0	0.999	0	0	0.972	0.999
MT-ATP6	MT-ND6	9606.ENSP00000354632	9606.ENSP00000354665	0	0	0.211	0	0.793	0	0	0.974	0.995
MT-ATP6	MT-ND3	9606.ENSP00000354632	9606.ENSP00000355206	0.208	0	0	0	0.808	0	0	0.974	0.995
MT-ATP6	ATP5PF	9606.ENSP00000354632	9606.ENSP00000389649	0	0	0	0	0.164	0.936	0.900	0.509	0.997
MT-ATP6	ATP5MPL	9606.ENSP00000354632	9606.ENSP00000401770	0	0	0	0	0.163	0.960	0.909	0.301	0.997
MT-ATP6	ATP5MD	9606.ENSP00000354632	9606.ENSP00000358840	0	0	0	0	0.256	0.961	0.909	0.610	0.998
MT-ATP6	ATP5MC2	9606.ENSP00000354632	9606.ENSP00000499883	0.106	0	0	0	0.681	0.923	0.897	0.491	0.998
MT-ATP6	MT-ND4	9606.ENSP00000354632	9606.ENSP00000354961	0.214	0	0.213	0	0.999	0	0	0.962	0.999
MT-ATP6	MT-ATP8	9606.ENSP00000354632	9606.ENSP00000355265	0	0	0	0	0.372	0.957	0.967	0.999	0.999
MT-ATP6	MT-ND5	9606.ENSP00000354632	9606.ENSP00000354813	0.119	0	0	0	0.999	0	0	0.971	0.999
MT-ATP6	ATP5PB	9606.ENSP00000354632	9606.ENSP00000358737	0	0	0	0	0.257	0.966	0.967	0.529	0.999
MT-ATP6	MT-CO2	9606.ENSP00000354632	9606.ENSP00000354876	0	0	0	0	0.999	0	0	0.919	0.999
MT-ATP6	MT-ND4L	9606.ENSP00000354632	9606.ENSP00000354728	0	0	0.251	0	0.958	0	0	0.973	0.999
MT-ATP6	MT-ND1	9606.ENSP00000354632	9606.ENSP00000354687	0.189	0	0	0	0.999	0	0	0.956	0.999
MT-ATP6	ATP5F1A	9606.ENSP00000354632	9606.ENSP00000381736	0.231	0	0	0	0.965	0.971	0.980	0.753	0.999
MT-ATP6	MT-ND2	9606.ENSP00000354632	9606.ENSP00000355046	0.119	0	0	0	0.999	0	0	0.967	0.999
MT-ATP6	ATP5MC1	9606.ENSP00000354632	9606.ENSP00000377033	0.106	0	0	0	0.681	0.966	0.897	0.538	0.999
MT-ATP6	MT-CO3	9606.ENSP00000354632	9606.ENSP00000354982	0	0	0.200	0	0.999	0.954	0	0.978	0.999
MT-ATP8	ATP5F1D	9606.ENSP00000355265	9606.ENSP00000215375	0	0	0	0	0.075	0.809	0.967	0.294	0.995
MT-ATP8	ATP5F1E	9606.ENSP00000355265	9606.ENSP00000243997	0	0	0	0	0.067	0.748	0.967	0.417	0.994
MT-ATP8	ATP5F1B	9606.ENSP00000355265	9606.ENSP00000262030	0	0	0	0	0.083	0.707	0.967	0.533	0.995
MT-ATP8	ATP5MC3	9606.ENSP00000355265	9606.ENSP00000284727	0	0	0	0	0	0.847	0.800	0.268	0.975
MT-ATP8	ATP5PO	9606.ENSP00000355265	9606.ENSP00000290299	0	0	0	0	0.097	0.519	0.944	0.807	0.994
MT-ATP8	ATP5MF	9606.ENSP00000355265	9606.ENSP00000292475	0	0	0	0	0.109	0.931	0.900	0.194	0.994
MT-ATP8	ATP5MG	9606.ENSP00000355265	9606.ENSP00000300688	0	0	0	0	0.128	0.750	0.944	0.268	0.989
MT-ATP8	ATP5PD	9606.ENSP00000355265	9606.ENSP00000301587	0	0	0	0	0.126	0.958	0.967	0.222	0.998
MT-ATP8	ATP5ME	9606.ENSP00000355265	9606.ENSP00000306003	0	0	0	0	0.109	0.964	0.967	0.308	0.999
MT-ATP8	ATP5F1C	9606.ENSP00000355265	9606.ENSP00000349142	0	0	0	0	0.062	0.649	0.967	0.493	0.993
MT-ATP8	MT-CYB	9606.ENSP00000355265	9606.ENSP00000354554	0	0	0	0	0.297	0	0	0.922	0.943
MT-ATP8	MT-ATP6	9606.ENSP00000355265	9606.ENSP00000354632	0	0	0	0	0.372	0.957	0.967	0.999	0.999
MT-ATP8	MT-ND6	9606.ENSP00000355265	9606.ENSP00000354665	0	0	0	0	0.376	0	0	0.923	0.950
MT-ATP8	MT-ND1	9606.ENSP00000355265	9606.ENSP00000354687	0	0	0	0	0.358	0	0	0.889	0.925
MT-ATP8	MT-ND4L	9606.ENSP00000355265	9606.ENSP00000354728	0	0	0	0	0.634	0	0	0.973	0.990
MT-ATP8	MT-ND5	9606.ENSP00000355265	9606.ENSP00000354813	0	0	0	0	0.350	0	0	0.958	0.971
MT-ATP8	MT-CO2	9606.ENSP00000355265	9606.ENSP00000354876	0	0	0	0	0.323	0	0	0.913	0.938
MT-ATP8	MT-ND4	9606.ENSP00000355265	9606.ENSP00000354961	0	0	0	0	0.327	0	0	0.958	0.970
MT-ATP8	MT-CO3	9606.ENSP00000355265	9606.ENSP00000354982	0	0	0	0	0.260	0	0	0.945	0.957
MT-ATP8	MT-ND2	9606.ENSP00000355265	9606.ENSP00000355046	0	0	0	0	0.400	0	0	0.920	0.950
MT-ATP8	MT-ND3	9606.ENSP00000355265	9606.ENSP00000355206	0	0	0	0	0.399	0	0	0.958	0.974
MT-ATP8	ATP5MC2	9606.ENSP00000355265	9606.ENSP00000499883	0	0	0	0	0	0.845	0.800	0.270	0.975
MT-ATP8	ATP5PF	9606.ENSP00000355265	9606.ENSP00000389649	0	0	0	0	0.082	0.707	0.900	0.542	0.986
MT-ATP8	ATP5MC1	9606.ENSP00000355265	9606.ENSP00000377033	0	0	0	0	0	0.957	0.800	0.320	0.993
MT-ATP8	ATP5F1A	9606.ENSP00000355265	9606.ENSP00000381736	0	0	0	0	0.067	0.746	0.967	0.383	0.994
MT-ATP8	ATP5MPL	9606.ENSP00000355265	9606.ENSP00000401770	0	0	0	0	0.139	0.933	0.909	0.577	0.997
MT-ATP8	ATP5MD	9606.ENSP00000355265	9606.ENSP00000358840	0	0	0	0	0.101	0.924	0.909	0.685	0.997
MT-ATP8	ATP5PB	9606.ENSP00000355265	9606.ENSP00000358737	0	0	0	0	0.110	0.990	0.967	0.308	0.999
MT-CO1	COX15	9606.ENSP00000354499	9606.ENSP00000016171	0.231	0	0	0	0.270	0	0.944	0.798	0.992
MT-CO1	UQCRC1	9606.ENSP00000354499	9606.ENSP00000203407	0.057	0	0	0	0.063	0.966	0.594	0.702	0.995
MT-CO1	COX6A1	9606.ENSP00000354499	9606.ENSP00000229379	0	0	0	0	0.058	0.987	0.800	0.634	0.999
MT-CO1	NDUFS7	9606.ENSP00000354499	9606.ENSP00000233627	0	0	0	0	0.191	0.841	0.585	0.626	0.977
MT-CO1	NDUFA10	9606.ENSP00000354499	9606.ENSP00000252711	0	0	0	0	0.058	0.844	0	0.430	0.909
MT-CO1	SCO1	9606.ENSP00000354499	9606.ENSP00000255390	0.120	0	0	0	0.285	0	0.792	0.827	0.974
MT-CO1	COX5B	9606.ENSP00000354499	9606.ENSP00000258424	0	0	0	0	0.167	0.993	0.935	0.781	0.999
MT-CO1	COX10	9606.ENSP00000354499	9606.ENSP00000261643	0.231	0	0.289	0	0.920	0.092	0.540	0.852	0.996
MT-CO1	NDUFS3	9606.ENSP00000354499	9606.ENSP00000263774	0	0	0	0	0.458	0.830	0.809	0.670	0.993
MT-CO1	SDHA	9606.ENSP00000354499	9606.ENSP00000264932	0	0	0	0	0.613	0.071	0.809	0.776	0.982
MT-CO1	NDUFA9	9606.ENSP00000354499	9606.ENSP00000266544	0	0	0	0	0.108	0.895	0.433	0.733	0.984
MT-CO1	UQCRC2	9606.ENSP00000354499	9606.ENSP00000268379	0.057	0	0	0	0.067	0.982	0.913	0.978	0.999
MT-CO1	COX6A2	9606.ENSP00000354499	9606.ENSP00000287490	0	0	0	0	0	0.974	0.540	0.400	0.992
MT-CO1	COX7A1	9606.ENSP00000354499	9606.ENSP00000292907	0	0	0	0	0	0.955	0.360	0.330	0.979
MT-CO1	NDUFS4	9606.ENSP00000354499	9606.ENSP00000296684	0	0	0	0	0.138	0.830	0	0.570	0.931
MT-CO1	NDUFB8	9606.ENSP00000354499	9606.ENSP00000299166	0	0	0	0	0.108	0.874	0	0.892	0.986
MT-CO1	COX11	9606.ENSP00000354499	9606.ENSP00000299335	0.231	0	0	0	0.515	0	0.802	0.572	0.964
MT-CO1	UQCRFS1	9606.ENSP00000354499	9606.ENSP00000306397	0.231	0	0	0	0.645	0.991	0.980	0.796	0.999
MT-CO1	CYCS	9606.ENSP00000354499	9606.ENSP00000307786	0.120	0	0	0	0.319	0.797	0.869	0.836	0.996
MT-CO1	UQCRH	9606.ENSP00000354499	9606.ENSP00000309565	0	0	0	0	0.168	0.961	0.598	0.251	0.988
MT-CO1	NDUFS8	9606.ENSP00000354499	9606.ENSP00000315774	0	0	0	0	0.175	0.830	0.809	0.565	0.986
MT-CO1	CYC1	9606.ENSP00000354499	9606.ENSP00000317159	0.231	0	0	0	0.338	0.991	0.908	0.531	0.999
MT-CO1	COX5A	9606.ENSP00000354499	9606.ENSP00000317780	0	0	0	0	0.109	0.990	0.967	0.830	0.999
MT-CO1	COX8A	9606.ENSP00000354499	9606.ENSP00000321260	0	0	0	0	0	0.900	0.800	0.574	0.990
MT-CO1	NDUFV2	9606.ENSP00000354499	9606.ENSP00000327268	0	0	0	0	0.289	0.830	0.809	0.520	0.987
MT-CO1	UQCR10	9606.ENSP00000354499	9606.ENSP00000332887	0	0	0	0	0.097	0.977	0.602	0.314	0.993
MT-CO1	NDUFA4	9606.ENSP00000354499	9606.ENSP00000339720	0	0	0	0	0.116	0.900	0.900	0.367	0.993
MT-CO1	COA6	9606.ENSP00000354499	9606.ENSP00000355574	0	0	0	0	0.067	0.748	0.360	0.432	0.903
MT-CO1	NDUFB6	9606.ENSP00000354499	9606.ENSP00000369176	0	0	0	0	0.221	0.830	0	0.368	0.909
MT-CO1	ATP5F1A	9606.ENSP00000354499	9606.ENSP00000381736	0	0	0	0	0.693	0	0	0.777	0.928
MT-CO1	COX6B2	9606.ENSP00000354499	9606.ENSP00000467266	0	0	0	0	0	0.777	0.360	0.616	0.940
MT-CO1	SDHC	9606.ENSP00000354499	9606.ENSP00000356953	0	0	0	0	0.566	0	0.809	0.458	0.951
MT-CO1	COX4I2	9606.ENSP00000354499	9606.ENSP00000365243	0	0	0	0	0.063	0.627	0.540	0.790	0.961
MT-CO1	COX7A2	9606.ENSP00000354499	9606.ENSP00000359098	0	0	0	0	0.125	0.900	0.540	0.315	0.968
MT-CO1	COX7A2L	9606.ENSP00000354499	9606.ENSP00000367938	0	0	0	0	0.049	0.797	0.800	0.313	0.969
MT-CO1	UQCR11	9606.ENSP00000354499	9606.ENSP00000467262	0	0	0	0	0	0.923	0.540	0.300	0.973
MT-CO1	NDUFS1	9606.ENSP00000354499	9606.ENSP00000392709	0	0	0	0	0.177	0.830	0.809	0.617	0.988
MT-CO1	NDUFV1	9606.ENSP00000354499	9606.ENSP00000497587	0	0	0	0	0.250	0.830	0.809	0.667	0.990
MT-CO1	NDUFS2	9606.ENSP00000354499	9606.ENSP00000356972	0	0	0	0	0.386	0.830	0.809	0.560	0.990
MT-CO1	SDHB	9606.ENSP00000354499	9606.ENSP00000364649	0	0	0	0	0.653	0	0.809	0.876	0.991
MT-CO1	MT-ND4L	9606.ENSP00000354499	9606.ENSP00000354728	0	0	0	0	0.526	0.830	0	0.919	0.992
MT-CO1	COX7B	9606.ENSP00000354499	9606.ENSP00000497474	0	0	0	0	0	0.959	0.800	0.493	0.995
MT-CO1	MT-ND6	9606.ENSP00000354499	9606.ENSP00000354665	0	0	0	0	0.344	0.830	0	0.962	0.995
MT-CO1	UQCRB	9606.ENSP00000354499	9606.ENSP00000430494	0	0	0	0	0.181	0.973	0.602	0.584	0.995
MT-CO1	UQCRQ	9606.ENSP00000354499	9606.ENSP00000367939	0	0	0	0	0.110	0.988	0.602	0.330	0.996
MT-CO1	MT-ND3	9606.ENSP00000354499	9606.ENSP00000355206	0	0	0	0	0.411	0.830	0.809	0.919	0.998
MT-CO1	COX6C	9606.ENSP00000354499	9606.ENSP00000429707	0	0	0	0	0.140	0.959	0.935	0.499	0.998
MT-CO1	MT-ATP6	9606.ENSP00000354499	9606.ENSP00000354632	0	0	0	0	0.972	0.092	0	0.946	0.998
MT-CO1	COX6B1	9606.ENSP00000354499	9606.ENSP00000466818	0	0	0	0	0.064	0.976	0.800	0.725	0.998
MT-CO1	MT-ND4	9606.ENSP00000354499	9606.ENSP00000354961	0	0	0	0	0.999	0.830	0.809	0.960	0.999
MT-CO1	MT-CYB	9606.ENSP00000354499	9606.ENSP00000354554	0.111	0	0.249	0	0.999	0.953	0.800	0.970	0.999
MT-CO1	MT-ND5	9606.ENSP00000354499	9606.ENSP00000354813	0	0	0	0	0.938	0.830	0.792	0.966	0.999
MT-CO1	MT-ND1	9606.ENSP00000354499	9606.ENSP00000354687	0	0	0	0	0.944	0.830	0.809	0.938	0.999
MT-CO1	MT-ND2	9606.ENSP00000354499	9606.ENSP00000355046	0	0	0	0	0.847	0.830	0.792	0.958	0.999
MT-CO1	MT-CO2	9606.ENSP00000354499	9606.ENSP00000354876	0.231	0.854	0.530	0	0.999	0.995	0.980	0.999	0.999
MT-CO1	COX4I1	9606.ENSP00000354499	9606.ENSP00000457513	0	0	0	0	0.185	0.987	0.800	0.975	0.999
MT-CO1	COX7C	9606.ENSP00000354499	9606.ENSP00000425759	0	0	0	0	0.156	0.994	0.967	0.451	0.999
MT-CO1	MT-CO3	9606.ENSP00000354499	9606.ENSP00000354982	0.231	0	0.527	0	0.999	0.994	0.980	0.999	0.999
MT-CO2	COX15	9606.ENSP00000354876	9606.ENSP00000016171	0.231	0	0	0	0.149	0.095	0.944	0.783	0.991
MT-CO2	UQCRC1	9606.ENSP00000354876	9606.ENSP00000203407	0.061	0	0	0	0.079	0.890	0.622	0.518	0.979
MT-CO2	COX6A1	9606.ENSP00000354876	9606.ENSP00000229379	0	0	0	0	0.109	0.979	0.888	0.571	0.999
MT-CO2	NDUFS7	9606.ENSP00000354876	9606.ENSP00000233627	0	0	0	0	0.238	0.674	0.585	0.296	0.917
MT-CO2	SCO1	9606.ENSP00000354876	9606.ENSP00000255390	0.120	0	0	0	0.208	0.746	0.792	0.924	0.996
MT-CO2	COX5B	9606.ENSP00000354876	9606.ENSP00000258424	0	0	0	0	0.257	0.999	0.959	0.666	0.999
MT-CO2	COX10	9606.ENSP00000354876	9606.ENSP00000261643	0.231	0	0	0	0.833	0	0.540	0.869	0.991
MT-CO2	NDUFS3	9606.ENSP00000354876	9606.ENSP00000263774	0	0	0	0	0.531	0.674	0.809	0.616	0.987
MT-CO2	SDHA	9606.ENSP00000354876	9606.ENSP00000264932	0	0	0	0	0.302	0	0.809	0.715	0.958
MT-CO2	UQCRC2	9606.ENSP00000354876	9606.ENSP00000268379	0.061	0	0	0	0.082	0.963	0.925	0.762	0.999
MT-CO2	COX6A2	9606.ENSP00000354876	9606.ENSP00000287490	0	0	0	0	0	0.938	0.744	0.539	0.992
MT-CO2	COX7A1	9606.ENSP00000354876	9606.ENSP00000292907	0	0	0	0	0	0.968	0.360	0.270	0.984
MT-CO2	NDUFB8	9606.ENSP00000354876	9606.ENSP00000299166	0	0	0	0	0.097	0.746	0	0.751	0.938
MT-CO2	COX11	9606.ENSP00000354876	9606.ENSP00000299335	0.231	0	0	0	0.714	0	0.802	0.574	0.979
MT-CO2	UQCRFS1	9606.ENSP00000354876	9606.ENSP00000306397	0.231	0	0	0	0.386	0.966	0.980	0.596	0.999
MT-CO2	CYCS	9606.ENSP00000354876	9606.ENSP00000307786	0.120	0	0	0	0.049	0.797	0.470	0.941	0.993
MT-CO2	UQCRH	9606.ENSP00000354876	9606.ENSP00000309565	0	0	0	0	0.131	0.834	0.634	0.269	0.956
MT-CO2	NDUFS8	9606.ENSP00000354876	9606.ENSP00000315774	0	0	0	0	0.161	0.674	0.809	0.528	0.972
MT-CO2	CYC1	9606.ENSP00000354876	9606.ENSP00000317159	0.184	0	0	0	0.117	0.966	0.908	0.579	0.998
MT-CO2	COX5A	9606.ENSP00000354876	9606.ENSP00000317780	0	0	0	0	0.257	0.999	0.979	0.787	0.999
MT-CO2	COX8A	9606.ENSP00000354876	9606.ENSP00000321260	0	0	0	0	0	0.825	0.800	0.548	0.982
MT-CO2	NDUFV2	9606.ENSP00000354876	9606.ENSP00000327268	0	0	0	0	0.167	0.685	0.809	0.531	0.973
MT-CO2	UQCR10	9606.ENSP00000354876	9606.ENSP00000332887	0	0	0	0	0.084	0.946	0.656	0.295	0.986
MT-CO2	NDUFA4	9606.ENSP00000354876	9606.ENSP00000339720	0	0	0	0	0.204	0.912	0.900	0.527	0.996
MT-CO2	MT-CO1	9606.ENSP00000354876	9606.ENSP00000354499	0.231	0.854	0.530	0	0.999	0.995	0.980	0.999	0.999
MT-CO2	MT-CYB	9606.ENSP00000354876	9606.ENSP00000354554	0.111	0	0.417	0	0.999	0.891	0.800	0.949	0.999
MT-CO2	MT-ATP6	9606.ENSP00000354876	9606.ENSP00000354632	0	0	0	0	0.999	0	0	0.919	0.999
MT-CO2	MT-ND6	9606.ENSP00000354876	9606.ENSP00000354665	0	0	0	0	0.466	0.746	0	0.944	0.991
MT-CO2	MT-ND1	9606.ENSP00000354876	9606.ENSP00000354687	0	0.532	0	0	0.999	0.746	0.809	0.841	0.999
MT-CO2	MT-ND4L	9606.ENSP00000354876	9606.ENSP00000354728	0	0	0	0	0.819	0.746	0	0.914	0.995
MT-CO2	MT-ND5	9606.ENSP00000354876	9606.ENSP00000354813	0	0	0	0	0.999	0.746	0.792	0.945	0.999
MT-CO2	MT-ATP8	9606.ENSP00000354876	9606.ENSP00000355265	0	0	0	0	0.323	0	0	0.913	0.938
MT-CO2	COX6B2	9606.ENSP00000354876	9606.ENSP00000467266	0	0	0	0	0	0.777	0.604	0.421	0.944
MT-CO2	COX7A2L	9606.ENSP00000354876	9606.ENSP00000367938	0	0	0	0	0.058	0.543	0.800	0.436	0.945
MT-CO2	UQCR11	9606.ENSP00000354876	9606.ENSP00000467262	0	0	0	0	0	0.891	0.540	0.228	0.957
MT-CO2	COX4I2	9606.ENSP00000354876	9606.ENSP00000365243	0	0	0	0	0.068	0.644	0.744	0.635	0.964
MT-CO2	COA6	9606.ENSP00000354876	9606.ENSP00000355574	0	0	0	0	0.056	0.811	0.574	0.655	0.970
MT-CO2	SDHC	9606.ENSP00000354876	9606.ENSP00000356953	0	0	0	0	0.757	0	0.809	0.462	0.972
MT-CO2	NDUFV1	9606.ENSP00000354876	9606.ENSP00000497587	0	0	0	0	0.147	0.674	0.809	0.536	0.972
MT-CO2	NDUFS1	9606.ENSP00000354876	9606.ENSP00000392709	0	0	0	0	0.128	0.687	0.809	0.593	0.976
MT-CO2	SDHB	9606.ENSP00000354876	9606.ENSP00000364649	0	0	0	0	0.604	0.183	0.809	0.717	0.980
MT-CO2	NDUFS2	9606.ENSP00000354876	9606.ENSP00000356972	0	0	0	0	0.391	0.746	0.809	0.561	0.985
MT-CO2	UQCRQ	9606.ENSP00000354876	9606.ENSP00000367939	0	0	0	0	0.183	0.951	0.656	0.361	0.990
MT-CO2	UQCRB	9606.ENSP00000354876	9606.ENSP00000430494	0	0	0	0	0.100	0.943	0.787	0.391	0.992
MT-CO2	COX7B	9606.ENSP00000354876	9606.ENSP00000497474	0	0	0	0	0.049	0.964	0.800	0.530	0.996
MT-CO2	COX18	9606.ENSP00000354876	9606.ENSP00000425261	0	0	0	0	0.112	0.954	0	0.932	0.997
MT-CO2	MT-ND3	9606.ENSP00000354876	9606.ENSP00000355206	0	0	0	0	0.734	0.746	0.809	0.919	0.998
MT-CO2	MT-ND4	9606.ENSP00000354876	9606.ENSP00000354961	0	0	0	0	0.999	0.746	0.809	0.949	0.999
MT-CO2	COX7C	9606.ENSP00000354876	9606.ENSP00000425759	0	0	0	0	0.509	0.998	0.979	0.712	0.999
MT-CO2	COX7A2	9606.ENSP00000354876	9606.ENSP00000359098	0	0	0	0	0.636	0.998	0.540	0.289	0.999
MT-CO2	MT-CO3	9606.ENSP00000354876	9606.ENSP00000354982	0.231	0	0.534	0	0.999	0.991	0.980	0.999	0.999
MT-CO2	COX6B1	9606.ENSP00000354876	9606.ENSP00000466818	0	0	0	0	0.217	0.999	0.876	0.891	0.999
MT-CO2	MT-ND2	9606.ENSP00000354876	9606.ENSP00000355046	0	0	0	0	0.999	0.746	0.792	0.944	0.999
MT-CO2	COX6C	9606.ENSP00000354876	9606.ENSP00000429707	0	0	0	0	0.460	0.999	0.935	0.655	0.999
MT-CO2	COX4I1	9606.ENSP00000354876	9606.ENSP00000457513	0	0	0	0	0.410	0.999	0.888	0.900	0.999
MT-CO3	COX15	9606.ENSP00000354982	9606.ENSP00000016171	0.231	0	0	0	0.215	0	0.944	0.847	0.994
MT-CO3	UQCRC1	9606.ENSP00000354982	9606.ENSP00000203407	0.111	0	0	0	0.055	0.965	0.622	0.285	0.990
MT-CO3	COX6A1	9606.ENSP00000354982	9606.ENSP00000229379	0	0	0	0	0.095	0.993	0.888	0.588	0.999
MT-CO3	NDUFS7	9606.ENSP00000354982	9606.ENSP00000233627	0	0	0	0	0.178	0.841	0.585	0.559	0.972
MT-CO3	NDUFA2	9606.ENSP00000354982	9606.ENSP00000252102	0	0	0	0	0.100	0.830	0	0.469	0.911
MT-CO3	SCO1	9606.ENSP00000354982	9606.ENSP00000255390	0.120	0	0	0	0.226	0	0.792	0.795	0.967
MT-CO3	COX5B	9606.ENSP00000354982	9606.ENSP00000258424	0	0	0	0	0.103	0.994	0.959	0.595	0.999
MT-CO3	COX10	9606.ENSP00000354982	9606.ENSP00000261643	0.231	0	0	0	0.962	0	0.540	0.890	0.998
MT-CO3	NDUFS3	9606.ENSP00000354982	9606.ENSP00000263774	0	0	0	0	0.166	0.830	0.809	0.680	0.990
MT-CO3	SDHA	9606.ENSP00000354982	9606.ENSP00000264932	0	0	0	0	0.599	0	0.809	0.713	0.976
MT-CO3	NDUFA9	9606.ENSP00000354982	9606.ENSP00000266544	0	0	0	0	0.079	0.841	0.423	0.378	0.940
MT-CO3	UQCRC2	9606.ENSP00000354982	9606.ENSP00000268379	0.111	0	0	0	0.056	0.986	0.925	0.416	0.999
MT-CO3	COX6A2	9606.ENSP00000354982	9606.ENSP00000287490	0	0	0	0	0	0.967	0.744	0.562	0.996
MT-CO3	COX7A1	9606.ENSP00000354982	9606.ENSP00000292907	0	0	0	0	0	0.957	0.360	0.303	0.979
MT-CO3	NDUFS4	9606.ENSP00000354982	9606.ENSP00000296684	0	0	0	0	0.115	0.830	0	0.576	0.930
MT-CO3	COX11	9606.ENSP00000354982	9606.ENSP00000299335	0.231	0	0.226	0	0.685	0	0.802	0.495	0.977
MT-CO3	UQCRFS1	9606.ENSP00000354982	9606.ENSP00000306397	0.231	0	0	0	0.907	0.991	0.980	0.541	0.999
MT-CO3	CYCS	9606.ENSP00000354982	9606.ENSP00000307786	0.120	0	0	0	0.211	0.507	0.869	0.754	0.987
MT-CO3	UQCRH	9606.ENSP00000354982	9606.ENSP00000309565	0	0	0	0	0.148	0.958	0.598	0.178	0.986
MT-CO3	NDUFS8	9606.ENSP00000354982	9606.ENSP00000315774	0	0	0	0	0.171	0.830	0.809	0.635	0.988
MT-CO3	CYC1	9606.ENSP00000354982	9606.ENSP00000317159	0.231	0	0	0	0.312	0.991	0.908	0.492	0.999
MT-CO3	COX5A	9606.ENSP00000354982	9606.ENSP00000317780	0	0	0	0	0.083	0.991	0.979	0.574	0.999
MT-CO3	COX8A	9606.ENSP00000354982	9606.ENSP00000321260	0	0	0	0	0	0.800	0.800	0.510	0.978
MT-CO3	NDUFV2	9606.ENSP00000354982	9606.ENSP00000327268	0	0	0	0	0.167	0.830	0.809	0.462	0.983
MT-CO3	UQCR10	9606.ENSP00000354982	9606.ENSP00000332887	0	0	0	0	0.126	0.986	0.656	0.199	0.996
MT-CO3	NDUFA4	9606.ENSP00000354982	9606.ENSP00000339720	0	0	0	0	0.134	0.900	0.900	0.338	0.993
MT-CO3	MT-CO1	9606.ENSP00000354982	9606.ENSP00000354499	0.231	0	0.527	0	0.999	0.994	0.980	0.999	0.999
MT-CO3	MT-CYB	9606.ENSP00000354982	9606.ENSP00000354554	0.111	0	0.405	0	0.999	0.963	0.800	0.959	0.999
MT-CO3	MT-ATP6	9606.ENSP00000354982	9606.ENSP00000354632	0	0	0.200	0	0.999	0.954	0	0.978	0.999
MT-CO3	MT-ND6	9606.ENSP00000354982	9606.ENSP00000354665	0	0	0	0	0.369	0.830	0	0.966	0.996
MT-CO3	MT-ND1	9606.ENSP00000354982	9606.ENSP00000354687	0	0	0	0	0.999	0.830	0.809	0.875	0.999
MT-CO3	MT-ND4L	9606.ENSP00000354982	9606.ENSP00000354728	0	0	0	0	0.643	0.830	0	0.952	0.996
MT-CO3	MT-ND5	9606.ENSP00000354982	9606.ENSP00000354813	0	0	0	0	0.999	0.830	0.792	0.974	0.999
MT-CO3	MT-CO2	9606.ENSP00000354982	9606.ENSP00000354876	0.231	0	0.534	0	0.999	0.991	0.980	0.999	0.999
MT-CO3	MT-ND4	9606.ENSP00000354982	9606.ENSP00000354961	0	0	0	0	0.999	0.830	0.809	0.963	0.999
MT-CO3	NDUFA8	9606.ENSP00000354982	9606.ENSP00000362873	0	0	0	0	0.068	0.830	0	0.425	0.901
MT-CO3	SDHC	9606.ENSP00000354982	9606.ENSP00000356953	0	0	0	0	0.407	0	0.809	0.399	0.926
MT-CO3	COA6	9606.ENSP00000354982	9606.ENSP00000355574	0	0	0	0	0.072	0.748	0.574	0.448	0.937
MT-CO3	COX6B2	9606.ENSP00000354982	9606.ENSP00000467266	0	0	0	0	0	0.783	0.604	0.381	0.942
MT-CO3	MT-ATP8	9606.ENSP00000354982	9606.ENSP00000355265	0	0	0	0	0.260	0	0	0.945	0.957
MT-CO3	COX7A2L	9606.ENSP00000354982	9606.ENSP00000367938	0	0	0	0	0.055	0.797	0.800	0.252	0.967
MT-CO3	UQCR11	9606.ENSP00000354982	9606.ENSP00000467262	0	0	0	0	0	0.923	0.540	0.149	0.967
MT-CO3	COX7A2	9606.ENSP00000354982	9606.ENSP00000359098	0	0	0	0	0.101	0.900	0.540	0.333	0.968
MT-CO3	COX4I2	9606.ENSP00000354982	9606.ENSP00000365243	0	0	0	0	0.090	0.822	0.744	0.499	0.976
MT-CO3	SDHB	9606.ENSP00000354982	9606.ENSP00000364649	0	0	0	0	0.838	0	0.809	0.492	0.982
MT-CO3	NDUFS2	9606.ENSP00000354982	9606.ENSP00000356972	0	0	0	0	0.210	0.830	0.809	0.518	0.986
MT-CO3	COX7B	9606.ENSP00000354982	9606.ENSP00000497474	0	0	0	0	0.049	0.903	0.800	0.413	0.987
MT-CO3	NDUFV1	9606.ENSP00000354982	9606.ENSP00000497587	0	0	0	0	0.154	0.830	0.809	0.672	0.989
MT-CO3	NDUFS1	9606.ENSP00000354982	9606.ENSP00000392709	0	0	0	0	0.228	0.830	0.809	0.673	0.990
MT-CO3	UQCRB	9606.ENSP00000354982	9606.ENSP00000430494	0	0	0	0	0.076	0.975	0.656	0.257	0.993
MT-CO3	COX6C	9606.ENSP00000354982	9606.ENSP00000429707	0	0	0	0	0.167	0.878	0.935	0.400	0.995
MT-CO3	UQCRQ	9606.ENSP00000354982	9606.ENSP00000367939	0	0	0	0	0.084	0.986	0.656	0.243	0.996
MT-CO3	COX6B1	9606.ENSP00000354982	9606.ENSP00000466818	0	0	0	0	0.079	0.977	0.876	0.869	0.999
MT-CO3	COX7C	9606.ENSP00000354982	9606.ENSP00000425759	0	0	0	0	0.170	0.988	0.979	0.529	0.999
MT-CO3	COX4I1	9606.ENSP00000354982	9606.ENSP00000457513	0	0	0	0	0.155	0.984	0.888	0.746	0.999
MT-CO3	MT-ND2	9606.ENSP00000354982	9606.ENSP00000355046	0	0	0	0	0.999	0.830	0.792	0.962	0.999
MT-CO3	MT-ND3	9606.ENSP00000354982	9606.ENSP00000355206	0	0	0	0	0.612	0.830	0.809	0.946	0.999
MT-CYB	UQCRC1	9606.ENSP00000354554	9606.ENSP00000203407	0	0	0	0	0	0.980	0.851	0.752	0.999
MT-CYB	NDUFB7	9606.ENSP00000354554	9606.ENSP00000215565	0	0	0	0	0	0.904	0	0.406	0.940
MT-CYB	COX6A1	9606.ENSP00000354554	9606.ENSP00000229379	0	0	0	0	0.049	0.747	0.540	0.396	0.924
MT-CYB	NDUFS7	9606.ENSP00000354554	9606.ENSP00000233627	0	0	0	0	0.139	0.876	0.301	0.381	0.947
MT-CYB	NDUFA2	9606.ENSP00000354554	9606.ENSP00000252102	0	0	0	0	0	0.904	0	0.259	0.925
MT-CYB	COX5B	9606.ENSP00000354554	9606.ENSP00000258424	0	0	0	0	0	0.972	0.540	0.414	0.992
MT-CYB	NDUFS3	9606.ENSP00000354554	9606.ENSP00000263774	0	0	0	0	0.141	0.906	0.585	0.664	0.987
MT-CYB	SDHA	9606.ENSP00000354554	9606.ENSP00000264932	0.085	0	0	0	0.353	0	0.154	0.866	0.924
MT-CYB	NDUFA9	9606.ENSP00000354554	9606.ENSP00000266544	0	0	0	0	0.110	0.951	0.268	0.474	0.981
MT-CYB	UQCRC2	9606.ENSP00000354554	9606.ENSP00000268379	0	0	0	0	0	0.985	0.851	0.852	0.999
MT-CYB	NDUFB10	9606.ENSP00000354554	9606.ENSP00000268668	0	0	0	0	0	0.904	0	0.178	0.917
MT-CYB	NDUFS6	9606.ENSP00000354554	9606.ENSP00000274137	0	0	0	0	0	0.897	0	0.504	0.947
MT-CYB	NDUFB9	9606.ENSP00000354554	9606.ENSP00000276689	0	0	0	0	0	0.904	0	0.295	0.929
MT-CYB	COX6A2	9606.ENSP00000354554	9606.ENSP00000287490	0	0	0	0	0	0.947	0.540	0.367	0.983
MT-CYB	COX7A1	9606.ENSP00000354554	9606.ENSP00000292907	0	0	0	0	0	0.947	0.360	0.269	0.973
MT-CYB	NDUFS4	9606.ENSP00000354554	9606.ENSP00000296684	0	0	0	0	0	0.904	0	0.566	0.956
MT-CYB	NDUFB8	9606.ENSP00000354554	9606.ENSP00000299166	0	0	0	0	0	0.855	0	0.494	0.923
MT-CYB	UQCRFS1	9606.ENSP00000354554	9606.ENSP00000306397	0.111	0	0.258	0	0.691	0.991	0.967	0.998	0.999
MT-CYB	CYCS	9606.ENSP00000354554	9606.ENSP00000307786	0.095	0	0	0	0.088	0.417	0.593	0.991	0.998
MT-CYB	UQCRH	9606.ENSP00000354554	9606.ENSP00000309565	0	0	0	0	0	0.981	0.744	0.684	0.998
MT-CYB	NDUFS8	9606.ENSP00000354554	9606.ENSP00000315774	0.105	0	0	0	0.400	0.906	0.585	0.484	0.987
MT-CYB	CYC1	9606.ENSP00000354554	9606.ENSP00000317159	0.111	0.900	0	0	0.690	0.987	0.967	0.998	0.999
MT-CYB	COX5A	9606.ENSP00000354554	9606.ENSP00000317780	0	0	0	0	0	0.957	0.540	0.474	0.988
MT-CYB	NDUFV2	9606.ENSP00000354554	9606.ENSP00000327268	0	0	0	0	0.074	0.904	0.585	0.642	0.985
MT-CYB	NDUFA12	9606.ENSP00000354554	9606.ENSP00000330737	0	0	0	0	0	0.904	0	0.181	0.918
MT-CYB	UQCR10	9606.ENSP00000354554	9606.ENSP00000332887	0	0	0	0	0	0.992	0.851	0.854	0.999
MT-CYB	MT-CO1	9606.ENSP00000354554	9606.ENSP00000354499	0.111	0	0.249	0	0.999	0.953	0.800	0.970	0.999
MT-CYB	NDUFA6	9606.ENSP00000354554	9606.ENSP00000482543	0	0	0	0	0	0.904	0	0.201	0.920
MT-CYB	NDUFA13	9606.ENSP00000354554	9606.ENSP00000423673	0	0	0	0	0	0.897	0	0.278	0.922
MT-CYB	NDUFA1	9606.ENSP00000354554	9606.ENSP00000360492	0	0	0	0	0	0.830	0	0.574	0.924
MT-CYB	NDUFAB1	9606.ENSP00000354554	9606.ENSP00000458770	0	0	0	0	0.063	0.886	0.151	0.271	0.925
MT-CYB	NDUFA11	9606.ENSP00000354554	9606.ENSP00000389160	0	0	0	0	0	0.852	0	0.548	0.930
MT-CYB	NDUFA8	9606.ENSP00000354554	9606.ENSP00000362873	0	0	0	0	0	0.904	0	0.321	0.932
MT-CYB	NDUFA5	9606.ENSP00000354554	9606.ENSP00000417142	0	0	0	0	0	0.902	0	0.364	0.935
MT-CYB	COX6C	9606.ENSP00000354554	9606.ENSP00000429707	0	0	0	0	0.049	0.834	0.540	0.292	0.941
MT-CYB	MT-ATP8	9606.ENSP00000354554	9606.ENSP00000355265	0	0	0	0	0.297	0	0	0.922	0.943
MT-CYB	SDHB	9606.ENSP00000354554	9606.ENSP00000364649	0.103	0	0	0	0.591	0	0.154	0.846	0.946
MT-CYB	COX7B	9606.ENSP00000354554	9606.ENSP00000497474	0	0	0	0	0	0.903	0.540	0.245	0.963
MT-CYB	COX6B1	9606.ENSP00000354554	9606.ENSP00000466818	0	0	0	0	0	0.911	0.540	0.447	0.975
MT-CYB	COX7C	9606.ENSP00000354554	9606.ENSP00000425759	0	0	0	0	0.049	0.953	0.540	0.235	0.982
MT-CYB	NDUFV1	9606.ENSP00000354554	9606.ENSP00000497587	0	0	0	0	0.110	0.904	0.585	0.648	0.985
MT-CYB	COX4I1	9606.ENSP00000354554	9606.ENSP00000457513	0	0	0	0	0.120	0.923	0.540	0.601	0.986
MT-CYB	NDUFS1	9606.ENSP00000354554	9606.ENSP00000392709	0	0	0	0	0.108	0.904	0.585	0.669	0.986
MT-CYB	NDUFS2	9606.ENSP00000354554	9606.ENSP00000356972	0	0	0	0	0.141	0.904	0.585	0.699	0.988
MT-CYB	MT-ND6	9606.ENSP00000354554	9606.ENSP00000354665	0	0	0	0	0.550	0.855	0	0.959	0.997
MT-CYB	UQCR11	9606.ENSP00000354554	9606.ENSP00000467262	0	0	0	0	0	0.978	0.851	0.613	0.998
MT-CYB	MT-ND2	9606.ENSP00000354554	9606.ENSP00000355046	0	0	0	0	0.999	0.880	0.414	0.959	0.999
MT-CYB	MT-ND1	9606.ENSP00000354554	9606.ENSP00000354687	0	0	0	0	0.999	0.897	0.585	0.951	0.999
MT-CYB	MT-ND4L	9606.ENSP00000354554	9606.ENSP00000354728	0	0	0	0	0.914	0.904	0	0.970	0.999
MT-CYB	MT-ATP6	9606.ENSP00000354554	9606.ENSP00000354632	0	0	0	0	0.999	0	0	0.972	0.999
MT-CYB	MT-CO2	9606.ENSP00000354554	9606.ENSP00000354876	0.111	0	0.417	0	0.999	0.891	0.800	0.949	0.999
MT-CYB	MT-CO3	9606.ENSP00000354554	9606.ENSP00000354982	0.111	0	0.405	0	0.999	0.963	0.800	0.959	0.999
MT-CYB	MT-ND4	9606.ENSP00000354554	9606.ENSP00000354961	0	0.208	0	0	0.999	0.904	0.585	0.963	0.999
MT-CYB	MT-ND3	9606.ENSP00000354554	9606.ENSP00000355206	0	0	0	0	0.582	0.904	0.585	0.955	0.999
MT-CYB	UQCRQ	9606.ENSP00000354554	9606.ENSP00000367939	0	0	0	0	0	0.995	0.851	0.968	0.999
MT-CYB	MT-ND5	9606.ENSP00000354554	9606.ENSP00000354813	0	0	0	0	0.999	0.880	0.414	0.972	0.999
MT-CYB	UQCRB	9606.ENSP00000354554	9606.ENSP00000430494	0	0	0	0	0	0.995	0.851	0.983	0.999
MT-ND1	NDUFB4	9606.ENSP00000354687	9606.ENSP00000184266	0	0	0	0	0.138	0.856	0.967	0.255	0.996
MT-ND1	UQCRC1	9606.ENSP00000354687	9606.ENSP00000203407	0	0	0	0	0.067	0.917	0.215	0.355	0.955
MT-ND1	NDUFB7	9606.ENSP00000354687	9606.ENSP00000215565	0	0	0	0	0.430	0.993	0.967	0.302	0.999
MT-ND1	NDUFS7	9606.ENSP00000354687	9606.ENSP00000233627	0.111	0	0.457	0	0.755	0.994	0.979	0.875	0.999
MT-ND1	NDUFA2	9606.ENSP00000354687	9606.ENSP00000252102	0	0	0	0	0.324	0.998	0.967	0.529	0.999
MT-ND1	NDUFA10	9606.ENSP00000354687	9606.ENSP00000252711	0	0	0	0	0.066	0.856	0.967	0.452	0.997
MT-ND1	COX5B	9606.ENSP00000354687	9606.ENSP00000258424	0	0	0	0	0.136	0.844	0	0.442	0.918
MT-ND1	NDUFB5	9606.ENSP00000354687	9606.ENSP00000259037	0	0	0	0	0.151	0.892	0.967	0.309	0.997
MT-ND1	NDUFAF1	9606.ENSP00000354687	9606.ENSP00000260361	0	0	0	0	0.065	0.635	0.967	0.722	0.996
MT-ND1	NDUFS3	9606.ENSP00000354687	9606.ENSP00000263774	0.231	0	0.275	0	0.967	0.998	0.980	0.726	0.999
MT-ND1	SDHA	9606.ENSP00000354687	9606.ENSP00000264932	0.090	0	0	0	0.295	0	0.802	0.646	0.949
MT-ND1	NDUFA9	9606.ENSP00000354687	9606.ENSP00000266544	0	0	0	0	0.163	0.983	0.944	0.703	0.999
MT-ND1	UQCRC2	9606.ENSP00000354687	9606.ENSP00000268379	0	0	0	0	0.064	0.886	0.284	0.512	0.957
MT-ND1	NDUFB10	9606.ENSP00000354687	9606.ENSP00000268668	0	0	0	0	0.163	0.991	0.967	0.274	0.999
MT-ND1	NDUFS6	9606.ENSP00000354687	9606.ENSP00000274137	0	0	0	0	0.191	0.993	0.967	0.540	0.999
MT-ND1	NDUFB11	9606.ENSP00000354687	9606.ENSP00000276062	0	0	0	0	0.098	0.933	0.967	0.819	0.999
MT-ND1	NDUFB9	9606.ENSP00000354687	9606.ENSP00000276689	0	0	0	0	0.219	0.991	0.967	0.268	0.999
MT-ND1	NDUFC2	9606.ENSP00000354687	9606.ENSP00000281031	0	0	0	0	0.324	0.852	0.944	0.207	0.995
MT-ND1	NDUFAF2	9606.ENSP00000354687	9606.ENSP00000296597	0	0	0	0	0.140	0.507	0.838	0.656	0.973
MT-ND1	NDUFS4	9606.ENSP00000354687	9606.ENSP00000296684	0	0	0	0	0.257	0.998	0.967	0.632	0.999
MT-ND1	NDUFB8	9606.ENSP00000354687	9606.ENSP00000299166	0	0	0	0	0.256	0.988	0.967	0.655	0.999
MT-ND1	NDUFA7	9606.ENSP00000354687	9606.ENSP00000301457	0	0	0	0	0.157	0.917	0.967	0.329	0.998
MT-ND1	UQCRFS1	9606.ENSP00000354687	9606.ENSP00000306397	0.042	0	0	0	0.222	0.959	0.809	0.606	0.997
MT-ND1	UQCRH	9606.ENSP00000354687	9606.ENSP00000309565	0	0	0	0	0.268	0.932	0.163	0.254	0.965
MT-ND1	NDUFS8	9606.ENSP00000354687	9606.ENSP00000315774	0.231	0.138	0.244	0	0.969	0.994	0.980	0.705	0.999
MT-ND1	CYC1	9606.ENSP00000354687	9606.ENSP00000317159	0	0	0	0	0.201	0.959	0.809	0.369	0.995
MT-ND1	COX5A	9606.ENSP00000354687	9606.ENSP00000317780	0	0	0	0	0.128	0.830	0	0.427	0.907
MT-ND1	NDUFAF3	9606.ENSP00000354687	9606.ENSP00000323076	0	0	0	0	0.082	0	0.838	0.674	0.947
MT-ND1	NDUFV2	9606.ENSP00000354687	9606.ENSP00000327268	0.231	0	0	0	0.969	0.996	0.980	0.808	0.999
MT-ND1	NDUFA12	9606.ENSP00000354687	9606.ENSP00000330737	0	0	0	0	0.254	0.999	0.967	0.551	0.999
MT-ND1	UQCR10	9606.ENSP00000354687	9606.ENSP00000332887	0	0	0	0	0.153	0.959	0.172	0.216	0.974
MT-ND1	NDUFA4	9606.ENSP00000354687	9606.ENSP00000339720	0	0	0	0	0.108	0	0.944	0.336	0.964
MT-ND1	NDUFV3	9606.ENSP00000354687	9606.ENSP00000346196	0	0	0	0	0.063	0.903	0.967	0.540	0.998
MT-ND1	MT-CO1	9606.ENSP00000354687	9606.ENSP00000354499	0	0	0	0	0.944	0.830	0.809	0.938	0.999
MT-ND1	MT-CYB	9606.ENSP00000354687	9606.ENSP00000354554	0	0	0	0	0.999	0.897	0.585	0.951	0.999
MT-ND1	MT-ATP6	9606.ENSP00000354687	9606.ENSP00000354632	0.189	0	0	0	0.999	0	0	0.956	0.999
MT-ND1	MT-ND6	9606.ENSP00000354687	9606.ENSP00000354665	0	0	0	0	0.785	0.940	0.851	0.997	0.999
MT-ND1	NDUFAF5	9606.ENSP00000354687	9606.ENSP00000367346	0	0	0	0	0.066	0	0.800	0.549	0.908
MT-ND1	UQCRQ	9606.ENSP00000354687	9606.ENSP00000367939	0	0	0	0	0.163	0.830	0.284	0.269	0.915
MT-ND1	MT-ATP8	9606.ENSP00000354687	9606.ENSP00000355265	0	0	0	0	0.358	0	0	0.889	0.925
MT-ND1	COX4I1	9606.ENSP00000354687	9606.ENSP00000457513	0	0	0	0	0.160	0.844	0	0.608	0.944
MT-ND1	NDUFAF4	9606.ENSP00000354687	9606.ENSP00000358272	0	0	0	0	0.055	0	0.838	0.738	0.956
MT-ND1	UQCRB	9606.ENSP00000354687	9606.ENSP00000430494	0	0	0	0	0.214	0.925	0.172	0.324	0.962
MT-ND1	SDHB	9606.ENSP00000354687	9606.ENSP00000364649	0.095	0	0	0	0.665	0	0.802	0.587	0.971
MT-ND1	NDUFB1	9606.ENSP00000354687	9606.ENSP00000483888	0	0	0	0	0.137	0.856	0.900	0.195	0.988
MT-ND1	NDUFB2	9606.ENSP00000354687	9606.ENSP00000419087	0	0	0	0	0	0.812	0.967	0.209	0.994
MT-ND1	NDUFC1	9606.ENSP00000354687	9606.ENSP00000441126	0	0	0	0	0	0.825	0.967	0.229	0.995
MT-ND1	TIMMDC1	9606.ENSP00000354687	9606.ENSP00000418803	0	0	0	0	0.049	0.994	0.500	0.313	0.997
MT-ND1	NDUFB6	9606.ENSP00000354687	9606.ENSP00000369176	0	0	0	0	0.393	0.856	0.967	0.441	0.998
MT-ND1	NDUFA3	9606.ENSP00000354687	9606.ENSP00000418438	0	0	0	0	0.308	0.940	0.967	0.280	0.998
MT-ND1	NDUFA11	9606.ENSP00000354687	9606.ENSP00000389160	0	0	0	0	0.391	0.852	0.944	0.713	0.998
MT-ND1	NDUFA6	9606.ENSP00000354687	9606.ENSP00000482543	0	0	0	0	0.196	0.998	0.967	0.306	0.999
MT-ND1	NDUFA5	9606.ENSP00000354687	9606.ENSP00000417142	0	0	0	0	0.214	0.991	0.967	0.427	0.999
MT-ND1	MT-ND5	9606.ENSP00000354687	9606.ENSP00000354813	0.120	0	0.528	0	0.999	0.988	0.980	0.997	0.999
MT-ND1	NDUFA13	9606.ENSP00000354687	9606.ENSP00000423673	0	0	0	0	0.391	0.996	0.967	0.387	0.999
MT-ND1	MT-ND4	9606.ENSP00000354687	9606.ENSP00000354961	0.231	0	0.526	0	0.999	0.991	0.980	0.999	0.999
MT-ND1	MT-ND3	9606.ENSP00000354687	9606.ENSP00000355206	0.231	0	0.474	0	0.978	0.994	0.980	0.999	0.999
MT-ND1	NDUFAB1	9606.ENSP00000354687	9606.ENSP00000458770	0.043	0	0	0	0.078	0.991	0.967	0.481	0.999
MT-ND1	NDUFS1	9606.ENSP00000354687	9606.ENSP00000392709	0.231	0.261	0	0	0.964	0.993	0.980	0.730	0.999
MT-ND1	NDUFB3	9606.ENSP00000354687	9606.ENSP00000407336	0	0	0	0	0.358	0.991	0.967	0.226	0.999
MT-ND1	NDUFS5	9606.ENSP00000354687	9606.ENSP00000362058	0	0	0	0	0.356	0.998	0.900	0.472	0.999
MT-ND1	NDUFS2	9606.ENSP00000354687	9606.ENSP00000356972	0.231	0	0.458	0	0.964	0.994	0.980	0.869	0.999
MT-ND1	MT-CO3	9606.ENSP00000354687	9606.ENSP00000354982	0	0	0	0	0.999	0.830	0.809	0.875	0.999
MT-ND1	NDUFA8	9606.ENSP00000354687	9606.ENSP00000362873	0	0	0	0	0.253	0.997	0.967	0.392	0.999
MT-ND1	NDUFV1	9606.ENSP00000354687	9606.ENSP00000497587	0.231	0	0	0	0.965	0.998	0.980	0.813	0.999
MT-ND1	MT-ND4L	9606.ENSP00000354687	9606.ENSP00000354728	0	0	0	0	0.931	0.989	0.906	0.999	0.999
MT-ND1	MT-ND2	9606.ENSP00000354687	9606.ENSP00000355046	0.120	0	0.506	0	0.999	0.988	0.979	0.998	0.999
MT-ND1	MT-CO2	9606.ENSP00000354687	9606.ENSP00000354876	0	0.532	0	0	0.999	0.746	0.809	0.841	0.999
MT-ND1	NDUFA1	9606.ENSP00000354687	9606.ENSP00000360492	0	0	0	0	0	0.965	0.967	0.850	0.999
MT-ND2	NDUFB4	9606.ENSP00000355046	9606.ENSP00000184266	0	0	0	0	0.098	0.953	0.967	0.234	0.998
MT-ND2	UQCRC1	9606.ENSP00000355046	9606.ENSP00000203407	0	0	0	0	0.054	0.886	0.181	0.339	0.933
MT-ND2	NDUFB7	9606.ENSP00000355046	9606.ENSP00000215565	0	0	0	0	0.163	0.988	0.967	0.281	0.999
MT-ND2	NDUFS7	9606.ENSP00000355046	9606.ENSP00000233627	0.095	0	0	0	0.622	0.988	0.979	0.760	0.999
MT-ND2	NDUFA2	9606.ENSP00000355046	9606.ENSP00000252102	0	0	0	0	0.163	0.988	0.967	0.597	0.999
MT-ND2	NDUFA10	9606.ENSP00000355046	9606.ENSP00000252711	0	0	0	0	0.056	0.959	0.967	0.436	0.999
MT-ND2	NDUFB5	9606.ENSP00000355046	9606.ENSP00000259037	0	0	0	0	0.067	0.976	0.967	0.319	0.999
MT-ND2	NDUFAF1	9606.ENSP00000355046	9606.ENSP00000260361	0	0	0	0	0.062	0.797	0.967	0.673	0.997
MT-ND2	FOXRED1	9606.ENSP00000355046	9606.ENSP00000263578	0	0	0	0	0.047	0	0.720	0.659	0.901
MT-ND2	NDUFS3	9606.ENSP00000355046	9606.ENSP00000263774	0.120	0	0	0	0.840	0.992	0.978	0.769	0.999
MT-ND2	NDUFA9	9606.ENSP00000355046	9606.ENSP00000266544	0	0	0	0	0.139	0.966	0.944	0.471	0.999
MT-ND2	UQCRC2	9606.ENSP00000355046	9606.ENSP00000268379	0	0	0	0	0.055	0.874	0.218	0.424	0.939
MT-ND2	NDUFB10	9606.ENSP00000355046	9606.ENSP00000268668	0	0	0	0	0.100	0.966	0.967	0.541	0.999
MT-ND2	NDUFS6	9606.ENSP00000355046	9606.ENSP00000274137	0	0	0	0	0.097	0.994	0.967	0.706	0.999
MT-ND2	NDUFB11	9606.ENSP00000355046	9606.ENSP00000276062	0	0	0	0	0.075	0.954	0.967	0.589	0.999
MT-ND2	NDUFB9	9606.ENSP00000355046	9606.ENSP00000276689	0	0	0	0	0.118	0.988	0.967	0.472	0.999
MT-ND2	NDUFC2	9606.ENSP00000355046	9606.ENSP00000281031	0	0	0	0	0.111	0.972	0.944	0.611	0.999
MT-ND2	NDUFAF2	9606.ENSP00000355046	9606.ENSP00000296597	0	0	0	0	0.102	0.305	0.838	0.629	0.957
MT-ND2	NDUFS4	9606.ENSP00000355046	9606.ENSP00000296684	0	0	0	0	0.163	0.988	0.967	0.709	0.999
MT-ND2	NDUFB8	9606.ENSP00000355046	9606.ENSP00000299166	0	0	0	0	0.101	0.966	0.967	0.478	0.999
MT-ND2	NDUFA7	9606.ENSP00000355046	9606.ENSP00000301457	0	0	0	0	0.075	0.939	0.967	0.268	0.998
MT-ND2	UQCRFS1	9606.ENSP00000355046	9606.ENSP00000306397	0.041	0	0	0	0.097	0.919	0.792	0.572	0.992
MT-ND2	UQCRH	9606.ENSP00000355046	9606.ENSP00000309565	0	0	0	0	0.097	0.896	0.154	0.241	0.932
MT-ND2	NDUFS8	9606.ENSP00000355046	9606.ENSP00000315774	0.120	0	0	0	0.840	0.991	0.978	0.870	0.999
MT-ND2	CYC1	9606.ENSP00000355046	9606.ENSP00000317159	0	0	0	0	0.067	0.919	0.792	0.431	0.989
MT-ND2	NDUFAF3	9606.ENSP00000355046	9606.ENSP00000323076	0	0	0	0	0.109	0	0.838	0.544	0.928
MT-ND2	NDUFV2	9606.ENSP00000355046	9606.ENSP00000327268	0.120	0	0	0	0.599	0.988	0.978	0.706	0.999
MT-ND2	NDUFA12	9606.ENSP00000355046	9606.ENSP00000330737	0	0	0	0	0.127	0.988	0.967	0.503	0.999
MT-ND2	UQCR10	9606.ENSP00000355046	9606.ENSP00000332887	0	0	0	0	0.081	0.919	0.172	0.297	0.951
MT-ND2	NDUFA4	9606.ENSP00000355046	9606.ENSP00000339720	0	0	0	0	0.074	0	0.925	0.333	0.949
MT-ND2	NDUFV3	9606.ENSP00000355046	9606.ENSP00000346196	0	0	0	0	0.056	0.948	0.967	0.283	0.998
MT-ND2	MT-CO1	9606.ENSP00000355046	9606.ENSP00000354499	0	0	0	0	0.847	0.830	0.792	0.958	0.999
MT-ND2	MT-CYB	9606.ENSP00000355046	9606.ENSP00000354554	0	0	0	0	0.999	0.880	0.414	0.959	0.999
MT-ND2	MT-ATP6	9606.ENSP00000355046	9606.ENSP00000354632	0.119	0	0	0	0.999	0	0	0.967	0.999
MT-ND2	MT-ND6	9606.ENSP00000355046	9606.ENSP00000354665	0	0	0.313	0	0.824	0.959	0.851	0.999	0.999
MT-ND2	MT-ND1	9606.ENSP00000355046	9606.ENSP00000354687	0.120	0	0.506	0	0.999	0.988	0.979	0.998	0.999
MT-ND2	MT-ND4L	9606.ENSP00000355046	9606.ENSP00000354728	0	0	0.368	0	0.988	0.983	0.874	0.999	0.999
MT-ND2	MT-ND5	9606.ENSP00000355046	9606.ENSP00000354813	0	0	0.248	0.580	0.999	0.994	0.979	0.992	0.999
MT-ND2	MT-CO2	9606.ENSP00000355046	9606.ENSP00000354876	0	0	0	0	0.999	0.746	0.792	0.944	0.999
MT-ND2	MT-ND4	9606.ENSP00000355046	9606.ENSP00000354961	0.120	0	0.537	0	0.999	0.994	0.979	0.999	0.999
MT-ND2	MT-CO3	9606.ENSP00000355046	9606.ENSP00000354982	0	0	0	0	0.999	0.830	0.792	0.962	0.999
MT-ND2	COX4I1	9606.ENSP00000355046	9606.ENSP00000457513	0	0	0	0	0.075	0.844	0	0.421	0.909
MT-ND2	UQCRQ	9606.ENSP00000355046	9606.ENSP00000367939	0	0	0	0	0.096	0.855	0.218	0.251	0.913
MT-ND2	COX6B1	9606.ENSP00000355046	9606.ENSP00000466818	0	0	0	0	0.055	0.845	0	0.481	0.917
MT-ND2	COA1	9606.ENSP00000355046	9606.ENSP00000379218	0	0	0	0	0	0	0.900	0.241	0.920
MT-ND2	NDUFAF4	9606.ENSP00000355046	9606.ENSP00000358272	0	0	0	0	0.067	0	0.838	0.555	0.927
MT-ND2	UQCRB	9606.ENSP00000355046	9606.ENSP00000430494	0	0	0	0	0.109	0.898	0.172	0.250	0.936
MT-ND2	MT-ATP8	9606.ENSP00000355046	9606.ENSP00000355265	0	0	0	0	0.400	0	0	0.920	0.950
MT-ND2	NDUFB2	9606.ENSP00000355046	9606.ENSP00000419087	0	0	0	0	0	0.812	0.967	0.180	0.994
MT-ND2	NDUFB1	9606.ENSP00000355046	9606.ENSP00000483888	0	0	0	0	0.082	0.955	0.900	0.523	0.997
MT-ND2	NDUFS5	9606.ENSP00000355046	9606.ENSP00000362058	0	0	0	0	0.163	0.959	0.900	0.360	0.997
MT-ND2	NDUFA3	9606.ENSP00000355046	9606.ENSP00000418438	0	0	0	0	0.127	0.894	0.967	0.245	0.997
MT-ND2	NDUFA1	9606.ENSP00000355046	9606.ENSP00000360492	0	0	0	0	0	0.856	0.967	0.568	0.997
MT-ND2	NDUFC1	9606.ENSP00000355046	9606.ENSP00000441126	0	0	0	0	0	0.851	0.967	0.507	0.997
MT-ND2	NDUFB6	9606.ENSP00000355046	9606.ENSP00000369176	0	0	0	0	0.163	0.894	0.967	0.388	0.998
MT-ND2	NDUFS2	9606.ENSP00000355046	9606.ENSP00000356972	0.120	0	0	0	0.835	0.994	0.978	0.748	0.999
MT-ND2	NDUFA8	9606.ENSP00000355046	9606.ENSP00000362873	0	0	0	0	0.127	0.994	0.967	0.398	0.999
MT-ND2	NDUFV1	9606.ENSP00000355046	9606.ENSP00000497587	0.120	0	0	0	0.793	0.988	0.979	0.787	0.999
MT-ND2	NDUFA11	9606.ENSP00000355046	9606.ENSP00000389160	0	0	0	0	0.108	0.978	0.944	0.624	0.999
MT-ND2	NDUFA6	9606.ENSP00000355046	9606.ENSP00000482543	0	0	0	0	0.121	0.999	0.967	0.520	0.999
MT-ND2	NDUFA5	9606.ENSP00000355046	9606.ENSP00000417142	0	0	0	0	0.149	0.990	0.967	0.442	0.999
MT-ND2	NDUFA13	9606.ENSP00000355046	9606.ENSP00000423673	0	0	0	0	0.149	0.988	0.967	0.583	0.999
MT-ND2	MT-ND3	9606.ENSP00000355046	9606.ENSP00000355206	0.120	0	0.432	0	0.901	0.991	0.979	0.999	0.999
MT-ND2	NDUFAB1	9606.ENSP00000355046	9606.ENSP00000458770	0	0	0	0	0.080	0.991	0.967	0.316	0.999
MT-ND2	NDUFS1	9606.ENSP00000355046	9606.ENSP00000392709	0.120	0	0	0	0.836	0.988	0.978	0.871	0.999
MT-ND2	NDUFB3	9606.ENSP00000355046	9606.ENSP00000407336	0	0	0	0	0.140	0.981	0.967	0.310	0.999
MT-ND3	NDUFB4	9606.ENSP00000355206	9606.ENSP00000184266	0	0	0	0	0.110	0.894	0.967	0.212	0.997
MT-ND3	UQCRC1	9606.ENSP00000355206	9606.ENSP00000203407	0	0	0	0	0	0.947	0.163	0.227	0.962
MT-ND3	NDUFB7	9606.ENSP00000355206	9606.ENSP00000215565	0	0	0	0	0	0.991	0.967	0.216	0.999
MT-ND3	NDUFS7	9606.ENSP00000355206	9606.ENSP00000233627	0.111	0	0.282	0	0.691	0.994	0.979	0.950	0.999
MT-ND3	NDUFA2	9606.ENSP00000355206	9606.ENSP00000252102	0	0	0	0	0.049	0.991	0.967	0.618	0.999
MT-ND3	NDUFA10	9606.ENSP00000355206	9606.ENSP00000252711	0	0	0	0	0	0.953	0.967	0.601	0.999
MT-ND3	COX5B	9606.ENSP00000355206	9606.ENSP00000258424	0	0	0	0	0.081	0.844	0	0.363	0.900
MT-ND3	NDUFB5	9606.ENSP00000355206	9606.ENSP00000259037	0	0	0	0	0	0.894	0.967	0.299	0.997
MT-ND3	NDUFAF1	9606.ENSP00000355206	9606.ENSP00000260361	0	0	0	0	0	0.797	0.967	0.419	0.995
MT-ND3	FOXRED1	9606.ENSP00000355206	9606.ENSP00000263578	0	0	0	0	0	0	0.720	0.679	0.906
MT-ND3	NDUFS3	9606.ENSP00000355206	9606.ENSP00000263774	0.231	0	0	0	0.963	0.991	0.980	0.792	0.999
MT-ND3	SDHA	9606.ENSP00000355206	9606.ENSP00000264932	0.061	0	0	0	0.142	0	0.802	0.652	0.937
MT-ND3	NDUFA9	9606.ENSP00000355206	9606.ENSP00000266544	0	0	0	0	0.108	0.983	0.944	0.780	0.999
MT-ND3	UQCRC2	9606.ENSP00000355206	9606.ENSP00000268379	0	0	0	0	0	0.894	0.172	0.270	0.930
MT-ND3	NDUFB10	9606.ENSP00000355206	9606.ENSP00000268668	0	0	0	0	0	0.991	0.967	0.310	0.999
MT-ND3	NDUFS6	9606.ENSP00000355206	9606.ENSP00000274137	0	0	0	0	0.130	0.991	0.967	0.573	0.999
MT-ND3	NDUFB11	9606.ENSP00000355206	9606.ENSP00000276062	0	0	0	0	0	0.894	0.967	0.331	0.997
MT-ND3	NDUFB9	9606.ENSP00000355206	9606.ENSP00000276689	0	0	0	0	0	0.991	0.967	0.367	0.999
MT-ND3	NDUFC2	9606.ENSP00000355206	9606.ENSP00000281031	0	0	0	0	0	0.878	0.944	0.564	0.996
MT-ND3	NDUFAF2	9606.ENSP00000355206	9606.ENSP00000296597	0	0	0	0	0	0.507	0.838	0.654	0.970
MT-ND3	NDUFS4	9606.ENSP00000355206	9606.ENSP00000296684	0	0	0	0	0	0.991	0.967	0.713	0.999
MT-ND3	NDUFB8	9606.ENSP00000355206	9606.ENSP00000299166	0	0	0	0	0	0.988	0.967	0.398	0.999
MT-ND3	NDUFA7	9606.ENSP00000355206	9606.ENSP00000301457	0	0	0	0	0.087	0.856	0.967	0.486	0.997
MT-ND3	UQCRFS1	9606.ENSP00000355206	9606.ENSP00000306397	0.056	0	0	0	0.108	0.967	0.809	0.542	0.997
MT-ND3	UQCRH	9606.ENSP00000355206	9606.ENSP00000309565	0	0	0	0	0.111	0.950	0	0.081	0.956
MT-ND3	NDUFS8	9606.ENSP00000355206	9606.ENSP00000315774	0.231	0	0	0	0.937	0.991	0.980	0.805	0.999
MT-ND3	CYC1	9606.ENSP00000355206	9606.ENSP00000317159	0	0	0	0	0	0.967	0.809	0.382	0.995
MT-ND3	NDUFAF3	9606.ENSP00000355206	9606.ENSP00000323076	0	0	0	0	0	0	0.838	0.496	0.915
MT-ND3	NDUFV2	9606.ENSP00000355206	9606.ENSP00000327268	0.231	0	0	0	0.910	0.991	0.980	0.717	0.999
MT-ND3	NDUFA12	9606.ENSP00000355206	9606.ENSP00000330737	0	0	0	0	0.084	0.991	0.967	0.434	0.999
MT-ND3	TMEM186	9606.ENSP00000355206	9606.ENSP00000331640	0	0	0	0	0	0	0.900	0.373	0.934
MT-ND3	UQCR10	9606.ENSP00000355206	9606.ENSP00000332887	0	0	0	0	0.126	0.967	0.172	0.140	0.976
MT-ND3	NDUFA4	9606.ENSP00000355206	9606.ENSP00000339720	0	0	0	0	0.103	0	0.944	0.295	0.961
MT-ND3	NDUFV3	9606.ENSP00000355206	9606.ENSP00000346196	0	0	0	0	0	0.894	0.967	0.282	0.997
MT-ND3	MT-CO1	9606.ENSP00000355206	9606.ENSP00000354499	0	0	0	0	0.411	0.830	0.809	0.919	0.998
MT-ND3	MT-CYB	9606.ENSP00000355206	9606.ENSP00000354554	0	0	0	0	0.582	0.904	0.585	0.955	0.999
MT-ND3	MT-ATP6	9606.ENSP00000355206	9606.ENSP00000354632	0.208	0	0	0	0.808	0	0	0.974	0.995
MT-ND3	MT-ND6	9606.ENSP00000355206	9606.ENSP00000354665	0	0	0	0	0.560	0.959	0.851	0.999	0.999
MT-ND3	MT-ND1	9606.ENSP00000355206	9606.ENSP00000354687	0.231	0	0.474	0	0.978	0.994	0.980	0.999	0.999
MT-ND3	MT-ND4L	9606.ENSP00000355206	9606.ENSP00000354728	0	0	0	0	0.555	0.994	0.851	0.999	0.999
MT-ND3	MT-ND5	9606.ENSP00000355206	9606.ENSP00000354813	0.120	0	0.425	0	0.879	0.988	0.979	0.999	0.999
MT-ND3	MT-CO2	9606.ENSP00000355206	9606.ENSP00000354876	0	0	0	0	0.734	0.746	0.809	0.919	0.998
MT-ND3	MT-ND4	9606.ENSP00000355206	9606.ENSP00000354961	0.231	0	0.452	0	0.941	0.991	0.980	0.999	0.999
MT-ND3	MT-CO3	9606.ENSP00000355206	9606.ENSP00000354982	0	0	0	0	0.612	0.830	0.809	0.946	0.999
MT-ND3	MT-ND2	9606.ENSP00000355206	9606.ENSP00000355046	0.120	0	0.432	0	0.901	0.991	0.979	0.999	0.999
MT-ND3	UQCRQ	9606.ENSP00000355206	9606.ENSP00000367939	0	0	0	0	0.103	0.855	0.172	0.248	0.908
MT-ND3	SDHB	9606.ENSP00000355206	9606.ENSP00000364649	0.070	0	0	0	0.239	0	0.802	0.501	0.920
MT-ND3	NDUFAF4	9606.ENSP00000355206	9606.ENSP00000358272	0	0	0	0	0	0	0.838	0.550	0.924
MT-ND3	UQCRB	9606.ENSP00000355206	9606.ENSP00000430494	0	0	0	0	0.108	0.956	0.172	0.127	0.968
MT-ND3	MT-ATP8	9606.ENSP00000355206	9606.ENSP00000355265	0	0	0	0	0.399	0	0	0.958	0.974
MT-ND3	NDUFB1	9606.ENSP00000355206	9606.ENSP00000483888	0	0	0	0	0.049	0.894	0.900	0.271	0.991
MT-ND3	NDUFB2	9606.ENSP00000355206	9606.ENSP00000419087	0	0	0	0	0	0.812	0.967	0.213	0.994
MT-ND3	NDUFS5	9606.ENSP00000355206	9606.ENSP00000362058	0	0	0	0	0	0.963	0.900	0.239	0.996
MT-ND3	NDUFB6	9606.ENSP00000355206	9606.ENSP00000369176	0	0	0	0	0	0.894	0.967	0.404	0.997
MT-ND3	NDUFC1	9606.ENSP00000355206	9606.ENSP00000441126	0	0	0	0	0	0.825	0.967	0.556	0.997
MT-ND3	NDUFA1	9606.ENSP00000355206	9606.ENSP00000360492	0	0	0	0	0	0.856	0.967	0.608	0.998
MT-ND3	NDUFA11	9606.ENSP00000355206	9606.ENSP00000389160	0	0	0	0	0	0.878	0.944	0.753	0.998
MT-ND3	NDUFS2	9606.ENSP00000355206	9606.ENSP00000356972	0.231	0	0.290	0	0.963	0.994	0.980	0.774	0.999
MT-ND3	NDUFA8	9606.ENSP00000355206	9606.ENSP00000362873	0	0	0	0	0	0.991	0.967	0.565	0.999
MT-ND3	NDUFA5	9606.ENSP00000355206	9606.ENSP00000417142	0	0	0	0	0	0.991	0.967	0.635	0.999
MT-ND3	NDUFA6	9606.ENSP00000355206	9606.ENSP00000482543	0	0	0	0	0.141	0.999	0.967	0.410	0.999
MT-ND3	NDUFAB1	9606.ENSP00000355206	9606.ENSP00000458770	0	0	0	0	0.105	0.991	0.967	0.304	0.999
MT-ND3	NDUFS1	9606.ENSP00000355206	9606.ENSP00000392709	0.231	0	0	0	0.832	0.991	0.980	0.832	0.999
MT-ND3	NDUFB3	9606.ENSP00000355206	9606.ENSP00000407336	0	0	0	0	0.087	0.988	0.967	0.252	0.999
MT-ND3	NDUFA13	9606.ENSP00000355206	9606.ENSP00000423673	0	0	0	0	0	0.994	0.967	0.355	0.999
MT-ND3	NDUFA3	9606.ENSP00000355206	9606.ENSP00000418438	0	0	0	0	0	0.959	0.967	0.564	0.999
MT-ND3	NDUFV1	9606.ENSP00000355206	9606.ENSP00000497587	0.231	0	0	0	0.915	0.991	0.980	0.878	0.999
MT-ND4	NDUFB4	9606.ENSP00000354961	9606.ENSP00000184266	0	0	0	0	0.152	0.959	0.967	0.785	0.999
MT-ND4	UQCRC1	9606.ENSP00000354961	9606.ENSP00000203407	0	0	0	0	0.067	0.947	0.215	0.343	0.971
MT-ND4	NDUFB7	9606.ENSP00000354961	9606.ENSP00000215565	0	0	0	0	0.324	0.993	0.967	0.518	0.999
MT-ND4	NDUFS7	9606.ENSP00000354961	9606.ENSP00000233627	0.111	0	0.236	0	0.744	0.994	0.979	0.860	0.999
MT-ND4	NDUFA2	9606.ENSP00000354961	9606.ENSP00000252102	0	0	0	0	0.251	0.998	0.967	0.529	0.999
MT-ND4	NDUFA10	9606.ENSP00000354961	9606.ENSP00000252711	0	0	0	0	0.067	0.959	0.967	0.426	0.999
MT-ND4	COX5B	9606.ENSP00000354961	9606.ENSP00000258424	0	0	0	0	0.115	0.844	0	0.366	0.904
MT-ND4	NDUFB5	9606.ENSP00000354961	9606.ENSP00000259037	0	0	0	0	0.139	0.985	0.967	0.629	0.999
MT-ND4	NDUFAF1	9606.ENSP00000354961	9606.ENSP00000260361	0	0	0	0	0.062	0	0.967	0.413	0.980
MT-ND4	FOXRED1	9606.ENSP00000354961	9606.ENSP00000263578	0	0	0	0	0.049	0	0.720	0.705	0.914
MT-ND4	NDUFS3	9606.ENSP00000354961	9606.ENSP00000263774	0.231	0	0	0	0.967	0.997	0.980	0.746	0.999
MT-ND4	SDHA	9606.ENSP00000354961	9606.ENSP00000264932	0.045	0	0	0	0.204	0	0.802	0.543	0.922
MT-ND4	NDUFA9	9606.ENSP00000354961	9606.ENSP00000266544	0	0	0	0	0.222	0.981	0.944	0.454	0.999
MT-ND4	UQCRC2	9606.ENSP00000354961	9606.ENSP00000268379	0	0	0	0	0.064	0.894	0.284	0.423	0.953
MT-ND4	NDUFB10	9606.ENSP00000354961	9606.ENSP00000268668	0	0	0	0	0.127	0.994	0.967	0.795	0.999
MT-ND4	ECSIT	9606.ENSP00000354961	9606.ENSP00000270517	0	0	0	0	0.072	0.994	0	0.288	0.995
MT-ND4	NDUFS6	9606.ENSP00000354961	9606.ENSP00000274137	0	0	0	0	0.203	0.998	0.967	0.566	0.999
MT-ND4	NDUFB11	9606.ENSP00000354961	9606.ENSP00000276062	0	0	0	0	0.080	0.982	0.967	0.849	0.999
MT-ND4	NDUFB9	9606.ENSP00000354961	9606.ENSP00000276689	0	0	0	0	0.214	0.994	0.967	0.528	0.999
MT-ND4	NDUFC2	9606.ENSP00000354961	9606.ENSP00000281031	0	0	0	0	0.242	0.969	0.944	0.536	0.999
MT-ND4	NDUFAF2	9606.ENSP00000354961	9606.ENSP00000296597	0	0	0	0	0.108	0.507	0.838	0.577	0.965
MT-ND4	NDUFS4	9606.ENSP00000354961	9606.ENSP00000296684	0	0	0	0	0.255	0.998	0.967	0.648	0.999
MT-ND4	NDUFB8	9606.ENSP00000354961	9606.ENSP00000299166	0	0	0	0	0.216	0.994	0.967	0.688	0.999
MT-ND4	NDUFA7	9606.ENSP00000354961	9606.ENSP00000301457	0	0	0	0	0.137	0.918	0.967	0.364	0.998
MT-ND4	UQCRFS1	9606.ENSP00000354961	9606.ENSP00000306397	0.043	0	0	0	0.172	0.967	0.809	0.549	0.997
MT-ND4	UQCRH	9606.ENSP00000354961	9606.ENSP00000309565	0	0	0	0	0.192	0.950	0.163	0.179	0.969
MT-ND4	NDUFS8	9606.ENSP00000354961	9606.ENSP00000315774	0.231	0	0	0	0.968	0.991	0.980	0.916	0.999
MT-ND4	CYC1	9606.ENSP00000354961	9606.ENSP00000317159	0	0	0	0	0.184	0.967	0.809	0.428	0.996
MT-ND4	NDUFV2	9606.ENSP00000354961	9606.ENSP00000327268	0.231	0	0	0	0.968	0.993	0.980	0.752	0.999
MT-ND4	NDUFA12	9606.ENSP00000354961	9606.ENSP00000330737	0	0	0	0	0.250	0.991	0.967	0.489	0.999
MT-ND4	UQCR10	9606.ENSP00000354961	9606.ENSP00000332887	0	0	0	0	0.100	0.967	0.172	0.224	0.978
MT-ND4	NDUFA4	9606.ENSP00000354961	9606.ENSP00000339720	0	0	0	0	0.093	0	0.944	0.293	0.961
MT-ND4	NDUFV3	9606.ENSP00000354961	9606.ENSP00000346196	0	0	0	0	0.062	0.935	0.967	0.298	0.998
MT-ND4	MT-CO1	9606.ENSP00000354961	9606.ENSP00000354499	0	0	0	0	0.999	0.830	0.809	0.960	0.999
MT-ND4	MT-CYB	9606.ENSP00000354961	9606.ENSP00000354554	0	0.208	0	0	0.999	0.904	0.585	0.963	0.999
MT-ND4	MT-ATP6	9606.ENSP00000354961	9606.ENSP00000354632	0.214	0	0.213	0	0.999	0	0	0.962	0.999
MT-ND4	MT-ND6	9606.ENSP00000354961	9606.ENSP00000354665	0	0	0.248	0	0.810	0.894	0.851	0.999	0.999
MT-ND4	MT-ND1	9606.ENSP00000354961	9606.ENSP00000354687	0.231	0	0.526	0	0.999	0.991	0.980	0.999	0.999
MT-ND4	MT-ND4L	9606.ENSP00000354961	9606.ENSP00000354728	0	0	0.288	0	0.935	0.989	0.906	0.999	0.999
MT-ND4	MT-ND5	9606.ENSP00000354961	9606.ENSP00000354813	0.120	0.752	0.537	0	0.999	0.994	0.980	0.999	0.999
MT-ND4	MT-CO2	9606.ENSP00000354961	9606.ENSP00000354876	0	0	0	0	0.999	0.746	0.809	0.949	0.999
MT-ND4	COX6B1	9606.ENSP00000354961	9606.ENSP00000466818	0	0	0	0	0.060	0.845	0	0.432	0.910
MT-ND4	COX4I1	9606.ENSP00000354961	9606.ENSP00000457513	0	0	0	0	0.137	0.844	0	0.445	0.918
MT-ND4	NDUFAF4	9606.ENSP00000354961	9606.ENSP00000358272	0	0	0	0	0.054	0.421	0.690	0.598	0.922
MT-ND4	UQCRQ	9606.ENSP00000354961	9606.ENSP00000367939	0	0	0	0	0.194	0.855	0.284	0.452	0.948
MT-ND4	SDHB	9606.ENSP00000354961	9606.ENSP00000364649	0.043	0	0	0	0.594	0	0.802	0.527	0.958
MT-ND4	MT-ATP8	9606.ENSP00000354961	9606.ENSP00000355265	0	0	0	0	0.327	0	0	0.958	0.970
MT-ND4	UQCRB	9606.ENSP00000354961	9606.ENSP00000430494	0	0	0	0	0.198	0.956	0.172	0.247	0.975
MT-ND4	NDUFB2	9606.ENSP00000354961	9606.ENSP00000419087	0	0	0	0	0	0.812	0.967	0.188	0.994
MT-ND4	NDUFC1	9606.ENSP00000354961	9606.ENSP00000441126	0	0	0	0	0	0.825	0.967	0.310	0.995
MT-ND4	TIMMDC1	9606.ENSP00000354961	9606.ENSP00000418803	0	0	0	0	0.047	0.994	0	0.295	0.995
MT-ND4	NDUFA3	9606.ENSP00000354961	9606.ENSP00000418438	0	0	0	0	0.224	0.894	0.967	0.305	0.997
MT-ND4	NDUFB3	9606.ENSP00000354961	9606.ENSP00000407336	0	0	0	0	0.277	0.993	0.967	0.280	0.999
MT-ND4	NDUFS1	9606.ENSP00000354961	9606.ENSP00000392709	0.231	0	0	0	0.966	0.991	0.980	0.848	0.999
MT-ND4	NDUFAB1	9606.ENSP00000354961	9606.ENSP00000458770	0	0	0	0	0.099	0.991	0.967	0.292	0.999
MT-ND4	MT-ND3	9606.ENSP00000354961	9606.ENSP00000355206	0.231	0	0.452	0	0.941	0.991	0.980	0.999	0.999
MT-ND4	NDUFA13	9606.ENSP00000354961	9606.ENSP00000423673	0	0	0	0	0.257	0.995	0.967	0.327	0.999
MT-ND4	NDUFA6	9606.ENSP00000354961	9606.ENSP00000482543	0	0	0	0	0.195	0.998	0.967	0.333	0.999
MT-ND4	NDUFA5	9606.ENSP00000354961	9606.ENSP00000417142	0	0	0	0	0.169	0.991	0.967	0.400	0.999
MT-ND4	NDUFA11	9606.ENSP00000354961	9606.ENSP00000389160	0	0	0	0	0.256	0.999	0.944	0.638	0.999
MT-ND4	NDUFA1	9606.ENSP00000354961	9606.ENSP00000360492	0	0	0	0	0	0.915	0.967	0.667	0.999
MT-ND4	NDUFV1	9606.ENSP00000354961	9606.ENSP00000497587	0.231	0	0	0	0.964	0.991	0.980	0.848	0.999
MT-ND4	MT-ND2	9606.ENSP00000354961	9606.ENSP00000355046	0.120	0	0.537	0	0.999	0.994	0.979	0.999	0.999
MT-ND4	MT-CO3	9606.ENSP00000354961	9606.ENSP00000354982	0	0	0	0	0.999	0.830	0.809	0.963	0.999
MT-ND4	NDUFA8	9606.ENSP00000354961	9606.ENSP00000362873	0	0	0	0	0.216	0.997	0.967	0.443	0.999
MT-ND4	NDUFS5	9606.ENSP00000354961	9606.ENSP00000362058	0	0	0	0	0.324	0.998	0.900	0.392	0.999
MT-ND4	NDUFS2	9606.ENSP00000354961	9606.ENSP00000356972	0.231	0	0.209	0	0.965	0.994	0.980	0.787	0.999
MT-ND4	NDUFB6	9606.ENSP00000354961	9606.ENSP00000369176	0	0	0	0	0.256	0.955	0.967	0.679	0.999
MT-ND4	NDUFB1	9606.ENSP00000354961	9606.ENSP00000483888	0	0	0	0	0.127	0.959	0.900	0.820	0.999
MT-ND4L	NDUFB4	9606.ENSP00000354728	9606.ENSP00000184266	0	0	0	0	0.049	0.894	0.851	0.337	0.988
MT-ND4L	UQCRC1	9606.ENSP00000354728	9606.ENSP00000203407	0	0	0	0	0	0.947	0.154	0.270	0.964
MT-ND4L	NDUFB7	9606.ENSP00000354728	9606.ENSP00000215565	0	0	0	0	0	0.987	0.851	0.184	0.998
MT-ND4L	NDUFS7	9606.ENSP00000354728	9606.ENSP00000233627	0	0	0	0	0.103	0.947	0.851	0.743	0.997
MT-ND4L	NDUFA2	9606.ENSP00000354728	9606.ENSP00000252102	0	0	0	0	0	0.987	0.851	0.304	0.998
MT-ND4L	NDUFA10	9606.ENSP00000354728	9606.ENSP00000252711	0	0	0	0	0	0.894	0.851	0.427	0.990
MT-ND4L	NDUFB5	9606.ENSP00000354728	9606.ENSP00000259037	0	0	0	0	0	0.894	0.851	0.471	0.991
MT-ND4L	NDUFAF1	9606.ENSP00000354728	9606.ENSP00000260361	0	0	0	0	0	0	0.851	0.382	0.904
MT-ND4L	NDUFS3	9606.ENSP00000354728	9606.ENSP00000263774	0	0	0	0	0.109	0.990	0.851	0.608	0.999
MT-ND4L	NDUFA9	9606.ENSP00000354728	9606.ENSP00000266544	0	0	0	0	0	0.962	0.744	0.374	0.993
MT-ND4L	UQCRC2	9606.ENSP00000354728	9606.ENSP00000268379	0	0	0	0	0	0.894	0.172	0.278	0.931
MT-ND4L	NDUFB10	9606.ENSP00000354728	9606.ENSP00000268668	0	0	0	0	0	0.986	0.851	0.283	0.998
MT-ND4L	NDUFS6	9606.ENSP00000354728	9606.ENSP00000274137	0	0	0	0	0	0.984	0.851	0.327	0.998
MT-ND4L	NDUFB11	9606.ENSP00000354728	9606.ENSP00000276062	0	0	0	0	0	0.894	0.851	0.296	0.988
MT-ND4L	NDUFB9	9606.ENSP00000354728	9606.ENSP00000276689	0	0	0	0	0	0.987	0.851	0.329	0.998
MT-ND4L	NDUFC2	9606.ENSP00000354728	9606.ENSP00000281031	0	0	0	0	0	0.878	0.744	0.566	0.985
MT-ND4L	NDUFS4	9606.ENSP00000354728	9606.ENSP00000296684	0	0	0	0	0	0.987	0.851	0.350	0.998
MT-ND4L	NDUFB8	9606.ENSP00000354728	9606.ENSP00000299166	0	0	0	0	0	0.894	0.851	0.410	0.989
MT-ND4L	NDUFA7	9606.ENSP00000354728	9606.ENSP00000301457	0	0	0	0	0	0.856	0.851	0.254	0.982
MT-ND4L	UQCRFS1	9606.ENSP00000354728	9606.ENSP00000306397	0	0	0	0	0	0.967	0.172	0.320	0.979
MT-ND4L	UQCRH	9606.ENSP00000354728	9606.ENSP00000309565	0	0	0	0	0	0.950	0.163	0.095	0.959
MT-ND4L	NDUFS8	9606.ENSP00000354728	9606.ENSP00000315774	0	0	0	0	0.086	0.990	0.851	0.618	0.999
MT-ND4L	CYC1	9606.ENSP00000354728	9606.ENSP00000317159	0	0	0	0	0	0.967	0	0.110	0.969
MT-ND4L	NDUFV2	9606.ENSP00000354728	9606.ENSP00000327268	0	0	0	0	0	0.986	0.851	0.469	0.998
MT-ND4L	NDUFA12	9606.ENSP00000354728	9606.ENSP00000330737	0	0	0	0	0	0.987	0.851	0.390	0.998
MT-ND4L	UQCR10	9606.ENSP00000354728	9606.ENSP00000332887	0	0	0	0	0	0.967	0	0.184	0.971
MT-ND4L	NDUFV3	9606.ENSP00000354728	9606.ENSP00000346196	0	0	0	0	0	0.894	0.851	0.251	0.987
MT-ND4L	MT-CO1	9606.ENSP00000354728	9606.ENSP00000354499	0	0	0	0	0.526	0.830	0	0.919	0.992
MT-ND4L	MT-CYB	9606.ENSP00000354728	9606.ENSP00000354554	0	0	0	0	0.914	0.904	0	0.970	0.999
MT-ND4L	MT-ATP6	9606.ENSP00000354728	9606.ENSP00000354632	0	0	0.251	0	0.958	0	0	0.973	0.999
MT-ND4L	MT-ND6	9606.ENSP00000354728	9606.ENSP00000354665	0	0	0.524	0	0.787	0.959	0.851	0.999	0.999
MT-ND4L	MT-ND1	9606.ENSP00000354728	9606.ENSP00000354687	0	0	0	0	0.931	0.989	0.906	0.999	0.999
MT-ND4L	UQCRB	9606.ENSP00000354728	9606.ENSP00000430494	0	0	0	0	0	0.956	0	0.107	0.959
MT-ND4L	NDUFB1	9606.ENSP00000354728	9606.ENSP00000483888	0	0	0	0	0	0.894	0.540	0.241	0.960
MT-ND4L	NDUFB2	9606.ENSP00000354728	9606.ENSP00000419087	0	0	0	0	0.049	0.812	0.851	0.179	0.975
MT-ND4L	NDUFA11	9606.ENSP00000354728	9606.ENSP00000389160	0	0	0	0	0.049	0.918	0.744	0.293	0.984
MT-ND4L	NDUFS5	9606.ENSP00000354728	9606.ENSP00000362058	0	0	0	0	0.049	0.959	0.540	0.287	0.985
MT-ND4L	NDUFA1	9606.ENSP00000354728	9606.ENSP00000360492	0	0	0	0	0	0.856	0.851	0.400	0.986
MT-ND4L	NDUFB3	9606.ENSP00000354728	9606.ENSP00000407336	0	0	0	0	0	0.894	0.851	0.213	0.986
MT-ND4L	NDUFC1	9606.ENSP00000354728	9606.ENSP00000441126	0	0	0	0	0	0.825	0.851	0.569	0.987
MT-ND4L	NDUFA3	9606.ENSP00000354728	9606.ENSP00000418438	0	0	0	0	0	0.894	0.851	0.302	0.988
MT-ND4L	MT-ATP8	9606.ENSP00000354728	9606.ENSP00000355265	0	0	0	0	0.634	0	0	0.973	0.990
MT-ND4L	MT-CO2	9606.ENSP00000354728	9606.ENSP00000354876	0	0	0	0	0.819	0.746	0	0.914	0.995
MT-ND4L	NDUFB6	9606.ENSP00000354728	9606.ENSP00000369176	0	0	0	0	0	0.894	0.851	0.788	0.996
MT-ND4L	MT-CO3	9606.ENSP00000354728	9606.ENSP00000354982	0	0	0	0	0.643	0.830	0	0.952	0.996
MT-ND4L	NDUFA6	9606.ENSP00000354728	9606.ENSP00000482543	0	0	0	0	0	0.987	0.851	0.246	0.998
MT-ND4L	NDUFA8	9606.ENSP00000354728	9606.ENSP00000362873	0	0	0	0	0	0.986	0.851	0.336	0.998
MT-ND4L	NDUFA13	9606.ENSP00000354728	9606.ENSP00000423673	0	0	0	0	0	0.986	0.851	0.250	0.998
MT-ND4L	NDUFS1	9606.ENSP00000354728	9606.ENSP00000392709	0	0	0	0	0	0.987	0.851	0.433	0.998
MT-ND4L	MT-ND5	9606.ENSP00000354728	9606.ENSP00000354813	0	0	0.222	0	0.999	0.983	0.906	0.999	0.999
MT-ND4L	NDUFA5	9606.ENSP00000354728	9606.ENSP00000417142	0	0	0	0	0	0.986	0.851	0.600	0.999
MT-ND4L	NDUFS2	9606.ENSP00000354728	9606.ENSP00000356972	0	0	0	0	0.106	0.994	0.851	0.644	0.999
MT-ND4L	NDUFV1	9606.ENSP00000354728	9606.ENSP00000497587	0	0	0	0	0	0.987	0.851	0.684	0.999
MT-ND4L	MT-ND4	9606.ENSP00000354728	9606.ENSP00000354961	0	0	0.288	0	0.935	0.989	0.906	0.999	0.999
MT-ND4L	MT-ND3	9606.ENSP00000354728	9606.ENSP00000355206	0	0	0	0	0.555	0.994	0.851	0.999	0.999
MT-ND4L	MT-ND2	9606.ENSP00000354728	9606.ENSP00000355046	0	0	0.368	0	0.988	0.983	0.874	0.999	0.999
MT-ND4L	NDUFAB1	9606.ENSP00000354728	9606.ENSP00000458770	0	0	0	0	0	0.991	0.851	0.312	0.999
MT-ND5	NDUFB4	9606.ENSP00000354813	9606.ENSP00000184266	0	0	0	0	0.182	0.959	0.967	0.385	0.999
MT-ND5	UQCRC1	9606.ENSP00000354813	9606.ENSP00000203407	0	0	0	0	0.065	0.886	0.181	0.416	0.942
MT-ND5	NDUFB7	9606.ENSP00000354813	9606.ENSP00000215565	0	0	0	0	0.324	0.996	0.967	0.425	0.999
MT-ND5	NDUFS7	9606.ENSP00000354813	9606.ENSP00000233627	0.095	0	0.256	0	0.670	0.993	0.979	0.928	0.999
MT-ND5	NDUFA2	9606.ENSP00000354813	9606.ENSP00000252102	0	0	0	0	0.242	0.988	0.967	0.646	0.999
MT-ND5	NDUFA10	9606.ENSP00000354813	9606.ENSP00000252711	0	0	0	0	0.066	0.894	0.967	0.435	0.997
MT-ND5	NDUFB5	9606.ENSP00000354813	9606.ENSP00000259037	0	0	0	0	0.097	0.985	0.967	0.387	0.999
MT-ND5	NDUFAF1	9606.ENSP00000354813	9606.ENSP00000260361	0	0	0	0	0.058	0.439	0.967	0.412	0.988
MT-ND5	FOXRED1	9606.ENSP00000354813	9606.ENSP00000263578	0	0	0	0	0.050	0	0.720	0.670	0.904
MT-ND5	NDUFS3	9606.ENSP00000354813	9606.ENSP00000263774	0.120	0	0	0	0.847	0.999	0.978	0.792	0.999
MT-ND5	NDUFA9	9606.ENSP00000354813	9606.ENSP00000266544	0	0	0	0	0.202	0.998	0.944	0.682	0.999
MT-ND5	UQCRC2	9606.ENSP00000354813	9606.ENSP00000268379	0	0	0	0	0.064	0.874	0.284	0.440	0.946
MT-ND5	NDUFB10	9606.ENSP00000354813	9606.ENSP00000268668	0	0	0	0	0.127	0.983	0.967	0.386	0.999
MT-ND5	NDUFS6	9606.ENSP00000354813	9606.ENSP00000274137	0	0	0	0	0.127	0.994	0.967	0.572	0.999
MT-ND5	NDUFB11	9606.ENSP00000354813	9606.ENSP00000276062	0	0	0	0	0.084	0.982	0.967	0.436	0.999
MT-ND5	NDUFB9	9606.ENSP00000354813	9606.ENSP00000276689	0	0	0	0	0.163	0.994	0.967	0.481	0.999
MT-ND5	NDUFC2	9606.ENSP00000354813	9606.ENSP00000281031	0	0	0	0	0.250	0.927	0.944	0.624	0.998
MT-ND5	COX7A1	9606.ENSP00000354813	9606.ENSP00000292907	0	0	0	0	0	0.830	0	0.548	0.920
MT-ND5	NDUFAF2	9606.ENSP00000354813	9606.ENSP00000296597	0	0	0	0	0.108	0.305	0.838	0.661	0.961
MT-ND5	NDUFS4	9606.ENSP00000354813	9606.ENSP00000296684	0	0	0	0	0.219	0.999	0.967	0.735	0.999
MT-ND5	NDUFB8	9606.ENSP00000354813	9606.ENSP00000299166	0	0	0	0	0.246	0.990	0.967	0.527	0.999
MT-ND5	NDUFA7	9606.ENSP00000354813	9606.ENSP00000301457	0	0	0	0	0.103	0.915	0.967	0.381	0.998
MT-ND5	UQCRFS1	9606.ENSP00000354813	9606.ENSP00000306397	0.041	0	0	0	0.139	0.919	0.792	0.578	0.993
MT-ND5	UQCRH	9606.ENSP00000354813	9606.ENSP00000309565	0	0	0	0	0.163	0.896	0.163	0.328	0.944
MT-ND5	NDUFS8	9606.ENSP00000354813	9606.ENSP00000315774	0.120	0	0	0	0.851	0.991	0.978	0.901	0.999
MT-ND5	CYC1	9606.ENSP00000354813	9606.ENSP00000317159	0	0	0	0	0.128	0.919	0.792	0.433	0.990
MT-ND5	COX5A	9606.ENSP00000354813	9606.ENSP00000317780	0	0	0	0	0.118	0.830	0	0.386	0.900
MT-ND5	NDUFV2	9606.ENSP00000354813	9606.ENSP00000327268	0.120	0	0	0	0.626	0.999	0.978	0.745	0.999
MT-ND5	NDUFA12	9606.ENSP00000354813	9606.ENSP00000330737	0	0	0	0	0.190	0.999	0.967	0.467	0.999
MT-ND5	UQCR10	9606.ENSP00000354813	9606.ENSP00000332887	0	0	0	0	0.097	0.919	0.172	0.364	0.956
MT-ND5	NDUFA4	9606.ENSP00000354813	9606.ENSP00000339720	0	0	0	0	0.062	0	0.925	0.328	0.948
MT-ND5	NDUFV3	9606.ENSP00000354813	9606.ENSP00000346196	0	0	0	0	0.063	0.936	0.967	0.298	0.998
MT-ND5	MT-CO1	9606.ENSP00000354813	9606.ENSP00000354499	0	0	0	0	0.938	0.830	0.792	0.966	0.999
MT-ND5	MT-CYB	9606.ENSP00000354813	9606.ENSP00000354554	0	0	0	0	0.999	0.880	0.414	0.972	0.999
MT-ND5	MT-ATP6	9606.ENSP00000354813	9606.ENSP00000354632	0.119	0	0	0	0.999	0	0	0.971	0.999
MT-ND5	MT-ND6	9606.ENSP00000354813	9606.ENSP00000354665	0	0	0	0	0.912	0.961	0.851	0.998	0.999
MT-ND5	MT-ND1	9606.ENSP00000354813	9606.ENSP00000354687	0.120	0	0.528	0	0.999	0.988	0.980	0.997	0.999
MT-ND5	MT-ND4L	9606.ENSP00000354813	9606.ENSP00000354728	0	0	0.222	0	0.999	0.983	0.906	0.999	0.999
MT-ND5	COX4I1	9606.ENSP00000354813	9606.ENSP00000457513	0	0	0	0	0.097	0.844	0	0.450	0.915
MT-ND5	SDHB	9606.ENSP00000354813	9606.ENSP00000364649	0	0	0	0	0.512	0	0.700	0.549	0.928
MT-ND5	UQCRQ	9606.ENSP00000354813	9606.ENSP00000367939	0	0	0	0	0.180	0.855	0.218	0.343	0.931
MT-ND5	UQCRB	9606.ENSP00000354813	9606.ENSP00000430494	0	0	0	0	0.189	0.898	0.172	0.325	0.947
MT-ND5	COX7C	9606.ENSP00000354813	9606.ENSP00000425759	0	0	0	0	0.076	0.830	0	0.735	0.954
MT-ND5	MT-ATP8	9606.ENSP00000354813	9606.ENSP00000355265	0	0	0	0	0.350	0	0	0.958	0.971
MT-ND5	NDUFB1	9606.ENSP00000354813	9606.ENSP00000483888	0	0	0	0	0.108	0.894	0.900	0.311	0.992
MT-ND5	NDUFC1	9606.ENSP00000354813	9606.ENSP00000441126	0	0	0	0	0	0.828	0.967	0.309	0.995
MT-ND5	NDUFB2	9606.ENSP00000354813	9606.ENSP00000419087	0	0	0	0	0	0.907	0.967	0.270	0.997
MT-ND5	NDUFA3	9606.ENSP00000354813	9606.ENSP00000418438	0	0	0	0	0.253	0.894	0.967	0.320	0.998
MT-ND5	NDUFA5	9606.ENSP00000354813	9606.ENSP00000417142	0	0	0	0	0.163	0.988	0.967	0.469	0.999
MT-ND5	NDUFA6	9606.ENSP00000354813	9606.ENSP00000482543	0	0	0	0	0.161	0.999	0.967	0.327	0.999
MT-ND5	MT-ND4	9606.ENSP00000354813	9606.ENSP00000354961	0.120	0.752	0.537	0	0.999	0.994	0.980	0.999	0.999
MT-ND5	MT-ND3	9606.ENSP00000354813	9606.ENSP00000355206	0.120	0	0.425	0	0.879	0.988	0.979	0.999	0.999
MT-ND5	NDUFA13	9606.ENSP00000354813	9606.ENSP00000423673	0	0	0	0	0.257	0.988	0.967	0.406	0.999
MT-ND5	NDUFB3	9606.ENSP00000354813	9606.ENSP00000407336	0	0	0	0	0.245	0.990	0.967	0.370	0.999
MT-ND5	NDUFAB1	9606.ENSP00000354813	9606.ENSP00000458770	0	0	0	0	0.076	0.994	0.967	0.461	0.999
MT-ND5	NDUFS1	9606.ENSP00000354813	9606.ENSP00000392709	0.120	0	0	0	0.840	0.988	0.978	0.877	0.999
MT-ND5	NDUFB6	9606.ENSP00000354813	9606.ENSP00000369176	0	0	0	0	0.257	0.959	0.967	0.755	0.999
MT-ND5	MT-CO3	9606.ENSP00000354813	9606.ENSP00000354982	0	0	0	0	0.999	0.830	0.792	0.974	0.999
MT-ND5	NDUFA8	9606.ENSP00000354813	9606.ENSP00000362873	0	0	0	0	0.214	0.995	0.967	0.449	0.999
MT-ND5	NDUFS5	9606.ENSP00000354813	9606.ENSP00000362058	0	0	0	0	0.255	0.998	0.900	0.327	0.999
MT-ND5	NDUFS2	9606.ENSP00000354813	9606.ENSP00000356972	0.120	0	0.234	0	0.837	0.994	0.978	0.790	0.999
MT-ND5	MT-ND2	9606.ENSP00000354813	9606.ENSP00000355046	0	0	0.248	0.580	0.999	0.994	0.979	0.992	0.999
MT-ND5	NDUFV1	9606.ENSP00000354813	9606.ENSP00000497587	0.120	0	0	0	0.799	0.999	0.979	0.893	0.999
MT-ND5	NDUFA11	9606.ENSP00000354813	9606.ENSP00000389160	0	0	0	0	0.257	0.999	0.944	0.782	0.999
MT-ND5	NDUFA1	9606.ENSP00000354813	9606.ENSP00000360492	0	0	0	0	0	0.922	0.967	0.766	0.999
MT-ND5	MT-CO2	9606.ENSP00000354813	9606.ENSP00000354876	0	0	0	0	0.999	0.746	0.792	0.945	0.999
MT-ND6	NDUFB4	9606.ENSP00000354665	9606.ENSP00000184266	0	0	0	0	0.049	0.894	0.851	0.280	0.987
MT-ND6	NDUFB7	9606.ENSP00000354665	9606.ENSP00000215565	0	0	0	0	0	0.894	0.851	0.273	0.987
MT-ND6	NDUFS7	9606.ENSP00000354665	9606.ENSP00000233627	0	0	0	0	0	0.894	0.851	0.910	0.998
MT-ND6	NDUFA2	9606.ENSP00000354665	9606.ENSP00000252102	0	0	0	0	0	0.894	0.851	0.614	0.993
MT-ND6	NDUFA10	9606.ENSP00000354665	9606.ENSP00000252711	0	0	0	0	0	0.958	0.851	0.577	0.997
MT-ND6	NDUFB5	9606.ENSP00000354665	9606.ENSP00000259037	0	0	0	0	0	0.962	0.851	0.441	0.996
MT-ND6	NDUFS3	9606.ENSP00000354665	9606.ENSP00000263774	0	0	0	0	0	0.998	0.851	0.737	0.999
MT-ND6	NDUFA9	9606.ENSP00000354665	9606.ENSP00000266544	0	0	0	0	0	0.946	0.744	0.665	0.995
MT-ND6	UQCRC2	9606.ENSP00000354665	9606.ENSP00000268379	0	0	0	0	0	0.855	0	0.561	0.934
MT-ND6	NDUFB10	9606.ENSP00000354665	9606.ENSP00000268668	0	0	0	0	0	0.894	0.851	0.310	0.988
MT-ND6	NDUFS6	9606.ENSP00000354665	9606.ENSP00000274137	0	0	0	0	0	0.856	0.851	0.517	0.988
MT-ND6	NDUFB11	9606.ENSP00000354665	9606.ENSP00000276062	0	0	0	0	0	0.894	0.851	0.306	0.988
MT-ND6	NDUFB9	9606.ENSP00000354665	9606.ENSP00000276689	0	0	0	0	0	0.894	0.851	0.321	0.988
MT-ND6	NDUFC2	9606.ENSP00000354665	9606.ENSP00000281031	0	0	0	0	0	0.914	0.744	0.572	0.989
MT-ND6	NDUFAF2	9606.ENSP00000354665	9606.ENSP00000296597	0	0	0	0	0	0	0.838	0.663	0.943
MT-ND6	NDUFS4	9606.ENSP00000354665	9606.ENSP00000296684	0	0	0	0	0	0.894	0.851	0.733	0.995
MT-ND6	NDUFB8	9606.ENSP00000354665	9606.ENSP00000299166	0	0	0	0	0	0.894	0.851	0.489	0.991
MT-ND6	NDUFA7	9606.ENSP00000354665	9606.ENSP00000301457	0	0	0	0	0	0.856	0.851	0.325	0.984
MT-ND6	ACAD9	9606.ENSP00000354665	9606.ENSP00000312618	0	0	0	0	0	0.994	0.500	0.377	0.997
MT-ND6	NDUFS8	9606.ENSP00000354665	9606.ENSP00000315774	0	0	0	0	0	0.894	0.851	0.837	0.997
MT-ND6	CYC1	9606.ENSP00000354665	9606.ENSP00000317159	0	0	0	0	0	0.855	0	0.456	0.918
MT-ND6	NDUFAF3	9606.ENSP00000354665	9606.ENSP00000323076	0	0	0	0	0	0.994	0.838	0.450	0.999
MT-ND6	NDUFV2	9606.ENSP00000354665	9606.ENSP00000327268	0	0	0	0	0	0.894	0.851	0.724	0.995
MT-ND6	NDUFA12	9606.ENSP00000354665	9606.ENSP00000330737	0	0	0	0	0	0.894	0.851	0.339	0.988
MT-ND6	NDUFV3	9606.ENSP00000354665	9606.ENSP00000346196	0	0	0	0	0	0.894	0.851	0.511	0.991
MT-ND6	MT-CO1	9606.ENSP00000354665	9606.ENSP00000354499	0	0	0	0	0.344	0.830	0	0.962	0.995
MT-ND6	MT-CYB	9606.ENSP00000354665	9606.ENSP00000354554	0	0	0	0	0.550	0.855	0	0.959	0.997
MT-ND6	MT-ATP6	9606.ENSP00000354665	9606.ENSP00000354632	0	0	0.211	0	0.793	0	0	0.974	0.995
MT-ND6	COX4I1	9606.ENSP00000354665	9606.ENSP00000457513	0	0	0	0	0.049	0.844	0	0.403	0.903
MT-ND6	NDUFAF4	9606.ENSP00000354665	9606.ENSP00000358272	0	0	0	0	0	0	0.838	0.531	0.920
MT-ND6	MT-ATP8	9606.ENSP00000354665	9606.ENSP00000355265	0	0	0	0	0.376	0	0	0.923	0.950
MT-ND6	NDUFB2	9606.ENSP00000354665	9606.ENSP00000419087	0	0	0	0	0	0.812	0.851	0.165	0.974
MT-ND6	NDUFB1	9606.ENSP00000354665	9606.ENSP00000483888	0	0	0	0	0	0.894	0.540	0.550	0.976
MT-ND6	NDUFB3	9606.ENSP00000354665	9606.ENSP00000407336	0	0	0	0	0	0.894	0.851	0.233	0.986
MT-ND6	NDUFC1	9606.ENSP00000354665	9606.ENSP00000441126	0	0	0	0	0	0.825	0.851	0.549	0.987
MT-ND6	NDUFA6	9606.ENSP00000354665	9606.ENSP00000482543	0	0	0	0	0	0.894	0.851	0.282	0.987
MT-ND6	NDUFA5	9606.ENSP00000354665	9606.ENSP00000417142	0	0	0	0	0	0.889	0.851	0.406	0.989
MT-ND6	MT-CO2	9606.ENSP00000354665	9606.ENSP00000354876	0	0	0	0	0.466	0.746	0	0.944	0.991
MT-ND6	NDUFA8	9606.ENSP00000354665	9606.ENSP00000362873	0	0	0	0	0	0.894	0.851	0.553	0.992
MT-ND6	NDUFA11	9606.ENSP00000354665	9606.ENSP00000389160	0	0	0	0	0	0.922	0.744	0.714	0.993
MT-ND6	NDUFA13	9606.ENSP00000354665	9606.ENSP00000423673	0	0	0	0	0	0.940	0.851	0.340	0.993
MT-ND6	NDUFS2	9606.ENSP00000354665	9606.ENSP00000356972	0	0	0	0	0	0.894	0.851	0.752	0.995
MT-ND6	NDUFS1	9606.ENSP00000354665	9606.ENSP00000392709	0	0	0	0	0	0.894	0.851	0.725	0.995
MT-ND6	NDUFB6	9606.ENSP00000354665	9606.ENSP00000369176	0	0	0	0	0	0.894	0.935	0.382	0.995
MT-ND6	MT-CO3	9606.ENSP00000354665	9606.ENSP00000354982	0	0	0	0	0.369	0.830	0	0.966	0.996
MT-ND6	NDUFA1	9606.ENSP00000354665	9606.ENSP00000360492	0	0	0	0	0.049	0.940	0.851	0.730	0.997
MT-ND6	NDUFA3	9606.ENSP00000354665	9606.ENSP00000418438	0	0	0	0	0	0.959	0.851	0.598	0.997
MT-ND6	NDUFAB1	9606.ENSP00000354665	9606.ENSP00000458770	0	0	0	0	0	0.991	0.851	0.257	0.998
MT-ND6	NDUFV1	9606.ENSP00000354665	9606.ENSP00000497587	0	0	0	0	0	0.894	0.851	0.887	0.998
MT-ND6	NDUFS5	9606.ENSP00000354665	9606.ENSP00000362058	0	0	0	0	0	0.999	0.540	0.270	0.999
MT-ND6	MT-ND4	9606.ENSP00000354665	9606.ENSP00000354961	0	0	0.248	0	0.810	0.894	0.851	0.999	0.999
MT-ND6	MT-ND2	9606.ENSP00000354665	9606.ENSP00000355046	0	0	0.313	0	0.824	0.959	0.851	0.999	0.999
MT-ND6	MT-ND3	9606.ENSP00000354665	9606.ENSP00000355206	0	0	0	0	0.560	0.959	0.851	0.999	0.999
MT-ND6	MT-ND5	9606.ENSP00000354665	9606.ENSP00000354813	0	0	0	0	0.912	0.961	0.851	0.998	0.999
MT-ND6	MT-ND4L	9606.ENSP00000354665	9606.ENSP00000354728	0	0	0.524	0	0.787	0.959	0.851	0.999	0.999
MT-ND6	MT-ND1	9606.ENSP00000354665	9606.ENSP00000354687	0	0	0	0	0.785	0.940	0.851	0.997	0.999
MTMR3	MTMR4	9606.ENSP00000384651	9606.ENSP00000325285	0	0	0.074	0.928	0.142	0.539	0.900	0.413	0.974
MTMR4	MTMR3	9606.ENSP00000325285	9606.ENSP00000384651	0	0	0.074	0.928	0.142	0.539	0.900	0.413	0.974
MTOR	RB1CC1	9606.ENSP00000354558	9606.ENSP00000025008	0	0	0	0	0.066	0	0.900	0.827	0.982
MTOR	PIK3R2	9606.ENSP00000354558	9606.ENSP00000222254	0	0	0	0	0.060	0	0.900	0.453	0.944
MTOR	RHEB	9606.ENSP00000354558	9606.ENSP00000262187	0	0	0	0	0.049	0.975	0.900	0.996	0.999
MTOR	PIK3R3	9606.ENSP00000354558	9606.ENSP00000262741	0	0	0	0	0.049	0	0.900	0.397	0.937
MTOR	RRAGB	9606.ENSP00000354558	9606.ENSP00000262850	0	0	0	0	0	0.997	0.900	0.886	0.999
MTOR	PIK3CA	9606.ENSP00000354558	9606.ENSP00000263967	0	0	0	0.548	0.060	0.166	0.900	0.592	0.963
MTOR	STAT3	9606.ENSP00000354558	9606.ENSP00000264657	0	0	0	0	0.049	0.735	0	0.730	0.926
MTOR	DEPTOR	9606.ENSP00000354558	9606.ENSP00000286234	0	0	0	0	0	0.972	0.900	0.997	0.999
MTOR	ULK1	9606.ENSP00000354558	9606.ENSP00000324560	0	0	0	0	0.067	0.877	0.900	0.972	0.999
MTOR	HSP90AA1	9606.ENSP00000354558	9606.ENSP00000335153	0	0	0	0	0.095	0.994	0	0.794	0.998
MTOR	TUBA1B	9606.ENSP00000354558	9606.ENSP00000336799	0	0	0	0	0.055	0.994	0	0.117	0.994
MTOR	ATG101	9606.ENSP00000354558	9606.ENSP00000338990	0	0	0	0	0.042	0	0.900	0.786	0.977
MTOR	ATG13	9606.ENSP00000354558	9606.ENSP00000432412	0	0	0	0	0.074	0	0.500	0.835	0.917
MTOR	IRS4	9606.ENSP00000354558	9606.ENSP00000361202	0	0	0	0	0	0.069	0.900	0.191	0.918
MTOR	PTEN	9606.ENSP00000354558	9606.ENSP00000361021	0	0	0	0	0	0.281	0	0.922	0.942
MTOR	PIK3CD	9606.ENSP00000354558	9606.ENSP00000366563	0	0	0	0.550	0.056	0.166	0.900	0.360	0.942
MTOR	PIK3CB	9606.ENSP00000354558	9606.ENSP00000501150	0	0	0	0.549	0.082	0.166	0.900	0.350	0.943
MTOR	IGBP1	9606.ENSP00000354558	9606.ENSP00000363661	0	0	0	0	0.091	0.286	0.900	0.363	0.953
MTOR	AKT3	9606.ENSP00000354558	9606.ENSP00000500582	0	0	0	0	0	0.073	0.900	0.609	0.960
MTOR	AKT2	9606.ENSP00000354558	9606.ENSP00000375892	0	0	0	0	0.060	0.073	0.900	0.668	0.967
MTOR	PRKAA2	9606.ENSP00000354558	9606.ENSP00000360290	0	0	0	0	0	0.115	0.900	0.721	0.973
MTOR	ULK2	9606.ENSP00000354558	9606.ENSP00000378914	0	0	0	0	0	0.555	0.900	0.715	0.986
MTOR	HSP90AB1	9606.ENSP00000354558	9606.ENSP00000360609	0	0	0	0	0.103	0.994	0	0.784	0.998
MTOR	RRAGA	9606.ENSP00000354558	9606.ENSP00000369899	0	0	0	0	0.057	0.962	0.900	0.868	0.999
MTOR	AKT1S1	9606.ENSP00000354558	9606.ENSP00000375711	0	0	0	0	0.060	0.985	0.900	0.997	0.999
MTOR	RRAGC	9606.ENSP00000354558	9606.ENSP00000362092	0	0	0	0	0.058	0.998	0.900	0.901	0.999
MTOR	AKT1	9606.ENSP00000354558	9606.ENSP00000451828	0	0	0	0	0.060	0.925	0.900	0.954	0.999
MTOR	MLST8	9606.ENSP00000354558	9606.ENSP00000457870	0	0	0	0	0.049	0.999	0.900	0.998	0.999
NCOA4	FTH1	9606.ENSP00000463027	9606.ENSP00000273550	0	0	0	0	0.056	0.806	0.900	0.989	0.999
NDUFA1	NDUFB4	9606.ENSP00000360492	9606.ENSP00000184266	0	0	0	0	0.573	0.923	0.967	0.659	0.999
NDUFA1	UQCRC1	9606.ENSP00000360492	9606.ENSP00000203407	0	0	0	0	0.129	0.844	0	0.473	0.922
NDUFA1	NDUFB7	9606.ENSP00000360492	9606.ENSP00000215565	0	0	0	0	0.323	0.941	0.967	0.707	0.999
NDUFA1	NDUFS7	9606.ENSP00000360492	9606.ENSP00000233627	0	0	0	0	0.268	0.913	0.967	0.783	0.999
NDUFA1	NDUFA2	9606.ENSP00000360492	9606.ENSP00000252102	0	0	0	0	0.598	0.915	0.967	0.900	0.999
NDUFA1	NDUFA10	9606.ENSP00000360492	9606.ENSP00000252711	0	0	0	0	0.067	0.914	0.967	0.805	0.999
NDUFA1	COX5B	9606.ENSP00000360492	9606.ENSP00000258424	0	0	0	0	0.567	0.844	0	0.505	0.963
NDUFA1	NDUFB5	9606.ENSP00000360492	9606.ENSP00000259037	0	0	0	0	0.414	0.922	0.967	0.710	0.999
NDUFA1	NDUFAF1	9606.ENSP00000360492	9606.ENSP00000260361	0	0	0	0	0.075	0	0.967	0.514	0.984
NDUFA1	FOXRED1	9606.ENSP00000360492	9606.ENSP00000263578	0	0	0	0	0	0	0.720	0.672	0.904
NDUFA1	NDUFS3	9606.ENSP00000360492	9606.ENSP00000263774	0	0	0	0	0.240	0.939	0.967	0.774	0.999
NDUFA1	NDUFA9	9606.ENSP00000360492	9606.ENSP00000266544	0	0	0	0	0.165	0.936	0.944	0.601	0.998
NDUFA1	UQCRC2	9606.ENSP00000360492	9606.ENSP00000268379	0	0	0	0	0.184	0.830	0	0.616	0.942
NDUFA1	NDUFB10	9606.ENSP00000360492	9606.ENSP00000268668	0	0	0	0	0.302	0.941	0.967	0.584	0.999
NDUFA1	NDUFS6	9606.ENSP00000360492	9606.ENSP00000274137	0	0	0	0	0.629	0.943	0.967	0.894	0.999
NDUFA1	NDUFB11	9606.ENSP00000360492	9606.ENSP00000276062	0	0	0	0	0.516	0.937	0.967	0.789	0.999
NDUFA1	NDUFB9	9606.ENSP00000360492	9606.ENSP00000276689	0	0	0	0	0.394	0.920	0.967	0.711	0.999
NDUFA1	NDUFC2	9606.ENSP00000360492	9606.ENSP00000281031	0	0	0	0	0.433	0.918	0.944	0.623	0.998
NDUFA1	COX6A2	9606.ENSP00000360492	9606.ENSP00000287490	0	0	0	0	0.113	0.845	0	0.435	0.915
NDUFA1	COX7A1	9606.ENSP00000360492	9606.ENSP00000292907	0	0	0	0	0.072	0.830	0	0.564	0.925
NDUFA1	NDUFAF2	9606.ENSP00000360492	9606.ENSP00000296597	0	0	0	0	0.105	0	0.838	0.800	0.968
NDUFA1	NDUFS4	9606.ENSP00000360492	9606.ENSP00000296684	0	0	0	0	0.397	0.921	0.967	0.874	0.999
NDUFA1	NDUFB8	9606.ENSP00000360492	9606.ENSP00000299166	0	0	0	0	0.556	0.917	0.967	0.676	0.999
NDUFA1	NDUFA7	9606.ENSP00000360492	9606.ENSP00000301457	0	0	0	0	0.472	0.932	0.967	0.766	0.999
NDUFA1	ATP5ME	9606.ENSP00000360492	9606.ENSP00000306003	0	0	0	0	0.807	0	0	0.613	0.922
NDUFA1	UQCRFS1	9606.ENSP00000360492	9606.ENSP00000306397	0	0	0	0	0.193	0.830	0	0.402	0.911
NDUFA1	UQCRH	9606.ENSP00000360492	9606.ENSP00000309565	0	0	0	0	0.462	0.844	0	0.500	0.954
NDUFA1	NDUFS8	9606.ENSP00000360492	9606.ENSP00000315774	0	0	0	0	0.194	0.974	0.967	0.850	0.999
NDUFA1	COX5A	9606.ENSP00000360492	9606.ENSP00000317780	0	0	0	0	0.324	0.830	0	0.471	0.934
NDUFA1	NDUFAF3	9606.ENSP00000360492	9606.ENSP00000323076	0	0	0	0	0.067	0	0.838	0.627	0.938
NDUFA1	NDUFV2	9606.ENSP00000360492	9606.ENSP00000327268	0	0	0	0	0.258	0.941	0.967	0.857	0.999
NDUFA1	NDUFA12	9606.ENSP00000360492	9606.ENSP00000330737	0	0	0	0	0.496	0.938	0.967	0.709	0.999
NDUFA1	UQCR10	9606.ENSP00000360492	9606.ENSP00000332887	0	0	0	0	0.756	0.830	0	0.526	0.978
NDUFA1	NDUFA4	9606.ENSP00000360492	9606.ENSP00000339720	0	0	0	0	0.579	0	0.944	0.808	0.995
NDUFA1	NDUFV3	9606.ENSP00000360492	9606.ENSP00000346196	0	0	0	0	0.258	0.922	0.967	0.700	0.999
NDUFA1	MT-CYB	9606.ENSP00000360492	9606.ENSP00000354554	0	0	0	0	0	0.830	0	0.574	0.924
NDUFA1	MT-ND6	9606.ENSP00000360492	9606.ENSP00000354665	0	0	0	0	0.049	0.940	0.851	0.730	0.997
NDUFA1	MT-ND1	9606.ENSP00000360492	9606.ENSP00000354687	0	0	0	0	0	0.965	0.967	0.850	0.999
NDUFA1	MT-ND4L	9606.ENSP00000360492	9606.ENSP00000354728	0	0	0	0	0	0.856	0.851	0.400	0.986
NDUFA1	MT-ND5	9606.ENSP00000360492	9606.ENSP00000354813	0	0	0	0	0	0.922	0.967	0.766	0.999
NDUFA1	MT-ND4	9606.ENSP00000360492	9606.ENSP00000354961	0	0	0	0	0	0.915	0.967	0.667	0.999
NDUFA1	MT-ND2	9606.ENSP00000360492	9606.ENSP00000355046	0	0	0	0	0	0.856	0.967	0.568	0.997
NDUFA1	MT-ND3	9606.ENSP00000360492	9606.ENSP00000355206	0	0	0	0	0	0.856	0.967	0.608	0.998
NDUFA1	NDUFS2	9606.ENSP00000360492	9606.ENSP00000356972	0	0	0	0	0.110	0.928	0.967	0.839	0.999
NDUFA1	NDUFAF4	9606.ENSP00000360492	9606.ENSP00000358272	0	0	0	0	0.060	0	0.838	0.717	0.953
NDUFA1	COX4I1	9606.ENSP00000360492	9606.ENSP00000457513	0	0	0	0	0.403	0.844	0	0.445	0.943
NDUFA1	UQCRB	9606.ENSP00000360492	9606.ENSP00000430494	0	0	0	0	0.486	0.812	0	0.508	0.948
NDUFA1	UQCR11	9606.ENSP00000360492	9606.ENSP00000467262	0	0	0	0	0.676	0.830	0	0.575	0.974
NDUFA1	COX6B1	9606.ENSP00000360492	9606.ENSP00000466818	0	0	0	0	0.789	0.845	0	0.433	0.979
NDUFA1	UQCRQ	9606.ENSP00000360492	9606.ENSP00000367939	0	0	0	0	0.790	0.830	0	0.544	0.982
NDUFA1	COX7B	9606.ENSP00000360492	9606.ENSP00000497474	0	0	0	0	0.643	0.842	0	0.730	0.983
NDUFA1	COX7C	9606.ENSP00000360492	9606.ENSP00000425759	0	0	0	0	0.802	0.830	0	0.736	0.990
NDUFA1	NDUFC1	9606.ENSP00000360492	9606.ENSP00000441126	0	0	0	0	0.482	0.825	0.967	0.608	0.998
NDUFA1	NDUFA6	9606.ENSP00000360492	9606.ENSP00000482543	0	0	0	0	0.863	0.998	0.967	0.825	0.999
NDUFA1	NDUFB6	9606.ENSP00000360492	9606.ENSP00000369176	0	0	0	0	0.468	0.940	0.967	0.685	0.999
NDUFA1	NDUFA5	9606.ENSP00000360492	9606.ENSP00000417142	0	0	0	0	0.724	0.938	0.967	0.755	0.999
NDUFA1	NDUFB1	9606.ENSP00000360492	9606.ENSP00000483888	0	0	0	0	0.522	0.940	0.900	0.788	0.999
NDUFA1	NDUFB2	9606.ENSP00000360492	9606.ENSP00000419087	0	0	0	0	0.455	0.919	0.967	0.592	0.999
NDUFA1	NDUFS5	9606.ENSP00000360492	9606.ENSP00000362058	0	0	0	0	0.826	0.966	0.900	0.811	0.999
NDUFA1	NDUFA8	9606.ENSP00000360492	9606.ENSP00000362873	0	0	0	0	0.283	0.984	0.967	0.692	0.999
NDUFA1	NDUFA3	9606.ENSP00000360492	9606.ENSP00000418438	0	0	0	0	0.493	0.920	0.967	0.756	0.999
NDUFA1	NDUFV1	9606.ENSP00000360492	9606.ENSP00000497587	0	0	0	0	0.169	0.941	0.967	0.818	0.999
NDUFA1	NDUFA13	9606.ENSP00000360492	9606.ENSP00000423673	0	0	0	0	0.668	0.969	0.967	0.756	0.999
NDUFA1	NDUFS1	9606.ENSP00000360492	9606.ENSP00000392709	0	0	0	0	0.049	0.939	0.967	0.818	0.999
NDUFA1	NDUFAB1	9606.ENSP00000360492	9606.ENSP00000458770	0	0	0	0	0.284	0.993	0.967	0.666	0.999
NDUFA1	NDUFA11	9606.ENSP00000360492	9606.ENSP00000389160	0	0	0	0	0.442	0.852	0.944	0.874	0.999
NDUFA1	NDUFB3	9606.ENSP00000360492	9606.ENSP00000407336	0	0	0	0	0.848	0.920	0.967	0.768	0.999
NDUFA10	NDUFB4	9606.ENSP00000252711	9606.ENSP00000184266	0	0	0	0	0.163	0.954	0.967	0.949	0.999
NDUFA10	UQCRC1	9606.ENSP00000252711	9606.ENSP00000203407	0	0	0	0	0.924	0.867	0.134	0.671	0.996
NDUFA10	NDUFB7	9606.ENSP00000252711	9606.ENSP00000215565	0	0	0	0	0.355	0.970	0.967	0.664	0.999
NDUFA10	NDUFS7	9606.ENSP00000252711	9606.ENSP00000233627	0	0	0	0	0.619	0.959	0.967	0.774	0.999
NDUFA10	NDUFA2	9606.ENSP00000252711	9606.ENSP00000252102	0	0	0	0	0.226	0.998	0.967	0.947	0.999
NDUFA10	UQCR10	9606.ENSP00000252711	9606.ENSP00000332887	0	0	0	0	0.208	0.866	0	0.146	0.902
NDUFA10	COX7C	9606.ENSP00000252711	9606.ENSP00000425759	0	0	0	0	0.172	0.844	0	0.332	0.906
NDUFA10	NDUFAF4	9606.ENSP00000252711	9606.ENSP00000358272	0	0	0	0	0.093	0	0.838	0.410	0.906
NDUFA10	MT-CO1	9606.ENSP00000252711	9606.ENSP00000354499	0	0	0	0	0.058	0.844	0	0.430	0.909
NDUFA10	COX7B	9606.ENSP00000252711	9606.ENSP00000497474	0	0	0	0	0.199	0.842	0	0.359	0.912
NDUFA10	NDUFAF2	9606.ENSP00000252711	9606.ENSP00000296597	0	0	0	0	0.056	0	0.838	0.482	0.914
NDUFA10	ATP5F1C	9606.ENSP00000252711	9606.ENSP00000349142	0	0	0	0	0.838	0.096	0	0.494	0.919
NDUFA10	UQCR11	9606.ENSP00000252711	9606.ENSP00000467262	0	0	0	0	0.304	0.844	0	0.321	0.920
NDUFA10	COX6A2	9606.ENSP00000252711	9606.ENSP00000287490	0	0	0	0	0.111	0.865	0	0.409	0.923
NDUFA10	UQCRH	9606.ENSP00000252711	9606.ENSP00000309565	0	0	0	0	0.147	0.856	0.163	0.419	0.932
NDUFA10	ATP5F1B	9606.ENSP00000252711	9606.ENSP00000262030	0	0	0	0	0.877	0.091	0	0.488	0.938
NDUFA10	COX6B1	9606.ENSP00000252711	9606.ENSP00000466818	0	0	0	0	0.216	0.895	0	0.423	0.948
NDUFA10	UQCRQ	9606.ENSP00000252711	9606.ENSP00000367939	0	0	0	0	0.288	0.883	0.172	0.401	0.953
NDUFA10	UQCRB	9606.ENSP00000252711	9606.ENSP00000430494	0	0	0	0	0.245	0.922	0	0.306	0.956
NDUFA10	UQCRFS1	9606.ENSP00000252711	9606.ENSP00000306397	0	0	0	0	0.582	0.866	0.172	0.452	0.971
NDUFA10	COX4I1	9606.ENSP00000252711	9606.ENSP00000457513	0	0	0	0	0.629	0.884	0.114	0.513	0.979
NDUFA10	CYC1	9606.ENSP00000252711	9606.ENSP00000317159	0	0	0	0	0.675	0.898	0	0.467	0.980
NDUFA10	COX5A	9606.ENSP00000252711	9606.ENSP00000317780	0	0	0	0	0.694	0.876	0	0.541	0.981
NDUFA10	COX5B	9606.ENSP00000252711	9606.ENSP00000258424	0	0	0	0	0.579	0.881	0	0.715	0.984
NDUFA10	NDUFAF1	9606.ENSP00000252711	9606.ENSP00000260361	0	0	0	0	0.112	0	0.967	0.541	0.985
NDUFA10	UQCRC2	9606.ENSP00000252711	9606.ENSP00000268379	0	0	0	0	0.694	0.894	0.172	0.544	0.986
NDUFA10	NDUFA4	9606.ENSP00000252711	9606.ENSP00000339720	0	0	0	0	0.166	0.251	0.944	0.698	0.988
NDUFA10	MT-ND4L	9606.ENSP00000252711	9606.ENSP00000354728	0	0	0	0	0	0.894	0.851	0.427	0.990
NDUFA10	NDUFB1	9606.ENSP00000252711	9606.ENSP00000483888	0	0	0	0	0.099	0.894	0.900	0.536	0.995
NDUFA10	MT-ND6	9606.ENSP00000252711	9606.ENSP00000354665	0	0	0	0	0	0.958	0.851	0.577	0.997
NDUFA10	MT-ND5	9606.ENSP00000252711	9606.ENSP00000354813	0	0	0	0	0.066	0.894	0.967	0.435	0.997
NDUFA10	MT-ND1	9606.ENSP00000252711	9606.ENSP00000354687	0	0	0	0	0.066	0.856	0.967	0.452	0.997
NDUFA10	NDUFC1	9606.ENSP00000252711	9606.ENSP00000441126	0	0	0	0	0.138	0.920	0.967	0.482	0.998
NDUFA10	NDUFB3	9606.ENSP00000252711	9606.ENSP00000407336	0	0	0	0	0.216	0.936	0.967	0.709	0.999
NDUFA10	NDUFS1	9606.ENSP00000252711	9606.ENSP00000392709	0	0	0	0	0.496	0.950	0.967	0.881	0.999
NDUFA10	NDUFAB1	9606.ENSP00000252711	9606.ENSP00000458770	0	0	0	0	0.238	0.991	0.967	0.633	0.999
NDUFA10	NDUFV2	9606.ENSP00000252711	9606.ENSP00000327268	0	0	0	0	0.381	0.977	0.967	0.717	0.999
NDUFA10	MT-ND3	9606.ENSP00000252711	9606.ENSP00000355206	0	0	0	0	0	0.953	0.967	0.601	0.999
NDUFA10	MT-ND4	9606.ENSP00000252711	9606.ENSP00000354961	0	0	0	0	0.067	0.959	0.967	0.426	0.999
NDUFA10	NDUFC2	9606.ENSP00000252711	9606.ENSP00000281031	0	0	0	0	0.373	0.963	0.944	0.607	0.999
NDUFA10	NDUFA13	9606.ENSP00000252711	9606.ENSP00000423673	0	0	0	0	0.650	0.892	0.967	0.638	0.999
NDUFA10	NDUFB5	9606.ENSP00000252711	9606.ENSP00000259037	0	0	0	0	0.883	0.921	0.967	0.755	0.999
NDUFA10	NDUFB2	9606.ENSP00000252711	9606.ENSP00000419087	0	0	0	0	0.151	0.813	0.967	0.918	0.999
NDUFA10	NDUFA12	9606.ENSP00000252711	9606.ENSP00000330737	0	0	0	0	0.350	0.937	0.967	0.559	0.999
NDUFA10	NDUFA9	9606.ENSP00000252711	9606.ENSP00000266544	0	0	0	0	0.867	0.998	0.944	0.886	0.999
NDUFA10	NDUFA5	9606.ENSP00000252711	9606.ENSP00000417142	0	0	0	0	0.206	0.981	0.967	0.953	0.999
NDUFA10	NDUFB8	9606.ENSP00000252711	9606.ENSP00000299166	0	0	0	0	0.743	0.894	0.967	0.763	0.999
NDUFA10	NDUFA6	9606.ENSP00000252711	9606.ENSP00000482543	0	0	0	0	0.254	0.998	0.967	0.789	0.999
NDUFA10	NDUFS6	9606.ENSP00000252711	9606.ENSP00000274137	0	0	0	0	0.351	0.918	0.967	0.711	0.999
NDUFA10	NDUFB11	9606.ENSP00000252711	9606.ENSP00000276062	0	0	0	0	0.329	0.982	0.967	0.710	0.999
NDUFA10	NDUFA1	9606.ENSP00000252711	9606.ENSP00000360492	0	0	0	0	0.067	0.914	0.967	0.805	0.999
NDUFA10	NDUFA11	9606.ENSP00000252711	9606.ENSP00000389160	0	0	0	0	0.259	0.998	0.944	0.742	0.999
NDUFA10	NDUFS4	9606.ENSP00000252711	9606.ENSP00000296684	0	0	0	0	0.297	0.957	0.967	0.745	0.999
NDUFA10	NDUFA7	9606.ENSP00000252711	9606.ENSP00000301457	0	0	0	0	0.244	0.914	0.967	0.957	0.999
NDUFA10	MT-ND2	9606.ENSP00000252711	9606.ENSP00000355046	0	0	0	0	0.056	0.959	0.967	0.436	0.999
NDUFA10	NDUFS3	9606.ENSP00000252711	9606.ENSP00000263774	0	0	0	0	0.854	0.918	0.967	0.820	0.999
NDUFA10	NDUFV1	9606.ENSP00000252711	9606.ENSP00000497587	0	0	0	0	0.949	0.959	0.967	0.828	0.999
NDUFA10	NDUFA3	9606.ENSP00000252711	9606.ENSP00000418438	0	0	0	0	0.167	0.921	0.967	0.678	0.999
NDUFA10	NDUFB9	9606.ENSP00000252711	9606.ENSP00000276689	0	0	0	0	0.456	0.926	0.967	0.818	0.999
NDUFA10	NDUFA8	9606.ENSP00000252711	9606.ENSP00000362873	0	0	0	0	0.434	0.957	0.967	0.718	0.999
NDUFA10	NDUFS2	9606.ENSP00000252711	9606.ENSP00000356972	0	0	0	0	0.940	0.982	0.967	0.905	0.999
NDUFA10	NDUFS5	9606.ENSP00000252711	9606.ENSP00000362058	0	0	0	0	0.353	0.957	0.900	0.718	0.999
NDUFA10	NDUFB10	9606.ENSP00000252711	9606.ENSP00000268668	0	0	0	0	0.528	0.957	0.967	0.980	0.999
NDUFA10	NDUFV3	9606.ENSP00000252711	9606.ENSP00000346196	0	0	0	0	0.179	0.934	0.967	0.586	0.999
NDUFA10	NDUFB6	9606.ENSP00000252711	9606.ENSP00000369176	0	0	0	0	0.435	0.956	0.967	0.705	0.999
NDUFA10	NDUFS8	9606.ENSP00000252711	9606.ENSP00000315774	0	0	0	0	0.846	0.912	0.967	0.804	0.999
NDUFA11	NDUFB4	9606.ENSP00000389160	9606.ENSP00000184266	0	0	0	0	0.585	0.999	0.944	0.641	0.999
NDUFA11	UQCRC1	9606.ENSP00000389160	9606.ENSP00000203407	0	0	0	0	0.571	0.852	0	0.556	0.969
NDUFA11	NDUFB7	9606.ENSP00000389160	9606.ENSP00000215565	0	0	0	0	0.924	0.878	0.944	0.763	0.999
NDUFA11	NDUFS7	9606.ENSP00000389160	9606.ENSP00000233627	0	0	0	0	0.925	0.998	0.944	0.890	0.999
NDUFA11	NDUFA2	9606.ENSP00000389160	9606.ENSP00000252102	0	0	0	0	0.806	0.998	0.944	0.857	0.999
NDUFA11	NDUFA10	9606.ENSP00000389160	9606.ENSP00000252711	0	0	0	0	0.259	0.998	0.944	0.742	0.999
NDUFA11	COX5B	9606.ENSP00000389160	9606.ENSP00000258424	0	0	0	0	0.777	0.931	0	0.589	0.993
NDUFA11	NDUFB5	9606.ENSP00000389160	9606.ENSP00000259037	0	0	0	0	0.663	0.999	0.944	0.787	0.999
NDUFA11	NDUFAF1	9606.ENSP00000389160	9606.ENSP00000260361	0	0	0	0	0.056	0	0.944	0.590	0.976
NDUFA11	FOXRED1	9606.ENSP00000389160	9606.ENSP00000263578	0	0	0	0	0.055	0	0.720	0.697	0.912
NDUFA11	NDUFS3	9606.ENSP00000389160	9606.ENSP00000263774	0	0	0	0	0.513	0.998	0.944	0.727	0.999
NDUFA11	NDUFA9	9606.ENSP00000389160	9606.ENSP00000266544	0	0	0	0	0.619	0.998	0.933	0.680	0.999
NDUFA11	UQCRC2	9606.ENSP00000389160	9606.ENSP00000268379	0	0	0	0	0.164	0.852	0	0.365	0.914
NDUFA11	NDUFB10	9606.ENSP00000389160	9606.ENSP00000268668	0	0	0	0	0.630	0.878	0.944	0.750	0.999
NDUFA11	NDUFS6	9606.ENSP00000389160	9606.ENSP00000274137	0	0	0	0	0.741	0.998	0.944	0.784	0.999
NDUFA11	NDUFB11	9606.ENSP00000389160	9606.ENSP00000276062	0	0	0	0	0.761	0.998	0.944	0.683	0.999
NDUFA11	NDUFB9	9606.ENSP00000389160	9606.ENSP00000276689	0	0	0	0	0.706	0.878	0.944	0.864	0.999
NDUFA11	NDUFC2	9606.ENSP00000389160	9606.ENSP00000281031	0	0	0	0	0.621	0.856	0.933	0.726	0.998
NDUFA11	COX6A2	9606.ENSP00000389160	9606.ENSP00000287490	0	0	0	0	0.140	0.830	0	0.451	0.913
NDUFA11	NDUFAF2	9606.ENSP00000389160	9606.ENSP00000296597	0	0	0	0	0.151	0	0.722	0.730	0.930
NDUFA11	NDUFS4	9606.ENSP00000389160	9606.ENSP00000296684	0	0	0	0	0.555	0.998	0.944	0.735	0.999
NDUFA11	NDUFB8	9606.ENSP00000389160	9606.ENSP00000299166	0	0	0	0	0.841	0.998	0.944	0.701	0.999
NDUFA11	NDUFA7	9606.ENSP00000389160	9606.ENSP00000301457	0	0	0	0	0.895	0.852	0.944	0.752	0.999
NDUFA11	UQCRFS1	9606.ENSP00000389160	9606.ENSP00000306397	0	0	0	0	0.360	0.998	0	0.412	0.999
NDUFA11	UQCRH	9606.ENSP00000389160	9606.ENSP00000309565	0	0	0	0	0.382	0.852	0	0.641	0.964
NDUFA11	NDUFS8	9606.ENSP00000389160	9606.ENSP00000315774	0	0	0	0	0.835	0.998	0.944	0.911	0.999
NDUFA11	CYC1	9606.ENSP00000389160	9606.ENSP00000317159	0	0	0	0	0.621	0.852	0	0.358	0.960
NDUFA11	COX5A	9606.ENSP00000389160	9606.ENSP00000317780	0	0	0	0	0.314	0.824	0	0.399	0.921
NDUFA11	NDUFAF3	9606.ENSP00000389160	9606.ENSP00000323076	0	0	0	0	0.249	0	0.722	0.690	0.929
NDUFA11	NDUFV2	9606.ENSP00000389160	9606.ENSP00000327268	0	0	0	0	0.303	0.998	0.944	0.849	0.999
NDUFA11	NDUFA12	9606.ENSP00000389160	9606.ENSP00000330737	0	0	0	0	0.790	0.998	0.944	0.730	0.999
NDUFA11	UQCR10	9606.ENSP00000389160	9606.ENSP00000332887	0	0	0	0	0.769	0.998	0	0.660	0.999
NDUFA11	NDUFA4	9606.ENSP00000389160	9606.ENSP00000339720	0	0	0	0	0.265	0	0.933	0.629	0.980
NDUFA11	NDUFV3	9606.ENSP00000389160	9606.ENSP00000346196	0	0	0	0	0.402	0.998	0.944	0.476	0.999
NDUFA11	MT-CYB	9606.ENSP00000389160	9606.ENSP00000354554	0	0	0	0	0	0.852	0	0.548	0.930
NDUFA11	MT-ND6	9606.ENSP00000389160	9606.ENSP00000354665	0	0	0	0	0	0.922	0.744	0.714	0.993
NDUFA11	MT-ND1	9606.ENSP00000389160	9606.ENSP00000354687	0	0	0	0	0.391	0.852	0.944	0.713	0.998
NDUFA11	MT-ND4L	9606.ENSP00000389160	9606.ENSP00000354728	0	0	0	0	0.049	0.918	0.744	0.293	0.984
NDUFA11	MT-ND5	9606.ENSP00000389160	9606.ENSP00000354813	0	0	0	0	0.257	0.999	0.944	0.782	0.999
NDUFA11	MT-ND4	9606.ENSP00000389160	9606.ENSP00000354961	0	0	0	0	0.256	0.999	0.944	0.638	0.999
NDUFA11	MT-ND2	9606.ENSP00000389160	9606.ENSP00000355046	0	0	0	0	0.108	0.978	0.944	0.624	0.999
NDUFA11	MT-ND3	9606.ENSP00000389160	9606.ENSP00000355206	0	0	0	0	0	0.878	0.944	0.753	0.998
NDUFA11	NDUFS2	9606.ENSP00000389160	9606.ENSP00000356972	0	0	0	0	0.262	0.998	0.944	0.869	0.999
NDUFA11	NDUFAF4	9606.ENSP00000389160	9606.ENSP00000358272	0	0	0	0	0.049	0	0.722	0.764	0.932
NDUFA11	NDUFA1	9606.ENSP00000389160	9606.ENSP00000360492	0	0	0	0	0.442	0.852	0.944	0.874	0.999
NDUFA11	NDUFS5	9606.ENSP00000389160	9606.ENSP00000362058	0	0	0	0	0.827	0.998	0.900	0.553	0.999
NDUFA11	NDUFA8	9606.ENSP00000389160	9606.ENSP00000362873	0	0	0	0	0.731	0.952	0.944	0.744	0.999
NDUFA11	UQCRQ	9606.ENSP00000389160	9606.ENSP00000367939	0	0	0	0	0.795	0.852	0	0.909	0.997
NDUFA11	NDUFB6	9606.ENSP00000389160	9606.ENSP00000369176	0	0	0	0	0.675	0.998	0.944	0.546	0.999
NDUFA11	COX4I1	9606.ENSP00000389160	9606.ENSP00000457513	0	0	0	0	0.475	0.830	0	0.359	0.937
NDUFA11	COX6B1	9606.ENSP00000389160	9606.ENSP00000466818	0	0	0	0	0.461	0.830	0	0.446	0.945
NDUFA11	COX7C	9606.ENSP00000389160	9606.ENSP00000425759	0	0	0	0	0.441	0.824	0	0.569	0.954
NDUFA11	COX7B	9606.ENSP00000389160	9606.ENSP00000497474	0	0	0	0	0.275	0.829	0	0.675	0.956
NDUFA11	UQCRB	9606.ENSP00000389160	9606.ENSP00000430494	0	0	0	0	0.290	0.931	0	0.573	0.977
NDUFA11	UQCR11	9606.ENSP00000389160	9606.ENSP00000467262	0	0	0	0	0.849	0.824	0	0.679	0.990
NDUFA11	NDUFB2	9606.ENSP00000389160	9606.ENSP00000419087	0	0	0	0	0.518	0.811	0.944	0.430	0.996
NDUFA11	NDUFB1	9606.ENSP00000389160	9606.ENSP00000483888	0	0	0	0	0.376	0.878	0.900	0.691	0.997
NDUFA11	NDUFC1	9606.ENSP00000389160	9606.ENSP00000441126	0	0	0	0	0.529	0.820	0.944	0.571	0.997
NDUFA11	NDUFA6	9606.ENSP00000389160	9606.ENSP00000482543	0	0	0	0	0.352	0.998	0.944	0.758	0.999
NDUFA11	NDUFA5	9606.ENSP00000389160	9606.ENSP00000417142	0	0	0	0	0.638	0.998	0.944	0.658	0.999
NDUFA11	NDUFAB1	9606.ENSP00000389160	9606.ENSP00000458770	0	0	0	0	0.261	0.999	0.944	0.519	0.999
NDUFA11	NDUFS1	9606.ENSP00000389160	9606.ENSP00000392709	0	0	0	0	0.164	0.998	0.944	0.814	0.999
NDUFA11	NDUFB3	9606.ENSP00000389160	9606.ENSP00000407336	0	0	0	0	0.635	0.998	0.944	0.786	0.999
NDUFA11	NDUFA3	9606.ENSP00000389160	9606.ENSP00000418438	0	0	0	0	0.784	0.878	0.944	0.734	0.999
NDUFA11	NDUFV1	9606.ENSP00000389160	9606.ENSP00000497587	0	0	0	0	0.692	0.998	0.944	0.863	0.999
NDUFA11	NDUFA13	9606.ENSP00000389160	9606.ENSP00000423673	0	0	0	0	0.910	0.852	0.944	0.737	0.999
NDUFA12	NDUFB4	9606.ENSP00000330737	9606.ENSP00000184266	0	0	0	0	0.918	0.998	0.967	0.644	0.999
NDUFA12	UQCRC1	9606.ENSP00000330737	9606.ENSP00000203407	0	0	0	0	0.328	0.999	0	0.410	0.999
NDUFA12	NDUFB7	9606.ENSP00000330737	9606.ENSP00000215565	0	0	0	0	0.943	0.998	0.967	0.673	0.999
NDUFA12	NDUFS7	9606.ENSP00000330737	9606.ENSP00000233627	0	0	0	0	0.895	0.999	0.967	0.800	0.999
NDUFA12	NDUFA2	9606.ENSP00000330737	9606.ENSP00000252102	0	0	0	0	0.965	0.998	0.967	0.814	0.999
NDUFA12	NDUFA10	9606.ENSP00000330737	9606.ENSP00000252711	0	0	0	0	0.350	0.937	0.967	0.559	0.999
NDUFA12	COX5B	9606.ENSP00000330737	9606.ENSP00000258424	0	0	0	0	0.878	0.855	0	0.429	0.989
NDUFA12	NDUFB5	9606.ENSP00000330737	9606.ENSP00000259037	0	0	0	0	0.938	0.998	0.967	0.615	0.999
NDUFA12	NDUFAF1	9606.ENSP00000330737	9606.ENSP00000260361	0	0	0	0	0.085	0.994	0.967	0.737	0.999
NDUFA12	NDUFS3	9606.ENSP00000330737	9606.ENSP00000263774	0	0	0	0	0.931	0.998	0.967	0.679	0.999
NDUFA12	NDUFA9	9606.ENSP00000330737	9606.ENSP00000266544	0	0	0	0	0.896	0.999	0.944	0.660	0.999
NDUFA12	UQCRC2	9606.ENSP00000330737	9606.ENSP00000268379	0	0	0	0	0.634	0.934	0	0.355	0.983
NDUFA12	NDUFB10	9606.ENSP00000330737	9606.ENSP00000268668	0	0	0	0	0.862	0.998	0.967	0.765	0.999
NDUFA12	NDUFS6	9606.ENSP00000330737	9606.ENSP00000274137	0	0	0	0	0.949	0.999	0.967	0.828	0.999
NDUFA12	NDUFB11	9606.ENSP00000330737	9606.ENSP00000276062	0	0	0	0	0.836	0.998	0.967	0.702	0.999
NDUFA12	NDUFB9	9606.ENSP00000330737	9606.ENSP00000276689	0	0	0	0	0.981	0.998	0.967	0.708	0.999
NDUFA12	NDUFC2	9606.ENSP00000330737	9606.ENSP00000281031	0	0	0	0	0.841	0.937	0.944	0.658	0.999
NDUFA12	COX6A2	9606.ENSP00000330737	9606.ENSP00000287490	0	0	0	0	0.552	0.856	0	0.384	0.957
NDUFA12	ATP5PO	9606.ENSP00000330737	9606.ENSP00000290299	0	0	0	0	0.877	0	0	0.352	0.917
NDUFA12	NDUFAF2	9606.ENSP00000330737	9606.ENSP00000296597	0	0	0	0	0.252	0	0.935	0.963	0.998
NDUFA12	NDUFS4	9606.ENSP00000330737	9606.ENSP00000296684	0	0	0	0	0.990	0.999	0.967	0.863	0.999
NDUFA12	NDUFB8	9606.ENSP00000330737	9606.ENSP00000299166	0	0	0	0	0.981	0.998	0.967	0.592	0.999
NDUFA12	NDUFA7	9606.ENSP00000330737	9606.ENSP00000301457	0	0	0	0	0.666	0.999	0.967	0.826	0.999
NDUFA12	ATP5PD	9606.ENSP00000330737	9606.ENSP00000301587	0	0	0	0	0.938	0.237	0	0.350	0.966
NDUFA12	UQCRFS1	9606.ENSP00000330737	9606.ENSP00000306397	0	0	0	0	0.950	0.998	0.172	0.415	0.999
NDUFA12	UQCRH	9606.ENSP00000330737	9606.ENSP00000309565	0	0	0	0	0.759	0.980	0.163	0.473	0.997
NDUFA12	NDUFS8	9606.ENSP00000330737	9606.ENSP00000315774	0	0	0	0	0.977	0.999	0.967	0.829	0.999
NDUFA12	CYC1	9606.ENSP00000330737	9606.ENSP00000317159	0	0	0	0	0.678	0.993	0.172	0.196	0.998
NDUFA12	COX5A	9606.ENSP00000330737	9606.ENSP00000317780	0	0	0	0	0.969	0.876	0	0.389	0.997
NDUFA12	NDUFV2	9606.ENSP00000330737	9606.ENSP00000327268	0	0	0	0	0.979	0.998	0.967	0.844	0.999
NDUFA12	MT-CYB	9606.ENSP00000330737	9606.ENSP00000354554	0	0	0	0	0	0.904	0	0.181	0.918
NDUFA12	ATP5IF1	9606.ENSP00000330737	9606.ENSP00000335203	0	0	0	0	0.899	0	0	0.237	0.919
NDUFA12	SDHB	9606.ENSP00000330737	9606.ENSP00000364649	0	0	0	0	0.836	0.396	0	0.362	0.931
NDUFA12	SDHD	9606.ENSP00000330737	9606.ENSP00000364699	0	0	0	0	0.906	0	0	0.292	0.931
NDUFA12	COX7B	9606.ENSP00000330737	9606.ENSP00000497474	0	0	0	0	0.327	0.842	0	0.427	0.934
NDUFA12	NDUFAF4	9606.ENSP00000330737	9606.ENSP00000358272	0	0	0	0	0.151	0	0.838	0.608	0.941
NDUFA12	ATP5PB	9606.ENSP00000330737	9606.ENSP00000358737	0	0	0	0	0.861	0.100	0	0.597	0.945
NDUFA12	SDHC	9606.ENSP00000330737	9606.ENSP00000356953	0	0	0	0	0.941	0	0	0.205	0.951
NDUFA12	ATP5F1C	9606.ENSP00000330737	9606.ENSP00000349142	0	0	0	0	0.896	0.433	0	0.516	0.969
NDUFA12	COX6C	9606.ENSP00000330737	9606.ENSP00000429707	0	0	0	0	0.863	0.726	0	0.251	0.969
NDUFA12	COX4I1	9606.ENSP00000330737	9606.ENSP00000457513	0	0	0	0	0.673	0.864	0	0.396	0.971
NDUFA12	COX6B1	9606.ENSP00000330737	9606.ENSP00000466818	0	0	0	0	0.734	0.873	0	0.359	0.976
NDUFA12	COX7C	9606.ENSP00000330737	9606.ENSP00000425759	0	0	0	0	0.760	0.830	0	0.489	0.977
NDUFA12	ATP5PF	9606.ENSP00000330737	9606.ENSP00000389649	0	0	0	0	0.975	0	0	0.323	0.982
NDUFA12	MT-ND6	9606.ENSP00000330737	9606.ENSP00000354665	0	0	0	0	0	0.894	0.851	0.339	0.988
NDUFA12	UQCR11	9606.ENSP00000330737	9606.ENSP00000467262	0	0	0	0	0.945	0.830	0	0.467	0.994
NDUFA12	UQCRQ	9606.ENSP00000330737	9606.ENSP00000367939	0	0	0	0	0.952	0.890	0	0.357	0.996
NDUFA12	NDUFB2	9606.ENSP00000330737	9606.ENSP00000419087	0	0	0	0	0.262	0.812	0.967	0.365	0.996
NDUFA12	NDUFB1	9606.ENSP00000330737	9606.ENSP00000483888	0	0	0	0	0.609	0.894	0.900	0.479	0.997
NDUFA12	MT-ND4L	9606.ENSP00000330737	9606.ENSP00000354728	0	0	0	0	0	0.987	0.851	0.390	0.998
NDUFA12	TIMMDC1	9606.ENSP00000330737	9606.ENSP00000418803	0	0	0	0	0.081	0.994	0.500	0.395	0.998
NDUFA12	MT-ND4	9606.ENSP00000330737	9606.ENSP00000354961	0	0	0	0	0.250	0.991	0.967	0.489	0.999
NDUFA12	NDUFA4	9606.ENSP00000330737	9606.ENSP00000339720	0	0	0	0	0.895	0.736	0.944	0.745	0.999
NDUFA12	MT-ND3	9606.ENSP00000330737	9606.ENSP00000355206	0	0	0	0	0.084	0.991	0.967	0.434	0.999
NDUFA12	NDUFA13	9606.ENSP00000330737	9606.ENSP00000423673	0	0	0	0	0.953	0.998	0.967	0.768	0.999
NDUFA12	NDUFB3	9606.ENSP00000330737	9606.ENSP00000407336	0	0	0	0	0.966	0.998	0.967	0.606	0.999
NDUFA12	NDUFAB1	9606.ENSP00000330737	9606.ENSP00000458770	0	0	0	0	0.762	0.991	0.967	0.530	0.999
NDUFA12	NDUFS1	9606.ENSP00000330737	9606.ENSP00000392709	0	0	0	0	0.715	0.999	0.967	0.885	0.999
NDUFA12	NDUFC1	9606.ENSP00000330737	9606.ENSP00000441126	0	0	0	0	0.731	0.825	0.967	0.672	0.999
NDUFA12	MT-ND5	9606.ENSP00000330737	9606.ENSP00000354813	0	0	0	0	0.190	0.999	0.967	0.467	0.999
NDUFA12	NDUFA5	9606.ENSP00000330737	9606.ENSP00000417142	0	0	0	0	0.971	0.998	0.967	0.784	0.999
NDUFA12	NDUFA6	9606.ENSP00000330737	9606.ENSP00000482543	0	0	0	0	0.974	0.998	0.967	0.810	0.999
NDUFA12	UQCRB	9606.ENSP00000330737	9606.ENSP00000430494	0	0	0	0	0.973	0.981	0.172	0.342	0.999
NDUFA12	MT-ND2	9606.ENSP00000330737	9606.ENSP00000355046	0	0	0	0	0.127	0.988	0.967	0.503	0.999
NDUFA12	MT-ND1	9606.ENSP00000330737	9606.ENSP00000354687	0	0	0	0	0.254	0.999	0.967	0.551	0.999
NDUFA12	NDUFV1	9606.ENSP00000330737	9606.ENSP00000497587	0	0	0	0	0.877	0.998	0.967	0.918	0.999
NDUFA12	NDUFA3	9606.ENSP00000330737	9606.ENSP00000418438	0	0	0	0	0.546	0.894	0.967	0.635	0.999
NDUFA12	NDUFA1	9606.ENSP00000330737	9606.ENSP00000360492	0	0	0	0	0.496	0.938	0.967	0.709	0.999
NDUFA12	NDUFA11	9606.ENSP00000330737	9606.ENSP00000389160	0	0	0	0	0.790	0.998	0.944	0.730	0.999
NDUFA12	NDUFB6	9606.ENSP00000330737	9606.ENSP00000369176	0	0	0	0	0.985	0.998	0.967	0.676	0.999
NDUFA12	NDUFA8	9606.ENSP00000330737	9606.ENSP00000362873	0	0	0	0	0.975	0.995	0.967	0.791	0.999
NDUFA12	UQCR10	9606.ENSP00000330737	9606.ENSP00000332887	0	0	0	0	0.961	0.967	0	0.446	0.999
NDUFA12	NDUFS2	9606.ENSP00000330737	9606.ENSP00000356972	0	0	0	0	0.910	0.998	0.967	0.833	0.999
NDUFA12	NDUFS5	9606.ENSP00000330737	9606.ENSP00000362058	0	0	0	0	0.924	0.998	0.900	0.519	0.999
NDUFA12	NDUFV3	9606.ENSP00000330737	9606.ENSP00000346196	0	0	0	0	0.351	0.998	0.967	0.852	0.999
NDUFA13	NDUFB4	9606.ENSP00000423673	9606.ENSP00000184266	0	0	0	0	0.892	0.884	0.967	0.681	0.999
NDUFA13	UQCRC1	9606.ENSP00000423673	9606.ENSP00000203407	0	0	0	0	0.681	0.917	0	0.389	0.982
NDUFA13	ATP5F1D	9606.ENSP00000423673	9606.ENSP00000215375	0	0	0	0	0.893	0.094	0	0.373	0.934
NDUFA13	NDUFB7	9606.ENSP00000423673	9606.ENSP00000215565	0	0	0	0	0.980	0.991	0.967	0.783	0.999
NDUFA13	NDUFS7	9606.ENSP00000423673	9606.ENSP00000233627	0	0	0	0	0.990	0.999	0.967	0.749	0.999
NDUFA13	NDUFA2	9606.ENSP00000423673	9606.ENSP00000252102	0	0	0	0	0.825	0.998	0.967	0.640	0.999
NDUFA13	NDUFA10	9606.ENSP00000423673	9606.ENSP00000252711	0	0	0	0	0.650	0.892	0.967	0.638	0.999
NDUFA13	COX5B	9606.ENSP00000423673	9606.ENSP00000258424	0	0	0	0	0.949	0.854	0	0.491	0.995
NDUFA13	NDUFB5	9606.ENSP00000423673	9606.ENSP00000259037	0	0	0	0	0.856	0.975	0.967	0.708	0.999
NDUFA13	NDUFAF1	9606.ENSP00000423673	9606.ENSP00000260361	0	0	0	0	0.135	0.996	0.967	0.632	0.999
NDUFA13	NDUFS3	9606.ENSP00000423673	9606.ENSP00000263774	0	0	0	0	0.914	0.998	0.967	0.891	0.999
NDUFA13	STAT3	9606.ENSP00000423673	9606.ENSP00000264657	0	0	0	0	0.042	0.334	0	0.910	0.937
NDUFA13	NDUFA9	9606.ENSP00000423673	9606.ENSP00000266544	0	0	0	0	0.901	0.999	0.944	0.853	0.999
NDUFA13	UQCRC2	9606.ENSP00000423673	9606.ENSP00000268379	0	0	0	0	0.344	0.886	0	0.453	0.955
NDUFA13	NDUFB10	9606.ENSP00000423673	9606.ENSP00000268668	0	0	0	0	0.908	0.995	0.967	0.636	0.999
NDUFA13	ECSIT	9606.ENSP00000423673	9606.ENSP00000270517	0	0	0	0	0.429	0.994	0.500	0.383	0.998
NDUFA13	NDUFS6	9606.ENSP00000423673	9606.ENSP00000274137	0	0	0	0	0.898	0.995	0.967	0.745	0.999
NDUFA13	NDUFB11	9606.ENSP00000423673	9606.ENSP00000276062	0	0	0	0	0.948	0.933	0.967	0.781	0.999
NDUFA13	NDUFB9	9606.ENSP00000423673	9606.ENSP00000276689	0	0	0	0	0.960	0.993	0.967	0.729	0.999
NDUFA13	NDUFC2	9606.ENSP00000423673	9606.ENSP00000281031	0	0	0	0	0.858	0.974	0.944	0.573	0.999
NDUFA13	COX6A2	9606.ENSP00000423673	9606.ENSP00000287490	0	0	0	0	0.401	0.854	0	0.346	0.938
NDUFA13	NDUFAF2	9606.ENSP00000423673	9606.ENSP00000296597	0	0	0	0	0.110	0.507	0.838	0.444	0.955
NDUFA13	NDUFS4	9606.ENSP00000423673	9606.ENSP00000296684	0	0	0	0	0.709	0.998	0.967	0.746	0.999
NDUFA13	NDUFB8	9606.ENSP00000423673	9606.ENSP00000299166	0	0	0	0	0.957	0.988	0.967	0.760	0.999
NDUFA13	NDUFA7	9606.ENSP00000423673	9606.ENSP00000301457	0	0	0	0	0.919	0.970	0.967	0.840	0.999
NDUFA13	ATP5PD	9606.ENSP00000423673	9606.ENSP00000301587	0	0	0	0	0.869	0.091	0	0.370	0.918
NDUFA13	ATP5ME	9606.ENSP00000423673	9606.ENSP00000306003	0	0	0	0	0.934	0	0	0.410	0.959
NDUFA13	UQCRFS1	9606.ENSP00000423673	9606.ENSP00000306397	0	0	0	0	0.569	0.998	0.155	0.426	0.999
NDUFA13	UQCRH	9606.ENSP00000423673	9606.ENSP00000309565	0	0	0	0	0.654	0.932	0.163	0.614	0.991
NDUFA13	ACAD9	9606.ENSP00000423673	9606.ENSP00000312618	0	0	0	0	0.089	0.994	0.500	0.279	0.997
NDUFA13	NDUFS8	9606.ENSP00000423673	9606.ENSP00000315774	0	0	0	0	0.980	0.997	0.967	0.802	0.999
NDUFA13	CYC1	9606.ENSP00000423673	9606.ENSP00000317159	0	0	0	0	0.830	0.967	0	0.125	0.994
NDUFA13	COX5A	9606.ENSP00000423673	9606.ENSP00000317780	0	0	0	0	0.870	0.852	0	0.371	0.986
NDUFA13	NDUFAF3	9606.ENSP00000423673	9606.ENSP00000323076	0	0	0	0	0.400	0.994	0.838	0.306	0.999
NDUFA13	NDUFV2	9606.ENSP00000423673	9606.ENSP00000327268	0	0	0	0	0.767	0.998	0.967	0.667	0.999
NDUFA13	NDUFA12	9606.ENSP00000423673	9606.ENSP00000330737	0	0	0	0	0.953	0.998	0.967	0.768	0.999
NDUFA13	UQCR10	9606.ENSP00000423673	9606.ENSP00000332887	0	0	0	0	0.830	0.959	0	0.352	0.995
NDUFA13	NDUFA4	9606.ENSP00000423673	9606.ENSP00000339720	0	0	0	0	0.459	0.225	0.944	0.586	0.989
NDUFA13	NDUFV3	9606.ENSP00000423673	9606.ENSP00000346196	0	0	0	0	0.686	0.943	0.967	0.408	0.999
NDUFA13	TMEM126B	9606.ENSP00000423673	9606.ENSP00000351737	0	0	0	0	0.049	0.994	0.500	0.377	0.997
NDUFA13	MT-CYB	9606.ENSP00000423673	9606.ENSP00000354554	0	0	0	0	0	0.897	0	0.278	0.922
NDUFA13	MT-ND6	9606.ENSP00000423673	9606.ENSP00000354665	0	0	0	0	0	0.940	0.851	0.340	0.993
NDUFA13	MT-ND1	9606.ENSP00000423673	9606.ENSP00000354687	0	0	0	0	0.391	0.996	0.967	0.387	0.999
NDUFA13	MT-ND4L	9606.ENSP00000423673	9606.ENSP00000354728	0	0	0	0	0	0.986	0.851	0.250	0.998
NDUFA13	MT-ND5	9606.ENSP00000423673	9606.ENSP00000354813	0	0	0	0	0.257	0.988	0.967	0.406	0.999
NDUFA13	MT-ND4	9606.ENSP00000423673	9606.ENSP00000354961	0	0	0	0	0.257	0.995	0.967	0.327	0.999
NDUFA13	MT-ND2	9606.ENSP00000423673	9606.ENSP00000355046	0	0	0	0	0.149	0.988	0.967	0.583	0.999
NDUFA13	MT-ND3	9606.ENSP00000423673	9606.ENSP00000355206	0	0	0	0	0	0.994	0.967	0.355	0.999
NDUFA13	NDUFS2	9606.ENSP00000423673	9606.ENSP00000356972	0	0	0	0	0.927	0.999	0.967	0.771	0.999
NDUFA13	NDUFAF4	9606.ENSP00000423673	9606.ENSP00000358272	0	0	0	0	0.056	0.994	0.838	0.449	0.999
NDUFA13	NDUFA1	9606.ENSP00000423673	9606.ENSP00000360492	0	0	0	0	0.668	0.969	0.967	0.756	0.999
NDUFA13	NDUFS5	9606.ENSP00000423673	9606.ENSP00000362058	0	0	0	0	0.886	0.999	0.900	0.728	0.999
NDUFA13	NDUFA8	9606.ENSP00000423673	9606.ENSP00000362873	0	0	0	0	0.956	0.997	0.967	0.842	0.999
NDUFA13	COX4I2	9606.ENSP00000423673	9606.ENSP00000365243	0	0	0	0	0.829	0.301	0	0.301	0.909
NDUFA13	UQCRQ	9606.ENSP00000423673	9606.ENSP00000367939	0	0	0	0	0.955	0.852	0	0.324	0.995
NDUFA13	NDUFB6	9606.ENSP00000423673	9606.ENSP00000369176	0	0	0	0	0.907	0.904	0.967	0.791	0.999
NDUFA13	NDUFA11	9606.ENSP00000423673	9606.ENSP00000389160	0	0	0	0	0.910	0.852	0.944	0.737	0.999
NDUFA13	ATP5PF	9606.ENSP00000423673	9606.ENSP00000389649	0	0	0	0	0.636	0.629	0	0.462	0.921
NDUFA13	NDUFS1	9606.ENSP00000423673	9606.ENSP00000392709	0	0	0	0	0.534	0.998	0.967	0.816	0.999
NDUFA13	NDUFB3	9606.ENSP00000423673	9606.ENSP00000407336	0	0	0	0	0.839	0.998	0.967	0.648	0.999
NDUFA13	NDUFA5	9606.ENSP00000423673	9606.ENSP00000417142	0	0	0	0	0.698	0.998	0.967	0.799	0.999
NDUFA13	NDUFA3	9606.ENSP00000423673	9606.ENSP00000418438	0	0	0	0	0.776	0.977	0.967	0.904	0.999
NDUFA13	TIMMDC1	9606.ENSP00000423673	9606.ENSP00000418803	0	0	0	0	0.060	0.994	0.500	0.692	0.999
NDUFA13	NDUFB2	9606.ENSP00000423673	9606.ENSP00000419087	0	0	0	0	0.354	0.812	0.967	0.407	0.997
NDUFA13	COX6C	9606.ENSP00000423673	9606.ENSP00000429707	0	0	0	0	0.783	0.507	0	0.357	0.925
NDUFA13	COX7B	9606.ENSP00000423673	9606.ENSP00000497474	0	0	0	0	0.277	0.842	0	0.584	0.948
NDUFA13	COX6B1	9606.ENSP00000423673	9606.ENSP00000466818	0	0	0	0	0.576	0.857	0	0.351	0.957
NDUFA13	COX7C	9606.ENSP00000423673	9606.ENSP00000425759	0	0	0	0	0.671	0.830	0	0.359	0.961
NDUFA13	UQCRB	9606.ENSP00000423673	9606.ENSP00000430494	0	0	0	0	0.712	0.948	0	0.365	0.989
NDUFA13	COX4I1	9606.ENSP00000423673	9606.ENSP00000457513	0	0	0	0	0.938	0.881	0	0.399	0.995
NDUFA13	UQCR11	9606.ENSP00000423673	9606.ENSP00000467262	0	0	0	0	0.955	0.830	0	0.495	0.995
NDUFA13	NDUFC1	9606.ENSP00000423673	9606.ENSP00000441126	0	0	0	0	0.339	0.825	0.967	0.454	0.997
NDUFA13	NDUFB1	9606.ENSP00000423673	9606.ENSP00000483888	0	0	0	0	0.434	0.938	0.900	0.563	0.998
NDUFA13	NDUFV1	9606.ENSP00000423673	9606.ENSP00000497587	0	0	0	0	0.962	0.998	0.967	0.810	0.999
NDUFA13	NDUFAB1	9606.ENSP00000423673	9606.ENSP00000458770	0	0	0	0	0.704	0.991	0.967	0.597	0.999
NDUFA13	NDUFA6	9606.ENSP00000423673	9606.ENSP00000482543	0	0	0	0	0.953	0.998	0.967	0.846	0.999
NDUFA2	NDUFB4	9606.ENSP00000252102	9606.ENSP00000184266	0	0	0	0	0.684	0.958	0.967	0.898	0.999
NDUFA2	UQCRC1	9606.ENSP00000252102	9606.ENSP00000203407	0	0	0	0	0.246	0.964	0.154	0.706	0.992
NDUFA2	NDUFB7	9606.ENSP00000252102	9606.ENSP00000215565	0	0	0	0	0.830	0.998	0.967	0.939	0.999
NDUFA2	NDUFS7	9606.ENSP00000252102	9606.ENSP00000233627	0	0	0	0	0.651	0.999	0.967	0.834	0.999
NDUFA2	COX7A1	9606.ENSP00000252102	9606.ENSP00000292907	0	0	0	0	0.111	0.830	0	0.398	0.901
NDUFA2	COX7A2	9606.ENSP00000252102	9606.ENSP00000359098	0	0	0	0	0.785	0.099	0	0.543	0.903
NDUFA2	SDHC	9606.ENSP00000252102	9606.ENSP00000356953	0	0	0	0	0.873	0	0	0.304	0.908
NDUFA2	MT-CO3	9606.ENSP00000252102	9606.ENSP00000354982	0	0	0	0	0.100	0.830	0	0.469	0.911
NDUFA2	MT-CYB	9606.ENSP00000252102	9606.ENSP00000354554	0	0	0	0	0	0.904	0	0.259	0.925
NDUFA2	FOXRED1	9606.ENSP00000252102	9606.ENSP00000263578	0	0	0	0	0.047	0	0.720	0.759	0.930
NDUFA2	COX6A2	9606.ENSP00000252102	9606.ENSP00000287490	0	0	0	0	0.312	0.865	0	0.445	0.944
NDUFA2	COX7B	9606.ENSP00000252102	9606.ENSP00000497474	0	0	0	0	0.384	0.842	0	0.517	0.949
NDUFA2	NDUFAF4	9606.ENSP00000252102	9606.ENSP00000358272	0	0	0	0	0.103	0	0.838	0.697	0.952
NDUFA2	NDUFAF3	9606.ENSP00000252102	9606.ENSP00000323076	0	0	0	0	0.150	0	0.893	0.530	0.953
NDUFA2	COX6C	9606.ENSP00000252102	9606.ENSP00000429707	0	0	0	0	0.831	0.523	0	0.486	0.955
NDUFA2	SDHB	9606.ENSP00000252102	9606.ENSP00000364649	0	0	0	0	0.887	0.416	0	0.424	0.958
NDUFA2	COX5A	9606.ENSP00000252102	9606.ENSP00000317780	0	0	0	0	0.599	0.859	0	0.555	0.972
NDUFA2	UQCRC2	9606.ENSP00000252102	9606.ENSP00000268379	0	0	0	0	0.235	0.924	0.172	0.532	0.974
NDUFA2	ATP5PD	9606.ENSP00000252102	9606.ENSP00000301587	0	0	0	0	0.938	0.095	0	0.639	0.978
NDUFA2	COX4I1	9606.ENSP00000252102	9606.ENSP00000457513	0	0	0	0	0.462	0.906	0	0.658	0.981
NDUFA2	COX6B1	9606.ENSP00000252102	9606.ENSP00000466818	0	0	0	0	0.754	0.874	0	0.466	0.982
NDUFA2	NDUFAF1	9606.ENSP00000252102	9606.ENSP00000260361	0	0	0	0	0.067	0	0.967	0.507	0.983
NDUFA2	NDUFAF2	9606.ENSP00000252102	9606.ENSP00000296597	0	0	0	0	0.200	0.507	0.838	0.790	0.984
NDUFA2	SDHD	9606.ENSP00000252102	9606.ENSP00000364699	0	0	0	0	0.970	0	0	0.542	0.985
NDUFA2	COX7C	9606.ENSP00000252102	9606.ENSP00000425759	0	0	0	0	0.895	0.830	0	0.589	0.992
NDUFA2	MT-ND6	9606.ENSP00000252102	9606.ENSP00000354665	0	0	0	0	0	0.894	0.851	0.614	0.993
NDUFA2	UQCR11	9606.ENSP00000252102	9606.ENSP00000467262	0	0	0	0	0.935	0.830	0	0.510	0.994
NDUFA2	COX5B	9606.ENSP00000252102	9606.ENSP00000258424	0	0	0	0	0.916	0.864	0	0.527	0.994
NDUFA2	CYC1	9606.ENSP00000252102	9606.ENSP00000317159	0	0	0	0	0.473	0.988	0.172	0.091	0.994
NDUFA2	UQCRH	9606.ENSP00000252102	9606.ENSP00000309565	0	0	0	0	0.865	0.958	0.237	0.357	0.996
NDUFA2	UQCRB	9606.ENSP00000252102	9606.ENSP00000430494	0	0	0	0	0.860	0.967	0.284	0.382	0.997
NDUFA2	UQCRFS1	9606.ENSP00000252102	9606.ENSP00000306397	0	0	0	0	0.689	0.988	0.284	0.576	0.998
NDUFA2	MT-ND4L	9606.ENSP00000252102	9606.ENSP00000354728	0	0	0	0	0	0.987	0.851	0.304	0.998
NDUFA2	UQCRQ	9606.ENSP00000252102	9606.ENSP00000367939	0	0	0	0	0.957	0.913	0.172	0.509	0.998
NDUFA2	NDUFB1	9606.ENSP00000252102	9606.ENSP00000483888	0	0	0	0	0.999	0.894	0.900	0.920	0.999
NDUFA2	NDUFS8	9606.ENSP00000252102	9606.ENSP00000315774	0	0	0	0	0.909	0.998	0.967	0.906	0.999
NDUFA2	NDUFA10	9606.ENSP00000252102	9606.ENSP00000252711	0	0	0	0	0.226	0.998	0.967	0.947	0.999
NDUFA2	NDUFB6	9606.ENSP00000252102	9606.ENSP00000369176	0	0	0	0	0.747	0.923	0.967	0.800	0.999
NDUFA2	UQCR10	9606.ENSP00000252102	9606.ENSP00000332887	0	0	0	0	0.955	0.967	0.284	0.464	0.999
NDUFA2	NDUFS2	9606.ENSP00000252102	9606.ENSP00000356972	0	0	0	0	0.852	0.998	0.967	0.798	0.999
NDUFA2	NDUFS5	9606.ENSP00000252102	9606.ENSP00000362058	0	0	0	0	0.845	0.998	0.900	0.570	0.999
NDUFA2	NDUFA8	9606.ENSP00000252102	9606.ENSP00000362873	0	0	0	0	0.945	0.998	0.967	0.805	0.999
NDUFA2	NDUFV3	9606.ENSP00000252102	9606.ENSP00000346196	0	0	0	0	0.431	0.998	0.967	0.833	0.999
NDUFA2	NDUFB10	9606.ENSP00000252102	9606.ENSP00000268668	0	0	0	0	0.606	0.998	0.967	0.868	0.999
NDUFA2	MT-ND2	9606.ENSP00000252102	9606.ENSP00000355046	0	0	0	0	0.163	0.988	0.967	0.597	0.999
NDUFA2	NDUFA3	9606.ENSP00000252102	9606.ENSP00000418438	0	0	0	0	0.823	0.912	0.967	0.937	0.999
NDUFA2	NDUFB9	9606.ENSP00000252102	9606.ENSP00000276689	0	0	0	0	0.816	0.998	0.967	0.632	0.999
NDUFA2	NDUFV1	9606.ENSP00000252102	9606.ENSP00000497587	0	0	0	0	0.464	0.998	0.967	0.981	0.999
NDUFA2	MT-ND1	9606.ENSP00000252102	9606.ENSP00000354687	0	0	0	0	0.324	0.998	0.967	0.529	0.999
NDUFA2	NDUFS3	9606.ENSP00000252102	9606.ENSP00000263774	0	0	0	0	0.426	0.998	0.967	0.870	0.999
NDUFA2	NDUFA11	9606.ENSP00000252102	9606.ENSP00000389160	0	0	0	0	0.806	0.998	0.944	0.857	0.999
NDUFA2	NDUFA1	9606.ENSP00000252102	9606.ENSP00000360492	0	0	0	0	0.598	0.915	0.967	0.900	0.999
NDUFA2	NDUFA7	9606.ENSP00000252102	9606.ENSP00000301457	0	0	0	0	0.833	0.998	0.967	0.964	0.999
NDUFA2	NDUFS4	9606.ENSP00000252102	9606.ENSP00000296684	0	0	0	0	0.926	0.998	0.967	0.901	0.999
NDUFA2	NDUFA5	9606.ENSP00000252102	9606.ENSP00000417142	0	0	0	0	0.893	0.998	0.967	0.920	0.999
NDUFA2	NDUFA9	9606.ENSP00000252102	9606.ENSP00000266544	0	0	0	0	0.720	0.999	0.944	0.925	0.999
NDUFA2	MT-ND5	9606.ENSP00000252102	9606.ENSP00000354813	0	0	0	0	0.242	0.988	0.967	0.646	0.999
NDUFA2	NDUFA6	9606.ENSP00000252102	9606.ENSP00000482543	0	0	0	0	0.941	0.998	0.967	0.915	0.999
NDUFA2	NDUFS6	9606.ENSP00000252102	9606.ENSP00000274137	0	0	0	0	0.954	0.998	0.967	0.949	0.999
NDUFA2	NDUFB11	9606.ENSP00000252102	9606.ENSP00000276062	0	0	0	0	0.913	0.998	0.967	0.692	0.999
NDUFA2	NDUFB8	9606.ENSP00000252102	9606.ENSP00000299166	0	0	0	0	0.979	0.998	0.967	0.899	0.999
NDUFA2	NDUFA12	9606.ENSP00000252102	9606.ENSP00000330737	0	0	0	0	0.965	0.998	0.967	0.814	0.999
NDUFA2	NDUFB2	9606.ENSP00000252102	9606.ENSP00000419087	0	0	0	0	0.785	0.812	0.967	0.817	0.999
NDUFA2	NDUFC2	9606.ENSP00000252102	9606.ENSP00000281031	0	0	0	0	0.903	0.998	0.944	0.929	0.999
NDUFA2	NDUFA13	9606.ENSP00000252102	9606.ENSP00000423673	0	0	0	0	0.825	0.998	0.967	0.640	0.999
NDUFA2	NDUFB5	9606.ENSP00000252102	9606.ENSP00000259037	0	0	0	0	0.770	0.998	0.967	0.906	0.999
NDUFA2	MT-ND3	9606.ENSP00000252102	9606.ENSP00000355206	0	0	0	0	0.049	0.991	0.967	0.618	0.999
NDUFA2	NDUFA4	9606.ENSP00000252102	9606.ENSP00000339720	0	0	0	0	0.468	0.994	0.944	0.963	0.999
NDUFA2	MT-ND4	9606.ENSP00000252102	9606.ENSP00000354961	0	0	0	0	0.251	0.998	0.967	0.529	0.999
NDUFA2	NDUFS1	9606.ENSP00000252102	9606.ENSP00000392709	0	0	0	0	0.715	0.999	0.967	0.989	0.999
NDUFA2	NDUFAB1	9606.ENSP00000252102	9606.ENSP00000458770	0	0	0	0	0.385	0.991	0.967	0.934	0.999
NDUFA2	NDUFV2	9606.ENSP00000252102	9606.ENSP00000327268	0	0	0	0	0.978	0.998	0.967	0.985	0.999
NDUFA2	NDUFB3	9606.ENSP00000252102	9606.ENSP00000407336	0	0	0	0	0.922	0.998	0.967	0.920	0.999
NDUFA2	NDUFC1	9606.ENSP00000252102	9606.ENSP00000441126	0	0	0	0	0.759	0.825	0.967	0.881	0.999
NDUFA3	NDUFB4	9606.ENSP00000418438	9606.ENSP00000184266	0	0	0	0	0.544	0.912	0.967	0.675	0.999
NDUFA3	UQCRC1	9606.ENSP00000418438	9606.ENSP00000203407	0	0	0	0	0.297	0.867	0	0.403	0.939
NDUFA3	NDUFB7	9606.ENSP00000418438	9606.ENSP00000215565	0	0	0	0	0.769	0.918	0.967	0.717	0.999
NDUFA3	NDUFS7	9606.ENSP00000418438	9606.ENSP00000233627	0	0	0	0	0.919	0.921	0.967	0.727	0.999
NDUFA3	NDUFA2	9606.ENSP00000418438	9606.ENSP00000252102	0	0	0	0	0.823	0.912	0.967	0.937	0.999
NDUFA3	NDUFA10	9606.ENSP00000418438	9606.ENSP00000252711	0	0	0	0	0.167	0.921	0.967	0.678	0.999
NDUFA3	COX5B	9606.ENSP00000418438	9606.ENSP00000258424	0	0	0	0	0.598	0.844	0	0.438	0.961
NDUFA3	NDUFB5	9606.ENSP00000418438	9606.ENSP00000259037	0	0	0	0	0.443	0.974	0.967	0.538	0.999
NDUFA3	NDUFAF1	9606.ENSP00000418438	9606.ENSP00000260361	0	0	0	0	0.057	0	0.967	0.346	0.978
NDUFA3	NDUFS3	9606.ENSP00000418438	9606.ENSP00000263774	0	0	0	0	0.268	0.974	0.967	0.676	0.999
NDUFA3	NDUFA9	9606.ENSP00000418438	9606.ENSP00000266544	0	0	0	0	0.441	0.929	0.944	0.665	0.999
NDUFA3	UQCRC2	9606.ENSP00000418438	9606.ENSP00000268379	0	0	0	0	0.153	0.866	0	0.366	0.921
NDUFA3	NDUFB10	9606.ENSP00000418438	9606.ENSP00000268668	0	0	0	0	0.428	0.894	0.967	0.545	0.999
NDUFA3	NDUFS6	9606.ENSP00000418438	9606.ENSP00000274137	0	0	0	0	0.683	0.928	0.967	0.505	0.999
NDUFA3	NDUFB11	9606.ENSP00000418438	9606.ENSP00000276062	0	0	0	0	0.558	0.955	0.967	0.752	0.999
NDUFA3	NDUFB9	9606.ENSP00000418438	9606.ENSP00000276689	0	0	0	0	0.532	0.894	0.967	0.490	0.999
NDUFA3	NDUFC2	9606.ENSP00000418438	9606.ENSP00000281031	0	0	0	0	0.469	0.931	0.944	0.546	0.998
NDUFA3	COX6A2	9606.ENSP00000418438	9606.ENSP00000287490	0	0	0	0	0.107	0.845	0	0.369	0.905
NDUFA3	NDUFS4	9606.ENSP00000418438	9606.ENSP00000296684	0	0	0	0	0.494	0.915	0.967	0.554	0.999
NDUFA3	NDUFB8	9606.ENSP00000418438	9606.ENSP00000299166	0	0	0	0	0.666	0.894	0.967	0.494	0.999
NDUFA3	NDUFA7	9606.ENSP00000418438	9606.ENSP00000301457	0	0	0	0	0.718	0.922	0.967	0.769	0.999
NDUFA3	UQCRFS1	9606.ENSP00000418438	9606.ENSP00000306397	0	0	0	0	0.276	0.866	0	0.305	0.927
NDUFA3	UQCRH	9606.ENSP00000418438	9606.ENSP00000309565	0	0	0	0	0.394	0.870	0	0.389	0.948
NDUFA3	NDUFS8	9606.ENSP00000418438	9606.ENSP00000315774	0	0	0	0	0.535	0.959	0.967	0.698	0.999
NDUFA3	CYC1	9606.ENSP00000418438	9606.ENSP00000317159	0	0	0	0	0.224	0.867	0	0.123	0.901
NDUFA3	COX5A	9606.ENSP00000418438	9606.ENSP00000317780	0	0	0	0	0.237	0.830	0	0.373	0.911
NDUFA3	NDUFAF3	9606.ENSP00000418438	9606.ENSP00000323076	0	0	0	0	0.188	0	0.838	0.458	0.922
NDUFA3	NDUFV2	9606.ENSP00000418438	9606.ENSP00000327268	0	0	0	0	0.318	0.943	0.967	0.441	0.999
NDUFA3	NDUFA12	9606.ENSP00000418438	9606.ENSP00000330737	0	0	0	0	0.546	0.894	0.967	0.635	0.999
NDUFA3	UQCR10	9606.ENSP00000418438	9606.ENSP00000332887	0	0	0	0	0.729	0.871	0	0.449	0.979
NDUFA3	NDUFA4	9606.ENSP00000418438	9606.ENSP00000339720	0	0	0	0	0.258	0.091	0.944	0.690	0.986
NDUFA3	NDUFV3	9606.ENSP00000418438	9606.ENSP00000346196	0	0	0	0	0.629	0.938	0.967	0.590	0.999
NDUFA3	MT-ND6	9606.ENSP00000418438	9606.ENSP00000354665	0	0	0	0	0	0.959	0.851	0.598	0.997
NDUFA3	MT-ND1	9606.ENSP00000418438	9606.ENSP00000354687	0	0	0	0	0.308	0.940	0.967	0.280	0.998
NDUFA3	MT-ND4L	9606.ENSP00000418438	9606.ENSP00000354728	0	0	0	0	0	0.894	0.851	0.302	0.988
NDUFA3	MT-ND5	9606.ENSP00000418438	9606.ENSP00000354813	0	0	0	0	0.253	0.894	0.967	0.320	0.998
NDUFA3	MT-ND4	9606.ENSP00000418438	9606.ENSP00000354961	0	0	0	0	0.224	0.894	0.967	0.305	0.997
NDUFA3	MT-ND2	9606.ENSP00000418438	9606.ENSP00000355046	0	0	0	0	0.127	0.894	0.967	0.245	0.997
NDUFA3	MT-ND3	9606.ENSP00000418438	9606.ENSP00000355206	0	0	0	0	0	0.959	0.967	0.564	0.999
NDUFA3	NDUFS2	9606.ENSP00000418438	9606.ENSP00000356972	0	0	0	0	0.201	0.966	0.967	0.649	0.999
NDUFA3	NDUFAF4	9606.ENSP00000418438	9606.ENSP00000358272	0	0	0	0	0.054	0.421	0.838	0.462	0.946
NDUFA3	NDUFA1	9606.ENSP00000418438	9606.ENSP00000360492	0	0	0	0	0.493	0.920	0.967	0.756	0.999
NDUFA3	NDUFS5	9606.ENSP00000418438	9606.ENSP00000362058	0	0	0	0	0.571	0.974	0.900	0.569	0.999
NDUFA3	NDUFA8	9606.ENSP00000418438	9606.ENSP00000362873	0	0	0	0	0.502	0.986	0.967	0.927	0.999
NDUFA3	UQCRQ	9606.ENSP00000418438	9606.ENSP00000367939	0	0	0	0	0.712	0.855	0	0.357	0.971
NDUFA3	NDUFB6	9606.ENSP00000418438	9606.ENSP00000369176	0	0	0	0	0.539	0.894	0.967	0.687	0.999
NDUFA3	NDUFA11	9606.ENSP00000418438	9606.ENSP00000389160	0	0	0	0	0.784	0.878	0.944	0.734	0.999
NDUFA3	NDUFS1	9606.ENSP00000418438	9606.ENSP00000392709	0	0	0	0	0.164	0.918	0.967	0.598	0.999
NDUFA3	NDUFB3	9606.ENSP00000418438	9606.ENSP00000407336	0	0	0	0	0.585	0.935	0.967	0.720	0.999
NDUFA3	NDUFA5	9606.ENSP00000418438	9606.ENSP00000417142	0	0	0	0	0.407	0.909	0.967	0.530	0.999
NDUFA3	UQCRB	9606.ENSP00000418438	9606.ENSP00000430494	0	0	0	0	0.278	0.826	0	0.312	0.906
NDUFA3	COX7B	9606.ENSP00000418438	9606.ENSP00000497474	0	0	0	0	0.296	0.842	0	0.422	0.930
NDUFA3	TIMMDC1	9606.ENSP00000418438	9606.ENSP00000418803	0	0	0	0	0.048	0.629	0.500	0.679	0.935
NDUFA3	COX4I1	9606.ENSP00000418438	9606.ENSP00000457513	0	0	0	0	0.451	0.844	0	0.356	0.940
NDUFA3	COX7C	9606.ENSP00000418438	9606.ENSP00000425759	0	0	0	0	0.637	0.830	0	0.425	0.961
NDUFA3	COX6B1	9606.ENSP00000418438	9606.ENSP00000466818	0	0	0	0	0.703	0.851	0	0.478	0.974
NDUFA3	UQCR11	9606.ENSP00000418438	9606.ENSP00000467262	0	0	0	0	0.925	0.830	0	0.575	0.994
NDUFA3	NDUFB2	9606.ENSP00000418438	9606.ENSP00000419087	0	0	0	0	0.198	0.812	0.967	0.370	0.996
NDUFA3	NDUFB1	9606.ENSP00000418438	9606.ENSP00000483888	0	0	0	0	0.250	0.894	0.900	0.552	0.996
NDUFA3	NDUFA13	9606.ENSP00000418438	9606.ENSP00000423673	0	0	0	0	0.776	0.977	0.967	0.904	0.999
NDUFA3	NDUFAB1	9606.ENSP00000418438	9606.ENSP00000458770	0	0	0	0	0.169	0.991	0.967	0.537	0.999
NDUFA3	NDUFC1	9606.ENSP00000418438	9606.ENSP00000441126	0	0	0	0	0.703	0.825	0.967	0.545	0.999
NDUFA3	NDUFA6	9606.ENSP00000418438	9606.ENSP00000482543	0	0	0	0	0.392	0.998	0.967	0.534	0.999
NDUFA3	NDUFV1	9606.ENSP00000418438	9606.ENSP00000497587	0	0	0	0	0.499	0.921	0.967	0.711	0.999
NDUFA4	NDUFB4	9606.ENSP00000339720	9606.ENSP00000184266	0	0	0	0	0.698	0.237	0.944	0.545	0.993
NDUFA4	NDUFB7	9606.ENSP00000339720	9606.ENSP00000215565	0	0	0	0	0.359	0.252	0.944	0.414	0.982
NDUFA4	COX6A1	9606.ENSP00000339720	9606.ENSP00000229379	0	0	0	0	0.398	0.838	0.800	0.914	0.998
NDUFA4	NDUFS7	9606.ENSP00000339720	9606.ENSP00000233627	0	0	0	0	0.180	0.335	0.925	0.641	0.983
NDUFA4	NDUFA2	9606.ENSP00000339720	9606.ENSP00000252102	0	0	0	0	0.468	0.994	0.944	0.963	0.999
NDUFA4	NDUFA10	9606.ENSP00000339720	9606.ENSP00000252711	0	0	0	0	0.166	0.251	0.944	0.698	0.988
NDUFA4	COX5B	9606.ENSP00000339720	9606.ENSP00000258424	0	0	0	0	0.583	0.838	0.800	0.686	0.995
NDUFA4	NDUFB5	9606.ENSP00000339720	9606.ENSP00000259037	0	0	0	0	0.677	0.228	0.944	0.746	0.996
NDUFA4	NDUFAF1	9606.ENSP00000339720	9606.ENSP00000260361	0	0	0	0	0.049	0	0.944	0.366	0.963
NDUFA4	NDUFS3	9606.ENSP00000339720	9606.ENSP00000263774	0	0	0	0	0.506	0.337	0.944	0.507	0.989
NDUFA4	NDUFA9	9606.ENSP00000339720	9606.ENSP00000266544	0	0	0	0	0.248	0.330	0.933	0.697	0.988
NDUFA4	UQCRC2	9606.ENSP00000339720	9606.ENSP00000268379	0	0	0	0	0.294	0.333	0.900	0.639	0.980
NDUFA4	NDUFB10	9606.ENSP00000339720	9606.ENSP00000268668	0	0	0	0	0.401	0.252	0.944	0.633	0.989
NDUFA4	NDUFS6	9606.ENSP00000339720	9606.ENSP00000274137	0	0	0	0	0.334	0.244	0.944	0.637	0.988
NDUFA4	NDUFB11	9606.ENSP00000339720	9606.ENSP00000276062	0	0	0	0	0.299	0.228	0.944	0.635	0.987
NDUFA4	NDUFB9	9606.ENSP00000339720	9606.ENSP00000276689	0	0	0	0	0.642	0.250	0.944	0.753	0.995
NDUFA4	NDUFC2	9606.ENSP00000339720	9606.ENSP00000281031	0	0	0	0	0.534	0.234	0.933	0.567	0.988
NDUFA4	COX6A2	9606.ENSP00000339720	9606.ENSP00000287490	0	0	0	0	0.198	0	0.540	0.853	0.941
NDUFA4	NDUFS4	9606.ENSP00000339720	9606.ENSP00000296684	0	0	0	0	0.406	0.248	0.944	0.645	0.990
NDUFA4	NDUFB8	9606.ENSP00000339720	9606.ENSP00000299166	0	0	0	0	0.655	0.228	0.944	0.764	0.996
NDUFA4	NDUFA7	9606.ENSP00000339720	9606.ENSP00000301457	0	0	0	0	0.621	0.252	0.944	0.616	0.993
NDUFA4	UQCRFS1	9606.ENSP00000339720	9606.ENSP00000306397	0	0	0	0	0.443	0.249	0.900	0.505	0.976
NDUFA4	UQCRH	9606.ENSP00000339720	9606.ENSP00000309565	0	0	0	0	0.664	0.092	0.540	0.534	0.926
NDUFA4	NDUFS8	9606.ENSP00000339720	9606.ENSP00000315774	0	0	0	0	0.311	0.225	0.944	0.683	0.989
NDUFA4	COX5A	9606.ENSP00000339720	9606.ENSP00000317780	0	0	0	0	0.497	0.839	0.900	0.744	0.997
NDUFA4	COX8A	9606.ENSP00000339720	9606.ENSP00000321260	0	0	0	0	0.367	0.860	0.800	0.483	0.989
NDUFA4	NDUFV2	9606.ENSP00000339720	9606.ENSP00000327268	0	0	0	0	0.464	0.252	0.944	0.667	0.991
NDUFA4	NDUFA12	9606.ENSP00000339720	9606.ENSP00000330737	0	0	0	0	0.895	0.736	0.944	0.745	0.999
NDUFA4	UQCR10	9606.ENSP00000339720	9606.ENSP00000332887	0	0	0	0	0.823	0.088	0.540	0.539	0.961
NDUFA4	COX7A2L	9606.ENSP00000339720	9606.ENSP00000367938	0	0	0	0	0.141	0.228	0.800	0.591	0.938
NDUFA4	UQCRB	9606.ENSP00000339720	9606.ENSP00000430494	0	0	0	0	0.694	0.225	0.540	0.527	0.941
NDUFA4	MT-ND5	9606.ENSP00000339720	9606.ENSP00000354813	0	0	0	0	0.062	0	0.925	0.328	0.948
NDUFA4	MT-ND2	9606.ENSP00000339720	9606.ENSP00000355046	0	0	0	0	0.074	0	0.925	0.333	0.949
NDUFA4	UQCR11	9606.ENSP00000339720	9606.ENSP00000467262	0	0	0	0	0.784	0	0.540	0.618	0.958
NDUFA4	MT-ND3	9606.ENSP00000339720	9606.ENSP00000355206	0	0	0	0	0.103	0	0.944	0.295	0.961
NDUFA4	MT-ND4	9606.ENSP00000339720	9606.ENSP00000354961	0	0	0	0	0.093	0	0.944	0.293	0.961
NDUFA4	ATP5PF	9606.ENSP00000339720	9606.ENSP00000389649	0	0	0	0	0.928	0.225	0	0.397	0.963
NDUFA4	MT-ND1	9606.ENSP00000339720	9606.ENSP00000354687	0	0	0	0	0.108	0	0.944	0.336	0.964
NDUFA4	NDUFV3	9606.ENSP00000339720	9606.ENSP00000346196	0	0	0	0	0.212	0.091	0.944	0.540	0.979
NDUFA4	NDUFA11	9606.ENSP00000339720	9606.ENSP00000389160	0	0	0	0	0.265	0	0.933	0.629	0.980
NDUFA4	UQCRQ	9606.ENSP00000339720	9606.ENSP00000367939	0	0	0	0	0.807	0.330	0.540	0.703	0.980
NDUFA4	NDUFS5	9606.ENSP00000339720	9606.ENSP00000362058	0	0	0	0	0.605	0.251	0.900	0.471	0.982
NDUFA4	NDUFC1	9606.ENSP00000339720	9606.ENSP00000441126	0	0	0	0	0.423	0	0.944	0.503	0.982
NDUFA4	NDUFS1	9606.ENSP00000339720	9606.ENSP00000392709	0	0	0	0	0.063	0.249	0.944	0.632	0.983
NDUFA4	NDUFB1	9606.ENSP00000339720	9606.ENSP00000483888	0	0	0	0	0.309	0.228	0.900	0.750	0.984
NDUFA4	NDUFA3	9606.ENSP00000339720	9606.ENSP00000418438	0	0	0	0	0.258	0.091	0.944	0.690	0.986
NDUFA4	NDUFV1	9606.ENSP00000339720	9606.ENSP00000497587	0	0	0	0	0.139	0.249	0.944	0.721	0.988
NDUFA4	NDUFS2	9606.ENSP00000339720	9606.ENSP00000356972	0	0	0	0	0.258	0.250	0.944	0.674	0.988
NDUFA4	NDUFA8	9606.ENSP00000339720	9606.ENSP00000362873	0	0	0	0	0.365	0.249	0.944	0.666	0.989
NDUFA4	NDUFA13	9606.ENSP00000339720	9606.ENSP00000423673	0	0	0	0	0.459	0.225	0.944	0.586	0.989
NDUFA4	COX4I1	9606.ENSP00000339720	9606.ENSP00000457513	0	0	0	0	0.367	0.860	0.800	0.525	0.990
NDUFA4	NDUFAB1	9606.ENSP00000339720	9606.ENSP00000458770	0	0	0	0	0.506	0.085	0.933	0.734	0.990
NDUFA4	NDUFB2	9606.ENSP00000339720	9606.ENSP00000419087	0	0	0	0	0.499	0	0.944	0.671	0.990
NDUFA4	NDUFB6	9606.ENSP00000339720	9606.ENSP00000369176	0	0	0	0	0.426	0	0.944	0.752	0.991
NDUFA4	MT-CO3	9606.ENSP00000339720	9606.ENSP00000354982	0	0	0	0	0.134	0.900	0.900	0.338	0.993
NDUFA4	MT-CO1	9606.ENSP00000339720	9606.ENSP00000354499	0	0	0	0	0.116	0.900	0.900	0.367	0.993
NDUFA4	NDUFB3	9606.ENSP00000339720	9606.ENSP00000407336	0	0	0	0	0.604	0.228	0.944	0.739	0.994
NDUFA4	NDUFA1	9606.ENSP00000339720	9606.ENSP00000360492	0	0	0	0	0.579	0	0.944	0.808	0.995
NDUFA4	NDUFA5	9606.ENSP00000339720	9606.ENSP00000417142	0	0	0	0	0.524	0.249	0.944	0.821	0.995
NDUFA4	MT-CO2	9606.ENSP00000339720	9606.ENSP00000354876	0	0	0	0	0.204	0.912	0.900	0.527	0.996
NDUFA4	COX7A2	9606.ENSP00000339720	9606.ENSP00000359098	0	0	0	0	0.865	0.839	0.540	0.754	0.997
NDUFA4	COX7B	9606.ENSP00000339720	9606.ENSP00000497474	0	0	0	0	0.720	0.800	0.800	0.764	0.997
NDUFA4	COX6C	9606.ENSP00000339720	9606.ENSP00000429707	0	0	0	0	0.917	0.860	0.800	0.775	0.999
NDUFA4	COX6B1	9606.ENSP00000339720	9606.ENSP00000466818	0	0	0	0	0.498	0.919	0.800	0.911	0.999
NDUFA4	COX7C	9606.ENSP00000339720	9606.ENSP00000425759	0	0	0	0	0.906	0.860	0.900	0.798	0.999
NDUFA4	NDUFA6	9606.ENSP00000339720	9606.ENSP00000482543	0	0	0	0	0.503	0.994	0.944	0.749	0.999
NDUFA5	NDUFB4	9606.ENSP00000417142	9606.ENSP00000184266	0	0	0	0	0.933	0.950	0.967	0.739	0.999
NDUFA5	UQCRC1	9606.ENSP00000417142	9606.ENSP00000203407	0	0	0	0	0.277	0.968	0.216	0.616	0.992
NDUFA5	NDUFB7	9606.ENSP00000417142	9606.ENSP00000215565	0	0	0	0	0.817	0.991	0.967	0.670	0.999
NDUFA5	NDUFS7	9606.ENSP00000417142	9606.ENSP00000233627	0	0	0	0	0.817	0.999	0.967	0.749	0.999
NDUFA5	NDUFA2	9606.ENSP00000417142	9606.ENSP00000252102	0	0	0	0	0.893	0.998	0.967	0.920	0.999
NDUFA5	NDUFA10	9606.ENSP00000417142	9606.ENSP00000252711	0	0	0	0	0.206	0.981	0.967	0.953	0.999
NDUFA5	COX5B	9606.ENSP00000417142	9606.ENSP00000258424	0	0	0	0	0.817	0.864	0	0.516	0.986
NDUFA5	NDUFB5	9606.ENSP00000417142	9606.ENSP00000259037	0	0	0	0	0.861	0.950	0.967	0.915	0.999
NDUFA5	NDUFAF1	9606.ENSP00000417142	9606.ENSP00000260361	0	0	0	0	0.105	0	0.967	0.356	0.979
NDUFA5	NDUFS3	9606.ENSP00000417142	9606.ENSP00000263774	0	0	0	0	0.929	0.999	0.967	0.967	0.999
NDUFA5	NDUFA9	9606.ENSP00000417142	9606.ENSP00000266544	0	0	0	0	0.693	0.999	0.944	0.790	0.999
NDUFA5	UQCRC2	9606.ENSP00000417142	9606.ENSP00000268379	0	0	0	0	0.644	0.933	0.284	0.495	0.990
NDUFA5	NDUFB10	9606.ENSP00000417142	9606.ENSP00000268668	0	0	0	0	0.899	0.993	0.967	0.632	0.999
NDUFA5	NDUFS6	9606.ENSP00000417142	9606.ENSP00000274137	0	0	0	0	0.960	0.993	0.967	0.945	0.999
NDUFA5	NDUFB11	9606.ENSP00000417142	9606.ENSP00000276062	0	0	0	0	0.715	0.954	0.967	0.776	0.999
NDUFA5	NDUFB9	9606.ENSP00000417142	9606.ENSP00000276689	0	0	0	0	0.909	0.992	0.967	0.796	0.999
NDUFA5	NDUFC2	9606.ENSP00000417142	9606.ENSP00000281031	0	0	0	0	0.693	0.903	0.944	0.692	0.999
NDUFA5	COX6A2	9606.ENSP00000417142	9606.ENSP00000287490	0	0	0	0	0.391	0.864	0	0.511	0.956
NDUFA5	COX7A1	9606.ENSP00000417142	9606.ENSP00000292907	0	0	0	0	0.106	0.830	0	0.402	0.901
NDUFA5	NDUFAF2	9606.ENSP00000417142	9606.ENSP00000296597	0	0	0	0	0.258	0.507	0.838	0.523	0.968
NDUFA5	NDUFS4	9606.ENSP00000417142	9606.ENSP00000296684	0	0	0	0	0.975	0.994	0.967	0.776	0.999
NDUFA5	NDUFB8	9606.ENSP00000417142	9606.ENSP00000299166	0	0	0	0	0.912	0.988	0.967	0.780	0.999
NDUFA5	NDUFA7	9606.ENSP00000417142	9606.ENSP00000301457	0	0	0	0	0.469	0.948	0.967	0.832	0.999
NDUFA5	ATP5PD	9606.ENSP00000417142	9606.ENSP00000301587	0	0	0	0	0.848	0.202	0	0.634	0.951
NDUFA5	ATP5ME	9606.ENSP00000417142	9606.ENSP00000306003	0	0	0	0	0.850	0.096	0	0.622	0.944
NDUFA5	UQCRFS1	9606.ENSP00000417142	9606.ENSP00000306397	0	0	0	0	0.788	0.988	0.799	0.616	0.999
NDUFA5	UQCRH	9606.ENSP00000417142	9606.ENSP00000309565	0	0	0	0	0.847	0.952	0.681	0.634	0.999
NDUFA5	NDUFS8	9606.ENSP00000417142	9606.ENSP00000315774	0	0	0	0	0.897	0.994	0.967	0.882	0.999
NDUFA5	CYC1	9606.ENSP00000417142	9606.ENSP00000317159	0	0	0	0	0.645	0.988	0.284	0.326	0.997
NDUFA5	COX5A	9606.ENSP00000417142	9606.ENSP00000317780	0	0	0	0	0.841	0.830	0	0.519	0.985
NDUFA5	NDUFAF3	9606.ENSP00000417142	9606.ENSP00000323076	0	0	0	0	0.082	0	0.893	0.574	0.954
NDUFA5	NDUFV2	9606.ENSP00000417142	9606.ENSP00000327268	0	0	0	0	0.966	0.991	0.967	0.859	0.999
NDUFA5	NDUFA12	9606.ENSP00000417142	9606.ENSP00000330737	0	0	0	0	0.971	0.998	0.967	0.784	0.999
NDUFA5	UQCR10	9606.ENSP00000417142	9606.ENSP00000332887	0	0	0	0	0.928	0.967	0.284	0.533	0.999
NDUFA5	NDUFA4	9606.ENSP00000417142	9606.ENSP00000339720	0	0	0	0	0.524	0.249	0.944	0.821	0.995
NDUFA5	NDUFV3	9606.ENSP00000417142	9606.ENSP00000346196	0	0	0	0	0.358	0.939	0.967	0.823	0.999
NDUFA5	MT-CYB	9606.ENSP00000417142	9606.ENSP00000354554	0	0	0	0	0	0.902	0	0.364	0.935
NDUFA5	MT-ND6	9606.ENSP00000417142	9606.ENSP00000354665	0	0	0	0	0	0.889	0.851	0.406	0.989
NDUFA5	MT-ND1	9606.ENSP00000417142	9606.ENSP00000354687	0	0	0	0	0.214	0.991	0.967	0.427	0.999
NDUFA5	MT-ND4L	9606.ENSP00000417142	9606.ENSP00000354728	0	0	0	0	0	0.986	0.851	0.600	0.999
NDUFA5	MT-ND5	9606.ENSP00000417142	9606.ENSP00000354813	0	0	0	0	0.163	0.988	0.967	0.469	0.999
NDUFA5	MT-ND4	9606.ENSP00000417142	9606.ENSP00000354961	0	0	0	0	0.169	0.991	0.967	0.400	0.999
NDUFA5	MT-ND2	9606.ENSP00000417142	9606.ENSP00000355046	0	0	0	0	0.149	0.990	0.967	0.442	0.999
NDUFA5	MT-ND3	9606.ENSP00000417142	9606.ENSP00000355206	0	0	0	0	0	0.991	0.967	0.635	0.999
NDUFA5	SDHC	9606.ENSP00000417142	9606.ENSP00000356953	0	0	0	0	0.864	0	0	0.310	0.902
NDUFA5	NDUFS2	9606.ENSP00000417142	9606.ENSP00000356972	0	0	0	0	0.882	0.994	0.967	0.970	0.999
NDUFA5	NDUFAF4	9606.ENSP00000417142	9606.ENSP00000358272	0	0	0	0	0.242	0.625	0.838	0.637	0.981
NDUFA5	NDUFA1	9606.ENSP00000417142	9606.ENSP00000360492	0	0	0	0	0.724	0.938	0.967	0.755	0.999
NDUFA5	NDUFS5	9606.ENSP00000417142	9606.ENSP00000362058	0	0	0	0	0.846	0.998	0.900	0.880	0.999
NDUFA5	NDUFA8	9606.ENSP00000417142	9606.ENSP00000362873	0	0	0	0	0.981	0.991	0.967	0.828	0.999
NDUFA5	UQCRQ	9606.ENSP00000417142	9606.ENSP00000367939	0	0	0	0	0.868	0.888	0.284	0.541	0.994
NDUFA5	NDUFB6	9606.ENSP00000417142	9606.ENSP00000369176	0	0	0	0	0.901	0.907	0.967	0.701	0.999
NDUFA5	NDUFA11	9606.ENSP00000417142	9606.ENSP00000389160	0	0	0	0	0.638	0.998	0.944	0.658	0.999
NDUFA5	ATP5PF	9606.ENSP00000417142	9606.ENSP00000389649	0	0	0	0	0.956	0.096	0	0.569	0.981
NDUFA5	NDUFS1	9606.ENSP00000417142	9606.ENSP00000392709	0	0	0	0	0.481	0.991	0.967	0.945	0.999
NDUFA5	NDUFB3	9606.ENSP00000417142	9606.ENSP00000407336	0	0	0	0	0.903	0.993	0.967	0.923	0.999
NDUFA5	COX6C	9606.ENSP00000417142	9606.ENSP00000429707	0	0	0	0	0.714	0.544	0	0.567	0.938
NDUFA5	COX7B	9606.ENSP00000417142	9606.ENSP00000497474	0	0	0	0	0.368	0.842	0	0.458	0.941
NDUFA5	COX4I1	9606.ENSP00000417142	9606.ENSP00000457513	0	0	0	0	0.406	0.900	0	0.405	0.962
NDUFA5	COX6B1	9606.ENSP00000417142	9606.ENSP00000466818	0	0	0	0	0.450	0.874	0	0.578	0.968
NDUFA5	UQCR11	9606.ENSP00000417142	9606.ENSP00000467262	0	0	0	0	0.822	0.830	0	0.447	0.981
NDUFA5	COX7C	9606.ENSP00000417142	9606.ENSP00000425759	0	0	0	0	0.842	0.830	0	0.623	0.989
NDUFA5	NDUFB1	9606.ENSP00000417142	9606.ENSP00000483888	0	0	0	0	0.473	0.907	0.900	0.688	0.998
NDUFA5	NDUFB2	9606.ENSP00000417142	9606.ENSP00000419087	0	0	0	0	0.319	0.812	0.967	0.581	0.998
NDUFA5	NDUFA3	9606.ENSP00000417142	9606.ENSP00000418438	0	0	0	0	0.407	0.909	0.967	0.530	0.999
NDUFA5	NDUFV1	9606.ENSP00000417142	9606.ENSP00000497587	0	0	0	0	0.751	0.991	0.967	0.853	0.999
NDUFA5	UQCRB	9606.ENSP00000417142	9606.ENSP00000430494	0	0	0	0	0.973	0.967	0.561	0.493	0.999
NDUFA5	NDUFA6	9606.ENSP00000417142	9606.ENSP00000482543	0	0	0	0	0.950	0.998	0.967	0.911	0.999
NDUFA5	NDUFC1	9606.ENSP00000417142	9606.ENSP00000441126	0	0	0	0	0.825	0.825	0.967	0.900	0.999
NDUFA5	NDUFAB1	9606.ENSP00000417142	9606.ENSP00000458770	0	0	0	0	0.626	0.991	0.967	0.591	0.999
NDUFA5	NDUFA13	9606.ENSP00000417142	9606.ENSP00000423673	0	0	0	0	0.698	0.998	0.967	0.799	0.999
NDUFA6	NDUFB4	9606.ENSP00000482543	9606.ENSP00000184266	0	0	0	0	0.865	0.998	0.967	0.833	0.999
NDUFA6	UQCRC1	9606.ENSP00000482543	9606.ENSP00000203407	0	0	0	0	0.242	0.968	0.216	0.418	0.987
NDUFA6	NDUFB7	9606.ENSP00000482543	9606.ENSP00000215565	0	0	0	0	0.895	0.998	0.967	0.644	0.999
NDUFA6	NDUFS7	9606.ENSP00000482543	9606.ENSP00000233627	0	0	0	0	0.493	0.999	0.967	0.748	0.999
NDUFA6	NDUFA2	9606.ENSP00000482543	9606.ENSP00000252102	0	0	0	0	0.941	0.998	0.967	0.915	0.999
NDUFA6	NDUFA10	9606.ENSP00000482543	9606.ENSP00000252711	0	0	0	0	0.254	0.998	0.967	0.789	0.999
NDUFA6	COX5B	9606.ENSP00000482543	9606.ENSP00000258424	0	0	0	0	0.850	0.844	0	0.377	0.984
NDUFA6	NDUFB5	9606.ENSP00000482543	9606.ENSP00000259037	0	0	0	0	0.832	0.998	0.967	0.904	0.999
NDUFA6	NDUFAF1	9606.ENSP00000482543	9606.ENSP00000260361	0	0	0	0	0.058	0.292	0.967	0.400	0.985
NDUFA6	NDUFS3	9606.ENSP00000482543	9606.ENSP00000263774	0	0	0	0	0.865	0.999	0.967	0.885	0.999
NDUFA6	NDUFA9	9606.ENSP00000482543	9606.ENSP00000266544	0	0	0	0	0.709	0.999	0.944	0.960	0.999
NDUFA6	UQCRC2	9606.ENSP00000482543	9606.ENSP00000268379	0	0	0	0	0.231	0.922	0.284	0.390	0.970
NDUFA6	NDUFB10	9606.ENSP00000482543	9606.ENSP00000268668	0	0	0	0	0.755	0.998	0.967	0.619	0.999
NDUFA6	NDUFS6	9606.ENSP00000482543	9606.ENSP00000274137	0	0	0	0	0.921	0.998	0.967	0.913	0.999
NDUFA6	NDUFB11	9606.ENSP00000482543	9606.ENSP00000276062	0	0	0	0	0.624	0.998	0.967	0.730	0.999
NDUFA6	NDUFB9	9606.ENSP00000482543	9606.ENSP00000276689	0	0	0	0	0.960	0.998	0.967	0.834	0.999
NDUFA6	NDUFC2	9606.ENSP00000482543	9606.ENSP00000281031	0	0	0	0	0.696	0.998	0.944	0.750	0.999
NDUFA6	COX6A2	9606.ENSP00000482543	9606.ENSP00000287490	0	0	0	0	0.589	0.845	0	0.346	0.954
NDUFA6	NDUFAF2	9606.ENSP00000482543	9606.ENSP00000296597	0	0	0	0	0.238	0.507	0.838	0.473	0.963
NDUFA6	NDUFS4	9606.ENSP00000482543	9606.ENSP00000296684	0	0	0	0	0.942	0.999	0.967	0.813	0.999
NDUFA6	NDUFB8	9606.ENSP00000482543	9606.ENSP00000299166	0	0	0	0	0.968	0.998	0.967	0.868	0.999
NDUFA6	ATP5MG	9606.ENSP00000482543	9606.ENSP00000300688	0	0	0	0	0.866	0.095	0	0.401	0.921
NDUFA6	NDUFA7	9606.ENSP00000482543	9606.ENSP00000301457	0	0	0	0	0.638	0.998	0.967	0.953	0.999
NDUFA6	ATP5PD	9606.ENSP00000482543	9606.ENSP00000301587	0	0	0	0	0.886	0.096	0	0.529	0.947
NDUFA6	ATP5ME	9606.ENSP00000482543	9606.ENSP00000306003	0	0	0	0	0.913	0.096	0	0.374	0.946
NDUFA6	UQCRFS1	9606.ENSP00000482543	9606.ENSP00000306397	0	0	0	0	0.596	0.988	0.788	0.546	0.999
NDUFA6	UQCRH	9606.ENSP00000482543	9606.ENSP00000309565	0	0	0	0	0.810	0.952	0.572	0.660	0.998
NDUFA6	NDUFS8	9606.ENSP00000482543	9606.ENSP00000315774	0	0	0	0	0.908	0.998	0.967	0.858	0.999
NDUFA6	CYC1	9606.ENSP00000482543	9606.ENSP00000317159	0	0	0	0	0.436	0.988	0.284	0.324	0.996
NDUFA6	COX5A	9606.ENSP00000482543	9606.ENSP00000317780	0	0	0	0	0.861	0.830	0	0.522	0.987
NDUFA6	NDUFAF3	9606.ENSP00000482543	9606.ENSP00000323076	0	0	0	0	0.065	0	0.893	0.294	0.923
NDUFA6	NDUFV2	9606.ENSP00000482543	9606.ENSP00000327268	0	0	0	0	0.947	0.998	0.967	0.952	0.999
NDUFA6	NDUFA12	9606.ENSP00000482543	9606.ENSP00000330737	0	0	0	0	0.974	0.998	0.967	0.810	0.999
NDUFA6	UQCR10	9606.ENSP00000482543	9606.ENSP00000332887	0	0	0	0	0.968	0.967	0.284	0.533	0.999
NDUFA6	NDUFA4	9606.ENSP00000482543	9606.ENSP00000339720	0	0	0	0	0.503	0.994	0.944	0.749	0.999
NDUFA6	NDUFV3	9606.ENSP00000482543	9606.ENSP00000346196	0	0	0	0	0.379	0.998	0.967	0.852	0.999
NDUFA6	MT-CYB	9606.ENSP00000482543	9606.ENSP00000354554	0	0	0	0	0	0.904	0	0.201	0.920
NDUFA6	MT-ND6	9606.ENSP00000482543	9606.ENSP00000354665	0	0	0	0	0	0.894	0.851	0.282	0.987
NDUFA6	MT-ND1	9606.ENSP00000482543	9606.ENSP00000354687	0	0	0	0	0.196	0.998	0.967	0.306	0.999
NDUFA6	MT-ND4L	9606.ENSP00000482543	9606.ENSP00000354728	0	0	0	0	0	0.987	0.851	0.246	0.998
NDUFA6	MT-ND5	9606.ENSP00000482543	9606.ENSP00000354813	0	0	0	0	0.161	0.999	0.967	0.327	0.999
NDUFA6	MT-ND4	9606.ENSP00000482543	9606.ENSP00000354961	0	0	0	0	0.195	0.998	0.967	0.333	0.999
NDUFA6	MT-ND2	9606.ENSP00000482543	9606.ENSP00000355046	0	0	0	0	0.121	0.999	0.967	0.520	0.999
NDUFA6	MT-ND3	9606.ENSP00000482543	9606.ENSP00000355206	0	0	0	0	0.141	0.999	0.967	0.410	0.999
NDUFA6	NDUFS2	9606.ENSP00000482543	9606.ENSP00000356972	0	0	0	0	0.894	0.999	0.967	0.789	0.999
NDUFA6	NDUFAF4	9606.ENSP00000482543	9606.ENSP00000358272	0	0	0	0	0.155	0	0.838	0.364	0.905
NDUFA6	NDUFA1	9606.ENSP00000482543	9606.ENSP00000360492	0	0	0	0	0.863	0.998	0.967	0.825	0.999
NDUFA6	NDUFS5	9606.ENSP00000482543	9606.ENSP00000362058	0	0	0	0	0.847	0.998	0.900	0.518	0.999
NDUFA6	NDUFA8	9606.ENSP00000482543	9606.ENSP00000362873	0	0	0	0	0.931	0.998	0.967	0.719	0.999
NDUFA6	SDHD	9606.ENSP00000482543	9606.ENSP00000364699	0	0	0	0	0.892	0	0	0.377	0.930
NDUFA6	UQCRQ	9606.ENSP00000482543	9606.ENSP00000367939	0	0	0	0	0.944	0.855	0.284	0.575	0.997
NDUFA6	NDUFB6	9606.ENSP00000482543	9606.ENSP00000369176	0	0	0	0	0.914	0.998	0.967	0.928	0.999
NDUFA6	NDUFA11	9606.ENSP00000482543	9606.ENSP00000389160	0	0	0	0	0.352	0.998	0.944	0.758	0.999
NDUFA6	ATP5PF	9606.ENSP00000482543	9606.ENSP00000389649	0	0	0	0	0.938	0	0	0.470	0.966
NDUFA6	NDUFS1	9606.ENSP00000482543	9606.ENSP00000392709	0	0	0	0	0.481	0.999	0.967	0.919	0.999
NDUFA6	NDUFB3	9606.ENSP00000482543	9606.ENSP00000407336	0	0	0	0	0.904	0.998	0.967	0.891	0.999
NDUFA6	NDUFA5	9606.ENSP00000482543	9606.ENSP00000417142	0	0	0	0	0.950	0.998	0.967	0.911	0.999
NDUFA6	NDUFA3	9606.ENSP00000482543	9606.ENSP00000418438	0	0	0	0	0.392	0.998	0.967	0.534	0.999
NDUFA6	NDUFB2	9606.ENSP00000482543	9606.ENSP00000419087	0	0	0	0	0.200	0.998	0.967	0.393	0.999
NDUFA6	NDUFA13	9606.ENSP00000482543	9606.ENSP00000423673	0	0	0	0	0.953	0.998	0.967	0.846	0.999
NDUFA6	COX7C	9606.ENSP00000482543	9606.ENSP00000425759	0	0	0	0	0.861	0.830	0	0.562	0.988
NDUFA6	COX6C	9606.ENSP00000482543	9606.ENSP00000429707	0	0	0	0	0.801	0.507	0	0.410	0.937
NDUFA6	UQCRB	9606.ENSP00000482543	9606.ENSP00000430494	0	0	0	0	0.978	0.956	0.561	0.483	0.999
NDUFA6	NDUFC1	9606.ENSP00000482543	9606.ENSP00000441126	0	0	0	0	0.461	0.825	0.967	0.810	0.999
NDUFA6	COX4I1	9606.ENSP00000482543	9606.ENSP00000457513	0	0	0	0	0.371	0.852	0	0.499	0.949
NDUFA6	NDUFAB1	9606.ENSP00000482543	9606.ENSP00000458770	0	0	0	0	0.476	0.999	0.967	0.850	0.999
NDUFA6	COX6B1	9606.ENSP00000482543	9606.ENSP00000466818	0	0	0	0	0.634	0.888	0	0.342	0.971
NDUFA6	UQCR11	9606.ENSP00000482543	9606.ENSP00000467262	0	0	0	0	0.906	0.830	0	0.525	0.991
NDUFA6	COX7B	9606.ENSP00000482543	9606.ENSP00000497474	0	0	0	0	0.414	0.842	0	0.648	0.964
NDUFA6	NDUFV1	9606.ENSP00000482543	9606.ENSP00000497587	0	0	0	0	0.639	0.998	0.967	0.929	0.999
NDUFA6	NDUFB1	9606.ENSP00000482543	9606.ENSP00000483888	0	0	0	0	0.473	0.998	0.900	0.543	0.999
NDUFA7	NDUFB4	9606.ENSP00000301457	9606.ENSP00000184266	0	0	0	0	0.673	0.934	0.967	0.927	0.999
NDUFA7	UQCRC1	9606.ENSP00000301457	9606.ENSP00000203407	0	0	0	0	0.337	0.848	0.154	0.491	0.950
NDUFA7	ATP5F1D	9606.ENSP00000301457	9606.ENSP00000215375	0	0	0	0	0.839	0.097	0	0.387	0.903
NDUFA7	NDUFB7	9606.ENSP00000301457	9606.ENSP00000215565	0	0	0	0	0.889	0.939	0.967	0.753	0.999
NDUFA7	NDUFS7	9606.ENSP00000301457	9606.ENSP00000233627	0	0	0	0	0.795	0.931	0.967	0.800	0.999
NDUFA7	NDUFA2	9606.ENSP00000301457	9606.ENSP00000252102	0	0	0	0	0.833	0.998	0.967	0.964	0.999
NDUFA7	NDUFA10	9606.ENSP00000301457	9606.ENSP00000252711	0	0	0	0	0.244	0.914	0.967	0.957	0.999
NDUFA7	COX5B	9606.ENSP00000301457	9606.ENSP00000258424	0	0	0	0	0.859	0.817	0	0.372	0.982
NDUFA7	NDUFB5	9606.ENSP00000301457	9606.ENSP00000259037	0	0	0	0	0.631	0.917	0.967	0.860	0.999
NDUFA7	NDUFAF1	9606.ENSP00000301457	9606.ENSP00000260361	0	0	0	0	0.082	0	0.967	0.344	0.978
NDUFA7	NDUFS3	9606.ENSP00000301457	9606.ENSP00000263774	0	0	0	0	0.492	0.999	0.967	0.474	0.999
NDUFA7	NDUFA9	9606.ENSP00000301457	9606.ENSP00000266544	0	0	0	0	0.510	0.998	0.944	0.712	0.999
NDUFA7	UQCRC2	9606.ENSP00000301457	9606.ENSP00000268379	0	0	0	0	0.348	0.848	0.172	0.402	0.944
NDUFA7	NDUFB10	9606.ENSP00000301457	9606.ENSP00000268668	0	0	0	0	0.670	0.953	0.967	0.934	0.999
NDUFA7	NDUFS6	9606.ENSP00000301457	9606.ENSP00000274137	0	0	0	0	0.807	0.998	0.967	0.848	0.999
NDUFA7	NDUFB11	9606.ENSP00000301457	9606.ENSP00000276062	0	0	0	0	0.863	0.953	0.967	0.810	0.999
NDUFA7	NDUFB9	9606.ENSP00000301457	9606.ENSP00000276689	0	0	0	0	0.754	0.936	0.967	0.783	0.999
NDUFA7	NDUFC2	9606.ENSP00000301457	9606.ENSP00000281031	0	0	0	0	0.730	0.919	0.944	0.680	0.999
NDUFA7	COX6A2	9606.ENSP00000301457	9606.ENSP00000287490	0	0	0	0	0.310	0.828	0	0.318	0.912
NDUFA7	ATP5MF	9606.ENSP00000301457	9606.ENSP00000292475	0	0	0	0	0.854	0.096	0	0.461	0.922
NDUFA7	NDUFAF2	9606.ENSP00000301457	9606.ENSP00000296597	0	0	0	0	0.105	0.478	0.838	0.521	0.959
NDUFA7	NDUFS4	9606.ENSP00000301457	9606.ENSP00000296684	0	0	0	0	0.595	0.998	0.967	0.792	0.999
NDUFA7	NDUFB8	9606.ENSP00000301457	9606.ENSP00000299166	0	0	0	0	0.784	0.915	0.967	0.904	0.999
NDUFA7	NDUFAF3	9606.ENSP00000301457	9606.ENSP00000323076	0	0	0	0	0.336	0	0.838	0.155	0.901
NDUFA7	COX6C	9606.ENSP00000301457	9606.ENSP00000429707	0	0	0	0	0.639	0.531	0	0.475	0.903
NDUFA7	ATP5PD	9606.ENSP00000301457	9606.ENSP00000301587	0	0	0	0	0.847	0.224	0	0.330	0.913
NDUFA7	ATP5PF	9606.ENSP00000301457	9606.ENSP00000389649	0	0	0	0	0.854	0.107	0	0.387	0.913
NDUFA7	COX4I1	9606.ENSP00000301457	9606.ENSP00000457513	0	0	0	0	0.446	0.829	0	0.278	0.926
NDUFA7	UQCRFS1	9606.ENSP00000301457	9606.ENSP00000306397	0	0	0	0	0.281	0.854	0.172	0.280	0.929
NDUFA7	CYC1	9606.ENSP00000301457	9606.ENSP00000317159	0	0	0	0	0.571	0.853	0	0.074	0.936
NDUFA7	COX7B	9606.ENSP00000301457	9606.ENSP00000497474	0	0	0	0	0.234	0.811	0	0.594	0.936
NDUFA7	COX6B1	9606.ENSP00000301457	9606.ENSP00000466818	0	0	0	0	0.426	0.872	0	0.441	0.955
NDUFA7	UQCRB	9606.ENSP00000301457	9606.ENSP00000430494	0	0	0	0	0.710	0.849	0	0.107	0.957
NDUFA7	COX5A	9606.ENSP00000301457	9606.ENSP00000317780	0	0	0	0	0.671	0.812	0	0.400	0.959
NDUFA7	UQCRH	9606.ENSP00000301457	9606.ENSP00000309565	0	0	0	0	0.513	0.846	0.163	0.593	0.971
NDUFA7	UQCRQ	9606.ENSP00000301457	9606.ENSP00000367939	0	0	0	0	0.753	0.826	0.172	0.436	0.977
NDUFA7	COX7C	9606.ENSP00000301457	9606.ENSP00000425759	0	0	0	0	0.844	0.812	0	0.365	0.979
NDUFA7	MT-ND4L	9606.ENSP00000301457	9606.ENSP00000354728	0	0	0	0	0	0.856	0.851	0.254	0.982
NDUFA7	MT-ND6	9606.ENSP00000301457	9606.ENSP00000354665	0	0	0	0	0	0.856	0.851	0.325	0.984
NDUFA7	UQCR11	9606.ENSP00000301457	9606.ENSP00000467262	0	0	0	0	0.892	0.812	0	0.502	0.989
NDUFA7	UQCR10	9606.ENSP00000301457	9606.ENSP00000332887	0	0	0	0	0.916	0.831	0	0.514	0.992
NDUFA7	NDUFA4	9606.ENSP00000301457	9606.ENSP00000339720	0	0	0	0	0.621	0.252	0.944	0.616	0.993
NDUFA7	MT-ND3	9606.ENSP00000301457	9606.ENSP00000355206	0	0	0	0	0.087	0.856	0.967	0.486	0.997
NDUFA7	MT-ND2	9606.ENSP00000301457	9606.ENSP00000355046	0	0	0	0	0.075	0.939	0.967	0.268	0.998
NDUFA7	MT-ND1	9606.ENSP00000301457	9606.ENSP00000354687	0	0	0	0	0.157	0.917	0.967	0.329	0.998
NDUFA7	NDUFB1	9606.ENSP00000301457	9606.ENSP00000483888	0	0	0	0	0.310	0.938	0.900	0.704	0.998
NDUFA7	MT-ND4	9606.ENSP00000301457	9606.ENSP00000354961	0	0	0	0	0.137	0.918	0.967	0.364	0.998
NDUFA7	MT-ND5	9606.ENSP00000301457	9606.ENSP00000354813	0	0	0	0	0.103	0.915	0.967	0.381	0.998
NDUFA7	NDUFV1	9606.ENSP00000301457	9606.ENSP00000497587	0	0	0	0	0.524	0.974	0.967	0.813	0.999
NDUFA7	NDUFA3	9606.ENSP00000301457	9606.ENSP00000418438	0	0	0	0	0.718	0.922	0.967	0.769	0.999
NDUFA7	NDUFA11	9606.ENSP00000301457	9606.ENSP00000389160	0	0	0	0	0.895	0.852	0.944	0.752	0.999
NDUFA7	NDUFA1	9606.ENSP00000301457	9606.ENSP00000360492	0	0	0	0	0.472	0.932	0.967	0.766	0.999
NDUFA7	NDUFB6	9606.ENSP00000301457	9606.ENSP00000369176	0	0	0	0	0.697	0.938	0.967	0.673	0.999
NDUFA7	NDUFS8	9606.ENSP00000301457	9606.ENSP00000315774	0	0	0	0	0.805	0.973	0.967	0.907	0.999
NDUFA7	NDUFA8	9606.ENSP00000301457	9606.ENSP00000362873	0	0	0	0	0.756	0.959	0.967	0.770	0.999
NDUFA7	NDUFS5	9606.ENSP00000301457	9606.ENSP00000362058	0	0	0	0	0.807	0.998	0.900	0.619	0.999
NDUFA7	NDUFS2	9606.ENSP00000301457	9606.ENSP00000356972	0	0	0	0	0.383	0.966	0.967	0.528	0.999
NDUFA7	NDUFV3	9606.ENSP00000301457	9606.ENSP00000346196	0	0	0	0	0.401	0.938	0.967	0.808	0.999
NDUFA7	NDUFA13	9606.ENSP00000301457	9606.ENSP00000423673	0	0	0	0	0.919	0.970	0.967	0.840	0.999
NDUFA7	NDUFB3	9606.ENSP00000301457	9606.ENSP00000407336	0	0	0	0	0.567	0.920	0.967	0.833	0.999
NDUFA7	NDUFAB1	9606.ENSP00000301457	9606.ENSP00000458770	0	0	0	0	0.450	0.992	0.967	0.526	0.999
NDUFA7	NDUFS1	9606.ENSP00000301457	9606.ENSP00000392709	0	0	0	0	0.304	0.974	0.967	0.829	0.999
NDUFA7	NDUFV2	9606.ENSP00000301457	9606.ENSP00000327268	0	0	0	0	0.373	0.941	0.967	0.830	0.999
NDUFA7	NDUFC1	9606.ENSP00000301457	9606.ENSP00000441126	0	0	0	0	0.512	0.825	0.967	0.722	0.999
NDUFA7	NDUFA5	9606.ENSP00000301457	9606.ENSP00000417142	0	0	0	0	0.469	0.948	0.967	0.832	0.999
NDUFA7	NDUFA6	9606.ENSP00000301457	9606.ENSP00000482543	0	0	0	0	0.638	0.998	0.967	0.953	0.999
NDUFA7	NDUFB2	9606.ENSP00000301457	9606.ENSP00000419087	0	0	0	0	0.230	0.905	0.967	0.856	0.999
NDUFA7	NDUFA12	9606.ENSP00000301457	9606.ENSP00000330737	0	0	0	0	0.666	0.999	0.967	0.826	0.999
NDUFA8	NDUFB4	9606.ENSP00000362873	9606.ENSP00000184266	0	0	0	0	0.867	0.970	0.967	0.688	0.999
NDUFA8	UQCRC1	9606.ENSP00000362873	9606.ENSP00000203407	0	0	0	0	0.631	0.953	0.154	0.560	0.992
NDUFA8	NDUFB7	9606.ENSP00000362873	9606.ENSP00000215565	0	0	0	0	0.944	0.997	0.967	0.807	0.999
NDUFA8	NDUFS7	9606.ENSP00000362873	9606.ENSP00000233627	0	0	0	0	0.974	0.993	0.967	0.644	0.999
NDUFA8	NDUFA2	9606.ENSP00000362873	9606.ENSP00000252102	0	0	0	0	0.945	0.998	0.967	0.805	0.999
NDUFA8	NDUFA10	9606.ENSP00000362873	9606.ENSP00000252711	0	0	0	0	0.434	0.957	0.967	0.718	0.999
NDUFA8	COX5B	9606.ENSP00000362873	9606.ENSP00000258424	0	0	0	0	0.878	0.844	0	0.619	0.992
NDUFA8	NDUFB5	9606.ENSP00000362873	9606.ENSP00000259037	0	0	0	0	0.891	0.989	0.967	0.820	0.999
NDUFA8	NDUFAF1	9606.ENSP00000362873	9606.ENSP00000260361	0	0	0	0	0.304	0.729	0.967	0.301	0.995
NDUFA8	NDUFS3	9606.ENSP00000362873	9606.ENSP00000263774	0	0	0	0	0.950	0.995	0.967	0.784	0.999
NDUFA8	NDUFA9	9606.ENSP00000362873	9606.ENSP00000266544	0	0	0	0	0.868	0.991	0.944	0.856	0.999
NDUFA8	UQCRC2	9606.ENSP00000362873	9606.ENSP00000268379	0	0	0	0	0.615	0.908	0.172	0.658	0.988
NDUFA8	NDUFB10	9606.ENSP00000362873	9606.ENSP00000268668	0	0	0	0	0.953	0.991	0.967	0.880	0.999
NDUFA8	ECSIT	9606.ENSP00000362873	9606.ENSP00000270517	0	0	0	0	0.555	0.684	0.500	0.233	0.938
NDUFA8	NDUFS6	9606.ENSP00000362873	9606.ENSP00000274137	0	0	0	0	0.907	0.996	0.967	0.767	0.999
NDUFA8	NDUFB11	9606.ENSP00000362873	9606.ENSP00000276062	0	0	0	0	0.919	0.894	0.967	0.531	0.999
NDUFA8	NDUFB9	9606.ENSP00000362873	9606.ENSP00000276689	0	0	0	0	0.978	0.996	0.967	0.717	0.999
NDUFA8	NDUFC2	9606.ENSP00000362873	9606.ENSP00000281031	0	0	0	0	0.736	0.986	0.944	0.755	0.999
NDUFA8	COX6A2	9606.ENSP00000362873	9606.ENSP00000287490	0	0	0	0	0.516	0.845	0	0.439	0.954
NDUFA8	NDUFAF2	9606.ENSP00000362873	9606.ENSP00000296597	0	0	0	0	0.199	0.507	0.838	0.318	0.950
NDUFA8	NDUFS4	9606.ENSP00000362873	9606.ENSP00000296684	0	0	0	0	0.960	0.995	0.967	0.722	0.999
NDUFA8	NDUFB8	9606.ENSP00000362873	9606.ENSP00000299166	0	0	0	0	0.974	0.995	0.967	0.735	0.999
NDUFA8	NDUFA7	9606.ENSP00000362873	9606.ENSP00000301457	0	0	0	0	0.756	0.959	0.967	0.770	0.999
NDUFA8	ATP5PD	9606.ENSP00000362873	9606.ENSP00000301587	0	0	0	0	0.937	0.096	0	0.518	0.970
NDUFA8	UQCRFS1	9606.ENSP00000362873	9606.ENSP00000306397	0	0	0	0	0.617	0.977	0.284	0.585	0.997
NDUFA8	UQCRH	9606.ENSP00000362873	9606.ENSP00000309565	0	0	0	0	0.813	0.957	0.237	0.445	0.996
NDUFA8	NDUFS8	9606.ENSP00000362873	9606.ENSP00000315774	0	0	0	0	0.959	0.997	0.967	0.809	0.999
NDUFA8	CYC1	9606.ENSP00000362873	9606.ENSP00000317159	0	0	0	0	0.928	0.967	0.172	0.264	0.998
NDUFA8	COX5A	9606.ENSP00000362873	9606.ENSP00000317780	0	0	0	0	0.867	0.830	0	0.568	0.989
NDUFA8	NDUFAF3	9606.ENSP00000362873	9606.ENSP00000323076	0	0	0	0	0.237	0.994	0.893	0.342	0.999
NDUFA8	NDUFV2	9606.ENSP00000362873	9606.ENSP00000327268	0	0	0	0	0.980	0.996	0.967	0.615	0.999
NDUFA8	NDUFA12	9606.ENSP00000362873	9606.ENSP00000330737	0	0	0	0	0.975	0.995	0.967	0.791	0.999
NDUFA8	UQCR10	9606.ENSP00000362873	9606.ENSP00000332887	0	0	0	0	0.966	0.967	0.284	0.544	0.999
NDUFA8	NDUFA4	9606.ENSP00000362873	9606.ENSP00000339720	0	0	0	0	0.365	0.249	0.944	0.666	0.989
NDUFA8	NDUFV3	9606.ENSP00000362873	9606.ENSP00000346196	0	0	0	0	0.420	0.958	0.967	0.491	0.999
NDUFA8	MT-CYB	9606.ENSP00000362873	9606.ENSP00000354554	0	0	0	0	0	0.904	0	0.321	0.932
NDUFA8	MT-ND6	9606.ENSP00000362873	9606.ENSP00000354665	0	0	0	0	0	0.894	0.851	0.553	0.992
NDUFA8	MT-ND1	9606.ENSP00000362873	9606.ENSP00000354687	0	0	0	0	0.253	0.997	0.967	0.392	0.999
NDUFA8	MT-ND4L	9606.ENSP00000362873	9606.ENSP00000354728	0	0	0	0	0	0.986	0.851	0.336	0.998
NDUFA8	MT-ND5	9606.ENSP00000362873	9606.ENSP00000354813	0	0	0	0	0.214	0.995	0.967	0.449	0.999
NDUFA8	MT-ND4	9606.ENSP00000362873	9606.ENSP00000354961	0	0	0	0	0.216	0.997	0.967	0.443	0.999
NDUFA8	MT-CO3	9606.ENSP00000362873	9606.ENSP00000354982	0	0	0	0	0.068	0.830	0	0.425	0.901
NDUFA8	MT-ND2	9606.ENSP00000362873	9606.ENSP00000355046	0	0	0	0	0.127	0.994	0.967	0.398	0.999
NDUFA8	MT-ND3	9606.ENSP00000362873	9606.ENSP00000355206	0	0	0	0	0	0.991	0.967	0.565	0.999
NDUFA8	SDHC	9606.ENSP00000362873	9606.ENSP00000356953	0	0	0	0	0.877	0.170	0	0.229	0.914
NDUFA8	NDUFS2	9606.ENSP00000362873	9606.ENSP00000356972	0	0	0	0	0.915	0.995	0.967	0.807	0.999
NDUFA8	NDUFAF4	9606.ENSP00000362873	9606.ENSP00000358272	0	0	0	0	0.150	0.224	0.838	0.484	0.937
NDUFA8	NDUFA1	9606.ENSP00000362873	9606.ENSP00000360492	0	0	0	0	0.283	0.984	0.967	0.692	0.999
NDUFA8	NDUFS5	9606.ENSP00000362873	9606.ENSP00000362058	0	0	0	0	0.916	0.982	0.900	0.791	0.999
NDUFA8	COX7B	9606.ENSP00000362873	9606.ENSP00000497474	0	0	0	0	0.177	0.842	0	0.388	0.913
NDUFA8	COX7C	9606.ENSP00000362873	9606.ENSP00000425759	0	0	0	0	0.476	0.830	0	0.454	0.947
NDUFA8	SDHD	9606.ENSP00000362873	9606.ENSP00000364699	0	0	0	0	0.903	0	0	0.518	0.951
NDUFA8	SDHB	9606.ENSP00000362873	9606.ENSP00000364649	0	0	0	0	0.905	0.177	0	0.433	0.952
NDUFA8	COX6B1	9606.ENSP00000362873	9606.ENSP00000466818	0	0	0	0	0.474	0.848	0	0.671	0.971
NDUFA8	COX4I1	9606.ENSP00000362873	9606.ENSP00000457513	0	0	0	0	0.731	0.897	0	0.369	0.981
NDUFA8	UQCR11	9606.ENSP00000362873	9606.ENSP00000467262	0	0	0	0	0.847	0.830	0	0.419	0.983
NDUFA8	UQCRQ	9606.ENSP00000362873	9606.ENSP00000367939	0	0	0	0	0.921	0.887	0.172	0.502	0.995
NDUFA8	NDUFB2	9606.ENSP00000362873	9606.ENSP00000419087	0	0	0	0	0.271	0.842	0.967	0.451	0.997
NDUFA8	NDUFC1	9606.ENSP00000362873	9606.ENSP00000441126	0	0	0	0	0.395	0.825	0.967	0.618	0.998
NDUFA8	NDUFV1	9606.ENSP00000362873	9606.ENSP00000497587	0	0	0	0	0.927	0.997	0.967	0.743	0.999
NDUFA8	NDUFA3	9606.ENSP00000362873	9606.ENSP00000418438	0	0	0	0	0.502	0.986	0.967	0.927	0.999
NDUFA8	NDUFA11	9606.ENSP00000362873	9606.ENSP00000389160	0	0	0	0	0.731	0.952	0.944	0.744	0.999
NDUFA8	NDUFB1	9606.ENSP00000362873	9606.ENSP00000483888	0	0	0	0	0.271	0.991	0.900	0.650	0.999
NDUFA8	NDUFB6	9606.ENSP00000362873	9606.ENSP00000369176	0	0	0	0	0.918	0.971	0.967	0.753	0.999
NDUFA8	TIMMDC1	9606.ENSP00000362873	9606.ENSP00000418803	0	0	0	0	0.250	0.994	0.500	0.718	0.999
NDUFA8	NDUFA13	9606.ENSP00000362873	9606.ENSP00000423673	0	0	0	0	0.956	0.997	0.967	0.842	0.999
NDUFA8	NDUFB3	9606.ENSP00000362873	9606.ENSP00000407336	0	0	0	0	0.704	0.996	0.967	0.745	0.999
NDUFA8	NDUFS1	9606.ENSP00000362873	9606.ENSP00000392709	0	0	0	0	0.739	0.996	0.967	0.665	0.999
NDUFA8	NDUFAB1	9606.ENSP00000362873	9606.ENSP00000458770	0	0	0	0	0.534	0.991	0.967	0.640	0.999
NDUFA8	NDUFA5	9606.ENSP00000362873	9606.ENSP00000417142	0	0	0	0	0.981	0.991	0.967	0.828	0.999
NDUFA8	NDUFA6	9606.ENSP00000362873	9606.ENSP00000482543	0	0	0	0	0.931	0.998	0.967	0.719	0.999
NDUFA8	UQCRB	9606.ENSP00000362873	9606.ENSP00000430494	0	0	0	0	0.974	0.976	0.284	0.562	0.999
NDUFA9	NDUFB4	9606.ENSP00000266544	9606.ENSP00000184266	0	0	0	0	0.521	0.998	0.944	0.675	0.999
NDUFA9	UQCRC1	9606.ENSP00000266544	9606.ENSP00000203407	0	0	0	0	0.863	0.935	0.154	0.806	0.998
NDUFA9	NDUFB7	9606.ENSP00000266544	9606.ENSP00000215565	0	0	0	0	0.728	0.999	0.944	0.474	0.999
NDUFA9	NDUFS7	9606.ENSP00000266544	9606.ENSP00000233627	0	0	0	0	0.883	0.999	0.944	0.967	0.999
NDUFA9	NDUFA2	9606.ENSP00000266544	9606.ENSP00000252102	0	0	0	0	0.720	0.999	0.944	0.925	0.999
NDUFA9	NDUFA10	9606.ENSP00000266544	9606.ENSP00000252711	0	0	0	0	0.867	0.998	0.944	0.886	0.999
NDUFA9	COX5B	9606.ENSP00000266544	9606.ENSP00000258424	0	0	0	0	0.827	0.846	0	0.557	0.987
NDUFA9	NDUFB5	9606.ENSP00000266544	9606.ENSP00000259037	0	0	0	0	0.781	0.998	0.944	0.687	0.999
NDUFA9	NDUFAF1	9606.ENSP00000266544	9606.ENSP00000260361	0	0	0	0	0.131	0.292	0.944	0.403	0.976
NDUFA9	ATP5F1B	9606.ENSP00000266544	9606.ENSP00000262030	0	0	0	0	0.860	0.199	0	0.588	0.950
NDUFA9	NDUFS3	9606.ENSP00000266544	9606.ENSP00000263774	0	0	0	0	0.878	0.999	0.944	0.991	0.999
NDUFA9	SDHA	9606.ENSP00000266544	9606.ENSP00000264932	0	0	0	0	0.843	0.087	0	0.885	0.982
NDUFA9	SDHC	9606.ENSP00000266544	9606.ENSP00000356953	0	0	0	0	0.837	0.150	0	0.350	0.902
NDUFA9	COX4I2	9606.ENSP00000266544	9606.ENSP00000365243	0	0	0	0	0.688	0.189	0	0.662	0.907
NDUFA9	NDUFAF2	9606.ENSP00000266544	9606.ENSP00000296597	0	0	0	0	0.126	0.429	0.722	0.414	0.908
NDUFA9	COX7A1	9606.ENSP00000266544	9606.ENSP00000292907	0	0	0	0	0.076	0.841	0	0.497	0.920
NDUFA9	COX6B1	9606.ENSP00000266544	9606.ENSP00000466818	0	0	0	0	0.242	0.862	0	0.398	0.931
NDUFA9	ATP5F1C	9606.ENSP00000266544	9606.ENSP00000349142	0.044	0	0	0	0.844	0.206	0	0.507	0.934
NDUFA9	COX6A2	9606.ENSP00000266544	9606.ENSP00000287490	0	0	0	0	0.294	0.880	0	0.323	0.938
NDUFA9	UQCR11	9606.ENSP00000266544	9606.ENSP00000467262	0	0	0	0	0.537	0.841	0	0.241	0.939
NDUFA9	MT-CO3	9606.ENSP00000266544	9606.ENSP00000354982	0	0	0	0	0.079	0.841	0.423	0.378	0.940
NDUFA9	COX7C	9606.ENSP00000266544	9606.ENSP00000425759	0	0	0	0	0.443	0.855	0	0.386	0.946
NDUFA9	ATP5F1A	9606.ENSP00000266544	9606.ENSP00000381736	0.045	0	0	0	0.657	0.188	0	0.825	0.947
NDUFA9	SDHB	9606.ENSP00000266544	9606.ENSP00000364649	0	0	0	0	0.879	0.259	0	0.639	0.965
NDUFA9	UQCRH	9606.ENSP00000266544	9606.ENSP00000309565	0	0	0	0	0.440	0.903	0.285	0.349	0.971
NDUFA9	MT-CYB	9606.ENSP00000266544	9606.ENSP00000354554	0	0	0	0	0.110	0.951	0.268	0.474	0.981
NDUFA9	MT-CO1	9606.ENSP00000266544	9606.ENSP00000354499	0	0	0	0	0.108	0.895	0.433	0.733	0.984
NDUFA9	UQCRQ	9606.ENSP00000266544	9606.ENSP00000367939	0	0	0	0	0.776	0.871	0	0.541	0.985
NDUFA9	NDUFA4	9606.ENSP00000266544	9606.ENSP00000339720	0	0	0	0	0.248	0.330	0.933	0.697	0.988
NDUFA9	UQCRB	9606.ENSP00000266544	9606.ENSP00000430494	0	0	0	0	0.672	0.945	0.218	0.341	0.989
NDUFA9	COX5A	9606.ENSP00000266544	9606.ENSP00000317780	0	0	0	0	0.855	0.851	0	0.628	0.991
NDUFA9	MT-ND4L	9606.ENSP00000266544	9606.ENSP00000354728	0	0	0	0	0	0.962	0.744	0.374	0.993
NDUFA9	NDUFC1	9606.ENSP00000266544	9606.ENSP00000441126	0	0	0	0	0.218	0.821	0.944	0.245	0.993
NDUFA9	COX4I1	9606.ENSP00000266544	9606.ENSP00000457513	0	0	0	0	0.852	0.897	0	0.717	0.995
NDUFA9	NDUFB2	9606.ENSP00000266544	9606.ENSP00000419087	0	0	0	0	0.199	0.841	0.944	0.495	0.995
NDUFA9	MT-ND6	9606.ENSP00000266544	9606.ENSP00000354665	0	0	0	0	0	0.946	0.744	0.665	0.995
NDUFA9	TIMMDC1	9606.ENSP00000266544	9606.ENSP00000418803	0	0	0	0	0.062	0.994	0.500	0.251	0.997
NDUFA9	UQCRC2	9606.ENSP00000266544	9606.ENSP00000268379	0	0	0	0	0.781	0.900	0.130	0.889	0.997
NDUFA9	CYC1	9606.ENSP00000266544	9606.ENSP00000317159	0	0	0	0	0.858	0.970	0.434	0.424	0.998
NDUFA9	NDUFA1	9606.ENSP00000266544	9606.ENSP00000360492	0	0	0	0	0.165	0.936	0.944	0.601	0.998
NDUFA9	NDUFV3	9606.ENSP00000266544	9606.ENSP00000346196	0	0	0	0	0.270	0.998	0.944	0.537	0.999
NDUFA9	NDUFB10	9606.ENSP00000266544	9606.ENSP00000268668	0	0	0	0	0.622	0.999	0.944	0.881	0.999
NDUFA9	NDUFS2	9606.ENSP00000266544	9606.ENSP00000356972	0	0	0	0	0.868	0.999	0.944	0.913	0.999
NDUFA9	NDUFS5	9606.ENSP00000266544	9606.ENSP00000362058	0	0	0	0	0.493	0.998	0.900	0.668	0.999
NDUFA9	UQCR10	9606.ENSP00000266544	9606.ENSP00000332887	0	0	0	0	0.786	0.998	0.154	0.448	0.999
NDUFA9	NDUFA8	9606.ENSP00000266544	9606.ENSP00000362873	0	0	0	0	0.868	0.991	0.944	0.856	0.999
NDUFA9	NDUFS8	9606.ENSP00000266544	9606.ENSP00000315774	0	0	0	0	0.897	0.999	0.944	0.775	0.999
NDUFA9	NDUFB6	9606.ENSP00000266544	9606.ENSP00000369176	0	0	0	0	0.837	0.943	0.944	0.941	0.999
NDUFA9	NDUFB1	9606.ENSP00000266544	9606.ENSP00000483888	0	0	0	0	0.248	0.977	0.900	0.506	0.999
NDUFA9	NDUFA7	9606.ENSP00000266544	9606.ENSP00000301457	0	0	0	0	0.510	0.998	0.944	0.712	0.999
NDUFA9	NDUFS4	9606.ENSP00000266544	9606.ENSP00000296684	0	0	0	0	0.909	0.999	0.944	0.783	0.999
NDUFA9	NDUFA11	9606.ENSP00000266544	9606.ENSP00000389160	0	0	0	0	0.619	0.998	0.933	0.680	0.999
NDUFA9	NDUFB9	9606.ENSP00000266544	9606.ENSP00000276689	0	0	0	0	0.892	0.985	0.944	0.871	0.999
NDUFA9	NDUFA3	9606.ENSP00000266544	9606.ENSP00000418438	0	0	0	0	0.441	0.929	0.944	0.665	0.999
NDUFA9	MT-ND1	9606.ENSP00000266544	9606.ENSP00000354687	0	0	0	0	0.163	0.983	0.944	0.703	0.999
NDUFA9	NDUFV1	9606.ENSP00000266544	9606.ENSP00000497587	0	0	0	0	0.900	0.999	0.944	0.920	0.999
NDUFA9	MT-ND2	9606.ENSP00000266544	9606.ENSP00000355046	0	0	0	0	0.139	0.966	0.944	0.471	0.999
NDUFA9	UQCRFS1	9606.ENSP00000266544	9606.ENSP00000306397	0.055	0	0	0	0.874	0.999	0.449	0.758	0.999
NDUFA9	NDUFA12	9606.ENSP00000266544	9606.ENSP00000330737	0	0	0	0	0.896	0.999	0.944	0.660	0.999
NDUFA9	NDUFB8	9606.ENSP00000266544	9606.ENSP00000299166	0	0	0	0	0.899	0.999	0.944	0.879	0.999
NDUFA9	NDUFB11	9606.ENSP00000266544	9606.ENSP00000276062	0	0	0	0	0.528	0.998	0.944	0.715	0.999
NDUFA9	NDUFS6	9606.ENSP00000266544	9606.ENSP00000274137	0	0	0	0	0.830	0.999	0.944	0.695	0.999
NDUFA9	NDUFA6	9606.ENSP00000266544	9606.ENSP00000482543	0	0	0	0	0.709	0.999	0.944	0.960	0.999
NDUFA9	NDUFA5	9606.ENSP00000266544	9606.ENSP00000417142	0	0	0	0	0.693	0.999	0.944	0.790	0.999
NDUFA9	MT-ND5	9606.ENSP00000266544	9606.ENSP00000354813	0	0	0	0	0.202	0.998	0.944	0.682	0.999
NDUFA9	NDUFV2	9606.ENSP00000266544	9606.ENSP00000327268	0	0	0	0	0.880	0.999	0.944	0.949	0.999
NDUFA9	NDUFAB1	9606.ENSP00000266544	9606.ENSP00000458770	0	0	0	0	0.446	0.999	0.944	0.569	0.999
NDUFA9	NDUFS1	9606.ENSP00000266544	9606.ENSP00000392709	0	0	0	0	0.883	0.999	0.944	0.934	0.999
NDUFA9	NDUFB3	9606.ENSP00000266544	9606.ENSP00000407336	0	0	0	0	0.598	0.999	0.944	0.657	0.999
NDUFA9	NDUFC2	9606.ENSP00000266544	9606.ENSP00000281031	0	0	0	0	0.607	0.927	0.933	0.640	0.999
NDUFA9	NDUFA13	9606.ENSP00000266544	9606.ENSP00000423673	0	0	0	0	0.901	0.999	0.944	0.853	0.999
NDUFA9	MT-ND4	9606.ENSP00000266544	9606.ENSP00000354961	0	0	0	0	0.222	0.981	0.944	0.454	0.999
NDUFA9	MT-ND3	9606.ENSP00000266544	9606.ENSP00000355206	0	0	0	0	0.108	0.983	0.944	0.780	0.999
NDUFAB1	NDUFB4	9606.ENSP00000458770	9606.ENSP00000184266	0	0	0	0	0.727	0.991	0.967	0.545	0.999
NDUFAB1	UQCRC1	9606.ENSP00000458770	9606.ENSP00000203407	0	0	0	0	0.331	0.921	0	0.701	0.983
NDUFAB1	ATP5F1D	9606.ENSP00000458770	9606.ENSP00000215375	0.057	0	0	0	0.835	0	0	0.554	0.924
NDUFAB1	NDUFB7	9606.ENSP00000458770	9606.ENSP00000215565	0	0	0	0	0.384	0.991	0.967	0.787	0.999
NDUFAB1	NDUFS7	9606.ENSP00000458770	9606.ENSP00000233627	0	0	0	0	0.424	0.991	0.967	0.589	0.999
NDUFAB1	NDUFA2	9606.ENSP00000458770	9606.ENSP00000252102	0	0	0	0	0.385	0.991	0.967	0.934	0.999
NDUFAB1	NDUFA10	9606.ENSP00000458770	9606.ENSP00000252711	0	0	0	0	0.238	0.991	0.967	0.633	0.999
NDUFAB1	COX5B	9606.ENSP00000458770	9606.ENSP00000258424	0	0	0	0	0.374	0.864	0	0.399	0.944
NDUFAB1	NDUFB5	9606.ENSP00000458770	9606.ENSP00000259037	0	0	0	0	0.803	0.991	0.967	0.804	0.999
NDUFAB1	NDUFAF1	9606.ENSP00000458770	9606.ENSP00000260361	0	0	0	0	0.127	0	0.967	0.522	0.985
NDUFAB1	NDUFS3	9606.ENSP00000458770	9606.ENSP00000263774	0	0	0	0	0.719	0.991	0.967	0.600	0.999
NDUFAB1	NDUFA9	9606.ENSP00000458770	9606.ENSP00000266544	0	0	0	0	0.446	0.999	0.944	0.569	0.999
NDUFAB1	UQCRC2	9606.ENSP00000458770	9606.ENSP00000268379	0	0	0	0	0.451	0.895	0	0.546	0.971
NDUFAB1	NDUFB10	9606.ENSP00000458770	9606.ENSP00000268668	0	0	0	0	0.810	0.991	0.967	0.705	0.999
NDUFAB1	NDUFS6	9606.ENSP00000458770	9606.ENSP00000274137	0	0	0	0	0.602	0.992	0.967	0.756	0.999
NDUFAB1	NDUFB11	9606.ENSP00000458770	9606.ENSP00000276062	0	0	0	0	0.643	0.992	0.967	0.511	0.999
NDUFAB1	NDUFB9	9606.ENSP00000458770	9606.ENSP00000276689	0	0	0	0	0.830	0.994	0.967	0.834	0.999
NDUFAB1	NDUFC2	9606.ENSP00000458770	9606.ENSP00000281031	0	0	0	0	0.622	0.966	0.944	0.474	0.999
NDUFAB1	COX6A2	9606.ENSP00000458770	9606.ENSP00000287490	0	0	0	0	0.316	0.856	0	0.313	0.926
NDUFAB1	NDUFAF2	9606.ENSP00000458770	9606.ENSP00000296597	0	0	0	0	0.204	0.319	0.838	0.411	0.941
NDUFAB1	NDUFS4	9606.ENSP00000458770	9606.ENSP00000296684	0	0	0	0	0.737	0.991	0.967	0.555	0.999
NDUFAB1	NDUFB8	9606.ENSP00000458770	9606.ENSP00000299166	0	0	0	0	0.685	0.994	0.967	0.736	0.999
NDUFAB1	NDUFA7	9606.ENSP00000458770	9606.ENSP00000301457	0	0	0	0	0.450	0.992	0.967	0.526	0.999
NDUFAB1	UQCRFS1	9606.ENSP00000458770	9606.ENSP00000306397	0	0	0	0	0.732	0.967	0.218	0.447	0.995
NDUFAB1	UQCRH	9606.ENSP00000458770	9606.ENSP00000309565	0	0	0	0	0.383	0.900	0.154	0.597	0.976
NDUFAB1	NDUFS8	9606.ENSP00000458770	9606.ENSP00000315774	0	0	0	0	0.488	0.991	0.967	0.737	0.999
NDUFAB1	CYC1	9606.ENSP00000458770	9606.ENSP00000317159	0	0	0	0	0.453	0.965	0.163	0.202	0.985
NDUFAB1	COX5A	9606.ENSP00000458770	9606.ENSP00000317780	0	0	0	0	0.817	0.859	0	0.519	0.986
NDUFAB1	NDUFV2	9606.ENSP00000458770	9606.ENSP00000327268	0.049	0	0	0	0.604	0.991	0.967	0.573	0.999
NDUFAB1	NDUFA12	9606.ENSP00000458770	9606.ENSP00000330737	0	0	0	0	0.762	0.991	0.967	0.530	0.999
NDUFAB1	UQCR10	9606.ENSP00000458770	9606.ENSP00000332887	0	0	0	0	0.470	0.947	0	0.397	0.981
NDUFAB1	NDUFA4	9606.ENSP00000458770	9606.ENSP00000339720	0	0	0	0	0.506	0.085	0.933	0.734	0.990
NDUFAB1	NDUFV3	9606.ENSP00000458770	9606.ENSP00000346196	0	0	0	0	0.124	0.992	0.967	0.536	0.999
NDUFAB1	MT-CYB	9606.ENSP00000458770	9606.ENSP00000354554	0	0	0	0	0.063	0.886	0.151	0.271	0.925
NDUFAB1	MT-ND6	9606.ENSP00000458770	9606.ENSP00000354665	0	0	0	0	0	0.991	0.851	0.257	0.998
NDUFAB1	MT-ND1	9606.ENSP00000458770	9606.ENSP00000354687	0.043	0	0	0	0.078	0.991	0.967	0.481	0.999
NDUFAB1	MT-ND4L	9606.ENSP00000458770	9606.ENSP00000354728	0	0	0	0	0	0.991	0.851	0.312	0.999
NDUFAB1	MT-ND5	9606.ENSP00000458770	9606.ENSP00000354813	0	0	0	0	0.076	0.994	0.967	0.461	0.999
NDUFAB1	MT-ND4	9606.ENSP00000458770	9606.ENSP00000354961	0	0	0	0	0.099	0.991	0.967	0.292	0.999
NDUFAB1	MT-ND2	9606.ENSP00000458770	9606.ENSP00000355046	0	0	0	0	0.080	0.991	0.967	0.316	0.999
NDUFAB1	MT-ND3	9606.ENSP00000458770	9606.ENSP00000355206	0	0	0	0	0.105	0.991	0.967	0.304	0.999
NDUFAB1	NDUFS2	9606.ENSP00000458770	9606.ENSP00000356972	0	0	0	0	0.193	0.991	0.967	0.671	0.999
NDUFAB1	NDUFAF4	9606.ENSP00000458770	9606.ENSP00000358272	0	0	0	0	0.221	0	0.838	0.407	0.918
NDUFAB1	NDUFA1	9606.ENSP00000458770	9606.ENSP00000360492	0	0	0	0	0.284	0.993	0.967	0.666	0.999
NDUFAB1	NDUFS5	9606.ENSP00000458770	9606.ENSP00000362058	0	0	0	0	0.531	0.991	0.900	0.541	0.999
NDUFAB1	NDUFA8	9606.ENSP00000458770	9606.ENSP00000362873	0	0	0	0	0.534	0.991	0.967	0.640	0.999
NDUFAB1	UQCRQ	9606.ENSP00000458770	9606.ENSP00000367939	0	0	0	0	0.590	0.893	0	0.425	0.972
NDUFAB1	NDUFB6	9606.ENSP00000458770	9606.ENSP00000369176	0	0	0	0	0.673	0.994	0.967	0.704	0.999
NDUFAB1	NDUFA11	9606.ENSP00000458770	9606.ENSP00000389160	0	0	0	0	0.261	0.999	0.944	0.519	0.999
NDUFAB1	NDUFS1	9606.ENSP00000458770	9606.ENSP00000392709	0	0	0	0	0.235	0.991	0.967	0.764	0.999
NDUFAB1	NDUFB3	9606.ENSP00000458770	9606.ENSP00000407336	0	0	0	0	0.523	0.995	0.967	0.851	0.999
NDUFAB1	NDUFA5	9606.ENSP00000458770	9606.ENSP00000417142	0	0	0	0	0.626	0.991	0.967	0.591	0.999
NDUFAB1	NDUFA3	9606.ENSP00000458770	9606.ENSP00000418438	0	0	0	0	0.169	0.991	0.967	0.537	0.999
NDUFAB1	NDUFB2	9606.ENSP00000458770	9606.ENSP00000419087	0	0	0	0	0.278	0.994	0.967	0.807	0.999
NDUFAB1	NDUFA13	9606.ENSP00000458770	9606.ENSP00000423673	0	0	0	0	0.704	0.991	0.967	0.597	0.999
NDUFAB1	COX7C	9606.ENSP00000458770	9606.ENSP00000425759	0	0	0	0	0.312	0.844	0	0.384	0.928
NDUFAB1	UQCRB	9606.ENSP00000458770	9606.ENSP00000430494	0	0	0	0	0.622	0.913	0	0.324	0.975
NDUFAB1	NDUFC1	9606.ENSP00000458770	9606.ENSP00000441126	0	0	0	0	0.444	0.991	0.967	0.568	0.999
NDUFAB1	COX4I1	9606.ENSP00000458770	9606.ENSP00000457513	0	0	0	0	0.338	0.856	0	0.381	0.936
NDUFAB1	COX7B	9606.ENSP00000458770	9606.ENSP00000497474	0	0	0	0	0.333	0.842	0	0.336	0.924
NDUFAB1	UQCR11	9606.ENSP00000458770	9606.ENSP00000467262	0	0	0	0	0.383	0.844	0	0.324	0.929
NDUFAB1	COX6B1	9606.ENSP00000458770	9606.ENSP00000466818	0	0	0	0	0.473	0.856	0	0.405	0.951
NDUFAB1	NDUFA6	9606.ENSP00000458770	9606.ENSP00000482543	0	0	0	0	0.476	0.999	0.967	0.850	0.999
NDUFAB1	NDUFV1	9606.ENSP00000458770	9606.ENSP00000497587	0	0	0	0	0.176	0.991	0.967	0.717	0.999
NDUFAB1	NDUFB1	9606.ENSP00000458770	9606.ENSP00000483888	0	0	0	0	0.413	0.991	0.900	0.527	0.999
NDUFAF1	NDUFB4	9606.ENSP00000260361	9606.ENSP00000184266	0	0	0	0	0.102	0	0.967	0.268	0.976
NDUFAF1	NDUFB7	9606.ENSP00000260361	9606.ENSP00000215565	0	0	0	0	0.068	0	0.967	0.222	0.974
NDUFAF1	NDUFS7	9606.ENSP00000260361	9606.ENSP00000233627	0	0	0	0	0.130	0.499	0.967	0.769	0.996
NDUFAF1	NDUFA2	9606.ENSP00000260361	9606.ENSP00000252102	0	0	0	0	0.067	0	0.967	0.507	0.983
NDUFAF1	NDUFA10	9606.ENSP00000260361	9606.ENSP00000252711	0	0	0	0	0.112	0	0.967	0.541	0.985
NDUFAF1	NDUFB5	9606.ENSP00000260361	9606.ENSP00000259037	0	0	0	0	0.238	0.597	0.967	0.456	0.993
NDUFAF1	MT-ND4L	9606.ENSP00000260361	9606.ENSP00000354728	0	0	0	0	0	0	0.851	0.382	0.904
NDUFAF1	NDUFAF5	9606.ENSP00000260361	9606.ENSP00000367346	0	0	0	0	0.148	0	0.500	0.795	0.905
NDUFAF1	TMEM186	9606.ENSP00000260361	9606.ENSP00000331640	0	0	0	0	0.320	0	0.500	0.821	0.934
NDUFAF1	NDUFB1	9606.ENSP00000260361	9606.ENSP00000483888	0	0	0	0	0.065	0	0.900	0.505	0.949
NDUFAF1	NDUFAF6	9606.ENSP00000260361	9606.ENSP00000379430	0	0	0	0	0.111	0	0.500	0.913	0.958
NDUFAF1	NDUFAF2	9606.ENSP00000260361	9606.ENSP00000296597	0	0	0	0	0.060	0	0.838	0.754	0.959
NDUFAF1	FOXRED1	9606.ENSP00000260361	9606.ENSP00000263578	0	0	0	0	0.121	0	0.720	0.855	0.961
NDUFAF1	NDUFA4	9606.ENSP00000260361	9606.ENSP00000339720	0	0	0	0	0.049	0	0.944	0.366	0.963
NDUFAF1	NDUFC2	9606.ENSP00000260361	9606.ENSP00000281031	0	0	0	0	0.058	0.225	0.944	0.460	0.975
NDUFAF1	NDUFA9	9606.ENSP00000260361	9606.ENSP00000266544	0	0	0	0	0.131	0.292	0.944	0.403	0.976
NDUFAF1	NDUFA11	9606.ENSP00000260361	9606.ENSP00000389160	0	0	0	0	0.056	0	0.944	0.590	0.976
NDUFAF1	NDUFB2	9606.ENSP00000260361	9606.ENSP00000419087	0	0	0	0	0.116	0	0.967	0.272	0.977
NDUFAF1	NDUFA7	9606.ENSP00000260361	9606.ENSP00000301457	0	0	0	0	0.082	0	0.967	0.344	0.978
NDUFAF1	NDUFA3	9606.ENSP00000260361	9606.ENSP00000418438	0	0	0	0	0.057	0	0.967	0.346	0.978
NDUFAF1	NDUFV3	9606.ENSP00000260361	9606.ENSP00000346196	0	0	0	0	0.064	0	0.967	0.359	0.978
NDUFAF1	NDUFC1	9606.ENSP00000260361	9606.ENSP00000441126	0	0	0	0	0.066	0	0.967	0.386	0.979
NDUFAF1	NDUFA5	9606.ENSP00000260361	9606.ENSP00000417142	0	0	0	0	0.105	0	0.967	0.356	0.979
NDUFAF1	MT-ND4	9606.ENSP00000260361	9606.ENSP00000354961	0	0	0	0	0.062	0	0.967	0.413	0.980
NDUFAF1	NDUFB8	9606.ENSP00000260361	9606.ENSP00000299166	0	0	0	0	0.055	0	0.967	0.505	0.983
NDUFAF1	NDUFB3	9606.ENSP00000260361	9606.ENSP00000407336	0	0	0	0	0.265	0	0.967	0.414	0.984
NDUFAF1	NDUFA1	9606.ENSP00000260361	9606.ENSP00000360492	0	0	0	0	0.075	0	0.967	0.514	0.984
NDUFAF1	NDUFAB1	9606.ENSP00000260361	9606.ENSP00000458770	0	0	0	0	0.127	0	0.967	0.522	0.985
NDUFAF1	NDUFV2	9606.ENSP00000260361	9606.ENSP00000327268	0	0	0	0	0.116	0	0.967	0.520	0.985
NDUFAF1	NDUFA6	9606.ENSP00000260361	9606.ENSP00000482543	0	0	0	0	0.058	0.292	0.967	0.400	0.985
NDUFAF1	NDUFS4	9606.ENSP00000260361	9606.ENSP00000296684	0	0	0	0	0.129	0	0.967	0.540	0.985
NDUFAF1	NDUFB9	9606.ENSP00000260361	9606.ENSP00000276689	0	0	0	0	0.057	0	0.967	0.550	0.985
NDUFAF1	NDUFB10	9606.ENSP00000260361	9606.ENSP00000268668	0	0	0	0	0.060	0	0.967	0.561	0.985
NDUFAF1	NDUFS8	9606.ENSP00000260361	9606.ENSP00000315774	0	0	0	0	0.142	0	0.967	0.550	0.986
NDUFAF1	NDUFS6	9606.ENSP00000260361	9606.ENSP00000274137	0	0	0	0	0.056	0	0.967	0.624	0.987
NDUFAF1	NDUFV1	9606.ENSP00000260361	9606.ENSP00000497587	0	0	0	0	0.125	0	0.967	0.588	0.987
NDUFAF1	NDUFB6	9606.ENSP00000260361	9606.ENSP00000369176	0	0	0	0	0.149	0.292	0.967	0.444	0.987
NDUFAF1	MT-ND5	9606.ENSP00000260361	9606.ENSP00000354813	0	0	0	0	0.058	0.439	0.967	0.412	0.988
NDUFAF1	NDUFAF4	9606.ENSP00000260361	9606.ENSP00000358272	0	0	0	0	0.067	0.606	0.838	0.822	0.988
NDUFAF1	NDUFS2	9606.ENSP00000260361	9606.ENSP00000356972	0	0	0	0	0.067	0	0.967	0.674	0.989
NDUFAF1	MT-ND3	9606.ENSP00000260361	9606.ENSP00000355206	0	0	0	0	0	0.797	0.967	0.419	0.995
NDUFAF1	NDUFA8	9606.ENSP00000260361	9606.ENSP00000362873	0	0	0	0	0.304	0.729	0.967	0.301	0.995
NDUFAF1	MT-ND1	9606.ENSP00000260361	9606.ENSP00000354687	0	0	0	0	0.065	0.635	0.967	0.722	0.996
NDUFAF1	MT-ND2	9606.ENSP00000260361	9606.ENSP00000355046	0	0	0	0	0.062	0.797	0.967	0.673	0.997
NDUFAF1	TMEM126B	9606.ENSP00000260361	9606.ENSP00000351737	0	0	0	0	0.174	0.994	0.800	0.977	0.999
NDUFAF1	NDUFS1	9606.ENSP00000260361	9606.ENSP00000392709	0	0	0	0	0.149	0.994	0.967	0.507	0.999
NDUFAF1	NDUFA13	9606.ENSP00000260361	9606.ENSP00000423673	0	0	0	0	0.135	0.996	0.967	0.632	0.999
NDUFAF1	NDUFA12	9606.ENSP00000260361	9606.ENSP00000330737	0	0	0	0	0.085	0.994	0.967	0.737	0.999
NDUFAF1	ACAD9	9606.ENSP00000260361	9606.ENSP00000312618	0	0	0	0	0.095	0.994	0.800	0.988	0.999
NDUFAF1	ECSIT	9606.ENSP00000260361	9606.ENSP00000270517	0	0	0	0	0.332	0.994	0.800	0.998	0.999
NDUFAF1	NDUFB11	9606.ENSP00000260361	9606.ENSP00000276062	0	0	0	0	0.103	0.994	0.967	0.475	0.999
NDUFAF1	NDUFAF3	9606.ENSP00000260361	9606.ENSP00000323076	0	0	0	0	0.056	0.994	0.838	0.732	0.999
NDUFAF1	NDUFS3	9606.ENSP00000260361	9606.ENSP00000263774	0	0	0	0	0.146	0.994	0.967	0.573	0.999
NDUFAF1	NDUFS5	9606.ENSP00000260361	9606.ENSP00000362058	0	0	0	0	0.058	0.994	0.900	0.485	0.999
NDUFAF1	TIMMDC1	9606.ENSP00000260361	9606.ENSP00000418803	0	0	0	0	0.121	0.994	0.500	0.814	0.999
NDUFAF2	NDUFB7	9606.ENSP00000296597	9606.ENSP00000215565	0	0	0	0	0.162	0.507	0.838	0.442	0.957
NDUFAF2	NDUFS7	9606.ENSP00000296597	9606.ENSP00000233627	0	0	0	0	0.108	0.487	0.838	0.830	0.985
NDUFAF2	NDUFA2	9606.ENSP00000296597	9606.ENSP00000252102	0	0	0	0	0.200	0.507	0.838	0.790	0.984
NDUFAF2	NDUFA10	9606.ENSP00000296597	9606.ENSP00000252711	0	0	0	0	0.056	0	0.838	0.482	0.914
NDUFAF2	NDUFB5	9606.ENSP00000296597	9606.ENSP00000259037	0	0	0	0	0.187	0	0.838	0.505	0.929
NDUFAF2	NDUFAF1	9606.ENSP00000296597	9606.ENSP00000260361	0	0	0	0	0.060	0	0.838	0.754	0.959
NDUFAF2	NDUFS3	9606.ENSP00000296597	9606.ENSP00000263774	0	0	0	0	0.085	0.507	0.838	0.786	0.982
NDUFAF2	NDUFA9	9606.ENSP00000296597	9606.ENSP00000266544	0	0	0	0	0.126	0.429	0.722	0.414	0.908
NDUFAF2	NDUFB10	9606.ENSP00000296597	9606.ENSP00000268668	0	0	0	0	0.145	0.507	0.838	0.331	0.948
NDUFAF2	NDUFS6	9606.ENSP00000296597	9606.ENSP00000274137	0	0	0	0	0.085	0	0.935	0.763	0.984
NDUFAF2	NDUFB9	9606.ENSP00000296597	9606.ENSP00000276689	0	0	0	0	0.166	0.726	0.838	0.424	0.976
NDUFAF2	NDUFC1	9606.ENSP00000296597	9606.ENSP00000441126	0	0	0	0	0.153	0	0.838	0.328	0.900
NDUFAF2	NDUFAF6	9606.ENSP00000296597	9606.ENSP00000379430	0	0	0	0	0.057	0	0.500	0.831	0.913
NDUFAF2	NDUFA11	9606.ENSP00000296597	9606.ENSP00000389160	0	0	0	0	0.151	0	0.722	0.730	0.930
NDUFAF2	NDUFAB1	9606.ENSP00000296597	9606.ENSP00000458770	0	0	0	0	0.204	0.319	0.838	0.411	0.941
NDUFAF2	MT-ND6	9606.ENSP00000296597	9606.ENSP00000354665	0	0	0	0	0	0	0.838	0.663	0.943
NDUFAF2	NDUFAF5	9606.ENSP00000296597	9606.ENSP00000367346	0	0	0	0	0.132	0	0.500	0.889	0.947
NDUFAF2	NDUFA8	9606.ENSP00000296597	9606.ENSP00000362873	0	0	0	0	0.199	0.507	0.838	0.318	0.950
NDUFAF2	NDUFA13	9606.ENSP00000296597	9606.ENSP00000423673	0	0	0	0	0.110	0.507	0.838	0.444	0.955
NDUFAF2	NDUFB3	9606.ENSP00000296597	9606.ENSP00000407336	0	0	0	0	0.187	0.507	0.838	0.403	0.956
NDUFAF2	MT-ND2	9606.ENSP00000296597	9606.ENSP00000355046	0	0	0	0	0.102	0.305	0.838	0.629	0.957
NDUFAF2	NDUFA7	9606.ENSP00000296597	9606.ENSP00000301457	0	0	0	0	0.105	0.478	0.838	0.521	0.959
NDUFAF2	MT-ND5	9606.ENSP00000296597	9606.ENSP00000354813	0	0	0	0	0.108	0.305	0.838	0.661	0.961
NDUFAF2	NDUFA6	9606.ENSP00000296597	9606.ENSP00000482543	0	0	0	0	0.238	0.507	0.838	0.473	0.963
NDUFAF2	NDUFAF3	9606.ENSP00000296597	9606.ENSP00000323076	0	0	0	0	0.076	0	0.838	0.785	0.965
NDUFAF2	MT-ND4	9606.ENSP00000296597	9606.ENSP00000354961	0	0	0	0	0.108	0.507	0.838	0.577	0.965
NDUFAF2	NDUFA1	9606.ENSP00000296597	9606.ENSP00000360492	0	0	0	0	0.105	0	0.838	0.800	0.968
NDUFAF2	NDUFA5	9606.ENSP00000296597	9606.ENSP00000417142	0	0	0	0	0.258	0.507	0.838	0.523	0.968
NDUFAF2	MT-ND3	9606.ENSP00000296597	9606.ENSP00000355206	0	0	0	0	0	0.507	0.838	0.654	0.970
NDUFAF2	NDUFB8	9606.ENSP00000296597	9606.ENSP00000299166	0	0	0	0	0.099	0.714	0.838	0.403	0.971
NDUFAF2	MT-ND1	9606.ENSP00000296597	9606.ENSP00000354687	0	0	0	0	0.140	0.507	0.838	0.656	0.973
NDUFAF2	NDUFV3	9606.ENSP00000296597	9606.ENSP00000346196	0	0	0	0	0.083	0.435	0.935	0.323	0.974
NDUFAF2	NDUFS2	9606.ENSP00000296597	9606.ENSP00000356972	0	0	0	0	0.067	0.507	0.838	0.852	0.987
NDUFAF2	NDUFAF4	9606.ENSP00000296597	9606.ENSP00000358272	0	0	0	0	0.187	0.218	0.838	0.891	0.987
NDUFAF2	NDUFV1	9606.ENSP00000296597	9606.ENSP00000497587	0	0	0	0	0.080	0.507	0.838	0.883	0.990
NDUFAF2	NDUFS8	9606.ENSP00000296597	9606.ENSP00000315774	0	0	0	0	0.100	0.797	0.838	0.790	0.992
NDUFAF2	NDUFS1	9606.ENSP00000296597	9606.ENSP00000392709	0	0	0	0	0.084	0.797	0.838	0.788	0.992
NDUFAF2	NDUFV2	9606.ENSP00000296597	9606.ENSP00000327268	0	0	0	0	0.170	0.728	0.838	0.824	0.992
NDUFAF2	NDUFS4	9606.ENSP00000296597	9606.ENSP00000296684	0	0	0	0	0.295	0.507	0.935	0.863	0.996
NDUFAF2	NDUFA12	9606.ENSP00000296597	9606.ENSP00000330737	0	0	0	0	0.252	0	0.935	0.963	0.998
NDUFAF3	NDUFB7	9606.ENSP00000323076	9606.ENSP00000215565	0	0	0	0	0.338	0	0.893	0.052	0.927
NDUFAF3	NDUFS7	9606.ENSP00000323076	9606.ENSP00000233627	0	0	0	0	0.377	0.994	0.838	0.802	0.999
NDUFAF3	NDUFA2	9606.ENSP00000323076	9606.ENSP00000252102	0	0	0	0	0.150	0	0.893	0.530	0.953
NDUFAF3	NDUFB5	9606.ENSP00000323076	9606.ENSP00000259037	0	0	0	0	0.133	0.471	0.838	0.127	0.926
NDUFAF3	NDUFAF1	9606.ENSP00000323076	9606.ENSP00000260361	0	0	0	0	0.056	0.994	0.838	0.732	0.999
NDUFAF3	NDUFS3	9606.ENSP00000323076	9606.ENSP00000263774	0	0	0	0	0.128	0.994	0.838	0.817	0.999
NDUFAF3	NDUFB10	9606.ENSP00000323076	9606.ENSP00000268668	0	0	0	0	0.176	0.994	0.838	0.319	0.999
NDUFAF3	ECSIT	9606.ENSP00000323076	9606.ENSP00000270517	0	0	0	0	0.141	0.994	0.500	0.492	0.998
NDUFAF3	NDUFS6	9606.ENSP00000323076	9606.ENSP00000274137	0	0	0	0	0.201	0	0.838	0.631	0.948
NDUFAF3	NDUFB11	9606.ENSP00000323076	9606.ENSP00000276062	0	0	0	0	0.232	0.216	0.838	0.305	0.923
NDUFAF3	NDUFB9	9606.ENSP00000323076	9606.ENSP00000276689	0	0	0	0	0.214	0	0.893	0.302	0.936
NDUFAF3	NDUFAF2	9606.ENSP00000323076	9606.ENSP00000296597	0	0	0	0	0.076	0	0.838	0.785	0.965
NDUFAF3	NDUFS4	9606.ENSP00000323076	9606.ENSP00000296684	0	0	0	0	0.075	0.221	0.838	0.602	0.947
NDUFAF3	NDUFB8	9606.ENSP00000323076	9606.ENSP00000299166	0	0	0	0	0.140	0	0.893	0.357	0.936
NDUFAF3	NDUFA7	9606.ENSP00000323076	9606.ENSP00000301457	0	0	0	0	0.336	0	0.838	0.155	0.901
NDUFAF3	ACAD9	9606.ENSP00000323076	9606.ENSP00000312618	0	0	0	0	0.057	0.994	0.500	0.546	0.998
NDUFAF3	NDUFS8	9606.ENSP00000323076	9606.ENSP00000315774	0	0	0	0	0.394	0.994	0.838	0.792	0.999
NDUFAF3	NDUFAF6	9606.ENSP00000323076	9606.ENSP00000379430	0	0	0	0	0	0	0.500	0.819	0.905
NDUFAF3	TMEM126B	9606.ENSP00000323076	9606.ENSP00000351737	0	0	0	0	0	0.610	0.500	0.560	0.906
NDUFAF3	MT-ND3	9606.ENSP00000323076	9606.ENSP00000355206	0	0	0	0	0	0	0.838	0.496	0.915
NDUFAF3	NDUFA3	9606.ENSP00000323076	9606.ENSP00000418438	0	0	0	0	0.188	0	0.838	0.458	0.922
NDUFAF3	NDUFA6	9606.ENSP00000323076	9606.ENSP00000482543	0	0	0	0	0.065	0	0.893	0.294	0.923
NDUFAF3	NDUFS1	9606.ENSP00000323076	9606.ENSP00000392709	0	0	0	0	0.058	0	0.838	0.565	0.927
NDUFAF3	MT-ND2	9606.ENSP00000323076	9606.ENSP00000355046	0	0	0	0	0.109	0	0.838	0.544	0.928
NDUFAF3	NDUFA11	9606.ENSP00000323076	9606.ENSP00000389160	0	0	0	0	0.249	0	0.722	0.690	0.929
NDUFAF3	NDUFA1	9606.ENSP00000323076	9606.ENSP00000360492	0	0	0	0	0.067	0	0.838	0.627	0.938
NDUFAF3	NDUFV1	9606.ENSP00000323076	9606.ENSP00000497587	0	0	0	0	0.222	0	0.838	0.548	0.938
NDUFAF3	NDUFV2	9606.ENSP00000323076	9606.ENSP00000327268	0	0	0	0	0.153	0	0.838	0.616	0.942
NDUFAF3	MT-ND1	9606.ENSP00000323076	9606.ENSP00000354687	0	0	0	0	0.082	0	0.838	0.674	0.947
NDUFAF3	NDUFA5	9606.ENSP00000323076	9606.ENSP00000417142	0	0	0	0	0.082	0	0.893	0.574	0.954
NDUFAF3	NDUFS5	9606.ENSP00000323076	9606.ENSP00000362058	0	0	0	0	0.140	0.994	0	0.160	0.995
NDUFAF3	NDUFA8	9606.ENSP00000323076	9606.ENSP00000362873	0	0	0	0	0.237	0.994	0.893	0.342	0.999
NDUFAF3	NDUFS2	9606.ENSP00000323076	9606.ENSP00000356972	0	0	0	0	0.151	0.994	0.838	0.826	0.999
NDUFAF3	TIMMDC1	9606.ENSP00000323076	9606.ENSP00000418803	0	0	0	0	0.076	0.994	0.800	0.599	0.999
NDUFAF3	NDUFAF4	9606.ENSP00000323076	9606.ENSP00000358272	0	0	0	0	0.221	0.994	0.935	0.976	0.999
NDUFAF3	NDUFAF5	9606.ENSP00000323076	9606.ENSP00000367346	0	0	0	0	0.097	0.994	0.500	0.803	0.999
NDUFAF3	MT-ND6	9606.ENSP00000323076	9606.ENSP00000354665	0	0	0	0	0	0.994	0.838	0.450	0.999
NDUFAF3	NDUFA13	9606.ENSP00000323076	9606.ENSP00000423673	0	0	0	0	0.400	0.994	0.838	0.306	0.999
NDUFAF4	NDUFS7	9606.ENSP00000358272	9606.ENSP00000233627	0	0	0	0	0.055	0.994	0.838	0.845	0.999
NDUFAF4	NDUFA2	9606.ENSP00000358272	9606.ENSP00000252102	0	0	0	0	0.103	0	0.838	0.697	0.952
NDUFAF4	NDUFA10	9606.ENSP00000358272	9606.ENSP00000252711	0	0	0	0	0.093	0	0.838	0.410	0.906
NDUFAF4	NDUFB5	9606.ENSP00000358272	9606.ENSP00000259037	0	0	0	0	0.129	0.591	0.838	0.258	0.951
NDUFAF4	NDUFAF1	9606.ENSP00000358272	9606.ENSP00000260361	0	0	0	0	0.067	0.606	0.838	0.822	0.988
NDUFAF4	NDUFS3	9606.ENSP00000358272	9606.ENSP00000263774	0	0	0	0	0.107	0.803	0.838	0.854	0.995
NDUFAF4	NDUFB10	9606.ENSP00000358272	9606.ENSP00000268668	0	0	0	0	0.067	0.213	0.838	0.414	0.921
NDUFAF4	ECSIT	9606.ENSP00000358272	9606.ENSP00000270517	0	0	0	0	0.057	0.780	0.500	0.565	0.948
NDUFAF4	NDUFS6	9606.ENSP00000358272	9606.ENSP00000274137	0	0	0	0	0.113	0	0.838	0.736	0.958
NDUFAF4	NDUFB11	9606.ENSP00000358272	9606.ENSP00000276062	0	0	0	0	0.062	0.220	0.838	0.366	0.915
NDUFAF4	NDUFC2	9606.ENSP00000358272	9606.ENSP00000281031	0	0	0	0	0.055	0.599	0.722	0.261	0.911
NDUFAF4	NDUFAF2	9606.ENSP00000358272	9606.ENSP00000296597	0	0	0	0	0.187	0.218	0.838	0.891	0.987
NDUFAF4	NDUFS4	9606.ENSP00000358272	9606.ENSP00000296684	0	0	0	0	0.134	0	0.838	0.724	0.958
NDUFAF4	ACAD9	9606.ENSP00000358272	9606.ENSP00000312618	0	0	0	0	0.049	0.550	0.500	0.733	0.935
NDUFAF4	NDUFS8	9606.ENSP00000358272	9606.ENSP00000315774	0	0	0	0	0.055	0.611	0.838	0.836	0.988
NDUFAF4	NDUFAF3	9606.ENSP00000358272	9606.ENSP00000323076	0	0	0	0	0.221	0.994	0.935	0.976	0.999
NDUFAF4	NDUFV2	9606.ENSP00000358272	9606.ENSP00000327268	0	0	0	0	0.133	0	0.838	0.739	0.960
NDUFAF4	NDUFA12	9606.ENSP00000358272	9606.ENSP00000330737	0	0	0	0	0.151	0	0.838	0.608	0.941
NDUFAF4	TMEM126B	9606.ENSP00000358272	9606.ENSP00000351737	0	0	0	0	0.234	0.522	0.500	0.609	0.919
NDUFAF4	MT-ND6	9606.ENSP00000358272	9606.ENSP00000354665	0	0	0	0	0	0	0.838	0.531	0.920
NDUFAF4	MT-ND1	9606.ENSP00000358272	9606.ENSP00000354687	0	0	0	0	0.055	0	0.838	0.738	0.956
NDUFAF4	MT-ND4	9606.ENSP00000358272	9606.ENSP00000354961	0	0	0	0	0.054	0.421	0.690	0.598	0.922
NDUFAF4	MT-ND2	9606.ENSP00000358272	9606.ENSP00000355046	0	0	0	0	0.067	0	0.838	0.555	0.927
NDUFAF4	MT-ND3	9606.ENSP00000358272	9606.ENSP00000355206	0	0	0	0	0	0	0.838	0.550	0.924
NDUFAF4	NDUFS2	9606.ENSP00000358272	9606.ENSP00000356972	0	0	0	0	0.058	0.602	0.838	0.879	0.991
NDUFAF4	NDUFA6	9606.ENSP00000358272	9606.ENSP00000482543	0	0	0	0	0.155	0	0.838	0.364	0.905
NDUFAF4	NDUFAB1	9606.ENSP00000358272	9606.ENSP00000458770	0	0	0	0	0.221	0	0.838	0.407	0.918
NDUFAF4	NDUFB3	9606.ENSP00000358272	9606.ENSP00000407336	0	0	0	0	0.140	0.234	0.838	0.372	0.924
NDUFAF4	NDUFAF6	9606.ENSP00000358272	9606.ENSP00000379430	0	0	0	0	0.049	0	0.500	0.857	0.926
NDUFAF4	NDUFA11	9606.ENSP00000358272	9606.ENSP00000389160	0	0	0	0	0.049	0	0.722	0.764	0.932
NDUFAF4	NDUFA8	9606.ENSP00000358272	9606.ENSP00000362873	0	0	0	0	0.150	0.224	0.838	0.484	0.937
NDUFAF4	NDUFA3	9606.ENSP00000358272	9606.ENSP00000418438	0	0	0	0	0.054	0.421	0.838	0.462	0.946
NDUFAF4	NDUFS1	9606.ENSP00000358272	9606.ENSP00000392709	0	0	0	0	0.056	0	0.838	0.707	0.951
NDUFAF4	NDUFA1	9606.ENSP00000358272	9606.ENSP00000360492	0	0	0	0	0.060	0	0.838	0.717	0.953
NDUFAF4	NDUFV1	9606.ENSP00000358272	9606.ENSP00000497587	0	0	0	0	0.053	0	0.838	0.718	0.953
NDUFAF4	NDUFAF5	9606.ENSP00000358272	9606.ENSP00000367346	0	0	0	0	0.169	0.141	0.500	0.885	0.953
NDUFAF4	NDUFA5	9606.ENSP00000358272	9606.ENSP00000417142	0	0	0	0	0.242	0.625	0.838	0.637	0.981
NDUFAF4	NDUFS5	9606.ENSP00000358272	9606.ENSP00000362058	0	0	0	0	0.068	0.994	0	0.194	0.995
NDUFAF4	TIMMDC1	9606.ENSP00000358272	9606.ENSP00000418803	0	0	0	0	0.106	0.994	0.800	0.655	0.999
NDUFAF4	NDUFA13	9606.ENSP00000358272	9606.ENSP00000423673	0	0	0	0	0.056	0.994	0.838	0.449	0.999
NDUFAF5	NDUFAF7	9606.ENSP00000367346	9606.ENSP00000002125	0	0	0	0	0.451	0	0.500	0.733	0.920
NDUFAF5	NDUFS7	9606.ENSP00000367346	9606.ENSP00000233627	0	0	0	0	0.058	0.994	0.500	0.856	0.999
NDUFAF5	NDUFAF1	9606.ENSP00000367346	9606.ENSP00000260361	0	0	0	0	0.148	0	0.500	0.795	0.905
NDUFAF5	NDUFS3	9606.ENSP00000367346	9606.ENSP00000263774	0	0	0	0	0.160	0.238	0.500	0.891	0.960
NDUFAF5	NDUFAF2	9606.ENSP00000367346	9606.ENSP00000296597	0	0	0	0	0.132	0	0.500	0.889	0.947
NDUFAF5	NDUFS4	9606.ENSP00000367346	9606.ENSP00000296684	0	0	0	0	0.156	0	0.500	0.814	0.914
NDUFAF5	NDUFS8	9606.ENSP00000367346	9606.ENSP00000315774	0	0	0	0	0.116	0	0.500	0.852	0.929
NDUFAF5	NDUFAF3	9606.ENSP00000367346	9606.ENSP00000323076	0	0	0	0	0.097	0.994	0.500	0.803	0.999
NDUFAF5	MT-ND1	9606.ENSP00000367346	9606.ENSP00000354687	0	0	0	0	0.066	0	0.800	0.549	0.908
NDUFAF5	NDUFS2	9606.ENSP00000367346	9606.ENSP00000356972	0	0	0	0	0.057	0	0.500	0.852	0.924
NDUFAF5	NDUFAF4	9606.ENSP00000367346	9606.ENSP00000358272	0	0	0	0	0.169	0.141	0.500	0.885	0.953
NDUFAF5	NDUFAF8	9606.ENSP00000367346	9606.ENSP00000400184	0	0	0	0	0.093	0.629	0	0.858	0.948
NDUFAF5	NDUFAF6	9606.ENSP00000367346	9606.ENSP00000379430	0	0	0	0	0.138	0.158	0.800	0.929	0.988
NDUFAF6	NDUFAF1	9606.ENSP00000379430	9606.ENSP00000260361	0	0	0	0	0.111	0	0.500	0.913	0.958
NDUFAF6	NDUFS3	9606.ENSP00000379430	9606.ENSP00000263774	0	0	0	0	0.088	0.095	0.500	0.789	0.901
NDUFAF6	NDUFAF2	9606.ENSP00000379430	9606.ENSP00000296597	0	0	0	0	0.057	0	0.500	0.831	0.913
NDUFAF6	NDUFAF3	9606.ENSP00000379430	9606.ENSP00000323076	0	0	0	0	0	0	0.500	0.819	0.905
NDUFAF6	NDUFAF4	9606.ENSP00000379430	9606.ENSP00000358272	0	0	0	0	0.049	0	0.500	0.857	0.926
NDUFAF6	NDUFAF5	9606.ENSP00000379430	9606.ENSP00000367346	0	0	0	0	0.138	0.158	0.800	0.929	0.988
NDUFAF7	NDUFAF5	9606.ENSP00000002125	9606.ENSP00000367346	0	0	0	0	0.451	0	0.500	0.733	0.920
NDUFAF7	NDUFS2	9606.ENSP00000002125	9606.ENSP00000356972	0.231	0	0	0	0.079	0.227	0.700	0.729	0.947
NDUFAF8	NDUFAF5	9606.ENSP00000400184	9606.ENSP00000367346	0	0	0	0	0.093	0.629	0	0.858	0.948
NDUFB1	NDUFB4	9606.ENSP00000483888	9606.ENSP00000184266	0	0	0	0	0.732	0.913	0.900	0.845	0.999
NDUFB1	NDUFB7	9606.ENSP00000483888	9606.ENSP00000215565	0	0	0	0	0.273	0.956	0.900	0.484	0.998
NDUFB1	NDUFS7	9606.ENSP00000483888	9606.ENSP00000233627	0	0	0	0	0.260	0.894	0.900	0.649	0.996
NDUFB1	NDUFA2	9606.ENSP00000483888	9606.ENSP00000252102	0	0	0	0	0.999	0.894	0.900	0.920	0.999
NDUFB1	NDUFA10	9606.ENSP00000483888	9606.ENSP00000252711	0	0	0	0	0.099	0.894	0.900	0.536	0.995
NDUFB1	COX5B	9606.ENSP00000483888	9606.ENSP00000258424	0	0	0	0	0.390	0.844	0	0.528	0.951
NDUFB1	NDUFB5	9606.ENSP00000483888	9606.ENSP00000259037	0	0	0	0	0.370	0.988	0.900	0.896	0.999
NDUFB1	NDUFAF1	9606.ENSP00000483888	9606.ENSP00000260361	0	0	0	0	0.065	0	0.900	0.505	0.949
NDUFB1	NDUFS3	9606.ENSP00000483888	9606.ENSP00000263774	0	0	0	0	0.249	0.966	0.900	0.567	0.998
NDUFB1	NDUFA9	9606.ENSP00000483888	9606.ENSP00000266544	0	0	0	0	0.248	0.977	0.900	0.506	0.999
NDUFB1	UQCRC2	9606.ENSP00000483888	9606.ENSP00000268379	0	0	0	0	0.126	0.855	0	0.290	0.902
NDUFB1	NDUFB10	9606.ENSP00000483888	9606.ENSP00000268668	0	0	0	0	0.263	0.962	0.900	0.892	0.999
NDUFB1	ECSIT	9606.ENSP00000483888	9606.ENSP00000270517	0	0	0	0	0.075	0.756	0.500	0.289	0.909
NDUFB1	NDUFS6	9606.ENSP00000483888	9606.ENSP00000274137	0	0	0	0	0.356	0.943	0.900	0.654	0.998
NDUFB1	NDUFB11	9606.ENSP00000483888	9606.ENSP00000276062	0	0	0	0	0.173	0.969	0.900	0.895	0.999
NDUFB1	NDUFB9	9606.ENSP00000483888	9606.ENSP00000276689	0	0	0	0	0.357	0.906	0.900	0.729	0.998
NDUFB1	NDUFC2	9606.ENSP00000483888	9606.ENSP00000281031	0	0	0	0	0.397	0.976	0.900	0.568	0.999
NDUFB1	NDUFS4	9606.ENSP00000483888	9606.ENSP00000296684	0	0	0	0	0.430	0.894	0.900	0.461	0.996
NDUFB1	NDUFB8	9606.ENSP00000483888	9606.ENSP00000299166	0	0	0	0	0.366	0.894	0.900	0.440	0.995
NDUFB1	NDUFA7	9606.ENSP00000483888	9606.ENSP00000301457	0	0	0	0	0.310	0.938	0.900	0.704	0.998
NDUFB1	UQCRFS1	9606.ENSP00000483888	9606.ENSP00000306397	0	0	0	0	0.337	0.855	0	0.280	0.925
NDUFB1	UQCRH	9606.ENSP00000483888	9606.ENSP00000309565	0	0	0	0	0.237	0.856	0	0.450	0.934
NDUFB1	NDUFS8	9606.ENSP00000483888	9606.ENSP00000315774	0	0	0	0	0.251	0.894	0.900	0.516	0.995
NDUFB1	CYC1	9606.ENSP00000483888	9606.ENSP00000317159	0	0	0	0	0.185	0.855	0	0.243	0.903
NDUFB1	COX5A	9606.ENSP00000483888	9606.ENSP00000317780	0	0	0	0	0.286	0.830	0	0.362	0.916
NDUFB1	NDUFV2	9606.ENSP00000483888	9606.ENSP00000327268	0	0	0	0	0.334	0.954	0.900	0.447	0.998
NDUFB1	NDUFA12	9606.ENSP00000483888	9606.ENSP00000330737	0	0	0	0	0.609	0.894	0.900	0.479	0.997
NDUFB1	UQCR10	9606.ENSP00000483888	9606.ENSP00000332887	0	0	0	0	0.439	0.855	0	0.616	0.966
NDUFB1	NDUFA4	9606.ENSP00000483888	9606.ENSP00000339720	0	0	0	0	0.309	0.228	0.900	0.750	0.984
NDUFB1	NDUFV3	9606.ENSP00000483888	9606.ENSP00000346196	0	0	0	0	0.179	0.940	0.900	0.541	0.997
NDUFB1	MT-ND6	9606.ENSP00000483888	9606.ENSP00000354665	0	0	0	0	0	0.894	0.540	0.550	0.976
NDUFB1	MT-ND1	9606.ENSP00000483888	9606.ENSP00000354687	0	0	0	0	0.137	0.856	0.900	0.195	0.988
NDUFB1	MT-ND4L	9606.ENSP00000483888	9606.ENSP00000354728	0	0	0	0	0	0.894	0.540	0.241	0.960
NDUFB1	MT-ND5	9606.ENSP00000483888	9606.ENSP00000354813	0	0	0	0	0.108	0.894	0.900	0.311	0.992
NDUFB1	MT-ND4	9606.ENSP00000483888	9606.ENSP00000354961	0	0	0	0	0.127	0.959	0.900	0.820	0.999
NDUFB1	MT-ND2	9606.ENSP00000483888	9606.ENSP00000355046	0	0	0	0	0.082	0.955	0.900	0.523	0.997
NDUFB1	MT-ND3	9606.ENSP00000483888	9606.ENSP00000355206	0	0	0	0	0.049	0.894	0.900	0.271	0.991
NDUFB1	NDUFS2	9606.ENSP00000483888	9606.ENSP00000356972	0	0	0	0	0.109	0.894	0.900	0.672	0.996
NDUFB1	NDUFA1	9606.ENSP00000483888	9606.ENSP00000360492	0	0	0	0	0.522	0.940	0.900	0.788	0.999
NDUFB1	NDUFS5	9606.ENSP00000483888	9606.ENSP00000362058	0	0	0	0	0.442	0.940	0.900	0.557	0.998
NDUFB1	NDUFA8	9606.ENSP00000483888	9606.ENSP00000362873	0	0	0	0	0.271	0.991	0.900	0.650	0.999
NDUFB1	UQCRQ	9606.ENSP00000483888	9606.ENSP00000367939	0	0	0	0	0.554	0.855	0	0.151	0.940
NDUFB1	NDUFB6	9606.ENSP00000483888	9606.ENSP00000369176	0	0	0	0	0.521	0.894	0.900	0.874	0.999
NDUFB1	NDUFA11	9606.ENSP00000483888	9606.ENSP00000389160	0	0	0	0	0.376	0.878	0.900	0.691	0.997
NDUFB1	NDUFS1	9606.ENSP00000483888	9606.ENSP00000392709	0	0	0	0	0.222	0.894	0.900	0.642	0.996
NDUFB1	NDUFB3	9606.ENSP00000483888	9606.ENSP00000407336	0	0	0	0	0.560	0.941	0.900	0.683	0.999
NDUFB1	NDUFA5	9606.ENSP00000483888	9606.ENSP00000417142	0	0	0	0	0.473	0.907	0.900	0.688	0.998
NDUFB1	NDUFA3	9606.ENSP00000483888	9606.ENSP00000418438	0	0	0	0	0.250	0.894	0.900	0.552	0.996
NDUFB1	NDUFB2	9606.ENSP00000483888	9606.ENSP00000419087	0	0	0	0	0.782	0.870	0.900	0.480	0.998
NDUFB1	NDUFA13	9606.ENSP00000483888	9606.ENSP00000423673	0	0	0	0	0.434	0.938	0.900	0.563	0.998
NDUFB1	COX7C	9606.ENSP00000483888	9606.ENSP00000425759	0	0	0	0	0.451	0.830	0	0.538	0.953
NDUFB1	UQCRB	9606.ENSP00000483888	9606.ENSP00000430494	0	0	0	0	0.548	0.859	0	0.432	0.960
NDUFB1	NDUFC1	9606.ENSP00000483888	9606.ENSP00000441126	0	0	0	0	0.386	0.825	0.900	0.640	0.995
NDUFB1	COX4I1	9606.ENSP00000483888	9606.ENSP00000457513	0	0	0	0	0.300	0.852	0	0.301	0.921
NDUFB1	NDUFAB1	9606.ENSP00000483888	9606.ENSP00000458770	0	0	0	0	0.413	0.991	0.900	0.527	0.999
NDUFB1	COX6B1	9606.ENSP00000483888	9606.ENSP00000466818	0	0	0	0	0.261	0.845	0	0.557	0.944
NDUFB1	UQCR11	9606.ENSP00000483888	9606.ENSP00000467262	0	0	0	0	0.438	0.830	0	0.626	0.961
NDUFB1	PET100	9606.ENSP00000483888	9606.ENSP00000470539	0	0	0	0	0.902	0	0	0.222	0.920
NDUFB1	NDUFA6	9606.ENSP00000483888	9606.ENSP00000482543	0	0	0	0	0.473	0.998	0.900	0.543	0.999
NDUFB1	COX7B	9606.ENSP00000483888	9606.ENSP00000497474	0	0	0	0	0.306	0.842	0	0.633	0.956
NDUFB1	NDUFV1	9606.ENSP00000483888	9606.ENSP00000497587	0	0	0	0	0.261	0.894	0.900	0.514	0.995
NDUFB10	NDUFB4	9606.ENSP00000268668	9606.ENSP00000184266	0	0	0	0	0.739	0.980	0.967	0.980	0.999
NDUFB10	UQCRC1	9606.ENSP00000268668	9606.ENSP00000203407	0	0	0	0	0.468	0.948	0.154	0.492	0.986
NDUFB10	ATP5F1D	9606.ENSP00000268668	9606.ENSP00000215375	0	0	0	0	0.870	0.097	0	0.419	0.925
NDUFB10	NDUFB7	9606.ENSP00000268668	9606.ENSP00000215565	0	0	0	0	0.816	0.995	0.967	0.828	0.999
NDUFB10	NDUFS7	9606.ENSP00000268668	9606.ENSP00000233627	0	0	0	0	0.925	0.959	0.967	0.727	0.999
NDUFB10	NDUFA2	9606.ENSP00000268668	9606.ENSP00000252102	0	0	0	0	0.606	0.998	0.967	0.868	0.999
NDUFB10	NDUFA10	9606.ENSP00000268668	9606.ENSP00000252711	0	0	0	0	0.528	0.957	0.967	0.980	0.999
NDUFB10	COX5B	9606.ENSP00000268668	9606.ENSP00000258424	0	0	0	0	0.771	0.854	0	0.468	0.980
NDUFB10	NDUFB5	9606.ENSP00000268668	9606.ENSP00000259037	0	0	0	0	0.920	0.989	0.967	0.965	0.999
NDUFB10	NDUFAF1	9606.ENSP00000268668	9606.ENSP00000260361	0	0	0	0	0.060	0	0.967	0.561	0.985
NDUFB10	FOXRED1	9606.ENSP00000268668	9606.ENSP00000263578	0	0	0	0	0.084	0.292	0.720	0.641	0.926
NDUFB10	NDUFS3	9606.ENSP00000268668	9606.ENSP00000263774	0	0	0	0	0.932	0.998	0.967	0.729	0.999
NDUFB10	NDUFA9	9606.ENSP00000268668	9606.ENSP00000266544	0	0	0	0	0.622	0.999	0.944	0.881	0.999
NDUFB10	UQCRC2	9606.ENSP00000268668	9606.ENSP00000268379	0	0	0	0	0.275	0.912	0.172	0.475	0.968
NDUFB10	COX4I2	9606.ENSP00000268668	9606.ENSP00000365243	0	0	0	0	0.829	0.324	0	0.329	0.915
NDUFB10	MT-CYB	9606.ENSP00000268668	9606.ENSP00000354554	0	0	0	0	0	0.904	0	0.178	0.917
NDUFB10	NDUFAF4	9606.ENSP00000268668	9606.ENSP00000358272	0	0	0	0	0.067	0.213	0.838	0.414	0.921
NDUFB10	COX7B	9606.ENSP00000268668	9606.ENSP00000497474	0	0	0	0	0.263	0.842	0	0.434	0.928
NDUFB10	COX6C	9606.ENSP00000268668	9606.ENSP00000429707	0	0	0	0	0.707	0.568	0	0.557	0.939
NDUFB10	COX6B1	9606.ENSP00000268668	9606.ENSP00000466818	0	0	0	0	0.303	0.851	0	0.507	0.944
NDUFB10	COX6A2	9606.ENSP00000268668	9606.ENSP00000287490	0	0	0	0	0.491	0.874	0	0.222	0.946
NDUFB10	NDUFAF2	9606.ENSP00000268668	9606.ENSP00000296597	0	0	0	0	0.145	0.507	0.838	0.331	0.948
NDUFB10	COX7C	9606.ENSP00000268668	9606.ENSP00000425759	0	0	0	0	0.613	0.851	0	0.471	0.967
NDUFB10	ATP5PD	9606.ENSP00000268668	9606.ENSP00000301587	0	0	0	0	0.915	0.209	0	0.629	0.973
NDUFB10	UQCRQ	9606.ENSP00000268668	9606.ENSP00000367939	0	0	0	0	0.526	0.886	0.172	0.494	0.974
NDUFB10	UQCR11	9606.ENSP00000268668	9606.ENSP00000467262	0	0	0	0	0.839	0.830	0	0.447	0.983
NDUFB10	MT-ND6	9606.ENSP00000268668	9606.ENSP00000354665	0	0	0	0	0	0.894	0.851	0.310	0.988
NDUFB10	UQCRFS1	9606.ENSP00000268668	9606.ENSP00000306397	0	0	0	0	0.362	0.968	0.172	0.446	0.989
NDUFB10	NDUFA4	9606.ENSP00000268668	9606.ENSP00000339720	0	0	0	0	0.401	0.252	0.944	0.633	0.989
NDUFB10	UQCRH	9606.ENSP00000268668	9606.ENSP00000309565	0	0	0	0	0.649	0.952	0.163	0.422	0.990
NDUFB10	COX5A	9606.ENSP00000268668	9606.ENSP00000317780	0	0	0	0	0.847	0.892	0	0.644	0.993
NDUFB10	COX4I1	9606.ENSP00000268668	9606.ENSP00000457513	0	0	0	0	0.916	0.876	0	0.477	0.994
NDUFB10	UQCRB	9606.ENSP00000268668	9606.ENSP00000430494	0	0	0	0	0.737	0.966	0	0.417	0.994
NDUFB10	CYC1	9606.ENSP00000268668	9606.ENSP00000317159	0	0	0	0	0.528	0.987	0	0.331	0.995
NDUFB10	UQCR10	9606.ENSP00000268668	9606.ENSP00000332887	0	0	0	0	0.859	0.967	0	0.375	0.996
NDUFB10	NDUFC1	9606.ENSP00000268668	9606.ENSP00000441126	0	0	0	0	0.348	0.825	0.967	0.507	0.997
NDUFB10	TIMMDC1	9606.ENSP00000268668	9606.ENSP00000418803	0	0	0	0	0.092	0.994	0.500	0.422	0.998
NDUFB10	MT-ND4L	9606.ENSP00000268668	9606.ENSP00000354728	0	0	0	0	0	0.986	0.851	0.283	0.998
NDUFB10	NDUFV3	9606.ENSP00000268668	9606.ENSP00000346196	0	0	0	0	0.698	0.945	0.967	0.542	0.999
NDUFB10	NDUFS2	9606.ENSP00000268668	9606.ENSP00000356972	0	0	0	0	0.387	0.991	0.967	0.810	0.999
NDUFB10	NDUFS5	9606.ENSP00000268668	9606.ENSP00000362058	0	0	0	0	0.937	0.998	0.900	0.762	0.999
NDUFB10	NDUFA8	9606.ENSP00000268668	9606.ENSP00000362873	0	0	0	0	0.953	0.991	0.967	0.880	0.999
NDUFB10	NDUFS8	9606.ENSP00000268668	9606.ENSP00000315774	0	0	0	0	0.906	0.991	0.967	0.790	0.999
NDUFB10	NDUFB6	9606.ENSP00000268668	9606.ENSP00000369176	0	0	0	0	0.916	0.982	0.967	0.855	0.999
NDUFB10	NDUFB1	9606.ENSP00000268668	9606.ENSP00000483888	0	0	0	0	0.263	0.962	0.900	0.892	0.999
NDUFB10	NDUFA7	9606.ENSP00000268668	9606.ENSP00000301457	0	0	0	0	0.670	0.953	0.967	0.934	0.999
NDUFB10	NDUFS4	9606.ENSP00000268668	9606.ENSP00000296684	0	0	0	0	0.538	0.998	0.967	0.674	0.999
NDUFB10	NDUFAF3	9606.ENSP00000268668	9606.ENSP00000323076	0	0	0	0	0.176	0.994	0.838	0.319	0.999
NDUFB10	NDUFA1	9606.ENSP00000268668	9606.ENSP00000360492	0	0	0	0	0.302	0.941	0.967	0.584	0.999
NDUFB10	NDUFA11	9606.ENSP00000268668	9606.ENSP00000389160	0	0	0	0	0.630	0.878	0.944	0.750	0.999
NDUFB10	NDUFB9	9606.ENSP00000268668	9606.ENSP00000276689	0	0	0	0	0.914	0.992	0.967	0.899	0.999
NDUFB10	NDUFA3	9606.ENSP00000268668	9606.ENSP00000418438	0	0	0	0	0.428	0.894	0.967	0.545	0.999
NDUFB10	MT-ND1	9606.ENSP00000268668	9606.ENSP00000354687	0	0	0	0	0.163	0.991	0.967	0.274	0.999
NDUFB10	NDUFV1	9606.ENSP00000268668	9606.ENSP00000497587	0	0	0	0	0.566	0.992	0.967	0.736	0.999
NDUFB10	MT-ND2	9606.ENSP00000268668	9606.ENSP00000355046	0	0	0	0	0.100	0.966	0.967	0.541	0.999
NDUFB10	NDUFA12	9606.ENSP00000268668	9606.ENSP00000330737	0	0	0	0	0.862	0.998	0.967	0.765	0.999
NDUFB10	NDUFB2	9606.ENSP00000268668	9606.ENSP00000419087	0	0	0	0	0.221	0.812	0.967	0.917	0.999
NDUFB10	NDUFB8	9606.ENSP00000268668	9606.ENSP00000299166	0	0	0	0	0.756	0.994	0.967	0.592	0.999
NDUFB10	NDUFB11	9606.ENSP00000268668	9606.ENSP00000276062	0	0	0	0	0.912	0.990	0.967	0.921	0.999
NDUFB10	NDUFS6	9606.ENSP00000268668	9606.ENSP00000274137	0	0	0	0	0.866	0.996	0.967	0.686	0.999
NDUFB10	NDUFA6	9606.ENSP00000268668	9606.ENSP00000482543	0	0	0	0	0.755	0.998	0.967	0.619	0.999
NDUFB10	NDUFA5	9606.ENSP00000268668	9606.ENSP00000417142	0	0	0	0	0.899	0.993	0.967	0.632	0.999
NDUFB10	MT-ND5	9606.ENSP00000268668	9606.ENSP00000354813	0	0	0	0	0.127	0.983	0.967	0.386	0.999
NDUFB10	NDUFV2	9606.ENSP00000268668	9606.ENSP00000327268	0	0	0	0	0.750	0.995	0.967	0.715	0.999
NDUFB10	NDUFAB1	9606.ENSP00000268668	9606.ENSP00000458770	0	0	0	0	0.810	0.991	0.967	0.705	0.999
NDUFB10	NDUFS1	9606.ENSP00000268668	9606.ENSP00000392709	0	0	0	0	0.224	0.994	0.967	0.810	0.999
NDUFB10	NDUFB3	9606.ENSP00000268668	9606.ENSP00000407336	0	0	0	0	0.584	0.993	0.967	0.757	0.999
NDUFB10	NDUFC2	9606.ENSP00000268668	9606.ENSP00000281031	0	0	0	0	0.726	0.978	0.944	0.742	0.999
NDUFB10	NDUFA13	9606.ENSP00000268668	9606.ENSP00000423673	0	0	0	0	0.908	0.995	0.967	0.636	0.999
NDUFB10	MT-ND4	9606.ENSP00000268668	9606.ENSP00000354961	0	0	0	0	0.127	0.994	0.967	0.795	0.999
NDUFB10	MT-ND3	9606.ENSP00000268668	9606.ENSP00000355206	0	0	0	0	0	0.991	0.967	0.310	0.999
NDUFB11	NDUFB4	9606.ENSP00000276062	9606.ENSP00000184266	0	0	0	0	0.810	0.968	0.967	0.876	0.999
NDUFB11	UQCRC1	9606.ENSP00000276062	9606.ENSP00000203407	0	0	0	0	0.487	0.856	0	0.251	0.940
NDUFB11	ATP5F1D	9606.ENSP00000276062	9606.ENSP00000215375	0	0	0	0	0.907	0	0	0.339	0.936
NDUFB11	NDUFB7	9606.ENSP00000276062	9606.ENSP00000215565	0	0	0	0	0.966	0.966	0.967	0.747	0.999
NDUFB11	NDUFS7	9606.ENSP00000276062	9606.ENSP00000233627	0	0	0	0	0.945	0.956	0.967	0.616	0.999
NDUFB11	NDUFA2	9606.ENSP00000276062	9606.ENSP00000252102	0	0	0	0	0.913	0.998	0.967	0.692	0.999
NDUFB11	NDUFA10	9606.ENSP00000276062	9606.ENSP00000252711	0	0	0	0	0.329	0.982	0.967	0.710	0.999
NDUFB11	COX5B	9606.ENSP00000276062	9606.ENSP00000258424	0	0	0	0	0.883	0.844	0	0.419	0.988
NDUFB11	NDUFB5	9606.ENSP00000276062	9606.ENSP00000259037	0	0	0	0	0.844	0.984	0.967	0.928	0.999
NDUFB11	NDUFAF1	9606.ENSP00000276062	9606.ENSP00000260361	0	0	0	0	0.103	0.994	0.967	0.475	0.999
NDUFB11	NDUFS3	9606.ENSP00000276062	9606.ENSP00000263774	0	0	0	0	0.872	0.998	0.967	0.652	0.999
NDUFB11	NDUFA9	9606.ENSP00000276062	9606.ENSP00000266544	0	0	0	0	0.528	0.998	0.944	0.715	0.999
NDUFB11	UQCRC2	9606.ENSP00000276062	9606.ENSP00000268379	0	0	0	0	0.218	0.855	0	0.367	0.922
NDUFB11	NDUFB10	9606.ENSP00000276062	9606.ENSP00000268668	0	0	0	0	0.912	0.990	0.967	0.921	0.999
NDUFB11	ECSIT	9606.ENSP00000276062	9606.ENSP00000270517	0	0	0	0	0.234	0.994	0.500	0.248	0.998
NDUFB11	NDUFS6	9606.ENSP00000276062	9606.ENSP00000274137	0	0	0	0	0.845	0.950	0.967	0.574	0.999
NDUFB11	NDUFAF4	9606.ENSP00000276062	9606.ENSP00000358272	0	0	0	0	0.062	0.220	0.838	0.366	0.915
NDUFB11	COX6A2	9606.ENSP00000276062	9606.ENSP00000287490	0	0	0	0	0.368	0.845	0	0.266	0.922
NDUFB11	NDUFAF3	9606.ENSP00000276062	9606.ENSP00000323076	0	0	0	0	0.232	0.216	0.838	0.305	0.923
NDUFB11	UQCRFS1	9606.ENSP00000276062	9606.ENSP00000306397	0	0	0	0	0.412	0.855	0	0.263	0.932
NDUFB11	ATP5PD	9606.ENSP00000276062	9606.ENSP00000301587	0	0	0	0	0.920	0	0	0.275	0.940
NDUFB11	COX6B1	9606.ENSP00000276062	9606.ENSP00000466818	0	0	0	0	0.470	0.845	0	0.463	0.952
NDUFB11	UQCRB	9606.ENSP00000276062	9606.ENSP00000430494	0	0	0	0	0.516	0.861	0	0.357	0.953
NDUFB11	COX7B	9606.ENSP00000276062	9606.ENSP00000497474	0	0	0	0	0.279	0.842	0	0.671	0.959
NDUFB11	UQCRH	9606.ENSP00000276062	9606.ENSP00000309565	0	0	0	0	0.430	0.856	0	0.552	0.960
NDUFB11	CYC1	9606.ENSP00000276062	9606.ENSP00000317159	0	0	0	0	0.691	0.855	0	0.209	0.961
NDUFB11	COX7C	9606.ENSP00000276062	9606.ENSP00000425759	0	0	0	0	0.473	0.830	0	0.642	0.965
NDUFB11	UQCR10	9606.ENSP00000276062	9606.ENSP00000332887	0	0	0	0	0.736	0.855	0	0.387	0.974
NDUFB11	COX4I1	9606.ENSP00000276062	9606.ENSP00000457513	0	0	0	0	0.739	0.874	0	0.358	0.977
NDUFB11	UQCRQ	9606.ENSP00000276062	9606.ENSP00000367939	0	0	0	0	0.747	0.855	0	0.476	0.979
NDUFB11	UQCR11	9606.ENSP00000276062	9606.ENSP00000467262	0	0	0	0	0.851	0.830	0	0.311	0.981
NDUFB11	COX5A	9606.ENSP00000276062	9606.ENSP00000317780	0	0	0	0	0.850	0.830	0	0.365	0.982
NDUFB11	NDUFA4	9606.ENSP00000276062	9606.ENSP00000339720	0	0	0	0	0.299	0.228	0.944	0.635	0.987
NDUFB11	MT-ND4L	9606.ENSP00000276062	9606.ENSP00000354728	0	0	0	0	0	0.894	0.851	0.296	0.988
NDUFB11	MT-ND6	9606.ENSP00000276062	9606.ENSP00000354665	0	0	0	0	0	0.894	0.851	0.306	0.988
NDUFB11	NDUFB2	9606.ENSP00000276062	9606.ENSP00000419087	0	0	0	0	0.181	0.812	0.967	0.637	0.997
NDUFB11	MT-ND3	9606.ENSP00000276062	9606.ENSP00000355206	0	0	0	0	0	0.894	0.967	0.331	0.997
NDUFB11	NDUFC1	9606.ENSP00000276062	9606.ENSP00000441126	0	0	0	0	0.218	0.825	0.967	0.502	0.997
NDUFB11	NDUFB1	9606.ENSP00000276062	9606.ENSP00000483888	0	0	0	0	0.173	0.969	0.900	0.895	0.999
NDUFB11	NDUFS8	9606.ENSP00000276062	9606.ENSP00000315774	0	0	0	0	0.886	0.973	0.967	0.690	0.999
NDUFB11	NDUFB6	9606.ENSP00000276062	9606.ENSP00000369176	0	0	0	0	0.869	0.984	0.967	0.866	0.999
NDUFB11	NDUFS2	9606.ENSP00000276062	9606.ENSP00000356972	0	0	0	0	0.319	0.985	0.967	0.667	0.999
NDUFB11	NDUFS5	9606.ENSP00000276062	9606.ENSP00000362058	0	0	0	0	0.882	0.998	0.900	0.457	0.999
NDUFB11	NDUFA8	9606.ENSP00000276062	9606.ENSP00000362873	0	0	0	0	0.919	0.894	0.967	0.531	0.999
NDUFB11	NDUFV3	9606.ENSP00000276062	9606.ENSP00000346196	0	0	0	0	0.316	0.958	0.967	0.571	0.999
NDUFB11	MT-ND2	9606.ENSP00000276062	9606.ENSP00000355046	0	0	0	0	0.075	0.954	0.967	0.589	0.999
NDUFB11	NDUFA3	9606.ENSP00000276062	9606.ENSP00000418438	0	0	0	0	0.558	0.955	0.967	0.752	0.999
NDUFB11	NDUFB9	9606.ENSP00000276062	9606.ENSP00000276689	0	0	0	0	0.965	0.992	0.967	0.635	0.999
NDUFB11	NDUFV1	9606.ENSP00000276062	9606.ENSP00000497587	0	0	0	0	0.623	0.966	0.967	0.637	0.999
NDUFB11	MT-ND1	9606.ENSP00000276062	9606.ENSP00000354687	0	0	0	0	0.098	0.933	0.967	0.819	0.999
NDUFB11	NDUFA11	9606.ENSP00000276062	9606.ENSP00000389160	0	0	0	0	0.761	0.998	0.944	0.683	0.999
NDUFB11	NDUFA1	9606.ENSP00000276062	9606.ENSP00000360492	0	0	0	0	0.516	0.937	0.967	0.789	0.999
NDUFB11	NDUFA7	9606.ENSP00000276062	9606.ENSP00000301457	0	0	0	0	0.863	0.953	0.967	0.810	0.999
NDUFB11	NDUFS4	9606.ENSP00000276062	9606.ENSP00000296684	0	0	0	0	0.746	0.957	0.967	0.696	0.999
NDUFB11	NDUFA5	9606.ENSP00000276062	9606.ENSP00000417142	0	0	0	0	0.715	0.954	0.967	0.776	0.999
NDUFB11	MT-ND5	9606.ENSP00000276062	9606.ENSP00000354813	0	0	0	0	0.084	0.982	0.967	0.436	0.999
NDUFB11	NDUFA6	9606.ENSP00000276062	9606.ENSP00000482543	0	0	0	0	0.624	0.998	0.967	0.730	0.999
NDUFB11	NDUFB8	9606.ENSP00000276062	9606.ENSP00000299166	0	0	0	0	0.872	0.964	0.967	0.734	0.999
NDUFB11	NDUFA12	9606.ENSP00000276062	9606.ENSP00000330737	0	0	0	0	0.836	0.998	0.967	0.702	0.999
NDUFB11	NDUFC2	9606.ENSP00000276062	9606.ENSP00000281031	0	0	0	0	0.793	0.979	0.944	0.663	0.999
NDUFB11	NDUFA13	9606.ENSP00000276062	9606.ENSP00000423673	0	0	0	0	0.948	0.933	0.967	0.781	0.999
NDUFB11	MT-ND4	9606.ENSP00000276062	9606.ENSP00000354961	0	0	0	0	0.080	0.982	0.967	0.849	0.999
NDUFB11	NDUFS1	9606.ENSP00000276062	9606.ENSP00000392709	0	0	0	0	0.139	0.969	0.967	0.660	0.999
NDUFB11	NDUFAB1	9606.ENSP00000276062	9606.ENSP00000458770	0	0	0	0	0.643	0.992	0.967	0.511	0.999
NDUFB11	NDUFV2	9606.ENSP00000276062	9606.ENSP00000327268	0	0	0	0	0.848	0.969	0.967	0.743	0.999
NDUFB11	NDUFB3	9606.ENSP00000276062	9606.ENSP00000407336	0	0	0	0	0.431	0.957	0.967	0.681	0.999
NDUFB2	NDUFB4	9606.ENSP00000419087	9606.ENSP00000184266	0	0	0	0	0.404	0.812	0.967	0.973	0.999
NDUFB2	NDUFB7	9606.ENSP00000419087	9606.ENSP00000215565	0	0	0	0	0.283	0.914	0.967	0.829	0.999
NDUFB2	NDUFS7	9606.ENSP00000419087	9606.ENSP00000233627	0	0	0	0	0.226	0.812	0.967	0.431	0.996
NDUFB2	NDUFA2	9606.ENSP00000419087	9606.ENSP00000252102	0	0	0	0	0.785	0.812	0.967	0.817	0.999
NDUFB2	NDUFA10	9606.ENSP00000419087	9606.ENSP00000252711	0	0	0	0	0.151	0.813	0.967	0.918	0.999
NDUFB2	COX5B	9606.ENSP00000419087	9606.ENSP00000258424	0	0	0	0	0.779	0.800	0	0.370	0.969
NDUFB2	NDUFB5	9606.ENSP00000419087	9606.ENSP00000259037	0	0	0	0	0.364	0.812	0.967	0.685	0.998
NDUFB2	NDUFAF1	9606.ENSP00000419087	9606.ENSP00000260361	0	0	0	0	0.116	0	0.967	0.272	0.977
NDUFB2	NDUFS3	9606.ENSP00000419087	9606.ENSP00000263774	0	0	0	0	0.208	0.812	0.967	0.376	0.996
NDUFB2	NDUFA9	9606.ENSP00000419087	9606.ENSP00000266544	0	0	0	0	0.199	0.841	0.944	0.495	0.995
NDUFB2	NDUFB10	9606.ENSP00000419087	9606.ENSP00000268668	0	0	0	0	0.221	0.812	0.967	0.917	0.999
NDUFB2	NDUFS6	9606.ENSP00000419087	9606.ENSP00000274137	0	0	0	0	0.184	0.812	0.967	0.617	0.997
NDUFB2	NDUFB11	9606.ENSP00000419087	9606.ENSP00000276062	0	0	0	0	0.181	0.812	0.967	0.637	0.997
NDUFB2	NDUFB9	9606.ENSP00000419087	9606.ENSP00000276689	0	0	0	0	0.374	0.812	0.967	0.812	0.999
NDUFB2	NDUFC2	9606.ENSP00000419087	9606.ENSP00000281031	0	0	0	0	0.219	0.811	0.944	0.607	0.996
NDUFB2	NDUFS4	9606.ENSP00000419087	9606.ENSP00000296684	0	0	0	0	0.206	0.812	0.967	0.435	0.996
NDUFB2	NDUFB8	9606.ENSP00000419087	9606.ENSP00000299166	0	0	0	0	0.212	0.907	0.967	0.777	0.999
NDUFB2	NDUFA7	9606.ENSP00000419087	9606.ENSP00000301457	0	0	0	0	0.230	0.905	0.967	0.856	0.999
NDUFB2	UQCRH	9606.ENSP00000419087	9606.ENSP00000309565	0	0	0	0	0.191	0.800	0	0.463	0.905
NDUFB2	NDUFS8	9606.ENSP00000419087	9606.ENSP00000315774	0	0	0	0	0.256	0.812	0.967	0.374	0.996
NDUFB2	NDUFV2	9606.ENSP00000419087	9606.ENSP00000327268	0	0	0	0	0.145	0.812	0.967	0.579	0.997
NDUFB2	NDUFA12	9606.ENSP00000419087	9606.ENSP00000330737	0	0	0	0	0.262	0.812	0.967	0.365	0.996
NDUFB2	UQCR10	9606.ENSP00000419087	9606.ENSP00000332887	0	0	0	0	0.490	0.800	0	0.324	0.925
NDUFB2	NDUFA4	9606.ENSP00000419087	9606.ENSP00000339720	0	0	0	0	0.499	0	0.944	0.671	0.990
NDUFB2	NDUFV3	9606.ENSP00000419087	9606.ENSP00000346196	0	0	0	0	0.206	0.897	0.967	0.384	0.998
NDUFB2	MT-ND6	9606.ENSP00000419087	9606.ENSP00000354665	0	0	0	0	0	0.812	0.851	0.165	0.974
NDUFB2	MT-ND1	9606.ENSP00000419087	9606.ENSP00000354687	0	0	0	0	0	0.812	0.967	0.209	0.994
NDUFB2	MT-ND4L	9606.ENSP00000419087	9606.ENSP00000354728	0	0	0	0	0.049	0.812	0.851	0.179	0.975
NDUFB2	MT-ND5	9606.ENSP00000419087	9606.ENSP00000354813	0	0	0	0	0	0.907	0.967	0.270	0.997
NDUFB2	MT-ND4	9606.ENSP00000419087	9606.ENSP00000354961	0	0	0	0	0	0.812	0.967	0.188	0.994
NDUFB2	MT-ND2	9606.ENSP00000419087	9606.ENSP00000355046	0	0	0	0	0	0.812	0.967	0.180	0.994
NDUFB2	MT-ND3	9606.ENSP00000419087	9606.ENSP00000355206	0	0	0	0	0	0.812	0.967	0.213	0.994
NDUFB2	NDUFS2	9606.ENSP00000419087	9606.ENSP00000356972	0	0	0	0	0.049	0.812	0.967	0.514	0.996
NDUFB2	NDUFA1	9606.ENSP00000419087	9606.ENSP00000360492	0	0	0	0	0.455	0.919	0.967	0.592	0.999
NDUFB2	NDUFS5	9606.ENSP00000419087	9606.ENSP00000362058	0	0	0	0	0.405	0.812	0.900	0.669	0.995
NDUFB2	NDUFA8	9606.ENSP00000419087	9606.ENSP00000362873	0	0	0	0	0.271	0.842	0.967	0.451	0.997
NDUFB2	UQCRQ	9606.ENSP00000419087	9606.ENSP00000367939	0	0	0	0	0.641	0.800	0	0.445	0.956
NDUFB2	NDUFB6	9606.ENSP00000419087	9606.ENSP00000369176	0	0	0	0	0.236	0.812	0.967	0.507	0.997
NDUFB2	NDUFA11	9606.ENSP00000419087	9606.ENSP00000389160	0	0	0	0	0.518	0.811	0.944	0.430	0.996
NDUFB2	NDUFS1	9606.ENSP00000419087	9606.ENSP00000392709	0	0	0	0	0.056	0.812	0.967	0.376	0.995
NDUFB2	NDUFB3	9606.ENSP00000419087	9606.ENSP00000407336	0	0	0	0	0.348	0.907	0.967	0.845	0.999
NDUFB2	NDUFA5	9606.ENSP00000419087	9606.ENSP00000417142	0	0	0	0	0.319	0.812	0.967	0.581	0.998
NDUFB2	NDUFA3	9606.ENSP00000419087	9606.ENSP00000418438	0	0	0	0	0.198	0.812	0.967	0.370	0.996
NDUFB2	UQCRB	9606.ENSP00000419087	9606.ENSP00000430494	0	0	0	0	0.249	0.834	0	0.360	0.913
NDUFB2	UQCR11	9606.ENSP00000419087	9606.ENSP00000467262	0	0	0	0	0.549	0.800	0	0.357	0.937
NDUFB2	COX7B	9606.ENSP00000419087	9606.ENSP00000497474	0	0	0	0	0.405	0.800	0	0.527	0.938
NDUFB2	COX7C	9606.ENSP00000419087	9606.ENSP00000425759	0	0	0	0	0.507	0.800	0	0.485	0.944
NDUFB2	NDUFV1	9606.ENSP00000419087	9606.ENSP00000497587	0	0	0	0	0.067	0.812	0.967	0.450	0.996
NDUFB2	NDUFA13	9606.ENSP00000419087	9606.ENSP00000423673	0	0	0	0	0.354	0.812	0.967	0.407	0.997
NDUFB2	NDUFB1	9606.ENSP00000419087	9606.ENSP00000483888	0	0	0	0	0.782	0.870	0.900	0.480	0.998
NDUFB2	NDUFC1	9606.ENSP00000419087	9606.ENSP00000441126	0	0	0	0	0.375	0.812	0.967	0.721	0.998
NDUFB2	NDUFA6	9606.ENSP00000419087	9606.ENSP00000482543	0	0	0	0	0.200	0.998	0.967	0.393	0.999
NDUFB2	NDUFAB1	9606.ENSP00000419087	9606.ENSP00000458770	0	0	0	0	0.278	0.994	0.967	0.807	0.999
NDUFB3	NDUFB4	9606.ENSP00000407336	9606.ENSP00000184266	0	0	0	0	0.907	0.938	0.967	0.740	0.999
NDUFB3	UQCRC1	9606.ENSP00000407336	9606.ENSP00000203407	0	0	0	0	0.186	0.856	0.154	0.469	0.940
NDUFB3	NDUFB7	9606.ENSP00000407336	9606.ENSP00000215565	0	0	0	0	0.867	0.993	0.967	0.944	0.999
NDUFB3	NDUFS7	9606.ENSP00000407336	9606.ENSP00000233627	0	0	0	0	0.567	0.969	0.967	0.640	0.999
NDUFB3	NDUFA2	9606.ENSP00000407336	9606.ENSP00000252102	0	0	0	0	0.922	0.998	0.967	0.920	0.999
NDUFB3	NDUFA10	9606.ENSP00000407336	9606.ENSP00000252711	0	0	0	0	0.216	0.936	0.967	0.709	0.999
NDUFB3	COX5B	9606.ENSP00000407336	9606.ENSP00000258424	0	0	0	0	0.717	0.844	0	0.526	0.977
NDUFB3	NDUFB5	9606.ENSP00000407336	9606.ENSP00000259037	0	0	0	0	0.876	0.966	0.967	0.946	0.999
NDUFB3	NDUFAF1	9606.ENSP00000407336	9606.ENSP00000260361	0	0	0	0	0.265	0	0.967	0.414	0.984
NDUFB3	NDUFS3	9606.ENSP00000407336	9606.ENSP00000263774	0	0	0	0	0.578	0.997	0.967	0.703	0.999
NDUFB3	NDUFA9	9606.ENSP00000407336	9606.ENSP00000266544	0	0	0	0	0.598	0.999	0.944	0.657	0.999
NDUFB3	UQCRC2	9606.ENSP00000407336	9606.ENSP00000268379	0	0	0	0	0.383	0.877	0.172	0.438	0.960
NDUFB3	NDUFB10	9606.ENSP00000407336	9606.ENSP00000268668	0	0	0	0	0.584	0.993	0.967	0.757	0.999
NDUFB3	NDUFS6	9606.ENSP00000407336	9606.ENSP00000274137	0	0	0	0	0.750	0.995	0.967	0.890	0.999
NDUFB3	NDUFB11	9606.ENSP00000407336	9606.ENSP00000276062	0	0	0	0	0.431	0.957	0.967	0.681	0.999
NDUFB3	NDUFB9	9606.ENSP00000407336	9606.ENSP00000276689	0	0	0	0	0.833	0.996	0.967	0.856	0.999
NDUFB3	NDUFC2	9606.ENSP00000407336	9606.ENSP00000281031	0	0	0	0	0.760	0.927	0.944	0.756	0.999
NDUFB3	COX6A2	9606.ENSP00000407336	9606.ENSP00000287490	0	0	0	0	0.144	0.845	0	0.310	0.900
NDUFB3	COX7A1	9606.ENSP00000407336	9606.ENSP00000292907	0	0	0	0	0.150	0.830	0	0.391	0.904
NDUFB3	NDUFAF2	9606.ENSP00000407336	9606.ENSP00000296597	0	0	0	0	0.187	0.507	0.838	0.403	0.956
NDUFB3	NDUFS4	9606.ENSP00000407336	9606.ENSP00000296684	0	0	0	0	0.947	0.994	0.967	0.722	0.999
NDUFB3	NDUFB8	9606.ENSP00000407336	9606.ENSP00000299166	0	0	0	0	0.619	0.993	0.967	0.949	0.999
NDUFB3	NDUFA7	9606.ENSP00000407336	9606.ENSP00000301457	0	0	0	0	0.567	0.920	0.967	0.833	0.999
NDUFB3	ATP5PD	9606.ENSP00000407336	9606.ENSP00000301587	0	0	0	0	0.895	0	0	0.372	0.931
NDUFB3	ATP5ME	9606.ENSP00000407336	9606.ENSP00000306003	0	0	0	0	0.785	0.095	0	0.565	0.908
NDUFB3	UQCRFS1	9606.ENSP00000407336	9606.ENSP00000306397	0	0	0	0	0.753	0.855	0.172	0.414	0.980
NDUFB3	UQCRH	9606.ENSP00000407336	9606.ENSP00000309565	0	0	0	0	0.655	0.856	0.163	0.456	0.974
NDUFB3	NDUFS8	9606.ENSP00000407336	9606.ENSP00000315774	0	0	0	0	0.555	0.993	0.967	0.793	0.999
NDUFB3	CYC1	9606.ENSP00000407336	9606.ENSP00000317159	0	0	0	0	0.272	0.866	0	0.340	0.930
NDUFB3	COX5A	9606.ENSP00000407336	9606.ENSP00000317780	0	0	0	0	0.476	0.830	0	0.460	0.947
NDUFB3	NDUFV2	9606.ENSP00000407336	9606.ENSP00000327268	0	0	0	0	0.678	0.993	0.967	0.777	0.999
NDUFB3	NDUFA12	9606.ENSP00000407336	9606.ENSP00000330737	0	0	0	0	0.966	0.998	0.967	0.606	0.999
NDUFB3	UQCR10	9606.ENSP00000407336	9606.ENSP00000332887	0	0	0	0	0.775	0.855	0	0.439	0.980
NDUFB3	NDUFA4	9606.ENSP00000407336	9606.ENSP00000339720	0	0	0	0	0.604	0.228	0.944	0.739	0.994
NDUFB3	NDUFV3	9606.ENSP00000407336	9606.ENSP00000346196	0	0	0	0	0.401	0.937	0.967	0.809	0.999
NDUFB3	MT-ND6	9606.ENSP00000407336	9606.ENSP00000354665	0	0	0	0	0	0.894	0.851	0.233	0.986
NDUFB3	MT-ND1	9606.ENSP00000407336	9606.ENSP00000354687	0	0	0	0	0.358	0.991	0.967	0.226	0.999
NDUFB3	MT-ND4L	9606.ENSP00000407336	9606.ENSP00000354728	0	0	0	0	0	0.894	0.851	0.213	0.986
NDUFB3	MT-ND5	9606.ENSP00000407336	9606.ENSP00000354813	0	0	0	0	0.245	0.990	0.967	0.370	0.999
NDUFB3	MT-ND4	9606.ENSP00000407336	9606.ENSP00000354961	0	0	0	0	0.277	0.993	0.967	0.280	0.999
NDUFB3	MT-ND2	9606.ENSP00000407336	9606.ENSP00000355046	0	0	0	0	0.140	0.981	0.967	0.310	0.999
NDUFB3	MT-ND3	9606.ENSP00000407336	9606.ENSP00000355206	0	0	0	0	0.087	0.988	0.967	0.252	0.999
NDUFB3	NDUFS2	9606.ENSP00000407336	9606.ENSP00000356972	0	0	0	0	0.381	0.993	0.967	0.764	0.999
NDUFB3	NDUFAF4	9606.ENSP00000407336	9606.ENSP00000358272	0	0	0	0	0.140	0.234	0.838	0.372	0.924
NDUFB3	NDUFA1	9606.ENSP00000407336	9606.ENSP00000360492	0	0	0	0	0.848	0.920	0.967	0.768	0.999
NDUFB3	NDUFS5	9606.ENSP00000407336	9606.ENSP00000362058	0	0	0	0	0.902	0.944	0.900	0.689	0.999
NDUFB3	NDUFA8	9606.ENSP00000407336	9606.ENSP00000362873	0	0	0	0	0.704	0.996	0.967	0.745	0.999
NDUFB3	UQCRQ	9606.ENSP00000407336	9606.ENSP00000367939	0	0	0	0	0.770	0.855	0.172	0.547	0.985
NDUFB3	NDUFB6	9606.ENSP00000407336	9606.ENSP00000369176	0	0	0	0	0.906	0.940	0.967	0.739	0.999
NDUFB3	NDUFA11	9606.ENSP00000407336	9606.ENSP00000389160	0	0	0	0	0.635	0.998	0.944	0.786	0.999
NDUFB3	ATP5PF	9606.ENSP00000407336	9606.ENSP00000389649	0	0	0	0	0.888	0	0	0.529	0.945
NDUFB3	NDUFS1	9606.ENSP00000407336	9606.ENSP00000392709	0	0	0	0	0.436	0.993	0.967	0.853	0.999
NDUFB3	COX4I1	9606.ENSP00000407336	9606.ENSP00000457513	0	0	0	0	0.324	0.852	0	0.413	0.936
NDUFB3	COX6B1	9606.ENSP00000407336	9606.ENSP00000466818	0	0	0	0	0.512	0.845	0	0.419	0.952
NDUFB3	UQCR11	9606.ENSP00000407336	9606.ENSP00000467262	0	0	0	0	0.611	0.830	0	0.431	0.959
NDUFB3	COX7B	9606.ENSP00000407336	9606.ENSP00000497474	0	0	0	0	0.573	0.842	0	0.549	0.967
NDUFB3	COX6C	9606.ENSP00000407336	9606.ENSP00000429707	0	0	0	0	0.874	0.544	0	0.484	0.968
NDUFB3	COX7C	9606.ENSP00000407336	9606.ENSP00000425759	0	0	0	0	0.749	0.830	0	0.581	0.980
NDUFB3	UQCRB	9606.ENSP00000407336	9606.ENSP00000430494	0	0	0	0	0.823	0.826	0	0.432	0.981
NDUFB3	NDUFA5	9606.ENSP00000407336	9606.ENSP00000417142	0	0	0	0	0.903	0.993	0.967	0.923	0.999
NDUFB3	NDUFA6	9606.ENSP00000407336	9606.ENSP00000482543	0	0	0	0	0.904	0.998	0.967	0.891	0.999
NDUFB3	NDUFB2	9606.ENSP00000407336	9606.ENSP00000419087	0	0	0	0	0.348	0.907	0.967	0.845	0.999
NDUFB3	NDUFA13	9606.ENSP00000407336	9606.ENSP00000423673	0	0	0	0	0.839	0.998	0.967	0.648	0.999
NDUFB3	NDUFAB1	9606.ENSP00000407336	9606.ENSP00000458770	0	0	0	0	0.523	0.995	0.967	0.851	0.999
NDUFB3	NDUFC1	9606.ENSP00000407336	9606.ENSP00000441126	0	0	0	0	0.578	0.825	0.967	0.870	0.999
NDUFB3	NDUFB1	9606.ENSP00000407336	9606.ENSP00000483888	0	0	0	0	0.560	0.941	0.900	0.683	0.999
NDUFB3	NDUFA3	9606.ENSP00000407336	9606.ENSP00000418438	0	0	0	0	0.585	0.935	0.967	0.720	0.999
NDUFB3	NDUFV1	9606.ENSP00000407336	9606.ENSP00000497587	0	0	0	0	0.482	0.993	0.967	0.866	0.999
NDUFB4	COX7B	9606.ENSP00000184266	9606.ENSP00000497474	0	0	0	0	0.296	0.842	0	0.400	0.927
NDUFB4	CYC1	9606.ENSP00000184266	9606.ENSP00000317159	0	0	0	0	0.221	0.891	0	0.224	0.928
NDUFB4	COX6A2	9606.ENSP00000184266	9606.ENSP00000287490	0	0	0	0	0.315	0.854	0	0.359	0.930
NDUFB4	ATP5ME	9606.ENSP00000184266	9606.ENSP00000306003	0	0	0	0	0.883	0.098	0	0.446	0.936
NDUFB4	COX7A1	9606.ENSP00000184266	9606.ENSP00000292907	0	0	0	0	0	0.830	0	0.667	0.941
NDUFB4	COX4I1	9606.ENSP00000184266	9606.ENSP00000457513	0	0	0	0	0.440	0.856	0	0.341	0.942
NDUFB4	UQCRC2	9606.ENSP00000184266	9606.ENSP00000268379	0	0	0	0	0.277	0.889	0	0.442	0.951
NDUFB4	UQCRH	9606.ENSP00000184266	9606.ENSP00000309565	0	0	0	0	0.428	0.883	0	0.344	0.952
NDUFB4	COX6B1	9606.ENSP00000184266	9606.ENSP00000466818	0	0	0	0	0.480	0.884	0	0.333	0.956
NDUFB4	UQCRC1	9606.ENSP00000184266	9606.ENSP00000203407	0	0	0	0	0.234	0.856	0	0.728	0.967
NDUFB4	UQCR11	9606.ENSP00000184266	9606.ENSP00000467262	0	0	0	0	0.750	0.830	0	0.464	0.975
NDUFB4	NDUFAF1	9606.ENSP00000184266	9606.ENSP00000260361	0	0	0	0	0.102	0	0.967	0.268	0.976
NDUFB4	UQCRFS1	9606.ENSP00000184266	9606.ENSP00000306397	0	0	0	0	0.492	0.908	0	0.606	0.980
NDUFB4	COX5B	9606.ENSP00000184266	9606.ENSP00000258424	0	0	0	0	0.688	0.854	0	0.686	0.984
NDUFB4	COX7C	9606.ENSP00000184266	9606.ENSP00000425759	0	0	0	0	0.842	0.830	0	0.452	0.984
NDUFB4	COX6C	9606.ENSP00000184266	9606.ENSP00000429707	0	0	0	0	0.958	0.507	0	0.364	0.985
NDUFB4	MT-ND6	9606.ENSP00000184266	9606.ENSP00000354665	0	0	0	0	0.049	0.894	0.851	0.280	0.987
NDUFB4	COX5A	9606.ENSP00000184266	9606.ENSP00000317780	0	0	0	0	0.854	0.853	0	0.499	0.988
NDUFB4	MT-ND4L	9606.ENSP00000184266	9606.ENSP00000354728	0	0	0	0	0.049	0.894	0.851	0.337	0.988
NDUFB4	NDUFA4	9606.ENSP00000184266	9606.ENSP00000339720	0	0	0	0	0.698	0.237	0.944	0.545	0.993
NDUFB4	UQCR10	9606.ENSP00000184266	9606.ENSP00000332887	0	0	0	0	0.934	0.855	0	0.464	0.994
NDUFB4	UQCRB	9606.ENSP00000184266	9606.ENSP00000430494	0	0	0	0	0.879	0.876	0	0.696	0.995
NDUFB4	MT-ND1	9606.ENSP00000184266	9606.ENSP00000354687	0	0	0	0	0.138	0.856	0.967	0.255	0.996
NDUFB4	MT-ND3	9606.ENSP00000184266	9606.ENSP00000355206	0	0	0	0	0.110	0.894	0.967	0.212	0.997
NDUFB4	UQCRQ	9606.ENSP00000184266	9606.ENSP00000367939	0	0	0	0	0.902	0.855	0	0.838	0.997
NDUFB4	TIMMDC1	9606.ENSP00000184266	9606.ENSP00000418803	0	0	0	0	0.109	0.994	0.500	0.224	0.997
NDUFB4	MT-ND2	9606.ENSP00000184266	9606.ENSP00000355046	0	0	0	0	0.098	0.953	0.967	0.234	0.998
NDUFB4	MT-ND4	9606.ENSP00000184266	9606.ENSP00000354961	0	0	0	0	0.152	0.959	0.967	0.785	0.999
NDUFB4	NDUFB5	9606.ENSP00000184266	9606.ENSP00000259037	0	0	0	0	0.868	0.923	0.967	0.884	0.999
NDUFB4	NDUFA13	9606.ENSP00000184266	9606.ENSP00000423673	0	0	0	0	0.892	0.884	0.967	0.681	0.999
NDUFB4	NDUFC2	9606.ENSP00000184266	9606.ENSP00000281031	0	0	0	0	0.854	0.961	0.944	0.686	0.999
NDUFB4	NDUFB3	9606.ENSP00000184266	9606.ENSP00000407336	0	0	0	0	0.907	0.938	0.967	0.740	0.999
NDUFB4	NDUFAB1	9606.ENSP00000184266	9606.ENSP00000458770	0	0	0	0	0.727	0.991	0.967	0.545	0.999
NDUFB4	NDUFS1	9606.ENSP00000184266	9606.ENSP00000392709	0	0	0	0	0.162	0.950	0.967	0.579	0.999
NDUFB4	NDUFV2	9606.ENSP00000184266	9606.ENSP00000327268	0	0	0	0	0.742	0.974	0.967	0.648	0.999
NDUFB4	NDUFC1	9606.ENSP00000184266	9606.ENSP00000441126	0	0	0	0	0.725	0.825	0.967	0.557	0.999
NDUFB4	MT-ND5	9606.ENSP00000184266	9606.ENSP00000354813	0	0	0	0	0.182	0.959	0.967	0.385	0.999
NDUFB4	NDUFA9	9606.ENSP00000184266	9606.ENSP00000266544	0	0	0	0	0.521	0.998	0.944	0.675	0.999
NDUFB4	NDUFA5	9606.ENSP00000184266	9606.ENSP00000417142	0	0	0	0	0.933	0.950	0.967	0.739	0.999
NDUFB4	NDUFB8	9606.ENSP00000184266	9606.ENSP00000299166	0	0	0	0	0.672	0.959	0.967	0.707	0.999
NDUFB4	NDUFB11	9606.ENSP00000184266	9606.ENSP00000276062	0	0	0	0	0.810	0.968	0.967	0.876	0.999
NDUFB4	NDUFA6	9606.ENSP00000184266	9606.ENSP00000482543	0	0	0	0	0.865	0.998	0.967	0.833	0.999
NDUFB4	NDUFS6	9606.ENSP00000184266	9606.ENSP00000274137	0	0	0	0	0.943	0.966	0.967	0.728	0.999
NDUFB4	NDUFB2	9606.ENSP00000184266	9606.ENSP00000419087	0	0	0	0	0.404	0.812	0.967	0.973	0.999
NDUFB4	NDUFA12	9606.ENSP00000184266	9606.ENSP00000330737	0	0	0	0	0.918	0.998	0.967	0.644	0.999
NDUFB4	NDUFS3	9606.ENSP00000184266	9606.ENSP00000263774	0	0	0	0	0.793	0.998	0.967	0.721	0.999
NDUFB4	NDUFV1	9606.ENSP00000184266	9606.ENSP00000497587	0	0	0	0	0.243	0.998	0.967	0.546	0.999
NDUFB4	NDUFA3	9606.ENSP00000184266	9606.ENSP00000418438	0	0	0	0	0.544	0.912	0.967	0.675	0.999
NDUFB4	NDUFB9	9606.ENSP00000184266	9606.ENSP00000276689	0	0	0	0	0.905	0.976	0.967	0.869	0.999
NDUFB4	NDUFA1	9606.ENSP00000184266	9606.ENSP00000360492	0	0	0	0	0.573	0.923	0.967	0.659	0.999
NDUFB4	NDUFA11	9606.ENSP00000184266	9606.ENSP00000389160	0	0	0	0	0.585	0.999	0.944	0.641	0.999
NDUFB4	NDUFB7	9606.ENSP00000184266	9606.ENSP00000215565	0	0	0	0	0.682	0.949	0.967	0.745	0.999
NDUFB4	NDUFS4	9606.ENSP00000184266	9606.ENSP00000296684	0	0	0	0	0.780	0.998	0.967	0.632	0.999
NDUFB4	NDUFA7	9606.ENSP00000184266	9606.ENSP00000301457	0	0	0	0	0.673	0.934	0.967	0.927	0.999
NDUFB4	NDUFB1	9606.ENSP00000184266	9606.ENSP00000483888	0	0	0	0	0.732	0.913	0.900	0.845	0.999
NDUFB4	NDUFS7	9606.ENSP00000184266	9606.ENSP00000233627	0	0	0	0	0.463	0.956	0.967	0.599	0.999
NDUFB4	NDUFB6	9606.ENSP00000184266	9606.ENSP00000369176	0	0	0	0	0.919	0.894	0.967	0.889	0.999
NDUFB4	NDUFA10	9606.ENSP00000184266	9606.ENSP00000252711	0	0	0	0	0.163	0.954	0.967	0.949	0.999
NDUFB4	NDUFS8	9606.ENSP00000184266	9606.ENSP00000315774	0	0	0	0	0.744	0.911	0.967	0.503	0.999
NDUFB4	NDUFA8	9606.ENSP00000184266	9606.ENSP00000362873	0	0	0	0	0.867	0.970	0.967	0.688	0.999
NDUFB4	NDUFA2	9606.ENSP00000184266	9606.ENSP00000252102	0	0	0	0	0.684	0.958	0.967	0.898	0.999
NDUFB4	NDUFS5	9606.ENSP00000184266	9606.ENSP00000362058	0	0	0	0	0.911	0.998	0.900	0.696	0.999
NDUFB4	NDUFS2	9606.ENSP00000184266	9606.ENSP00000356972	0	0	0	0	0.201	0.923	0.967	0.567	0.999
NDUFB4	NDUFB10	9606.ENSP00000184266	9606.ENSP00000268668	0	0	0	0	0.739	0.980	0.967	0.980	0.999
NDUFB4	NDUFV3	9606.ENSP00000184266	9606.ENSP00000346196	0	0	0	0	0.173	0.943	0.967	0.599	0.999
NDUFB5	NDUFB4	9606.ENSP00000259037	9606.ENSP00000184266	0	0	0	0	0.868	0.923	0.967	0.884	0.999
NDUFB5	UQCRC1	9606.ENSP00000259037	9606.ENSP00000203407	0	0	0	0	0.581	0.856	0	0.497	0.967
NDUFB5	ATP5F1D	9606.ENSP00000259037	9606.ENSP00000215375	0	0	0	0	0.831	0.217	0	0.314	0.901
NDUFB5	NDUFB7	9606.ENSP00000259037	9606.ENSP00000215565	0	0	0	0	0.400	0.973	0.967	0.802	0.999
NDUFB5	NDUFS7	9606.ENSP00000259037	9606.ENSP00000233627	0	0	0	0	0.715	0.969	0.967	0.738	0.999
NDUFB5	NDUFA2	9606.ENSP00000259037	9606.ENSP00000252102	0	0	0	0	0.770	0.998	0.967	0.906	0.999
NDUFB5	NDUFA10	9606.ENSP00000259037	9606.ENSP00000252711	0	0	0	0	0.883	0.921	0.967	0.755	0.999
NDUFB5	COX5B	9606.ENSP00000259037	9606.ENSP00000258424	0	0	0	0	0.862	0.844	0	0.636	0.991
NDUFB5	ATP5PF	9606.ENSP00000259037	9606.ENSP00000389649	0	0	0	0	0.818	0	0	0.520	0.909
NDUFB5	ATP5F1C	9606.ENSP00000259037	9606.ENSP00000349142	0	0	0	0	0.860	0	0	0.448	0.919
NDUFB5	NDUFAF3	9606.ENSP00000259037	9606.ENSP00000323076	0	0	0	0	0.133	0.471	0.838	0.127	0.926
NDUFB5	NDUFAF2	9606.ENSP00000259037	9606.ENSP00000296597	0	0	0	0	0.187	0	0.838	0.505	0.929
NDUFB5	COX6A2	9606.ENSP00000259037	9606.ENSP00000287490	0	0	0	0	0.401	0.845	0	0.341	0.933
NDUFB5	SDHD	9606.ENSP00000259037	9606.ENSP00000364699	0	0	0	0	0.867	0	0	0.527	0.934
NDUFB5	CYC1	9606.ENSP00000259037	9606.ENSP00000317159	0	0	0	0	0.462	0.867	0	0.222	0.939
NDUFB5	COX6B1	9606.ENSP00000259037	9606.ENSP00000466818	0	0	0	0	0.418	0.851	0	0.455	0.948
NDUFB5	COX4I1	9606.ENSP00000259037	9606.ENSP00000457513	0	0	0	0	0.431	0.851	0	0.450	0.949
NDUFB5	NDUFAF4	9606.ENSP00000259037	9606.ENSP00000358272	0	0	0	0	0.129	0.591	0.838	0.258	0.951
NDUFB5	ATP5PB	9606.ENSP00000259037	9606.ENSP00000358737	0	0	0	0	0.846	0.469	0	0.485	0.954
NDUFB5	ATP5PD	9606.ENSP00000259037	9606.ENSP00000301587	0	0	0	0	0.925	0	0	0.424	0.955
NDUFB5	ATP5ME	9606.ENSP00000259037	9606.ENSP00000306003	0	0	0	0	0.920	0.096	0	0.437	0.956
NDUFB5	UQCR11	9606.ENSP00000259037	9606.ENSP00000467262	0	0	0	0	0.607	0.830	0	0.425	0.958
NDUFB5	COX7B	9606.ENSP00000259037	9606.ENSP00000497474	0	0	0	0	0.609	0.852	0	0.588	0.974
NDUFB5	COX7C	9606.ENSP00000259037	9606.ENSP00000425759	0	0	0	0	0.628	0.851	0	0.598	0.975
NDUFB5	UQCRC2	9606.ENSP00000259037	9606.ENSP00000268379	0	0	0	0	0.591	0.884	0	0.545	0.976
NDUFB5	UQCRH	9606.ENSP00000259037	9606.ENSP00000309565	0	0	0	0	0.696	0.856	0	0.543	0.978
NDUFB5	UQCRFS1	9606.ENSP00000259037	9606.ENSP00000306397	0	0	0	0	0.744	0.867	0	0.438	0.979
NDUFB5	COX6C	9606.ENSP00000259037	9606.ENSP00000429707	0	0	0	0	0.917	0.566	0	0.542	0.982
NDUFB5	UQCRQ	9606.ENSP00000259037	9606.ENSP00000367939	0	0	0	0	0.786	0.855	0	0.502	0.983
NDUFB5	UQCRB	9606.ENSP00000259037	9606.ENSP00000430494	0	0	0	0	0.856	0.826	0	0.454	0.985
NDUFB5	UQCR10	9606.ENSP00000259037	9606.ENSP00000332887	0	0	0	0	0.851	0.855	0	0.455	0.987
NDUFB5	MT-ND4L	9606.ENSP00000259037	9606.ENSP00000354728	0	0	0	0	0	0.894	0.851	0.471	0.991
NDUFB5	COX5A	9606.ENSP00000259037	9606.ENSP00000317780	0	0	0	0	0.882	0.830	0	0.670	0.992
NDUFB5	NDUFAF1	9606.ENSP00000259037	9606.ENSP00000260361	0	0	0	0	0.238	0.597	0.967	0.456	0.993
NDUFB5	NDUFA4	9606.ENSP00000259037	9606.ENSP00000339720	0	0	0	0	0.677	0.228	0.944	0.746	0.996
NDUFB5	MT-ND6	9606.ENSP00000259037	9606.ENSP00000354665	0	0	0	0	0	0.962	0.851	0.441	0.996
NDUFB5	MT-ND1	9606.ENSP00000259037	9606.ENSP00000354687	0	0	0	0	0.151	0.892	0.967	0.309	0.997
NDUFB5	MT-ND3	9606.ENSP00000259037	9606.ENSP00000355206	0	0	0	0	0	0.894	0.967	0.299	0.997
NDUFB5	TIMMDC1	9606.ENSP00000259037	9606.ENSP00000418803	0	0	0	0	0.251	0.994	0.500	0.314	0.998
NDUFB5	NDUFB2	9606.ENSP00000259037	9606.ENSP00000419087	0	0	0	0	0.364	0.812	0.967	0.685	0.998
NDUFB5	NDUFA8	9606.ENSP00000259037	9606.ENSP00000362873	0	0	0	0	0.891	0.989	0.967	0.820	0.999
NDUFB5	NDUFS5	9606.ENSP00000259037	9606.ENSP00000362058	0	0	0	0	0.667	0.999	0.900	0.603	0.999
NDUFB5	NDUFS2	9606.ENSP00000259037	9606.ENSP00000356972	0	0	0	0	0.339	0.939	0.967	0.791	0.999
NDUFB5	NDUFB10	9606.ENSP00000259037	9606.ENSP00000268668	0	0	0	0	0.920	0.989	0.967	0.965	0.999
NDUFB5	NDUFV3	9606.ENSP00000259037	9606.ENSP00000346196	0	0	0	0	0.423	0.937	0.967	0.820	0.999
NDUFB5	NDUFB1	9606.ENSP00000259037	9606.ENSP00000483888	0	0	0	0	0.370	0.988	0.900	0.896	0.999
NDUFB5	NDUFB6	9606.ENSP00000259037	9606.ENSP00000369176	0	0	0	0	0.882	0.990	0.967	0.883	0.999
NDUFB5	NDUFS8	9606.ENSP00000259037	9606.ENSP00000315774	0	0	0	0	0.859	0.940	0.967	0.652	0.999
NDUFB5	NDUFA11	9606.ENSP00000259037	9606.ENSP00000389160	0	0	0	0	0.663	0.999	0.944	0.787	0.999
NDUFB5	NDUFA1	9606.ENSP00000259037	9606.ENSP00000360492	0	0	0	0	0.414	0.922	0.967	0.710	0.999
NDUFB5	NDUFS4	9606.ENSP00000259037	9606.ENSP00000296684	0	0	0	0	0.887	0.913	0.967	0.523	0.999
NDUFB5	NDUFA7	9606.ENSP00000259037	9606.ENSP00000301457	0	0	0	0	0.631	0.917	0.967	0.860	0.999
NDUFB5	MT-ND2	9606.ENSP00000259037	9606.ENSP00000355046	0	0	0	0	0.067	0.976	0.967	0.319	0.999
NDUFB5	NDUFV1	9606.ENSP00000259037	9606.ENSP00000497587	0	0	0	0	0.328	0.921	0.967	0.787	0.999
NDUFB5	NDUFS3	9606.ENSP00000259037	9606.ENSP00000263774	0	0	0	0	0.893	0.977	0.967	0.551	0.999
NDUFB5	NDUFB9	9606.ENSP00000259037	9606.ENSP00000276689	0	0	0	0	0.894	0.990	0.967	0.621	0.999
NDUFB5	NDUFA3	9606.ENSP00000259037	9606.ENSP00000418438	0	0	0	0	0.443	0.974	0.967	0.538	0.999
NDUFB5	NDUFA12	9606.ENSP00000259037	9606.ENSP00000330737	0	0	0	0	0.938	0.998	0.967	0.615	0.999
NDUFB5	NDUFA9	9606.ENSP00000259037	9606.ENSP00000266544	0	0	0	0	0.781	0.998	0.944	0.687	0.999
NDUFB5	MT-ND5	9606.ENSP00000259037	9606.ENSP00000354813	0	0	0	0	0.097	0.985	0.967	0.387	0.999
NDUFB5	NDUFA5	9606.ENSP00000259037	9606.ENSP00000417142	0	0	0	0	0.861	0.950	0.967	0.915	0.999
NDUFB5	NDUFS6	9606.ENSP00000259037	9606.ENSP00000274137	0	0	0	0	0.869	0.939	0.967	0.900	0.999
NDUFB5	NDUFA6	9606.ENSP00000259037	9606.ENSP00000482543	0	0	0	0	0.832	0.998	0.967	0.904	0.999
NDUFB5	NDUFB11	9606.ENSP00000259037	9606.ENSP00000276062	0	0	0	0	0.844	0.984	0.967	0.928	0.999
NDUFB5	NDUFB8	9606.ENSP00000259037	9606.ENSP00000299166	0	0	0	0	0.878	0.966	0.967	0.753	0.999
NDUFB5	NDUFB3	9606.ENSP00000259037	9606.ENSP00000407336	0	0	0	0	0.876	0.966	0.967	0.946	0.999
NDUFB5	NDUFV2	9606.ENSP00000259037	9606.ENSP00000327268	0	0	0	0	0.874	0.940	0.967	0.886	0.999
NDUFB5	NDUFS1	9606.ENSP00000259037	9606.ENSP00000392709	0	0	0	0	0.260	0.959	0.967	0.800	0.999
NDUFB5	NDUFAB1	9606.ENSP00000259037	9606.ENSP00000458770	0	0	0	0	0.803	0.991	0.967	0.804	0.999
NDUFB5	NDUFC1	9606.ENSP00000259037	9606.ENSP00000441126	0	0	0	0	0.722	0.825	0.967	0.902	0.999
NDUFB5	MT-ND4	9606.ENSP00000259037	9606.ENSP00000354961	0	0	0	0	0.139	0.985	0.967	0.629	0.999
NDUFB5	NDUFA13	9606.ENSP00000259037	9606.ENSP00000423673	0	0	0	0	0.856	0.975	0.967	0.708	0.999
NDUFB5	NDUFC2	9606.ENSP00000259037	9606.ENSP00000281031	0	0	0	0	0.834	0.978	0.944	0.582	0.999
NDUFB6	NDUFB4	9606.ENSP00000369176	9606.ENSP00000184266	0	0	0	0	0.919	0.894	0.967	0.889	0.999
NDUFB6	UQCRC1	9606.ENSP00000369176	9606.ENSP00000203407	0	0	0	0	0.342	0.856	0	0.469	0.945
NDUFB6	NDUFB7	9606.ENSP00000369176	9606.ENSP00000215565	0	0	0	0	0.888	0.990	0.967	0.761	0.999
NDUFB6	NDUFS7	9606.ENSP00000369176	9606.ENSP00000233627	0	0	0	0	0.615	0.930	0.967	0.715	0.999
NDUFB6	NDUFA2	9606.ENSP00000369176	9606.ENSP00000252102	0	0	0	0	0.747	0.923	0.967	0.800	0.999
NDUFB6	NDUFA10	9606.ENSP00000369176	9606.ENSP00000252711	0	0	0	0	0.435	0.956	0.967	0.705	0.999
NDUFB6	COX5B	9606.ENSP00000369176	9606.ENSP00000258424	0	0	0	0	0.700	0.856	0	0.519	0.977
NDUFB6	NDUFB5	9606.ENSP00000369176	9606.ENSP00000259037	0	0	0	0	0.882	0.990	0.967	0.883	0.999
NDUFB6	NDUFAF1	9606.ENSP00000369176	9606.ENSP00000260361	0	0	0	0	0.149	0.292	0.967	0.444	0.987
NDUFB6	NDUFS3	9606.ENSP00000369176	9606.ENSP00000263774	0	0	0	0	0.892	0.976	0.967	0.898	0.999
NDUFB6	NDUFA9	9606.ENSP00000369176	9606.ENSP00000266544	0	0	0	0	0.837	0.943	0.944	0.941	0.999
NDUFB6	UQCRC2	9606.ENSP00000369176	9606.ENSP00000268379	0	0	0	0	0.368	0.866	0	0.511	0.955
NDUFB6	NDUFB10	9606.ENSP00000369176	9606.ENSP00000268668	0	0	0	0	0.916	0.982	0.967	0.855	0.999
NDUFB6	NDUFS6	9606.ENSP00000369176	9606.ENSP00000274137	0	0	0	0	0.876	0.958	0.967	0.734	0.999
NDUFB6	NDUFB11	9606.ENSP00000369176	9606.ENSP00000276062	0	0	0	0	0.869	0.984	0.967	0.866	0.999
NDUFB6	NDUFB9	9606.ENSP00000369176	9606.ENSP00000276689	0	0	0	0	0.959	0.974	0.967	0.676	0.999
NDUFB6	NDUFC2	9606.ENSP00000369176	9606.ENSP00000281031	0	0	0	0	0.847	0.948	0.944	0.743	0.999
NDUFB6	COX6A2	9606.ENSP00000369176	9606.ENSP00000287490	0	0	0	0	0.403	0.856	0	0.350	0.939
NDUFB6	COX7A1	9606.ENSP00000369176	9606.ENSP00000292907	0	0	0	0	0.106	0.830	0	0.514	0.919
NDUFB6	NDUFS4	9606.ENSP00000369176	9606.ENSP00000296684	0	0	0	0	0.935	0.916	0.967	0.723	0.999
NDUFB6	NDUFB8	9606.ENSP00000369176	9606.ENSP00000299166	0	0	0	0	0.950	0.894	0.967	0.796	0.999
NDUFB6	NDUFA7	9606.ENSP00000369176	9606.ENSP00000301457	0	0	0	0	0.697	0.938	0.967	0.673	0.999
NDUFB6	ATP5PD	9606.ENSP00000369176	9606.ENSP00000301587	0	0	0	0	0.900	0.096	0	0.288	0.930
NDUFB6	UQCRFS1	9606.ENSP00000369176	9606.ENSP00000306397	0	0	0	0	0.803	0.867	0	0.489	0.985
NDUFB6	UQCRH	9606.ENSP00000369176	9606.ENSP00000309565	0	0	0	0	0.500	0.870	0	0.379	0.956
NDUFB6	NDUFS8	9606.ENSP00000369176	9606.ENSP00000315774	0	0	0	0	0.776	0.911	0.967	0.607	0.999
NDUFB6	CYC1	9606.ENSP00000369176	9606.ENSP00000317159	0	0	0	0	0.678	0.897	0	0.257	0.973
NDUFB6	COX5A	9606.ENSP00000369176	9606.ENSP00000317780	0	0	0	0	0.932	0.856	0	0.519	0.994
NDUFB6	NDUFV2	9606.ENSP00000369176	9606.ENSP00000327268	0	0	0	0	0.927	0.967	0.967	0.866	0.999
NDUFB6	NDUFA12	9606.ENSP00000369176	9606.ENSP00000330737	0	0	0	0	0.985	0.998	0.967	0.676	0.999
NDUFB6	UQCR10	9606.ENSP00000369176	9606.ENSP00000332887	0	0	0	0	0.819	0.855	0	0.414	0.983
NDUFB6	NDUFA4	9606.ENSP00000369176	9606.ENSP00000339720	0	0	0	0	0.426	0	0.944	0.752	0.991
NDUFB6	NDUFV3	9606.ENSP00000369176	9606.ENSP00000346196	0	0	0	0	0.219	0.946	0.967	0.552	0.999
NDUFB6	ATP5F1C	9606.ENSP00000369176	9606.ENSP00000349142	0	0	0	0	0.849	0.096	0	0.438	0.917
NDUFB6	MT-CO1	9606.ENSP00000369176	9606.ENSP00000354499	0	0	0	0	0.221	0.830	0	0.368	0.909
NDUFB6	MT-ND6	9606.ENSP00000369176	9606.ENSP00000354665	0	0	0	0	0	0.894	0.935	0.382	0.995
NDUFB6	MT-ND1	9606.ENSP00000369176	9606.ENSP00000354687	0	0	0	0	0.393	0.856	0.967	0.441	0.998
NDUFB6	MT-ND4L	9606.ENSP00000369176	9606.ENSP00000354728	0	0	0	0	0	0.894	0.851	0.788	0.996
NDUFB6	MT-ND5	9606.ENSP00000369176	9606.ENSP00000354813	0	0	0	0	0.257	0.959	0.967	0.755	0.999
NDUFB6	MT-ND4	9606.ENSP00000369176	9606.ENSP00000354961	0	0	0	0	0.256	0.955	0.967	0.679	0.999
NDUFB6	MT-ND2	9606.ENSP00000369176	9606.ENSP00000355046	0	0	0	0	0.163	0.894	0.967	0.388	0.998
NDUFB6	MT-ND3	9606.ENSP00000369176	9606.ENSP00000355206	0	0	0	0	0	0.894	0.967	0.404	0.997
NDUFB6	NDUFS2	9606.ENSP00000369176	9606.ENSP00000356972	0	0	0	0	0.447	0.923	0.967	0.686	0.999
NDUFB6	ATP5PB	9606.ENSP00000369176	9606.ENSP00000358737	0	0	0	0	0.853	0.098	0	0.460	0.922
NDUFB6	NDUFA1	9606.ENSP00000369176	9606.ENSP00000360492	0	0	0	0	0.468	0.940	0.967	0.685	0.999
NDUFB6	NDUFS5	9606.ENSP00000369176	9606.ENSP00000362058	0	0	0	0	0.930	0.998	0.900	0.680	0.999
NDUFB6	NDUFA8	9606.ENSP00000369176	9606.ENSP00000362873	0	0	0	0	0.918	0.971	0.967	0.753	0.999
NDUFB6	UQCRQ	9606.ENSP00000369176	9606.ENSP00000367939	0	0	0	0	0.778	0.855	0	0.676	0.988
NDUFB6	COX7B	9606.ENSP00000369176	9606.ENSP00000497474	0	0	0	0	0.313	0.842	0	0.454	0.935
NDUFB6	UQCR11	9606.ENSP00000369176	9606.ENSP00000467262	0	0	0	0	0.637	0.830	0	0.447	0.963
NDUFB6	COX4I1	9606.ENSP00000369176	9606.ENSP00000457513	0	0	0	0	0.551	0.851	0	0.491	0.963
NDUFB6	COX6B1	9606.ENSP00000369176	9606.ENSP00000466818	0	0	0	0	0.653	0.851	0	0.364	0.964
NDUFB6	COX7C	9606.ENSP00000369176	9606.ENSP00000425759	0	0	0	0	0.736	0.830	0	0.480	0.974
NDUFB6	ATP5PF	9606.ENSP00000369176	9606.ENSP00000389649	0	0	0	0	0.973	0	0	0.425	0.984
NDUFB6	UQCRB	9606.ENSP00000369176	9606.ENSP00000430494	0	0	0	0	0.897	0.826	0	0.389	0.988
NDUFB6	NDUFB2	9606.ENSP00000369176	9606.ENSP00000419087	0	0	0	0	0.236	0.812	0.967	0.507	0.997
NDUFB6	TIMMDC1	9606.ENSP00000369176	9606.ENSP00000418803	0	0	0	0	0.084	0.994	0.500	0.371	0.998
NDUFB6	NDUFC1	9606.ENSP00000369176	9606.ENSP00000441126	0	0	0	0	0.487	0.825	0.967	0.659	0.998
NDUFB6	NDUFB1	9606.ENSP00000369176	9606.ENSP00000483888	0	0	0	0	0.521	0.894	0.900	0.874	0.999
NDUFB6	NDUFA11	9606.ENSP00000369176	9606.ENSP00000389160	0	0	0	0	0.675	0.998	0.944	0.546	0.999
NDUFB6	NDUFA3	9606.ENSP00000369176	9606.ENSP00000418438	0	0	0	0	0.539	0.894	0.967	0.687	0.999
NDUFB6	NDUFV1	9606.ENSP00000369176	9606.ENSP00000497587	0	0	0	0	0.573	0.918	0.967	0.856	0.999
NDUFB6	NDUFA6	9606.ENSP00000369176	9606.ENSP00000482543	0	0	0	0	0.914	0.998	0.967	0.928	0.999
NDUFB6	NDUFA5	9606.ENSP00000369176	9606.ENSP00000417142	0	0	0	0	0.901	0.907	0.967	0.701	0.999
NDUFB6	NDUFAB1	9606.ENSP00000369176	9606.ENSP00000458770	0	0	0	0	0.673	0.994	0.967	0.704	0.999
NDUFB6	NDUFS1	9606.ENSP00000369176	9606.ENSP00000392709	0	0	0	0	0.414	0.921	0.967	0.667	0.999
NDUFB6	NDUFB3	9606.ENSP00000369176	9606.ENSP00000407336	0	0	0	0	0.906	0.940	0.967	0.739	0.999
NDUFB6	NDUFA13	9606.ENSP00000369176	9606.ENSP00000423673	0	0	0	0	0.907	0.904	0.967	0.791	0.999
NDUFB7	NDUFB4	9606.ENSP00000215565	9606.ENSP00000184266	0	0	0	0	0.682	0.949	0.967	0.745	0.999
NDUFB7	UQCRC1	9606.ENSP00000215565	9606.ENSP00000203407	0	0	0	0	0.668	0.948	0.154	0.469	0.991
NDUFB7	ATP5F1D	9606.ENSP00000215565	9606.ENSP00000215375	0	0	0	0	0.936	0.127	0	0.501	0.970
NDUFB7	COX7B	9606.ENSP00000215565	9606.ENSP00000497474	0	0	0	0	0.198	0.842	0	0.445	0.923
NDUFB7	NDUFAF3	9606.ENSP00000215565	9606.ENSP00000323076	0	0	0	0	0.338	0	0.893	0.052	0.927
NDUFB7	MT-CYB	9606.ENSP00000215565	9606.ENSP00000354554	0	0	0	0	0	0.904	0	0.406	0.940
NDUFB7	ATP5ME	9606.ENSP00000215565	9606.ENSP00000306003	0	0	0	0	0.889	0.096	0	0.524	0.948
NDUFB7	NDUFAF2	9606.ENSP00000215565	9606.ENSP00000296597	0	0	0	0	0.162	0.507	0.838	0.442	0.957
NDUFB7	COX6A2	9606.ENSP00000215565	9606.ENSP00000287490	0	0	0	0	0.413	0.854	0	0.587	0.961
NDUFB7	UQCRC2	9606.ENSP00000215565	9606.ENSP00000268379	0	0	0	0	0.323	0.913	0.172	0.327	0.963
NDUFB7	COX4I1	9606.ENSP00000215565	9606.ENSP00000457513	0	0	0	0	0.508	0.897	0	0.413	0.967
NDUFB7	COX6B1	9606.ENSP00000215565	9606.ENSP00000466818	0	0	0	0	0.633	0.856	0	0.522	0.972
NDUFB7	NDUFAF1	9606.ENSP00000215565	9606.ENSP00000260361	0	0	0	0	0.068	0	0.967	0.222	0.974
NDUFB7	COX7C	9606.ENSP00000215565	9606.ENSP00000425759	0	0	0	0	0.742	0.830	0	0.531	0.977
NDUFB7	NDUFA4	9606.ENSP00000215565	9606.ENSP00000339720	0	0	0	0	0.359	0.252	0.944	0.414	0.982
NDUFB7	COX5A	9606.ENSP00000215565	9606.ENSP00000317780	0	0	0	0	0.851	0.830	0	0.451	0.985
NDUFB7	MT-ND6	9606.ENSP00000215565	9606.ENSP00000354665	0	0	0	0	0	0.894	0.851	0.273	0.987
NDUFB7	UQCRB	9606.ENSP00000215565	9606.ENSP00000430494	0	0	0	0	0.650	0.963	0.284	0.454	0.994
NDUFB7	COX5B	9606.ENSP00000215565	9606.ENSP00000258424	0	0	0	0	0.936	0.854	0	0.541	0.995
NDUFB7	CYC1	9606.ENSP00000215565	9606.ENSP00000317159	0	0	0	0	0.784	0.977	0.172	0.326	0.996
NDUFB7	UQCRFS1	9606.ENSP00000215565	9606.ENSP00000306397	0	0	0	0	0.561	0.972	0.504	0.426	0.996
NDUFB7	UQCRH	9606.ENSP00000215565	9606.ENSP00000309565	0	0	0	0	0.574	0.957	0.406	0.798	0.997
NDUFB7	UQCR11	9606.ENSP00000215565	9606.ENSP00000467262	0	0	0	0	0.967	0.830	0	0.521	0.997
NDUFB7	MT-ND4L	9606.ENSP00000215565	9606.ENSP00000354728	0	0	0	0	0	0.987	0.851	0.184	0.998
NDUFB7	UQCR10	9606.ENSP00000215565	9606.ENSP00000332887	0	0	0	0	0.922	0.967	0.284	0.430	0.998
NDUFB7	NDUFB1	9606.ENSP00000215565	9606.ENSP00000483888	0	0	0	0	0.273	0.956	0.900	0.484	0.998
NDUFB7	NDUFC1	9606.ENSP00000215565	9606.ENSP00000441126	0	0	0	0	0.340	0.825	0.967	0.543	0.998
NDUFB7	NDUFA7	9606.ENSP00000215565	9606.ENSP00000301457	0	0	0	0	0.889	0.939	0.967	0.753	0.999
NDUFB7	NDUFS4	9606.ENSP00000215565	9606.ENSP00000296684	0	0	0	0	0.790	0.994	0.967	0.623	0.999
NDUFB7	NDUFA1	9606.ENSP00000215565	9606.ENSP00000360492	0	0	0	0	0.323	0.941	0.967	0.707	0.999
NDUFB7	NDUFA11	9606.ENSP00000215565	9606.ENSP00000389160	0	0	0	0	0.924	0.878	0.944	0.763	0.999
NDUFB7	NDUFA3	9606.ENSP00000215565	9606.ENSP00000418438	0	0	0	0	0.769	0.918	0.967	0.717	0.999
NDUFB7	NDUFB9	9606.ENSP00000215565	9606.ENSP00000276689	0	0	0	0	0.963	0.995	0.967	0.828	0.999
NDUFB7	MT-ND1	9606.ENSP00000215565	9606.ENSP00000354687	0	0	0	0	0.430	0.993	0.967	0.302	0.999
NDUFB7	NDUFS3	9606.ENSP00000215565	9606.ENSP00000263774	0	0	0	0	0.808	0.998	0.967	0.616	0.999
NDUFB7	NDUFV1	9606.ENSP00000215565	9606.ENSP00000497587	0	0	0	0	0.936	0.995	0.967	0.819	0.999
NDUFB7	MT-ND2	9606.ENSP00000215565	9606.ENSP00000355046	0	0	0	0	0.163	0.988	0.967	0.281	0.999
NDUFB7	NDUFV3	9606.ENSP00000215565	9606.ENSP00000346196	0	0	0	0	0.607	0.946	0.967	0.481	0.999
NDUFB7	NDUFB10	9606.ENSP00000215565	9606.ENSP00000268668	0	0	0	0	0.816	0.995	0.967	0.828	0.999
NDUFB7	NDUFS2	9606.ENSP00000215565	9606.ENSP00000356972	0	0	0	0	0.478	0.991	0.967	0.691	0.999
NDUFB7	NDUFS5	9606.ENSP00000215565	9606.ENSP00000362058	0	0	0	0	0.913	0.998	0.900	0.786	0.999
NDUFB7	NDUFA2	9606.ENSP00000215565	9606.ENSP00000252102	0	0	0	0	0.830	0.998	0.967	0.939	0.999
NDUFB7	NDUFA8	9606.ENSP00000215565	9606.ENSP00000362873	0	0	0	0	0.944	0.997	0.967	0.807	0.999
NDUFB7	NDUFS8	9606.ENSP00000215565	9606.ENSP00000315774	0	0	0	0	0.958	0.995	0.967	0.784	0.999
NDUFB7	NDUFA10	9606.ENSP00000215565	9606.ENSP00000252711	0	0	0	0	0.355	0.970	0.967	0.664	0.999
NDUFB7	NDUFB6	9606.ENSP00000215565	9606.ENSP00000369176	0	0	0	0	0.888	0.990	0.967	0.761	0.999
NDUFB7	NDUFS7	9606.ENSP00000215565	9606.ENSP00000233627	0	0	0	0	0.989	0.995	0.967	0.668	0.999
NDUFB7	NDUFAB1	9606.ENSP00000215565	9606.ENSP00000458770	0	0	0	0	0.384	0.991	0.967	0.787	0.999
NDUFB7	NDUFS1	9606.ENSP00000215565	9606.ENSP00000392709	0	0	0	0	0.370	0.991	0.967	0.575	0.999
NDUFB7	NDUFV2	9606.ENSP00000215565	9606.ENSP00000327268	0	0	0	0	0.747	0.995	0.967	0.665	0.999
NDUFB7	NDUFB3	9606.ENSP00000215565	9606.ENSP00000407336	0	0	0	0	0.867	0.993	0.967	0.944	0.999
NDUFB7	UQCRQ	9606.ENSP00000215565	9606.ENSP00000367939	0	0	0	0	0.949	0.941	0.172	0.740	0.999
NDUFB7	NDUFC2	9606.ENSP00000215565	9606.ENSP00000281031	0	0	0	0	0.684	0.944	0.944	0.501	0.999
NDUFB7	NDUFA13	9606.ENSP00000215565	9606.ENSP00000423673	0	0	0	0	0.980	0.991	0.967	0.783	0.999
NDUFB7	NDUFB5	9606.ENSP00000215565	9606.ENSP00000259037	0	0	0	0	0.400	0.973	0.967	0.802	0.999
NDUFB7	MT-ND3	9606.ENSP00000215565	9606.ENSP00000355206	0	0	0	0	0	0.991	0.967	0.216	0.999
NDUFB7	MT-ND4	9606.ENSP00000215565	9606.ENSP00000354961	0	0	0	0	0.324	0.993	0.967	0.518	0.999
NDUFB7	NDUFA12	9606.ENSP00000215565	9606.ENSP00000330737	0	0	0	0	0.943	0.998	0.967	0.673	0.999
NDUFB7	NDUFB2	9606.ENSP00000215565	9606.ENSP00000419087	0	0	0	0	0.283	0.914	0.967	0.829	0.999
NDUFB7	NDUFB8	9606.ENSP00000215565	9606.ENSP00000299166	0	0	0	0	0.936	0.996	0.967	0.852	0.999
NDUFB7	NDUFA6	9606.ENSP00000215565	9606.ENSP00000482543	0	0	0	0	0.895	0.998	0.967	0.644	0.999
NDUFB7	NDUFS6	9606.ENSP00000215565	9606.ENSP00000274137	0	0	0	0	0.939	0.996	0.967	0.777	0.999
NDUFB7	NDUFB11	9606.ENSP00000215565	9606.ENSP00000276062	0	0	0	0	0.966	0.966	0.967	0.747	0.999
NDUFB7	NDUFA5	9606.ENSP00000215565	9606.ENSP00000417142	0	0	0	0	0.817	0.991	0.967	0.670	0.999
NDUFB7	MT-ND5	9606.ENSP00000215565	9606.ENSP00000354813	0	0	0	0	0.324	0.996	0.967	0.425	0.999
NDUFB7	NDUFA9	9606.ENSP00000215565	9606.ENSP00000266544	0	0	0	0	0.728	0.999	0.944	0.474	0.999
NDUFB8	NDUFB4	9606.ENSP00000299166	9606.ENSP00000184266	0	0	0	0	0.672	0.959	0.967	0.707	0.999
NDUFB8	UQCRC1	9606.ENSP00000299166	9606.ENSP00000203407	0	0	0	0	0.495	0.875	0.216	0.691	0.982
NDUFB8	ATP5F1D	9606.ENSP00000299166	9606.ENSP00000215375	0	0	0	0	0.893	0	0	0.419	0.935
NDUFB8	NDUFB7	9606.ENSP00000299166	9606.ENSP00000215565	0	0	0	0	0.936	0.996	0.967	0.852	0.999
NDUFB8	NDUFS7	9606.ENSP00000299166	9606.ENSP00000233627	0	0	0	0	0.894	0.972	0.967	0.814	0.999
NDUFB8	NDUFA2	9606.ENSP00000299166	9606.ENSP00000252102	0	0	0	0	0.979	0.998	0.967	0.899	0.999
NDUFB8	NDUFA10	9606.ENSP00000299166	9606.ENSP00000252711	0	0	0	0	0.743	0.894	0.967	0.763	0.999
NDUFB8	COX5B	9606.ENSP00000299166	9606.ENSP00000258424	0	0	0	0	0.889	0.844	0	0.531	0.991
NDUFB8	NDUFB5	9606.ENSP00000299166	9606.ENSP00000259037	0	0	0	0	0.878	0.966	0.967	0.753	0.999
NDUFB8	NDUFAF1	9606.ENSP00000299166	9606.ENSP00000260361	0	0	0	0	0.055	0	0.967	0.505	0.983
NDUFB8	NDUFS3	9606.ENSP00000299166	9606.ENSP00000263774	0	0	0	0	0.914	0.998	0.967	0.843	0.999
NDUFB8	SDHA	9606.ENSP00000299166	9606.ENSP00000264932	0	0	0	0	0.855	0	0	0.765	0.964
NDUFB8	NDUFA9	9606.ENSP00000299166	9606.ENSP00000266544	0	0	0	0	0.899	0.999	0.944	0.879	0.999
NDUFB8	UQCRC2	9606.ENSP00000299166	9606.ENSP00000268379	0	0	0	0	0.663	0.885	0.284	0.947	0.998
NDUFB8	NDUFB10	9606.ENSP00000299166	9606.ENSP00000268668	0	0	0	0	0.756	0.994	0.967	0.592	0.999
NDUFB8	NDUFS6	9606.ENSP00000299166	9606.ENSP00000274137	0	0	0	0	0.950	0.995	0.967	0.761	0.999
NDUFB8	NDUFB11	9606.ENSP00000299166	9606.ENSP00000276062	0	0	0	0	0.872	0.964	0.967	0.734	0.999
NDUFB8	NDUFB9	9606.ENSP00000299166	9606.ENSP00000276689	0	0	0	0	0.949	0.997	0.967	0.945	0.999
NDUFB8	NDUFC2	9606.ENSP00000299166	9606.ENSP00000281031	0	0	0	0	0.894	0.927	0.944	0.716	0.999
NDUFB8	COX6A2	9606.ENSP00000299166	9606.ENSP00000287490	0	0	0	0	0.555	0.845	0	0.310	0.948
NDUFB8	COX7A1	9606.ENSP00000299166	9606.ENSP00000292907	0	0	0	0	0.111	0.830	0	0.557	0.927
NDUFB8	NDUFAF2	9606.ENSP00000299166	9606.ENSP00000296597	0	0	0	0	0.099	0.714	0.838	0.403	0.971
NDUFB8	NDUFS4	9606.ENSP00000299166	9606.ENSP00000296684	0	0	0	0	0.955	0.998	0.967	0.729	0.999
NDUFB8	COX7B	9606.ENSP00000299166	9606.ENSP00000497474	0	0	0	0	0.169	0.842	0	0.333	0.905
NDUFB8	ATP5MC1	9606.ENSP00000299166	9606.ENSP00000377033	0	0	0	0	0.747	0	0.400	0.455	0.910
NDUFB8	ATP5F1C	9606.ENSP00000299166	9606.ENSP00000349142	0	0	0	0	0.880	0	0	0.305	0.913
NDUFB8	MT-CYB	9606.ENSP00000299166	9606.ENSP00000354554	0	0	0	0	0	0.855	0	0.494	0.923
NDUFB8	COX6C	9606.ENSP00000299166	9606.ENSP00000429707	0	0	0	0	0.512	0.585	0	0.669	0.927
NDUFB8	ATP5PD	9606.ENSP00000299166	9606.ENSP00000301587	0	0	0	0	0.877	0	0	0.448	0.929
NDUFB8	NDUFAF3	9606.ENSP00000299166	9606.ENSP00000323076	0	0	0	0	0.140	0	0.893	0.357	0.936
NDUFB8	MT-CO2	9606.ENSP00000299166	9606.ENSP00000354876	0	0	0	0	0.097	0.746	0	0.751	0.938
NDUFB8	ATP5F1A	9606.ENSP00000299166	9606.ENSP00000381736	0	0	0	0	0.353	0	0.500	0.839	0.943
NDUFB8	SDHC	9606.ENSP00000299166	9606.ENSP00000356953	0	0	0	0	0.933	0	0	0.317	0.952
NDUFB8	COX7C	9606.ENSP00000299166	9606.ENSP00000425759	0	0	0	0	0.687	0.830	0	0.608	0.977
NDUFB8	COX6B1	9606.ENSP00000299166	9606.ENSP00000466818	0	0	0	0	0.717	0.845	0	0.651	0.983
NDUFB8	SDHD	9606.ENSP00000299166	9606.ENSP00000364699	0	0	0	0	0.969	0	0	0.504	0.984
NDUFB8	MT-CO1	9606.ENSP00000299166	9606.ENSP00000354499	0	0	0	0	0.108	0.874	0	0.892	0.986
NDUFB8	MT-ND4L	9606.ENSP00000299166	9606.ENSP00000354728	0	0	0	0	0	0.894	0.851	0.410	0.989
NDUFB8	UQCRH	9606.ENSP00000299166	9606.ENSP00000309565	0	0	0	0	0.848	0.856	0.236	0.449	0.989
NDUFB8	COX4I1	9606.ENSP00000299166	9606.ENSP00000457513	0	0	0	0	0.816	0.855	0	0.663	0.990
NDUFB8	UQCR11	9606.ENSP00000299166	9606.ENSP00000467262	0	0	0	0	0.872	0.830	0	0.578	0.990
NDUFB8	MT-ND6	9606.ENSP00000299166	9606.ENSP00000354665	0	0	0	0	0	0.894	0.851	0.489	0.991
NDUFB8	UQCRB	9606.ENSP00000299166	9606.ENSP00000430494	0	0	0	0	0.904	0.861	0.172	0.412	0.992
NDUFB8	CYC1	9606.ENSP00000299166	9606.ENSP00000317159	0	0	0	0	0.905	0.855	0.500	0.306	0.994
NDUFB8	NDUFB1	9606.ENSP00000299166	9606.ENSP00000483888	0	0	0	0	0.366	0.894	0.900	0.440	0.995
NDUFB8	COX5A	9606.ENSP00000299166	9606.ENSP00000317780	0	0	0	0	0.930	0.830	0	0.721	0.996
NDUFB8	NDUFA4	9606.ENSP00000299166	9606.ENSP00000339720	0	0	0	0	0.655	0.228	0.944	0.764	0.996
NDUFB8	UQCR10	9606.ENSP00000299166	9606.ENSP00000332887	0	0	0	0	0.944	0.855	0.172	0.492	0.996
NDUFB8	UQCRQ	9606.ENSP00000299166	9606.ENSP00000367939	0	0	0	0	0.955	0.875	0.284	0.427	0.997
NDUFB8	SDHB	9606.ENSP00000299166	9606.ENSP00000364649	0	0	0	0	0.946	0	0	0.952	0.997
NDUFB8	UQCRFS1	9606.ENSP00000299166	9606.ENSP00000306397	0	0	0	0	0.942	0.884	0.284	0.574	0.997
NDUFB8	NDUFC1	9606.ENSP00000299166	9606.ENSP00000441126	0	0	0	0	0.329	0.825	0.967	0.640	0.998
NDUFB8	TIMMDC1	9606.ENSP00000299166	9606.ENSP00000418803	0	0	0	0	0.061	0.994	0.500	0.374	0.998
NDUFB8	NDUFB3	9606.ENSP00000299166	9606.ENSP00000407336	0	0	0	0	0.619	0.993	0.967	0.949	0.999
NDUFB8	NDUFS1	9606.ENSP00000299166	9606.ENSP00000392709	0	0	0	0	0.668	0.988	0.967	0.788	0.999
NDUFB8	NDUFAB1	9606.ENSP00000299166	9606.ENSP00000458770	0	0	0	0	0.685	0.994	0.967	0.736	0.999
NDUFB8	NDUFV2	9606.ENSP00000299166	9606.ENSP00000327268	0	0	0	0	0.975	0.993	0.967	0.783	0.999
NDUFB8	MT-ND4	9606.ENSP00000299166	9606.ENSP00000354961	0	0	0	0	0.216	0.994	0.967	0.688	0.999
NDUFB8	MT-ND3	9606.ENSP00000299166	9606.ENSP00000355206	0	0	0	0	0	0.988	0.967	0.398	0.999
NDUFB8	NDUFA13	9606.ENSP00000299166	9606.ENSP00000423673	0	0	0	0	0.957	0.988	0.967	0.760	0.999
NDUFB8	NDUFB2	9606.ENSP00000299166	9606.ENSP00000419087	0	0	0	0	0.212	0.907	0.967	0.777	0.999
NDUFB8	NDUFA12	9606.ENSP00000299166	9606.ENSP00000330737	0	0	0	0	0.981	0.998	0.967	0.592	0.999
NDUFB8	NDUFA6	9606.ENSP00000299166	9606.ENSP00000482543	0	0	0	0	0.968	0.998	0.967	0.868	0.999
NDUFB8	MT-ND5	9606.ENSP00000299166	9606.ENSP00000354813	0	0	0	0	0.246	0.990	0.967	0.527	0.999
NDUFB8	NDUFA5	9606.ENSP00000299166	9606.ENSP00000417142	0	0	0	0	0.912	0.988	0.967	0.780	0.999
NDUFB8	NDUFA7	9606.ENSP00000299166	9606.ENSP00000301457	0	0	0	0	0.784	0.915	0.967	0.904	0.999
NDUFB8	NDUFA11	9606.ENSP00000299166	9606.ENSP00000389160	0	0	0	0	0.841	0.998	0.944	0.701	0.999
NDUFB8	NDUFA1	9606.ENSP00000299166	9606.ENSP00000360492	0	0	0	0	0.556	0.917	0.967	0.676	0.999
NDUFB8	NDUFV1	9606.ENSP00000299166	9606.ENSP00000497587	0	0	0	0	0.785	0.990	0.967	0.707	0.999
NDUFB8	MT-ND1	9606.ENSP00000299166	9606.ENSP00000354687	0	0	0	0	0.256	0.988	0.967	0.655	0.999
NDUFB8	NDUFA3	9606.ENSP00000299166	9606.ENSP00000418438	0	0	0	0	0.666	0.894	0.967	0.494	0.999
NDUFB8	MT-ND2	9606.ENSP00000299166	9606.ENSP00000355046	0	0	0	0	0.101	0.966	0.967	0.478	0.999
NDUFB8	NDUFV3	9606.ENSP00000299166	9606.ENSP00000346196	0	0	0	0	0.240	0.940	0.967	0.561	0.999
NDUFB8	NDUFA8	9606.ENSP00000299166	9606.ENSP00000362873	0	0	0	0	0.974	0.995	0.967	0.735	0.999
NDUFB8	NDUFS2	9606.ENSP00000299166	9606.ENSP00000356972	0	0	0	0	0.929	0.988	0.967	0.777	0.999
NDUFB8	NDUFS5	9606.ENSP00000299166	9606.ENSP00000362058	0	0	0	0	0.844	0.998	0.900	0.635	0.999
NDUFB8	NDUFB6	9606.ENSP00000299166	9606.ENSP00000369176	0	0	0	0	0.950	0.894	0.967	0.796	0.999
NDUFB8	NDUFS8	9606.ENSP00000299166	9606.ENSP00000315774	0	0	0	0	0.977	0.989	0.967	0.892	0.999
NDUFB9	NDUFB4	9606.ENSP00000276689	9606.ENSP00000184266	0	0	0	0	0.905	0.976	0.967	0.869	0.999
NDUFB9	UQCRC1	9606.ENSP00000276689	9606.ENSP00000203407	0	0	0	0	0.551	0.934	0.154	0.883	0.996
NDUFB9	ATP5F1D	9606.ENSP00000276689	9606.ENSP00000215375	0	0	0	0	0.851	0.091	0	0.471	0.922
NDUFB9	NDUFB7	9606.ENSP00000276689	9606.ENSP00000215565	0	0	0	0	0.963	0.995	0.967	0.828	0.999
NDUFB9	NDUFS7	9606.ENSP00000276689	9606.ENSP00000233627	0	0	0	0	0.973	0.993	0.967	0.812	0.999
NDUFB9	NDUFA2	9606.ENSP00000276689	9606.ENSP00000252102	0	0	0	0	0.816	0.998	0.967	0.632	0.999
NDUFB9	NDUFA10	9606.ENSP00000276689	9606.ENSP00000252711	0	0	0	0	0.456	0.926	0.967	0.818	0.999
NDUFB9	COX5B	9606.ENSP00000276689	9606.ENSP00000258424	0	0	0	0	0.902	0.856	0	0.400	0.990
NDUFB9	NDUFB5	9606.ENSP00000276689	9606.ENSP00000259037	0	0	0	0	0.894	0.990	0.967	0.621	0.999
NDUFB9	NDUFAF1	9606.ENSP00000276689	9606.ENSP00000260361	0	0	0	0	0.057	0	0.967	0.550	0.985
NDUFB9	NDUFS3	9606.ENSP00000276689	9606.ENSP00000263774	0	0	0	0	0.947	0.996	0.967	0.884	0.999
NDUFB9	NDUFA9	9606.ENSP00000276689	9606.ENSP00000266544	0	0	0	0	0.892	0.985	0.944	0.871	0.999
NDUFB9	UQCRC2	9606.ENSP00000276689	9606.ENSP00000268379	0	0	0	0	0.453	0.911	0.172	0.487	0.976
NDUFB9	NDUFB10	9606.ENSP00000276689	9606.ENSP00000268668	0	0	0	0	0.914	0.992	0.967	0.899	0.999
NDUFB9	NDUFS6	9606.ENSP00000276689	9606.ENSP00000274137	0	0	0	0	0.943	0.995	0.967	0.745	0.999
NDUFB9	NDUFB11	9606.ENSP00000276689	9606.ENSP00000276062	0	0	0	0	0.965	0.992	0.967	0.635	0.999
NDUFB9	ATP5PF	9606.ENSP00000276689	9606.ENSP00000389649	0	0	0	0	0.846	0	0	0.482	0.917
NDUFB9	ATP5MG	9606.ENSP00000276689	9606.ENSP00000300688	0	0	0	0	0.855	0.097	0	0.482	0.926
NDUFB9	MT-CYB	9606.ENSP00000276689	9606.ENSP00000354554	0	0	0	0	0	0.904	0	0.295	0.929
NDUFB9	NDUFAF3	9606.ENSP00000276689	9606.ENSP00000323076	0	0	0	0	0.214	0	0.893	0.302	0.936
NDUFB9	SDHD	9606.ENSP00000276689	9606.ENSP00000364699	0	0	0	0	0.870	0	0	0.606	0.947
NDUFB9	COX7A2	9606.ENSP00000276689	9606.ENSP00000359098	0	0	0	0	0.880	0.161	0	0.519	0.947
NDUFB9	COX6A2	9606.ENSP00000276689	9606.ENSP00000287490	0	0	0	0	0.620	0.856	0	0.366	0.962
NDUFB9	ATP5ME	9606.ENSP00000276689	9606.ENSP00000306003	0	0	0	0	0.915	0	0	0.583	0.963
NDUFB9	SDHB	9606.ENSP00000276689	9606.ENSP00000364649	0	0	0	0	0.915	0.382	0	0.412	0.966
NDUFB9	ATP5F1C	9606.ENSP00000276689	9606.ENSP00000349142	0	0	0	0	0.920	0.441	0	0.461	0.974
NDUFB9	NDUFAF2	9606.ENSP00000276689	9606.ENSP00000296597	0	0	0	0	0.166	0.726	0.838	0.424	0.976
NDUFB9	COX7B	9606.ENSP00000276689	9606.ENSP00000497474	0	0	0	0	0.574	0.848	0	0.683	0.977
NDUFB9	COX4I1	9606.ENSP00000276689	9606.ENSP00000457513	0	0	0	0	0.784	0.876	0	0.474	0.984
NDUFB9	COX6C	9606.ENSP00000276689	9606.ENSP00000429707	0	0	0	0	0.908	0.544	0	0.678	0.985
NDUFB9	ATP5PD	9606.ENSP00000276689	9606.ENSP00000301587	0	0	0	0	0.969	0.162	0	0.460	0.985
NDUFB9	COX7C	9606.ENSP00000276689	9606.ENSP00000425759	0	0	0	0	0.664	0.851	0	0.724	0.985
NDUFB9	UQCR11	9606.ENSP00000276689	9606.ENSP00000467262	0	0	0	0	0.838	0.830	0	0.553	0.986
NDUFB9	COX6B1	9606.ENSP00000276689	9606.ENSP00000466818	0	0	0	0	0.647	0.899	0	0.676	0.987
NDUFB9	MT-ND6	9606.ENSP00000276689	9606.ENSP00000354665	0	0	0	0	0	0.894	0.851	0.321	0.988
NDUFB9	NDUFA4	9606.ENSP00000276689	9606.ENSP00000339720	0	0	0	0	0.642	0.250	0.944	0.753	0.995
NDUFB9	COX5A	9606.ENSP00000276689	9606.ENSP00000317780	0	0	0	0	0.918	0.876	0	0.688	0.996
NDUFB9	UQCRH	9606.ENSP00000276689	9606.ENSP00000309565	0	0	0	0	0.711	0.950	0.237	0.690	0.996
NDUFB9	UQCRQ	9606.ENSP00000276689	9606.ENSP00000367939	0	0	0	0	0.945	0.890	0.172	0.591	0.997
NDUFB9	CYC1	9606.ENSP00000276689	9606.ENSP00000317159	0	0	0	0	0.839	0.975	0.172	0.235	0.997
NDUFB9	TIMMDC1	9606.ENSP00000276689	9606.ENSP00000418803	0	0	0	0	0.068	0.994	0.500	0.267	0.997
NDUFB9	NDUFC1	9606.ENSP00000276689	9606.ENSP00000441126	0	0	0	0	0.328	0.825	0.967	0.621	0.998
NDUFB9	UQCRB	9606.ENSP00000276689	9606.ENSP00000430494	0	0	0	0	0.898	0.967	0.284	0.372	0.998
NDUFB9	MT-ND4L	9606.ENSP00000276689	9606.ENSP00000354728	0	0	0	0	0	0.987	0.851	0.329	0.998
NDUFB9	UQCR10	9606.ENSP00000276689	9606.ENSP00000332887	0	0	0	0	0.909	0.967	0.284	0.527	0.998
NDUFB9	NDUFB1	9606.ENSP00000276689	9606.ENSP00000483888	0	0	0	0	0.357	0.906	0.900	0.729	0.998
NDUFB9	NDUFB3	9606.ENSP00000276689	9606.ENSP00000407336	0	0	0	0	0.833	0.996	0.967	0.856	0.999
NDUFB9	NDUFV2	9606.ENSP00000276689	9606.ENSP00000327268	0	0	0	0	0.967	0.993	0.967	0.862	0.999
NDUFB9	NDUFAB1	9606.ENSP00000276689	9606.ENSP00000458770	0	0	0	0	0.830	0.994	0.967	0.834	0.999
NDUFB9	NDUFS1	9606.ENSP00000276689	9606.ENSP00000392709	0	0	0	0	0.716	0.992	0.967	0.846	0.999
NDUFB9	MT-ND4	9606.ENSP00000276689	9606.ENSP00000354961	0	0	0	0	0.214	0.994	0.967	0.528	0.999
NDUFB9	MT-ND3	9606.ENSP00000276689	9606.ENSP00000355206	0	0	0	0	0	0.991	0.967	0.367	0.999
NDUFB9	NDUFA13	9606.ENSP00000276689	9606.ENSP00000423673	0	0	0	0	0.960	0.993	0.967	0.729	0.999
NDUFB9	NDUFC2	9606.ENSP00000276689	9606.ENSP00000281031	0	0	0	0	0.877	0.934	0.944	0.539	0.999
NDUFB9	NDUFB2	9606.ENSP00000276689	9606.ENSP00000419087	0	0	0	0	0.374	0.812	0.967	0.812	0.999
NDUFB9	NDUFA12	9606.ENSP00000276689	9606.ENSP00000330737	0	0	0	0	0.981	0.998	0.967	0.708	0.999
NDUFB9	MT-ND5	9606.ENSP00000276689	9606.ENSP00000354813	0	0	0	0	0.163	0.994	0.967	0.481	0.999
NDUFB9	NDUFA5	9606.ENSP00000276689	9606.ENSP00000417142	0	0	0	0	0.909	0.992	0.967	0.796	0.999
NDUFB9	NDUFB8	9606.ENSP00000276689	9606.ENSP00000299166	0	0	0	0	0.949	0.997	0.967	0.945	0.999
NDUFB9	NDUFA6	9606.ENSP00000276689	9606.ENSP00000482543	0	0	0	0	0.960	0.998	0.967	0.834	0.999
NDUFB9	NDUFA1	9606.ENSP00000276689	9606.ENSP00000360492	0	0	0	0	0.394	0.920	0.967	0.711	0.999
NDUFB9	NDUFA11	9606.ENSP00000276689	9606.ENSP00000389160	0	0	0	0	0.706	0.878	0.944	0.864	0.999
NDUFB9	NDUFS4	9606.ENSP00000276689	9606.ENSP00000296684	0	0	0	0	0.919	0.991	0.967	0.722	0.999
NDUFB9	NDUFA7	9606.ENSP00000276689	9606.ENSP00000301457	0	0	0	0	0.754	0.936	0.967	0.783	0.999
NDUFB9	MT-ND2	9606.ENSP00000276689	9606.ENSP00000355046	0	0	0	0	0.118	0.988	0.967	0.472	0.999
NDUFB9	UQCRFS1	9606.ENSP00000276689	9606.ENSP00000306397	0	0	0	0	0.771	0.975	0.284	0.835	0.999
NDUFB9	MT-ND1	9606.ENSP00000276689	9606.ENSP00000354687	0	0	0	0	0.219	0.991	0.967	0.268	0.999
NDUFB9	NDUFV1	9606.ENSP00000276689	9606.ENSP00000497587	0	0	0	0	0.872	0.991	0.967	0.647	0.999
NDUFB9	NDUFA3	9606.ENSP00000276689	9606.ENSP00000418438	0	0	0	0	0.532	0.894	0.967	0.490	0.999
NDUFB9	NDUFA8	9606.ENSP00000276689	9606.ENSP00000362873	0	0	0	0	0.978	0.996	0.967	0.717	0.999
NDUFB9	NDUFS5	9606.ENSP00000276689	9606.ENSP00000362058	0	0	0	0	0.921	0.998	0.900	0.521	0.999
NDUFB9	NDUFS2	9606.ENSP00000276689	9606.ENSP00000356972	0	0	0	0	0.611	0.991	0.967	0.819	0.999
NDUFB9	NDUFV3	9606.ENSP00000276689	9606.ENSP00000346196	0	0	0	0	0.393	0.937	0.967	0.541	0.999
NDUFB9	NDUFB6	9606.ENSP00000276689	9606.ENSP00000369176	0	0	0	0	0.959	0.974	0.967	0.676	0.999
NDUFB9	NDUFS8	9606.ENSP00000276689	9606.ENSP00000315774	0	0	0	0	0.957	0.991	0.967	0.828	0.999
NDUFC1	NDUFB4	9606.ENSP00000441126	9606.ENSP00000184266	0	0	0	0	0.725	0.825	0.967	0.557	0.999
NDUFC1	NDUFB7	9606.ENSP00000441126	9606.ENSP00000215565	0	0	0	0	0.340	0.825	0.967	0.543	0.998
NDUFC1	NDUFS7	9606.ENSP00000441126	9606.ENSP00000233627	0	0	0	0	0.269	0.825	0.967	0.524	0.997
NDUFC1	NDUFA2	9606.ENSP00000441126	9606.ENSP00000252102	0	0	0	0	0.759	0.825	0.967	0.881	0.999
NDUFC1	NDUFA10	9606.ENSP00000441126	9606.ENSP00000252711	0	0	0	0	0.138	0.920	0.967	0.482	0.998
NDUFC1	COX5B	9606.ENSP00000441126	9606.ENSP00000258424	0	0	0	0	0.451	0.811	0	0.411	0.933
NDUFC1	NDUFB5	9606.ENSP00000441126	9606.ENSP00000259037	0	0	0	0	0.722	0.825	0.967	0.902	0.999
NDUFC1	NDUFAF1	9606.ENSP00000441126	9606.ENSP00000260361	0	0	0	0	0.066	0	0.967	0.386	0.979
NDUFC1	NDUFS3	9606.ENSP00000441126	9606.ENSP00000263774	0	0	0	0	0.281	0.825	0.967	0.391	0.997
NDUFC1	NDUFA9	9606.ENSP00000441126	9606.ENSP00000266544	0	0	0	0	0.218	0.821	0.944	0.245	0.993
NDUFC1	NDUFB10	9606.ENSP00000441126	9606.ENSP00000268668	0	0	0	0	0.348	0.825	0.967	0.507	0.997
NDUFC1	NDUFS6	9606.ENSP00000441126	9606.ENSP00000274137	0	0	0	0	0.626	0.825	0.967	0.798	0.999
NDUFC1	NDUFB11	9606.ENSP00000441126	9606.ENSP00000276062	0	0	0	0	0.218	0.825	0.967	0.502	0.997
NDUFC1	NDUFB9	9606.ENSP00000441126	9606.ENSP00000276689	0	0	0	0	0.328	0.825	0.967	0.621	0.998
NDUFC1	NDUFC2	9606.ENSP00000441126	9606.ENSP00000281031	0	0	0	0	0.290	0.914	0.944	0.836	0.999
NDUFC1	NDUFAF2	9606.ENSP00000441126	9606.ENSP00000296597	0	0	0	0	0.153	0	0.838	0.328	0.900
NDUFC1	NDUFS4	9606.ENSP00000441126	9606.ENSP00000296684	0	0	0	0	0.368	0.825	0.967	0.481	0.997
NDUFC1	NDUFB8	9606.ENSP00000441126	9606.ENSP00000299166	0	0	0	0	0.329	0.825	0.967	0.640	0.998
NDUFC1	NDUFA7	9606.ENSP00000441126	9606.ENSP00000301457	0	0	0	0	0.512	0.825	0.967	0.722	0.999
NDUFC1	UQCRFS1	9606.ENSP00000441126	9606.ENSP00000306397	0	0	0	0	0.266	0.811	0	0.357	0.903
NDUFC1	UQCRH	9606.ENSP00000441126	9606.ENSP00000309565	0	0	0	0	0.368	0.811	0	0.433	0.926
NDUFC1	NDUFS8	9606.ENSP00000441126	9606.ENSP00000315774	0	0	0	0	0.249	0.825	0.967	0.560	0.997
NDUFC1	COX5A	9606.ENSP00000441126	9606.ENSP00000317780	0	0	0	0	0.397	0.811	0	0.323	0.916
NDUFC1	NDUFV2	9606.ENSP00000441126	9606.ENSP00000327268	0	0	0	0	0.451	0.825	0.967	0.826	0.999
NDUFC1	NDUFA12	9606.ENSP00000441126	9606.ENSP00000330737	0	0	0	0	0.731	0.825	0.967	0.672	0.999
NDUFC1	UQCR10	9606.ENSP00000441126	9606.ENSP00000332887	0	0	0	0	0.675	0.811	0	0.414	0.961
NDUFC1	NDUFA4	9606.ENSP00000441126	9606.ENSP00000339720	0	0	0	0	0.423	0	0.944	0.503	0.982
NDUFC1	NDUFV3	9606.ENSP00000441126	9606.ENSP00000346196	0	0	0	0	0.589	0.825	0.967	0.846	0.999
NDUFC1	MT-ND6	9606.ENSP00000441126	9606.ENSP00000354665	0	0	0	0	0	0.825	0.851	0.549	0.987
NDUFC1	MT-ND1	9606.ENSP00000441126	9606.ENSP00000354687	0	0	0	0	0	0.825	0.967	0.229	0.995
NDUFC1	MT-ND4L	9606.ENSP00000441126	9606.ENSP00000354728	0	0	0	0	0	0.825	0.851	0.569	0.987
NDUFC1	MT-ND5	9606.ENSP00000441126	9606.ENSP00000354813	0	0	0	0	0	0.828	0.967	0.309	0.995
NDUFC1	MT-ND4	9606.ENSP00000441126	9606.ENSP00000354961	0	0	0	0	0	0.825	0.967	0.310	0.995
NDUFC1	MT-ND2	9606.ENSP00000441126	9606.ENSP00000355046	0	0	0	0	0	0.851	0.967	0.507	0.997
NDUFC1	MT-ND3	9606.ENSP00000441126	9606.ENSP00000355206	0	0	0	0	0	0.825	0.967	0.556	0.997
NDUFC1	NDUFS2	9606.ENSP00000441126	9606.ENSP00000356972	0	0	0	0	0.141	0.825	0.967	0.485	0.997
NDUFC1	NDUFA1	9606.ENSP00000441126	9606.ENSP00000360492	0	0	0	0	0.482	0.825	0.967	0.608	0.998
NDUFC1	NDUFS5	9606.ENSP00000441126	9606.ENSP00000362058	0	0	0	0	0.508	0.825	0.900	0.584	0.995
NDUFC1	NDUFA8	9606.ENSP00000441126	9606.ENSP00000362873	0	0	0	0	0.395	0.825	0.967	0.618	0.998
NDUFC1	UQCRQ	9606.ENSP00000441126	9606.ENSP00000367939	0	0	0	0	0.679	0.811	0	0.465	0.964
NDUFC1	NDUFB6	9606.ENSP00000441126	9606.ENSP00000369176	0	0	0	0	0.487	0.825	0.967	0.659	0.998
NDUFC1	NDUFA11	9606.ENSP00000441126	9606.ENSP00000389160	0	0	0	0	0.529	0.820	0.944	0.571	0.997
NDUFC1	NDUFS1	9606.ENSP00000441126	9606.ENSP00000392709	0	0	0	0	0.098	0.825	0.967	0.753	0.998
NDUFC1	NDUFB3	9606.ENSP00000441126	9606.ENSP00000407336	0	0	0	0	0.578	0.825	0.967	0.870	0.999
NDUFC1	NDUFA5	9606.ENSP00000441126	9606.ENSP00000417142	0	0	0	0	0.825	0.825	0.967	0.900	0.999
NDUFC1	NDUFA3	9606.ENSP00000441126	9606.ENSP00000418438	0	0	0	0	0.703	0.825	0.967	0.545	0.999
NDUFC1	NDUFB2	9606.ENSP00000441126	9606.ENSP00000419087	0	0	0	0	0.375	0.812	0.967	0.721	0.998
NDUFC1	NDUFA13	9606.ENSP00000441126	9606.ENSP00000423673	0	0	0	0	0.339	0.825	0.967	0.454	0.997
NDUFC1	COX7C	9606.ENSP00000441126	9606.ENSP00000425759	0	0	0	0	0.669	0.811	0	0.564	0.970
NDUFC1	COX6B1	9606.ENSP00000441126	9606.ENSP00000466818	0	0	0	0	0.362	0.813	0	0.307	0.910
NDUFC1	COX7B	9606.ENSP00000441126	9606.ENSP00000497474	0	0	0	0	0.577	0.810	0	0.539	0.959
NDUFC1	UQCR11	9606.ENSP00000441126	9606.ENSP00000467262	0	0	0	0	0.713	0.811	0	0.540	0.972
NDUFC1	NDUFB1	9606.ENSP00000441126	9606.ENSP00000483888	0	0	0	0	0.386	0.825	0.900	0.640	0.995
NDUFC1	NDUFV1	9606.ENSP00000441126	9606.ENSP00000497587	0	0	0	0	0.144	0.825	0.967	0.755	0.998
NDUFC1	NDUFA6	9606.ENSP00000441126	9606.ENSP00000482543	0	0	0	0	0.461	0.825	0.967	0.810	0.999
NDUFC1	NDUFAB1	9606.ENSP00000441126	9606.ENSP00000458770	0	0	0	0	0.444	0.991	0.967	0.568	0.999
NDUFC2	NDUFB4	9606.ENSP00000281031	9606.ENSP00000184266	0	0	0	0	0.854	0.961	0.944	0.686	0.999
NDUFC2	UQCRC1	9606.ENSP00000281031	9606.ENSP00000203407	0	0	0	0	0.247	0.852	0.151	0.480	0.944
NDUFC2	NDUFB7	9606.ENSP00000281031	9606.ENSP00000215565	0	0	0	0	0.684	0.944	0.944	0.501	0.999
NDUFC2	NDUFS7	9606.ENSP00000281031	9606.ENSP00000233627	0	0	0	0	0.566	0.936	0.944	0.712	0.999
NDUFC2	NDUFA2	9606.ENSP00000281031	9606.ENSP00000252102	0	0	0	0	0.903	0.998	0.944	0.929	0.999
NDUFC2	NDUFA10	9606.ENSP00000281031	9606.ENSP00000252711	0	0	0	0	0.373	0.963	0.944	0.607	0.999
NDUFC2	COX5B	9606.ENSP00000281031	9606.ENSP00000258424	0	0	0	0	0.657	0.852	0	0.505	0.972
NDUFC2	NDUFB5	9606.ENSP00000281031	9606.ENSP00000259037	0	0	0	0	0.834	0.978	0.944	0.582	0.999
NDUFC2	NDUFAF1	9606.ENSP00000281031	9606.ENSP00000260361	0	0	0	0	0.058	0.225	0.944	0.460	0.975
NDUFC2	NDUFS3	9606.ENSP00000281031	9606.ENSP00000263774	0	0	0	0	0.676	0.907	0.944	0.489	0.999
NDUFC2	NDUFA9	9606.ENSP00000281031	9606.ENSP00000266544	0	0	0	0	0.607	0.927	0.933	0.640	0.999
NDUFC2	UQCRC2	9606.ENSP00000281031	9606.ENSP00000268379	0	0	0	0	0.295	0.854	0.163	0.343	0.936
NDUFC2	NDUFB10	9606.ENSP00000281031	9606.ENSP00000268668	0	0	0	0	0.726	0.978	0.944	0.742	0.999
NDUFC2	ECSIT	9606.ENSP00000281031	9606.ENSP00000270517	0	0	0	0	0.131	0.770	0.500	0.303	0.921
NDUFC2	NDUFS6	9606.ENSP00000281031	9606.ENSP00000274137	0	0	0	0	0.719	0.943	0.944	0.743	0.999
NDUFC2	NDUFB11	9606.ENSP00000281031	9606.ENSP00000276062	0	0	0	0	0.793	0.979	0.944	0.663	0.999
NDUFC2	NDUFB9	9606.ENSP00000281031	9606.ENSP00000276689	0	0	0	0	0.877	0.934	0.944	0.539	0.999
NDUFC2	NDUFAF4	9606.ENSP00000281031	9606.ENSP00000358272	0	0	0	0	0.055	0.599	0.722	0.261	0.911
NDUFC2	COX6C	9606.ENSP00000281031	9606.ENSP00000429707	0	0	0	0	0.757	0.458	0	0.396	0.913
NDUFC2	COX7B	9606.ENSP00000281031	9606.ENSP00000497474	0	0	0	0	0.251	0.829	0	0.402	0.917
NDUFC2	COX6A2	9606.ENSP00000281031	9606.ENSP00000287490	0	0	0	0	0.326	0.849	0	0.285	0.920
NDUFC2	TIMMDC1	9606.ENSP00000281031	9606.ENSP00000418803	0	0	0	0	0.138	0.793	0.500	0.325	0.931
NDUFC2	CYC1	9606.ENSP00000281031	9606.ENSP00000317159	0	0	0	0	0.405	0.874	0	0.297	0.943
NDUFC2	TMEM126B	9606.ENSP00000281031	9606.ENSP00000351737	0	0	0	0	0.061	0.821	0.500	0.487	0.951
NDUFC2	COX6B1	9606.ENSP00000281031	9606.ENSP00000466818	0	0	0	0	0.411	0.877	0	0.386	0.952
NDUFC2	COX4I1	9606.ENSP00000281031	9606.ENSP00000457513	0	0	0	0	0.620	0.841	0	0.361	0.958
NDUFC2	UQCRH	9606.ENSP00000281031	9606.ENSP00000309565	0	0	0	0	0.513	0.854	0.154	0.439	0.961
NDUFC2	COX7C	9606.ENSP00000281031	9606.ENSP00000425759	0	0	0	0	0.645	0.824	0	0.441	0.962
NDUFC2	UQCRFS1	9606.ENSP00000281031	9606.ENSP00000306397	0	0	0	0	0.635	0.854	0.163	0.414	0.970
NDUFC2	UQCRB	9606.ENSP00000281031	9606.ENSP00000430494	0	0	0	0	0.734	0.838	0	0.389	0.971
NDUFC2	UQCR10	9606.ENSP00000281031	9606.ENSP00000332887	0	0	0	0	0.797	0.854	0	0.226	0.975
NDUFC2	COX5A	9606.ENSP00000281031	9606.ENSP00000317780	0	0	0	0	0.730	0.845	0	0.482	0.976
NDUFC2	MT-ND4L	9606.ENSP00000281031	9606.ENSP00000354728	0	0	0	0	0	0.878	0.744	0.566	0.985
NDUFC2	UQCRQ	9606.ENSP00000281031	9606.ENSP00000367939	0	0	0	0	0.823	0.852	0.163	0.487	0.987
NDUFC2	UQCR11	9606.ENSP00000281031	9606.ENSP00000467262	0	0	0	0	0.876	0.824	0	0.473	0.987
NDUFC2	NDUFA4	9606.ENSP00000281031	9606.ENSP00000339720	0	0	0	0	0.534	0.234	0.933	0.567	0.988
NDUFC2	MT-ND6	9606.ENSP00000281031	9606.ENSP00000354665	0	0	0	0	0	0.914	0.744	0.572	0.989
NDUFC2	MT-ND1	9606.ENSP00000281031	9606.ENSP00000354687	0	0	0	0	0.324	0.852	0.944	0.207	0.995
NDUFC2	NDUFB2	9606.ENSP00000281031	9606.ENSP00000419087	0	0	0	0	0.219	0.811	0.944	0.607	0.996
NDUFC2	MT-ND3	9606.ENSP00000281031	9606.ENSP00000355206	0	0	0	0	0	0.878	0.944	0.564	0.996
NDUFC2	NDUFS1	9606.ENSP00000281031	9606.ENSP00000392709	0	0	0	0	0.277	0.895	0.944	0.454	0.997
NDUFC2	MT-ND5	9606.ENSP00000281031	9606.ENSP00000354813	0	0	0	0	0.250	0.927	0.944	0.624	0.998
NDUFC2	NDUFV3	9606.ENSP00000281031	9606.ENSP00000346196	0	0	0	0	0.172	0.932	0.944	0.556	0.998
NDUFC2	NDUFA3	9606.ENSP00000281031	9606.ENSP00000418438	0	0	0	0	0.469	0.931	0.944	0.546	0.998
NDUFC2	NDUFA1	9606.ENSP00000281031	9606.ENSP00000360492	0	0	0	0	0.433	0.918	0.944	0.623	0.998
NDUFC2	NDUFA11	9606.ENSP00000281031	9606.ENSP00000389160	0	0	0	0	0.621	0.856	0.933	0.726	0.998
NDUFC2	NDUFA5	9606.ENSP00000281031	9606.ENSP00000417142	0	0	0	0	0.693	0.903	0.944	0.692	0.999
NDUFC2	NDUFB8	9606.ENSP00000281031	9606.ENSP00000299166	0	0	0	0	0.894	0.927	0.944	0.716	0.999
NDUFC2	NDUFA6	9606.ENSP00000281031	9606.ENSP00000482543	0	0	0	0	0.696	0.998	0.944	0.750	0.999
NDUFC2	NDUFA12	9606.ENSP00000281031	9606.ENSP00000330737	0	0	0	0	0.841	0.937	0.944	0.658	0.999
NDUFC2	MT-ND4	9606.ENSP00000281031	9606.ENSP00000354961	0	0	0	0	0.242	0.969	0.944	0.536	0.999
NDUFC2	NDUFA13	9606.ENSP00000281031	9606.ENSP00000423673	0	0	0	0	0.858	0.974	0.944	0.573	0.999
NDUFC2	NDUFB3	9606.ENSP00000281031	9606.ENSP00000407336	0	0	0	0	0.760	0.927	0.944	0.756	0.999
NDUFC2	NDUFAB1	9606.ENSP00000281031	9606.ENSP00000458770	0	0	0	0	0.622	0.966	0.944	0.474	0.999
NDUFC2	NDUFV2	9606.ENSP00000281031	9606.ENSP00000327268	0	0	0	0	0.697	0.942	0.944	0.634	0.999
NDUFC2	NDUFC1	9606.ENSP00000281031	9606.ENSP00000441126	0	0	0	0	0.290	0.914	0.944	0.836	0.999
NDUFC2	NDUFB1	9606.ENSP00000281031	9606.ENSP00000483888	0	0	0	0	0.397	0.976	0.900	0.568	0.999
NDUFC2	NDUFB6	9606.ENSP00000281031	9606.ENSP00000369176	0	0	0	0	0.847	0.948	0.944	0.743	0.999
NDUFC2	NDUFS8	9606.ENSP00000281031	9606.ENSP00000315774	0	0	0	0	0.604	0.890	0.944	0.647	0.999
NDUFC2	NDUFA8	9606.ENSP00000281031	9606.ENSP00000362873	0	0	0	0	0.736	0.986	0.944	0.755	0.999
NDUFC2	NDUFS5	9606.ENSP00000281031	9606.ENSP00000362058	0	0	0	0	0.845	0.967	0.900	0.716	0.999
NDUFC2	NDUFS2	9606.ENSP00000281031	9606.ENSP00000356972	0	0	0	0	0.395	0.900	0.944	0.746	0.999
NDUFC2	MT-ND2	9606.ENSP00000281031	9606.ENSP00000355046	0	0	0	0	0.111	0.972	0.944	0.611	0.999
NDUFC2	NDUFV1	9606.ENSP00000281031	9606.ENSP00000497587	0	0	0	0	0.410	0.941	0.944	0.730	0.999
NDUFC2	NDUFS4	9606.ENSP00000281031	9606.ENSP00000296684	0	0	0	0	0.896	0.931	0.944	0.689	0.999
NDUFC2	NDUFA7	9606.ENSP00000281031	9606.ENSP00000301457	0	0	0	0	0.730	0.919	0.944	0.680	0.999
NDUFS1	NDUFB4	9606.ENSP00000392709	9606.ENSP00000184266	0	0	0	0	0.162	0.950	0.967	0.579	0.999
NDUFS1	UQCRC1	9606.ENSP00000392709	9606.ENSP00000203407	0	0	0	0	0.707	0.969	0.216	0.796	0.998
NDUFS1	NDUFB7	9606.ENSP00000392709	9606.ENSP00000215565	0	0	0	0	0.370	0.991	0.967	0.575	0.999
NDUFS1	NDUFS7	9606.ENSP00000392709	9606.ENSP00000233627	0.111	0	0	0	0.831	0.999	0.967	0.994	0.999
NDUFS1	NDUFA2	9606.ENSP00000392709	9606.ENSP00000252102	0	0	0	0	0.715	0.999	0.967	0.989	0.999
NDUFS1	NDUFA10	9606.ENSP00000392709	9606.ENSP00000252711	0	0	0	0	0.496	0.950	0.967	0.881	0.999
NDUFS1	COX5B	9606.ENSP00000392709	9606.ENSP00000258424	0	0	0	0	0.173	0.844	0	0.719	0.960
NDUFS1	NDUFB5	9606.ENSP00000392709	9606.ENSP00000259037	0	0	0	0	0.260	0.959	0.967	0.800	0.999
NDUFS1	NDUFAF1	9606.ENSP00000392709	9606.ENSP00000260361	0	0	0	0	0.149	0.994	0.967	0.507	0.999
NDUFS1	ATP5F1B	9606.ENSP00000392709	9606.ENSP00000262030	0.042	0	0	0	0.912	0.317	0	0.653	0.977
NDUFS1	FOXRED1	9606.ENSP00000392709	9606.ENSP00000263578	0	0	0	0	0.044	0	0.720	0.756	0.929
NDUFS1	NDUFS3	9606.ENSP00000392709	9606.ENSP00000263774	0.231	0	0.213	0	0.971	0.999	0.980	0.996	0.999
NDUFS1	SDHA	9606.ENSP00000392709	9606.ENSP00000264932	0.100	0	0	0	0.855	0.127	0.795	0.826	0.995
NDUFS1	NDUFA9	9606.ENSP00000392709	9606.ENSP00000266544	0	0	0	0	0.883	0.999	0.944	0.934	0.999
NDUFS1	UQCRC2	9606.ENSP00000392709	9606.ENSP00000268379	0	0	0	0	0.921	0.939	0.216	0.687	0.998
NDUFS1	NDUFB10	9606.ENSP00000392709	9606.ENSP00000268668	0	0	0	0	0.224	0.994	0.967	0.810	0.999
NDUFS1	ECSIT	9606.ENSP00000392709	9606.ENSP00000270517	0	0	0	0	0.075	0.994	0.500	0.248	0.997
NDUFS1	NDUFS6	9606.ENSP00000392709	9606.ENSP00000274137	0	0	0	0	0.656	0.999	0.967	0.984	0.999
NDUFS1	NDUFB11	9606.ENSP00000392709	9606.ENSP00000276062	0	0	0	0	0.139	0.969	0.967	0.660	0.999
NDUFS1	NDUFB9	9606.ENSP00000392709	9606.ENSP00000276689	0	0	0	0	0.716	0.992	0.967	0.846	0.999
NDUFS1	NDUFC2	9606.ENSP00000392709	9606.ENSP00000281031	0	0	0	0	0.277	0.895	0.944	0.454	0.997
NDUFS1	COX6A2	9606.ENSP00000392709	9606.ENSP00000287490	0	0	0	0	0.067	0.854	0	0.374	0.907
NDUFS1	NDUFAF2	9606.ENSP00000392709	9606.ENSP00000296597	0	0	0	0	0.084	0.797	0.838	0.788	0.992
NDUFS1	NDUFS4	9606.ENSP00000392709	9606.ENSP00000296684	0	0	0	0	0.885	0.999	0.967	0.984	0.999
NDUFS1	NDUFB8	9606.ENSP00000392709	9606.ENSP00000299166	0	0	0	0	0.668	0.988	0.967	0.788	0.999
NDUFS1	NDUFA7	9606.ENSP00000392709	9606.ENSP00000301457	0	0	0	0	0.304	0.974	0.967	0.829	0.999
NDUFS1	UQCRFS1	9606.ENSP00000392709	9606.ENSP00000306397	0.094	0	0	0	0.732	0.988	0.809	0.734	0.999
NDUFS1	UQCRH	9606.ENSP00000392709	9606.ENSP00000309565	0	0	0	0	0.586	0.957	0.406	0.469	0.993
NDUFS1	NDUFS8	9606.ENSP00000392709	9606.ENSP00000315774	0.231	0	0.321	0	0.981	0.996	0.980	0.993	0.999
NDUFS1	CYC1	9606.ENSP00000392709	9606.ENSP00000317159	0	0	0	0	0.925	0.989	0.809	0.543	0.999
NDUFS1	COX5A	9606.ENSP00000392709	9606.ENSP00000317780	0	0	0	0	0.362	0.844	0	0.550	0.951
NDUFS1	NDUFAF3	9606.ENSP00000392709	9606.ENSP00000323076	0	0	0	0	0.058	0	0.838	0.565	0.927
NDUFS1	NDUFV2	9606.ENSP00000392709	9606.ENSP00000327268	0.231	0	0.334	0	0.978	0.999	0.980	0.999	0.999
NDUFS1	NDUFA12	9606.ENSP00000392709	9606.ENSP00000330737	0	0	0	0	0.715	0.999	0.967	0.885	0.999
NDUFS1	UQCR10	9606.ENSP00000392709	9606.ENSP00000332887	0	0	0	0	0.248	0.967	0.172	0.560	0.990
NDUFS1	NDUFA4	9606.ENSP00000392709	9606.ENSP00000339720	0	0	0	0	0.063	0.249	0.944	0.632	0.983
NDUFS1	NDUFV3	9606.ENSP00000392709	9606.ENSP00000346196	0	0	0	0	0.163	0.982	0.967	0.931	0.999
NDUFS1	ATP5F1C	9606.ENSP00000392709	9606.ENSP00000349142	0.075	0	0	0	0.840	0.352	0	0.624	0.959
NDUFS1	MT-CO1	9606.ENSP00000392709	9606.ENSP00000354499	0	0	0	0	0.177	0.830	0.809	0.617	0.988
NDUFS1	MT-CYB	9606.ENSP00000392709	9606.ENSP00000354554	0	0	0	0	0.108	0.904	0.585	0.669	0.986
NDUFS1	MT-ND6	9606.ENSP00000392709	9606.ENSP00000354665	0	0	0	0	0	0.894	0.851	0.725	0.995
NDUFS1	MT-ND1	9606.ENSP00000392709	9606.ENSP00000354687	0.231	0.261	0	0	0.964	0.993	0.980	0.730	0.999
NDUFS1	MT-ND4L	9606.ENSP00000392709	9606.ENSP00000354728	0	0	0	0	0	0.987	0.851	0.433	0.998
NDUFS1	MT-ND5	9606.ENSP00000392709	9606.ENSP00000354813	0.120	0	0	0	0.840	0.988	0.978	0.877	0.999
NDUFS1	MT-CO2	9606.ENSP00000392709	9606.ENSP00000354876	0	0	0	0	0.128	0.687	0.809	0.593	0.976
NDUFS1	MT-ND4	9606.ENSP00000392709	9606.ENSP00000354961	0.231	0	0	0	0.966	0.991	0.980	0.848	0.999
NDUFS1	MT-CO3	9606.ENSP00000392709	9606.ENSP00000354982	0	0	0	0	0.228	0.830	0.809	0.673	0.990
NDUFS1	MT-ND2	9606.ENSP00000392709	9606.ENSP00000355046	0.120	0	0	0	0.836	0.988	0.978	0.871	0.999
NDUFS1	MT-ND3	9606.ENSP00000392709	9606.ENSP00000355206	0.231	0	0	0	0.832	0.991	0.980	0.832	0.999
NDUFS1	SDHC	9606.ENSP00000392709	9606.ENSP00000356953	0	0	0	0	0.839	0	0	0.541	0.923
NDUFS1	NDUFS2	9606.ENSP00000392709	9606.ENSP00000356972	0.231	0	0	0	0.977	0.997	0.980	0.997	0.999
NDUFS1	NDUFAF4	9606.ENSP00000392709	9606.ENSP00000358272	0	0	0	0	0.056	0	0.838	0.707	0.951
NDUFS1	NDUFA1	9606.ENSP00000392709	9606.ENSP00000360492	0	0	0	0	0.049	0.939	0.967	0.818	0.999
NDUFS1	NDUFS5	9606.ENSP00000392709	9606.ENSP00000362058	0	0	0	0	0.430	0.998	0.900	0.903	0.999
NDUFS1	NDUFA8	9606.ENSP00000392709	9606.ENSP00000362873	0	0	0	0	0.739	0.996	0.967	0.665	0.999
NDUFS1	SDHB	9606.ENSP00000392709	9606.ENSP00000364649	0	0	0	0	0.879	0.410	0.795	0.798	0.996
NDUFS1	SDHD	9606.ENSP00000392709	9606.ENSP00000364699	0	0	0	0	0.855	0	0	0.408	0.911
NDUFS1	UQCRQ	9606.ENSP00000392709	9606.ENSP00000367939	0	0	0	0	0.420	0.875	0.172	0.431	0.961
NDUFS1	NDUFB6	9606.ENSP00000392709	9606.ENSP00000369176	0	0	0	0	0.414	0.921	0.967	0.667	0.999
NDUFS1	ATP5F1A	9606.ENSP00000392709	9606.ENSP00000381736	0.088	0.001	0	0	0.834	0.202	0	0.716	0.961
NDUFS1	NDUFA11	9606.ENSP00000392709	9606.ENSP00000389160	0	0	0	0	0.164	0.998	0.944	0.814	0.999
NDUFS1	COX7C	9606.ENSP00000392709	9606.ENSP00000425759	0	0	0	0	0.135	0.851	0	0.318	0.905
NDUFS1	UQCR11	9606.ENSP00000392709	9606.ENSP00000467262	0	0	0	0	0.116	0.830	0	0.600	0.934
NDUFS1	COX7B	9606.ENSP00000392709	9606.ENSP00000497474	0	0	0	0	0.088	0.842	0	0.592	0.936
NDUFS1	COX4I1	9606.ENSP00000392709	9606.ENSP00000457513	0	0	0	0	0.289	0.910	0	0.503	0.965
NDUFS1	COX6B1	9606.ENSP00000392709	9606.ENSP00000466818	0	0	0	0	0.130	0.896	0	0.706	0.971
NDUFS1	NDUFB2	9606.ENSP00000392709	9606.ENSP00000419087	0	0	0	0	0.056	0.812	0.967	0.376	0.995
NDUFS1	NDUFB1	9606.ENSP00000392709	9606.ENSP00000483888	0	0	0	0	0.222	0.894	0.900	0.642	0.996
NDUFS1	NDUFC1	9606.ENSP00000392709	9606.ENSP00000441126	0	0	0	0	0.098	0.825	0.967	0.753	0.998
NDUFS1	UQCRB	9606.ENSP00000392709	9606.ENSP00000430494	0	0	0	0	0.866	0.979	0.284	0.555	0.998
NDUFS1	NDUFV1	9606.ENSP00000392709	9606.ENSP00000497587	0.231	0	0.421	0	0.986	0.999	0.980	0.999	0.999
NDUFS1	NDUFA3	9606.ENSP00000392709	9606.ENSP00000418438	0	0	0	0	0.164	0.918	0.967	0.598	0.999
NDUFS1	NDUFB3	9606.ENSP00000392709	9606.ENSP00000407336	0	0	0	0	0.436	0.993	0.967	0.853	0.999
NDUFS1	NDUFAB1	9606.ENSP00000392709	9606.ENSP00000458770	0	0	0	0	0.235	0.991	0.967	0.764	0.999
NDUFS1	NDUFA13	9606.ENSP00000392709	9606.ENSP00000423673	0	0	0	0	0.534	0.998	0.967	0.816	0.999
NDUFS1	NDUFA6	9606.ENSP00000392709	9606.ENSP00000482543	0	0	0	0	0.481	0.999	0.967	0.919	0.999
NDUFS1	NDUFA5	9606.ENSP00000392709	9606.ENSP00000417142	0	0	0	0	0.481	0.991	0.967	0.945	0.999
NDUFS2	NDUFAF7	9606.ENSP00000356972	9606.ENSP00000002125	0.231	0	0	0	0.079	0.227	0.700	0.729	0.947
NDUFS2	NDUFB4	9606.ENSP00000356972	9606.ENSP00000184266	0	0	0	0	0.201	0.923	0.967	0.567	0.999
NDUFS2	UQCRC1	9606.ENSP00000356972	9606.ENSP00000203407	0	0	0	0	0.956	0.953	0.154	0.759	0.999
NDUFS2	ATP5F1D	9606.ENSP00000356972	9606.ENSP00000215375	0.231	0	0	0	0.701	0.144	0	0.560	0.902
NDUFS2	NDUFB7	9606.ENSP00000356972	9606.ENSP00000215565	0	0	0	0	0.478	0.991	0.967	0.691	0.999
NDUFS2	NDUFS7	9606.ENSP00000356972	9606.ENSP00000233627	0.111	0.887	0.514	0	0.862	0.999	0.967	0.998	0.999
NDUFS2	NDUFA2	9606.ENSP00000356972	9606.ENSP00000252102	0	0	0	0	0.852	0.998	0.967	0.798	0.999
NDUFS2	NDUFA10	9606.ENSP00000356972	9606.ENSP00000252711	0	0	0	0	0.940	0.982	0.967	0.905	0.999
NDUFS2	COX5B	9606.ENSP00000356972	9606.ENSP00000258424	0	0	0	0	0.834	0.857	0	0.440	0.985
NDUFS2	NDUFB5	9606.ENSP00000356972	9606.ENSP00000259037	0	0	0	0	0.339	0.939	0.967	0.791	0.999
NDUFS2	NDUFAF1	9606.ENSP00000356972	9606.ENSP00000260361	0	0	0	0	0.067	0	0.967	0.674	0.989
NDUFS2	ATP5F1B	9606.ENSP00000356972	9606.ENSP00000262030	0.086	0	0	0	0.920	0.208	0	0.556	0.970
NDUFS2	FOXRED1	9606.ENSP00000356972	9606.ENSP00000263578	0	0	0	0	0.082	0	0.720	0.738	0.926
NDUFS2	NDUFS3	9606.ENSP00000356972	9606.ENSP00000263774	0.231	0	0.460	0	0.974	0.999	0.980	0.999	0.999
NDUFS2	SDHA	9606.ENSP00000356972	9606.ENSP00000264932	0.061	0	0	0	0.970	0.263	0.809	0.667	0.998
NDUFS2	NDUFA9	9606.ENSP00000356972	9606.ENSP00000266544	0	0	0	0	0.868	0.999	0.944	0.913	0.999
NDUFS2	UQCRC2	9606.ENSP00000356972	9606.ENSP00000268379	0	0	0	0	0.802	0.911	0.172	0.670	0.994
NDUFS2	NDUFB10	9606.ENSP00000356972	9606.ENSP00000268668	0	0	0	0	0.387	0.991	0.967	0.810	0.999
NDUFS2	ECSIT	9606.ENSP00000356972	9606.ENSP00000270517	0	0	0	0	0.169	0.994	0.500	0.460	0.998
NDUFS2	NDUFS6	9606.ENSP00000356972	9606.ENSP00000274137	0	0	0	0	0.850	0.999	0.967	0.964	0.999
NDUFS2	NDUFB11	9606.ENSP00000356972	9606.ENSP00000276062	0	0	0	0	0.319	0.985	0.967	0.667	0.999
NDUFS2	NDUFB9	9606.ENSP00000356972	9606.ENSP00000276689	0	0	0	0	0.611	0.991	0.967	0.819	0.999
NDUFS2	NDUFC2	9606.ENSP00000356972	9606.ENSP00000281031	0	0	0	0	0.395	0.900	0.944	0.746	0.999
NDUFS2	NUBPL	9606.ENSP00000356972	9606.ENSP00000281081	0	0	0	0	0.042	0	0.500	0.812	0.902
NDUFS2	COX6A2	9606.ENSP00000356972	9606.ENSP00000287490	0	0	0	0	0.139	0.857	0	0.396	0.919
NDUFS2	NDUFAF2	9606.ENSP00000356972	9606.ENSP00000296597	0	0	0	0	0.067	0.507	0.838	0.852	0.987
NDUFS2	NDUFS4	9606.ENSP00000356972	9606.ENSP00000296684	0	0	0	0	0.922	0.998	0.967	0.956	0.999
NDUFS2	NDUFB8	9606.ENSP00000356972	9606.ENSP00000299166	0	0	0	0	0.929	0.988	0.967	0.777	0.999
NDUFS2	NDUFA7	9606.ENSP00000356972	9606.ENSP00000301457	0	0	0	0	0.383	0.966	0.967	0.528	0.999
NDUFS2	UQCRFS1	9606.ENSP00000356972	9606.ENSP00000306397	0	0	0	0	0.920	0.967	0.809	0.676	0.999
NDUFS2	UQCRH	9606.ENSP00000356972	9606.ENSP00000309565	0	0	0	0	0.705	0.950	0.237	0.406	0.992
NDUFS2	ACAD9	9606.ENSP00000356972	9606.ENSP00000312618	0	0	0	0	0.167	0.994	0.500	0.507	0.998
NDUFS2	NDUFS8	9606.ENSP00000356972	9606.ENSP00000315774	0.231	0	0.387	0	0.977	0.997	0.980	0.998	0.999
NDUFS2	CYC1	9606.ENSP00000356972	9606.ENSP00000317159	0	0	0	0	0.964	0.981	0.809	0.460	0.999
NDUFS2	COX5A	9606.ENSP00000356972	9606.ENSP00000317780	0	0	0	0	0.704	0.875	0	0.542	0.981
NDUFS2	NDUFAF3	9606.ENSP00000356972	9606.ENSP00000323076	0	0	0	0	0.151	0.994	0.838	0.826	0.999
NDUFS2	NDUFV2	9606.ENSP00000356972	9606.ENSP00000327268	0.231	0.757	0	0	0.972	0.998	0.980	0.993	0.999
NDUFS2	NDUFA12	9606.ENSP00000356972	9606.ENSP00000330737	0	0	0	0	0.910	0.998	0.967	0.833	0.999
NDUFS2	UQCR10	9606.ENSP00000356972	9606.ENSP00000332887	0	0	0	0	0.698	0.967	0.172	0.462	0.994
NDUFS2	NDUFA4	9606.ENSP00000356972	9606.ENSP00000339720	0	0	0	0	0.258	0.250	0.944	0.674	0.988
NDUFS2	NDUFV3	9606.ENSP00000356972	9606.ENSP00000346196	0	0	0	0	0.148	0.940	0.967	0.537	0.999
NDUFS2	ATP5F1C	9606.ENSP00000356972	9606.ENSP00000349142	0.168	0	0	0	0.841	0.203	0	0.589	0.950
NDUFS2	MT-CO1	9606.ENSP00000356972	9606.ENSP00000354499	0	0	0	0	0.386	0.830	0.809	0.560	0.990
NDUFS2	MT-CYB	9606.ENSP00000356972	9606.ENSP00000354554	0	0	0	0	0.141	0.904	0.585	0.699	0.988
NDUFS2	MT-ND6	9606.ENSP00000356972	9606.ENSP00000354665	0	0	0	0	0	0.894	0.851	0.752	0.995
NDUFS2	MT-ND1	9606.ENSP00000356972	9606.ENSP00000354687	0.231	0	0.458	0	0.964	0.994	0.980	0.869	0.999
NDUFS2	MT-ND4L	9606.ENSP00000356972	9606.ENSP00000354728	0	0	0	0	0.106	0.994	0.851	0.644	0.999
NDUFS2	MT-ND5	9606.ENSP00000356972	9606.ENSP00000354813	0.120	0	0.234	0	0.837	0.994	0.978	0.790	0.999
NDUFS2	MT-CO2	9606.ENSP00000356972	9606.ENSP00000354876	0	0	0	0	0.391	0.746	0.809	0.561	0.985
NDUFS2	MT-ND4	9606.ENSP00000356972	9606.ENSP00000354961	0.231	0	0.209	0	0.965	0.994	0.980	0.787	0.999
NDUFS2	MT-CO3	9606.ENSP00000356972	9606.ENSP00000354982	0	0	0	0	0.210	0.830	0.809	0.518	0.986
NDUFS2	MT-ND2	9606.ENSP00000356972	9606.ENSP00000355046	0.120	0	0	0	0.835	0.994	0.978	0.748	0.999
NDUFS2	MT-ND3	9606.ENSP00000356972	9606.ENSP00000355206	0.231	0	0.290	0	0.963	0.994	0.980	0.774	0.999
NDUFS2	SDHC	9606.ENSP00000356972	9606.ENSP00000356953	0	0	0	0	0.928	0.486	0	0.541	0.981
NDUFS2	COX7B	9606.ENSP00000356972	9606.ENSP00000497474	0	0	0	0	0.118	0.842	0	0.384	0.907
NDUFS2	SDHD	9606.ENSP00000356972	9606.ENSP00000364699	0	0	0	0	0.844	0	0	0.489	0.917
NDUFS2	COX4I2	9606.ENSP00000356972	9606.ENSP00000365243	0	0	0	0	0.827	0.304	0	0.400	0.921
NDUFS2	NDUFAF5	9606.ENSP00000356972	9606.ENSP00000367346	0	0	0	0	0.057	0	0.500	0.852	0.924
NDUFS2	UQCR11	9606.ENSP00000356972	9606.ENSP00000467262	0	0	0	0	0.403	0.830	0	0.386	0.932
NDUFS2	COX7C	9606.ENSP00000356972	9606.ENSP00000425759	0	0	0	0	0.406	0.851	0	0.414	0.943
NDUFS2	COX6B1	9606.ENSP00000356972	9606.ENSP00000466818	0	0	0	0	0.361	0.856	0	0.509	0.951
NDUFS2	ATP5F1A	9606.ENSP00000356972	9606.ENSP00000381736	0.159	0.255	0	0	0.921	0.109	0	0.625	0.980
NDUFS2	NDUFAF4	9606.ENSP00000356972	9606.ENSP00000358272	0	0	0	0	0.058	0.602	0.838	0.879	0.991
NDUFS2	UQCRQ	9606.ENSP00000356972	9606.ENSP00000367939	0	0	0	0	0.859	0.875	0.172	0.570	0.992
NDUFS2	COX4I1	9606.ENSP00000356972	9606.ENSP00000457513	0	0	0	0	0.907	0.898	0	0.443	0.994
NDUFS2	NDUFB2	9606.ENSP00000356972	9606.ENSP00000419087	0	0	0	0	0.049	0.812	0.967	0.514	0.996
NDUFS2	NDUFB1	9606.ENSP00000356972	9606.ENSP00000483888	0	0	0	0	0.109	0.894	0.900	0.672	0.996
NDUFS2	NDUFC1	9606.ENSP00000356972	9606.ENSP00000441126	0	0	0	0	0.141	0.825	0.967	0.485	0.997
NDUFS2	SDHB	9606.ENSP00000356972	9606.ENSP00000364649	0.087	0	0	0	0.966	0.141	0.809	0.616	0.997
NDUFS2	UQCRB	9606.ENSP00000356972	9606.ENSP00000430494	0	0	0	0	0.841	0.956	0.172	0.551	0.997
NDUFS2	TIMMDC1	9606.ENSP00000356972	9606.ENSP00000418803	0	0	0	0	0.068	0.994	0.500	0.464	0.998
NDUFS2	NDUFA13	9606.ENSP00000356972	9606.ENSP00000423673	0	0	0	0	0.927	0.999	0.967	0.771	0.999
NDUFS2	NDUFB3	9606.ENSP00000356972	9606.ENSP00000407336	0	0	0	0	0.381	0.993	0.967	0.764	0.999
NDUFS2	NDUFAB1	9606.ENSP00000356972	9606.ENSP00000458770	0	0	0	0	0.193	0.991	0.967	0.671	0.999
NDUFS2	NDUFS1	9606.ENSP00000356972	9606.ENSP00000392709	0.231	0	0	0	0.977	0.997	0.980	0.997	0.999
NDUFS2	NDUFA6	9606.ENSP00000356972	9606.ENSP00000482543	0	0	0	0	0.894	0.999	0.967	0.789	0.999
NDUFS2	NDUFA5	9606.ENSP00000356972	9606.ENSP00000417142	0	0	0	0	0.882	0.994	0.967	0.970	0.999
NDUFS2	NDUFV1	9606.ENSP00000356972	9606.ENSP00000497587	0.231	0.041	0	0	0.980	0.998	0.980	0.995	0.999
NDUFS2	NDUFA3	9606.ENSP00000356972	9606.ENSP00000418438	0	0	0	0	0.201	0.966	0.967	0.649	0.999
NDUFS2	NDUFA1	9606.ENSP00000356972	9606.ENSP00000360492	0	0	0	0	0.110	0.928	0.967	0.839	0.999
NDUFS2	NDUFA11	9606.ENSP00000356972	9606.ENSP00000389160	0	0	0	0	0.262	0.998	0.944	0.869	0.999
NDUFS2	NDUFB6	9606.ENSP00000356972	9606.ENSP00000369176	0	0	0	0	0.447	0.923	0.967	0.686	0.999
NDUFS2	NDUFA8	9606.ENSP00000356972	9606.ENSP00000362873	0	0	0	0	0.915	0.995	0.967	0.807	0.999
NDUFS2	NDUFS5	9606.ENSP00000356972	9606.ENSP00000362058	0	0	0	0	0.302	0.998	0.900	0.857	0.999
NDUFS3	NDUFB4	9606.ENSP00000263774	9606.ENSP00000184266	0	0	0	0	0.793	0.998	0.967	0.721	0.999
NDUFS3	UQCRC1	9606.ENSP00000263774	9606.ENSP00000203407	0	0	0	0	0.759	0.946	0.154	0.647	0.995
NDUFS3	ATP5F1D	9606.ENSP00000263774	9606.ENSP00000215375	0.231	0	0	0	0.861	0.097	0	0.606	0.957
NDUFS3	NDUFB7	9606.ENSP00000263774	9606.ENSP00000215565	0	0	0	0	0.808	0.998	0.967	0.616	0.999
NDUFS3	NDUFS7	9606.ENSP00000263774	9606.ENSP00000233627	0.111	0	0.361	0	0.927	0.999	0.967	0.997	0.999
NDUFS3	NDUFA2	9606.ENSP00000263774	9606.ENSP00000252102	0	0	0	0	0.426	0.998	0.967	0.870	0.999
NDUFS3	NDUFA10	9606.ENSP00000263774	9606.ENSP00000252711	0	0	0	0	0.854	0.918	0.967	0.820	0.999
NDUFS3	COX5B	9606.ENSP00000263774	9606.ENSP00000258424	0	0	0	0	0.775	0.844	0	0.626	0.985
NDUFS3	NDUFB5	9606.ENSP00000263774	9606.ENSP00000259037	0	0	0	0	0.893	0.977	0.967	0.551	0.999
NDUFS3	NDUFAF1	9606.ENSP00000263774	9606.ENSP00000260361	0	0	0	0	0.146	0.994	0.967	0.573	0.999
NDUFS3	FOXRED1	9606.ENSP00000263774	9606.ENSP00000263578	0	0	0	0	0.127	0.292	0.720	0.729	0.946
NDUFS3	NDUFAF6	9606.ENSP00000263774	9606.ENSP00000379430	0	0	0	0	0.088	0.095	0.500	0.789	0.901
NDUFS3	ATP5PF	9606.ENSP00000263774	9606.ENSP00000389649	0	0	0	0	0.734	0.239	0	0.563	0.904
NDUFS3	COX7B	9606.ENSP00000263774	9606.ENSP00000497474	0	0	0	0	0.169	0.842	0	0.361	0.909
NDUFS3	SDHC	9606.ENSP00000263774	9606.ENSP00000356953	0	0	0	0	0.854	0	0	0.475	0.920
NDUFS3	UQCR11	9606.ENSP00000263774	9606.ENSP00000467262	0	0	0	0	0.415	0.830	0	0.317	0.926
NDUFS3	COX6A2	9606.ENSP00000263774	9606.ENSP00000287490	0	0	0	0	0.402	0.845	0	0.282	0.927
NDUFS3	SDHD	9606.ENSP00000263774	9606.ENSP00000364699	0	0	0	0	0.861	0	0	0.522	0.931
NDUFS3	ATP5F1A	9606.ENSP00000263774	9606.ENSP00000381736	0.195	0	0	0	0.767	0.091	0	0.649	0.932
NDUFS3	COX7C	9606.ENSP00000263774	9606.ENSP00000425759	0	0	0	0	0.483	0.851	0	0.381	0.948
NDUFS3	COX6B1	9606.ENSP00000263774	9606.ENSP00000466818	0	0	0	0	0.372	0.872	0	0.446	0.952
NDUFS3	ATP5PD	9606.ENSP00000263774	9606.ENSP00000301587	0	0	0	0	0.849	0.233	0	0.641	0.954
NDUFS3	ATP5PO	9606.ENSP00000263774	9606.ENSP00000290299	0.118	0	0	0	0.873	0.199	0	0.590	0.958
NDUFS3	NDUFAF5	9606.ENSP00000263774	9606.ENSP00000367346	0	0	0	0	0.160	0.238	0.500	0.891	0.960
NDUFS3	ATP5F1C	9606.ENSP00000263774	9606.ENSP00000349142	0.200	0	0	0	0.925	0.305	0	0.606	0.981
NDUFS3	NDUFAF2	9606.ENSP00000263774	9606.ENSP00000296597	0	0	0	0	0.085	0.507	0.838	0.786	0.982
NDUFS3	UQCRQ	9606.ENSP00000263774	9606.ENSP00000367939	0	0	0	0	0.753	0.885	0.172	0.433	0.985
NDUFS3	MT-CO2	9606.ENSP00000263774	9606.ENSP00000354876	0	0	0	0	0.531	0.674	0.809	0.616	0.987
NDUFS3	MT-CYB	9606.ENSP00000263774	9606.ENSP00000354554	0	0	0	0	0.141	0.906	0.585	0.664	0.987
NDUFS3	UQCRH	9606.ENSP00000263774	9606.ENSP00000309565	0	0	0	0	0.450	0.956	0.237	0.418	0.988
NDUFS3	NDUFA4	9606.ENSP00000263774	9606.ENSP00000339720	0	0	0	0	0.506	0.337	0.944	0.507	0.989
NDUFS3	MT-CO3	9606.ENSP00000263774	9606.ENSP00000354982	0	0	0	0	0.166	0.830	0.809	0.680	0.990
NDUFS3	SDHA	9606.ENSP00000263774	9606.ENSP00000264932	0.093	0	0	0	0.732	0.253	0.809	0.819	0.992
NDUFS3	COX4I1	9606.ENSP00000263774	9606.ENSP00000457513	0	0	0	0	0.741	0.933	0	0.651	0.993
NDUFS3	MT-CO1	9606.ENSP00000263774	9606.ENSP00000354499	0	0	0	0	0.458	0.830	0.809	0.670	0.993
NDUFS3	UQCR10	9606.ENSP00000263774	9606.ENSP00000332887	0	0	0	0	0.583	0.974	0.172	0.428	0.994
NDUFS3	UQCRC2	9606.ENSP00000263774	9606.ENSP00000268379	0	0	0	0	0.705	0.939	0.172	0.735	0.995
NDUFS3	NDUFAF4	9606.ENSP00000263774	9606.ENSP00000358272	0	0	0	0	0.107	0.803	0.838	0.854	0.995
NDUFS3	COX5A	9606.ENSP00000263774	9606.ENSP00000317780	0	0	0	0	0.926	0.886	0	0.606	0.996
NDUFS3	SDHB	9606.ENSP00000263774	9606.ENSP00000364649	0.107	0	0	0	0.929	0.096	0.809	0.717	0.996
NDUFS3	NDUFB2	9606.ENSP00000263774	9606.ENSP00000419087	0	0	0	0	0.208	0.812	0.967	0.376	0.996
NDUFS3	NDUFC1	9606.ENSP00000263774	9606.ENSP00000441126	0	0	0	0	0.281	0.825	0.967	0.391	0.997
NDUFS3	UQCRB	9606.ENSP00000263774	9606.ENSP00000430494	0	0	0	0	0.861	0.966	0.172	0.453	0.997
NDUFS3	NDUFB1	9606.ENSP00000263774	9606.ENSP00000483888	0	0	0	0	0.249	0.966	0.900	0.567	0.998
NDUFS3	ECSIT	9606.ENSP00000263774	9606.ENSP00000270517	0	0	0	0	0.224	0.994	0.500	0.366	0.998
NDUFS3	ACAD9	9606.ENSP00000263774	9606.ENSP00000312618	0	0	0	0	0.155	0.994	0.500	0.477	0.998
NDUFS3	UQCRFS1	9606.ENSP00000263774	9606.ENSP00000306397	0	0	0	0	0.877	0.973	0.809	0.710	0.999
NDUFS3	MT-ND2	9606.ENSP00000263774	9606.ENSP00000355046	0.120	0	0	0	0.840	0.992	0.978	0.769	0.999
NDUFS3	MT-ND1	9606.ENSP00000263774	9606.ENSP00000354687	0.231	0	0.275	0	0.967	0.998	0.980	0.726	0.999
NDUFS3	NDUFV1	9606.ENSP00000263774	9606.ENSP00000497587	0.231	0	0	0	0.974	0.998	0.980	0.997	0.999
NDUFS3	MT-ND4L	9606.ENSP00000263774	9606.ENSP00000354728	0	0	0	0	0.109	0.990	0.851	0.608	0.999
NDUFS3	NDUFA3	9606.ENSP00000263774	9606.ENSP00000418438	0	0	0	0	0.268	0.974	0.967	0.676	0.999
NDUFS3	NDUFB9	9606.ENSP00000263774	9606.ENSP00000276689	0	0	0	0	0.947	0.996	0.967	0.884	0.999
NDUFS3	NDUFA1	9606.ENSP00000263774	9606.ENSP00000360492	0	0	0	0	0.240	0.939	0.967	0.774	0.999
NDUFS3	NDUFA11	9606.ENSP00000263774	9606.ENSP00000389160	0	0	0	0	0.513	0.998	0.944	0.727	0.999
NDUFS3	CYC1	9606.ENSP00000263774	9606.ENSP00000317159	0	0	0	0	0.899	0.986	0.809	0.483	0.999
NDUFS3	NDUFS4	9606.ENSP00000263774	9606.ENSP00000296684	0	0	0	0	0.875	0.999	0.967	0.914	0.999
NDUFS3	NDUFAF3	9606.ENSP00000263774	9606.ENSP00000323076	0	0	0	0	0.128	0.994	0.838	0.817	0.999
NDUFS3	NDUFA7	9606.ENSP00000263774	9606.ENSP00000301457	0	0	0	0	0.492	0.999	0.967	0.474	0.999
NDUFS3	NDUFB6	9606.ENSP00000263774	9606.ENSP00000369176	0	0	0	0	0.892	0.976	0.967	0.898	0.999
NDUFS3	NDUFS8	9606.ENSP00000263774	9606.ENSP00000315774	0.231	0	0.346	0	0.979	0.999	0.980	0.998	0.999
NDUFS3	NDUFA8	9606.ENSP00000263774	9606.ENSP00000362873	0	0	0	0	0.950	0.995	0.967	0.784	0.999
NDUFS3	NDUFS5	9606.ENSP00000263774	9606.ENSP00000362058	0	0	0	0	0.630	0.998	0.900	0.837	0.999
NDUFS3	NDUFS2	9606.ENSP00000263774	9606.ENSP00000356972	0.231	0	0.460	0	0.974	0.999	0.980	0.999	0.999
NDUFS3	NDUFB10	9606.ENSP00000263774	9606.ENSP00000268668	0	0	0	0	0.932	0.998	0.967	0.729	0.999
NDUFS3	NDUFV3	9606.ENSP00000263774	9606.ENSP00000346196	0	0	0	0	0.161	0.998	0.967	0.449	0.999
NDUFS3	MT-ND4	9606.ENSP00000263774	9606.ENSP00000354961	0.231	0	0	0	0.967	0.997	0.980	0.746	0.999
NDUFS3	MT-ND3	9606.ENSP00000263774	9606.ENSP00000355206	0.231	0	0	0	0.963	0.991	0.980	0.792	0.999
NDUFS3	NDUFA13	9606.ENSP00000263774	9606.ENSP00000423673	0	0	0	0	0.914	0.998	0.967	0.891	0.999
NDUFS3	NDUFC2	9606.ENSP00000263774	9606.ENSP00000281031	0	0	0	0	0.676	0.907	0.944	0.489	0.999
NDUFS3	MT-ND6	9606.ENSP00000263774	9606.ENSP00000354665	0	0	0	0	0	0.998	0.851	0.737	0.999
NDUFS3	NDUFB3	9606.ENSP00000263774	9606.ENSP00000407336	0	0	0	0	0.578	0.997	0.967	0.703	0.999
NDUFS3	NDUFAB1	9606.ENSP00000263774	9606.ENSP00000458770	0	0	0	0	0.719	0.991	0.967	0.600	0.999
NDUFS3	NDUFS1	9606.ENSP00000263774	9606.ENSP00000392709	0.231	0	0.213	0	0.971	0.999	0.980	0.996	0.999
NDUFS3	NDUFV2	9606.ENSP00000263774	9606.ENSP00000327268	0.231	0	0	0	0.980	0.998	0.980	0.993	0.999
NDUFS3	MT-ND5	9606.ENSP00000263774	9606.ENSP00000354813	0.120	0	0	0	0.847	0.999	0.978	0.792	0.999
NDUFS3	NDUFA9	9606.ENSP00000263774	9606.ENSP00000266544	0	0	0	0	0.878	0.999	0.944	0.991	0.999
NDUFS3	NDUFA5	9606.ENSP00000263774	9606.ENSP00000417142	0	0	0	0	0.929	0.999	0.967	0.967	0.999
NDUFS3	NDUFB8	9606.ENSP00000263774	9606.ENSP00000299166	0	0	0	0	0.914	0.998	0.967	0.843	0.999
NDUFS3	NDUFB11	9606.ENSP00000263774	9606.ENSP00000276062	0	0	0	0	0.872	0.998	0.967	0.652	0.999
NDUFS3	NDUFA6	9606.ENSP00000263774	9606.ENSP00000482543	0	0	0	0	0.865	0.999	0.967	0.885	0.999
NDUFS3	NDUFS6	9606.ENSP00000263774	9606.ENSP00000274137	0	0	0	0	0.816	0.998	0.967	0.955	0.999
NDUFS3	NDUFA12	9606.ENSP00000263774	9606.ENSP00000330737	0	0	0	0	0.931	0.998	0.967	0.679	0.999
NDUFS4	NDUFB4	9606.ENSP00000296684	9606.ENSP00000184266	0	0	0	0	0.780	0.998	0.967	0.632	0.999
NDUFS4	UQCRC1	9606.ENSP00000296684	9606.ENSP00000203407	0	0	0	0	0.611	0.964	0.154	0.483	0.993
NDUFS4	NDUFB7	9606.ENSP00000296684	9606.ENSP00000215565	0	0	0	0	0.790	0.994	0.967	0.623	0.999
NDUFS4	NDUFS7	9606.ENSP00000296684	9606.ENSP00000233627	0	0	0	0	0.751	0.995	0.967	0.932	0.999
NDUFS4	NDUFA2	9606.ENSP00000296684	9606.ENSP00000252102	0	0	0	0	0.926	0.998	0.967	0.901	0.999
NDUFS4	NDUFA10	9606.ENSP00000296684	9606.ENSP00000252711	0	0	0	0	0.297	0.957	0.967	0.745	0.999
NDUFS4	COX5B	9606.ENSP00000296684	9606.ENSP00000258424	0	0	0	0	0.712	0.863	0	0.433	0.975
NDUFS4	NDUFB5	9606.ENSP00000296684	9606.ENSP00000259037	0	0	0	0	0.887	0.913	0.967	0.523	0.999
NDUFS4	NDUFAF1	9606.ENSP00000296684	9606.ENSP00000260361	0	0	0	0	0.129	0	0.967	0.540	0.985
NDUFS4	FOXRED1	9606.ENSP00000296684	9606.ENSP00000263578	0	0	0	0	0.047	0	0.720	0.784	0.937
NDUFS4	NDUFS3	9606.ENSP00000296684	9606.ENSP00000263774	0	0	0	0	0.875	0.999	0.967	0.914	0.999
NDUFS4	NDUFA9	9606.ENSP00000296684	9606.ENSP00000266544	0	0	0	0	0.909	0.999	0.944	0.783	0.999
NDUFS4	UQCRC2	9606.ENSP00000296684	9606.ENSP00000268379	0	0	0	0	0.920	0.935	0.172	0.546	0.997
NDUFS4	NDUFB10	9606.ENSP00000296684	9606.ENSP00000268668	0	0	0	0	0.538	0.998	0.967	0.674	0.999
NDUFS4	NDUFS6	9606.ENSP00000296684	9606.ENSP00000274137	0	0	0	0	0.894	0.996	0.967	0.987	0.999
NDUFS4	NDUFB11	9606.ENSP00000296684	9606.ENSP00000276062	0	0	0	0	0.746	0.957	0.967	0.696	0.999
NDUFS4	NDUFB9	9606.ENSP00000296684	9606.ENSP00000276689	0	0	0	0	0.919	0.991	0.967	0.722	0.999
NDUFS4	NDUFC2	9606.ENSP00000296684	9606.ENSP00000281031	0	0	0	0	0.896	0.931	0.944	0.689	0.999
NDUFS4	COX6A2	9606.ENSP00000296684	9606.ENSP00000287490	0	0	0	0	0.237	0.845	0	0.563	0.944
NDUFS4	ATP5PO	9606.ENSP00000296684	9606.ENSP00000290299	0	0	0	0	0.893	0.428	0	0.317	0.954
NDUFS4	NDUFAF2	9606.ENSP00000296684	9606.ENSP00000296597	0	0	0	0	0.295	0.507	0.935	0.863	0.996
NDUFS4	NDUFAF5	9606.ENSP00000296684	9606.ENSP00000367346	0	0	0	0	0.156	0	0.500	0.814	0.914
NDUFS4	ATP5F1C	9606.ENSP00000296684	9606.ENSP00000349142	0	0	0	0	0.865	0.201	0	0.349	0.923
NDUFS4	COX6C	9606.ENSP00000296684	9606.ENSP00000429707	0	0	0	0	0.758	0.544	0	0.366	0.924
NDUFS4	ATP5IF1	9606.ENSP00000296684	9606.ENSP00000335203	0	0	0	0	0.901	0	0	0.277	0.925
NDUFS4	MT-CO3	9606.ENSP00000296684	9606.ENSP00000354982	0	0	0	0	0.115	0.830	0	0.576	0.930
NDUFS4	MT-CO1	9606.ENSP00000296684	9606.ENSP00000354499	0	0	0	0	0.138	0.830	0	0.570	0.931
NDUFS4	COX7B	9606.ENSP00000296684	9606.ENSP00000497474	0	0	0	0	0.358	0.842	0	0.513	0.946
NDUFS4	NDUFAF3	9606.ENSP00000296684	9606.ENSP00000323076	0	0	0	0	0.075	0.221	0.838	0.602	0.947
NDUFS4	UQCR11	9606.ENSP00000296684	9606.ENSP00000467262	0	0	0	0	0.549	0.830	0	0.452	0.954
NDUFS4	MT-CYB	9606.ENSP00000296684	9606.ENSP00000354554	0	0	0	0	0	0.904	0	0.566	0.956
NDUFS4	ATP5PD	9606.ENSP00000296684	9606.ENSP00000301587	0	0	0	0	0.935	0.096	0	0.330	0.957
NDUFS4	NDUFAF4	9606.ENSP00000296684	9606.ENSP00000358272	0	0	0	0	0.134	0	0.838	0.724	0.958
NDUFS4	COX6B1	9606.ENSP00000296684	9606.ENSP00000466818	0	0	0	0	0.455	0.885	0	0.381	0.958
NDUFS4	COX4I1	9606.ENSP00000296684	9606.ENSP00000457513	0	0	0	0	0.403	0.886	0	0.479	0.961
NDUFS4	COX5A	9606.ENSP00000296684	9606.ENSP00000317780	0	0	0	0	0.864	0.858	0	0.435	0.988
NDUFS4	UQCRQ	9606.ENSP00000296684	9606.ENSP00000367939	0	0	0	0	0.762	0.890	0.172	0.572	0.989
NDUFS4	NDUFA4	9606.ENSP00000296684	9606.ENSP00000339720	0	0	0	0	0.406	0.248	0.944	0.645	0.990
NDUFS4	COX7C	9606.ENSP00000296684	9606.ENSP00000425759	0	0	0	0	0.940	0.848	0	0.332	0.993
NDUFS4	MT-ND6	9606.ENSP00000296684	9606.ENSP00000354665	0	0	0	0	0	0.894	0.851	0.733	0.995
NDUFS4	NDUFB2	9606.ENSP00000296684	9606.ENSP00000419087	0	0	0	0	0.206	0.812	0.967	0.435	0.996
NDUFS4	NDUFB1	9606.ENSP00000296684	9606.ENSP00000483888	0	0	0	0	0.430	0.894	0.900	0.461	0.996
NDUFS4	UQCRH	9606.ENSP00000296684	9606.ENSP00000309565	0	0	0	0	0.656	0.973	0.406	0.505	0.996
NDUFS4	COX7A2L	9606.ENSP00000296684	9606.ENSP00000367938	0	0	0	0	0.157	0.994	0	0.328	0.996
NDUFS4	NDUFC1	9606.ENSP00000296684	9606.ENSP00000441126	0	0	0	0	0.368	0.825	0.967	0.481	0.997
NDUFS4	UQCR10	9606.ENSP00000296684	9606.ENSP00000332887	0	0	0	0	0.863	0.967	0.172	0.408	0.997
NDUFS4	MT-ND4L	9606.ENSP00000296684	9606.ENSP00000354728	0	0	0	0	0	0.987	0.851	0.350	0.998
NDUFS4	NDUFA13	9606.ENSP00000296684	9606.ENSP00000423673	0	0	0	0	0.709	0.998	0.967	0.746	0.999
NDUFS4	MT-ND4	9606.ENSP00000296684	9606.ENSP00000354961	0	0	0	0	0.255	0.998	0.967	0.648	0.999
NDUFS4	MT-ND3	9606.ENSP00000296684	9606.ENSP00000355206	0	0	0	0	0	0.991	0.967	0.713	0.999
NDUFS4	NDUFV2	9606.ENSP00000296684	9606.ENSP00000327268	0	0	0	0	0.977	0.999	0.967	0.974	0.999
NDUFS4	NDUFS1	9606.ENSP00000296684	9606.ENSP00000392709	0	0	0	0	0.885	0.999	0.967	0.984	0.999
NDUFS4	NDUFAB1	9606.ENSP00000296684	9606.ENSP00000458770	0	0	0	0	0.737	0.991	0.967	0.555	0.999
NDUFS4	NDUFB3	9606.ENSP00000296684	9606.ENSP00000407336	0	0	0	0	0.947	0.994	0.967	0.722	0.999
NDUFS4	NDUFB8	9606.ENSP00000296684	9606.ENSP00000299166	0	0	0	0	0.955	0.998	0.967	0.729	0.999
NDUFS4	NDUFA6	9606.ENSP00000296684	9606.ENSP00000482543	0	0	0	0	0.942	0.999	0.967	0.813	0.999
NDUFS4	NDUFA5	9606.ENSP00000296684	9606.ENSP00000417142	0	0	0	0	0.975	0.994	0.967	0.776	0.999
NDUFS4	MT-ND5	9606.ENSP00000296684	9606.ENSP00000354813	0	0	0	0	0.219	0.999	0.967	0.735	0.999
NDUFS4	NDUFA12	9606.ENSP00000296684	9606.ENSP00000330737	0	0	0	0	0.990	0.999	0.967	0.863	0.999
NDUFS4	UQCRB	9606.ENSP00000296684	9606.ENSP00000430494	0	0	0	0	0.974	0.986	0.284	0.586	0.999
NDUFS4	NDUFA3	9606.ENSP00000296684	9606.ENSP00000418438	0	0	0	0	0.494	0.915	0.967	0.554	0.999
NDUFS4	MT-ND1	9606.ENSP00000296684	9606.ENSP00000354687	0	0	0	0	0.257	0.998	0.967	0.632	0.999
NDUFS4	NDUFV1	9606.ENSP00000296684	9606.ENSP00000497587	0	0	0	0	0.748	0.999	0.967	0.977	0.999
NDUFS4	MT-ND2	9606.ENSP00000296684	9606.ENSP00000355046	0	0	0	0	0.163	0.988	0.967	0.709	0.999
NDUFS4	UQCRFS1	9606.ENSP00000296684	9606.ENSP00000306397	0	0	0	0	0.892	0.988	0.560	0.569	0.999
NDUFS4	NDUFA7	9606.ENSP00000296684	9606.ENSP00000301457	0	0	0	0	0.595	0.998	0.967	0.792	0.999
NDUFS4	CYC1	9606.ENSP00000296684	9606.ENSP00000317159	0	0	0	0	0.844	0.993	0.284	0.153	0.999
NDUFS4	NDUFA1	9606.ENSP00000296684	9606.ENSP00000360492	0	0	0	0	0.397	0.921	0.967	0.874	0.999
NDUFS4	NDUFA11	9606.ENSP00000296684	9606.ENSP00000389160	0	0	0	0	0.555	0.998	0.944	0.735	0.999
NDUFS4	NDUFS8	9606.ENSP00000296684	9606.ENSP00000315774	0	0	0	0	0.929	0.999	0.967	0.924	0.999
NDUFS4	NDUFB6	9606.ENSP00000296684	9606.ENSP00000369176	0	0	0	0	0.935	0.916	0.967	0.723	0.999
NDUFS4	NDUFV3	9606.ENSP00000296684	9606.ENSP00000346196	0	0	0	0	0.169	0.999	0.967	0.864	0.999
NDUFS4	NDUFS5	9606.ENSP00000296684	9606.ENSP00000362058	0	0	0	0	0.807	0.998	0.900	0.844	0.999
NDUFS4	NDUFS2	9606.ENSP00000296684	9606.ENSP00000356972	0	0	0	0	0.922	0.998	0.967	0.956	0.999
NDUFS4	NDUFA8	9606.ENSP00000296684	9606.ENSP00000362873	0	0	0	0	0.960	0.995	0.967	0.722	0.999
NDUFS5	NDUFB4	9606.ENSP00000362058	9606.ENSP00000184266	0	0	0	0	0.911	0.998	0.900	0.696	0.999
NDUFS5	UQCRC1	9606.ENSP00000362058	9606.ENSP00000203407	0	0	0	0	0.191	0.998	0	0.407	0.999
NDUFS5	NDUFB7	9606.ENSP00000362058	9606.ENSP00000215565	0	0	0	0	0.913	0.998	0.900	0.786	0.999
NDUFS5	NDUFS7	9606.ENSP00000362058	9606.ENSP00000233627	0	0	0	0	0.737	0.998	0.900	0.611	0.999
NDUFS5	NDUFA2	9606.ENSP00000362058	9606.ENSP00000252102	0	0	0	0	0.845	0.998	0.900	0.570	0.999
NDUFS5	NDUFA10	9606.ENSP00000362058	9606.ENSP00000252711	0	0	0	0	0.353	0.957	0.900	0.718	0.999
NDUFS5	COX5B	9606.ENSP00000362058	9606.ENSP00000258424	0	0	0	0	0.585	0.844	0	0.462	0.962
NDUFS5	NDUFB5	9606.ENSP00000362058	9606.ENSP00000259037	0	0	0	0	0.667	0.999	0.900	0.603	0.999
NDUFS5	NDUFAF1	9606.ENSP00000362058	9606.ENSP00000260361	0	0	0	0	0.058	0.994	0.900	0.485	0.999
NDUFS5	FOXRED1	9606.ENSP00000362058	9606.ENSP00000263578	0	0	0	0	0.047	0.748	0.720	0.350	0.950
NDUFS5	NDUFS3	9606.ENSP00000362058	9606.ENSP00000263774	0	0	0	0	0.630	0.998	0.900	0.837	0.999
NDUFS5	NDUFA9	9606.ENSP00000362058	9606.ENSP00000266544	0	0	0	0	0.493	0.998	0.900	0.668	0.999
NDUFS5	UQCRC2	9606.ENSP00000362058	9606.ENSP00000268379	0	0	0	0	0.165	0.910	0	0.457	0.955
NDUFS5	NDUFB10	9606.ENSP00000362058	9606.ENSP00000268668	0	0	0	0	0.937	0.998	0.900	0.762	0.999
NDUFS5	ECSIT	9606.ENSP00000362058	9606.ENSP00000270517	0	0	0	0	0.080	0.994	0	0.160	0.994
NDUFS5	NDUFS6	9606.ENSP00000362058	9606.ENSP00000274137	0	0	0	0	0.903	0.998	0.900	0.893	0.999
NDUFS5	NDUFB11	9606.ENSP00000362058	9606.ENSP00000276062	0	0	0	0	0.882	0.998	0.900	0.457	0.999
NDUFS5	NDUFB9	9606.ENSP00000362058	9606.ENSP00000276689	0	0	0	0	0.921	0.998	0.900	0.521	0.999
NDUFS5	NDUFC2	9606.ENSP00000362058	9606.ENSP00000281031	0	0	0	0	0.845	0.967	0.900	0.716	0.999
NDUFS5	COX6A2	9606.ENSP00000362058	9606.ENSP00000287490	0	0	0	0	0.244	0.854	0	0.534	0.944
NDUFS5	NDUFS4	9606.ENSP00000362058	9606.ENSP00000296684	0	0	0	0	0.807	0.998	0.900	0.844	0.999
NDUFS5	NDUFB8	9606.ENSP00000362058	9606.ENSP00000299166	0	0	0	0	0.844	0.998	0.900	0.635	0.999
NDUFS5	NDUFA7	9606.ENSP00000362058	9606.ENSP00000301457	0	0	0	0	0.807	0.998	0.900	0.619	0.999
NDUFS5	ATP5ME	9606.ENSP00000362058	9606.ENSP00000306003	0	0	0	0	0.938	0.097	0	0.472	0.968
NDUFS5	UQCRFS1	9606.ENSP00000362058	9606.ENSP00000306397	0	0	0	0	0.471	0.998	0	0.430	0.999
NDUFS5	UQCRH	9606.ENSP00000362058	9606.ENSP00000309565	0	0	0	0	0.816	0.901	0	0.519	0.990
NDUFS5	TMEM70	9606.ENSP00000362058	9606.ENSP00000312599	0	0	0	0	0.064	0.994	0	0.177	0.994
NDUFS5	ACAD9	9606.ENSP00000362058	9606.ENSP00000312618	0	0	0	0	0.088	0.994	0	0.252	0.995
NDUFS5	NDUFS8	9606.ENSP00000362058	9606.ENSP00000315774	0	0	0	0	0.748	0.998	0.900	0.684	0.999
NDUFS5	CYC1	9606.ENSP00000362058	9606.ENSP00000317159	0	0	0	0	0.300	0.908	0	0	0.933
NDUFS5	COX5A	9606.ENSP00000362058	9606.ENSP00000317780	0	0	0	0	0.500	0.856	0	0.363	0.950
NDUFS5	NDUFAF3	9606.ENSP00000362058	9606.ENSP00000323076	0	0	0	0	0.140	0.994	0	0.160	0.995
NDUFS5	NDUFV2	9606.ENSP00000362058	9606.ENSP00000327268	0	0	0	0	0.652	0.998	0.900	0.591	0.999
NDUFS5	NDUFA12	9606.ENSP00000362058	9606.ENSP00000330737	0	0	0	0	0.924	0.998	0.900	0.519	0.999
NDUFS5	UQCR10	9606.ENSP00000362058	9606.ENSP00000332887	0	0	0	0	0.889	0.855	0	0.457	0.990
NDUFS5	NDUFA4	9606.ENSP00000362058	9606.ENSP00000339720	0	0	0	0	0.605	0.251	0.900	0.471	0.982
NDUFS5	NDUFV3	9606.ENSP00000362058	9606.ENSP00000346196	0	0	0	0	0.608	0.998	0.900	0.472	0.999
NDUFS5	MT-ND6	9606.ENSP00000362058	9606.ENSP00000354665	0	0	0	0	0	0.999	0.540	0.270	0.999
NDUFS5	MT-ND1	9606.ENSP00000362058	9606.ENSP00000354687	0	0	0	0	0.356	0.998	0.900	0.472	0.999
NDUFS5	MT-ND4L	9606.ENSP00000362058	9606.ENSP00000354728	0	0	0	0	0.049	0.959	0.540	0.287	0.985
NDUFS5	MT-ND5	9606.ENSP00000362058	9606.ENSP00000354813	0	0	0	0	0.255	0.998	0.900	0.327	0.999
NDUFS5	MT-ND4	9606.ENSP00000362058	9606.ENSP00000354961	0	0	0	0	0.324	0.998	0.900	0.392	0.999
NDUFS5	MT-ND2	9606.ENSP00000362058	9606.ENSP00000355046	0	0	0	0	0.163	0.959	0.900	0.360	0.997
NDUFS5	MT-ND3	9606.ENSP00000362058	9606.ENSP00000355206	0	0	0	0	0	0.963	0.900	0.239	0.996
NDUFS5	NDUFS2	9606.ENSP00000362058	9606.ENSP00000356972	0	0	0	0	0.302	0.998	0.900	0.857	0.999
NDUFS5	NDUFAF4	9606.ENSP00000362058	9606.ENSP00000358272	0	0	0	0	0.068	0.994	0	0.194	0.995
NDUFS5	NDUFA1	9606.ENSP00000362058	9606.ENSP00000360492	0	0	0	0	0.826	0.966	0.900	0.811	0.999
NDUFS5	COX7B	9606.ENSP00000362058	9606.ENSP00000497474	0	0	0	0	0.328	0.842	0	0.385	0.929
NDUFS5	COX6B1	9606.ENSP00000362058	9606.ENSP00000466818	0	0	0	0	0.440	0.860	0	0.447	0.952
NDUFS5	COX4I1	9606.ENSP00000362058	9606.ENSP00000457513	0	0	0	0	0.560	0.852	0	0.359	0.954
NDUFS5	COX6C	9606.ENSP00000362058	9606.ENSP00000429707	0	0	0	0	0.848	0.566	0	0.432	0.959
NDUFS5	UQCRB	9606.ENSP00000362058	9606.ENSP00000430494	0	0	0	0	0.633	0.854	0	0.387	0.964
NDUFS5	COX7C	9606.ENSP00000362058	9606.ENSP00000425759	0	0	0	0	0.813	0.851	0	0.359	0.980
NDUFS5	UQCR11	9606.ENSP00000362058	9606.ENSP00000467262	0	0	0	0	0.867	0.830	0	0.449	0.986
NDUFS5	UQCRQ	9606.ENSP00000362058	9606.ENSP00000367939	0	0	0	0	0.873	0.907	0	0.485	0.993
NDUFS5	NDUFC1	9606.ENSP00000362058	9606.ENSP00000441126	0	0	0	0	0.508	0.825	0.900	0.584	0.995
NDUFS5	NDUFB2	9606.ENSP00000362058	9606.ENSP00000419087	0	0	0	0	0.405	0.812	0.900	0.669	0.995
NDUFS5	COX7A2L	9606.ENSP00000362058	9606.ENSP00000367938	0	0	0	0	0.110	0.994	0	0.321	0.996
NDUFS5	TIMMDC1	9606.ENSP00000362058	9606.ENSP00000418803	0	0	0	0	0.067	0.994	0	0.439	0.996
NDUFS5	NDUFB1	9606.ENSP00000362058	9606.ENSP00000483888	0	0	0	0	0.442	0.940	0.900	0.557	0.998
NDUFS5	NDUFAB1	9606.ENSP00000362058	9606.ENSP00000458770	0	0	0	0	0.531	0.991	0.900	0.541	0.999
NDUFS5	NDUFS1	9606.ENSP00000362058	9606.ENSP00000392709	0	0	0	0	0.430	0.998	0.900	0.903	0.999
NDUFS5	NDUFB3	9606.ENSP00000362058	9606.ENSP00000407336	0	0	0	0	0.902	0.944	0.900	0.689	0.999
NDUFS5	NDUFA13	9606.ENSP00000362058	9606.ENSP00000423673	0	0	0	0	0.886	0.999	0.900	0.728	0.999
NDUFS5	NDUFA5	9606.ENSP00000362058	9606.ENSP00000417142	0	0	0	0	0.846	0.998	0.900	0.880	0.999
NDUFS5	NDUFA6	9606.ENSP00000362058	9606.ENSP00000482543	0	0	0	0	0.847	0.998	0.900	0.518	0.999
NDUFS5	NDUFA11	9606.ENSP00000362058	9606.ENSP00000389160	0	0	0	0	0.827	0.998	0.900	0.553	0.999
NDUFS5	NDUFA3	9606.ENSP00000362058	9606.ENSP00000418438	0	0	0	0	0.571	0.974	0.900	0.569	0.999
NDUFS5	NDUFV1	9606.ENSP00000362058	9606.ENSP00000497587	0	0	0	0	0.515	0.998	0.900	0.700	0.999
NDUFS5	NDUFA8	9606.ENSP00000362058	9606.ENSP00000362873	0	0	0	0	0.916	0.982	0.900	0.791	0.999
NDUFS5	NDUFB6	9606.ENSP00000362058	9606.ENSP00000369176	0	0	0	0	0.930	0.998	0.900	0.680	0.999
NDUFS6	NDUFB4	9606.ENSP00000274137	9606.ENSP00000184266	0	0	0	0	0.943	0.966	0.967	0.728	0.999
NDUFS6	UQCRC1	9606.ENSP00000274137	9606.ENSP00000203407	0	0	0	0	0.516	0.966	0	0.478	0.990
NDUFS6	ATP5F1D	9606.ENSP00000274137	9606.ENSP00000215375	0	0	0	0	0.846	0.091	0	0.447	0.915
NDUFS6	NDUFB7	9606.ENSP00000274137	9606.ENSP00000215565	0	0	0	0	0.939	0.996	0.967	0.777	0.999
NDUFS6	NDUFS7	9606.ENSP00000274137	9606.ENSP00000233627	0	0	0	0	0.758	0.995	0.967	0.943	0.999
NDUFS6	NDUFA2	9606.ENSP00000274137	9606.ENSP00000252102	0	0	0	0	0.954	0.998	0.967	0.949	0.999
NDUFS6	NDUFA10	9606.ENSP00000274137	9606.ENSP00000252711	0	0	0	0	0.351	0.918	0.967	0.711	0.999
NDUFS6	COX5B	9606.ENSP00000274137	9606.ENSP00000258424	0	0	0	0	0.932	0.869	0	0.521	0.995
NDUFS6	NDUFB5	9606.ENSP00000274137	9606.ENSP00000259037	0	0	0	0	0.869	0.939	0.967	0.900	0.999
NDUFS6	NDUFAF1	9606.ENSP00000274137	9606.ENSP00000260361	0	0	0	0	0.056	0	0.967	0.624	0.987
NDUFS6	NDUFS3	9606.ENSP00000274137	9606.ENSP00000263774	0	0	0	0	0.816	0.998	0.967	0.955	0.999
NDUFS6	NDUFA9	9606.ENSP00000274137	9606.ENSP00000266544	0	0	0	0	0.830	0.999	0.944	0.695	0.999
NDUFS6	UQCRC2	9606.ENSP00000274137	9606.ENSP00000268379	0	0	0	0	0.256	0.921	0	0.441	0.964
NDUFS6	NDUFB10	9606.ENSP00000274137	9606.ENSP00000268668	0	0	0	0	0.866	0.996	0.967	0.686	0.999
NDUFS6	ATP5PD	9606.ENSP00000274137	9606.ENSP00000301587	0	0	0	0	0.842	0	0	0.402	0.901
NDUFS6	COX6C	9606.ENSP00000274137	9606.ENSP00000429707	0	0	0	0	0.721	0.507	0	0.380	0.907
NDUFS6	COX7B	9606.ENSP00000274137	9606.ENSP00000497474	0	0	0	0	0.323	0.842	0	0.298	0.918
NDUFS6	ATP5ME	9606.ENSP00000274137	9606.ENSP00000306003	0	0	0	0	0.871	0	0	0.466	0.928
NDUFS6	SDHD	9606.ENSP00000274137	9606.ENSP00000364699	0	0	0	0	0.915	0	0	0.331	0.941
NDUFS6	MT-CYB	9606.ENSP00000274137	9606.ENSP00000354554	0	0	0	0	0	0.897	0	0.504	0.947
NDUFS6	NDUFAF3	9606.ENSP00000274137	9606.ENSP00000323076	0	0	0	0	0.201	0	0.838	0.631	0.948
NDUFS6	COX6B1	9606.ENSP00000274137	9606.ENSP00000466818	0	0	0	0	0.384	0.865	0	0.489	0.954
NDUFS6	NDUFAF4	9606.ENSP00000274137	9606.ENSP00000358272	0	0	0	0	0.113	0	0.838	0.736	0.958
NDUFS6	COX6A2	9606.ENSP00000274137	9606.ENSP00000287490	0	0	0	0	0.596	0.864	0	0.339	0.960
NDUFS6	COX4I1	9606.ENSP00000274137	9606.ENSP00000457513	0	0	0	0	0.594	0.882	0	0.407	0.969
NDUFS6	NDUFAF2	9606.ENSP00000274137	9606.ENSP00000296597	0	0	0	0	0.085	0	0.935	0.763	0.984
NDUFS6	UQCR11	9606.ENSP00000274137	9606.ENSP00000467262	0	0	0	0	0.850	0.830	0	0.515	0.986
NDUFS6	COX5A	9606.ENSP00000274137	9606.ENSP00000317780	0	0	0	0	0.857	0.859	0	0.447	0.987
NDUFS6	NDUFA4	9606.ENSP00000274137	9606.ENSP00000339720	0	0	0	0	0.334	0.244	0.944	0.637	0.988
NDUFS6	MT-ND6	9606.ENSP00000274137	9606.ENSP00000354665	0	0	0	0	0	0.856	0.851	0.517	0.988
NDUFS6	COX7C	9606.ENSP00000274137	9606.ENSP00000425759	0	0	0	0	0.915	0.830	0	0.348	0.989
NDUFS6	UQCRH	9606.ENSP00000274137	9606.ENSP00000309565	0	0	0	0	0.849	0.952	0.163	0.389	0.995
NDUFS6	UQCRB	9606.ENSP00000274137	9606.ENSP00000430494	0	0	0	0	0.861	0.959	0	0.464	0.996
NDUFS6	NDUFB2	9606.ENSP00000274137	9606.ENSP00000419087	0	0	0	0	0.184	0.812	0.967	0.617	0.997
NDUFS6	UQCRQ	9606.ENSP00000274137	9606.ENSP00000367939	0	0	0	0	0.974	0.856	0	0.468	0.997
NDUFS6	NDUFB1	9606.ENSP00000274137	9606.ENSP00000483888	0	0	0	0	0.356	0.943	0.900	0.654	0.998
NDUFS6	CYC1	9606.ENSP00000274137	9606.ENSP00000317159	0	0	0	0	0.799	0.988	0	0.290	0.998
NDUFS6	MT-ND4L	9606.ENSP00000274137	9606.ENSP00000354728	0	0	0	0	0	0.984	0.851	0.327	0.998
NDUFS6	NDUFA12	9606.ENSP00000274137	9606.ENSP00000330737	0	0	0	0	0.949	0.999	0.967	0.828	0.999
NDUFS6	MT-ND5	9606.ENSP00000274137	9606.ENSP00000354813	0	0	0	0	0.127	0.994	0.967	0.572	0.999
NDUFS6	NDUFA5	9606.ENSP00000274137	9606.ENSP00000417142	0	0	0	0	0.960	0.993	0.967	0.945	0.999
NDUFS6	NDUFB8	9606.ENSP00000274137	9606.ENSP00000299166	0	0	0	0	0.950	0.995	0.967	0.761	0.999
NDUFS6	NDUFB11	9606.ENSP00000274137	9606.ENSP00000276062	0	0	0	0	0.845	0.950	0.967	0.574	0.999
NDUFS6	NDUFA6	9606.ENSP00000274137	9606.ENSP00000482543	0	0	0	0	0.921	0.998	0.967	0.913	0.999
NDUFS6	NDUFB3	9606.ENSP00000274137	9606.ENSP00000407336	0	0	0	0	0.750	0.995	0.967	0.890	0.999
NDUFS6	NDUFS1	9606.ENSP00000274137	9606.ENSP00000392709	0	0	0	0	0.656	0.999	0.967	0.984	0.999
NDUFS6	NDUFAB1	9606.ENSP00000274137	9606.ENSP00000458770	0	0	0	0	0.602	0.992	0.967	0.756	0.999
NDUFS6	NDUFV2	9606.ENSP00000274137	9606.ENSP00000327268	0	0	0	0	0.922	0.999	0.967	0.985	0.999
NDUFS6	NDUFC1	9606.ENSP00000274137	9606.ENSP00000441126	0	0	0	0	0.626	0.825	0.967	0.798	0.999
NDUFS6	MT-ND4	9606.ENSP00000274137	9606.ENSP00000354961	0	0	0	0	0.203	0.998	0.967	0.566	0.999
NDUFS6	MT-ND3	9606.ENSP00000274137	9606.ENSP00000355206	0	0	0	0	0.130	0.991	0.967	0.573	0.999
NDUFS6	NDUFA13	9606.ENSP00000274137	9606.ENSP00000423673	0	0	0	0	0.898	0.995	0.967	0.745	0.999
NDUFS6	NDUFC2	9606.ENSP00000274137	9606.ENSP00000281031	0	0	0	0	0.719	0.943	0.944	0.743	0.999
NDUFS6	NDUFA8	9606.ENSP00000274137	9606.ENSP00000362873	0	0	0	0	0.907	0.996	0.967	0.767	0.999
NDUFS6	UQCR10	9606.ENSP00000274137	9606.ENSP00000332887	0	0	0	0	0.954	0.959	0	0.506	0.999
NDUFS6	NDUFS5	9606.ENSP00000274137	9606.ENSP00000362058	0	0	0	0	0.903	0.998	0.900	0.893	0.999
NDUFS6	NDUFS2	9606.ENSP00000274137	9606.ENSP00000356972	0	0	0	0	0.850	0.999	0.967	0.964	0.999
NDUFS6	NDUFV3	9606.ENSP00000274137	9606.ENSP00000346196	0	0	0	0	0.558	0.998	0.967	0.930	0.999
NDUFS6	NDUFB6	9606.ENSP00000274137	9606.ENSP00000369176	0	0	0	0	0.876	0.958	0.967	0.734	0.999
NDUFS6	NDUFS8	9606.ENSP00000274137	9606.ENSP00000315774	0	0	0	0	0.971	0.999	0.967	0.932	0.999
NDUFS6	NDUFA1	9606.ENSP00000274137	9606.ENSP00000360492	0	0	0	0	0.629	0.943	0.967	0.894	0.999
NDUFS6	NDUFA11	9606.ENSP00000274137	9606.ENSP00000389160	0	0	0	0	0.741	0.998	0.944	0.784	0.999
NDUFS6	NDUFS4	9606.ENSP00000274137	9606.ENSP00000296684	0	0	0	0	0.894	0.996	0.967	0.987	0.999
NDUFS6	NDUFA7	9606.ENSP00000274137	9606.ENSP00000301457	0	0	0	0	0.807	0.998	0.967	0.848	0.999
NDUFS6	UQCRFS1	9606.ENSP00000274137	9606.ENSP00000306397	0	0	0	0	0.921	0.987	0.155	0.552	0.999
NDUFS6	MT-ND2	9606.ENSP00000274137	9606.ENSP00000355046	0	0	0	0	0.097	0.994	0.967	0.706	0.999
NDUFS6	MT-ND1	9606.ENSP00000274137	9606.ENSP00000354687	0	0	0	0	0.191	0.993	0.967	0.540	0.999
NDUFS6	NDUFV1	9606.ENSP00000274137	9606.ENSP00000497587	0	0	0	0	0.823	0.998	0.967	0.971	0.999
NDUFS6	NDUFA3	9606.ENSP00000274137	9606.ENSP00000418438	0	0	0	0	0.683	0.928	0.967	0.505	0.999
NDUFS6	NDUFB9	9606.ENSP00000274137	9606.ENSP00000276689	0	0	0	0	0.943	0.995	0.967	0.745	0.999
NDUFS7	NDUFB4	9606.ENSP00000233627	9606.ENSP00000184266	0	0	0	0	0.463	0.956	0.967	0.599	0.999
NDUFS7	UQCRC1	9606.ENSP00000233627	9606.ENSP00000203407	0	0	0	0	0.917	0.896	0.235	0.613	0.997
NDUFS7	ATP5F1D	9606.ENSP00000233627	9606.ENSP00000215375	0.111	0	0	0	0.973	0.097	0	0.674	0.992
NDUFS7	NDUFB7	9606.ENSP00000233627	9606.ENSP00000215565	0	0	0	0	0.989	0.995	0.967	0.668	0.999
NDUFS7	COX7B	9606.ENSP00000233627	9606.ENSP00000497474	0	0	0	0	0.116	0.842	0	0.373	0.905
NDUFS7	MT-CO2	9606.ENSP00000233627	9606.ENSP00000354876	0	0	0	0	0.238	0.674	0.585	0.296	0.917
NDUFS7	ECSIT	9606.ENSP00000233627	9606.ENSP00000270517	0	0	0	0	0.672	0.350	0.500	0.358	0.922
NDUFS7	COX7C	9606.ENSP00000233627	9606.ENSP00000425759	0	0	0	0	0.261	0.852	0	0.342	0.922
NDUFS7	COX6B1	9606.ENSP00000233627	9606.ENSP00000466818	0	0	0	0	0.302	0.869	0	0.354	0.936
NDUFS7	COX6A2	9606.ENSP00000233627	9606.ENSP00000287490	0	0	0	0	0.315	0.844	0	0.497	0.941
NDUFS7	FOXRED1	9606.ENSP00000233627	9606.ENSP00000263578	0	0	0	0	0.056	0	0.720	0.811	0.945
NDUFS7	MT-CYB	9606.ENSP00000233627	9606.ENSP00000354554	0	0	0	0	0.139	0.876	0.301	0.381	0.947
NDUFS7	UQCRH	9606.ENSP00000233627	9606.ENSP00000309565	0	0	0	0	0.336	0.904	0.187	0.386	0.964
NDUFS7	MT-CO3	9606.ENSP00000233627	9606.ENSP00000354982	0	0	0	0	0.178	0.841	0.585	0.559	0.972
NDUFS7	COX4I1	9606.ENSP00000233627	9606.ENSP00000457513	0	0	0	0	0.691	0.869	0	0.442	0.975
NDUFS7	SDHB	9606.ENSP00000233627	9606.ENSP00000364649	0.057	0	0	0	0.900	0.177	0.489	0.489	0.976
NDUFS7	MT-CO1	9606.ENSP00000233627	9606.ENSP00000354499	0	0	0	0	0.191	0.841	0.585	0.626	0.977
NDUFS7	UQCRB	9606.ENSP00000233627	9606.ENSP00000430494	0	0	0	0	0.535	0.909	0.288	0.379	0.978
NDUFS7	UQCRC2	9606.ENSP00000233627	9606.ENSP00000268379	0	0	0	0	0.470	0.910	0.215	0.538	0.980
NDUFS7	NDUFA4	9606.ENSP00000233627	9606.ENSP00000339720	0	0	0	0	0.180	0.335	0.925	0.641	0.983
NDUFS7	COX5A	9606.ENSP00000233627	9606.ENSP00000317780	0	0	0	0	0.826	0.858	0	0.409	0.984
NDUFS7	NDUFAF2	9606.ENSP00000233627	9606.ENSP00000296597	0	0	0	0	0.108	0.487	0.838	0.830	0.985
NDUFS7	UQCR10	9606.ENSP00000233627	9606.ENSP00000332887	0	0	0	0	0.715	0.909	0.216	0.452	0.987
NDUFS7	COX5B	9606.ENSP00000233627	9606.ENSP00000258424	0	0	0	0	0.866	0.838	0	0.456	0.987
NDUFS7	SDHA	9606.ENSP00000233627	9606.ENSP00000264932	0.055	0	0	0	0.925	0.097	0.489	0.693	0.988
NDUFS7	UQCRQ	9606.ENSP00000233627	9606.ENSP00000367939	0	0	0	0	0.810	0.906	0.154	0.542	0.992
NDUFS7	UQCRFS1	9606.ENSP00000233627	9606.ENSP00000306397	0.045	0	0	0	0.594	0.919	0.585	0.566	0.993
NDUFS7	NDUFB2	9606.ENSP00000233627	9606.ENSP00000419087	0	0	0	0	0.226	0.812	0.967	0.431	0.996
NDUFS7	NDUFAF1	9606.ENSP00000233627	9606.ENSP00000260361	0	0	0	0	0.130	0.499	0.967	0.769	0.996
NDUFS7	UQCR11	9606.ENSP00000233627	9606.ENSP00000467262	0	0	0	0	0.967	0.841	0	0.441	0.996
NDUFS7	NDUFB1	9606.ENSP00000233627	9606.ENSP00000483888	0	0	0	0	0.260	0.894	0.900	0.649	0.996
NDUFS7	NDUFC1	9606.ENSP00000233627	9606.ENSP00000441126	0	0	0	0	0.269	0.825	0.967	0.524	0.997
NDUFS7	TIMMDC1	9606.ENSP00000233627	9606.ENSP00000418803	0	0	0	0	0.049	0.994	0.500	0.350	0.997
NDUFS7	MT-ND4L	9606.ENSP00000233627	9606.ENSP00000354728	0	0	0	0	0.103	0.947	0.851	0.743	0.997
NDUFS7	ACAD9	9606.ENSP00000233627	9606.ENSP00000312618	0	0	0	0	0.148	0.994	0.500	0.462	0.998
NDUFS7	MT-ND6	9606.ENSP00000233627	9606.ENSP00000354665	0	0	0	0	0	0.894	0.851	0.910	0.998
NDUFS7	CYC1	9606.ENSP00000233627	9606.ENSP00000317159	0	0	0	0	0.927	0.929	0.585	0.409	0.998
NDUFS7	NDUFA12	9606.ENSP00000233627	9606.ENSP00000330737	0	0	0	0	0.895	0.999	0.967	0.800	0.999
NDUFS7	MT-ND5	9606.ENSP00000233627	9606.ENSP00000354813	0.095	0	0.256	0	0.670	0.993	0.979	0.928	0.999
NDUFS7	NDUFA9	9606.ENSP00000233627	9606.ENSP00000266544	0	0	0	0	0.883	0.999	0.944	0.967	0.999
NDUFS7	NDUFA5	9606.ENSP00000233627	9606.ENSP00000417142	0	0	0	0	0.817	0.999	0.967	0.749	0.999
NDUFS7	NDUFB8	9606.ENSP00000233627	9606.ENSP00000299166	0	0	0	0	0.894	0.972	0.967	0.814	0.999
NDUFS7	NDUFA6	9606.ENSP00000233627	9606.ENSP00000482543	0	0	0	0	0.493	0.999	0.967	0.748	0.999
NDUFS7	NDUFS6	9606.ENSP00000233627	9606.ENSP00000274137	0	0	0	0	0.758	0.995	0.967	0.943	0.999
NDUFS7	NDUFB11	9606.ENSP00000233627	9606.ENSP00000276062	0	0	0	0	0.945	0.956	0.967	0.616	0.999
NDUFS7	NDUFB3	9606.ENSP00000233627	9606.ENSP00000407336	0	0	0	0	0.567	0.969	0.967	0.640	0.999
NDUFS7	NDUFAB1	9606.ENSP00000233627	9606.ENSP00000458770	0	0	0	0	0.424	0.991	0.967	0.589	0.999
NDUFS7	NDUFS1	9606.ENSP00000233627	9606.ENSP00000392709	0.111	0	0	0	0.831	0.999	0.967	0.994	0.999
NDUFS7	NDUFV2	9606.ENSP00000233627	9606.ENSP00000327268	0.111	0	0	0	0.849	0.995	0.967	0.991	0.999
NDUFS7	MT-ND3	9606.ENSP00000233627	9606.ENSP00000355206	0.111	0	0.282	0	0.691	0.994	0.979	0.950	0.999
NDUFS7	MT-ND4	9606.ENSP00000233627	9606.ENSP00000354961	0.111	0	0.236	0	0.744	0.994	0.979	0.860	0.999
NDUFS7	NDUFC2	9606.ENSP00000233627	9606.ENSP00000281031	0	0	0	0	0.566	0.936	0.944	0.712	0.999
NDUFS7	NDUFA13	9606.ENSP00000233627	9606.ENSP00000423673	0	0	0	0	0.990	0.999	0.967	0.749	0.999
NDUFS7	NDUFB5	9606.ENSP00000233627	9606.ENSP00000259037	0	0	0	0	0.715	0.969	0.967	0.738	0.999
NDUFS7	NDUFAF5	9606.ENSP00000233627	9606.ENSP00000367346	0	0	0	0	0.058	0.994	0.500	0.856	0.999
NDUFS7	NDUFA8	9606.ENSP00000233627	9606.ENSP00000362873	0	0	0	0	0.974	0.993	0.967	0.644	0.999
NDUFS7	NDUFS2	9606.ENSP00000233627	9606.ENSP00000356972	0.111	0.887	0.514	0	0.862	0.999	0.967	0.998	0.999
NDUFS7	NDUFS5	9606.ENSP00000233627	9606.ENSP00000362058	0	0	0	0	0.737	0.998	0.900	0.611	0.999
NDUFS7	NDUFA2	9606.ENSP00000233627	9606.ENSP00000252102	0	0	0	0	0.651	0.999	0.967	0.834	0.999
NDUFS7	NDUFB10	9606.ENSP00000233627	9606.ENSP00000268668	0	0	0	0	0.925	0.959	0.967	0.727	0.999
NDUFS7	NDUFV3	9606.ENSP00000233627	9606.ENSP00000346196	0	0	0	0	0.332	0.945	0.967	0.505	0.999
NDUFS7	NDUFB6	9606.ENSP00000233627	9606.ENSP00000369176	0	0	0	0	0.615	0.930	0.967	0.715	0.999
NDUFS7	NDUFAF4	9606.ENSP00000233627	9606.ENSP00000358272	0	0	0	0	0.055	0.994	0.838	0.845	0.999
NDUFS7	NDUFS8	9606.ENSP00000233627	9606.ENSP00000315774	0.111	0	0.360	0	0.992	0.999	0.967	0.999	0.999
NDUFS7	NDUFA10	9606.ENSP00000233627	9606.ENSP00000252711	0	0	0	0	0.619	0.959	0.967	0.774	0.999
NDUFS7	NDUFA1	9606.ENSP00000233627	9606.ENSP00000360492	0	0	0	0	0.268	0.913	0.967	0.783	0.999
NDUFS7	NDUFA11	9606.ENSP00000233627	9606.ENSP00000389160	0	0	0	0	0.925	0.998	0.944	0.890	0.999
NDUFS7	NDUFS4	9606.ENSP00000233627	9606.ENSP00000296684	0	0	0	0	0.751	0.995	0.967	0.932	0.999
NDUFS7	NDUFAF3	9606.ENSP00000233627	9606.ENSP00000323076	0	0	0	0	0.377	0.994	0.838	0.802	0.999
NDUFS7	NDUFA7	9606.ENSP00000233627	9606.ENSP00000301457	0	0	0	0	0.795	0.931	0.967	0.800	0.999
NDUFS7	MT-ND2	9606.ENSP00000233627	9606.ENSP00000355046	0.095	0	0	0	0.622	0.988	0.979	0.760	0.999
NDUFS7	MT-ND1	9606.ENSP00000233627	9606.ENSP00000354687	0.111	0	0.457	0	0.755	0.994	0.979	0.875	0.999
NDUFS7	NDUFS3	9606.ENSP00000233627	9606.ENSP00000263774	0.111	0	0.361	0	0.927	0.999	0.967	0.997	0.999
NDUFS7	NDUFV1	9606.ENSP00000233627	9606.ENSP00000497587	0.111	0	0	0	0.985	0.997	0.979	0.997	0.999
NDUFS7	NDUFA3	9606.ENSP00000233627	9606.ENSP00000418438	0	0	0	0	0.919	0.921	0.967	0.727	0.999
NDUFS7	NDUFB9	9606.ENSP00000233627	9606.ENSP00000276689	0	0	0	0	0.973	0.993	0.967	0.812	0.999
NDUFS8	NDUFB4	9606.ENSP00000315774	9606.ENSP00000184266	0	0	0	0	0.744	0.911	0.967	0.503	0.999
NDUFS8	UQCRC1	9606.ENSP00000315774	9606.ENSP00000203407	0.110	0	0	0	0.873	0.968	0	0.561	0.998
NDUFS8	ATP5F1D	9606.ENSP00000315774	9606.ENSP00000215375	0.223	0	0	0	0.930	0.091	0	0.645	0.980
NDUFS8	NDUFB7	9606.ENSP00000315774	9606.ENSP00000215565	0	0	0	0	0.958	0.995	0.967	0.784	0.999
NDUFS8	NDUFS7	9606.ENSP00000315774	9606.ENSP00000233627	0.111	0	0.360	0	0.992	0.999	0.967	0.999	0.999
NDUFS8	NDUFA2	9606.ENSP00000315774	9606.ENSP00000252102	0	0	0	0	0.909	0.998	0.967	0.906	0.999
NDUFS8	NDUFA10	9606.ENSP00000315774	9606.ENSP00000252711	0	0	0	0	0.846	0.912	0.967	0.804	0.999
NDUFS8	COX5B	9606.ENSP00000315774	9606.ENSP00000258424	0	0	0	0	0.928	0.854	0	0.664	0.996
NDUFS8	NDUFB5	9606.ENSP00000315774	9606.ENSP00000259037	0	0	0	0	0.859	0.940	0.967	0.652	0.999
NDUFS8	NDUFAF1	9606.ENSP00000315774	9606.ENSP00000260361	0	0	0	0	0.142	0	0.967	0.550	0.986
NDUFS8	FOXRED1	9606.ENSP00000315774	9606.ENSP00000263578	0	0	0	0	0.107	0	0.720	0.778	0.939
NDUFS8	NDUFS3	9606.ENSP00000315774	9606.ENSP00000263774	0.231	0	0.346	0	0.979	0.999	0.980	0.998	0.999
NDUFS8	SDHA	9606.ENSP00000315774	9606.ENSP00000264932	0.120	0	0	0	0.969	0.221	0.807	0.834	0.999
NDUFS8	NDUFA9	9606.ENSP00000315774	9606.ENSP00000266544	0	0	0	0	0.897	0.999	0.944	0.775	0.999
NDUFS8	UQCRC2	9606.ENSP00000315774	9606.ENSP00000268379	0.110	0	0	0	0.605	0.937	0	0.522	0.988
NDUFS8	NDUFB10	9606.ENSP00000315774	9606.ENSP00000268668	0	0	0	0	0.906	0.991	0.967	0.790	0.999
NDUFS8	ECSIT	9606.ENSP00000315774	9606.ENSP00000270517	0	0	0	0	0.389	0.756	0.500	0.279	0.939
NDUFS8	NDUFS6	9606.ENSP00000315774	9606.ENSP00000274137	0	0	0	0	0.971	0.999	0.967	0.932	0.999
NDUFS8	NDUFB11	9606.ENSP00000315774	9606.ENSP00000276062	0	0	0	0	0.886	0.973	0.967	0.690	0.999
NDUFS8	NDUFB9	9606.ENSP00000315774	9606.ENSP00000276689	0	0	0	0	0.957	0.991	0.967	0.828	0.999
NDUFS8	NDUFC2	9606.ENSP00000315774	9606.ENSP00000281031	0	0	0	0	0.604	0.890	0.944	0.647	0.999
NDUFS8	COX6A2	9606.ENSP00000315774	9606.ENSP00000287490	0	0	0	0	0.337	0.854	0	0.313	0.927
NDUFS8	NDUFAF2	9606.ENSP00000315774	9606.ENSP00000296597	0	0	0	0	0.100	0.797	0.838	0.790	0.992
NDUFS8	NDUFS4	9606.ENSP00000315774	9606.ENSP00000296684	0	0	0	0	0.929	0.999	0.967	0.924	0.999
NDUFS8	NDUFB8	9606.ENSP00000315774	9606.ENSP00000299166	0	0	0	0	0.977	0.989	0.967	0.892	0.999
NDUFS8	NDUFA7	9606.ENSP00000315774	9606.ENSP00000301457	0	0	0	0	0.805	0.973	0.967	0.907	0.999
NDUFS8	ATP5ME	9606.ENSP00000315774	9606.ENSP00000306003	0	0	0	0	0.854	0.091	0	0.412	0.915
NDUFS8	UQCRFS1	9606.ENSP00000315774	9606.ENSP00000306397	0.191	0	0	0	0.937	0.988	0.809	0.613	0.999
NDUFS8	UQCRH	9606.ENSP00000315774	9606.ENSP00000309565	0	0	0	0	0.744	0.959	0.236	0.426	0.994
NDUFS8	NDUFAF5	9606.ENSP00000315774	9606.ENSP00000367346	0	0	0	0	0.116	0	0.500	0.852	0.929
NDUFS8	ATP5F1C	9606.ENSP00000315774	9606.ENSP00000349142	0.124	0	0	0	0.836	0.161	0	0.489	0.930
NDUFS8	COX7C	9606.ENSP00000315774	9606.ENSP00000425759	0	0	0	0	0.376	0.851	0	0.458	0.945
NDUFS8	COX6B1	9606.ENSP00000315774	9606.ENSP00000466818	0	0	0	0	0.473	0.854	0	0.530	0.960
NDUFS8	UQCR11	9606.ENSP00000315774	9606.ENSP00000467262	0	0	0	0	0.726	0.830	0	0.405	0.970
NDUFS8	MT-CO2	9606.ENSP00000315774	9606.ENSP00000354876	0	0	0	0	0.161	0.674	0.809	0.528	0.972
NDUFS8	COX4I1	9606.ENSP00000315774	9606.ENSP00000457513	0	0	0	0	0.747	0.880	0	0.413	0.980
NDUFS8	SDHD	9606.ENSP00000315774	9606.ENSP00000364699	0	0	0	0	0.969	0	0	0.518	0.984
NDUFS8	MT-CO1	9606.ENSP00000315774	9606.ENSP00000354499	0	0	0	0	0.175	0.830	0.809	0.565	0.986
NDUFS8	MT-CYB	9606.ENSP00000315774	9606.ENSP00000354554	0.105	0	0	0	0.400	0.906	0.585	0.484	0.987
NDUFS8	NDUFAF4	9606.ENSP00000315774	9606.ENSP00000358272	0	0	0	0	0.055	0.611	0.838	0.836	0.988
NDUFS8	MT-CO3	9606.ENSP00000315774	9606.ENSP00000354982	0	0	0	0	0.171	0.830	0.809	0.635	0.988
NDUFS8	SDHC	9606.ENSP00000315774	9606.ENSP00000356953	0	0	0	0	0.969	0	0	0.620	0.988
NDUFS8	NDUFA4	9606.ENSP00000315774	9606.ENSP00000339720	0	0	0	0	0.311	0.225	0.944	0.683	0.989
NDUFS8	COX5A	9606.ENSP00000315774	9606.ENSP00000317780	0	0	0	0	0.872	0.852	0	0.713	0.994
NDUFS8	NDUFB1	9606.ENSP00000315774	9606.ENSP00000483888	0	0	0	0	0.251	0.894	0.900	0.516	0.995
NDUFS8	NDUFB2	9606.ENSP00000315774	9606.ENSP00000419087	0	0	0	0	0.256	0.812	0.967	0.374	0.996
NDUFS8	MT-ND6	9606.ENSP00000315774	9606.ENSP00000354665	0	0	0	0	0	0.894	0.851	0.837	0.997
NDUFS8	NDUFC1	9606.ENSP00000315774	9606.ENSP00000441126	0	0	0	0	0.249	0.825	0.967	0.560	0.997
NDUFS8	TIMMDC1	9606.ENSP00000315774	9606.ENSP00000418803	0	0	0	0	0.060	0.994	0.500	0.434	0.998
NDUFS8	UQCR10	9606.ENSP00000315774	9606.ENSP00000332887	0	0	0	0	0.919	0.967	0.172	0.469	0.998
NDUFS8	SDHB	9606.ENSP00000315774	9606.ENSP00000364649	0	0	0	0	0.977	0.266	0.652	0.769	0.998
NDUFS8	UQCRB	9606.ENSP00000315774	9606.ENSP00000430494	0	0	0	0	0.903	0.963	0.284	0.410	0.998
NDUFS8	UQCRQ	9606.ENSP00000315774	9606.ENSP00000367939	0	0	0	0	0.944	0.931	0	0.646	0.998
NDUFS8	NDUFB6	9606.ENSP00000315774	9606.ENSP00000369176	0	0	0	0	0.776	0.911	0.967	0.607	0.999
NDUFS8	NDUFA8	9606.ENSP00000315774	9606.ENSP00000362873	0	0	0	0	0.959	0.997	0.967	0.809	0.999
NDUFS8	NDUFS2	9606.ENSP00000315774	9606.ENSP00000356972	0.231	0	0.387	0	0.977	0.997	0.980	0.998	0.999
NDUFS8	NDUFS5	9606.ENSP00000315774	9606.ENSP00000362058	0	0	0	0	0.748	0.998	0.900	0.684	0.999
NDUFS8	NDUFV3	9606.ENSP00000315774	9606.ENSP00000346196	0	0	0	0	0.386	0.940	0.967	0.544	0.999
NDUFS8	MT-ND2	9606.ENSP00000315774	9606.ENSP00000355046	0.120	0	0	0	0.840	0.991	0.978	0.870	0.999
NDUFS8	MT-ND1	9606.ENSP00000315774	9606.ENSP00000354687	0.231	0.138	0.244	0	0.969	0.994	0.980	0.705	0.999
NDUFS8	MT-ND4L	9606.ENSP00000315774	9606.ENSP00000354728	0	0	0	0	0.086	0.990	0.851	0.618	0.999
NDUFS8	NDUFV1	9606.ENSP00000315774	9606.ENSP00000497587	0.231	0	0	0	0.990	0.998	0.980	0.997	0.999
NDUFS8	NDUFA3	9606.ENSP00000315774	9606.ENSP00000418438	0	0	0	0	0.535	0.959	0.967	0.698	0.999
NDUFS8	NDUFA1	9606.ENSP00000315774	9606.ENSP00000360492	0	0	0	0	0.194	0.974	0.967	0.850	0.999
NDUFS8	NDUFA11	9606.ENSP00000315774	9606.ENSP00000389160	0	0	0	0	0.835	0.998	0.944	0.911	0.999
NDUFS8	CYC1	9606.ENSP00000315774	9606.ENSP00000317159	0	0	0	0	0.946	0.995	0.809	0.488	0.999
NDUFS8	NDUFAF3	9606.ENSP00000315774	9606.ENSP00000323076	0	0	0	0	0.394	0.994	0.838	0.792	0.999
NDUFS8	MT-ND5	9606.ENSP00000315774	9606.ENSP00000354813	0.120	0	0	0	0.851	0.991	0.978	0.901	0.999
NDUFS8	NDUFA5	9606.ENSP00000315774	9606.ENSP00000417142	0	0	0	0	0.897	0.994	0.967	0.882	0.999
NDUFS8	NDUFA6	9606.ENSP00000315774	9606.ENSP00000482543	0	0	0	0	0.908	0.998	0.967	0.858	0.999
NDUFS8	NDUFA12	9606.ENSP00000315774	9606.ENSP00000330737	0	0	0	0	0.977	0.999	0.967	0.829	0.999
NDUFS8	MT-ND3	9606.ENSP00000315774	9606.ENSP00000355206	0.231	0	0	0	0.937	0.991	0.980	0.805	0.999
NDUFS8	MT-ND4	9606.ENSP00000315774	9606.ENSP00000354961	0.231	0	0	0	0.968	0.991	0.980	0.916	0.999
NDUFS8	NDUFA13	9606.ENSP00000315774	9606.ENSP00000423673	0	0	0	0	0.980	0.997	0.967	0.802	0.999
NDUFS8	NDUFB3	9606.ENSP00000315774	9606.ENSP00000407336	0	0	0	0	0.555	0.993	0.967	0.793	0.999
NDUFS8	NDUFS1	9606.ENSP00000315774	9606.ENSP00000392709	0.231	0	0.321	0	0.981	0.996	0.980	0.993	0.999
NDUFS8	NDUFAB1	9606.ENSP00000315774	9606.ENSP00000458770	0	0	0	0	0.488	0.991	0.967	0.737	0.999
NDUFS8	NDUFV2	9606.ENSP00000315774	9606.ENSP00000327268	0.231	0	0	0	0.979	0.996	0.980	0.991	0.999
NDUFV1	NDUFB4	9606.ENSP00000497587	9606.ENSP00000184266	0	0	0	0	0.243	0.998	0.967	0.546	0.999
NDUFV1	UQCRC1	9606.ENSP00000497587	9606.ENSP00000203407	0	0	0	0	0.945	0.968	0.286	0.782	0.999
NDUFV1	ATP5F1D	9606.ENSP00000497587	9606.ENSP00000215375	0	0	0	0	0.943	0	0	0.663	0.980
NDUFV1	NDUFB7	9606.ENSP00000497587	9606.ENSP00000215565	0	0	0	0	0.936	0.995	0.967	0.819	0.999
NDUFV1	NDUFS7	9606.ENSP00000497587	9606.ENSP00000233627	0.111	0	0	0	0.985	0.997	0.979	0.997	0.999
NDUFV1	NDUFA2	9606.ENSP00000497587	9606.ENSP00000252102	0	0	0	0	0.464	0.998	0.967	0.981	0.999
NDUFV1	NDUFA10	9606.ENSP00000497587	9606.ENSP00000252711	0	0	0	0	0.949	0.959	0.967	0.828	0.999
NDUFV1	COX5B	9606.ENSP00000497587	9606.ENSP00000258424	0	0	0	0	0.743	0.844	0	0.569	0.981
NDUFV1	NDUFB5	9606.ENSP00000497587	9606.ENSP00000259037	0	0	0	0	0.328	0.921	0.967	0.787	0.999
NDUFV1	NDUFAF1	9606.ENSP00000497587	9606.ENSP00000260361	0	0	0	0	0.125	0	0.967	0.588	0.987
NDUFV1	FOXRED1	9606.ENSP00000497587	9606.ENSP00000263578	0	0	0	0	0.062	0	0.720	0.758	0.930
NDUFV1	NDUFS3	9606.ENSP00000497587	9606.ENSP00000263774	0.231	0	0	0	0.974	0.998	0.980	0.997	0.999
NDUFV1	SDHA	9606.ENSP00000497587	9606.ENSP00000264932	0.085	0	0	0	0.977	0.394	0.802	0.811	0.999
NDUFV1	NDUFA9	9606.ENSP00000497587	9606.ENSP00000266544	0	0	0	0	0.900	0.999	0.944	0.920	0.999
NDUFV1	UQCRC2	9606.ENSP00000497587	9606.ENSP00000268379	0	0	0	0	0.930	0.933	0.286	0.646	0.998
NDUFV1	NDUFB10	9606.ENSP00000497587	9606.ENSP00000268668	0	0	0	0	0.566	0.992	0.967	0.736	0.999
NDUFV1	NDUFS6	9606.ENSP00000497587	9606.ENSP00000274137	0	0	0	0	0.823	0.998	0.967	0.971	0.999
NDUFV1	NDUFB11	9606.ENSP00000497587	9606.ENSP00000276062	0	0	0	0	0.623	0.966	0.967	0.637	0.999
NDUFV1	NDUFB9	9606.ENSP00000497587	9606.ENSP00000276689	0	0	0	0	0.872	0.991	0.967	0.647	0.999
NDUFV1	NDUFC2	9606.ENSP00000497587	9606.ENSP00000281031	0	0	0	0	0.410	0.941	0.944	0.730	0.999
NDUFV1	COX6A2	9606.ENSP00000497587	9606.ENSP00000287490	0	0	0	0	0.134	0.851	0	0.511	0.931
NDUFV1	NDUFAF2	9606.ENSP00000497587	9606.ENSP00000296597	0	0	0	0	0.080	0.507	0.838	0.883	0.990
NDUFV1	NDUFS4	9606.ENSP00000497587	9606.ENSP00000296684	0	0	0	0	0.748	0.999	0.967	0.977	0.999
NDUFV1	NDUFB8	9606.ENSP00000497587	9606.ENSP00000299166	0	0	0	0	0.785	0.990	0.967	0.707	0.999
NDUFV1	NDUFA7	9606.ENSP00000497587	9606.ENSP00000301457	0	0	0	0	0.524	0.974	0.967	0.813	0.999
NDUFV1	UQCRFS1	9606.ENSP00000497587	9606.ENSP00000306397	0	0	0	0	0.732	0.990	0.809	0.815	0.999
NDUFV1	UQCRH	9606.ENSP00000497587	9606.ENSP00000309565	0	0	0	0	0.245	0.957	0.569	0.467	0.991
NDUFV1	NDUFS8	9606.ENSP00000497587	9606.ENSP00000315774	0.231	0	0	0	0.990	0.998	0.980	0.997	0.999
NDUFV1	CYC1	9606.ENSP00000497587	9606.ENSP00000317159	0	0	0	0	0.976	0.990	0.809	0.574	0.999
NDUFV1	COX5A	9606.ENSP00000497587	9606.ENSP00000317780	0	0	0	0	0.746	0.901	0	0.544	0.987
NDUFV1	NDUFAF3	9606.ENSP00000497587	9606.ENSP00000323076	0	0	0	0	0.222	0	0.838	0.548	0.938
NDUFV1	NDUFV2	9606.ENSP00000497587	9606.ENSP00000327268	0.231	0	0.531	0	0.979	0.999	0.980	0.999	0.999
NDUFV1	NDUFA12	9606.ENSP00000497587	9606.ENSP00000330737	0	0	0	0	0.877	0.998	0.967	0.918	0.999
NDUFV1	UQCR10	9606.ENSP00000497587	9606.ENSP00000332887	0	0	0	0	0.658	0.967	0.285	0.488	0.995
NDUFV1	NDUFA4	9606.ENSP00000497587	9606.ENSP00000339720	0	0	0	0	0.139	0.249	0.944	0.721	0.988
NDUFV1	NDUFV3	9606.ENSP00000497587	9606.ENSP00000346196	0	0	0	0	0.169	0.999	0.967	0.984	0.999
NDUFV1	ATP5F1C	9606.ENSP00000497587	9606.ENSP00000349142	0	0	0	0	0.838	0.204	0	0.641	0.949
NDUFV1	MT-CO1	9606.ENSP00000497587	9606.ENSP00000354499	0	0	0	0	0.250	0.830	0.809	0.667	0.990
NDUFV1	MT-CYB	9606.ENSP00000497587	9606.ENSP00000354554	0	0	0	0	0.110	0.904	0.585	0.648	0.985
NDUFV1	MT-ND6	9606.ENSP00000497587	9606.ENSP00000354665	0	0	0	0	0	0.894	0.851	0.887	0.998
NDUFV1	MT-ND1	9606.ENSP00000497587	9606.ENSP00000354687	0.231	0	0	0	0.965	0.998	0.980	0.813	0.999
NDUFV1	MT-ND4L	9606.ENSP00000497587	9606.ENSP00000354728	0	0	0	0	0	0.987	0.851	0.684	0.999
NDUFV1	MT-ND5	9606.ENSP00000497587	9606.ENSP00000354813	0.120	0	0	0	0.799	0.999	0.979	0.893	0.999
NDUFV1	MT-CO2	9606.ENSP00000497587	9606.ENSP00000354876	0	0	0	0	0.147	0.674	0.809	0.536	0.972
NDUFV1	MT-ND4	9606.ENSP00000497587	9606.ENSP00000354961	0.231	0	0	0	0.964	0.991	0.980	0.848	0.999
NDUFV1	MT-CO3	9606.ENSP00000497587	9606.ENSP00000354982	0	0	0	0	0.154	0.830	0.809	0.672	0.989
NDUFV1	MT-ND2	9606.ENSP00000497587	9606.ENSP00000355046	0.120	0	0	0	0.793	0.988	0.979	0.787	0.999
NDUFV1	MT-ND3	9606.ENSP00000497587	9606.ENSP00000355206	0.231	0	0	0	0.915	0.991	0.980	0.878	0.999
NDUFV1	NDUFS2	9606.ENSP00000497587	9606.ENSP00000356972	0.231	0.041	0	0	0.980	0.998	0.980	0.995	0.999
NDUFV1	NDUFAF4	9606.ENSP00000497587	9606.ENSP00000358272	0	0	0	0	0.053	0	0.838	0.718	0.953
NDUFV1	NDUFA1	9606.ENSP00000497587	9606.ENSP00000360492	0	0	0	0	0.169	0.941	0.967	0.818	0.999
NDUFV1	NDUFS5	9606.ENSP00000497587	9606.ENSP00000362058	0	0	0	0	0.515	0.998	0.900	0.700	0.999
NDUFV1	NDUFA8	9606.ENSP00000497587	9606.ENSP00000362873	0	0	0	0	0.927	0.997	0.967	0.743	0.999
NDUFV1	SDHB	9606.ENSP00000497587	9606.ENSP00000364649	0	0	0	0	0.877	0.240	0.802	0.667	0.993
NDUFV1	UQCRQ	9606.ENSP00000497587	9606.ENSP00000367939	0	0	0	0	0.817	0.906	0.284	0.432	0.992
NDUFV1	NDUFB6	9606.ENSP00000497587	9606.ENSP00000369176	0	0	0	0	0.573	0.918	0.967	0.856	0.999
NDUFV1	ATP5F1A	9606.ENSP00000497587	9606.ENSP00000381736	0	0	0	0	0.753	0.194	0	0.809	0.958
NDUFV1	NDUFA11	9606.ENSP00000497587	9606.ENSP00000389160	0	0	0	0	0.692	0.998	0.944	0.863	0.999
NDUFV1	NDUFS1	9606.ENSP00000497587	9606.ENSP00000392709	0.231	0	0.421	0	0.986	0.999	0.980	0.999	0.999
NDUFV1	NDUFB3	9606.ENSP00000497587	9606.ENSP00000407336	0	0	0	0	0.482	0.993	0.967	0.866	0.999
NDUFV1	NDUFA5	9606.ENSP00000497587	9606.ENSP00000417142	0	0	0	0	0.751	0.991	0.967	0.853	0.999
NDUFV1	NDUFA3	9606.ENSP00000497587	9606.ENSP00000418438	0	0	0	0	0.499	0.921	0.967	0.711	0.999
NDUFV1	TIMMDC1	9606.ENSP00000497587	9606.ENSP00000418803	0	0	0	0	0.049	0.994	0.500	0.291	0.997
NDUFV1	NDUFB2	9606.ENSP00000497587	9606.ENSP00000419087	0	0	0	0	0.067	0.812	0.967	0.450	0.996
NDUFV1	NDUFA13	9606.ENSP00000497587	9606.ENSP00000423673	0	0	0	0	0.962	0.998	0.967	0.810	0.999
NDUFV1	COX7C	9606.ENSP00000497587	9606.ENSP00000425759	0	0	0	0	0.189	0.851	0	0.447	0.927
NDUFV1	UQCRB	9606.ENSP00000497587	9606.ENSP00000430494	0	0	0	0	0.867	0.982	0.561	0.540	0.999
NDUFV1	NDUFC1	9606.ENSP00000497587	9606.ENSP00000441126	0	0	0	0	0.144	0.825	0.967	0.755	0.998
NDUFV1	COX4I1	9606.ENSP00000497587	9606.ENSP00000457513	0	0	0	0	0.697	0.864	0	0.475	0.976
NDUFV1	NDUFAB1	9606.ENSP00000497587	9606.ENSP00000458770	0	0	0	0	0.176	0.991	0.967	0.717	0.999
NDUFV1	COX6B1	9606.ENSP00000497587	9606.ENSP00000466818	0	0	0	0	0.403	0.872	0	0.517	0.960
NDUFV1	UQCR11	9606.ENSP00000497587	9606.ENSP00000467262	0	0	0	0	0.924	0.830	0	0.443	0.992
NDUFV1	NDUFA6	9606.ENSP00000497587	9606.ENSP00000482543	0	0	0	0	0.639	0.998	0.967	0.929	0.999
NDUFV1	NDUFB1	9606.ENSP00000497587	9606.ENSP00000483888	0	0	0	0	0.261	0.894	0.900	0.514	0.995
NDUFV1	COX7B	9606.ENSP00000497587	9606.ENSP00000497474	0	0	0	0	0.132	0.842	0	0.419	0.913
NDUFV2	NDUFB4	9606.ENSP00000327268	9606.ENSP00000184266	0	0	0	0	0.742	0.974	0.967	0.648	0.999
NDUFV2	UQCRC1	9606.ENSP00000327268	9606.ENSP00000203407	0	0	0	0	0.696	0.974	0.217	0.562	0.996
NDUFV2	ATP5F1D	9606.ENSP00000327268	9606.ENSP00000215375	0	0	0	0	0.863	0.152	0	0.560	0.944
NDUFV2	NDUFB7	9606.ENSP00000327268	9606.ENSP00000215565	0	0	0	0	0.747	0.995	0.967	0.665	0.999
NDUFV2	NDUFS7	9606.ENSP00000327268	9606.ENSP00000233627	0.111	0	0	0	0.849	0.995	0.967	0.991	0.999
NDUFV2	NDUFA2	9606.ENSP00000327268	9606.ENSP00000252102	0	0	0	0	0.978	0.998	0.967	0.985	0.999
NDUFV2	NDUFA10	9606.ENSP00000327268	9606.ENSP00000252711	0	0	0	0	0.381	0.977	0.967	0.717	0.999
NDUFV2	COX5B	9606.ENSP00000327268	9606.ENSP00000258424	0	0	0	0	0.840	0.865	0	0.468	0.987
NDUFV2	NDUFB5	9606.ENSP00000327268	9606.ENSP00000259037	0	0	0	0	0.874	0.940	0.967	0.886	0.999
NDUFV2	NDUFAF1	9606.ENSP00000327268	9606.ENSP00000260361	0	0	0	0	0.116	0	0.967	0.520	0.985
NDUFV2	FOXRED1	9606.ENSP00000327268	9606.ENSP00000263578	0	0	0	0	0.049	0	0.720	0.687	0.909
NDUFV2	NDUFS3	9606.ENSP00000327268	9606.ENSP00000263774	0.231	0	0	0	0.980	0.998	0.980	0.993	0.999
NDUFV2	SDHA	9606.ENSP00000327268	9606.ENSP00000264932	0	0	0	0	0.735	0.243	0.795	0.667	0.984
NDUFV2	NDUFA9	9606.ENSP00000327268	9606.ENSP00000266544	0	0	0	0	0.880	0.999	0.944	0.949	0.999
NDUFV2	UQCRC2	9606.ENSP00000327268	9606.ENSP00000268379	0	0	0	0	0.904	0.921	0.196	0.540	0.996
NDUFV2	NDUFB10	9606.ENSP00000327268	9606.ENSP00000268668	0	0	0	0	0.750	0.995	0.967	0.715	0.999
NDUFV2	NDUFS6	9606.ENSP00000327268	9606.ENSP00000274137	0	0	0	0	0.922	0.999	0.967	0.985	0.999
NDUFV2	NDUFB11	9606.ENSP00000327268	9606.ENSP00000276062	0	0	0	0	0.848	0.969	0.967	0.743	0.999
NDUFV2	NDUFB9	9606.ENSP00000327268	9606.ENSP00000276689	0	0	0	0	0.967	0.993	0.967	0.862	0.999
NDUFV2	NDUFC2	9606.ENSP00000327268	9606.ENSP00000281031	0	0	0	0	0.697	0.942	0.944	0.634	0.999
NDUFV2	COX6A2	9606.ENSP00000327268	9606.ENSP00000287490	0	0	0	0	0.383	0.845	0	0.357	0.933
NDUFV2	ATP5PO	9606.ENSP00000327268	9606.ENSP00000290299	0	0	0	0	0.836	0.094	0	0.529	0.924
NDUFV2	NDUFAF2	9606.ENSP00000327268	9606.ENSP00000296597	0	0	0	0	0.170	0.728	0.838	0.824	0.992
NDUFV2	NDUFS4	9606.ENSP00000327268	9606.ENSP00000296684	0	0	0	0	0.977	0.999	0.967	0.974	0.999
NDUFV2	NDUFB8	9606.ENSP00000327268	9606.ENSP00000299166	0	0	0	0	0.975	0.993	0.967	0.783	0.999
NDUFV2	NDUFA7	9606.ENSP00000327268	9606.ENSP00000301457	0	0	0	0	0.373	0.941	0.967	0.830	0.999
NDUFV2	ATP5PD	9606.ENSP00000327268	9606.ENSP00000301587	0	0	0	0	0.756	0.096	0	0.584	0.900
NDUFV2	UQCRFS1	9606.ENSP00000327268	9606.ENSP00000306397	0	0	0	0	0.926	0.988	0.809	0.781	0.999
NDUFV2	UQCRH	9606.ENSP00000327268	9606.ENSP00000309565	0	0	0	0	0.733	0.957	0.236	0.430	0.994
NDUFV2	NDUFS8	9606.ENSP00000327268	9606.ENSP00000315774	0.231	0	0	0	0.979	0.996	0.980	0.991	0.999
NDUFV2	CYC1	9606.ENSP00000327268	9606.ENSP00000317159	0	0	0	0	0.925	0.990	0.809	0.427	0.999
NDUFV2	COX5A	9606.ENSP00000327268	9606.ENSP00000317780	0	0	0	0	0.919	0.876	0	0.513	0.994
NDUFV2	NDUFAF3	9606.ENSP00000327268	9606.ENSP00000323076	0	0	0	0	0.153	0	0.838	0.616	0.942
NDUFV2	ATP5PF	9606.ENSP00000327268	9606.ENSP00000389649	0	0	0	0	0.808	0.097	0	0.485	0.903
NDUFV2	UQCR11	9606.ENSP00000327268	9606.ENSP00000467262	0	0	0	0	0.287	0.830	0	0.418	0.923
NDUFV2	COX7B	9606.ENSP00000327268	9606.ENSP00000497474	0	0	0	0	0.210	0.842	0	0.466	0.927
NDUFV2	ATP5PB	9606.ENSP00000327268	9606.ENSP00000358737	0	0	0	0	0.855	0.165	0	0.467	0.930
NDUFV2	SDHD	9606.ENSP00000327268	9606.ENSP00000364699	0	0	0	0	0.927	0	0	0.419	0.956
NDUFV2	NDUFAF4	9606.ENSP00000327268	9606.ENSP00000358272	0	0	0	0	0.133	0	0.838	0.739	0.960
NDUFV2	COX7C	9606.ENSP00000327268	9606.ENSP00000425759	0	0	0	0	0.670	0.843	0	0.415	0.967
NDUFV2	ATP5F1C	9606.ENSP00000327268	9606.ENSP00000349142	0	0	0	0	0.916	0.096	0	0.647	0.971
NDUFV2	COX6B1	9606.ENSP00000327268	9606.ENSP00000466818	0	0	0	0	0.640	0.851	0	0.519	0.972
NDUFV2	MT-CO2	9606.ENSP00000327268	9606.ENSP00000354876	0	0	0	0	0.167	0.685	0.809	0.531	0.973
NDUFV2	COX4I1	9606.ENSP00000327268	9606.ENSP00000457513	0	0	0	0	0.669	0.862	0	0.478	0.974
NDUFV2	SDHC	9606.ENSP00000327268	9606.ENSP00000356953	0	0	0	0	0.968	0	0	0.483	0.982
NDUFV2	MT-CO3	9606.ENSP00000327268	9606.ENSP00000354982	0	0	0	0	0.167	0.830	0.809	0.462	0.983
NDUFV2	MT-CYB	9606.ENSP00000327268	9606.ENSP00000354554	0	0	0	0	0.074	0.904	0.585	0.642	0.985
NDUFV2	MT-CO1	9606.ENSP00000327268	9606.ENSP00000354499	0	0	0	0	0.289	0.830	0.809	0.520	0.987
NDUFV2	NDUFA4	9606.ENSP00000327268	9606.ENSP00000339720	0	0	0	0	0.464	0.252	0.944	0.667	0.991
NDUFV2	UQCRQ	9606.ENSP00000327268	9606.ENSP00000367939	0	0	0	0	0.932	0.890	0	0.434	0.995
NDUFV2	MT-ND6	9606.ENSP00000327268	9606.ENSP00000354665	0	0	0	0	0	0.894	0.851	0.724	0.995
NDUFV2	UQCR10	9606.ENSP00000327268	9606.ENSP00000332887	0	0	0	0	0.864	0.967	0.172	0.420	0.997
NDUFV2	NDUFB2	9606.ENSP00000327268	9606.ENSP00000419087	0	0	0	0	0.145	0.812	0.967	0.579	0.997
NDUFV2	NDUFB1	9606.ENSP00000327268	9606.ENSP00000483888	0	0	0	0	0.334	0.954	0.900	0.447	0.998
NDUFV2	MT-ND4L	9606.ENSP00000327268	9606.ENSP00000354728	0	0	0	0	0	0.986	0.851	0.469	0.998
NDUFV2	NDUFB6	9606.ENSP00000327268	9606.ENSP00000369176	0	0	0	0	0.927	0.967	0.967	0.866	0.999
NDUFV2	NDUFA8	9606.ENSP00000327268	9606.ENSP00000362873	0	0	0	0	0.980	0.996	0.967	0.615	0.999
NDUFV2	NDUFS5	9606.ENSP00000327268	9606.ENSP00000362058	0	0	0	0	0.652	0.998	0.900	0.591	0.999
NDUFV2	NDUFS2	9606.ENSP00000327268	9606.ENSP00000356972	0.231	0.757	0	0	0.972	0.998	0.980	0.993	0.999
NDUFV2	NDUFV3	9606.ENSP00000327268	9606.ENSP00000346196	0	0	0	0	0.165	0.999	0.967	0.973	0.999
NDUFV2	MT-ND2	9606.ENSP00000327268	9606.ENSP00000355046	0.120	0	0	0	0.599	0.988	0.978	0.706	0.999
NDUFV2	NDUFV1	9606.ENSP00000327268	9606.ENSP00000497587	0.231	0	0.531	0	0.979	0.999	0.980	0.999	0.999
NDUFV2	MT-ND1	9606.ENSP00000327268	9606.ENSP00000354687	0.231	0	0	0	0.969	0.996	0.980	0.808	0.999
NDUFV2	NDUFA3	9606.ENSP00000327268	9606.ENSP00000418438	0	0	0	0	0.318	0.943	0.967	0.441	0.999
NDUFV2	NDUFA11	9606.ENSP00000327268	9606.ENSP00000389160	0	0	0	0	0.303	0.998	0.944	0.849	0.999
NDUFV2	NDUFA1	9606.ENSP00000327268	9606.ENSP00000360492	0	0	0	0	0.258	0.941	0.967	0.857	0.999
NDUFV2	MT-ND5	9606.ENSP00000327268	9606.ENSP00000354813	0.120	0	0	0	0.626	0.999	0.978	0.745	0.999
NDUFV2	NDUFA5	9606.ENSP00000327268	9606.ENSP00000417142	0	0	0	0	0.966	0.991	0.967	0.859	0.999
NDUFV2	NDUFA6	9606.ENSP00000327268	9606.ENSP00000482543	0	0	0	0	0.947	0.998	0.967	0.952	0.999
NDUFV2	SDHB	9606.ENSP00000327268	9606.ENSP00000364649	0	0	0	0	0.985	0.554	0.795	0.595	0.999
NDUFV2	UQCRB	9606.ENSP00000327268	9606.ENSP00000430494	0	0	0	0	0.949	0.967	0.284	0.488	0.999
NDUFV2	NDUFA12	9606.ENSP00000327268	9606.ENSP00000330737	0	0	0	0	0.979	0.998	0.967	0.844	0.999
NDUFV2	MT-ND4	9606.ENSP00000327268	9606.ENSP00000354961	0.231	0	0	0	0.968	0.993	0.980	0.752	0.999
NDUFV2	MT-ND3	9606.ENSP00000327268	9606.ENSP00000355206	0.231	0	0	0	0.910	0.991	0.980	0.717	0.999
NDUFV2	NDUFA13	9606.ENSP00000327268	9606.ENSP00000423673	0	0	0	0	0.767	0.998	0.967	0.667	0.999
NDUFV2	NDUFB3	9606.ENSP00000327268	9606.ENSP00000407336	0	0	0	0	0.678	0.993	0.967	0.777	0.999
NDUFV2	NDUFS1	9606.ENSP00000327268	9606.ENSP00000392709	0.231	0	0.334	0	0.978	0.999	0.980	0.999	0.999
NDUFV2	NDUFAB1	9606.ENSP00000327268	9606.ENSP00000458770	0.049	0	0	0	0.604	0.991	0.967	0.573	0.999
NDUFV2	NDUFC1	9606.ENSP00000327268	9606.ENSP00000441126	0	0	0	0	0.451	0.825	0.967	0.826	0.999
NDUFV3	NDUFB4	9606.ENSP00000346196	9606.ENSP00000184266	0	0	0	0	0.173	0.943	0.967	0.599	0.999
NDUFV3	UQCRC1	9606.ENSP00000346196	9606.ENSP00000203407	0	0	0	0	0.267	0.835	0	0.531	0.938
NDUFV3	NDUFB7	9606.ENSP00000346196	9606.ENSP00000215565	0	0	0	0	0.607	0.946	0.967	0.481	0.999
NDUFV3	NDUFS7	9606.ENSP00000346196	9606.ENSP00000233627	0	0	0	0	0.332	0.945	0.967	0.505	0.999
NDUFV3	NDUFA2	9606.ENSP00000346196	9606.ENSP00000252102	0	0	0	0	0.431	0.998	0.967	0.833	0.999
NDUFV3	NDUFA10	9606.ENSP00000346196	9606.ENSP00000252711	0	0	0	0	0.179	0.934	0.967	0.586	0.999
NDUFV3	COX5B	9606.ENSP00000346196	9606.ENSP00000258424	0	0	0	0	0.273	0.817	0	0.419	0.916
NDUFV3	NDUFB5	9606.ENSP00000346196	9606.ENSP00000259037	0	0	0	0	0.423	0.937	0.967	0.820	0.999
NDUFV3	NDUFAF1	9606.ENSP00000346196	9606.ENSP00000260361	0	0	0	0	0.064	0	0.967	0.359	0.978
NDUFV3	NDUFS3	9606.ENSP00000346196	9606.ENSP00000263774	0	0	0	0	0.161	0.998	0.967	0.449	0.999
NDUFV3	NDUFA9	9606.ENSP00000346196	9606.ENSP00000266544	0	0	0	0	0.270	0.998	0.944	0.537	0.999
NDUFV3	UQCRC2	9606.ENSP00000346196	9606.ENSP00000268379	0	0	0	0	0.170	0.831	0	0.442	0.915
NDUFV3	NDUFB10	9606.ENSP00000346196	9606.ENSP00000268668	0	0	0	0	0.698	0.945	0.967	0.542	0.999
NDUFV3	NDUFS6	9606.ENSP00000346196	9606.ENSP00000274137	0	0	0	0	0.558	0.998	0.967	0.930	0.999
NDUFV3	NDUFB11	9606.ENSP00000346196	9606.ENSP00000276062	0	0	0	0	0.316	0.958	0.967	0.571	0.999
NDUFV3	NDUFB9	9606.ENSP00000346196	9606.ENSP00000276689	0	0	0	0	0.393	0.937	0.967	0.541	0.999
NDUFV3	NDUFC2	9606.ENSP00000346196	9606.ENSP00000281031	0	0	0	0	0.172	0.932	0.944	0.556	0.998
NDUFV3	COX7A1	9606.ENSP00000346196	9606.ENSP00000292907	0	0	0	0	0.106	0.812	0	0.496	0.908
NDUFV3	NDUFAF2	9606.ENSP00000346196	9606.ENSP00000296597	0	0	0	0	0.083	0.435	0.935	0.323	0.974
NDUFV3	NDUFS4	9606.ENSP00000346196	9606.ENSP00000296684	0	0	0	0	0.169	0.999	0.967	0.864	0.999
NDUFV3	NDUFB8	9606.ENSP00000346196	9606.ENSP00000299166	0	0	0	0	0.240	0.940	0.967	0.561	0.999
NDUFV3	NDUFA7	9606.ENSP00000346196	9606.ENSP00000301457	0	0	0	0	0.401	0.938	0.967	0.808	0.999
NDUFV3	UQCRFS1	9606.ENSP00000346196	9606.ENSP00000306397	0	0	0	0	0.116	0.831	0	0.477	0.915
NDUFV3	UQCRH	9606.ENSP00000346196	9606.ENSP00000309565	0	0	0	0	0.564	0.845	0	0.404	0.956
NDUFV3	NDUFS8	9606.ENSP00000346196	9606.ENSP00000315774	0	0	0	0	0.386	0.940	0.967	0.544	0.999
NDUFV3	COX5A	9606.ENSP00000346196	9606.ENSP00000317780	0	0	0	0	0.416	0.812	0	0.385	0.926
NDUFV3	NDUFV2	9606.ENSP00000346196	9606.ENSP00000327268	0	0	0	0	0.165	0.999	0.967	0.973	0.999
NDUFV3	NDUFA12	9606.ENSP00000346196	9606.ENSP00000330737	0	0	0	0	0.351	0.998	0.967	0.852	0.999
NDUFV3	UQCR10	9606.ENSP00000346196	9606.ENSP00000332887	0	0	0	0	0.691	0.826	0	0.309	0.959
NDUFV3	NDUFA4	9606.ENSP00000346196	9606.ENSP00000339720	0	0	0	0	0.212	0.091	0.944	0.540	0.979
NDUFV3	UQCRQ	9606.ENSP00000346196	9606.ENSP00000367939	0	0	0	0	0.339	0.826	0	0.234	0.904
NDUFV3	COX7B	9606.ENSP00000346196	9606.ENSP00000497474	0	0	0	0	0.305	0.811	0	0.380	0.911
NDUFV3	COX6B1	9606.ENSP00000346196	9606.ENSP00000466818	0	0	0	0	0.273	0.819	0	0.380	0.911
NDUFV3	COX4I1	9606.ENSP00000346196	9606.ENSP00000457513	0	0	0	0	0.271	0.843	0	0.328	0.916
NDUFV3	UQCR11	9606.ENSP00000346196	9606.ENSP00000467262	0	0	0	0	0.618	0.812	0	0.294	0.945
NDUFV3	COX7C	9606.ENSP00000346196	9606.ENSP00000425759	0	0	0	0	0.611	0.812	0	0.321	0.946
NDUFV3	MT-ND4L	9606.ENSP00000346196	9606.ENSP00000354728	0	0	0	0	0	0.894	0.851	0.251	0.987
NDUFV3	MT-ND6	9606.ENSP00000346196	9606.ENSP00000354665	0	0	0	0	0	0.894	0.851	0.511	0.991
NDUFV3	MT-ND3	9606.ENSP00000346196	9606.ENSP00000355206	0	0	0	0	0	0.894	0.967	0.282	0.997
NDUFV3	NDUFB1	9606.ENSP00000346196	9606.ENSP00000483888	0	0	0	0	0.179	0.940	0.900	0.541	0.997
NDUFV3	MT-ND5	9606.ENSP00000346196	9606.ENSP00000354813	0	0	0	0	0.063	0.936	0.967	0.298	0.998
NDUFV3	NDUFB2	9606.ENSP00000346196	9606.ENSP00000419087	0	0	0	0	0.206	0.897	0.967	0.384	0.998
NDUFV3	MT-ND4	9606.ENSP00000346196	9606.ENSP00000354961	0	0	0	0	0.062	0.935	0.967	0.298	0.998
NDUFV3	TIMMDC1	9606.ENSP00000346196	9606.ENSP00000418803	0	0	0	0	0.101	0.994	0.500	0.359	0.998
NDUFV3	MT-ND1	9606.ENSP00000346196	9606.ENSP00000354687	0	0	0	0	0.063	0.903	0.967	0.540	0.998
NDUFV3	MT-ND2	9606.ENSP00000346196	9606.ENSP00000355046	0	0	0	0	0.056	0.948	0.967	0.283	0.998
NDUFV3	NDUFA6	9606.ENSP00000346196	9606.ENSP00000482543	0	0	0	0	0.379	0.998	0.967	0.852	0.999
NDUFV3	NDUFA5	9606.ENSP00000346196	9606.ENSP00000417142	0	0	0	0	0.358	0.939	0.967	0.823	0.999
NDUFV3	NDUFA13	9606.ENSP00000346196	9606.ENSP00000423673	0	0	0	0	0.686	0.943	0.967	0.408	0.999
NDUFV3	NDUFC1	9606.ENSP00000346196	9606.ENSP00000441126	0	0	0	0	0.589	0.825	0.967	0.846	0.999
NDUFV3	NDUFS1	9606.ENSP00000346196	9606.ENSP00000392709	0	0	0	0	0.163	0.982	0.967	0.931	0.999
NDUFV3	NDUFAB1	9606.ENSP00000346196	9606.ENSP00000458770	0	0	0	0	0.124	0.992	0.967	0.536	0.999
NDUFV3	NDUFB3	9606.ENSP00000346196	9606.ENSP00000407336	0	0	0	0	0.401	0.937	0.967	0.809	0.999
NDUFV3	NDUFB6	9606.ENSP00000346196	9606.ENSP00000369176	0	0	0	0	0.219	0.946	0.967	0.552	0.999
NDUFV3	NDUFS2	9606.ENSP00000346196	9606.ENSP00000356972	0	0	0	0	0.148	0.940	0.967	0.537	0.999
NDUFV3	NDUFS5	9606.ENSP00000346196	9606.ENSP00000362058	0	0	0	0	0.608	0.998	0.900	0.472	0.999
NDUFV3	NDUFA8	9606.ENSP00000346196	9606.ENSP00000362873	0	0	0	0	0.420	0.958	0.967	0.491	0.999
NDUFV3	NDUFA3	9606.ENSP00000346196	9606.ENSP00000418438	0	0	0	0	0.629	0.938	0.967	0.590	0.999
NDUFV3	NDUFV1	9606.ENSP00000346196	9606.ENSP00000497587	0	0	0	0	0.169	0.999	0.967	0.984	0.999
NDUFV3	NDUFA1	9606.ENSP00000346196	9606.ENSP00000360492	0	0	0	0	0.258	0.922	0.967	0.700	0.999
NDUFV3	NDUFA11	9606.ENSP00000346196	9606.ENSP00000389160	0	0	0	0	0.402	0.998	0.944	0.476	0.999
NFKB1	NFKBIA	9606.ENSP00000226574	9606.ENSP00000216797	0	0	0	0.755	0.242	0.997	0.900	0.986	0.999
NFKB1	PPP2CB	9606.ENSP00000226574	9606.ENSP00000221138	0	0	0	0	0.063	0.127	0.900	0.122	0.918
NFKB1	TNFAIP3	9606.ENSP00000226574	9606.ENSP00000481570	0	0	0	0	0.285	0.297	0	0.832	0.908
NFKB1	HMGB1	9606.ENSP00000226574	9606.ENSP00000345347	0	0	0	0	0.111	0.294	0.400	0.820	0.923
NFKB1	STAT1	9606.ENSP00000226574	9606.ENSP00000354394	0	0	0	0	0.129	0.045	0	0.918	0.926
NFKB1	IFNB1	9606.ENSP00000226574	9606.ENSP00000369581	0	0	0	0	0.045	0	0.650	0.802	0.928
NFKB1	PPP2CA	9606.ENSP00000226574	9606.ENSP00000418447	0	0	0	0	0.126	0.127	0.900	0.204	0.931
NFKB1	BIRC3	9606.ENSP00000226574	9606.ENSP00000263464	0	0	0	0	0.202	0.608	0	0.822	0.939
NFKB1	MAPK9	9606.ENSP00000226574	9606.ENSP00000394560	0	0	0	0	0.049	0.072	0.900	0.436	0.943
NFKB1	PRKACB	9606.ENSP00000226574	9606.ENSP00000359719	0	0	0	0	0.069	0.045	0.900	0.451	0.944
NFKB1	PRKACA	9606.ENSP00000226574	9606.ENSP00000309591	0	0	0	0	0.070	0.045	0.900	0.451	0.944
NFKB1	IL1A	9606.ENSP00000226574	9606.ENSP00000263339	0	0	0	0	0.176	0	0.400	0.900	0.946
NFKB1	TRAF6	9606.ENSP00000226574	9606.ENSP00000433623	0	0	0	0	0.088	0.045	0.500	0.902	0.951
NFKB1	PRKCQ	9606.ENSP00000226574	9606.ENSP00000263125	0	0	0	0	0.062	0.062	0.900	0.536	0.953
NFKB1	STAT3	9606.ENSP00000226574	9606.ENSP00000264657	0	0	0	0	0.126	0.598	0	0.902	0.962
NFKB1	IL18	9606.ENSP00000226574	9606.ENSP00000280357	0	0	0	0	0.053	0	0.900	0.799	0.979
NFKB1	MAPK8	9606.ENSP00000226574	9606.ENSP00000378974	0	0	0	0	0.067	0.072	0.900	0.869	0.987
NFKB1	TP53	9606.ENSP00000226574	9606.ENSP00000269305	0	0	0	0	0.098	0.045	0	0.989	0.989
NFKB1	TLR4	9606.ENSP00000226574	9606.ENSP00000363089	0	0	0	0	0.116	0.093	0.900	0.932	0.993
NFKB1	JUN	9606.ENSP00000226574	9606.ENSP00000360266	0	0	0	0	0.093	0.292	0	0.992	0.994
NFKB1	IL1B	9606.ENSP00000226574	9606.ENSP00000263341	0	0	0	0	0.200	0	0.900	0.959	0.996
NFKB1	TNF	9606.ENSP00000226574	9606.ENSP00000398698	0	0	0	0	0.194	0	0.900	0.995	0.999
NFKB1	IKBKB	9606.ENSP00000226574	9606.ENSP00000430684	0	0	0	0	0.125	0.885	0.900	0.979	0.999
NFKBIA	JUN	9606.ENSP00000216797	9606.ENSP00000360266	0	0	0	0	0.235	0.292	0	0.844	0.908
NFKBIA	TP53	9606.ENSP00000216797	9606.ENSP00000269305	0	0	0	0	0.051	0.623	0	0.781	0.915
NFKBIA	STAT1	9606.ENSP00000216797	9606.ENSP00000354394	0	0	0	0	0.115	0.294	0	0.877	0.917
NFKBIA	IL1B	9606.ENSP00000216797	9606.ENSP00000263341	0	0	0	0	0.283	0	0	0.927	0.945
NFKBIA	PRKACA	9606.ENSP00000216797	9606.ENSP00000309591	0	0	0	0	0.063	0.045	0.900	0.664	0.965
NFKBIA	PRKACB	9606.ENSP00000216797	9606.ENSP00000359719	0	0	0	0	0.063	0.045	0.900	0.664	0.965
NFKBIA	TRAF6	9606.ENSP00000216797	9606.ENSP00000433623	0	0	0	0	0.063	0.045	0.500	0.933	0.966
NFKBIA	TNF	9606.ENSP00000216797	9606.ENSP00000398698	0	0	0	0	0.338	0.292	0	0.937	0.967
NFKBIA	IKBKB	9606.ENSP00000216797	9606.ENSP00000430684	0	0	0	0	0.042	0.994	0.900	0.995	0.999
NFKBIA	NFKB1	9606.ENSP00000216797	9606.ENSP00000226574	0	0	0	0.755	0.242	0.997	0.900	0.986	0.999
NGF	NGFR	9606.ENSP00000358525	9606.ENSP00000172229	0	0	0	0	0	0.863	0.900	0.999	0.999
NGFR	PIK3CD	9606.ENSP00000172229	9606.ENSP00000366563	0	0	0	0	0.043	0	0.900	0	0.900
NGFR	PIK3R3	9606.ENSP00000172229	9606.ENSP00000262741	0	0	0	0	0	0	0.900	0.063	0.902
NGFR	PIK3CB	9606.ENSP00000172229	9606.ENSP00000501150	0	0	0	0	0	0	0.900	0.088	0.904
NGFR	PIK3R2	9606.ENSP00000172229	9606.ENSP00000222254	0	0	0	0	0	0	0.900	0.101	0.906
NGFR	PIK3CA	9606.ENSP00000172229	9606.ENSP00000263967	0	0	0	0	0	0	0.900	0.157	0.912
NGFR	FADD	9606.ENSP00000172229	9606.ENSP00000301838	0	0	0	0	0	0.066	0.900	0.248	0.923
NGFR	TRAF6	9606.ENSP00000172229	9606.ENSP00000433623	0	0	0	0	0	0.636	0.900	0.716	0.988
NGFR	NGF	9606.ENSP00000172229	9606.ENSP00000358525	0	0	0	0	0	0.863	0.900	0.999	0.999
NRAS	MAPK1	9606.ENSP00000358548	9606.ENSP00000215832	0	0	0	0	0.109	0.098	0.900	0.551	0.959
NRAS	PIK3R2	9606.ENSP00000358548	9606.ENSP00000222254	0	0	0	0	0.042	0.065	0.900	0.345	0.933
NRAS	KRAS	9606.ENSP00000358548	9606.ENSP00000256078	0	0	0.050	0.981	0.095	0.422	0.900	0.059	0.944
NRAS	PIK3R3	9606.ENSP00000358548	9606.ENSP00000262741	0	0	0	0	0.049	0.065	0.900	0.242	0.923
NRAS	MAP2K2	9606.ENSP00000358548	9606.ENSP00000262948	0	0	0	0	0.050	0.163	0.900	0.654	0.968
NRAS	MAPK3	9606.ENSP00000358548	9606.ENSP00000263025	0	0	0	0	0.063	0.275	0.900	0.620	0.970
NRAS	PIK3CA	9606.ENSP00000358548	9606.ENSP00000263967	0	0	0	0	0.125	0.483	0.900	0.921	0.995
NRAS	MAP2K1	9606.ENSP00000358548	9606.ENSP00000302486	0	0	0	0	0.060	0.163	0.900	0.813	0.983
NRAS	IL3RA	9606.ENSP00000358548	9606.ENSP00000327890	0	0	0	0	0	0	0.900	0.278	0.924
NRAS	CSF2RB	9606.ENSP00000358548	9606.ENSP00000384053	0	0	0	0	0.059	0	0.900	0.042	0.901
NRAS	MAPK9	9606.ENSP00000358548	9606.ENSP00000394560	0	0	0	0	0.103	0.145	0.900	0.220	0.932
NRAS	HRAS	9606.ENSP00000358548	9606.ENSP00000407586	0	0	0.050	0.981	0	0.330	0.900	0.059	0.932
NRAS	MAPK8	9606.ENSP00000358548	9606.ENSP00000378974	0	0	0	0	0.129	0.145	0.900	0.298	0.940
NRAS	PIK3CB	9606.ENSP00000358548	9606.ENSP00000501150	0	0	0	0	0.074	0.133	0.900	0.422	0.947
NRAS	PIK3CD	9606.ENSP00000358548	9606.ENSP00000366563	0	0	0	0	0.056	0.352	0.900	0.337	0.954
NRBF2	RB1CC1	9606.ENSP00000277746	9606.ENSP00000025008	0	0	0	0	0.063	0.994	0.900	0.592	0.999
NRBF2	PIK3C3	9606.ENSP00000277746	9606.ENSP00000262039	0	0	0	0	0.044	0.994	0.900	0.994	0.999
NRBF2	AMBRA1	9606.ENSP00000277746	9606.ENSP00000431926	0	0	0	0	0	0	0	0.923	0.923
NRBF2	ULK2	9606.ENSP00000277746	9606.ENSP00000378914	0	0	0	0	0	0	0.900	0.445	0.942
NRBF2	ATG101	9606.ENSP00000277746	9606.ENSP00000338990	0	0	0	0	0.064	0	0.900	0.626	0.962
NRBF2	ULK1	9606.ENSP00000277746	9606.ENSP00000324560	0	0	0	0	0.044	0.994	0.900	0.519	0.999
NRBF2	PIK3R4	9606.ENSP00000277746	9606.ENSP00000349205	0	0	0	0	0.045	0.994	0.800	0.994	0.999
NUBPL	NDUFS2	9606.ENSP00000281081	9606.ENSP00000356972	0	0	0	0	0.042	0	0.500	0.812	0.902
PARP1	PARP2	9606.ENSP00000355759	9606.ENSP00000250416	0	0	0.098	0.870	0.130	0.613	0.800	0.513	0.965
PARP1	TP53	9606.ENSP00000355759	9606.ENSP00000269305	0	0	0	0	0.067	0.794	0	0.870	0.972
PARP1	CASP3	9606.ENSP00000355759	9606.ENSP00000311032	0	0	0	0	0.064	0.867	0.900	0.953	0.999
PARP1	CASP9	9606.ENSP00000355759	9606.ENSP00000330237	0	0	0	0	0.049	0.091	0.900	0.915	0.991
PARP1	BCL2	9606.ENSP00000355759	9606.ENSP00000381185	0	0	0	0	0.112	0.292	0	0.879	0.917
PARP1	MACROH2A1	9606.ENSP00000355759	9606.ENSP00000423563	0	0	0	0	0.058	0.845	0	0.885	0.981
PARP1	CASP7	9606.ENSP00000355759	9606.ENSP00000358327	0	0	0	0	0.062	0.706	0.900	0.848	0.995
PARP2	CASP7	9606.ENSP00000250416	9606.ENSP00000358327	0	0	0	0	0.044	0.092	0.900	0.162	0.917
PARP2	CASP9	9606.ENSP00000250416	9606.ENSP00000330237	0	0	0	0	0.049	0.091	0.900	0.163	0.917
PARP2	CASP3	9606.ENSP00000250416	9606.ENSP00000311032	0	0	0	0	0	0.092	0.900	0.269	0.927
PARP2	H2AC6	9606.ENSP00000250416	9606.ENSP00000367022	0	0	0	0	0	0.941	0	0.072	0.942
PARP2	PARP1	9606.ENSP00000250416	9606.ENSP00000355759	0	0	0.098	0.870	0.130	0.613	0.800	0.513	0.965
PARP4	CASP3	9606.ENSP00000371419	9606.ENSP00000311032	0	0	0	0	0.049	0.071	0.900	0.160	0.915
PARP4	CASP9	9606.ENSP00000371419	9606.ENSP00000330237	0	0	0	0	0.049	0.071	0.900	0.118	0.911
PARP4	CASP7	9606.ENSP00000371419	9606.ENSP00000358327	0	0	0	0	0.109	0.071	0.900	0.079	0.913
PCBP1	PCBP2	9606.ENSP00000305556	9606.ENSP00000352438	0	0	0.050	0.980	0.633	0.626	0.900	0.919	0.998
PCBP2	PCBP1	9606.ENSP00000352438	9606.ENSP00000305556	0	0	0.050	0.980	0.633	0.626	0.900	0.919	0.998
PDPK1	PIK3R2	9606.ENSP00000344220	9606.ENSP00000222254	0	0	0	0	0.066	0	0.900	0.460	0.945
PDPK1	PIK3R3	9606.ENSP00000344220	9606.ENSP00000262741	0	0	0	0	0.049	0	0.900	0.424	0.940
PDPK1	PRKCQ	9606.ENSP00000344220	9606.ENSP00000263125	0	0	0	0.707	0	0.393	0.750	0.428	0.905
PDPK1	PIK3CA	9606.ENSP00000344220	9606.ENSP00000263967	0	0	0	0	0.126	0.073	0.900	0.744	0.976
PDPK1	IKBKB	9606.ENSP00000344220	9606.ENSP00000430684	0	0	0	0.587	0.141	0.104	0.900	0.131	0.924
PDPK1	AKT3	9606.ENSP00000344220	9606.ENSP00000500582	0	0	0.085	0.747	0	0.275	0.900	0.192	0.939
PDPK1	PIK3CD	9606.ENSP00000344220	9606.ENSP00000366563	0	0	0	0	0.056	0.073	0.900	0.482	0.948
PDPK1	AKT2	9606.ENSP00000344220	9606.ENSP00000375892	0	0	0.089	0.753	0.162	0.464	0.900	0.213	0.962
PDPK1	PIK3CB	9606.ENSP00000344220	9606.ENSP00000501150	0	0	0	0	0.126	0.073	0.900	0.706	0.973
PDPK1	AKT1	9606.ENSP00000344220	9606.ENSP00000451828	0	0	0.082	0.744	0.095	0.918	0.900	0.926	0.999
PET100	PNKD	9606.ENSP00000470539	9606.ENSP00000273077	0	0	0	0	0.049	0	0	0.902	0.902
PET100	NDUFB1	9606.ENSP00000470539	9606.ENSP00000483888	0	0	0	0	0.902	0	0	0.222	0.920
PET117	COX15	9606.ENSP00000397881	9606.ENSP00000016171	0	0	0	0	0	0.095	0	0.909	0.914
PET117	PNKD	9606.ENSP00000397881	9606.ENSP00000273077	0	0	0	0	0	0	0	0.913	0.913
PGAM5	RIPK1	9606.ENSP00000438465	9606.ENSP00000259808	0	0	0	0	0.042	0.292	0	0.913	0.936
PGAM5	BCL2L1	9606.ENSP00000438465	9606.ENSP00000365230	0	0	0	0	0.049	0.295	0.900	0.963	0.997
PGAM5	DNM1L	9606.ENSP00000438465	9606.ENSP00000449089	0	0	0	0	0.049	0.314	0.900	0.907	0.993
PIDD1	RIPK1	9606.ENSP00000337797	9606.ENSP00000259808	0	0	0	0.552	0.049	0.573	0	0.835	0.927
PIDD1	TP53	9606.ENSP00000337797	9606.ENSP00000269305	0	0	0	0	0.049	0.045	0.750	0.837	0.958
PIDD1	FADD	9606.ENSP00000337797	9606.ENSP00000301838	0	0	0	0	0.049	0.573	0	0.788	0.906
PIDD1	CASP2	9606.ENSP00000337797	9606.ENSP00000312664	0	0	0	0	0	0.660	0.800	0.998	0.999
PIDD1	BID	9606.ENSP00000337797	9606.ENSP00000318822	0	0	0	0	0.052	0	0.900	0.312	0.929
PIK3C3	RB1CC1	9606.ENSP00000262039	9606.ENSP00000025008	0	0	0	0	0.074	0	0.900	0.895	0.989
PIK3C3	GABARAPL2	9606.ENSP00000262039	9606.ENSP00000037243	0	0	0	0	0.044	0	0.900	0.852	0.984
PIK3C3	PIK3R2	9606.ENSP00000262039	9606.ENSP00000222254	0	0	0	0	0.049	0	0.900	0.358	0.933
PIK3C3	WIPI1	9606.ENSP00000262039	9606.ENSP00000262139	0	0	0	0	0.060	0	0	0.900	0.902
PIK3C3	CAMK2A	9606.ENSP00000262039	9606.ENSP00000500386	0	0	0	0	0	0	0.900	0.076	0.903
PIK3C3	CAMK2B	9606.ENSP00000262039	9606.ENSP00000379098	0	0	0	0	0	0	0.900	0.073	0.903
PIK3C3	SH3GLB1	9606.ENSP00000262039	9606.ENSP00000479919	0	0	0	0	0.092	0.292	0	0.879	0.915
PIK3C3	VMP1	9606.ENSP00000262039	9606.ENSP00000262291	0	0	0	0	0.047	0.292	0	0.889	0.919
PIK3C3	ATG7	9606.ENSP00000262039	9606.ENSP00000346437	0	0	0	0	0.063	0.064	0	0.924	0.927
PIK3C3	ATG16L1	9606.ENSP00000262039	9606.ENSP00000375873	0	0	0	0	0	0.087	0.500	0.858	0.929
PIK3C3	ATG3	9606.ENSP00000262039	9606.ENSP00000283290	0	0	0	0	0.060	0.108	0.500	0.858	0.933
PIK3C3	PIK3R3	9606.ENSP00000262039	9606.ENSP00000262741	0	0	0	0	0.049	0	0.900	0.357	0.933
PIK3C3	PTEN	9606.ENSP00000262039	9606.ENSP00000361021	0	0	0	0	0.056	0.075	0.900	0.530	0.953
PIK3C3	ATG12	9606.ENSP00000262039	9606.ENSP00000425107	0	0	0	0	0.169	0	0.500	0.932	0.969
PIK3C3	WIPI2	9606.ENSP00000262039	9606.ENSP00000288828	0	0	0	0	0.057	0	0.500	0.944	0.971
PIK3C3	ATG5	9606.ENSP00000262039	9606.ENSP00000358072	0	0	0	0	0.056	0.087	0.500	0.944	0.972
PIK3C3	BCL2	9606.ENSP00000262039	9606.ENSP00000381185	0	0	0	0	0.050	0.069	0	0.975	0.976
PIK3C3	GABARAPL1	9606.ENSP00000262039	9606.ENSP00000411256	0	0	0	0	0	0	0.900	0.852	0.984
PIK3C3	ATG13	9606.ENSP00000262039	9606.ENSP00000432412	0	0	0	0	0.049	0.292	0.500	0.960	0.985
PIK3C3	ATG101	9606.ENSP00000262039	9606.ENSP00000338990	0	0	0	0	0.049	0.292	0.900	0.863	0.989
PIK3C3	GABARAP	9606.ENSP00000262039	9606.ENSP00000306866	0	0	0	0	0.049	0	0.900	0.914	0.991
PIK3C3	ULK2	9606.ENSP00000262039	9606.ENSP00000378914	0	0	0	0	0.047	0.840	0.900	0.856	0.997
PIK3C3	RUBCN	9606.ENSP00000262039	9606.ENSP00000296343	0	0	0	0	0.049	0.873	0	0.981	0.997
PIK3C3	ULK1	9606.ENSP00000262039	9606.ENSP00000324560	0	0	0	0	0	0.840	0.900	0.962	0.999
PIK3C3	NRBF2	9606.ENSP00000262039	9606.ENSP00000277746	0	0	0	0	0.044	0.994	0.900	0.994	0.999
PIK3C3	AMBRA1	9606.ENSP00000262039	9606.ENSP00000431926	0	0	0	0	0.090	0.295	0.500	0.999	0.999
PIK3C3	PIK3R4	9606.ENSP00000262039	9606.ENSP00000349205	0	0	0	0	0.158	0.997	0.967	0.999	0.999
PIK3CA	NGFR	9606.ENSP00000263967	9606.ENSP00000172229	0	0	0	0	0	0	0.900	0.157	0.912
PIK3CA	PIK3R2	9606.ENSP00000263967	9606.ENSP00000222254	0	0	0	0	0	0.881	0.922	0.996	0.999
PIK3CA	RRAS	9606.ENSP00000263967	9606.ENSP00000246792	0	0	0	0	0.061	0.954	0.900	0.530	0.997
PIK3CA	KRAS	9606.ENSP00000263967	9606.ENSP00000256078	0	0	0	0	0.143	0.627	0.900	0.951	0.998
PIK3CA	PIK3R3	9606.ENSP00000263967	9606.ENSP00000262741	0	0	0	0	0	0.881	0.944	0.994	0.999
PIK3CA	PRKCD	9606.ENSP00000263967	9606.ENSP00000331602	0	0	0	0	0.062	0	0.900	0.204	0.918
PIK3CA	TLR4	9606.ENSP00000263967	9606.ENSP00000363089	0	0	0	0	0.080	0.086	0.900	0.246	0.928
PIK3CA	TP53	9606.ENSP00000263967	9606.ENSP00000269305	0	0	0	0	0	0.292	0	0.920	0.941
PIK3CA	MTOR	9606.ENSP00000263967	9606.ENSP00000354558	0	0	0	0.548	0.060	0.166	0.900	0.592	0.963
PIK3CA	JAK3	9606.ENSP00000263967	9606.ENSP00000432511	0	0	0	0	0.048	0.069	0.900	0.675	0.967
PIK3CA	JAK1	9606.ENSP00000263967	9606.ENSP00000499900	0	0	0	0	0.068	0.069	0.900	0.690	0.969
PIK3CA	IRS4	9606.ENSP00000263967	9606.ENSP00000361202	0	0	0	0	0.062	0.648	0.900	0.256	0.972
PIK3CA	PDPK1	9606.ENSP00000263967	9606.ENSP00000344220	0	0	0	0	0.126	0.073	0.900	0.744	0.976
PIK3CA	JAK2	9606.ENSP00000263967	9606.ENSP00000371067	0	0	0	0	0.263	0.069	0.900	0.754	0.980
PIK3CA	AKT3	9606.ENSP00000263967	9606.ENSP00000500582	0	0	0	0	0.075	0.098	0.900	0.838	0.984
PIK3CA	AKT2	9606.ENSP00000263967	9606.ENSP00000375892	0	0	0	0	0.042	0.098	0.900	0.841	0.984
PIK3CA	HRAS	9606.ENSP00000263967	9606.ENSP00000407586	0	0	0	0	0.100	0.758	0.900	0.800	0.995
PIK3CA	PTEN	9606.ENSP00000263967	9606.ENSP00000361021	0	0	0	0	0.112	0.134	0.900	0.949	0.995
PIK3CA	NRAS	9606.ENSP00000263967	9606.ENSP00000358548	0	0	0	0	0.125	0.483	0.900	0.921	0.995
PIK3CA	MRAS	9606.ENSP00000263967	9606.ENSP00000289104	0	0	0	0	0.061	0.954	0.900	0.232	0.996
PIK3CA	PIK3CD	9606.ENSP00000263967	9606.ENSP00000366563	0	0	0.060	0.888	0	0	0.900	0.983	0.998
PIK3CA	PIK3CB	9606.ENSP00000263967	9606.ENSP00000501150	0	0	0.060	0.882	0.083	0	0.900	0.984	0.998
PIK3CA	AKT1	9606.ENSP00000263967	9606.ENSP00000451828	0	0	0	0	0.060	0.738	0.900	0.951	0.998
PIK3CB	NGFR	9606.ENSP00000501150	9606.ENSP00000172229	0	0	0	0	0	0	0.900	0.088	0.904
PIK3CB	PIK3R2	9606.ENSP00000501150	9606.ENSP00000222254	0	0	0	0	0	0.916	0.914	0.996	0.999
PIK3CB	RRAS	9606.ENSP00000501150	9606.ENSP00000246792	0	0	0	0	0.061	0.316	0.900	0.243	0.944
PIK3CB	KRAS	9606.ENSP00000501150	9606.ENSP00000256078	0	0	0	0	0.070	0.216	0.900	0.679	0.973
PIK3CB	PIK3R3	9606.ENSP00000501150	9606.ENSP00000262741	0	0	0	0	0	0.857	0.914	0.996	0.999
PIK3CB	PIK3CA	9606.ENSP00000501150	9606.ENSP00000263967	0	0	0.060	0.882	0.083	0	0.900	0.984	0.998
PIK3CB	MRAS	9606.ENSP00000501150	9606.ENSP00000289104	0	0	0	0	0.061	0.504	0.900	0.271	0.961
PIK3CB	PRKCD	9606.ENSP00000501150	9606.ENSP00000331602	0	0	0	0	0.105	0.292	0.900	0.527	0.966
PIK3CB	PDPK1	9606.ENSP00000501150	9606.ENSP00000344220	0	0	0	0	0.126	0.073	0.900	0.706	0.973
PIK3CB	MTOR	9606.ENSP00000501150	9606.ENSP00000354558	0	0	0	0.549	0.082	0.166	0.900	0.350	0.943
PIK3CB	NRAS	9606.ENSP00000501150	9606.ENSP00000358548	0	0	0	0	0.074	0.133	0.900	0.422	0.947
PIK3CB	PTEN	9606.ENSP00000501150	9606.ENSP00000361021	0	0	0	0	0.058	0.134	0.900	0.829	0.984
PIK3CB	IRS4	9606.ENSP00000501150	9606.ENSP00000361202	0	0	0	0	0.062	0.594	0.900	0.196	0.965
PIK3CB	TLR4	9606.ENSP00000501150	9606.ENSP00000363089	0	0	0	0	0.086	0.086	0.900	0.203	0.924
PIK3CB	PIK3CD	9606.ENSP00000501150	9606.ENSP00000366563	0	0	0.060	0.956	0	0	0.900	0.983	0.998
PIK3CB	JAK2	9606.ENSP00000501150	9606.ENSP00000371067	0	0	0	0	0.091	0.069	0.900	0.324	0.935
PIK3CB	AKT2	9606.ENSP00000501150	9606.ENSP00000375892	0	0	0	0	0.048	0.276	0.900	0.783	0.983
PIK3CB	HRAS	9606.ENSP00000501150	9606.ENSP00000407586	0	0	0	0	0.056	0.133	0.900	0.610	0.963
PIK3CB	JAK3	9606.ENSP00000501150	9606.ENSP00000432511	0	0	0	0	0.048	0.069	0.900	0.242	0.923
PIK3CB	AKT1	9606.ENSP00000501150	9606.ENSP00000451828	0	0	0	0	0.049	0.334	0.900	0.901	0.992
PIK3CB	JAK1	9606.ENSP00000501150	9606.ENSP00000499900	0	0	0	0	0.133	0.069	0.900	0.267	0.933
PIK3CB	AKT3	9606.ENSP00000501150	9606.ENSP00000500582	0	0	0	0	0	0.098	0.900	0.636	0.964
PIK3CD	NGFR	9606.ENSP00000366563	9606.ENSP00000172229	0	0	0	0	0.043	0	0.900	0	0.900
PIK3CD	PIK3R2	9606.ENSP00000366563	9606.ENSP00000222254	0	0	0	0	0.042	0.563	0.914	0.996	0.999
PIK3CD	RRAS	9606.ENSP00000366563	9606.ENSP00000246792	0	0	0	0	0.061	0.954	0.900	0.509	0.997
PIK3CD	KRAS	9606.ENSP00000366563	9606.ENSP00000256078	0	0	0	0	0.056	0.352	0.900	0.637	0.974
PIK3CD	PIK3R3	9606.ENSP00000366563	9606.ENSP00000262741	0	0	0	0	0	0.610	0.914	0.996	0.999
PIK3CD	PIK3CA	9606.ENSP00000366563	9606.ENSP00000263967	0	0	0.060	0.888	0	0	0.900	0.983	0.998
PIK3CD	MRAS	9606.ENSP00000366563	9606.ENSP00000289104	0	0	0	0	0.061	0.504	0.900	0.145	0.954
PIK3CD	PRKCD	9606.ENSP00000366563	9606.ENSP00000331602	0	0	0	0	0.095	0	0.900	0.223	0.923
PIK3CD	PDPK1	9606.ENSP00000366563	9606.ENSP00000344220	0	0	0	0	0.056	0.073	0.900	0.482	0.948
PIK3CD	MTOR	9606.ENSP00000366563	9606.ENSP00000354558	0	0	0	0.550	0.056	0.166	0.900	0.360	0.942
PIK3CD	NRAS	9606.ENSP00000366563	9606.ENSP00000358548	0	0	0	0	0.056	0.352	0.900	0.337	0.954
PIK3CD	PTEN	9606.ENSP00000366563	9606.ENSP00000361021	0	0	0	0	0.058	0.134	0.900	0.708	0.973
PIK3CD	IRS4	9606.ENSP00000366563	9606.ENSP00000361202	0	0	0	0	0.062	0.133	0.900	0.122	0.919
PIK3CD	TLR4	9606.ENSP00000366563	9606.ENSP00000363089	0	0	0	0	0.124	0.094	0.900	0.273	0.934
PIK3CD	JAK3	9606.ENSP00000366563	9606.ENSP00000432511	0	0	0	0	0.114	0.069	0.900	0.326	0.937
PIK3CD	JAK2	9606.ENSP00000366563	9606.ENSP00000371067	0	0	0	0	0.064	0.069	0.900	0.375	0.938
PIK3CD	JAK1	9606.ENSP00000366563	9606.ENSP00000499900	0	0	0	0	0.103	0.069	0.900	0.420	0.945
PIK3CD	AKT3	9606.ENSP00000366563	9606.ENSP00000500582	0	0	0	0	0	0.098	0.900	0.494	0.950
PIK3CD	AKT2	9606.ENSP00000366563	9606.ENSP00000375892	0	0	0	0	0.042	0.286	0.900	0.520	0.962
PIK3CD	HRAS	9606.ENSP00000366563	9606.ENSP00000407586	0	0	0	0	0.056	0.644	0.900	0.239	0.971
PIK3CD	AKT1	9606.ENSP00000366563	9606.ENSP00000451828	0	0	0	0	0.042	0.098	0.900	0.757	0.976
PIK3CD	PIK3CB	9606.ENSP00000366563	9606.ENSP00000501150	0	0	0.060	0.956	0	0	0.900	0.983	0.998
PIK3R2	NGFR	9606.ENSP00000222254	9606.ENSP00000172229	0	0	0	0	0	0	0.900	0.101	0.906
PIK3R2	MRAS	9606.ENSP00000222254	9606.ENSP00000289104	0	0	0	0	0	0.054	0.900	0.064	0.903
PIK3R2	TLR4	9606.ENSP00000222254	9606.ENSP00000363089	0	0	0	0	0	0	0.900	0.162	0.912
PIK3R2	RRAS	9606.ENSP00000222254	9606.ENSP00000246792	0	0	0	0	0.042	0.054	0.900	0.170	0.914
PIK3R2	PRKCD	9606.ENSP00000222254	9606.ENSP00000331602	0	0	0	0	0.042	0.049	0.900	0.191	0.916
PIK3R2	JAK1	9606.ENSP00000222254	9606.ENSP00000499900	0	0	0	0	0.042	0.093	0.900	0.203	0.921
PIK3R2	JAK2	9606.ENSP00000222254	9606.ENSP00000371067	0	0	0	0	0	0.093	0.900	0.226	0.923
PIK3R2	JAK3	9606.ENSP00000222254	9606.ENSP00000432511	0	0	0	0	0	0.176	0.900	0.170	0.925
PIK3R2	HRAS	9606.ENSP00000222254	9606.ENSP00000407586	0	0	0	0	0.059	0.065	0.900	0.305	0.930
PIK3R2	PIK3C3	9606.ENSP00000222254	9606.ENSP00000262039	0	0	0	0	0.049	0	0.900	0.358	0.933
PIK3R2	NRAS	9606.ENSP00000222254	9606.ENSP00000358548	0	0	0	0	0.042	0.065	0.900	0.345	0.933
PIK3R2	MTOR	9606.ENSP00000222254	9606.ENSP00000354558	0	0	0	0	0.060	0	0.900	0.453	0.944
PIK3R2	PDPK1	9606.ENSP00000222254	9606.ENSP00000344220	0	0	0	0	0.066	0	0.900	0.460	0.945
PIK3R2	KRAS	9606.ENSP00000222254	9606.ENSP00000256078	0	0	0	0	0.047	0.147	0.900	0.417	0.946
PIK3R2	AKT2	9606.ENSP00000222254	9606.ENSP00000375892	0	0	0	0	0.074	0.093	0.900	0.615	0.963
PIK3R2	AKT3	9606.ENSP00000222254	9606.ENSP00000500582	0	0	0	0	0.067	0.093	0.900	0.657	0.967
PIK3R2	AKT1	9606.ENSP00000222254	9606.ENSP00000451828	0	0	0	0	0.128	0.093	0.900	0.677	0.971
PIK3R2	PTEN	9606.ENSP00000222254	9606.ENSP00000361021	0	0	0	0	0	0.313	0.900	0.806	0.985
PIK3R2	IRS4	9606.ENSP00000222254	9606.ENSP00000361202	0	0	0	0	0	0.833	0.900	0.249	0.986
PIK3R2	PIK3R3	9606.ENSP00000222254	9606.ENSP00000262741	0	0	0.049	0.971	0.049	0.835	0.900	0.957	0.999
PIK3R2	PIK3CB	9606.ENSP00000222254	9606.ENSP00000501150	0	0	0	0	0	0.916	0.914	0.996	0.999
PIK3R2	PIK3CD	9606.ENSP00000222254	9606.ENSP00000366563	0	0	0	0	0.042	0.563	0.914	0.996	0.999
PIK3R2	PIK3CA	9606.ENSP00000222254	9606.ENSP00000263967	0	0	0	0	0	0.881	0.922	0.996	0.999
PIK3R3	NGFR	9606.ENSP00000262741	9606.ENSP00000172229	0	0	0	0	0	0	0.900	0.063	0.902
PIK3R3	PIK3R2	9606.ENSP00000262741	9606.ENSP00000222254	0	0	0.049	0.971	0.049	0.835	0.900	0.957	0.999
PIK3R3	RRAS	9606.ENSP00000262741	9606.ENSP00000246792	0	0	0	0	0	0.054	0.900	0.179	0.915
PIK3R3	KRAS	9606.ENSP00000262741	9606.ENSP00000256078	0	0	0	0	0	0.065	0.900	0.535	0.952
PIK3R3	PIK3C3	9606.ENSP00000262741	9606.ENSP00000262039	0	0	0	0	0.049	0	0.900	0.357	0.933
PIK3R3	TLR4	9606.ENSP00000262741	9606.ENSP00000363089	0	0	0	0	0	0	0.900	0.133	0.909
PIK3R3	MRAS	9606.ENSP00000262741	9606.ENSP00000289104	0	0	0	0	0	0.054	0.900	0.129	0.910
PIK3R3	JAK3	9606.ENSP00000262741	9606.ENSP00000432511	0	0	0	0	0	0.093	0.900	0.123	0.913
PIK3R3	PRKCD	9606.ENSP00000262741	9606.ENSP00000331602	0	0	0	0	0	0.049	0.900	0.187	0.915
PIK3R3	HRAS	9606.ENSP00000262741	9606.ENSP00000407586	0	0	0	0	0	0.065	0.900	0.232	0.922
PIK3R3	NRAS	9606.ENSP00000262741	9606.ENSP00000358548	0	0	0	0	0.049	0.065	0.900	0.242	0.923
PIK3R3	MTOR	9606.ENSP00000262741	9606.ENSP00000354558	0	0	0	0	0.049	0	0.900	0.397	0.937
PIK3R3	JAK2	9606.ENSP00000262741	9606.ENSP00000371067	0	0	0	0	0	0.093	0.900	0.391	0.939
PIK3R3	PDPK1	9606.ENSP00000262741	9606.ENSP00000344220	0	0	0	0	0.049	0	0.900	0.424	0.940
PIK3R3	JAK1	9606.ENSP00000262741	9606.ENSP00000499900	0	0	0	0	0	0.093	0.900	0.469	0.947
PIK3R3	AKT2	9606.ENSP00000262741	9606.ENSP00000375892	0	0	0	0	0.051	0.093	0.900	0.528	0.953
PIK3R3	PTEN	9606.ENSP00000262741	9606.ENSP00000361021	0	0	0	0	0	0.070	0.900	0.558	0.955
PIK3R3	AKT1	9606.ENSP00000262741	9606.ENSP00000451828	0	0	0	0	0.051	0.093	0.900	0.610	0.962
PIK3R3	AKT3	9606.ENSP00000262741	9606.ENSP00000500582	0	0	0	0	0.051	0.093	0.900	0.733	0.973
PIK3R3	IRS4	9606.ENSP00000262741	9606.ENSP00000361202	0	0	0	0	0	0.712	0.900	0.202	0.975
PIK3R3	PIK3CA	9606.ENSP00000262741	9606.ENSP00000263967	0	0	0	0	0	0.881	0.944	0.994	0.999
PIK3R3	PIK3CD	9606.ENSP00000262741	9606.ENSP00000366563	0	0	0	0	0	0.610	0.914	0.996	0.999
PIK3R3	PIK3CB	9606.ENSP00000262741	9606.ENSP00000501150	0	0	0	0	0	0.857	0.914	0.996	0.999
PIK3R4	RB1CC1	9606.ENSP00000349205	9606.ENSP00000025008	0	0	0	0	0.056	0	0.900	0.872	0.986
PIK3R4	GABARAPL2	9606.ENSP00000349205	9606.ENSP00000037243	0	0	0	0	0.063	0	0.500	0.828	0.912
PIK3R4	PIK3C3	9606.ENSP00000349205	9606.ENSP00000262039	0	0	0	0	0.158	0.997	0.967	0.999	0.999
PIK3R4	NRBF2	9606.ENSP00000349205	9606.ENSP00000277746	0	0	0	0	0.045	0.994	0.800	0.994	0.999
PIK3R4	ATG3	9606.ENSP00000349205	9606.ENSP00000283290	0	0	0	0	0.063	0.064	0.500	0.839	0.920
PIK3R4	RUBCN	9606.ENSP00000349205	9606.ENSP00000296343	0	0	0	0	0.042	0.615	0	0.979	0.991
PIK3R4	ULK1	9606.ENSP00000349205	9606.ENSP00000324560	0	0	0	0	0	0.840	0.900	0.851	0.997
PIK3R4	ATG101	9606.ENSP00000349205	9606.ENSP00000338990	0	0	0	0	0.049	0	0.900	0.863	0.985
PIK3R4	ATG7	9606.ENSP00000349205	9606.ENSP00000346437	0	0	0	0	0.126	0.064	0	0.929	0.937
PIK3R4	GABARAPL1	9606.ENSP00000349205	9606.ENSP00000411256	0	0	0	0	0.056	0	0.500	0.828	0.912
PIK3R4	ATG12	9606.ENSP00000349205	9606.ENSP00000425107	0	0	0	0	0.044	0	0.500	0.856	0.925
PIK3R4	ATG16L1	9606.ENSP00000349205	9606.ENSP00000375873	0	0	0	0	0.042	0	0.500	0.879	0.937
PIK3R4	ATG5	9606.ENSP00000349205	9606.ENSP00000358072	0	0	0	0	0.049	0	0.500	0.893	0.944
PIK3R4	SH3GLB1	9606.ENSP00000349205	9606.ENSP00000479919	0	0	0	0	0.049	0	0	0.945	0.945
PIK3R4	ATG13	9606.ENSP00000349205	9606.ENSP00000432412	0	0	0	0	0.060	0	0.500	0.916	0.957
PIK3R4	ULK2	9606.ENSP00000349205	9606.ENSP00000378914	0	0	0	0	0	0.840	0.900	0.773	0.996
PIK3R4	AMBRA1	9606.ENSP00000349205	9606.ENSP00000431926	0	0	0	0	0.311	0	0.500	0.996	0.998
PLA2G4A	MAPK1	9606.ENSP00000356436	9606.ENSP00000215832	0	0	0	0	0.045	0.510	0.900	0.449	0.970
PLA2G4A	MAPK3	9606.ENSP00000356436	9606.ENSP00000263025	0	0	0	0	0.045	0.292	0.900	0.437	0.956
PLA2G4B	MAPK1	9606.ENSP00000396045	9606.ENSP00000215832	0	0	0	0	0.049	0	0.900	0.082	0.905
PLA2G4B	MAPK3	9606.ENSP00000396045	9606.ENSP00000263025	0	0	0	0	0.049	0	0.900	0.057	0.902
PLA2G4C	MAPK1	9606.ENSP00000472546	9606.ENSP00000215832	0	0	0	0	0.055	0	0.900	0.091	0.906
PLA2G4C	MAPK3	9606.ENSP00000472546	9606.ENSP00000263025	0	0	0	0	0.055	0	0.900	0.098	0.907
PLA2G4D	MAPK1	9606.ENSP00000290472	9606.ENSP00000215832	0	0	0	0	0.049	0	0.900	0.064	0.903
PLA2G4D	MAPK3	9606.ENSP00000290472	9606.ENSP00000263025	0	0	0	0	0.049	0	0.900	0.112	0.908
PLA2G4E	MAPK1	9606.ENSP00000382434	9606.ENSP00000215832	0	0	0	0	0.049	0	0.900	0.062	0.903
PLA2G4E	MAPK3	9606.ENSP00000382434	9606.ENSP00000263025	0	0	0	0	0.049	0	0.900	0.088	0.905
PLA2G4F	MAPK1	9606.ENSP00000380442	9606.ENSP00000215832	0	0	0	0	0.049	0	0.900	0.064	0.903
PLA2G4F	MAPK3	9606.ENSP00000380442	9606.ENSP00000263025	0	0	0	0	0.056	0	0.900	0.078	0.905
PNKD	PET100	9606.ENSP00000273077	9606.ENSP00000470539	0	0	0	0	0.049	0	0	0.902	0.902
PNKD	PET117	9606.ENSP00000273077	9606.ENSP00000397881	0	0	0	0	0	0	0	0.913	0.913
PPIA	AIFM1	9606.ENSP00000419425	9606.ENSP00000287295	0	0	0	0	0.049	0.331	0.800	0.518	0.930
PPIA	PPID	9606.ENSP00000419425	9606.ENSP00000303754	0	0	0.061	0.954	0.056	0.196	0	0.900	0.919
PPID	TP53	9606.ENSP00000303754	9606.ENSP00000269305	0	0	0	0	0.086	0.292	0	0.907	0.934
PPID	SLC25A4	9606.ENSP00000303754	9606.ENSP00000281456	0	0	0	0	0.075	0.207	0.900	0.309	0.942
PPID	ATP5PO	9606.ENSP00000303754	9606.ENSP00000290299	0	0	0	0	0.086	0.294	0	0.939	0.957
PPID	PPIA	9606.ENSP00000303754	9606.ENSP00000419425	0	0	0.061	0.954	0.056	0.196	0	0.900	0.919
PPID	VDAC3	9606.ENSP00000303754	9606.ENSP00000428845	0	0	0	0	0.085	0.051	0.900	0.358	0.936
PPID	VDAC2	9606.ENSP00000303754	9606.ENSP00000361635	0	0	0	0	0.092	0.051	0.900	0.345	0.936
PPID	SLC25A5	9606.ENSP00000303754	9606.ENSP00000360671	0	0	0	0	0.081	0.207	0.900	0.247	0.937
PPID	BCL2	9606.ENSP00000303754	9606.ENSP00000381185	0	0	0	0	0	0.294	0.900	0.317	0.947
PPID	SLC25A6	9606.ENSP00000303754	9606.ENSP00000370808	0	0	0	0	0.075	0.207	0.900	0.381	0.948
PPID	BNIP3	9606.ENSP00000303754	9606.ENSP00000357625	0	0	0	0	0.060	0	0.900	0.538	0.952
PPID	VDAC1	9606.ENSP00000303754	9606.ENSP00000378487	0	0	0	0	0.122	0.051	0.900	0.931	0.993
PPID	HSP90AA1	9606.ENSP00000303754	9606.ENSP00000335153	0	0	0	0	0.443	0.730	0.500	0.996	0.999
PPID	HSP90AB1	9606.ENSP00000303754	9606.ENSP00000360609	0	0	0	0	0.443	0.643	0.500	0.996	0.999
PPP2CA	MAPK1	9606.ENSP00000418447	9606.ENSP00000215832	0	0	0	0	0.107	0.356	0.900	0.607	0.974
PPP2CA	PPP2CB	9606.ENSP00000418447	9606.ENSP00000221138	0	0	0.047	0.986	0.072	0.785	0.900	0.409	0.986
PPP2CA	NFKB1	9606.ENSP00000418447	9606.ENSP00000226574	0	0	0	0	0.126	0.127	0.900	0.204	0.931
PPP2CA	MAP2K2	9606.ENSP00000418447	9606.ENSP00000262948	0	0	0	0	0.118	0.104	0.900	0.497	0.955
PPP2CA	MAPK3	9606.ENSP00000418447	9606.ENSP00000263025	0	0	0	0	0.082	0.554	0.900	0.390	0.971
PPP2CA	MAP2K1	9606.ENSP00000418447	9606.ENSP00000302486	0	0	0	0	0.172	0.104	0.900	0.342	0.944
PPP2CA	ULK1	9606.ENSP00000418447	9606.ENSP00000324560	0	0	0	0	0.048	0.091	0.900	0.162	0.917
PPP2CA	ATG101	9606.ENSP00000418447	9606.ENSP00000338990	0	0	0	0	0.081	0	0.900	0.057	0.905
PPP2CA	IGBP1	9606.ENSP00000418447	9606.ENSP00000363661	0	0	0	0	0.075	0.999	0.900	0.753	0.999
PPP2CA	ULK2	9606.ENSP00000418447	9606.ENSP00000378914	0	0	0	0	0	0.091	0.900	0.116	0.912
PPP2CA	BCL2	9606.ENSP00000418447	9606.ENSP00000381185	0	0	0	0	0	0.515	0.900	0.297	0.962
PPP2CA	AKT1	9606.ENSP00000418447	9606.ENSP00000451828	0	0	0	0	0.055	0.842	0.650	0.667	0.980
PPP2CB	MAPK1	9606.ENSP00000221138	9606.ENSP00000215832	0	0	0	0	0.129	0.129	0.900	0.474	0.954
PPP2CB	ATG101	9606.ENSP00000221138	9606.ENSP00000338990	0	0	0	0	0	0	0.900	0	0.900
PPP2CB	BCL2	9606.ENSP00000221138	9606.ENSP00000381185	0	0	0	0	0	0.051	0.900	0.078	0.904
PPP2CB	ULK2	9606.ENSP00000221138	9606.ENSP00000378914	0	0	0	0	0	0.091	0.900	0.116	0.912
PPP2CB	ULK1	9606.ENSP00000221138	9606.ENSP00000324560	0	0	0	0	0.049	0.091	0.900	0.116	0.913
PPP2CB	NFKB1	9606.ENSP00000221138	9606.ENSP00000226574	0	0	0	0	0.063	0.127	0.900	0.122	0.918
PPP2CB	MAP2K2	9606.ENSP00000221138	9606.ENSP00000262948	0	0	0	0	0.121	0.104	0.900	0.115	0.921
PPP2CB	MAPK3	9606.ENSP00000221138	9606.ENSP00000263025	0	0	0	0	0.093	0.129	0.900	0.163	0.925
PPP2CB	MAP2K1	9606.ENSP00000221138	9606.ENSP00000302486	0	0	0	0	0.147	0.104	0.900	0.169	0.928
PPP2CB	PPP2CA	9606.ENSP00000221138	9606.ENSP00000418447	0	0	0.047	0.986	0.072	0.785	0.900	0.409	0.986
PPP2CB	IGBP1	9606.ENSP00000221138	9606.ENSP00000363661	0	0	0	0	0	0.997	0.900	0.371	0.999
PRKAA2	PRKACA	9606.ENSP00000360290	9606.ENSP00000309591	0	0	0.094	0.777	0.109	0.097	0.900	0.089	0.921
PRKAA2	CAMKK2	9606.ENSP00000360290	9606.ENSP00000312741	0	0	0	0.645	0	0.503	0.900	0.347	0.964
PRKAA2	MTOR	9606.ENSP00000360290	9606.ENSP00000354558	0	0	0	0	0	0.115	0.900	0.721	0.973
PRKAA2	PRKACB	9606.ENSP00000360290	9606.ENSP00000359719	0	0	0.104	0.737	0.109	0.097	0.900	0.100	0.923
PRKACA	GABARAPL2	9606.ENSP00000309591	9606.ENSP00000037243	0	0	0	0	0.189	0	0.900	0.296	0.938
PRKACA	MAPK1	9606.ENSP00000309591	9606.ENSP00000215832	0	0	0	0.610	0.083	0.098	0.900	0.249	0.929
PRKACA	NFKBIA	9606.ENSP00000309591	9606.ENSP00000216797	0	0	0	0	0.063	0.045	0.900	0.664	0.965
PRKACA	NFKB1	9606.ENSP00000309591	9606.ENSP00000226574	0	0	0	0	0.070	0.045	0.900	0.451	0.944
PRKACA	MAP2K2	9606.ENSP00000309591	9606.ENSP00000262948	0	0	0	0.646	0.072	0.091	0.900	0.118	0.915
PRKACA	MAPK3	9606.ENSP00000309591	9606.ENSP00000263025	0	0	0	0.610	0.095	0.098	0.900	0.561	0.959
PRKACA	BAX	9606.ENSP00000309591	9606.ENSP00000293288	0	0	0	0	0.055	0	0.900	0.268	0.924
PRKACA	MAP2K1	9606.ENSP00000309591	9606.ENSP00000302486	0	0	0.096	0.655	0.060	0.091	0.900	0.232	0.929
PRKACA	FOS	9606.ENSP00000309591	9606.ENSP00000306245	0	0	0	0	0	0.086	0.900	0.594	0.959
PRKACA	ITPR1	9606.ENSP00000309591	9606.ENSP00000306253	0	0	0	0	0.054	0.171	0.900	0.715	0.974
PRKACA	GABARAP	9606.ENSP00000309591	9606.ENSP00000306866	0	0	0	0	0.195	0	0.900	0.249	0.934
PRKACA	ULK2	9606.ENSP00000309591	9606.ENSP00000378914	0	0	0	0.705	0	0.071	0.900	0.069	0.906
PRKACA	ULK1	9606.ENSP00000309591	9606.ENSP00000324560	0	0	0	0.711	0.072	0.071	0.900	0.133	0.915
PRKACA	PRKAA2	9606.ENSP00000309591	9606.ENSP00000360290	0	0	0.094	0.777	0.109	0.097	0.900	0.089	0.921
PRKACA	AKT1S1	9606.ENSP00000309591	9606.ENSP00000375711	0	0	0	0	0.086	0.071	0.900	0.210	0.924
PRKACA	ATF4	9606.ENSP00000309591	9606.ENSP00000336790	0	0	0	0	0	0	0.900	0.291	0.926
PRKACA	ITPR2	9606.ENSP00000309591	9606.ENSP00000370744	0	0	0	0	0.042	0.168	0.900	0.304	0.937
PRKACA	GABARAPL1	9606.ENSP00000309591	9606.ENSP00000411256	0	0	0	0	0.189	0	0.900	0.294	0.937
PRKACA	JUN	9606.ENSP00000309591	9606.ENSP00000360266	0	0	0	0	0	0	0.900	0.650	0.963
PRKACA	BAD	9606.ENSP00000309591	9606.ENSP00000378040	0	0	0	0	0.063	0.621	0.900	0.282	0.971
PRKACA	ITPR3	9606.ENSP00000309591	9606.ENSP00000363435	0	0	0	0	0.042	0.168	0.900	0.693	0.972
PRKACA	PRKACB	9606.ENSP00000309591	9606.ENSP00000359719	0	0	0.048	0.984	0.042	0.874	0.900	0.044	0.987
PRKACB	GABARAPL2	9606.ENSP00000359719	9606.ENSP00000037243	0	0	0	0	0.189	0	0.900	0.296	0.938
PRKACB	MAPK1	9606.ENSP00000359719	9606.ENSP00000215832	0	0	0	0.606	0.082	0.098	0.900	0.251	0.929
PRKACB	NFKBIA	9606.ENSP00000359719	9606.ENSP00000216797	0	0	0	0	0.063	0.045	0.900	0.664	0.965
PRKACB	NFKB1	9606.ENSP00000359719	9606.ENSP00000226574	0	0	0	0	0.069	0.045	0.900	0.451	0.944
PRKACB	MAP2K2	9606.ENSP00000359719	9606.ENSP00000262948	0	0	0	0.621	0	0.091	0.900	0.129	0.914
PRKACB	MAPK3	9606.ENSP00000359719	9606.ENSP00000263025	0	0	0	0.599	0.063	0.098	0.900	0.565	0.958
PRKACB	BAX	9606.ENSP00000359719	9606.ENSP00000293288	0	0	0	0	0.042	0	0.900	0.265	0.923
PRKACB	MAP2K1	9606.ENSP00000359719	9606.ENSP00000302486	0	0	0	0.630	0	0.091	0.900	0.243	0.925
PRKACB	FOS	9606.ENSP00000359719	9606.ENSP00000306245	0	0	0	0	0	0.086	0.900	0.594	0.959
PRKACB	ITPR1	9606.ENSP00000359719	9606.ENSP00000306253	0	0	0	0	0.060	0.049	0.900	0.724	0.972
PRKACB	GABARAP	9606.ENSP00000359719	9606.ENSP00000306866	0	0	0	0	0.189	0	0.900	0.251	0.934
PRKACB	PRKACA	9606.ENSP00000359719	9606.ENSP00000309591	0	0	0.048	0.984	0.042	0.874	0.900	0.044	0.987
PRKACB	ULK1	9606.ENSP00000359719	9606.ENSP00000324560	0	0	0	0.684	0	0.071	0.900	0.141	0.913
PRKACB	ATF4	9606.ENSP00000359719	9606.ENSP00000336790	0	0	0	0	0	0	0.900	0.290	0.925
PRKACB	ULK2	9606.ENSP00000359719	9606.ENSP00000378914	0	0	0	0.683	0.044	0.071	0.900	0.071	0.906
PRKACB	AKT1S1	9606.ENSP00000359719	9606.ENSP00000375711	0	0	0	0	0	0.071	0.900	0.208	0.920
PRKACB	PRKAA2	9606.ENSP00000359719	9606.ENSP00000360290	0	0	0.104	0.737	0.109	0.097	0.900	0.100	0.923
PRKACB	ITPR2	9606.ENSP00000359719	9606.ENSP00000370744	0	0	0	0	0.049	0.045	0.900	0.327	0.930
PRKACB	BAD	9606.ENSP00000359719	9606.ENSP00000378040	0	0	0	0	0.055	0.193	0.900	0.266	0.936
PRKACB	GABARAPL1	9606.ENSP00000359719	9606.ENSP00000411256	0	0	0	0	0.189	0	0.900	0.295	0.937
PRKACB	JUN	9606.ENSP00000359719	9606.ENSP00000360266	0	0	0	0	0	0	0.900	0.650	0.963
PRKACB	ITPR3	9606.ENSP00000359719	9606.ENSP00000363435	0	0	0	0	0	0.045	0.900	0.693	0.968
PRKCD	MAPK1	9606.ENSP00000331602	9606.ENSP00000215832	0	0	0	0.590	0.070	0.151	0.900	0.218	0.929
PRKCD	PIK3R2	9606.ENSP00000331602	9606.ENSP00000222254	0	0	0	0	0.042	0.049	0.900	0.191	0.916
PRKCD	PIK3R3	9606.ENSP00000331602	9606.ENSP00000262741	0	0	0	0	0	0.049	0.900	0.187	0.915
PRKCD	MAP2K2	9606.ENSP00000331602	9606.ENSP00000262948	0	0	0.105	0.615	0.056	0.129	0.900	0.130	0.924
PRKCD	MAPK3	9606.ENSP00000331602	9606.ENSP00000263025	0	0	0	0.583	0.121	0.151	0.900	0.240	0.935
PRKCD	PRKCQ	9606.ENSP00000331602	9606.ENSP00000263125	0	0	0.056	0.968	0	0.367	0.900	0.052	0.935
PRKCD	PIK3CA	9606.ENSP00000331602	9606.ENSP00000263967	0	0	0	0	0.062	0	0.900	0.204	0.918
PRKCD	MAP2K1	9606.ENSP00000331602	9606.ENSP00000302486	0	0	0	0.625	0.081	0.129	0.900	0.183	0.925
PRKCD	CASP3	9606.ENSP00000331602	9606.ENSP00000311032	0	0	0	0	0.057	0	0.750	0.715	0.927
PRKCD	IRS4	9606.ENSP00000331602	9606.ENSP00000361202	0	0	0	0	0	0.094	0.900	0.085	0.909
PRKCD	STAT1	9606.ENSP00000331602	9606.ENSP00000354394	0	0	0	0	0.099	0.785	0.400	0.324	0.910
PRKCD	MAPK9	9606.ENSP00000331602	9606.ENSP00000394560	0	0	0	0.597	0.049	0.096	0.900	0.098	0.912
PRKCD	MAPK8	9606.ENSP00000331602	9606.ENSP00000378974	0	0	0	0.593	0.042	0.096	0.900	0.167	0.918
PRKCD	PIK3CD	9606.ENSP00000331602	9606.ENSP00000366563	0	0	0	0	0.095	0	0.900	0.223	0.923
PRKCD	CYBB	9606.ENSP00000331602	9606.ENSP00000367851	0	0	0	0	0.140	0	0.900	0.253	0.930
PRKCD	PIK3CB	9606.ENSP00000331602	9606.ENSP00000501150	0	0	0	0	0.105	0.292	0.900	0.527	0.966
PRKCQ	NFKB1	9606.ENSP00000263125	9606.ENSP00000226574	0	0	0	0	0.062	0.062	0.900	0.536	0.953
PRKCQ	PDPK1	9606.ENSP00000263125	9606.ENSP00000344220	0	0	0	0.707	0	0.393	0.750	0.428	0.905
PRKCQ	MAPK9	9606.ENSP00000263125	9606.ENSP00000394560	0	0	0	0.604	0	0.096	0.900	0.091	0.910
PRKCQ	MAPK8	9606.ENSP00000263125	9606.ENSP00000378974	0	0	0	0.595	0	0.096	0.900	0.115	0.913
PRKCQ	PRKCD	9606.ENSP00000263125	9606.ENSP00000331602	0	0	0.056	0.968	0	0.367	0.900	0.052	0.935
PRKCQ	IKBKB	9606.ENSP00000263125	9606.ENSP00000430684	0	0	0	0.569	0	0.747	0.900	0.333	0.981
PTEN	PIK3R2	9606.ENSP00000361021	9606.ENSP00000222254	0	0	0	0	0	0.313	0.900	0.806	0.985
PTEN	KRAS	9606.ENSP00000361021	9606.ENSP00000256078	0	0	0	0	0.078	0.099	0	0.930	0.936
PTEN	PIK3C3	9606.ENSP00000361021	9606.ENSP00000262039	0	0	0	0	0.056	0.075	0.900	0.530	0.953
PTEN	PIK3R3	9606.ENSP00000361021	9606.ENSP00000262741	0	0	0	0	0	0.070	0.900	0.558	0.955
PTEN	PIK3CA	9606.ENSP00000361021	9606.ENSP00000263967	0	0	0	0	0.112	0.134	0.900	0.949	0.995
PTEN	TP53	9606.ENSP00000361021	9606.ENSP00000269305	0	0	0	0	0.067	0.748	0.900	0.968	0.999
PTEN	MTOR	9606.ENSP00000361021	9606.ENSP00000354558	0	0	0	0	0	0.281	0	0.922	0.942
PTEN	IKBKB	9606.ENSP00000361021	9606.ENSP00000430684	0	0	0	0	0.057	0.092	0.900	0.514	0.952
PTEN	PIK3CD	9606.ENSP00000361021	9606.ENSP00000366563	0	0	0	0	0.058	0.134	0.900	0.708	0.973
PTEN	PIK3CB	9606.ENSP00000361021	9606.ENSP00000501150	0	0	0	0	0.058	0.134	0.900	0.829	0.984
PTEN	AKT1	9606.ENSP00000361021	9606.ENSP00000451828	0	0	0	0	0	0.648	0	0.967	0.988
PTPN13	FAS	9606.ENSP00000394794	9606.ENSP00000498466	0	0	0	0	0.060	0.625	0	0.923	0.970
PYCARD	GSDMD	9606.ENSP00000247470	9606.ENSP00000433209	0	0	0	0	0.087	0	0.720	0.783	0.939
PYCARD	IL1B	9606.ENSP00000247470	9606.ENSP00000263341	0	0	0	0	0.129	0	0.900	0.893	0.989
PYCARD	CASP8	9606.ENSP00000247470	9606.ENSP00000351273	0	0	0	0	0.092	0.737	0.900	0.736	0.992
PYCARD	IL18	9606.ENSP00000247470	9606.ENSP00000280357	0	0	0	0	0.067	0	0.900	0.939	0.993
PYCARD	CASP1	9606.ENSP00000247470	9606.ENSP00000433138	0	0	0	0	0.318	0.983	0.900	0.999	0.999
PYCARD	CASP5	9606.ENSP00000247470	9606.ENSP00000376849	0	0	0	0	0.160	0.094	0.900	0.997	0.999
PYGB	PYGM	9606.ENSP00000216962	9606.ENSP00000164139	0	0	0.049	0.983	0.042	0.609	0.900	0.048	0.959
PYGB	RIPK3	9606.ENSP00000216962	9606.ENSP00000216274	0	0	0	0	0.052	0.074	0.900	0.576	0.957
PYGB	PYGL	9606.ENSP00000216962	9606.ENSP00000216392	0	0	0.049	0.982	0.067	0.837	0.900	0.077	0.984
PYGL	PYGM	9606.ENSP00000216392	9606.ENSP00000164139	0	0	0.049	0.982	0	0.548	0.900	0.078	0.955
PYGL	RIPK3	9606.ENSP00000216392	9606.ENSP00000216274	0	0	0	0	0.052	0.215	0.900	0.603	0.966
PYGL	PYGB	9606.ENSP00000216392	9606.ENSP00000216962	0	0	0.049	0.982	0.067	0.837	0.900	0.077	0.984
PYGM	PYGL	9606.ENSP00000164139	9606.ENSP00000216392	0	0	0.049	0.982	0	0.548	0.900	0.078	0.955
PYGM	RIPK3	9606.ENSP00000164139	9606.ENSP00000216274	0	0	0	0	0.057	0.074	0.900	0.576	0.958
PYGM	PYGB	9606.ENSP00000164139	9606.ENSP00000216962	0	0	0.049	0.983	0.042	0.609	0.900	0.048	0.959
RAB1A	RAB8A	9606.ENSP00000387286	9606.ENSP00000300935	0	0	0.064	0.950	0.101	0.865	0	0.330	0.914
RAB1A	ULK1	9606.ENSP00000387286	9606.ENSP00000324560	0	0	0	0	0.044	0.356	0	0.901	0.933
RAB1A	C9orf72	9606.ENSP00000387286	9606.ENSP00000482753	0	0	0	0	0.056	0.292	0.900	0.863	0.989
RAB39B	WDR41	9606.ENSP00000358466	9606.ENSP00000296679	0	0	0	0	0	0	0.900	0.723	0.971
RAB39B	RAB8A	9606.ENSP00000358466	9606.ENSP00000300935	0	0	0.080	0.913	0.067	0	0.900	0.433	0.944
RAB39B	SMCR8	9606.ENSP00000358466	9606.ENSP00000385025	0	0	0	0	0	0.301	0.900	0.729	0.979
RAB39B	C9orf72	9606.ENSP00000358466	9606.ENSP00000482753	0	0	0	0	0.060	0.624	0.900	0.576	0.983
RAB7A	RAB7B	9606.ENSP00000265062	9606.ENSP00000479762	0	0	0.075	0.928	0.096	0.045	0.900	0.125	0.917
RAB7A	RUBCN	9606.ENSP00000265062	9606.ENSP00000296343	0	0	0	0	0.049	0.900	0	0.274	0.924
RAB7B	RAB7A	9606.ENSP00000479762	9606.ENSP00000265062	0	0	0.075	0.928	0.096	0.045	0.900	0.125	0.917
RAB8A	WDR41	9606.ENSP00000300935	9606.ENSP00000296679	0	0	0	0	0.049	0	0.900	0.639	0.962
RAB8A	RAB1A	9606.ENSP00000300935	9606.ENSP00000387286	0	0	0.064	0.950	0.101	0.865	0	0.330	0.914
RAB8A	RAB39B	9606.ENSP00000300935	9606.ENSP00000358466	0	0	0.080	0.913	0.067	0	0.900	0.433	0.944
RAB8A	SMCR8	9606.ENSP00000300935	9606.ENSP00000385025	0	0	0	0	0	0.301	0.900	0.632	0.972
RAB8A	C9orf72	9606.ENSP00000300935	9606.ENSP00000482753	0	0	0	0	0	0.497	0.900	0.642	0.980
RB1CC1	ATG7	9606.ENSP00000025008	9606.ENSP00000346437	0	0	0	0	0	0.064	0	0.913	0.915
RB1CC1	WIPI2	9606.ENSP00000025008	9606.ENSP00000288828	0	0	0	0	0.049	0.211	0	0.914	0.930
RB1CC1	ATG3	9606.ENSP00000025008	9606.ENSP00000283290	0	0	0	0	0.059	0.064	0	0.933	0.936
RB1CC1	ATG10	9606.ENSP00000025008	9606.ENSP00000282185	0	0	0	0	0	0.064	0	0.948	0.949
RB1CC1	GABARAPL2	9606.ENSP00000025008	9606.ENSP00000037243	0	0	0	0	0.057	0.375	0	0.928	0.953
RB1CC1	ATG16L2	9606.ENSP00000025008	9606.ENSP00000326340	0	0	0	0	0.064	0.091	0.900	0.598	0.961
RB1CC1	AKT1S1	9606.ENSP00000025008	9606.ENSP00000375711	0	0	0	0	0	0	0.900	0.644	0.962
RB1CC1	GABARAPL1	9606.ENSP00000025008	9606.ENSP00000411256	0	0	0	0	0.109	0.567	0	0.922	0.967
RB1CC1	ATG5	9606.ENSP00000025008	9606.ENSP00000358072	0	0	0	0	0.104	0.619	0	0.920	0.970
RB1CC1	GABARAP	9606.ENSP00000025008	9606.ENSP00000306866	0	0	0	0	0	0.609	0	0.928	0.970
RB1CC1	MTOR	9606.ENSP00000025008	9606.ENSP00000354558	0	0	0	0	0.066	0	0.900	0.827	0.982
RB1CC1	C9orf72	9606.ENSP00000025008	9606.ENSP00000482753	0	0	0	0	0.074	0.625	0.900	0.592	0.983
RB1CC1	TP53	9606.ENSP00000025008	9606.ENSP00000269305	0	0	0	0	0	0.510	0	0.969	0.984
RB1CC1	PIK3R4	9606.ENSP00000025008	9606.ENSP00000349205	0	0	0	0	0.056	0	0.900	0.872	0.986
RB1CC1	ATG12	9606.ENSP00000025008	9606.ENSP00000425107	0	0	0	0	0.070	0.484	0	0.979	0.989
RB1CC1	PIK3C3	9606.ENSP00000025008	9606.ENSP00000262039	0	0	0	0	0.074	0	0.900	0.895	0.989
RB1CC1	ULK2	9606.ENSP00000025008	9606.ENSP00000378914	0	0	0	0	0.042	0.399	0.900	0.997	0.999
RB1CC1	ULK1	9606.ENSP00000025008	9606.ENSP00000324560	0	0	0	0	0.070	0.995	0.900	0.998	0.999
RB1CC1	ATG16L1	9606.ENSP00000025008	9606.ENSP00000375873	0	0	0	0	0.064	0.825	0.900	0.988	0.999
RB1CC1	NRBF2	9606.ENSP00000025008	9606.ENSP00000277746	0	0	0	0	0.063	0.994	0.900	0.592	0.999
RB1CC1	ATG101	9606.ENSP00000025008	9606.ENSP00000338990	0	0	0	0	0	0.840	0.800	0.998	0.999
RB1CC1	ATG13	9606.ENSP00000025008	9606.ENSP00000432412	0	0	0	0	0.049	0.859	0.800	0.998	0.999
RHEB	AKT1	9606.ENSP00000262187	9606.ENSP00000451828	0	0	0	0	0.090	0.110	0.400	0.904	0.947
RHEB	RRAGA	9606.ENSP00000262187	9606.ENSP00000369899	0	0	0	0	0.073	0.045	0.500	0.939	0.969
RHEB	RRAGB	9606.ENSP00000262187	9606.ENSP00000262850	0	0	0	0	0.044	0.045	0.500	0.940	0.969
RHEB	RRAGC	9606.ENSP00000262187	9606.ENSP00000362092	0	0	0	0	0.057	0.071	0.500	0.942	0.971
RHEB	DEPTOR	9606.ENSP00000262187	9606.ENSP00000286234	0	0	0	0	0	0.107	0.900	0.882	0.988
RHEB	AKT1S1	9606.ENSP00000262187	9606.ENSP00000375711	0	0	0	0	0	0.071	0.900	0.980	0.997
RHEB	BNIP3	9606.ENSP00000262187	9606.ENSP00000357625	0	0	0	0	0.067	0.329	0.900	0.980	0.998
RHEB	MTOR	9606.ENSP00000262187	9606.ENSP00000354558	0	0	0	0	0.049	0.975	0.900	0.996	0.999
RHEB	MLST8	9606.ENSP00000262187	9606.ENSP00000457870	0	0	0	0	0	0.800	0.900	0.984	0.999
RIPK1	TNFRSF1A	9606.ENSP00000259808	9606.ENSP00000162749	0	0	0	0	0.111	0.994	0.900	0.997	0.999
RIPK1	RIPK3	9606.ENSP00000259808	9606.ENSP00000216274	0	0	0.135	0.663	0.062	0.999	0.900	0.988	0.999
RIPK1	TNFRSF10A	9606.ENSP00000259808	9606.ENSP00000221132	0	0	0	0	0.049	0	0.900	0.727	0.971
RIPK1	EIF2AK2	9606.ENSP00000259808	9606.ENSP00000233057	0	0	0.145	0.569	0.118	0	0.900	0.698	0.974
RIPK1	TICAM1	9606.ENSP00000259808	9606.ENSP00000248244	0	0	0	0	0.111	0.754	0.900	0.768	0.994
RIPK1	CASP3	9606.ENSP00000259808	9606.ENSP00000311032	0	0	0	0	0.136	0.067	0.360	0.842	0.908
RIPK1	PIDD1	9606.ENSP00000259808	9606.ENSP00000337797	0	0	0	0.552	0.049	0.573	0	0.835	0.927
RIPK1	PGAM5	9606.ENSP00000259808	9606.ENSP00000438465	0	0	0	0	0.042	0.292	0	0.913	0.936
RIPK1	TICAM2	9606.ENSP00000259808	9606.ENSP00000415139	0	0	0	0	0.081	0.113	0.900	0.358	0.940
RIPK1	DNM1L	9606.ENSP00000259808	9606.ENSP00000449089	0	0	0	0	0.054	0.041	0.900	0.440	0.942
RIPK1	TLR4	9606.ENSP00000259808	9606.ENSP00000363089	0	0	0	0	0.121	0.177	0.500	0.907	0.962
RIPK1	FAS	9606.ENSP00000259808	9606.ENSP00000498466	0	0	0	0	0.110	0.243	0.720	0.842	0.966
RIPK1	IFNB1	9606.ENSP00000259808	9606.ENSP00000369581	0	0	0	0	0.099	0	0	0.971	0.972
RIPK1	HSP90AB1	9606.ENSP00000259808	9606.ENSP00000360609	0	0	0	0	0.042	0.308	0.900	0.637	0.972
RIPK1	SHARPIN	9606.ENSP00000259808	9606.ENSP00000381698	0	0	0	0	0.056	0	0.900	0.818	0.981
RIPK1	IKBKB	9606.ENSP00000259808	9606.ENSP00000430684	0	0	0	0.554	0.208	0.510	0.900	0.718	0.987
RIPK1	HSP90AA1	9606.ENSP00000259808	9606.ENSP00000335153	0	0	0	0	0.042	0.525	0.900	0.778	0.988
RIPK1	TNFAIP3	9606.ENSP00000259808	9606.ENSP00000481570	0	0	0	0	0.127	0.841	0.900	0.545	0.992
RIPK1	RNF31	9606.ENSP00000259808	9606.ENSP00000315112	0	0	0	0	0.074	0.624	0.900	0.823	0.993
RIPK1	TNFRSF10B	9606.ENSP00000259808	9606.ENSP00000276431	0	0	0	0	0.092	0.619	0.900	0.873	0.995
RIPK1	TLR3	9606.ENSP00000259808	9606.ENSP00000296795	0	0	0	0	0.102	0.974	0.500	0.886	0.998
RIPK1	ZBP1	9606.ENSP00000259808	9606.ENSP00000360215	0	0	0	0	0.056	0.626	0.900	0.967	0.998
RIPK1	TRAF6	9606.ENSP00000259808	9606.ENSP00000433623	0	0	0	0	0.164	0.126	0.900	0.986	0.998
RIPK1	CFLAR	9606.ENSP00000259808	9606.ENSP00000312455	0	0	0	0	0.106	0.790	0.900	0.995	0.999
RIPK1	BIRC3	9606.ENSP00000259808	9606.ENSP00000263464	0	0	0	0	0.101	0.855	0.900	0.993	0.999
RIPK1	FADD	9606.ENSP00000259808	9606.ENSP00000301838	0	0	0	0	0.106	0.942	0.900	0.998	0.999
RIPK1	TRAF5	9606.ENSP00000259808	9606.ENSP00000261464	0	0	0	0	0.055	0.535	0.800	0.992	0.999
RIPK1	BIRC2	9606.ENSP00000259808	9606.ENSP00000477613	0	0	0	0	0.170	0.893	0.900	0.996	0.999
RIPK1	CASP8	9606.ENSP00000259808	9606.ENSP00000351273	0	0	0	0	0.122	0.994	0.900	0.997	0.999
RIPK1	TNF	9606.ENSP00000259808	9606.ENSP00000398698	0	0	0	0	0.100	0.994	0.500	0.943	0.999
RIPK1	CYLD	9606.ENSP00000259808	9606.ENSP00000392025	0	0	0	0	0.062	0.791	0.900	0.970	0.999
RIPK3	TNFRSF1A	9606.ENSP00000216274	9606.ENSP00000162749	0	0	0	0	0.115	0.311	0	0.891	0.927
RIPK3	PYGM	9606.ENSP00000216274	9606.ENSP00000164139	0	0	0	0	0.057	0.074	0.900	0.576	0.958
RIPK3	GLUD2	9606.ENSP00000216274	9606.ENSP00000327589	0	0	0	0	0	0	0.900	0	0.900
RIPK3	CAMK2A	9606.ENSP00000216274	9606.ENSP00000500386	0	0	0	0.569	0	0.045	0.900	0.061	0.902
RIPK3	CAMK2B	9606.ENSP00000216274	9606.ENSP00000379098	0	0	0	0.574	0	0.045	0.900	0.059	0.902
RIPK3	CASP1	9606.ENSP00000216274	9606.ENSP00000433138	0	0	0	0	0.205	0.067	0	0.907	0.925
RIPK3	CYBB	9606.ENSP00000216274	9606.ENSP00000367851	0	0	0	0	0.133	0.063	0.900	0.289	0.934
RIPK3	TNFAIP3	9606.ENSP00000216274	9606.ENSP00000481570	0	0	0	0	0.097	0.071	0.900	0.365	0.939
RIPK3	DNM1L	9606.ENSP00000216274	9606.ENSP00000449089	0	0	0	0	0.054	0.041	0.900	0.442	0.942
RIPK3	PYGB	9606.ENSP00000216274	9606.ENSP00000216962	0	0	0	0	0.052	0.074	0.900	0.576	0.957
RIPK3	BIRC3	9606.ENSP00000216274	9606.ENSP00000263464	0	0	0	0	0.093	0.329	0.900	0.463	0.963
RIPK3	HSP90AB1	9606.ENSP00000216274	9606.ENSP00000360609	0	0	0	0	0	0.246	0.900	0.570	0.964
RIPK3	TLR3	9606.ENSP00000216274	9606.ENSP00000296795	0	0	0	0	0.053	0.107	0.500	0.926	0.964
RIPK3	PYGL	9606.ENSP00000216274	9606.ENSP00000216392	0	0	0	0	0.052	0.215	0.900	0.603	0.966
RIPK3	HSP90AA1	9606.ENSP00000216274	9606.ENSP00000335153	0	0	0	0	0	0.246	0.900	0.585	0.966
RIPK3	GLUD1	9606.ENSP00000216274	9606.ENSP00000277865	0	0	0	0	0	0	0.900	0.748	0.973
RIPK3	BIRC2	9606.ENSP00000216274	9606.ENSP00000477613	0	0	0	0	0.051	0.329	0.900	0.672	0.976
RIPK3	TICAM1	9606.ENSP00000216274	9606.ENSP00000248244	0	0	0	0	0.098	0.345	0.900	0.750	0.983
RIPK3	CFLAR	9606.ENSP00000216274	9606.ENSP00000312455	0	0	0	0	0.115	0.067	0.400	0.987	0.992
RIPK3	ZBP1	9606.ENSP00000216274	9606.ENSP00000360215	0	0	0	0	0.095	0.292	0.900	0.956	0.996
RIPK3	TNF	9606.ENSP00000216274	9606.ENSP00000398698	0	0	0	0	0.137	0.994	0	0.760	0.998
RIPK3	RIPK1	9606.ENSP00000216274	9606.ENSP00000259808	0	0	0.135	0.663	0.062	0.999	0.900	0.988	0.999
RIPK3	CASP8	9606.ENSP00000216274	9606.ENSP00000351273	0	0	0	0	0.101	0.994	0.900	0.997	0.999
RIPK3	FADD	9606.ENSP00000216274	9606.ENSP00000301838	0	0	0	0	0.093	0.994	0.400	0.996	0.999
RNF31	TNFRSF1A	9606.ENSP00000315112	9606.ENSP00000162749	0	0	0	0	0.056	0.994	0.500	0.591	0.998
RNF31	RIPK1	9606.ENSP00000315112	9606.ENSP00000259808	0	0	0	0	0.074	0.624	0.900	0.823	0.993
RNF31	TRAF5	9606.ENSP00000315112	9606.ENSP00000261464	0	0	0	0	0	0	0.900	0.380	0.935
RNF31	BIRC3	9606.ENSP00000315112	9606.ENSP00000263464	0	0	0	0	0	0.215	0.900	0.373	0.946
RNF31	SPATA2L	9606.ENSP00000315112	9606.ENSP00000289805	0	0	0	0	0.072	0	0.900	0.228	0.922
RNF31	TNFAIP3	9606.ENSP00000315112	9606.ENSP00000481570	0	0	0	0	0	0.749	0.400	0.417	0.904
RNF31	CYLD	9606.ENSP00000315112	9606.ENSP00000392025	0	0	0	0	0.042	0.862	0.500	0.909	0.993
RNF31	BIRC2	9606.ENSP00000315112	9606.ENSP00000477613	0	0	0	0	0	0.673	0.900	0.863	0.995
RNF31	SPATA2	9606.ENSP00000315112	9606.ENSP00000416799	0	0	0	0	0	0.835	0.900	0.778	0.996
RNF31	TNF	9606.ENSP00000315112	9606.ENSP00000398698	0	0	0	0	0.060	0.994	0.500	0.446	0.998
RNF31	SHARPIN	9606.ENSP00000315112	9606.ENSP00000381698	0	0	0	0	0.062	0.997	0.900	0.998	0.999
RRAGA	RHEB	9606.ENSP00000369899	9606.ENSP00000262187	0	0	0	0	0.073	0.045	0.500	0.939	0.969
RRAGA	RRAGB	9606.ENSP00000369899	9606.ENSP00000262850	0	0	0.047	0.986	0.060	0.994	0.900	0.884	0.999
RRAGA	MTOR	9606.ENSP00000369899	9606.ENSP00000354558	0	0	0	0	0.057	0.962	0.900	0.868	0.999
RRAGA	RRAGC	9606.ENSP00000369899	9606.ENSP00000362092	0	0	0.136	0.626	0.067	0.999	0.900	0.991	0.999
RRAGA	MLST8	9606.ENSP00000369899	9606.ENSP00000457870	0	0	0	0	0.049	0.805	0.650	0.801	0.985
RRAGA	AKT1S1	9606.ENSP00000369899	9606.ENSP00000375711	0	0	0	0	0	0.800	0.900	0.760	0.994
RRAGB	RHEB	9606.ENSP00000262850	9606.ENSP00000262187	0	0	0	0	0.044	0.045	0.500	0.940	0.969
RRAGB	MLST8	9606.ENSP00000262850	9606.ENSP00000457870	0	0	0	0	0	0.067	0.650	0.797	0.928
RRAGB	AKT1S1	9606.ENSP00000262850	9606.ENSP00000375711	0	0	0	0	0	0	0.900	0.618	0.960
RRAGB	RRAGA	9606.ENSP00000262850	9606.ENSP00000369899	0	0	0.047	0.986	0.060	0.994	0.900	0.884	0.999
RRAGB	RRAGC	9606.ENSP00000262850	9606.ENSP00000362092	0	0	0.143	0.598	0	0.998	0.900	0.991	0.999
RRAGB	MTOR	9606.ENSP00000262850	9606.ENSP00000354558	0	0	0	0	0	0.997	0.900	0.886	0.999
RRAGC	RHEB	9606.ENSP00000362092	9606.ENSP00000262187	0	0	0	0	0.057	0.071	0.500	0.942	0.971
RRAGC	RRAGB	9606.ENSP00000362092	9606.ENSP00000262850	0	0	0.143	0.598	0	0.998	0.900	0.991	0.999
RRAGC	MTOR	9606.ENSP00000362092	9606.ENSP00000354558	0	0	0	0	0.058	0.998	0.900	0.901	0.999
RRAGC	MLST8	9606.ENSP00000362092	9606.ENSP00000457870	0	0	0	0	0	0.800	0.650	0.798	0.984
RRAGC	AKT1S1	9606.ENSP00000362092	9606.ENSP00000375711	0	0	0	0	0.049	0.800	0.900	0.614	0.991
RRAGC	RRAGA	9606.ENSP00000362092	9606.ENSP00000369899	0	0	0.136	0.626	0.067	0.999	0.900	0.991	0.999
RRAS	PIK3R2	9606.ENSP00000246792	9606.ENSP00000222254	0	0	0	0	0.042	0.054	0.900	0.170	0.914
RRAS	BCL2	9606.ENSP00000246792	9606.ENSP00000381185	0	0	0	0	0	0.292	0	0.874	0.907
RRAS	PIK3R3	9606.ENSP00000246792	9606.ENSP00000262741	0	0	0	0	0	0.054	0.900	0.179	0.915
RRAS	PIK3CB	9606.ENSP00000246792	9606.ENSP00000501150	0	0	0	0	0.061	0.316	0.900	0.243	0.944
RRAS	PIK3CA	9606.ENSP00000246792	9606.ENSP00000263967	0	0	0	0	0.061	0.954	0.900	0.530	0.997
RRAS	PIK3CD	9606.ENSP00000246792	9606.ENSP00000366563	0	0	0	0	0.061	0.954	0.900	0.509	0.997
RUBCN	PIK3C3	9606.ENSP00000296343	9606.ENSP00000262039	0	0	0	0	0.049	0.873	0	0.981	0.997
RUBCN	RAB7A	9606.ENSP00000296343	9606.ENSP00000265062	0	0	0	0	0.049	0.900	0	0.274	0.924
RUBCN	PIK3R4	9606.ENSP00000296343	9606.ENSP00000349205	0	0	0	0	0.042	0.615	0	0.979	0.991
SCO1	COX15	9606.ENSP00000255390	9606.ENSP00000016171	0.120	0	0	0	0.431	0.315	0.467	0.910	0.980
SCO1	COX6B1	9606.ENSP00000255390	9606.ENSP00000466818	0	0	0	0	0.057	0.399	0	0.869	0.919
SCO1	COA6	9606.ENSP00000255390	9606.ENSP00000355574	0	0	0	0	0.141	0.399	0	0.904	0.946
SCO1	COX11	9606.ENSP00000255390	9606.ENSP00000299335	0.120	0	0	0	0.476	0.125	0	0.915	0.961
SCO1	COX10	9606.ENSP00000255390	9606.ENSP00000261643	0.120	0	0	0	0.263	0	0	0.949	0.964
SCO1	MT-CO3	9606.ENSP00000255390	9606.ENSP00000354982	0.120	0	0	0	0.226	0	0.792	0.795	0.967
SCO1	SURF1	9606.ENSP00000255390	9606.ENSP00000361042	0.111	0	0	0	0.321	0.095	0	0.947	0.967
SCO1	MT-CO1	9606.ENSP00000255390	9606.ENSP00000354499	0.120	0	0	0	0.285	0	0.792	0.827	0.974
SCO1	COX17	9606.ENSP00000255390	9606.ENSP00000261070	0	0	0	0	0.049	0.466	0	0.989	0.994
SCO1	MT-CO2	9606.ENSP00000255390	9606.ENSP00000354876	0.120	0	0	0	0.208	0.746	0.792	0.924	0.996
SDHA	UQCRC1	9606.ENSP00000264932	9606.ENSP00000203407	0	0	0	0	0.842	0.176	0.237	0.719	0.968
SDHA	NDUFS7	9606.ENSP00000264932	9606.ENSP00000233627	0.055	0	0	0	0.925	0.097	0.489	0.693	0.988
SDHA	COX5B	9606.ENSP00000264932	9606.ENSP00000258424	0	0	0	0	0.837	0	0	0.563	0.925
SDHA	ATP5F1B	9606.ENSP00000264932	9606.ENSP00000262030	0.045	0	0	0	0.499	0	0	0.841	0.917
SDHA	NDUFS3	9606.ENSP00000264932	9606.ENSP00000263774	0.093	0	0	0	0.732	0.253	0.809	0.819	0.992
SDHA	SDHAF4	9606.ENSP00000264932	9606.ENSP00000359505	0	0	0	0	0.068	0.785	0	0.636	0.920
SDHA	MT-ND4	9606.ENSP00000264932	9606.ENSP00000354961	0.045	0	0	0	0.204	0	0.802	0.543	0.922
SDHA	MT-CYB	9606.ENSP00000264932	9606.ENSP00000354554	0.085	0	0	0	0.353	0	0.154	0.866	0.924
SDHA	CYCS	9606.ENSP00000264932	9606.ENSP00000307786	0	0	0	0	0.613	0.108	0.500	0.643	0.930
SDHA	MT-ND3	9606.ENSP00000264932	9606.ENSP00000355206	0.061	0	0	0	0.142	0	0.802	0.652	0.937
SDHA	MT-ND1	9606.ENSP00000264932	9606.ENSP00000354687	0.090	0	0	0	0.295	0	0.802	0.646	0.949
SDHA	SDHAF3	9606.ENSP00000264932	9606.ENSP00000414066	0	0	0	0	0.049	0.794	0	0.767	0.950
SDHA	MT-CO2	9606.ENSP00000264932	9606.ENSP00000354876	0	0	0	0	0.302	0	0.809	0.715	0.958
SDHA	NDUFB8	9606.ENSP00000264932	9606.ENSP00000299166	0	0	0	0	0.855	0	0	0.765	0.964
SDHA	CYC1	9606.ENSP00000264932	9606.ENSP00000317159	0	0	0	0	0.859	0.223	0.285	0.616	0.966
SDHA	ATP5F1A	9606.ENSP00000264932	9606.ENSP00000381736	0.042	0	0	0	0.847	0	0	0.825	0.972
SDHA	MT-CO3	9606.ENSP00000264932	9606.ENSP00000354982	0	0	0	0	0.599	0	0.809	0.713	0.976
SDHA	NDUFA9	9606.ENSP00000264932	9606.ENSP00000266544	0	0	0	0	0.843	0.087	0	0.885	0.982
SDHA	MT-CO1	9606.ENSP00000264932	9606.ENSP00000354499	0	0	0	0	0.613	0.071	0.809	0.776	0.982
SDHA	NDUFV2	9606.ENSP00000264932	9606.ENSP00000327268	0	0	0	0	0.735	0.243	0.795	0.667	0.984
SDHA	UQCRC2	9606.ENSP00000264932	9606.ENSP00000268379	0	0	0	0	0.865	0.134	0.190	0.913	0.990
SDHA	UQCRFS1	9606.ENSP00000264932	9606.ENSP00000306397	0.119	0	0	0	0.917	0.385	0.279	0.819	0.993
SDHA	NDUFS1	9606.ENSP00000264932	9606.ENSP00000392709	0.100	0	0	0	0.855	0.127	0.795	0.826	0.995
SDHA	SDHAF1	9606.ENSP00000264932	9606.ENSP00000368165	0	0	0	0	0.044	0.511	0	0.995	0.997
SDHA	NDUFS2	9606.ENSP00000264932	9606.ENSP00000356972	0.061	0	0	0	0.970	0.263	0.809	0.667	0.998
SDHA	SDHD	9606.ENSP00000264932	9606.ENSP00000364699	0	0	0	0	0.967	0.935	0.979	0.999	0.999
SDHA	NDUFS8	9606.ENSP00000264932	9606.ENSP00000315774	0.120	0	0	0	0.969	0.221	0.807	0.834	0.999
SDHA	SDHAF2	9606.ENSP00000264932	9606.ENSP00000301761	0.115	0	0	0	0.074	0.985	0.290	0.999	0.999
SDHA	NDUFV1	9606.ENSP00000264932	9606.ENSP00000497587	0.085	0	0	0	0.977	0.394	0.802	0.811	0.999
SDHA	SDHB	9606.ENSP00000264932	9606.ENSP00000364649	0.231	0.030	0.470	0	0.971	0.997	0.980	0.999	0.999
SDHA	SDHC	9606.ENSP00000264932	9606.ENSP00000356953	0.231	0	0	0	0.969	0.972	0.980	0.999	0.999
SDHAF1	SDHA	9606.ENSP00000368165	9606.ENSP00000264932	0	0	0	0	0.044	0.511	0	0.995	0.997
SDHAF1	SDHAF2	9606.ENSP00000368165	9606.ENSP00000301761	0	0	0	0	0.060	0	0	0.927	0.928
SDHAF1	SDHC	9606.ENSP00000368165	9606.ENSP00000356953	0	0	0	0	0	0	0	0.922	0.922
SDHAF1	SDHB	9606.ENSP00000368165	9606.ENSP00000364649	0	0	0	0	0	0.792	0	0.958	0.991
SDHAF1	SDHD	9606.ENSP00000368165	9606.ENSP00000364699	0	0	0	0	0	0	0	0.940	0.940
SDHAF1	SDHAF3	9606.ENSP00000368165	9606.ENSP00000414066	0	0	0	0	0.049	0.088	0	0.898	0.904
SDHAF2	SDHA	9606.ENSP00000301761	9606.ENSP00000264932	0.115	0	0	0	0.074	0.985	0.290	0.999	0.999
SDHAF2	SDHAF1	9606.ENSP00000301761	9606.ENSP00000368165	0	0	0	0	0.060	0	0	0.927	0.928
SDHAF2	SDHD	9606.ENSP00000301761	9606.ENSP00000364699	0	0	0	0	0.081	0	0	0.998	0.998
SDHAF2	SDHB	9606.ENSP00000301761	9606.ENSP00000364649	0.115	0	0	0	0.123	0	0	0.997	0.998
SDHAF2	SDHC	9606.ENSP00000301761	9606.ENSP00000356953	0.115	0	0	0	0.056	0	0.290	0.998	0.999
SDHAF3	SDHA	9606.ENSP00000414066	9606.ENSP00000264932	0	0	0	0	0.049	0.794	0	0.767	0.950
SDHAF3	SDHAF4	9606.ENSP00000414066	9606.ENSP00000359505	0	0	0	0	0.118	0.827	0	0.882	0.980
SDHAF3	SDHB	9606.ENSP00000414066	9606.ENSP00000364649	0	0	0	0	0.070	0.807	0	0.645	0.930
SDHAF3	SDHAF1	9606.ENSP00000414066	9606.ENSP00000368165	0	0	0	0	0.049	0.088	0	0.898	0.904
SDHAF4	SDHA	9606.ENSP00000359505	9606.ENSP00000264932	0	0	0	0	0.068	0.785	0	0.636	0.920
SDHAF4	SDHAF3	9606.ENSP00000359505	9606.ENSP00000414066	0	0	0	0	0.118	0.827	0	0.882	0.980
SDHB	UQCRC1	9606.ENSP00000364649	9606.ENSP00000203407	0	0	0	0	0.749	0.113	0.378	0.608	0.938
SDHB	ATP5F1D	9606.ENSP00000364649	9606.ENSP00000215375	0.093	0	0	0	0.860	0	0	0.506	0.931
SDHB	NDUFS7	9606.ENSP00000364649	9606.ENSP00000233627	0.057	0	0	0	0.900	0.177	0.489	0.489	0.976
SDHB	NDUFA2	9606.ENSP00000364649	9606.ENSP00000252102	0	0	0	0	0.887	0.416	0	0.424	0.958
SDHB	COX5B	9606.ENSP00000364649	9606.ENSP00000258424	0	0	0	0	0.928	0.091	0	0.606	0.972
SDHB	NDUFS3	9606.ENSP00000364649	9606.ENSP00000263774	0.107	0	0	0	0.929	0.096	0.809	0.717	0.996
SDHB	SDHA	9606.ENSP00000364649	9606.ENSP00000264932	0.231	0.030	0.470	0	0.971	0.997	0.980	0.999	0.999
SDHB	NDUFA9	9606.ENSP00000364649	9606.ENSP00000266544	0	0	0	0	0.879	0.259	0	0.639	0.965
SDHB	UQCRC2	9606.ENSP00000364649	9606.ENSP00000268379	0	0	0	0	0.832	0.235	0.281	0.976	0.997
SDHB	NDUFB9	9606.ENSP00000364649	9606.ENSP00000276689	0	0	0	0	0.915	0.382	0	0.412	0.966
SDHB	NDUFB8	9606.ENSP00000364649	9606.ENSP00000299166	0	0	0	0	0.946	0	0	0.952	0.997
SDHB	ATP5PD	9606.ENSP00000364649	9606.ENSP00000301587	0	0	0	0	0.856	0.097	0	0.470	0.925
SDHB	SDHAF2	9606.ENSP00000364649	9606.ENSP00000301761	0.115	0	0	0	0.123	0	0	0.997	0.998
SDHB	UQCRFS1	9606.ENSP00000364649	9606.ENSP00000306397	0.158	0	0	0	0.973	0.230	0.765	0.709	0.998
SDHB	CYCS	9606.ENSP00000364649	9606.ENSP00000307786	0	0	0	0	0.428	0.094	0.500	0.687	0.908
SDHB	NDUFS8	9606.ENSP00000364649	9606.ENSP00000315774	0	0	0	0	0.977	0.266	0.652	0.769	0.998
SDHB	CYC1	9606.ENSP00000364649	9606.ENSP00000317159	0.055	0	0	0	0.922	0.096	0.285	0.560	0.975
SDHB	COX5A	9606.ENSP00000364649	9606.ENSP00000317780	0	0	0	0	0.858	0.096	0	0.615	0.946
SDHB	NDUFV2	9606.ENSP00000364649	9606.ENSP00000327268	0	0	0	0	0.985	0.554	0.795	0.595	0.999
SDHB	NDUFA12	9606.ENSP00000364649	9606.ENSP00000330737	0	0	0	0	0.836	0.396	0	0.362	0.931
SDHB	UQCR10	9606.ENSP00000364649	9606.ENSP00000332887	0	0	0	0	0.839	0.095	0.172	0.405	0.919
SDHB	ATP5F1C	9606.ENSP00000364649	9606.ENSP00000349142	0.061	0	0	0	0.920	0.096	0	0.591	0.968
SDHB	MT-CO1	9606.ENSP00000364649	9606.ENSP00000354499	0	0	0	0	0.653	0	0.809	0.876	0.991
SDHB	MT-CYB	9606.ENSP00000364649	9606.ENSP00000354554	0.103	0	0	0	0.591	0	0.154	0.846	0.946
SDHB	MT-ND1	9606.ENSP00000364649	9606.ENSP00000354687	0.095	0	0	0	0.665	0	0.802	0.587	0.971
SDHB	MT-ND5	9606.ENSP00000364649	9606.ENSP00000354813	0	0	0	0	0.512	0	0.700	0.549	0.928
SDHB	MT-CO2	9606.ENSP00000364649	9606.ENSP00000354876	0	0	0	0	0.604	0.183	0.809	0.717	0.980
SDHB	MT-ND4	9606.ENSP00000364649	9606.ENSP00000354961	0.043	0	0	0	0.594	0	0.802	0.527	0.958
SDHB	MT-CO3	9606.ENSP00000364649	9606.ENSP00000354982	0	0	0	0	0.838	0	0.809	0.492	0.982
SDHB	MT-ND3	9606.ENSP00000364649	9606.ENSP00000355206	0.070	0	0	0	0.239	0	0.802	0.501	0.920
SDHB	SDHC	9606.ENSP00000364649	9606.ENSP00000356953	0.231	0	0	0	0.981	0.978	0.980	0.999	0.999
SDHB	NDUFS2	9606.ENSP00000364649	9606.ENSP00000356972	0.087	0	0	0	0.966	0.141	0.809	0.616	0.997
SDHB	NDUFA8	9606.ENSP00000364649	9606.ENSP00000362873	0	0	0	0	0.905	0.177	0	0.433	0.952
SDHB	SDHAF3	9606.ENSP00000364649	9606.ENSP00000414066	0	0	0	0	0.070	0.807	0	0.645	0.930
SDHB	COX4I1	9606.ENSP00000364649	9606.ENSP00000457513	0	0	0	0	0.732	0.185	0	0.715	0.932
SDHB	ATP5F1A	9606.ENSP00000364649	9606.ENSP00000381736	0.057	0	0	0	0.721	0.097	0	0.811	0.949
SDHB	UQCRB	9606.ENSP00000364649	9606.ENSP00000430494	0	0	0	0	0.868	0.221	0.172	0.561	0.957
SDHB	SDHAF1	9606.ENSP00000364649	9606.ENSP00000368165	0	0	0	0	0	0.792	0	0.958	0.991
SDHB	NDUFV1	9606.ENSP00000364649	9606.ENSP00000497587	0	0	0	0	0.877	0.240	0.802	0.667	0.993
SDHB	NDUFS1	9606.ENSP00000364649	9606.ENSP00000392709	0	0	0	0	0.879	0.410	0.795	0.798	0.996
SDHB	SDHD	9606.ENSP00000364649	9606.ENSP00000364699	0	0	0	0	0.978	0.970	0.979	0.999	0.999
SDHC	NDUFA2	9606.ENSP00000356953	9606.ENSP00000252102	0	0	0	0	0.873	0	0	0.304	0.908
SDHC	NDUFS3	9606.ENSP00000356953	9606.ENSP00000263774	0	0	0	0	0.854	0	0	0.475	0.920
SDHC	SDHA	9606.ENSP00000356953	9606.ENSP00000264932	0.231	0	0	0	0.969	0.972	0.980	0.999	0.999
SDHC	NDUFA9	9606.ENSP00000356953	9606.ENSP00000266544	0	0	0	0	0.837	0.150	0	0.350	0.902
SDHC	NDUFB8	9606.ENSP00000356953	9606.ENSP00000299166	0	0	0	0	0.933	0	0	0.317	0.952
SDHC	SDHAF2	9606.ENSP00000356953	9606.ENSP00000301761	0.115	0	0	0	0.056	0	0.290	0.998	0.999
SDHC	UQCRFS1	9606.ENSP00000356953	9606.ENSP00000306397	0.069	0	0	0	0.901	0	0	0.512	0.951
SDHC	CYCS	9606.ENSP00000356953	9606.ENSP00000307786	0	0	0	0	0.838	0	0.500	0.389	0.946
SDHC	NDUFS8	9606.ENSP00000356953	9606.ENSP00000315774	0	0	0	0	0.969	0	0	0.620	0.988
SDHC	CYC1	9606.ENSP00000356953	9606.ENSP00000317159	0.044	0	0	0	0.838	0.079	0.172	0.450	0.923
SDHC	NDUFV2	9606.ENSP00000356953	9606.ENSP00000327268	0	0	0	0	0.968	0	0	0.483	0.982
SDHC	NDUFA12	9606.ENSP00000356953	9606.ENSP00000330737	0	0	0	0	0.941	0	0	0.205	0.951
SDHC	UQCR10	9606.ENSP00000356953	9606.ENSP00000332887	0	0	0	0	0.840	0	0.172	0.456	0.922
SDHC	MT-CO1	9606.ENSP00000356953	9606.ENSP00000354499	0	0	0	0	0.566	0	0.809	0.458	0.951
SDHC	MT-CO2	9606.ENSP00000356953	9606.ENSP00000354876	0	0	0	0	0.757	0	0.809	0.462	0.972
SDHC	MT-CO3	9606.ENSP00000356953	9606.ENSP00000354982	0	0	0	0	0.407	0	0.809	0.399	0.926
SDHC	NDUFA5	9606.ENSP00000356953	9606.ENSP00000417142	0	0	0	0	0.864	0	0	0.310	0.902
SDHC	UQCRB	9606.ENSP00000356953	9606.ENSP00000430494	0	0	0	0	0.851	0	0.172	0.323	0.909
SDHC	NDUFA8	9606.ENSP00000356953	9606.ENSP00000362873	0	0	0	0	0.877	0.170	0	0.229	0.914
SDHC	SDHAF1	9606.ENSP00000356953	9606.ENSP00000368165	0	0	0	0	0	0	0	0.922	0.922
SDHC	NDUFS1	9606.ENSP00000356953	9606.ENSP00000392709	0	0	0	0	0.839	0	0	0.541	0.923
SDHC	UQCRQ	9606.ENSP00000356953	9606.ENSP00000367939	0	0	0	0	0.908	0	0.172	0.433	0.953
SDHC	NDUFS2	9606.ENSP00000356953	9606.ENSP00000356972	0	0	0	0	0.928	0.486	0	0.541	0.981
SDHC	SDHB	9606.ENSP00000356953	9606.ENSP00000364649	0.231	0	0	0	0.981	0.978	0.980	0.999	0.999
SDHC	SDHD	9606.ENSP00000356953	9606.ENSP00000364699	0	0	0	0	0.977	0.984	0.979	0.999	0.999
SDHD	NDUFA2	9606.ENSP00000364699	9606.ENSP00000252102	0	0	0	0	0.970	0	0	0.542	0.985
SDHD	COX5B	9606.ENSP00000364699	9606.ENSP00000258424	0	0	0	0	0.909	0	0	0.463	0.949
SDHD	NDUFB5	9606.ENSP00000364699	9606.ENSP00000259037	0	0	0	0	0.867	0	0	0.527	0.934
SDHD	NDUFS3	9606.ENSP00000364699	9606.ENSP00000263774	0	0	0	0	0.861	0	0	0.522	0.931
SDHD	SDHA	9606.ENSP00000364699	9606.ENSP00000264932	0	0	0	0	0.967	0.935	0.979	0.999	0.999
SDHD	UQCRC2	9606.ENSP00000364699	9606.ENSP00000268379	0	0	0	0	0.924	0.091	0.172	0.469	0.965
SDHD	NDUFS6	9606.ENSP00000364699	9606.ENSP00000274137	0	0	0	0	0.915	0	0	0.331	0.941
SDHD	NDUFB9	9606.ENSP00000364699	9606.ENSP00000276689	0	0	0	0	0.870	0	0	0.606	0.947
SDHD	NDUFB8	9606.ENSP00000364699	9606.ENSP00000299166	0	0	0	0	0.969	0	0	0.504	0.984
SDHD	SDHAF2	9606.ENSP00000364699	9606.ENSP00000301761	0	0	0	0	0.081	0	0	0.998	0.998
SDHD	UQCRFS1	9606.ENSP00000364699	9606.ENSP00000306397	0	0	0	0	0.906	0	0	0.509	0.952
SDHD	CYCS	9606.ENSP00000364699	9606.ENSP00000307786	0	0	0	0	0.727	0	0.500	0.354	0.904
SDHD	NDUFS8	9606.ENSP00000364699	9606.ENSP00000315774	0	0	0	0	0.969	0	0	0.518	0.984
SDHD	COX5A	9606.ENSP00000364699	9606.ENSP00000317780	0	0	0	0	0.836	0	0	0.514	0.917
SDHD	NDUFV2	9606.ENSP00000364699	9606.ENSP00000327268	0	0	0	0	0.927	0	0	0.419	0.956
SDHD	NDUFA12	9606.ENSP00000364699	9606.ENSP00000330737	0	0	0	0	0.906	0	0	0.292	0.931
SDHD	UQCR10	9606.ENSP00000364699	9606.ENSP00000332887	0	0	0	0	0.845	0	0.172	0.452	0.923
SDHD	SDHC	9606.ENSP00000364699	9606.ENSP00000356953	0	0	0	0	0.977	0.984	0.979	0.999	0.999
SDHD	NDUFS2	9606.ENSP00000364699	9606.ENSP00000356972	0	0	0	0	0.844	0	0	0.489	0.917
SDHD	NDUFA8	9606.ENSP00000364699	9606.ENSP00000362873	0	0	0	0	0.903	0	0	0.518	0.951
SDHD	SDHB	9606.ENSP00000364699	9606.ENSP00000364649	0	0	0	0	0.978	0.970	0.979	0.999	0.999
SDHD	NDUFS1	9606.ENSP00000364699	9606.ENSP00000392709	0	0	0	0	0.855	0	0	0.408	0.911
SDHD	UQCRB	9606.ENSP00000364699	9606.ENSP00000430494	0	0	0	0	0.860	0	0.172	0.448	0.930
SDHD	NDUFA6	9606.ENSP00000364699	9606.ENSP00000482543	0	0	0	0	0.892	0	0	0.377	0.930
SDHD	SDHAF1	9606.ENSP00000364699	9606.ENSP00000368165	0	0	0	0	0	0	0	0.940	0.940
SDHD	UQCRQ	9606.ENSP00000364699	9606.ENSP00000367939	0	0	0	0	0.850	0	0.172	0.606	0.946
SEPTIN4	BIRC3	9606.ENSP00000354874	9606.ENSP00000263464	0	0	0	0	0	0.328	0.900	0.087	0.933
SEPTIN4	BIRC2	9606.ENSP00000354874	9606.ENSP00000477613	0	0	0	0	0	0.091	0.900	0.125	0.913
SH3GLB1	PIK3C3	9606.ENSP00000479919	9606.ENSP00000262039	0	0	0	0	0.092	0.292	0	0.879	0.915
SH3GLB1	PIK3R4	9606.ENSP00000479919	9606.ENSP00000349205	0	0	0	0	0.049	0	0	0.945	0.945
SH3GLB1	AMBRA1	9606.ENSP00000479919	9606.ENSP00000431926	0	0	0	0	0	0	0	0.985	0.985
SHARPIN	TNFRSF1A	9606.ENSP00000381698	9606.ENSP00000162749	0	0	0	0	0.049	0.994	0.500	0.545	0.998
SHARPIN	RIPK1	9606.ENSP00000381698	9606.ENSP00000259808	0	0	0	0	0.056	0	0.900	0.818	0.981
SHARPIN	TRAF5	9606.ENSP00000381698	9606.ENSP00000261464	0	0	0	0	0.059	0.053	0.900	0.325	0.931
SHARPIN	BIRC3	9606.ENSP00000381698	9606.ENSP00000263464	0	0	0	0	0	0.292	0.900	0.314	0.947
SHARPIN	SPATA2L	9606.ENSP00000381698	9606.ENSP00000289805	0	0	0	0	0.083	0	0.900	0.253	0.925
SHARPIN	RNF31	9606.ENSP00000381698	9606.ENSP00000315112	0	0	0	0	0.062	0.997	0.900	0.998	0.999
SHARPIN	CYLD	9606.ENSP00000381698	9606.ENSP00000392025	0	0	0	0	0	0.504	0.500	0.765	0.936
SHARPIN	SPATA2	9606.ENSP00000381698	9606.ENSP00000416799	0	0	0	0	0.049	0.626	0.900	0.571	0.982
SHARPIN	BIRC2	9606.ENSP00000381698	9606.ENSP00000477613	0	0	0	0	0.042	0.292	0.900	0.801	0.984
SHARPIN	TNF	9606.ENSP00000381698	9606.ENSP00000398698	0	0	0	0	0.044	0.994	0.500	0.384	0.998
SLC25A4	TP53	9606.ENSP00000281456	9606.ENSP00000269305	0	0	0	0	0.059	0	0	0.924	0.925
SLC25A4	SLC25A6	9606.ENSP00000281456	9606.ENSP00000370808	0	0	0.048	0.984	0.049	0.186	0.900	0.051	0.917
SLC25A4	PPID	9606.ENSP00000281456	9606.ENSP00000303754	0	0	0	0	0.075	0.207	0.900	0.309	0.942
SLC25A4	CYCS	9606.ENSP00000281456	9606.ENSP00000307786	0	0	0	0	0.277	0.104	0.900	0.458	0.960
SLC25A4	VDAC2	9606.ENSP00000281456	9606.ENSP00000361635	0	0	0	0	0.161	0.078	0.938	0.458	0.970
SLC25A4	SLC25A5	9606.ENSP00000281456	9606.ENSP00000360671	0	0	0.048	0.984	0.067	0.687	0.900	0.386	0.979
SLC25A4	VDAC3	9606.ENSP00000281456	9606.ENSP00000428845	0	0	0	0	0.170	0.166	0.938	0.659	0.983
SLC25A4	VDAC1	9606.ENSP00000281456	9606.ENSP00000378487	0	0	0	0	0.171	0.198	0.938	0.704	0.986
SLC25A5	SLC25A4	9606.ENSP00000360671	9606.ENSP00000281456	0	0	0.048	0.984	0.067	0.687	0.900	0.386	0.979
SLC25A5	PPID	9606.ENSP00000360671	9606.ENSP00000303754	0	0	0	0	0.081	0.207	0.900	0.247	0.937
SLC25A5	CYCS	9606.ENSP00000360671	9606.ENSP00000307786	0	0	0	0	0.288	0.104	0.900	0.695	0.978
SLC25A5	SLC25A6	9606.ENSP00000360671	9606.ENSP00000370808	0	0	0.048	0.985	0.246	0.626	0.900	0.053	0.969
SLC25A5	VDAC3	9606.ENSP00000360671	9606.ENSP00000428845	0	0	0	0	0.208	0.176	0.938	0.406	0.972
SLC25A5	VDAC2	9606.ENSP00000360671	9606.ENSP00000361635	0	0	0	0	0.381	0.254	0.938	0.698	0.990
SLC25A5	VDAC1	9606.ENSP00000360671	9606.ENSP00000378487	0	0	0	0	0.285	0.200	0.938	0.794	0.991
SLC25A6	TIMM21	9606.ENSP00000370808	9606.ENSP00000169551	0	0	0	0	0.049	0	0.900	0.122	0.909
SLC25A6	SLC25A4	9606.ENSP00000370808	9606.ENSP00000281456	0	0	0.048	0.984	0.049	0.186	0.900	0.051	0.917
SLC25A6	PPID	9606.ENSP00000370808	9606.ENSP00000303754	0	0	0	0	0.075	0.207	0.900	0.381	0.948
SLC25A6	CYCS	9606.ENSP00000370808	9606.ENSP00000307786	0	0	0	0	0.250	0.104	0.900	0.494	0.961
SLC25A6	SLC25A5	9606.ENSP00000370808	9606.ENSP00000360671	0	0	0.048	0.985	0.246	0.626	0.900	0.053	0.969
SLC25A6	VDAC2	9606.ENSP00000370808	9606.ENSP00000361635	0	0	0	0	0.161	0.078	0.938	0.879	0.993
SLC25A6	VDAC3	9606.ENSP00000370808	9606.ENSP00000428845	0	0	0	0	0.141	0.078	0.938	0.487	0.971
SLC25A6	VDAC1	9606.ENSP00000370808	9606.ENSP00000378487	0	0	0	0	0.148	0.355	0.938	0.929	0.997
SLC3A2	SLC7A11	9606.ENSP00000367123	9606.ENSP00000280612	0	0	0	0	0.158	0.975	0.900	0.999	0.999
SLC40A1	TFRC	9606.ENSP00000261024	9606.ENSP00000376197	0	0	0	0	0	0	0	0.936	0.936
SLC7A11	SLC3A2	9606.ENSP00000280612	9606.ENSP00000367123	0	0	0	0	0.158	0.975	0.900	0.999	0.999
SMCR8	TANK	9606.ENSP00000385025	9606.ENSP00000259075	0	0	0	0	0	0	0.900	0.286	0.925
SMCR8	WDR41	9606.ENSP00000385025	9606.ENSP00000296679	0	0	0	0	0	0.926	0.800	0.998	0.999
SMCR8	RAB8A	9606.ENSP00000385025	9606.ENSP00000300935	0	0	0	0	0	0.301	0.900	0.632	0.972
SMCR8	ULK1	9606.ENSP00000385025	9606.ENSP00000324560	0	0	0	0	0.049	0.474	0.900	0.398	0.965
SMCR8	RAB39B	9606.ENSP00000385025	9606.ENSP00000358466	0	0	0	0	0	0.301	0.900	0.729	0.979
SMCR8	ULK2	9606.ENSP00000385025	9606.ENSP00000378914	0	0	0	0	0.049	0	0.900	0.239	0.921
SMCR8	C9orf72	9606.ENSP00000385025	9606.ENSP00000482753	0	0	0	0	0.042	0.982	0.800	0.995	0.999
SNAP29	STX17	9606.ENSP00000215730	9606.ENSP00000259400	0	0	0	0	0.071	0.999	0.900	0.998	0.999
SNAP29	VAMP8	9606.ENSP00000215730	9606.ENSP00000263864	0	0	0	0	0.069	0.988	0.900	0.997	0.999
SPATA2	TNFRSF1A	9606.ENSP00000416799	9606.ENSP00000162749	0	0	0	0	0	0.994	0.500	0.359	0.997
SPATA2	SPATA2L	9606.ENSP00000416799	9606.ENSP00000289805	0	0	0	0.592	0.067	0	0.900	0.231	0.921
SPATA2	RNF31	9606.ENSP00000416799	9606.ENSP00000315112	0	0	0	0	0	0.835	0.900	0.778	0.996
SPATA2	SHARPIN	9606.ENSP00000416799	9606.ENSP00000381698	0	0	0	0	0.049	0.626	0.900	0.571	0.982
SPATA2	CYLD	9606.ENSP00000416799	9606.ENSP00000392025	0	0	0	0	0	0.846	0.900	0.880	0.997
SPATA2	TNF	9606.ENSP00000416799	9606.ENSP00000398698	0	0	0	0	0	0.792	0.500	0.487	0.941
SPATA2L	SPATA2	9606.ENSP00000289805	9606.ENSP00000416799	0	0	0	0.592	0.067	0	0.900	0.231	0.921
SPATA2L	RNF31	9606.ENSP00000289805	9606.ENSP00000315112	0	0	0	0	0.072	0	0.900	0.228	0.922
SPATA2L	SHARPIN	9606.ENSP00000289805	9606.ENSP00000381698	0	0	0	0	0.083	0	0.900	0.253	0.925
SPATA2L	CYLD	9606.ENSP00000289805	9606.ENSP00000392025	0	0	0	0	0	0.209	0.900	0.482	0.955
SPTA1	CASP3	9606.ENSP00000495214	9606.ENSP00000311032	0	0	0	0	0	0	0.900	0.171	0.913
SPTA1	SPTAN1	9606.ENSP00000495214	9606.ENSP00000487444	0	0	0.063	0.954	0	0	0.900	0.078	0.906
SPTAN1	CASP3	9606.ENSP00000487444	9606.ENSP00000311032	0	0	0	0	0.053	0.428	0.900	0.544	0.972
SPTAN1	SPTA1	9606.ENSP00000487444	9606.ENSP00000495214	0	0	0.063	0.954	0	0	0.900	0.078	0.906
STAT1	MAPK1	9606.ENSP00000354394	9606.ENSP00000215832	0	0	0	0	0.090	0.091	0.900	0.471	0.950
STAT1	NFKBIA	9606.ENSP00000354394	9606.ENSP00000216797	0	0	0	0	0.115	0.294	0	0.877	0.917
STAT1	NFKB1	9606.ENSP00000354394	9606.ENSP00000226574	0	0	0	0	0.129	0.045	0	0.918	0.926
STAT1	EIF2AK2	9606.ENSP00000354394	9606.ENSP00000233057	0	0	0	0	0.692	0.510	0.400	0.806	0.980
STAT1	IRF1	9606.ENSP00000354394	9606.ENSP00000245414	0	0	0	0	0.440	0.805	0.500	0.997	0.999
STAT1	MAPK3	9606.ENSP00000354394	9606.ENSP00000263025	0	0	0	0	0.062	0.091	0.900	0.636	0.964
STAT1	STAT3	9606.ENSP00000354394	9606.ENSP00000264657	0	0	0.064	0.947	0.192	0.874	0.900	0.982	0.999
STAT1	IFNAR1	9606.ENSP00000354394	9606.ENSP00000270139	0	0	0	0	0.196	0.301	0.900	0.982	0.998
STAT1	STAT2	9606.ENSP00000354394	9606.ENSP00000315768	0	0	0.075	0.884	0.662	0.886	0.900	0.985	0.999
STAT1	PRKCD	9606.ENSP00000354394	9606.ENSP00000331602	0	0	0	0	0.099	0.785	0.400	0.324	0.910
STAT1	STAT5A	9606.ENSP00000354394	9606.ENSP00000341208	0	0	0	0.722	0.115	0.387	0.650	0.858	0.969
STAT1	IFNAR2	9606.ENSP00000354394	9606.ENSP00000343957	0	0	0	0	0.121	0.738	0.900	0.957	0.998
STAT1	STAT4	9606.ENSP00000354394	9606.ENSP00000351255	0	0	0.066	0.943	0.081	0.535	0.900	0.888	0.994
STAT1	TRAF6	9606.ENSP00000354394	9606.ENSP00000433623	0	0	0	0	0.093	0	0	0.896	0.902
STAT1	JUN	9606.ENSP00000354394	9606.ENSP00000360266	0	0	0	0	0.055	0.328	0	0.869	0.910
STAT1	CAMK2A	9606.ENSP00000354394	9606.ENSP00000500386	0	0	0	0	0.087	0	0.900	0.127	0.913
STAT1	CAMK2B	9606.ENSP00000354394	9606.ENSP00000379098	0	0	0	0	0.087	0	0.900	0.181	0.918
STAT1	IFNB1	9606.ENSP00000354394	9606.ENSP00000369581	0	0	0	0	0.106	0	0.500	0.906	0.954
STAT1	AKT1	9606.ENSP00000354394	9606.ENSP00000451828	0	0	0	0	0.106	0.096	0.400	0.930	0.961
STAT1	JAK3	9606.ENSP00000354394	9606.ENSP00000432511	0	0	0	0	0.079	0.285	0.900	0.903	0.992
STAT1	TYK2	9606.ENSP00000354394	9606.ENSP00000431885	0	0	0	0	0.093	0.472	0.900	0.953	0.997
STAT1	JAK1	9606.ENSP00000354394	9606.ENSP00000499900	0	0	0	0	0.091	0.875	0.900	0.999	0.999
STAT1	JAK2	9606.ENSP00000354394	9606.ENSP00000371067	0	0	0	0	0.242	0.838	0.900	0.996	0.999
STAT1	IRF9	9606.ENSP00000354394	9606.ENSP00000380073	0	0	0	0	0.697	0.770	0.900	0.999	0.999
STAT2	IRF1	9606.ENSP00000315768	9606.ENSP00000245414	0	0	0	0	0.215	0	0.500	0.909	0.961
STAT2	STAT3	9606.ENSP00000315768	9606.ENSP00000264657	0	0	0.085	0.862	0.135	0.301	0.650	0.800	0.954
STAT2	IFNAR1	9606.ENSP00000315768	9606.ENSP00000270139	0	0	0	0	0.118	0.835	0.900	0.948	0.999
STAT2	STAT6	9606.ENSP00000315768	9606.ENSP00000300134	0	0	0.129	0.601	0.117	0.292	0.900	0.873	0.991
STAT2	STAT4	9606.ENSP00000315768	9606.ENSP00000351255	0	0	0.061	0.876	0.050	0	0.900	0.475	0.946
STAT2	IFNB1	9606.ENSP00000315768	9606.ENSP00000369581	0	0	0	0	0.127	0	0.500	0.889	0.947
STAT2	JAK3	9606.ENSP00000315768	9606.ENSP00000432511	0	0	0	0	0.095	0.285	0.900	0.763	0.982
STAT2	JAK2	9606.ENSP00000315768	9606.ENSP00000371067	0	0	0	0	0.160	0.285	0.900	0.871	0.991
STAT2	JAK1	9606.ENSP00000315768	9606.ENSP00000499900	0	0	0	0	0.073	0.285	0.900	0.955	0.996
STAT2	IFNAR2	9606.ENSP00000315768	9606.ENSP00000343957	0	0	0	0	0.099	0.820	0.900	0.889	0.997
STAT2	TYK2	9606.ENSP00000315768	9606.ENSP00000431885	0	0	0	0	0.106	0.634	0.900	0.964	0.998
STAT2	IRF9	9606.ENSP00000315768	9606.ENSP00000380073	0	0	0	0	0.446	0.894	0.900	0.999	0.999
STAT2	STAT1	9606.ENSP00000315768	9606.ENSP00000354394	0	0	0.075	0.884	0.662	0.886	0.900	0.985	0.999
STAT3	MAPK1	9606.ENSP00000264657	9606.ENSP00000215832	0	0	0	0	0.060	0.926	0	0.950	0.996
STAT3	NFKB1	9606.ENSP00000264657	9606.ENSP00000226574	0	0	0	0	0.126	0.598	0	0.902	0.962
STAT3	IRF1	9606.ENSP00000264657	9606.ENSP00000245414	0	0	0	0	0.197	0.292	0	0.838	0.900
STAT3	IL1B	9606.ENSP00000264657	9606.ENSP00000263341	0	0	0	0	0.069	0	0.500	0.877	0.938
STAT3	MAPK8	9606.ENSP00000264657	9606.ENSP00000378974	0	0	0	0	0.044	0.625	0	0.745	0.900
STAT3	IFNAR1	9606.ENSP00000264657	9606.ENSP00000270139	0	0	0	0	0.110	0.294	0	0.862	0.906
STAT3	MTOR	9606.ENSP00000264657	9606.ENSP00000354558	0	0	0	0	0.049	0.735	0	0.730	0.926
STAT3	NDUFA13	9606.ENSP00000264657	9606.ENSP00000423673	0	0	0	0	0.042	0.334	0	0.910	0.937
STAT3	TNF	9606.ENSP00000264657	9606.ENSP00000398698	0	0	0	0	0.070	0	0.500	0.881	0.939
STAT3	BCL2L1	9606.ENSP00000264657	9606.ENSP00000365230	0	0	0	0	0.055	0.095	0.750	0.790	0.949
STAT3	STAT2	9606.ENSP00000264657	9606.ENSP00000315768	0	0	0.085	0.862	0.135	0.301	0.650	0.800	0.954
STAT3	BCL2	9606.ENSP00000264657	9606.ENSP00000381185	0	0	0	0	0	0.056	0.750	0.840	0.959
STAT3	AKT1	9606.ENSP00000264657	9606.ENSP00000451828	0	0	0	0	0.118	0.096	0.500	0.925	0.966
STAT3	HSP90AA1	9606.ENSP00000264657	9606.ENSP00000335153	0	0	0	0	0.093	0.292	0.500	0.923	0.971
STAT3	STAT4	9606.ENSP00000264657	9606.ENSP00000351255	0	0	0.063	0.933	0.069	0	0.900	0.735	0.973
STAT3	IRF9	9606.ENSP00000264657	9606.ENSP00000380073	0	0	0	0	0.170	0.356	0.900	0.791	0.987
STAT3	HIF1A	9606.ENSP00000264657	9606.ENSP00000437955	0	0	0	0	0.115	0.738	0.750	0.923	0.994
STAT3	TP53	9606.ENSP00000264657	9606.ENSP00000269305	0	0	0	0	0.063	0.164	0.800	0.970	0.994
STAT3	FOS	9606.ENSP00000264657	9606.ENSP00000306245	0	0	0	0	0.132	0.429	0.500	0.984	0.995
STAT3	JUN	9606.ENSP00000264657	9606.ENSP00000360266	0	0	0	0	0.061	0.328	0	0.993	0.995
STAT3	TYK2	9606.ENSP00000264657	9606.ENSP00000431885	0	0	0	0	0.107	0.285	0.900	0.959	0.997
STAT3	STAT5A	9606.ENSP00000264657	9606.ENSP00000341208	0	0	0	0.738	0.181	0	0.900	0.974	0.997
STAT3	JAK3	9606.ENSP00000264657	9606.ENSP00000432511	0	0	0	0	0.102	0.472	0.900	0.966	0.998
STAT3	JAK1	9606.ENSP00000264657	9606.ENSP00000499900	0	0	0	0	0.184	0.839	0.900	0.999	0.999
STAT3	JAK2	9606.ENSP00000264657	9606.ENSP00000371067	0	0	0	0	0.107	0.885	0.900	0.999	0.999
STAT3	STAT1	9606.ENSP00000264657	9606.ENSP00000354394	0	0	0.064	0.947	0.192	0.874	0.900	0.982	0.999
STAT4	STAT3	9606.ENSP00000351255	9606.ENSP00000264657	0	0	0.063	0.933	0.069	0	0.900	0.735	0.973
STAT4	STAT6	9606.ENSP00000351255	9606.ENSP00000300134	0	0	0	0.653	0.056	0	0.900	0.346	0.932
STAT4	STAT2	9606.ENSP00000351255	9606.ENSP00000315768	0	0	0.061	0.876	0.050	0	0.900	0.475	0.946
STAT4	TYK2	9606.ENSP00000351255	9606.ENSP00000431885	0	0	0	0	0.065	0.285	0.650	0.900	0.973
STAT4	JAK3	9606.ENSP00000351255	9606.ENSP00000432511	0	0	0	0	0.130	0.285	0.900	0.629	0.973
STAT4	JAK2	9606.ENSP00000351255	9606.ENSP00000371067	0	0	0	0	0.111	0.285	0.900	0.684	0.977
STAT4	IRF9	9606.ENSP00000351255	9606.ENSP00000380073	0	0	0	0	0.133	0.128	0.900	0.740	0.977
STAT4	JAK1	9606.ENSP00000351255	9606.ENSP00000499900	0	0	0	0	0.120	0.285	0.900	0.845	0.988
STAT4	STAT1	9606.ENSP00000351255	9606.ENSP00000354394	0	0	0.066	0.943	0.081	0.535	0.900	0.888	0.994
STAT5A	STAT3	9606.ENSP00000341208	9606.ENSP00000264657	0	0	0	0.738	0.181	0	0.900	0.974	0.997
STAT5A	STAT6	9606.ENSP00000341208	9606.ENSP00000300134	0	0	0.103	0.842	0.126	0	0.650	0.802	0.938
STAT5A	IRF9	9606.ENSP00000341208	9606.ENSP00000380073	0	0	0	0	0.091	0.112	0.900	0.452	0.949
STAT5A	STAT1	9606.ENSP00000341208	9606.ENSP00000354394	0	0	0	0.722	0.115	0.387	0.650	0.858	0.969
STAT5A	TYK2	9606.ENSP00000341208	9606.ENSP00000431885	0	0	0	0	0.111	0.285	0.650	0.930	0.982
STAT5A	JAK3	9606.ENSP00000341208	9606.ENSP00000432511	0	0	0	0	0.086	0.607	0.900	0.972	0.998
STAT5A	JAK1	9606.ENSP00000341208	9606.ENSP00000499900	0	0	0	0	0.100	0.472	0.900	0.985	0.999
STAT5A	JAK2	9606.ENSP00000341208	9606.ENSP00000371067	0	0	0	0	0.134	0.802	0.900	0.997	0.999
STAT6	STAT4	9606.ENSP00000300134	9606.ENSP00000351255	0	0	0	0.653	0.056	0	0.900	0.346	0.932
STAT6	STAT5A	9606.ENSP00000300134	9606.ENSP00000341208	0	0	0.103	0.842	0.126	0	0.650	0.802	0.938
STAT6	TYK2	9606.ENSP00000300134	9606.ENSP00000431885	0	0	0	0	0.230	0.285	0.650	0.837	0.964
STAT6	IRF9	9606.ENSP00000300134	9606.ENSP00000380073	0	0	0	0	0.139	0.112	0.900	0.859	0.987
STAT6	JAK3	9606.ENSP00000300134	9606.ENSP00000432511	0	0	0	0	0.090	0.472	0.900	0.833	0.990
STAT6	STAT2	9606.ENSP00000300134	9606.ENSP00000315768	0	0	0.129	0.601	0.117	0.292	0.900	0.873	0.991
STAT6	JAK2	9606.ENSP00000300134	9606.ENSP00000371067	0	0	0	0	0.067	0.285	0.900	0.882	0.991
STAT6	JAK1	9606.ENSP00000300134	9606.ENSP00000499900	0	0	0	0	0.068	0.472	0.900	0.932	0.996
STX17	SNAP29	9606.ENSP00000259400	9606.ENSP00000215730	0	0	0	0	0.071	0.999	0.900	0.998	0.999
STX17	ATG5	9606.ENSP00000259400	9606.ENSP00000358072	0	0	0	0	0.082	0	0	0.916	0.920
STX17	GABARAP	9606.ENSP00000259400	9606.ENSP00000306866	0	0	0	0	0.063	0.903	0	0.675	0.967
STX17	VAMP8	9606.ENSP00000259400	9606.ENSP00000263864	0	0	0	0	0.058	0.999	0.900	0.997	0.999
SUPT20H	ATG9A	9606.ENSP00000417510	9606.ENSP00000386710	0	0	0	0	0.056	0.345	0	0.948	0.965
SURF1	COX15	9606.ENSP00000361042	9606.ENSP00000016171	0.120	0	0	0	0.606	0.509	0	0.960	0.992
SURF1	SCO1	9606.ENSP00000361042	9606.ENSP00000255390	0.111	0	0	0	0.321	0.095	0	0.947	0.967
SURF1	COX10	9606.ENSP00000361042	9606.ENSP00000261643	0.120	0	0	0	0.308	0.115	0	0.962	0.977
SURF1	COX11	9606.ENSP00000361042	9606.ENSP00000299335	0.120	0	0	0	0.672	0.079	0	0.708	0.912
SURF1	COX14	9606.ENSP00000361042	9606.ENSP00000326052	0	0	0	0	0.142	0.292	0	0.869	0.913
SURF1	COA3	9606.ENSP00000361042	9606.ENSP00000354762	0	0	0	0	0.111	0.329	0	0.877	0.920
TANK	TNFRSF1A	9606.ENSP00000259075	9606.ENSP00000162749	0	0	0	0	0.047	0.994	0	0.597	0.997
TANK	FADD	9606.ENSP00000259075	9606.ENSP00000301838	0	0	0	0	0	0.259	0	0.872	0.901
TANK	SMCR8	9606.ENSP00000259075	9606.ENSP00000385025	0	0	0	0	0	0	0.900	0.286	0.925
TANK	BIRC2	9606.ENSP00000259075	9606.ENSP00000477613	0	0	0	0	0.124	0.620	0	0.818	0.934
TANK	TRAF6	9606.ENSP00000259075	9606.ENSP00000433623	0	0	0	0	0.062	0.314	0.500	0.962	0.986
TANK	TNF	9606.ENSP00000259075	9606.ENSP00000398698	0	0	0	0	0.056	0.994	0	0.447	0.996
TF	TFRC	9606.ENSP00000385834	9606.ENSP00000376197	0.042	0	0	0	0.143	0.986	0.900	0.798	0.999
TFRC	SLC40A1	9606.ENSP00000376197	9606.ENSP00000261024	0	0	0	0	0	0	0	0.936	0.936
TFRC	FTH1	9606.ENSP00000376197	9606.ENSP00000273550	0	0	0	0	0.047	0.852	0.500	0.945	0.995
TFRC	TF	9606.ENSP00000376197	9606.ENSP00000385834	0.042	0	0	0	0.143	0.986	0.900	0.798	0.999
TICAM1	RIPK3	9606.ENSP00000248244	9606.ENSP00000216274	0	0	0	0	0.098	0.345	0.900	0.750	0.983
TICAM1	CFLAR	9606.ENSP00000248244	9606.ENSP00000312455	0	0	0	0	0.059	0.292	0.900	0.192	0.939
TICAM1	FADD	9606.ENSP00000248244	9606.ENSP00000301838	0	0	0	0	0.129	0.092	0.900	0.575	0.961
TICAM1	CASP8	9606.ENSP00000248244	9606.ENSP00000351273	0	0	0	0	0.083	0.510	0.900	0.560	0.977
TICAM1	TICAM2	9606.ENSP00000248244	9606.ENSP00000415139	0	0	0	0.663	0.074	0.625	0.900	0.667	0.986
TICAM1	RIPK1	9606.ENSP00000248244	9606.ENSP00000259808	0	0	0	0	0.111	0.754	0.900	0.768	0.994
TICAM1	TRAF6	9606.ENSP00000248244	9606.ENSP00000433623	0	0	0	0	0.113	0.895	0.900	0.814	0.998
TICAM1	TLR4	9606.ENSP00000248244	9606.ENSP00000363089	0	0	0	0	0.105	0.730	0.900	0.990	0.999
TICAM1	TLR3	9606.ENSP00000248244	9606.ENSP00000296795	0	0	0	0	0.086	0.852	0.900	0.997	0.999
TICAM2	TICAM1	9606.ENSP00000415139	9606.ENSP00000248244	0	0	0	0.663	0.074	0.625	0.900	0.667	0.986
TICAM2	RIPK1	9606.ENSP00000415139	9606.ENSP00000259808	0	0	0	0	0.081	0.113	0.900	0.358	0.940
TICAM2	TLR4	9606.ENSP00000415139	9606.ENSP00000363089	0	0	0	0	0.115	0.853	0.900	0.988	0.999
TICAM2	TRAF6	9606.ENSP00000415139	9606.ENSP00000433623	0	0	0	0	0.076	0.694	0.900	0.519	0.984
TIMM21	SLC25A6	9606.ENSP00000169551	9606.ENSP00000370808	0	0	0	0	0.049	0	0.900	0.122	0.909
TIMMDC1	NDUFB4	9606.ENSP00000418803	9606.ENSP00000184266	0	0	0	0	0.109	0.994	0.500	0.224	0.997
TIMMDC1	NDUFS7	9606.ENSP00000418803	9606.ENSP00000233627	0	0	0	0	0.049	0.994	0.500	0.350	0.997
TIMMDC1	NDUFB5	9606.ENSP00000418803	9606.ENSP00000259037	0	0	0	0	0.251	0.994	0.500	0.314	0.998
TIMMDC1	NDUFAF1	9606.ENSP00000418803	9606.ENSP00000260361	0	0	0	0	0.121	0.994	0.500	0.814	0.999
TIMMDC1	NDUFA9	9606.ENSP00000418803	9606.ENSP00000266544	0	0	0	0	0.062	0.994	0.500	0.251	0.997
TIMMDC1	NDUFB10	9606.ENSP00000418803	9606.ENSP00000268668	0	0	0	0	0.092	0.994	0.500	0.422	0.998
TIMMDC1	ECSIT	9606.ENSP00000418803	9606.ENSP00000270517	0	0	0	0	0.049	0.994	0.500	0.806	0.999
TIMMDC1	NDUFB9	9606.ENSP00000418803	9606.ENSP00000276689	0	0	0	0	0.068	0.994	0.500	0.267	0.997
TIMMDC1	NDUFC2	9606.ENSP00000418803	9606.ENSP00000281031	0	0	0	0	0.138	0.793	0.500	0.325	0.931
TIMMDC1	NDUFB8	9606.ENSP00000418803	9606.ENSP00000299166	0	0	0	0	0.061	0.994	0.500	0.374	0.998
TIMMDC1	ACAD9	9606.ENSP00000418803	9606.ENSP00000312618	0	0	0	0	0.128	0.994	0.500	0.764	0.999
TIMMDC1	NDUFS8	9606.ENSP00000418803	9606.ENSP00000315774	0	0	0	0	0.060	0.994	0.500	0.434	0.998
TIMMDC1	NDUFAF3	9606.ENSP00000418803	9606.ENSP00000323076	0	0	0	0	0.076	0.994	0.800	0.599	0.999
TIMMDC1	NDUFA12	9606.ENSP00000418803	9606.ENSP00000330737	0	0	0	0	0.081	0.994	0.500	0.395	0.998
TIMMDC1	UQCR10	9606.ENSP00000418803	9606.ENSP00000332887	0	0	0	0	0.103	0.994	0	0.196	0.995
TIMMDC1	NDUFV3	9606.ENSP00000418803	9606.ENSP00000346196	0	0	0	0	0.101	0.994	0.500	0.359	0.998
TIMMDC1	TMEM126B	9606.ENSP00000418803	9606.ENSP00000351737	0	0	0	0	0.107	0.994	0.500	0.895	0.999
TIMMDC1	MT-ND1	9606.ENSP00000418803	9606.ENSP00000354687	0	0	0	0	0.049	0.994	0.500	0.313	0.997
TIMMDC1	MT-ND4	9606.ENSP00000418803	9606.ENSP00000354961	0	0	0	0	0.047	0.994	0	0.295	0.995
TIMMDC1	NDUFS2	9606.ENSP00000418803	9606.ENSP00000356972	0	0	0	0	0.068	0.994	0.500	0.464	0.998
TIMMDC1	NDUFAF4	9606.ENSP00000418803	9606.ENSP00000358272	0	0	0	0	0.106	0.994	0.800	0.655	0.999
TIMMDC1	NDUFS5	9606.ENSP00000418803	9606.ENSP00000362058	0	0	0	0	0.067	0.994	0	0.439	0.996
TIMMDC1	NDUFA8	9606.ENSP00000418803	9606.ENSP00000362873	0	0	0	0	0.250	0.994	0.500	0.718	0.999
TIMMDC1	COX7A2L	9606.ENSP00000418803	9606.ENSP00000367938	0	0	0	0	0.098	0.994	0	0.081	0.994
TIMMDC1	NDUFB6	9606.ENSP00000418803	9606.ENSP00000369176	0	0	0	0	0.084	0.994	0.500	0.371	0.998
TIMMDC1	NDUFA3	9606.ENSP00000418803	9606.ENSP00000418438	0	0	0	0	0.048	0.629	0.500	0.679	0.935
TIMMDC1	NDUFV1	9606.ENSP00000418803	9606.ENSP00000497587	0	0	0	0	0.049	0.994	0.500	0.291	0.997
TIMMDC1	NDUFA13	9606.ENSP00000418803	9606.ENSP00000423673	0	0	0	0	0.060	0.994	0.500	0.692	0.999
TLR3	RIPK3	9606.ENSP00000296795	9606.ENSP00000216274	0	0	0	0	0.053	0.107	0.500	0.926	0.964
TLR3	TICAM1	9606.ENSP00000296795	9606.ENSP00000248244	0	0	0	0	0.086	0.852	0.900	0.997	0.999
TLR3	RIPK1	9606.ENSP00000296795	9606.ENSP00000259808	0	0	0	0	0.102	0.974	0.500	0.886	0.998
TLR3	TLR4	9606.ENSP00000296795	9606.ENSP00000363089	0	0	0	0.593	0.116	0	0	0.899	0.907
TLR3	CASP8	9606.ENSP00000296795	9606.ENSP00000351273	0	0	0	0	0.100	0.343	0.500	0.770	0.923
TLR3	HMGB1	9606.ENSP00000296795	9606.ENSP00000345347	0	0	0	0	0.052	0	0	0.952	0.952
TLR3	IFNB1	9606.ENSP00000296795	9606.ENSP00000369581	0	0	0	0	0.070	0	0	0.995	0.995
TLR3	TRAF6	9606.ENSP00000296795	9606.ENSP00000433623	0	0	0	0	0.076	0.985	0.500	0.902	0.999
TLR4	TNFRSF1A	9606.ENSP00000363089	9606.ENSP00000162749	0	0	0	0	0.256	0	0	0.934	0.949
TLR4	PIK3R2	9606.ENSP00000363089	9606.ENSP00000222254	0	0	0	0	0	0	0.900	0.162	0.912
TLR4	NFKB1	9606.ENSP00000363089	9606.ENSP00000226574	0	0	0	0	0.116	0.093	0.900	0.932	0.993
TLR4	TICAM1	9606.ENSP00000363089	9606.ENSP00000248244	0	0	0	0	0.105	0.730	0.900	0.990	0.999
TLR4	RIPK1	9606.ENSP00000363089	9606.ENSP00000259808	0	0	0	0	0.121	0.177	0.500	0.907	0.962
TLR4	PIK3R3	9606.ENSP00000363089	9606.ENSP00000262741	0	0	0	0	0	0	0.900	0.133	0.909
TLR4	IL1A	9606.ENSP00000363089	9606.ENSP00000263339	0	0	0	0	0.086	0	0	0.972	0.974
TLR4	IL1B	9606.ENSP00000363089	9606.ENSP00000263341	0	0	0	0	0.181	0	0	0.984	0.986
TLR4	PIK3CA	9606.ENSP00000363089	9606.ENSP00000263967	0	0	0	0	0.080	0.086	0.900	0.246	0.928
TLR4	IL18	9606.ENSP00000363089	9606.ENSP00000280357	0	0	0	0	0.068	0	0	0.905	0.908
TLR4	TLR3	9606.ENSP00000363089	9606.ENSP00000296795	0	0	0	0.593	0.116	0	0	0.899	0.907
TLR4	HSP90AA1	9606.ENSP00000363089	9606.ENSP00000335153	0	0	0	0	0	0.063	0	0.986	0.987
TLR4	HMGB1	9606.ENSP00000363089	9606.ENSP00000345347	0	0	0	0	0.078	0.445	0.500	0.998	0.999
TLR4	HSP90AB1	9606.ENSP00000363089	9606.ENSP00000360609	0	0	0	0	0	0.063	0	0.987	0.988
TLR4	CYBB	9606.ENSP00000363089	9606.ENSP00000367851	0	0	0	0	0.269	0.045	0	0.871	0.902
TLR4	IKBKB	9606.ENSP00000363089	9606.ENSP00000430684	0	0	0	0	0.092	0.100	0.500	0.791	0.903
TLR4	CASP1	9606.ENSP00000363089	9606.ENSP00000433138	0	0	0	0	0.263	0.062	0	0.888	0.916
TLR4	PIK3CB	9606.ENSP00000363089	9606.ENSP00000501150	0	0	0	0	0.086	0.086	0.900	0.203	0.924
TLR4	PIK3CD	9606.ENSP00000363089	9606.ENSP00000366563	0	0	0	0	0.124	0.094	0.900	0.273	0.934
TLR4	TNF	9606.ENSP00000363089	9606.ENSP00000398698	0	0	0	0	0.125	0	0	0.966	0.969
TLR4	CD14	9606.ENSP00000363089	9606.ENSP00000385519	0	0	0	0	0.345	0	0.900	0.939	0.995
TLR4	IFNB1	9606.ENSP00000363089	9606.ENSP00000369581	0	0	0	0	0.086	0	0	0.998	0.998
TLR4	TICAM2	9606.ENSP00000363089	9606.ENSP00000415139	0	0	0	0	0.115	0.853	0.900	0.988	0.999
TLR4	TRAF6	9606.ENSP00000363089	9606.ENSP00000433623	0	0	0	0	0.117	0.923	0.900	0.997	0.999
TMEM126B	NDUFAF1	9606.ENSP00000351737	9606.ENSP00000260361	0	0	0	0	0.174	0.994	0.800	0.977	0.999
TMEM126B	ECSIT	9606.ENSP00000351737	9606.ENSP00000270517	0	0	0	0	0	0.994	0.800	0.978	0.999
TMEM126B	NDUFC2	9606.ENSP00000351737	9606.ENSP00000281031	0	0	0	0	0.061	0.821	0.500	0.487	0.951
TMEM126B	ACAD9	9606.ENSP00000351737	9606.ENSP00000312618	0	0	0	0	0.044	0.994	0.800	0.990	0.999
TMEM126B	NDUFAF3	9606.ENSP00000351737	9606.ENSP00000323076	0	0	0	0	0	0.610	0.500	0.560	0.906
TMEM126B	TMEM186	9606.ENSP00000351737	9606.ENSP00000331640	0	0	0	0	0.098	0	0.500	0.896	0.949
TMEM126B	NDUFAF4	9606.ENSP00000351737	9606.ENSP00000358272	0	0	0	0	0.234	0.522	0.500	0.609	0.919
TMEM126B	NDUFA13	9606.ENSP00000351737	9606.ENSP00000423673	0	0	0	0	0.049	0.994	0.500	0.377	0.997
TMEM126B	TIMMDC1	9606.ENSP00000351737	9606.ENSP00000418803	0	0	0	0	0.107	0.994	0.500	0.895	0.999
TMEM186	NDUFAF1	9606.ENSP00000331640	9606.ENSP00000260361	0	0	0	0	0.320	0	0.500	0.821	0.934
TMEM186	ECSIT	9606.ENSP00000331640	9606.ENSP00000270517	0	0	0	0	0.103	0.629	0.500	0.794	0.961
TMEM186	MT-ND3	9606.ENSP00000331640	9606.ENSP00000355206	0	0	0	0	0	0	0.900	0.373	0.934
TMEM186	TMEM126B	9606.ENSP00000331640	9606.ENSP00000351737	0	0	0	0	0.098	0	0.500	0.896	0.949
TMEM70	ECSIT	9606.ENSP00000312599	9606.ENSP00000270517	0	0	0	0	0.057	0.994	0	0.406	0.996
TMEM70	ATPAF2	9606.ENSP00000312599	9606.ENSP00000417190	0	0	0	0	0.107	0	0	0.957	0.960
TMEM70	NDUFS5	9606.ENSP00000312599	9606.ENSP00000362058	0	0	0	0	0.064	0.994	0	0.177	0.994
TNF	TNFRSF1A	9606.ENSP00000398698	9606.ENSP00000162749	0	0	0	0	0.044	0.999	0.900	0.999	0.999
TNF	RIPK3	9606.ENSP00000398698	9606.ENSP00000216274	0	0	0	0	0.137	0.994	0	0.760	0.998
TNF	NFKBIA	9606.ENSP00000398698	9606.ENSP00000216797	0	0	0	0	0.338	0.292	0	0.937	0.967
TNF	TNFRSF10A	9606.ENSP00000398698	9606.ENSP00000221132	0	0	0	0	0.044	0	0	0.997	0.997
TNF	NFKB1	9606.ENSP00000398698	9606.ENSP00000226574	0	0	0	0	0.194	0	0.900	0.995	0.999
TNF	TANK	9606.ENSP00000398698	9606.ENSP00000259075	0	0	0	0	0.056	0.994	0	0.447	0.996
TNF	RIPK1	9606.ENSP00000398698	9606.ENSP00000259808	0	0	0	0	0.100	0.994	0.500	0.943	0.999
TNF	MAPK3	9606.ENSP00000398698	9606.ENSP00000263025	0	0	0	0	0.062	0	0	0.921	0.922
TNF	IL1A	9606.ENSP00000398698	9606.ENSP00000263339	0	0	0	0	0.619	0	0.400	0.976	0.994
TNF	IL1B	9606.ENSP00000398698	9606.ENSP00000263341	0	0	0	0	0.616	0	0.400	0.993	0.998
TNF	BIRC3	9606.ENSP00000398698	9606.ENSP00000263464	0	0	0	0	0.161	0.510	0.500	0.849	0.964
TNF	STAT3	9606.ENSP00000398698	9606.ENSP00000264657	0	0	0	0	0.070	0	0.500	0.881	0.939
TNF	TNFRSF10B	9606.ENSP00000398698	9606.ENSP00000276431	0	0	0	0	0.047	0	0	0.997	0.997
TNF	IL18	9606.ENSP00000398698	9606.ENSP00000280357	0	0	0	0	0.049	0	0.400	0.937	0.961
TNF	FADD	9606.ENSP00000398698	9606.ENSP00000301838	0	0	0	0	0.098	0.303	0.500	0.973	0.990
TNF	CASP3	9606.ENSP00000398698	9606.ENSP00000311032	0	0	0	0	0.098	0.096	0	0.932	0.939
TNF	RNF31	9606.ENSP00000398698	9606.ENSP00000315112	0	0	0	0	0.060	0.994	0.500	0.446	0.998
TNF	CASP8	9606.ENSP00000398698	9606.ENSP00000351273	0	0	0	0	0.101	0.994	0	0.928	0.999
TNF	JUN	9606.ENSP00000398698	9606.ENSP00000360266	0	0	0	0	0.151	0	0.900	0.881	0.989
TNF	TLR4	9606.ENSP00000398698	9606.ENSP00000363089	0	0	0	0	0.125	0	0	0.966	0.969
TNF	IFNB1	9606.ENSP00000398698	9606.ENSP00000369581	0	0	0	0	0.191	0	0	0.905	0.919
TNF	SHARPIN	9606.ENSP00000398698	9606.ENSP00000381698	0	0	0	0	0.044	0.994	0.500	0.384	0.998
TNF	CYLD	9606.ENSP00000398698	9606.ENSP00000392025	0	0	0	0	0.067	0.854	0.500	0.812	0.985
TNF	ERN1	9606.ENSP00000398698	9606.ENSP00000401445	0	0	0	0	0.103	0.057	0	0.892	0.901
TNF	CASP1	9606.ENSP00000398698	9606.ENSP00000433138	0	0	0	0	0.171	0.091	0	0.883	0.904
TNF	AKT1	9606.ENSP00000398698	9606.ENSP00000451828	0	0	0	0	0.074	0.057	0	0.903	0.907
TNF	SPATA2	9606.ENSP00000398698	9606.ENSP00000416799	0	0	0	0	0	0.792	0.500	0.487	0.941
TNF	FAS	9606.ENSP00000398698	9606.ENSP00000498466	0	0	0	0	0.128	0.292	0	0.997	0.997
TNF	TRAF6	9606.ENSP00000398698	9606.ENSP00000433623	0	0	0	0	0.106	0.625	0	0.995	0.998
TNF	IKBKB	9606.ENSP00000398698	9606.ENSP00000430684	0	0	0	0	0.089	0.994	0.500	0.934	0.999
TNF	BIRC2	9606.ENSP00000398698	9606.ENSP00000477613	0	0	0	0	0.069	0.994	0.500	0.785	0.999
TNF	TNFAIP3	9606.ENSP00000398698	9606.ENSP00000481570	0	0	0	0	0.479	0.994	0.500	0.664	0.999
TNFAIP3	TNFRSF1A	9606.ENSP00000481570	9606.ENSP00000162749	0	0	0	0	0.047	0.994	0.500	0.575	0.998
TNFAIP3	RIPK3	9606.ENSP00000481570	9606.ENSP00000216274	0	0	0	0	0.097	0.071	0.900	0.365	0.939
TNFAIP3	NFKB1	9606.ENSP00000481570	9606.ENSP00000226574	0	0	0	0	0.285	0.297	0	0.832	0.908
TNFAIP3	RIPK1	9606.ENSP00000481570	9606.ENSP00000259808	0	0	0	0	0.127	0.841	0.900	0.545	0.992
TNFAIP3	BIRC3	9606.ENSP00000481570	9606.ENSP00000263464	0	0	0	0	0.487	0.292	0.500	0.595	0.916
TNFAIP3	RNF31	9606.ENSP00000481570	9606.ENSP00000315112	0	0	0	0	0	0.749	0.400	0.417	0.904
TNFAIP3	TNF	9606.ENSP00000481570	9606.ENSP00000398698	0	0	0	0	0.479	0.994	0.500	0.664	0.999
TNFAIP3	TRAF6	9606.ENSP00000481570	9606.ENSP00000433623	0	0	0	0	0.102	0.893	0.900	0.904	0.998
TNFAIP3	BIRC2	9606.ENSP00000481570	9606.ENSP00000477613	0	0	0	0	0.101	0.663	0.500	0.599	0.931
TNFRSF10A	TNFRSF1A	9606.ENSP00000221132	9606.ENSP00000162749	0	0	0	0.561	0.047	0	0	0.917	0.918
TNFRSF10A	FAS	9606.ENSP00000221132	9606.ENSP00000498466	0	0	0	0.590	0.047	0	0.500	0.931	0.964
TNFRSF10A	RIPK1	9606.ENSP00000221132	9606.ENSP00000259808	0	0	0	0	0.049	0	0.900	0.727	0.971
TNFRSF10A	CFLAR	9606.ENSP00000221132	9606.ENSP00000312455	0	0	0	0	0.049	0.806	0.500	0.912	0.990
TNFRSF10A	CASP8	9606.ENSP00000221132	9606.ENSP00000351273	0	0	0	0	0.063	0.912	0.500	0.944	0.997
TNFRSF10A	TNF	9606.ENSP00000221132	9606.ENSP00000398698	0	0	0	0	0.044	0	0	0.997	0.997
TNFRSF10A	TNFRSF10B	9606.ENSP00000221132	9606.ENSP00000276431	0	0	0.078	0.925	0.084	0.765	0.900	0.919	0.998
TNFRSF10A	FADD	9606.ENSP00000221132	9606.ENSP00000301838	0	0	0	0	0.049	0.874	0.900	0.997	0.999
TNFRSF10B	TNFRSF10A	9606.ENSP00000276431	9606.ENSP00000221132	0	0	0.078	0.925	0.084	0.765	0.900	0.919	0.998
TNFRSF10B	RIPK1	9606.ENSP00000276431	9606.ENSP00000259808	0	0	0	0	0.092	0.619	0.900	0.873	0.995
TNFRSF10B	TP53	9606.ENSP00000276431	9606.ENSP00000269305	0	0	0	0	0.059	0	0.500	0.821	0.908
TNFRSF10B	FAS	9606.ENSP00000276431	9606.ENSP00000498466	0	0	0	0.582	0.134	0.448	0.500	0.917	0.977
TNFRSF10B	CFLAR	9606.ENSP00000276431	9606.ENSP00000312455	0	0	0	0	0.056	0.797	0.500	0.921	0.991
TNFRSF10B	TNF	9606.ENSP00000276431	9606.ENSP00000398698	0	0	0	0	0.047	0	0	0.997	0.997
TNFRSF10B	FADD	9606.ENSP00000276431	9606.ENSP00000301838	0	0	0	0	0.066	0.880	0.900	0.997	0.999
TNFRSF10B	CASP8	9606.ENSP00000276431	9606.ENSP00000351273	0	0	0	0	0.056	0.920	0.500	0.990	0.999
TNFRSF1A	TNFRSF10A	9606.ENSP00000162749	9606.ENSP00000221132	0	0	0	0.561	0.047	0	0	0.917	0.918
TNFRSF1A	RIPK3	9606.ENSP00000162749	9606.ENSP00000216274	0	0	0	0	0.115	0.311	0	0.891	0.927
TNFRSF1A	IL1A	9606.ENSP00000162749	9606.ENSP00000263339	0	0	0	0	0	0	0	0.934	0.934
TNFRSF1A	DAXX	9606.ENSP00000162749	9606.ENSP00000266000	0	0	0	0	0.050	0.292	0.900	0.273	0.944
TNFRSF1A	TLR4	9606.ENSP00000162749	9606.ENSP00000363089	0	0	0	0	0.256	0	0	0.934	0.949
TNFRSF1A	TRAF6	9606.ENSP00000162749	9606.ENSP00000433623	0	0	0	0	0	0.300	0.900	0.960	0.996
TNFRSF1A	IL1B	9606.ENSP00000162749	9606.ENSP00000263341	0	0	0	0	0.056	0	0	0.997	0.997
TNFRSF1A	SPATA2	9606.ENSP00000162749	9606.ENSP00000416799	0	0	0	0	0	0.994	0.500	0.359	0.997
TNFRSF1A	TANK	9606.ENSP00000162749	9606.ENSP00000259075	0	0	0	0	0.047	0.994	0	0.597	0.997
TNFRSF1A	CASP8	9606.ENSP00000162749	9606.ENSP00000351273	0	0	0	0	0.045	0.593	0	0.996	0.998
TNFRSF1A	SHARPIN	9606.ENSP00000162749	9606.ENSP00000381698	0	0	0	0	0.049	0.994	0.500	0.545	0.998
TNFRSF1A	TNFAIP3	9606.ENSP00000162749	9606.ENSP00000481570	0	0	0	0	0.047	0.994	0.500	0.575	0.998
TNFRSF1A	RNF31	9606.ENSP00000162749	9606.ENSP00000315112	0	0	0	0	0.056	0.994	0.500	0.591	0.998
TNFRSF1A	BIRC2	9606.ENSP00000162749	9606.ENSP00000477613	0	0	0	0	0	0.994	0.900	0.995	0.999
TNFRSF1A	TRAF5	9606.ENSP00000162749	9606.ENSP00000261464	0	0	0	0	0	0.067	0.900	0.991	0.999
TNFRSF1A	CYLD	9606.ENSP00000162749	9606.ENSP00000392025	0	0	0	0	0	0.994	0.500	0.906	0.999
TNFRSF1A	IKBKB	9606.ENSP00000162749	9606.ENSP00000430684	0	0	0	0	0.110	0.994	0.900	0.848	0.999
TNFRSF1A	TNF	9606.ENSP00000162749	9606.ENSP00000398698	0	0	0	0	0.044	0.999	0.900	0.999	0.999
TNFRSF1A	RIPK1	9606.ENSP00000162749	9606.ENSP00000259808	0	0	0	0	0.111	0.994	0.900	0.997	0.999
TNFRSF1A	BIRC3	9606.ENSP00000162749	9606.ENSP00000263464	0	0	0	0	0	0.994	0.900	0.924	0.999
TNFRSF1A	FAS	9606.ENSP00000162749	9606.ENSP00000498466	0	0	0	0	0.056	0.448	0.900	0.994	0.999
TNFRSF1A	FADD	9606.ENSP00000162749	9606.ENSP00000301838	0	0	0	0	0.135	0.813	0.900	0.998	0.999
TP53	RB1CC1	9606.ENSP00000269305	9606.ENSP00000025008	0	0	0	0	0	0.510	0	0.969	0.984
TP53	GADD45B	9606.ENSP00000269305	9606.ENSP00000215631	0	0	0	0	0	0	0.900	0.660	0.964
TP53	MAPK1	9606.ENSP00000269305	9606.ENSP00000215832	0	0	0	0	0.045	0.806	0.900	0.912	0.998
TP53	NFKBIA	9606.ENSP00000269305	9606.ENSP00000216797	0	0	0	0	0.051	0.623	0	0.781	0.915
TP53	NFKB1	9606.ENSP00000269305	9606.ENSP00000226574	0	0	0	0	0.098	0.045	0	0.989	0.989
TP53	KRAS	9606.ENSP00000269305	9606.ENSP00000256078	0	0	0	0	0.074	0	0	0.947	0.949
TP53	MAPK3	9606.ENSP00000269305	9606.ENSP00000263025	0	0	0	0	0.060	0.626	0.900	0.871	0.994
TP53	PIK3CA	9606.ENSP00000269305	9606.ENSP00000263967	0	0	0	0	0	0.292	0	0.920	0.941
TP53	STAT3	9606.ENSP00000269305	9606.ENSP00000264657	0	0	0	0	0.063	0.164	0.800	0.970	0.994
TP53	DAXX	9606.ENSP00000269305	9606.ENSP00000266000	0	0	0	0	0.122	0.895	0.900	0.952	0.999
TP53	ATG7	9606.ENSP00000269305	9606.ENSP00000346437	0	0	0	0	0.048	0.292	0	0.874	0.907
TP53	TNFRSF10B	9606.ENSP00000269305	9606.ENSP00000276431	0	0	0	0	0.059	0	0.500	0.821	0.908
TP53	CYCS	9606.ENSP00000269305	9606.ENSP00000307786	0	0	0	0	0	0	0	0.911	0.911
TP53	DDIT4	9606.ENSP00000269305	9606.ENSP00000307305	0	0	0	0	0.060	0	0.750	0.652	0.911
TP53	MCL1	9606.ENSP00000269305	9606.ENSP00000358022	0	0	0	0	0.055	0.311	0	0.884	0.918
TP53	CAPN2	9606.ENSP00000269305	9606.ENSP00000295006	0	0	0	0	0.067	0	0.900	0.254	0.924
TP53	HRAS	9606.ENSP00000269305	9606.ENSP00000407586	0	0	0	0	0.083	0.292	0	0.894	0.925
TP53	SLC25A4	9606.ENSP00000269305	9606.ENSP00000281456	0	0	0	0	0.059	0	0	0.924	0.925
TP53	BIRC5	9606.ENSP00000269305	9606.ENSP00000301633	0	0	0	0	0.143	0	0.750	0.703	0.930
TP53	IKBKB	9606.ENSP00000269305	9606.ENSP00000430684	0	0	0	0	0.076	0.510	0.500	0.739	0.933
TP53	PPID	9606.ENSP00000269305	9606.ENSP00000303754	0	0	0	0	0.086	0.292	0	0.907	0.934
TP53	CAPN1	9606.ENSP00000269305	9606.ENSP00000431984	0	0	0	0	0.074	0.160	0.900	0.305	0.938
TP53	FOS	9606.ENSP00000269305	9606.ENSP00000306245	0	0	0	0	0.053	0.230	0.500	0.884	0.952
TP53	AKT3	9606.ENSP00000269305	9606.ENSP00000500582	0	0	0	0	0	0	0.900	0.555	0.953
TP53	CASP9	9606.ENSP00000269305	9606.ENSP00000330237	0	0	0	0	0.067	0	0	0.952	0.953
TP53	TRAF6	9606.ENSP00000269305	9606.ENSP00000433623	0	0	0	0	0.055	0.292	0	0.938	0.954
TP53	CASP3	9606.ENSP00000269305	9606.ENSP00000311032	0	0	0	0	0.093	0.292	0	0.937	0.956
TP53	PIDD1	9606.ENSP00000269305	9606.ENSP00000337797	0	0	0	0	0.049	0.045	0.750	0.837	0.958
TP53	BBC3	9606.ENSP00000269305	9606.ENSP00000404503	0	0	0	0	0	0.486	0.500	0.856	0.959
TP53	PARP1	9606.ENSP00000269305	9606.ENSP00000355759	0	0	0	0	0.067	0.794	0	0.870	0.972
TP53	AKT2	9606.ENSP00000269305	9606.ENSP00000375892	0	0	0	0	0.072	0	0.900	0.734	0.973
TP53	MAPK9	9606.ENSP00000269305	9606.ENSP00000394560	0	0	0	0	0.080	0.641	0.900	0.527	0.982
TP53	CASP8	9606.ENSP00000269305	9606.ENSP00000351273	0	0	0	0	0.086	0.292	0.900	0.879	0.991
TP53	GADD45A	9606.ENSP00000269305	9606.ENSP00000360025	0	0	0	0	0	0.069	0.900	0.913	0.991
TP53	BAX	9606.ENSP00000269305	9606.ENSP00000293288	0	0	0	0	0.080	0.782	0.900	0.774	0.994
TP53	AKT1	9606.ENSP00000269305	9606.ENSP00000451828	0	0	0	0	0.049	0.184	0.900	0.934	0.994
TP53	HSP90AB1	9606.ENSP00000269305	9606.ENSP00000360609	0	0	0	0	0.057	0.248	0	0.994	0.995
TP53	JUN	9606.ENSP00000269305	9606.ENSP00000360266	0	0	0	0	0	0.324	0.500	0.992	0.997
TP53	MAPK8	9606.ENSP00000269305	9606.ENSP00000378974	0	0	0	0	0.086	0.845	0.900	0.861	0.997
TP53	HMGB1	9606.ENSP00000269305	9606.ENSP00000345347	0	0	0	0	0.089	0.976	0	0.876	0.997
TP53	HIF1A	9606.ENSP00000269305	9606.ENSP00000437955	0	0	0	0	0	0.847	0	0.994	0.999
TP53	HSP90AA1	9606.ENSP00000269305	9606.ENSP00000335153	0	0	0	0	0	0.903	0	0.995	0.999
TP53	ATM	9606.ENSP00000269305	9606.ENSP00000278616	0	0	0	0	0.103	0.928	0.900	0.975	0.999
TP53	BCL2	9606.ENSP00000269305	9606.ENSP00000381185	0	0	0	0	0.103	0.869	0.900	0.999	0.999
TP53	BCL2L1	9606.ENSP00000269305	9606.ENSP00000365230	0	0	0	0	0.074	0.986	0	0.998	0.999
TP53	PTEN	9606.ENSP00000269305	9606.ENSP00000361021	0	0	0	0	0.067	0.748	0.900	0.968	0.999
TP53INP2	GABARAPL2	9606.ENSP00000363943	9606.ENSP00000037243	0	0	0	0	0.044	0.274	0.900	0.682	0.974
TP53INP2	VMP1	9606.ENSP00000363943	9606.ENSP00000262291	0	0	0	0	0	0	0.900	0.664	0.964
TP53INP2	GABARAP	9606.ENSP00000363943	9606.ENSP00000306866	0	0	0	0	0.048	0.096	0.900	0.583	0.959
TP53INP2	GABARAPL1	9606.ENSP00000363943	9606.ENSP00000411256	0	0	0	0	0.183	0.096	0.900	0.682	0.973
TRAF5	TNFRSF1A	9606.ENSP00000261464	9606.ENSP00000162749	0	0	0	0	0	0.067	0.900	0.991	0.999
TRAF5	RIPK1	9606.ENSP00000261464	9606.ENSP00000259808	0	0	0	0	0.055	0.535	0.800	0.992	0.999
TRAF5	FADD	9606.ENSP00000261464	9606.ENSP00000301838	0	0	0	0	0.055	0.090	0	0.906	0.912
TRAF5	SHARPIN	9606.ENSP00000261464	9606.ENSP00000381698	0	0	0	0	0.059	0.053	0.900	0.325	0.931
TRAF5	RNF31	9606.ENSP00000261464	9606.ENSP00000315112	0	0	0	0	0	0	0.900	0.380	0.935
TRAF5	MAP3K14	9606.ENSP00000261464	9606.ENSP00000482657	0	0	0	0	0.046	0.298	0.900	0.276	0.945
TRAF5	IKBKB	9606.ENSP00000261464	9606.ENSP00000430684	0	0	0	0	0.115	0.090	0.900	0.557	0.959
TRAF5	BIRC3	9606.ENSP00000261464	9606.ENSP00000263464	0	0	0	0	0.080	0.066	0.900	0.976	0.997
TRAF5	BIRC2	9606.ENSP00000261464	9606.ENSP00000477613	0	0	0	0	0	0.066	0.900	0.991	0.999
TRAF5	TRAF6	9606.ENSP00000261464	9606.ENSP00000433623	0	0	0	0.688	0	0.977	0.900	0.975	0.999
TRAF6	TNFRSF1A	9606.ENSP00000433623	9606.ENSP00000162749	0	0	0	0	0	0.300	0.900	0.960	0.996
TRAF6	NGFR	9606.ENSP00000433623	9606.ENSP00000172229	0	0	0	0	0	0.636	0.900	0.716	0.988
TRAF6	NFKBIA	9606.ENSP00000433623	9606.ENSP00000216797	0	0	0	0	0.063	0.045	0.500	0.933	0.966
TRAF6	NFKB1	9606.ENSP00000433623	9606.ENSP00000226574	0	0	0	0	0.088	0.045	0.500	0.902	0.951
TRAF6	EIF2AK2	9606.ENSP00000433623	9606.ENSP00000233057	0	0	0	0	0.099	0.571	0	0.927	0.969
TRAF6	TICAM1	9606.ENSP00000433623	9606.ENSP00000248244	0	0	0	0	0.113	0.895	0.900	0.814	0.998
TRAF6	TANK	9606.ENSP00000433623	9606.ENSP00000259075	0	0	0	0	0.062	0.314	0.500	0.962	0.986
TRAF6	RIPK1	9606.ENSP00000433623	9606.ENSP00000259808	0	0	0	0	0.164	0.126	0.900	0.986	0.998
TRAF6	TRAF5	9606.ENSP00000433623	9606.ENSP00000261464	0	0	0	0.688	0	0.977	0.900	0.975	0.999
TRAF6	IL1A	9606.ENSP00000433623	9606.ENSP00000263339	0	0	0	0	0	0.055	0.500	0.914	0.956
TRAF6	IL1B	9606.ENSP00000433623	9606.ENSP00000263341	0	0	0	0	0.044	0.055	0.500	0.963	0.981
TRAF6	BIRC3	9606.ENSP00000433623	9606.ENSP00000263464	0	0	0	0	0.047	0.717	0.400	0.937	0.988
TRAF6	TP53	9606.ENSP00000433623	9606.ENSP00000269305	0	0	0	0	0.055	0.292	0	0.938	0.954
TRAF6	ECSIT	9606.ENSP00000433623	9606.ENSP00000270517	0	0	0	0	0	0.568	0.900	0.996	0.999
TRAF6	TLR3	9606.ENSP00000433623	9606.ENSP00000296795	0	0	0	0	0.076	0.985	0.500	0.902	0.999
TRAF6	FADD	9606.ENSP00000433623	9606.ENSP00000301838	0	0	0	0	0.062	0.090	0	0.916	0.922
TRAF6	ULK1	9606.ENSP00000433623	9606.ENSP00000324560	0	0	0	0	0.049	0.625	0.900	0.339	0.973
TRAF6	CASP8	9606.ENSP00000433623	9606.ENSP00000351273	0	0	0	0	0.094	0.760	0	0.909	0.978
TRAF6	STAT1	9606.ENSP00000433623	9606.ENSP00000354394	0	0	0	0	0.093	0	0	0.896	0.902
TRAF6	TLR4	9606.ENSP00000433623	9606.ENSP00000363089	0	0	0	0	0.117	0.923	0.900	0.997	0.999
TRAF6	ULK2	9606.ENSP00000433623	9606.ENSP00000378914	0	0	0	0	0.044	0	0.900	0.222	0.919
TRAF6	MAPK8	9606.ENSP00000433623	9606.ENSP00000378974	0	0	0	0	0.080	0.062	0.900	0.715	0.972
TRAF6	CYLD	9606.ENSP00000433623	9606.ENSP00000392025	0	0	0	0	0.064	0.755	0.900	0.974	0.999
TRAF6	MAPK9	9606.ENSP00000433623	9606.ENSP00000394560	0	0	0	0	0.057	0.062	0.900	0.343	0.934
TRAF6	TNF	9606.ENSP00000433623	9606.ENSP00000398698	0	0	0	0	0.106	0.625	0	0.995	0.998
TRAF6	TICAM2	9606.ENSP00000433623	9606.ENSP00000415139	0	0	0	0	0.076	0.694	0.900	0.519	0.984
TRAF6	IKBKB	9606.ENSP00000433623	9606.ENSP00000430684	0	0	0	0	0.129	0.597	0.900	0.995	0.999
TRAF6	AMBRA1	9606.ENSP00000433623	9606.ENSP00000431926	0	0	0	0	0.067	0.510	0	0.986	0.993
TRAF6	AKT1	9606.ENSP00000433623	9606.ENSP00000451828	0	0	0	0	0.075	0.644	0	0.873	0.954
TRAF6	BIRC2	9606.ENSP00000433623	9606.ENSP00000477613	0	0	0	0	0.074	0.522	0.540	0.973	0.993
TRAF6	MAP3K14	9606.ENSP00000433623	9606.ENSP00000482657	0	0	0	0	0.068	0.779	0.900	0.702	0.993
TRAF6	TNFAIP3	9606.ENSP00000433623	9606.ENSP00000481570	0	0	0	0	0.102	0.893	0.900	0.904	0.998
TUBA1B	TUBA1C	9606.ENSP00000336799	9606.ENSP00000443475	0	0	0.047	0.987	0.770	0.785	0.400	0.545	0.984
TUBA1B	MTOR	9606.ENSP00000336799	9606.ENSP00000354558	0	0	0	0	0.055	0.994	0	0.117	0.994
TUBA1C	TUBA1B	9606.ENSP00000443475	9606.ENSP00000336799	0	0	0.047	0.987	0.770	0.785	0.400	0.545	0.984
TYK2	STAT3	9606.ENSP00000431885	9606.ENSP00000264657	0	0	0	0	0.107	0.285	0.900	0.959	0.997
TYK2	IFNAR1	9606.ENSP00000431885	9606.ENSP00000270139	0	0	0	0	0.091	0.983	0.900	0.997	0.999
TYK2	STAT6	9606.ENSP00000431885	9606.ENSP00000300134	0	0	0	0	0.230	0.285	0.650	0.837	0.964
TYK2	STAT2	9606.ENSP00000431885	9606.ENSP00000315768	0	0	0	0	0.106	0.634	0.900	0.964	0.998
TYK2	STAT5A	9606.ENSP00000431885	9606.ENSP00000341208	0	0	0	0	0.111	0.285	0.650	0.930	0.982
TYK2	IFNAR2	9606.ENSP00000431885	9606.ENSP00000343957	0	0	0	0	0.076	0.068	0.900	0.995	0.999
TYK2	STAT4	9606.ENSP00000431885	9606.ENSP00000351255	0	0	0	0	0.065	0.285	0.650	0.900	0.973
TYK2	STAT1	9606.ENSP00000431885	9606.ENSP00000354394	0	0	0	0	0.093	0.472	0.900	0.953	0.997
TYK2	IFNB1	9606.ENSP00000431885	9606.ENSP00000369581	0	0	0	0	0.057	0	0.500	0.914	0.956
TYK2	JAK2	9606.ENSP00000431885	9606.ENSP00000371067	0	0	0.071	0.877	0.089	0.292	0.800	0.982	0.997
TYK2	IRF9	9606.ENSP00000431885	9606.ENSP00000380073	0	0	0	0	0.065	0.043	0.900	0.880	0.987
TYK2	JAK3	9606.ENSP00000431885	9606.ENSP00000432511	0	0	0.066	0.866	0.085	0.292	0	0.864	0.906
TYK2	JAK1	9606.ENSP00000431885	9606.ENSP00000499900	0	0	0.070	0.923	0.049	0.292	0.900	0.983	0.998
ULK1	RB1CC1	9606.ENSP00000324560	9606.ENSP00000025008	0	0	0	0	0.070	0.995	0.900	0.998	0.999
ULK1	GABARAPL2	9606.ENSP00000324560	9606.ENSP00000037243	0	0	0	0	0.146	0.868	0	0.981	0.997
ULK1	PPP2CB	9606.ENSP00000324560	9606.ENSP00000221138	0	0	0	0	0.049	0.091	0.900	0.116	0.913
ULK1	PIK3C3	9606.ENSP00000324560	9606.ENSP00000262039	0	0	0	0	0	0.840	0.900	0.962	0.999
ULK1	WIPI1	9606.ENSP00000324560	9606.ENSP00000262139	0	0	0	0	0.070	0.747	0	0.900	0.974
ULK1	NRBF2	9606.ENSP00000324560	9606.ENSP00000277746	0	0	0	0	0.044	0.994	0.900	0.519	0.999
ULK1	ATG3	9606.ENSP00000324560	9606.ENSP00000283290	0	0	0	0	0.110	0.841	0	0.964	0.994
ULK1	DEPTOR	9606.ENSP00000324560	9606.ENSP00000286234	0	0	0	0	0	0.092	0.900	0.506	0.951
ULK1	WIPI2	9606.ENSP00000324560	9606.ENSP00000288828	0	0	0	0	0.113	0.747	0	0.772	0.944
ULK1	GABARAP	9606.ENSP00000324560	9606.ENSP00000306866	0	0	0	0	0.152	0.913	0	0.957	0.996
ULK1	PRKACA	9606.ENSP00000324560	9606.ENSP00000309591	0	0	0	0.711	0.072	0.071	0.900	0.133	0.915
ULK1	PRKACB	9606.ENSP00000324560	9606.ENSP00000359719	0	0	0	0.684	0	0.071	0.900	0.141	0.913
ULK1	MAP1LC3C	9606.ENSP00000324560	9606.ENSP00000349785	0	0	0	0	0.118	0.781	0	0.587	0.913
ULK1	PPP2CA	9606.ENSP00000324560	9606.ENSP00000418447	0	0	0	0	0.048	0.091	0.900	0.162	0.917
ULK1	RAB1A	9606.ENSP00000324560	9606.ENSP00000387286	0	0	0	0	0.044	0.356	0	0.901	0.933
ULK1	ATG4B	9606.ENSP00000324560	9606.ENSP00000384259	0	0	0	0	0.260	0.760	0	0.740	0.950
ULK1	AKT1S1	9606.ENSP00000324560	9606.ENSP00000375711	0	0	0	0	0.128	0	0.900	0.492	0.951
ULK1	ATG7	9606.ENSP00000324560	9606.ENSP00000346437	0	0	0	0	0.054	0.208	0	0.955	0.963
ULK1	SMCR8	9606.ENSP00000324560	9606.ENSP00000385025	0	0	0	0	0.049	0.474	0.900	0.398	0.965
ULK1	MLST8	9606.ENSP00000324560	9606.ENSP00000457870	0	0	0	0	0.049	0.292	0.900	0.605	0.969
ULK1	AMBRA1	9606.ENSP00000324560	9606.ENSP00000431926	0	0	0	0	0.115	0.657	0.500	0.822	0.969
ULK1	TRAF6	9606.ENSP00000324560	9606.ENSP00000433623	0	0	0	0	0.049	0.625	0.900	0.339	0.973
ULK1	ATG9A	9606.ENSP00000324560	9606.ENSP00000386710	0	0	0	0	0.215	0.897	0	0.708	0.974
ULK1	ATG16L1	9606.ENSP00000324560	9606.ENSP00000375873	0	0	0	0	0.050	0.867	0	0.877	0.983
ULK1	MAP1LC3A	9606.ENSP00000324560	9606.ENSP00000363970	0	0	0	0	0.138	0.812	0.500	0.868	0.987
ULK1	C9orf72	9606.ENSP00000324560	9606.ENSP00000482753	0	0	0	0	0	0.778	0.900	0.565	0.989
ULK1	GABARAPL1	9606.ENSP00000324560	9606.ENSP00000411256	0	0	0	0	0.190	0.830	0	0.943	0.991
ULK1	MAP1LC3B	9606.ENSP00000324560	9606.ENSP00000498476	0	0	0	0	0.152	0.843	0.500	0.914	0.993
ULK1	ATG12	9606.ENSP00000324560	9606.ENSP00000425107	0	0	0	0	0	0.882	0	0.968	0.996
ULK1	ULK2	9606.ENSP00000324560	9606.ENSP00000378914	0	0	0.056	0.933	0	0.225	0.900	0.964	0.997
ULK1	ATG5	9606.ENSP00000324560	9606.ENSP00000358072	0	0	0	0	0	0.893	0	0.974	0.997
ULK1	PIK3R4	9606.ENSP00000324560	9606.ENSP00000349205	0	0	0	0	0	0.840	0.900	0.851	0.997
ULK1	MTOR	9606.ENSP00000324560	9606.ENSP00000354558	0	0	0	0	0.067	0.877	0.900	0.972	0.999
ULK1	ATG101	9606.ENSP00000324560	9606.ENSP00000338990	0	0	0	0	0.054	0.882	0.900	0.997	0.999
ULK1	ATG13	9606.ENSP00000324560	9606.ENSP00000432412	0	0	0	0	0.125	0.995	0.800	0.998	0.999
ULK2	RB1CC1	9606.ENSP00000378914	9606.ENSP00000025008	0	0	0	0	0.042	0.399	0.900	0.997	0.999
ULK2	GABARAPL2	9606.ENSP00000378914	9606.ENSP00000037243	0	0	0	0	0.139	0.643	0	0.808	0.936
ULK2	PPP2CB	9606.ENSP00000378914	9606.ENSP00000221138	0	0	0	0	0	0.091	0.900	0.116	0.912
ULK2	PIK3C3	9606.ENSP00000378914	9606.ENSP00000262039	0	0	0	0	0.047	0.840	0.900	0.856	0.997
ULK2	WIPI1	9606.ENSP00000378914	9606.ENSP00000262139	0	0	0	0	0	0.747	0	0.686	0.917
ULK2	NRBF2	9606.ENSP00000378914	9606.ENSP00000277746	0	0	0	0	0	0	0.900	0.445	0.942
ULK2	ATG3	9606.ENSP00000378914	9606.ENSP00000283290	0	0	0	0	0.110	0.841	0	0.767	0.964
ULK2	DEPTOR	9606.ENSP00000378914	9606.ENSP00000286234	0	0	0	0	0.042	0.092	0.900	0.311	0.932
ULK2	WIPI2	9606.ENSP00000378914	9606.ENSP00000288828	0	0	0	0	0.049	0.778	0	0.686	0.928
ULK2	PRKACA	9606.ENSP00000378914	9606.ENSP00000309591	0	0	0	0.705	0	0.071	0.900	0.069	0.906
ULK2	ULK1	9606.ENSP00000378914	9606.ENSP00000324560	0	0	0.056	0.933	0	0.225	0.900	0.964	0.997
ULK2	ATG101	9606.ENSP00000378914	9606.ENSP00000338990	0	0	0	0	0	0.679	0.900	0.997	0.999
ULK2	PIK3R4	9606.ENSP00000378914	9606.ENSP00000349205	0	0	0	0	0	0.840	0.900	0.773	0.996
ULK2	MTOR	9606.ENSP00000378914	9606.ENSP00000354558	0	0	0	0	0	0.555	0.900	0.715	0.986
ULK2	ATG5	9606.ENSP00000378914	9606.ENSP00000358072	0	0	0	0	0.074	0.840	0	0.793	0.966
ULK2	PRKACB	9606.ENSP00000378914	9606.ENSP00000359719	0	0	0	0.683	0.044	0.071	0.900	0.071	0.906
ULK2	AKT1S1	9606.ENSP00000378914	9606.ENSP00000375711	0	0	0	0	0	0	0.900	0.275	0.924
ULK2	ATG9A	9606.ENSP00000378914	9606.ENSP00000386710	0	0	0	0	0.109	0.747	0	0.623	0.907
ULK2	PPP2CA	9606.ENSP00000378914	9606.ENSP00000418447	0	0	0	0	0	0.091	0.900	0.116	0.912
ULK2	C9orf72	9606.ENSP00000378914	9606.ENSP00000482753	0	0	0	0	0.059	0	0.900	0.154	0.913
ULK2	TRAF6	9606.ENSP00000378914	9606.ENSP00000433623	0	0	0	0	0.044	0	0.900	0.222	0.919
ULK2	SMCR8	9606.ENSP00000378914	9606.ENSP00000385025	0	0	0	0	0.049	0	0.900	0.239	0.921
ULK2	MLST8	9606.ENSP00000378914	9606.ENSP00000457870	0	0	0	0	0	0	0.900	0.398	0.937
ULK2	ATG4B	9606.ENSP00000378914	9606.ENSP00000384259	0	0	0	0	0.240	0.746	0	0.706	0.938
ULK2	GABARAPL1	9606.ENSP00000378914	9606.ENSP00000411256	0	0	0	0	0.139	0.641	0	0.830	0.943
ULK2	ATG12	9606.ENSP00000378914	9606.ENSP00000425107	0	0	0	0	0	0.841	0	0.794	0.965
ULK2	ATG13	9606.ENSP00000378914	9606.ENSP00000432412	0	0	0	0	0.106	0.600	0	0.997	0.998
UQCC1	UQCC2	9606.ENSP00000363506	9606.ENSP00000476140	0	0	0	0	0.066	0.797	0	0.823	0.963
UQCC2	UQCC1	9606.ENSP00000476140	9606.ENSP00000363506	0	0	0	0	0.066	0.797	0	0.823	0.963
UQCR10	NDUFB4	9606.ENSP00000332887	9606.ENSP00000184266	0	0	0	0	0.934	0.855	0	0.464	0.994
UQCR10	UQCRC1	9606.ENSP00000332887	9606.ENSP00000203407	0	0	0	0	0.403	0.999	0.975	0.829	0.999
UQCR10	NDUFB7	9606.ENSP00000332887	9606.ENSP00000215565	0	0	0	0	0.922	0.967	0.284	0.430	0.998
UQCR10	COX6A1	9606.ENSP00000332887	9606.ENSP00000229379	0	0	0	0	0.875	0.821	0.632	0.505	0.995
UQCR10	NDUFS7	9606.ENSP00000332887	9606.ENSP00000233627	0	0	0	0	0.715	0.909	0.216	0.452	0.987
UQCR10	ATP5F1E	9606.ENSP00000332887	9606.ENSP00000243997	0	0	0	0	0.843	0.091	0	0.517	0.925
UQCR10	NDUFA2	9606.ENSP00000332887	9606.ENSP00000252102	0	0	0	0	0.955	0.967	0.284	0.464	0.999
UQCR10	NDUFA10	9606.ENSP00000332887	9606.ENSP00000252711	0	0	0	0	0.208	0.866	0	0.146	0.902
UQCR10	COX5B	9606.ENSP00000332887	9606.ENSP00000258424	0	0	0	0	0.977	0.989	0.714	0.731	0.999
UQCR10	NDUFB5	9606.ENSP00000332887	9606.ENSP00000259037	0	0	0	0	0.851	0.855	0	0.455	0.987
UQCR10	NDUFS3	9606.ENSP00000332887	9606.ENSP00000263774	0	0	0	0	0.583	0.974	0.172	0.428	0.994
UQCR10	NDUFA9	9606.ENSP00000332887	9606.ENSP00000266544	0	0	0	0	0.786	0.998	0.154	0.448	0.999
UQCR10	UQCRC2	9606.ENSP00000332887	9606.ENSP00000268379	0	0	0	0	0.435	0.995	0.979	0.839	0.999
UQCR10	NDUFB10	9606.ENSP00000332887	9606.ENSP00000268668	0	0	0	0	0.859	0.967	0	0.375	0.996
UQCR10	NDUFS6	9606.ENSP00000332887	9606.ENSP00000274137	0	0	0	0	0.954	0.959	0	0.506	0.999
UQCR10	NDUFB11	9606.ENSP00000332887	9606.ENSP00000276062	0	0	0	0	0.736	0.855	0	0.387	0.974
UQCR10	NDUFB9	9606.ENSP00000332887	9606.ENSP00000276689	0	0	0	0	0.909	0.967	0.284	0.527	0.998
UQCR10	NDUFC2	9606.ENSP00000332887	9606.ENSP00000281031	0	0	0	0	0.797	0.854	0	0.226	0.975
UQCR10	COX6A2	9606.ENSP00000332887	9606.ENSP00000287490	0	0	0	0	0.819	0.966	0.632	0.512	0.998
UQCR10	ATP5MF	9606.ENSP00000332887	9606.ENSP00000292475	0	0	0	0	0.846	0.093	0	0.405	0.909
UQCR10	COX7A1	9606.ENSP00000332887	9606.ENSP00000292907	0	0	0	0	0.088	0.967	0.360	0.469	0.988
UQCR10	NDUFS4	9606.ENSP00000332887	9606.ENSP00000296684	0	0	0	0	0.863	0.967	0.172	0.408	0.997
UQCR10	NDUFB8	9606.ENSP00000332887	9606.ENSP00000299166	0	0	0	0	0.944	0.855	0.172	0.492	0.996
UQCR10	ATP5MG	9606.ENSP00000332887	9606.ENSP00000300688	0	0	0	0	0.857	0.091	0	0.501	0.929
UQCR10	NDUFA7	9606.ENSP00000332887	9606.ENSP00000301457	0	0	0	0	0.916	0.831	0	0.514	0.992
UQCR10	ATP5PD	9606.ENSP00000332887	9606.ENSP00000301587	0	0	0	0	0.917	0.092	0	0.479	0.957
UQCR10	ATP5ME	9606.ENSP00000332887	9606.ENSP00000306003	0	0	0	0	0.851	0.094	0	0.519	0.929
UQCR10	UQCRFS1	9606.ENSP00000332887	9606.ENSP00000306397	0	0	0	0	0.842	0.995	0.851	0.827	0.999
UQCR10	CYCS	9606.ENSP00000332887	9606.ENSP00000307786	0	0	0	0	0.693	0.505	0.400	0.666	0.965
UQCR10	UQCRH	9606.ENSP00000332887	9606.ENSP00000309565	0	0	0	0	0.855	0.982	0.944	0.947	0.999
UQCR10	NDUFS8	9606.ENSP00000332887	9606.ENSP00000315774	0	0	0	0	0.919	0.967	0.172	0.469	0.998
UQCR10	CYC1	9606.ENSP00000332887	9606.ENSP00000317159	0	0	0	0	0.879	0.997	0.907	0.840	0.999
UQCR10	COX5A	9606.ENSP00000332887	9606.ENSP00000317780	0	0	0	0	0.922	0.986	0.656	0.564	0.999
UQCR10	NDUFV2	9606.ENSP00000332887	9606.ENSP00000327268	0	0	0	0	0.864	0.967	0.172	0.420	0.997
UQCR10	NDUFA12	9606.ENSP00000332887	9606.ENSP00000330737	0	0	0	0	0.961	0.967	0	0.446	0.999
UQCR10	SDHB	9606.ENSP00000332887	9606.ENSP00000364649	0	0	0	0	0.839	0.095	0.172	0.405	0.919
UQCR10	SDHC	9606.ENSP00000332887	9606.ENSP00000356953	0	0	0	0	0.840	0	0.172	0.456	0.922
UQCR10	SDHD	9606.ENSP00000332887	9606.ENSP00000364699	0	0	0	0	0.845	0	0.172	0.452	0.923
UQCR10	NDUFB2	9606.ENSP00000332887	9606.ENSP00000419087	0	0	0	0	0.490	0.800	0	0.324	0.925
UQCR10	MT-ND2	9606.ENSP00000332887	9606.ENSP00000355046	0	0	0	0	0.081	0.919	0.172	0.297	0.951
UQCR10	MT-ND5	9606.ENSP00000332887	9606.ENSP00000354813	0	0	0	0	0.097	0.919	0.172	0.364	0.956
UQCR10	NDUFV3	9606.ENSP00000332887	9606.ENSP00000346196	0	0	0	0	0.691	0.826	0	0.309	0.959
UQCR10	NDUFC1	9606.ENSP00000332887	9606.ENSP00000441126	0	0	0	0	0.675	0.811	0	0.414	0.961
UQCR10	NDUFA4	9606.ENSP00000332887	9606.ENSP00000339720	0	0	0	0	0.823	0.088	0.540	0.539	0.961
UQCR10	COA6	9606.ENSP00000332887	9606.ENSP00000355574	0	0	0	0	0.564	0.748	0.524	0.377	0.963
UQCR10	NDUFB1	9606.ENSP00000332887	9606.ENSP00000483888	0	0	0	0	0.439	0.855	0	0.616	0.966
UQCR10	COX6B2	9606.ENSP00000332887	9606.ENSP00000467266	0	0	0	0	0.677	0.785	0.524	0.210	0.970
UQCR10	MT-ND4L	9606.ENSP00000332887	9606.ENSP00000354728	0	0	0	0	0	0.967	0	0.184	0.971
UQCR10	MT-ND1	9606.ENSP00000332887	9606.ENSP00000354687	0	0	0	0	0.153	0.959	0.172	0.216	0.974
UQCR10	MT-ND3	9606.ENSP00000332887	9606.ENSP00000355206	0	0	0	0	0.126	0.967	0.172	0.140	0.976
UQCR10	NDUFA1	9606.ENSP00000332887	9606.ENSP00000360492	0	0	0	0	0.756	0.830	0	0.526	0.978
UQCR10	COX4I2	9606.ENSP00000332887	9606.ENSP00000365243	0	0	0	0	0.538	0.805	0.632	0.439	0.978
UQCR10	MT-ND4	9606.ENSP00000332887	9606.ENSP00000354961	0	0	0	0	0.100	0.967	0.172	0.224	0.978
UQCR10	NDUFA3	9606.ENSP00000332887	9606.ENSP00000418438	0	0	0	0	0.729	0.871	0	0.449	0.979
UQCR10	NDUFB3	9606.ENSP00000332887	9606.ENSP00000407336	0	0	0	0	0.775	0.855	0	0.439	0.980
UQCR10	NDUFAB1	9606.ENSP00000332887	9606.ENSP00000458770	0	0	0	0	0.470	0.947	0	0.397	0.981
UQCR10	NDUFB6	9606.ENSP00000332887	9606.ENSP00000369176	0	0	0	0	0.819	0.855	0	0.414	0.983
UQCR10	MT-CO2	9606.ENSP00000332887	9606.ENSP00000354876	0	0	0	0	0.084	0.946	0.656	0.295	0.986
UQCR10	NDUFS5	9606.ENSP00000332887	9606.ENSP00000362058	0	0	0	0	0.889	0.855	0	0.457	0.990
UQCR10	NDUFS1	9606.ENSP00000332887	9606.ENSP00000392709	0	0	0	0	0.248	0.967	0.172	0.560	0.990
UQCR10	COX7B	9606.ENSP00000332887	9606.ENSP00000497474	0	0	0	0	0.568	0.903	0.540	0.669	0.992
UQCR10	MT-CO1	9606.ENSP00000332887	9606.ENSP00000354499	0	0	0	0	0.097	0.977	0.602	0.314	0.993
UQCR10	NDUFS2	9606.ENSP00000332887	9606.ENSP00000356972	0	0	0	0	0.698	0.967	0.172	0.462	0.994
UQCR10	TIMMDC1	9606.ENSP00000332887	9606.ENSP00000418803	0	0	0	0	0.103	0.994	0	0.196	0.995
UQCR10	NDUFV1	9606.ENSP00000332887	9606.ENSP00000497587	0	0	0	0	0.658	0.967	0.285	0.488	0.995
UQCR10	NDUFA13	9606.ENSP00000332887	9606.ENSP00000423673	0	0	0	0	0.830	0.959	0	0.352	0.995
UQCR10	MT-CO3	9606.ENSP00000332887	9606.ENSP00000354982	0	0	0	0	0.126	0.986	0.656	0.199	0.996
UQCR10	COX4I1	9606.ENSP00000332887	9606.ENSP00000457513	0	0	0	0	0.622	0.959	0.632	0.519	0.996
UQCR10	COX6C	9606.ENSP00000332887	9606.ENSP00000429707	0	0	0	0	0.917	0.847	0.540	0.576	0.997
UQCR10	NDUFA8	9606.ENSP00000332887	9606.ENSP00000362873	0	0	0	0	0.966	0.967	0.284	0.544	0.999
UQCR10	COX6B1	9606.ENSP00000332887	9606.ENSP00000466818	0	0	0	0	0.776	0.967	0.658	0.769	0.999
UQCR10	UQCR11	9606.ENSP00000332887	9606.ENSP00000467262	0	0	0	0	0.977	0.994	0.967	0.833	0.999
UQCR10	COX7C	9606.ENSP00000332887	9606.ENSP00000425759	0	0	0	0	0.973	0.984	0.656	0.571	0.999
UQCR10	NDUFA11	9606.ENSP00000332887	9606.ENSP00000389160	0	0	0	0	0.769	0.998	0	0.660	0.999
UQCR10	UQCRB	9606.ENSP00000332887	9606.ENSP00000430494	0	0	0	0	0.971	0.996	0.979	0.945	0.999
UQCR10	NDUFA6	9606.ENSP00000332887	9606.ENSP00000482543	0	0	0	0	0.968	0.967	0.284	0.533	0.999
UQCR10	NDUFA5	9606.ENSP00000332887	9606.ENSP00000417142	0	0	0	0	0.928	0.967	0.284	0.533	0.999
UQCR10	MT-CYB	9606.ENSP00000332887	9606.ENSP00000354554	0	0	0	0	0	0.992	0.851	0.854	0.999
UQCR10	UQCRQ	9606.ENSP00000332887	9606.ENSP00000367939	0	0	0	0	0.976	0.995	0.979	0.932	0.999
UQCR11	NDUFB4	9606.ENSP00000467262	9606.ENSP00000184266	0	0	0	0	0.750	0.830	0	0.464	0.975
UQCR11	UQCRC1	9606.ENSP00000467262	9606.ENSP00000203407	0	0	0	0	0.669	0.994	0.967	0.752	0.999
UQCR11	ATP5F1D	9606.ENSP00000467262	9606.ENSP00000215375	0	0	0	0	0.838	0	0	0.541	0.922
UQCR11	NDUFB7	9606.ENSP00000467262	9606.ENSP00000215565	0	0	0	0	0.967	0.830	0	0.521	0.997
UQCR11	COX6A1	9606.ENSP00000467262	9606.ENSP00000229379	0	0	0	0	0.494	0.789	0.540	0.489	0.971
UQCR11	NDUFS7	9606.ENSP00000467262	9606.ENSP00000233627	0	0	0	0	0.967	0.841	0	0.441	0.996
UQCR11	ATP5F1E	9606.ENSP00000467262	9606.ENSP00000243997	0	0	0	0	0.841	0	0	0.487	0.915
UQCR11	NDUFA2	9606.ENSP00000467262	9606.ENSP00000252102	0	0	0	0	0.935	0.830	0	0.510	0.994
UQCR11	NDUFA10	9606.ENSP00000467262	9606.ENSP00000252711	0	0	0	0	0.304	0.844	0	0.321	0.920
UQCR11	COX5B	9606.ENSP00000467262	9606.ENSP00000258424	0	0	0	0	0.999	0.972	0.540	0.640	0.999
UQCR11	NDUFB5	9606.ENSP00000467262	9606.ENSP00000259037	0	0	0	0	0.607	0.830	0	0.425	0.958
UQCR11	NDUFS3	9606.ENSP00000467262	9606.ENSP00000263774	0	0	0	0	0.415	0.830	0	0.317	0.926
UQCR11	NDUFA9	9606.ENSP00000467262	9606.ENSP00000266544	0	0	0	0	0.537	0.841	0	0.241	0.939
UQCR11	UQCRC2	9606.ENSP00000467262	9606.ENSP00000268379	0	0	0	0	0.211	0.987	0.967	0.720	0.999
UQCR11	NDUFB10	9606.ENSP00000467262	9606.ENSP00000268668	0	0	0	0	0.839	0.830	0	0.447	0.983
UQCR11	NDUFS6	9606.ENSP00000467262	9606.ENSP00000274137	0	0	0	0	0.850	0.830	0	0.515	0.986
UQCR11	NDUFB11	9606.ENSP00000467262	9606.ENSP00000276062	0	0	0	0	0.851	0.830	0	0.311	0.981
UQCR11	NDUFB9	9606.ENSP00000467262	9606.ENSP00000276689	0	0	0	0	0.838	0.830	0	0.553	0.986
UQCR11	NDUFC2	9606.ENSP00000467262	9606.ENSP00000281031	0	0	0	0	0.876	0.824	0	0.473	0.987
UQCR11	COX6A2	9606.ENSP00000467262	9606.ENSP00000287490	0	0	0	0	0.304	0.955	0.540	0.519	0.992
UQCR11	ATP5MF	9606.ENSP00000467262	9606.ENSP00000292475	0	0	0	0	0.844	0	0	0.490	0.917
UQCR11	COX7A1	9606.ENSP00000467262	9606.ENSP00000292907	0	0	0	0	0.113	0.983	0.360	0.932	0.999
UQCR11	NDUFS4	9606.ENSP00000467262	9606.ENSP00000296684	0	0	0	0	0.549	0.830	0	0.452	0.954
UQCR11	NDUFB8	9606.ENSP00000467262	9606.ENSP00000299166	0	0	0	0	0.872	0.830	0	0.578	0.990
UQCR11	NDUFA7	9606.ENSP00000467262	9606.ENSP00000301457	0	0	0	0	0.892	0.812	0	0.502	0.989
UQCR11	ATP5PD	9606.ENSP00000467262	9606.ENSP00000301587	0	0	0	0	0.913	0	0	0.385	0.944
UQCR11	ATP5ME	9606.ENSP00000467262	9606.ENSP00000306003	0	0	0	0	0.868	0	0	0.518	0.933
UQCR11	UQCRFS1	9606.ENSP00000467262	9606.ENSP00000306397	0	0	0	0	0.411	0.985	0.851	0.847	0.999
UQCR11	UQCRH	9606.ENSP00000467262	9606.ENSP00000309565	0	0	0	0	0.435	0.963	0.944	0.819	0.999
UQCR11	NDUFS8	9606.ENSP00000467262	9606.ENSP00000315774	0	0	0	0	0.726	0.830	0	0.405	0.970
UQCR11	CYC1	9606.ENSP00000467262	9606.ENSP00000317159	0	0	0	0	0.692	0.987	0.851	0.471	0.999
UQCR11	COX5A	9606.ENSP00000467262	9606.ENSP00000317780	0	0	0	0	0.922	0.923	0.540	0.520	0.998
UQCR11	NDUFV2	9606.ENSP00000467262	9606.ENSP00000327268	0	0	0	0	0.287	0.830	0	0.418	0.923
UQCR11	NDUFA12	9606.ENSP00000467262	9606.ENSP00000330737	0	0	0	0	0.945	0.830	0	0.467	0.994
UQCR11	UQCR10	9606.ENSP00000467262	9606.ENSP00000332887	0	0	0	0	0.977	0.994	0.967	0.833	0.999
UQCR11	ATP5IF1	9606.ENSP00000467262	9606.ENSP00000335203	0	0	0	0	0.915	0	0	0.133	0.923
UQCR11	NDUFA4	9606.ENSP00000467262	9606.ENSP00000339720	0	0	0	0	0.784	0	0.540	0.618	0.958
UQCR11	NDUFV3	9606.ENSP00000467262	9606.ENSP00000346196	0	0	0	0	0.618	0.812	0	0.294	0.945
UQCR11	MT-CO1	9606.ENSP00000467262	9606.ENSP00000354499	0	0	0	0	0	0.923	0.540	0.300	0.973
UQCR11	MT-CYB	9606.ENSP00000467262	9606.ENSP00000354554	0	0	0	0	0	0.978	0.851	0.613	0.998
UQCR11	MT-CO2	9606.ENSP00000467262	9606.ENSP00000354876	0	0	0	0	0	0.891	0.540	0.228	0.957
UQCR11	MT-CO3	9606.ENSP00000467262	9606.ENSP00000354982	0	0	0	0	0	0.923	0.540	0.149	0.967
UQCR11	NDUFS2	9606.ENSP00000467262	9606.ENSP00000356972	0	0	0	0	0.403	0.830	0	0.386	0.932
UQCR11	COX7A2	9606.ENSP00000467262	9606.ENSP00000359098	0	0	0	0	0.870	0	0.540	0.468	0.965
UQCR11	NDUFA1	9606.ENSP00000467262	9606.ENSP00000360492	0	0	0	0	0.676	0.830	0	0.575	0.974
UQCR11	NDUFS5	9606.ENSP00000467262	9606.ENSP00000362058	0	0	0	0	0.867	0.830	0	0.449	0.986
UQCR11	NDUFA8	9606.ENSP00000467262	9606.ENSP00000362873	0	0	0	0	0.847	0.830	0	0.419	0.983
UQCR11	COX4I2	9606.ENSP00000467262	9606.ENSP00000365243	0	0	0	0	0.592	0.539	0.540	0.338	0.935
UQCR11	UQCRQ	9606.ENSP00000467262	9606.ENSP00000367939	0	0	0	0	0.944	0.973	0.967	0.806	0.999
UQCR11	NDUFB6	9606.ENSP00000467262	9606.ENSP00000369176	0	0	0	0	0.637	0.830	0	0.447	0.963
UQCR11	NDUFA11	9606.ENSP00000467262	9606.ENSP00000389160	0	0	0	0	0.849	0.824	0	0.679	0.990
UQCR11	ATP5PF	9606.ENSP00000467262	9606.ENSP00000389649	0	0	0	0	0.818	0	0	0.613	0.926
UQCR11	NDUFS1	9606.ENSP00000467262	9606.ENSP00000392709	0	0	0	0	0.116	0.830	0	0.600	0.934
UQCR11	NDUFB3	9606.ENSP00000467262	9606.ENSP00000407336	0	0	0	0	0.611	0.830	0	0.431	0.959
UQCR11	NDUFA5	9606.ENSP00000467262	9606.ENSP00000417142	0	0	0	0	0.822	0.830	0	0.447	0.981
UQCR11	NDUFA3	9606.ENSP00000467262	9606.ENSP00000418438	0	0	0	0	0.925	0.830	0	0.575	0.994
UQCR11	NDUFB2	9606.ENSP00000467262	9606.ENSP00000419087	0	0	0	0	0.549	0.800	0	0.357	0.937
UQCR11	NDUFA13	9606.ENSP00000467262	9606.ENSP00000423673	0	0	0	0	0.955	0.830	0	0.495	0.995
UQCR11	COX7C	9606.ENSP00000467262	9606.ENSP00000425759	0	0	0	0	0.759	0.915	0.540	0.591	0.995
UQCR11	COX6C	9606.ENSP00000467262	9606.ENSP00000429707	0	0	0	0	0.881	0.834	0.540	0.435	0.994
UQCR11	UQCRB	9606.ENSP00000467262	9606.ENSP00000430494	0	0	0	0	0.560	0.982	0.967	0.787	0.999
UQCR11	NDUFC1	9606.ENSP00000467262	9606.ENSP00000441126	0	0	0	0	0.713	0.811	0	0.540	0.972
UQCR11	COX4I1	9606.ENSP00000467262	9606.ENSP00000457513	0	0	0	0	0.664	0.923	0.540	0.381	0.991
UQCR11	NDUFAB1	9606.ENSP00000467262	9606.ENSP00000458770	0	0	0	0	0.383	0.844	0	0.324	0.929
UQCR11	COX6B1	9606.ENSP00000467262	9606.ENSP00000466818	0	0	0	0	0.668	0.946	0.540	0.678	0.997
UQCR11	COX6B2	9606.ENSP00000467262	9606.ENSP00000467266	0	0	0	0	0.527	0.742	0.360	0.180	0.927
UQCR11	NDUFB1	9606.ENSP00000467262	9606.ENSP00000483888	0	0	0	0	0.438	0.830	0	0.626	0.961
UQCR11	COX7B	9606.ENSP00000467262	9606.ENSP00000497474	0	0	0	0	0.401	0.903	0.540	0.681	0.990
UQCR11	NDUFA6	9606.ENSP00000467262	9606.ENSP00000482543	0	0	0	0	0.906	0.830	0	0.525	0.991
UQCR11	NDUFV1	9606.ENSP00000467262	9606.ENSP00000497587	0	0	0	0	0.924	0.830	0	0.443	0.992
UQCRB	NDUFB4	9606.ENSP00000430494	9606.ENSP00000184266	0	0	0	0	0.879	0.876	0	0.696	0.995
UQCRB	UQCRC1	9606.ENSP00000430494	9606.ENSP00000203407	0	0	0	0	0.740	0.999	0.975	0.964	0.999
UQCRB	ATP5F1D	9606.ENSP00000430494	9606.ENSP00000215375	0	0	0	0	0.854	0	0	0.524	0.927
UQCRB	NDUFB7	9606.ENSP00000430494	9606.ENSP00000215565	0	0	0	0	0.650	0.963	0.284	0.454	0.994
UQCRB	COX6A1	9606.ENSP00000430494	9606.ENSP00000229379	0	0	0	0	0.825	0.907	0.681	0.592	0.997
UQCRB	NDUFS7	9606.ENSP00000430494	9606.ENSP00000233627	0	0	0	0	0.535	0.909	0.288	0.379	0.978
UQCRB	NDUFA2	9606.ENSP00000430494	9606.ENSP00000252102	0	0	0	0	0.860	0.967	0.284	0.382	0.997
UQCRB	NDUFA10	9606.ENSP00000430494	9606.ENSP00000252711	0	0	0	0	0.245	0.922	0	0.306	0.956
UQCRB	COX5B	9606.ENSP00000430494	9606.ENSP00000258424	0	0	0	0	0.901	0.988	0.714	0.757	0.999
UQCRB	NDUFB5	9606.ENSP00000430494	9606.ENSP00000259037	0	0	0	0	0.856	0.826	0	0.454	0.985
UQCRB	NDUFS3	9606.ENSP00000430494	9606.ENSP00000263774	0	0	0	0	0.861	0.966	0.172	0.453	0.997
UQCRB	NDUFA9	9606.ENSP00000430494	9606.ENSP00000266544	0	0	0	0	0.672	0.945	0.218	0.341	0.989
UQCRB	UQCRC2	9606.ENSP00000430494	9606.ENSP00000268379	0	0	0	0	0.933	0.997	0.979	0.979	0.999
UQCRB	NDUFB10	9606.ENSP00000430494	9606.ENSP00000268668	0	0	0	0	0.737	0.966	0	0.417	0.994
UQCRB	NDUFS6	9606.ENSP00000430494	9606.ENSP00000274137	0	0	0	0	0.861	0.959	0	0.464	0.996
UQCRB	NDUFB11	9606.ENSP00000430494	9606.ENSP00000276062	0	0	0	0	0.516	0.861	0	0.357	0.953
UQCRB	NDUFB9	9606.ENSP00000430494	9606.ENSP00000276689	0	0	0	0	0.898	0.967	0.284	0.372	0.998
UQCRB	NDUFC2	9606.ENSP00000430494	9606.ENSP00000281031	0	0	0	0	0.734	0.838	0	0.389	0.971
UQCRB	COX6A2	9606.ENSP00000430494	9606.ENSP00000287490	0	0	0	0	0.818	0.965	0.681	0.516	0.998
UQCRB	ATP5PO	9606.ENSP00000430494	9606.ENSP00000290299	0	0	0	0	0.854	0	0	0.605	0.940
UQCRB	COX7A1	9606.ENSP00000430494	9606.ENSP00000292907	0	0	0	0	0.106	0.956	0.360	0.799	0.994
UQCRB	NDUFS4	9606.ENSP00000430494	9606.ENSP00000296684	0	0	0	0	0.974	0.986	0.284	0.586	0.999
UQCRB	NDUFB8	9606.ENSP00000430494	9606.ENSP00000299166	0	0	0	0	0.904	0.861	0.172	0.412	0.992
UQCRB	ATP5MG	9606.ENSP00000430494	9606.ENSP00000300688	0	0	0	0	0.878	0	0	0.440	0.929
UQCRB	NDUFA7	9606.ENSP00000430494	9606.ENSP00000301457	0	0	0	0	0.710	0.849	0	0.107	0.957
UQCRB	ATP5PD	9606.ENSP00000430494	9606.ENSP00000301587	0	0	0	0	0.933	0.162	0	0.606	0.976
UQCRB	UQCRFS1	9606.ENSP00000430494	9606.ENSP00000306397	0	0	0	0	0.954	0.993	0.851	0.912	0.999
UQCRB	CYCS	9606.ENSP00000430494	9606.ENSP00000307786	0	0	0	0	0.875	0.429	0.400	0.800	0.990
UQCRB	UQCRH	9606.ENSP00000430494	9606.ENSP00000309565	0	0	0	0	0.841	0.990	0.944	0.904	0.999
UQCRB	NDUFS8	9606.ENSP00000430494	9606.ENSP00000315774	0	0	0	0	0.903	0.963	0.284	0.410	0.998
UQCRB	CYC1	9606.ENSP00000430494	9606.ENSP00000317159	0	0	0	0	0.953	0.997	0.907	0.978	0.999
UQCRB	COX5A	9606.ENSP00000430494	9606.ENSP00000317780	0	0	0	0	0.970	0.984	0.656	0.646	0.999
UQCRB	NDUFV2	9606.ENSP00000430494	9606.ENSP00000327268	0	0	0	0	0.949	0.967	0.284	0.488	0.999
UQCRB	NDUFA12	9606.ENSP00000430494	9606.ENSP00000330737	0	0	0	0	0.973	0.981	0.172	0.342	0.999
UQCRB	UQCR10	9606.ENSP00000430494	9606.ENSP00000332887	0	0	0	0	0.971	0.996	0.979	0.945	0.999
UQCRB	NDUFA4	9606.ENSP00000430494	9606.ENSP00000339720	0	0	0	0	0.694	0.225	0.540	0.527	0.941
UQCRB	ATP5F1C	9606.ENSP00000430494	9606.ENSP00000349142	0	0	0	0	0.916	0	0	0.575	0.963
UQCRB	MT-CO1	9606.ENSP00000430494	9606.ENSP00000354499	0	0	0	0	0.181	0.973	0.602	0.584	0.995
UQCRB	MT-CYB	9606.ENSP00000430494	9606.ENSP00000354554	0	0	0	0	0	0.995	0.851	0.983	0.999
UQCRB	MT-ND1	9606.ENSP00000430494	9606.ENSP00000354687	0	0	0	0	0.214	0.925	0.172	0.324	0.962
UQCRB	MT-ND4L	9606.ENSP00000430494	9606.ENSP00000354728	0	0	0	0	0	0.956	0	0.107	0.959
UQCRB	MT-ND5	9606.ENSP00000430494	9606.ENSP00000354813	0	0	0	0	0.189	0.898	0.172	0.325	0.947
UQCRB	MT-CO2	9606.ENSP00000430494	9606.ENSP00000354876	0	0	0	0	0.100	0.943	0.787	0.391	0.992
UQCRB	MT-ND4	9606.ENSP00000430494	9606.ENSP00000354961	0	0	0	0	0.198	0.956	0.172	0.247	0.975
UQCRB	MT-CO3	9606.ENSP00000430494	9606.ENSP00000354982	0	0	0	0	0.076	0.975	0.656	0.257	0.993
UQCRB	MT-ND2	9606.ENSP00000430494	9606.ENSP00000355046	0	0	0	0	0.109	0.898	0.172	0.250	0.936
UQCRB	MT-ND3	9606.ENSP00000430494	9606.ENSP00000355206	0	0	0	0	0.108	0.956	0.172	0.127	0.968
UQCRB	COA6	9606.ENSP00000430494	9606.ENSP00000355574	0	0	0	0	0.616	0.747	0.605	0.411	0.974
UQCRB	SDHC	9606.ENSP00000430494	9606.ENSP00000356953	0	0	0	0	0.851	0	0.172	0.323	0.909
UQCRB	NDUFS2	9606.ENSP00000430494	9606.ENSP00000356972	0	0	0	0	0.841	0.956	0.172	0.551	0.997
UQCRB	ATP5PB	9606.ENSP00000430494	9606.ENSP00000358737	0	0	0	0	0.925	0.276	0	0.477	0.969
UQCRB	NDUFA1	9606.ENSP00000430494	9606.ENSP00000360492	0	0	0	0	0.486	0.812	0	0.508	0.948
UQCRB	NDUFS5	9606.ENSP00000430494	9606.ENSP00000362058	0	0	0	0	0.633	0.854	0	0.387	0.964
UQCRB	NDUFA8	9606.ENSP00000430494	9606.ENSP00000362873	0	0	0	0	0.974	0.976	0.284	0.562	0.999
UQCRB	SDHB	9606.ENSP00000430494	9606.ENSP00000364649	0	0	0	0	0.868	0.221	0.172	0.561	0.957
UQCRB	SDHD	9606.ENSP00000430494	9606.ENSP00000364699	0	0	0	0	0.860	0	0.172	0.448	0.930
UQCRB	COX4I2	9606.ENSP00000430494	9606.ENSP00000365243	0	0	0	0	0.689	0.723	0.632	0.524	0.982
UQCRB	COX7A2L	9606.ENSP00000430494	9606.ENSP00000367938	0	0	0	0	0.097	0.859	0.360	0.446	0.949
UQCRB	UQCRQ	9606.ENSP00000430494	9606.ENSP00000367939	0	0	0	0	0.972	0.997	0.979	0.998	0.999
UQCRB	NDUFB6	9606.ENSP00000430494	9606.ENSP00000369176	0	0	0	0	0.897	0.826	0	0.389	0.988
UQCRB	NDUFA11	9606.ENSP00000430494	9606.ENSP00000389160	0	0	0	0	0.290	0.931	0	0.573	0.977
UQCRB	ATP5PF	9606.ENSP00000430494	9606.ENSP00000389649	0	0	0	0	0.877	0	0	0.417	0.925
UQCRB	NDUFS1	9606.ENSP00000430494	9606.ENSP00000392709	0	0	0	0	0.866	0.979	0.284	0.555	0.998
UQCRB	NDUFB3	9606.ENSP00000430494	9606.ENSP00000407336	0	0	0	0	0.823	0.826	0	0.432	0.981
UQCRB	BCS1L	9606.ENSP00000430494	9606.ENSP00000413908	0	0	0	0	0.130	0	0.540	0.896	0.955
UQCRB	NDUFA5	9606.ENSP00000430494	9606.ENSP00000417142	0	0	0	0	0.973	0.967	0.561	0.493	0.999
UQCRB	NDUFA3	9606.ENSP00000430494	9606.ENSP00000418438	0	0	0	0	0.278	0.826	0	0.312	0.906
UQCRB	NDUFB2	9606.ENSP00000430494	9606.ENSP00000419087	0	0	0	0	0.249	0.834	0	0.360	0.913
UQCRB	NDUFA13	9606.ENSP00000430494	9606.ENSP00000423673	0	0	0	0	0.712	0.948	0	0.365	0.989
UQCRB	COX7C	9606.ENSP00000430494	9606.ENSP00000425759	0	0	0	0	0.925	0.988	0.656	0.614	0.999
UQCRB	COX6C	9606.ENSP00000430494	9606.ENSP00000429707	0	0	0	0	0.791	0.834	0.540	0.550	0.991
UQCRB	NDUFB1	9606.ENSP00000430494	9606.ENSP00000483888	0	0	0	0	0.548	0.859	0	0.432	0.960
UQCRB	NDUFAB1	9606.ENSP00000430494	9606.ENSP00000458770	0	0	0	0	0.622	0.913	0	0.324	0.975
UQCRB	COX6B2	9606.ENSP00000430494	9606.ENSP00000467266	0	0	0	0	0.722	0.783	0.605	0.389	0.983
UQCRB	COX7B	9606.ENSP00000430494	9606.ENSP00000497474	0	0	0	0	0.433	0.883	0.540	0.542	0.984
UQCRB	COX4I1	9606.ENSP00000430494	9606.ENSP00000457513	0	0	0	0	0.760	0.968	0.632	0.601	0.998
UQCRB	NDUFA6	9606.ENSP00000430494	9606.ENSP00000482543	0	0	0	0	0.978	0.956	0.561	0.483	0.999
UQCRB	NDUFV1	9606.ENSP00000430494	9606.ENSP00000497587	0	0	0	0	0.867	0.982	0.561	0.540	0.999
UQCRB	UQCR11	9606.ENSP00000430494	9606.ENSP00000467262	0	0	0	0	0.560	0.982	0.967	0.787	0.999
UQCRB	COX6B1	9606.ENSP00000430494	9606.ENSP00000466818	0	0	0	0	0.767	0.980	0.716	0.602	0.999
UQCRC1	NDUFB4	9606.ENSP00000203407	9606.ENSP00000184266	0	0	0	0	0.234	0.856	0	0.728	0.967
UQCRC1	ATP5PB	9606.ENSP00000203407	9606.ENSP00000358737	0	0	0	0	0.657	0.113	0	0.708	0.903
UQCRC1	NDUFA1	9606.ENSP00000203407	9606.ENSP00000360492	0	0	0	0	0.129	0.844	0	0.473	0.922
UQCRC1	CYCS	9606.ENSP00000203407	9606.ENSP00000307786	0	0	0	0	0.204	0.570	0.400	0.681	0.925
UQCRC1	COX7A2L	9606.ENSP00000203407	9606.ENSP00000367938	0	0	0	0	0.060	0.806	0.360	0.445	0.926
UQCRC1	MT-ND2	9606.ENSP00000203407	9606.ENSP00000355046	0	0	0	0	0.054	0.886	0.181	0.339	0.933
UQCRC1	NDUFV3	9606.ENSP00000203407	9606.ENSP00000346196	0	0	0	0	0.267	0.835	0	0.531	0.938
UQCRC1	SDHB	9606.ENSP00000203407	9606.ENSP00000364649	0	0	0	0	0.749	0.113	0.378	0.608	0.938
UQCRC1	NDUFA3	9606.ENSP00000203407	9606.ENSP00000418438	0	0	0	0	0.297	0.867	0	0.403	0.939
UQCRC1	NDUFB11	9606.ENSP00000203407	9606.ENSP00000276062	0	0	0	0	0.487	0.856	0	0.251	0.940
UQCRC1	NDUFB3	9606.ENSP00000203407	9606.ENSP00000407336	0	0	0	0	0.186	0.856	0.154	0.469	0.940
UQCRC1	MT-ND5	9606.ENSP00000203407	9606.ENSP00000354813	0	0	0	0	0.065	0.886	0.181	0.416	0.942
UQCRC1	NDUFC2	9606.ENSP00000203407	9606.ENSP00000281031	0	0	0	0	0.247	0.852	0.151	0.480	0.944
UQCRC1	NDUFB6	9606.ENSP00000203407	9606.ENSP00000369176	0	0	0	0	0.342	0.856	0	0.469	0.945
UQCRC1	NDUFA7	9606.ENSP00000203407	9606.ENSP00000301457	0	0	0	0	0.337	0.848	0.154	0.491	0.950
UQCRC1	MT-ND1	9606.ENSP00000203407	9606.ENSP00000354687	0	0	0	0	0.067	0.917	0.215	0.355	0.955
UQCRC1	ATP5F1C	9606.ENSP00000203407	9606.ENSP00000349142	0	0	0	0	0.839	0.339	0	0.612	0.955
UQCRC1	MT-ND3	9606.ENSP00000203407	9606.ENSP00000355206	0	0	0	0	0	0.947	0.163	0.227	0.962
UQCRC1	MT-ND4L	9606.ENSP00000203407	9606.ENSP00000354728	0	0	0	0	0	0.947	0.154	0.270	0.964
UQCRC1	COX6C	9606.ENSP00000203407	9606.ENSP00000429707	0	0	0	0	0.189	0.834	0.594	0.435	0.965
UQCRC1	NDUFB5	9606.ENSP00000203407	9606.ENSP00000259037	0	0	0	0	0.581	0.856	0	0.497	0.967
UQCRC1	COX4I2	9606.ENSP00000203407	9606.ENSP00000365243	0	0	0	0	0.649	0.521	0.608	0.581	0.968
UQCRC1	ATP5F1D	9606.ENSP00000203407	9606.ENSP00000215375	0	0	0	0	0.898	0.147	0	0.665	0.968
UQCRC1	SDHA	9606.ENSP00000203407	9606.ENSP00000264932	0	0	0	0	0.842	0.176	0.237	0.719	0.968
UQCRC1	NDUFA11	9606.ENSP00000203407	9606.ENSP00000389160	0	0	0	0	0.571	0.852	0	0.556	0.969
UQCRC1	ATP5F1B	9606.ENSP00000203407	9606.ENSP00000262030	0	0	0	0	0.869	0.341	0	0.672	0.969
UQCRC1	ATP5F1A	9606.ENSP00000203407	9606.ENSP00000381736	0	0	0	0	0.853	0.235	0	0.759	0.970
UQCRC1	MT-ND4	9606.ENSP00000203407	9606.ENSP00000354961	0	0	0	0	0.067	0.947	0.215	0.343	0.971
UQCRC1	COX7B	9606.ENSP00000203407	9606.ENSP00000497474	0	0	0	0	0.081	0.903	0.540	0.440	0.974
UQCRC1	MT-CO2	9606.ENSP00000203407	9606.ENSP00000354876	0.061	0	0	0	0.079	0.890	0.622	0.518	0.979
UQCRC1	NDUFB8	9606.ENSP00000203407	9606.ENSP00000299166	0	0	0	0	0.495	0.875	0.216	0.691	0.982
UQCRC1	NDUFA13	9606.ENSP00000203407	9606.ENSP00000423673	0	0	0	0	0.681	0.917	0	0.389	0.982
UQCRC1	NDUFAB1	9606.ENSP00000203407	9606.ENSP00000458770	0	0	0	0	0.331	0.921	0	0.701	0.983
UQCRC1	NDUFB10	9606.ENSP00000203407	9606.ENSP00000268668	0	0	0	0	0.468	0.948	0.154	0.492	0.986
UQCRC1	NDUFA6	9606.ENSP00000203407	9606.ENSP00000482543	0	0	0	0	0.242	0.968	0.216	0.418	0.987
UQCRC1	COX6B1	9606.ENSP00000203407	9606.ENSP00000466818	0	0	0	0	0.337	0.917	0.623	0.545	0.989
UQCRC1	COX6A1	9606.ENSP00000203407	9606.ENSP00000229379	0	0	0	0	0.347	0.896	0.624	0.619	0.989
UQCRC1	MT-CO3	9606.ENSP00000203407	9606.ENSP00000354982	0.111	0	0	0	0.055	0.965	0.622	0.285	0.990
UQCRC1	NDUFS6	9606.ENSP00000203407	9606.ENSP00000274137	0	0	0	0	0.516	0.966	0	0.478	0.990
UQCRC1	NDUFB7	9606.ENSP00000203407	9606.ENSP00000215565	0	0	0	0	0.668	0.948	0.154	0.469	0.991
UQCRC1	NDUFA8	9606.ENSP00000203407	9606.ENSP00000362873	0	0	0	0	0.631	0.953	0.154	0.560	0.992
UQCRC1	NDUFA2	9606.ENSP00000203407	9606.ENSP00000252102	0	0	0	0	0.246	0.964	0.154	0.706	0.992
UQCRC1	NDUFA5	9606.ENSP00000203407	9606.ENSP00000417142	0	0	0	0	0.277	0.968	0.216	0.616	0.992
UQCRC1	NDUFS4	9606.ENSP00000203407	9606.ENSP00000296684	0	0	0	0	0.611	0.964	0.154	0.483	0.993
UQCRC1	COX7C	9606.ENSP00000203407	9606.ENSP00000425759	0	0	0	0	0.217	0.966	0.622	0.500	0.994
UQCRC1	COX6A2	9606.ENSP00000203407	9606.ENSP00000287490	0	0	0	0	0.331	0.955	0.624	0.525	0.994
UQCRC1	NDUFS3	9606.ENSP00000203407	9606.ENSP00000263774	0	0	0	0	0.759	0.946	0.154	0.647	0.995
UQCRC1	MT-CO1	9606.ENSP00000203407	9606.ENSP00000354499	0.057	0	0	0	0.063	0.966	0.594	0.702	0.995
UQCRC1	NDUFA10	9606.ENSP00000203407	9606.ENSP00000252711	0	0	0	0	0.924	0.867	0.134	0.671	0.996
UQCRC1	NDUFB9	9606.ENSP00000203407	9606.ENSP00000276689	0	0	0	0	0.551	0.934	0.154	0.883	0.996
UQCRC1	NDUFV2	9606.ENSP00000203407	9606.ENSP00000327268	0	0	0	0	0.696	0.974	0.217	0.562	0.996
UQCRC1	NDUFS7	9606.ENSP00000203407	9606.ENSP00000233627	0	0	0	0	0.917	0.896	0.235	0.613	0.997
UQCRC1	COX7A1	9606.ENSP00000203407	9606.ENSP00000292907	0	0	0	0	0.073	0.959	0.360	0.945	0.998
UQCRC1	NDUFS8	9606.ENSP00000203407	9606.ENSP00000315774	0.110	0	0	0	0.873	0.968	0	0.561	0.998
UQCRC1	COX4I1	9606.ENSP00000203407	9606.ENSP00000457513	0	0	0	0	0.711	0.969	0.608	0.644	0.998
UQCRC1	NDUFA9	9606.ENSP00000203407	9606.ENSP00000266544	0	0	0	0	0.863	0.935	0.154	0.806	0.998
UQCRC1	NDUFS1	9606.ENSP00000203407	9606.ENSP00000392709	0	0	0	0	0.707	0.969	0.216	0.796	0.998
UQCRC1	UQCR10	9606.ENSP00000203407	9606.ENSP00000332887	0	0	0	0	0.403	0.999	0.975	0.829	0.999
UQCRC1	NDUFS5	9606.ENSP00000203407	9606.ENSP00000362058	0	0	0	0	0.191	0.998	0	0.407	0.999
UQCRC1	NDUFS2	9606.ENSP00000203407	9606.ENSP00000356972	0	0	0	0	0.956	0.953	0.154	0.759	0.999
UQCRC1	UQCR11	9606.ENSP00000203407	9606.ENSP00000467262	0	0	0	0	0.669	0.994	0.967	0.752	0.999
UQCRC1	UQCRH	9606.ENSP00000203407	9606.ENSP00000309565	0	0	0	0	0.154	0.988	0.944	0.902	0.999
UQCRC1	UQCRFS1	9606.ENSP00000203407	9606.ENSP00000306397	0	0.343	0	0	0.779	0.999	0.851	0.921	0.999
UQCRC1	NDUFV1	9606.ENSP00000203407	9606.ENSP00000497587	0	0	0	0	0.945	0.968	0.286	0.782	0.999
UQCRC1	COX5B	9606.ENSP00000203407	9606.ENSP00000258424	0	0	0	0	0.748	0.972	0.635	0.826	0.999
UQCRC1	UQCRC2	9606.ENSP00000203407	9606.ENSP00000268379	0	0	0.216	0.611	0.955	0.999	0.975	0.972	0.999
UQCRC1	CYC1	9606.ENSP00000203407	9606.ENSP00000317159	0	0	0	0	0.917	0.992	0.889	0.944	0.999
UQCRC1	UQCRB	9606.ENSP00000203407	9606.ENSP00000430494	0	0	0	0	0.740	0.999	0.975	0.964	0.999
UQCRC1	NDUFA12	9606.ENSP00000203407	9606.ENSP00000330737	0	0	0	0	0.328	0.999	0	0.410	0.999
UQCRC1	UQCRQ	9606.ENSP00000203407	9606.ENSP00000367939	0	0	0	0	0.526	0.999	0.975	0.912	0.999
UQCRC1	MT-CYB	9606.ENSP00000203407	9606.ENSP00000354554	0	0	0	0	0	0.980	0.851	0.752	0.999
UQCRC1	COX5A	9606.ENSP00000203407	9606.ENSP00000317780	0	0	0	0	0.848	0.966	0.657	0.716	0.999
UQCRC2	NDUFB4	9606.ENSP00000268379	9606.ENSP00000184266	0	0	0	0	0.277	0.889	0	0.442	0.951
UQCRC2	UQCRC1	9606.ENSP00000268379	9606.ENSP00000203407	0	0	0.216	0.611	0.955	0.999	0.975	0.972	0.999
UQCRC2	NDUFB7	9606.ENSP00000268379	9606.ENSP00000215565	0	0	0	0	0.323	0.913	0.172	0.327	0.963
UQCRC2	COX6A1	9606.ENSP00000268379	9606.ENSP00000229379	0	0	0	0	0.402	0.840	0.707	0.392	0.980
UQCRC2	NDUFS7	9606.ENSP00000268379	9606.ENSP00000233627	0	0	0	0	0.470	0.910	0.215	0.538	0.980
UQCRC2	NDUFA2	9606.ENSP00000268379	9606.ENSP00000252102	0	0	0	0	0.235	0.924	0.172	0.532	0.974
UQCRC2	NDUFA10	9606.ENSP00000268379	9606.ENSP00000252711	0	0	0	0	0.694	0.894	0.172	0.544	0.986
UQCRC2	COX5B	9606.ENSP00000268379	9606.ENSP00000258424	0	0	0	0	0.776	0.990	0.786	0.664	0.999
UQCRC2	NDUFB5	9606.ENSP00000268379	9606.ENSP00000259037	0	0	0	0	0.591	0.884	0	0.545	0.976
UQCRC2	ATP5F1B	9606.ENSP00000268379	9606.ENSP00000262030	0	0	0	0	0.683	0.458	0	0.691	0.942
UQCRC2	NDUFS3	9606.ENSP00000268379	9606.ENSP00000263774	0	0	0	0	0.705	0.939	0.172	0.735	0.995
UQCRC2	SDHA	9606.ENSP00000268379	9606.ENSP00000264932	0	0	0	0	0.865	0.134	0.190	0.913	0.990
UQCRC2	NDUFA9	9606.ENSP00000268379	9606.ENSP00000266544	0	0	0	0	0.781	0.900	0.130	0.889	0.997
UQCRC2	NDUFB1	9606.ENSP00000268379	9606.ENSP00000483888	0	0	0	0	0.126	0.855	0	0.290	0.902
UQCRC2	NDUFA11	9606.ENSP00000268379	9606.ENSP00000389160	0	0	0	0	0.164	0.852	0	0.365	0.914
UQCRC2	NDUFV3	9606.ENSP00000268379	9606.ENSP00000346196	0	0	0	0	0.170	0.831	0	0.442	0.915
UQCRC2	BCS1L	9606.ENSP00000268379	9606.ENSP00000413908	0.042	0	0	0	0.094	0.100	0.720	0.690	0.920
UQCRC2	NDUFA3	9606.ENSP00000268379	9606.ENSP00000418438	0	0	0	0	0.153	0.866	0	0.366	0.921
UQCRC2	NDUFB11	9606.ENSP00000268379	9606.ENSP00000276062	0	0	0	0	0.218	0.855	0	0.367	0.922
UQCRC2	MT-ND3	9606.ENSP00000268379	9606.ENSP00000355206	0	0	0	0	0	0.894	0.172	0.270	0.930
UQCRC2	COA6	9606.ENSP00000268379	9606.ENSP00000355574	0	0	0	0	0.271	0.743	0.524	0.308	0.930
UQCRC2	MT-ND4L	9606.ENSP00000268379	9606.ENSP00000354728	0	0	0	0	0	0.894	0.172	0.278	0.931
UQCRC2	MT-ND6	9606.ENSP00000268379	9606.ENSP00000354665	0	0	0	0	0	0.855	0	0.561	0.934
UQCRC2	NDUFC2	9606.ENSP00000268379	9606.ENSP00000281031	0	0	0	0	0.295	0.854	0.163	0.343	0.936
UQCRC2	COX7A2L	9606.ENSP00000268379	9606.ENSP00000367938	0	0	0	0	0.286	0.806	0.360	0.371	0.937
UQCRC2	MT-ND2	9606.ENSP00000268379	9606.ENSP00000355046	0	0	0	0	0.055	0.874	0.218	0.424	0.939
UQCRC2	NDUFA1	9606.ENSP00000268379	9606.ENSP00000360492	0	0	0	0	0.184	0.830	0	0.616	0.942
UQCRC2	NDUFA7	9606.ENSP00000268379	9606.ENSP00000301457	0	0	0	0	0.348	0.848	0.172	0.402	0.944
UQCRC2	MT-ND5	9606.ENSP00000268379	9606.ENSP00000354813	0	0	0	0	0.064	0.874	0.284	0.440	0.946
UQCRC2	MT-ND4	9606.ENSP00000268379	9606.ENSP00000354961	0	0	0	0	0.064	0.894	0.284	0.423	0.953
UQCRC2	CYCS	9606.ENSP00000268379	9606.ENSP00000307786	0	0	0	0	0.395	0.513	0.400	0.773	0.954
UQCRC2	NDUFB6	9606.ENSP00000268379	9606.ENSP00000369176	0	0	0	0	0.368	0.866	0	0.511	0.955
UQCRC2	NDUFS5	9606.ENSP00000268379	9606.ENSP00000362058	0	0	0	0	0.165	0.910	0	0.457	0.955
UQCRC2	NDUFA13	9606.ENSP00000268379	9606.ENSP00000423673	0	0	0	0	0.344	0.886	0	0.453	0.955
UQCRC2	MT-ND1	9606.ENSP00000268379	9606.ENSP00000354687	0	0	0	0	0.064	0.886	0.284	0.512	0.957
UQCRC2	COX6B2	9606.ENSP00000268379	9606.ENSP00000467266	0	0	0	0	0.362	0.784	0.556	0.396	0.958
UQCRC2	NDUFB3	9606.ENSP00000268379	9606.ENSP00000407336	0	0	0	0	0.383	0.877	0.172	0.438	0.960
UQCRC2	NDUFS6	9606.ENSP00000268379	9606.ENSP00000274137	0	0	0	0	0.256	0.921	0	0.441	0.964
UQCRC2	SDHD	9606.ENSP00000268379	9606.ENSP00000364699	0	0	0	0	0.924	0.091	0.172	0.469	0.965
UQCRC2	COX6C	9606.ENSP00000268379	9606.ENSP00000429707	0	0	0	0	0.266	0.834	0.602	0.402	0.967
UQCRC2	NDUFB10	9606.ENSP00000268379	9606.ENSP00000268668	0	0	0	0	0.275	0.912	0.172	0.475	0.968
UQCRC2	NDUFA6	9606.ENSP00000268379	9606.ENSP00000482543	0	0	0	0	0.231	0.922	0.284	0.390	0.970
UQCRC2	NDUFAB1	9606.ENSP00000268379	9606.ENSP00000458770	0	0	0	0	0.451	0.895	0	0.546	0.971
UQCRC2	ATP5PB	9606.ENSP00000268379	9606.ENSP00000358737	0	0	0	0	0.927	0.141	0	0.613	0.973
UQCRC2	ATP5PO	9606.ENSP00000268379	9606.ENSP00000290299	0	0	0	0	0.879	0.616	0	0.505	0.975
UQCRC2	NDUFB9	9606.ENSP00000268379	9606.ENSP00000276689	0	0	0	0	0.453	0.911	0.172	0.487	0.976
UQCRC2	COX7B	9606.ENSP00000268379	9606.ENSP00000497474	0	0	0	0	0.268	0.903	0.540	0.382	0.977
UQCRC2	NDUFA4	9606.ENSP00000268379	9606.ENSP00000339720	0	0	0	0	0.294	0.333	0.900	0.639	0.980
UQCRC2	ATP5F1C	9606.ENSP00000268379	9606.ENSP00000349142	0	0	0	0	0.943	0.262	0	0.567	0.980
UQCRC2	NDUFA12	9606.ENSP00000268379	9606.ENSP00000330737	0	0	0	0	0.634	0.934	0	0.355	0.983
UQCRC2	COX7A1	9606.ENSP00000268379	9606.ENSP00000292907	0	0	0	0	0.057	0.967	0.360	0.290	0.984
UQCRC2	ATP5F1A	9606.ENSP00000268379	9606.ENSP00000381736	0	0	0	0	0.868	0.308	0	0.866	0.986
UQCRC2	NDUFS8	9606.ENSP00000268379	9606.ENSP00000315774	0.110	0	0	0	0.605	0.937	0	0.522	0.988
UQCRC2	NDUFA8	9606.ENSP00000268379	9606.ENSP00000362873	0	0	0	0	0.615	0.908	0.172	0.658	0.988
UQCRC2	NDUFA5	9606.ENSP00000268379	9606.ENSP00000417142	0	0	0	0	0.644	0.933	0.284	0.495	0.990
UQCRC2	COX4I2	9606.ENSP00000268379	9606.ENSP00000365243	0	0	0	0	0.616	0.771	0.714	0.740	0.992
UQCRC2	NDUFS2	9606.ENSP00000268379	9606.ENSP00000356972	0	0	0	0	0.802	0.911	0.172	0.670	0.994
UQCRC2	COX6A2	9606.ENSP00000268379	9606.ENSP00000287490	0	0	0	0	0.381	0.966	0.707	0.377	0.995
UQCRC2	NDUFV2	9606.ENSP00000268379	9606.ENSP00000327268	0	0	0	0	0.904	0.921	0.196	0.540	0.996
UQCRC2	NDUFS4	9606.ENSP00000268379	9606.ENSP00000296684	0	0	0	0	0.920	0.935	0.172	0.546	0.997
UQCRC2	COX6B1	9606.ENSP00000268379	9606.ENSP00000466818	0	0	0	0	0.417	0.975	0.681	0.567	0.997
UQCRC2	SDHB	9606.ENSP00000268379	9606.ENSP00000364649	0	0	0	0	0.832	0.235	0.281	0.976	0.997
UQCRC2	NDUFV1	9606.ENSP00000268379	9606.ENSP00000497587	0	0	0	0	0.930	0.933	0.286	0.646	0.998
UQCRC2	NDUFS1	9606.ENSP00000268379	9606.ENSP00000392709	0	0	0	0	0.921	0.939	0.216	0.687	0.998
UQCRC2	NDUFB8	9606.ENSP00000268379	9606.ENSP00000299166	0	0	0	0	0.663	0.885	0.284	0.947	0.998
UQCRC2	UQCRFS1	9606.ENSP00000268379	9606.ENSP00000306397	0	0	0	0	0.933	0.994	0.967	0.988	0.999
UQCRC2	CYC1	9606.ENSP00000268379	9606.ENSP00000317159	0	0	0	0	0.965	0.991	0.907	0.904	0.999
UQCRC2	COX4I1	9606.ENSP00000268379	9606.ENSP00000457513	0	0	0	0	0.654	0.985	0.714	0.867	0.999
UQCRC2	MT-CO2	9606.ENSP00000268379	9606.ENSP00000354876	0.061	0	0	0	0.082	0.963	0.925	0.762	0.999
UQCRC2	COX7C	9606.ENSP00000268379	9606.ENSP00000425759	0	0	0	0	0.375	0.995	0.925	0.381	0.999
UQCRC2	MT-CO3	9606.ENSP00000268379	9606.ENSP00000354982	0.111	0	0	0	0.056	0.986	0.925	0.416	0.999
UQCRC2	UQCR10	9606.ENSP00000268379	9606.ENSP00000332887	0	0	0	0	0.435	0.995	0.979	0.839	0.999
UQCRC2	UQCR11	9606.ENSP00000268379	9606.ENSP00000467262	0	0	0	0	0.211	0.987	0.967	0.720	0.999
UQCRC2	UQCRH	9606.ENSP00000268379	9606.ENSP00000309565	0	0	0	0	0.330	0.992	0.944	0.800	0.999
UQCRC2	UQCRQ	9606.ENSP00000268379	9606.ENSP00000367939	0	0	0	0	0.685	0.997	0.979	0.898	0.999
UQCRC2	MT-CO1	9606.ENSP00000268379	9606.ENSP00000354499	0.057	0	0	0	0.067	0.982	0.913	0.978	0.999
UQCRC2	MT-CYB	9606.ENSP00000268379	9606.ENSP00000354554	0	0	0	0	0	0.985	0.851	0.852	0.999
UQCRC2	COX5A	9606.ENSP00000268379	9606.ENSP00000317780	0	0	0	0	0.923	0.988	0.953	0.732	0.999
UQCRC2	UQCRB	9606.ENSP00000268379	9606.ENSP00000430494	0	0	0	0	0.933	0.997	0.979	0.979	0.999
UQCRFS1	COX15	9606.ENSP00000306397	9606.ENSP00000016171	0	0	0	0	0.176	0	0.944	0.572	0.978
UQCRFS1	NDUFB4	9606.ENSP00000306397	9606.ENSP00000184266	0	0	0	0	0.492	0.908	0	0.606	0.980
UQCRFS1	UQCRC1	9606.ENSP00000306397	9606.ENSP00000203407	0	0.343	0	0	0.779	0.999	0.851	0.921	0.999
UQCRFS1	ATP5F1D	9606.ENSP00000306397	9606.ENSP00000215375	0	0	0	0	0.918	0.139	0	0.590	0.968
UQCRFS1	NDUFB7	9606.ENSP00000306397	9606.ENSP00000215565	0	0	0	0	0.561	0.972	0.504	0.426	0.996
UQCRFS1	COX6A1	9606.ENSP00000306397	9606.ENSP00000229379	0	0	0	0	0.417	0.842	0.673	0.618	0.986
UQCRFS1	NDUFS7	9606.ENSP00000306397	9606.ENSP00000233627	0.045	0	0	0	0.594	0.919	0.585	0.566	0.993
UQCRFS1	NDUFA2	9606.ENSP00000306397	9606.ENSP00000252102	0	0	0	0	0.689	0.988	0.284	0.576	0.998
UQCRFS1	NDUFA10	9606.ENSP00000306397	9606.ENSP00000252711	0	0	0	0	0.582	0.866	0.172	0.452	0.971
UQCRFS1	COX5B	9606.ENSP00000306397	9606.ENSP00000258424	0	0	0	0	0.970	0.991	0.715	0.664	0.999
UQCRFS1	NDUFB5	9606.ENSP00000306397	9606.ENSP00000259037	0	0	0	0	0.744	0.867	0	0.438	0.979
UQCRFS1	ATP5F1B	9606.ENSP00000306397	9606.ENSP00000262030	0	0	0	0	0.787	0.097	0	0.591	0.914
UQCRFS1	NDUFS3	9606.ENSP00000306397	9606.ENSP00000263774	0	0	0	0	0.877	0.973	0.809	0.710	0.999
UQCRFS1	SDHA	9606.ENSP00000306397	9606.ENSP00000264932	0.119	0	0	0	0.917	0.385	0.279	0.819	0.993
UQCRFS1	NDUFA9	9606.ENSP00000306397	9606.ENSP00000266544	0.055	0	0	0	0.874	0.999	0.449	0.758	0.999
UQCRFS1	UQCRC2	9606.ENSP00000306397	9606.ENSP00000268379	0	0	0	0	0.933	0.994	0.967	0.988	0.999
UQCRFS1	NDUFB10	9606.ENSP00000306397	9606.ENSP00000268668	0	0	0	0	0.362	0.968	0.172	0.446	0.989
UQCRFS1	NDUFS6	9606.ENSP00000306397	9606.ENSP00000274137	0	0	0	0	0.921	0.987	0.155	0.552	0.999
UQCRFS1	NDUFB11	9606.ENSP00000306397	9606.ENSP00000276062	0	0	0	0	0.412	0.855	0	0.263	0.932
UQCRFS1	NDUFB9	9606.ENSP00000306397	9606.ENSP00000276689	0	0	0	0	0.771	0.975	0.284	0.835	0.999
UQCRFS1	NDUFC2	9606.ENSP00000306397	9606.ENSP00000281031	0	0	0	0	0.635	0.854	0.163	0.414	0.970
UQCRFS1	ATP5MC3	9606.ENSP00000306397	9606.ENSP00000284727	0	0	0	0	0.671	0	0	0.919	0.972
UQCRFS1	COX6A2	9606.ENSP00000306397	9606.ENSP00000287490	0	0	0	0	0.405	0.967	0.673	0.532	0.996
UQCRFS1	ATP5PO	9606.ENSP00000306397	9606.ENSP00000290299	0	0	0	0	0.848	0.094	0	0.590	0.938
UQCRFS1	COX7A1	9606.ENSP00000306397	9606.ENSP00000292907	0	0	0	0	0	0.967	0.360	0.369	0.985
UQCRFS1	NDUFS4	9606.ENSP00000306397	9606.ENSP00000296684	0	0	0	0	0.892	0.988	0.560	0.569	0.999
UQCRFS1	NDUFB8	9606.ENSP00000306397	9606.ENSP00000299166	0	0	0	0	0.942	0.884	0.284	0.574	0.997
UQCRFS1	NDUFA7	9606.ENSP00000306397	9606.ENSP00000301457	0	0	0	0	0.281	0.854	0.172	0.280	0.929
UQCRFS1	NDUFC1	9606.ENSP00000306397	9606.ENSP00000441126	0	0	0	0	0.266	0.811	0	0.357	0.903
UQCRFS1	NDUFA1	9606.ENSP00000306397	9606.ENSP00000360492	0	0	0	0	0.193	0.830	0	0.402	0.911
UQCRFS1	MT-ATP6	9606.ENSP00000306397	9606.ENSP00000354632	0	0	0	0	0.594	0	0	0.791	0.911
UQCRFS1	NDUFV3	9606.ENSP00000306397	9606.ENSP00000346196	0	0	0	0	0.116	0.831	0	0.477	0.915
UQCRFS1	NDUFB1	9606.ENSP00000306397	9606.ENSP00000483888	0	0	0	0	0.337	0.855	0	0.280	0.925
UQCRFS1	NDUFA3	9606.ENSP00000306397	9606.ENSP00000418438	0	0	0	0	0.276	0.866	0	0.305	0.927
UQCRFS1	COX7A2L	9606.ENSP00000306397	9606.ENSP00000367938	0	0	0	0	0.074	0.806	0.360	0.451	0.928
UQCRFS1	COA6	9606.ENSP00000306397	9606.ENSP00000355574	0	0	0	0	0.345	0.748	0.628	0.277	0.949
UQCRFS1	ATP5MC2	9606.ENSP00000306397	9606.ENSP00000499883	0	0	0	0	0.416	0	0	0.917	0.949
UQCRFS1	ATP5F1A	9606.ENSP00000306397	9606.ENSP00000381736	0	0	0	0	0.849	0.097	0	0.667	0.950
UQCRFS1	COX6B2	9606.ENSP00000306397	9606.ENSP00000467266	0	0	0	0	0.401	0.784	0.628	0.116	0.951
UQCRFS1	SDHC	9606.ENSP00000306397	9606.ENSP00000356953	0.069	0	0	0	0.901	0	0	0.512	0.951
UQCRFS1	BCS1L	9606.ENSP00000306397	9606.ENSP00000413908	0	0	0	0	0.133	0.283	0.720	0.756	0.952
UQCRFS1	SDHD	9606.ENSP00000306397	9606.ENSP00000364699	0	0	0	0	0.906	0	0	0.509	0.952
UQCRFS1	ATP5MC1	9606.ENSP00000306397	9606.ENSP00000377033	0	0	0	0	0.455	0	0	0.917	0.953
UQCRFS1	LYRM7	9606.ENSP00000306397	9606.ENSP00000368688	0	0	0	0	0.044	0.716	0	0.864	0.959
UQCRFS1	ATP5PB	9606.ENSP00000306397	9606.ENSP00000358737	0	0	0	0	0.937	0.160	0	0.466	0.969
UQCRFS1	ATP5F1C	9606.ENSP00000306397	9606.ENSP00000349142	0	0	0	0	0.922	0.096	0	0.605	0.970
UQCRFS1	COX7B	9606.ENSP00000306397	9606.ENSP00000497474	0	0	0	0	0.224	0.903	0.540	0.397	0.976
UQCRFS1	NDUFA4	9606.ENSP00000306397	9606.ENSP00000339720	0	0	0	0	0.443	0.249	0.900	0.505	0.976
UQCRFS1	COX6C	9606.ENSP00000306397	9606.ENSP00000429707	0	0	0	0	0.313	0.883	0.602	0.410	0.978
UQCRFS1	MT-ND4L	9606.ENSP00000306397	9606.ENSP00000354728	0	0	0	0	0	0.967	0.172	0.320	0.979
UQCRFS1	NDUFB3	9606.ENSP00000306397	9606.ENSP00000407336	0	0	0	0	0.753	0.855	0.172	0.414	0.980
UQCRFS1	NDUFB6	9606.ENSP00000306397	9606.ENSP00000369176	0	0	0	0	0.803	0.867	0	0.489	0.985
UQCRFS1	MT-ND2	9606.ENSP00000306397	9606.ENSP00000355046	0.041	0	0	0	0.097	0.919	0.792	0.572	0.992
UQCRFS1	MT-ND5	9606.ENSP00000306397	9606.ENSP00000354813	0.041	0	0	0	0.139	0.919	0.792	0.578	0.993
UQCRFS1	COX4I2	9606.ENSP00000306397	9606.ENSP00000365243	0	0	0	0	0.789	0.820	0.633	0.586	0.993
UQCRFS1	NDUFAB1	9606.ENSP00000306397	9606.ENSP00000458770	0	0	0	0	0.732	0.967	0.218	0.447	0.995
UQCRFS1	MT-ND3	9606.ENSP00000306397	9606.ENSP00000355206	0.056	0	0	0	0.108	0.967	0.809	0.542	0.997
UQCRFS1	MT-ND4	9606.ENSP00000306397	9606.ENSP00000354961	0.043	0	0	0	0.172	0.967	0.809	0.549	0.997
UQCRFS1	MT-ND1	9606.ENSP00000306397	9606.ENSP00000354687	0.042	0	0	0	0.222	0.959	0.809	0.606	0.997
UQCRFS1	COX6B1	9606.ENSP00000306397	9606.ENSP00000466818	0	0	0	0	0.477	0.967	0.733	0.521	0.997
UQCRFS1	NDUFA8	9606.ENSP00000306397	9606.ENSP00000362873	0	0	0	0	0.617	0.977	0.284	0.585	0.997
UQCRFS1	SDHB	9606.ENSP00000306397	9606.ENSP00000364649	0.158	0	0	0	0.973	0.230	0.765	0.709	0.998
UQCRFS1	MT-CYB	9606.ENSP00000306397	9606.ENSP00000354554	0.111	0	0.258	0	0.691	0.991	0.967	0.998	0.999
UQCRFS1	NDUFS1	9606.ENSP00000306397	9606.ENSP00000392709	0.094	0	0	0	0.732	0.988	0.809	0.734	0.999
UQCRFS1	NDUFV2	9606.ENSP00000306397	9606.ENSP00000327268	0	0	0	0	0.926	0.988	0.809	0.781	0.999
UQCRFS1	COX5A	9606.ENSP00000306397	9606.ENSP00000317780	0	0	0	0	0.974	0.991	0.925	0.750	0.999
UQCRFS1	UQCRQ	9606.ENSP00000306397	9606.ENSP00000367939	0	0	0	0	0.934	0.995	0.851	0.833	0.999
UQCRFS1	MT-CO1	9606.ENSP00000306397	9606.ENSP00000354499	0.231	0	0	0	0.645	0.991	0.980	0.796	0.999
UQCRFS1	NDUFA13	9606.ENSP00000306397	9606.ENSP00000423673	0	0	0	0	0.569	0.998	0.155	0.426	0.999
UQCRFS1	NDUFA12	9606.ENSP00000306397	9606.ENSP00000330737	0	0	0	0	0.950	0.998	0.172	0.415	0.999
UQCRFS1	UQCRB	9606.ENSP00000306397	9606.ENSP00000430494	0	0	0	0	0.954	0.993	0.851	0.912	0.999
UQCRFS1	NDUFA6	9606.ENSP00000306397	9606.ENSP00000482543	0	0	0	0	0.596	0.988	0.788	0.546	0.999
UQCRFS1	CYCS	9606.ENSP00000306397	9606.ENSP00000307786	0.120	0	0.241	0	0.834	0.819	0.869	0.949	0.999
UQCRFS1	NDUFA5	9606.ENSP00000306397	9606.ENSP00000417142	0	0	0	0	0.788	0.988	0.799	0.616	0.999
UQCRFS1	MT-CO2	9606.ENSP00000306397	9606.ENSP00000354876	0.231	0	0	0	0.386	0.966	0.980	0.596	0.999
UQCRFS1	NDUFA11	9606.ENSP00000306397	9606.ENSP00000389160	0	0	0	0	0.360	0.998	0	0.412	0.999
UQCRFS1	CYC1	9606.ENSP00000306397	9606.ENSP00000317159	0.231	0	0.251	0	0.977	0.995	0.980	0.999	0.999
UQCRFS1	COX4I1	9606.ENSP00000306397	9606.ENSP00000457513	0	0	0	0	0.852	0.967	0.633	0.632	0.999
UQCRFS1	NDUFV1	9606.ENSP00000306397	9606.ENSP00000497587	0	0	0	0	0.732	0.990	0.809	0.815	0.999
UQCRFS1	UQCRH	9606.ENSP00000306397	9606.ENSP00000309565	0	0	0	0	0.689	0.969	0.744	0.791	0.999
UQCRFS1	MT-CO3	9606.ENSP00000306397	9606.ENSP00000354982	0.231	0	0	0	0.907	0.991	0.980	0.541	0.999
UQCRFS1	UQCR10	9606.ENSP00000306397	9606.ENSP00000332887	0	0	0	0	0.842	0.995	0.851	0.827	0.999
UQCRFS1	NDUFS2	9606.ENSP00000306397	9606.ENSP00000356972	0	0	0	0	0.920	0.967	0.809	0.676	0.999
UQCRFS1	NDUFS5	9606.ENSP00000306397	9606.ENSP00000362058	0	0	0	0	0.471	0.998	0	0.430	0.999
UQCRFS1	UQCR11	9606.ENSP00000306397	9606.ENSP00000467262	0	0	0	0	0.411	0.985	0.851	0.847	0.999
UQCRFS1	NDUFS8	9606.ENSP00000306397	9606.ENSP00000315774	0.191	0	0	0	0.937	0.988	0.809	0.613	0.999
UQCRFS1	COX7C	9606.ENSP00000306397	9606.ENSP00000425759	0	0	0	0	0.787	0.989	0.913	0.401	0.999
UQCRH	NDUFB4	9606.ENSP00000309565	9606.ENSP00000184266	0	0	0	0	0.428	0.883	0	0.344	0.952
UQCRH	UQCRC1	9606.ENSP00000309565	9606.ENSP00000203407	0	0	0	0	0.154	0.988	0.944	0.902	0.999
UQCRH	NDUFB7	9606.ENSP00000309565	9606.ENSP00000215565	0	0	0	0	0.574	0.957	0.406	0.798	0.997
UQCRH	COX6A1	9606.ENSP00000309565	9606.ENSP00000229379	0	0	0	0	0.478	0.603	0.649	0.606	0.967
UQCRH	NDUFS7	9606.ENSP00000309565	9606.ENSP00000233627	0	0	0	0	0.336	0.904	0.187	0.386	0.964
UQCRH	NDUFA2	9606.ENSP00000309565	9606.ENSP00000252102	0	0	0	0	0.865	0.958	0.237	0.357	0.996
UQCRH	NDUFA10	9606.ENSP00000309565	9606.ENSP00000252711	0	0	0	0	0.147	0.856	0.163	0.419	0.932
UQCRH	COX5B	9606.ENSP00000309565	9606.ENSP00000258424	0	0	0	0	0.744	0.955	0.658	0.567	0.998
UQCRH	NDUFB5	9606.ENSP00000309565	9606.ENSP00000259037	0	0	0	0	0.696	0.856	0	0.543	0.978
UQCRH	NDUFS3	9606.ENSP00000309565	9606.ENSP00000263774	0	0	0	0	0.450	0.956	0.237	0.418	0.988
UQCRH	NDUFA9	9606.ENSP00000309565	9606.ENSP00000266544	0	0	0	0	0.440	0.903	0.285	0.349	0.971
UQCRH	UQCRC2	9606.ENSP00000309565	9606.ENSP00000268379	0	0	0	0	0.330	0.992	0.944	0.800	0.999
UQCRH	NDUFB10	9606.ENSP00000309565	9606.ENSP00000268668	0	0	0	0	0.649	0.952	0.163	0.422	0.990
UQCRH	NDUFS6	9606.ENSP00000309565	9606.ENSP00000274137	0	0	0	0	0.849	0.952	0.163	0.389	0.995
UQCRH	NDUFB11	9606.ENSP00000309565	9606.ENSP00000276062	0	0	0	0	0.430	0.856	0	0.552	0.960
UQCRH	NDUFB9	9606.ENSP00000309565	9606.ENSP00000276689	0	0	0	0	0.711	0.950	0.237	0.690	0.996
UQCRH	NDUFC2	9606.ENSP00000309565	9606.ENSP00000281031	0	0	0	0	0.513	0.854	0.154	0.439	0.961
UQCRH	COX6A2	9606.ENSP00000309565	9606.ENSP00000287490	0	0	0	0	0.394	0.917	0.649	0.417	0.988
UQCRH	COX7A1	9606.ENSP00000309565	9606.ENSP00000292907	0	0	0	0	0.047	0.950	0.360	0.381	0.979
UQCRH	NDUFS4	9606.ENSP00000309565	9606.ENSP00000296684	0	0	0	0	0.656	0.973	0.406	0.505	0.996
UQCRH	NDUFB8	9606.ENSP00000309565	9606.ENSP00000299166	0	0	0	0	0.848	0.856	0.236	0.449	0.989
UQCRH	NDUFA7	9606.ENSP00000309565	9606.ENSP00000301457	0	0	0	0	0.513	0.846	0.163	0.593	0.971
UQCRH	ATP5PD	9606.ENSP00000309565	9606.ENSP00000301587	0	0	0	0	0.840	0.095	0	0.432	0.911
UQCRH	UQCRFS1	9606.ENSP00000309565	9606.ENSP00000306397	0	0	0	0	0.689	0.969	0.744	0.791	0.999
UQCRH	CYCS	9606.ENSP00000309565	9606.ENSP00000307786	0	0	0	0	0.731	0.094	0.400	0.650	0.942
UQCRH	COA6	9606.ENSP00000309565	9606.ENSP00000355574	0	0	0	0	0.394	0.513	0.570	0.307	0.900
UQCRH	NDUFB2	9606.ENSP00000309565	9606.ENSP00000419087	0	0	0	0	0.191	0.800	0	0.463	0.905
UQCRH	COX7A2	9606.ENSP00000309565	9606.ENSP00000359098	0	0	0	0	0.474	0	0.598	0.677	0.926
UQCRH	NDUFA4	9606.ENSP00000309565	9606.ENSP00000339720	0	0	0	0	0.664	0.092	0.540	0.534	0.926
UQCRH	NDUFC1	9606.ENSP00000309565	9606.ENSP00000441126	0	0	0	0	0.368	0.811	0	0.433	0.926
UQCRH	MT-ND2	9606.ENSP00000309565	9606.ENSP00000355046	0	0	0	0	0.097	0.896	0.154	0.241	0.932
UQCRH	NDUFB1	9606.ENSP00000309565	9606.ENSP00000483888	0	0	0	0	0.237	0.856	0	0.450	0.934
UQCRH	COX7A2L	9606.ENSP00000309565	9606.ENSP00000367938	0	0	0	0	0.246	0.805	0.360	0.449	0.941
UQCRH	MT-ND5	9606.ENSP00000309565	9606.ENSP00000354813	0	0	0	0	0.163	0.896	0.163	0.328	0.944
UQCRH	NDUFA3	9606.ENSP00000309565	9606.ENSP00000418438	0	0	0	0	0.394	0.870	0	0.389	0.948
UQCRH	NDUFA1	9606.ENSP00000309565	9606.ENSP00000360492	0	0	0	0	0.462	0.844	0	0.500	0.954
UQCRH	MT-CO2	9606.ENSP00000309565	9606.ENSP00000354876	0	0	0	0	0.131	0.834	0.634	0.269	0.956
UQCRH	NDUFB6	9606.ENSP00000309565	9606.ENSP00000369176	0	0	0	0	0.500	0.870	0	0.379	0.956
UQCRH	NDUFV3	9606.ENSP00000309565	9606.ENSP00000346196	0	0	0	0	0.564	0.845	0	0.404	0.956
UQCRH	MT-ND3	9606.ENSP00000309565	9606.ENSP00000355206	0	0	0	0	0.111	0.950	0	0.081	0.956
UQCRH	MT-ND4L	9606.ENSP00000309565	9606.ENSP00000354728	0	0	0	0	0	0.950	0.163	0.095	0.959
UQCRH	NDUFA11	9606.ENSP00000309565	9606.ENSP00000389160	0	0	0	0	0.382	0.852	0	0.641	0.964
UQCRH	MT-ND1	9606.ENSP00000309565	9606.ENSP00000354687	0	0	0	0	0.268	0.932	0.163	0.254	0.965
UQCRH	MT-ND4	9606.ENSP00000309565	9606.ENSP00000354961	0	0	0	0	0.192	0.950	0.163	0.179	0.969
UQCRH	NDUFB3	9606.ENSP00000309565	9606.ENSP00000407336	0	0	0	0	0.655	0.856	0.163	0.456	0.974
UQCRH	NDUFAB1	9606.ENSP00000309565	9606.ENSP00000458770	0	0	0	0	0.383	0.900	0.154	0.597	0.976
UQCRH	COX4I2	9606.ENSP00000309565	9606.ENSP00000365243	0	0	0	0	0.609	0.472	0.623	0.795	0.982
UQCRH	COX6C	9606.ENSP00000309565	9606.ENSP00000429707	0	0	0	0	0.712	0.764	0.598	0.518	0.985
UQCRH	MT-CO3	9606.ENSP00000309565	9606.ENSP00000354982	0	0	0	0	0.148	0.958	0.598	0.178	0.986
UQCRH	MT-CO1	9606.ENSP00000309565	9606.ENSP00000354499	0	0	0	0	0.168	0.961	0.598	0.251	0.988
UQCRH	NDUFS5	9606.ENSP00000309565	9606.ENSP00000362058	0	0	0	0	0.816	0.901	0	0.519	0.990
UQCRH	COX7B	9606.ENSP00000309565	9606.ENSP00000497474	0	0	0	0	0.530	0.891	0.540	0.656	0.990
UQCRH	NDUFV1	9606.ENSP00000309565	9606.ENSP00000497587	0	0	0	0	0.245	0.957	0.569	0.467	0.991
UQCRH	NDUFA13	9606.ENSP00000309565	9606.ENSP00000423673	0	0	0	0	0.654	0.932	0.163	0.614	0.991
UQCRH	COX6B1	9606.ENSP00000309565	9606.ENSP00000466818	0	0	0	0	0.514	0.899	0.691	0.589	0.992
UQCRH	NDUFS2	9606.ENSP00000309565	9606.ENSP00000356972	0	0	0	0	0.705	0.950	0.237	0.406	0.992
UQCRH	NDUFS1	9606.ENSP00000309565	9606.ENSP00000392709	0	0	0	0	0.586	0.957	0.406	0.469	0.993
UQCRH	NDUFS8	9606.ENSP00000309565	9606.ENSP00000315774	0	0	0	0	0.744	0.959	0.236	0.426	0.994
UQCRH	NDUFV2	9606.ENSP00000309565	9606.ENSP00000327268	0	0	0	0	0.733	0.957	0.236	0.430	0.994
UQCRH	COX5A	9606.ENSP00000309565	9606.ENSP00000317780	0	0	0	0	0.579	0.903	0.633	0.710	0.995
UQCRH	NDUFA8	9606.ENSP00000309565	9606.ENSP00000362873	0	0	0	0	0.813	0.957	0.237	0.445	0.996
UQCRH	COX4I1	9606.ENSP00000309565	9606.ENSP00000457513	0	0	0	0	0.679	0.917	0.623	0.819	0.997
UQCRH	COX7C	9606.ENSP00000309565	9606.ENSP00000425759	0	0	0	0	0.887	0.899	0.598	0.595	0.997
UQCRH	NDUFA12	9606.ENSP00000309565	9606.ENSP00000330737	0	0	0	0	0.759	0.980	0.163	0.473	0.997
UQCRH	MT-CYB	9606.ENSP00000309565	9606.ENSP00000354554	0	0	0	0	0	0.981	0.744	0.684	0.998
UQCRH	NDUFA6	9606.ENSP00000309565	9606.ENSP00000482543	0	0	0	0	0.810	0.952	0.572	0.660	0.998
UQCRH	CYC1	9606.ENSP00000309565	9606.ENSP00000317159	0	0	0	0	0.807	0.995	0.744	0.880	0.999
UQCRH	UQCR11	9606.ENSP00000309565	9606.ENSP00000467262	0	0	0	0	0.435	0.963	0.944	0.819	0.999
UQCRH	UQCR10	9606.ENSP00000309565	9606.ENSP00000332887	0	0	0	0	0.855	0.982	0.944	0.947	0.999
UQCRH	UQCRQ	9606.ENSP00000309565	9606.ENSP00000367939	0	0	0	0	0.785	0.993	0.944	0.883	0.999
UQCRH	NDUFA5	9606.ENSP00000309565	9606.ENSP00000417142	0	0	0	0	0.847	0.952	0.681	0.634	0.999
UQCRH	UQCRB	9606.ENSP00000309565	9606.ENSP00000430494	0	0	0	0	0.841	0.990	0.944	0.904	0.999
UQCRQ	NDUFB4	9606.ENSP00000367939	9606.ENSP00000184266	0	0	0	0	0.902	0.855	0	0.838	0.997
UQCRQ	UQCRC1	9606.ENSP00000367939	9606.ENSP00000203407	0	0	0	0	0.526	0.999	0.975	0.912	0.999
UQCRQ	ATP5F1D	9606.ENSP00000367939	9606.ENSP00000215375	0	0	0	0	0.870	0.085	0	0.564	0.943
UQCRQ	NDUFB7	9606.ENSP00000367939	9606.ENSP00000215565	0	0	0	0	0.949	0.941	0.172	0.740	0.999
UQCRQ	COX6A1	9606.ENSP00000367939	9606.ENSP00000229379	0	0	0	0	0.782	0.882	0.671	0.591	0.996
UQCRQ	NDUFS7	9606.ENSP00000367939	9606.ENSP00000233627	0	0	0	0	0.810	0.906	0.154	0.542	0.992
UQCRQ	NDUFA2	9606.ENSP00000367939	9606.ENSP00000252102	0	0	0	0	0.957	0.913	0.172	0.509	0.998
UQCRQ	NDUFA10	9606.ENSP00000367939	9606.ENSP00000252711	0	0	0	0	0.288	0.883	0.172	0.401	0.953
UQCRQ	COX5B	9606.ENSP00000367939	9606.ENSP00000258424	0	0	0	0	0.925	0.967	0.714	0.581	0.999
UQCRQ	NDUFB5	9606.ENSP00000367939	9606.ENSP00000259037	0	0	0	0	0.786	0.855	0	0.502	0.983
UQCRQ	NDUFS3	9606.ENSP00000367939	9606.ENSP00000263774	0	0	0	0	0.753	0.885	0.172	0.433	0.985
UQCRQ	NDUFA9	9606.ENSP00000367939	9606.ENSP00000266544	0	0	0	0	0.776	0.871	0	0.541	0.985
UQCRQ	UQCRC2	9606.ENSP00000367939	9606.ENSP00000268379	0	0	0	0	0.685	0.997	0.979	0.898	0.999
UQCRQ	NDUFB10	9606.ENSP00000367939	9606.ENSP00000268668	0	0	0	0	0.526	0.886	0.172	0.494	0.974
UQCRQ	NDUFS6	9606.ENSP00000367939	9606.ENSP00000274137	0	0	0	0	0.974	0.856	0	0.468	0.997
UQCRQ	NDUFB11	9606.ENSP00000367939	9606.ENSP00000276062	0	0	0	0	0.747	0.855	0	0.476	0.979
UQCRQ	NDUFB9	9606.ENSP00000367939	9606.ENSP00000276689	0	0	0	0	0.945	0.890	0.172	0.591	0.997
UQCRQ	NDUFC2	9606.ENSP00000367939	9606.ENSP00000281031	0	0	0	0	0.823	0.852	0.163	0.487	0.987
UQCRQ	COX6A2	9606.ENSP00000367939	9606.ENSP00000287490	0	0	0	0	0.688	0.966	0.671	0.465	0.997
UQCRQ	COX7A1	9606.ENSP00000367939	9606.ENSP00000292907	0	0	0	0	0.062	0.967	0.360	0.476	0.988
UQCRQ	NDUFS4	9606.ENSP00000367939	9606.ENSP00000296684	0	0	0	0	0.762	0.890	0.172	0.572	0.989
UQCRQ	NDUFB8	9606.ENSP00000367939	9606.ENSP00000299166	0	0	0	0	0.955	0.875	0.284	0.427	0.997
UQCRQ	ATP5MG	9606.ENSP00000367939	9606.ENSP00000300688	0	0	0	0	0.895	0.234	0	0.526	0.958
UQCRQ	NDUFA7	9606.ENSP00000367939	9606.ENSP00000301457	0	0	0	0	0.753	0.826	0.172	0.436	0.977
UQCRQ	ATP5PD	9606.ENSP00000367939	9606.ENSP00000301587	0	0	0	0	0.932	0.210	0	0.434	0.967
UQCRQ	ATP5ME	9606.ENSP00000367939	9606.ENSP00000306003	0	0	0	0	0.939	0	0	0.667	0.979
UQCRQ	UQCRFS1	9606.ENSP00000367939	9606.ENSP00000306397	0	0	0	0	0.934	0.995	0.851	0.833	0.999
UQCRQ	CYCS	9606.ENSP00000367939	9606.ENSP00000307786	0	0	0	0	0.574	0.417	0.400	0.680	0.946
UQCRQ	UQCRH	9606.ENSP00000367939	9606.ENSP00000309565	0	0	0	0	0.785	0.993	0.944	0.883	0.999
UQCRQ	NDUFS8	9606.ENSP00000367939	9606.ENSP00000315774	0	0	0	0	0.944	0.931	0	0.646	0.998
UQCRQ	CYC1	9606.ENSP00000367939	9606.ENSP00000317159	0	0	0	0	0.893	0.997	0.907	0.773	0.999
UQCRQ	COX5A	9606.ENSP00000367939	9606.ENSP00000317780	0	0	0	0	0.940	0.987	0.786	0.715	0.999
UQCRQ	NDUFV2	9606.ENSP00000367939	9606.ENSP00000327268	0	0	0	0	0.932	0.890	0	0.434	0.995
UQCRQ	NDUFA12	9606.ENSP00000367939	9606.ENSP00000330737	0	0	0	0	0.952	0.890	0	0.357	0.996
UQCRQ	UQCR10	9606.ENSP00000367939	9606.ENSP00000332887	0	0	0	0	0.976	0.995	0.979	0.932	0.999
UQCRQ	NDUFA4	9606.ENSP00000367939	9606.ENSP00000339720	0	0	0	0	0.807	0.330	0.540	0.703	0.980
UQCRQ	NDUFV3	9606.ENSP00000367939	9606.ENSP00000346196	0	0	0	0	0.339	0.826	0	0.234	0.904
UQCRQ	ATP5F1C	9606.ENSP00000367939	9606.ENSP00000349142	0	0	0	0	0.738	0.236	0	0.591	0.911
UQCRQ	MT-CO1	9606.ENSP00000367939	9606.ENSP00000354499	0	0	0	0	0.110	0.988	0.602	0.330	0.996
UQCRQ	MT-CYB	9606.ENSP00000367939	9606.ENSP00000354554	0	0	0	0	0	0.995	0.851	0.968	0.999
UQCRQ	MT-ND1	9606.ENSP00000367939	9606.ENSP00000354687	0	0	0	0	0.163	0.830	0.284	0.269	0.915
UQCRQ	MT-ND5	9606.ENSP00000367939	9606.ENSP00000354813	0	0	0	0	0.180	0.855	0.218	0.343	0.931
UQCRQ	MT-CO2	9606.ENSP00000367939	9606.ENSP00000354876	0	0	0	0	0.183	0.951	0.656	0.361	0.990
UQCRQ	MT-ND4	9606.ENSP00000367939	9606.ENSP00000354961	0	0	0	0	0.194	0.855	0.284	0.452	0.948
UQCRQ	MT-CO3	9606.ENSP00000367939	9606.ENSP00000354982	0	0	0	0	0.084	0.986	0.656	0.243	0.996
UQCRQ	MT-ND2	9606.ENSP00000367939	9606.ENSP00000355046	0	0	0	0	0.096	0.855	0.218	0.251	0.913
UQCRQ	MT-ND3	9606.ENSP00000367939	9606.ENSP00000355206	0	0	0	0	0.103	0.855	0.172	0.248	0.908
UQCRQ	COA6	9606.ENSP00000367939	9606.ENSP00000355574	0	0	0	0	0.631	0.744	0.524	0.352	0.967
UQCRQ	SDHC	9606.ENSP00000367939	9606.ENSP00000356953	0	0	0	0	0.908	0	0.172	0.433	0.953
UQCRQ	NDUFS2	9606.ENSP00000367939	9606.ENSP00000356972	0	0	0	0	0.859	0.875	0.172	0.570	0.992
UQCRQ	COX7A2	9606.ENSP00000367939	9606.ENSP00000359098	0	0	0	0	0.861	0.162	0.602	0.492	0.973
UQCRQ	NDUFA1	9606.ENSP00000367939	9606.ENSP00000360492	0	0	0	0	0.790	0.830	0	0.544	0.982
UQCRQ	NDUFS5	9606.ENSP00000367939	9606.ENSP00000362058	0	0	0	0	0.873	0.907	0	0.485	0.993
UQCRQ	NDUFA8	9606.ENSP00000367939	9606.ENSP00000362873	0	0	0	0	0.921	0.887	0.172	0.502	0.995
UQCRQ	SDHD	9606.ENSP00000367939	9606.ENSP00000364699	0	0	0	0	0.850	0	0.172	0.606	0.946
UQCRQ	COX4I2	9606.ENSP00000367939	9606.ENSP00000365243	0	0	0	0	0.649	0.885	0.714	0.431	0.992
UQCRQ	COX7A2L	9606.ENSP00000367939	9606.ENSP00000367938	0	0	0	0	0.111	0.849	0.360	0.395	0.941
UQCRQ	ATP5PF	9606.ENSP00000367939	9606.ENSP00000389649	0	0	0	0	0.835	0	0	0.444	0.904
UQCRQ	NDUFB1	9606.ENSP00000367939	9606.ENSP00000483888	0	0	0	0	0.554	0.855	0	0.151	0.940
UQCRQ	NDUFB2	9606.ENSP00000367939	9606.ENSP00000419087	0	0	0	0	0.641	0.800	0	0.445	0.956
UQCRQ	COX6B2	9606.ENSP00000367939	9606.ENSP00000467266	0	0	0	0	0.612	0.744	0.524	0.243	0.959
UQCRQ	NDUFS1	9606.ENSP00000367939	9606.ENSP00000392709	0	0	0	0	0.420	0.875	0.172	0.431	0.961
UQCRQ	NDUFC1	9606.ENSP00000367939	9606.ENSP00000441126	0	0	0	0	0.679	0.811	0	0.465	0.964
UQCRQ	NDUFA3	9606.ENSP00000367939	9606.ENSP00000418438	0	0	0	0	0.712	0.855	0	0.357	0.971
UQCRQ	NDUFAB1	9606.ENSP00000367939	9606.ENSP00000458770	0	0	0	0	0.590	0.893	0	0.425	0.972
UQCRQ	BCS1L	9606.ENSP00000367939	9606.ENSP00000413908	0	0	0	0	0.215	0	0.540	0.934	0.974
UQCRQ	NDUFB3	9606.ENSP00000367939	9606.ENSP00000407336	0	0	0	0	0.770	0.855	0.172	0.547	0.985
UQCRQ	NDUFB6	9606.ENSP00000367939	9606.ENSP00000369176	0	0	0	0	0.778	0.855	0	0.676	0.988
UQCRQ	COX7B	9606.ENSP00000367939	9606.ENSP00000497474	0	0	0	0	0.619	0.903	0.540	0.582	0.991
UQCRQ	NDUFV1	9606.ENSP00000367939	9606.ENSP00000497587	0	0	0	0	0.817	0.906	0.284	0.432	0.992
UQCRQ	NDUFA5	9606.ENSP00000367939	9606.ENSP00000417142	0	0	0	0	0.868	0.888	0.284	0.541	0.994
UQCRQ	NDUFA13	9606.ENSP00000367939	9606.ENSP00000423673	0	0	0	0	0.955	0.852	0	0.324	0.995
UQCRQ	NDUFA11	9606.ENSP00000367939	9606.ENSP00000389160	0	0	0	0	0.795	0.852	0	0.909	0.997
UQCRQ	NDUFA6	9606.ENSP00000367939	9606.ENSP00000482543	0	0	0	0	0.944	0.855	0.284	0.575	0.997
UQCRQ	COX6C	9606.ENSP00000367939	9606.ENSP00000429707	0	0	0	0	0.959	0.834	0.602	0.507	0.998
UQCRQ	COX4I1	9606.ENSP00000367939	9606.ENSP00000457513	0	0	0	0	0.777	0.978	0.714	0.526	0.999
UQCRQ	UQCR11	9606.ENSP00000367939	9606.ENSP00000467262	0	0	0	0	0.944	0.973	0.967	0.806	0.999
UQCRQ	COX6B1	9606.ENSP00000367939	9606.ENSP00000466818	0	0	0	0	0.764	0.978	0.658	0.550	0.999
UQCRQ	COX7C	9606.ENSP00000367939	9606.ENSP00000425759	0	0	0	0	0.982	0.988	0.656	0.568	0.999
UQCRQ	UQCRB	9606.ENSP00000367939	9606.ENSP00000430494	0	0	0	0	0.972	0.997	0.979	0.998	0.999
VAMP8	SNAP29	9606.ENSP00000263864	9606.ENSP00000215730	0	0	0	0	0.069	0.988	0.900	0.997	0.999
VAMP8	STX17	9606.ENSP00000263864	9606.ENSP00000259400	0	0	0	0	0.058	0.999	0.900	0.997	0.999
VDAC1	SLC25A4	9606.ENSP00000378487	9606.ENSP00000281456	0	0	0	0	0.171	0.198	0.938	0.704	0.986
VDAC1	BAX	9606.ENSP00000378487	9606.ENSP00000293288	0	0	0	0	0.052	0.628	0.900	0.579	0.983
VDAC1	PPID	9606.ENSP00000378487	9606.ENSP00000303754	0	0	0	0	0.122	0.051	0.900	0.931	0.993
VDAC1	ITPR1	9606.ENSP00000378487	9606.ENSP00000306253	0	0	0	0	0.050	0.241	0	0.995	0.996
VDAC1	CYCS	9606.ENSP00000378487	9606.ENSP00000307786	0	0	0	0	0.198	0.309	0.900	0.939	0.996
VDAC1	BNIP3	9606.ENSP00000378487	9606.ENSP00000357625	0	0	0	0	0.143	0	0	0.915	0.924
VDAC1	MCL1	9606.ENSP00000378487	9606.ENSP00000358022	0	0	0	0	0.052	0.297	0	0.960	0.971
VDAC1	SLC25A5	9606.ENSP00000378487	9606.ENSP00000360671	0	0	0	0	0.285	0.200	0.938	0.794	0.991
VDAC1	VDAC2	9606.ENSP00000378487	9606.ENSP00000361635	0	0	0.051	0.978	0.525	0.780	0.967	0.574	0.998
VDAC1	ITPR3	9606.ENSP00000378487	9606.ENSP00000363435	0	0	0	0	0.049	0.450	0	0.995	0.997
VDAC1	BCL2L1	9606.ENSP00000378487	9606.ENSP00000365230	0	0	0	0	0.066	0.786	0	0.995	0.998
VDAC1	SLC25A6	9606.ENSP00000378487	9606.ENSP00000370808	0	0	0	0	0.148	0.355	0.938	0.929	0.997
VDAC1	VDAC3	9606.ENSP00000378487	9606.ENSP00000428845	0	0	0.055	0.970	0.191	0.710	0.967	0.433	0.995
VDAC1	BCL2	9606.ENSP00000378487	9606.ENSP00000381185	0	0	0	0	0.045	0.297	0.720	0.995	0.998
VDAC2	SLC25A4	9606.ENSP00000361635	9606.ENSP00000281456	0	0	0	0	0.161	0.078	0.938	0.458	0.970
VDAC2	PPID	9606.ENSP00000361635	9606.ENSP00000303754	0	0	0	0	0.092	0.051	0.900	0.345	0.936
VDAC2	CYCS	9606.ENSP00000361635	9606.ENSP00000307786	0	0	0	0	0.179	0.071	0.900	0.947	0.995
VDAC2	SLC25A5	9606.ENSP00000361635	9606.ENSP00000360671	0	0	0	0	0.381	0.254	0.938	0.698	0.990
VDAC2	BCL2	9606.ENSP00000361635	9606.ENSP00000381185	0	0	0	0	0.045	0.049	0.540	0.813	0.911
VDAC2	SLC25A6	9606.ENSP00000361635	9606.ENSP00000370808	0	0	0	0	0.161	0.078	0.938	0.879	0.993
VDAC2	VDAC3	9606.ENSP00000361635	9606.ENSP00000428845	0	0	0.053	0.975	0.269	0.715	0.967	0.629	0.997
VDAC2	VDAC1	9606.ENSP00000361635	9606.ENSP00000378487	0	0	0.051	0.978	0.525	0.780	0.967	0.574	0.998
VDAC3	SLC25A4	9606.ENSP00000428845	9606.ENSP00000281456	0	0	0	0	0.170	0.166	0.938	0.659	0.983
VDAC3	PPID	9606.ENSP00000428845	9606.ENSP00000303754	0	0	0	0	0.085	0.051	0.900	0.358	0.936
VDAC3	CYCS	9606.ENSP00000428845	9606.ENSP00000307786	0	0	0	0	0.137	0.071	0.900	0.564	0.960
VDAC3	SLC25A5	9606.ENSP00000428845	9606.ENSP00000360671	0	0	0	0	0.208	0.176	0.938	0.406	0.972
VDAC3	VDAC2	9606.ENSP00000428845	9606.ENSP00000361635	0	0	0.053	0.975	0.269	0.715	0.967	0.629	0.997
VDAC3	SLC25A6	9606.ENSP00000428845	9606.ENSP00000370808	0	0	0	0	0.141	0.078	0.938	0.487	0.971
VDAC3	VDAC1	9606.ENSP00000428845	9606.ENSP00000378487	0	0	0.055	0.970	0.191	0.710	0.967	0.433	0.995
VMP1	PIK3C3	9606.ENSP00000262291	9606.ENSP00000262039	0	0	0	0	0.047	0.292	0	0.889	0.919
VMP1	TP53INP2	9606.ENSP00000262291	9606.ENSP00000363943	0	0	0	0	0	0	0.900	0.664	0.964
VPS4A	CHMP4B	9606.ENSP00000254950	9606.ENSP00000217402	0	0	0	0	0.056	0.797	0.500	0.560	0.952
VPS4A	CHMP5	9606.ENSP00000254950	9606.ENSP00000223500	0	0	0	0	0.117	0.507	0.900	0.970	0.998
VPS4A	VPS4B	9606.ENSP00000254950	9606.ENSP00000238497	0	0	0.050	0.981	0.056	0.823	0.900	0.387	0.988
VPS4A	CHMP4A	9606.ENSP00000254950	9606.ENSP00000476412	0	0	0	0	0.056	0.610	0.500	0.937	0.986
VPS4A	CHMP2B	9606.ENSP00000254950	9606.ENSP00000263780	0	0	0	0	0.049	0.424	0.500	0.955	0.986
VPS4A	CHMP4C	9606.ENSP00000254950	9606.ENSP00000297265	0	0	0	0	0	0.861	0.500	0.850	0.988
VPS4A	CHMP3	9606.ENSP00000254950	9606.ENSP00000263856	0	0	0	0	0.081	0.621	0.500	0.948	0.989
VPS4A	CHMP1B	9606.ENSP00000254950	9606.ENSP00000432279	0	0	0	0	0.063	0.830	0.900	0.946	0.999
VPS4A	CHMP1A	9606.ENSP00000254950	9606.ENSP00000380998	0	0	0	0	0.306	0.991	0.900	0.974	0.999
VPS4B	CHMP4B	9606.ENSP00000238497	9606.ENSP00000217402	0	0	0	0	0.055	0.748	0.500	0.526	0.936
VPS4B	CHMP5	9606.ENSP00000238497	9606.ENSP00000223500	0	0	0	0	0.183	0.613	0.900	0.968	0.998
VPS4B	CHMP4A	9606.ENSP00000238497	9606.ENSP00000476412	0	0	0	0	0.044	0.226	0.500	0.941	0.975
VPS4B	CHMP3	9606.ENSP00000238497	9606.ENSP00000263856	0	0	0	0	0.129	0.260	0.500	0.939	0.978
VPS4B	CHMP4C	9606.ENSP00000238497	9606.ENSP00000297265	0	0	0	0	0.042	0.748	0.500	0.908	0.987
VPS4B	VPS4A	9606.ENSP00000238497	9606.ENSP00000254950	0	0	0.050	0.981	0.056	0.823	0.900	0.387	0.988
VPS4B	CHMP1B	9606.ENSP00000238497	9606.ENSP00000432279	0	0	0	0	0.068	0.722	0.900	0.881	0.996
VPS4B	CHMP2B	9606.ENSP00000238497	9606.ENSP00000263780	0	0	0	0	0.277	0.939	0.500	0.921	0.998
VPS4B	CHMP1A	9606.ENSP00000238497	9606.ENSP00000380998	0	0	0	0	0.047	0.824	0.900	0.967	0.999
WDR41	RAB8A	9606.ENSP00000296679	9606.ENSP00000300935	0	0	0	0	0.049	0	0.900	0.639	0.962
WDR41	RAB39B	9606.ENSP00000296679	9606.ENSP00000358466	0	0	0	0	0	0	0.900	0.723	0.971
WDR41	SMCR8	9606.ENSP00000296679	9606.ENSP00000385025	0	0	0	0	0	0.926	0.800	0.998	0.999
WDR41	C9orf72	9606.ENSP00000296679	9606.ENSP00000482753	0	0	0	0	0.044	0.977	0.800	0.994	0.999
WIPI1	PIK3C3	9606.ENSP00000262139	9606.ENSP00000262039	0	0	0	0	0.060	0	0	0.900	0.902
WIPI1	ATG5	9606.ENSP00000262139	9606.ENSP00000358072	0	0	0	0	0	0.134	0	0.896	0.906
WIPI1	ATG9A	9606.ENSP00000262139	9606.ENSP00000386710	0	0	0	0	0.142	0.490	0	0.814	0.911
WIPI1	ULK2	9606.ENSP00000262139	9606.ENSP00000378914	0	0	0	0	0	0.747	0	0.686	0.917
WIPI1	ATG12	9606.ENSP00000262139	9606.ENSP00000425107	0	0	0	0	0.049	0.393	0	0.936	0.960
WIPI1	ULK1	9606.ENSP00000262139	9606.ENSP00000324560	0	0	0	0	0.070	0.747	0	0.900	0.974
WIPI1	WIPI2	9606.ENSP00000262139	9606.ENSP00000288828	0	0	0.064	0.949	0.044	0	0.900	0.769	0.976
WIPI1	ATG16L2	9606.ENSP00000262139	9606.ENSP00000326340	0	0	0	0	0.078	0.520	0.900	0.582	0.979
WIPI1	ATG16L1	9606.ENSP00000262139	9606.ENSP00000375873	0	0	0	0	0.072	0.597	0.900	0.772	0.990
WIPI2	RB1CC1	9606.ENSP00000288828	9606.ENSP00000025008	0	0	0	0	0.049	0.211	0	0.914	0.930
WIPI2	GABARAPL2	9606.ENSP00000288828	9606.ENSP00000037243	0	0	0	0	0.206	0.096	0.500	0.852	0.940
WIPI2	PIK3C3	9606.ENSP00000288828	9606.ENSP00000262039	0	0	0	0	0.057	0	0.500	0.944	0.971
WIPI2	WIPI1	9606.ENSP00000288828	9606.ENSP00000262139	0	0	0.064	0.949	0.044	0	0.900	0.769	0.976
WIPI2	ATG3	9606.ENSP00000288828	9606.ENSP00000283290	0	0	0	0	0.055	0.183	0.500	0.792	0.909
WIPI2	ATG7	9606.ENSP00000288828	9606.ENSP00000346437	0	0	0	0	0.067	0.183	0.500	0.773	0.902
WIPI2	GABARAPL1	9606.ENSP00000288828	9606.ENSP00000411256	0	0	0	0	0.196	0.096	0.500	0.775	0.907
WIPI2	ULK2	9606.ENSP00000288828	9606.ENSP00000378914	0	0	0	0	0.049	0.778	0	0.686	0.928
WIPI2	ULK1	9606.ENSP00000288828	9606.ENSP00000324560	0	0	0	0	0.113	0.747	0	0.772	0.944
WIPI2	ATG16L2	9606.ENSP00000288828	9606.ENSP00000326340	0	0	0	0	0.078	0.520	0.900	0.512	0.975
WIPI2	ATG5	9606.ENSP00000288828	9606.ENSP00000358072	0	0	0	0	0.056	0.805	0.500	0.973	0.997
WIPI2	ATG12	9606.ENSP00000288828	9606.ENSP00000425107	0	0	0	0	0.049	0.699	0.500	0.987	0.998
WIPI2	ATG16L1	9606.ENSP00000288828	9606.ENSP00000375873	0	0	0	0	0.072	0.916	0.900	0.993	0.999
ZBP1	RIPK3	9606.ENSP00000360215	9606.ENSP00000216274	0	0	0	0	0.095	0.292	0.900	0.956	0.996
ZBP1	RIPK1	9606.ENSP00000360215	9606.ENSP00000259808	0	0	0	0	0.056	0.626	0.900	0.967	0.998
