#node1	node2	node1_string_id	node2_string_id	neighborhood_on_chromosome	gene_fusion	phylogenetic_cooccurrence	homology	coexpression	experimentally_determined_interaction	database_annotated	automated_textmining	combined_score
ACAD9	NDUFAF7	9606.ENSP00000312618	9606.ENSP00000002125	0	0	0	0	0.055	0	0.500	0.505	0.746
ACAD9	NDUFB4	9606.ENSP00000312618	9606.ENSP00000184266	0	0	0	0	0.057	0	0.500	0.198	0.588
ACAD9	NDUFB7	9606.ENSP00000312618	9606.ENSP00000215565	0	0	0	0	0.112	0	0.500	0.218	0.622
ACAD9	NDUFS7	9606.ENSP00000312618	9606.ENSP00000233627	0	0	0	0	0.148	0.994	0.500	0.462	0.998
ACAD9	NDUFA2	9606.ENSP00000312618	9606.ENSP00000252102	0	0	0	0	0.092	0.240	0.500	0.348	0.745
ACAD9	NDUFA10	9606.ENSP00000312618	9606.ENSP00000252711	0	0	0	0	0.138	0	0.500	0.454	0.744
ACAD9	NDUFB5	9606.ENSP00000312618	9606.ENSP00000259037	0	0	0	0	0.107	0.470	0.500	0.198	0.785
ACAD9	NDUFAF1	9606.ENSP00000312618	9606.ENSP00000260361	0	0	0	0	0.095	0.994	0.800	0.988	0.999
ACAD9	FOXRED1	9606.ENSP00000312618	9606.ENSP00000263578	0	0	0	0	0.206	0.422	0	0.816	0.908
ACAD9	NDUFS3	9606.ENSP00000312618	9606.ENSP00000263774	0	0	0	0	0.155	0.994	0.500	0.477	0.998
ACAD9	SDHA	9606.ENSP00000312618	9606.ENSP00000264932	0	0	0	0	0.168	0.213	0	0.409	0.579
ACAD9	NDUFA9	9606.ENSP00000312618	9606.ENSP00000266544	0	0	0	0	0.159	0.088	0.573	0.375	0.768
ACAD9	UQCRC2	9606.ENSP00000312618	9606.ENSP00000268379	0	0	0	0	0.142	0	0	0.356	0.424
ACAD9	NDUFB10	9606.ENSP00000312618	9606.ENSP00000268668	0	0	0	0	0.092	0	0.500	0.331	0.669
ACAD9	ECSIT	9606.ENSP00000312618	9606.ENSP00000270517	0	0	0	0	0.118	0.994	0.800	0.989	0.999
ACAD9	NDUFS6	9606.ENSP00000312618	9606.ENSP00000274137	0	0	0	0	0.087	0.088	0.500	0.351	0.693
ACAD9	NDUFB11	9606.ENSP00000312618	9606.ENSP00000276062	0	0	0	0	0.080	0.359	0.500	0.317	0.772
ACAD9	NDUFB9	9606.ENSP00000312618	9606.ENSP00000276689	0	0	0	0	0.126	0	0.500	0.282	0.659
ACAD9	NDUFC2	9606.ENSP00000312618	9606.ENSP00000281031	0	0	0	0	0.063	0.545	0.500	0.318	0.835
ACAD9	NUBPL	9606.ENSP00000312618	9606.ENSP00000281081	0	0	0	0	0.062	0.095	0	0.673	0.699
ACAD9	NDUFAF2	9606.ENSP00000312618	9606.ENSP00000296597	0	0	0	0	0.062	0.088	0.500	0.553	0.783
ACAD9	NDUFS4	9606.ENSP00000312618	9606.ENSP00000296684	0	0	0	0	0.057	0.088	0.500	0.418	0.716
ACAD9	NDUFB8	9606.ENSP00000312618	9606.ENSP00000299166	0	0	0	0	0.097	0	0.500	0.271	0.642
ACAD9	NDUFA7	9606.ENSP00000312618	9606.ENSP00000301457	0	0	0	0	0.090	0.088	0.500	0.247	0.645
ACAD9	TMEM70	9606.ENSP00000312618	9606.ENSP00000312599	0	0	0	0	0.049	0.088	0	0.582	0.605
ACAD9	MT-ND5	9606.ENSP00000312618	9606.ENSP00000354813	0	0	0	0	0.054	0	0	0.399	0.407
ACAD9	SCO2	9606.ENSP00000312618	9606.ENSP00000444433	0	0	0	0	0.088	0	0	0.377	0.408
ACAD9	COX6B1	9606.ENSP00000312618	9606.ENSP00000466818	0	0	0	0	0.088	0.045	0	0.376	0.409
ACAD9	SDHB	9606.ENSP00000312618	9606.ENSP00000364649	0.045	0	0	0	0.126	0.095	0	0.324	0.422
ACAD9	ATPAF2	9606.ENSP00000312618	9606.ENSP00000417190	0	0	0	0	0.233	0	0	0.295	0.437
ACAD9	ATPAF1	9606.ENSP00000312618	9606.ENSP00000460964	0	0	0	0	0.245	0.088	0	0.266	0.451
ACAD9	NDUFA4	9606.ENSP00000312618	9606.ENSP00000339720	0	0	0	0	0.072	0.228	0	0.323	0.473
ACAD9	SURF1	9606.ENSP00000312618	9606.ENSP00000361042	0	0	0	0	0.055	0.088	0	0.472	0.505
ACAD9	NDUFB2	9606.ENSP00000312618	9606.ENSP00000419087	0	0	0	0	0.060	0	0.500	0.145	0.563
ACAD9	BCS1L	9606.ENSP00000312618	9606.ENSP00000413908	0	0	0	0	0.247	0.088	0	0.416	0.564
ACAD9	NDUFB6	9606.ENSP00000312618	9606.ENSP00000369176	0	0	0	0	0.056	0	0.500	0.206	0.592
ACAD9	NDUFA3	9606.ENSP00000312618	9606.ENSP00000418438	0	0	0	0	0.081	0	0.500	0.194	0.597
ACAD9	MT-ATP6	9606.ENSP00000312618	9606.ENSP00000354632	0	0	0	0	0.063	0.422	0	0.330	0.605
ACAD9	NDUFA6	9606.ENSP00000312618	9606.ENSP00000482543	0	0	0	0	0.055	0.088	0.500	0.212	0.615
ACAD9	NDUFB1	9606.ENSP00000312618	9606.ENSP00000483888	0	0	0	0	0.067	0	0.500	0.249	0.619
ACAD9	NDUFC1	9606.ENSP00000312618	9606.ENSP00000441126	0	0	0	0	0.047	0	0.500	0.278	0.625
ACAD9	COA5	9606.ENSP00000312618	9606.ENSP00000330730	0	0	0	0	0.074	0	0	0.613	0.627
ACAD9	NDUFV3	9606.ENSP00000312618	9606.ENSP00000346196	0	0	0	0	0.083	0.088	0.500	0.259	0.649
ACAD9	NDUFA5	9606.ENSP00000312618	9606.ENSP00000417142	0	0	0	0	0.056	0.098	0.500	0.341	0.682
ACAD9	MT-ND1	9606.ENSP00000312618	9606.ENSP00000354687	0	0	0	0	0.072	0.095	0.500	0.336	0.684
ACAD9	NDUFA12	9606.ENSP00000312618	9606.ENSP00000330737	0	0	0	0	0.075	0.088	0.500	0.343	0.686
ACAD9	NDUFB3	9606.ENSP00000312618	9606.ENSP00000407336	0	0	0	0	0.100	0	0.500	0.367	0.690
ACAD9	NDUFA11	9606.ENSP00000312618	9606.ENSP00000389160	0	0	0	0	0.075	0	0.500	0.437	0.717
ACAD9	NDUFA8	9606.ENSP00000312618	9606.ENSP00000362873	0	0	0	0	0.150	0.235	0.500	0.233	0.717
ACAD9	NDUFAB1	9606.ENSP00000312618	9606.ENSP00000458770	0.057	0	0	0	0.093	0.095	0.616	0.344	0.770
ACAD9	NDUFS1	9606.ENSP00000312618	9606.ENSP00000392709	0	0	0	0	0.124	0.088	0.500	0.502	0.774
ACAD9	NDUFV2	9606.ENSP00000312618	9606.ENSP00000327268	0	0	0	0	0.087	0.088	0.500	0.532	0.779
ACAD9	NDUFA1	9606.ENSP00000312618	9606.ENSP00000360492	0	0	0	0	0.044	0	0.500	0.622	0.803
ACAD9	MT-ND2	9606.ENSP00000312618	9606.ENSP00000355046	0	0	0	0	0.049	0.095	0.500	0.613	0.811
ACAD9	NDUFAF6	9606.ENSP00000312618	9606.ENSP00000379430	0	0	0	0	0.086	0	0.500	0.626	0.814
ACAD9	NDUFS8	9606.ENSP00000312618	9606.ENSP00000315774	0.059	0	0	0	0.122	0.344	0.500	0.459	0.827
ACAD9	NDUFV1	9606.ENSP00000312618	9606.ENSP00000497587	0	0	0	0	0.275	0.088	0.500	0.555	0.833
ACAD9	COA1	9606.ENSP00000312618	9606.ENSP00000379218	0	0	0	0	0.042	0.392	0.500	0.588	0.864
ACAD9	NDUFAF5	9606.ENSP00000312618	9606.ENSP00000367346	0	0	0	0	0.049	0.196	0.500	0.693	0.867
ACAD9	TMEM186	9606.ENSP00000312618	9606.ENSP00000331640	0	0	0	0	0.061	0	0.500	0.774	0.885
ACAD9	NDUFAF4	9606.ENSP00000312618	9606.ENSP00000358272	0	0	0	0	0.049	0.550	0.500	0.733	0.935
ACAD9	NDUFS5	9606.ENSP00000312618	9606.ENSP00000362058	0	0	0	0	0.088	0.994	0	0.252	0.995
ACAD9	NDUFA13	9606.ENSP00000312618	9606.ENSP00000423673	0	0	0	0	0.089	0.994	0.500	0.279	0.997
ACAD9	NDUFAF3	9606.ENSP00000312618	9606.ENSP00000323076	0	0	0	0	0.057	0.994	0.500	0.546	0.998
ACAD9	NDUFS2	9606.ENSP00000312618	9606.ENSP00000356972	0	0	0	0	0.167	0.994	0.500	0.507	0.998
ACAD9	TMEM126B	9606.ENSP00000312618	9606.ENSP00000351737	0	0	0	0	0.044	0.994	0.800	0.990	0.999
ACAD9	TIMMDC1	9606.ENSP00000312618	9606.ENSP00000418803	0	0	0	0	0.128	0.994	0.500	0.764	0.999
ACP1	ACTB	9606.ENSP00000272067	9606.ENSP00000494750	0	0	0	0	0.072	0.329	0	0.144	0.421
ACP1	NUBPL	9606.ENSP00000272067	9606.ENSP00000281081	0.111	0	0	0	0.093	0.122	0	0.281	0.423
ACP1	PTEN	9606.ENSP00000272067	9606.ENSP00000361021	0.057	0	0	0	0.043	0.316	0	0.370	0.559
ACP1	NDUFAB1	9606.ENSP00000272067	9606.ENSP00000458770	0	0	0	0	0.172	0.429	0	0.386	0.684
ACTB	TNFRSF1A	9606.ENSP00000494750	9606.ENSP00000162749	0	0	0	0	0.072	0	0	0.507	0.523
ACTB	NGFR	9606.ENSP00000494750	9606.ENSP00000172229	0	0	0	0	0	0	0	0.446	0.446
ACTB	UQCRC1	9606.ENSP00000494750	9606.ENSP00000203407	0	0	0	0	0.138	0.162	0	0.262	0.420
ACTB	HMOX1	9606.ENSP00000494750	9606.ENSP00000216117	0	0	0	0	0.048	0	0	0.783	0.785
ACTB	RIPK3	9606.ENSP00000494750	9606.ENSP00000216274	0	0	0	0	0.073	0.070	0	0.461	0.495
ACTB	NFKBIA	9606.ENSP00000494750	9606.ENSP00000216797	0	0	0	0	0.049	0.092	0	0.811	0.823
ACTB	PYCARD	9606.ENSP00000494750	9606.ENSP00000247470	0	0	0	0	0.054	0.066	0	0.395	0.419
ACTB	KRAS	9606.ENSP00000494750	9606.ENSP00000256078	0	0.001	0	0	0.079	0.100	0	0.635	0.672
ACTB	NDUFS3	9606.ENSP00000494750	9606.ENSP00000263774	0	0	0	0	0.061	0.162	0	0.322	0.420
ACTB	STAT3	9606.ENSP00000494750	9606.ENSP00000264657	0	0	0	0	0.084	0	0	0.789	0.798
ACTB	SDHA	9606.ENSP00000494750	9606.ENSP00000264932	0	0	0	0	0.065	0	0	0.684	0.692
ACTB	CASP6	9606.ENSP00000494750	9606.ENSP00000265164	0	0	0	0	0.049	0.095	0.900	0.450	0.946
ACTB	NDUFA9	9606.ENSP00000494750	9606.ENSP00000266544	0	0	0	0	0.062	0	0	0.393	0.406
ACTB	UQCRC2	9606.ENSP00000494750	9606.ENSP00000268379	0	0	0	0	0.080	0.162	0	0.433	0.525
ACTB	TP53	9606.ENSP00000494750	9606.ENSP00000269305	0	0	0	0	0.077	0.223	0	0.845	0.879
ACTB	ACP1	9606.ENSP00000494750	9606.ENSP00000272067	0	0	0	0	0.072	0.329	0	0.144	0.421
ACTB	TNFRSF10B	9606.ENSP00000494750	9606.ENSP00000276431	0	0	0	0	0	0	0	0.540	0.540
ACTB	IL18	9606.ENSP00000494750	9606.ENSP00000280357	0	0	0	0	0	0	0	0.593	0.593
ACTB	BAX	9606.ENSP00000494750	9606.ENSP00000293288	0	0	0	0	0.060	0	0	0.603	0.611
ACTB	TLR3	9606.ENSP00000494750	9606.ENSP00000296795	0	0	0	0	0	0.095	0	0.574	0.598
ACTB	NDUFB8	9606.ENSP00000494750	9606.ENSP00000299166	0	0	0	0	0.070	0	0	0.447	0.464
ACTB	SDHAF2	9606.ENSP00000494750	9606.ENSP00000301761	0	0	0	0	0	0	0	0.436	0.436
ACTB	FADD	9606.ENSP00000494750	9606.ENSP00000301838	0	0	0	0	0.090	0.070	0	0.492	0.532
ACTB	MAP2K1	9606.ENSP00000494750	9606.ENSP00000302486	0	0	0	0	0.066	0.071	0	0.632	0.653
ACTB	ITPR1	9606.ENSP00000494750	9606.ENSP00000306253	0	0	0	0	0.062	0.060	0	0.415	0.439
ACTB	PRKACA	9606.ENSP00000494750	9606.ENSP00000309591	0	0	0	0	0.139	0	0	0.575	0.619
ACTB	CASP3	9606.ENSP00000494750	9606.ENSP00000311032	0	0	0	0	0.042	0.095	0.900	0.893	0.989
ACTB	CFLAR	9606.ENSP00000494750	9606.ENSP00000312455	0	0	0	0	0.049	0.094	0	0.492	0.524
ACTB	CASP2	9606.ENSP00000494750	9606.ENSP00000312664	0	0	0	0	0.056	0.095	0	0.435	0.475
ACTB	ULK1	9606.ENSP00000494750	9606.ENSP00000324560	0	0	0	0	0.044	0.050	0	0.404	0.412
ACTB	STAT5A	9606.ENSP00000494750	9606.ENSP00000341208	0	0	0	0	0.042	0	0	0.591	0.591
ACTB	CTSL	9606.ENSP00000494750	9606.ENSP00000345344	0	0	0	0	0	0	0	0.420	0.420
ACTB	CTSB	9606.ENSP00000494750	9606.ENSP00000345672	0	0	0	0	0.078	0	0	0.528	0.547
ACTB	CASP8	9606.ENSP00000494750	9606.ENSP00000351273	0	0	0	0	0.042	0.094	0	0.766	0.779
ACTB	MAP3K5	9606.ENSP00000494750	9606.ENSP00000351908	0	0	0	0	0	0	0	0.447	0.447
ACTB	MT-CO1	9606.ENSP00000494750	9606.ENSP00000354499	0	0	0	0	0.120	0	0	0.531	0.570
ACTB	MT-CYB	9606.ENSP00000494750	9606.ENSP00000354554	0	0	0	0	0.065	0	0	0.510	0.522
ACTB	MT-ND1	9606.ENSP00000494750	9606.ENSP00000354687	0	0	0	0	0.066	0	0	0.413	0.429
ACTB	MT-CO2	9606.ENSP00000494750	9606.ENSP00000354876	0	0	0	0	0.060	0.162	0	0.487	0.560
ACTB	SDHC	9606.ENSP00000494750	9606.ENSP00000356953	0	0	0	0	0.049	0	0	0.765	0.766
ACTB	LMNA	9606.ENSP00000494750	9606.ENSP00000357283	0	0	0	0	0.066	0.312	0	0.690	0.784
ACTB	CTSS	9606.ENSP00000494750	9606.ENSP00000357981	0	0	0	0	0.044	0	0	0.462	0.463
ACTB	MCL1	9606.ENSP00000494750	9606.ENSP00000358022	0	0	0	0	0.099	0.292	0	0.666	0.768
ACTB	PRKACB	9606.ENSP00000494750	9606.ENSP00000359719	0	0	0	0	0.055	0	0	0.572	0.579
ACTB	JUN	9606.ENSP00000494750	9606.ENSP00000360266	0	0	0	0	0.048	0.150	0	0.779	0.806
ACTB	PTEN	9606.ENSP00000494750	9606.ENSP00000361021	0	0	0	0	0.047	0	0	0.719	0.720
ACTB	SDHB	9606.ENSP00000494750	9606.ENSP00000364649	0	0	0	0	0.064	0	0	0.623	0.632
ACTB	CYBB	9606.ENSP00000494750	9606.ENSP00000367851	0	0	0	0	0.066	0.297	0	0.608	0.720
ACTB	CASP4	9606.ENSP00000494750	9606.ENSP00000388566	0	0	0	0	0.062	0.094	0	0.383	0.430
ACTB	MAPK9	9606.ENSP00000494750	9606.ENSP00000394560	0	0	0	0	0.072	0	0	0.482	0.499
ACTB	PRF1	9606.ENSP00000494750	9606.ENSP00000398568	0	0	0	0	0.049	0.091	0	0.404	0.440
ACTB	PRNP	9606.ENSP00000494750	9606.ENSP00000399376	0	0	0	0	0.088	0.103	0	0.366	0.436
ACTB	IKBKB	9606.ENSP00000494750	9606.ENSP00000430684	0	0	0	0	0.073	0.070	0	0.624	0.648
ACTB	CASP1	9606.ENSP00000494750	9606.ENSP00000433138	0	0	0	0	0.062	0.094	0	0.707	0.729
ACTB	GSDMD	9606.ENSP00000494750	9606.ENSP00000433209	0	0	0	0	0.044	0	0	0.508	0.509
ACTB	COX4I1	9606.ENSP00000494750	9606.ENSP00000457513	0	0	0	0	0.102	0.143	0	0.717	0.763
ACTB	ACTG1	9606.ENSP00000494750	9606.ENSP00000458162	0	0	0.047	0.987	0.778	0.983	0.900	0.795	0.999
ACTB	AKT3	9606.ENSP00000494750	9606.ENSP00000500582	0	0	0	0	0.073	0.070	0	0.435	0.470
ACTB	CAMK2A	9606.ENSP00000494750	9606.ENSP00000500386	0	0	0	0	0.051	0.066	0	0.679	0.691
ACTG1	NFKBIA	9606.ENSP00000458162	9606.ENSP00000216797	0	0	0	0	0.045	0.445	0	0.104	0.484
ACTG1	CTSZ	9606.ENSP00000458162	9606.ENSP00000217131	0	0	0	0	0.042	0	0	0.480	0.481
ACTG1	CASP6	9606.ENSP00000458162	9606.ENSP00000265164	0	0	0	0	0.049	0.095	0.900	0.091	0.911
ACTG1	MAP2K1	9606.ENSP00000458162	9606.ENSP00000302486	0	0	0	0	0.056	0.071	0	0.374	0.403
ACTG1	CASP3	9606.ENSP00000458162	9606.ENSP00000311032	0	0	0	0	0.049	0.095	0.900	0.209	0.922
ACTG1	NDUFA8	9606.ENSP00000458162	9606.ENSP00000362873	0	0	0	0	0.049	0	0	0.397	0.402
ACTG1	IKBKB	9606.ENSP00000458162	9606.ENSP00000430684	0	0	0	0	0.073	0.429	0	0.080	0.472
ACTG1	SPTA1	9606.ENSP00000458162	9606.ENSP00000495214	0	0	0	0	0	0.065	0	0.610	0.620
ACTG1	ACTB	9606.ENSP00000458162	9606.ENSP00000494750	0	0	0.047	0.987	0.778	0.983	0.900	0.795	0.999
AIFM1	COX15	9606.ENSP00000287295	9606.ENSP00000016171	0	0	0	0	0.111	0.363	0	0.115	0.455
AIFM1	RIPK3	9606.ENSP00000287295	9606.ENSP00000216274	0	0	0	0	0	0.198	0	0.285	0.402
AIFM1	TTC19	9606.ENSP00000287295	9606.ENSP00000261647	0	0	0	0	0.117	0.359	0	0.169	0.489
AIFM1	UQCRC2	9606.ENSP00000287295	9606.ENSP00000268379	0.042	0	0	0	0.126	0.163	0	0.251	0.406
AIFM1	TP53	9606.ENSP00000287295	9606.ENSP00000269305	0	0	0	0	0	0.146	0	0.373	0.442
AIFM1	CASP8	9606.ENSP00000287295	9606.ENSP00000351273	0	0.006	0	0	0.042	0	0	0.432	0.433
AIFM1	NDUFA8	9606.ENSP00000287295	9606.ENSP00000362873	0	0	0	0	0.146	0.241	0	0.208	0.442
AIFM1	MT-CO2	9606.ENSP00000287295	9606.ENSP00000354876	0	0	0	0	0.049	0.314	0	0.217	0.444
AIFM1	SDHB	9606.ENSP00000287295	9606.ENSP00000364649	0	0	0	0	0.142	0	0.279	0.191	0.455
AIFM1	BCS1L	9606.ENSP00000287295	9606.ENSP00000413908	0	0	0	0	0.129	0.339	0	0.136	0.459
AIFM1	COA7	9606.ENSP00000287295	9606.ENSP00000360593	0	0	0	0	0.062	0.359	0	0.234	0.499
AIFM1	TIMMDC1	9606.ENSP00000287295	9606.ENSP00000418803	0	0	0	0	0.081	0.194	0	0.405	0.521
AIFM1	COX6B1	9606.ENSP00000287295	9606.ENSP00000466818	0	0	0	0	0.053	0.421	0	0.220	0.534
AIFM1	NDUFS1	9606.ENSP00000287295	9606.ENSP00000392709	0.102	0	0	0	0.180	0.063	0.215	0.291	0.546
AIFM1	CASP3	9606.ENSP00000287295	9606.ENSP00000311032	0	0	0	0	0.042	0	0	0.670	0.670
AIFM1	NDUFS5	9606.ENSP00000287295	9606.ENSP00000362058	0	0	0	0	0.056	0.710	0	0.230	0.770
AIFM1	BAX	9606.ENSP00000287295	9606.ENSP00000293288	0	0	0	0	0.060	0	0.900	0.312	0.929
AKT3	KRAS	9606.ENSP00000500582	9606.ENSP00000256078	0	0	0	0	0.079	0.110	0	0.513	0.566
AKT3	STAT3	9606.ENSP00000500582	9606.ENSP00000264657	0	0	0	0	0.104	0.096	0	0.421	0.490
AKT3	TP53	9606.ENSP00000500582	9606.ENSP00000269305	0	0	0	0	0	0	0.900	0.555	0.953
AKT3	CASP3	9606.ENSP00000500582	9606.ENSP00000311032	0	0	0	0	0	0.607	0	0.427	0.765
AKT3	STAT5A	9606.ENSP00000500582	9606.ENSP00000341208	0	0	0	0	0.104	0.096	0	0.541	0.596
AKT3	PDPK1	9606.ENSP00000500582	9606.ENSP00000344220	0	0	0.085	0.747	0	0.275	0.900	0.192	0.939
AKT3	MAP3K5	9606.ENSP00000500582	9606.ENSP00000351908	0	0	0	0.614	0	0.071	0.900	0.128	0.911
AKT3	JUN	9606.ENSP00000500582	9606.ENSP00000360266	0	0	0	0	0	0.085	0.900	0.407	0.941
AKT3	PTEN	9606.ENSP00000500582	9606.ENSP00000361021	0	0	0	0	0	0.287	0	0.765	0.825
AKT3	IKBKB	9606.ENSP00000500582	9606.ENSP00000430684	0	0	0	0.602	0.105	0	0.900	0.153	0.917
AKT3	ACTB	9606.ENSP00000500582	9606.ENSP00000494750	0	0	0	0	0.073	0.070	0	0.435	0.470
AKT3	PIK3CB	9606.ENSP00000500582	9606.ENSP00000501150	0	0	0	0	0	0.098	0.900	0.636	0.964
ATPAF1	COX15	9606.ENSP00000460964	9606.ENSP00000016171	0	0	0	0	0.109	0	0	0.383	0.427
ATPAF1	NDUFB9	9606.ENSP00000460964	9606.ENSP00000276689	0	0	0	0	0.303	0	0	0.287	0.482
ATPAF1	NDUFB8	9606.ENSP00000460964	9606.ENSP00000299166	0	0	0	0	0.323	0	0	0.159	0.406
ATPAF1	COX11	9606.ENSP00000460964	9606.ENSP00000299335	0	0	0	0	0.222	0	0	0.469	0.570
ATPAF1	TMEM70	9606.ENSP00000460964	9606.ENSP00000312599	0	0	0	0	0.129	0.088	0	0.769	0.800
ATPAF1	ACAD9	9606.ENSP00000460964	9606.ENSP00000312618	0	0	0	0	0.245	0.088	0	0.266	0.451
ATPAF1	MT-ATP6	9606.ENSP00000460964	9606.ENSP00000354632	0	0	0	0	0.049	0	0	0.623	0.626
ATPAF1	MT-ATP8	9606.ENSP00000460964	9606.ENSP00000355265	0	0	0	0	0.047	0	0	0.652	0.654
ATPAF1	SURF1	9606.ENSP00000460964	9606.ENSP00000361042	0	0	0	0	0.053	0.095	0	0.356	0.400
ATPAF1	NDUFA8	9606.ENSP00000460964	9606.ENSP00000362873	0	0	0	0	0.316	0	0	0.180	0.415
ATPAF1	UQCC1	9606.ENSP00000460964	9606.ENSP00000363506	0	0	0	0	0.307	0	0	0.197	0.421
ATPAF1	LYRM7	9606.ENSP00000460964	9606.ENSP00000368688	0	0	0	0	0.183	0	0	0.357	0.452
ATPAF1	BCS1L	9606.ENSP00000460964	9606.ENSP00000413908	0	0	0	0	0.169	0	0	0.470	0.541
ATPAF1	ATPAF2	9606.ENSP00000460964	9606.ENSP00000417190	0	0	0	0	0.309	0.109	0	0.980	0.986
ATPAF1	DMAC2L	9606.ENSP00000460964	9606.ENSP00000451583	0	0	0	0	0.082	0	0	0.378	0.405
ATPAF1	NDUFAB1	9606.ENSP00000460964	9606.ENSP00000458770	0	0	0	0	0.416	0	0	0.155	0.485
ATPAF2	COX15	9606.ENSP00000417190	9606.ENSP00000016171	0	0	0	0	0.106	0	0	0.502	0.536
ATPAF2	SCO1	9606.ENSP00000417190	9606.ENSP00000255390	0	0	0	0	0.064	0	0	0.457	0.470
ATPAF2	NDUFAF1	9606.ENSP00000417190	9606.ENSP00000260361	0	0	0	0	0.183	0	0	0.399	0.488
ATPAF2	COX17	9606.ENSP00000417190	9606.ENSP00000261070	0	0	0	0	0.044	0	0	0.419	0.421
ATPAF2	FOXRED1	9606.ENSP00000417190	9606.ENSP00000263578	0	0	0	0	0.151	0	0	0.370	0.443
ATPAF2	NDUFS4	9606.ENSP00000417190	9606.ENSP00000296684	0	0	0.232	0	0.049	0	0	0.372	0.501
ATPAF2	COX11	9606.ENSP00000417190	9606.ENSP00000299335	0	0	0	0	0.060	0	0	0.398	0.410
ATPAF2	TMEM70	9606.ENSP00000417190	9606.ENSP00000312599	0	0	0	0	0.107	0	0	0.957	0.960
ATPAF2	ACAD9	9606.ENSP00000417190	9606.ENSP00000312618	0	0	0	0	0.233	0	0	0.295	0.437
ATPAF2	NDUFS8	9606.ENSP00000417190	9606.ENSP00000315774	0	0	0	0	0.156	0	0	0.348	0.426
ATPAF2	TMEM186	9606.ENSP00000417190	9606.ENSP00000331640	0	0	0	0	0.138	0	0	0.365	0.429
ATPAF2	UQCR10	9606.ENSP00000417190	9606.ENSP00000332887	0	0	0	0	0.110	0	0	0.379	0.424
ATPAF2	MT-ATP6	9606.ENSP00000417190	9606.ENSP00000354632	0	0	0	0	0.047	0	0	0.844	0.845
ATPAF2	MT-ATP8	9606.ENSP00000417190	9606.ENSP00000355265	0	0	0	0	0.049	0	0	0.878	0.879
ATPAF2	SURF1	9606.ENSP00000417190	9606.ENSP00000361042	0	0	0	0	0.068	0	0	0.494	0.509
ATPAF2	SDHAF1	9606.ENSP00000417190	9606.ENSP00000368165	0	0	0	0	0.074	0	0	0.436	0.455
ATPAF2	LYRM7	9606.ENSP00000417190	9606.ENSP00000368688	0	0	0	0	0.067	0	0	0.447	0.462
ATPAF2	BCS1L	9606.ENSP00000417190	9606.ENSP00000413908	0	0	0	0	0.246	0	0	0.423	0.546
ATPAF2	NDUFV1	9606.ENSP00000417190	9606.ENSP00000497587	0	0	0	0	0.137	0	0	0.368	0.431
ATPAF2	NDUFAB1	9606.ENSP00000417190	9606.ENSP00000458770	0	0	0	0	0.106	0.368	0	0.468	0.673
ATPAF2	ATPAF1	9606.ENSP00000417190	9606.ENSP00000460964	0	0	0	0	0.309	0.109	0	0.980	0.986
BAX	TNFRSF1A	9606.ENSP00000293288	9606.ENSP00000162749	0	0	0	0	0.089	0	0	0.370	0.402
BAX	HMOX1	9606.ENSP00000293288	9606.ENSP00000216117	0	0	0	0	0.074	0	0	0.719	0.729
BAX	PYCARD	9606.ENSP00000293288	9606.ENSP00000247470	0	0	0	0	0.074	0.295	0	0.374	0.556
BAX	STAT3	9606.ENSP00000293288	9606.ENSP00000264657	0	0	0	0	0.064	0.056	0	0.449	0.470
BAX	CASP6	9606.ENSP00000293288	9606.ENSP00000265164	0	0	0	0	0.075	0.125	0	0.401	0.473
BAX	TP53	9606.ENSP00000293288	9606.ENSP00000269305	0	0	0	0	0.080	0.782	0.900	0.774	0.994
BAX	TNFRSF10B	9606.ENSP00000293288	9606.ENSP00000276431	0	0	0	0	0.086	0	0	0.446	0.471
BAX	AIFM1	9606.ENSP00000293288	9606.ENSP00000287295	0	0	0	0	0.060	0	0.900	0.312	0.929
BAX	TRADD	9606.ENSP00000293288	9606.ENSP00000341268	0	0	0	0	0.104	0	0	0.359	0.401
BAX	PTEN	9606.ENSP00000293288	9606.ENSP00000361021	0	0	0	0	0	0.057	0	0.432	0.442
BAX	CASP2	9606.ENSP00000293288	9606.ENSP00000312664	0	0	0	0	0.049	0.125	0	0.388	0.447
BAX	CASP1	9606.ENSP00000293288	9606.ENSP00000433138	0	0	0	0	0.055	0.125	0	0.409	0.469
BAX	CFLAR	9606.ENSP00000293288	9606.ENSP00000312455	0	0	0	0	0.042	0.125	0	0.425	0.476
BAX	FADD	9606.ENSP00000293288	9606.ENSP00000301838	0	0	0	0	0.074	0	0	0.485	0.503
BAX	JUN	9606.ENSP00000293288	9606.ENSP00000360266	0	0	0	0	0	0	0	0.560	0.560
BAX	ACTB	9606.ENSP00000293288	9606.ENSP00000494750	0	0	0	0	0.060	0	0	0.603	0.611
BAX	MAP3K5	9606.ENSP00000293288	9606.ENSP00000351908	0	0	0	0	0.052	0	0	0.658	0.662
BAX	CASP8	9606.ENSP00000293288	9606.ENSP00000351273	0	0	0	0	0.049	0.349	0	0.782	0.853
BAX	CASP3	9606.ENSP00000293288	9606.ENSP00000311032	0	0	0	0	0.049	0.349	0	0.828	0.884
BAX	CAPN2	9606.ENSP00000293288	9606.ENSP00000295006	0	0	0	0	0.042	0	0.900	0.158	0.912
BAX	PRKACB	9606.ENSP00000293288	9606.ENSP00000359719	0	0	0	0	0.042	0	0.900	0.265	0.923
BAX	PRKACA	9606.ENSP00000293288	9606.ENSP00000309591	0	0	0	0	0.055	0	0.900	0.268	0.924
BAX	MCL1	9606.ENSP00000293288	9606.ENSP00000358022	0	0	0	0.618	0.049	0.987	0.900	0.915	0.999
BCS1L	COX15	9606.ENSP00000413908	9606.ENSP00000016171	0	0	0	0	0.109	0	0.720	0.788	0.942
BCS1L	TIMM21	9606.ENSP00000413908	9606.ENSP00000169551	0	0	0	0	0.067	0	0.500	0.279	0.634
BCS1L	UQCRC1	9606.ENSP00000413908	9606.ENSP00000203407	0.042	0	0	0	0.176	0.100	0.540	0.562	0.831
BCS1L	NDUFB7	9606.ENSP00000413908	9606.ENSP00000215565	0	0	0	0	0.224	0	0	0.469	0.570
BCS1L	CMC2	9606.ENSP00000413908	9606.ENSP00000219400	0	0	0	0	0.151	0	0.500	0	0.557
BCS1L	COX6A1	9606.ENSP00000413908	9606.ENSP00000229379	0	0	0	0	0.054	0	0.540	0.366	0.700
BCS1L	NDUFS7	9606.ENSP00000413908	9606.ENSP00000233627	0.062	0	0	0	0.151	0.176	0	0.697	0.774
BCS1L	NDUFA2	9606.ENSP00000413908	9606.ENSP00000252102	0	0	0	0	0.140	0	0	0.612	0.652
BCS1L	SCO1	9606.ENSP00000413908	9606.ENSP00000255390	0	0	0	0	0.105	0	0	0.576	0.605
BCS1L	COX5B	9606.ENSP00000413908	9606.ENSP00000258424	0	0	0	0	0.123	0	0.540	0.355	0.717
BCS1L	TACO1	9606.ENSP00000413908	9606.ENSP00000258975	0.108	0	0	0	0.136	0.088	0	0.721	0.778
BCS1L	NDUFAF1	9606.ENSP00000413908	9606.ENSP00000260361	0	0	0	0	0.247	0	0	0.348	0.488
BCS1L	COX17	9606.ENSP00000413908	9606.ENSP00000261070	0	0	0	0	0.081	0.070	0.500	0.269	0.646
BCS1L	TTC19	9606.ENSP00000413908	9606.ENSP00000261647	0	0	0	0	0.095	0	0	0.771	0.784
BCS1L	FOXRED1	9606.ENSP00000413908	9606.ENSP00000263578	0	0	0	0	0.122	0	0	0.662	0.690
BCS1L	NDUFS3	9606.ENSP00000413908	9606.ENSP00000263774	0.110	0	0	0	0.150	0	0	0.636	0.701
BCS1L	SDHA	9606.ENSP00000413908	9606.ENSP00000264932	0	0	0	0	0.111	0.091	0	0.816	0.838
BCS1L	NDUFA9	9606.ENSP00000413908	9606.ENSP00000266544	0	0	0	0	0.171	0	0	0.367	0.454
BCS1L	UQCRC2	9606.ENSP00000413908	9606.ENSP00000268379	0.042	0	0	0	0.094	0.100	0.720	0.690	0.920
BCS1L	ECSIT	9606.ENSP00000413908	9606.ENSP00000270517	0	0	0	0	0.231	0	0	0.275	0.419
BCS1L	NDUFS6	9606.ENSP00000413908	9606.ENSP00000274137	0	0	0	0	0.113	0	0	0.448	0.490
BCS1L	AIFM1	9606.ENSP00000413908	9606.ENSP00000287295	0	0	0	0	0.129	0.339	0	0.136	0.459
BCS1L	COX7A1	9606.ENSP00000413908	9606.ENSP00000292907	0	0	0	0	0	0	0.360	0.159	0.438
BCS1L	NDUFAF2	9606.ENSP00000413908	9606.ENSP00000296597	0	0	0	0	0.086	0	0	0.687	0.701
BCS1L	NDUFS4	9606.ENSP00000413908	9606.ENSP00000296684	0	0	0	0	0.132	0	0	0.715	0.742
BCS1L	NDUFB8	9606.ENSP00000413908	9606.ENSP00000299166	0	0	0	0	0.142	0	0.500	0.328	0.687
BCS1L	COX11	9606.ENSP00000413908	9606.ENSP00000299335	0	0	0	0	0.251	0	0	0.348	0.491
BCS1L	UQCRFS1	9606.ENSP00000413908	9606.ENSP00000306397	0	0	0	0	0.133	0.283	0.720	0.756	0.952
BCS1L	UQCRH	9606.ENSP00000413908	9606.ENSP00000309565	0	0	0	0	0.120	0	0.540	0.537	0.796
BCS1L	TMEM70	9606.ENSP00000413908	9606.ENSP00000312599	0	0	0	0	0.153	0	0	0.395	0.466
BCS1L	ACAD9	9606.ENSP00000413908	9606.ENSP00000312618	0	0	0	0	0.247	0.088	0	0.416	0.564
BCS1L	NDUFS8	9606.ENSP00000413908	9606.ENSP00000315774	0.102	0	0	0	0.147	0	0	0.688	0.740
BCS1L	CYC1	9606.ENSP00000413908	9606.ENSP00000317159	0	0	0	0	0.192	0	0.540	0.618	0.845
BCS1L	COX5A	9606.ENSP00000413908	9606.ENSP00000317780	0	0	0	0	0.137	0.055	0.720	0.322	0.824
BCS1L	COX8A	9606.ENSP00000413908	9606.ENSP00000321260	0	0	0	0	0.058	0.140	0.540	0.276	0.694
BCS1L	UQCR10	9606.ENSP00000413908	9606.ENSP00000332887	0	0	0	0	0.207	0	0.540	0.613	0.846
BCS1L	NDUFA4	9606.ENSP00000413908	9606.ENSP00000339720	0	0	0	0	0.056	0	0.720	0.287	0.795
BCS1L	COX19	9606.ENSP00000413908	9606.ENSP00000342015	0.042	0	0	0	0.114	0	0.500	0.239	0.634
BCS1L	MT-CO1	9606.ENSP00000413908	9606.ENSP00000354499	0	0	0	0	0.060	0	0.720	0.563	0.874
BCS1L	MT-CYB	9606.ENSP00000413908	9606.ENSP00000354554	0	0	0	0	0	0.087	0.540	0.626	0.829
BCS1L	MT-ATP6	9606.ENSP00000413908	9606.ENSP00000354632	0	0	0	0	0.123	0.088	0	0.700	0.739
BCS1L	COA3	9606.ENSP00000413908	9606.ENSP00000354762	0	0	0	0	0.109	0	0	0.366	0.410
BCS1L	MT-ND5	9606.ENSP00000413908	9606.ENSP00000354813	0.079	0	0	0	0.074	0	0	0.581	0.612
BCS1L	MT-CO2	9606.ENSP00000413908	9606.ENSP00000354876	0	0	0	0	0.116	0	0.720	0.371	0.831
BCS1L	MT-CO3	9606.ENSP00000413908	9606.ENSP00000354982	0	0	0	0	0.095	0	0.720	0.597	0.888
BCS1L	MT-ND2	9606.ENSP00000413908	9606.ENSP00000355046	0.079	0	0	0	0.077	0	0	0.568	0.601
BCS1L	COA6	9606.ENSP00000413908	9606.ENSP00000355574	0	0	0	0	0.109	0	0.500	0.280	0.651
BCS1L	NDUFS2	9606.ENSP00000413908	9606.ENSP00000356972	0.110	0	0	0	0.150	0	0	0.417	0.521
BCS1L	NDUFAF4	9606.ENSP00000413908	9606.ENSP00000358272	0	0	0	0	0.159	0	0	0.348	0.428
BCS1L	COX7A2	9606.ENSP00000413908	9606.ENSP00000359098	0	0	0	0	0.068	0	0.540	0.202	0.628
BCS1L	SURF1	9606.ENSP00000413908	9606.ENSP00000361042	0	0	0	0	0.100	0	0	0.791	0.804
BCS1L	NDUFS5	9606.ENSP00000413908	9606.ENSP00000362058	0	0	0	0	0.075	0	0	0.501	0.518
BCS1L	NDUFA8	9606.ENSP00000413908	9606.ENSP00000362873	0	0	0	0	0.263	0	0	0.273	0.441
BCS1L	UQCC1	9606.ENSP00000413908	9606.ENSP00000363506	0	0	0	0	0.248	0	0	0.633	0.712
BCS1L	SDHB	9606.ENSP00000413908	9606.ENSP00000364649	0.085	0	0	0	0.093	0	0	0.377	0.438
BCS1L	SDHD	9606.ENSP00000413908	9606.ENSP00000364699	0	0	0	0	0.124	0.057	0	0.376	0.440
BCS1L	NDUFAF5	9606.ENSP00000413908	9606.ENSP00000367346	0	0	0	0	0.132	0.048	0	0.652	0.687
BCS1L	COX7A2L	9606.ENSP00000413908	9606.ENSP00000367938	0	0	0	0	0.049	0	0.360	0.345	0.566
BCS1L	UQCRQ	9606.ENSP00000413908	9606.ENSP00000367939	0	0	0	0	0.215	0	0.540	0.934	0.974
BCS1L	SDHAF1	9606.ENSP00000413908	9606.ENSP00000368165	0	0	0	0	0.060	0	0	0.468	0.478
BCS1L	LYRM7	9606.ENSP00000413908	9606.ENSP00000368688	0	0	0	0	0.056	0.156	0	0.759	0.791
BCS1L	NDUFAF6	9606.ENSP00000413908	9606.ENSP00000379430	0	0	0	0	0.093	0	0	0.701	0.717
BCS1L	NDUFA11	9606.ENSP00000413908	9606.ENSP00000389160	0	0	0	0	0.212	0	0	0.348	0.464
BCS1L	NDUFS1	9606.ENSP00000413908	9606.ENSP00000392709	0.108	0	0	0	0.118	0	0	0.684	0.730
BCS1L	NDUFB3	9606.ENSP00000413908	9606.ENSP00000407336	0	0	0	0	0.107	0	0	0.403	0.444
BCS1L	PET100	9606.ENSP00000413908	9606.ENSP00000470539	0	0	0	0	0	0	0	0.462	0.462
BCS1L	ATPAF1	9606.ENSP00000413908	9606.ENSP00000460964	0	0	0	0	0.169	0	0	0.470	0.541
BCS1L	ATPAF2	9606.ENSP00000413908	9606.ENSP00000417190	0	0	0	0	0.246	0	0	0.423	0.546
BCS1L	UQCC2	9606.ENSP00000413908	9606.ENSP00000476140	0	0	0	0	0.082	0	0	0.582	0.599
BCS1L	COX6C	9606.ENSP00000413908	9606.ENSP00000429707	0	0	0	0	0.067	0	0.540	0.208	0.630
BCS1L	UQCC3	9606.ENSP00000413908	9606.ENSP00000432692	0	0	0	0	0.082	0	0	0.624	0.640
BCS1L	COX7B	9606.ENSP00000413908	9606.ENSP00000497474	0	0	0	0	0	0	0.540	0.309	0.668
BCS1L	COA4	9606.ENSP00000413908	9606.ENSP00000443795	0	0	0	0	0.115	0	0.500	0.329	0.677
BCS1L	COX4I1	9606.ENSP00000413908	9606.ENSP00000457513	0	0	0	0	0.089	0	0.540	0.310	0.685
BCS1L	SCO2	9606.ENSP00000413908	9606.ENSP00000444433	0	0	0	0	0.105	0	0	0.684	0.705
BCS1L	COX6B1	9606.ENSP00000413908	9606.ENSP00000466818	0	0	0	0	0.101	0	0.540	0.376	0.719
BCS1L	UQCR11	9606.ENSP00000413908	9606.ENSP00000467262	0	0	0	0	0.116	0	0.540	0.512	0.784
BCS1L	COX7C	9606.ENSP00000413908	9606.ENSP00000425759	0	0	0	0	0.133	0	0.720	0.188	0.785
BCS1L	NDUFV1	9606.ENSP00000413908	9606.ENSP00000497587	0.108	0	0	0	0.195	0	0	0.747	0.802
BCS1L	UQCRB	9606.ENSP00000413908	9606.ENSP00000430494	0	0	0	0	0.130	0	0.540	0.896	0.955
CAMK2A	RIPK3	9606.ENSP00000500386	9606.ENSP00000216274	0	0	0	0.569	0	0.045	0.900	0.061	0.902
CAMK2A	NFKBIA	9606.ENSP00000500386	9606.ENSP00000216797	0	0	0	0	0	0.059	0	0.466	0.476
CAMK2A	KRAS	9606.ENSP00000500386	9606.ENSP00000256078	0	0	0	0	0	0	0.500	0.103	0.532
CAMK2A	MAP2K1	9606.ENSP00000500386	9606.ENSP00000302486	0	0.001	0	0.581	0.063	0.091	0.400	0.126	0.494
CAMK2A	ITPR1	9606.ENSP00000500386	9606.ENSP00000306253	0	0	0	0	0.074	0	0	0.600	0.613
CAMK2A	CAMK2G	9606.ENSP00000500386	9606.ENSP00000319060	0	0	0.050	0.980	0.095	0.687	0.720	0.382	0.945
CAMK2A	LMNA	9606.ENSP00000500386	9606.ENSP00000357283	0	0	0	0	0	0	0.400	0.062	0.413
CAMK2A	CYBB	9606.ENSP00000500386	9606.ENSP00000367851	0	0	0	0	0.042	0	0.900	0.068	0.903
CAMK2A	CAMK2B	9606.ENSP00000500386	9606.ENSP00000379098	0	0	0.051	0.979	0.208	0.944	0.900	0.901	0.999
CAMK2A	ACTB	9606.ENSP00000500386	9606.ENSP00000494750	0	0	0	0	0.051	0.066	0	0.679	0.691
CAMK2B	RIPK3	9606.ENSP00000379098	9606.ENSP00000216274	0	0	0	0.574	0	0.045	0.900	0.059	0.902
CAMK2B	KRAS	9606.ENSP00000379098	9606.ENSP00000256078	0	0	0	0	0	0	0.500	0.085	0.523
CAMK2B	MAP2K1	9606.ENSP00000379098	9606.ENSP00000302486	0	0	0	0.577	0.063	0.068	0.400	0.078	0.452
CAMK2B	CAMK2G	9606.ENSP00000379098	9606.ENSP00000319060	0	0	0.051	0.979	0.063	0.786	0.720	0.053	0.940
CAMK2B	LMNA	9606.ENSP00000379098	9606.ENSP00000357283	0	0	0	0	0	0	0.400	0.062	0.413
CAMK2B	CYBB	9606.ENSP00000379098	9606.ENSP00000367851	0	0	0	0	0	0	0.900	0.122	0.908
CAMK2B	CAMK2A	9606.ENSP00000379098	9606.ENSP00000500386	0	0	0.051	0.979	0.208	0.944	0.900	0.901	0.999
CAMK2G	KRAS	9606.ENSP00000319060	9606.ENSP00000256078	0	0	0	0	0.072	0.148	0.500	0.157	0.623
CAMK2G	TP53	9606.ENSP00000319060	9606.ENSP00000269305	0	0	0	0	0.051	0.046	0	0.481	0.489
CAMK2G	MAP2K1	9606.ENSP00000319060	9606.ENSP00000302486	0	0	0	0.597	0.062	0.104	0.400	0.207	0.547
CAMK2G	ITPR1	9606.ENSP00000319060	9606.ENSP00000306253	0	0	0	0	0.042	0.196	0	0.481	0.565
CAMK2G	PTEN	9606.ENSP00000319060	9606.ENSP00000361021	0	0.003	0	0	0.055	0.292	0	0.232	0.441
CAMK2G	LMNA	9606.ENSP00000319060	9606.ENSP00000357283	0	0	0	0	0.055	0.068	0.400	0.118	0.472
CAMK2G	CAMK2B	9606.ENSP00000319060	9606.ENSP00000379098	0	0	0.051	0.979	0.063	0.786	0.720	0.053	0.940
CAMK2G	CAMK2A	9606.ENSP00000319060	9606.ENSP00000500386	0	0	0.050	0.980	0.095	0.687	0.720	0.382	0.945
CAMKK2	ITPR1	9606.ENSP00000312741	9606.ENSP00000306253	0	0	0	0	0.062	0	0	0.402	0.415
CAMKK2	PRKAA2	9606.ENSP00000312741	9606.ENSP00000360290	0	0	0	0.645	0	0.503	0.900	0.347	0.964
CAPN2	CASP6	9606.ENSP00000295006	9606.ENSP00000265164	0	0	0	0	0.070	0.089	0.540	0.308	0.694
CAPN2	TP53	9606.ENSP00000295006	9606.ENSP00000269305	0	0	0	0	0.067	0	0.900	0.254	0.924
CAPN2	BAX	9606.ENSP00000295006	9606.ENSP00000293288	0	0	0	0	0.042	0	0.900	0.158	0.912
CAPN2	CTSB	9606.ENSP00000295006	9606.ENSP00000345672	0	0	0	0	0.097	0	0	0.377	0.414
CAPN2	CTSS	9606.ENSP00000295006	9606.ENSP00000357981	0	0	0	0	0.073	0	0	0.395	0.416
CAPN2	CASP2	9606.ENSP00000295006	9606.ENSP00000312664	0	0	0	0	0	0.061	0.540	0.186	0.618
CAPN2	CASP1	9606.ENSP00000295006	9606.ENSP00000433138	0	0	0	0	0.118	0.053	0.540	0.228	0.664
CAPN2	CASP8	9606.ENSP00000295006	9606.ENSP00000351273	0	0	0	0	0.074	0.053	0.540	0.325	0.691
CAPN2	CASP3	9606.ENSP00000295006	9606.ENSP00000311032	0	0	0	0	0.042	0.061	0.540	0.484	0.758
CASP1	TNFRSF1A	9606.ENSP00000433138	9606.ENSP00000162749	0	0	0	0	0.144	0	0	0.709	0.740
CASP1	HMOX1	9606.ENSP00000433138	9606.ENSP00000216117	0	0	0	0	0.074	0	0	0.584	0.598
CASP1	RIPK3	9606.ENSP00000433138	9606.ENSP00000216274	0	0	0	0	0.205	0.067	0	0.907	0.925
CASP1	NFKBIA	9606.ENSP00000433138	9606.ENSP00000216797	0	0	0	0	0.139	0.076	0	0.632	0.681
CASP1	PYCARD	9606.ENSP00000433138	9606.ENSP00000247470	0	0	0	0	0.318	0.983	0.900	0.999	0.999
CASP1	STAT3	9606.ENSP00000433138	9606.ENSP00000264657	0	0	0	0	0.101	0	0	0.583	0.609
CASP1	CASP6	9606.ENSP00000433138	9606.ENSP00000265164	0	0	0	0.614	0.069	0	0.540	0.833	0.922
CASP1	TP53	9606.ENSP00000433138	9606.ENSP00000269305	0	0	0	0	0.044	0.422	0.500	0.605	0.876
CASP1	TNFRSF10B	9606.ENSP00000433138	9606.ENSP00000276431	0	0	0	0	0.055	0.045	0	0.435	0.445
CASP1	IL18	9606.ENSP00000433138	9606.ENSP00000280357	0	0	0	0	0.105	0.292	0.900	0.979	0.998
CASP1	BAX	9606.ENSP00000433138	9606.ENSP00000293288	0	0	0	0	0.055	0.125	0	0.409	0.469
CASP1	CAPN2	9606.ENSP00000433138	9606.ENSP00000295006	0	0	0	0	0.118	0.053	0.540	0.228	0.664
CASP1	TLR3	9606.ENSP00000433138	9606.ENSP00000296795	0	0	0	0	0.186	0.062	0	0.669	0.726
CASP1	FADD	9606.ENSP00000433138	9606.ENSP00000301838	0	0	0	0	0.087	0.067	0	0.950	0.954
CASP1	CASP3	9606.ENSP00000433138	9606.ENSP00000311032	0	0	0	0.654	0.106	0	0.540	0.349	0.709
CASP1	CFLAR	9606.ENSP00000433138	9606.ENSP00000312455	0	0	0	0	0.115	0	0	0.936	0.940
CASP1	CASP2	9606.ENSP00000433138	9606.ENSP00000312664	0	0	0	0.652	0.067	0	0.540	0.325	0.685
CASP1	STAT5A	9606.ENSP00000433138	9606.ENSP00000341208	0	0	0	0	0.167	0	0	0.519	0.582
CASP1	TRADD	9606.ENSP00000433138	9606.ENSP00000341268	0	0	0	0	0.090	0.045	0	0.669	0.687
CASP1	CTSL	9606.ENSP00000433138	9606.ENSP00000345344	0	0	0	0	0.113	0.052	0	0.362	0.416
CASP1	CTSB	9606.ENSP00000433138	9606.ENSP00000345672	0	0	0	0	0.104	0.052	0.540	0.814	0.917
CASP1	CASP8	9606.ENSP00000433138	9606.ENSP00000351273	0	0	0	0.580	0.152	0.544	0.900	0.986	0.999
CASP1	MAP3K5	9606.ENSP00000433138	9606.ENSP00000351908	0	0	0	0	0.173	0	0	0.448	0.524
CASP1	CTSS	9606.ENSP00000433138	9606.ENSP00000357981	0	0	0	0	0.454	0.052	0	0.577	0.762
CASP1	MCL1	9606.ENSP00000433138	9606.ENSP00000358022	0	0	0	0	0.127	0.125	0	0.430	0.527
CASP1	JUN	9606.ENSP00000433138	9606.ENSP00000360266	0	0	0	0	0	0	0	0.592	0.592
CASP1	PTEN	9606.ENSP00000433138	9606.ENSP00000361021	0	0	0	0	0.068	0	0	0.582	0.594
CASP1	CYBB	9606.ENSP00000433138	9606.ENSP00000367851	0	0	0	0	0.267	0	0	0.543	0.651
CASP1	CASP4	9606.ENSP00000433138	9606.ENSP00000388566	0	0	0.071	0.935	0.567	0	0.900	0.921	0.996
CASP1	MAPK9	9606.ENSP00000433138	9606.ENSP00000394560	0	0	0	0	0.042	0	0	0.555	0.556
CASP1	PRF1	9606.ENSP00000433138	9606.ENSP00000398568	0	0	0	0	0.102	0.071	0	0.435	0.487
CASP1	IKBKB	9606.ENSP00000433138	9606.ENSP00000430684	0	0	0	0	0.090	0.067	0	0.511	0.549
CASP1	TNFAIP3	9606.ENSP00000433138	9606.ENSP00000481570	0	0	0	0	0.185	0.091	0	0.337	0.466
CASP1	ACTB	9606.ENSP00000433138	9606.ENSP00000494750	0	0	0	0	0.062	0.094	0	0.707	0.729
CASP1	GSDMD	9606.ENSP00000433138	9606.ENSP00000433209	0	0	0	0	0.134	0.932	0.900	0.905	0.999
CASP2	TNFRSF1A	9606.ENSP00000312664	9606.ENSP00000162749	0	0	0	0	0.045	0.292	0	0.783	0.840
CASP2	NGFR	9606.ENSP00000312664	9606.ENSP00000172229	0	0	0	0	0	0	0.500	0.173	0.569
CASP2	RIPK3	9606.ENSP00000312664	9606.ENSP00000216274	0	0	0	0	0.051	0.067	0	0.589	0.604
CASP2	PYCARD	9606.ENSP00000312664	9606.ENSP00000247470	0	0	0	0	0.081	0.050	0	0.560	0.582
CASP2	CASP6	9606.ENSP00000312664	9606.ENSP00000265164	0	0	0	0.712	0.049	0	0.540	0.273	0.654
CASP2	TP53	9606.ENSP00000312664	9606.ENSP00000269305	0	0	0	0	0.181	0	0	0.759	0.794
CASP2	TNFRSF10B	9606.ENSP00000312664	9606.ENSP00000276431	0	0	0	0	0	0.045	0	0.475	0.477
CASP2	BAX	9606.ENSP00000312664	9606.ENSP00000293288	0	0	0	0	0.049	0.125	0	0.388	0.447
CASP2	CAPN2	9606.ENSP00000312664	9606.ENSP00000295006	0	0	0	0	0	0.061	0.540	0.186	0.618
CASP2	FADD	9606.ENSP00000312664	9606.ENSP00000301838	0	0	0	0	0.086	0.067	0	0.757	0.775
CASP2	CASP3	9606.ENSP00000312664	9606.ENSP00000311032	0	0	0	0.765	0.049	0.596	0.700	0.236	0.900
CASP2	JUN	9606.ENSP00000312664	9606.ENSP00000360266	0	0	0	0	0	0.046	0	0.438	0.441
CASP2	ACTB	9606.ENSP00000312664	9606.ENSP00000494750	0	0	0	0	0.056	0.095	0	0.435	0.475
CASP2	CASP4	9606.ENSP00000312664	9606.ENSP00000388566	0	0	0	0.641	0.069	0	0	0.520	0.534
CASP2	MCL1	9606.ENSP00000312664	9606.ENSP00000358022	0	0	0	0	0.070	0.125	0	0.547	0.600
CASP2	CASP1	9606.ENSP00000312664	9606.ENSP00000433138	0	0	0	0.652	0.067	0	0.540	0.325	0.685
CASP2	TRADD	9606.ENSP00000312664	9606.ENSP00000341268	0	0	0	0	0.048	0.045	0	0.791	0.794
CASP2	CASP8	9606.ENSP00000312664	9606.ENSP00000351273	0	0	0	0.640	0.105	0.628	0.540	0.384	0.893
CASP3	TNFRSF1A	9606.ENSP00000311032	9606.ENSP00000162749	0	0	0	0	0.052	0	0	0.852	0.853
CASP3	NGFR	9606.ENSP00000311032	9606.ENSP00000172229	0	0	0	0	0	0	0.500	0.656	0.820
CASP3	HMOX1	9606.ENSP00000311032	9606.ENSP00000216117	0	0	0	0	0.045	0	0	0.805	0.806
CASP3	RIPK3	9606.ENSP00000311032	9606.ENSP00000216274	0	0.002	0	0	0.051	0.067	0	0.679	0.691
CASP3	NFKBIA	9606.ENSP00000311032	9606.ENSP00000216797	0	0	0	0	0.049	0.076	0	0.728	0.740
CASP3	PYCARD	9606.ENSP00000311032	9606.ENSP00000247470	0	0	0	0	0.088	0.050	0	0.423	0.457
CASP3	KRAS	9606.ENSP00000311032	9606.ENSP00000256078	0	0	0	0	0.101	0.053	0	0.616	0.645
CASP3	PRKCQ	9606.ENSP00000311032	9606.ENSP00000263125	0	0	0	0	0.052	0	0.750	0.154	0.782
CASP3	STAT3	9606.ENSP00000311032	9606.ENSP00000264657	0	0	0	0	0.055	0	0	0.801	0.804
CASP3	CASP6	9606.ENSP00000311032	9606.ENSP00000265164	0	0	0.060	0.886	0.056	0.775	0.540	0.593	0.955
CASP3	TP53	9606.ENSP00000311032	9606.ENSP00000269305	0	0	0	0	0.093	0.292	0	0.937	0.956
CASP3	TNFRSF10B	9606.ENSP00000311032	9606.ENSP00000276431	0	0	0	0	0.049	0.045	0	0.780	0.782
CASP3	IL18	9606.ENSP00000311032	9606.ENSP00000280357	0	0	0	0	0.061	0	0	0.631	0.639
CASP3	AIFM1	9606.ENSP00000311032	9606.ENSP00000287295	0	0	0	0	0.042	0	0	0.670	0.670
CASP3	BAX	9606.ENSP00000311032	9606.ENSP00000293288	0	0	0	0	0.049	0.349	0	0.828	0.884
CASP3	CAPN2	9606.ENSP00000311032	9606.ENSP00000295006	0	0	0	0	0.042	0.061	0.540	0.484	0.758
CASP3	TLR3	9606.ENSP00000311032	9606.ENSP00000296795	0	0	0	0	0.067	0.062	0	0.498	0.523
CASP3	FADD	9606.ENSP00000311032	9606.ENSP00000301838	0	0	0	0	0.106	0.067	0.360	0.920	0.951
CASP3	MAP2K1	9606.ENSP00000311032	9606.ENSP00000302486	0	0	0	0	0.110	0	0	0.615	0.643
CASP3	ITPR1	9606.ENSP00000311032	9606.ENSP00000306253	0	0	0	0	0.042	0	0	0.450	0.451
CASP3	PRKACA	9606.ENSP00000311032	9606.ENSP00000309591	0	0	0	0	0.042	0	0	0.537	0.537
CASP3	NDUFS1	9606.ENSP00000311032	9606.ENSP00000392709	0	0	0	0	0.042	0.295	0	0.223	0.429
CASP3	ULK1	9606.ENSP00000311032	9606.ENSP00000324560	0	0	0	0	0	0.066	0	0.449	0.464
CASP3	CTSL	9606.ENSP00000311032	9606.ENSP00000345344	0	0	0	0	0.080	0.061	0	0.436	0.471
CASP3	PRNP	9606.ENSP00000311032	9606.ENSP00000399376	0	0	0	0	0.086	0.061	0	0.452	0.488
CASP3	PRF1	9606.ENSP00000311032	9606.ENSP00000398568	0	0	0	0	0.049	0.071	0	0.508	0.527
CASP3	PDPK1	9606.ENSP00000311032	9606.ENSP00000344220	0	0	0	0	0.047	0.329	0	0.322	0.528
CASP3	LMNA	9606.ENSP00000311032	9606.ENSP00000357283	0	0	0	0	0.060	0.102	0	0.492	0.534
CASP3	SDHC	9606.ENSP00000311032	9606.ENSP00000356953	0	0	0	0	0.042	0	0	0.543	0.543
CASP3	PRKACB	9606.ENSP00000311032	9606.ENSP00000359719	0	0	0	0	0.060	0	0	0.535	0.544
CASP3	STAT5A	9606.ENSP00000311032	9606.ENSP00000341208	0	0	0	0	0.099	0	0	0.543	0.571
CASP3	CTSS	9606.ENSP00000311032	9606.ENSP00000357981	0	0	0	0	0.104	0.061	0	0.585	0.620
CASP3	CYBB	9606.ENSP00000311032	9606.ENSP00000367851	0	0	0	0	0.089	0	0	0.599	0.620
CASP3	IKBKB	9606.ENSP00000311032	9606.ENSP00000430684	0	0	0	0	0.093	0.067	0	0.598	0.631
CASP3	CTSB	9606.ENSP00000311032	9606.ENSP00000345672	0	0	0	0	0.057	0.061	0	0.617	0.631
CASP3	MAP3K5	9606.ENSP00000311032	9606.ENSP00000351908	0	0	0	0	0.113	0	0	0.674	0.699
CASP3	CASP1	9606.ENSP00000311032	9606.ENSP00000433138	0	0	0	0.654	0.106	0	0.540	0.349	0.709
CASP3	DAPK1	9606.ENSP00000311032	9606.ENSP00000386135	0	0	0	0	0	0.045	0.500	0.455	0.717
CASP3	PTEN	9606.ENSP00000311032	9606.ENSP00000361021	0	0	0	0	0.044	0	0	0.748	0.748
CASP3	AKT3	9606.ENSP00000311032	9606.ENSP00000500582	0	0	0	0	0	0.607	0	0.427	0.765
CASP3	TRADD	9606.ENSP00000311032	9606.ENSP00000341268	0	0	0	0	0.046	0.045	0.360	0.659	0.775
CASP3	MAPK9	9606.ENSP00000311032	9606.ENSP00000394560	0	0	0	0	0.044	0.292	0	0.694	0.775
CASP3	COX4I1	9606.ENSP00000311032	9606.ENSP00000457513	0	0	0	0	0.058	0	0	0.793	0.796
CASP3	JUN	9606.ENSP00000311032	9606.ENSP00000360266	0	0	0	0	0	0.046	0	0.808	0.809
CASP3	CFLAR	9606.ENSP00000311032	9606.ENSP00000312455	0	0.018	0	0.622	0.104	0.510	0.360	0.571	0.863
CASP3	CASP2	9606.ENSP00000311032	9606.ENSP00000312664	0	0	0	0.765	0.049	0.596	0.700	0.236	0.900
CASP3	MCL1	9606.ENSP00000311032	9606.ENSP00000358022	0	0	0	0	0.091	0.354	0	0.861	0.911
CASP3	SPTA1	9606.ENSP00000311032	9606.ENSP00000495214	0	0	0	0	0	0	0.900	0.171	0.913
CASP3	PARP4	9606.ENSP00000311032	9606.ENSP00000371419	0	0	0	0	0.049	0.071	0.900	0.160	0.915
CASP3	GSDMD	9606.ENSP00000311032	9606.ENSP00000433209	0	0	0	0	0.042	0.091	0.750	0.667	0.918
CASP3	ACTG1	9606.ENSP00000311032	9606.ENSP00000458162	0	0	0	0	0.049	0.095	0.900	0.209	0.922
CASP3	ACTB	9606.ENSP00000311032	9606.ENSP00000494750	0	0	0	0	0.042	0.095	0.900	0.893	0.989
CASP3	CASP8	9606.ENSP00000311032	9606.ENSP00000351273	0	0	0.088	0.828	0.105	0.786	0.900	0.983	0.999
CASP4	RIPK3	9606.ENSP00000388566	9606.ENSP00000216274	0	0	0	0	0.123	0.067	0	0.363	0.434
CASP4	PYCARD	9606.ENSP00000388566	9606.ENSP00000247470	0	0	0	0	0.179	0.094	0.540	0.613	0.850
CASP4	TP53	9606.ENSP00000388566	9606.ENSP00000269305	0	0	0	0	0.044	0	0	0.437	0.438
CASP4	IL18	9606.ENSP00000388566	9606.ENSP00000280357	0	0	0	0	0.098	0.292	0.900	0.550	0.967
CASP4	FADD	9606.ENSP00000388566	9606.ENSP00000301838	0	0	0	0	0.076	0.067	0	0.391	0.430
CASP4	CASP2	9606.ENSP00000388566	9606.ENSP00000312664	0	0	0	0.641	0.069	0	0	0.520	0.534
CASP4	STAT4	9606.ENSP00000388566	9606.ENSP00000351255	0	0	0	0	0.096	0	0	0.402	0.437
CASP4	CASP8	9606.ENSP00000388566	9606.ENSP00000351273	0	0	0	0.568	0.168	0.544	0	0.380	0.744
CASP4	MAP3K5	9606.ENSP00000388566	9606.ENSP00000351908	0	0	0	0	0.128	0	0	0.435	0.486
CASP4	MCL1	9606.ENSP00000388566	9606.ENSP00000358022	0	0	0	0	0.129	0.125	0	0.346	0.458
CASP4	ACTB	9606.ENSP00000388566	9606.ENSP00000494750	0	0	0	0	0.062	0.094	0	0.383	0.430
CASP4	MAPK9	9606.ENSP00000388566	9606.ENSP00000394560	0	0	0	0	0.042	0	0	0.466	0.467
CASP4	CASP1	9606.ENSP00000388566	9606.ENSP00000433138	0	0	0.071	0.935	0.567	0	0.900	0.921	0.996
CASP4	GSDMD	9606.ENSP00000388566	9606.ENSP00000433209	0	0	0	0	0.155	0.943	0.900	0.738	0.998
CASP6	TNFRSF1A	9606.ENSP00000265164	9606.ENSP00000162749	0	0	0	0	0.045	0	0	0.448	0.450
CASP6	RIPK3	9606.ENSP00000265164	9606.ENSP00000216274	0	0	0	0	0.051	0.067	0	0.859	0.864
CASP6	PYCARD	9606.ENSP00000265164	9606.ENSP00000247470	0	0	0	0	0.083	0.050	0	0.437	0.467
CASP6	TNFRSF10B	9606.ENSP00000265164	9606.ENSP00000276431	0	0	0	0	0	0.045	0	0.447	0.449
CASP6	BAX	9606.ENSP00000265164	9606.ENSP00000293288	0	0	0	0	0.075	0.125	0	0.401	0.473
CASP6	TRADD	9606.ENSP00000265164	9606.ENSP00000341268	0	0	0	0	0.062	0.045	0	0.489	0.503
CASP6	CTSB	9606.ENSP00000265164	9606.ENSP00000345672	0	0	0	0	0.057	0.061	0	0.496	0.515
CASP6	GSDMD	9606.ENSP00000265164	9606.ENSP00000433209	0	0	0	0	0.042	0.091	0	0.512	0.538
CASP6	MCL1	9606.ENSP00000265164	9606.ENSP00000358022	0	0	0	0	0.068	0.125	0	0.538	0.590
CASP6	FADD	9606.ENSP00000265164	9606.ENSP00000301838	0	0	0	0	0.094	0.067	0	0.609	0.640
CASP6	CASP2	9606.ENSP00000265164	9606.ENSP00000312664	0	0	0	0.712	0.049	0	0.540	0.273	0.654
CASP6	CAPN2	9606.ENSP00000265164	9606.ENSP00000295006	0	0	0	0	0.070	0.089	0.540	0.308	0.694
CASP6	TP53	9606.ENSP00000265164	9606.ENSP00000269305	0	0	0	0	0.085	0.071	0.750	0.580	0.898
CASP6	ACTG1	9606.ENSP00000265164	9606.ENSP00000458162	0	0	0	0	0.049	0.095	0.900	0.091	0.911
CASP6	CASP1	9606.ENSP00000265164	9606.ENSP00000433138	0	0	0	0.614	0.069	0	0.540	0.833	0.922
CASP6	LMNA	9606.ENSP00000265164	9606.ENSP00000357283	0	0	0	0	0.055	0.102	0.900	0.383	0.940
CASP6	ACTB	9606.ENSP00000265164	9606.ENSP00000494750	0	0	0	0	0.049	0.095	0.900	0.450	0.946
CASP6	CASP3	9606.ENSP00000265164	9606.ENSP00000311032	0	0	0.060	0.886	0.056	0.775	0.540	0.593	0.955
CASP6	CASP8	9606.ENSP00000265164	9606.ENSP00000351273	0	0	0	0.757	0.108	0.744	0.900	0.910	0.997
CASP8	TNFRSF1A	9606.ENSP00000351273	9606.ENSP00000162749	0	0	0	0	0.045	0.593	0	0.996	0.998
CASP8	HMOX1	9606.ENSP00000351273	9606.ENSP00000216117	0	0	0	0	0.042	0	0	0.665	0.665
CASP8	RIPK3	9606.ENSP00000351273	9606.ENSP00000216274	0	0	0	0	0.101	0.994	0.900	0.997	0.999
CASP8	NFKBIA	9606.ENSP00000351273	9606.ENSP00000216797	0	0	0	0	0.078	0.076	0	0.661	0.686
CASP8	PYCARD	9606.ENSP00000351273	9606.ENSP00000247470	0	0	0	0	0.092	0.737	0.900	0.736	0.992
CASP8	KRAS	9606.ENSP00000351273	9606.ENSP00000256078	0	0	0	0	0.055	0.053	0	0.465	0.480
CASP8	STAT3	9606.ENSP00000351273	9606.ENSP00000264657	0	0	0	0	0.077	0	0	0.619	0.634
CASP8	CASP6	9606.ENSP00000351273	9606.ENSP00000265164	0	0	0	0.757	0.108	0.744	0.900	0.910	0.997
CASP8	TP53	9606.ENSP00000351273	9606.ENSP00000269305	0	0	0	0	0.086	0.292	0.900	0.879	0.991
CASP8	TNFRSF10B	9606.ENSP00000351273	9606.ENSP00000276431	0	0	0	0	0.056	0.920	0.500	0.990	0.999
CASP8	IL18	9606.ENSP00000351273	9606.ENSP00000280357	0	0	0	0	0.075	0	0	0.617	0.631
CASP8	AIFM1	9606.ENSP00000351273	9606.ENSP00000287295	0	0.006	0	0	0.042	0	0	0.432	0.433
CASP8	BAX	9606.ENSP00000351273	9606.ENSP00000293288	0	0	0	0	0.049	0.349	0	0.782	0.853
CASP8	CAPN2	9606.ENSP00000351273	9606.ENSP00000295006	0	0	0	0	0.074	0.053	0.540	0.325	0.691
CASP8	TLR3	9606.ENSP00000351273	9606.ENSP00000296795	0	0	0	0	0.100	0.343	0.500	0.770	0.923
CASP8	FADD	9606.ENSP00000351273	9606.ENSP00000301838	0	0	0	0	0.108	0.994	0.900	0.999	0.999
CASP8	MAP2K1	9606.ENSP00000351273	9606.ENSP00000302486	0	0	0	0	0.099	0	0	0.447	0.481
CASP8	CASP3	9606.ENSP00000351273	9606.ENSP00000311032	0	0	0.088	0.828	0.105	0.786	0.900	0.983	0.999
CASP8	CFLAR	9606.ENSP00000351273	9606.ENSP00000312455	0	0	0	0.651	0.157	0.991	0.900	0.991	0.999
CASP8	CASP2	9606.ENSP00000351273	9606.ENSP00000312664	0	0	0	0.640	0.105	0.628	0.540	0.384	0.893
CASP8	TRADD	9606.ENSP00000351273	9606.ENSP00000341268	0	0	0	0	0.064	0.821	0.900	0.997	0.999
CASP8	CTSB	9606.ENSP00000351273	9606.ENSP00000345672	0	0	0	0	0.063	0.052	0	0.482	0.500
CASP8	PRF1	9606.ENSP00000351273	9606.ENSP00000398568	0	0	0	0	0.063	0.071	0	0.448	0.477
CASP8	COX4I1	9606.ENSP00000351273	9606.ENSP00000457513	0	0	0	0	0.055	0	0	0.479	0.487
CASP8	DAPK1	9606.ENSP00000351273	9606.ENSP00000386135	0	0	0	0	0	0.045	0	0.487	0.489
CASP8	CD14	9606.ENSP00000351273	9606.ENSP00000385519	0	0	0	0	0.067	0	0.500	0.064	0.526
CASP8	CTSS	9606.ENSP00000351273	9606.ENSP00000357981	0	0	0	0	0.172	0.052	0	0.480	0.556
CASP8	MAPK9	9606.ENSP00000351273	9606.ENSP00000394560	0	0	0	0	0	0	0	0.613	0.613
CASP8	CASP4	9606.ENSP00000351273	9606.ENSP00000388566	0	0	0	0.568	0.168	0.544	0	0.380	0.744
CASP8	ACTB	9606.ENSP00000351273	9606.ENSP00000494750	0	0	0	0	0.042	0.094	0	0.766	0.779
CASP8	PTEN	9606.ENSP00000351273	9606.ENSP00000361021	0	0	0	0	0.049	0.174	0	0.744	0.781
CASP8	JUN	9606.ENSP00000351273	9606.ENSP00000360266	0	0	0	0	0	0	0	0.782	0.782
CASP8	TNFAIP3	9606.ENSP00000351273	9606.ENSP00000481570	0	0	0	0	0.129	0.625	0	0.407	0.789
CASP8	MAP3K5	9606.ENSP00000351273	9606.ENSP00000351908	0	0	0	0	0.107	0	0	0.776	0.792
CASP8	MCL1	9606.ENSP00000351273	9606.ENSP00000358022	0	0	0	0	0.158	0.125	0	0.753	0.802
CASP8	IKBKB	9606.ENSP00000351273	9606.ENSP00000430684	0	0	0	0	0.200	0.311	0.500	0.585	0.870
CASP8	GSDMD	9606.ENSP00000351273	9606.ENSP00000433209	0	0	0	0	0.097	0.347	0	0.814	0.881
CASP8	CASP1	9606.ENSP00000351273	9606.ENSP00000433138	0	0	0	0.580	0.152	0.544	0.900	0.986	0.999
CD14	RIPK3	9606.ENSP00000385519	9606.ENSP00000216274	0	0	0	0	0.226	0	0.500	0.070	0.608
CD14	TLR3	9606.ENSP00000385519	9606.ENSP00000296795	0	0	0	0	0.089	0	0	0.471	0.498
CD14	FADD	9606.ENSP00000385519	9606.ENSP00000301838	0	0	0	0	0.083	0	0.500	0	0.521
CD14	CASP8	9606.ENSP00000385519	9606.ENSP00000351273	0	0	0	0	0.067	0	0.500	0.064	0.526
CD14	CTSS	9606.ENSP00000385519	9606.ENSP00000357981	0	0	0	0	0.341	0	0	0.148	0.415
CD14	IKBKB	9606.ENSP00000385519	9606.ENSP00000430684	0	0	0	0	0.044	0	0.500	0.060	0.511
CEP89	RAB8A	9606.ENSP00000306105	9606.ENSP00000300935	0	0	0	0	0.049	0	0.400	0.519	0.702
CFLAR	TNFRSF1A	9606.ENSP00000312455	9606.ENSP00000162749	0	0	0	0	0.118	0.225	0	0.801	0.852
CFLAR	RIPK3	9606.ENSP00000312455	9606.ENSP00000216274	0	0	0	0	0.115	0.067	0.400	0.987	0.992
CFLAR	NFKBIA	9606.ENSP00000312455	9606.ENSP00000216797	0	0	0	0	0.171	0.076	0	0.596	0.664
CFLAR	STAT3	9606.ENSP00000312455	9606.ENSP00000264657	0	0	0	0	0.232	0	0	0.520	0.616
CFLAR	TP53	9606.ENSP00000312455	9606.ENSP00000269305	0	0	0	0	0.044	0.510	0	0.639	0.816
CFLAR	TNFRSF10B	9606.ENSP00000312455	9606.ENSP00000276431	0	0	0	0	0.056	0.797	0.500	0.921	0.991
CFLAR	BAX	9606.ENSP00000312455	9606.ENSP00000293288	0	0	0	0	0.042	0.125	0	0.425	0.476
CFLAR	TLR3	9606.ENSP00000312455	9606.ENSP00000296795	0	0	0	0	0	0.062	0	0.395	0.409
CFLAR	FADD	9606.ENSP00000312455	9606.ENSP00000301838	0	0	0	0	0.047	0.882	0.900	0.999	0.999
CFLAR	MAP2K1	9606.ENSP00000312455	9606.ENSP00000302486	0	0	0	0	0.054	0.301	0	0.337	0.523
CFLAR	CASP3	9606.ENSP00000312455	9606.ENSP00000311032	0	0.018	0	0.622	0.104	0.510	0.360	0.571	0.863
CFLAR	PTEN	9606.ENSP00000312455	9606.ENSP00000361021	0	0	0	0	0.058	0	0	0.419	0.429
CFLAR	TNFAIP3	9606.ENSP00000312455	9606.ENSP00000481570	0	0	0	0	0.095	0	0	0.431	0.463
CFLAR	ACTB	9606.ENSP00000312455	9606.ENSP00000494750	0	0	0	0	0.049	0.094	0	0.492	0.524
CFLAR	JUN	9606.ENSP00000312455	9606.ENSP00000360266	0	0	0	0	0.042	0	0	0.538	0.538
CFLAR	MAP3K5	9606.ENSP00000312455	9606.ENSP00000351908	0	0	0	0	0.161	0.292	0	0.460	0.651
CFLAR	IKBKB	9606.ENSP00000312455	9606.ENSP00000430684	0	0	0	0	0.074	0.067	0	0.707	0.725
CFLAR	MCL1	9606.ENSP00000312455	9606.ENSP00000358022	0	0	0	0	0.175	0.125	0	0.734	0.791
CFLAR	CASP1	9606.ENSP00000312455	9606.ENSP00000433138	0	0	0	0	0.115	0	0	0.936	0.940
CFLAR	CASP8	9606.ENSP00000312455	9606.ENSP00000351273	0	0	0	0.651	0.157	0.991	0.900	0.991	0.999
CFLAR	TRADD	9606.ENSP00000312455	9606.ENSP00000341268	0	0	0	0	0.053	0.045	0.900	0.992	0.999
CMC1	CMC2	9606.ENSP00000418348	9606.ENSP00000219400	0	0	0	0	0.180	0.095	0	0.394	0.512
CMC1	SCO1	9606.ENSP00000418348	9606.ENSP00000255390	0	0	0	0	0.081	0	0	0.378	0.404
CMC1	COX17	9606.ENSP00000418348	9606.ENSP00000261070	0	0	0	0	0.435	0	0	0.355	0.620
CMC1	COX11	9606.ENSP00000418348	9606.ENSP00000299335	0	0	0	0	0.098	0	0	0.390	0.426
CMC1	COX14	9606.ENSP00000418348	9606.ENSP00000326052	0	0	0	0	0.110	0	0	0.656	0.680
CMC1	COA5	9606.ENSP00000418348	9606.ENSP00000330730	0	0	0	0	0.413	0	0	0.399	0.632
CMC1	COA3	9606.ENSP00000418348	9606.ENSP00000354762	0	0	0	0	0.157	0.591	0	0.618	0.856
CMC1	COA6	9606.ENSP00000418348	9606.ENSP00000355574	0	0	0	0	0.163	0.071	0	0.442	0.528
CMC1	PET117	9606.ENSP00000418348	9606.ENSP00000397881	0	0	0	0	0.049	0	0	0.487	0.491
CMC1	PET100	9606.ENSP00000418348	9606.ENSP00000470539	0	0	0	0	0.158	0	0	0.365	0.443
CMC2	COA5	9606.ENSP00000219400	9606.ENSP00000330730	0	0	0	0	0.110	0	0	0.426	0.468
CMC2	CMC1	9606.ENSP00000219400	9606.ENSP00000418348	0	0	0	0	0.180	0.095	0	0.394	0.512
CMC2	SCO1	9606.ENSP00000219400	9606.ENSP00000255390	0	0	0	0	0.083	0.227	0	0.372	0.516
CMC2	CYC1	9606.ENSP00000219400	9606.ENSP00000317159	0	0	0	0	0.072	0	0.500	0	0.516
CMC2	COX11	9606.ENSP00000219400	9606.ENSP00000299335	0	0	0	0	0.074	0	0	0.504	0.521
CMC2	BCS1L	9606.ENSP00000219400	9606.ENSP00000413908	0	0	0	0	0.151	0	0.500	0	0.557
CMC2	COX17	9606.ENSP00000219400	9606.ENSP00000261070	0	0	0	0	0.193	0	0.400	0.395	0.682
CMC2	COA6	9606.ENSP00000219400	9606.ENSP00000355574	0	0	0	0	0.136	0	0.400	0.474	0.703
CMC2	COX19	9606.ENSP00000219400	9606.ENSP00000342015	0	0	0	0	0.042	0	0.400	0.564	0.727
CMC2	COA4	9606.ENSP00000219400	9606.ENSP00000443795	0	0	0	0	0.110	0	0.400	0.615	0.776
COA1	NDUFAF7	9606.ENSP00000379218	9606.ENSP00000002125	0	0	0	0	0.085	0	0.500	0.298	0.650
COA1	COX15	9606.ENSP00000379218	9606.ENSP00000016171	0	0	0	0	0.108	0	0	0.582	0.611
COA1	TIMM21	9606.ENSP00000379218	9606.ENSP00000169551	0	0	0	0	0.305	0.292	0	0.542	0.754
COA1	NDUFB4	9606.ENSP00000379218	9606.ENSP00000184266	0	0	0	0	0.062	0	0.500	0.064	0.522
COA1	NDUFB7	9606.ENSP00000379218	9606.ENSP00000215565	0	0	0	0	0.092	0	0.500	0.118	0.564
COA1	NDUFS7	9606.ENSP00000379218	9606.ENSP00000233627	0	0	0	0	0.060	0	0.500	0.054	0.516
COA1	NDUFA2	9606.ENSP00000379218	9606.ENSP00000252102	0	0	0	0	0.141	0	0.500	0.058	0.560
COA1	NDUFA10	9606.ENSP00000379218	9606.ENSP00000252711	0	0	0	0	0.118	0	0.500	0.246	0.638
COA1	SCO1	9606.ENSP00000379218	9606.ENSP00000255390	0	0	0	0	0.113	0	0	0.366	0.413
COA1	TACO1	9606.ENSP00000379218	9606.ENSP00000258975	0	0	0	0	0.056	0	0	0.400	0.409
COA1	NDUFB5	9606.ENSP00000379218	9606.ENSP00000259037	0	0	0	0	0.182	0	0.500	0.060	0.581
COA1	NDUFAF1	9606.ENSP00000379218	9606.ENSP00000260361	0	0	0	0	0.060	0.225	0.500	0.365	0.737
COA1	COX17	9606.ENSP00000379218	9606.ENSP00000261070	0	0	0	0	0.054	0.292	0	0.419	0.576
COA1	NDUFS3	9606.ENSP00000379218	9606.ENSP00000263774	0	0	0	0	0.100	0	0.500	0.148	0.583
COA1	NDUFA9	9606.ENSP00000379218	9606.ENSP00000266544	0	0	0	0	0.174	0	0.500	0.118	0.604
COA1	NDUFB10	9606.ENSP00000379218	9606.ENSP00000268668	0	0	0	0	0.049	0	0.500	0.201	0.586
COA1	ECSIT	9606.ENSP00000379218	9606.ENSP00000270517	0	0	0	0	0.049	0.422	0.500	0.245	0.764
COA1	NDUFS6	9606.ENSP00000379218	9606.ENSP00000274137	0	0	0	0	0.059	0	0.500	0.060	0.519
COA1	NDUFB11	9606.ENSP00000379218	9606.ENSP00000276062	0	0	0	0	0.093	0	0.500	0.069	0.541
COA1	NDUFB9	9606.ENSP00000379218	9606.ENSP00000276689	0	0	0	0	0.103	0	0.500	0.103	0.562
COA1	NDUFC2	9606.ENSP00000379218	9606.ENSP00000281031	0	0	0	0	0.094	0.233	0.500	0.160	0.669
COA1	NDUFAF2	9606.ENSP00000379218	9606.ENSP00000296597	0	0	0	0	0.072	0	0.500	0.224	0.608
COA1	NDUFS4	9606.ENSP00000379218	9606.ENSP00000296684	0	0	0	0	0.058	0	0.500	0	0.508
COA1	NDUFB8	9606.ENSP00000379218	9606.ENSP00000299166	0	0	0	0	0.101	0.292	0.500	0.078	0.667
COA1	COX11	9606.ENSP00000379218	9606.ENSP00000299335	0	0	0	0	0.164	0	0	0.433	0.505
COA1	NDUFA7	9606.ENSP00000379218	9606.ENSP00000301457	0	0	0	0	0.139	0	0.500	0.069	0.564
COA1	ACAD9	9606.ENSP00000379218	9606.ENSP00000312618	0	0	0	0	0.042	0.392	0.500	0.588	0.864
COA1	NDUFS8	9606.ENSP00000379218	9606.ENSP00000315774	0	0	0	0	0.098	0	0.500	0.055	0.536
COA1	COX5A	9606.ENSP00000379218	9606.ENSP00000317780	0	0	0	0	0.064	0	0	0.658	0.666
COA1	COX8A	9606.ENSP00000379218	9606.ENSP00000321260	0	0	0	0	0.048	0	0	0.424	0.428
COA1	NDUFAF3	9606.ENSP00000379218	9606.ENSP00000323076	0	0	0	0	0	0	0.500	0.190	0.577
COA1	COX14	9606.ENSP00000379218	9606.ENSP00000326052	0	0	0	0	0.094	0	0	0.791	0.802
COA1	NDUFV2	9606.ENSP00000379218	9606.ENSP00000327268	0	0	0	0	0.060	0	0.500	0.431	0.709
COA1	COA5	9606.ENSP00000379218	9606.ENSP00000330730	0	0	0	0	0.074	0	0	0.535	0.551
COA1	NDUFA12	9606.ENSP00000379218	9606.ENSP00000330737	0	0	0	0	0.060	0	0.500	0.069	0.524
COA1	TMEM186	9606.ENSP00000379218	9606.ENSP00000331640	0	0	0	0	0.062	0	0.500	0.597	0.794
COA1	COX19	9606.ENSP00000379218	9606.ENSP00000342015	0	0	0	0	0.049	0	0	0.397	0.402
COA1	NDUFV3	9606.ENSP00000379218	9606.ENSP00000346196	0	0	0	0	0.049	0	0.500	0.069	0.518
COA1	TMEM126B	9606.ENSP00000379218	9606.ENSP00000351737	0	0	0	0	0.120	0	0.500	0.348	0.688
COA1	MT-ND1	9606.ENSP00000379218	9606.ENSP00000354687	0	0	0	0	0	0	0.500	0.056	0.507
COA1	COA3	9606.ENSP00000379218	9606.ENSP00000354762	0	0	0	0	0.104	0.292	0	0.774	0.844
COA1	MT-ND5	9606.ENSP00000379218	9606.ENSP00000354813	0	0	0	0	0	0	0.500	0.167	0.565
COA1	MT-ND4	9606.ENSP00000379218	9606.ENSP00000354961	0	0	0	0	0	0	0.500	0.118	0.540
COA1	MT-ND2	9606.ENSP00000379218	9606.ENSP00000355046	0	0	0	0	0	0	0.900	0.241	0.920
COA1	COA6	9606.ENSP00000379218	9606.ENSP00000355574	0	0	0	0	0.099	0.292	0	0.418	0.596
COA1	NDUFS2	9606.ENSP00000379218	9606.ENSP00000356972	0	0	0	0	0.067	0	0.500	0.051	0.518
COA1	NDUFAF4	9606.ENSP00000379218	9606.ENSP00000358272	0	0	0	0	0.049	0	0.500	0.323	0.649
COA1	NDUFA1	9606.ENSP00000379218	9606.ENSP00000360492	0	0	0	0	0.098	0	0.500	0.145	0.580
COA1	SURF1	9606.ENSP00000379218	9606.ENSP00000361042	0	0	0	0	0.061	0.292	0	0.664	0.757
COA1	NDUFA8	9606.ENSP00000379218	9606.ENSP00000362873	0	0	0	0	0.107	0	0.500	0.061	0.544
COA1	NDUFAF5	9606.ENSP00000379218	9606.ENSP00000367346	0	0	0	0	0.060	0	0.500	0.566	0.778
COA1	NDUFB6	9606.ENSP00000379218	9606.ENSP00000369176	0	0	0	0	0.187	0	0.500	0.060	0.585
COA1	PET100	9606.ENSP00000379218	9606.ENSP00000470539	0	0	0	0	0.049	0	0	0.479	0.483
COA1	NDUFV1	9606.ENSP00000379218	9606.ENSP00000497587	0	0	0	0	0.042	0	0.500	0	0.500
COA1	SMIM20	9606.ENSP00000379218	9606.ENSP00000427407	0	0	0	0	0	0	0	0.527	0.527
COA1	NDUFA13	9606.ENSP00000379218	9606.ENSP00000423673	0	0	0	0	0.094	0	0.500	0	0.527
COA1	NDUFAF6	9606.ENSP00000379218	9606.ENSP00000379430	0	0	0	0	0.061	0	0.500	0.085	0.532
COA1	NDUFA11	9606.ENSP00000379218	9606.ENSP00000389160	0	0	0	0	0.117	0	0.500	0	0.539
COA1	PET117	9606.ENSP00000379218	9606.ENSP00000397881	0	0	0	0	0	0	0	0.540	0.540
COA1	NDUFB1	9606.ENSP00000379218	9606.ENSP00000483888	0	0	0	0	0.085	0	0.500	0.078	0.541
COA1	NDUFA6	9606.ENSP00000379218	9606.ENSP00000482543	0	0	0	0	0.090	0	0.500	0.082	0.546
COA1	NDUFAB1	9606.ENSP00000379218	9606.ENSP00000458770	0	0	0	0	0.080	0	0.500	0.095	0.547
COA1	NDUFA3	9606.ENSP00000379218	9606.ENSP00000418438	0	0	0	0	0.108	0	0.500	0.068	0.548
COA1	NDUFB3	9606.ENSP00000379218	9606.ENSP00000407336	0	0	0	0	0.060	0	0.500	0.119	0.549
COA1	NDUFB2	9606.ENSP00000379218	9606.ENSP00000419087	0	0	0	0	0.082	0	0.500	0.113	0.557
COA1	NDUFS1	9606.ENSP00000379218	9606.ENSP00000392709	0	0	0	0	0.062	0	0.500	0.147	0.565
COA1	NDUFA5	9606.ENSP00000379218	9606.ENSP00000417142	0	0	0	0	0.061	0	0.500	0.175	0.578
COA1	NDUFC1	9606.ENSP00000379218	9606.ENSP00000441126	0	0	0	0	0.085	0	0.500	0.198	0.601
COA1	TIMMDC1	9606.ENSP00000379218	9606.ENSP00000418803	0	0	0	0	0.060	0	0.500	0.247	0.615
COA3	COX15	9606.ENSP00000354762	9606.ENSP00000016171	0	0	0	0	0.085	0.292	0	0.797	0.857
COA3	TIMM21	9606.ENSP00000354762	9606.ENSP00000169551	0	0	0	0	0.060	0.292	0	0.507	0.643
COA3	UQCRC1	9606.ENSP00000354762	9606.ENSP00000203407	0	0	0	0	0.139	0.162	0	0.248	0.410
COA3	COX6A1	9606.ENSP00000354762	9606.ENSP00000229379	0	0	0	0	0.209	0	0	0.447	0.543
COA3	SCO1	9606.ENSP00000354762	9606.ENSP00000255390	0	0	0	0	0.140	0	0	0.540	0.587
COA3	COX5B	9606.ENSP00000354762	9606.ENSP00000258424	0	0	0	0	0.214	0.168	0	0.604	0.718
COA3	TACO1	9606.ENSP00000354762	9606.ENSP00000258975	0	0	0	0	0.083	0.292	0	0.722	0.803
COA3	NDUFAF1	9606.ENSP00000354762	9606.ENSP00000260361	0	0	0	0	0.125	0.292	0	0.188	0.453
COA3	COX17	9606.ENSP00000354762	9606.ENSP00000261070	0	0	0	0	0.268	0	0	0.398	0.540
COA3	NDUFA9	9606.ENSP00000354762	9606.ENSP00000266544	0	0	0	0	0.178	0.368	0	0.255	0.579
COA3	UQCRC2	9606.ENSP00000354762	9606.ENSP00000268379	0	0	0	0	0.075	0.162	0	0.290	0.402
COA3	NDUFB10	9606.ENSP00000354762	9606.ENSP00000268668	0	0	0	0	0.248	0.161	0	0.173	0.433
COA3	ECSIT	9606.ENSP00000354762	9606.ENSP00000270517	0	0	0	0	0.058	0.292	0	0.179	0.404
COA3	PNKD	9606.ENSP00000354762	9606.ENSP00000273077	0	0	0	0	0.085	0.292	0	0.248	0.470
COA3	NDUFC2	9606.ENSP00000354762	9606.ENSP00000281031	0	0	0	0	0.255	0.292	0	0.202	0.542
COA3	NDUFB8	9606.ENSP00000354762	9606.ENSP00000299166	0	0	0	0	0.289	0.161	0	0.136	0.440
COA3	COX11	9606.ENSP00000354762	9606.ENSP00000299335	0	0	0	0	0.061	0.292	0	0.507	0.643
COA3	TMEM70	9606.ENSP00000354762	9606.ENSP00000312599	0	0	0	0	0.072	0.329	0	0.224	0.474
COA3	COX5A	9606.ENSP00000354762	9606.ENSP00000317780	0	0	0	0	0.151	0.594	0	0.695	0.885
COA3	COX8A	9606.ENSP00000354762	9606.ENSP00000321260	0	0	0	0	0.164	0	0	0.547	0.605
COA3	COX14	9606.ENSP00000354762	9606.ENSP00000326052	0	0	0	0	0.434	0.621	0	0.984	0.996
COA3	COA5	9606.ENSP00000354762	9606.ENSP00000330730	0	0	0	0	0.120	0	0	0.612	0.644
COA3	UQCR10	9606.ENSP00000354762	9606.ENSP00000332887	0	0	0	0	0.370	0	0	0.129	0.428
COA3	NDUFA4	9606.ENSP00000354762	9606.ENSP00000339720	0	0	0	0	0.223	0.330	0	0.445	0.686
COA3	COX19	9606.ENSP00000354762	9606.ENSP00000342015	0	0	0	0	0.109	0	0	0.447	0.486
COA3	MT-CO1	9606.ENSP00000354762	9606.ENSP00000354499	0	0	0	0	0.103	0.693	0	0.557	0.867
COA3	NDUFA13	9606.ENSP00000354762	9606.ENSP00000423673	0	0	0	0	0.322	0	0	0.154	0.402
COA3	COX7B	9606.ENSP00000354762	9606.ENSP00000497474	0	0	0	0	0.104	0	0	0.368	0.410
COA3	BCS1L	9606.ENSP00000354762	9606.ENSP00000413908	0	0	0	0	0.109	0	0	0.366	0.410
COA3	NDUFB1	9606.ENSP00000354762	9606.ENSP00000483888	0	0	0	0	0.164	0.161	0	0.239	0.420
COA3	COX7A2	9606.ENSP00000354762	9606.ENSP00000359098	0	0	0	0	0.150	0.161	0	0.257	0.424
COA3	MT-ND2	9606.ENSP00000354762	9606.ENSP00000355046	0	0	0	0	0.097	0.292	0	0.200	0.443
COA3	UQCR11	9606.ENSP00000354762	9606.ENSP00000467262	0	0	0	0	0.352	0	0	0.198	0.458
COA3	NDUFV1	9606.ENSP00000354762	9606.ENSP00000497587	0	0	0	0	0.132	0.369	0	0.096	0.462
COA3	NDUFB3	9606.ENSP00000354762	9606.ENSP00000407336	0	0	0	0	0.312	0	0	0.269	0.475
COA3	TMEM177	9606.ENSP00000354762	9606.ENSP00000402661	0	0	0	0	0.074	0.292	0	0.272	0.481
COA3	UQCRQ	9606.ENSP00000354762	9606.ENSP00000367939	0	0	0	0	0.287	0.162	0	0.212	0.488
COA3	SCO2	9606.ENSP00000354762	9606.ENSP00000444433	0	0	0	0	0.075	0	0	0.476	0.494
COA3	COX18	9606.ENSP00000354762	9606.ENSP00000425261	0	0	0	0	0.042	0	0	0.493	0.494
COA3	COX6B1	9606.ENSP00000354762	9606.ENSP00000466818	0	0	0	0	0.202	0	0	0.417	0.515
COA3	NDUFS5	9606.ENSP00000354762	9606.ENSP00000362058	0	0	0	0	0.423	0	0	0.213	0.527
COA3	TIMMDC1	9606.ENSP00000354762	9606.ENSP00000418803	0	0	0	0	0.137	0.292	0	0.300	0.535
COA3	HIGD1A	9606.ENSP00000354762	9606.ENSP00000398064	0	0	0	0	0.311	0	0	0.360	0.540
COA3	UQCC2	9606.ENSP00000354762	9606.ENSP00000476140	0	0	0.227	0	0.179	0	0	0.351	0.552
COA3	PET117	9606.ENSP00000354762	9606.ENSP00000397881	0	0	0	0	0.049	0	0	0.582	0.585
COA3	PET100	9606.ENSP00000354762	9606.ENSP00000470539	0	0	0	0	0.067	0	0	0.591	0.602
COA3	COX6C	9606.ENSP00000354762	9606.ENSP00000429707	0	0	0	0	0.148	0.292	0	0.420	0.620
COA3	MT-CO3	9606.ENSP00000354762	9606.ENSP00000354982	0	0	0	0	0.063	0.510	0	0.247	0.624
COA3	COA4	9606.ENSP00000354762	9606.ENSP00000443795	0	0	0	0	0.182	0	0	0.570	0.633
COA3	COX20	9606.ENSP00000354762	9606.ENSP00000355486	0	0	0	0	0.101	0	0	0.642	0.664
COA3	COX7C	9606.ENSP00000354762	9606.ENSP00000425759	0	0	0	0	0.137	0.161	0	0.603	0.687
COA3	MT-CO2	9606.ENSP00000354762	9606.ENSP00000354876	0	0	0	0	0.056	0.625	0	0.305	0.732
COA3	NDUFA8	9606.ENSP00000354762	9606.ENSP00000362873	0	0	0	0	0.645	0.162	0	0.192	0.738
COA3	SMIM20	9606.ENSP00000354762	9606.ENSP00000427407	0	0	0	0	0.061	0.292	0	0.703	0.785
COA3	COX4I1	9606.ENSP00000354762	9606.ENSP00000457513	0	0	0	0	0.147	0.625	0	0.469	0.815
COA3	COA6	9606.ENSP00000354762	9606.ENSP00000355574	0	0	0	0	0.134	0	0	0.807	0.826
COA3	COA1	9606.ENSP00000354762	9606.ENSP00000379218	0	0	0	0	0.104	0.292	0	0.774	0.844
COA3	CMC1	9606.ENSP00000354762	9606.ENSP00000418348	0	0	0	0	0.157	0.591	0	0.618	0.856
COA3	SURF1	9606.ENSP00000354762	9606.ENSP00000361042	0	0	0	0	0.111	0.329	0	0.877	0.920
COA4	TIMM21	9606.ENSP00000443795	9606.ENSP00000169551	0	0	0	0	0.244	0.103	0	0.213	0.419
COA4	CMC2	9606.ENSP00000443795	9606.ENSP00000219400	0	0	0	0	0.110	0	0.400	0.615	0.776
COA4	SCO1	9606.ENSP00000443795	9606.ENSP00000255390	0	0	0	0	0.111	0	0	0.395	0.440
COA4	COX17	9606.ENSP00000443795	9606.ENSP00000261070	0	0	0	0	0.074	0.162	0.400	0.626	0.802
COA4	COX11	9606.ENSP00000443795	9606.ENSP00000299335	0	0	0	0	0.085	0.355	0	0.433	0.636
COA4	CYC1	9606.ENSP00000443795	9606.ENSP00000317159	0	0	0	0	0.063	0	0.500	0.194	0.589
COA4	COX14	9606.ENSP00000443795	9606.ENSP00000326052	0	0	0	0	0.110	0	0	0.353	0.400
COA4	COA5	9606.ENSP00000443795	9606.ENSP00000330730	0	0	0	0	0.138	0	0	0.538	0.585
COA4	COX19	9606.ENSP00000443795	9606.ENSP00000342015	0	0	0	0	0.060	0	0.400	0.598	0.753
COA4	COA3	9606.ENSP00000443795	9606.ENSP00000354762	0	0	0	0	0.182	0	0	0.570	0.633
COA4	COA6	9606.ENSP00000443795	9606.ENSP00000355574	0	0	0	0	0.163	0	0.400	0.713	0.843
COA4	COA7	9606.ENSP00000443795	9606.ENSP00000360593	0	0	0	0	0.162	0	0	0.597	0.648
COA4	SURF1	9606.ENSP00000443795	9606.ENSP00000361042	0	0	0	0	0.049	0.073	0	0.432	0.455
COA4	NDUFS5	9606.ENSP00000443795	9606.ENSP00000362058	0	0	0	0	0.078	0	0	0.390	0.413
COA4	NDUFA8	9606.ENSP00000443795	9606.ENSP00000362873	0	0	0	0	0.249	0	0	0.417	0.543
COA4	LYRM7	9606.ENSP00000443795	9606.ENSP00000368688	0	0	0	0	0.049	0	0	0.517	0.521
COA4	BCS1L	9606.ENSP00000443795	9606.ENSP00000413908	0	0	0	0	0.115	0	0.500	0.329	0.677
COA4	COX6B1	9606.ENSP00000443795	9606.ENSP00000466818	0	0	0	0	0.098	0	0	0.450	0.483
COA5	COX15	9606.ENSP00000330730	9606.ENSP00000016171	0	0	0	0	0.067	0	0	0.583	0.594
COA5	CMC2	9606.ENSP00000330730	9606.ENSP00000219400	0	0	0	0	0.110	0	0	0.426	0.468
COA5	COX6A1	9606.ENSP00000330730	9606.ENSP00000229379	0	0	0	0	0.074	0	0	0.397	0.419
COA5	SCO1	9606.ENSP00000330730	9606.ENSP00000255390	0	0	0	0	0.093	0	0	0.750	0.763
COA5	TACO1	9606.ENSP00000330730	9606.ENSP00000258975	0	0	0	0	0.093	0	0	0.492	0.519
COA5	NDUFAF1	9606.ENSP00000330730	9606.ENSP00000260361	0	0	0	0	0.166	0	0	0.391	0.471
COA5	COX17	9606.ENSP00000330730	9606.ENSP00000261070	0	0	0	0	0.413	0	0	0.742	0.842
COA5	FOXRED1	9606.ENSP00000330730	9606.ENSP00000263578	0	0	0	0	0.063	0	0	0.444	0.456
COA5	COX11	9606.ENSP00000330730	9606.ENSP00000299335	0	0	0	0	0.155	0	0	0.688	0.725
COA5	TMEM70	9606.ENSP00000330730	9606.ENSP00000312599	0	0	0	0	0.088	0	0	0.447	0.474
COA5	ACAD9	9606.ENSP00000330730	9606.ENSP00000312618	0	0	0	0	0.074	0	0	0.613	0.627
COA5	COX5A	9606.ENSP00000330730	9606.ENSP00000317780	0	0	0	0	0.117	0.107	0	0.318	0.415
COA5	COX14	9606.ENSP00000330730	9606.ENSP00000326052	0	0	0	0	0.133	0	0	0.679	0.710
COA5	NDUFV2	9606.ENSP00000330730	9606.ENSP00000327268	0	0	0	0	0.049	0	0	0.458	0.462
COA5	UQCR10	9606.ENSP00000330730	9606.ENSP00000332887	0	0	0	0	0.262	0	0	0.241	0.416
COA5	DMAC2L	9606.ENSP00000330730	9606.ENSP00000451583	0	0	0	0	0.124	0	0	0.373	0.427
COA5	COX7B	9606.ENSP00000330730	9606.ENSP00000497474	0	0	0	0	0.091	0	0	0.412	0.443
COA5	COX6C	9606.ENSP00000330730	9606.ENSP00000429707	0	0	0	0	0.168	0	0	0.392	0.473
COA5	NDUFAF5	9606.ENSP00000330730	9606.ENSP00000367346	0	0	0	0	0.061	0	0	0.497	0.508
COA5	COA1	9606.ENSP00000330730	9606.ENSP00000379218	0	0	0	0	0.074	0	0	0.535	0.551
COA5	COA4	9606.ENSP00000330730	9606.ENSP00000443795	0	0	0	0	0.138	0	0	0.538	0.585
COA5	COX6B1	9606.ENSP00000330730	9606.ENSP00000466818	0	0	0	0	0.049	0	0	0.590	0.593
COA5	SURF1	9606.ENSP00000330730	9606.ENSP00000361042	0	0	0	0	0.056	0	0	0.592	0.598
COA5	COA7	9606.ENSP00000330730	9606.ENSP00000360593	0	0	0	0	0.042	0	0	0.602	0.602
COA5	COX20	9606.ENSP00000330730	9606.ENSP00000355486	0	0	0	0	0.136	0	0	0.590	0.630
COA5	CMC1	9606.ENSP00000330730	9606.ENSP00000418348	0	0	0	0	0.413	0	0	0.399	0.632
COA5	COA3	9606.ENSP00000330730	9606.ENSP00000354762	0	0	0	0	0.120	0	0	0.612	0.644
COA5	PET100	9606.ENSP00000330730	9606.ENSP00000470539	0	0	0	0	0.158	0	0	0.611	0.658
COA5	SCO2	9606.ENSP00000330730	9606.ENSP00000444433	0	0	0	0	0.079	0	0	0.679	0.692
COA5	COA6	9606.ENSP00000330730	9606.ENSP00000355574	0	0	0	0	0.056	0	0	0.750	0.754
COA5	PET117	9606.ENSP00000330730	9606.ENSP00000397881	0	0	0	0	0.394	0	0	0.640	0.772
COA5	COX19	9606.ENSP00000330730	9606.ENSP00000342015	0	0	0	0	0.160	0	0	0.742	0.774
COA6	NDUFAF7	9606.ENSP00000355574	9606.ENSP00000002125	0	0	0	0	0.099	0	0	0.383	0.420
COA6	COX15	9606.ENSP00000355574	9606.ENSP00000016171	0	0	0	0	0.126	0	0.360	0.644	0.783
COA6	NDUFB4	9606.ENSP00000355574	9606.ENSP00000184266	0	0	0	0	0.329	0.301	0	0.218	0.601
COA6	UQCRC1	9606.ENSP00000355574	9606.ENSP00000203407	0	0	0	0	0.143	0.512	0.476	0.320	0.831
COA6	NDUFB7	9606.ENSP00000355574	9606.ENSP00000215565	0	0	0	0	0.435	0.309	0	0.422	0.754
COA6	CMC2	9606.ENSP00000355574	9606.ENSP00000219400	0	0	0	0	0.136	0	0.400	0.474	0.703
COA6	COX6A1	9606.ENSP00000355574	9606.ENSP00000229379	0	0	0	0	0.382	0.478	0.501	0.552	0.918
COA6	NDUFS7	9606.ENSP00000355574	9606.ENSP00000233627	0	0	0	0	0.152	0.290	0	0.137	0.436
COA6	NDUFA2	9606.ENSP00000355574	9606.ENSP00000252102	0	0	0	0	0.346	0.343	0	0.212	0.632
COA6	NDUFA10	9606.ENSP00000355574	9606.ENSP00000252711	0	0	0	0	0.152	0.273	0	0.190	0.457
COA6	SCO1	9606.ENSP00000355574	9606.ENSP00000255390	0	0	0	0	0.141	0.399	0	0.904	0.946
COA6	COX5B	9606.ENSP00000355574	9606.ENSP00000258424	0	0	0	0	0.415	0.516	0.520	0.656	0.947
COA6	TACO1	9606.ENSP00000355574	9606.ENSP00000258975	0	0	0	0	0.059	0	0	0.395	0.407
COA6	NDUFB5	9606.ENSP00000355574	9606.ENSP00000259037	0	0	0	0	0.342	0.283	0	0.239	0.610
COA6	COX17	9606.ENSP00000355574	9606.ENSP00000261070	0	0	0	0	0.132	0	0.400	0.760	0.864
COA6	FOXRED1	9606.ENSP00000355574	9606.ENSP00000263578	0	0	0	0	0.049	0	0	0.405	0.410
COA6	NDUFS3	9606.ENSP00000355574	9606.ENSP00000263774	0	0	0	0	0.317	0.244	0	0.197	0.549
COA6	SDHA	9606.ENSP00000355574	9606.ENSP00000264932	0	0	0	0	0.134	0.071	0	0.327	0.411
COA6	NDUFA9	9606.ENSP00000355574	9606.ENSP00000266544	0	0	0	0	0.220	0.224	0	0.238	0.499
COA6	UQCRC2	9606.ENSP00000355574	9606.ENSP00000268379	0	0	0	0	0.271	0.743	0.524	0.308	0.930
COA6	NDUFB10	9606.ENSP00000355574	9606.ENSP00000268668	0	0	0	0	0.164	0.283	0	0.386	0.600
COA6	PNKD	9606.ENSP00000355574	9606.ENSP00000273077	0	0	0	0	0.112	0.051	0	0.370	0.423
COA6	NDUFS6	9606.ENSP00000355574	9606.ENSP00000274137	0	0	0	0	0.333	0.218	0	0.200	0.547
COA6	NDUFB11	9606.ENSP00000355574	9606.ENSP00000276062	0	0	0	0	0.261	0.257	0	0.213	0.531
COA6	NDUFB9	9606.ENSP00000355574	9606.ENSP00000276689	0	0	0	0	0.348	0.299	0	0.249	0.627
COA6	NDUFC2	9606.ENSP00000355574	9606.ENSP00000281031	0	0	0	0	0.343	0.290	0	0.093	0.540
COA6	COX7A1	9606.ENSP00000355574	9606.ENSP00000292907	0	0	0	0	0	0.526	0.360	0.264	0.757
COA6	NDUFS4	9606.ENSP00000355574	9606.ENSP00000296684	0	0	0	0	0.331	0.311	0	0.224	0.611
COA6	NDUFB8	9606.ENSP00000355574	9606.ENSP00000299166	0	0	0	0	0.327	0.257	0	0.182	0.556
COA6	COX11	9606.ENSP00000355574	9606.ENSP00000299335	0	0	0	0	0.059	0	0	0.800	0.804
COA6	NDUFA7	9606.ENSP00000355574	9606.ENSP00000301457	0	0	0	0	0.314	0.114	0	0.115	0.415
COA6	UQCRFS1	9606.ENSP00000355574	9606.ENSP00000306397	0	0	0	0	0.345	0.748	0.628	0.277	0.949
COA6	UQCRH	9606.ENSP00000355574	9606.ENSP00000309565	0	0	0	0	0.394	0.513	0.570	0.307	0.900
COA6	TMEM70	9606.ENSP00000355574	9606.ENSP00000312599	0	0	0	0	0.144	0	0	0.432	0.494
COA6	NDUFS8	9606.ENSP00000355574	9606.ENSP00000315774	0	0	0	0	0.363	0.298	0	0.249	0.635
COA6	CYC1	9606.ENSP00000355574	9606.ENSP00000317159	0	0	0	0	0.373	0.749	0.628	0.244	0.949
COA6	COX5A	9606.ENSP00000355574	9606.ENSP00000317780	0	0	0	0	0.694	0.748	0.574	0.565	0.983
COA6	COX8A	9606.ENSP00000355574	9606.ENSP00000321260	0	0	0	0	0.129	0	0.360	0.352	0.607
COA6	NDUFAF3	9606.ENSP00000355574	9606.ENSP00000323076	0	0	0	0	0.142	0	0	0.329	0.400
COA6	COX14	9606.ENSP00000355574	9606.ENSP00000326052	0	0	0	0	0.219	0.161	0	0.625	0.733
COA6	NDUFV2	9606.ENSP00000355574	9606.ENSP00000327268	0	0	0	0	0.413	0.283	0	0.174	0.622
COA6	COA5	9606.ENSP00000355574	9606.ENSP00000330730	0	0	0	0	0.056	0	0	0.750	0.754
COA6	NDUFA12	9606.ENSP00000355574	9606.ENSP00000330737	0	0	0	0	0.368	0.331	0	0.136	0.603
COA6	UQCR10	9606.ENSP00000355574	9606.ENSP00000332887	0	0	0	0	0.564	0.748	0.524	0.377	0.963
COA6	NDUFA4	9606.ENSP00000355574	9606.ENSP00000339720	0	0	0	0	0.206	0.048	0.360	0.457	0.702
COA6	COX19	9606.ENSP00000355574	9606.ENSP00000342015	0	0	0	0	0.074	0	0.400	0.729	0.836
COA6	NDUFV3	9606.ENSP00000355574	9606.ENSP00000346196	0	0	0	0	0.144	0.133	0	0.293	0.430
COA6	TMEM126B	9606.ENSP00000355574	9606.ENSP00000351737	0	0	0	0	0.219	0	0	0.311	0.438
COA6	MT-CO1	9606.ENSP00000355574	9606.ENSP00000354499	0	0	0	0	0.067	0.748	0.360	0.432	0.903
COA6	MT-CYB	9606.ENSP00000355574	9606.ENSP00000354554	0	0	0	0	0	0.445	0.360	0.337	0.744
COA6	MT-ATP6	9606.ENSP00000355574	9606.ENSP00000354632	0	0	0	0	0.070	0	0	0.411	0.429
COA6	MT-ND1	9606.ENSP00000355574	9606.ENSP00000354687	0	0	0	0	0.105	0.257	0	0.216	0.433
COA6	COA3	9606.ENSP00000355574	9606.ENSP00000354762	0	0	0	0	0.134	0	0	0.807	0.826
COA6	MT-CO2	9606.ENSP00000355574	9606.ENSP00000354876	0	0	0	0	0.056	0.811	0.574	0.655	0.970
COA6	MT-ND4	9606.ENSP00000355574	9606.ENSP00000354961	0	0	0	0	0.076	0.257	0	0.356	0.519
COA6	MT-CO3	9606.ENSP00000355574	9606.ENSP00000354982	0	0	0	0	0.072	0.748	0.574	0.448	0.937
COA6	COX20	9606.ENSP00000355574	9606.ENSP00000355486	0	0	0	0	0.087	0	0	0.697	0.711
COA6	NDUFB1	9606.ENSP00000355574	9606.ENSP00000483888	0	0	0	0	0.119	0.257	0	0.157	0.400
COA6	NDUFA3	9606.ENSP00000355574	9606.ENSP00000418438	0	0	0	0	0.148	0.282	0	0.108	0.407
COA6	UQCC2	9606.ENSP00000355574	9606.ENSP00000476140	0	0	0	0	0.167	0	0	0.328	0.416
COA6	SDHC	9606.ENSP00000355574	9606.ENSP00000356953	0	0	0	0	0.292	0	0	0.213	0.420
COA6	SDHD	9606.ENSP00000355574	9606.ENSP00000364699	0	0	0	0	0.290	0	0	0.282	0.469
COA6	NDUFS1	9606.ENSP00000355574	9606.ENSP00000392709	0	0	0	0	0.130	0.288	0	0.229	0.481
COA6	SDHB	9606.ENSP00000355574	9606.ENSP00000364649	0	0	0	0	0.348	0.128	0	0.222	0.519
COA6	NDUFV1	9606.ENSP00000355574	9606.ENSP00000497587	0	0	0	0	0.260	0.255	0	0.209	0.526
COA6	CMC1	9606.ENSP00000355574	9606.ENSP00000418348	0	0	0	0	0.163	0.071	0	0.442	0.528
COA6	NDUFA6	9606.ENSP00000355574	9606.ENSP00000482543	0	0	0	0	0.425	0.226	0	0.116	0.572
COA6	NDUFA13	9606.ENSP00000355574	9606.ENSP00000423673	0	0	0	0	0.334	0.311	0	0.144	0.573
COA6	TMEM177	9606.ENSP00000355574	9606.ENSP00000402661	0	0	0	0	0.074	0	0	0.570	0.584
COA6	NDUFB3	9606.ENSP00000355574	9606.ENSP00000407336	0	0	0	0	0.304	0.257	0	0.273	0.591
COA6	HIGD1A	9606.ENSP00000355574	9606.ENSP00000398064	0	0	0	0	0.114	0.312	0	0.384	0.592
COA6	COA1	9606.ENSP00000355574	9606.ENSP00000379218	0	0	0	0	0.099	0.292	0	0.418	0.596
COA6	NDUFAB1	9606.ENSP00000355574	9606.ENSP00000458770	0	0	0	0	0.322	0.304	0	0.226	0.603
COA6	NDUFS5	9606.ENSP00000355574	9606.ENSP00000362058	0	0	0	0	0.163	0.329	0	0.357	0.607
COA6	COX7A2L	9606.ENSP00000355574	9606.ENSP00000367938	0	0	0	0	0.068	0.279	0.360	0.197	0.608
COA6	COA7	9606.ENSP00000355574	9606.ENSP00000360593	0	0	0	0	0.095	0	0	0.602	0.625
COA6	SURF1	9606.ENSP00000355574	9606.ENSP00000361042	0	0	0	0	0.125	0	0	0.596	0.632
COA6	NDUFB6	9606.ENSP00000355574	9606.ENSP00000369176	0	0	0	0	0.425	0.283	0	0.194	0.639
COA6	BCS1L	9606.ENSP00000355574	9606.ENSP00000413908	0	0	0	0	0.109	0	0.500	0.280	0.651
COA6	COX7A2	9606.ENSP00000355574	9606.ENSP00000359098	0	0	0	0	0.177	0.048	0.360	0.418	0.669
COA6	NDUFA5	9606.ENSP00000355574	9606.ENSP00000417142	0	0	0	0	0.376	0.346	0	0.271	0.676
COA6	PET100	9606.ENSP00000355574	9606.ENSP00000470539	0	0	0	0	0.105	0	0	0.658	0.681
COA6	NDUFS2	9606.ENSP00000355574	9606.ENSP00000356972	0	0	0	0	0.282	0.309	0	0.412	0.683
COA6	PET117	9606.ENSP00000355574	9606.ENSP00000397881	0	0	0	0	0.108	0	0	0.686	0.708
COA6	COX18	9606.ENSP00000355574	9606.ENSP00000425261	0	0	0	0	0.087	0	0	0.697	0.712
COA6	COX6B1	9606.ENSP00000355574	9606.ENSP00000466818	0	0	0	0	0.066	0	0.360	0.597	0.738
COA6	NDUFA8	9606.ENSP00000355574	9606.ENSP00000362873	0	0	0	0	0.389	0.273	0	0.488	0.753
COA6	COX7B	9606.ENSP00000355574	9606.ENSP00000497474	0	0	0	0	0.141	0.414	0.360	0.472	0.807
COA6	UQCR11	9606.ENSP00000355574	9606.ENSP00000467262	0	0	0	0	0.209	0.603	0.360	0.195	0.816
COA6	COA4	9606.ENSP00000355574	9606.ENSP00000443795	0	0	0	0	0.163	0	0.400	0.713	0.843
COA6	SCO2	9606.ENSP00000355574	9606.ENSP00000444433	0	0	0	0	0.082	0.449	0	0.832	0.907
COA6	COX4I1	9606.ENSP00000355574	9606.ENSP00000457513	0	0	0	0	0.326	0.603	0.520	0.480	0.924
COA6	COX6C	9606.ENSP00000355574	9606.ENSP00000429707	0	0	0	0	0.366	0.749	0.360	0.410	0.931
COA6	UQCRQ	9606.ENSP00000355574	9606.ENSP00000367939	0	0	0	0	0.631	0.744	0.524	0.352	0.967
COA6	UQCRB	9606.ENSP00000355574	9606.ENSP00000430494	0	0	0	0	0.616	0.747	0.605	0.411	0.974
COA6	COX7C	9606.ENSP00000355574	9606.ENSP00000425759	0	0	0	0	0.679	0.682	0.574	0.704	0.985
COA7	COX15	9606.ENSP00000360593	9606.ENSP00000016171	0	0	0	0	0.103	0.095	0	0.355	0.430
COA7	COX6A1	9606.ENSP00000360593	9606.ENSP00000229379	0	0	0	0	0.053	0	0	0.479	0.486
COA7	SCO1	9606.ENSP00000360593	9606.ENSP00000255390	0.051	0	0	0	0.445	0.227	0	0.366	0.707
COA7	TACO1	9606.ENSP00000360593	9606.ENSP00000258975	0.079	0	0	0	0.082	0	0	0.451	0.495
COA7	COX17	9606.ENSP00000360593	9606.ENSP00000261070	0	0	0	0	0.049	0	0	0.597	0.600
COA7	NDUFB10	9606.ENSP00000360593	9606.ENSP00000268668	0	0	0	0	0.055	0	0	0.470	0.478
COA7	AIFM1	9606.ENSP00000360593	9606.ENSP00000287295	0	0	0	0	0.062	0.359	0	0.234	0.499
COA7	COX8A	9606.ENSP00000360593	9606.ENSP00000321260	0	0	0	0	0.047	0	0	0.557	0.560
COA7	COX14	9606.ENSP00000360593	9606.ENSP00000326052	0	0	0	0	0	0.161	0	0.330	0.414
COA7	COA5	9606.ENSP00000360593	9606.ENSP00000330730	0	0	0	0	0.042	0	0	0.602	0.602
COA7	COA6	9606.ENSP00000360593	9606.ENSP00000355574	0	0	0	0	0.095	0	0	0.602	0.625
COA7	PET117	9606.ENSP00000360593	9606.ENSP00000397881	0	0	0	0	0	0	0	0.412	0.412
COA7	SURF1	9606.ENSP00000360593	9606.ENSP00000361042	0	0	0	0	0.049	0.095	0	0.402	0.440
COA7	NDUFA8	9606.ENSP00000360593	9606.ENSP00000362873	0	0	0	0	0.110	0	0	0.423	0.465
COA7	NDUFB3	9606.ENSP00000360593	9606.ENSP00000407336	0	0	0	0	0.056	0	0	0.486	0.494
COA7	COX4I1	9606.ENSP00000360593	9606.ENSP00000457513	0	0	0	0	0.091	0.432	0	0.227	0.566
COA7	COX6B1	9606.ENSP00000360593	9606.ENSP00000466818	0	0	0	0	0.049	0.227	0	0.535	0.629
COA7	COA4	9606.ENSP00000360593	9606.ENSP00000443795	0	0	0	0	0.162	0	0	0.597	0.648
COX11	COX15	9606.ENSP00000299335	9606.ENSP00000016171	0.231	0	0	0	0.620	0.088	0	0.772	0.931
COX11	TIMM21	9606.ENSP00000299335	9606.ENSP00000169551	0	0	0	0	0.197	0	0	0.561	0.632
COX11	UQCRC1	9606.ENSP00000299335	9606.ENSP00000203407	0.111	0	0	0	0.068	0.161	0.163	0.457	0.627
COX11	NDUFB7	9606.ENSP00000299335	9606.ENSP00000215565	0	0	0	0	0.077	0	0	0.522	0.540
COX11	CMC2	9606.ENSP00000299335	9606.ENSP00000219400	0	0	0	0	0.074	0	0	0.504	0.521
COX11	COX6A1	9606.ENSP00000299335	9606.ENSP00000229379	0	0	0	0	0.050	0	0	0.496	0.501
COX11	SCO1	9606.ENSP00000299335	9606.ENSP00000255390	0.120	0	0	0	0.476	0.125	0	0.915	0.961
COX11	COX5B	9606.ENSP00000299335	9606.ENSP00000258424	0	0	0	0	0.049	0.093	0	0.404	0.441
COX11	TACO1	9606.ENSP00000299335	9606.ENSP00000258975	0	0	0	0	0.104	0	0	0.420	0.458
COX11	NDUFB5	9606.ENSP00000299335	9606.ENSP00000259037	0	0	0	0	0.266	0	0	0.301	0.465
COX11	COX17	9606.ENSP00000299335	9606.ENSP00000261070	0	0	0	0	0.119	0	0	0.934	0.939
COX11	TTC19	9606.ENSP00000299335	9606.ENSP00000261647	0	0	0	0	0.141	0	0	0.401	0.464
COX11	NDUFS3	9606.ENSP00000299335	9606.ENSP00000263774	0	0	0	0	0.104	0	0	0.502	0.535
COX11	UQCRC2	9606.ENSP00000299335	9606.ENSP00000268379	0.111	0	0	0	0.122	0.129	0.154	0.506	0.664
COX11	NDUFB10	9606.ENSP00000299335	9606.ENSP00000268668	0	0	0	0	0.049	0	0	0.491	0.496
COX11	NDUFB9	9606.ENSP00000299335	9606.ENSP00000276689	0	0	0	0	0.149	0	0	0.378	0.448
COX11	NDUFS4	9606.ENSP00000299335	9606.ENSP00000296684	0	0	0	0	0.136	0	0	0.386	0.447
COX11	ATPAF2	9606.ENSP00000299335	9606.ENSP00000417190	0	0	0	0	0.060	0	0	0.398	0.410
COX11	COX7A2	9606.ENSP00000299335	9606.ENSP00000359098	0	0	0	0	0.097	0	0	0.375	0.412
COX11	MT-ND4	9606.ENSP00000299335	9606.ENSP00000354961	0	0	0	0	0	0	0	0.417	0.417
COX11	NDUFS1	9606.ENSP00000299335	9606.ENSP00000392709	0	0	0	0	0.087	0	0	0.394	0.423
COX11	CMC1	9606.ENSP00000299335	9606.ENSP00000418348	0	0	0	0	0.098	0	0	0.390	0.426
COX11	NDUFAB1	9606.ENSP00000299335	9606.ENSP00000458770	0	0	0	0	0.124	0	0	0.376	0.430
COX11	MT-ND5	9606.ENSP00000299335	9606.ENSP00000354813	0	0	0	0	0	0	0	0.439	0.439
COX11	COX7B	9606.ENSP00000299335	9606.ENSP00000497474	0	0	0	0	0.048	0	0	0.436	0.440
COX11	UQCC1	9606.ENSP00000299335	9606.ENSP00000363506	0	0	0	0	0.275	0	0	0.283	0.458
COX11	MT-ND1	9606.ENSP00000299335	9606.ENSP00000354687	0	0	0	0	0	0	0	0.459	0.459
COX11	NDUFA13	9606.ENSP00000299335	9606.ENSP00000423673	0	0	0	0	0	0	0	0.459	0.459
COX11	COX20	9606.ENSP00000299335	9606.ENSP00000355486	0	0	0	0	0.121	0	0	0.418	0.466
COX11	SDHB	9606.ENSP00000299335	9606.ENSP00000364649	0	0	0	0	0.056	0	0	0.461	0.470
COX11	COX7C	9606.ENSP00000299335	9606.ENSP00000425759	0	0	0	0	0.058	0	0	0.473	0.482
COX11	LYRM7	9606.ENSP00000299335	9606.ENSP00000368688	0	0	0	0	0.139	0.091	0	0.391	0.482
COX11	BCS1L	9606.ENSP00000299335	9606.ENSP00000413908	0	0	0	0	0.251	0	0	0.348	0.491
COX11	NDUFA4	9606.ENSP00000299335	9606.ENSP00000339720	0	0	0	0	0.060	0.228	0	0.364	0.498
COX11	MT-CYB	9606.ENSP00000299335	9606.ENSP00000354554	0	0	0	0	0	0	0.216	0.394	0.504
COX11	COA1	9606.ENSP00000299335	9606.ENSP00000379218	0	0	0	0	0.164	0	0	0.433	0.505
COX11	COX4I1	9606.ENSP00000299335	9606.ENSP00000457513	0	0	0	0	0.049	0	0	0.546	0.550
COX11	PET100	9606.ENSP00000299335	9606.ENSP00000470539	0	0	0	0	0.109	0	0	0.517	0.551
COX11	NDUFA8	9606.ENSP00000299335	9606.ENSP00000362873	0	0	0	0	0.060	0	0	0.544	0.553
COX11	COX6B1	9606.ENSP00000299335	9606.ENSP00000466818	0	0	0	0	0.049	0	0	0.557	0.561
COX11	ATPAF1	9606.ENSP00000299335	9606.ENSP00000460964	0	0	0	0	0.222	0	0	0.469	0.570
COX11	MT-ATP6	9606.ENSP00000299335	9606.ENSP00000354632	0	0	0	0	0	0	0	0.580	0.580
COX11	COX14	9606.ENSP00000299335	9606.ENSP00000326052	0	0	0	0	0.049	0	0	0.610	0.613
COX11	COA4	9606.ENSP00000299335	9606.ENSP00000443795	0	0	0	0	0.085	0.355	0	0.433	0.636
COX11	COA3	9606.ENSP00000299335	9606.ENSP00000354762	0	0	0	0	0.061	0.292	0	0.507	0.643
COX11	COX5A	9606.ENSP00000299335	9606.ENSP00000317780	0	0	0	0	0.107	0	0	0.644	0.669
COX11	PET117	9606.ENSP00000299335	9606.ENSP00000397881	0	0	0	0	0.049	0.088	0	0.675	0.693
COX11	CYC1	9606.ENSP00000299335	9606.ENSP00000317159	0	0	0	0	0.049	0	0.285	0.591	0.697
COX11	COX18	9606.ENSP00000299335	9606.ENSP00000425261	0	0	0	0	0.162	0	0	0.675	0.716
COX11	COA5	9606.ENSP00000299335	9606.ENSP00000330730	0	0	0	0	0.155	0	0	0.688	0.725
COX11	UQCRFS1	9606.ENSP00000299335	9606.ENSP00000306397	0	0	0.211	0	0.106	0	0.558	0.399	0.787
COX11	COA6	9606.ENSP00000299335	9606.ENSP00000355574	0	0	0	0	0.059	0	0	0.800	0.804
COX11	COX19	9606.ENSP00000299335	9606.ENSP00000342015	0	0	0	0	0.093	0.355	0	0.848	0.903
COX11	SURF1	9606.ENSP00000299335	9606.ENSP00000361042	0.120	0	0	0	0.672	0.079	0	0.708	0.912
COX11	SCO2	9606.ENSP00000299335	9606.ENSP00000444433	0.120	0	0	0	0.400	0.073	0	0.862	0.923
COX11	MT-CO1	9606.ENSP00000299335	9606.ENSP00000354499	0.231	0	0	0	0.515	0	0.802	0.572	0.964
COX11	MT-CO3	9606.ENSP00000299335	9606.ENSP00000354982	0.231	0	0.226	0	0.685	0	0.802	0.495	0.977
COX11	MT-CO2	9606.ENSP00000299335	9606.ENSP00000354876	0.231	0	0	0	0.714	0	0.802	0.574	0.979
COX14	COX15	9606.ENSP00000326052	9606.ENSP00000016171	0	0	0	0	0	0.161	0	0.650	0.694
COX14	TIMM21	9606.ENSP00000326052	9606.ENSP00000169551	0	0	0	0	0.067	0	0	0.480	0.494
COX14	NDUFB4	9606.ENSP00000326052	9606.ENSP00000184266	0	0	0	0	0.320	0	0	0.222	0.448
COX14	NDUFB7	9606.ENSP00000326052	9606.ENSP00000215565	0	0	0	0	0.584	0	0	0.262	0.680
COX14	COX6A1	9606.ENSP00000326052	9606.ENSP00000229379	0	0	0	0	0.209	0	0	0.428	0.528
COX14	NDUFS7	9606.ENSP00000326052	9606.ENSP00000233627	0	0	0	0	0.358	0.222	0	0.089	0.505
COX14	NDUFA2	9606.ENSP00000326052	9606.ENSP00000252102	0	0	0	0	0.456	0.120	0	0.254	0.611
COX14	SCO1	9606.ENSP00000326052	9606.ENSP00000255390	0	0	0	0	0.066	0.095	0	0.600	0.632
COX14	COX5B	9606.ENSP00000326052	9606.ENSP00000258424	0	0	0	0	0.670	0.164	0	0.561	0.868
COX14	TACO1	9606.ENSP00000326052	9606.ENSP00000258975	0	0	0	0	0.054	0.079	0	0.667	0.684
COX14	COX17	9606.ENSP00000326052	9606.ENSP00000261070	0	0	0	0	0.186	0.422	0	0.518	0.753
COX14	NDUFS3	9606.ENSP00000326052	9606.ENSP00000263774	0	0	0	0	0.287	0.188	0	0.150	0.465
COX14	NDUFA9	9606.ENSP00000326052	9606.ENSP00000266544	0	0	0	0	0.260	0.073	0	0.270	0.456
COX14	NDUFB10	9606.ENSP00000326052	9606.ENSP00000268668	0	0	0	0	0.516	0	0	0.220	0.606
COX14	NDUFS6	9606.ENSP00000326052	9606.ENSP00000274137	0	0	0	0	0.279	0.188	0	0.099	0.426
COX14	NDUFB11	9606.ENSP00000326052	9606.ENSP00000276062	0	0	0	0	0.484	0	0	0.146	0.540
COX14	NDUFB9	9606.ENSP00000326052	9606.ENSP00000276689	0	0	0	0	0.456	0	0	0.220	0.557
COX14	NDUFB8	9606.ENSP00000326052	9606.ENSP00000299166	0	0	0	0	0.585	0	0	0.269	0.683
COX14	COX11	9606.ENSP00000326052	9606.ENSP00000299335	0	0	0	0	0.049	0	0	0.610	0.613
COX14	NDUFA7	9606.ENSP00000326052	9606.ENSP00000301457	0	0	0	0	0.482	0.222	0	0	0.580
COX14	COX5A	9606.ENSP00000326052	9606.ENSP00000317780	0	0	0	0	0.156	0.161	0	0.721	0.785
COX14	COX8A	9606.ENSP00000326052	9606.ENSP00000321260	0	0	0	0	0.186	0	0	0.605	0.664
COX14	COA4	9606.ENSP00000326052	9606.ENSP00000443795	0	0	0	0	0.110	0	0	0.353	0.400
COX14	COA7	9606.ENSP00000326052	9606.ENSP00000360593	0	0	0	0	0	0.161	0	0.330	0.414
COX14	NDUFA6	9606.ENSP00000326052	9606.ENSP00000482543	0	0	0	0	0.281	0.120	0	0.161	0.423
COX14	UQCRB	9606.ENSP00000326052	9606.ENSP00000430494	0	0	0	0	0.181	0	0	0.339	0.435
COX14	NDUFB1	9606.ENSP00000326052	9606.ENSP00000483888	0	0	0	0	0.232	0	0	0.320	0.455
COX14	UQCC2	9606.ENSP00000326052	9606.ENSP00000476140	0	0	0	0	0.141	0	0	0.393	0.456
COX14	COX7A2	9606.ENSP00000326052	9606.ENSP00000359098	0	0	0	0	0.176	0	0	0.374	0.463
COX14	MT-CO2	9606.ENSP00000326052	9606.ENSP00000354876	0	0	0	0	0	0.165	0	0.389	0.468
COX14	NDUFA1	9606.ENSP00000326052	9606.ENSP00000360492	0	0	0	0	0.369	0	0	0.249	0.506
COX14	SCO2	9606.ENSP00000326052	9606.ENSP00000444433	0	0	0	0	0.047	0	0	0.518	0.521
COX14	COX7C	9606.ENSP00000326052	9606.ENSP00000425759	0	0	0	0	0.218	0	0	0.419	0.526
COX14	NDUFA4	9606.ENSP00000326052	9606.ENSP00000339720	0	0	0	0	0.217	0	0	0.428	0.533
COX14	HIGD1A	9606.ENSP00000326052	9606.ENSP00000398064	0	0	0	0	0.163	0	0	0.470	0.537
COX14	COX6C	9606.ENSP00000326052	9606.ENSP00000429707	0	0	0	0	0.282	0	0	0.419	0.565
COX14	COX4I1	9606.ENSP00000326052	9606.ENSP00000457513	0	0	0	0	0.171	0.073	0	0.480	0.565
COX14	COX19	9606.ENSP00000326052	9606.ENSP00000342015	0	0	0	0	0.060	0	0	0.559	0.568
COX14	NDUFB3	9606.ENSP00000326052	9606.ENSP00000407336	0	0	0	0	0.431	0	0	0.324	0.599
COX14	COX7B	9606.ENSP00000326052	9606.ENSP00000497474	0	0	0	0	0.228	0	0	0.510	0.605
COX14	COX18	9606.ENSP00000326052	9606.ENSP00000425261	0	0	0	0	0	0	0	0.624	0.624
COX14	PET117	9606.ENSP00000326052	9606.ENSP00000397881	0	0	0	0	0.049	0	0	0.621	0.624
COX14	NDUFA8	9606.ENSP00000326052	9606.ENSP00000362873	0	0	0	0	0.443	0.164	0	0.270	0.630
COX14	NDUFA13	9606.ENSP00000326052	9606.ENSP00000423673	0	0	0	0	0.588	0.079	0	0.125	0.639
COX14	COX6B1	9606.ENSP00000326052	9606.ENSP00000466818	0	0	0	0	0.261	0.161	0	0.470	0.643
COX14	UQCR11	9606.ENSP00000326052	9606.ENSP00000467262	0	0	0	0	0.536	0	0	0.267	0.645
COX14	COX20	9606.ENSP00000326052	9606.ENSP00000355486	0	0	0	0	0.074	0	0	0.645	0.657
COX14	UQCRQ	9606.ENSP00000326052	9606.ENSP00000367939	0	0	0	0	0.502	0	0	0.370	0.673
COX14	PET100	9606.ENSP00000326052	9606.ENSP00000470539	0	0	0	0	0.095	0	0	0.661	0.680
COX14	CMC1	9606.ENSP00000326052	9606.ENSP00000418348	0	0	0	0	0.110	0	0	0.656	0.680
COX14	SMIM20	9606.ENSP00000326052	9606.ENSP00000427407	0	0	0	0	0.085	0	0	0.675	0.689
COX14	NDUFA11	9606.ENSP00000326052	9606.ENSP00000389160	0	0	0	0	0.634	0	0	0.211	0.699
COX14	MT-CO1	9606.ENSP00000326052	9606.ENSP00000354499	0	0	0	0	0	0.510	0	0.431	0.709
COX14	COA5	9606.ENSP00000326052	9606.ENSP00000330730	0	0	0	0	0.133	0	0	0.679	0.710
COX14	NDUFS5	9606.ENSP00000326052	9606.ENSP00000362058	0	0	0	0	0.677	0	0	0.138	0.710
COX14	UQCR10	9606.ENSP00000326052	9606.ENSP00000332887	0	0	0	0	0.690	0	0	0.138	0.721
COX14	COA6	9606.ENSP00000326052	9606.ENSP00000355574	0	0	0	0	0.219	0.161	0	0.625	0.733
COX14	COA1	9606.ENSP00000326052	9606.ENSP00000379218	0	0	0	0	0.094	0	0	0.791	0.802
COX14	SURF1	9606.ENSP00000326052	9606.ENSP00000361042	0	0	0	0	0.142	0.292	0	0.869	0.913
COX14	COA3	9606.ENSP00000326052	9606.ENSP00000354762	0	0	0	0	0.434	0.621	0	0.984	0.996
COX15	SDHD	9606.ENSP00000016171	9606.ENSP00000364699	0	0	0	0	0.127	0	0	0.347	0.406
COX15	MT-ND1	9606.ENSP00000016171	9606.ENSP00000354687	0	0	0	0	0.142	0	0	0.338	0.408
COX15	NDUFB7	9606.ENSP00000016171	9606.ENSP00000215565	0	0	0	0	0.127	0	0	0.354	0.412
COX15	TMEM70	9606.ENSP00000016171	9606.ENSP00000312599	0	0	0	0	0.082	0	0	0.386	0.412
COX15	NDUFA11	9606.ENSP00000016171	9606.ENSP00000389160	0	0	0	0	0.097	0	0	0.384	0.420
COX15	NDUFB5	9606.ENSP00000016171	9606.ENSP00000259037	0	0	0	0	0.149	0	0	0.348	0.421
COX15	ATPAF1	9606.ENSP00000016171	9606.ENSP00000460964	0	0	0	0	0.109	0	0	0.383	0.427
COX15	COA7	9606.ENSP00000016171	9606.ENSP00000360593	0	0	0	0	0.103	0.095	0	0.355	0.430
COX15	SDHB	9606.ENSP00000016171	9606.ENSP00000364649	0	0	0	0	0.137	0	0	0.370	0.433
COX15	NDUFB3	9606.ENSP00000016171	9606.ENSP00000407336	0	0	0	0	0.097	0	0	0.400	0.435
COX15	AIFM1	9606.ENSP00000016171	9606.ENSP00000287295	0	0	0	0	0.111	0.363	0	0.115	0.455
COX15	NDUFA5	9606.ENSP00000016171	9606.ENSP00000417142	0	0	0	0	0.097	0.135	0	0.370	0.464
COX15	NDUFS6	9606.ENSP00000016171	9606.ENSP00000274137	0	0	0	0	0.067	0.300	0	0.261	0.475
COX15	SDHAF1	9606.ENSP00000016171	9606.ENSP00000368165	0	0	0	0	0	0	0	0.476	0.476
COX15	NDUFA10	9606.ENSP00000016171	9606.ENSP00000252711	0	0	0	0	0.103	0	0	0.469	0.503
COX15	COX20	9606.ENSP00000016171	9606.ENSP00000355486	0	0	0	0	0.068	0	0	0.505	0.518
COX15	SDHC	9606.ENSP00000016171	9606.ENSP00000356953	0.045	0	0	0	0.149	0	0	0.457	0.520
COX15	NDUFA9	9606.ENSP00000016171	9606.ENSP00000266544	0	0	0	0	0.076	0.239	0	0.376	0.523
COX15	ATPAF2	9606.ENSP00000016171	9606.ENSP00000417190	0	0	0	0	0.106	0	0	0.502	0.536
COX15	MT-ND4	9606.ENSP00000016171	9606.ENSP00000354961	0	0	0	0	0.100	0	0	0.523	0.552
COX15	TIMM21	9606.ENSP00000016171	9606.ENSP00000169551	0	0	0	0	0.108	0	0	0.522	0.555
COX15	NDUFA2	9606.ENSP00000016171	9606.ENSP00000252102	0	0	0	0	0.101	0.095	0	0.522	0.577
COX15	COX19	9606.ENSP00000016171	9606.ENSP00000342015	0	0	0	0	0.049	0	0	0.579	0.582
COX15	NDUFS2	9606.ENSP00000016171	9606.ENSP00000356972	0	0	0	0	0.172	0.095	0	0.498	0.591
COX15	COX7A1	9606.ENSP00000016171	9606.ENSP00000292907	0	0	0	0	0	0	0.360	0.392	0.594
COX15	COA5	9606.ENSP00000016171	9606.ENSP00000330730	0	0	0	0	0.067	0	0	0.583	0.594
COX15	COA1	9606.ENSP00000016171	9606.ENSP00000379218	0	0	0	0	0.108	0	0	0.582	0.611
COX15	COX7A2L	9606.ENSP00000016171	9606.ENSP00000367938	0	0	0	0	0.067	0	0.360	0.406	0.614
COX15	NDUFAF5	9606.ENSP00000016171	9606.ENSP00000367346	0	0	0	0	0.075	0	0	0.601	0.615
COX15	FOXRED1	9606.ENSP00000016171	9606.ENSP00000263578	0	0	0	0	0.074	0	0	0.612	0.625
COX15	NDUFV1	9606.ENSP00000016171	9606.ENSP00000497587	0	0	0	0	0.067	0.095	0	0.623	0.653
COX15	UQCR11	9606.ENSP00000016171	9606.ENSP00000467262	0	0	0	0	0.042	0	0.540	0.292	0.660
COX15	UQCRH	9606.ENSP00000016171	9606.ENSP00000309565	0	0	0	0	0.110	0	0.540	0.253	0.667
COX15	NDUFAF2	9606.ENSP00000016171	9606.ENSP00000296597	0	0	0	0	0.082	0.095	0	0.643	0.677
COX15	COX18	9606.ENSP00000016171	9606.ENSP00000425261	0	0	0	0	0.095	0	0	0.668	0.686
COX15	NDUFS1	9606.ENSP00000016171	9606.ENSP00000392709	0	0	0	0	0.075	0.135	0	0.642	0.689
COX15	COX8A	9606.ENSP00000016171	9606.ENSP00000321260	0	0	0	0	0.045	0	0.540	0.359	0.693
COX15	COX14	9606.ENSP00000016171	9606.ENSP00000326052	0	0	0	0	0	0.161	0	0.650	0.694
COX15	SDHA	9606.ENSP00000016171	9606.ENSP00000264932	0	0	0	0	0.117	0	0	0.672	0.698
COX15	PET100	9606.ENSP00000016171	9606.ENSP00000470539	0	0	0	0	0	0	0	0.703	0.703
COX15	MT-ND2	9606.ENSP00000016171	9606.ENSP00000355046	0	0	0	0	0.082	0	0	0.694	0.707
COX15	NDUFA12	9606.ENSP00000016171	9606.ENSP00000330737	0	0	0	0	0.082	0.597	0	0.283	0.711
COX15	UQCR10	9606.ENSP00000016171	9606.ENSP00000332887	0	0	0	0	0.067	0	0.540	0.390	0.715
COX15	NDUFS7	9606.ENSP00000016171	9606.ENSP00000233627	0	0	0	0	0.099	0.095	0	0.684	0.720
COX15	COX17	9606.ENSP00000016171	9606.ENSP00000261070	0	0	0	0	0.049	0	0	0.719	0.721
COX15	MT-ATP6	9606.ENSP00000016171	9606.ENSP00000354632	0	0	0	0	0.075	0	0	0.715	0.725
COX15	MT-ND5	9606.ENSP00000016171	9606.ENSP00000354813	0	0	0	0	0.118	0	0	0.702	0.726
COX15	NDUFAF6	9606.ENSP00000016171	9606.ENSP00000379430	0	0	0	0	0.049	0	0	0.730	0.732
COX15	COX6C	9606.ENSP00000016171	9606.ENSP00000429707	0	0	0	0	0.067	0	0.540	0.441	0.739
COX15	UQCRB	9606.ENSP00000016171	9606.ENSP00000430494	0	0	0	0	0.082	0	0.540	0.432	0.739
COX15	UQCRQ	9606.ENSP00000016171	9606.ENSP00000367939	0	0	0	0	0.075	0	0.540	0.450	0.745
COX15	NDUFS3	9606.ENSP00000016171	9606.ENSP00000263774	0	0	0	0	0.082	0.138	0	0.710	0.750
COX15	COX7A2	9606.ENSP00000016171	9606.ENSP00000359098	0	0	0	0	0.060	0.078	0.540	0.462	0.757
COX15	COA6	9606.ENSP00000016171	9606.ENSP00000355574	0	0	0	0	0.126	0	0.360	0.644	0.783
COX15	NDUFS8	9606.ENSP00000016171	9606.ENSP00000315774	0	0	0	0	0.082	0.420	0	0.627	0.784
COX15	COX6A1	9606.ENSP00000016171	9606.ENSP00000229379	0	0	0	0	0.056	0.094	0.540	0.555	0.801
COX15	COX7B	9606.ENSP00000016171	9606.ENSP00000497474	0	0	0	0	0	0	0.540	0.590	0.803
COX15	COX5B	9606.ENSP00000016171	9606.ENSP00000258424	0	0	0	0	0.058	0.093	0.540	0.562	0.804
COX15	UQCRC1	9606.ENSP00000016171	9606.ENSP00000203407	0	0	0	0	0.081	0.246	0.598	0.501	0.842
COX15	COX4I1	9606.ENSP00000016171	9606.ENSP00000457513	0	0	0	0	0.067	0.394	0.540	0.477	0.846
COX15	NDUFA4	9606.ENSP00000016171	9606.ENSP00000339720	0	0	0	0	0.049	0.074	0.720	0.464	0.850
COX15	COA3	9606.ENSP00000016171	9606.ENSP00000354762	0	0	0	0	0.085	0.292	0	0.797	0.857
COX15	NDUFS4	9606.ENSP00000016171	9606.ENSP00000296684	0	0	0	0	0.082	0.522	0	0.754	0.882
COX15	UQCRC2	9606.ENSP00000016171	9606.ENSP00000268379	0	0	0	0	0.098	0.184	0.752	0.460	0.888
COX15	COX7C	9606.ENSP00000016171	9606.ENSP00000425759	0	0	0	0	0.067	0	0.720	0.621	0.892
COX15	MT-CYB	9606.ENSP00000016171	9606.ENSP00000354554	0.057	0	0	0	0	0	0.799	0.496	0.896
COX15	TACO1	9606.ENSP00000016171	9606.ENSP00000258975	0	0	0	0	0.104	0.088	0	0.884	0.897
COX15	PET117	9606.ENSP00000016171	9606.ENSP00000397881	0	0	0	0	0	0.095	0	0.909	0.914
COX15	COX6B1	9606.ENSP00000016171	9606.ENSP00000466818	0	0	0	0	0.058	0	0.540	0.854	0.931
COX15	COX11	9606.ENSP00000016171	9606.ENSP00000299335	0.231	0	0	0	0.620	0.088	0	0.772	0.931
COX15	COX5A	9606.ENSP00000016171	9606.ENSP00000317780	0	0	0	0	0.067	0.095	0.720	0.782	0.941
COX15	BCS1L	9606.ENSP00000016171	9606.ENSP00000413908	0	0	0	0	0.109	0	0.720	0.788	0.942
COX15	CYC1	9606.ENSP00000016171	9606.ENSP00000317159	0.231	0	0	0	0.135	0.575	0.791	0.446	0.961
COX15	SCO2	9606.ENSP00000016171	9606.ENSP00000444433	0.120	0	0	0	0.391	0.073	0.467	0.925	0.976
COX15	UQCRFS1	9606.ENSP00000016171	9606.ENSP00000306397	0	0	0	0	0.176	0	0.944	0.572	0.978
COX15	SCO1	9606.ENSP00000016171	9606.ENSP00000255390	0.120	0	0	0	0.431	0.315	0.467	0.910	0.980
COX15	MT-CO2	9606.ENSP00000016171	9606.ENSP00000354876	0.231	0	0	0	0.149	0.095	0.944	0.783	0.991
COX15	SURF1	9606.ENSP00000016171	9606.ENSP00000361042	0.120	0	0	0	0.606	0.509	0	0.960	0.992
COX15	MT-CO1	9606.ENSP00000016171	9606.ENSP00000354499	0.231	0	0	0	0.270	0	0.944	0.798	0.992
COX15	MT-CO3	9606.ENSP00000016171	9606.ENSP00000354982	0.231	0	0	0	0.215	0	0.944	0.847	0.994
COX17	COX15	9606.ENSP00000261070	9606.ENSP00000016171	0	0	0	0	0.049	0	0	0.719	0.721
COX17	UQCRC1	9606.ENSP00000261070	9606.ENSP00000203407	0	0	0	0	0.117	0	0.163	0.359	0.485
COX17	NDUFB7	9606.ENSP00000261070	9606.ENSP00000215565	0	0	0	0	0.221	0	0	0.348	0.471
COX17	CMC2	9606.ENSP00000261070	9606.ENSP00000219400	0	0	0	0	0.193	0	0.400	0.395	0.682
COX17	COX6A1	9606.ENSP00000261070	9606.ENSP00000229379	0	0	0	0	0.140	0	0	0.568	0.613
COX17	NDUFA2	9606.ENSP00000261070	9606.ENSP00000252102	0	0	0	0	0.478	0	0	0.355	0.649
COX17	SCO1	9606.ENSP00000261070	9606.ENSP00000255390	0	0	0	0	0.049	0.466	0	0.989	0.994
COX17	COX5B	9606.ENSP00000261070	9606.ENSP00000258424	0	0	0	0	0.341	0	0	0.497	0.654
COX17	NDUFB5	9606.ENSP00000261070	9606.ENSP00000259037	0	0	0	0	0.166	0	0	0.366	0.449
COX17	NDUFB10	9606.ENSP00000261070	9606.ENSP00000268668	0	0	0	0	0.161	0	0	0.323	0.408
COX17	UQCRB	9606.ENSP00000261070	9606.ENSP00000430494	0	0	0	0	0.146	0	0	0.336	0.409
COX17	NDUFB11	9606.ENSP00000261070	9606.ENSP00000276062	0	0	0	0	0.277	0	0	0.221	0.412
COX17	NDUFS3	9606.ENSP00000261070	9606.ENSP00000263774	0	0	0	0	0.162	0	0	0.328	0.413
COX17	NDUFB6	9606.ENSP00000261070	9606.ENSP00000369176	0	0	0	0	0.259	0	0	0.250	0.421
COX17	ATPAF2	9606.ENSP00000261070	9606.ENSP00000417190	0	0	0	0	0.044	0	0	0.419	0.421
COX17	NDUFC2	9606.ENSP00000261070	9606.ENSP00000281031	0	0	0	0	0.264	0	0	0.259	0.432
COX17	UQCRC2	9606.ENSP00000261070	9606.ENSP00000268379	0	0	0	0	0.082	0	0.154	0.329	0.433
COX17	NDUFA13	9606.ENSP00000261070	9606.ENSP00000423673	0	0	0	0	0.296	0	0	0.233	0.437
COX17	TMEM177	9606.ENSP00000261070	9606.ENSP00000402661	0	0	0	0	0	0	0	0.445	0.445
COX17	COX8A	9606.ENSP00000261070	9606.ENSP00000321260	0	0	0	0	0.227	0	0	0.315	0.448
COX17	NDUFS6	9606.ENSP00000261070	9606.ENSP00000274137	0	0	0	0	0.174	0	0	0.359	0.448
COX17	NDUFS4	9606.ENSP00000261070	9606.ENSP00000296684	0	0	0	0	0.195	0	0	0.345	0.450
COX17	NDUFA6	9606.ENSP00000261070	9606.ENSP00000482543	0	0	0	0	0.339	0	0	0.202	0.450
COX17	NDUFA5	9606.ENSP00000261070	9606.ENSP00000417142	0	0	0	0	0.153	0	0	0.394	0.465
COX17	UQCRFS1	9606.ENSP00000261070	9606.ENSP00000306397	0	0	0	0	0.111	0	0	0.443	0.484
COX17	UQCRH	9606.ENSP00000261070	9606.ENSP00000309565	0	0	0	0	0.146	0	0	0.423	0.486
COX17	MT-CO1	9606.ENSP00000261070	9606.ENSP00000354499	0	0	0	0	0.044	0	0	0.493	0.495
COX17	NDUFB9	9606.ENSP00000261070	9606.ENSP00000276689	0	0	0	0	0.247	0	0	0.358	0.496
COX17	NDUFS5	9606.ENSP00000261070	9606.ENSP00000362058	0	0	0	0	0.229	0	0	0.374	0.497
COX17	NDUFA4	9606.ENSP00000261070	9606.ENSP00000339720	0	0	0	0	0.170	0	0	0.431	0.508
COX17	NDUFAB1	9606.ENSP00000261070	9606.ENSP00000458770	0	0	0	0	0.255	0	0	0.375	0.515
COX17	NDUFA12	9606.ENSP00000261070	9606.ENSP00000330737	0	0	0	0	0.385	0	0	0.248	0.517
COX17	COX20	9606.ENSP00000261070	9606.ENSP00000355486	0	0	0	0	0.138	0	0	0.480	0.532
COX17	NDUFB8	9606.ENSP00000261070	9606.ENSP00000299166	0	0	0	0	0.310	0	0	0.360	0.539
COX17	COA3	9606.ENSP00000261070	9606.ENSP00000354762	0	0	0	0	0.268	0	0	0.398	0.540
COX17	COX6C	9606.ENSP00000261070	9606.ENSP00000429707	0	0	0	0	0.262	0	0	0.431	0.563
COX17	COA1	9606.ENSP00000261070	9606.ENSP00000379218	0	0	0	0	0.054	0.292	0	0.419	0.576
COX17	COX7B	9606.ENSP00000261070	9606.ENSP00000497474	0	0	0	0	0.188	0	0	0.501	0.577
COX17	NDUFB3	9606.ENSP00000261070	9606.ENSP00000407336	0	0	0	0	0.299	0	0	0.425	0.580
COX17	COX7C	9606.ENSP00000261070	9606.ENSP00000425759	0	0	0	0	0.327	0	0	0.412	0.587
COX17	COA7	9606.ENSP00000261070	9606.ENSP00000360593	0	0	0	0	0.049	0	0	0.597	0.600
COX17	UQCR11	9606.ENSP00000261070	9606.ENSP00000467262	0	0	0	0	0.413	0	0	0.349	0.602
COX17	COX4I1	9606.ENSP00000261070	9606.ENSP00000457513	0	0	0	0	0.321	0	0	0.457	0.616
COX17	NDUFA8	9606.ENSP00000261070	9606.ENSP00000362873	0	0	0	0	0.352	0	0	0.436	0.619
COX17	CMC1	9606.ENSP00000261070	9606.ENSP00000418348	0	0	0	0	0.435	0	0	0.355	0.620
COX17	UQCR10	9606.ENSP00000261070	9606.ENSP00000332887	0	0	0	0	0.352	0	0	0.462	0.637
COX17	UQCRQ	9606.ENSP00000261070	9606.ENSP00000367939	0	0	0	0	0.486	0	0	0.323	0.637
COX17	NDUFA1	9606.ENSP00000261070	9606.ENSP00000360492	0	0	0	0	0.465	0	0	0.351	0.638
COX17	BCS1L	9606.ENSP00000261070	9606.ENSP00000413908	0	0	0	0	0.081	0.070	0.500	0.269	0.646
COX17	COX18	9606.ENSP00000261070	9606.ENSP00000425261	0	0	0	0	0	0	0	0.667	0.667
COX17	NDUFV2	9606.ENSP00000261070	9606.ENSP00000327268	0	0	0	0	0.612	0	0	0.186	0.671
COX17	COX7A2	9606.ENSP00000261070	9606.ENSP00000359098	0	0	0	0	0.390	0	0	0.488	0.674
COX17	COX5A	9606.ENSP00000261070	9606.ENSP00000317780	0	0	0	0	0.210	0	0	0.615	0.683
COX17	CYC1	9606.ENSP00000261070	9606.ENSP00000317159	0	0	0	0	0.064	0	0.500	0.455	0.722
COX17	NDUFB1	9606.ENSP00000261070	9606.ENSP00000483888	0	0	0	0	0.633	0	0	0.277	0.723
COX17	PET117	9606.ENSP00000261070	9606.ENSP00000397881	0	0	0	0	0.217	0	0	0.666	0.727
COX17	COX14	9606.ENSP00000261070	9606.ENSP00000326052	0	0	0	0	0.186	0.422	0	0.518	0.753
COX17	COX6B1	9606.ENSP00000261070	9606.ENSP00000466818	0	0	0	0	0.292	0	0	0.675	0.760
COX17	PET100	9606.ENSP00000261070	9606.ENSP00000470539	0	0	0	0	0.386	0	0	0.665	0.785
COX17	COA4	9606.ENSP00000261070	9606.ENSP00000443795	0	0	0	0	0.074	0.162	0.400	0.626	0.802
COX17	SURF1	9606.ENSP00000261070	9606.ENSP00000361042	0	0	0	0	0.098	0	0	0.807	0.819
COX17	COA5	9606.ENSP00000261070	9606.ENSP00000330730	0	0	0	0	0.413	0	0	0.742	0.842
COX17	COA6	9606.ENSP00000261070	9606.ENSP00000355574	0	0	0	0	0.132	0	0.400	0.760	0.864
COX17	MT-CO2	9606.ENSP00000261070	9606.ENSP00000354876	0	0	0	0	0.042	0	0	0.893	0.894
COX17	COX11	9606.ENSP00000261070	9606.ENSP00000299335	0	0	0	0	0.119	0	0	0.934	0.939
COX17	SCO2	9606.ENSP00000261070	9606.ENSP00000444433	0	0	0	0	0.066	0.460	0	0.964	0.980
COX17	COX19	9606.ENSP00000261070	9606.ENSP00000342015	0	0	0	0	0.060	0	0.400	0.974	0.984
COX18	COX15	9606.ENSP00000425261	9606.ENSP00000016171	0	0	0	0	0.095	0	0	0.668	0.686
COX18	TIMM21	9606.ENSP00000425261	9606.ENSP00000169551	0	0	0	0	0.098	0	0	0.571	0.596
COX18	UQCRC1	9606.ENSP00000425261	9606.ENSP00000203407	0.051	0	0	0	0.141	0	0	0.342	0.416
COX18	COX6A1	9606.ENSP00000425261	9606.ENSP00000229379	0	0	0	0	0	0	0	0.435	0.435
COX18	SCO1	9606.ENSP00000425261	9606.ENSP00000255390	0	0	0	0	0.218	0	0	0.702	0.757
COX18	COX5B	9606.ENSP00000425261	9606.ENSP00000258424	0	0	0	0	0	0.087	0	0.422	0.449
COX18	TACO1	9606.ENSP00000425261	9606.ENSP00000258975	0.101	0	0	0	0.191	0	0	0.437	0.555
COX18	COX17	9606.ENSP00000425261	9606.ENSP00000261070	0	0	0	0	0	0	0	0.667	0.667
COX18	FOXRED1	9606.ENSP00000425261	9606.ENSP00000263578	0	0	0	0	0.097	0	0	0.405	0.440
COX18	UQCRC2	9606.ENSP00000425261	9606.ENSP00000268379	0.051	0	0	0	0.141	0	0	0.335	0.411
COX18	COX11	9606.ENSP00000425261	9606.ENSP00000299335	0	0	0	0	0.162	0	0	0.675	0.716
COX18	UQCRFS1	9606.ENSP00000425261	9606.ENSP00000306397	0	0	0	0	0.088	0	0	0.386	0.417
COX18	CYC1	9606.ENSP00000425261	9606.ENSP00000317159	0	0	0	0	0	0.111	0	0.357	0.404
COX18	COX5A	9606.ENSP00000425261	9606.ENSP00000317780	0	0	0	0	0.042	0	0	0.563	0.563
COX18	COX14	9606.ENSP00000425261	9606.ENSP00000326052	0	0	0	0	0	0	0	0.624	0.624
COX18	NDUFA4	9606.ENSP00000425261	9606.ENSP00000339720	0	0	0	0	0.086	0	0	0.379	0.409
COX18	COX19	9606.ENSP00000425261	9606.ENSP00000342015	0	0	0	0	0.110	0	0	0.492	0.529
COX18	MT-CO1	9606.ENSP00000425261	9606.ENSP00000354499	0	0	0	0	0.129	0.085	0	0.411	0.489
COX18	MT-ATP6	9606.ENSP00000425261	9606.ENSP00000354632	0.120	0	0	0	0.184	0.128	0	0.479	0.630
COX18	COA3	9606.ENSP00000425261	9606.ENSP00000354762	0	0	0	0	0.042	0	0	0.493	0.494
COX18	MT-CO2	9606.ENSP00000425261	9606.ENSP00000354876	0	0	0	0	0.112	0.954	0	0.932	0.997
COX18	MT-CO3	9606.ENSP00000425261	9606.ENSP00000354982	0	0	0	0	0.109	0.159	0	0.422	0.529
COX18	COX20	9606.ENSP00000425261	9606.ENSP00000355486	0	0	0	0	0.060	0	0	0.806	0.810
COX18	COA6	9606.ENSP00000425261	9606.ENSP00000355574	0	0	0	0	0.087	0	0	0.697	0.712
COX18	COX7A2	9606.ENSP00000425261	9606.ENSP00000359098	0	0	0	0	0	0	0	0.457	0.457
COX18	SURF1	9606.ENSP00000425261	9606.ENSP00000361042	0	0	0	0	0.075	0	0	0.496	0.514
COX18	UQCC1	9606.ENSP00000425261	9606.ENSP00000363506	0	0	0	0	0.144	0	0	0.409	0.472
COX18	LYRM7	9606.ENSP00000425261	9606.ENSP00000368688	0	0	0	0	0.266	0	0	0.448	0.578
COX18	PET117	9606.ENSP00000425261	9606.ENSP00000397881	0	0	0	0	0	0	0	0.593	0.593
COX18	TMEM177	9606.ENSP00000425261	9606.ENSP00000402661	0	0	0	0	0	0	0	0.542	0.542
COX18	COX6C	9606.ENSP00000425261	9606.ENSP00000429707	0	0	0	0	0	0	0	0.411	0.411
COX18	COX7C	9606.ENSP00000425261	9606.ENSP00000425759	0	0	0	0	0	0	0	0.462	0.462
COX18	COX6B1	9606.ENSP00000425261	9606.ENSP00000466818	0	0	0	0	0.051	0	0	0.510	0.515
COX18	PET100	9606.ENSP00000425261	9606.ENSP00000470539	0	0	0	0	0	0	0	0.588	0.588
COX18	SCO2	9606.ENSP00000425261	9606.ENSP00000444433	0	0	0	0	0.083	0	0	0.621	0.638
COX19	COX15	9606.ENSP00000342015	9606.ENSP00000016171	0	0	0	0	0.049	0	0	0.579	0.582
COX19	CMC2	9606.ENSP00000342015	9606.ENSP00000219400	0	0	0	0	0.042	0	0.400	0.564	0.727
COX19	SCO1	9606.ENSP00000342015	9606.ENSP00000255390	0.055	0	0	0	0.106	0.127	0	0.650	0.708
COX19	TACO1	9606.ENSP00000342015	9606.ENSP00000258975	0.057	0	0	0	0.074	0	0	0.411	0.441
COX19	COX17	9606.ENSP00000342015	9606.ENSP00000261070	0	0	0	0	0.060	0	0.400	0.974	0.984
COX19	COX11	9606.ENSP00000342015	9606.ENSP00000299335	0	0	0	0	0.093	0.355	0	0.848	0.903
COX19	CYC1	9606.ENSP00000342015	9606.ENSP00000317159	0	0	0	0	0.112	0	0.500	0.198	0.612
COX19	COX14	9606.ENSP00000342015	9606.ENSP00000326052	0	0	0	0	0.060	0	0	0.559	0.568
COX19	COA5	9606.ENSP00000342015	9606.ENSP00000330730	0	0	0	0	0.160	0	0	0.742	0.774
COX19	COA1	9606.ENSP00000342015	9606.ENSP00000379218	0	0	0	0	0.049	0	0	0.397	0.402
COX19	UQCC2	9606.ENSP00000342015	9606.ENSP00000476140	0	0	0	0	0.049	0	0	0.419	0.423
COX19	NDUFA8	9606.ENSP00000342015	9606.ENSP00000362873	0	0	0	0	0.115	0	0	0.399	0.445
COX19	PET100	9606.ENSP00000342015	9606.ENSP00000470539	0	0	0	0	0.067	0	0	0.438	0.454
COX19	COA3	9606.ENSP00000342015	9606.ENSP00000354762	0	0	0	0	0.109	0	0	0.447	0.486
COX19	SURF1	9606.ENSP00000342015	9606.ENSP00000361042	0	0	0	0	0.048	0	0	0.493	0.496
COX19	COX18	9606.ENSP00000342015	9606.ENSP00000425261	0	0	0	0	0.110	0	0	0.492	0.529
COX19	PET117	9606.ENSP00000342015	9606.ENSP00000397881	0	0	0	0	0.092	0	0	0.516	0.541
COX19	COX6B1	9606.ENSP00000342015	9606.ENSP00000466818	0	0	0	0	0.124	0	0	0.498	0.542
COX19	COX20	9606.ENSP00000342015	9606.ENSP00000355486	0	0	0	0	0.082	0	0	0.528	0.548
COX19	SCO2	9606.ENSP00000342015	9606.ENSP00000444433	0.055	0	0	0	0.067	0	0	0.604	0.620
COX19	BCS1L	9606.ENSP00000342015	9606.ENSP00000413908	0.042	0	0	0	0.114	0	0.500	0.239	0.634
COX19	COA4	9606.ENSP00000342015	9606.ENSP00000443795	0	0	0	0	0.060	0	0.400	0.598	0.753
COX19	COA6	9606.ENSP00000342015	9606.ENSP00000355574	0	0	0	0	0.074	0	0.400	0.729	0.836
COX20	COX15	9606.ENSP00000355486	9606.ENSP00000016171	0	0	0	0	0.068	0	0	0.505	0.518
COX20	COX6A1	9606.ENSP00000355486	9606.ENSP00000229379	0	0	0	0	0.060	0	0	0.447	0.457
COX20	SCO1	9606.ENSP00000355486	9606.ENSP00000255390	0	0	0	0	0.092	0	0	0.670	0.687
COX20	COX5B	9606.ENSP00000355486	9606.ENSP00000258424	0	0	0	0	0.095	0	0	0.367	0.402
COX20	TACO1	9606.ENSP00000355486	9606.ENSP00000258975	0	0	0	0	0.049	0	0	0.445	0.449
COX20	COX17	9606.ENSP00000355486	9606.ENSP00000261070	0	0	0	0	0.138	0	0	0.480	0.532
COX20	COX11	9606.ENSP00000355486	9606.ENSP00000299335	0	0	0	0	0.121	0	0	0.418	0.466
COX20	COX5A	9606.ENSP00000355486	9606.ENSP00000317780	0	0	0	0	0.067	0	0	0.418	0.433
COX20	COX14	9606.ENSP00000355486	9606.ENSP00000326052	0	0	0	0	0.074	0	0	0.645	0.657
COX20	COA5	9606.ENSP00000355486	9606.ENSP00000330730	0	0	0	0	0.136	0	0	0.590	0.630
COX20	NDUFA4	9606.ENSP00000355486	9606.ENSP00000339720	0	0	0	0	0.097	0.228	0	0.396	0.542
COX20	COX19	9606.ENSP00000355486	9606.ENSP00000342015	0	0	0	0	0.082	0	0	0.528	0.548
COX20	COA3	9606.ENSP00000355486	9606.ENSP00000354762	0	0	0	0	0.101	0	0	0.642	0.664
COX20	MT-CO2	9606.ENSP00000355486	9606.ENSP00000354876	0	0	0	0	0.055	0.292	0	0.680	0.767
COX20	COX7B	9606.ENSP00000355486	9606.ENSP00000497474	0	0	0	0	0.067	0	0	0.417	0.432
COX20	COX6C	9606.ENSP00000355486	9606.ENSP00000429707	0	0	0	0	0.108	0	0	0.400	0.441
COX20	COX7C	9606.ENSP00000355486	9606.ENSP00000425759	0	0	0	0	0.118	0	0	0.396	0.444
COX20	COX6B1	9606.ENSP00000355486	9606.ENSP00000466818	0	0	0	0	0.095	0	0	0.417	0.449
COX20	SURF1	9606.ENSP00000355486	9606.ENSP00000361042	0	0	0	0	0.062	0	0	0.540	0.550
COX20	PET117	9606.ENSP00000355486	9606.ENSP00000397881	0	0	0	0	0.049	0	0	0.583	0.586
COX20	SCO2	9606.ENSP00000355486	9606.ENSP00000444433	0	0	0	0	0.064	0	0	0.583	0.593
COX20	PET100	9606.ENSP00000355486	9606.ENSP00000470539	0	0	0	0	0.121	0	0	0.602	0.635
COX20	UQCC1	9606.ENSP00000355486	9606.ENSP00000363506	0	0	0	0	0.054	0.616	0	0.244	0.701
COX20	COA6	9606.ENSP00000355486	9606.ENSP00000355574	0	0	0	0	0.087	0	0	0.697	0.711
COX20	TMEM177	9606.ENSP00000355486	9606.ENSP00000402661	0	0	0	0	0.042	0	0	0.775	0.775
COX20	COX18	9606.ENSP00000355486	9606.ENSP00000425261	0	0	0	0	0.060	0	0	0.806	0.810
COX20	UQCC2	9606.ENSP00000355486	9606.ENSP00000476140	0	0	0	0	0.149	0.810	0	0.358	0.887
COX4I1	COX15	9606.ENSP00000457513	9606.ENSP00000016171	0	0	0	0	0.067	0.394	0.540	0.477	0.846
COX4I1	TIMM21	9606.ENSP00000457513	9606.ENSP00000169551	0	0	0	0	0.056	0.292	0	0.354	0.530
COX4I1	NDUFB4	9606.ENSP00000457513	9606.ENSP00000184266	0	0	0	0	0.440	0.856	0	0.341	0.942
COX4I1	UQCRC1	9606.ENSP00000457513	9606.ENSP00000203407	0	0	0	0	0.711	0.969	0.608	0.644	0.998
COX4I1	NDUFB7	9606.ENSP00000457513	9606.ENSP00000215565	0	0	0	0	0.508	0.897	0	0.413	0.967
COX4I1	HMOX1	9606.ENSP00000457513	9606.ENSP00000216117	0	0	0	0	0.042	0	0	0.593	0.593
COX4I1	COX6A1	9606.ENSP00000457513	9606.ENSP00000229379	0	0	0	0	0.678	0.977	0.851	0.852	0.999
COX4I1	NDUFS7	9606.ENSP00000457513	9606.ENSP00000233627	0	0	0	0	0.691	0.869	0	0.442	0.975
COX4I1	NDUFA2	9606.ENSP00000457513	9606.ENSP00000252102	0	0	0	0	0.462	0.906	0	0.658	0.981
COX4I1	NDUFA10	9606.ENSP00000457513	9606.ENSP00000252711	0	0	0	0	0.629	0.884	0.114	0.513	0.979
COX4I1	SCO1	9606.ENSP00000457513	9606.ENSP00000255390	0	0	0	0	0.082	0.102	0	0.457	0.513
COX4I1	COX5B	9606.ENSP00000457513	9606.ENSP00000258424	0	0	0	0	0.923	0.986	0.866	0.934	0.999
COX4I1	NDUFB5	9606.ENSP00000457513	9606.ENSP00000259037	0	0	0	0	0.431	0.851	0	0.450	0.949
COX4I1	COX17	9606.ENSP00000457513	9606.ENSP00000261070	0	0	0	0	0.321	0	0	0.457	0.616
COX4I1	TTC19	9606.ENSP00000457513	9606.ENSP00000261647	0	0	0	0	0.056	0.369	0	0.167	0.460
COX4I1	NDUFS3	9606.ENSP00000457513	9606.ENSP00000263774	0	0	0	0	0.741	0.933	0	0.651	0.993
COX4I1	SDHA	9606.ENSP00000457513	9606.ENSP00000264932	0	0	0	0	0.416	0.088	0	0.826	0.899
COX4I1	NDUFA9	9606.ENSP00000457513	9606.ENSP00000266544	0	0	0	0	0.852	0.897	0	0.717	0.995
COX4I1	UQCRC2	9606.ENSP00000457513	9606.ENSP00000268379	0	0	0	0	0.654	0.985	0.714	0.867	0.999
COX4I1	NDUFB10	9606.ENSP00000457513	9606.ENSP00000268668	0	0	0	0	0.916	0.876	0	0.477	0.994
COX4I1	TP53	9606.ENSP00000457513	9606.ENSP00000269305	0	0	0	0	0.103	0	0	0.471	0.505
COX4I1	NDUFS6	9606.ENSP00000457513	9606.ENSP00000274137	0	0	0	0	0.594	0.882	0	0.407	0.969
COX4I1	NDUFB11	9606.ENSP00000457513	9606.ENSP00000276062	0	0	0	0	0.739	0.874	0	0.358	0.977
COX4I1	NDUFB9	9606.ENSP00000457513	9606.ENSP00000276689	0	0	0	0	0.784	0.876	0	0.474	0.984
COX4I1	NDUFC2	9606.ENSP00000457513	9606.ENSP00000281031	0	0	0	0	0.620	0.841	0	0.361	0.958
COX4I1	COX7A1	9606.ENSP00000457513	9606.ENSP00000292907	0	0	0	0	0.129	0.936	0.360	0.725	0.989
COX4I1	NDUFS4	9606.ENSP00000457513	9606.ENSP00000296684	0	0	0	0	0.403	0.886	0	0.479	0.961
COX4I1	NDUFB8	9606.ENSP00000457513	9606.ENSP00000299166	0	0	0	0	0.816	0.855	0	0.663	0.990
COX4I1	COX11	9606.ENSP00000457513	9606.ENSP00000299335	0	0	0	0	0.049	0	0	0.546	0.550
COX4I1	NDUFA7	9606.ENSP00000457513	9606.ENSP00000301457	0	0	0	0	0.446	0.829	0	0.278	0.926
COX4I1	UQCRFS1	9606.ENSP00000457513	9606.ENSP00000306397	0	0	0	0	0.852	0.967	0.633	0.632	0.999
COX4I1	UQCRH	9606.ENSP00000457513	9606.ENSP00000309565	0	0	0	0	0.679	0.917	0.623	0.819	0.997
COX4I1	CASP3	9606.ENSP00000457513	9606.ENSP00000311032	0	0	0	0	0.058	0	0	0.793	0.796
COX4I1	NDUFS8	9606.ENSP00000457513	9606.ENSP00000315774	0	0	0	0	0.747	0.880	0	0.413	0.980
COX4I1	CYC1	9606.ENSP00000457513	9606.ENSP00000317159	0	0	0	0	0.863	0.970	0.598	0.548	0.999
COX4I1	COX5A	9606.ENSP00000457513	9606.ENSP00000317780	0	0	0	0	0.923	0.996	0.888	0.992	0.999
COX4I1	COX8A	9606.ENSP00000457513	9606.ENSP00000321260	0	0	0	0	0.358	0.913	0.800	0.692	0.996
COX4I1	NDUFAF3	9606.ENSP00000457513	9606.ENSP00000323076	0	0	0	0	0.169	0.184	0	0.201	0.411
COX4I1	COX14	9606.ENSP00000457513	9606.ENSP00000326052	0	0	0	0	0.171	0.073	0	0.480	0.565
COX4I1	NDUFV2	9606.ENSP00000457513	9606.ENSP00000327268	0	0	0	0	0.669	0.862	0	0.478	0.974
COX4I1	NDUFA12	9606.ENSP00000457513	9606.ENSP00000330737	0	0	0	0	0.673	0.864	0	0.396	0.971
COX4I1	UQCR10	9606.ENSP00000457513	9606.ENSP00000332887	0	0	0	0	0.622	0.959	0.632	0.519	0.996
COX4I1	NDUFA4	9606.ENSP00000457513	9606.ENSP00000339720	0	0	0	0	0.367	0.860	0.800	0.525	0.990
COX4I1	NDUFV3	9606.ENSP00000457513	9606.ENSP00000346196	0	0	0	0	0.271	0.843	0	0.328	0.916
COX4I1	CASP8	9606.ENSP00000457513	9606.ENSP00000351273	0	0	0	0	0.055	0	0	0.479	0.487
COX4I1	MT-CO1	9606.ENSP00000457513	9606.ENSP00000354499	0	0	0	0	0.185	0.987	0.800	0.975	0.999
COX4I1	MT-CYB	9606.ENSP00000457513	9606.ENSP00000354554	0	0	0	0	0.120	0.923	0.540	0.601	0.986
COX4I1	MT-ATP6	9606.ENSP00000457513	9606.ENSP00000354632	0	0	0	0	0.157	0	0	0.501	0.561
COX4I1	MT-ND1	9606.ENSP00000457513	9606.ENSP00000354687	0	0	0	0	0.160	0.844	0	0.608	0.944
COX4I1	COA3	9606.ENSP00000457513	9606.ENSP00000354762	0	0	0	0	0.147	0.625	0	0.469	0.815
COX4I1	MT-ND5	9606.ENSP00000457513	9606.ENSP00000354813	0	0	0	0	0.097	0.844	0	0.450	0.915
COX4I1	MT-CO2	9606.ENSP00000457513	9606.ENSP00000354876	0	0	0	0	0.410	0.999	0.888	0.900	0.999
COX4I1	MT-ND4	9606.ENSP00000457513	9606.ENSP00000354961	0	0	0	0	0.137	0.844	0	0.445	0.918
COX4I1	MT-CO3	9606.ENSP00000457513	9606.ENSP00000354982	0	0	0	0	0.155	0.984	0.888	0.746	0.999
COX4I1	MT-ND2	9606.ENSP00000457513	9606.ENSP00000355046	0	0	0	0	0.075	0.844	0	0.421	0.909
COX4I1	COA6	9606.ENSP00000457513	9606.ENSP00000355574	0	0	0	0	0.326	0.603	0.520	0.480	0.924
COX4I1	SDHC	9606.ENSP00000457513	9606.ENSP00000356953	0	0	0	0	0.581	0	0	0.454	0.761
COX4I1	NDUFS2	9606.ENSP00000457513	9606.ENSP00000356972	0	0	0	0	0.907	0.898	0	0.443	0.994
COX4I1	MCL1	9606.ENSP00000457513	9606.ENSP00000358022	0	0	0	0	0.044	0.292	0	0.431	0.582
COX4I1	COX7A2	9606.ENSP00000457513	9606.ENSP00000359098	0	0	0	0	0.608	0.893	0.540	0.678	0.993
COX4I1	NDUFA1	9606.ENSP00000457513	9606.ENSP00000360492	0	0	0	0	0.403	0.844	0	0.445	0.943
COX4I1	COA7	9606.ENSP00000457513	9606.ENSP00000360593	0	0	0	0	0.091	0.432	0	0.227	0.566
COX4I1	SURF1	9606.ENSP00000457513	9606.ENSP00000361042	0	0	0	0	0.078	0.330	0	0.535	0.687
COX4I1	NDUFS5	9606.ENSP00000457513	9606.ENSP00000362058	0	0	0	0	0.560	0.852	0	0.359	0.954
COX4I1	NDUFA8	9606.ENSP00000457513	9606.ENSP00000362873	0	0	0	0	0.731	0.897	0	0.369	0.981
COX4I1	SDHB	9606.ENSP00000457513	9606.ENSP00000364649	0	0	0	0	0.732	0.185	0	0.715	0.932
COX4I1	SDHD	9606.ENSP00000457513	9606.ENSP00000364699	0	0	0	0	0.585	0	0	0.421	0.750
COX4I1	COX7A2L	9606.ENSP00000457513	9606.ENSP00000367938	0	0	0	0	0.145	0.710	0.800	0.417	0.967
COX4I1	UQCRQ	9606.ENSP00000457513	9606.ENSP00000367939	0	0	0	0	0.777	0.978	0.714	0.526	0.999
COX4I1	NDUFB6	9606.ENSP00000457513	9606.ENSP00000369176	0	0	0	0	0.551	0.851	0	0.491	0.963
COX4I1	NDUFA11	9606.ENSP00000457513	9606.ENSP00000389160	0	0	0	0	0.475	0.830	0	0.359	0.937
COX4I1	NDUFS1	9606.ENSP00000457513	9606.ENSP00000392709	0	0	0	0	0.289	0.910	0	0.503	0.965
COX4I1	HIGD1A	9606.ENSP00000457513	9606.ENSP00000398064	0	0	0	0	0.116	0.085	0	0.816	0.838
COX4I1	NDUFB3	9606.ENSP00000457513	9606.ENSP00000407336	0	0	0	0	0.324	0.852	0	0.413	0.936
COX4I1	BCS1L	9606.ENSP00000457513	9606.ENSP00000413908	0	0	0	0	0.089	0	0.540	0.310	0.685
COX4I1	NDUFA5	9606.ENSP00000457513	9606.ENSP00000417142	0	0	0	0	0.406	0.900	0	0.405	0.962
COX4I1	NDUFA3	9606.ENSP00000457513	9606.ENSP00000418438	0	0	0	0	0.451	0.844	0	0.356	0.940
COX4I1	NDUFB2	9606.ENSP00000457513	9606.ENSP00000419087	0	0	0	0	0.318	0.800	0	0.317	0.898
COX4I1	NDUFA13	9606.ENSP00000457513	9606.ENSP00000423673	0	0	0	0	0.938	0.881	0	0.399	0.995
COX4I1	COX7C	9606.ENSP00000457513	9606.ENSP00000425759	0	0	0	0	0.885	0.979	0.888	0.689	0.999
COX4I1	SMIM20	9606.ENSP00000457513	9606.ENSP00000427407	0	0	0	0	0	0.161	0	0.537	0.594
COX4I1	COX6C	9606.ENSP00000457513	9606.ENSP00000429707	0	0	0	0	0.840	0.992	0.800	0.736	0.999
COX4I1	UQCRB	9606.ENSP00000457513	9606.ENSP00000430494	0	0	0	0	0.760	0.968	0.632	0.601	0.998
COX4I1	NDUFC1	9606.ENSP00000457513	9606.ENSP00000441126	0	0	0	0	0.207	0.815	0	0.287	0.886
COX4I1	SCO2	9606.ENSP00000457513	9606.ENSP00000444433	0	0	0	0	0.063	0.074	0	0.764	0.778
COX4I1	PET100	9606.ENSP00000457513	9606.ENSP00000470539	0	0	0	0	0.129	0	0	0.339	0.400
COX4I1	ACTB	9606.ENSP00000457513	9606.ENSP00000494750	0	0	0	0	0.102	0.143	0	0.717	0.763
COX4I1	NDUFB1	9606.ENSP00000457513	9606.ENSP00000483888	0	0	0	0	0.300	0.852	0	0.301	0.921
COX4I1	NDUFAB1	9606.ENSP00000457513	9606.ENSP00000458770	0	0	0	0	0.338	0.856	0	0.381	0.936
COX4I1	NDUFA6	9606.ENSP00000457513	9606.ENSP00000482543	0	0	0	0	0.371	0.852	0	0.499	0.949
COX4I1	NDUFV1	9606.ENSP00000457513	9606.ENSP00000497587	0	0	0	0	0.697	0.864	0	0.475	0.976
COX4I1	UQCR11	9606.ENSP00000457513	9606.ENSP00000467262	0	0	0	0	0.664	0.923	0.540	0.381	0.991
COX4I1	COX7B	9606.ENSP00000457513	9606.ENSP00000497474	0	0	0	0	0.268	0.964	0.800	0.648	0.997
COX4I1	COX6B1	9606.ENSP00000457513	9606.ENSP00000466818	0	0	0	0	0.589	0.969	0.850	0.856	0.999
COX5A	COX15	9606.ENSP00000317780	9606.ENSP00000016171	0	0	0	0	0.067	0.095	0.720	0.782	0.941
COX5A	NDUFB4	9606.ENSP00000317780	9606.ENSP00000184266	0	0	0	0	0.854	0.853	0	0.499	0.988
COX5A	UQCRC1	9606.ENSP00000317780	9606.ENSP00000203407	0	0	0	0	0.848	0.966	0.657	0.716	0.999
COX5A	NDUFB7	9606.ENSP00000317780	9606.ENSP00000215565	0	0	0	0	0.851	0.830	0	0.451	0.985
COX5A	COX6A1	9606.ENSP00000317780	9606.ENSP00000229379	0	0	0	0	0.835	0.966	0.888	0.958	0.999
COX5A	NDUFS7	9606.ENSP00000317780	9606.ENSP00000233627	0	0	0	0	0.826	0.858	0	0.409	0.984
COX5A	NDUFA2	9606.ENSP00000317780	9606.ENSP00000252102	0	0	0	0	0.599	0.859	0	0.555	0.972
COX5A	NDUFA10	9606.ENSP00000317780	9606.ENSP00000252711	0	0	0	0	0.694	0.876	0	0.541	0.981
COX5A	SCO1	9606.ENSP00000317780	9606.ENSP00000255390	0	0	0	0	0.082	0.230	0	0.526	0.635
COX5A	COX5B	9606.ENSP00000317780	9606.ENSP00000258424	0	0	0	0	0.978	0.995	0.959	0.987	0.999
COX5A	NDUFB5	9606.ENSP00000317780	9606.ENSP00000259037	0	0	0	0	0.882	0.830	0	0.670	0.992
COX5A	COX17	9606.ENSP00000317780	9606.ENSP00000261070	0	0	0	0	0.210	0	0	0.615	0.683
COX5A	NDUFS3	9606.ENSP00000317780	9606.ENSP00000263774	0	0	0	0	0.926	0.886	0	0.606	0.996
COX5A	SDHA	9606.ENSP00000317780	9606.ENSP00000264932	0	0	0	0	0.423	0.097	0	0.673	0.815
COX5A	NDUFA9	9606.ENSP00000317780	9606.ENSP00000266544	0	0	0	0	0.855	0.851	0	0.628	0.991
COX5A	UQCRC2	9606.ENSP00000317780	9606.ENSP00000268379	0	0	0	0	0.923	0.988	0.953	0.732	0.999
COX5A	NDUFB10	9606.ENSP00000317780	9606.ENSP00000268668	0	0	0	0	0.847	0.892	0	0.644	0.993
COX5A	NDUFS6	9606.ENSP00000317780	9606.ENSP00000274137	0	0	0	0	0.857	0.859	0	0.447	0.987
COX5A	NDUFB11	9606.ENSP00000317780	9606.ENSP00000276062	0	0	0	0	0.850	0.830	0	0.365	0.982
COX5A	NDUFB9	9606.ENSP00000317780	9606.ENSP00000276689	0	0	0	0	0.918	0.876	0	0.688	0.996
COX5A	NDUFC2	9606.ENSP00000317780	9606.ENSP00000281031	0	0	0	0	0.730	0.845	0	0.482	0.976
COX5A	COX7A1	9606.ENSP00000317780	9606.ENSP00000292907	0	0	0	0	0.109	0.967	0.360	0.728	0.994
COX5A	NDUFS4	9606.ENSP00000317780	9606.ENSP00000296684	0	0	0	0	0.864	0.858	0	0.435	0.988
COX5A	NDUFB8	9606.ENSP00000317780	9606.ENSP00000299166	0	0	0	0	0.930	0.830	0	0.721	0.996
COX5A	COX11	9606.ENSP00000317780	9606.ENSP00000299335	0	0	0	0	0.107	0	0	0.644	0.669
COX5A	NDUFA7	9606.ENSP00000317780	9606.ENSP00000301457	0	0	0	0	0.671	0.812	0	0.400	0.959
COX5A	UQCRFS1	9606.ENSP00000317780	9606.ENSP00000306397	0	0	0	0	0.974	0.991	0.925	0.750	0.999
COX5A	UQCRH	9606.ENSP00000317780	9606.ENSP00000309565	0	0	0	0	0.579	0.903	0.633	0.710	0.995
COX5A	NDUFS8	9606.ENSP00000317780	9606.ENSP00000315774	0	0	0	0	0.872	0.852	0	0.713	0.994
COX5A	CYC1	9606.ENSP00000317780	9606.ENSP00000317159	0	0	0	0	0.892	0.992	0.602	0.577	0.999
COX5A	COA5	9606.ENSP00000317780	9606.ENSP00000330730	0	0	0	0	0.117	0.107	0	0.318	0.415
COX5A	COX20	9606.ENSP00000317780	9606.ENSP00000355486	0	0	0	0	0.067	0	0	0.418	0.433
COX5A	SCO2	9606.ENSP00000317780	9606.ENSP00000444433	0	0	0	0	0.063	0.045	0	0.450	0.465
COX5A	MT-ATP6	9606.ENSP00000317780	9606.ENSP00000354632	0	0	0	0	0.111	0	0	0.424	0.466
COX5A	PET117	9606.ENSP00000317780	9606.ENSP00000397881	0	0	0	0	0	0	0	0.476	0.476
COX5A	COX18	9606.ENSP00000317780	9606.ENSP00000425261	0	0	0	0	0.042	0	0	0.563	0.563
COX5A	PET100	9606.ENSP00000317780	9606.ENSP00000470539	0	0	0	0	0.199	0	0	0.524	0.603
COX5A	COA1	9606.ENSP00000317780	9606.ENSP00000379218	0	0	0	0	0.064	0	0	0.658	0.666
COX5A	SURF1	9606.ENSP00000317780	9606.ENSP00000361042	0	0	0	0	0.076	0.278	0	0.662	0.755
COX5A	COX14	9606.ENSP00000317780	9606.ENSP00000326052	0	0	0	0	0.156	0.161	0	0.721	0.785
COX5A	BCS1L	9606.ENSP00000317780	9606.ENSP00000413908	0	0	0	0	0.137	0.055	0.720	0.322	0.824
COX5A	NDUFB2	9606.ENSP00000317780	9606.ENSP00000419087	0	0	0	0	0.184	0.800	0	0.348	0.884
COX5A	COA3	9606.ENSP00000317780	9606.ENSP00000354762	0	0	0	0	0.151	0.594	0	0.695	0.885
COX5A	MT-ND4	9606.ENSP00000317780	9606.ENSP00000354961	0	0	0	0	0.119	0.830	0	0.332	0.891
COX5A	MT-ND2	9606.ENSP00000317780	9606.ENSP00000355046	0	0	0	0	0.081	0.830	0	0.364	0.892
COX5A	SDHC	9606.ENSP00000317780	9606.ENSP00000356953	0	0	0	0	0.842	0	0	0.359	0.894
COX5A	MT-ND5	9606.ENSP00000317780	9606.ENSP00000354813	0	0	0	0	0.118	0.830	0	0.386	0.900
COX5A	HIGD1A	9606.ENSP00000317780	9606.ENSP00000398064	0	0	0	0	0.181	0	0	0.890	0.906
COX5A	MT-ND1	9606.ENSP00000317780	9606.ENSP00000354687	0	0	0	0	0.128	0.830	0	0.427	0.907
COX5A	NDUFA3	9606.ENSP00000317780	9606.ENSP00000418438	0	0	0	0	0.237	0.830	0	0.373	0.911
COX5A	NDUFB1	9606.ENSP00000317780	9606.ENSP00000483888	0	0	0	0	0.286	0.830	0	0.362	0.916
COX5A	NDUFC1	9606.ENSP00000317780	9606.ENSP00000441126	0	0	0	0	0.397	0.811	0	0.323	0.916
COX5A	SDHD	9606.ENSP00000317780	9606.ENSP00000364699	0	0	0	0	0.836	0	0	0.514	0.917
COX5A	NDUFA11	9606.ENSP00000317780	9606.ENSP00000389160	0	0	0	0	0.314	0.824	0	0.399	0.921
COX5A	NDUFV3	9606.ENSP00000317780	9606.ENSP00000346196	0	0	0	0	0.416	0.812	0	0.385	0.926
COX5A	NDUFA1	9606.ENSP00000317780	9606.ENSP00000360492	0	0	0	0	0.324	0.830	0	0.471	0.934
COX5A	SDHB	9606.ENSP00000317780	9606.ENSP00000364649	0	0	0	0	0.858	0.096	0	0.615	0.946
COX5A	NDUFB3	9606.ENSP00000317780	9606.ENSP00000407336	0	0	0	0	0.476	0.830	0	0.460	0.947
COX5A	NDUFS5	9606.ENSP00000317780	9606.ENSP00000362058	0	0	0	0	0.500	0.856	0	0.363	0.950
COX5A	NDUFS1	9606.ENSP00000317780	9606.ENSP00000392709	0	0	0	0	0.362	0.844	0	0.550	0.951
COX5A	COX7A2L	9606.ENSP00000317780	9606.ENSP00000367938	0	0	0	0	0.076	0.720	0.800	0.480	0.969
COX5A	NDUFS2	9606.ENSP00000317780	9606.ENSP00000356972	0	0	0	0	0.704	0.875	0	0.542	0.981
COX5A	COA6	9606.ENSP00000317780	9606.ENSP00000355574	0	0	0	0	0.694	0.748	0.574	0.565	0.983
COX5A	NDUFA5	9606.ENSP00000317780	9606.ENSP00000417142	0	0	0	0	0.841	0.830	0	0.519	0.985
COX5A	NDUFA13	9606.ENSP00000317780	9606.ENSP00000423673	0	0	0	0	0.870	0.852	0	0.371	0.986
COX5A	NDUFAB1	9606.ENSP00000317780	9606.ENSP00000458770	0	0	0	0	0.817	0.859	0	0.519	0.986
COX5A	NDUFV1	9606.ENSP00000317780	9606.ENSP00000497587	0	0	0	0	0.746	0.901	0	0.544	0.987
COX5A	NDUFA6	9606.ENSP00000317780	9606.ENSP00000482543	0	0	0	0	0.861	0.830	0	0.522	0.987
COX5A	MT-CYB	9606.ENSP00000317780	9606.ENSP00000354554	0	0	0	0	0	0.957	0.540	0.474	0.988
COX5A	NDUFA8	9606.ENSP00000317780	9606.ENSP00000362873	0	0	0	0	0.867	0.830	0	0.568	0.989
COX5A	COX7A2	9606.ENSP00000317780	9606.ENSP00000359098	0	0	0	0	0.765	0.802	0.540	0.641	0.991
COX5A	NDUFB6	9606.ENSP00000317780	9606.ENSP00000369176	0	0	0	0	0.932	0.856	0	0.519	0.994
COX5A	NDUFV2	9606.ENSP00000317780	9606.ENSP00000327268	0	0	0	0	0.919	0.876	0	0.513	0.994
COX5A	COX7B	9606.ENSP00000317780	9606.ENSP00000497474	0	0	0	0	0.273	0.903	0.800	0.745	0.995
COX5A	COX8A	9606.ENSP00000317780	9606.ENSP00000321260	0	0	0	0	0.471	0.825	0.800	0.842	0.996
COX5A	NDUFA4	9606.ENSP00000317780	9606.ENSP00000339720	0	0	0	0	0.497	0.839	0.900	0.744	0.997
COX5A	NDUFA12	9606.ENSP00000317780	9606.ENSP00000330737	0	0	0	0	0.969	0.876	0	0.389	0.997
COX5A	UQCR11	9606.ENSP00000317780	9606.ENSP00000467262	0	0	0	0	0.922	0.923	0.540	0.520	0.998
COX5A	COX6C	9606.ENSP00000317780	9606.ENSP00000429707	0	0	0	0	0.912	0.996	0.935	0.955	0.999
COX5A	MT-CO2	9606.ENSP00000317780	9606.ENSP00000354876	0	0	0	0	0.257	0.999	0.979	0.787	0.999
COX5A	COX4I1	9606.ENSP00000317780	9606.ENSP00000457513	0	0	0	0	0.923	0.996	0.888	0.992	0.999
COX5A	COX7C	9606.ENSP00000317780	9606.ENSP00000425759	0	0	0	0	0.935	0.988	0.979	0.838	0.999
COX5A	MT-CO3	9606.ENSP00000317780	9606.ENSP00000354982	0	0	0	0	0.083	0.991	0.979	0.574	0.999
COX5A	COX6B1	9606.ENSP00000317780	9606.ENSP00000466818	0	0	0	0	0.840	0.974	0.876	0.969	0.999
COX5A	UQCR10	9606.ENSP00000317780	9606.ENSP00000332887	0	0	0	0	0.922	0.986	0.656	0.564	0.999
COX5A	UQCRQ	9606.ENSP00000317780	9606.ENSP00000367939	0	0	0	0	0.940	0.987	0.786	0.715	0.999
COX5A	MT-CO1	9606.ENSP00000317780	9606.ENSP00000354499	0	0	0	0	0.109	0.990	0.967	0.830	0.999
COX5A	UQCRB	9606.ENSP00000317780	9606.ENSP00000430494	0	0	0	0	0.970	0.984	0.656	0.646	0.999
COX5B	COX15	9606.ENSP00000258424	9606.ENSP00000016171	0	0	0	0	0.058	0.093	0.540	0.562	0.804
COX5B	NDUFB4	9606.ENSP00000258424	9606.ENSP00000184266	0	0	0	0	0.688	0.854	0	0.686	0.984
COX5B	UQCRC1	9606.ENSP00000258424	9606.ENSP00000203407	0	0	0	0	0.748	0.972	0.635	0.826	0.999
COX5B	NDUFB7	9606.ENSP00000258424	9606.ENSP00000215565	0	0	0	0	0.936	0.854	0	0.541	0.995
COX5B	COX6A1	9606.ENSP00000258424	9606.ENSP00000229379	0	0	0	0	0.892	0.980	0.888	0.966	0.999
COX5B	NDUFS7	9606.ENSP00000258424	9606.ENSP00000233627	0	0	0	0	0.866	0.838	0	0.456	0.987
COX5B	NDUFA2	9606.ENSP00000258424	9606.ENSP00000252102	0	0	0	0	0.916	0.864	0	0.527	0.994
COX5B	NDUFA10	9606.ENSP00000258424	9606.ENSP00000252711	0	0	0	0	0.579	0.881	0	0.715	0.984
COX5B	SCO1	9606.ENSP00000258424	9606.ENSP00000255390	0	0	0	0	0.067	0.182	0	0.452	0.546
COX5B	COX20	9606.ENSP00000258424	9606.ENSP00000355486	0	0	0	0	0.095	0	0	0.367	0.402
COX5B	UQCC2	9606.ENSP00000258424	9606.ENSP00000476140	0	0	0	0	0.199	0	0	0.290	0.407
COX5B	NDUFAF3	9606.ENSP00000258424	9606.ENSP00000323076	0	0	0	0	0.264	0	0	0.266	0.436
COX5B	COX11	9606.ENSP00000258424	9606.ENSP00000299335	0	0	0	0	0.049	0.093	0	0.404	0.441
COX5B	COX18	9606.ENSP00000258424	9606.ENSP00000425261	0	0	0	0	0	0.087	0	0.422	0.449
COX5B	SCO2	9606.ENSP00000258424	9606.ENSP00000444433	0	0	0	0	0.082	0.091	0	0.429	0.481
COX5B	SURF1	9606.ENSP00000258424	9606.ENSP00000361042	0	0	0	0	0.083	0.226	0	0.414	0.548
COX5B	PET100	9606.ENSP00000258424	9606.ENSP00000470539	0	0	0	0	0.241	0.093	0	0.419	0.565
COX5B	COX17	9606.ENSP00000258424	9606.ENSP00000261070	0	0	0	0	0.341	0	0	0.497	0.654
COX5B	TIMMDC1	9606.ENSP00000258424	9606.ENSP00000418803	0	0	0	0	0.067	0.629	0	0.191	0.695
COX5B	BCS1L	9606.ENSP00000258424	9606.ENSP00000413908	0	0	0	0	0.123	0	0.540	0.355	0.717
COX5B	COA3	9606.ENSP00000258424	9606.ENSP00000354762	0	0	0	0	0.214	0.168	0	0.604	0.718
COX5B	HIGD1A	9606.ENSP00000258424	9606.ENSP00000398064	0	0	0	0	0.136	0.494	0	0.412	0.721
COX5B	COX14	9606.ENSP00000258424	9606.ENSP00000326052	0	0	0	0	0.670	0.164	0	0.561	0.868
COX5B	MT-ND2	9606.ENSP00000258424	9606.ENSP00000355046	0	0	0	0	0.110	0.830	0	0.304	0.885
COX5B	MT-ND5	9606.ENSP00000258424	9606.ENSP00000354813	0	0	0	0	0.099	0.830	0	0.317	0.886
COX5B	SDHC	9606.ENSP00000258424	9606.ENSP00000356953	0	0	0	0	0.833	0	0	0.344	0.886
COX5B	MT-ND4	9606.ENSP00000258424	9606.ENSP00000354961	0	0	0	0	0.115	0.844	0	0.366	0.904
COX5B	NDUFV3	9606.ENSP00000258424	9606.ENSP00000346196	0	0	0	0	0.273	0.817	0	0.419	0.916
COX5B	MT-ND1	9606.ENSP00000258424	9606.ENSP00000354687	0	0	0	0	0.136	0.844	0	0.442	0.918
COX5B	SDHA	9606.ENSP00000258424	9606.ENSP00000264932	0	0	0	0	0.837	0	0	0.563	0.925
COX5B	NDUFC1	9606.ENSP00000258424	9606.ENSP00000441126	0	0	0	0	0.451	0.811	0	0.411	0.933
COX5B	NDUFAB1	9606.ENSP00000258424	9606.ENSP00000458770	0	0	0	0	0.374	0.864	0	0.399	0.944
COX5B	COA6	9606.ENSP00000258424	9606.ENSP00000355574	0	0	0	0	0.415	0.516	0.520	0.656	0.947
COX5B	SDHD	9606.ENSP00000258424	9606.ENSP00000364699	0	0	0	0	0.909	0	0	0.463	0.949
COX5B	NDUFB1	9606.ENSP00000258424	9606.ENSP00000483888	0	0	0	0	0.390	0.844	0	0.528	0.951
COX5B	NDUFS1	9606.ENSP00000258424	9606.ENSP00000392709	0	0	0	0	0.173	0.844	0	0.719	0.960
COX5B	NDUFA3	9606.ENSP00000258424	9606.ENSP00000418438	0	0	0	0	0.598	0.844	0	0.438	0.961
COX5B	NDUFS5	9606.ENSP00000258424	9606.ENSP00000362058	0	0	0	0	0.585	0.844	0	0.462	0.962
COX5B	NDUFA1	9606.ENSP00000258424	9606.ENSP00000360492	0	0	0	0	0.567	0.844	0	0.505	0.963
COX5B	NDUFB2	9606.ENSP00000258424	9606.ENSP00000419087	0	0	0	0	0.779	0.800	0	0.370	0.969
COX5B	COX7A2L	9606.ENSP00000258424	9606.ENSP00000367938	0	0	0	0	0.177	0.695	0.800	0.507	0.972
COX5B	SDHB	9606.ENSP00000258424	9606.ENSP00000364649	0	0	0	0	0.928	0.091	0	0.606	0.972
COX5B	NDUFC2	9606.ENSP00000258424	9606.ENSP00000281031	0	0	0	0	0.657	0.852	0	0.505	0.972
COX5B	NDUFS4	9606.ENSP00000258424	9606.ENSP00000296684	0	0	0	0	0.712	0.863	0	0.433	0.975
COX5B	NDUFB6	9606.ENSP00000258424	9606.ENSP00000369176	0	0	0	0	0.700	0.856	0	0.519	0.977
COX5B	NDUFB3	9606.ENSP00000258424	9606.ENSP00000407336	0	0	0	0	0.717	0.844	0	0.526	0.977
COX5B	NDUFB10	9606.ENSP00000258424	9606.ENSP00000268668	0	0	0	0	0.771	0.854	0	0.468	0.980
COX5B	NDUFV1	9606.ENSP00000258424	9606.ENSP00000497587	0	0	0	0	0.743	0.844	0	0.569	0.981
COX5B	NDUFA7	9606.ENSP00000258424	9606.ENSP00000301457	0	0	0	0	0.859	0.817	0	0.372	0.982
COX5B	NDUFA6	9606.ENSP00000258424	9606.ENSP00000482543	0	0	0	0	0.850	0.844	0	0.377	0.984
COX5B	NDUFS2	9606.ENSP00000258424	9606.ENSP00000356972	0	0	0	0	0.834	0.857	0	0.440	0.985
COX5B	NDUFS3	9606.ENSP00000258424	9606.ENSP00000263774	0	0	0	0	0.775	0.844	0	0.626	0.985
COX5B	NDUFA5	9606.ENSP00000258424	9606.ENSP00000417142	0	0	0	0	0.817	0.864	0	0.516	0.986
COX5B	NDUFA9	9606.ENSP00000258424	9606.ENSP00000266544	0	0	0	0	0.827	0.846	0	0.557	0.987
COX5B	NDUFV2	9606.ENSP00000258424	9606.ENSP00000327268	0	0	0	0	0.840	0.865	0	0.468	0.987
COX5B	NDUFB11	9606.ENSP00000258424	9606.ENSP00000276062	0	0	0	0	0.883	0.844	0	0.419	0.988
COX5B	NDUFA12	9606.ENSP00000258424	9606.ENSP00000330737	0	0	0	0	0.878	0.855	0	0.429	0.989
COX5B	NDUFB9	9606.ENSP00000258424	9606.ENSP00000276689	0	0	0	0	0.902	0.856	0	0.400	0.990
COX5B	NDUFB8	9606.ENSP00000258424	9606.ENSP00000299166	0	0	0	0	0.889	0.844	0	0.531	0.991
COX5B	NDUFB5	9606.ENSP00000258424	9606.ENSP00000259037	0	0	0	0	0.862	0.844	0	0.636	0.991
COX5B	NDUFA8	9606.ENSP00000258424	9606.ENSP00000362873	0	0	0	0	0.878	0.844	0	0.619	0.992
COX5B	MT-CYB	9606.ENSP00000258424	9606.ENSP00000354554	0	0	0	0	0	0.972	0.540	0.414	0.992
COX5B	NDUFA11	9606.ENSP00000258424	9606.ENSP00000389160	0	0	0	0	0.777	0.931	0	0.589	0.993
COX5B	NDUFS6	9606.ENSP00000258424	9606.ENSP00000274137	0	0	0	0	0.932	0.869	0	0.521	0.995
COX5B	NDUFA13	9606.ENSP00000258424	9606.ENSP00000423673	0	0	0	0	0.949	0.854	0	0.491	0.995
COX5B	NDUFA4	9606.ENSP00000258424	9606.ENSP00000339720	0	0	0	0	0.583	0.838	0.800	0.686	0.995
COX5B	COX7A1	9606.ENSP00000258424	9606.ENSP00000292907	0	0	0	0	0.138	0.945	0.360	0.882	0.996
COX5B	NDUFS8	9606.ENSP00000258424	9606.ENSP00000315774	0	0	0	0	0.928	0.854	0	0.664	0.996
COX5B	COX7A2	9606.ENSP00000258424	9606.ENSP00000359098	0	0	0	0	0.813	0.900	0.540	0.778	0.997
COX5B	UQCRH	9606.ENSP00000258424	9606.ENSP00000309565	0	0	0	0	0.744	0.955	0.658	0.567	0.998
COX5B	COX7C	9606.ENSP00000258424	9606.ENSP00000425759	0	0	0	0	0.939	0.993	0.959	0.983	0.999
COX5B	UQCR10	9606.ENSP00000258424	9606.ENSP00000332887	0	0	0	0	0.977	0.989	0.714	0.731	0.999
COX5B	UQCR11	9606.ENSP00000258424	9606.ENSP00000467262	0	0	0	0	0.999	0.972	0.540	0.640	0.999
COX5B	COX8A	9606.ENSP00000258424	9606.ENSP00000321260	0	0	0	0	0.734	0.800	0.800	0.965	0.999
COX5B	COX6B1	9606.ENSP00000258424	9606.ENSP00000466818	0	0	0	0	0.920	0.974	0.876	0.967	0.999
COX5B	MT-CO3	9606.ENSP00000258424	9606.ENSP00000354982	0	0	0	0	0.103	0.994	0.959	0.595	0.999
COX5B	UQCRFS1	9606.ENSP00000258424	9606.ENSP00000306397	0	0	0	0	0.970	0.991	0.715	0.664	0.999
COX5B	UQCRC2	9606.ENSP00000258424	9606.ENSP00000268379	0	0	0	0	0.776	0.990	0.786	0.664	0.999
COX5B	CYC1	9606.ENSP00000258424	9606.ENSP00000317159	0	0	0	0	0.927	0.991	0.634	0.549	0.999
COX5B	COX4I1	9606.ENSP00000258424	9606.ENSP00000457513	0	0	0	0	0.923	0.986	0.866	0.934	0.999
COX5B	MT-CO2	9606.ENSP00000258424	9606.ENSP00000354876	0	0	0	0	0.257	0.999	0.959	0.666	0.999
COX5B	COX6C	9606.ENSP00000258424	9606.ENSP00000429707	0	0	0	0	0.910	0.876	0.935	0.990	0.999
COX5B	UQCRB	9606.ENSP00000258424	9606.ENSP00000430494	0	0	0	0	0.901	0.988	0.714	0.757	0.999
COX5B	COX7B	9606.ENSP00000258424	9606.ENSP00000497474	0	0	0	0	0.675	0.899	0.800	0.969	0.999
COX5B	MT-CO1	9606.ENSP00000258424	9606.ENSP00000354499	0	0	0	0	0.167	0.993	0.935	0.781	0.999
COX5B	UQCRQ	9606.ENSP00000258424	9606.ENSP00000367939	0	0	0	0	0.925	0.967	0.714	0.581	0.999
COX5B	COX5A	9606.ENSP00000258424	9606.ENSP00000317780	0	0	0	0	0.978	0.995	0.959	0.987	0.999
COX6A1	COX15	9606.ENSP00000229379	9606.ENSP00000016171	0	0	0	0	0.056	0.094	0.540	0.555	0.801
COX6A1	NDUFB4	9606.ENSP00000229379	9606.ENSP00000184266	0	0	0	0	0.548	0.302	0	0.305	0.761
COX6A1	UQCRC1	9606.ENSP00000229379	9606.ENSP00000203407	0	0	0	0	0.347	0.896	0.624	0.619	0.989
COX6A1	NDUFB7	9606.ENSP00000229379	9606.ENSP00000215565	0	0	0	0	0.440	0.301	0	0.400	0.745
COX6A1	COA5	9606.ENSP00000229379	9606.ENSP00000330730	0	0	0	0	0.074	0	0	0.397	0.419
COX6A1	SCO2	9606.ENSP00000229379	9606.ENSP00000444433	0	0	0	0	0.057	0	0	0.422	0.431
COX6A1	COX18	9606.ENSP00000229379	9606.ENSP00000425261	0	0	0	0	0	0	0	0.435	0.435
COX6A1	SCO1	9606.ENSP00000229379	9606.ENSP00000255390	0	0	0	0	0.056	0	0	0.447	0.456
COX6A1	COX20	9606.ENSP00000229379	9606.ENSP00000355486	0	0	0	0	0.060	0	0	0.447	0.457
COX6A1	MT-ND5	9606.ENSP00000229379	9606.ENSP00000354813	0	0	0	0	0.054	0.252	0	0.303	0.463
COX6A1	PET100	9606.ENSP00000229379	9606.ENSP00000470539	0	0	0	0	0.158	0	0	0.393	0.467
COX6A1	MT-ND4	9606.ENSP00000229379	9606.ENSP00000354961	0	0	0	0	0.056	0.258	0	0.303	0.469
COX6A1	MT-ND2	9606.ENSP00000229379	9606.ENSP00000355046	0	0	0	0	0.058	0.252	0	0.318	0.477
COX6A1	COA7	9606.ENSP00000229379	9606.ENSP00000360593	0	0	0	0	0.053	0	0	0.479	0.486
COX6A1	COX11	9606.ENSP00000229379	9606.ENSP00000299335	0	0	0	0	0.050	0	0	0.496	0.501
COX6A1	MT-ATP6	9606.ENSP00000229379	9606.ENSP00000354632	0	0	0	0	0.070	0	0	0.490	0.505
COX6A1	NDUFB1	9606.ENSP00000229379	9606.ENSP00000483888	0	0	0	0	0.178	0.258	0	0.275	0.520
COX6A1	SDHA	9606.ENSP00000229379	9606.ENSP00000264932	0	0	0	0	0.146	0	0	0.469	0.527
COX6A1	COX14	9606.ENSP00000229379	9606.ENSP00000326052	0	0	0	0	0.209	0	0	0.428	0.528
COX6A1	NDUFC1	9606.ENSP00000229379	9606.ENSP00000441126	0	0	0	0	0.245	0.100	0	0.375	0.538
COX6A1	COA3	9606.ENSP00000229379	9606.ENSP00000354762	0	0	0	0	0.209	0	0	0.447	0.543
COX6A1	NDUFS1	9606.ENSP00000229379	9606.ENSP00000392709	0	0	0	0	0.085	0.301	0	0.354	0.551
COX6A1	NDUFB2	9606.ENSP00000229379	9606.ENSP00000419087	0	0	0	0	0.335	0	0	0.354	0.552
COX6A1	MT-ND1	9606.ENSP00000229379	9606.ENSP00000354687	0	0	0	0	0.056	0.258	0	0.414	0.553
COX6A1	SDHC	9606.ENSP00000229379	9606.ENSP00000356953	0	0	0	0	0.352	0	0	0.369	0.574
COX6A1	SURF1	9606.ENSP00000229379	9606.ENSP00000361042	0	0	0	0	0.064	0.095	0	0.547	0.583
COX6A1	NDUFS2	9606.ENSP00000229379	9606.ENSP00000356972	0	0	0	0	0.151	0.319	0	0.349	0.591
COX6A1	NDUFA10	9606.ENSP00000229379	9606.ENSP00000252711	0	0	0	0	0.128	0.353	0	0.341	0.596
COX6A1	SDHD	9606.ENSP00000229379	9606.ENSP00000364699	0	0	0	0	0.441	0	0	0.326	0.607
COX6A1	NDUFA3	9606.ENSP00000229379	9606.ENSP00000418438	0	0	0	0	0.254	0.258	0	0.352	0.610
COX6A1	NDUFV1	9606.ENSP00000229379	9606.ENSP00000497587	0	0	0	0	0.157	0.287	0	0.406	0.612
COX6A1	COX17	9606.ENSP00000229379	9606.ENSP00000261070	0	0	0	0	0.140	0	0	0.568	0.613
COX6A1	NDUFA9	9606.ENSP00000229379	9606.ENSP00000266544	0	0	0	0	0.335	0.228	0	0.352	0.638
COX6A1	NDUFV3	9606.ENSP00000229379	9606.ENSP00000346196	0	0	0	0	0.142	0.130	0	0.560	0.643
COX6A1	SDHB	9606.ENSP00000229379	9606.ENSP00000364649	0	0	0	0	0.347	0.085	0	0.453	0.644
COX6A1	NDUFS4	9606.ENSP00000229379	9606.ENSP00000296684	0	0	0	0	0.268	0.258	0	0.425	0.660
COX6A1	NDUFAB1	9606.ENSP00000229379	9606.ENSP00000458770	0	0	0	0	0.373	0.311	0	0.339	0.690
COX6A1	HIGD1A	9606.ENSP00000229379	9606.ENSP00000398064	0	0	0	0	0.155	0.449	0	0.397	0.695
COX6A1	NDUFB3	9606.ENSP00000229379	9606.ENSP00000407336	0	0	0	0	0.266	0.258	0	0.488	0.697
COX6A1	NDUFA7	9606.ENSP00000229379	9606.ENSP00000301457	0	0	0	0	0.407	0.282	0	0.348	0.698
COX6A1	BCS1L	9606.ENSP00000229379	9606.ENSP00000413908	0	0	0	0	0.054	0	0.540	0.366	0.700
COX6A1	NDUFB11	9606.ENSP00000229379	9606.ENSP00000276062	0	0	0	0	0.492	0.258	0	0.310	0.717
COX6A1	NDUFA11	9606.ENSP00000229379	9606.ENSP00000389160	0	0	0	0	0.445	0.189	0	0.463	0.737
COX6A1	NDUFA1	9606.ENSP00000229379	9606.ENSP00000360492	0	0	0	0	0.398	0.258	0	0.470	0.742
COX6A1	NDUFC2	9606.ENSP00000229379	9606.ENSP00000281031	0	0	0	0	0.409	0.276	0	0.448	0.743
COX6A1	NDUFB5	9606.ENSP00000229379	9606.ENSP00000259037	0	0	0	0	0.427	0.258	0	0.452	0.747
COX6A1	NDUFS3	9606.ENSP00000229379	9606.ENSP00000263774	0	0	0	0	0.427	0.375	0	0.377	0.757
COX6A1	NDUFV2	9606.ENSP00000229379	9606.ENSP00000327268	0	0	0	0	0.404	0.350	0	0.422	0.757
COX6A1	NDUFS7	9606.ENSP00000229379	9606.ENSP00000233627	0	0	0	0	0.339	0.252	0	0.553	0.759
COX6A1	NDUFB6	9606.ENSP00000229379	9606.ENSP00000369176	0	0	0	0	0.433	0.311	0	0.442	0.763
COX6A1	NDUFA2	9606.ENSP00000229379	9606.ENSP00000252102	0	0	0	0	0.430	0.353	0	0.456	0.782
COX6A1	NDUFB10	9606.ENSP00000229379	9606.ENSP00000268668	0	0	0	0	0.544	0.399	0	0.356	0.808
COX6A1	NDUFA6	9606.ENSP00000229379	9606.ENSP00000482543	0	0	0	0	0.631	0.258	0	0.419	0.827
COX6A1	NDUFA8	9606.ENSP00000229379	9606.ENSP00000362873	0	0	0	0	0.544	0.258	0	0.538	0.830
COX6A1	NDUFS8	9606.ENSP00000229379	9606.ENSP00000315774	0	0	0	0	0.398	0.301	0	0.631	0.831
COX6A1	NDUFA13	9606.ENSP00000229379	9606.ENSP00000423673	0	0	0	0	0.684	0.301	0	0.322	0.837
COX6A1	NDUFS6	9606.ENSP00000229379	9606.ENSP00000274137	0	0	0	0	0.613	0.351	0	0.412	0.839
COX6A1	NDUFA5	9606.ENSP00000229379	9606.ENSP00000417142	0	0	0	0	0.401	0.430	0	0.590	0.848
COX6A1	NDUFB9	9606.ENSP00000229379	9606.ENSP00000276689	0	0	0	0	0.646	0.312	0	0.455	0.856
COX6A1	NDUFA12	9606.ENSP00000229379	9606.ENSP00000330737	0	0	0	0	0.645	0.314	0	0.486	0.864
COX6A1	NDUFB8	9606.ENSP00000229379	9606.ENSP00000299166	0	0	0	0	0.690	0.258	0	0.557	0.889
COX6A1	NDUFS5	9606.ENSP00000229379	9606.ENSP00000362058	0	0	0	0	0.779	0.301	0	0.378	0.895
COX6A1	COA6	9606.ENSP00000229379	9606.ENSP00000355574	0	0	0	0	0.382	0.478	0.501	0.552	0.918
COX6A1	MT-CYB	9606.ENSP00000229379	9606.ENSP00000354554	0	0	0	0	0.049	0.747	0.540	0.396	0.924
COX6A1	UQCRH	9606.ENSP00000229379	9606.ENSP00000309565	0	0	0	0	0.478	0.603	0.649	0.606	0.967
COX6A1	UQCR11	9606.ENSP00000229379	9606.ENSP00000467262	0	0	0	0	0.494	0.789	0.540	0.489	0.971
COX6A1	COX7A1	9606.ENSP00000229379	9606.ENSP00000292907	0	0	0	0	0.087	0.765	0.360	0.869	0.979
COX6A1	UQCRC2	9606.ENSP00000229379	9606.ENSP00000268379	0	0	0	0	0.402	0.840	0.707	0.392	0.980
COX6A1	COX7A2L	9606.ENSP00000229379	9606.ENSP00000367938	0	0	0	0	0.119	0.654	0.800	0.727	0.981
COX6A1	CYC1	9606.ENSP00000229379	9606.ENSP00000317159	0	0	0	0	0.606	0.831	0.624	0.495	0.985
COX6A1	UQCRFS1	9606.ENSP00000229379	9606.ENSP00000306397	0	0	0	0	0.417	0.842	0.673	0.618	0.986
COX6A1	UQCR10	9606.ENSP00000229379	9606.ENSP00000332887	0	0	0	0	0.875	0.821	0.632	0.505	0.995
COX6A1	UQCRQ	9606.ENSP00000229379	9606.ENSP00000367939	0	0	0	0	0.782	0.882	0.671	0.591	0.996
COX6A1	COX7B	9606.ENSP00000229379	9606.ENSP00000497474	0	0	0	0	0.239	0.890	0.800	0.836	0.996
COX6A1	UQCRB	9606.ENSP00000229379	9606.ENSP00000430494	0	0	0	0	0.825	0.907	0.681	0.592	0.997
COX6A1	COX7A2	9606.ENSP00000229379	9606.ENSP00000359098	0	0	0	0	0.601	0.906	0.540	0.927	0.998
COX6A1	COX8A	9606.ENSP00000229379	9606.ENSP00000321260	0	0	0	0	0.783	0.800	0.800	0.838	0.998
COX6A1	NDUFA4	9606.ENSP00000229379	9606.ENSP00000339720	0	0	0	0	0.398	0.838	0.800	0.914	0.998
COX6A1	COX5B	9606.ENSP00000229379	9606.ENSP00000258424	0	0	0	0	0.892	0.980	0.888	0.966	0.999
COX6A1	COX6C	9606.ENSP00000229379	9606.ENSP00000429707	0	0	0	0	0.588	0.986	0.800	0.903	0.999
COX6A1	MT-CO2	9606.ENSP00000229379	9606.ENSP00000354876	0	0	0	0	0.109	0.979	0.888	0.571	0.999
COX6A1	COX4I1	9606.ENSP00000229379	9606.ENSP00000457513	0	0	0	0	0.678	0.977	0.851	0.852	0.999
COX6A1	COX7C	9606.ENSP00000229379	9606.ENSP00000425759	0	0	0	0	0.778	0.963	0.888	0.845	0.999
COX6A1	COX6B1	9606.ENSP00000229379	9606.ENSP00000466818	0	0	0	0	0.626	0.982	0.851	0.984	0.999
COX6A1	MT-CO3	9606.ENSP00000229379	9606.ENSP00000354982	0	0	0	0	0.095	0.993	0.888	0.588	0.999
COX6A1	MT-CO1	9606.ENSP00000229379	9606.ENSP00000354499	0	0	0	0	0.058	0.987	0.800	0.634	0.999
COX6A1	COX5A	9606.ENSP00000229379	9606.ENSP00000317780	0	0	0	0	0.835	0.966	0.888	0.958	0.999
COX6B1	COX15	9606.ENSP00000466818	9606.ENSP00000016171	0	0	0	0	0.058	0	0.540	0.854	0.931
COX6B1	NDUFB4	9606.ENSP00000466818	9606.ENSP00000184266	0	0	0	0	0.480	0.884	0	0.333	0.956
COX6B1	UQCRC1	9606.ENSP00000466818	9606.ENSP00000203407	0	0	0	0	0.337	0.917	0.623	0.545	0.989
COX6B1	NDUFB7	9606.ENSP00000466818	9606.ENSP00000215565	0	0	0	0	0.633	0.856	0	0.522	0.972
COX6B1	COX6A1	9606.ENSP00000466818	9606.ENSP00000229379	0	0	0	0	0.626	0.982	0.851	0.984	0.999
COX6B1	NDUFS7	9606.ENSP00000466818	9606.ENSP00000233627	0	0	0	0	0.302	0.869	0	0.354	0.936
COX6B1	NDUFA2	9606.ENSP00000466818	9606.ENSP00000252102	0	0	0	0	0.754	0.874	0	0.466	0.982
COX6B1	NDUFA10	9606.ENSP00000466818	9606.ENSP00000252711	0	0	0	0	0.216	0.895	0	0.423	0.948
COX6B1	SCO1	9606.ENSP00000466818	9606.ENSP00000255390	0	0	0	0	0.057	0.399	0	0.869	0.919
COX6B1	COX5B	9606.ENSP00000466818	9606.ENSP00000258424	0	0	0	0	0.920	0.974	0.876	0.967	0.999
COX6B1	TACO1	9606.ENSP00000466818	9606.ENSP00000258975	0	0	0	0	0.049	0	0	0.762	0.764
COX6B1	NDUFB5	9606.ENSP00000466818	9606.ENSP00000259037	0	0	0	0	0.418	0.851	0	0.455	0.948
COX6B1	COX17	9606.ENSP00000466818	9606.ENSP00000261070	0	0	0	0	0.292	0	0	0.675	0.760
COX6B1	NDUFS3	9606.ENSP00000466818	9606.ENSP00000263774	0	0	0	0	0.372	0.872	0	0.446	0.952
COX6B1	SDHA	9606.ENSP00000466818	9606.ENSP00000264932	0	0	0	0	0.158	0.077	0	0.478	0.559
COX6B1	NDUFA9	9606.ENSP00000466818	9606.ENSP00000266544	0	0	0	0	0.242	0.862	0	0.398	0.931
COX6B1	UQCRC2	9606.ENSP00000466818	9606.ENSP00000268379	0	0	0	0	0.417	0.975	0.681	0.567	0.997
COX6B1	NDUFB10	9606.ENSP00000466818	9606.ENSP00000268668	0	0	0	0	0.303	0.851	0	0.507	0.944
COX6B1	NDUFS6	9606.ENSP00000466818	9606.ENSP00000274137	0	0	0	0	0.384	0.865	0	0.489	0.954
COX6B1	NDUFB11	9606.ENSP00000466818	9606.ENSP00000276062	0	0	0	0	0.470	0.845	0	0.463	0.952
COX6B1	NDUFB9	9606.ENSP00000466818	9606.ENSP00000276689	0	0	0	0	0.647	0.899	0	0.676	0.987
COX6B1	NDUFC2	9606.ENSP00000466818	9606.ENSP00000281031	0	0	0	0	0.411	0.877	0	0.386	0.952
COX6B1	AIFM1	9606.ENSP00000466818	9606.ENSP00000287295	0	0	0	0	0.053	0.421	0	0.220	0.534
COX6B1	COX7A1	9606.ENSP00000466818	9606.ENSP00000292907	0	0	0	0	0.060	0.948	0.360	0.952	0.998
COX6B1	NDUFS4	9606.ENSP00000466818	9606.ENSP00000296684	0	0	0	0	0.455	0.885	0	0.381	0.958
COX6B1	NDUFB8	9606.ENSP00000466818	9606.ENSP00000299166	0	0	0	0	0.717	0.845	0	0.651	0.983
COX6B1	COX11	9606.ENSP00000466818	9606.ENSP00000299335	0	0	0	0	0.049	0	0	0.557	0.561
COX6B1	NDUFA7	9606.ENSP00000466818	9606.ENSP00000301457	0	0	0	0	0.426	0.872	0	0.441	0.955
COX6B1	UQCRFS1	9606.ENSP00000466818	9606.ENSP00000306397	0	0	0	0	0.477	0.967	0.733	0.521	0.997
COX6B1	UQCRH	9606.ENSP00000466818	9606.ENSP00000309565	0	0	0	0	0.514	0.899	0.691	0.589	0.992
COX6B1	TMEM70	9606.ENSP00000466818	9606.ENSP00000312599	0	0	0	0	0.100	0	0	0.425	0.460
COX6B1	ACAD9	9606.ENSP00000466818	9606.ENSP00000312618	0	0	0	0	0.088	0.045	0	0.376	0.409
COX6B1	NDUFS8	9606.ENSP00000466818	9606.ENSP00000315774	0	0	0	0	0.473	0.854	0	0.530	0.960
COX6B1	CYC1	9606.ENSP00000466818	9606.ENSP00000317159	0	0	0	0	0.484	0.955	0.658	0.396	0.994
COX6B1	COX5A	9606.ENSP00000466818	9606.ENSP00000317780	0	0	0	0	0.840	0.974	0.876	0.969	0.999
COX6B1	COX8A	9606.ENSP00000466818	9606.ENSP00000321260	0	0	0	0	0.832	0.800	0.800	0.736	0.998
COX6B1	COX14	9606.ENSP00000466818	9606.ENSP00000326052	0	0	0	0	0.261	0.161	0	0.470	0.643
COX6B1	NDUFV2	9606.ENSP00000466818	9606.ENSP00000327268	0	0	0	0	0.640	0.851	0	0.519	0.972
COX6B1	COA5	9606.ENSP00000466818	9606.ENSP00000330730	0	0	0	0	0.049	0	0	0.590	0.593
COX6B1	NDUFA12	9606.ENSP00000466818	9606.ENSP00000330737	0	0	0	0	0.734	0.873	0	0.359	0.976
COX6B1	UQCR10	9606.ENSP00000466818	9606.ENSP00000332887	0	0	0	0	0.776	0.967	0.658	0.769	0.999
COX6B1	NDUFA4	9606.ENSP00000466818	9606.ENSP00000339720	0	0	0	0	0.498	0.919	0.800	0.911	0.999
COX6B1	COX19	9606.ENSP00000466818	9606.ENSP00000342015	0	0	0	0	0.124	0	0	0.498	0.542
COX6B1	NDUFV3	9606.ENSP00000466818	9606.ENSP00000346196	0	0	0	0	0.273	0.819	0	0.380	0.911
COX6B1	MT-CO1	9606.ENSP00000466818	9606.ENSP00000354499	0	0	0	0	0.064	0.976	0.800	0.725	0.998
COX6B1	MT-CYB	9606.ENSP00000466818	9606.ENSP00000354554	0	0	0	0	0	0.911	0.540	0.447	0.975
COX6B1	MT-ATP6	9606.ENSP00000466818	9606.ENSP00000354632	0	0	0	0	0.068	0	0	0.460	0.475
COX6B1	MT-ND1	9606.ENSP00000466818	9606.ENSP00000354687	0	0	0	0	0.058	0.845	0	0.315	0.891
COX6B1	COA3	9606.ENSP00000466818	9606.ENSP00000354762	0	0	0	0	0.202	0	0	0.417	0.515
COX6B1	MT-ND5	9606.ENSP00000466818	9606.ENSP00000354813	0	0	0	0	0.057	0.845	0	0.357	0.898
COX6B1	MT-CO2	9606.ENSP00000466818	9606.ENSP00000354876	0	0	0	0	0.217	0.999	0.876	0.891	0.999
COX6B1	MT-ND4	9606.ENSP00000466818	9606.ENSP00000354961	0	0	0	0	0.060	0.845	0	0.432	0.910
COX6B1	MT-CO3	9606.ENSP00000466818	9606.ENSP00000354982	0	0	0	0	0.079	0.977	0.876	0.869	0.999
COX6B1	MT-ND2	9606.ENSP00000466818	9606.ENSP00000355046	0	0	0	0	0.055	0.845	0	0.481	0.917
COX6B1	COX20	9606.ENSP00000466818	9606.ENSP00000355486	0	0	0	0	0.095	0	0	0.417	0.449
COX6B1	COA6	9606.ENSP00000466818	9606.ENSP00000355574	0	0	0	0	0.066	0	0.360	0.597	0.738
COX6B1	SDHC	9606.ENSP00000466818	9606.ENSP00000356953	0	0	0	0	0.328	0	0	0.364	0.554
COX6B1	NDUFS2	9606.ENSP00000466818	9606.ENSP00000356972	0	0	0	0	0.361	0.856	0	0.509	0.951
COX6B1	COX7A2	9606.ENSP00000466818	9606.ENSP00000359098	0	0	0	0	0.768	0.934	0.540	0.805	0.998
COX6B1	NDUFA1	9606.ENSP00000466818	9606.ENSP00000360492	0	0	0	0	0.789	0.845	0	0.433	0.979
COX6B1	COA7	9606.ENSP00000466818	9606.ENSP00000360593	0	0	0	0	0.049	0.227	0	0.535	0.629
COX6B1	SURF1	9606.ENSP00000466818	9606.ENSP00000361042	0	0	0	0	0.087	0.095	0	0.807	0.827
COX6B1	NDUFS5	9606.ENSP00000466818	9606.ENSP00000362058	0	0	0	0	0.440	0.860	0	0.447	0.952
COX6B1	NDUFA8	9606.ENSP00000466818	9606.ENSP00000362873	0	0	0	0	0.474	0.848	0	0.671	0.971
COX6B1	SDHB	9606.ENSP00000466818	9606.ENSP00000364649	0	0	0	0	0.437	0.135	0	0.618	0.798
COX6B1	SDHD	9606.ENSP00000466818	9606.ENSP00000364699	0	0	0	0	0.341	0	0	0.422	0.603
COX6B1	COX7A2L	9606.ENSP00000466818	9606.ENSP00000367938	0	0	0	0	0.139	0.522	0.800	0.477	0.951
COX6B1	UQCRQ	9606.ENSP00000466818	9606.ENSP00000367939	0	0	0	0	0.764	0.978	0.658	0.550	0.999
COX6B1	NDUFB6	9606.ENSP00000466818	9606.ENSP00000369176	0	0	0	0	0.653	0.851	0	0.364	0.964
COX6B1	NDUFA11	9606.ENSP00000466818	9606.ENSP00000389160	0	0	0	0	0.461	0.830	0	0.446	0.945
COX6B1	NDUFS1	9606.ENSP00000466818	9606.ENSP00000392709	0	0	0	0	0.130	0.896	0	0.706	0.971
COX6B1	PET117	9606.ENSP00000466818	9606.ENSP00000397881	0	0	0	0	0.069	0	0	0.528	0.542
COX6B1	HIGD1A	9606.ENSP00000466818	9606.ENSP00000398064	0	0	0	0	0.128	0.312	0	0.379	0.595
COX6B1	NDUFB3	9606.ENSP00000466818	9606.ENSP00000407336	0	0	0	0	0.512	0.845	0	0.419	0.952
COX6B1	BCS1L	9606.ENSP00000466818	9606.ENSP00000413908	0	0	0	0	0.101	0	0.540	0.376	0.719
COX6B1	NDUFA5	9606.ENSP00000466818	9606.ENSP00000417142	0	0	0	0	0.450	0.874	0	0.578	0.968
COX6B1	NDUFA3	9606.ENSP00000466818	9606.ENSP00000418438	0	0	0	0	0.703	0.851	0	0.478	0.974
COX6B1	TIMMDC1	9606.ENSP00000466818	9606.ENSP00000418803	0	0	0	0	0.085	0.629	0	0.224	0.713
COX6B1	NDUFB2	9606.ENSP00000466818	9606.ENSP00000419087	0	0	0	0	0.307	0.800	0	0.328	0.898
COX6B1	NDUFA13	9606.ENSP00000466818	9606.ENSP00000423673	0	0	0	0	0.576	0.857	0	0.351	0.957
COX6B1	COX18	9606.ENSP00000466818	9606.ENSP00000425261	0	0	0	0	0.051	0	0	0.510	0.515
COX6B1	COX7C	9606.ENSP00000466818	9606.ENSP00000425759	0	0	0	0	0.848	0.975	0.876	0.908	0.999
COX6B1	COX6C	9606.ENSP00000466818	9606.ENSP00000429707	0	0	0	0	0.738	0.963	0.800	0.913	0.999
COX6B1	UQCRB	9606.ENSP00000466818	9606.ENSP00000430494	0	0	0	0	0.767	0.980	0.716	0.602	0.999
COX6B1	NDUFC1	9606.ENSP00000466818	9606.ENSP00000441126	0	0	0	0	0.362	0.813	0	0.307	0.910
COX6B1	COA4	9606.ENSP00000466818	9606.ENSP00000443795	0	0	0	0	0.098	0	0	0.450	0.483
COX6B1	SCO2	9606.ENSP00000466818	9606.ENSP00000444433	0	0	0	0	0.055	0.255	0	0.764	0.819
COX6B1	COX4I1	9606.ENSP00000466818	9606.ENSP00000457513	0	0	0	0	0.589	0.969	0.850	0.856	0.999
COX6B1	NDUFAB1	9606.ENSP00000466818	9606.ENSP00000458770	0	0	0	0	0.473	0.856	0	0.405	0.951
COX6B1	PET100	9606.ENSP00000466818	9606.ENSP00000470539	0	0	0	0	0.165	0	0	0.514	0.577
COX6B1	NDUFB1	9606.ENSP00000466818	9606.ENSP00000483888	0	0	0	0	0.261	0.845	0	0.557	0.944
COX6B1	NDUFV1	9606.ENSP00000466818	9606.ENSP00000497587	0	0	0	0	0.403	0.872	0	0.517	0.960
COX6B1	NDUFA6	9606.ENSP00000466818	9606.ENSP00000482543	0	0	0	0	0.634	0.888	0	0.342	0.971
COX6B1	COX7B	9606.ENSP00000466818	9606.ENSP00000497474	0	0	0	0	0.379	0.891	0.800	0.801	0.996
COX6B1	UQCR11	9606.ENSP00000466818	9606.ENSP00000467262	0	0	0	0	0.668	0.946	0.540	0.678	0.997
COX6C	COX15	9606.ENSP00000429707	9606.ENSP00000016171	0	0	0	0	0.067	0	0.540	0.441	0.739
COX6C	TIMM21	9606.ENSP00000429707	9606.ENSP00000169551	0	0	0	0	0.049	0.292	0	0.205	0.417
COX6C	NDUFB4	9606.ENSP00000429707	9606.ENSP00000184266	0	0	0	0	0.958	0.507	0	0.364	0.985
COX6C	UQCRC1	9606.ENSP00000429707	9606.ENSP00000203407	0	0	0	0	0.189	0.834	0.594	0.435	0.965
COX6C	NDUFB7	9606.ENSP00000429707	9606.ENSP00000215565	0	0	0	0	0.494	0.507	0	0.386	0.833
COX6C	COX6A1	9606.ENSP00000429707	9606.ENSP00000229379	0	0	0	0	0.588	0.986	0.800	0.903	0.999
COX6C	NDUFS7	9606.ENSP00000429707	9606.ENSP00000233627	0	0	0	0	0.381	0.544	0	0.305	0.787
COX6C	NDUFA2	9606.ENSP00000429707	9606.ENSP00000252102	0	0	0	0	0.831	0.523	0	0.486	0.955
COX6C	NDUFA10	9606.ENSP00000429707	9606.ENSP00000252711	0	0	0	0	0.241	0.507	0	0.250	0.694
COX6C	SCO1	9606.ENSP00000429707	9606.ENSP00000255390	0	0	0	0	0.119	0.074	0	0.370	0.441
COX6C	COX5B	9606.ENSP00000429707	9606.ENSP00000258424	0	0	0	0	0.910	0.876	0.935	0.990	0.999
COX6C	NDUFB5	9606.ENSP00000429707	9606.ENSP00000259037	0	0	0	0	0.917	0.566	0	0.542	0.982
COX6C	COX17	9606.ENSP00000429707	9606.ENSP00000261070	0	0	0	0	0.262	0	0	0.431	0.563
COX6C	NDUFS3	9606.ENSP00000429707	9606.ENSP00000263774	0	0	0	0	0.415	0.589	0	0.413	0.846
COX6C	NDUFA9	9606.ENSP00000429707	9606.ENSP00000266544	0	0	0	0	0.428	0.482	0	0.386	0.802
COX6C	UQCRC2	9606.ENSP00000429707	9606.ENSP00000268379	0	0	0	0	0.266	0.834	0.602	0.402	0.967
COX6C	NDUFB10	9606.ENSP00000429707	9606.ENSP00000268668	0	0	0	0	0.707	0.568	0	0.557	0.939
COX6C	NDUFS6	9606.ENSP00000429707	9606.ENSP00000274137	0	0	0	0	0.721	0.507	0	0.380	0.907
COX6C	NDUFB11	9606.ENSP00000429707	9606.ENSP00000276062	0	0	0	0	0.660	0.507	0	0.362	0.884
COX6C	NDUFB9	9606.ENSP00000429707	9606.ENSP00000276689	0	0	0	0	0.908	0.544	0	0.678	0.985
COX6C	NDUFC2	9606.ENSP00000429707	9606.ENSP00000281031	0	0	0	0	0.757	0.458	0	0.396	0.913
COX6C	COX7A1	9606.ENSP00000429707	9606.ENSP00000292907	0	0	0	0	0.066	0.756	0.360	0.710	0.952
COX6C	NDUFS4	9606.ENSP00000429707	9606.ENSP00000296684	0	0	0	0	0.758	0.544	0	0.366	0.924
COX6C	NDUFB8	9606.ENSP00000429707	9606.ENSP00000299166	0	0	0	0	0.512	0.585	0	0.669	0.927
COX6C	NDUFA7	9606.ENSP00000429707	9606.ENSP00000301457	0	0	0	0	0.639	0.531	0	0.475	0.903
COX6C	UQCRFS1	9606.ENSP00000429707	9606.ENSP00000306397	0	0	0	0	0.313	0.883	0.602	0.410	0.978
COX6C	UQCRH	9606.ENSP00000429707	9606.ENSP00000309565	0	0	0	0	0.712	0.764	0.598	0.518	0.985
COX6C	NDUFS8	9606.ENSP00000429707	9606.ENSP00000315774	0	0	0	0	0.454	0.507	0	0.376	0.817
COX6C	CYC1	9606.ENSP00000429707	9606.ENSP00000317159	0	0	0	0	0.244	0.866	0.540	0.290	0.962
COX6C	COX5A	9606.ENSP00000429707	9606.ENSP00000317780	0	0	0	0	0.912	0.996	0.935	0.955	0.999
COX6C	COX8A	9606.ENSP00000429707	9606.ENSP00000321260	0	0	0	0	0.331	0.825	0.800	0.954	0.998
COX6C	COX14	9606.ENSP00000429707	9606.ENSP00000326052	0	0	0	0	0.282	0	0	0.419	0.565
COX6C	NDUFV2	9606.ENSP00000429707	9606.ENSP00000327268	0	0	0	0	0.460	0.529	0	0.356	0.822
COX6C	COA5	9606.ENSP00000429707	9606.ENSP00000330730	0	0	0	0	0.168	0	0	0.392	0.473
COX6C	NDUFA12	9606.ENSP00000429707	9606.ENSP00000330737	0	0	0	0	0.863	0.726	0	0.251	0.969
COX6C	UQCR10	9606.ENSP00000429707	9606.ENSP00000332887	0	0	0	0	0.917	0.847	0.540	0.576	0.997
COX6C	NDUFA4	9606.ENSP00000429707	9606.ENSP00000339720	0	0	0	0	0.917	0.860	0.800	0.775	0.999
COX6C	NDUFV3	9606.ENSP00000429707	9606.ENSP00000346196	0	0	0	0	0.574	0.507	0	0.281	0.835
COX6C	MT-CO1	9606.ENSP00000429707	9606.ENSP00000354499	0	0	0	0	0.140	0.959	0.935	0.499	0.998
COX6C	MT-CYB	9606.ENSP00000429707	9606.ENSP00000354554	0	0	0	0	0.049	0.834	0.540	0.292	0.941
COX6C	MT-ND1	9606.ENSP00000429707	9606.ENSP00000354687	0	0	0	0	0.140	0.507	0	0.274	0.665
COX6C	COA3	9606.ENSP00000429707	9606.ENSP00000354762	0	0	0	0	0.148	0.292	0	0.420	0.620
COX6C	MT-ND5	9606.ENSP00000429707	9606.ENSP00000354813	0	0	0	0	0.115	0.507	0	0.233	0.636
COX6C	MT-CO2	9606.ENSP00000429707	9606.ENSP00000354876	0	0	0	0	0.460	0.999	0.935	0.655	0.999
COX6C	MT-ND4	9606.ENSP00000429707	9606.ENSP00000354961	0	0	0	0	0.129	0.507	0	0.206	0.630
COX6C	MT-CO3	9606.ENSP00000429707	9606.ENSP00000354982	0	0	0	0	0.167	0.878	0.935	0.400	0.995
COX6C	MT-ND2	9606.ENSP00000429707	9606.ENSP00000355046	0	0	0	0	0.131	0.507	0	0.275	0.662
COX6C	COX20	9606.ENSP00000429707	9606.ENSP00000355486	0	0	0	0	0.108	0	0	0.400	0.441
COX6C	COA6	9606.ENSP00000429707	9606.ENSP00000355574	0	0	0	0	0.366	0.749	0.360	0.410	0.931
COX6C	SDHC	9606.ENSP00000429707	9606.ENSP00000356953	0	0	0	0	0.407	0	0	0.264	0.545
COX6C	NDUFS2	9606.ENSP00000429707	9606.ENSP00000356972	0	0	0	0	0.169	0.544	0	0.373	0.742
COX6C	NDUFAF4	9606.ENSP00000429707	9606.ENSP00000358272	0	0	0	0	0.059	0.223	0	0.295	0.439
COX6C	COX7A2	9606.ENSP00000429707	9606.ENSP00000359098	0	0	0	0	0.896	0.804	0.540	0.734	0.997
COX6C	NDUFA1	9606.ENSP00000429707	9606.ENSP00000360492	0	0	0	0	0.614	0.507	0	0.447	0.885
COX6C	SURF1	9606.ENSP00000429707	9606.ENSP00000361042	0	0	0	0	0.097	0.329	0	0.381	0.592
COX6C	NDUFS5	9606.ENSP00000429707	9606.ENSP00000362058	0	0	0	0	0.848	0.566	0	0.432	0.959
COX6C	NDUFA8	9606.ENSP00000429707	9606.ENSP00000362873	0	0	0	0	0.379	0.507	0	0.527	0.842
COX6C	SDHB	9606.ENSP00000429707	9606.ENSP00000364649	0	0	0	0	0.373	0.096	0	0.332	0.589
COX6C	SDHD	9606.ENSP00000429707	9606.ENSP00000364699	0	0	0	0	0.443	0	0	0.289	0.587
COX6C	COX7A2L	9606.ENSP00000429707	9606.ENSP00000367938	0	0	0	0	0.138	0.544	0.800	0.452	0.951
COX6C	UQCRQ	9606.ENSP00000429707	9606.ENSP00000367939	0	0	0	0	0.959	0.834	0.602	0.507	0.998
COX6C	NDUFB6	9606.ENSP00000429707	9606.ENSP00000369176	0	0	0	0	0.656	0.507	0	0.402	0.890
COX6C	NDUFA11	9606.ENSP00000429707	9606.ENSP00000389160	0	0	0	0	0.507	0.429	0	0.300	0.785
COX6C	NDUFS1	9606.ENSP00000429707	9606.ENSP00000392709	0	0	0	0	0.083	0.507	0	0.350	0.680
COX6C	PET117	9606.ENSP00000429707	9606.ENSP00000397881	0	0	0	0	0	0	0	0.408	0.408
COX6C	NDUFB3	9606.ENSP00000429707	9606.ENSP00000407336	0	0	0	0	0.874	0.544	0	0.484	0.968
COX6C	BCS1L	9606.ENSP00000429707	9606.ENSP00000413908	0	0	0	0	0.067	0	0.540	0.208	0.630
COX6C	NDUFA5	9606.ENSP00000429707	9606.ENSP00000417142	0	0	0	0	0.714	0.544	0	0.567	0.938
COX6C	NDUFA3	9606.ENSP00000429707	9606.ENSP00000418438	0	0	0	0	0.671	0.529	0	0.372	0.894
COX6C	NDUFB2	9606.ENSP00000429707	9606.ENSP00000419087	0	0	0	0	0.642	0	0	0.395	0.774
COX6C	NDUFA13	9606.ENSP00000429707	9606.ENSP00000423673	0	0	0	0	0.783	0.507	0	0.357	0.925
COX6C	COX18	9606.ENSP00000429707	9606.ENSP00000425261	0	0	0	0	0	0	0	0.411	0.411
COX6C	COX7C	9606.ENSP00000429707	9606.ENSP00000425759	0	0	0	0	0.912	0.944	0.935	0.986	0.999
COX6C	SMIM20	9606.ENSP00000429707	9606.ENSP00000427407	0	0	0	0	0.148	0	0	0.500	0.556
COX6C	PET100	9606.ENSP00000429707	9606.ENSP00000470539	0	0	0	0	0.325	0	0	0.411	0.586
COX6C	NDUFV1	9606.ENSP00000429707	9606.ENSP00000497587	0	0	0	0	0.126	0.507	0	0.388	0.713
COX6C	NDUFAB1	9606.ENSP00000429707	9606.ENSP00000458770	0	0	0	0	0.430	0.507	0	0.390	0.813
COX6C	NDUFB1	9606.ENSP00000429707	9606.ENSP00000483888	0	0	0	0	0.454	0.507	0	0.419	0.830
COX6C	NDUFC1	9606.ENSP00000429707	9606.ENSP00000441126	0	0	0	0	0.703	0.429	0	0.351	0.880
COX6C	NDUFA6	9606.ENSP00000429707	9606.ENSP00000482543	0	0	0	0	0.801	0.507	0	0.410	0.937
COX6C	UQCRB	9606.ENSP00000429707	9606.ENSP00000430494	0	0	0	0	0.791	0.834	0.540	0.550	0.991
COX6C	UQCR11	9606.ENSP00000429707	9606.ENSP00000467262	0	0	0	0	0.881	0.834	0.540	0.435	0.994
COX6C	COX4I1	9606.ENSP00000429707	9606.ENSP00000457513	0	0	0	0	0.840	0.992	0.800	0.736	0.999
COX6C	COX6B1	9606.ENSP00000429707	9606.ENSP00000466818	0	0	0	0	0.738	0.963	0.800	0.913	0.999
COX6C	COX7B	9606.ENSP00000429707	9606.ENSP00000497474	0	0	0	0	0.756	0.952	0.800	0.961	0.999
COX7A1	COX15	9606.ENSP00000292907	9606.ENSP00000016171	0	0	0	0	0	0	0.360	0.392	0.594
COX7A1	NDUFB4	9606.ENSP00000292907	9606.ENSP00000184266	0	0	0	0	0	0.830	0	0.667	0.941
COX7A1	UQCRC1	9606.ENSP00000292907	9606.ENSP00000203407	0	0	0	0	0.073	0.959	0.360	0.945	0.998
COX7A1	NDUFB7	9606.ENSP00000292907	9606.ENSP00000215565	0	0	0	0	0.084	0.830	0	0.396	0.898
COX7A1	COX6A1	9606.ENSP00000292907	9606.ENSP00000229379	0	0	0	0	0.087	0.765	0.360	0.869	0.979
COX7A1	NDUFS7	9606.ENSP00000292907	9606.ENSP00000233627	0	0	0	0	0.095	0.841	0	0.320	0.893
COX7A1	NDUFA2	9606.ENSP00000292907	9606.ENSP00000252102	0	0	0	0	0.111	0.830	0	0.398	0.901
COX7A1	NDUFA10	9606.ENSP00000292907	9606.ENSP00000252711	0	0	0	0	0	0.844	0	0.226	0.874
COX7A1	COX5B	9606.ENSP00000292907	9606.ENSP00000258424	0	0	0	0	0.138	0.945	0.360	0.882	0.996
COX7A1	NDUFB5	9606.ENSP00000292907	9606.ENSP00000259037	0	0	0	0	0.109	0.830	0	0.262	0.878
COX7A1	NDUFS3	9606.ENSP00000292907	9606.ENSP00000263774	0	0	0	0	0.048	0.830	0	0.253	0.868
COX7A1	NDUFA9	9606.ENSP00000292907	9606.ENSP00000266544	0	0	0	0	0.076	0.841	0	0.497	0.920
COX7A1	UQCRC2	9606.ENSP00000292907	9606.ENSP00000268379	0	0	0	0	0.057	0.967	0.360	0.290	0.984
COX7A1	NDUFB10	9606.ENSP00000292907	9606.ENSP00000268668	0	0	0	0	0.058	0.830	0	0.190	0.859
COX7A1	NDUFS6	9606.ENSP00000292907	9606.ENSP00000274137	0	0	0	0	0.047	0.830	0	0.233	0.865
COX7A1	NDUFB11	9606.ENSP00000292907	9606.ENSP00000276062	0	0	0	0	0.049	0.830	0	0.272	0.872
COX7A1	NDUFB9	9606.ENSP00000292907	9606.ENSP00000276689	0	0	0	0	0	0.830	0	0.389	0.891
COX7A1	NDUFC2	9606.ENSP00000292907	9606.ENSP00000281031	0	0	0	0	0.108	0.824	0	0.358	0.890
COX7A1	BCS1L	9606.ENSP00000292907	9606.ENSP00000413908	0	0	0	0	0	0	0.360	0.159	0.438
COX7A1	COA6	9606.ENSP00000292907	9606.ENSP00000355574	0	0	0	0	0	0.526	0.360	0.264	0.757
COX7A1	COX8A	9606.ENSP00000292907	9606.ENSP00000321260	0	0	0	0	0.047	0	0.360	0.634	0.757
COX7A1	NDUFA4	9606.ENSP00000292907	9606.ENSP00000339720	0	0	0	0	0.089	0	0.360	0.763	0.849
COX7A1	NDUFB2	9606.ENSP00000292907	9606.ENSP00000419087	0	0	0	0	0.056	0.800	0	0.276	0.851
COX7A1	NDUFB1	9606.ENSP00000292907	9606.ENSP00000483888	0	0	0	0	0.056	0.830	0	0.183	0.857
COX7A1	MT-ND4	9606.ENSP00000292907	9606.ENSP00000354961	0	0	0	0	0	0.830	0	0.206	0.859
COX7A1	MT-ND2	9606.ENSP00000292907	9606.ENSP00000355046	0	0	0	0	0	0.830	0	0.220	0.861
COX7A1	NDUFA7	9606.ENSP00000292907	9606.ENSP00000301457	0	0	0	0	0.124	0.812	0	0.229	0.862
COX7A1	NDUFS5	9606.ENSP00000292907	9606.ENSP00000362058	0	0	0	0	0.129	0.830	0	0.165	0.865
COX7A1	NDUFS8	9606.ENSP00000292907	9606.ENSP00000315774	0	0	0	0	0.056	0.830	0	0.247	0.868
COX7A1	MT-ND1	9606.ENSP00000292907	9606.ENSP00000354687	0	0	0	0	0.101	0.830	0	0.212	0.869
COX7A1	NDUFA12	9606.ENSP00000292907	9606.ENSP00000330737	0	0	0	0	0.056	0.830	0	0.251	0.869
COX7A1	NDUFA13	9606.ENSP00000292907	9606.ENSP00000423673	0	0	0	0	0.064	0.830	0	0.262	0.872
COX7A1	NDUFC1	9606.ENSP00000292907	9606.ENSP00000441126	0	0	0	0	0.118	0.811	0	0.304	0.874
COX7A1	NDUFS2	9606.ENSP00000292907	9606.ENSP00000356972	0	0	0	0	0	0.830	0	0.323	0.880
COX7A1	NDUFV2	9606.ENSP00000292907	9606.ENSP00000327268	0	0	0	0	0	0.830	0	0.332	0.881
COX7A1	NDUFA6	9606.ENSP00000292907	9606.ENSP00000482543	0	0	0	0	0.118	0.830	0	0.277	0.882
COX7A1	NDUFS4	9606.ENSP00000292907	9606.ENSP00000296684	0	0	0	0	0.083	0.830	0	0.310	0.883
COX7A1	NDUFA8	9606.ENSP00000292907	9606.ENSP00000362873	0	0	0	0	0.102	0.830	0	0.297	0.883
COX7A1	NDUFA3	9606.ENSP00000292907	9606.ENSP00000418438	0	0	0	0	0.106	0.830	0	0.315	0.887
COX7A1	NDUFAB1	9606.ENSP00000292907	9606.ENSP00000458770	0	0	0	0	0.050	0.844	0	0.305	0.888
COX7A1	NDUFV1	9606.ENSP00000292907	9606.ENSP00000497587	0	0	0	0	0.088	0.830	0	0.381	0.895
COX7A1	NDUFS1	9606.ENSP00000292907	9606.ENSP00000392709	0	0	0	0	0	0.842	0	0.365	0.895
COX7A1	NDUFA11	9606.ENSP00000292907	9606.ENSP00000389160	0	0	0	0	0.060	0.824	0	0.437	0.899
COX7A1	NDUFA5	9606.ENSP00000292907	9606.ENSP00000417142	0	0	0	0	0.106	0.830	0	0.402	0.901
COX7A1	NDUFB3	9606.ENSP00000292907	9606.ENSP00000407336	0	0	0	0	0.150	0.830	0	0.391	0.904
COX7A1	NDUFV3	9606.ENSP00000292907	9606.ENSP00000346196	0	0	0	0	0.106	0.812	0	0.496	0.908
COX7A1	NDUFB6	9606.ENSP00000292907	9606.ENSP00000369176	0	0	0	0	0.106	0.830	0	0.514	0.919
COX7A1	MT-ND5	9606.ENSP00000292907	9606.ENSP00000354813	0	0	0	0	0	0.830	0	0.548	0.920
COX7A1	COX7A2L	9606.ENSP00000292907	9606.ENSP00000367938	0	0	0	0.880	0	0	0.900	0.250	0.921
COX7A1	NDUFA1	9606.ENSP00000292907	9606.ENSP00000360492	0	0	0	0	0.072	0.830	0	0.564	0.925
COX7A1	NDUFB8	9606.ENSP00000292907	9606.ENSP00000299166	0	0	0	0	0.111	0.830	0	0.557	0.927
COX7A1	COX7A2	9606.ENSP00000292907	9606.ENSP00000359098	0	0	0.054	0.942	0.096	0	0.900	0.420	0.943
COX7A1	COX6C	9606.ENSP00000292907	9606.ENSP00000429707	0	0	0	0	0.066	0.756	0.360	0.710	0.952
COX7A1	MT-CYB	9606.ENSP00000292907	9606.ENSP00000354554	0	0	0	0	0	0.947	0.360	0.269	0.973
COX7A1	COX7B	9606.ENSP00000292907	9606.ENSP00000497474	0	0	0	0	0.064	0.887	0.360	0.705	0.977
COX7A1	MT-CO1	9606.ENSP00000292907	9606.ENSP00000354499	0	0	0	0	0	0.955	0.360	0.330	0.979
COX7A1	UQCRH	9606.ENSP00000292907	9606.ENSP00000309565	0	0	0	0	0.047	0.950	0.360	0.381	0.979
COX7A1	MT-CO3	9606.ENSP00000292907	9606.ENSP00000354982	0	0	0	0	0	0.957	0.360	0.303	0.979
COX7A1	CYC1	9606.ENSP00000292907	9606.ENSP00000317159	0	0	0	0	0.104	0.967	0.360	0.207	0.983
COX7A1	MT-CO2	9606.ENSP00000292907	9606.ENSP00000354876	0	0	0	0	0	0.968	0.360	0.270	0.984
COX7A1	UQCRFS1	9606.ENSP00000292907	9606.ENSP00000306397	0	0	0	0	0	0.967	0.360	0.369	0.985
COX7A1	UQCRQ	9606.ENSP00000292907	9606.ENSP00000367939	0	0	0	0	0.062	0.967	0.360	0.476	0.988
COX7A1	UQCR10	9606.ENSP00000292907	9606.ENSP00000332887	0	0	0	0	0.088	0.967	0.360	0.469	0.988
COX7A1	COX4I1	9606.ENSP00000292907	9606.ENSP00000457513	0	0	0	0	0.129	0.936	0.360	0.725	0.989
COX7A1	COX5A	9606.ENSP00000292907	9606.ENSP00000317780	0	0	0	0	0.109	0.967	0.360	0.728	0.994
COX7A1	COX7C	9606.ENSP00000292907	9606.ENSP00000425759	0	0	0	0	0.060	0.967	0.360	0.764	0.994
COX7A1	UQCRB	9606.ENSP00000292907	9606.ENSP00000430494	0	0	0	0	0.106	0.956	0.360	0.799	0.994
COX7A1	COX6B1	9606.ENSP00000292907	9606.ENSP00000466818	0	0	0	0	0.060	0.948	0.360	0.952	0.998
COX7A1	UQCR11	9606.ENSP00000292907	9606.ENSP00000467262	0	0	0	0	0.113	0.983	0.360	0.932	0.999
COX7A2	COX15	9606.ENSP00000359098	9606.ENSP00000016171	0	0	0	0	0.060	0.078	0.540	0.462	0.757
COX7A2	NDUFB4	9606.ENSP00000359098	9606.ENSP00000184266	0	0	0	0	0.448	0	0	0.439	0.677
COX7A2	UQCRC1	9606.ENSP00000359098	9606.ENSP00000203407	0	0	0	0	0.166	0.070	0.594	0.534	0.833
COX7A2	NDUFB7	9606.ENSP00000359098	9606.ENSP00000215565	0	0	0	0	0.475	0	0	0.373	0.656
COX7A2	COX6A1	9606.ENSP00000359098	9606.ENSP00000229379	0	0	0	0	0.601	0.906	0.540	0.927	0.998
COX7A2	NDUFS7	9606.ENSP00000359098	9606.ENSP00000233627	0	0	0	0	0.262	0.161	0	0.245	0.492
COX7A2	NDUFA2	9606.ENSP00000359098	9606.ENSP00000252102	0	0	0	0	0.785	0.099	0	0.543	0.903
COX7A2	NDUFA10	9606.ENSP00000359098	9606.ENSP00000252711	0	0	0	0	0.163	0	0	0.630	0.677
COX7A2	COX5B	9606.ENSP00000359098	9606.ENSP00000258424	0	0	0	0	0.813	0.900	0.540	0.778	0.997
COX7A2	NDUFB5	9606.ENSP00000359098	9606.ENSP00000259037	0	0	0	0	0.743	0	0	0.530	0.874
COX7A2	COX17	9606.ENSP00000359098	9606.ENSP00000261070	0	0	0	0	0.390	0	0	0.488	0.674
COX7A2	NDUFS3	9606.ENSP00000359098	9606.ENSP00000263774	0	0	0	0	0.280	0.263	0	0.414	0.662
COX7A2	SDHA	9606.ENSP00000359098	9606.ENSP00000264932	0	0	0	0	0.105	0	0	0.398	0.438
COX7A2	NDUFA9	9606.ENSP00000359098	9606.ENSP00000266544	0	0	0	0	0.336	0.161	0	0.277	0.562
COX7A2	UQCRC2	9606.ENSP00000359098	9606.ENSP00000268379	0	0	0	0	0.229	0.202	0.602	0.476	0.855
COX7A2	NDUFB10	9606.ENSP00000359098	9606.ENSP00000268668	0	0	0	0	0.285	0.097	0	0.354	0.547
COX7A2	NDUFS6	9606.ENSP00000359098	9606.ENSP00000274137	0	0	0	0	0.425	0	0	0.540	0.724
COX7A2	NDUFB11	9606.ENSP00000359098	9606.ENSP00000276062	0	0	0	0	0.324	0	0	0.396	0.575
COX7A2	NDUFB9	9606.ENSP00000359098	9606.ENSP00000276689	0	0	0	0	0.880	0.161	0	0.519	0.947
COX7A2	NDUFC2	9606.ENSP00000359098	9606.ENSP00000281031	0	0	0	0	0.639	0.089	0	0.526	0.830
COX7A2	COX7A1	9606.ENSP00000359098	9606.ENSP00000292907	0	0	0.054	0.942	0.096	0	0.900	0.420	0.943
COX7A2	NDUFAF2	9606.ENSP00000359098	9606.ENSP00000296597	0	0	0	0	0.140	0	0	0.344	0.412
COX7A2	NDUFS4	9606.ENSP00000359098	9606.ENSP00000296684	0	0	0	0	0.421	0.136	0	0.578	0.771
COX7A2	NDUFB8	9606.ENSP00000359098	9606.ENSP00000299166	0	0	0	0	0.781	0	0	0.492	0.884
COX7A2	COX11	9606.ENSP00000359098	9606.ENSP00000299335	0	0	0	0	0.097	0	0	0.375	0.412
COX7A2	NDUFA7	9606.ENSP00000359098	9606.ENSP00000301457	0	0	0	0	0.395	0.094	0	0.408	0.647
COX7A2	UQCRFS1	9606.ENSP00000359098	9606.ENSP00000306397	0	0	0	0	0.267	0.142	0.602	0.457	0.846
COX7A2	UQCRH	9606.ENSP00000359098	9606.ENSP00000309565	0	0	0	0	0.474	0	0.598	0.677	0.926
COX7A2	NDUFS8	9606.ENSP00000359098	9606.ENSP00000315774	0	0	0	0	0.291	0.161	0	0.461	0.652
COX7A2	CYC1	9606.ENSP00000359098	9606.ENSP00000317159	0	0	0	0	0.166	0.203	0.540	0.198	0.722
COX7A2	COX5A	9606.ENSP00000359098	9606.ENSP00000317780	0	0	0	0	0.765	0.802	0.540	0.641	0.991
COX7A2	COX8A	9606.ENSP00000359098	9606.ENSP00000321260	0	0	0	0	0.625	0.800	0.540	0.705	0.988
COX7A2	COX14	9606.ENSP00000359098	9606.ENSP00000326052	0	0	0	0	0.176	0	0	0.374	0.463
COX7A2	NDUFV2	9606.ENSP00000359098	9606.ENSP00000327268	0	0	0	0	0.678	0	0	0.330	0.775
COX7A2	NDUFA12	9606.ENSP00000359098	9606.ENSP00000330737	0	0	0	0	0.817	0	0	0.407	0.887
COX7A2	UQCR10	9606.ENSP00000359098	9606.ENSP00000332887	0	0	0	0	0.561	0.099	0.540	0.504	0.897
COX7A2	NDUFA4	9606.ENSP00000359098	9606.ENSP00000339720	0	0	0	0	0.865	0.839	0.540	0.754	0.997
COX7A2	NDUFV3	9606.ENSP00000359098	9606.ENSP00000346196	0	0	0	0	0.316	0	0	0.435	0.597
COX7A2	MT-CO1	9606.ENSP00000359098	9606.ENSP00000354499	0	0	0	0	0.125	0.900	0.540	0.315	0.968
COX7A2	MT-CYB	9606.ENSP00000359098	9606.ENSP00000354554	0	0	0	0	0.087	0	0.540	0.198	0.634
COX7A2	COA3	9606.ENSP00000359098	9606.ENSP00000354762	0	0	0	0	0.150	0.161	0	0.257	0.424
COX7A2	MT-CO2	9606.ENSP00000359098	9606.ENSP00000354876	0	0	0	0	0.636	0.998	0.540	0.289	0.999
COX7A2	MT-CO3	9606.ENSP00000359098	9606.ENSP00000354982	0	0	0	0	0.101	0.900	0.540	0.333	0.968
COX7A2	COA6	9606.ENSP00000359098	9606.ENSP00000355574	0	0	0	0	0.177	0.048	0.360	0.418	0.669
COX7A2	SDHC	9606.ENSP00000359098	9606.ENSP00000356953	0	0	0	0	0.210	0	0	0.277	0.405
COX7A2	NDUFS2	9606.ENSP00000359098	9606.ENSP00000356972	0	0	0	0	0.134	0.162	0	0.397	0.525
COX7A2	SURF1	9606.ENSP00000359098	9606.ENSP00000361042	0	0	0	0	0.104	0.095	0	0.325	0.404
COX7A2	UQCC2	9606.ENSP00000359098	9606.ENSP00000476140	0	0	0	0	0.219	0	0	0.302	0.432
COX7A2	COX18	9606.ENSP00000359098	9606.ENSP00000425261	0	0	0	0	0	0	0	0.457	0.457
COX7A2	NDUFS1	9606.ENSP00000359098	9606.ENSP00000392709	0	0	0	0	0.097	0.161	0	0.357	0.470
COX7A2	PET100	9606.ENSP00000359098	9606.ENSP00000470539	0	0	0	0	0.235	0	0	0.342	0.475
COX7A2	DMAC2L	9606.ENSP00000359098	9606.ENSP00000451583	0	0	0	0	0.104	0	0	0.490	0.524
COX7A2	NDUFV1	9606.ENSP00000359098	9606.ENSP00000497587	0	0	0	0	0.193	0.161	0	0.355	0.525
COX7A2	SDHD	9606.ENSP00000359098	9606.ENSP00000364699	0	0	0	0	0.271	0	0	0.382	0.530
COX7A2	SDHB	9606.ENSP00000359098	9606.ENSP00000364649	0	0	0	0	0.271	0	0	0.389	0.536
COX7A2	HIGD1A	9606.ENSP00000359098	9606.ENSP00000398064	0	0	0	0	0.327	0	0	0.349	0.544
COX7A2	BCS1L	9606.ENSP00000359098	9606.ENSP00000413908	0	0	0	0	0.068	0	0.540	0.202	0.628
COX7A2	NDUFB1	9606.ENSP00000359098	9606.ENSP00000483888	0	0	0	0	0.364	0	0	0.474	0.651
COX7A2	NDUFA3	9606.ENSP00000359098	9606.ENSP00000418438	0	0	0	0	0.399	0.095	0	0.446	0.672
COX7A2	NDUFB2	9606.ENSP00000359098	9606.ENSP00000419087	0	0	0	0	0.563	0	0	0.369	0.712
COX7A2	NDUFA11	9606.ENSP00000359098	9606.ENSP00000389160	0	0	0	0	0.470	0	0	0.489	0.718
COX7A2	NDUFC1	9606.ENSP00000359098	9606.ENSP00000441126	0	0	0	0	0.524	0	0	0.446	0.725
COX7A2	NDUFA13	9606.ENSP00000359098	9606.ENSP00000423673	0	0	0	0	0.568	0	0	0.402	0.731
COX7A2	NDUFA8	9606.ENSP00000359098	9606.ENSP00000362873	0	0	0	0	0.406	0.161	0	0.554	0.758
COX7A2	NDUFB3	9606.ENSP00000359098	9606.ENSP00000407336	0	0	0	0	0.565	0	0	0.472	0.760
COX7A2	NDUFA5	9606.ENSP00000359098	9606.ENSP00000417142	0	0	0	0	0.619	0.095	0	0.454	0.795
COX7A2	NDUFS5	9606.ENSP00000359098	9606.ENSP00000362058	0	0	0	0	0.620	0.162	0	0.413	0.796
COX7A2	NDUFAB1	9606.ENSP00000359098	9606.ENSP00000458770	0	0	0	0	0.484	0	0	0.630	0.801
COX7A2	NDUFA1	9606.ENSP00000359098	9606.ENSP00000360492	0	0	0	0	0.675	0	0	0.482	0.824
COX7A2	UQCRB	9606.ENSP00000359098	9606.ENSP00000430494	0	0	0	0	0.470	0	0.540	0.455	0.855
COX7A2	NDUFA6	9606.ENSP00000359098	9606.ENSP00000482543	0	0	0	0	0.778	0.095	0	0.368	0.862
COX7A2	NDUFB6	9606.ENSP00000359098	9606.ENSP00000369176	0	0	0	0	0.798	0.093	0	0.474	0.895
COX7A2	COX7A2L	9606.ENSP00000359098	9606.ENSP00000367938	0	0	0	0.830	0.255	0.162	0.900	0.145	0.939
COX7A2	UQCR11	9606.ENSP00000359098	9606.ENSP00000467262	0	0	0	0	0.870	0	0.540	0.468	0.965
COX7A2	UQCRQ	9606.ENSP00000359098	9606.ENSP00000367939	0	0	0	0	0.861	0.162	0.602	0.492	0.973
COX7A2	COX7B	9606.ENSP00000359098	9606.ENSP00000497474	0	0	0	0	0.732	0.800	0.540	0.686	0.991
COX7A2	COX4I1	9606.ENSP00000359098	9606.ENSP00000457513	0	0	0	0	0.608	0.893	0.540	0.678	0.993
COX7A2	COX7C	9606.ENSP00000359098	9606.ENSP00000425759	0	0	0	0	0.846	0.902	0.540	0.646	0.997
COX7A2	COX6C	9606.ENSP00000359098	9606.ENSP00000429707	0	0	0	0	0.896	0.804	0.540	0.734	0.997
COX7A2	COX6B1	9606.ENSP00000359098	9606.ENSP00000466818	0	0	0	0	0.768	0.934	0.540	0.805	0.998
COX7A2L	COX15	9606.ENSP00000367938	9606.ENSP00000016171	0	0	0	0	0.067	0	0.360	0.406	0.614
COX7A2L	NDUFB4	9606.ENSP00000367938	9606.ENSP00000184266	0	0	0	0	0.185	0	0	0.306	0.410
COX7A2L	UQCRC1	9606.ENSP00000367938	9606.ENSP00000203407	0	0	0	0	0.060	0.806	0.360	0.445	0.926
COX7A2L	COX6A1	9606.ENSP00000367938	9606.ENSP00000229379	0	0	0	0	0.119	0.654	0.800	0.727	0.981
COX7A2L	NDUFS7	9606.ENSP00000367938	9606.ENSP00000233627	0	0	0	0	0.049	0.161	0	0.377	0.460
COX7A2L	COX5B	9606.ENSP00000367938	9606.ENSP00000258424	0	0	0	0	0.177	0.695	0.800	0.507	0.972
COX7A2L	NDUFB5	9606.ENSP00000367938	9606.ENSP00000259037	0	0	0	0	0.245	0	0	0.386	0.516
COX7A2L	NDUFS3	9606.ENSP00000367938	9606.ENSP00000263774	0	0	0	0	0.121	0.161	0	0.320	0.454
COX7A2L	NDUFA9	9606.ENSP00000367938	9606.ENSP00000266544	0	0	0	0	0.072	0.161	0	0.432	0.519
COX7A2L	UQCRC2	9606.ENSP00000367938	9606.ENSP00000268379	0	0	0	0	0.286	0.806	0.360	0.371	0.937
COX7A2L	COX7A1	9606.ENSP00000367938	9606.ENSP00000292907	0	0	0	0.880	0	0	0.900	0.250	0.921
COX7A2L	NDUFS4	9606.ENSP00000367938	9606.ENSP00000296684	0	0	0	0	0.157	0.994	0	0.328	0.996
COX7A2L	NDUFB8	9606.ENSP00000367938	9606.ENSP00000299166	0	0	0	0	0.179	0	0	0.325	0.422
COX7A2L	UQCRFS1	9606.ENSP00000367938	9606.ENSP00000306397	0	0	0	0	0.074	0.806	0.360	0.451	0.928
COX7A2L	UQCRH	9606.ENSP00000367938	9606.ENSP00000309565	0	0	0	0	0.246	0.805	0.360	0.449	0.941
COX7A2L	NDUFS8	9606.ENSP00000367938	9606.ENSP00000315774	0	0	0	0	0.060	0.161	0	0.306	0.404
COX7A2L	CYC1	9606.ENSP00000367938	9606.ENSP00000317159	0	0	0	0	0.060	0.805	0.360	0.328	0.911
COX7A2L	COX5A	9606.ENSP00000367938	9606.ENSP00000317780	0	0	0	0	0.076	0.720	0.800	0.480	0.969
COX7A2L	COX8A	9606.ENSP00000367938	9606.ENSP00000321260	0	0	0	0	0.165	0.161	0.800	0.447	0.912
COX7A2L	UQCR10	9606.ENSP00000367938	9606.ENSP00000332887	0	0	0	0	0.138	0.706	0.360	0.398	0.889
COX7A2L	NDUFA4	9606.ENSP00000367938	9606.ENSP00000339720	0	0	0	0	0.141	0.228	0.800	0.591	0.938
COX7A2L	MT-CO1	9606.ENSP00000367938	9606.ENSP00000354499	0	0	0	0	0.049	0.797	0.800	0.313	0.969
COX7A2L	MT-CYB	9606.ENSP00000367938	9606.ENSP00000354554	0	0	0	0	0	0.507	0.360	0.288	0.755
COX7A2L	MT-CO2	9606.ENSP00000367938	9606.ENSP00000354876	0	0	0	0	0.058	0.543	0.800	0.436	0.945
COX7A2L	MT-CO3	9606.ENSP00000367938	9606.ENSP00000354982	0	0	0	0	0.055	0.797	0.800	0.252	0.967
COX7A2L	COA6	9606.ENSP00000367938	9606.ENSP00000355574	0	0	0	0	0.068	0.279	0.360	0.197	0.608
COX7A2L	NDUFS2	9606.ENSP00000367938	9606.ENSP00000356972	0	0	0	0	0.151	0.162	0	0.324	0.477
COX7A2L	COX7A2	9606.ENSP00000367938	9606.ENSP00000359098	0	0	0	0.830	0.255	0.162	0.900	0.145	0.939
COX7A2L	NDUFS5	9606.ENSP00000367938	9606.ENSP00000362058	0	0	0	0	0.110	0.994	0	0.321	0.996
COX7A2L	NDUFA11	9606.ENSP00000367938	9606.ENSP00000389160	0	0	0	0	0.072	0	0	0.383	0.403
COX7A2L	NDUFS1	9606.ENSP00000367938	9606.ENSP00000392709	0	0	0	0	0.059	0.162	0	0.338	0.432
COX7A2L	NDUFA3	9606.ENSP00000367938	9606.ENSP00000418438	0	0	0	0	0.050	0.161	0	0.369	0.453
COX7A2L	NDUFV1	9606.ENSP00000367938	9606.ENSP00000497587	0	0	0	0	0.060	0.161	0	0.368	0.458
COX7A2L	BCS1L	9606.ENSP00000367938	9606.ENSP00000413908	0	0	0	0	0.049	0	0.360	0.345	0.566
COX7A2L	HIGD1A	9606.ENSP00000367938	9606.ENSP00000398064	0	0	0	0	0.067	0	0	0.660	0.670
COX7A2L	UQCR11	9606.ENSP00000367938	9606.ENSP00000467262	0	0	0	0	0.074	0.507	0.360	0.398	0.800
COX7A2L	COX7B	9606.ENSP00000367938	9606.ENSP00000497474	0	0	0	0	0.104	0.271	0.800	0.558	0.934
COX7A2L	UQCRQ	9606.ENSP00000367938	9606.ENSP00000367939	0	0	0	0	0.111	0.849	0.360	0.395	0.941
COX7A2L	UQCRB	9606.ENSP00000367938	9606.ENSP00000430494	0	0	0	0	0.097	0.859	0.360	0.446	0.949
COX7A2L	COX6B1	9606.ENSP00000367938	9606.ENSP00000466818	0	0	0	0	0.139	0.522	0.800	0.477	0.951
COX7A2L	COX6C	9606.ENSP00000367938	9606.ENSP00000429707	0	0	0	0	0.138	0.544	0.800	0.452	0.951
COX7A2L	COX4I1	9606.ENSP00000367938	9606.ENSP00000457513	0	0	0	0	0.145	0.710	0.800	0.417	0.967
COX7A2L	COX7C	9606.ENSP00000367938	9606.ENSP00000425759	0	0	0	0	0.195	0.804	0.800	0.379	0.977
COX7A2L	TIMMDC1	9606.ENSP00000367938	9606.ENSP00000418803	0	0	0	0	0.098	0.994	0	0.081	0.994
COX7B	COX15	9606.ENSP00000497474	9606.ENSP00000016171	0	0	0	0	0	0	0.540	0.590	0.803
COX7B	NDUFB4	9606.ENSP00000497474	9606.ENSP00000184266	0	0	0	0	0.296	0.842	0	0.400	0.927
COX7B	UQCRC1	9606.ENSP00000497474	9606.ENSP00000203407	0	0	0	0	0.081	0.903	0.540	0.440	0.974
COX7B	NDUFB7	9606.ENSP00000497474	9606.ENSP00000215565	0	0	0	0	0.198	0.842	0	0.445	0.923
COX7B	COX6A1	9606.ENSP00000497474	9606.ENSP00000229379	0	0	0	0	0.239	0.890	0.800	0.836	0.996
COX7B	NDUFS7	9606.ENSP00000497474	9606.ENSP00000233627	0	0	0	0	0.116	0.842	0	0.373	0.905
COX7B	NDUFA2	9606.ENSP00000497474	9606.ENSP00000252102	0	0	0	0	0.384	0.842	0	0.517	0.949
COX7B	NDUFA10	9606.ENSP00000497474	9606.ENSP00000252711	0	0	0	0	0.199	0.842	0	0.359	0.912
COX7B	SCO1	9606.ENSP00000497474	9606.ENSP00000255390	0	0	0	0	0.049	0	0	0.418	0.422
COX7B	COX5B	9606.ENSP00000497474	9606.ENSP00000258424	0	0	0	0	0.675	0.899	0.800	0.969	0.999
COX7B	NDUFB5	9606.ENSP00000497474	9606.ENSP00000259037	0	0	0	0	0.609	0.852	0	0.588	0.974
COX7B	COX17	9606.ENSP00000497474	9606.ENSP00000261070	0	0	0	0	0.188	0	0	0.501	0.577
COX7B	NDUFS3	9606.ENSP00000497474	9606.ENSP00000263774	0	0	0	0	0.169	0.842	0	0.361	0.909
COX7B	SDHA	9606.ENSP00000497474	9606.ENSP00000264932	0	0	0	0	0.102	0	0	0.361	0.402
COX7B	NDUFA9	9606.ENSP00000497474	9606.ENSP00000266544	0	0	0	0	0.153	0.830	0	0.281	0.888
COX7B	UQCRC2	9606.ENSP00000497474	9606.ENSP00000268379	0	0	0	0	0.268	0.903	0.540	0.382	0.977
COX7B	NDUFB10	9606.ENSP00000497474	9606.ENSP00000268668	0	0	0	0	0.263	0.842	0	0.434	0.928
COX7B	NDUFS6	9606.ENSP00000497474	9606.ENSP00000274137	0	0	0	0	0.323	0.842	0	0.298	0.918
COX7B	NDUFB11	9606.ENSP00000497474	9606.ENSP00000276062	0	0	0	0	0.279	0.842	0	0.671	0.959
COX7B	NDUFB9	9606.ENSP00000497474	9606.ENSP00000276689	0	0	0	0	0.574	0.848	0	0.683	0.977
COX7B	NDUFC2	9606.ENSP00000497474	9606.ENSP00000281031	0	0	0	0	0.251	0.829	0	0.402	0.917
COX7B	COX7A1	9606.ENSP00000497474	9606.ENSP00000292907	0	0	0	0	0.064	0.887	0.360	0.705	0.977
COX7B	NDUFAF2	9606.ENSP00000497474	9606.ENSP00000296597	0	0	0	0	0.115	0	0	0.489	0.529
COX7B	NDUFS4	9606.ENSP00000497474	9606.ENSP00000296684	0	0	0	0	0.358	0.842	0	0.513	0.946
COX7B	NDUFB8	9606.ENSP00000497474	9606.ENSP00000299166	0	0	0	0	0.169	0.842	0	0.333	0.905
COX7B	COX11	9606.ENSP00000497474	9606.ENSP00000299335	0	0	0	0	0.048	0	0	0.436	0.440
COX7B	NDUFA7	9606.ENSP00000497474	9606.ENSP00000301457	0	0	0	0	0.234	0.811	0	0.594	0.936
COX7B	UQCRFS1	9606.ENSP00000497474	9606.ENSP00000306397	0	0	0	0	0.224	0.903	0.540	0.397	0.976
COX7B	UQCRH	9606.ENSP00000497474	9606.ENSP00000309565	0	0	0	0	0.530	0.891	0.540	0.656	0.990
COX7B	NDUFS8	9606.ENSP00000497474	9606.ENSP00000315774	0	0	0	0	0.107	0.842	0	0.344	0.899
COX7B	CYC1	9606.ENSP00000497474	9606.ENSP00000317159	0	0	0	0	0.060	0.911	0.540	0.377	0.973
COX7B	COX5A	9606.ENSP00000497474	9606.ENSP00000317780	0	0	0	0	0.273	0.903	0.800	0.745	0.995
COX7B	COX8A	9606.ENSP00000497474	9606.ENSP00000321260	0	0	0	0	0.254	0.825	0.800	0.903	0.997
COX7B	COX14	9606.ENSP00000497474	9606.ENSP00000326052	0	0	0	0	0.228	0	0	0.510	0.605
COX7B	NDUFV2	9606.ENSP00000497474	9606.ENSP00000327268	0	0	0	0	0.210	0.842	0	0.466	0.927
COX7B	COA5	9606.ENSP00000497474	9606.ENSP00000330730	0	0	0	0	0.091	0	0	0.412	0.443
COX7B	NDUFA12	9606.ENSP00000497474	9606.ENSP00000330737	0	0	0	0	0.327	0.842	0	0.427	0.934
COX7B	UQCR10	9606.ENSP00000497474	9606.ENSP00000332887	0	0	0	0	0.568	0.903	0.540	0.669	0.992
COX7B	NDUFA4	9606.ENSP00000497474	9606.ENSP00000339720	0	0	0	0	0.720	0.800	0.800	0.764	0.997
COX7B	NDUFV3	9606.ENSP00000497474	9606.ENSP00000346196	0	0	0	0	0.305	0.811	0	0.380	0.911
COX7B	MT-CO1	9606.ENSP00000497474	9606.ENSP00000354499	0	0	0	0	0	0.959	0.800	0.493	0.995
COX7B	MT-CYB	9606.ENSP00000497474	9606.ENSP00000354554	0	0	0	0	0	0.903	0.540	0.245	0.963
COX7B	MT-ND1	9606.ENSP00000497474	9606.ENSP00000354687	0	0	0	0	0	0.842	0	0.247	0.876
COX7B	COA3	9606.ENSP00000497474	9606.ENSP00000354762	0	0	0	0	0.104	0	0	0.368	0.410
COX7B	MT-ND5	9606.ENSP00000497474	9606.ENSP00000354813	0	0	0	0	0	0.842	0	0.255	0.877
COX7B	MT-CO2	9606.ENSP00000497474	9606.ENSP00000354876	0	0	0	0	0.049	0.964	0.800	0.530	0.996
COX7B	MT-ND4	9606.ENSP00000497474	9606.ENSP00000354961	0	0	0	0	0	0.842	0	0.231	0.873
COX7B	MT-CO3	9606.ENSP00000497474	9606.ENSP00000354982	0	0	0	0	0.049	0.903	0.800	0.413	0.987
COX7B	MT-ND2	9606.ENSP00000497474	9606.ENSP00000355046	0	0	0	0	0	0.842	0	0.262	0.878
COX7B	COX20	9606.ENSP00000497474	9606.ENSP00000355486	0	0	0	0	0.067	0	0	0.417	0.432
COX7B	COA6	9606.ENSP00000497474	9606.ENSP00000355574	0	0	0	0	0.141	0.414	0.360	0.472	0.807
COX7B	NDUFS2	9606.ENSP00000497474	9606.ENSP00000356972	0	0	0	0	0.118	0.842	0	0.384	0.907
COX7B	COX7A2	9606.ENSP00000497474	9606.ENSP00000359098	0	0	0	0	0.732	0.800	0.540	0.686	0.991
COX7B	NDUFA1	9606.ENSP00000497474	9606.ENSP00000360492	0	0	0	0	0.643	0.842	0	0.730	0.983
COX7B	SURF1	9606.ENSP00000497474	9606.ENSP00000361042	0	0	0	0	0.049	0	0	0.397	0.402
COX7B	NDUFS5	9606.ENSP00000497474	9606.ENSP00000362058	0	0	0	0	0.328	0.842	0	0.385	0.929
COX7B	NDUFA8	9606.ENSP00000497474	9606.ENSP00000362873	0	0	0	0	0.177	0.842	0	0.388	0.913
COX7B	SDHB	9606.ENSP00000497474	9606.ENSP00000364649	0	0	0	0	0.139	0	0	0.560	0.605
COX7B	SDHD	9606.ENSP00000497474	9606.ENSP00000364699	0	0	0	0	0.118	0	0	0.415	0.462
COX7B	COX7A2L	9606.ENSP00000497474	9606.ENSP00000367938	0	0	0	0	0.104	0.271	0.800	0.558	0.934
COX7B	UQCRQ	9606.ENSP00000497474	9606.ENSP00000367939	0	0	0	0	0.619	0.903	0.540	0.582	0.991
COX7B	NDUFB6	9606.ENSP00000497474	9606.ENSP00000369176	0	0	0	0	0.313	0.842	0	0.454	0.935
COX7B	NDUFA11	9606.ENSP00000497474	9606.ENSP00000389160	0	0	0	0	0.275	0.829	0	0.675	0.956
COX7B	NDUFS1	9606.ENSP00000497474	9606.ENSP00000392709	0	0	0	0	0.088	0.842	0	0.592	0.936
COX7B	HIGD1A	9606.ENSP00000497474	9606.ENSP00000398064	0	0	0	0	0.293	0	0	0.246	0.444
COX7B	NDUFB3	9606.ENSP00000497474	9606.ENSP00000407336	0	0	0	0	0.573	0.842	0	0.549	0.967
COX7B	BCS1L	9606.ENSP00000497474	9606.ENSP00000413908	0	0	0	0	0	0	0.540	0.309	0.668
COX7B	NDUFA5	9606.ENSP00000497474	9606.ENSP00000417142	0	0	0	0	0.368	0.842	0	0.458	0.941
COX7B	NDUFA3	9606.ENSP00000497474	9606.ENSP00000418438	0	0	0	0	0.296	0.842	0	0.422	0.930
COX7B	NDUFB2	9606.ENSP00000497474	9606.ENSP00000419087	0	0	0	0	0.405	0.800	0	0.527	0.938
COX7B	NDUFA13	9606.ENSP00000497474	9606.ENSP00000423673	0	0	0	0	0.277	0.842	0	0.584	0.948
COX7B	COX7C	9606.ENSP00000497474	9606.ENSP00000425759	0	0	0	0	0.745	0.909	0.800	0.948	0.999
COX7B	COX6C	9606.ENSP00000497474	9606.ENSP00000429707	0	0	0	0	0.756	0.952	0.800	0.961	0.999
COX7B	UQCRB	9606.ENSP00000497474	9606.ENSP00000430494	0	0	0	0	0.433	0.883	0.540	0.542	0.984
COX7B	NDUFC1	9606.ENSP00000497474	9606.ENSP00000441126	0	0	0	0	0.577	0.810	0	0.539	0.959
COX7B	COX4I1	9606.ENSP00000497474	9606.ENSP00000457513	0	0	0	0	0.268	0.964	0.800	0.648	0.997
COX7B	NDUFAB1	9606.ENSP00000497474	9606.ENSP00000458770	0	0	0	0	0.333	0.842	0	0.336	0.924
COX7B	COX6B1	9606.ENSP00000497474	9606.ENSP00000466818	0	0	0	0	0.379	0.891	0.800	0.801	0.996
COX7B	UQCR11	9606.ENSP00000497474	9606.ENSP00000467262	0	0	0	0	0.401	0.903	0.540	0.681	0.990
COX7B	PET100	9606.ENSP00000497474	9606.ENSP00000470539	0	0	0	0	0.084	0	0	0.416	0.442
COX7B	NDUFA6	9606.ENSP00000497474	9606.ENSP00000482543	0	0	0	0	0.414	0.842	0	0.648	0.964
COX7B	NDUFB1	9606.ENSP00000497474	9606.ENSP00000483888	0	0	0	0	0.306	0.842	0	0.633	0.956
COX7B	NDUFV1	9606.ENSP00000497474	9606.ENSP00000497587	0	0	0	0	0.132	0.842	0	0.419	0.913
COX7C	COX15	9606.ENSP00000425759	9606.ENSP00000016171	0	0	0	0	0.067	0	0.720	0.621	0.892
COX7C	NDUFB4	9606.ENSP00000425759	9606.ENSP00000184266	0	0	0	0	0.842	0.830	0	0.452	0.984
COX7C	UQCRC1	9606.ENSP00000425759	9606.ENSP00000203407	0	0	0	0	0.217	0.966	0.622	0.500	0.994
COX7C	NDUFB7	9606.ENSP00000425759	9606.ENSP00000215565	0	0	0	0	0.742	0.830	0	0.531	0.977
COX7C	COX6A1	9606.ENSP00000425759	9606.ENSP00000229379	0	0	0	0	0.778	0.963	0.888	0.845	0.999
COX7C	NDUFS7	9606.ENSP00000425759	9606.ENSP00000233627	0	0	0	0	0.261	0.852	0	0.342	0.922
COX7C	NDUFA2	9606.ENSP00000425759	9606.ENSP00000252102	0	0	0	0	0.895	0.830	0	0.589	0.992
COX7C	NDUFA10	9606.ENSP00000425759	9606.ENSP00000252711	0	0	0	0	0.172	0.844	0	0.332	0.906
COX7C	SCO1	9606.ENSP00000425759	9606.ENSP00000255390	0	0	0	0	0.110	0	0	0.390	0.434
COX7C	COX5B	9606.ENSP00000425759	9606.ENSP00000258424	0	0	0	0	0.939	0.993	0.959	0.983	0.999
COX7C	NDUFB5	9606.ENSP00000425759	9606.ENSP00000259037	0	0	0	0	0.628	0.851	0	0.598	0.975
COX7C	COX17	9606.ENSP00000425759	9606.ENSP00000261070	0	0	0	0	0.327	0	0	0.412	0.587
COX7C	NDUFS3	9606.ENSP00000425759	9606.ENSP00000263774	0	0	0	0	0.483	0.851	0	0.381	0.948
COX7C	SDHA	9606.ENSP00000425759	9606.ENSP00000264932	0	0	0	0	0.215	0	0	0.348	0.467
COX7C	NDUFA9	9606.ENSP00000425759	9606.ENSP00000266544	0	0	0	0	0.443	0.855	0	0.386	0.946
COX7C	UQCRC2	9606.ENSP00000425759	9606.ENSP00000268379	0	0	0	0	0.375	0.995	0.925	0.381	0.999
COX7C	NDUFB10	9606.ENSP00000425759	9606.ENSP00000268668	0	0	0	0	0.613	0.851	0	0.471	0.967
COX7C	NDUFS6	9606.ENSP00000425759	9606.ENSP00000274137	0	0	0	0	0.915	0.830	0	0.348	0.989
COX7C	NDUFB11	9606.ENSP00000425759	9606.ENSP00000276062	0	0	0	0	0.473	0.830	0	0.642	0.965
COX7C	NDUFB9	9606.ENSP00000425759	9606.ENSP00000276689	0	0	0	0	0.664	0.851	0	0.724	0.985
COX7C	NDUFC2	9606.ENSP00000425759	9606.ENSP00000281031	0	0	0	0	0.645	0.824	0	0.441	0.962
COX7C	COX7A1	9606.ENSP00000425759	9606.ENSP00000292907	0	0	0	0	0.060	0.967	0.360	0.764	0.994
COX7C	NDUFS4	9606.ENSP00000425759	9606.ENSP00000296684	0	0	0	0	0.940	0.848	0	0.332	0.993
COX7C	NDUFB8	9606.ENSP00000425759	9606.ENSP00000299166	0	0	0	0	0.687	0.830	0	0.608	0.977
COX7C	COX11	9606.ENSP00000425759	9606.ENSP00000299335	0	0	0	0	0.058	0	0	0.473	0.482
COX7C	NDUFA7	9606.ENSP00000425759	9606.ENSP00000301457	0	0	0	0	0.844	0.812	0	0.365	0.979
COX7C	UQCRFS1	9606.ENSP00000425759	9606.ENSP00000306397	0	0	0	0	0.787	0.989	0.913	0.401	0.999
COX7C	UQCRH	9606.ENSP00000425759	9606.ENSP00000309565	0	0	0	0	0.887	0.899	0.598	0.595	0.997
COX7C	NDUFS8	9606.ENSP00000425759	9606.ENSP00000315774	0	0	0	0	0.376	0.851	0	0.458	0.945
COX7C	CYC1	9606.ENSP00000425759	9606.ENSP00000317159	0	0	0	0	0.378	0.985	0.602	0.350	0.997
COX7C	COX5A	9606.ENSP00000425759	9606.ENSP00000317780	0	0	0	0	0.935	0.988	0.979	0.838	0.999
COX7C	COX8A	9606.ENSP00000425759	9606.ENSP00000321260	0	0	0	0	0.342	0.912	0.800	0.846	0.997
COX7C	COX14	9606.ENSP00000425759	9606.ENSP00000326052	0	0	0	0	0.218	0	0	0.419	0.526
COX7C	NDUFV2	9606.ENSP00000425759	9606.ENSP00000327268	0	0	0	0	0.670	0.843	0	0.415	0.967
COX7C	NDUFA12	9606.ENSP00000425759	9606.ENSP00000330737	0	0	0	0	0.760	0.830	0	0.489	0.977
COX7C	UQCR10	9606.ENSP00000425759	9606.ENSP00000332887	0	0	0	0	0.973	0.984	0.656	0.571	0.999
COX7C	NDUFA4	9606.ENSP00000425759	9606.ENSP00000339720	0	0	0	0	0.906	0.860	0.900	0.798	0.999
COX7C	NDUFV3	9606.ENSP00000425759	9606.ENSP00000346196	0	0	0	0	0.611	0.812	0	0.321	0.946
COX7C	MT-CO1	9606.ENSP00000425759	9606.ENSP00000354499	0	0	0	0	0.156	0.994	0.967	0.451	0.999
COX7C	MT-CYB	9606.ENSP00000425759	9606.ENSP00000354554	0	0	0	0	0.049	0.953	0.540	0.235	0.982
COX7C	MT-ND1	9606.ENSP00000425759	9606.ENSP00000354687	0	0	0	0	0.126	0.830	0	0.250	0.879
COX7C	COA3	9606.ENSP00000425759	9606.ENSP00000354762	0	0	0	0	0.137	0.161	0	0.603	0.687
COX7C	MT-ND5	9606.ENSP00000425759	9606.ENSP00000354813	0	0	0	0	0.076	0.830	0	0.735	0.954
COX7C	MT-CO2	9606.ENSP00000425759	9606.ENSP00000354876	0	0	0	0	0.509	0.998	0.979	0.712	0.999
COX7C	MT-ND4	9606.ENSP00000425759	9606.ENSP00000354961	0	0	0	0	0.075	0.830	0	0.184	0.860
COX7C	MT-CO3	9606.ENSP00000425759	9606.ENSP00000354982	0	0	0	0	0.170	0.988	0.979	0.529	0.999
COX7C	MT-ND2	9606.ENSP00000425759	9606.ENSP00000355046	0	0	0	0	0.067	0.830	0	0.227	0.866
COX7C	COX20	9606.ENSP00000425759	9606.ENSP00000355486	0	0	0	0	0.118	0	0	0.396	0.444
COX7C	COA6	9606.ENSP00000425759	9606.ENSP00000355574	0	0	0	0	0.679	0.682	0.574	0.704	0.985
COX7C	SDHC	9606.ENSP00000425759	9606.ENSP00000356953	0	0	0	0	0.549	0	0	0.299	0.670
COX7C	NDUFS2	9606.ENSP00000425759	9606.ENSP00000356972	0	0	0	0	0.406	0.851	0	0.414	0.943
COX7C	COX7A2	9606.ENSP00000425759	9606.ENSP00000359098	0	0	0	0	0.846	0.902	0.540	0.646	0.997
COX7C	NDUFA1	9606.ENSP00000425759	9606.ENSP00000360492	0	0	0	0	0.802	0.830	0	0.736	0.990
COX7C	NDUFS5	9606.ENSP00000425759	9606.ENSP00000362058	0	0	0	0	0.813	0.851	0	0.359	0.980
COX7C	NDUFA8	9606.ENSP00000425759	9606.ENSP00000362873	0	0	0	0	0.476	0.830	0	0.454	0.947
COX7C	SDHB	9606.ENSP00000425759	9606.ENSP00000364649	0	0	0	0	0.598	0	0	0.293	0.704
COX7C	SDHD	9606.ENSP00000425759	9606.ENSP00000364699	0	0	0	0	0.394	0	0	0.396	0.619
COX7C	COX7A2L	9606.ENSP00000425759	9606.ENSP00000367938	0	0	0	0	0.195	0.804	0.800	0.379	0.977
COX7C	UQCRQ	9606.ENSP00000425759	9606.ENSP00000367939	0	0	0	0	0.982	0.988	0.656	0.568	0.999
COX7C	NDUFB6	9606.ENSP00000425759	9606.ENSP00000369176	0	0	0	0	0.736	0.830	0	0.480	0.974
COX7C	NDUFA11	9606.ENSP00000425759	9606.ENSP00000389160	0	0	0	0	0.441	0.824	0	0.569	0.954
COX7C	NDUFS1	9606.ENSP00000425759	9606.ENSP00000392709	0	0	0	0	0.135	0.851	0	0.318	0.905
COX7C	PET117	9606.ENSP00000425759	9606.ENSP00000397881	0	0	0	0	0	0	0	0.462	0.462
COX7C	NDUFB3	9606.ENSP00000425759	9606.ENSP00000407336	0	0	0	0	0.749	0.830	0	0.581	0.980
COX7C	BCS1L	9606.ENSP00000425759	9606.ENSP00000413908	0	0	0	0	0.133	0	0.720	0.188	0.785
COX7C	NDUFA5	9606.ENSP00000425759	9606.ENSP00000417142	0	0	0	0	0.842	0.830	0	0.623	0.989
COX7C	NDUFA3	9606.ENSP00000425759	9606.ENSP00000418438	0	0	0	0	0.637	0.830	0	0.425	0.961
COX7C	NDUFB2	9606.ENSP00000425759	9606.ENSP00000419087	0	0	0	0	0.507	0.800	0	0.485	0.944
COX7C	NDUFA13	9606.ENSP00000425759	9606.ENSP00000423673	0	0	0	0	0.671	0.830	0	0.359	0.961
COX7C	COX18	9606.ENSP00000425759	9606.ENSP00000425261	0	0	0	0	0	0	0	0.462	0.462
COX7C	PET100	9606.ENSP00000425759	9606.ENSP00000470539	0	0	0	0	0.210	0	0	0.410	0.514
COX7C	NDUFV1	9606.ENSP00000425759	9606.ENSP00000497587	0	0	0	0	0.189	0.851	0	0.447	0.927
COX7C	NDUFAB1	9606.ENSP00000425759	9606.ENSP00000458770	0	0	0	0	0.312	0.844	0	0.384	0.928
COX7C	NDUFB1	9606.ENSP00000425759	9606.ENSP00000483888	0	0	0	0	0.451	0.830	0	0.538	0.953
COX7C	NDUFC1	9606.ENSP00000425759	9606.ENSP00000441126	0	0	0	0	0.669	0.811	0	0.564	0.970
COX7C	NDUFA6	9606.ENSP00000425759	9606.ENSP00000482543	0	0	0	0	0.861	0.830	0	0.562	0.988
COX7C	UQCR11	9606.ENSP00000425759	9606.ENSP00000467262	0	0	0	0	0.759	0.915	0.540	0.591	0.995
COX7C	COX6B1	9606.ENSP00000425759	9606.ENSP00000466818	0	0	0	0	0.848	0.975	0.876	0.908	0.999
COX7C	COX4I1	9606.ENSP00000425759	9606.ENSP00000457513	0	0	0	0	0.885	0.979	0.888	0.689	0.999
COX7C	COX6C	9606.ENSP00000425759	9606.ENSP00000429707	0	0	0	0	0.912	0.944	0.935	0.986	0.999
COX7C	UQCRB	9606.ENSP00000425759	9606.ENSP00000430494	0	0	0	0	0.925	0.988	0.656	0.614	0.999
COX7C	COX7B	9606.ENSP00000425759	9606.ENSP00000497474	0	0	0	0	0.745	0.909	0.800	0.948	0.999
COX8A	COX15	9606.ENSP00000321260	9606.ENSP00000016171	0	0	0	0	0.045	0	0.540	0.359	0.693
COX8A	NDUFB4	9606.ENSP00000321260	9606.ENSP00000184266	0	0	0	0	0.246	0	0	0.273	0.428
COX8A	UQCRC1	9606.ENSP00000321260	9606.ENSP00000203407	0	0	0	0	0.324	0	0.540	0.457	0.816
COX8A	NDUFB7	9606.ENSP00000321260	9606.ENSP00000215565	0	0	0	0	0.448	0	0	0.578	0.757
COX8A	COX6A1	9606.ENSP00000321260	9606.ENSP00000229379	0	0	0	0	0.783	0.800	0.800	0.838	0.998
COX8A	NDUFS7	9606.ENSP00000321260	9606.ENSP00000233627	0	0	0	0	0.276	0	0	0.415	0.558
COX8A	NDUFA2	9606.ENSP00000321260	9606.ENSP00000252102	0	0	0	0	0.362	0	0	0.372	0.582
COX8A	NDUFA10	9606.ENSP00000321260	9606.ENSP00000252711	0	0	0	0	0.098	0.125	0	0.354	0.445
COX8A	COX5B	9606.ENSP00000321260	9606.ENSP00000258424	0	0	0	0	0.734	0.800	0.800	0.965	0.999
COX8A	NDUFB5	9606.ENSP00000321260	9606.ENSP00000259037	0	0	0	0	0.195	0	0	0.364	0.466
COX8A	COX17	9606.ENSP00000321260	9606.ENSP00000261070	0	0	0	0	0.227	0	0	0.315	0.448
COX8A	NDUFS3	9606.ENSP00000321260	9606.ENSP00000263774	0	0	0	0	0.299	0.125	0	0.275	0.516
COX8A	SDHA	9606.ENSP00000321260	9606.ENSP00000264932	0	0	0	0	0.184	0.125	0	0.358	0.502
COX8A	UQCRC2	9606.ENSP00000321260	9606.ENSP00000268379	0	0	0	0	0.133	0	0.540	0.501	0.784
COX8A	NDUFB10	9606.ENSP00000321260	9606.ENSP00000268668	0	0	0	0	0.290	0	0	0.309	0.488
COX8A	NDUFS6	9606.ENSP00000321260	9606.ENSP00000274137	0	0	0	0	0.233	0.127	0	0.289	0.482
COX8A	NDUFB11	9606.ENSP00000321260	9606.ENSP00000276062	0	0	0	0	0.477	0	0	0.277	0.606
COX8A	NDUFB9	9606.ENSP00000321260	9606.ENSP00000276689	0	0	0	0	0.371	0	0	0.401	0.607
COX8A	NDUFC2	9606.ENSP00000321260	9606.ENSP00000281031	0	0	0	0	0.207	0	0	0.353	0.465
COX8A	COX7A1	9606.ENSP00000321260	9606.ENSP00000292907	0	0	0	0	0.047	0	0.360	0.634	0.757
COX8A	NDUFB8	9606.ENSP00000321260	9606.ENSP00000299166	0	0	0	0	0.584	0	0	0.596	0.825
COX8A	NDUFA7	9606.ENSP00000321260	9606.ENSP00000301457	0	0	0	0	0.344	0	0	0.310	0.528
COX8A	UQCRFS1	9606.ENSP00000321260	9606.ENSP00000306397	0	0	0	0	0.256	0	0.540	0.406	0.779
COX8A	UQCRH	9606.ENSP00000321260	9606.ENSP00000309565	0	0	0	0	0.425	0	0.540	0.447	0.841
COX8A	NDUFS8	9606.ENSP00000321260	9606.ENSP00000315774	0	0	0	0	0.343	0	0	0.622	0.741
COX8A	CYC1	9606.ENSP00000321260	9606.ENSP00000317159	0	0	0	0	0.276	0.161	0.540	0.233	0.757
COX8A	COX5A	9606.ENSP00000321260	9606.ENSP00000317780	0	0	0	0	0.471	0.825	0.800	0.842	0.996
COX8A	NDUFS2	9606.ENSP00000321260	9606.ENSP00000356972	0	0	0	0	0.088	0.125	0	0.320	0.410
COX8A	COA1	9606.ENSP00000321260	9606.ENSP00000379218	0	0	0	0	0.048	0	0	0.424	0.428
COX8A	SURF1	9606.ENSP00000321260	9606.ENSP00000361042	0	0	0	0	0.067	0	0	0.420	0.435
COX8A	SDHB	9606.ENSP00000321260	9606.ENSP00000364649	0	0	0	0	0.254	0	0	0.294	0.451
COX8A	SDHC	9606.ENSP00000321260	9606.ENSP00000356953	0	0	0	0	0.135	0	0	0.451	0.505
COX8A	NDUFC1	9606.ENSP00000321260	9606.ENSP00000441126	0	0	0	0	0.257	0	0	0.369	0.511
COX8A	NDUFB6	9606.ENSP00000321260	9606.ENSP00000369176	0	0	0	0	0.264	0	0	0.363	0.511
COX8A	NDUFV1	9606.ENSP00000321260	9606.ENSP00000497587	0	0	0	0	0.265	0	0	0.371	0.519
COX8A	MT-ATP6	9606.ENSP00000321260	9606.ENSP00000354632	0	0	0	0	0	0	0	0.520	0.520
COX8A	NDUFS5	9606.ENSP00000321260	9606.ENSP00000362058	0	0	0	0	0.298	0	0	0.352	0.526
COX8A	COA7	9606.ENSP00000321260	9606.ENSP00000360593	0	0	0	0	0.047	0	0	0.557	0.560
COX8A	NDUFA13	9606.ENSP00000321260	9606.ENSP00000423673	0	0	0	0	0.412	0	0	0.305	0.574
COX8A	NDUFA6	9606.ENSP00000321260	9606.ENSP00000482543	0	0	0	0	0.353	0.125	0	0.318	0.581
COX8A	COA3	9606.ENSP00000321260	9606.ENSP00000354762	0	0	0	0	0.164	0	0	0.547	0.605
COX8A	COA6	9606.ENSP00000321260	9606.ENSP00000355574	0	0	0	0	0.129	0	0.360	0.352	0.607
COX8A	NDUFA8	9606.ENSP00000321260	9606.ENSP00000362873	0	0	0	0	0.220	0	0	0.523	0.612
COX8A	NDUFA12	9606.ENSP00000321260	9606.ENSP00000330737	0	0	0	0	0.444	0.135	0	0.305	0.636
COX8A	NDUFB3	9606.ENSP00000321260	9606.ENSP00000407336	0	0	0	0	0.190	0	0	0.575	0.641
COX8A	PET100	9606.ENSP00000321260	9606.ENSP00000470539	0	0	0	0	0.075	0	0	0.630	0.643
COX8A	NDUFA3	9606.ENSP00000321260	9606.ENSP00000418438	0	0	0	0	0.472	0	0	0.355	0.645
COX8A	MT-CYB	9606.ENSP00000321260	9606.ENSP00000354554	0	0	0	0	0.056	0	0.540	0.251	0.646
COX8A	NDUFA1	9606.ENSP00000321260	9606.ENSP00000360492	0	0	0	0	0.421	0	0	0.436	0.660
COX8A	NDUFAB1	9606.ENSP00000321260	9606.ENSP00000458770	0	0	0	0	0.347	0	0	0.503	0.661
COX8A	COX14	9606.ENSP00000321260	9606.ENSP00000326052	0	0	0	0	0.186	0	0	0.605	0.664
COX8A	NDUFA11	9606.ENSP00000321260	9606.ENSP00000389160	0	0	0	0	0.509	0	0	0.379	0.682
COX8A	BCS1L	9606.ENSP00000321260	9606.ENSP00000413908	0	0	0	0	0.058	0.140	0.540	0.276	0.694
COX8A	NDUFB2	9606.ENSP00000321260	9606.ENSP00000419087	0	0	0	0	0.254	0	0	0.615	0.700
COX8A	UQCRB	9606.ENSP00000321260	9606.ENSP00000430494	0	0	0	0	0.118	0	0.540	0.348	0.712
COX8A	UQCR10	9606.ENSP00000321260	9606.ENSP00000332887	0	0	0	0	0.351	0	0.540	0.373	0.796
COX8A	UQCRQ	9606.ENSP00000321260	9606.ENSP00000367939	0	0	0	0	0.364	0	0.540	0.448	0.824
COX8A	UQCR11	9606.ENSP00000321260	9606.ENSP00000467262	0	0	0	0	0.415	0	0.540	0.445	0.837
COX8A	COX7A2L	9606.ENSP00000321260	9606.ENSP00000367938	0	0	0	0	0.165	0.161	0.800	0.447	0.912
COX8A	MT-CO3	9606.ENSP00000321260	9606.ENSP00000354982	0	0	0	0	0	0.800	0.800	0.510	0.978
COX8A	MT-CO2	9606.ENSP00000321260	9606.ENSP00000354876	0	0	0	0	0	0.825	0.800	0.548	0.982
COX8A	COX7A2	9606.ENSP00000321260	9606.ENSP00000359098	0	0	0	0	0.625	0.800	0.540	0.705	0.988
COX8A	NDUFA4	9606.ENSP00000321260	9606.ENSP00000339720	0	0	0	0	0.367	0.860	0.800	0.483	0.989
COX8A	MT-CO1	9606.ENSP00000321260	9606.ENSP00000354499	0	0	0	0	0	0.900	0.800	0.574	0.990
COX8A	COX4I1	9606.ENSP00000321260	9606.ENSP00000457513	0	0	0	0	0.358	0.913	0.800	0.692	0.996
COX8A	COX7B	9606.ENSP00000321260	9606.ENSP00000497474	0	0	0	0	0.254	0.825	0.800	0.903	0.997
COX8A	COX7C	9606.ENSP00000321260	9606.ENSP00000425759	0	0	0	0	0.342	0.912	0.800	0.846	0.997
COX8A	COX6C	9606.ENSP00000321260	9606.ENSP00000429707	0	0	0	0	0.331	0.825	0.800	0.954	0.998
COX8A	COX6B1	9606.ENSP00000321260	9606.ENSP00000466818	0	0	0	0	0.832	0.800	0.800	0.736	0.998
CTSB	CTSZ	9606.ENSP00000345672	9606.ENSP00000217131	0	0	0	0.641	0.303	0.096	0	0.332	0.542
CTSB	PYCARD	9606.ENSP00000345672	9606.ENSP00000247470	0	0	0	0	0.120	0	0	0.432	0.479
CTSB	STAT3	9606.ENSP00000345672	9606.ENSP00000264657	0	0	0	0	0.074	0	0	0.429	0.449
CTSB	CASP6	9606.ENSP00000345672	9606.ENSP00000265164	0	0	0	0	0.057	0.061	0	0.496	0.515
CTSB	TP53	9606.ENSP00000345672	9606.ENSP00000269305	0	0	0	0	0.064	0.055	0	0.447	0.468
CTSB	IL18	9606.ENSP00000345672	9606.ENSP00000280357	0	0	0	0	0.075	0	0	0.582	0.597
CTSB	CAPN2	9606.ENSP00000345672	9606.ENSP00000295006	0	0	0	0	0.097	0	0	0.377	0.414
CTSB	TLR3	9606.ENSP00000345672	9606.ENSP00000296795	0	0	0	0	0.086	0	0	0.586	0.606
CTSB	CASP3	9606.ENSP00000345672	9606.ENSP00000311032	0	0	0	0	0.057	0.061	0	0.617	0.631
CTSB	CTSL	9606.ENSP00000345672	9606.ENSP00000345344	0	0	0.129	0.648	0.212	0.095	0.900	0.647	0.974
CTSB	PRNP	9606.ENSP00000345672	9606.ENSP00000399376	0	0	0	0	0.087	0.053	0	0.417	0.452
CTSB	GSDMD	9606.ENSP00000345672	9606.ENSP00000433209	0	0	0	0	0.047	0	0	0.453	0.457
CTSB	CASP8	9606.ENSP00000345672	9606.ENSP00000351273	0	0	0	0	0.063	0.052	0	0.482	0.500
CTSB	PRF1	9606.ENSP00000345672	9606.ENSP00000398568	0	0	0	0	0.062	0	0	0.537	0.547
CTSB	ACTB	9606.ENSP00000345672	9606.ENSP00000494750	0	0	0	0	0.078	0	0	0.528	0.547
CTSB	JUN	9606.ENSP00000345672	9606.ENSP00000360266	0	0	0	0	0.113	0	0	0.593	0.623
CTSB	CASP1	9606.ENSP00000345672	9606.ENSP00000433138	0	0	0	0	0.104	0.052	0.540	0.814	0.917
CTSB	CTSS	9606.ENSP00000345672	9606.ENSP00000357981	0	0	0.121	0.670	0.206	0.109	0.900	0.431	0.958
CTSL	CTSZ	9606.ENSP00000345344	9606.ENSP00000217131	0	0	0.103	0.651	0.134	0.085	0	0.363	0.487
CTSL	CASP3	9606.ENSP00000345344	9606.ENSP00000311032	0	0	0	0	0.080	0.061	0	0.436	0.471
CTSL	CASP1	9606.ENSP00000345344	9606.ENSP00000433138	0	0	0	0	0.113	0.052	0	0.362	0.416
CTSL	ACTB	9606.ENSP00000345344	9606.ENSP00000494750	0	0	0	0	0	0	0	0.420	0.420
CTSL	CTSS	9606.ENSP00000345344	9606.ENSP00000357981	0	0	0.074	0.932	0.044	0	0.900	0.108	0.910
CTSL	CTSB	9606.ENSP00000345344	9606.ENSP00000345672	0	0	0.129	0.648	0.212	0.095	0.900	0.647	0.974
CTSS	TNFRSF1A	9606.ENSP00000357981	9606.ENSP00000162749	0	0	0	0	0.124	0	0	0.356	0.412
CTSS	RIPK3	9606.ENSP00000357981	9606.ENSP00000216274	0	0	0	0	0.166	0	0	0.314	0.404
CTSS	CTSZ	9606.ENSP00000357981	9606.ENSP00000217131	0	0	0.094	0.681	0.158	0.085	0	0.394	0.521
CTSS	PYCARD	9606.ENSP00000357981	9606.ENSP00000247470	0	0	0	0	0.237	0	0	0.310	0.451
CTSS	STAT3	9606.ENSP00000357981	9606.ENSP00000264657	0	0	0	0	0.083	0	0	0.427	0.452
CTSS	TP53	9606.ENSP00000357981	9606.ENSP00000269305	0	0	0	0	0.056	0.050	0	0.419	0.433
CTSS	IL18	9606.ENSP00000357981	9606.ENSP00000280357	0	0	0	0	0.118	0	0	0.483	0.525
CTSS	CAPN2	9606.ENSP00000357981	9606.ENSP00000295006	0	0	0	0	0.073	0	0	0.395	0.416
CTSS	TLR3	9606.ENSP00000357981	9606.ENSP00000296795	0	0	0	0	0.127	0	0	0.436	0.487
CTSS	CASP3	9606.ENSP00000357981	9606.ENSP00000311032	0	0	0	0	0.104	0.061	0	0.585	0.620
CTSS	CTSL	9606.ENSP00000357981	9606.ENSP00000345344	0	0	0.074	0.932	0.044	0	0.900	0.108	0.910
CTSS	CTSB	9606.ENSP00000357981	9606.ENSP00000345672	0	0	0.121	0.670	0.206	0.109	0.900	0.431	0.958
CTSS	CASP8	9606.ENSP00000357981	9606.ENSP00000351273	0	0	0	0	0.172	0.052	0	0.480	0.556
CTSS	CD14	9606.ENSP00000357981	9606.ENSP00000385519	0	0	0	0	0.341	0	0	0.148	0.415
CTSS	ACTB	9606.ENSP00000357981	9606.ENSP00000494750	0	0	0	0	0.044	0	0	0.462	0.463
CTSS	MCL1	9606.ENSP00000357981	9606.ENSP00000358022	0	0	0	0	0.164	0	0	0.400	0.478
CTSS	JUN	9606.ENSP00000357981	9606.ENSP00000360266	0	0	0	0	0.113	0	0	0.587	0.618
CTSS	CYBB	9606.ENSP00000357981	9606.ENSP00000367851	0	0	0	0	0.367	0	0	0.433	0.625
CTSS	PRF1	9606.ENSP00000357981	9606.ENSP00000398568	0	0	0	0	0.134	0	0	0.678	0.709
CTSS	CASP1	9606.ENSP00000357981	9606.ENSP00000433138	0	0	0	0	0.454	0.052	0	0.577	0.762
CTSZ	ACTG1	9606.ENSP00000217131	9606.ENSP00000458162	0	0	0	0	0.042	0	0	0.480	0.481
CTSZ	CTSL	9606.ENSP00000217131	9606.ENSP00000345344	0	0	0.103	0.651	0.134	0.085	0	0.363	0.487
CTSZ	CTSS	9606.ENSP00000217131	9606.ENSP00000357981	0	0	0.094	0.681	0.158	0.085	0	0.394	0.521
CTSZ	CTSB	9606.ENSP00000217131	9606.ENSP00000345672	0	0	0	0.641	0.303	0.096	0	0.332	0.542
CTSZ	VAMP8	9606.ENSP00000217131	9606.ENSP00000263864	0	0	0	0	0.132	0	0.500	0.186	0.616
CYBB	TNFRSF1A	9606.ENSP00000367851	9606.ENSP00000162749	0	0	0	0	0.060	0.292	0	0.350	0.530
CYBB	HMOX1	9606.ENSP00000367851	9606.ENSP00000216117	0	0	0	0	0.072	0	0	0.703	0.712
CYBB	RIPK3	9606.ENSP00000367851	9606.ENSP00000216274	0	0	0	0	0.133	0.063	0.900	0.289	0.934
CYBB	NFKBIA	9606.ENSP00000367851	9606.ENSP00000216797	0	0	0	0	0.124	0.045	0	0.455	0.504
CYBB	VAMP8	9606.ENSP00000367851	9606.ENSP00000263864	0	0	0	0	0.092	0	0	0.448	0.477
CYBB	STAT3	9606.ENSP00000367851	9606.ENSP00000264657	0	0	0	0	0.052	0	0	0.521	0.527
CYBB	TP53	9606.ENSP00000367851	9606.ENSP00000269305	0	0	0	0	0.067	0	0	0.445	0.460
CYBB	IL18	9606.ENSP00000367851	9606.ENSP00000280357	0	0	0	0	0.106	0	0	0.498	0.533
CYBB	CASP3	9606.ENSP00000367851	9606.ENSP00000311032	0	0	0	0	0.089	0	0	0.599	0.620
CYBB	TRADD	9606.ENSP00000367851	9606.ENSP00000341268	0	0	0	0	0.067	0	0	0.501	0.514
CYBB	MAP3K5	9606.ENSP00000367851	9606.ENSP00000351908	0	0	0	0	0.108	0	0	0.644	0.669
CYBB	MT-CYB	9606.ENSP00000367851	9606.ENSP00000354554	0	0	0	0	0	0	0	0.868	0.868
CYBB	CTSS	9606.ENSP00000367851	9606.ENSP00000357981	0	0	0	0	0.367	0	0	0.433	0.625
CYBB	JUN	9606.ENSP00000367851	9606.ENSP00000360266	0	0	0	0	0.059	0	0	0.522	0.531
CYBB	PTEN	9606.ENSP00000367851	9606.ENSP00000361021	0	0	0	0	0.085	0.074	0	0.404	0.451
CYBB	IKBKB	9606.ENSP00000367851	9606.ENSP00000430684	0	0	0	0	0.088	0.063	0	0.368	0.413
CYBB	CASP1	9606.ENSP00000367851	9606.ENSP00000433138	0	0	0	0	0.267	0	0	0.543	0.651
CYBB	ACTB	9606.ENSP00000367851	9606.ENSP00000494750	0	0	0	0	0.066	0.297	0	0.608	0.720
CYBB	CAMK2A	9606.ENSP00000367851	9606.ENSP00000500386	0	0	0	0	0.042	0	0.900	0.068	0.903
CYBB	CAMK2B	9606.ENSP00000367851	9606.ENSP00000379098	0	0	0	0	0	0	0.900	0.122	0.908
CYC1	COX15	9606.ENSP00000317159	9606.ENSP00000016171	0.231	0	0	0	0.135	0.575	0.791	0.446	0.961
CYC1	TIMM21	9606.ENSP00000317159	9606.ENSP00000169551	0	0	0	0	0.056	0.095	0.500	0.332	0.676
CYC1	NDUFB4	9606.ENSP00000317159	9606.ENSP00000184266	0	0	0	0	0.221	0.891	0	0.224	0.928
CYC1	UQCRC1	9606.ENSP00000317159	9606.ENSP00000203407	0	0	0	0	0.917	0.992	0.889	0.944	0.999
CYC1	NDUFB7	9606.ENSP00000317159	9606.ENSP00000215565	0	0	0	0	0.784	0.977	0.172	0.326	0.996
CYC1	CMC2	9606.ENSP00000317159	9606.ENSP00000219400	0	0	0	0	0.072	0	0.500	0	0.516
CYC1	COX6A1	9606.ENSP00000317159	9606.ENSP00000229379	0	0	0	0	0.606	0.831	0.624	0.495	0.985
CYC1	NDUFS7	9606.ENSP00000317159	9606.ENSP00000233627	0	0	0	0	0.927	0.929	0.585	0.409	0.998
CYC1	NDUFA2	9606.ENSP00000317159	9606.ENSP00000252102	0	0	0	0	0.473	0.988	0.172	0.091	0.994
CYC1	NDUFA10	9606.ENSP00000317159	9606.ENSP00000252711	0	0	0	0	0.675	0.898	0	0.467	0.980
CYC1	SCO1	9606.ENSP00000317159	9606.ENSP00000255390	0.056	0	0	0	0.108	0	0.154	0.595	0.673
CYC1	COX5B	9606.ENSP00000317159	9606.ENSP00000258424	0	0	0	0	0.927	0.991	0.634	0.549	0.999
CYC1	NDUFB5	9606.ENSP00000317159	9606.ENSP00000259037	0	0	0	0	0.462	0.867	0	0.222	0.939
CYC1	COX17	9606.ENSP00000317159	9606.ENSP00000261070	0	0	0	0	0.064	0	0.500	0.455	0.722
CYC1	TTC19	9606.ENSP00000317159	9606.ENSP00000261647	0	0	0	0	0.044	0	0	0.452	0.453
CYC1	NDUFS3	9606.ENSP00000317159	9606.ENSP00000263774	0	0	0	0	0.899	0.986	0.809	0.483	0.999
CYC1	SDHA	9606.ENSP00000317159	9606.ENSP00000264932	0	0	0	0	0.859	0.223	0.285	0.616	0.966
CYC1	NDUFA9	9606.ENSP00000317159	9606.ENSP00000266544	0	0	0	0	0.858	0.970	0.434	0.424	0.998
CYC1	UQCRC2	9606.ENSP00000317159	9606.ENSP00000268379	0	0	0	0	0.965	0.991	0.907	0.904	0.999
CYC1	NDUFB10	9606.ENSP00000317159	9606.ENSP00000268668	0	0	0	0	0.528	0.987	0	0.331	0.995
CYC1	ECSIT	9606.ENSP00000317159	9606.ENSP00000270517	0	0	0	0	0.555	0	0	0.063	0.565
CYC1	NDUFS6	9606.ENSP00000317159	9606.ENSP00000274137	0	0	0	0	0.799	0.988	0	0.290	0.998
CYC1	NDUFB11	9606.ENSP00000317159	9606.ENSP00000276062	0	0	0	0	0.691	0.855	0	0.209	0.961
CYC1	NDUFB9	9606.ENSP00000317159	9606.ENSP00000276689	0	0	0	0	0.839	0.975	0.172	0.235	0.997
CYC1	NDUFC2	9606.ENSP00000317159	9606.ENSP00000281031	0	0	0	0	0.405	0.874	0	0.297	0.943
CYC1	COX7A1	9606.ENSP00000317159	9606.ENSP00000292907	0	0	0	0	0.104	0.967	0.360	0.207	0.983
CYC1	NDUFS4	9606.ENSP00000317159	9606.ENSP00000296684	0	0	0	0	0.844	0.993	0.284	0.153	0.999
CYC1	NDUFB8	9606.ENSP00000317159	9606.ENSP00000299166	0	0	0	0	0.905	0.855	0.500	0.306	0.994
CYC1	COX11	9606.ENSP00000317159	9606.ENSP00000299335	0	0	0	0	0.049	0	0.285	0.591	0.697
CYC1	NDUFA7	9606.ENSP00000317159	9606.ENSP00000301457	0	0	0	0	0.571	0.853	0	0.074	0.936
CYC1	UQCRFS1	9606.ENSP00000317159	9606.ENSP00000306397	0.231	0	0.251	0	0.977	0.995	0.980	0.999	0.999
CYC1	UQCRH	9606.ENSP00000317159	9606.ENSP00000309565	0	0	0	0	0.807	0.995	0.744	0.880	0.999
CYC1	NDUFS8	9606.ENSP00000317159	9606.ENSP00000315774	0	0	0	0	0.946	0.995	0.809	0.488	0.999
CYC1	COX18	9606.ENSP00000317159	9606.ENSP00000425261	0	0	0	0	0	0.111	0	0.357	0.404
CYC1	UQCC2	9606.ENSP00000317159	9606.ENSP00000476140	0	0	0	0	0.124	0	0	0.378	0.432
CYC1	UQCC3	9606.ENSP00000317159	9606.ENSP00000432692	0	0	0	0	0.060	0	0	0.432	0.443
CYC1	HIGD1A	9606.ENSP00000317159	9606.ENSP00000398064	0	0	0	0	0.180	0.176	0	0.263	0.459
CYC1	LYRM7	9606.ENSP00000317159	9606.ENSP00000368688	0	0	0	0	0.044	0	0	0.466	0.467
CYC1	MT-ATP6	9606.ENSP00000317159	9606.ENSP00000354632	0	0	0	0	0.141	0	0	0.461	0.517
CYC1	SCO2	9606.ENSP00000317159	9606.ENSP00000444433	0.056	0	0	0	0.128	0	0.154	0.449	0.565
CYC1	UQCC1	9606.ENSP00000317159	9606.ENSP00000363506	0	0	0	0	0.060	0	0	0.558	0.567
CYC1	COA4	9606.ENSP00000317159	9606.ENSP00000443795	0	0	0	0	0.063	0	0.500	0.194	0.589
CYC1	COX19	9606.ENSP00000317159	9606.ENSP00000342015	0	0	0	0	0.112	0	0.500	0.198	0.612
CYC1	NDUFAF3	9606.ENSP00000317159	9606.ENSP00000323076	0	0	0	0	0.215	0.581	0	0.074	0.669
CYC1	COX7A2	9606.ENSP00000317159	9606.ENSP00000359098	0	0	0	0	0.166	0.203	0.540	0.198	0.722
CYC1	COX8A	9606.ENSP00000317159	9606.ENSP00000321260	0	0	0	0	0.276	0.161	0.540	0.233	0.757
CYC1	NDUFA4	9606.ENSP00000317159	9606.ENSP00000339720	0	0	0	0	0.145	0.338	0.540	0.287	0.789
CYC1	NDUFB2	9606.ENSP00000317159	9606.ENSP00000419087	0	0	0	0	0.088	0.800	0	0.065	0.814
CYC1	BCS1L	9606.ENSP00000317159	9606.ENSP00000413908	0	0	0	0	0.192	0	0.540	0.618	0.845
CYC1	NDUFC1	9606.ENSP00000317159	9606.ENSP00000441126	0	0	0	0	0.178	0.811	0	0.193	0.864
CYC1	SURF1	9606.ENSP00000317159	9606.ENSP00000361042	0.041	0	0	0	0.081	0.580	0.163	0.639	0.868
CYC1	NDUFA1	9606.ENSP00000317159	9606.ENSP00000360492	0	0	0	0	0.140	0.830	0	0.205	0.873
CYC1	SDHD	9606.ENSP00000317159	9606.ENSP00000364699	0	0	0	0	0.774	0.106	0.172	0.360	0.878
CYC1	NDUFV3	9606.ENSP00000317159	9606.ENSP00000346196	0	0	0	0	0.146	0.831	0	0.221	0.878
CYC1	NDUFA3	9606.ENSP00000317159	9606.ENSP00000418438	0	0	0	0	0.224	0.867	0	0.123	0.901
CYC1	NDUFB1	9606.ENSP00000317159	9606.ENSP00000483888	0	0	0	0	0.185	0.855	0	0.243	0.903
CYC1	COX7A2L	9606.ENSP00000317159	9606.ENSP00000367938	0	0	0	0	0.060	0.805	0.360	0.328	0.911
CYC1	SDHC	9606.ENSP00000317159	9606.ENSP00000356953	0.044	0	0	0	0.838	0.079	0.172	0.450	0.923
CYC1	NDUFB3	9606.ENSP00000317159	9606.ENSP00000407336	0	0	0	0	0.272	0.866	0	0.340	0.930
CYC1	NDUFS5	9606.ENSP00000317159	9606.ENSP00000362058	0	0	0	0	0.300	0.908	0	0	0.933
CYC1	COA6	9606.ENSP00000317159	9606.ENSP00000355574	0	0	0	0	0.373	0.749	0.628	0.244	0.949
CYC1	NDUFA11	9606.ENSP00000317159	9606.ENSP00000389160	0	0	0	0	0.621	0.852	0	0.358	0.960
CYC1	COX6C	9606.ENSP00000317159	9606.ENSP00000429707	0	0	0	0	0.244	0.866	0.540	0.290	0.962
CYC1	NDUFB6	9606.ENSP00000317159	9606.ENSP00000369176	0	0	0	0	0.678	0.897	0	0.257	0.973
CYC1	COX7B	9606.ENSP00000317159	9606.ENSP00000497474	0	0	0	0	0.060	0.911	0.540	0.377	0.973
CYC1	SDHB	9606.ENSP00000317159	9606.ENSP00000364649	0.055	0	0	0	0.922	0.096	0.285	0.560	0.975
CYC1	NDUFAB1	9606.ENSP00000317159	9606.ENSP00000458770	0	0	0	0	0.453	0.965	0.163	0.202	0.985
CYC1	MT-ND2	9606.ENSP00000317159	9606.ENSP00000355046	0	0	0	0	0.067	0.919	0.792	0.431	0.989
CYC1	MT-ND5	9606.ENSP00000317159	9606.ENSP00000354813	0	0	0	0	0.128	0.919	0.792	0.433	0.990
CYC1	COX6B1	9606.ENSP00000317159	9606.ENSP00000466818	0	0	0	0	0.484	0.955	0.658	0.396	0.994
CYC1	NDUFA13	9606.ENSP00000317159	9606.ENSP00000423673	0	0	0	0	0.830	0.967	0	0.125	0.994
CYC1	MT-ND1	9606.ENSP00000317159	9606.ENSP00000354687	0	0	0	0	0.201	0.959	0.809	0.369	0.995
CYC1	NDUFA6	9606.ENSP00000317159	9606.ENSP00000482543	0	0	0	0	0.436	0.988	0.284	0.324	0.996
CYC1	MT-ND4	9606.ENSP00000317159	9606.ENSP00000354961	0	0	0	0	0.184	0.967	0.809	0.428	0.996
CYC1	COX7C	9606.ENSP00000317159	9606.ENSP00000425759	0	0	0	0	0.378	0.985	0.602	0.350	0.997
CYC1	NDUFA5	9606.ENSP00000317159	9606.ENSP00000417142	0	0	0	0	0.645	0.988	0.284	0.326	0.997
CYC1	NDUFA8	9606.ENSP00000317159	9606.ENSP00000362873	0	0	0	0	0.928	0.967	0.172	0.264	0.998
CYC1	MT-CO2	9606.ENSP00000317159	9606.ENSP00000354876	0.184	0	0	0	0.117	0.966	0.908	0.579	0.998
CYC1	NDUFA12	9606.ENSP00000317159	9606.ENSP00000330737	0	0	0	0	0.678	0.993	0.172	0.196	0.998
CYC1	UQCR11	9606.ENSP00000317159	9606.ENSP00000467262	0	0	0	0	0.692	0.987	0.851	0.471	0.999
CYC1	UQCR10	9606.ENSP00000317159	9606.ENSP00000332887	0	0	0	0	0.879	0.997	0.907	0.840	0.999
CYC1	NDUFS2	9606.ENSP00000317159	9606.ENSP00000356972	0	0	0	0	0.964	0.981	0.809	0.460	0.999
CYC1	MT-CO3	9606.ENSP00000317159	9606.ENSP00000354982	0.231	0	0	0	0.312	0.991	0.908	0.492	0.999
CYC1	NDUFV1	9606.ENSP00000317159	9606.ENSP00000497587	0	0	0	0	0.976	0.990	0.809	0.574	0.999
CYC1	COX4I1	9606.ENSP00000317159	9606.ENSP00000457513	0	0	0	0	0.863	0.970	0.598	0.548	0.999
CYC1	UQCRB	9606.ENSP00000317159	9606.ENSP00000430494	0	0	0	0	0.953	0.997	0.907	0.978	0.999
CYC1	MT-CO1	9606.ENSP00000317159	9606.ENSP00000354499	0.231	0	0	0	0.338	0.991	0.908	0.531	0.999
CYC1	UQCRQ	9606.ENSP00000317159	9606.ENSP00000367939	0	0	0	0	0.893	0.997	0.907	0.773	0.999
CYC1	COX5A	9606.ENSP00000317159	9606.ENSP00000317780	0	0	0	0	0.892	0.992	0.602	0.577	0.999
CYC1	NDUFS1	9606.ENSP00000317159	9606.ENSP00000392709	0	0	0	0	0.925	0.989	0.809	0.543	0.999
CYC1	NDUFV2	9606.ENSP00000317159	9606.ENSP00000327268	0	0	0	0	0.925	0.990	0.809	0.427	0.999
CYC1	MT-CYB	9606.ENSP00000317159	9606.ENSP00000354554	0.111	0.900	0	0	0.690	0.987	0.967	0.998	0.999
DAPK1	TNFRSF1A	9606.ENSP00000386135	9606.ENSP00000162749	0	0	0	0	0.042	0.292	0	0.330	0.506
DAPK1	KRAS	9606.ENSP00000386135	9606.ENSP00000256078	0	0	0	0	0.065	0.107	0	0.596	0.634
DAPK1	TP53	9606.ENSP00000386135	9606.ENSP00000269305	0	0	0	0	0.051	0.301	0	0.815	0.866
DAPK1	FADD	9606.ENSP00000386135	9606.ENSP00000301838	0	0	0	0	0.046	0.690	0	0.738	0.916
DAPK1	CASP3	9606.ENSP00000386135	9606.ENSP00000311032	0	0	0	0	0	0.045	0.500	0.455	0.717
DAPK1	CASP8	9606.ENSP00000386135	9606.ENSP00000351273	0	0	0	0	0	0.045	0	0.487	0.489
DAPK1	PTEN	9606.ENSP00000386135	9606.ENSP00000361021	0	0	0	0	0.050	0	0	0.681	0.684
DAPK1	IKBKB	9606.ENSP00000386135	9606.ENSP00000430684	0	0	0	0.572	0.046	0.068	0	0.419	0.438
DEPTOR	RB1CC1	9606.ENSP00000286234	9606.ENSP00000025008	0	0	0	0	0.047	0	0	0.458	0.461
DEPTOR	PTEN	9606.ENSP00000286234	9606.ENSP00000361021	0	0	0	0	0.058	0.092	0	0.490	0.526
DEPTOR	ULK1	9606.ENSP00000286234	9606.ENSP00000324560	0	0	0	0	0	0.092	0.900	0.506	0.951
DMAC2L	NDUFB9	9606.ENSP00000451583	9606.ENSP00000276689	0	0	0	0	0.171	0	0	0.361	0.447
DMAC2L	NDUFC2	9606.ENSP00000451583	9606.ENSP00000281031	0	0	0	0	0.291	0	0	0.202	0.410
DMAC2L	NDUFAF3	9606.ENSP00000451583	9606.ENSP00000323076	0	0	0	0	0.063	0	0	0.420	0.434
DMAC2L	COA5	9606.ENSP00000451583	9606.ENSP00000330730	0	0	0	0	0.124	0	0	0.373	0.427
DMAC2L	MT-ATP6	9606.ENSP00000451583	9606.ENSP00000354632	0	0	0	0	0.083	0	0.540	0.281	0.670
DMAC2L	MT-ND1	9606.ENSP00000451583	9606.ENSP00000354687	0	0	0	0	0.351	0	0	0.173	0.440
DMAC2L	MT-ND5	9606.ENSP00000451583	9606.ENSP00000354813	0	0	0	0	0.351	0	0	0.135	0.415
DMAC2L	MT-ATP8	9606.ENSP00000451583	9606.ENSP00000355265	0	0	0	0	0.055	0	0.540	0.299	0.669
DMAC2L	SDHC	9606.ENSP00000451583	9606.ENSP00000356953	0	0	0	0	0.433	0	0	0.234	0.547
DMAC2L	COX7A2	9606.ENSP00000451583	9606.ENSP00000359098	0	0	0	0	0.104	0	0	0.490	0.524
DMAC2L	NDUFS5	9606.ENSP00000451583	9606.ENSP00000362058	0	0	0	0	0.234	0	0	0.253	0.403
DMAC2L	SDHB	9606.ENSP00000451583	9606.ENSP00000364649	0	0	0	0	0.430	0	0	0.200	0.524
DMAC2L	NDUFB6	9606.ENSP00000451583	9606.ENSP00000369176	0	0	0	0	0.306	0	0	0.192	0.416
DMAC2L	NDUFA11	9606.ENSP00000451583	9606.ENSP00000389160	0	0	0	0	0.334	0	0	0.137	0.401
DMAC2L	NDUFB3	9606.ENSP00000451583	9606.ENSP00000407336	0	0	0	0	0.255	0	0	0.281	0.442
DMAC2L	NDUFA3	9606.ENSP00000451583	9606.ENSP00000418438	0	0	0	0	0.252	0	0	0.292	0.448
DMAC2L	UQCRB	9606.ENSP00000451583	9606.ENSP00000430494	0	0	0	0	0.183	0	0	0.303	0.406
DMAC2L	ATPAF1	9606.ENSP00000451583	9606.ENSP00000460964	0	0	0	0	0.082	0	0	0.378	0.405
DUSP16	MAP3K5	9606.ENSP00000298573	9606.ENSP00000351908	0	0	0	0	0	0	0	0.426	0.426
DUSP16	JUN	9606.ENSP00000298573	9606.ENSP00000360266	0	0	0	0	0.087	0.111	0	0.477	0.539
DUSP16	MAPK9	9606.ENSP00000298573	9606.ENSP00000394560	0	0	0	0	0.075	0.682	0.900	0.552	0.985
ECSIT	NDUFAF7	9606.ENSP00000270517	9606.ENSP00000002125	0	0	0	0	0.135	0	0.500	0.491	0.760
ECSIT	NDUFB4	9606.ENSP00000270517	9606.ENSP00000184266	0	0	0	0	0.083	0	0.500	0.210	0.606
ECSIT	UQCRC1	9606.ENSP00000270517	9606.ENSP00000203407	0	0	0	0	0.645	0	0	0.162	0.690
ECSIT	NDUFB7	9606.ENSP00000270517	9606.ENSP00000215565	0	0	0	0	0.624	0	0.500	0.185	0.833
ECSIT	NDUFS7	9606.ENSP00000270517	9606.ENSP00000233627	0	0	0	0	0.672	0.350	0.500	0.358	0.922
ECSIT	NDUFA2	9606.ENSP00000270517	9606.ENSP00000252102	0	0	0	0	0.142	0.161	0.500	0.170	0.661
ECSIT	NDUFA10	9606.ENSP00000270517	9606.ENSP00000252711	0	0	0	0	0.164	0	0.500	0.238	0.653
ECSIT	NDUFB5	9606.ENSP00000270517	9606.ENSP00000259037	0	0	0	0	0.119	0.697	0.500	0.153	0.871
ECSIT	NDUFAF1	9606.ENSP00000270517	9606.ENSP00000260361	0	0	0	0	0.332	0.994	0.800	0.998	0.999
ECSIT	FOXRED1	9606.ENSP00000270517	9606.ENSP00000263578	0	0	0	0	0.135	0	0	0.759	0.783
ECSIT	NDUFS3	9606.ENSP00000270517	9606.ENSP00000263774	0	0	0	0	0.224	0.994	0.500	0.366	0.998
ECSIT	NDUFA9	9606.ENSP00000270517	9606.ENSP00000266544	0	0	0	0	0.335	0	0.500	0.162	0.697
ECSIT	NDUFB10	9606.ENSP00000270517	9606.ENSP00000268668	0	0	0	0	0.167	0	0.500	0.281	0.674
ECSIT	UQCR11	9606.ENSP00000270517	9606.ENSP00000467262	0	0	0	0	0.305	0	0	0.174	0.401
ECSIT	COA3	9606.ENSP00000270517	9606.ENSP00000354762	0	0	0	0	0.058	0.292	0	0.179	0.404
ECSIT	BCS1L	9606.ENSP00000270517	9606.ENSP00000413908	0	0	0	0	0.231	0	0	0.275	0.419
ECSIT	TMEM126A	9606.ENSP00000270517	9606.ENSP00000306887	0	0	0	0	0.097	0	0	0.386	0.422
ECSIT	NUBPL	9606.ENSP00000270517	9606.ENSP00000281081	0	0	0	0	0	0	0	0.499	0.499
ECSIT	NDUFB2	9606.ENSP00000270517	9606.ENSP00000419087	0	0	0	0	0.042	0	0.500	0.091	0.526
ECSIT	CYC1	9606.ENSP00000270517	9606.ENSP00000317159	0	0	0	0	0.555	0	0	0.063	0.565
ECSIT	NDUFV3	9606.ENSP00000270517	9606.ENSP00000346196	0	0	0	0	0.080	0	0.500	0.231	0.615
ECSIT	NDUFA5	9606.ENSP00000270517	9606.ENSP00000417142	0	0	0	0	0.120	0	0.500	0.210	0.622
ECSIT	NDUFC1	9606.ENSP00000270517	9606.ENSP00000441126	0	0	0	0	0.049	0	0.500	0.288	0.631
ECSIT	NDUFB3	9606.ENSP00000270517	9606.ENSP00000407336	0	0	0	0	0.082	0	0.500	0.275	0.638
ECSIT	NDUFAB1	9606.ENSP00000270517	9606.ENSP00000458770	0	0	0	0	0.128	0	0.500	0.242	0.641
ECSIT	NDUFV2	9606.ENSP00000270517	9606.ENSP00000327268	0	0	0	0	0.127	0	0.500	0.270	0.654
ECSIT	NDUFB6	9606.ENSP00000270517	9606.ENSP00000369176	0	0	0	0	0.143	0	0.500	0.258	0.654
ECSIT	NDUFS4	9606.ENSP00000270517	9606.ENSP00000296684	0	0	0	0	0.075	0	0.500	0.317	0.656
ECSIT	NDUFA12	9606.ENSP00000270517	9606.ENSP00000330737	0	0	0	0	0.112	0	0.500	0.293	0.659
ECSIT	NDUFA7	9606.ENSP00000270517	9606.ENSP00000301457	0	0	0	0	0.230	0	0.500	0.191	0.661
ECSIT	NDUFA6	9606.ENSP00000270517	9606.ENSP00000482543	0	0	0	0	0.141	0	0.500	0.299	0.672
ECSIT	NDUFS6	9606.ENSP00000270517	9606.ENSP00000274137	0	0	0	0	0.239	0	0.500	0.224	0.679
ECSIT	NDUFB9	9606.ENSP00000270517	9606.ENSP00000276689	0	0	0	0	0.277	0	0.500	0.336	0.739
ECSIT	NDUFAF2	9606.ENSP00000270517	9606.ENSP00000296597	0	0	0	0	0.066	0	0.500	0.508	0.750
ECSIT	COA1	9606.ENSP00000270517	9606.ENSP00000379218	0	0	0	0	0.049	0.422	0.500	0.245	0.764
ECSIT	NDUFAF6	9606.ENSP00000270517	9606.ENSP00000379430	0	0	0	0	0.049	0	0.500	0.549	0.767
ECSIT	NDUFA1	9606.ENSP00000270517	9606.ENSP00000360492	0	0	0	0	0.042	0	0.500	0.555	0.768
ECSIT	NDUFAF5	9606.ENSP00000270517	9606.ENSP00000367346	0	0	0	0	0.070	0	0.500	0.555	0.775
ECSIT	MT-ND1	9606.ENSP00000270517	9606.ENSP00000354687	0	0	0	0	0.075	0.535	0.500	0.157	0.794
ECSIT	MT-ND2	9606.ENSP00000270517	9606.ENSP00000355046	0	0	0	0	0.062	0	0.500	0.597	0.794
ECSIT	NDUFA11	9606.ENSP00000270517	9606.ENSP00000389160	0	0	0	0	0.417	0	0.500	0.368	0.800
ECSIT	NDUFV1	9606.ENSP00000270517	9606.ENSP00000497587	0	0	0	0	0.613	0	0.500	0.269	0.846
ECSIT	NDUFA3	9606.ENSP00000270517	9606.ENSP00000418438	0	0	0	0	0.149	0.625	0.500	0.205	0.856
ECSIT	NDUFB8	9606.ENSP00000270517	9606.ENSP00000299166	0	0	0	0	0.170	0.624	0.500	0.252	0.867
ECSIT	NDUFB1	9606.ENSP00000270517	9606.ENSP00000483888	0	0	0	0	0.075	0.756	0.500	0.289	0.909
ECSIT	NDUFC2	9606.ENSP00000270517	9606.ENSP00000281031	0	0	0	0	0.131	0.770	0.500	0.303	0.921
ECSIT	NDUFA8	9606.ENSP00000270517	9606.ENSP00000362873	0	0	0	0	0.555	0.684	0.500	0.233	0.938
ECSIT	NDUFS8	9606.ENSP00000270517	9606.ENSP00000315774	0	0	0	0	0.389	0.756	0.500	0.279	0.939
ECSIT	NDUFAF4	9606.ENSP00000270517	9606.ENSP00000358272	0	0	0	0	0.057	0.780	0.500	0.565	0.948
ECSIT	TMEM186	9606.ENSP00000270517	9606.ENSP00000331640	0	0	0	0	0.103	0.629	0.500	0.794	0.961
ECSIT	NDUFS5	9606.ENSP00000270517	9606.ENSP00000362058	0	0	0	0	0.080	0.994	0	0.160	0.994
ECSIT	MT-ND4	9606.ENSP00000270517	9606.ENSP00000354961	0	0	0	0	0.072	0.994	0	0.288	0.995
ECSIT	TMEM70	9606.ENSP00000270517	9606.ENSP00000312599	0	0	0	0	0.057	0.994	0	0.406	0.996
ECSIT	NDUFS1	9606.ENSP00000270517	9606.ENSP00000392709	0	0	0	0	0.075	0.994	0.500	0.248	0.997
ECSIT	NDUFA13	9606.ENSP00000270517	9606.ENSP00000423673	0	0	0	0	0.429	0.994	0.500	0.383	0.998
ECSIT	NDUFB11	9606.ENSP00000270517	9606.ENSP00000276062	0	0	0	0	0.234	0.994	0.500	0.248	0.998
ECSIT	NDUFAF3	9606.ENSP00000270517	9606.ENSP00000323076	0	0	0	0	0.141	0.994	0.500	0.492	0.998
ECSIT	NDUFS2	9606.ENSP00000270517	9606.ENSP00000356972	0	0	0	0	0.169	0.994	0.500	0.460	0.998
ECSIT	TMEM126B	9606.ENSP00000270517	9606.ENSP00000351737	0	0	0	0	0	0.994	0.800	0.978	0.999
ECSIT	ACAD9	9606.ENSP00000270517	9606.ENSP00000312618	0	0	0	0	0.118	0.994	0.800	0.989	0.999
ECSIT	TIMMDC1	9606.ENSP00000270517	9606.ENSP00000418803	0	0	0	0	0.049	0.994	0.500	0.806	0.999
FADD	TNFRSF1A	9606.ENSP00000301838	9606.ENSP00000162749	0	0	0	0	0.135	0.813	0.900	0.998	0.999
FADD	NGFR	9606.ENSP00000301838	9606.ENSP00000172229	0	0	0	0	0	0.066	0.900	0.248	0.923
FADD	RIPK3	9606.ENSP00000301838	9606.ENSP00000216274	0	0	0	0	0.093	0.994	0.400	0.996	0.999
FADD	NFKBIA	9606.ENSP00000301838	9606.ENSP00000216797	0	0	0	0	0.103	0.095	0	0.572	0.622
FADD	PYCARD	9606.ENSP00000301838	9606.ENSP00000247470	0	0	0	0	0.113	0.053	0	0.390	0.442
FADD	STAT3	9606.ENSP00000301838	9606.ENSP00000264657	0	0	0	0	0.091	0.096	0	0.425	0.487
FADD	CASP6	9606.ENSP00000301838	9606.ENSP00000265164	0	0	0	0	0.094	0.067	0	0.609	0.640
FADD	TP53	9606.ENSP00000301838	9606.ENSP00000269305	0	0	0	0	0.053	0	0	0.817	0.820
FADD	TNFRSF10B	9606.ENSP00000301838	9606.ENSP00000276431	0	0	0	0	0.066	0.880	0.900	0.997	0.999
FADD	IL18	9606.ENSP00000301838	9606.ENSP00000280357	0	0	0	0	0.047	0	0	0.419	0.422
FADD	BAX	9606.ENSP00000301838	9606.ENSP00000293288	0	0	0	0	0.074	0	0	0.485	0.503
FADD	TLR3	9606.ENSP00000301838	9606.ENSP00000296795	0	0	0	0	0.083	0.370	0.500	0.526	0.845
FADD	CASP4	9606.ENSP00000301838	9606.ENSP00000388566	0	0	0	0	0.076	0.067	0	0.391	0.430
FADD	MAP2K1	9606.ENSP00000301838	9606.ENSP00000302486	0	0	0	0	0.100	0.161	0	0.320	0.442
FADD	PTEN	9606.ENSP00000301838	9606.ENSP00000361021	0	0	0	0	0	0.092	0	0.433	0.463
FADD	CD14	9606.ENSP00000301838	9606.ENSP00000385519	0	0	0	0	0.083	0	0.500	0	0.521
FADD	ACTB	9606.ENSP00000301838	9606.ENSP00000494750	0	0	0	0	0.090	0.070	0	0.492	0.532
FADD	JUN	9606.ENSP00000301838	9606.ENSP00000360266	0	0	0	0	0	0.085	0	0.526	0.547
FADD	MCL1	9606.ENSP00000301838	9606.ENSP00000358022	0	0	0	0	0.042	0	0	0.595	0.595
FADD	GSDMD	9606.ENSP00000301838	9606.ENSP00000433209	0	0	0	0	0.056	0	0	0.688	0.692
FADD	MAP3K5	9606.ENSP00000301838	9606.ENSP00000351908	0	0	0	0	0.087	0.058	0	0.703	0.722
FADD	CASP2	9606.ENSP00000301838	9606.ENSP00000312664	0	0	0	0	0.086	0.067	0	0.757	0.775
FADD	IKBKB	9606.ENSP00000301838	9606.ENSP00000430684	0	0	0	0	0.049	0	0.500	0.691	0.840
FADD	TNFAIP3	9606.ENSP00000301838	9606.ENSP00000481570	0	0	0	0	0.103	0.629	0.400	0.336	0.850
FADD	DAPK1	9606.ENSP00000301838	9606.ENSP00000386135	0	0	0	0	0.046	0.690	0	0.738	0.916
FADD	CASP3	9606.ENSP00000301838	9606.ENSP00000311032	0	0	0	0	0.106	0.067	0.360	0.920	0.951
FADD	CASP1	9606.ENSP00000301838	9606.ENSP00000433138	0	0	0	0	0.087	0.067	0	0.950	0.954
FADD	CASP8	9606.ENSP00000301838	9606.ENSP00000351273	0	0	0	0	0.108	0.994	0.900	0.999	0.999
FADD	TRADD	9606.ENSP00000301838	9606.ENSP00000341268	0	0	0	0	0.142	0.873	0.900	0.999	0.999
FADD	CFLAR	9606.ENSP00000301838	9606.ENSP00000312455	0	0	0	0	0.047	0.882	0.900	0.999	0.999
FOXRED1	NDUFAF7	9606.ENSP00000263578	9606.ENSP00000002125	0	0	0	0	0.058	0.190	0	0.565	0.639
FOXRED1	COX15	9606.ENSP00000263578	9606.ENSP00000016171	0	0	0	0	0.074	0	0	0.612	0.625
FOXRED1	NDUFB4	9606.ENSP00000263578	9606.ENSP00000184266	0	0	0	0	0.047	0	0.720	0.345	0.810
FOXRED1	UQCRC1	9606.ENSP00000263578	9606.ENSP00000203407	0	0	0	0	0.142	0	0	0.343	0.413
FOXRED1	NDUFB7	9606.ENSP00000263578	9606.ENSP00000215565	0	0	0	0	0.075	0	0.720	0.274	0.795
FOXRED1	NDUFS7	9606.ENSP00000263578	9606.ENSP00000233627	0	0	0	0	0.056	0	0.720	0.811	0.945
FOXRED1	NDUFA2	9606.ENSP00000263578	9606.ENSP00000252102	0	0	0	0	0.047	0	0.720	0.759	0.930
FOXRED1	NDUFA10	9606.ENSP00000263578	9606.ENSP00000252711	0	0	0	0	0.049	0.292	0.720	0.416	0.875
FOXRED1	TACO1	9606.ENSP00000263578	9606.ENSP00000258975	0	0	0	0	0.059	0	0	0.585	0.592
FOXRED1	NDUFB5	9606.ENSP00000263578	9606.ENSP00000259037	0	0	0	0	0.049	0	0.720	0.602	0.884
FOXRED1	NDUFAF1	9606.ENSP00000263578	9606.ENSP00000260361	0	0	0	0	0.121	0	0.720	0.855	0.961
FOXRED1	COA6	9606.ENSP00000263578	9606.ENSP00000355574	0	0	0	0	0.049	0	0	0.405	0.410
FOXRED1	TMEM126A	9606.ENSP00000263578	9606.ENSP00000306887	0	0	0	0	0.056	0	0	0.405	0.414
FOXRED1	PET100	9606.ENSP00000263578	9606.ENSP00000470539	0	0	0	0	0	0	0	0.421	0.421
FOXRED1	COX18	9606.ENSP00000263578	9606.ENSP00000425261	0	0	0	0	0.097	0	0	0.405	0.440
FOXRED1	ATPAF2	9606.ENSP00000263578	9606.ENSP00000417190	0	0	0	0	0.151	0	0	0.370	0.443
FOXRED1	COA5	9606.ENSP00000263578	9606.ENSP00000330730	0	0	0	0	0.063	0	0	0.444	0.456
FOXRED1	SCO2	9606.ENSP00000263578	9606.ENSP00000444433	0	0	0	0	0.098	0	0	0.476	0.507
FOXRED1	MT-ATP6	9606.ENSP00000263578	9606.ENSP00000354632	0	0	0	0	0.044	0	0	0.519	0.520
FOXRED1	MT-CO3	9606.ENSP00000263578	9606.ENSP00000354982	0	0	0	0	0.042	0	0	0.533	0.533
FOXRED1	SDHA	9606.ENSP00000263578	9606.ENSP00000264932	0	0	0	0	0.056	0	0	0.535	0.542
FOXRED1	LYRM7	9606.ENSP00000263578	9606.ENSP00000368688	0	0	0	0	0.056	0	0	0.559	0.566
FOXRED1	SURF1	9606.ENSP00000263578	9606.ENSP00000361042	0	0	0	0	0.105	0	0	0.616	0.642
FOXRED1	TMEM186	9606.ENSP00000263578	9606.ENSP00000331640	0	0	0	0	0.075	0	0	0.646	0.659
FOXRED1	BCS1L	9606.ENSP00000263578	9606.ENSP00000413908	0	0	0	0	0.122	0	0	0.662	0.690
FOXRED1	NDUFB2	9606.ENSP00000263578	9606.ENSP00000419087	0	0	0	0	0	0	0.720	0.140	0.748
FOXRED1	TIMMDC1	9606.ENSP00000263578	9606.ENSP00000418803	0	0	0	0	0.060	0	0	0.760	0.765
FOXRED1	NDUFA7	9606.ENSP00000263578	9606.ENSP00000301457	0	0	0	0	0.056	0	0.720	0.244	0.782
FOXRED1	ECSIT	9606.ENSP00000263578	9606.ENSP00000270517	0	0	0	0	0.135	0	0	0.759	0.783
FOXRED1	NDUFA3	9606.ENSP00000263578	9606.ENSP00000418438	0	0	0	0	0.049	0	0.720	0.294	0.795
FOXRED1	NDUFC1	9606.ENSP00000263578	9606.ENSP00000441126	0	0	0	0	0	0	0.720	0.298	0.795
FOXRED1	NDUFA4	9606.ENSP00000263578	9606.ENSP00000339720	0	0	0	0	0.042	0.228	0.720	0.184	0.808
FOXRED1	NDUFV3	9606.ENSP00000263578	9606.ENSP00000346196	0	0	0	0	0.049	0	0.720	0.341	0.809
FOXRED1	NDUFB8	9606.ENSP00000263578	9606.ENSP00000299166	0	0	0	0	0.074	0	0.720	0.345	0.815
FOXRED1	TMEM126B	9606.ENSP00000263578	9606.ENSP00000351737	0	0	0	0	0	0	0	0.817	0.817
FOXRED1	NDUFAF3	9606.ENSP00000263578	9606.ENSP00000323076	0	0	0	0	0.047	0	0	0.819	0.820
FOXRED1	NDUFA6	9606.ENSP00000263578	9606.ENSP00000482543	0	0	0	0	0.044	0	0.720	0.381	0.820
FOXRED1	NDUFA13	9606.ENSP00000263578	9606.ENSP00000423673	0	0	0	0	0.049	0	0.720	0.387	0.822
FOXRED1	NDUFB9	9606.ENSP00000263578	9606.ENSP00000276689	0	0	0	0	0.048	0	0.720	0.389	0.823
FOXRED1	NDUFA9	9606.ENSP00000263578	9606.ENSP00000266544	0	0	0	0	0.083	0	0.720	0.367	0.823
FOXRED1	NDUFC2	9606.ENSP00000263578	9606.ENSP00000281031	0	0	0	0	0.049	0	0.720	0.411	0.829
FOXRED1	NDUFB3	9606.ENSP00000263578	9606.ENSP00000407336	0	0	0	0	0.047	0	0.720	0.430	0.834
FOXRED1	NDUFA12	9606.ENSP00000263578	9606.ENSP00000330737	0	0	0	0	0.044	0	0.720	0.441	0.837
FOXRED1	NDUFAB1	9606.ENSP00000263578	9606.ENSP00000458770	0	0	0	0	0.057	0	0.720	0.480	0.850
FOXRED1	NDUFA5	9606.ENSP00000263578	9606.ENSP00000417142	0	0	0	0	0.049	0.292	0.720	0.329	0.856
FOXRED1	NUBPL	9606.ENSP00000263578	9606.ENSP00000281081	0	0	0	0	0.095	0	0	0.851	0.859
FOXRED1	MT-ND1	9606.ENSP00000263578	9606.ENSP00000354687	0	0	0	0	0.049	0	0.720	0.520	0.861
FOXRED1	NDUFAF4	9606.ENSP00000263578	9606.ENSP00000358272	0	0	0	0	0.075	0	0	0.857	0.862
FOXRED1	NDUFAF6	9606.ENSP00000263578	9606.ENSP00000379430	0	0	0	0	0.075	0	0	0.864	0.869
FOXRED1	NDUFAF2	9606.ENSP00000263578	9606.ENSP00000296597	0	0	0	0	0.055	0	0	0.867	0.869
FOXRED1	NDUFB6	9606.ENSP00000263578	9606.ENSP00000369176	0	0	0	0	0.049	0	0.720	0.554	0.871
FOXRED1	NDUFS6	9606.ENSP00000263578	9606.ENSP00000274137	0	0	0	0	0.044	0	0.720	0.566	0.873
FOXRED1	NDUFA8	9606.ENSP00000263578	9606.ENSP00000362873	0	0	0	0	0.056	0.292	0.720	0.412	0.875
FOXRED1	NDUFAF5	9606.ENSP00000263578	9606.ENSP00000367346	0	0	0	0	0.049	0	0	0.878	0.879
FOXRED1	TMEM70	9606.ENSP00000263578	9606.ENSP00000312599	0	0	0	0	0.049	0	0	0.889	0.890
FOXRED1	NDUFB1	9606.ENSP00000263578	9606.ENSP00000483888	0	0	0	0	0.044	0	0.720	0.629	0.892
FOXRED1	NDUFB11	9606.ENSP00000263578	9606.ENSP00000276062	0	0	0	0	0.055	0	0.720	0.633	0.894
FOXRED1	MT-ND2	9606.ENSP00000263578	9606.ENSP00000355046	0	0	0	0	0.047	0	0.720	0.659	0.901
FOXRED1	NDUFA1	9606.ENSP00000263578	9606.ENSP00000360492	0	0	0	0	0	0	0.720	0.672	0.904
FOXRED1	MT-ND5	9606.ENSP00000263578	9606.ENSP00000354813	0	0	0	0	0.050	0	0.720	0.670	0.904
FOXRED1	ACAD9	9606.ENSP00000263578	9606.ENSP00000312618	0	0	0	0	0.206	0.422	0	0.816	0.908
FOXRED1	NDUFV2	9606.ENSP00000263578	9606.ENSP00000327268	0	0	0	0	0.049	0	0.720	0.687	0.909
FOXRED1	NDUFA11	9606.ENSP00000263578	9606.ENSP00000389160	0	0	0	0	0.055	0	0.720	0.697	0.912
FOXRED1	MT-ND4	9606.ENSP00000263578	9606.ENSP00000354961	0	0	0	0	0.049	0	0.720	0.705	0.914
FOXRED1	NDUFS2	9606.ENSP00000263578	9606.ENSP00000356972	0	0	0	0	0.082	0	0.720	0.738	0.926
FOXRED1	NDUFB10	9606.ENSP00000263578	9606.ENSP00000268668	0	0	0	0	0.084	0.292	0.720	0.641	0.926
FOXRED1	NDUFS1	9606.ENSP00000263578	9606.ENSP00000392709	0	0	0	0	0.044	0	0.720	0.756	0.929
FOXRED1	NDUFV1	9606.ENSP00000263578	9606.ENSP00000497587	0	0	0	0	0.062	0	0.720	0.758	0.930
FOXRED1	NDUFS4	9606.ENSP00000263578	9606.ENSP00000296684	0	0	0	0	0.047	0	0.720	0.784	0.937
FOXRED1	NDUFS8	9606.ENSP00000263578	9606.ENSP00000315774	0	0	0	0	0.107	0	0.720	0.778	0.939
FOXRED1	NDUFS3	9606.ENSP00000263578	9606.ENSP00000263774	0	0	0	0	0.127	0.292	0.720	0.729	0.946
FOXRED1	NDUFS5	9606.ENSP00000263578	9606.ENSP00000362058	0	0	0	0	0.047	0.748	0.720	0.350	0.950
GLUD2	RIPK3	9606.ENSP00000327589	9606.ENSP00000216274	0	0	0	0	0	0	0.900	0	0.900
GLUD2	SDHA	9606.ENSP00000327589	9606.ENSP00000264932	0.042	0	0	0	0.188	0	0	0.374	0.471
GLUD2	SDHB	9606.ENSP00000327589	9606.ENSP00000364649	0.042	0	0	0	0.156	0	0	0.370	0.447
GSDMD	TNFRSF1A	9606.ENSP00000433209	9606.ENSP00000162749	0	0	0	0	0.065	0	0	0.418	0.432
GSDMD	RIPK3	9606.ENSP00000433209	9606.ENSP00000216274	0	0	0	0	0.159	0	0	0.811	0.834
GSDMD	NFKBIA	9606.ENSP00000433209	9606.ENSP00000216797	0	0	0	0	0.064	0	0	0.558	0.568
GSDMD	PYCARD	9606.ENSP00000433209	9606.ENSP00000247470	0	0	0	0	0.087	0	0.720	0.783	0.939
GSDMD	CASP6	9606.ENSP00000433209	9606.ENSP00000265164	0	0	0	0	0.042	0.091	0	0.512	0.538
GSDMD	IL18	9606.ENSP00000433209	9606.ENSP00000280357	0	0	0	0	0.060	0	0.400	0.889	0.932
GSDMD	TLR3	9606.ENSP00000433209	9606.ENSP00000296795	0	0	0	0	0.054	0	0	0.636	0.641
GSDMD	FADD	9606.ENSP00000433209	9606.ENSP00000301838	0	0	0	0	0.056	0	0	0.688	0.692
GSDMD	CASP3	9606.ENSP00000433209	9606.ENSP00000311032	0	0	0	0	0.042	0.091	0.750	0.667	0.918
GSDMD	CTSB	9606.ENSP00000433209	9606.ENSP00000345672	0	0	0	0	0.047	0	0	0.453	0.457
GSDMD	CASP8	9606.ENSP00000433209	9606.ENSP00000351273	0	0	0	0	0.097	0.347	0	0.814	0.881
GSDMD	CASP4	9606.ENSP00000433209	9606.ENSP00000388566	0	0	0	0	0.155	0.943	0.900	0.738	0.998
GSDMD	CASP1	9606.ENSP00000433209	9606.ENSP00000433138	0	0	0	0	0.134	0.932	0.900	0.905	0.999
GSDMD	ACTB	9606.ENSP00000433209	9606.ENSP00000494750	0	0	0	0	0.044	0	0	0.508	0.509
HIGD1A	UQCRC1	9606.ENSP00000398064	9606.ENSP00000203407	0	0	0	0	0.100	0.417	0	0.223	0.556
HIGD1A	NDUFB7	9606.ENSP00000398064	9606.ENSP00000215565	0	0	0	0	0.308	0	0	0.179	0.408
HIGD1A	COX6A1	9606.ENSP00000398064	9606.ENSP00000229379	0	0	0	0	0.155	0.449	0	0.397	0.695
HIGD1A	COX5B	9606.ENSP00000398064	9606.ENSP00000258424	0	0	0	0	0.136	0.494	0	0.412	0.721
HIGD1A	UQCRC2	9606.ENSP00000398064	9606.ENSP00000268379	0	0	0	0	0.124	0.294	0	0.231	0.483
HIGD1A	UQCRFS1	9606.ENSP00000398064	9606.ENSP00000306397	0	0	0	0	0.199	0.127	0	0.334	0.493
HIGD1A	UQCRH	9606.ENSP00000398064	9606.ENSP00000309565	0	0	0	0	0.295	0	0	0.184	0.400
HIGD1A	CYC1	9606.ENSP00000398064	9606.ENSP00000317159	0	0	0	0	0.180	0.176	0	0.263	0.459
HIGD1A	COX5A	9606.ENSP00000398064	9606.ENSP00000317780	0	0	0	0	0.181	0	0	0.890	0.906
HIGD1A	COX14	9606.ENSP00000398064	9606.ENSP00000326052	0	0	0	0	0.163	0	0	0.470	0.537
HIGD1A	NDUFA4	9606.ENSP00000398064	9606.ENSP00000339720	0	0	0	0	0.229	0.228	0	0.631	0.761
HIGD1A	MT-CO1	9606.ENSP00000398064	9606.ENSP00000354499	0	0	0	0	0.108	0.404	0	0.253	0.568
HIGD1A	MT-CYB	9606.ENSP00000398064	9606.ENSP00000354554	0	0	0	0	0	0.294	0	0.219	0.425
HIGD1A	COA3	9606.ENSP00000398064	9606.ENSP00000354762	0	0	0	0	0.311	0	0	0.360	0.540
HIGD1A	MT-CO2	9606.ENSP00000398064	9606.ENSP00000354876	0	0	0	0	0.058	0.619	0	0.257	0.710
HIGD1A	MT-CO3	9606.ENSP00000398064	9606.ENSP00000354982	0	0	0	0	0.067	0.619	0	0.306	0.731
HIGD1A	COA6	9606.ENSP00000398064	9606.ENSP00000355574	0	0	0	0	0.114	0.312	0	0.384	0.592
HIGD1A	SDHC	9606.ENSP00000398064	9606.ENSP00000356953	0	0	0	0	0.397	0	0	0.077	0.420
HIGD1A	COX7A2	9606.ENSP00000398064	9606.ENSP00000359098	0	0	0	0	0.327	0	0	0.349	0.544
HIGD1A	SURF1	9606.ENSP00000398064	9606.ENSP00000361042	0	0	0	0	0.103	0	0	0.383	0.423
HIGD1A	SDHB	9606.ENSP00000398064	9606.ENSP00000364649	0	0	0	0	0.382	0	0	0.099	0.419
HIGD1A	SDHD	9606.ENSP00000398064	9606.ENSP00000364699	0	0	0	0	0.345	0.058	0	0.243	0.492
HIGD1A	COX7A2L	9606.ENSP00000398064	9606.ENSP00000367938	0	0	0	0	0.067	0	0	0.660	0.670
HIGD1A	UQCRQ	9606.ENSP00000398064	9606.ENSP00000367939	0	0	0	0	0.263	0	0	0.254	0.427
HIGD1A	NDUFB6	9606.ENSP00000398064	9606.ENSP00000369176	0	0	0	0	0.413	0	0	0.103	0.451
HIGD1A	NDUFA11	9606.ENSP00000398064	9606.ENSP00000389160	0	0	0	0	0.338	0	0	0.159	0.420
HIGD1A	PET117	9606.ENSP00000398064	9606.ENSP00000397881	0	0	0	0	0	0	0	0.467	0.467
HIGD1A	PET100	9606.ENSP00000398064	9606.ENSP00000470539	0	0	0	0	0.061	0	0	0.388	0.401
HIGD1A	UQCRB	9606.ENSP00000398064	9606.ENSP00000430494	0	0	0	0	0.236	0	0	0.250	0.403
HIGD1A	UQCC3	9606.ENSP00000398064	9606.ENSP00000432692	0	0	0	0	0.057	0	0	0.409	0.419
HIGD1A	COX7B	9606.ENSP00000398064	9606.ENSP00000497474	0	0	0	0	0.293	0	0	0.246	0.444
HIGD1A	NDUFB3	9606.ENSP00000398064	9606.ENSP00000407336	0	0	0	0	0.396	0	0	0.175	0.481
HIGD1A	COX6B1	9606.ENSP00000398064	9606.ENSP00000466818	0	0	0	0	0.128	0.312	0	0.379	0.595
HIGD1A	COX4I1	9606.ENSP00000398064	9606.ENSP00000457513	0	0	0	0	0.116	0.085	0	0.816	0.838
HMOX1	TNFRSF1A	9606.ENSP00000216117	9606.ENSP00000162749	0	0	0	0	0.141	0	0	0.370	0.435
HMOX1	MAP3K5	9606.ENSP00000216117	9606.ENSP00000351908	0	0	0	0	0	0	0	0.420	0.420
HMOX1	NDUFA4	9606.ENSP00000216117	9606.ENSP00000339720	0	0	0	0	0.042	0	0	0.428	0.428
HMOX1	IKBKB	9606.ENSP00000216117	9606.ENSP00000430684	0	0	0	0	0.042	0	0	0.442	0.443
HMOX1	PTEN	9606.ENSP00000216117	9606.ENSP00000361021	0	0	0	0	0	0	0	0.450	0.450
HMOX1	IL18	9606.ENSP00000216117	9606.ENSP00000280357	0	0	0	0	0.042	0	0	0.514	0.514
HMOX1	COX4I1	9606.ENSP00000216117	9606.ENSP00000457513	0	0	0	0	0.042	0	0	0.593	0.593
HMOX1	CASP1	9606.ENSP00000216117	9606.ENSP00000433138	0	0	0	0	0.074	0	0	0.584	0.598
HMOX1	TP53	9606.ENSP00000216117	9606.ENSP00000269305	0	0	0	0	0	0	0	0.630	0.630
HMOX1	CASP8	9606.ENSP00000216117	9606.ENSP00000351273	0	0	0	0	0.042	0	0	0.665	0.665
HMOX1	NFKBIA	9606.ENSP00000216117	9606.ENSP00000216797	0	0	0	0	0.057	0	0	0.669	0.675
HMOX1	CYBB	9606.ENSP00000216117	9606.ENSP00000367851	0	0	0	0	0.072	0	0	0.703	0.712
HMOX1	BAX	9606.ENSP00000216117	9606.ENSP00000293288	0	0	0	0	0.074	0	0	0.719	0.729
HMOX1	ACTB	9606.ENSP00000216117	9606.ENSP00000494750	0	0	0	0	0.048	0	0	0.783	0.785
HMOX1	JUN	9606.ENSP00000216117	9606.ENSP00000360266	0	0	0	0	0.056	0	0	0.795	0.798
HMOX1	CASP3	9606.ENSP00000216117	9606.ENSP00000311032	0	0	0	0	0.045	0	0	0.805	0.806
HMOX1	STAT3	9606.ENSP00000216117	9606.ENSP00000264657	0	0	0	0	0.056	0	0.400	0.755	0.849
IKBKB	TNFRSF1A	9606.ENSP00000430684	9606.ENSP00000162749	0	0	0	0	0.110	0.994	0.900	0.848	0.999
IKBKB	NGFR	9606.ENSP00000430684	9606.ENSP00000172229	0	0	0	0	0	0.522	0.500	0.351	0.831
IKBKB	HMOX1	9606.ENSP00000430684	9606.ENSP00000216117	0	0	0	0	0.042	0	0	0.442	0.443
IKBKB	RIPK3	9606.ENSP00000430684	9606.ENSP00000216274	0	0	0.111	0.571	0.085	0	0.500	0.212	0.637
IKBKB	NFKBIA	9606.ENSP00000430684	9606.ENSP00000216797	0	0	0	0	0.042	0.994	0.900	0.995	0.999
IKBKB	PYCARD	9606.ENSP00000430684	9606.ENSP00000247470	0	0	0	0	0.105	0.300	0.540	0.274	0.763
IKBKB	KRAS	9606.ENSP00000430684	9606.ENSP00000256078	0	0	0	0	0.081	0.110	0	0.382	0.451
IKBKB	PRKCQ	9606.ENSP00000430684	9606.ENSP00000263125	0	0	0	0.569	0	0.747	0.900	0.333	0.981
IKBKB	STAT3	9606.ENSP00000430684	9606.ENSP00000264657	0	0	0	0	0.109	0.332	0	0.612	0.749
IKBKB	TP53	9606.ENSP00000430684	9606.ENSP00000269305	0	0	0	0	0.076	0.510	0.500	0.739	0.933
IKBKB	IL18	9606.ENSP00000430684	9606.ENSP00000280357	0	0	0	0	0.056	0	0	0.480	0.488
IKBKB	TLR3	9606.ENSP00000430684	9606.ENSP00000296795	0	0	0	0	0.062	0.100	0.500	0.598	0.808
IKBKB	FADD	9606.ENSP00000430684	9606.ENSP00000301838	0	0	0	0	0.049	0	0.500	0.691	0.840
IKBKB	CASP3	9606.ENSP00000430684	9606.ENSP00000311032	0	0	0	0	0.093	0.067	0	0.598	0.631
IKBKB	CFLAR	9606.ENSP00000430684	9606.ENSP00000312455	0	0	0	0	0.074	0.067	0	0.707	0.725
IKBKB	TRADD	9606.ENSP00000430684	9606.ENSP00000341268	0	0	0	0	0.042	0.045	0.900	0.634	0.962
IKBKB	PDPK1	9606.ENSP00000430684	9606.ENSP00000344220	0	0	0	0.587	0.141	0.104	0.900	0.131	0.924
IKBKB	CASP8	9606.ENSP00000430684	9606.ENSP00000351273	0	0	0	0	0.200	0.311	0.500	0.585	0.870
IKBKB	MCL1	9606.ENSP00000430684	9606.ENSP00000358022	0	0	0	0	0.094	0	0	0.403	0.436
IKBKB	JUN	9606.ENSP00000430684	9606.ENSP00000360266	0	0	0	0	0	0.324	0	0.695	0.785
IKBKB	PTEN	9606.ENSP00000430684	9606.ENSP00000361021	0	0	0	0	0.057	0.092	0.900	0.514	0.952
IKBKB	CYBB	9606.ENSP00000430684	9606.ENSP00000367851	0	0	0	0	0.088	0.063	0	0.368	0.413
IKBKB	CD14	9606.ENSP00000430684	9606.ENSP00000385519	0	0	0	0	0.044	0	0.500	0.060	0.511
IKBKB	DAPK1	9606.ENSP00000430684	9606.ENSP00000386135	0	0	0	0.572	0.046	0.068	0	0.419	0.438
IKBKB	MAPK9	9606.ENSP00000430684	9606.ENSP00000394560	0	0	0	0.582	0.069	0.088	0	0.507	0.545
IKBKB	SPATA2	9606.ENSP00000430684	9606.ENSP00000416799	0	0	0	0	0.049	0.625	0.500	0.174	0.833
IKBKB	ACTG1	9606.ENSP00000430684	9606.ENSP00000458162	0	0	0	0	0.073	0.429	0	0.080	0.472
IKBKB	CASP1	9606.ENSP00000430684	9606.ENSP00000433138	0	0	0	0	0.090	0.067	0	0.511	0.549
IKBKB	ACTB	9606.ENSP00000430684	9606.ENSP00000494750	0	0	0	0	0.073	0.070	0	0.624	0.648
IKBKB	NDUFA6	9606.ENSP00000430684	9606.ENSP00000482543	0	0	0	0	0	0	0.113	0.877	0.886
IKBKB	TNFAIP3	9606.ENSP00000430684	9606.ENSP00000481570	0	0	0	0	0.074	0.635	0.400	0.510	0.887
IKBKB	AKT3	9606.ENSP00000430684	9606.ENSP00000500582	0	0	0	0.602	0.105	0	0.900	0.153	0.917
IL18	TNFRSF1A	9606.ENSP00000280357	9606.ENSP00000162749	0	0	0	0	0.042	0	0	0.603	0.603
IL18	HMOX1	9606.ENSP00000280357	9606.ENSP00000216117	0	0	0	0	0.042	0	0	0.514	0.514
IL18	RIPK3	9606.ENSP00000280357	9606.ENSP00000216274	0	0	0	0	0.069	0	0	0.519	0.533
IL18	NFKBIA	9606.ENSP00000280357	9606.ENSP00000216797	0	0	0	0	0.048	0	0	0.581	0.584
IL18	PYCARD	9606.ENSP00000280357	9606.ENSP00000247470	0	0	0	0	0.067	0	0.900	0.939	0.993
IL18	STAT3	9606.ENSP00000280357	9606.ENSP00000264657	0	0	0	0	0.052	0	0.500	0.624	0.806
IL18	TP53	9606.ENSP00000280357	9606.ENSP00000269305	0	0	0	0	0.094	0	0	0.479	0.507
IL18	STAT5A	9606.ENSP00000280357	9606.ENSP00000341208	0	0	0	0	0.052	0	0	0.398	0.404
IL18	MAPK9	9606.ENSP00000280357	9606.ENSP00000394560	0	0	0	0	0.074	0	0	0.390	0.410
IL18	FADD	9606.ENSP00000280357	9606.ENSP00000301838	0	0	0	0	0.047	0	0	0.419	0.422
IL18	NDUFAB1	9606.ENSP00000280357	9606.ENSP00000458770	0	0	0	0	0	0	0	0.453	0.453
IL18	IKBKB	9606.ENSP00000280357	9606.ENSP00000430684	0	0	0	0	0.056	0	0	0.480	0.488
IL18	CTSS	9606.ENSP00000280357	9606.ENSP00000357981	0	0	0	0	0.118	0	0	0.483	0.525
IL18	CYBB	9606.ENSP00000280357	9606.ENSP00000367851	0	0	0	0	0.106	0	0	0.498	0.533
IL18	ACTB	9606.ENSP00000280357	9606.ENSP00000494750	0	0	0	0	0	0	0	0.593	0.593
IL18	CTSB	9606.ENSP00000280357	9606.ENSP00000345672	0	0	0	0	0.075	0	0	0.582	0.597
IL18	CASP8	9606.ENSP00000280357	9606.ENSP00000351273	0	0	0	0	0.075	0	0	0.617	0.631
IL18	CASP3	9606.ENSP00000280357	9606.ENSP00000311032	0	0	0	0	0.061	0	0	0.631	0.639
IL18	PRF1	9606.ENSP00000280357	9606.ENSP00000398568	0	0	0	0	0	0	0	0.669	0.669
IL18	STAT4	9606.ENSP00000280357	9606.ENSP00000351255	0	0	0	0	0.054	0	0	0.788	0.791
IL18	TLR3	9606.ENSP00000280357	9606.ENSP00000296795	0	0	0	0	0.071	0	0	0.787	0.794
IL18	GSDMD	9606.ENSP00000280357	9606.ENSP00000433209	0	0	0	0	0.060	0	0.400	0.889	0.932
IL18	JUN	9606.ENSP00000280357	9606.ENSP00000360266	0	0	0	0	0	0	0.900	0.547	0.952
IL18	CASP4	9606.ENSP00000280357	9606.ENSP00000388566	0	0	0	0	0.098	0.292	0.900	0.550	0.967
IL18	CASP1	9606.ENSP00000280357	9606.ENSP00000433138	0	0	0	0	0.105	0.292	0.900	0.979	0.998
ITPR1	STAT3	9606.ENSP00000306253	9606.ENSP00000264657	0	0	0	0	0.060	0	0	0.539	0.548
ITPR1	TP53	9606.ENSP00000306253	9606.ENSP00000269305	0	0	0	0	0	0.292	0	0.349	0.519
ITPR1	CAMKK2	9606.ENSP00000306253	9606.ENSP00000312741	0	0	0	0	0.062	0	0	0.402	0.415
ITPR1	ACTB	9606.ENSP00000306253	9606.ENSP00000494750	0	0	0	0	0.062	0.060	0	0.415	0.439
ITPR1	CASP3	9606.ENSP00000306253	9606.ENSP00000311032	0	0	0	0	0.042	0	0	0.450	0.451
ITPR1	CAMK2G	9606.ENSP00000306253	9606.ENSP00000319060	0	0	0	0	0.042	0.196	0	0.481	0.565
ITPR1	PTEN	9606.ENSP00000306253	9606.ENSP00000361021	0	0	0	0	0.061	0	0	0.579	0.588
ITPR1	CAMK2A	9606.ENSP00000306253	9606.ENSP00000500386	0	0	0	0	0.074	0	0	0.600	0.613
ITPR1	MCL1	9606.ENSP00000306253	9606.ENSP00000358022	0	0	0	0	0.042	0	0	0.750	0.750
ITPR1	PRKACB	9606.ENSP00000306253	9606.ENSP00000359719	0	0	0	0	0.060	0.049	0.900	0.724	0.972
ITPR1	PRKACA	9606.ENSP00000306253	9606.ENSP00000309591	0	0	0	0	0.054	0.171	0.900	0.715	0.974
JUN	TNFRSF1A	9606.ENSP00000360266	9606.ENSP00000162749	0	0	0	0	0	0	0	0.729	0.729
JUN	NGFR	9606.ENSP00000360266	9606.ENSP00000172229	0	0	0	0	0	0	0	0.478	0.478
JUN	HMOX1	9606.ENSP00000360266	9606.ENSP00000216117	0	0	0	0	0.056	0	0	0.795	0.798
JUN	RIPK3	9606.ENSP00000360266	9606.ENSP00000216274	0	0	0	0	0	0.085	0	0.381	0.409
JUN	NFKBIA	9606.ENSP00000360266	9606.ENSP00000216797	0	0	0	0	0.235	0.292	0	0.844	0.908
JUN	KRAS	9606.ENSP00000360266	9606.ENSP00000256078	0	0	0	0	0.067	0.097	0	0.589	0.624
JUN	STAT3	9606.ENSP00000360266	9606.ENSP00000264657	0	0	0	0	0.061	0.328	0	0.993	0.995
JUN	TP53	9606.ENSP00000360266	9606.ENSP00000269305	0	0	0	0	0	0.324	0.500	0.992	0.997
JUN	TNFRSF10B	9606.ENSP00000360266	9606.ENSP00000276431	0	0	0	0	0.043	0	0	0.544	0.545
JUN	IL18	9606.ENSP00000360266	9606.ENSP00000280357	0	0	0	0	0	0	0.900	0.547	0.952
JUN	BAX	9606.ENSP00000360266	9606.ENSP00000293288	0	0	0	0	0	0	0	0.560	0.560
JUN	TLR3	9606.ENSP00000360266	9606.ENSP00000296795	0	0	0	0	0	0	0	0.535	0.535
JUN	DUSP16	9606.ENSP00000360266	9606.ENSP00000298573	0	0	0	0	0.087	0.111	0	0.477	0.539
JUN	FADD	9606.ENSP00000360266	9606.ENSP00000301838	0	0	0	0	0	0.085	0	0.526	0.547
JUN	MAP2K1	9606.ENSP00000360266	9606.ENSP00000302486	0	0	0	0	0.049	0	0	0.807	0.808
JUN	PRKACA	9606.ENSP00000360266	9606.ENSP00000309591	0	0	0	0	0	0	0.900	0.650	0.963
JUN	CASP3	9606.ENSP00000360266	9606.ENSP00000311032	0	0	0	0	0	0.046	0	0.808	0.809
JUN	CFLAR	9606.ENSP00000360266	9606.ENSP00000312455	0	0	0	0	0.042	0	0	0.538	0.538
JUN	CASP2	9606.ENSP00000360266	9606.ENSP00000312664	0	0	0	0	0	0.046	0	0.438	0.441
JUN	ULK1	9606.ENSP00000360266	9606.ENSP00000324560	0	0	0	0	0.045	0.071	0	0.380	0.402
JUN	STAT5A	9606.ENSP00000360266	9606.ENSP00000341208	0	0	0	0	0.055	0.091	0	0.701	0.721
JUN	TRADD	9606.ENSP00000360266	9606.ENSP00000341268	0	0	0	0	0	0	0	0.516	0.516
JUN	CTSB	9606.ENSP00000360266	9606.ENSP00000345672	0	0	0	0	0.113	0	0	0.593	0.623
JUN	STAT4	9606.ENSP00000360266	9606.ENSP00000351255	0	0	0	0	0.055	0.328	0	0.385	0.576
JUN	CASP8	9606.ENSP00000360266	9606.ENSP00000351273	0	0	0	0	0	0	0	0.782	0.782
JUN	MAP3K5	9606.ENSP00000360266	9606.ENSP00000351908	0	0	0	0	0	0	0	0.858	0.858
JUN	MT-ND1	9606.ENSP00000360266	9606.ENSP00000354687	0	0	0	0	0	0	0	0.409	0.409
JUN	SDHC	9606.ENSP00000360266	9606.ENSP00000356953	0	0	0	0	0	0	0	0.555	0.555
JUN	LMNA	9606.ENSP00000360266	9606.ENSP00000357283	0	0	0	0	0.072	0.131	0	0.423	0.494
JUN	CTSS	9606.ENSP00000360266	9606.ENSP00000357981	0	0	0	0	0.113	0	0	0.587	0.618
JUN	MCL1	9606.ENSP00000360266	9606.ENSP00000358022	0	0	0	0	0.101	0	0	0.634	0.656
JUN	PRKACB	9606.ENSP00000360266	9606.ENSP00000359719	0	0	0	0	0	0	0.900	0.650	0.963
JUN	SDHB	9606.ENSP00000360266	9606.ENSP00000364649	0	0	0	0	0	0.131	0	0.419	0.473
JUN	PIK3CB	9606.ENSP00000360266	9606.ENSP00000501150	0	0	0	0	0	0	0	0.508	0.508
JUN	CYBB	9606.ENSP00000360266	9606.ENSP00000367851	0	0	0	0	0.059	0	0	0.522	0.531
JUN	TNFAIP3	9606.ENSP00000360266	9606.ENSP00000481570	0	0	0	0	0.256	0	0	0.424	0.553
JUN	CASP1	9606.ENSP00000360266	9606.ENSP00000433138	0	0	0	0	0	0	0	0.592	0.592
JUN	PTEN	9606.ENSP00000360266	9606.ENSP00000361021	0	0	0	0	0	0.077	0	0.766	0.775
JUN	IKBKB	9606.ENSP00000360266	9606.ENSP00000430684	0	0	0	0	0	0.324	0	0.695	0.785
JUN	ACTB	9606.ENSP00000360266	9606.ENSP00000494750	0	0	0	0	0.048	0.150	0	0.779	0.806
JUN	AKT3	9606.ENSP00000360266	9606.ENSP00000500582	0	0	0	0	0	0.085	0.900	0.407	0.941
JUN	MAPK9	9606.ENSP00000360266	9606.ENSP00000394560	0	0	0	0	0	0.964	0.900	0.988	0.999
KRAS	NFKBIA	9606.ENSP00000256078	9606.ENSP00000216797	0	0	0	0	0.046	0.102	0	0.406	0.448
KRAS	SDHC	9606.ENSP00000256078	9606.ENSP00000356953	0	0	0	0	0.044	0.080	0	0.390	0.417
KRAS	TNFRSF10B	9606.ENSP00000256078	9606.ENSP00000276431	0	0	0	0	0	0.133	0	0.365	0.425
KRAS	PRKACA	9606.ENSP00000256078	9606.ENSP00000309591	0	0	0	0	0.058	0.129	0	0.366	0.435
KRAS	IKBKB	9606.ENSP00000256078	9606.ENSP00000430684	0	0	0	0	0.081	0.110	0	0.382	0.451
KRAS	PRKACB	9606.ENSP00000256078	9606.ENSP00000359719	0	0	0	0	0.072	0.129	0	0.397	0.471
KRAS	STAT5A	9606.ENSP00000256078	9606.ENSP00000341208	0	0	0	0	0	0.063	0	0.460	0.473
KRAS	CASP8	9606.ENSP00000256078	9606.ENSP00000351273	0	0	0	0	0.055	0.053	0	0.465	0.480
KRAS	CAMK2B	9606.ENSP00000256078	9606.ENSP00000379098	0	0	0	0	0	0	0.500	0.085	0.523
KRAS	CAMK2A	9606.ENSP00000256078	9606.ENSP00000500386	0	0	0	0	0	0	0.500	0.103	0.532
KRAS	LMNA	9606.ENSP00000256078	9606.ENSP00000357283	0	0	0	0	0.045	0	0.400	0.280	0.552
KRAS	AKT3	9606.ENSP00000256078	9606.ENSP00000500582	0	0	0	0	0.079	0.110	0	0.513	0.566
KRAS	CAMK2G	9606.ENSP00000256078	9606.ENSP00000319060	0	0	0	0	0.072	0.148	0.500	0.157	0.623
KRAS	JUN	9606.ENSP00000256078	9606.ENSP00000360266	0	0	0	0	0.067	0.097	0	0.589	0.624
KRAS	MCL1	9606.ENSP00000256078	9606.ENSP00000358022	0	0	0	0	0.064	0.148	0	0.572	0.629
KRAS	DAPK1	9606.ENSP00000256078	9606.ENSP00000386135	0	0	0	0	0.065	0.107	0	0.596	0.634
KRAS	CASP3	9606.ENSP00000256078	9606.ENSP00000311032	0	0	0	0	0.101	0.053	0	0.616	0.645
KRAS	SPTA1	9606.ENSP00000256078	9606.ENSP00000495214	0	0	0	0	0	0.170	0.500	0.267	0.669
KRAS	ACTB	9606.ENSP00000256078	9606.ENSP00000494750	0	0.001	0	0	0.079	0.100	0	0.635	0.672
KRAS	PDPK1	9606.ENSP00000256078	9606.ENSP00000344220	0	0	0	0	0.104	0.078	0.500	0.401	0.720
KRAS	PRKCQ	9606.ENSP00000256078	9606.ENSP00000263125	0	0	0	0	0.060	0.138	0.750	0.123	0.798
KRAS	STAT3	9606.ENSP00000256078	9606.ENSP00000264657	0	0	0	0	0.056	0.063	0	0.810	0.817
KRAS	MAPK9	9606.ENSP00000256078	9606.ENSP00000394560	0	0	0	0	0.103	0.145	0.900	0.262	0.935
KRAS	PTEN	9606.ENSP00000256078	9606.ENSP00000361021	0	0	0	0	0.078	0.099	0	0.930	0.936
KRAS	TP53	9606.ENSP00000256078	9606.ENSP00000269305	0	0	0	0	0.074	0	0	0.947	0.949
KRAS	PIK3CB	9606.ENSP00000256078	9606.ENSP00000501150	0	0	0	0	0.070	0.216	0.900	0.679	0.973
KRAS	MAP2K1	9606.ENSP00000256078	9606.ENSP00000302486	0	0	0	0	0.049	0.615	0.900	0.883	0.995
LMNA	NFKBIA	9606.ENSP00000357283	9606.ENSP00000216797	0	0	0	0	0.067	0.053	0	0.481	0.501
LMNA	KRAS	9606.ENSP00000357283	9606.ENSP00000256078	0	0	0	0	0.045	0	0.400	0.280	0.552
LMNA	CASP6	9606.ENSP00000357283	9606.ENSP00000265164	0	0	0	0	0.055	0.102	0.900	0.383	0.940
LMNA	TP53	9606.ENSP00000357283	9606.ENSP00000269305	0	0	0	0	0.060	0.309	0	0.542	0.676
LMNA	MAP2K1	9606.ENSP00000357283	9606.ENSP00000302486	0	0	0	0	0.049	0	0.500	0.458	0.719
LMNA	CASP3	9606.ENSP00000357283	9606.ENSP00000311032	0	0	0	0	0.060	0.102	0	0.492	0.534
LMNA	CAMK2G	9606.ENSP00000357283	9606.ENSP00000319060	0	0	0	0	0.055	0.068	0.400	0.118	0.472
LMNA	CAMK2B	9606.ENSP00000357283	9606.ENSP00000379098	0	0	0	0	0	0	0.400	0.062	0.413
LMNA	CAMK2A	9606.ENSP00000357283	9606.ENSP00000500386	0	0	0	0	0	0	0.400	0.062	0.413
LMNA	PTEN	9606.ENSP00000357283	9606.ENSP00000361021	0	0	0	0	0	0.292	0	0.305	0.486
LMNA	JUN	9606.ENSP00000357283	9606.ENSP00000360266	0	0	0	0	0.072	0.131	0	0.423	0.494
LMNA	ACTB	9606.ENSP00000357283	9606.ENSP00000494750	0	0	0	0	0.066	0.312	0	0.690	0.784
LYRM2	NDUFB9	9606.ENSP00000430025	9606.ENSP00000276689	0	0	0	0	0.049	0	0	0.520	0.524
LYRM2	SDHAF1	9606.ENSP00000430025	9606.ENSP00000368165	0	0	0	0	0.115	0	0	0.510	0.547
LYRM2	LYRM7	9606.ENSP00000430025	9606.ENSP00000368688	0	0	0	0	0.187	0	0	0.634	0.690
LYRM2	NDUFA6	9606.ENSP00000430025	9606.ENSP00000482543	0	0	0	0	0.056	0	0	0.467	0.475
LYRM2	NDUFAB1	9606.ENSP00000430025	9606.ENSP00000458770	0	0	0	0	0.049	0.781	0	0.471	0.880
LYRM7	UQCRC1	9606.ENSP00000368688	9606.ENSP00000203407	0	0	0	0	0.060	0	0	0.432	0.444
LYRM7	TTC19	9606.ENSP00000368688	9606.ENSP00000261647	0	0	0	0	0.060	0	0	0.805	0.809
LYRM7	FOXRED1	9606.ENSP00000368688	9606.ENSP00000263578	0	0	0	0	0.056	0	0	0.559	0.566
LYRM7	UQCRC2	9606.ENSP00000368688	9606.ENSP00000268379	0	0	0	0	0.093	0	0	0.554	0.579
LYRM7	NDUFB9	9606.ENSP00000368688	9606.ENSP00000276689	0	0	0	0	0.054	0	0	0.535	0.541
LYRM7	NUBPL	9606.ENSP00000368688	9606.ENSP00000281081	0	0	0	0	0.110	0	0	0.485	0.522
LYRM7	NDUFAF2	9606.ENSP00000368688	9606.ENSP00000296597	0	0	0	0	0.106	0	0	0.412	0.452
LYRM7	COX11	9606.ENSP00000368688	9606.ENSP00000299335	0	0	0	0	0.139	0.091	0	0.391	0.482
LYRM7	UQCRFS1	9606.ENSP00000368688	9606.ENSP00000306397	0	0	0	0	0.044	0.716	0	0.864	0.959
LYRM7	UQCRH	9606.ENSP00000368688	9606.ENSP00000309565	0	0	0	0	0.049	0	0	0.424	0.429
LYRM7	NDUFS8	9606.ENSP00000368688	9606.ENSP00000315774	0	0	0	0	0.042	0	0	0.407	0.407
LYRM7	CYC1	9606.ENSP00000368688	9606.ENSP00000317159	0	0	0	0	0.044	0	0	0.466	0.467
LYRM7	UQCR10	9606.ENSP00000368688	9606.ENSP00000332887	0	0	0	0	0.067	0	0	0.463	0.478
LYRM7	TMEM126B	9606.ENSP00000368688	9606.ENSP00000351737	0	0	0	0	0.126	0	0	0.374	0.430
LYRM7	MT-CYB	9606.ENSP00000368688	9606.ENSP00000354554	0	0	0	0	0	0	0	0.500	0.500
LYRM7	UQCC1	9606.ENSP00000368688	9606.ENSP00000363506	0	0	0	0	0.074	0.084	0	0.720	0.742
LYRM7	SDHB	9606.ENSP00000368688	9606.ENSP00000364649	0	0	0	0	0.056	0	0	0.451	0.460
LYRM7	UQCRQ	9606.ENSP00000368688	9606.ENSP00000367939	0	0	0	0	0.042	0	0	0.526	0.526
LYRM7	SDHAF1	9606.ENSP00000368688	9606.ENSP00000368165	0	0	0	0	0	0	0	0.727	0.727
LYRM7	NDUFS1	9606.ENSP00000368688	9606.ENSP00000392709	0	0	0	0	0.083	0	0	0.397	0.424
LYRM7	PET117	9606.ENSP00000368688	9606.ENSP00000397881	0	0	0	0	0.063	0	0	0.417	0.430
LYRM7	UQCR11	9606.ENSP00000368688	9606.ENSP00000467262	0	0	0	0	0.049	0	0	0.447	0.451
LYRM7	ATPAF1	9606.ENSP00000368688	9606.ENSP00000460964	0	0	0	0	0.183	0	0	0.357	0.452
LYRM7	ATPAF2	9606.ENSP00000368688	9606.ENSP00000417190	0	0	0	0	0.067	0	0	0.447	0.462
LYRM7	NDUFA6	9606.ENSP00000368688	9606.ENSP00000482543	0	0	0	0	0.050	0	0	0.481	0.486
LYRM7	MAPK9	9606.ENSP00000368688	9606.ENSP00000394560	0	0	0	0	0.072	0.484	0	0.069	0.515
LYRM7	COA4	9606.ENSP00000368688	9606.ENSP00000443795	0	0	0	0	0.049	0	0	0.517	0.521
LYRM7	COX18	9606.ENSP00000368688	9606.ENSP00000425261	0	0	0	0	0.266	0	0	0.448	0.578
LYRM7	UQCRB	9606.ENSP00000368688	9606.ENSP00000430494	0	0	0	0	0.143	0	0	0.558	0.605
LYRM7	UQCC2	9606.ENSP00000368688	9606.ENSP00000476140	0	0	0	0	0.049	0	0	0.621	0.624
LYRM7	LYRM2	9606.ENSP00000368688	9606.ENSP00000430025	0	0	0	0	0.187	0	0	0.634	0.690
LYRM7	UQCC3	9606.ENSP00000368688	9606.ENSP00000432692	0	0	0	0	0.054	0	0	0.718	0.722
LYRM7	BCS1L	9606.ENSP00000368688	9606.ENSP00000413908	0	0	0	0	0.056	0.156	0	0.759	0.791
LYRM7	NDUFAB1	9606.ENSP00000368688	9606.ENSP00000458770	0	0	0	0	0.064	0.633	0	0.568	0.838
MAP2K1	NFKBIA	9606.ENSP00000302486	9606.ENSP00000216797	0	0	0	0	0.055	0.046	0	0.517	0.527
MAP2K1	RRAS	9606.ENSP00000302486	9606.ENSP00000246792	0	0	0	0	0.042	0.163	0	0.443	0.514
MAP2K1	KRAS	9606.ENSP00000302486	9606.ENSP00000256078	0	0	0	0	0.049	0.615	0.900	0.883	0.995
MAP2K1	STAT3	9606.ENSP00000302486	9606.ENSP00000264657	0	0	0	0	0.105	0	0	0.645	0.669
MAP2K1	TP53	9606.ENSP00000302486	9606.ENSP00000269305	0	0	0	0	0	0	0	0.667	0.667
MAP2K1	MRAS	9606.ENSP00000302486	9606.ENSP00000289104	0	0	0	0	0	0.163	0	0.375	0.454
MAP2K1	FADD	9606.ENSP00000302486	9606.ENSP00000301838	0	0	0	0	0.100	0.161	0	0.320	0.442
MAP2K1	ACTG1	9606.ENSP00000302486	9606.ENSP00000458162	0	0	0	0	0.056	0.071	0	0.374	0.403
MAP2K1	PIK3CB	9606.ENSP00000302486	9606.ENSP00000501150	0	0	0	0	0.068	0	0	0.396	0.413
MAP2K1	CAMK2B	9606.ENSP00000302486	9606.ENSP00000379098	0	0	0	0.577	0.063	0.068	0.400	0.078	0.452
MAP2K1	CASP8	9606.ENSP00000302486	9606.ENSP00000351273	0	0	0	0	0.099	0	0	0.447	0.481
MAP2K1	CAMK2A	9606.ENSP00000302486	9606.ENSP00000500386	0	0.001	0	0.581	0.063	0.091	0.400	0.126	0.494
MAP2K1	MAP3K5	9606.ENSP00000302486	9606.ENSP00000351908	0	0	0	0.639	0.113	0	0	0.474	0.513
MAP2K1	CFLAR	9606.ENSP00000302486	9606.ENSP00000312455	0	0	0	0	0.054	0.301	0	0.337	0.523
MAP2K1	CAMK2G	9606.ENSP00000302486	9606.ENSP00000319060	0	0	0	0.597	0.062	0.104	0.400	0.207	0.547
MAP2K1	MCL1	9606.ENSP00000302486	9606.ENSP00000358022	0	0	0	0	0.104	0	0	0.518	0.550
MAP2K1	STAT5A	9606.ENSP00000302486	9606.ENSP00000341208	0	0	0	0	0.098	0	0	0.616	0.639
MAP2K1	CASP3	9606.ENSP00000302486	9606.ENSP00000311032	0	0	0	0	0.110	0	0	0.615	0.643
MAP2K1	ACTB	9606.ENSP00000302486	9606.ENSP00000494750	0	0	0	0	0.066	0.071	0	0.632	0.653
MAP2K1	LMNA	9606.ENSP00000302486	9606.ENSP00000357283	0	0	0	0	0.049	0	0.500	0.458	0.719
MAP2K1	PTEN	9606.ENSP00000302486	9606.ENSP00000361021	0	0	0	0	0.057	0.100	0	0.775	0.792
MAP2K1	JUN	9606.ENSP00000302486	9606.ENSP00000360266	0	0	0	0	0.049	0	0	0.807	0.808
MAP2K1	PRKACB	9606.ENSP00000302486	9606.ENSP00000359719	0	0	0	0.630	0	0.091	0.900	0.243	0.925
MAP2K1	PRKACA	9606.ENSP00000302486	9606.ENSP00000309591	0	0	0.096	0.655	0.060	0.091	0.900	0.232	0.929
MAP2K1	MAPK9	9606.ENSP00000302486	9606.ENSP00000394560	0	0	0	0.587	0.087	0	0.900	0.309	0.931
MAP3K5	RB1CC1	9606.ENSP00000351908	9606.ENSP00000025008	0	0	0	0	0.050	0.301	0	0.879	0.912
MAP3K5	TNFRSF1A	9606.ENSP00000351908	9606.ENSP00000162749	0	0	0	0	0.080	0	0	0.664	0.678
MAP3K5	HMOX1	9606.ENSP00000351908	9606.ENSP00000216117	0	0	0	0	0	0	0	0.420	0.420
MAP3K5	NFKBIA	9606.ENSP00000351908	9606.ENSP00000216797	0	0	0	0	0.088	0	0	0.418	0.446
MAP3K5	STAT3	9606.ENSP00000351908	9606.ENSP00000264657	0	0	0	0	0.117	0	0	0.791	0.807
MAP3K5	TP53	9606.ENSP00000351908	9606.ENSP00000269305	0	0	0	0	0	0	0	0.597	0.597
MAP3K5	TNFRSF10B	9606.ENSP00000351908	9606.ENSP00000276431	0	0	0	0	0	0	0	0.417	0.416
MAP3K5	BAX	9606.ENSP00000351908	9606.ENSP00000293288	0	0	0	0	0.052	0	0	0.658	0.662
MAP3K5	DUSP16	9606.ENSP00000351908	9606.ENSP00000298573	0	0	0	0	0	0	0	0.426	0.426
MAP3K5	FADD	9606.ENSP00000351908	9606.ENSP00000301838	0	0	0	0	0.087	0.058	0	0.703	0.722
MAP3K5	MAP2K1	9606.ENSP00000351908	9606.ENSP00000302486	0	0	0	0.639	0.113	0	0	0.474	0.513
MAP3K5	PRKACA	9606.ENSP00000351908	9606.ENSP00000309591	0	0	0	0.668	0	0	0.900	0.130	0.909
MAP3K5	CASP3	9606.ENSP00000351908	9606.ENSP00000311032	0	0	0	0	0.113	0	0	0.674	0.699
MAP3K5	CFLAR	9606.ENSP00000351908	9606.ENSP00000312455	0	0	0	0	0.161	0.292	0	0.460	0.651
MAP3K5	TRADD	9606.ENSP00000351908	9606.ENSP00000341268	0	0	0	0	0.067	0	0	0.448	0.462
MAP3K5	PDPK1	9606.ENSP00000351908	9606.ENSP00000344220	0	0	0	0.589	0.049	0	0	0.443	0.447
MAP3K5	CASP8	9606.ENSP00000351908	9606.ENSP00000351273	0	0	0	0	0.107	0	0	0.776	0.792
MAP3K5	ACTB	9606.ENSP00000351908	9606.ENSP00000494750	0	0	0	0	0	0	0	0.447	0.447
MAP3K5	MCL1	9606.ENSP00000351908	9606.ENSP00000358022	0	0	0	0	0.104	0	0	0.411	0.449
MAP3K5	PTEN	9606.ENSP00000351908	9606.ENSP00000361021	0	0	0	0	0.067	0	0	0.464	0.479
MAP3K5	CASP4	9606.ENSP00000351908	9606.ENSP00000388566	0	0	0	0	0.128	0	0	0.435	0.486
MAP3K5	CASP1	9606.ENSP00000351908	9606.ENSP00000433138	0	0	0	0	0.173	0	0	0.448	0.524
MAP3K5	CYBB	9606.ENSP00000351908	9606.ENSP00000367851	0	0	0	0	0.108	0	0	0.644	0.669
MAP3K5	TNFAIP3	9606.ENSP00000351908	9606.ENSP00000481570	0	0	0	0	0.126	0.510	0	0.487	0.761
MAP3K5	JUN	9606.ENSP00000351908	9606.ENSP00000360266	0	0	0	0	0	0	0	0.858	0.858
MAP3K5	PRKACB	9606.ENSP00000351908	9606.ENSP00000359719	0	0	0	0.644	0.049	0	0.900	0.135	0.910
MAP3K5	AKT3	9606.ENSP00000351908	9606.ENSP00000500582	0	0	0	0.614	0	0.071	0.900	0.128	0.911
MAP3K5	MAPK9	9606.ENSP00000351908	9606.ENSP00000394560	0	0	0	0.607	0.060	0	0.900	0.342	0.932
MAPK9	NFKBIA	9606.ENSP00000394560	9606.ENSP00000216797	0	0	0	0	0	0.072	0	0.660	0.671
MAPK9	KRAS	9606.ENSP00000394560	9606.ENSP00000256078	0	0	0	0	0.103	0.145	0.900	0.262	0.935
MAPK9	PRKCQ	9606.ENSP00000394560	9606.ENSP00000263125	0	0	0	0.604	0	0.096	0.900	0.091	0.910
MAPK9	STAT3	9606.ENSP00000394560	9606.ENSP00000264657	0	0	0	0	0.044	0.292	0	0.424	0.576
MAPK9	TP53	9606.ENSP00000394560	9606.ENSP00000269305	0	0	0	0	0.080	0.641	0.900	0.527	0.982
MAPK9	IL18	9606.ENSP00000394560	9606.ENSP00000280357	0	0	0	0	0.074	0	0	0.390	0.410
MAPK9	DUSP16	9606.ENSP00000394560	9606.ENSP00000298573	0	0	0	0	0.075	0.682	0.900	0.552	0.985
MAPK9	MAP2K1	9606.ENSP00000394560	9606.ENSP00000302486	0	0	0	0.587	0.087	0	0.900	0.309	0.931
MAPK9	CASP3	9606.ENSP00000394560	9606.ENSP00000311032	0	0	0	0	0.044	0.292	0	0.694	0.775
MAPK9	STAT4	9606.ENSP00000394560	9606.ENSP00000351255	0	0	0	0	0.042	0	0	0.441	0.442
MAPK9	CASP8	9606.ENSP00000394560	9606.ENSP00000351273	0	0	0	0	0	0	0	0.613	0.613
MAPK9	MAP3K5	9606.ENSP00000394560	9606.ENSP00000351908	0	0	0	0.607	0.060	0	0.900	0.342	0.932
MAPK9	JUN	9606.ENSP00000394560	9606.ENSP00000360266	0	0	0	0	0	0.964	0.900	0.988	0.999
MAPK9	PTEN	9606.ENSP00000394560	9606.ENSP00000361021	0	0	0	0	0.067	0.114	0	0.369	0.434
MAPK9	LYRM7	9606.ENSP00000394560	9606.ENSP00000368688	0	0	0	0	0.072	0.484	0	0.069	0.515
MAPK9	CASP4	9606.ENSP00000394560	9606.ENSP00000388566	0	0	0	0	0.042	0	0	0.466	0.467
MAPK9	ACTB	9606.ENSP00000394560	9606.ENSP00000494750	0	0	0	0	0.072	0	0	0.482	0.499
MAPK9	IKBKB	9606.ENSP00000394560	9606.ENSP00000430684	0	0	0	0.582	0.069	0.088	0	0.507	0.545
MAPK9	CASP1	9606.ENSP00000394560	9606.ENSP00000433138	0	0	0	0	0.042	0	0	0.555	0.556
MCL1	TNFRSF1A	9606.ENSP00000358022	9606.ENSP00000162749	0	0	0	0	0.145	0.190	0	0.447	0.584
MCL1	NFKBIA	9606.ENSP00000358022	9606.ENSP00000216797	0	0	0	0	0.215	0.045	0	0.480	0.576
MCL1	KRAS	9606.ENSP00000358022	9606.ENSP00000256078	0	0	0	0	0.064	0.148	0	0.572	0.629
MCL1	STAT3	9606.ENSP00000358022	9606.ENSP00000264657	0	0	0	0	0.169	0.056	0.500	0.737	0.883
MCL1	CASP6	9606.ENSP00000358022	9606.ENSP00000265164	0	0	0	0	0.068	0.125	0	0.538	0.590
MCL1	TP53	9606.ENSP00000358022	9606.ENSP00000269305	0	0	0	0	0.055	0.311	0	0.884	0.918
MCL1	TNFRSF10B	9606.ENSP00000358022	9606.ENSP00000276431	0	0	0	0	0.133	0	0	0.674	0.705
MCL1	BAX	9606.ENSP00000358022	9606.ENSP00000293288	0	0	0	0.618	0.049	0.987	0.900	0.915	0.999
MCL1	FADD	9606.ENSP00000358022	9606.ENSP00000301838	0	0	0	0	0.042	0	0	0.595	0.595
MCL1	MAP2K1	9606.ENSP00000358022	9606.ENSP00000302486	0	0	0	0	0.104	0	0	0.518	0.550
MCL1	ITPR1	9606.ENSP00000358022	9606.ENSP00000306253	0	0	0	0	0.042	0	0	0.750	0.750
MCL1	CASP3	9606.ENSP00000358022	9606.ENSP00000311032	0	0	0	0	0.091	0.354	0	0.861	0.911
MCL1	CFLAR	9606.ENSP00000358022	9606.ENSP00000312455	0	0	0	0	0.175	0.125	0	0.734	0.791
MCL1	CASP2	9606.ENSP00000358022	9606.ENSP00000312664	0	0	0	0	0.070	0.125	0	0.547	0.600
MCL1	STAT5A	9606.ENSP00000358022	9606.ENSP00000341208	0	0	0	0	0.121	0.056	0	0.584	0.625
MCL1	TRADD	9606.ENSP00000358022	9606.ENSP00000341268	0	0	0	0	0.051	0	0	0.399	0.406
MCL1	CASP8	9606.ENSP00000358022	9606.ENSP00000351273	0	0	0	0	0.158	0.125	0	0.753	0.802
MCL1	MAP3K5	9606.ENSP00000358022	9606.ENSP00000351908	0	0	0	0	0.104	0	0	0.411	0.449
MCL1	CTSS	9606.ENSP00000358022	9606.ENSP00000357981	0	0	0	0	0.164	0	0	0.400	0.478
MCL1	IKBKB	9606.ENSP00000358022	9606.ENSP00000430684	0	0	0	0	0.094	0	0	0.403	0.436
MCL1	CASP4	9606.ENSP00000358022	9606.ENSP00000388566	0	0	0	0	0.129	0.125	0	0.346	0.458
MCL1	CASP1	9606.ENSP00000358022	9606.ENSP00000433138	0	0	0	0	0.127	0.125	0	0.430	0.527
MCL1	COX4I1	9606.ENSP00000358022	9606.ENSP00000457513	0	0	0	0	0.044	0.292	0	0.431	0.582
MCL1	JUN	9606.ENSP00000358022	9606.ENSP00000360266	0	0	0	0	0.101	0	0	0.634	0.656
MCL1	PTEN	9606.ENSP00000358022	9606.ENSP00000361021	0	0	0	0	0.061	0.057	0	0.753	0.763
MCL1	ACTB	9606.ENSP00000358022	9606.ENSP00000494750	0	0	0	0	0.099	0.292	0	0.666	0.768
MR1	MT-ATP6	9606.ENSP00000477563	9606.ENSP00000354632	0	0	0	0	0	0.400	0	0	0.400
MRAS	MAP2K1	9606.ENSP00000289104	9606.ENSP00000302486	0	0	0	0	0	0.163	0	0.375	0.454
MRAS	PIK3CB	9606.ENSP00000289104	9606.ENSP00000501150	0	0	0	0	0.061	0.504	0.900	0.271	0.961
MT-ATP6	COX15	9606.ENSP00000354632	9606.ENSP00000016171	0	0	0	0	0.075	0	0	0.715	0.725
MT-ATP6	UQCRC1	9606.ENSP00000354632	9606.ENSP00000203407	0	0	0	0	0.068	0	0	0.419	0.435
MT-ATP6	COX6A1	9606.ENSP00000354632	9606.ENSP00000229379	0	0	0	0	0.070	0	0	0.490	0.505
MT-ATP6	NDUFS7	9606.ENSP00000354632	9606.ENSP00000233627	0.104	0	0	0	0.420	0	0	0.620	0.785
MT-ATP6	NDUFA2	9606.ENSP00000354632	9606.ENSP00000252102	0	0	0	0	0.273	0	0	0.476	0.602
MT-ATP6	TACO1	9606.ENSP00000354632	9606.ENSP00000258975	0.115	0	0	0	0.108	0	0	0.551	0.614
MT-ATP6	FOXRED1	9606.ENSP00000354632	9606.ENSP00000263578	0	0	0	0	0.044	0	0	0.519	0.520
MT-ATP6	NDUFS3	9606.ENSP00000354632	9606.ENSP00000263774	0.184	0	0	0	0.292	0	0	0.691	0.805
MT-ATP6	SDHA	9606.ENSP00000354632	9606.ENSP00000264932	0	0	0	0	0.086	0	0	0.731	0.743
MT-ATP6	NDUFA9	9606.ENSP00000354632	9606.ENSP00000266544	0	0	0	0	0.184	0	0	0.418	0.505
MT-ATP6	UQCRC2	9606.ENSP00000354632	9606.ENSP00000268379	0	0	0	0	0.075	0	0	0.499	0.516
MT-ATP6	NDUFAF2	9606.ENSP00000354632	9606.ENSP00000296597	0	0	0	0	0.080	0	0	0.449	0.471
MT-ATP6	NDUFS4	9606.ENSP00000354632	9606.ENSP00000296684	0	0	0	0	0.247	0	0	0.579	0.669
MT-ATP6	NDUFB8	9606.ENSP00000354632	9606.ENSP00000299166	0	0	0	0	0.253	0	0	0.693	0.760
MT-ATP6	COX11	9606.ENSP00000354632	9606.ENSP00000299335	0	0	0	0	0	0	0	0.580	0.580
MT-ATP6	UQCRFS1	9606.ENSP00000354632	9606.ENSP00000306397	0	0	0	0	0.594	0	0	0.791	0.911
MT-ATP6	TMEM70	9606.ENSP00000354632	9606.ENSP00000312599	0	0	0	0	0.056	0	0	0.789	0.792
MT-ATP6	ACAD9	9606.ENSP00000354632	9606.ENSP00000312618	0	0	0	0	0.063	0.422	0	0.330	0.605
MT-ATP6	NDUFS8	9606.ENSP00000354632	9606.ENSP00000315774	0.098	0	0	0	0.214	0	0	0.654	0.733
MT-ATP6	CYC1	9606.ENSP00000354632	9606.ENSP00000317159	0	0	0	0	0.141	0	0	0.461	0.517
MT-ATP6	COX5A	9606.ENSP00000354632	9606.ENSP00000317780	0	0	0	0	0.111	0	0	0.424	0.466
MT-ATP6	COX8A	9606.ENSP00000354632	9606.ENSP00000321260	0	0	0	0	0	0	0	0.520	0.520
MT-ATP6	NDUFV2	9606.ENSP00000354632	9606.ENSP00000327268	0.042	0	0	0	0.234	0	0	0.493	0.595
MT-ATP6	MT-CO1	9606.ENSP00000354632	9606.ENSP00000354499	0	0	0	0	0.972	0.092	0	0.946	0.998
MT-ATP6	MT-CYB	9606.ENSP00000354632	9606.ENSP00000354554	0	0	0	0	0.999	0	0	0.972	0.999
MT-ATP6	MR1	9606.ENSP00000354632	9606.ENSP00000477563	0	0	0	0	0	0.400	0	0	0.400
MT-ATP6	NDUFA13	9606.ENSP00000354632	9606.ENSP00000423673	0	0	0	0	0.245	0	0	0.240	0.402
MT-ATP6	COA6	9606.ENSP00000354632	9606.ENSP00000355574	0	0	0	0	0.070	0	0	0.411	0.429
MT-ATP6	UQCRB	9606.ENSP00000354632	9606.ENSP00000430494	0	0	0	0	0.111	0	0	0.388	0.432
MT-ATP6	COX6B1	9606.ENSP00000354632	9606.ENSP00000466818	0	0	0	0	0.068	0	0	0.460	0.475
MT-ATP6	SDHD	9606.ENSP00000354632	9606.ENSP00000364699	0	0	0	0	0.109	0	0	0.465	0.502
MT-ATP6	NDUFAF5	9606.ENSP00000354632	9606.ENSP00000367346	0	0	0	0	0.056	0	0	0.497	0.504
MT-ATP6	NDUFAF6	9606.ENSP00000354632	9606.ENSP00000379430	0	0	0	0	0	0	0	0.535	0.535
MT-ATP6	COX4I1	9606.ENSP00000354632	9606.ENSP00000457513	0	0	0	0	0.157	0	0	0.501	0.561
MT-ATP6	SDHC	9606.ENSP00000354632	9606.ENSP00000356953	0	0	0	0	0.171	0	0	0.529	0.593
MT-ATP6	ATPAF1	9606.ENSP00000354632	9606.ENSP00000460964	0	0	0	0	0.049	0	0	0.623	0.626
MT-ATP6	COX18	9606.ENSP00000354632	9606.ENSP00000425261	0.120	0	0	0	0.184	0.128	0	0.479	0.630
MT-ATP6	DMAC2L	9606.ENSP00000354632	9606.ENSP00000451583	0	0	0	0	0.083	0	0.540	0.281	0.670
MT-ATP6	SDHB	9606.ENSP00000354632	9606.ENSP00000364649	0	0	0	0	0.276	0	0	0.579	0.682
MT-ATP6	NDUFS2	9606.ENSP00000354632	9606.ENSP00000356972	0.165	0	0	0	0.281	0	0	0.521	0.687
MT-ATP6	NDUFV1	9606.ENSP00000354632	9606.ENSP00000497587	0.052	0	0	0	0.228	0	0	0.634	0.709
MT-ATP6	NDUFS1	9606.ENSP00000354632	9606.ENSP00000392709	0	0	0	0	0.194	0	0	0.661	0.715
MT-ATP6	BCS1L	9606.ENSP00000354632	9606.ENSP00000413908	0	0	0	0	0.123	0.088	0	0.700	0.739
MT-ATP6	SURF1	9606.ENSP00000354632	9606.ENSP00000361042	0	0	0	0	0.107	0	0	0.764	0.780
MT-ATP6	ATPAF2	9606.ENSP00000354632	9606.ENSP00000417190	0	0	0	0	0.047	0	0	0.844	0.845
MT-ATP6	MT-ND4	9606.ENSP00000354632	9606.ENSP00000354961	0.214	0	0.213	0	0.999	0	0	0.962	0.999
MT-ATP6	MT-ATP8	9606.ENSP00000354632	9606.ENSP00000355265	0	0	0	0	0.372	0.957	0.967	0.999	0.999
MT-ATP6	MT-ND5	9606.ENSP00000354632	9606.ENSP00000354813	0.119	0	0	0	0.999	0	0	0.971	0.999
MT-ATP6	MT-CO2	9606.ENSP00000354632	9606.ENSP00000354876	0	0	0	0	0.999	0	0	0.919	0.999
MT-ATP6	MT-ND1	9606.ENSP00000354632	9606.ENSP00000354687	0.189	0	0	0	0.999	0	0	0.956	0.999
MT-ATP6	MT-ND2	9606.ENSP00000354632	9606.ENSP00000355046	0.119	0	0	0	0.999	0	0	0.967	0.999
MT-ATP6	MT-CO3	9606.ENSP00000354632	9606.ENSP00000354982	0	0	0.200	0	0.999	0.954	0	0.978	0.999
MT-ATP8	UQCRC2	9606.ENSP00000355265	9606.ENSP00000268379	0	0	0	0	0.067	0	0	0.407	0.423
MT-ATP8	NDUFB8	9606.ENSP00000355265	9606.ENSP00000299166	0	0	0	0	0.067	0	0	0.385	0.401
MT-ATP8	TMEM70	9606.ENSP00000355265	9606.ENSP00000312599	0	0	0	0	0.049	0	0	0.875	0.876
MT-ATP8	NDUFV3	9606.ENSP00000355265	9606.ENSP00000346196	0	0	0	0	0.097	0	0	0.369	0.406
MT-ATP8	MT-CO1	9606.ENSP00000355265	9606.ENSP00000354499	0	0	0	0	0.172	0	0	0.881	0.897
MT-ATP8	MT-CYB	9606.ENSP00000355265	9606.ENSP00000354554	0	0	0	0	0.297	0	0	0.922	0.943
MT-ATP8	MT-ATP6	9606.ENSP00000355265	9606.ENSP00000354632	0	0	0	0	0.372	0.957	0.967	0.999	0.999
MT-ATP8	MT-ND1	9606.ENSP00000355265	9606.ENSP00000354687	0	0	0	0	0.358	0	0	0.889	0.925
MT-ATP8	MT-ND5	9606.ENSP00000355265	9606.ENSP00000354813	0	0	0	0	0.350	0	0	0.958	0.971
MT-ATP8	MT-CO2	9606.ENSP00000355265	9606.ENSP00000354876	0	0	0	0	0.323	0	0	0.913	0.938
MT-ATP8	MT-ND4	9606.ENSP00000355265	9606.ENSP00000354961	0	0	0	0	0.327	0	0	0.958	0.970
MT-ATP8	MT-CO3	9606.ENSP00000355265	9606.ENSP00000354982	0	0	0	0	0.260	0	0	0.945	0.957
MT-ATP8	MT-ND2	9606.ENSP00000355265	9606.ENSP00000355046	0	0	0	0	0.400	0	0	0.920	0.950
MT-ATP8	NDUFA6	9606.ENSP00000355265	9606.ENSP00000482543	0	0	0	0	0.054	0	0	0.424	0.432
MT-ATP8	ATPAF1	9606.ENSP00000355265	9606.ENSP00000460964	0	0	0	0	0.047	0	0	0.652	0.654
MT-ATP8	DMAC2L	9606.ENSP00000355265	9606.ENSP00000451583	0	0	0	0	0.055	0	0.540	0.299	0.669
MT-ATP8	ATPAF2	9606.ENSP00000355265	9606.ENSP00000417190	0	0	0	0	0.049	0	0	0.878	0.879
MT-CO1	COX15	9606.ENSP00000354499	9606.ENSP00000016171	0.231	0	0	0	0.270	0	0.944	0.798	0.992
MT-CO1	TIMM21	9606.ENSP00000354499	9606.ENSP00000169551	0	0	0	0	0.049	0.329	0	0.190	0.439
MT-CO1	NDUFB4	9606.ENSP00000354499	9606.ENSP00000184266	0	0	0	0	0.143	0.830	0	0.172	0.869
MT-CO1	UQCRC1	9606.ENSP00000354499	9606.ENSP00000203407	0.057	0	0	0	0.063	0.966	0.594	0.702	0.995
MT-CO1	NDUFB7	9606.ENSP00000354499	9606.ENSP00000215565	0	0	0	0	0.185	0.830	0	0.184	0.877
MT-CO1	COX6A1	9606.ENSP00000354499	9606.ENSP00000229379	0	0	0	0	0.058	0.987	0.800	0.634	0.999
MT-CO1	NDUFS7	9606.ENSP00000354499	9606.ENSP00000233627	0	0	0	0	0.191	0.841	0.585	0.626	0.977
MT-CO1	NDUFA2	9606.ENSP00000354499	9606.ENSP00000252102	0	0	0	0	0.140	0.830	0	0.202	0.873
MT-CO1	NDUFA10	9606.ENSP00000354499	9606.ENSP00000252711	0	0	0	0	0.058	0.844	0	0.430	0.909
MT-CO1	SCO1	9606.ENSP00000354499	9606.ENSP00000255390	0.120	0	0	0	0.285	0	0.792	0.827	0.974
MT-CO1	COX5B	9606.ENSP00000354499	9606.ENSP00000258424	0	0	0	0	0.167	0.993	0.935	0.781	0.999
MT-CO1	TACO1	9606.ENSP00000354499	9606.ENSP00000258975	0	0	0	0	0.049	0	0	0.812	0.813
MT-CO1	NDUFB5	9606.ENSP00000354499	9606.ENSP00000259037	0	0	0	0	0.080	0.830	0	0.233	0.869
MT-CO1	COX17	9606.ENSP00000354499	9606.ENSP00000261070	0	0	0	0	0.044	0	0	0.493	0.495
MT-CO1	NDUFS3	9606.ENSP00000354499	9606.ENSP00000263774	0	0	0	0	0.458	0.830	0.809	0.670	0.993
MT-CO1	SDHA	9606.ENSP00000354499	9606.ENSP00000264932	0	0	0	0	0.613	0.071	0.809	0.776	0.982
MT-CO1	NDUFA9	9606.ENSP00000354499	9606.ENSP00000266544	0	0	0	0	0.108	0.895	0.433	0.733	0.984
MT-CO1	UQCRC2	9606.ENSP00000354499	9606.ENSP00000268379	0.057	0	0	0	0.067	0.982	0.913	0.978	0.999
MT-CO1	NDUFB10	9606.ENSP00000354499	9606.ENSP00000268668	0	0	0	0	0.183	0.830	0	0.216	0.881
MT-CO1	NDUFS6	9606.ENSP00000354499	9606.ENSP00000274137	0	0	0	0	0.097	0.830	0	0.246	0.874
MT-CO1	NDUFB11	9606.ENSP00000354499	9606.ENSP00000276062	0	0	0	0	0.101	0.830	0	0.201	0.867
MT-CO1	NDUFB9	9606.ENSP00000354499	9606.ENSP00000276689	0	0	0	0	0.163	0.830	0	0.241	0.882
MT-CO1	NDUFC2	9606.ENSP00000354499	9606.ENSP00000281031	0	0	0	0	0.127	0.824	0	0.125	0.854
MT-CO1	COX7A1	9606.ENSP00000354499	9606.ENSP00000292907	0	0	0	0	0	0.955	0.360	0.330	0.979
MT-CO1	NDUFS4	9606.ENSP00000354499	9606.ENSP00000296684	0	0	0	0	0.138	0.830	0	0.570	0.931
MT-CO1	NDUFB8	9606.ENSP00000354499	9606.ENSP00000299166	0	0	0	0	0.108	0.874	0	0.892	0.986
MT-CO1	COX11	9606.ENSP00000354499	9606.ENSP00000299335	0.231	0	0	0	0.515	0	0.802	0.572	0.964
MT-CO1	NDUFA7	9606.ENSP00000354499	9606.ENSP00000301457	0	0	0	0	0.075	0.812	0	0.208	0.850
MT-CO1	UQCRFS1	9606.ENSP00000354499	9606.ENSP00000306397	0.231	0	0	0	0.645	0.991	0.980	0.796	0.999
MT-CO1	UQCRH	9606.ENSP00000354499	9606.ENSP00000309565	0	0	0	0	0.168	0.961	0.598	0.251	0.988
MT-CO1	NDUFS8	9606.ENSP00000354499	9606.ENSP00000315774	0	0	0	0	0.175	0.830	0.809	0.565	0.986
MT-CO1	CYC1	9606.ENSP00000354499	9606.ENSP00000317159	0.231	0	0	0	0.338	0.991	0.908	0.531	0.999
MT-CO1	COX5A	9606.ENSP00000354499	9606.ENSP00000317780	0	0	0	0	0.109	0.990	0.967	0.830	0.999
MT-CO1	COX8A	9606.ENSP00000354499	9606.ENSP00000321260	0	0	0	0	0	0.900	0.800	0.574	0.990
MT-CO1	COX14	9606.ENSP00000354499	9606.ENSP00000326052	0	0	0	0	0	0.510	0	0.431	0.709
MT-CO1	NDUFV2	9606.ENSP00000354499	9606.ENSP00000327268	0	0	0	0	0.289	0.830	0.809	0.520	0.987
MT-CO1	NDUFA12	9606.ENSP00000354499	9606.ENSP00000330737	0	0	0	0	0.103	0.830	0	0.242	0.874
MT-CO1	UQCR10	9606.ENSP00000354499	9606.ENSP00000332887	0	0	0	0	0.097	0.977	0.602	0.314	0.993
MT-CO1	NDUFA4	9606.ENSP00000354499	9606.ENSP00000339720	0	0	0	0	0.116	0.900	0.900	0.367	0.993
MT-CO1	NDUFV3	9606.ENSP00000354499	9606.ENSP00000346196	0	0	0	0	0.056	0.812	0	0.174	0.840
MT-CO1	SDHD	9606.ENSP00000354499	9606.ENSP00000364699	0	0	0	0	0.163	0	0	0.366	0.446
MT-CO1	COX18	9606.ENSP00000354499	9606.ENSP00000425261	0	0	0	0	0.129	0.085	0	0.411	0.489
MT-CO1	HIGD1A	9606.ENSP00000354499	9606.ENSP00000398064	0	0	0	0	0.108	0.404	0	0.253	0.568
MT-CO1	ACTB	9606.ENSP00000354499	9606.ENSP00000494750	0	0	0	0	0.120	0	0	0.531	0.570
MT-CO1	NDUFB2	9606.ENSP00000354499	9606.ENSP00000419087	0	0	0	0	0	0.800	0	0.077	0.807
MT-CO1	NDUFC1	9606.ENSP00000354499	9606.ENSP00000441126	0	0	0	0	0	0.811	0	0.152	0.833
MT-CO1	NDUFA3	9606.ENSP00000354499	9606.ENSP00000418438	0	0	0	0	0.125	0.830	0	0.134	0.860
MT-CO1	NDUFA11	9606.ENSP00000354499	9606.ENSP00000389160	0	0	0	0	0.147	0.824	0	0.159	0.863
MT-CO1	NDUFB1	9606.ENSP00000354499	9606.ENSP00000483888	0	0	0	0	0.101	0.830	0	0.181	0.864
MT-CO1	COA3	9606.ENSP00000354499	9606.ENSP00000354762	0	0	0	0	0.103	0.693	0	0.557	0.867
MT-CO1	NDUFB3	9606.ENSP00000354499	9606.ENSP00000407336	0	0	0	0	0.146	0.830	0	0.181	0.870
MT-CO1	NDUFA1	9606.ENSP00000354499	9606.ENSP00000360492	0	0	0	0	0	0.830	0	0.284	0.873
MT-CO1	SURF1	9606.ENSP00000354499	9606.ENSP00000361042	0.120	0	0	0	0.317	0.144	0	0.783	0.873
MT-CO1	BCS1L	9606.ENSP00000354499	9606.ENSP00000413908	0	0	0	0	0.060	0	0.720	0.563	0.874
MT-CO1	NDUFS5	9606.ENSP00000354499	9606.ENSP00000362058	0	0	0	0	0.139	0.830	0	0.241	0.879
MT-CO1	NDUFA6	9606.ENSP00000354499	9606.ENSP00000482543	0	0	0	0	0.138	0.830	0	0.272	0.884
MT-CO1	NDUFA8	9606.ENSP00000354499	9606.ENSP00000362873	0	0	0	0	0.250	0.830	0	0.192	0.888
MT-CO1	NDUFAB1	9606.ENSP00000354499	9606.ENSP00000458770	0	0	0	0	0.111	0.855	0	0.219	0.891
MT-CO1	NDUFA13	9606.ENSP00000354499	9606.ENSP00000423673	0	0	0	0	0.174	0.830	0	0.306	0.894
MT-CO1	NDUFA5	9606.ENSP00000354499	9606.ENSP00000417142	0	0	0	0	0.256	0.830	0	0.234	0.894
MT-CO1	MT-ATP8	9606.ENSP00000354499	9606.ENSP00000355265	0	0	0	0	0.172	0	0	0.881	0.897
MT-CO1	COA6	9606.ENSP00000354499	9606.ENSP00000355574	0	0	0	0	0.067	0.748	0.360	0.432	0.903
MT-CO1	NDUFB6	9606.ENSP00000354499	9606.ENSP00000369176	0	0	0	0	0.221	0.830	0	0.368	0.909
MT-CO1	SDHC	9606.ENSP00000354499	9606.ENSP00000356953	0	0	0	0	0.566	0	0.809	0.458	0.951
MT-CO1	COX7A2	9606.ENSP00000354499	9606.ENSP00000359098	0	0	0	0	0.125	0.900	0.540	0.315	0.968
MT-CO1	SCO2	9606.ENSP00000354499	9606.ENSP00000444433	0.120	0	0	0	0.267	0	0.792	0.796	0.969
MT-CO1	COX7A2L	9606.ENSP00000354499	9606.ENSP00000367938	0	0	0	0	0.049	0.797	0.800	0.313	0.969
MT-CO1	UQCR11	9606.ENSP00000354499	9606.ENSP00000467262	0	0	0	0	0	0.923	0.540	0.300	0.973
MT-CO1	NDUFS1	9606.ENSP00000354499	9606.ENSP00000392709	0	0	0	0	0.177	0.830	0.809	0.617	0.988
MT-CO1	NDUFV1	9606.ENSP00000354499	9606.ENSP00000497587	0	0	0	0	0.250	0.830	0.809	0.667	0.990
MT-CO1	NDUFS2	9606.ENSP00000354499	9606.ENSP00000356972	0	0	0	0	0.386	0.830	0.809	0.560	0.990
MT-CO1	SDHB	9606.ENSP00000354499	9606.ENSP00000364649	0	0	0	0	0.653	0	0.809	0.876	0.991
MT-CO1	COX7B	9606.ENSP00000354499	9606.ENSP00000497474	0	0	0	0	0	0.959	0.800	0.493	0.995
MT-CO1	UQCRB	9606.ENSP00000354499	9606.ENSP00000430494	0	0	0	0	0.181	0.973	0.602	0.584	0.995
MT-CO1	UQCRQ	9606.ENSP00000354499	9606.ENSP00000367939	0	0	0	0	0.110	0.988	0.602	0.330	0.996
MT-CO1	COX6C	9606.ENSP00000354499	9606.ENSP00000429707	0	0	0	0	0.140	0.959	0.935	0.499	0.998
MT-CO1	MT-ATP6	9606.ENSP00000354499	9606.ENSP00000354632	0	0	0	0	0.972	0.092	0	0.946	0.998
MT-CO1	COX6B1	9606.ENSP00000354499	9606.ENSP00000466818	0	0	0	0	0.064	0.976	0.800	0.725	0.998
MT-CO1	MT-ND4	9606.ENSP00000354499	9606.ENSP00000354961	0	0	0	0	0.999	0.830	0.809	0.960	0.999
MT-CO1	MT-CYB	9606.ENSP00000354499	9606.ENSP00000354554	0.111	0	0.249	0	0.999	0.953	0.800	0.970	0.999
MT-CO1	MT-ND5	9606.ENSP00000354499	9606.ENSP00000354813	0	0	0	0	0.938	0.830	0.792	0.966	0.999
MT-CO1	MT-ND1	9606.ENSP00000354499	9606.ENSP00000354687	0	0	0	0	0.944	0.830	0.809	0.938	0.999
MT-CO1	MT-ND2	9606.ENSP00000354499	9606.ENSP00000355046	0	0	0	0	0.847	0.830	0.792	0.958	0.999
MT-CO1	MT-CO2	9606.ENSP00000354499	9606.ENSP00000354876	0.231	0.854	0.530	0	0.999	0.995	0.980	0.999	0.999
MT-CO1	COX4I1	9606.ENSP00000354499	9606.ENSP00000457513	0	0	0	0	0.185	0.987	0.800	0.975	0.999
MT-CO1	COX7C	9606.ENSP00000354499	9606.ENSP00000425759	0	0	0	0	0.156	0.994	0.967	0.451	0.999
MT-CO1	MT-CO3	9606.ENSP00000354499	9606.ENSP00000354982	0.231	0	0.527	0	0.999	0.994	0.980	0.999	0.999
MT-CO2	COX15	9606.ENSP00000354876	9606.ENSP00000016171	0.231	0	0	0	0.149	0.095	0.944	0.783	0.991
MT-CO2	NDUFB4	9606.ENSP00000354876	9606.ENSP00000184266	0	0	0	0	0.150	0.746	0	0.153	0.801
MT-CO2	UQCRC1	9606.ENSP00000354876	9606.ENSP00000203407	0.061	0	0	0	0.079	0.890	0.622	0.518	0.979
MT-CO2	NDUFB7	9606.ENSP00000354876	9606.ENSP00000215565	0	0	0	0	0.117	0.746	0	0.217	0.809
MT-CO2	COX6A1	9606.ENSP00000354876	9606.ENSP00000229379	0	0	0	0	0.109	0.979	0.888	0.571	0.999
MT-CO2	NDUFS7	9606.ENSP00000354876	9606.ENSP00000233627	0	0	0	0	0.238	0.674	0.585	0.296	0.917
MT-CO2	NDUFA2	9606.ENSP00000354876	9606.ENSP00000252102	0	0	0	0	0.075	0.746	0	0.270	0.813
MT-CO2	NDUFA10	9606.ENSP00000354876	9606.ENSP00000252711	0	0	0	0	0.057	0.746	0	0.460	0.859
MT-CO2	SCO1	9606.ENSP00000354876	9606.ENSP00000255390	0.120	0	0	0	0.208	0.746	0.792	0.924	0.996
MT-CO2	COX5B	9606.ENSP00000354876	9606.ENSP00000258424	0	0	0	0	0.257	0.999	0.959	0.666	0.999
MT-CO2	TACO1	9606.ENSP00000354876	9606.ENSP00000258975	0	0	0	0	0.049	0	0	0.615	0.618
MT-CO2	NDUFB5	9606.ENSP00000354876	9606.ENSP00000259037	0	0	0	0	0.067	0.746	0	0.208	0.796
MT-CO2	COX17	9606.ENSP00000354876	9606.ENSP00000261070	0	0	0	0	0.042	0	0	0.893	0.894
MT-CO2	NDUFS3	9606.ENSP00000354876	9606.ENSP00000263774	0	0	0	0	0.531	0.674	0.809	0.616	0.987
MT-CO2	SDHA	9606.ENSP00000354876	9606.ENSP00000264932	0	0	0	0	0.302	0	0.809	0.715	0.958
MT-CO2	NDUFA9	9606.ENSP00000354876	9606.ENSP00000266544	0	0	0	0	0.083	0.561	0.422	0.565	0.885
MT-CO2	UQCRC2	9606.ENSP00000354876	9606.ENSP00000268379	0.061	0	0	0	0.082	0.963	0.925	0.762	0.999
MT-CO2	NDUFB10	9606.ENSP00000354876	9606.ENSP00000268668	0	0	0	0	0.058	0.746	0	0.315	0.822
MT-CO2	NDUFS6	9606.ENSP00000354876	9606.ENSP00000274137	0	0	0	0	0.127	0.746	0	0.223	0.812
MT-CO2	NDUFB11	9606.ENSP00000354876	9606.ENSP00000276062	0	0	0	0	0.055	0.746	0	0.297	0.816
MT-CO2	NDUFB9	9606.ENSP00000354876	9606.ENSP00000276689	0	0	0	0	0.083	0.746	0	0.305	0.823
MT-CO2	NDUFC2	9606.ENSP00000354876	9606.ENSP00000281031	0	0	0	0	0.131	0.514	0	0.189	0.628
MT-CO2	AIFM1	9606.ENSP00000354876	9606.ENSP00000287295	0	0	0	0	0.049	0.314	0	0.217	0.444
MT-CO2	COX7A1	9606.ENSP00000354876	9606.ENSP00000292907	0	0	0	0	0	0.968	0.360	0.270	0.984
MT-CO2	NDUFS4	9606.ENSP00000354876	9606.ENSP00000296684	0	0	0	0	0.082	0.746	0	0.446	0.859
MT-CO2	NDUFB8	9606.ENSP00000354876	9606.ENSP00000299166	0	0	0	0	0.097	0.746	0	0.751	0.938
MT-CO2	COX11	9606.ENSP00000354876	9606.ENSP00000299335	0.231	0	0	0	0.714	0	0.802	0.574	0.979
MT-CO2	NDUFA7	9606.ENSP00000354876	9606.ENSP00000301457	0	0	0	0	0.082	0.507	0	0.192	0.602
MT-CO2	UQCRFS1	9606.ENSP00000354876	9606.ENSP00000306397	0.231	0	0	0	0.386	0.966	0.980	0.596	0.999
MT-CO2	UQCRH	9606.ENSP00000354876	9606.ENSP00000309565	0	0	0	0	0.131	0.834	0.634	0.269	0.956
MT-CO2	NDUFS8	9606.ENSP00000354876	9606.ENSP00000315774	0	0	0	0	0.161	0.674	0.809	0.528	0.972
MT-CO2	CYC1	9606.ENSP00000354876	9606.ENSP00000317159	0.184	0	0	0	0.117	0.966	0.908	0.579	0.998
MT-CO2	COX5A	9606.ENSP00000354876	9606.ENSP00000317780	0	0	0	0	0.257	0.999	0.979	0.787	0.999
MT-CO2	COX8A	9606.ENSP00000354876	9606.ENSP00000321260	0	0	0	0	0	0.825	0.800	0.548	0.982
MT-CO2	COX14	9606.ENSP00000354876	9606.ENSP00000326052	0	0	0	0	0	0.165	0	0.389	0.468
MT-CO2	NDUFV2	9606.ENSP00000354876	9606.ENSP00000327268	0	0	0	0	0.167	0.685	0.809	0.531	0.973
MT-CO2	NDUFA12	9606.ENSP00000354876	9606.ENSP00000330737	0	0	0	0	0.083	0.746	0	0.226	0.804
MT-CO2	UQCR10	9606.ENSP00000354876	9606.ENSP00000332887	0	0	0	0	0.084	0.946	0.656	0.295	0.986
MT-CO2	NDUFA4	9606.ENSP00000354876	9606.ENSP00000339720	0	0	0	0	0.204	0.912	0.900	0.527	0.996
MT-CO2	NDUFV3	9606.ENSP00000354876	9606.ENSP00000346196	0	0	0	0	0.058	0.507	0	0.155	0.573
MT-CO2	MT-CO1	9606.ENSP00000354876	9606.ENSP00000354499	0.231	0.854	0.530	0	0.999	0.995	0.980	0.999	0.999
MT-CO2	MT-CYB	9606.ENSP00000354876	9606.ENSP00000354554	0.111	0	0.417	0	0.999	0.891	0.800	0.949	0.999
MT-CO2	MT-ATP6	9606.ENSP00000354876	9606.ENSP00000354632	0	0	0	0	0.999	0	0	0.919	0.999
MT-CO2	MT-ND1	9606.ENSP00000354876	9606.ENSP00000354687	0	0.532	0	0	0.999	0.746	0.809	0.841	0.999
MT-CO2	COA3	9606.ENSP00000354876	9606.ENSP00000354762	0	0	0	0	0.056	0.625	0	0.305	0.732
MT-CO2	MT-ND5	9606.ENSP00000354876	9606.ENSP00000354813	0	0	0	0	0.999	0.746	0.792	0.945	0.999
MT-CO2	TYMP	9606.ENSP00000354876	9606.ENSP00000379038	0.056	0	0	0	0.042	0	0	0.407	0.416
MT-CO2	NDUFC1	9606.ENSP00000354876	9606.ENSP00000441126	0	0	0	0	0	0.429	0	0	0.429
MT-CO2	TMEM177	9606.ENSP00000354876	9606.ENSP00000402661	0	0	0	0	0	0	0	0.530	0.530
MT-CO2	ACTB	9606.ENSP00000354876	9606.ENSP00000494750	0	0	0	0	0.060	0.162	0	0.487	0.560
MT-CO2	NDUFA11	9606.ENSP00000354876	9606.ENSP00000389160	0	0	0	0	0.082	0.514	0	0.190	0.607
MT-CO2	HIGD1A	9606.ENSP00000354876	9606.ENSP00000398064	0	0	0	0	0.058	0.619	0	0.257	0.710
MT-CO2	NDUFA3	9606.ENSP00000354876	9606.ENSP00000418438	0	0	0	0	0.075	0.746	0	0.081	0.765
MT-CO2	COX20	9606.ENSP00000354876	9606.ENSP00000355486	0	0	0	0	0.055	0.292	0	0.680	0.767
MT-CO2	NDUFB1	9606.ENSP00000354876	9606.ENSP00000483888	0	0	0	0	0.097	0.746	0	0.159	0.790
MT-CO2	NDUFAB1	9606.ENSP00000354876	9606.ENSP00000458770	0	0	0	0	0.056	0.746	0	0.208	0.793
MT-CO2	NDUFS5	9606.ENSP00000354876	9606.ENSP00000362058	0	0	0	0	0.083	0.746	0	0.211	0.800
MT-CO2	NDUFA8	9606.ENSP00000354876	9606.ENSP00000362873	0	0	0	0	0.067	0.746	0	0.227	0.800
MT-CO2	NDUFB6	9606.ENSP00000354876	9606.ENSP00000369176	0	0	0	0	0.075	0.746	0	0.251	0.808
MT-CO2	NDUFB3	9606.ENSP00000354876	9606.ENSP00000407336	0	0	0	0	0.075	0.746	0	0.254	0.809
MT-CO2	NDUFA6	9606.ENSP00000354876	9606.ENSP00000482543	0	0	0	0	0.134	0.746	0	0.207	0.810
MT-CO2	NDUFA1	9606.ENSP00000354876	9606.ENSP00000360492	0	0	0	0	0.049	0.746	0	0.282	0.811
MT-CO2	NDUFA13	9606.ENSP00000354876	9606.ENSP00000423673	0	0	0	0	0.097	0.746	0	0.263	0.816
MT-CO2	NDUFA5	9606.ENSP00000354876	9606.ENSP00000417142	0	0	0	0	0.067	0.746	0	0.295	0.818
MT-CO2	BCS1L	9606.ENSP00000354876	9606.ENSP00000413908	0	0	0	0	0.116	0	0.720	0.371	0.831
MT-CO2	SURF1	9606.ENSP00000354876	9606.ENSP00000361042	0.120	0	0	0	0.261	0.184	0	0.817	0.890
MT-CO2	MT-ATP8	9606.ENSP00000354876	9606.ENSP00000355265	0	0	0	0	0.323	0	0	0.913	0.938
MT-CO2	COX7A2L	9606.ENSP00000354876	9606.ENSP00000367938	0	0	0	0	0.058	0.543	0.800	0.436	0.945
MT-CO2	UQCR11	9606.ENSP00000354876	9606.ENSP00000467262	0	0	0	0	0	0.891	0.540	0.228	0.957
MT-CO2	COA6	9606.ENSP00000354876	9606.ENSP00000355574	0	0	0	0	0.056	0.811	0.574	0.655	0.970
MT-CO2	SDHC	9606.ENSP00000354876	9606.ENSP00000356953	0	0	0	0	0.757	0	0.809	0.462	0.972
MT-CO2	NDUFV1	9606.ENSP00000354876	9606.ENSP00000497587	0	0	0	0	0.147	0.674	0.809	0.536	0.972
MT-CO2	NDUFS1	9606.ENSP00000354876	9606.ENSP00000392709	0	0	0	0	0.128	0.687	0.809	0.593	0.976
MT-CO2	SDHB	9606.ENSP00000354876	9606.ENSP00000364649	0	0	0	0	0.604	0.183	0.809	0.717	0.980
MT-CO2	NDUFS2	9606.ENSP00000354876	9606.ENSP00000356972	0	0	0	0	0.391	0.746	0.809	0.561	0.985
MT-CO2	UQCRQ	9606.ENSP00000354876	9606.ENSP00000367939	0	0	0	0	0.183	0.951	0.656	0.361	0.990
MT-CO2	UQCRB	9606.ENSP00000354876	9606.ENSP00000430494	0	0	0	0	0.100	0.943	0.787	0.391	0.992
MT-CO2	COX7B	9606.ENSP00000354876	9606.ENSP00000497474	0	0	0	0	0.049	0.964	0.800	0.530	0.996
MT-CO2	SCO2	9606.ENSP00000354876	9606.ENSP00000444433	0.120	0	0	0	0.206	0.812	0.792	0.890	0.996
MT-CO2	COX18	9606.ENSP00000354876	9606.ENSP00000425261	0	0	0	0	0.112	0.954	0	0.932	0.997
MT-CO2	MT-ND4	9606.ENSP00000354876	9606.ENSP00000354961	0	0	0	0	0.999	0.746	0.809	0.949	0.999
MT-CO2	COX7C	9606.ENSP00000354876	9606.ENSP00000425759	0	0	0	0	0.509	0.998	0.979	0.712	0.999
MT-CO2	COX7A2	9606.ENSP00000354876	9606.ENSP00000359098	0	0	0	0	0.636	0.998	0.540	0.289	0.999
MT-CO2	MT-CO3	9606.ENSP00000354876	9606.ENSP00000354982	0.231	0	0.534	0	0.999	0.991	0.980	0.999	0.999
MT-CO2	COX6B1	9606.ENSP00000354876	9606.ENSP00000466818	0	0	0	0	0.217	0.999	0.876	0.891	0.999
MT-CO2	MT-ND2	9606.ENSP00000354876	9606.ENSP00000355046	0	0	0	0	0.999	0.746	0.792	0.944	0.999
MT-CO2	COX6C	9606.ENSP00000354876	9606.ENSP00000429707	0	0	0	0	0.460	0.999	0.935	0.655	0.999
MT-CO2	COX4I1	9606.ENSP00000354876	9606.ENSP00000457513	0	0	0	0	0.410	0.999	0.888	0.900	0.999
MT-CO3	COX15	9606.ENSP00000354982	9606.ENSP00000016171	0.231	0	0	0	0.215	0	0.944	0.847	0.994
MT-CO3	NDUFB4	9606.ENSP00000354982	9606.ENSP00000184266	0	0	0	0	0.111	0.830	0	0.173	0.864
MT-CO3	UQCRC1	9606.ENSP00000354982	9606.ENSP00000203407	0.111	0	0	0	0.055	0.965	0.622	0.285	0.990
MT-CO3	NDUFB7	9606.ENSP00000354982	9606.ENSP00000215565	0	0	0	0	0.150	0.830	0	0.125	0.862
MT-CO3	COX6A1	9606.ENSP00000354982	9606.ENSP00000229379	0	0	0	0	0.095	0.993	0.888	0.588	0.999
MT-CO3	NDUFS7	9606.ENSP00000354982	9606.ENSP00000233627	0	0	0	0	0.178	0.841	0.585	0.559	0.972
MT-CO3	NDUFA2	9606.ENSP00000354982	9606.ENSP00000252102	0	0	0	0	0.100	0.830	0	0.469	0.911
MT-CO3	NDUFA10	9606.ENSP00000354982	9606.ENSP00000252711	0	0	0	0	0.054	0.844	0	0.178	0.868
MT-CO3	SCO1	9606.ENSP00000354982	9606.ENSP00000255390	0.120	0	0	0	0.226	0	0.792	0.795	0.967
MT-CO3	COX5B	9606.ENSP00000354982	9606.ENSP00000258424	0	0	0	0	0.103	0.994	0.959	0.595	0.999
MT-CO3	TACO1	9606.ENSP00000354982	9606.ENSP00000258975	0	0	0	0	0.049	0	0	0.742	0.744
MT-CO3	NDUFB5	9606.ENSP00000354982	9606.ENSP00000259037	0	0	0	0	0.063	0.830	0	0.178	0.857
MT-CO3	FOXRED1	9606.ENSP00000354982	9606.ENSP00000263578	0	0	0	0	0.042	0	0	0.533	0.533
MT-CO3	NDUFS3	9606.ENSP00000354982	9606.ENSP00000263774	0	0	0	0	0.166	0.830	0.809	0.680	0.990
MT-CO3	SDHA	9606.ENSP00000354982	9606.ENSP00000264932	0	0	0	0	0.599	0	0.809	0.713	0.976
MT-CO3	NDUFA9	9606.ENSP00000354982	9606.ENSP00000266544	0	0	0	0	0.079	0.841	0.423	0.378	0.940
MT-CO3	UQCRC2	9606.ENSP00000354982	9606.ENSP00000268379	0.111	0	0	0	0.056	0.986	0.925	0.416	0.999
MT-CO3	NDUFB10	9606.ENSP00000354982	9606.ENSP00000268668	0	0	0	0	0.063	0.830	0	0.172	0.856
MT-CO3	NDUFS6	9606.ENSP00000354982	9606.ENSP00000274137	0	0	0	0	0.131	0.830	0	0.165	0.866
MT-CO3	NDUFB11	9606.ENSP00000354982	9606.ENSP00000276062	0	0	0	0	0.066	0.830	0	0.092	0.843
MT-CO3	NDUFB9	9606.ENSP00000354982	9606.ENSP00000276689	0	0	0	0	0.084	0.830	0	0.215	0.867
MT-CO3	NDUFC2	9606.ENSP00000354982	9606.ENSP00000281031	0	0	0	0	0.108	0.824	0	0.079	0.843
MT-CO3	COX7A1	9606.ENSP00000354982	9606.ENSP00000292907	0	0	0	0	0	0.957	0.360	0.303	0.979
MT-CO3	NDUFAF2	9606.ENSP00000354982	9606.ENSP00000296597	0	0	0	0	0.073	0	0	0.518	0.534
MT-CO3	NDUFS4	9606.ENSP00000354982	9606.ENSP00000296684	0	0	0	0	0.115	0.830	0	0.576	0.930
MT-CO3	NDUFB8	9606.ENSP00000354982	9606.ENSP00000299166	0	0	0	0	0.082	0.830	0	0.376	0.894
MT-CO3	COX11	9606.ENSP00000354982	9606.ENSP00000299335	0.231	0	0.226	0	0.685	0	0.802	0.495	0.977
MT-CO3	NDUFA7	9606.ENSP00000354982	9606.ENSP00000301457	0	0	0	0	0.067	0.812	0	0.161	0.840
MT-CO3	UQCRFS1	9606.ENSP00000354982	9606.ENSP00000306397	0.231	0	0	0	0.907	0.991	0.980	0.541	0.999
MT-CO3	UQCRH	9606.ENSP00000354982	9606.ENSP00000309565	0	0	0	0	0.148	0.958	0.598	0.178	0.986
MT-CO3	NDUFS8	9606.ENSP00000354982	9606.ENSP00000315774	0	0	0	0	0.171	0.830	0.809	0.635	0.988
MT-CO3	CYC1	9606.ENSP00000354982	9606.ENSP00000317159	0.231	0	0	0	0.312	0.991	0.908	0.492	0.999
MT-CO3	COX5A	9606.ENSP00000354982	9606.ENSP00000317780	0	0	0	0	0.083	0.991	0.979	0.574	0.999
MT-CO3	COX8A	9606.ENSP00000354982	9606.ENSP00000321260	0	0	0	0	0	0.800	0.800	0.510	0.978
MT-CO3	NDUFV2	9606.ENSP00000354982	9606.ENSP00000327268	0	0	0	0	0.167	0.830	0.809	0.462	0.983
MT-CO3	NDUFA12	9606.ENSP00000354982	9606.ENSP00000330737	0	0	0	0	0.108	0.830	0	0.155	0.860
MT-CO3	UQCR10	9606.ENSP00000354982	9606.ENSP00000332887	0	0	0	0	0.126	0.986	0.656	0.199	0.996
MT-CO3	NDUFA4	9606.ENSP00000354982	9606.ENSP00000339720	0	0	0	0	0.134	0.900	0.900	0.338	0.993
MT-CO3	NDUFV3	9606.ENSP00000354982	9606.ENSP00000346196	0	0	0	0	0.060	0.812	0	0.195	0.845
MT-CO3	MT-CO1	9606.ENSP00000354982	9606.ENSP00000354499	0.231	0	0.527	0	0.999	0.994	0.980	0.999	0.999
MT-CO3	MT-CYB	9606.ENSP00000354982	9606.ENSP00000354554	0.111	0	0.405	0	0.999	0.963	0.800	0.959	0.999
MT-CO3	MT-ATP6	9606.ENSP00000354982	9606.ENSP00000354632	0	0	0.200	0	0.999	0.954	0	0.978	0.999
MT-CO3	MT-ND1	9606.ENSP00000354982	9606.ENSP00000354687	0	0	0	0	0.999	0.830	0.809	0.875	0.999
MT-CO3	COA3	9606.ENSP00000354982	9606.ENSP00000354762	0	0	0	0	0.063	0.510	0	0.247	0.624
MT-CO3	MT-ND5	9606.ENSP00000354982	9606.ENSP00000354813	0	0	0	0	0.999	0.830	0.792	0.974	0.999
MT-CO3	MT-CO2	9606.ENSP00000354982	9606.ENSP00000354876	0.231	0	0.534	0	0.999	0.991	0.980	0.999	0.999
MT-CO3	MT-ND4	9606.ENSP00000354982	9606.ENSP00000354961	0	0	0	0	0.999	0.830	0.809	0.963	0.999
MT-CO3	COX18	9606.ENSP00000354982	9606.ENSP00000425261	0	0	0	0	0.109	0.159	0	0.422	0.529
MT-CO3	NDUFAF5	9606.ENSP00000354982	9606.ENSP00000367346	0	0	0	0	0.121	0	0	0.504	0.545
MT-CO3	NDUFAF6	9606.ENSP00000354982	9606.ENSP00000379430	0.061	0	0	0	0	0	0	0.548	0.557
MT-CO3	HIGD1A	9606.ENSP00000354982	9606.ENSP00000398064	0	0	0	0	0.067	0.619	0	0.306	0.731
MT-CO3	NDUFB2	9606.ENSP00000354982	9606.ENSP00000419087	0	0	0	0	0.049	0.800	0	0.094	0.812
MT-CO3	NDUFC1	9606.ENSP00000354982	9606.ENSP00000441126	0	0	0	0	0	0.811	0	0.068	0.817
MT-CO3	NDUFA1	9606.ENSP00000354982	9606.ENSP00000360492	0	0	0	0	0.049	0.830	0	0.118	0.845
MT-CO3	SURF1	9606.ENSP00000354982	9606.ENSP00000361042	0.120	0	0	0	0.328	0	0	0.764	0.848
MT-CO3	NDUFB1	9606.ENSP00000354982	9606.ENSP00000483888	0	0	0	0	0.083	0.830	0	0.115	0.850
MT-CO3	NDUFA11	9606.ENSP00000354982	9606.ENSP00000389160	0	0	0	0	0.084	0.824	0	0.167	0.854
MT-CO3	NDUFA5	9606.ENSP00000354982	9606.ENSP00000417142	0	0	0	0	0.082	0.830	0	0.169	0.859
MT-CO3	NDUFA3	9606.ENSP00000354982	9606.ENSP00000418438	0	0	0	0	0.098	0.830	0	0.167	0.861
MT-CO3	NDUFA6	9606.ENSP00000354982	9606.ENSP00000482543	0	0	0	0	0.125	0.830	0	0.144	0.861
MT-CO3	NDUFB6	9606.ENSP00000354982	9606.ENSP00000369176	0	0	0	0	0.097	0.830	0	0.183	0.863
MT-CO3	NDUFA13	9606.ENSP00000354982	9606.ENSP00000423673	0	0	0	0	0.103	0.830	0	0.200	0.867
MT-CO3	NDUFB3	9606.ENSP00000354982	9606.ENSP00000407336	0	0	0	0	0.126	0.830	0	0.185	0.868
MT-CO3	NDUFS5	9606.ENSP00000354982	9606.ENSP00000362058	0	0	0	0	0.108	0.830	0	0.206	0.869
MT-CO3	NDUFAB1	9606.ENSP00000354982	9606.ENSP00000458770	0	0	0	0	0.063	0.844	0	0.177	0.869
MT-CO3	BCS1L	9606.ENSP00000354982	9606.ENSP00000413908	0	0	0	0	0.095	0	0.720	0.597	0.888
MT-CO3	NDUFA8	9606.ENSP00000354982	9606.ENSP00000362873	0	0	0	0	0.068	0.830	0	0.425	0.901
MT-CO3	SDHC	9606.ENSP00000354982	9606.ENSP00000356953	0	0	0	0	0.407	0	0.809	0.399	0.926
MT-CO3	COA6	9606.ENSP00000354982	9606.ENSP00000355574	0	0	0	0	0.072	0.748	0.574	0.448	0.937
MT-CO3	MT-ATP8	9606.ENSP00000354982	9606.ENSP00000355265	0	0	0	0	0.260	0	0	0.945	0.957
MT-CO3	SCO2	9606.ENSP00000354982	9606.ENSP00000444433	0.120	0	0	0	0.244	0	0.792	0.781	0.965
MT-CO3	COX7A2L	9606.ENSP00000354982	9606.ENSP00000367938	0	0	0	0	0.055	0.797	0.800	0.252	0.967
MT-CO3	UQCR11	9606.ENSP00000354982	9606.ENSP00000467262	0	0	0	0	0	0.923	0.540	0.149	0.967
MT-CO3	COX7A2	9606.ENSP00000354982	9606.ENSP00000359098	0	0	0	0	0.101	0.900	0.540	0.333	0.968
MT-CO3	SDHB	9606.ENSP00000354982	9606.ENSP00000364649	0	0	0	0	0.838	0	0.809	0.492	0.982
MT-CO3	NDUFS2	9606.ENSP00000354982	9606.ENSP00000356972	0	0	0	0	0.210	0.830	0.809	0.518	0.986
MT-CO3	COX7B	9606.ENSP00000354982	9606.ENSP00000497474	0	0	0	0	0.049	0.903	0.800	0.413	0.987
MT-CO3	NDUFV1	9606.ENSP00000354982	9606.ENSP00000497587	0	0	0	0	0.154	0.830	0.809	0.672	0.989
MT-CO3	NDUFS1	9606.ENSP00000354982	9606.ENSP00000392709	0	0	0	0	0.228	0.830	0.809	0.673	0.990
MT-CO3	UQCRB	9606.ENSP00000354982	9606.ENSP00000430494	0	0	0	0	0.076	0.975	0.656	0.257	0.993
MT-CO3	COX6C	9606.ENSP00000354982	9606.ENSP00000429707	0	0	0	0	0.167	0.878	0.935	0.400	0.995
MT-CO3	UQCRQ	9606.ENSP00000354982	9606.ENSP00000367939	0	0	0	0	0.084	0.986	0.656	0.243	0.996
MT-CO3	COX6B1	9606.ENSP00000354982	9606.ENSP00000466818	0	0	0	0	0.079	0.977	0.876	0.869	0.999
MT-CO3	COX7C	9606.ENSP00000354982	9606.ENSP00000425759	0	0	0	0	0.170	0.988	0.979	0.529	0.999
MT-CO3	COX4I1	9606.ENSP00000354982	9606.ENSP00000457513	0	0	0	0	0.155	0.984	0.888	0.746	0.999
MT-CO3	MT-ND2	9606.ENSP00000354982	9606.ENSP00000355046	0	0	0	0	0.999	0.830	0.792	0.962	0.999
MT-CYB	COX15	9606.ENSP00000354554	9606.ENSP00000016171	0.057	0	0	0	0	0	0.799	0.496	0.896
MT-CYB	NDUFB4	9606.ENSP00000354554	9606.ENSP00000184266	0	0	0	0	0.049	0.855	0	0.238	0.886
MT-CYB	UQCRC1	9606.ENSP00000354554	9606.ENSP00000203407	0	0	0	0	0	0.980	0.851	0.752	0.999
MT-CYB	NDUFB7	9606.ENSP00000354554	9606.ENSP00000215565	0	0	0	0	0	0.904	0	0.406	0.940
MT-CYB	COX6A1	9606.ENSP00000354554	9606.ENSP00000229379	0	0	0	0	0.049	0.747	0.540	0.396	0.924
MT-CYB	NDUFS7	9606.ENSP00000354554	9606.ENSP00000233627	0	0	0	0	0.139	0.876	0.301	0.381	0.947
MT-CYB	NDUFA2	9606.ENSP00000354554	9606.ENSP00000252102	0	0	0	0	0	0.904	0	0.259	0.925
MT-CYB	NDUFA10	9606.ENSP00000354554	9606.ENSP00000252711	0	0	0	0	0.061	0.855	0	0.276	0.893
MT-CYB	SCO1	9606.ENSP00000354554	9606.ENSP00000255390	0.041	0	0	0	0	0	0.181	0.396	0.484
MT-CYB	COX5B	9606.ENSP00000354554	9606.ENSP00000258424	0	0	0	0	0	0.972	0.540	0.414	0.992
MT-CYB	NDUFB5	9606.ENSP00000354554	9606.ENSP00000259037	0	0	0	0	0	0.855	0	0.168	0.874
MT-CYB	TTC19	9606.ENSP00000354554	9606.ENSP00000261647	0	0	0	0	0	0	0	0.517	0.517
MT-CYB	NDUFS3	9606.ENSP00000354554	9606.ENSP00000263774	0	0	0	0	0.141	0.906	0.585	0.664	0.987
MT-CYB	SDHA	9606.ENSP00000354554	9606.ENSP00000264932	0.085	0	0	0	0.353	0	0.154	0.866	0.924
MT-CYB	NDUFA9	9606.ENSP00000354554	9606.ENSP00000266544	0	0	0	0	0.110	0.951	0.268	0.474	0.981
MT-CYB	UQCRC2	9606.ENSP00000354554	9606.ENSP00000268379	0	0	0	0	0	0.985	0.851	0.852	0.999
MT-CYB	NDUFB10	9606.ENSP00000354554	9606.ENSP00000268668	0	0	0	0	0	0.904	0	0.178	0.917
MT-CYB	NDUFS6	9606.ENSP00000354554	9606.ENSP00000274137	0	0	0	0	0	0.897	0	0.504	0.947
MT-CYB	NDUFB11	9606.ENSP00000354554	9606.ENSP00000276062	0	0	0	0	0	0.855	0	0.270	0.890
MT-CYB	NDUFB9	9606.ENSP00000354554	9606.ENSP00000276689	0	0	0	0	0	0.904	0	0.295	0.929
MT-CYB	NDUFC2	9606.ENSP00000354554	9606.ENSP00000281031	0	0	0	0	0	0.852	0	0.174	0.872
MT-CYB	COX7A1	9606.ENSP00000354554	9606.ENSP00000292907	0	0	0	0	0	0.947	0.360	0.269	0.973
MT-CYB	NDUFAF2	9606.ENSP00000354554	9606.ENSP00000296597	0	0	0	0	0	0	0	0.479	0.479
MT-CYB	NDUFS4	9606.ENSP00000354554	9606.ENSP00000296684	0	0	0	0	0	0.904	0	0.566	0.956
MT-CYB	NDUFB8	9606.ENSP00000354554	9606.ENSP00000299166	0	0	0	0	0	0.855	0	0.494	0.923
MT-CYB	COX11	9606.ENSP00000354554	9606.ENSP00000299335	0	0	0	0	0	0	0.216	0.394	0.504
MT-CYB	NDUFA7	9606.ENSP00000354554	9606.ENSP00000301457	0	0	0	0	0	0.827	0	0.203	0.857
MT-CYB	UQCRFS1	9606.ENSP00000354554	9606.ENSP00000306397	0.111	0	0.258	0	0.691	0.991	0.967	0.998	0.999
MT-CYB	UQCRH	9606.ENSP00000354554	9606.ENSP00000309565	0	0	0	0	0	0.981	0.744	0.684	0.998
MT-CYB	NDUFS8	9606.ENSP00000354554	9606.ENSP00000315774	0.105	0	0	0	0.400	0.906	0.585	0.484	0.987
MT-CYB	CYC1	9606.ENSP00000354554	9606.ENSP00000317159	0.111	0.900	0	0	0.690	0.987	0.967	0.998	0.999
MT-CYB	COX5A	9606.ENSP00000354554	9606.ENSP00000317780	0	0	0	0	0	0.957	0.540	0.474	0.988
MT-CYB	COX8A	9606.ENSP00000354554	9606.ENSP00000321260	0	0	0	0	0.056	0	0.540	0.251	0.646
MT-CYB	NDUFAF3	9606.ENSP00000354554	9606.ENSP00000323076	0	0	0	0	0	0	0	0.462	0.461
MT-CYB	NDUFV2	9606.ENSP00000354554	9606.ENSP00000327268	0	0	0	0	0.074	0.904	0.585	0.642	0.985
MT-CYB	NDUFA12	9606.ENSP00000354554	9606.ENSP00000330737	0	0	0	0	0	0.904	0	0.181	0.918
MT-CYB	UQCR10	9606.ENSP00000354554	9606.ENSP00000332887	0	0	0	0	0	0.992	0.851	0.854	0.999
MT-CYB	NDUFA4	9606.ENSP00000354554	9606.ENSP00000339720	0	0	0	0	0.049	0	0.540	0.329	0.680
MT-CYB	NDUFV3	9606.ENSP00000354554	9606.ENSP00000346196	0	0	0	0	0	0.827	0	0.150	0.847
MT-CYB	MT-CO1	9606.ENSP00000354554	9606.ENSP00000354499	0.111	0	0.249	0	0.999	0.953	0.800	0.970	0.999
MT-CYB	HIGD1A	9606.ENSP00000354554	9606.ENSP00000398064	0	0	0	0	0	0.294	0	0.219	0.425
MT-CYB	NDUFAF5	9606.ENSP00000354554	9606.ENSP00000367346	0	0	0	0	0	0	0	0.431	0.431
MT-CYB	SCO2	9606.ENSP00000354554	9606.ENSP00000444433	0.041	0	0	0	0	0	0.181	0.368	0.460
MT-CYB	SURF1	9606.ENSP00000354554	9606.ENSP00000361042	0	0	0	0	0	0.077	0	0.439	0.460
MT-CYB	LYRM7	9606.ENSP00000354554	9606.ENSP00000368688	0	0	0	0	0	0	0	0.500	0.500
MT-CYB	ACTB	9606.ENSP00000354554	9606.ENSP00000494750	0	0	0	0	0.065	0	0	0.510	0.522
MT-CYB	COX7A2	9606.ENSP00000354554	9606.ENSP00000359098	0	0	0	0	0.087	0	0.540	0.198	0.634
MT-CYB	UQCC2	9606.ENSP00000354554	9606.ENSP00000476140	0	0	0	0	0	0	0	0.725	0.725
MT-CYB	COA6	9606.ENSP00000354554	9606.ENSP00000355574	0	0	0	0	0	0.445	0.360	0.337	0.744
MT-CYB	COX7A2L	9606.ENSP00000354554	9606.ENSP00000367938	0	0	0	0	0	0.507	0.360	0.288	0.755
MT-CYB	NDUFB2	9606.ENSP00000354554	9606.ENSP00000419087	0	0	0	0	0	0.800	0	0.134	0.819
MT-CYB	UQCC1	9606.ENSP00000354554	9606.ENSP00000363506	0	0	0	0	0	0.287	0	0.763	0.824
MT-CYB	BCS1L	9606.ENSP00000354554	9606.ENSP00000413908	0	0	0	0	0	0.087	0.540	0.626	0.829
MT-CYB	NDUFC1	9606.ENSP00000354554	9606.ENSP00000441126	0	0	0	0	0	0.811	0	0.145	0.832
MT-CYB	NDUFB1	9606.ENSP00000354554	9606.ENSP00000483888	0	0	0	0	0	0.855	0	0.107	0.865
MT-CYB	CYBB	9606.ENSP00000354554	9606.ENSP00000367851	0	0	0	0	0	0	0	0.868	0.868
MT-CYB	SDHD	9606.ENSP00000354554	9606.ENSP00000364699	0	0	0	0	0	0	0	0.870	0.870
MT-CYB	NDUFA3	9606.ENSP00000354554	9606.ENSP00000418438	0	0	0	0	0	0.855	0	0.168	0.874
MT-CYB	SDHC	9606.ENSP00000354554	9606.ENSP00000356953	0.048	0	0	0	0.135	0	0	0.867	0.881
MT-CYB	NDUFS5	9606.ENSP00000354554	9606.ENSP00000362058	0	0	0	0	0.049	0.855	0	0.215	0.882
MT-CYB	NDUFB3	9606.ENSP00000354554	9606.ENSP00000407336	0	0	0	0	0	0.855	0	0.218	0.882
MT-CYB	NDUFB6	9606.ENSP00000354554	9606.ENSP00000369176	0	0	0	0	0	0.855	0	0.276	0.891
MT-CYB	NDUFA6	9606.ENSP00000354554	9606.ENSP00000482543	0	0	0	0	0	0.904	0	0.201	0.920
MT-CYB	NDUFA13	9606.ENSP00000354554	9606.ENSP00000423673	0	0	0	0	0	0.897	0	0.278	0.922
MT-CYB	NDUFA1	9606.ENSP00000354554	9606.ENSP00000360492	0	0	0	0	0	0.830	0	0.574	0.924
MT-CYB	NDUFAB1	9606.ENSP00000354554	9606.ENSP00000458770	0	0	0	0	0.063	0.886	0.151	0.271	0.925
MT-CYB	NDUFA11	9606.ENSP00000354554	9606.ENSP00000389160	0	0	0	0	0	0.852	0	0.548	0.930
MT-CYB	NDUFA8	9606.ENSP00000354554	9606.ENSP00000362873	0	0	0	0	0	0.904	0	0.321	0.932
MT-CYB	NDUFA5	9606.ENSP00000354554	9606.ENSP00000417142	0	0	0	0	0	0.902	0	0.364	0.935
MT-CYB	COX6C	9606.ENSP00000354554	9606.ENSP00000429707	0	0	0	0	0.049	0.834	0.540	0.292	0.941
MT-CYB	MT-ATP8	9606.ENSP00000354554	9606.ENSP00000355265	0	0	0	0	0.297	0	0	0.922	0.943
MT-CYB	SDHB	9606.ENSP00000354554	9606.ENSP00000364649	0.103	0	0	0	0.591	0	0.154	0.846	0.946
MT-CYB	COX7B	9606.ENSP00000354554	9606.ENSP00000497474	0	0	0	0	0	0.903	0.540	0.245	0.963
MT-CYB	COX6B1	9606.ENSP00000354554	9606.ENSP00000466818	0	0	0	0	0	0.911	0.540	0.447	0.975
MT-CYB	COX7C	9606.ENSP00000354554	9606.ENSP00000425759	0	0	0	0	0.049	0.953	0.540	0.235	0.982
MT-CYB	NDUFV1	9606.ENSP00000354554	9606.ENSP00000497587	0	0	0	0	0.110	0.904	0.585	0.648	0.985
MT-CYB	COX4I1	9606.ENSP00000354554	9606.ENSP00000457513	0	0	0	0	0.120	0.923	0.540	0.601	0.986
MT-CYB	NDUFS1	9606.ENSP00000354554	9606.ENSP00000392709	0	0	0	0	0.108	0.904	0.585	0.669	0.986
MT-CYB	NDUFS2	9606.ENSP00000354554	9606.ENSP00000356972	0	0	0	0	0.141	0.904	0.585	0.699	0.988
MT-CYB	UQCR11	9606.ENSP00000354554	9606.ENSP00000467262	0	0	0	0	0	0.978	0.851	0.613	0.998
MT-CYB	MT-ND2	9606.ENSP00000354554	9606.ENSP00000355046	0	0	0	0	0.999	0.880	0.414	0.959	0.999
MT-CYB	MT-ND1	9606.ENSP00000354554	9606.ENSP00000354687	0	0	0	0	0.999	0.897	0.585	0.951	0.999
MT-CYB	MT-ATP6	9606.ENSP00000354554	9606.ENSP00000354632	0	0	0	0	0.999	0	0	0.972	0.999
MT-CYB	MT-CO2	9606.ENSP00000354554	9606.ENSP00000354876	0.111	0	0.417	0	0.999	0.891	0.800	0.949	0.999
MT-CYB	MT-CO3	9606.ENSP00000354554	9606.ENSP00000354982	0.111	0	0.405	0	0.999	0.963	0.800	0.959	0.999
MT-CYB	MT-ND4	9606.ENSP00000354554	9606.ENSP00000354961	0	0.208	0	0	0.999	0.904	0.585	0.963	0.999
MT-CYB	UQCRQ	9606.ENSP00000354554	9606.ENSP00000367939	0	0	0	0	0	0.995	0.851	0.968	0.999
MT-CYB	MT-ND5	9606.ENSP00000354554	9606.ENSP00000354813	0	0	0	0	0.999	0.880	0.414	0.972	0.999
MT-CYB	UQCRB	9606.ENSP00000354554	9606.ENSP00000430494	0	0	0	0	0	0.995	0.851	0.983	0.999
MT-ND1	NDUFAF7	9606.ENSP00000354687	9606.ENSP00000002125	0	0	0	0	0.127	0	0.500	0.289	0.662
MT-ND1	COX15	9606.ENSP00000354687	9606.ENSP00000016171	0	0	0	0	0.142	0	0	0.338	0.408
MT-ND1	NDUFB4	9606.ENSP00000354687	9606.ENSP00000184266	0	0	0	0	0.138	0.856	0.967	0.255	0.996
MT-ND1	UQCRC1	9606.ENSP00000354687	9606.ENSP00000203407	0	0	0	0	0.067	0.917	0.215	0.355	0.955
MT-ND1	NDUFB7	9606.ENSP00000354687	9606.ENSP00000215565	0	0	0	0	0.430	0.993	0.967	0.302	0.999
MT-ND1	COX6A1	9606.ENSP00000354687	9606.ENSP00000229379	0	0	0	0	0.056	0.258	0	0.414	0.553
MT-ND1	NDUFS7	9606.ENSP00000354687	9606.ENSP00000233627	0.111	0	0.457	0	0.755	0.994	0.979	0.875	0.999
MT-ND1	NDUFA2	9606.ENSP00000354687	9606.ENSP00000252102	0	0	0	0	0.324	0.998	0.967	0.529	0.999
MT-ND1	NDUFA10	9606.ENSP00000354687	9606.ENSP00000252711	0	0	0	0	0.066	0.856	0.967	0.452	0.997
MT-ND1	SCO1	9606.ENSP00000354687	9606.ENSP00000255390	0	0	0	0	0.302	0	0	0.284	0.479
MT-ND1	COX5B	9606.ENSP00000354687	9606.ENSP00000258424	0	0	0	0	0.136	0.844	0	0.442	0.918
MT-ND1	NDUFB5	9606.ENSP00000354687	9606.ENSP00000259037	0	0	0	0	0.151	0.892	0.967	0.309	0.997
MT-ND1	NDUFAF1	9606.ENSP00000354687	9606.ENSP00000260361	0	0	0	0	0.065	0.635	0.967	0.722	0.996
MT-ND1	FOXRED1	9606.ENSP00000354687	9606.ENSP00000263578	0	0	0	0	0.049	0	0.720	0.520	0.861
MT-ND1	NDUFS3	9606.ENSP00000354687	9606.ENSP00000263774	0.231	0	0.275	0	0.967	0.998	0.980	0.726	0.999
MT-ND1	SDHA	9606.ENSP00000354687	9606.ENSP00000264932	0.090	0	0	0	0.295	0	0.802	0.646	0.949
MT-ND1	NDUFA9	9606.ENSP00000354687	9606.ENSP00000266544	0	0	0	0	0.163	0.983	0.944	0.703	0.999
MT-ND1	UQCRC2	9606.ENSP00000354687	9606.ENSP00000268379	0	0	0	0	0.064	0.886	0.284	0.512	0.957
MT-ND1	NDUFB10	9606.ENSP00000354687	9606.ENSP00000268668	0	0	0	0	0.163	0.991	0.967	0.274	0.999
MT-ND1	ECSIT	9606.ENSP00000354687	9606.ENSP00000270517	0	0	0	0	0.075	0.535	0.500	0.157	0.794
MT-ND1	NDUFS6	9606.ENSP00000354687	9606.ENSP00000274137	0	0	0	0	0.191	0.993	0.967	0.540	0.999
MT-ND1	NDUFB11	9606.ENSP00000354687	9606.ENSP00000276062	0	0	0	0	0.098	0.933	0.967	0.819	0.999
MT-ND1	NDUFB9	9606.ENSP00000354687	9606.ENSP00000276689	0	0	0	0	0.219	0.991	0.967	0.268	0.999
MT-ND1	NDUFC2	9606.ENSP00000354687	9606.ENSP00000281031	0	0	0	0	0.324	0.852	0.944	0.207	0.995
MT-ND1	NUBPL	9606.ENSP00000354687	9606.ENSP00000281081	0	0	0	0	0	0	0	0.653	0.653
MT-ND1	COX7A1	9606.ENSP00000354687	9606.ENSP00000292907	0	0	0	0	0.101	0.830	0	0.212	0.869
MT-ND1	NDUFAF2	9606.ENSP00000354687	9606.ENSP00000296597	0	0	0	0	0.140	0.507	0.838	0.656	0.973
MT-ND1	NDUFS4	9606.ENSP00000354687	9606.ENSP00000296684	0	0	0	0	0.257	0.998	0.967	0.632	0.999
MT-ND1	NDUFB8	9606.ENSP00000354687	9606.ENSP00000299166	0	0	0	0	0.256	0.988	0.967	0.655	0.999
MT-ND1	COX11	9606.ENSP00000354687	9606.ENSP00000299335	0	0	0	0	0	0	0	0.459	0.459
MT-ND1	NDUFA7	9606.ENSP00000354687	9606.ENSP00000301457	0	0	0	0	0.157	0.917	0.967	0.329	0.998
MT-ND1	UQCRFS1	9606.ENSP00000354687	9606.ENSP00000306397	0.042	0	0	0	0.222	0.959	0.809	0.606	0.997
MT-ND1	TMEM126A	9606.ENSP00000354687	9606.ENSP00000306887	0	0	0	0	0.311	0	0	0.282	0.484
MT-ND1	UQCRH	9606.ENSP00000354687	9606.ENSP00000309565	0	0	0	0	0.268	0.932	0.163	0.254	0.965
MT-ND1	PRKACA	9606.ENSP00000354687	9606.ENSP00000309591	0	0	0	0	0.042	0	0.650	0.112	0.676
MT-ND1	ACAD9	9606.ENSP00000354687	9606.ENSP00000312618	0	0	0	0	0.072	0.095	0.500	0.336	0.684
MT-ND1	NDUFS8	9606.ENSP00000354687	9606.ENSP00000315774	0.231	0.138	0.244	0	0.969	0.994	0.980	0.705	0.999
MT-ND1	CYC1	9606.ENSP00000354687	9606.ENSP00000317159	0	0	0	0	0.201	0.959	0.809	0.369	0.995
MT-ND1	COX5A	9606.ENSP00000354687	9606.ENSP00000317780	0	0	0	0	0.128	0.830	0	0.427	0.907
MT-ND1	NDUFAF3	9606.ENSP00000354687	9606.ENSP00000323076	0	0	0	0	0.082	0	0.838	0.674	0.947
MT-ND1	NDUFV2	9606.ENSP00000354687	9606.ENSP00000327268	0.231	0	0	0	0.969	0.996	0.980	0.808	0.999
MT-ND1	NDUFA12	9606.ENSP00000354687	9606.ENSP00000330737	0	0	0	0	0.254	0.999	0.967	0.551	0.999
MT-ND1	TMEM186	9606.ENSP00000354687	9606.ENSP00000331640	0	0	0	0	0	0	0.500	0.129	0.546
MT-ND1	UQCR10	9606.ENSP00000354687	9606.ENSP00000332887	0	0	0	0	0.153	0.959	0.172	0.216	0.974
MT-ND1	NDUFA4	9606.ENSP00000354687	9606.ENSP00000339720	0	0	0	0	0.108	0	0.944	0.336	0.964
MT-ND1	NDUFV3	9606.ENSP00000354687	9606.ENSP00000346196	0	0	0	0	0.063	0.903	0.967	0.540	0.998
MT-ND1	TMEM126B	9606.ENSP00000354687	9606.ENSP00000351737	0	0	0	0	0	0	0.500	0.259	0.613
MT-ND1	MT-CO1	9606.ENSP00000354687	9606.ENSP00000354499	0	0	0	0	0.944	0.830	0.809	0.938	0.999
MT-ND1	MT-CYB	9606.ENSP00000354687	9606.ENSP00000354554	0	0	0	0	0.999	0.897	0.585	0.951	0.999
MT-ND1	MT-ATP6	9606.ENSP00000354687	9606.ENSP00000354632	0.189	0	0	0	0.999	0	0	0.956	0.999
MT-ND1	JUN	9606.ENSP00000354687	9606.ENSP00000360266	0	0	0	0	0	0	0	0.409	0.409
MT-ND1	ACTB	9606.ENSP00000354687	9606.ENSP00000494750	0	0	0	0	0.066	0	0	0.413	0.429
MT-ND1	COA6	9606.ENSP00000354687	9606.ENSP00000355574	0	0	0	0	0.105	0.257	0	0.216	0.433
MT-ND1	DMAC2L	9606.ENSP00000354687	9606.ENSP00000451583	0	0	0	0	0.351	0	0	0.173	0.440
MT-ND1	COA1	9606.ENSP00000354687	9606.ENSP00000379218	0	0	0	0	0	0	0.500	0.056	0.507
MT-ND1	SDHD	9606.ENSP00000354687	9606.ENSP00000364699	0	0	0	0	0.256	0	0.172	0.375	0.581
MT-ND1	COX6C	9606.ENSP00000354687	9606.ENSP00000429707	0	0	0	0	0.140	0.507	0	0.274	0.665
MT-ND1	PRKACB	9606.ENSP00000354687	9606.ENSP00000359719	0	0	0	0	0	0	0.650	0.116	0.677
MT-ND1	SDHC	9606.ENSP00000354687	9606.ENSP00000356953	0	0	0	0	0.574	0	0.172	0.541	0.824
MT-ND1	UQCR11	9606.ENSP00000354687	9606.ENSP00000467262	0	0	0	0	0	0.830	0	0.154	0.850
MT-ND1	NDUFAF6	9606.ENSP00000354687	9606.ENSP00000379430	0	0	0	0	0.087	0	0.800	0.345	0.870
MT-ND1	COX7B	9606.ENSP00000354687	9606.ENSP00000497474	0	0	0	0	0	0.842	0	0.247	0.876
MT-ND1	COX7C	9606.ENSP00000354687	9606.ENSP00000425759	0	0	0	0	0.126	0.830	0	0.250	0.879
MT-ND1	COX6B1	9606.ENSP00000354687	9606.ENSP00000466818	0	0	0	0	0.058	0.845	0	0.315	0.891
MT-ND1	NDUFAF5	9606.ENSP00000354687	9606.ENSP00000367346	0	0	0	0	0.066	0	0.800	0.549	0.908
MT-ND1	UQCRQ	9606.ENSP00000354687	9606.ENSP00000367939	0	0	0	0	0.163	0.830	0.284	0.269	0.915
MT-ND1	MT-ATP8	9606.ENSP00000354687	9606.ENSP00000355265	0	0	0	0	0.358	0	0	0.889	0.925
MT-ND1	COX4I1	9606.ENSP00000354687	9606.ENSP00000457513	0	0	0	0	0.160	0.844	0	0.608	0.944
MT-ND1	NDUFAF4	9606.ENSP00000354687	9606.ENSP00000358272	0	0	0	0	0.055	0	0.838	0.738	0.956
MT-ND1	UQCRB	9606.ENSP00000354687	9606.ENSP00000430494	0	0	0	0	0.214	0.925	0.172	0.324	0.962
MT-ND1	SDHB	9606.ENSP00000354687	9606.ENSP00000364649	0.095	0	0	0	0.665	0	0.802	0.587	0.971
MT-ND1	NDUFB1	9606.ENSP00000354687	9606.ENSP00000483888	0	0	0	0	0.137	0.856	0.900	0.195	0.988
MT-ND1	NDUFB2	9606.ENSP00000354687	9606.ENSP00000419087	0	0	0	0	0	0.812	0.967	0.209	0.994
MT-ND1	NDUFC1	9606.ENSP00000354687	9606.ENSP00000441126	0	0	0	0	0	0.825	0.967	0.229	0.995
MT-ND1	TIMMDC1	9606.ENSP00000354687	9606.ENSP00000418803	0	0	0	0	0.049	0.994	0.500	0.313	0.997
MT-ND1	NDUFB6	9606.ENSP00000354687	9606.ENSP00000369176	0	0	0	0	0.393	0.856	0.967	0.441	0.998
MT-ND1	NDUFA3	9606.ENSP00000354687	9606.ENSP00000418438	0	0	0	0	0.308	0.940	0.967	0.280	0.998
MT-ND1	NDUFA11	9606.ENSP00000354687	9606.ENSP00000389160	0	0	0	0	0.391	0.852	0.944	0.713	0.998
MT-ND1	NDUFA6	9606.ENSP00000354687	9606.ENSP00000482543	0	0	0	0	0.196	0.998	0.967	0.306	0.999
MT-ND1	NDUFA5	9606.ENSP00000354687	9606.ENSP00000417142	0	0	0	0	0.214	0.991	0.967	0.427	0.999
MT-ND1	MT-ND5	9606.ENSP00000354687	9606.ENSP00000354813	0.120	0	0.528	0	0.999	0.988	0.980	0.997	0.999
MT-ND1	NDUFA13	9606.ENSP00000354687	9606.ENSP00000423673	0	0	0	0	0.391	0.996	0.967	0.387	0.999
MT-ND1	MT-ND4	9606.ENSP00000354687	9606.ENSP00000354961	0.231	0	0.526	0	0.999	0.991	0.980	0.999	0.999
MT-ND1	NDUFAB1	9606.ENSP00000354687	9606.ENSP00000458770	0.043	0	0	0	0.078	0.991	0.967	0.481	0.999
MT-ND1	NDUFS1	9606.ENSP00000354687	9606.ENSP00000392709	0.231	0.261	0	0	0.964	0.993	0.980	0.730	0.999
MT-ND1	NDUFB3	9606.ENSP00000354687	9606.ENSP00000407336	0	0	0	0	0.358	0.991	0.967	0.226	0.999
MT-ND1	NDUFS5	9606.ENSP00000354687	9606.ENSP00000362058	0	0	0	0	0.356	0.998	0.900	0.472	0.999
MT-ND1	NDUFS2	9606.ENSP00000354687	9606.ENSP00000356972	0.231	0	0.458	0	0.964	0.994	0.980	0.869	0.999
MT-ND1	MT-CO3	9606.ENSP00000354687	9606.ENSP00000354982	0	0	0	0	0.999	0.830	0.809	0.875	0.999
MT-ND1	NDUFA8	9606.ENSP00000354687	9606.ENSP00000362873	0	0	0	0	0.253	0.997	0.967	0.392	0.999
MT-ND1	NDUFV1	9606.ENSP00000354687	9606.ENSP00000497587	0.231	0	0	0	0.965	0.998	0.980	0.813	0.999
MT-ND1	MT-ND2	9606.ENSP00000354687	9606.ENSP00000355046	0.120	0	0.506	0	0.999	0.988	0.979	0.998	0.999
MT-ND1	MT-CO2	9606.ENSP00000354687	9606.ENSP00000354876	0	0.532	0	0	0.999	0.746	0.809	0.841	0.999
MT-ND1	NDUFA1	9606.ENSP00000354687	9606.ENSP00000360492	0	0	0	0	0	0.965	0.967	0.850	0.999
MT-ND2	NDUFAF7	9606.ENSP00000355046	9606.ENSP00000002125	0.057	0	0	0	0.067	0	0.500	0.157	0.579
MT-ND2	COX15	9606.ENSP00000355046	9606.ENSP00000016171	0	0	0	0	0.082	0	0	0.694	0.707
MT-ND2	NDUFB4	9606.ENSP00000355046	9606.ENSP00000184266	0	0	0	0	0.098	0.953	0.967	0.234	0.998
MT-ND2	UQCRC1	9606.ENSP00000355046	9606.ENSP00000203407	0	0	0	0	0.054	0.886	0.181	0.339	0.933
MT-ND2	NDUFB7	9606.ENSP00000355046	9606.ENSP00000215565	0	0	0	0	0.163	0.988	0.967	0.281	0.999
MT-ND2	COX6A1	9606.ENSP00000355046	9606.ENSP00000229379	0	0	0	0	0.058	0.252	0	0.318	0.477
MT-ND2	NDUFS7	9606.ENSP00000355046	9606.ENSP00000233627	0.095	0	0	0	0.622	0.988	0.979	0.760	0.999
MT-ND2	NDUFA2	9606.ENSP00000355046	9606.ENSP00000252102	0	0	0	0	0.163	0.988	0.967	0.597	0.999
MT-ND2	NDUFA10	9606.ENSP00000355046	9606.ENSP00000252711	0	0	0	0	0.056	0.959	0.967	0.436	0.999
MT-ND2	SCO1	9606.ENSP00000355046	9606.ENSP00000255390	0	0	0	0	0.142	0	0	0.341	0.411
MT-ND2	COX5B	9606.ENSP00000355046	9606.ENSP00000258424	0	0	0	0	0.110	0.830	0	0.304	0.885
MT-ND2	TACO1	9606.ENSP00000355046	9606.ENSP00000258975	0.082	0	0	0	0.049	0	0	0.479	0.505
MT-ND2	NDUFB5	9606.ENSP00000355046	9606.ENSP00000259037	0	0	0	0	0.067	0.976	0.967	0.319	0.999
MT-ND2	NDUFAF1	9606.ENSP00000355046	9606.ENSP00000260361	0	0	0	0	0.062	0.797	0.967	0.673	0.997
MT-ND2	FOXRED1	9606.ENSP00000355046	9606.ENSP00000263578	0	0	0	0	0.047	0	0.720	0.659	0.901
MT-ND2	NDUFS3	9606.ENSP00000355046	9606.ENSP00000263774	0.120	0	0	0	0.840	0.992	0.978	0.769	0.999
MT-ND2	SDHA	9606.ENSP00000355046	9606.ENSP00000264932	0.050	0	0	0	0.107	0	0.700	0.532	0.865
MT-ND2	NDUFA9	9606.ENSP00000355046	9606.ENSP00000266544	0	0	0	0	0.139	0.966	0.944	0.471	0.999
MT-ND2	UQCRC2	9606.ENSP00000355046	9606.ENSP00000268379	0	0	0	0	0.055	0.874	0.218	0.424	0.939
MT-ND2	NDUFB10	9606.ENSP00000355046	9606.ENSP00000268668	0	0	0	0	0.100	0.966	0.967	0.541	0.999
MT-ND2	ECSIT	9606.ENSP00000355046	9606.ENSP00000270517	0	0	0	0	0.062	0	0.500	0.597	0.794
MT-ND2	NDUFS6	9606.ENSP00000355046	9606.ENSP00000274137	0	0	0	0	0.097	0.994	0.967	0.706	0.999
MT-ND2	NDUFB11	9606.ENSP00000355046	9606.ENSP00000276062	0	0	0	0	0.075	0.954	0.967	0.589	0.999
MT-ND2	NDUFB9	9606.ENSP00000355046	9606.ENSP00000276689	0	0	0	0	0.118	0.988	0.967	0.472	0.999
MT-ND2	NDUFC2	9606.ENSP00000355046	9606.ENSP00000281031	0	0	0	0	0.111	0.972	0.944	0.611	0.999
MT-ND2	NUBPL	9606.ENSP00000355046	9606.ENSP00000281081	0	0	0	0	0	0	0	0.623	0.623
MT-ND2	COX7A1	9606.ENSP00000355046	9606.ENSP00000292907	0	0	0	0	0	0.830	0	0.220	0.861
MT-ND2	NDUFAF2	9606.ENSP00000355046	9606.ENSP00000296597	0	0	0	0	0.102	0.305	0.838	0.629	0.957
MT-ND2	NDUFS4	9606.ENSP00000355046	9606.ENSP00000296684	0	0	0	0	0.163	0.988	0.967	0.709	0.999
MT-ND2	NDUFB8	9606.ENSP00000355046	9606.ENSP00000299166	0	0	0	0	0.101	0.966	0.967	0.478	0.999
MT-ND2	NDUFA7	9606.ENSP00000355046	9606.ENSP00000301457	0	0	0	0	0.075	0.939	0.967	0.268	0.998
MT-ND2	UQCRFS1	9606.ENSP00000355046	9606.ENSP00000306397	0.041	0	0	0	0.097	0.919	0.792	0.572	0.992
MT-ND2	UQCRH	9606.ENSP00000355046	9606.ENSP00000309565	0	0	0	0	0.097	0.896	0.154	0.241	0.932
MT-ND2	PRKACA	9606.ENSP00000355046	9606.ENSP00000309591	0	0	0	0	0.047	0	0.650	0.067	0.661
MT-ND2	ACAD9	9606.ENSP00000355046	9606.ENSP00000312618	0	0	0	0	0.049	0.095	0.500	0.613	0.811
MT-ND2	NDUFS8	9606.ENSP00000355046	9606.ENSP00000315774	0.120	0	0	0	0.840	0.991	0.978	0.870	0.999
MT-ND2	CYC1	9606.ENSP00000355046	9606.ENSP00000317159	0	0	0	0	0.067	0.919	0.792	0.431	0.989
MT-ND2	COX5A	9606.ENSP00000355046	9606.ENSP00000317780	0	0	0	0	0.081	0.830	0	0.364	0.892
MT-ND2	NDUFAF3	9606.ENSP00000355046	9606.ENSP00000323076	0	0	0	0	0.109	0	0.838	0.544	0.928
MT-ND2	NDUFV2	9606.ENSP00000355046	9606.ENSP00000327268	0.120	0	0	0	0.599	0.988	0.978	0.706	0.999
MT-ND2	NDUFA12	9606.ENSP00000355046	9606.ENSP00000330737	0	0	0	0	0.127	0.988	0.967	0.503	0.999
MT-ND2	TMEM186	9606.ENSP00000355046	9606.ENSP00000331640	0	0	0	0	0	0	0.500	0.398	0.686
MT-ND2	UQCR10	9606.ENSP00000355046	9606.ENSP00000332887	0	0	0	0	0.081	0.919	0.172	0.297	0.951
MT-ND2	NDUFA4	9606.ENSP00000355046	9606.ENSP00000339720	0	0	0	0	0.074	0	0.925	0.333	0.949
MT-ND2	NDUFV3	9606.ENSP00000355046	9606.ENSP00000346196	0	0	0	0	0.056	0.948	0.967	0.283	0.998
MT-ND2	TMEM126B	9606.ENSP00000355046	9606.ENSP00000351737	0	0	0	0	0	0	0.500	0.655	0.820
MT-ND2	MT-CO1	9606.ENSP00000355046	9606.ENSP00000354499	0	0	0	0	0.847	0.830	0.792	0.958	0.999
MT-ND2	MT-CYB	9606.ENSP00000355046	9606.ENSP00000354554	0	0	0	0	0.999	0.880	0.414	0.959	0.999
MT-ND2	MT-ATP6	9606.ENSP00000355046	9606.ENSP00000354632	0.119	0	0	0	0.999	0	0	0.967	0.999
MT-ND2	MT-ND1	9606.ENSP00000355046	9606.ENSP00000354687	0.120	0	0.506	0	0.999	0.988	0.979	0.998	0.999
MT-ND2	COA3	9606.ENSP00000355046	9606.ENSP00000354762	0	0	0	0	0.097	0.292	0	0.200	0.443
MT-ND2	MT-ND5	9606.ENSP00000355046	9606.ENSP00000354813	0	0	0.248	0.580	0.999	0.994	0.979	0.992	0.999
MT-ND2	MT-CO2	9606.ENSP00000355046	9606.ENSP00000354876	0	0	0	0	0.999	0.746	0.792	0.944	0.999
MT-ND2	MT-ND4	9606.ENSP00000355046	9606.ENSP00000354961	0.120	0	0.537	0	0.999	0.994	0.979	0.999	0.999
MT-ND2	MT-CO3	9606.ENSP00000355046	9606.ENSP00000354982	0	0	0	0	0.999	0.830	0.792	0.962	0.999
MT-ND2	SDHD	9606.ENSP00000355046	9606.ENSP00000364699	0	0	0	0	0.109	0	0.172	0.412	0.528
MT-ND2	SURF1	9606.ENSP00000355046	9606.ENSP00000361042	0	0	0	0	0.067	0	0	0.524	0.537
MT-ND2	BCS1L	9606.ENSP00000355046	9606.ENSP00000413908	0.079	0	0	0	0.077	0	0	0.568	0.601
MT-ND2	SDHC	9606.ENSP00000355046	9606.ENSP00000356953	0	0	0	0	0.150	0	0.172	0.503	0.620
MT-ND2	PRKACB	9606.ENSP00000355046	9606.ENSP00000359719	0	0	0	0	0	0	0.650	0.064	0.658
MT-ND2	COX6C	9606.ENSP00000355046	9606.ENSP00000429707	0	0	0	0	0.131	0.507	0	0.275	0.662
MT-ND2	NDUFAF6	9606.ENSP00000355046	9606.ENSP00000379430	0	0	0	0	0.060	0	0.500	0.544	0.767
MT-ND2	NDUFAF5	9606.ENSP00000355046	9606.ENSP00000367346	0	0	0	0	0.091	0	0.500	0.619	0.811
MT-ND2	COX7C	9606.ENSP00000355046	9606.ENSP00000425759	0	0	0	0	0.067	0.830	0	0.227	0.866
MT-ND2	UQCR11	9606.ENSP00000355046	9606.ENSP00000467262	0	0	0	0	0	0.830	0	0.250	0.867
MT-ND2	TIMMDC1	9606.ENSP00000355046	9606.ENSP00000418803	0	0	0	0	0.049	0.629	0.500	0.386	0.877
MT-ND2	COX7B	9606.ENSP00000355046	9606.ENSP00000497474	0	0	0	0	0	0.842	0	0.262	0.878
MT-ND2	SDHB	9606.ENSP00000355046	9606.ENSP00000364649	0	0	0	0	0.294	0	0.700	0.531	0.892
MT-ND2	COX4I1	9606.ENSP00000355046	9606.ENSP00000457513	0	0	0	0	0.075	0.844	0	0.421	0.909
MT-ND2	UQCRQ	9606.ENSP00000355046	9606.ENSP00000367939	0	0	0	0	0.096	0.855	0.218	0.251	0.913
MT-ND2	COX6B1	9606.ENSP00000355046	9606.ENSP00000466818	0	0	0	0	0.055	0.845	0	0.481	0.917
MT-ND2	COA1	9606.ENSP00000355046	9606.ENSP00000379218	0	0	0	0	0	0	0.900	0.241	0.920
MT-ND2	NDUFAF4	9606.ENSP00000355046	9606.ENSP00000358272	0	0	0	0	0.067	0	0.838	0.555	0.927
MT-ND2	UQCRB	9606.ENSP00000355046	9606.ENSP00000430494	0	0	0	0	0.109	0.898	0.172	0.250	0.936
MT-ND2	MT-ATP8	9606.ENSP00000355046	9606.ENSP00000355265	0	0	0	0	0.400	0	0	0.920	0.950
MT-ND2	NDUFB2	9606.ENSP00000355046	9606.ENSP00000419087	0	0	0	0	0	0.812	0.967	0.180	0.994
MT-ND2	NDUFB1	9606.ENSP00000355046	9606.ENSP00000483888	0	0	0	0	0.082	0.955	0.900	0.523	0.997
MT-ND2	NDUFS5	9606.ENSP00000355046	9606.ENSP00000362058	0	0	0	0	0.163	0.959	0.900	0.360	0.997
MT-ND2	NDUFA3	9606.ENSP00000355046	9606.ENSP00000418438	0	0	0	0	0.127	0.894	0.967	0.245	0.997
MT-ND2	NDUFA1	9606.ENSP00000355046	9606.ENSP00000360492	0	0	0	0	0	0.856	0.967	0.568	0.997
MT-ND2	NDUFC1	9606.ENSP00000355046	9606.ENSP00000441126	0	0	0	0	0	0.851	0.967	0.507	0.997
MT-ND2	NDUFB6	9606.ENSP00000355046	9606.ENSP00000369176	0	0	0	0	0.163	0.894	0.967	0.388	0.998
MT-ND2	NDUFS2	9606.ENSP00000355046	9606.ENSP00000356972	0.120	0	0	0	0.835	0.994	0.978	0.748	0.999
MT-ND2	NDUFA8	9606.ENSP00000355046	9606.ENSP00000362873	0	0	0	0	0.127	0.994	0.967	0.398	0.999
MT-ND2	NDUFV1	9606.ENSP00000355046	9606.ENSP00000497587	0.120	0	0	0	0.793	0.988	0.979	0.787	0.999
MT-ND2	NDUFA11	9606.ENSP00000355046	9606.ENSP00000389160	0	0	0	0	0.108	0.978	0.944	0.624	0.999
MT-ND2	NDUFA6	9606.ENSP00000355046	9606.ENSP00000482543	0	0	0	0	0.121	0.999	0.967	0.520	0.999
MT-ND2	NDUFA5	9606.ENSP00000355046	9606.ENSP00000417142	0	0	0	0	0.149	0.990	0.967	0.442	0.999
MT-ND2	NDUFA13	9606.ENSP00000355046	9606.ENSP00000423673	0	0	0	0	0.149	0.988	0.967	0.583	0.999
MT-ND2	NDUFAB1	9606.ENSP00000355046	9606.ENSP00000458770	0	0	0	0	0.080	0.991	0.967	0.316	0.999
MT-ND2	NDUFS1	9606.ENSP00000355046	9606.ENSP00000392709	0.120	0	0	0	0.836	0.988	0.978	0.871	0.999
MT-ND2	NDUFB3	9606.ENSP00000355046	9606.ENSP00000407336	0	0	0	0	0.140	0.981	0.967	0.310	0.999
MT-ND4	COX15	9606.ENSP00000354961	9606.ENSP00000016171	0	0	0	0	0.100	0	0	0.523	0.552
MT-ND4	NDUFB4	9606.ENSP00000354961	9606.ENSP00000184266	0	0	0	0	0.152	0.959	0.967	0.785	0.999
MT-ND4	UQCRC1	9606.ENSP00000354961	9606.ENSP00000203407	0	0	0	0	0.067	0.947	0.215	0.343	0.971
MT-ND4	NDUFB7	9606.ENSP00000354961	9606.ENSP00000215565	0	0	0	0	0.324	0.993	0.967	0.518	0.999
MT-ND4	COX6A1	9606.ENSP00000354961	9606.ENSP00000229379	0	0	0	0	0.056	0.258	0	0.303	0.469
MT-ND4	NDUFS7	9606.ENSP00000354961	9606.ENSP00000233627	0.111	0	0.236	0	0.744	0.994	0.979	0.860	0.999
MT-ND4	NDUFA2	9606.ENSP00000354961	9606.ENSP00000252102	0	0	0	0	0.251	0.998	0.967	0.529	0.999
MT-ND4	NDUFA10	9606.ENSP00000354961	9606.ENSP00000252711	0	0	0	0	0.067	0.959	0.967	0.426	0.999
MT-ND4	COX5B	9606.ENSP00000354961	9606.ENSP00000258424	0	0	0	0	0.115	0.844	0	0.366	0.904
MT-ND4	NDUFB5	9606.ENSP00000354961	9606.ENSP00000259037	0	0	0	0	0.139	0.985	0.967	0.629	0.999
MT-ND4	NDUFAF1	9606.ENSP00000354961	9606.ENSP00000260361	0	0	0	0	0.062	0	0.967	0.413	0.980
MT-ND4	TTC19	9606.ENSP00000354961	9606.ENSP00000261647	0	0	0	0	0.056	0.280	0	0.224	0.427
MT-ND4	FOXRED1	9606.ENSP00000354961	9606.ENSP00000263578	0	0	0	0	0.049	0	0.720	0.705	0.914
MT-ND4	NDUFS3	9606.ENSP00000354961	9606.ENSP00000263774	0.231	0	0	0	0.967	0.997	0.980	0.746	0.999
MT-ND4	SDHA	9606.ENSP00000354961	9606.ENSP00000264932	0.045	0	0	0	0.204	0	0.802	0.543	0.922
MT-ND4	NDUFA9	9606.ENSP00000354961	9606.ENSP00000266544	0	0	0	0	0.222	0.981	0.944	0.454	0.999
MT-ND4	UQCRC2	9606.ENSP00000354961	9606.ENSP00000268379	0	0	0	0	0.064	0.894	0.284	0.423	0.953
MT-ND4	NDUFB10	9606.ENSP00000354961	9606.ENSP00000268668	0	0	0	0	0.127	0.994	0.967	0.795	0.999
MT-ND4	ECSIT	9606.ENSP00000354961	9606.ENSP00000270517	0	0	0	0	0.072	0.994	0	0.288	0.995
MT-ND4	NDUFS6	9606.ENSP00000354961	9606.ENSP00000274137	0	0	0	0	0.203	0.998	0.967	0.566	0.999
MT-ND4	NDUFB11	9606.ENSP00000354961	9606.ENSP00000276062	0	0	0	0	0.080	0.982	0.967	0.849	0.999
MT-ND4	NDUFB9	9606.ENSP00000354961	9606.ENSP00000276689	0	0	0	0	0.214	0.994	0.967	0.528	0.999
MT-ND4	NDUFC2	9606.ENSP00000354961	9606.ENSP00000281031	0	0	0	0	0.242	0.969	0.944	0.536	0.999
MT-ND4	NUBPL	9606.ENSP00000354961	9606.ENSP00000281081	0	0	0	0	0	0	0	0.661	0.661
MT-ND4	COX7A1	9606.ENSP00000354961	9606.ENSP00000292907	0	0	0	0	0	0.830	0	0.206	0.859
MT-ND4	NDUFAF2	9606.ENSP00000354961	9606.ENSP00000296597	0	0	0	0	0.108	0.507	0.838	0.577	0.965
MT-ND4	NDUFS4	9606.ENSP00000354961	9606.ENSP00000296684	0	0	0	0	0.255	0.998	0.967	0.648	0.999
MT-ND4	NDUFB8	9606.ENSP00000354961	9606.ENSP00000299166	0	0	0	0	0.216	0.994	0.967	0.688	0.999
MT-ND4	COX11	9606.ENSP00000354961	9606.ENSP00000299335	0	0	0	0	0	0	0	0.417	0.417
MT-ND4	NDUFA7	9606.ENSP00000354961	9606.ENSP00000301457	0	0	0	0	0.137	0.918	0.967	0.364	0.998
MT-ND4	UQCRFS1	9606.ENSP00000354961	9606.ENSP00000306397	0.043	0	0	0	0.172	0.967	0.809	0.549	0.997
MT-ND4	TMEM126A	9606.ENSP00000354961	9606.ENSP00000306887	0	0	0	0	0.245	0	0	0.330	0.472
MT-ND4	UQCRH	9606.ENSP00000354961	9606.ENSP00000309565	0	0	0	0	0.192	0.950	0.163	0.179	0.969
MT-ND4	PRKACA	9606.ENSP00000354961	9606.ENSP00000309591	0	0	0	0	0.042	0	0.650	0.079	0.664
MT-ND4	TMEM70	9606.ENSP00000354961	9606.ENSP00000312599	0	0	0	0	0.117	0	0	0.509	0.548
MT-ND4	NDUFS8	9606.ENSP00000354961	9606.ENSP00000315774	0.231	0	0	0	0.968	0.991	0.980	0.916	0.999
MT-ND4	CYC1	9606.ENSP00000354961	9606.ENSP00000317159	0	0	0	0	0.184	0.967	0.809	0.428	0.996
MT-ND4	COX5A	9606.ENSP00000354961	9606.ENSP00000317780	0	0	0	0	0.119	0.830	0	0.332	0.891
MT-ND4	NDUFAF3	9606.ENSP00000354961	9606.ENSP00000323076	0	0	0	0	0.068	0	0.690	0.568	0.864
MT-ND4	NDUFV2	9606.ENSP00000354961	9606.ENSP00000327268	0.231	0	0	0	0.968	0.993	0.980	0.752	0.999
MT-ND4	NDUFA12	9606.ENSP00000354961	9606.ENSP00000330737	0	0	0	0	0.250	0.991	0.967	0.489	0.999
MT-ND4	TMEM186	9606.ENSP00000354961	9606.ENSP00000331640	0	0	0	0	0	0	0.500	0.225	0.596
MT-ND4	UQCR10	9606.ENSP00000354961	9606.ENSP00000332887	0	0	0	0	0.100	0.967	0.172	0.224	0.978
MT-ND4	NDUFA4	9606.ENSP00000354961	9606.ENSP00000339720	0	0	0	0	0.093	0	0.944	0.293	0.961
MT-ND4	NDUFV3	9606.ENSP00000354961	9606.ENSP00000346196	0	0	0	0	0.062	0.935	0.967	0.298	0.998
MT-ND4	MT-CO1	9606.ENSP00000354961	9606.ENSP00000354499	0	0	0	0	0.999	0.830	0.809	0.960	0.999
MT-ND4	MT-CYB	9606.ENSP00000354961	9606.ENSP00000354554	0	0.208	0	0	0.999	0.904	0.585	0.963	0.999
MT-ND4	MT-ATP6	9606.ENSP00000354961	9606.ENSP00000354632	0.214	0	0.213	0	0.999	0	0	0.962	0.999
MT-ND4	MT-ND1	9606.ENSP00000354961	9606.ENSP00000354687	0.231	0	0.526	0	0.999	0.991	0.980	0.999	0.999
MT-ND4	MT-ND5	9606.ENSP00000354961	9606.ENSP00000354813	0.120	0.752	0.537	0	0.999	0.994	0.980	0.999	0.999
MT-ND4	MT-CO2	9606.ENSP00000354961	9606.ENSP00000354876	0	0	0	0	0.999	0.746	0.809	0.949	0.999
MT-ND4	TYMP	9606.ENSP00000354961	9606.ENSP00000379038	0	0	0	0	0.042	0	0	0.471	0.471
MT-ND4	SDHD	9606.ENSP00000354961	9606.ENSP00000364699	0	0	0	0	0.169	0	0.172	0.342	0.507
MT-ND4	COA6	9606.ENSP00000354961	9606.ENSP00000355574	0	0	0	0	0.076	0.257	0	0.356	0.519
MT-ND4	COA1	9606.ENSP00000354961	9606.ENSP00000379218	0	0	0	0	0	0	0.500	0.118	0.540
MT-ND4	NDUFAF5	9606.ENSP00000354961	9606.ENSP00000367346	0	0	0	0	0.072	0	0	0.573	0.587
MT-ND4	COX6C	9606.ENSP00000354961	9606.ENSP00000429707	0	0	0	0	0.129	0.507	0	0.206	0.630
MT-ND4	PRKACB	9606.ENSP00000354961	9606.ENSP00000359719	0	0	0	0	0	0	0.650	0.085	0.666
MT-ND4	SDHC	9606.ENSP00000354961	9606.ENSP00000356953	0	0	0	0	0.317	0	0.172	0.505	0.696
MT-ND4	UQCR11	9606.ENSP00000354961	9606.ENSP00000467262	0	0	0	0	0	0.830	0	0.166	0.852
MT-ND4	COX7C	9606.ENSP00000354961	9606.ENSP00000425759	0	0	0	0	0.075	0.830	0	0.184	0.860
MT-ND4	COX7B	9606.ENSP00000354961	9606.ENSP00000497474	0	0	0	0	0	0.842	0	0.231	0.873
MT-ND4	COX6B1	9606.ENSP00000354961	9606.ENSP00000466818	0	0	0	0	0.060	0.845	0	0.432	0.910
MT-ND4	COX4I1	9606.ENSP00000354961	9606.ENSP00000457513	0	0	0	0	0.137	0.844	0	0.445	0.918
MT-ND4	NDUFAF4	9606.ENSP00000354961	9606.ENSP00000358272	0	0	0	0	0.054	0.421	0.690	0.598	0.922
MT-ND4	UQCRQ	9606.ENSP00000354961	9606.ENSP00000367939	0	0	0	0	0.194	0.855	0.284	0.452	0.948
MT-ND4	SDHB	9606.ENSP00000354961	9606.ENSP00000364649	0.043	0	0	0	0.594	0	0.802	0.527	0.958
MT-ND4	MT-ATP8	9606.ENSP00000354961	9606.ENSP00000355265	0	0	0	0	0.327	0	0	0.958	0.970
MT-ND4	UQCRB	9606.ENSP00000354961	9606.ENSP00000430494	0	0	0	0	0.198	0.956	0.172	0.247	0.975
MT-ND4	NDUFB2	9606.ENSP00000354961	9606.ENSP00000419087	0	0	0	0	0	0.812	0.967	0.188	0.994
MT-ND4	NDUFC1	9606.ENSP00000354961	9606.ENSP00000441126	0	0	0	0	0	0.825	0.967	0.310	0.995
MT-ND4	TIMMDC1	9606.ENSP00000354961	9606.ENSP00000418803	0	0	0	0	0.047	0.994	0	0.295	0.995
MT-ND4	NDUFA3	9606.ENSP00000354961	9606.ENSP00000418438	0	0	0	0	0.224	0.894	0.967	0.305	0.997
MT-ND4	NDUFB3	9606.ENSP00000354961	9606.ENSP00000407336	0	0	0	0	0.277	0.993	0.967	0.280	0.999
MT-ND4	NDUFS1	9606.ENSP00000354961	9606.ENSP00000392709	0.231	0	0	0	0.966	0.991	0.980	0.848	0.999
MT-ND4	NDUFAB1	9606.ENSP00000354961	9606.ENSP00000458770	0	0	0	0	0.099	0.991	0.967	0.292	0.999
MT-ND4	NDUFA13	9606.ENSP00000354961	9606.ENSP00000423673	0	0	0	0	0.257	0.995	0.967	0.327	0.999
MT-ND4	NDUFA6	9606.ENSP00000354961	9606.ENSP00000482543	0	0	0	0	0.195	0.998	0.967	0.333	0.999
MT-ND4	NDUFA5	9606.ENSP00000354961	9606.ENSP00000417142	0	0	0	0	0.169	0.991	0.967	0.400	0.999
MT-ND4	NDUFA11	9606.ENSP00000354961	9606.ENSP00000389160	0	0	0	0	0.256	0.999	0.944	0.638	0.999
MT-ND4	NDUFA1	9606.ENSP00000354961	9606.ENSP00000360492	0	0	0	0	0	0.915	0.967	0.667	0.999
MT-ND4	NDUFV1	9606.ENSP00000354961	9606.ENSP00000497587	0.231	0	0	0	0.964	0.991	0.980	0.848	0.999
MT-ND4	MT-ND2	9606.ENSP00000354961	9606.ENSP00000355046	0.120	0	0.537	0	0.999	0.994	0.979	0.999	0.999
MT-ND4	MT-CO3	9606.ENSP00000354961	9606.ENSP00000354982	0	0	0	0	0.999	0.830	0.809	0.963	0.999
MT-ND4	NDUFA8	9606.ENSP00000354961	9606.ENSP00000362873	0	0	0	0	0.216	0.997	0.967	0.443	0.999
MT-ND4	NDUFS5	9606.ENSP00000354961	9606.ENSP00000362058	0	0	0	0	0.324	0.998	0.900	0.392	0.999
MT-ND4	NDUFS2	9606.ENSP00000354961	9606.ENSP00000356972	0.231	0	0.209	0	0.965	0.994	0.980	0.787	0.999
MT-ND4	NDUFB6	9606.ENSP00000354961	9606.ENSP00000369176	0	0	0	0	0.256	0.955	0.967	0.679	0.999
MT-ND4	NDUFB1	9606.ENSP00000354961	9606.ENSP00000483888	0	0	0	0	0.127	0.959	0.900	0.820	0.999
MT-ND5	COX15	9606.ENSP00000354813	9606.ENSP00000016171	0	0	0	0	0.118	0	0	0.702	0.726
MT-ND5	NDUFB4	9606.ENSP00000354813	9606.ENSP00000184266	0	0	0	0	0.182	0.959	0.967	0.385	0.999
MT-ND5	UQCRC1	9606.ENSP00000354813	9606.ENSP00000203407	0	0	0	0	0.065	0.886	0.181	0.416	0.942
MT-ND5	NDUFB7	9606.ENSP00000354813	9606.ENSP00000215565	0	0	0	0	0.324	0.996	0.967	0.425	0.999
MT-ND5	COX6A1	9606.ENSP00000354813	9606.ENSP00000229379	0	0	0	0	0.054	0.252	0	0.303	0.463
MT-ND5	NDUFS7	9606.ENSP00000354813	9606.ENSP00000233627	0.095	0	0.256	0	0.670	0.993	0.979	0.928	0.999
MT-ND5	NDUFA2	9606.ENSP00000354813	9606.ENSP00000252102	0	0	0	0	0.242	0.988	0.967	0.646	0.999
MT-ND5	NDUFA10	9606.ENSP00000354813	9606.ENSP00000252711	0	0	0	0	0.066	0.894	0.967	0.435	0.997
MT-ND5	SCO1	9606.ENSP00000354813	9606.ENSP00000255390	0	0	0	0	0.239	0	0	0.303	0.447
MT-ND5	COX5B	9606.ENSP00000354813	9606.ENSP00000258424	0	0	0	0	0.099	0.830	0	0.317	0.886
MT-ND5	TACO1	9606.ENSP00000354813	9606.ENSP00000258975	0.082	0	0	0	0.054	0	0	0.498	0.525
MT-ND5	NDUFB5	9606.ENSP00000354813	9606.ENSP00000259037	0	0	0	0	0.097	0.985	0.967	0.387	0.999
MT-ND5	NDUFAF1	9606.ENSP00000354813	9606.ENSP00000260361	0	0	0	0	0.058	0.439	0.967	0.412	0.988
MT-ND5	FOXRED1	9606.ENSP00000354813	9606.ENSP00000263578	0	0	0	0	0.050	0	0.720	0.670	0.904
MT-ND5	NDUFS3	9606.ENSP00000354813	9606.ENSP00000263774	0.120	0	0	0	0.847	0.999	0.978	0.792	0.999
MT-ND5	SDHA	9606.ENSP00000354813	9606.ENSP00000264932	0.050	0	0	0	0.168	0	0.700	0.559	0.881
MT-ND5	NDUFA9	9606.ENSP00000354813	9606.ENSP00000266544	0	0	0	0	0.202	0.998	0.944	0.682	0.999
MT-ND5	UQCRC2	9606.ENSP00000354813	9606.ENSP00000268379	0	0	0	0	0.064	0.874	0.284	0.440	0.946
MT-ND5	NDUFB10	9606.ENSP00000354813	9606.ENSP00000268668	0	0	0	0	0.127	0.983	0.967	0.386	0.999
MT-ND5	NDUFS6	9606.ENSP00000354813	9606.ENSP00000274137	0	0	0	0	0.127	0.994	0.967	0.572	0.999
MT-ND5	NDUFB11	9606.ENSP00000354813	9606.ENSP00000276062	0	0	0	0	0.084	0.982	0.967	0.436	0.999
MT-ND5	NDUFB9	9606.ENSP00000354813	9606.ENSP00000276689	0	0	0	0	0.163	0.994	0.967	0.481	0.999
MT-ND5	NDUFC2	9606.ENSP00000354813	9606.ENSP00000281031	0	0	0	0	0.250	0.927	0.944	0.624	0.998
MT-ND5	NUBPL	9606.ENSP00000354813	9606.ENSP00000281081	0	0	0	0	0	0	0	0.632	0.632
MT-ND5	COX7A1	9606.ENSP00000354813	9606.ENSP00000292907	0	0	0	0	0	0.830	0	0.548	0.920
MT-ND5	NDUFAF2	9606.ENSP00000354813	9606.ENSP00000296597	0	0	0	0	0.108	0.305	0.838	0.661	0.961
MT-ND5	NDUFS4	9606.ENSP00000354813	9606.ENSP00000296684	0	0	0	0	0.219	0.999	0.967	0.735	0.999
MT-ND5	NDUFB8	9606.ENSP00000354813	9606.ENSP00000299166	0	0	0	0	0.246	0.990	0.967	0.527	0.999
MT-ND5	COX11	9606.ENSP00000354813	9606.ENSP00000299335	0	0	0	0	0	0	0	0.439	0.439
MT-ND5	NDUFA7	9606.ENSP00000354813	9606.ENSP00000301457	0	0	0	0	0.103	0.915	0.967	0.381	0.998
MT-ND5	UQCRFS1	9606.ENSP00000354813	9606.ENSP00000306397	0.041	0	0	0	0.139	0.919	0.792	0.578	0.993
MT-ND5	UQCRH	9606.ENSP00000354813	9606.ENSP00000309565	0	0	0	0	0.163	0.896	0.163	0.328	0.944
MT-ND5	PRKACA	9606.ENSP00000354813	9606.ENSP00000309591	0	0	0	0	0.042	0	0.650	0.063	0.658
MT-ND5	ACAD9	9606.ENSP00000354813	9606.ENSP00000312618	0	0	0	0	0.054	0	0	0.399	0.407
MT-ND5	NDUFS8	9606.ENSP00000354813	9606.ENSP00000315774	0.120	0	0	0	0.851	0.991	0.978	0.901	0.999
MT-ND5	CYC1	9606.ENSP00000354813	9606.ENSP00000317159	0	0	0	0	0.128	0.919	0.792	0.433	0.990
MT-ND5	COX5A	9606.ENSP00000354813	9606.ENSP00000317780	0	0	0	0	0.118	0.830	0	0.386	0.900
MT-ND5	NDUFAF3	9606.ENSP00000354813	9606.ENSP00000323076	0	0	0	0	0.067	0	0.690	0.497	0.841
MT-ND5	NDUFV2	9606.ENSP00000354813	9606.ENSP00000327268	0.120	0	0	0	0.626	0.999	0.978	0.745	0.999
MT-ND5	NDUFA12	9606.ENSP00000354813	9606.ENSP00000330737	0	0	0	0	0.190	0.999	0.967	0.467	0.999
MT-ND5	TMEM186	9606.ENSP00000354813	9606.ENSP00000331640	0	0	0	0	0	0	0.500	0.238	0.602
MT-ND5	UQCR10	9606.ENSP00000354813	9606.ENSP00000332887	0	0	0	0	0.097	0.919	0.172	0.364	0.956
MT-ND5	NDUFA4	9606.ENSP00000354813	9606.ENSP00000339720	0	0	0	0	0.062	0	0.925	0.328	0.948
MT-ND5	NDUFV3	9606.ENSP00000354813	9606.ENSP00000346196	0	0	0	0	0.063	0.936	0.967	0.298	0.998
MT-ND5	MT-CO1	9606.ENSP00000354813	9606.ENSP00000354499	0	0	0	0	0.938	0.830	0.792	0.966	0.999
MT-ND5	MT-CYB	9606.ENSP00000354813	9606.ENSP00000354554	0	0	0	0	0.999	0.880	0.414	0.972	0.999
MT-ND5	MT-ATP6	9606.ENSP00000354813	9606.ENSP00000354632	0.119	0	0	0	0.999	0	0	0.971	0.999
MT-ND5	MT-ND1	9606.ENSP00000354813	9606.ENSP00000354687	0.120	0	0.528	0	0.999	0.988	0.980	0.997	0.999
MT-ND5	DMAC2L	9606.ENSP00000354813	9606.ENSP00000451583	0	0	0	0	0.351	0	0	0.135	0.415
MT-ND5	COA1	9606.ENSP00000354813	9606.ENSP00000379218	0	0	0	0	0	0	0.500	0.167	0.565
MT-ND5	NDUFAF6	9606.ENSP00000354813	9606.ENSP00000379430	0	0	0	0	0.060	0	0	0.586	0.594
MT-ND5	BCS1L	9606.ENSP00000354813	9606.ENSP00000413908	0.079	0	0	0	0.074	0	0	0.581	0.612
MT-ND5	SURF1	9606.ENSP00000354813	9606.ENSP00000361042	0	0	0	0	0.082	0	0	0.611	0.627
MT-ND5	COX6C	9606.ENSP00000354813	9606.ENSP00000429707	0	0	0	0	0.115	0.507	0	0.233	0.636
MT-ND5	NDUFAF5	9606.ENSP00000354813	9606.ENSP00000367346	0	0	0	0	0.066	0	0	0.628	0.638
MT-ND5	PRKACB	9606.ENSP00000354813	9606.ENSP00000359719	0	0	0	0	0	0	0.650	0.061	0.657
MT-ND5	SDHD	9606.ENSP00000354813	9606.ENSP00000364699	0	0	0	0	0.249	0	0.172	0.503	0.664
MT-ND5	SDHC	9606.ENSP00000354813	9606.ENSP00000356953	0	0	0	0	0.372	0	0.172	0.517	0.727
MT-ND5	NDUFAF4	9606.ENSP00000354813	9606.ENSP00000358272	0	0	0	0	0.054	0	0.690	0.566	0.861
MT-ND5	COX7B	9606.ENSP00000354813	9606.ENSP00000497474	0	0	0	0	0	0.842	0	0.255	0.877
MT-ND5	UQCR11	9606.ENSP00000354813	9606.ENSP00000467262	0	0	0	0	0	0.830	0	0.342	0.883
MT-ND5	COX6B1	9606.ENSP00000354813	9606.ENSP00000466818	0	0	0	0	0.057	0.845	0	0.357	0.898
MT-ND5	COX4I1	9606.ENSP00000354813	9606.ENSP00000457513	0	0	0	0	0.097	0.844	0	0.450	0.915
MT-ND5	SDHB	9606.ENSP00000354813	9606.ENSP00000364649	0	0	0	0	0.512	0	0.700	0.549	0.928
MT-ND5	UQCRQ	9606.ENSP00000354813	9606.ENSP00000367939	0	0	0	0	0.180	0.855	0.218	0.343	0.931
MT-ND5	UQCRB	9606.ENSP00000354813	9606.ENSP00000430494	0	0	0	0	0.189	0.898	0.172	0.325	0.947
MT-ND5	COX7C	9606.ENSP00000354813	9606.ENSP00000425759	0	0	0	0	0.076	0.830	0	0.735	0.954
MT-ND5	MT-ATP8	9606.ENSP00000354813	9606.ENSP00000355265	0	0	0	0	0.350	0	0	0.958	0.971
MT-ND5	NDUFB1	9606.ENSP00000354813	9606.ENSP00000483888	0	0	0	0	0.108	0.894	0.900	0.311	0.992
MT-ND5	NDUFC1	9606.ENSP00000354813	9606.ENSP00000441126	0	0	0	0	0	0.828	0.967	0.309	0.995
MT-ND5	NDUFB2	9606.ENSP00000354813	9606.ENSP00000419087	0	0	0	0	0	0.907	0.967	0.270	0.997
MT-ND5	NDUFA3	9606.ENSP00000354813	9606.ENSP00000418438	0	0	0	0	0.253	0.894	0.967	0.320	0.998
MT-ND5	NDUFA5	9606.ENSP00000354813	9606.ENSP00000417142	0	0	0	0	0.163	0.988	0.967	0.469	0.999
MT-ND5	NDUFA6	9606.ENSP00000354813	9606.ENSP00000482543	0	0	0	0	0.161	0.999	0.967	0.327	0.999
MT-ND5	MT-ND4	9606.ENSP00000354813	9606.ENSP00000354961	0.120	0.752	0.537	0	0.999	0.994	0.980	0.999	0.999
MT-ND5	NDUFA13	9606.ENSP00000354813	9606.ENSP00000423673	0	0	0	0	0.257	0.988	0.967	0.406	0.999
MT-ND5	NDUFB3	9606.ENSP00000354813	9606.ENSP00000407336	0	0	0	0	0.245	0.990	0.967	0.370	0.999
MT-ND5	NDUFAB1	9606.ENSP00000354813	9606.ENSP00000458770	0	0	0	0	0.076	0.994	0.967	0.461	0.999
MT-ND5	NDUFS1	9606.ENSP00000354813	9606.ENSP00000392709	0.120	0	0	0	0.840	0.988	0.978	0.877	0.999
MT-ND5	NDUFB6	9606.ENSP00000354813	9606.ENSP00000369176	0	0	0	0	0.257	0.959	0.967	0.755	0.999
MT-ND5	MT-CO3	9606.ENSP00000354813	9606.ENSP00000354982	0	0	0	0	0.999	0.830	0.792	0.974	0.999
MT-ND5	NDUFA8	9606.ENSP00000354813	9606.ENSP00000362873	0	0	0	0	0.214	0.995	0.967	0.449	0.999
MT-ND5	NDUFS5	9606.ENSP00000354813	9606.ENSP00000362058	0	0	0	0	0.255	0.998	0.900	0.327	0.999
MT-ND5	NDUFS2	9606.ENSP00000354813	9606.ENSP00000356972	0.120	0	0.234	0	0.837	0.994	0.978	0.790	0.999
MT-ND5	MT-ND2	9606.ENSP00000354813	9606.ENSP00000355046	0	0	0.248	0.580	0.999	0.994	0.979	0.992	0.999
MT-ND5	NDUFV1	9606.ENSP00000354813	9606.ENSP00000497587	0.120	0	0	0	0.799	0.999	0.979	0.893	0.999
MT-ND5	NDUFA11	9606.ENSP00000354813	9606.ENSP00000389160	0	0	0	0	0.257	0.999	0.944	0.782	0.999
MT-ND5	NDUFA1	9606.ENSP00000354813	9606.ENSP00000360492	0	0	0	0	0	0.922	0.967	0.766	0.999
MT-ND5	MT-CO2	9606.ENSP00000354813	9606.ENSP00000354876	0	0	0	0	0.999	0.746	0.792	0.945	0.999
NDUFA1	NDUFAF7	9606.ENSP00000360492	9606.ENSP00000002125	0	0	0	0	0.042	0	0.500	0.271	0.620
NDUFA1	NDUFB4	9606.ENSP00000360492	9606.ENSP00000184266	0	0	0	0	0.573	0.923	0.967	0.659	0.999
NDUFA1	UQCRC1	9606.ENSP00000360492	9606.ENSP00000203407	0	0	0	0	0.129	0.844	0	0.473	0.922
NDUFA1	NDUFB7	9606.ENSP00000360492	9606.ENSP00000215565	0	0	0	0	0.323	0.941	0.967	0.707	0.999
NDUFA1	COX6A1	9606.ENSP00000360492	9606.ENSP00000229379	0	0	0	0	0.398	0.258	0	0.470	0.742
NDUFA1	NDUFS7	9606.ENSP00000360492	9606.ENSP00000233627	0	0	0	0	0.268	0.913	0.967	0.783	0.999
NDUFA1	NDUFA2	9606.ENSP00000360492	9606.ENSP00000252102	0	0	0	0	0.598	0.915	0.967	0.900	0.999
NDUFA1	NDUFA10	9606.ENSP00000360492	9606.ENSP00000252711	0	0	0	0	0.067	0.914	0.967	0.805	0.999
NDUFA1	COX5B	9606.ENSP00000360492	9606.ENSP00000258424	0	0	0	0	0.567	0.844	0	0.505	0.963
NDUFA1	NDUFB5	9606.ENSP00000360492	9606.ENSP00000259037	0	0	0	0	0.414	0.922	0.967	0.710	0.999
NDUFA1	NDUFAF1	9606.ENSP00000360492	9606.ENSP00000260361	0	0	0	0	0.075	0	0.967	0.514	0.984
NDUFA1	COX17	9606.ENSP00000360492	9606.ENSP00000261070	0	0	0	0	0.465	0	0	0.351	0.638
NDUFA1	FOXRED1	9606.ENSP00000360492	9606.ENSP00000263578	0	0	0	0	0	0	0.720	0.672	0.904
NDUFA1	NDUFS3	9606.ENSP00000360492	9606.ENSP00000263774	0	0	0	0	0.240	0.939	0.967	0.774	0.999
NDUFA1	SDHA	9606.ENSP00000360492	9606.ENSP00000264932	0	0	0	0	0.117	0	0	0.637	0.666
NDUFA1	NDUFA9	9606.ENSP00000360492	9606.ENSP00000266544	0	0	0	0	0.165	0.936	0.944	0.601	0.998
NDUFA1	UQCRC2	9606.ENSP00000360492	9606.ENSP00000268379	0	0	0	0	0.184	0.830	0	0.616	0.942
NDUFA1	NDUFB10	9606.ENSP00000360492	9606.ENSP00000268668	0	0	0	0	0.302	0.941	0.967	0.584	0.999
NDUFA1	ECSIT	9606.ENSP00000360492	9606.ENSP00000270517	0	0	0	0	0.042	0	0.500	0.555	0.768
NDUFA1	NDUFS6	9606.ENSP00000360492	9606.ENSP00000274137	0	0	0	0	0.629	0.943	0.967	0.894	0.999
NDUFA1	NDUFB11	9606.ENSP00000360492	9606.ENSP00000276062	0	0	0	0	0.516	0.937	0.967	0.789	0.999
NDUFA1	NDUFB9	9606.ENSP00000360492	9606.ENSP00000276689	0	0	0	0	0.394	0.920	0.967	0.711	0.999
NDUFA1	NDUFC2	9606.ENSP00000360492	9606.ENSP00000281031	0	0	0	0	0.433	0.918	0.944	0.623	0.998
NDUFA1	NUBPL	9606.ENSP00000360492	9606.ENSP00000281081	0	0	0	0	0	0	0	0.646	0.646
NDUFA1	COX7A1	9606.ENSP00000360492	9606.ENSP00000292907	0	0	0	0	0.072	0.830	0	0.564	0.925
NDUFA1	NDUFAF2	9606.ENSP00000360492	9606.ENSP00000296597	0	0	0	0	0.105	0	0.838	0.800	0.968
NDUFA1	NDUFS4	9606.ENSP00000360492	9606.ENSP00000296684	0	0	0	0	0.397	0.921	0.967	0.874	0.999
NDUFA1	NDUFB8	9606.ENSP00000360492	9606.ENSP00000299166	0	0	0	0	0.556	0.917	0.967	0.676	0.999
NDUFA1	NDUFA7	9606.ENSP00000360492	9606.ENSP00000301457	0	0	0	0	0.472	0.932	0.967	0.766	0.999
NDUFA1	UQCRFS1	9606.ENSP00000360492	9606.ENSP00000306397	0	0	0	0	0.193	0.830	0	0.402	0.911
NDUFA1	UQCRH	9606.ENSP00000360492	9606.ENSP00000309565	0	0	0	0	0.462	0.844	0	0.500	0.954
NDUFA1	PRKACA	9606.ENSP00000360492	9606.ENSP00000309591	0	0	0	0	0	0	0.650	0.103	0.672
NDUFA1	ACAD9	9606.ENSP00000360492	9606.ENSP00000312618	0	0	0	0	0.044	0	0.500	0.622	0.803
NDUFA1	NDUFS8	9606.ENSP00000360492	9606.ENSP00000315774	0	0	0	0	0.194	0.974	0.967	0.850	0.999
NDUFA1	CYC1	9606.ENSP00000360492	9606.ENSP00000317159	0	0	0	0	0.140	0.830	0	0.205	0.873
NDUFA1	COX5A	9606.ENSP00000360492	9606.ENSP00000317780	0	0	0	0	0.324	0.830	0	0.471	0.934
NDUFA1	COX8A	9606.ENSP00000360492	9606.ENSP00000321260	0	0	0	0	0.421	0	0	0.436	0.660
NDUFA1	NDUFAF3	9606.ENSP00000360492	9606.ENSP00000323076	0	0	0	0	0.067	0	0.838	0.627	0.938
NDUFA1	COX14	9606.ENSP00000360492	9606.ENSP00000326052	0	0	0	0	0.369	0	0	0.249	0.506
NDUFA1	NDUFV2	9606.ENSP00000360492	9606.ENSP00000327268	0	0	0	0	0.258	0.941	0.967	0.857	0.999
NDUFA1	NDUFA12	9606.ENSP00000360492	9606.ENSP00000330737	0	0	0	0	0.496	0.938	0.967	0.709	0.999
NDUFA1	TMEM186	9606.ENSP00000360492	9606.ENSP00000331640	0	0	0	0	0.049	0	0.500	0.156	0.563
NDUFA1	UQCR10	9606.ENSP00000360492	9606.ENSP00000332887	0	0	0	0	0.756	0.830	0	0.526	0.978
NDUFA1	NDUFA4	9606.ENSP00000360492	9606.ENSP00000339720	0	0	0	0	0.579	0	0.944	0.808	0.995
NDUFA1	NDUFV3	9606.ENSP00000360492	9606.ENSP00000346196	0	0	0	0	0.258	0.922	0.967	0.700	0.999
NDUFA1	TMEM126B	9606.ENSP00000360492	9606.ENSP00000351737	0	0	0	0	0.085	0	0.500	0.575	0.788
NDUFA1	MT-CO1	9606.ENSP00000360492	9606.ENSP00000354499	0	0	0	0	0	0.830	0	0.284	0.873
NDUFA1	MT-CYB	9606.ENSP00000360492	9606.ENSP00000354554	0	0	0	0	0	0.830	0	0.574	0.924
NDUFA1	MT-ND1	9606.ENSP00000360492	9606.ENSP00000354687	0	0	0	0	0	0.965	0.967	0.850	0.999
NDUFA1	MT-ND5	9606.ENSP00000360492	9606.ENSP00000354813	0	0	0	0	0	0.922	0.967	0.766	0.999
NDUFA1	MT-CO2	9606.ENSP00000360492	9606.ENSP00000354876	0	0	0	0	0.049	0.746	0	0.282	0.811
NDUFA1	MT-ND4	9606.ENSP00000360492	9606.ENSP00000354961	0	0	0	0	0	0.915	0.967	0.667	0.999
NDUFA1	MT-CO3	9606.ENSP00000360492	9606.ENSP00000354982	0	0	0	0	0.049	0.830	0	0.118	0.845
NDUFA1	MT-ND2	9606.ENSP00000360492	9606.ENSP00000355046	0	0	0	0	0	0.856	0.967	0.568	0.997
NDUFA1	SDHC	9606.ENSP00000360492	9606.ENSP00000356953	0	0	0	0	0.198	0	0	0.528	0.605
NDUFA1	NDUFS2	9606.ENSP00000360492	9606.ENSP00000356972	0	0	0	0	0.110	0.928	0.967	0.839	0.999
NDUFA1	NDUFAF4	9606.ENSP00000360492	9606.ENSP00000358272	0	0	0	0	0.060	0	0.838	0.717	0.953
NDUFA1	COX7A2	9606.ENSP00000360492	9606.ENSP00000359098	0	0	0	0	0.675	0	0	0.482	0.824
NDUFA1	PRKACB	9606.ENSP00000360492	9606.ENSP00000359719	0	0	0	0	0	0	0.650	0.094	0.669
NDUFA1	SDHD	9606.ENSP00000360492	9606.ENSP00000364699	0	0	0	0	0.107	0	0	0.409	0.450
NDUFA1	COA1	9606.ENSP00000360492	9606.ENSP00000379218	0	0	0	0	0.098	0	0.500	0.145	0.580
NDUFA1	SDHB	9606.ENSP00000360492	9606.ENSP00000364649	0	0	0	0	0.208	0	0	0.598	0.668
NDUFA1	NDUFAF6	9606.ENSP00000360492	9606.ENSP00000379430	0	0	0	0	0	0	0.500	0.391	0.682
NDUFA1	TIMMDC1	9606.ENSP00000360492	9606.ENSP00000418803	0	0	0	0	0.067	0	0.500	0.555	0.774
NDUFA1	NDUFAF5	9606.ENSP00000360492	9606.ENSP00000367346	0	0	0	0	0.049	0	0.500	0.682	0.835
NDUFA1	COX6C	9606.ENSP00000360492	9606.ENSP00000429707	0	0	0	0	0.614	0.507	0	0.447	0.885
NDUFA1	COX4I1	9606.ENSP00000360492	9606.ENSP00000457513	0	0	0	0	0.403	0.844	0	0.445	0.943
NDUFA1	UQCRB	9606.ENSP00000360492	9606.ENSP00000430494	0	0	0	0	0.486	0.812	0	0.508	0.948
NDUFA1	UQCR11	9606.ENSP00000360492	9606.ENSP00000467262	0	0	0	0	0.676	0.830	0	0.575	0.974
NDUFA1	COX6B1	9606.ENSP00000360492	9606.ENSP00000466818	0	0	0	0	0.789	0.845	0	0.433	0.979
NDUFA1	UQCRQ	9606.ENSP00000360492	9606.ENSP00000367939	0	0	0	0	0.790	0.830	0	0.544	0.982
NDUFA1	COX7B	9606.ENSP00000360492	9606.ENSP00000497474	0	0	0	0	0.643	0.842	0	0.730	0.983
NDUFA1	COX7C	9606.ENSP00000360492	9606.ENSP00000425759	0	0	0	0	0.802	0.830	0	0.736	0.990
NDUFA1	NDUFC1	9606.ENSP00000360492	9606.ENSP00000441126	0	0	0	0	0.482	0.825	0.967	0.608	0.998
NDUFA1	NDUFA6	9606.ENSP00000360492	9606.ENSP00000482543	0	0	0	0	0.863	0.998	0.967	0.825	0.999
NDUFA1	NDUFB6	9606.ENSP00000360492	9606.ENSP00000369176	0	0	0	0	0.468	0.940	0.967	0.685	0.999
NDUFA1	NDUFA5	9606.ENSP00000360492	9606.ENSP00000417142	0	0	0	0	0.724	0.938	0.967	0.755	0.999
NDUFA1	NDUFB1	9606.ENSP00000360492	9606.ENSP00000483888	0	0	0	0	0.522	0.940	0.900	0.788	0.999
NDUFA1	NDUFB2	9606.ENSP00000360492	9606.ENSP00000419087	0	0	0	0	0.455	0.919	0.967	0.592	0.999
NDUFA1	NDUFS5	9606.ENSP00000360492	9606.ENSP00000362058	0	0	0	0	0.826	0.966	0.900	0.811	0.999
NDUFA1	NDUFA8	9606.ENSP00000360492	9606.ENSP00000362873	0	0	0	0	0.283	0.984	0.967	0.692	0.999
NDUFA1	NDUFA3	9606.ENSP00000360492	9606.ENSP00000418438	0	0	0	0	0.493	0.920	0.967	0.756	0.999
NDUFA1	NDUFV1	9606.ENSP00000360492	9606.ENSP00000497587	0	0	0	0	0.169	0.941	0.967	0.818	0.999
NDUFA1	NDUFA13	9606.ENSP00000360492	9606.ENSP00000423673	0	0	0	0	0.668	0.969	0.967	0.756	0.999
NDUFA1	NDUFS1	9606.ENSP00000360492	9606.ENSP00000392709	0	0	0	0	0.049	0.939	0.967	0.818	0.999
NDUFA1	NDUFAB1	9606.ENSP00000360492	9606.ENSP00000458770	0	0	0	0	0.284	0.993	0.967	0.666	0.999
NDUFA1	NDUFA11	9606.ENSP00000360492	9606.ENSP00000389160	0	0	0	0	0.442	0.852	0.944	0.874	0.999
NDUFA1	NDUFB3	9606.ENSP00000360492	9606.ENSP00000407336	0	0	0	0	0.848	0.920	0.967	0.768	0.999
NDUFA10	NDUFAF7	9606.ENSP00000252711	9606.ENSP00000002125	0	0	0	0	0.067	0.357	0.500	0.181	0.721
NDUFA10	COX15	9606.ENSP00000252711	9606.ENSP00000016171	0	0	0	0	0.103	0	0	0.469	0.503
NDUFA10	NDUFB4	9606.ENSP00000252711	9606.ENSP00000184266	0	0	0	0	0.163	0.954	0.967	0.949	0.999
NDUFA10	UQCRC1	9606.ENSP00000252711	9606.ENSP00000203407	0	0	0	0	0.924	0.867	0.134	0.671	0.996
NDUFA10	NDUFB7	9606.ENSP00000252711	9606.ENSP00000215565	0	0	0	0	0.355	0.970	0.967	0.664	0.999
NDUFA10	COX6A1	9606.ENSP00000252711	9606.ENSP00000229379	0	0	0	0	0.128	0.353	0	0.341	0.596
NDUFA10	NDUFS7	9606.ENSP00000252711	9606.ENSP00000233627	0	0	0	0	0.619	0.959	0.967	0.774	0.999
NDUFA10	NDUFA2	9606.ENSP00000252711	9606.ENSP00000252102	0	0	0	0	0.226	0.998	0.967	0.947	0.999
NDUFA10	SDHD	9606.ENSP00000252711	9606.ENSP00000364699	0	0	0	0	0.192	0	0	0.299	0.410
NDUFA10	COX8A	9606.ENSP00000252711	9606.ENSP00000321260	0	0	0	0	0.098	0.125	0	0.354	0.445
NDUFA10	COA6	9606.ENSP00000252711	9606.ENSP00000355574	0	0	0	0	0.152	0.273	0	0.190	0.457
NDUFA10	TMEM186	9606.ENSP00000252711	9606.ENSP00000331640	0	0	0	0	0.058	0	0.500	0.159	0.569
NDUFA10	SDHC	9606.ENSP00000252711	9606.ENSP00000356953	0	0	0	0	0.473	0	0	0.266	0.597
NDUFA10	COA1	9606.ENSP00000252711	9606.ENSP00000379218	0	0	0	0	0.118	0	0.500	0.246	0.638
NDUFA10	ECSIT	9606.ENSP00000252711	9606.ENSP00000270517	0	0	0	0	0.164	0	0.500	0.238	0.653
NDUFA10	PRKACB	9606.ENSP00000252711	9606.ENSP00000359719	0	0	0	0	0.058	0	0.650	0	0.656
NDUFA10	PRKACA	9606.ENSP00000252711	9606.ENSP00000309591	0	0	0	0	0.058	0	0.650	0	0.656
NDUFA10	COX7A2	9606.ENSP00000252711	9606.ENSP00000359098	0	0	0	0	0.163	0	0	0.630	0.677
NDUFA10	SDHB	9606.ENSP00000252711	9606.ENSP00000364649	0	0	0	0	0.346	0.244	0	0.405	0.680
NDUFA10	COX6C	9606.ENSP00000252711	9606.ENSP00000429707	0	0	0	0	0.241	0.507	0	0.250	0.694
NDUFA10	TIMMDC1	9606.ENSP00000252711	9606.ENSP00000418803	0	0	0	0	0.217	0	0.500	0.340	0.719
NDUFA10	ACAD9	9606.ENSP00000252711	9606.ENSP00000312618	0	0	0	0	0.138	0	0.500	0.454	0.744
NDUFA10	TMEM126B	9606.ENSP00000252711	9606.ENSP00000351737	0	0	0	0	0.049	0	0.500	0.574	0.779
NDUFA10	SDHA	9606.ENSP00000252711	9606.ENSP00000264932	0	0	0	0	0.586	0.097	0	0.490	0.793
NDUFA10	NDUFAF5	9606.ENSP00000252711	9606.ENSP00000367346	0	0	0	0	0.054	0.316	0.500	0.454	0.800
NDUFA10	NDUFAF6	9606.ENSP00000252711	9606.ENSP00000379430	0	0	0	0	0.099	0.095	0.500	0.597	0.814
NDUFA10	MT-CO2	9606.ENSP00000252711	9606.ENSP00000354876	0	0	0	0	0.057	0.746	0	0.460	0.859
NDUFA10	MT-CO3	9606.ENSP00000252711	9606.ENSP00000354982	0	0	0	0	0.054	0.844	0	0.178	0.868
NDUFA10	COX7A1	9606.ENSP00000252711	9606.ENSP00000292907	0	0	0	0	0	0.844	0	0.226	0.874
NDUFA10	FOXRED1	9606.ENSP00000252711	9606.ENSP00000263578	0	0	0	0	0.049	0.292	0.720	0.416	0.875
NDUFA10	MT-CYB	9606.ENSP00000252711	9606.ENSP00000354554	0	0	0	0	0.061	0.855	0	0.276	0.893
NDUFA10	NDUFAF3	9606.ENSP00000252711	9606.ENSP00000323076	0	0	0	0	0.074	0	0.838	0.362	0.896
NDUFA10	UQCR10	9606.ENSP00000252711	9606.ENSP00000332887	0	0	0	0	0.208	0.866	0	0.146	0.902
NDUFA10	COX7C	9606.ENSP00000252711	9606.ENSP00000425759	0	0	0	0	0.172	0.844	0	0.332	0.906
NDUFA10	NDUFAF4	9606.ENSP00000252711	9606.ENSP00000358272	0	0	0	0	0.093	0	0.838	0.410	0.906
NDUFA10	MT-CO1	9606.ENSP00000252711	9606.ENSP00000354499	0	0	0	0	0.058	0.844	0	0.430	0.909
NDUFA10	COX7B	9606.ENSP00000252711	9606.ENSP00000497474	0	0	0	0	0.199	0.842	0	0.359	0.912
NDUFA10	NDUFAF2	9606.ENSP00000252711	9606.ENSP00000296597	0	0	0	0	0.056	0	0.838	0.482	0.914
NDUFA10	UQCR11	9606.ENSP00000252711	9606.ENSP00000467262	0	0	0	0	0.304	0.844	0	0.321	0.920
NDUFA10	UQCRH	9606.ENSP00000252711	9606.ENSP00000309565	0	0	0	0	0.147	0.856	0.163	0.419	0.932
NDUFA10	COX6B1	9606.ENSP00000252711	9606.ENSP00000466818	0	0	0	0	0.216	0.895	0	0.423	0.948
NDUFA10	UQCRQ	9606.ENSP00000252711	9606.ENSP00000367939	0	0	0	0	0.288	0.883	0.172	0.401	0.953
NDUFA10	UQCRB	9606.ENSP00000252711	9606.ENSP00000430494	0	0	0	0	0.245	0.922	0	0.306	0.956
NDUFA10	UQCRFS1	9606.ENSP00000252711	9606.ENSP00000306397	0	0	0	0	0.582	0.866	0.172	0.452	0.971
NDUFA10	COX4I1	9606.ENSP00000252711	9606.ENSP00000457513	0	0	0	0	0.629	0.884	0.114	0.513	0.979
NDUFA10	CYC1	9606.ENSP00000252711	9606.ENSP00000317159	0	0	0	0	0.675	0.898	0	0.467	0.980
NDUFA10	COX5A	9606.ENSP00000252711	9606.ENSP00000317780	0	0	0	0	0.694	0.876	0	0.541	0.981
NDUFA10	COX5B	9606.ENSP00000252711	9606.ENSP00000258424	0	0	0	0	0.579	0.881	0	0.715	0.984
NDUFA10	NDUFAF1	9606.ENSP00000252711	9606.ENSP00000260361	0	0	0	0	0.112	0	0.967	0.541	0.985
NDUFA10	UQCRC2	9606.ENSP00000252711	9606.ENSP00000268379	0	0	0	0	0.694	0.894	0.172	0.544	0.986
NDUFA10	NDUFA4	9606.ENSP00000252711	9606.ENSP00000339720	0	0	0	0	0.166	0.251	0.944	0.698	0.988
NDUFA10	NDUFB1	9606.ENSP00000252711	9606.ENSP00000483888	0	0	0	0	0.099	0.894	0.900	0.536	0.995
NDUFA10	MT-ND5	9606.ENSP00000252711	9606.ENSP00000354813	0	0	0	0	0.066	0.894	0.967	0.435	0.997
NDUFA10	MT-ND1	9606.ENSP00000252711	9606.ENSP00000354687	0	0	0	0	0.066	0.856	0.967	0.452	0.997
NDUFA10	NDUFC1	9606.ENSP00000252711	9606.ENSP00000441126	0	0	0	0	0.138	0.920	0.967	0.482	0.998
NDUFA10	NDUFB3	9606.ENSP00000252711	9606.ENSP00000407336	0	0	0	0	0.216	0.936	0.967	0.709	0.999
NDUFA10	NDUFS1	9606.ENSP00000252711	9606.ENSP00000392709	0	0	0	0	0.496	0.950	0.967	0.881	0.999
NDUFA10	NDUFAB1	9606.ENSP00000252711	9606.ENSP00000458770	0	0	0	0	0.238	0.991	0.967	0.633	0.999
NDUFA10	NDUFV2	9606.ENSP00000252711	9606.ENSP00000327268	0	0	0	0	0.381	0.977	0.967	0.717	0.999
NDUFA10	MT-ND4	9606.ENSP00000252711	9606.ENSP00000354961	0	0	0	0	0.067	0.959	0.967	0.426	0.999
NDUFA10	NDUFC2	9606.ENSP00000252711	9606.ENSP00000281031	0	0	0	0	0.373	0.963	0.944	0.607	0.999
NDUFA10	NDUFA13	9606.ENSP00000252711	9606.ENSP00000423673	0	0	0	0	0.650	0.892	0.967	0.638	0.999
NDUFA10	NDUFB5	9606.ENSP00000252711	9606.ENSP00000259037	0	0	0	0	0.883	0.921	0.967	0.755	0.999
NDUFA10	NDUFB2	9606.ENSP00000252711	9606.ENSP00000419087	0	0	0	0	0.151	0.813	0.967	0.918	0.999
NDUFA10	NDUFA12	9606.ENSP00000252711	9606.ENSP00000330737	0	0	0	0	0.350	0.937	0.967	0.559	0.999
NDUFA10	NDUFA9	9606.ENSP00000252711	9606.ENSP00000266544	0	0	0	0	0.867	0.998	0.944	0.886	0.999
NDUFA10	NDUFA5	9606.ENSP00000252711	9606.ENSP00000417142	0	0	0	0	0.206	0.981	0.967	0.953	0.999
NDUFA10	NDUFB8	9606.ENSP00000252711	9606.ENSP00000299166	0	0	0	0	0.743	0.894	0.967	0.763	0.999
NDUFA10	NDUFA6	9606.ENSP00000252711	9606.ENSP00000482543	0	0	0	0	0.254	0.998	0.967	0.789	0.999
NDUFA10	NDUFS6	9606.ENSP00000252711	9606.ENSP00000274137	0	0	0	0	0.351	0.918	0.967	0.711	0.999
NDUFA10	NDUFB11	9606.ENSP00000252711	9606.ENSP00000276062	0	0	0	0	0.329	0.982	0.967	0.710	0.999
NDUFA10	NDUFA1	9606.ENSP00000252711	9606.ENSP00000360492	0	0	0	0	0.067	0.914	0.967	0.805	0.999
NDUFA10	NDUFA11	9606.ENSP00000252711	9606.ENSP00000389160	0	0	0	0	0.259	0.998	0.944	0.742	0.999
NDUFA10	NDUFS4	9606.ENSP00000252711	9606.ENSP00000296684	0	0	0	0	0.297	0.957	0.967	0.745	0.999
NDUFA10	NDUFA7	9606.ENSP00000252711	9606.ENSP00000301457	0	0	0	0	0.244	0.914	0.967	0.957	0.999
NDUFA10	MT-ND2	9606.ENSP00000252711	9606.ENSP00000355046	0	0	0	0	0.056	0.959	0.967	0.436	0.999
NDUFA10	NDUFS3	9606.ENSP00000252711	9606.ENSP00000263774	0	0	0	0	0.854	0.918	0.967	0.820	0.999
NDUFA10	NDUFV1	9606.ENSP00000252711	9606.ENSP00000497587	0	0	0	0	0.949	0.959	0.967	0.828	0.999
NDUFA10	NDUFA3	9606.ENSP00000252711	9606.ENSP00000418438	0	0	0	0	0.167	0.921	0.967	0.678	0.999
NDUFA10	NDUFB9	9606.ENSP00000252711	9606.ENSP00000276689	0	0	0	0	0.456	0.926	0.967	0.818	0.999
NDUFA10	NDUFA8	9606.ENSP00000252711	9606.ENSP00000362873	0	0	0	0	0.434	0.957	0.967	0.718	0.999
NDUFA10	NDUFS2	9606.ENSP00000252711	9606.ENSP00000356972	0	0	0	0	0.940	0.982	0.967	0.905	0.999
NDUFA10	NDUFS5	9606.ENSP00000252711	9606.ENSP00000362058	0	0	0	0	0.353	0.957	0.900	0.718	0.999
NDUFA10	NDUFB10	9606.ENSP00000252711	9606.ENSP00000268668	0	0	0	0	0.528	0.957	0.967	0.980	0.999
NDUFA10	NDUFV3	9606.ENSP00000252711	9606.ENSP00000346196	0	0	0	0	0.179	0.934	0.967	0.586	0.999
NDUFA10	NDUFB6	9606.ENSP00000252711	9606.ENSP00000369176	0	0	0	0	0.435	0.956	0.967	0.705	0.999
NDUFA10	NDUFS8	9606.ENSP00000252711	9606.ENSP00000315774	0	0	0	0	0.846	0.912	0.967	0.804	0.999
NDUFA11	NDUFAF7	9606.ENSP00000389160	9606.ENSP00000002125	0	0	0	0	0.101	0	0.500	0	0.531
NDUFA11	COX15	9606.ENSP00000389160	9606.ENSP00000016171	0	0	0	0	0.097	0	0	0.384	0.420
NDUFA11	NDUFB4	9606.ENSP00000389160	9606.ENSP00000184266	0	0	0	0	0.585	0.999	0.944	0.641	0.999
NDUFA11	UQCRC1	9606.ENSP00000389160	9606.ENSP00000203407	0	0	0	0	0.571	0.852	0	0.556	0.969
NDUFA11	NDUFB7	9606.ENSP00000389160	9606.ENSP00000215565	0	0	0	0	0.924	0.878	0.944	0.763	0.999
NDUFA11	COX6A1	9606.ENSP00000389160	9606.ENSP00000229379	0	0	0	0	0.445	0.189	0	0.463	0.737
NDUFA11	NDUFS7	9606.ENSP00000389160	9606.ENSP00000233627	0	0	0	0	0.925	0.998	0.944	0.890	0.999
NDUFA11	NDUFA2	9606.ENSP00000389160	9606.ENSP00000252102	0	0	0	0	0.806	0.998	0.944	0.857	0.999
NDUFA11	NDUFA10	9606.ENSP00000389160	9606.ENSP00000252711	0	0	0	0	0.259	0.998	0.944	0.742	0.999
NDUFA11	SCO1	9606.ENSP00000389160	9606.ENSP00000255390	0	0	0	0	0.197	0	0	0.283	0.400
NDUFA11	COX5B	9606.ENSP00000389160	9606.ENSP00000258424	0	0	0	0	0.777	0.931	0	0.589	0.993
NDUFA11	NDUFB5	9606.ENSP00000389160	9606.ENSP00000259037	0	0	0	0	0.663	0.999	0.944	0.787	0.999
NDUFA11	NDUFAF1	9606.ENSP00000389160	9606.ENSP00000260361	0	0	0	0	0.056	0	0.944	0.590	0.976
NDUFA11	FOXRED1	9606.ENSP00000389160	9606.ENSP00000263578	0	0	0	0	0.055	0	0.720	0.697	0.912
NDUFA11	NDUFS3	9606.ENSP00000389160	9606.ENSP00000263774	0	0	0	0	0.513	0.998	0.944	0.727	0.999
NDUFA11	SDHA	9606.ENSP00000389160	9606.ENSP00000264932	0	0	0	0	0.229	0	0	0.350	0.477
NDUFA11	NDUFA9	9606.ENSP00000389160	9606.ENSP00000266544	0	0	0	0	0.619	0.998	0.933	0.680	0.999
NDUFA11	UQCRC2	9606.ENSP00000389160	9606.ENSP00000268379	0	0	0	0	0.164	0.852	0	0.365	0.914
NDUFA11	NDUFB10	9606.ENSP00000389160	9606.ENSP00000268668	0	0	0	0	0.630	0.878	0.944	0.750	0.999
NDUFA11	ECSIT	9606.ENSP00000389160	9606.ENSP00000270517	0	0	0	0	0.417	0	0.500	0.368	0.800
NDUFA11	NDUFS6	9606.ENSP00000389160	9606.ENSP00000274137	0	0	0	0	0.741	0.998	0.944	0.784	0.999
NDUFA11	NDUFB11	9606.ENSP00000389160	9606.ENSP00000276062	0	0	0	0	0.761	0.998	0.944	0.683	0.999
NDUFA11	NDUFB9	9606.ENSP00000389160	9606.ENSP00000276689	0	0	0	0	0.706	0.878	0.944	0.864	0.999
NDUFA11	NDUFC2	9606.ENSP00000389160	9606.ENSP00000281031	0	0	0	0	0.621	0.856	0.933	0.726	0.998
NDUFA11	NUBPL	9606.ENSP00000389160	9606.ENSP00000281081	0	0	0	0	0	0	0	0.721	0.721
NDUFA11	COX7A1	9606.ENSP00000389160	9606.ENSP00000292907	0	0	0	0	0.060	0.824	0	0.437	0.899
NDUFA11	NDUFAF2	9606.ENSP00000389160	9606.ENSP00000296597	0	0	0	0	0.151	0	0.722	0.730	0.930
NDUFA11	NDUFS4	9606.ENSP00000389160	9606.ENSP00000296684	0	0	0	0	0.555	0.998	0.944	0.735	0.999
NDUFA11	NDUFB8	9606.ENSP00000389160	9606.ENSP00000299166	0	0	0	0	0.841	0.998	0.944	0.701	0.999
NDUFA11	NDUFA7	9606.ENSP00000389160	9606.ENSP00000301457	0	0	0	0	0.895	0.852	0.944	0.752	0.999
NDUFA11	UQCRFS1	9606.ENSP00000389160	9606.ENSP00000306397	0	0	0	0	0.360	0.998	0	0.412	0.999
NDUFA11	TMEM126A	9606.ENSP00000389160	9606.ENSP00000306887	0	0	0	0	0.336	0	0	0.227	0.465
NDUFA11	UQCRH	9606.ENSP00000389160	9606.ENSP00000309565	0	0	0	0	0.382	0.852	0	0.641	0.964
NDUFA11	PRKACA	9606.ENSP00000389160	9606.ENSP00000309591	0	0	0	0	0.047	0	0.650	0	0.652
NDUFA11	ACAD9	9606.ENSP00000389160	9606.ENSP00000312618	0	0	0	0	0.075	0	0.500	0.437	0.717
NDUFA11	NDUFS8	9606.ENSP00000389160	9606.ENSP00000315774	0	0	0	0	0.835	0.998	0.944	0.911	0.999
NDUFA11	CYC1	9606.ENSP00000389160	9606.ENSP00000317159	0	0	0	0	0.621	0.852	0	0.358	0.960
NDUFA11	COX5A	9606.ENSP00000389160	9606.ENSP00000317780	0	0	0	0	0.314	0.824	0	0.399	0.921
NDUFA11	COX8A	9606.ENSP00000389160	9606.ENSP00000321260	0	0	0	0	0.509	0	0	0.379	0.682
NDUFA11	NDUFAF3	9606.ENSP00000389160	9606.ENSP00000323076	0	0	0	0	0.249	0	0.722	0.690	0.929
NDUFA11	COX14	9606.ENSP00000389160	9606.ENSP00000326052	0	0	0	0	0.634	0	0	0.211	0.699
NDUFA11	NDUFV2	9606.ENSP00000389160	9606.ENSP00000327268	0	0	0	0	0.303	0.998	0.944	0.849	0.999
NDUFA11	NDUFA12	9606.ENSP00000389160	9606.ENSP00000330737	0	0	0	0	0.790	0.998	0.944	0.730	0.999
NDUFA11	TMEM186	9606.ENSP00000389160	9606.ENSP00000331640	0	0	0	0	0.056	0	0.500	0.155	0.566
NDUFA11	UQCR10	9606.ENSP00000389160	9606.ENSP00000332887	0	0	0	0	0.769	0.998	0	0.660	0.999
NDUFA11	NDUFA4	9606.ENSP00000389160	9606.ENSP00000339720	0	0	0	0	0.265	0	0.933	0.629	0.980
NDUFA11	NDUFV3	9606.ENSP00000389160	9606.ENSP00000346196	0	0	0	0	0.402	0.998	0.944	0.476	0.999
NDUFA11	TMEM126B	9606.ENSP00000389160	9606.ENSP00000351737	0	0	0	0	0.054	0	0.500	0.579	0.783
NDUFA11	MT-CO1	9606.ENSP00000389160	9606.ENSP00000354499	0	0	0	0	0.147	0.824	0	0.159	0.863
NDUFA11	MT-CYB	9606.ENSP00000389160	9606.ENSP00000354554	0	0	0	0	0	0.852	0	0.548	0.930
NDUFA11	MT-ND1	9606.ENSP00000389160	9606.ENSP00000354687	0	0	0	0	0.391	0.852	0.944	0.713	0.998
NDUFA11	MT-ND5	9606.ENSP00000389160	9606.ENSP00000354813	0	0	0	0	0.257	0.999	0.944	0.782	0.999
NDUFA11	MT-CO2	9606.ENSP00000389160	9606.ENSP00000354876	0	0	0	0	0.082	0.514	0	0.190	0.607
NDUFA11	MT-ND4	9606.ENSP00000389160	9606.ENSP00000354961	0	0	0	0	0.256	0.999	0.944	0.638	0.999
NDUFA11	MT-CO3	9606.ENSP00000389160	9606.ENSP00000354982	0	0	0	0	0.084	0.824	0	0.167	0.854
NDUFA11	MT-ND2	9606.ENSP00000389160	9606.ENSP00000355046	0	0	0	0	0.108	0.978	0.944	0.624	0.999
NDUFA11	SDHC	9606.ENSP00000389160	9606.ENSP00000356953	0	0	0	0	0.422	0	0	0.305	0.581
NDUFA11	NDUFS2	9606.ENSP00000389160	9606.ENSP00000356972	0	0	0	0	0.262	0.998	0.944	0.869	0.999
NDUFA11	NDUFAF4	9606.ENSP00000389160	9606.ENSP00000358272	0	0	0	0	0.049	0	0.722	0.764	0.932
NDUFA11	COX7A2	9606.ENSP00000389160	9606.ENSP00000359098	0	0	0	0	0.470	0	0	0.489	0.718
NDUFA11	PRKACB	9606.ENSP00000389160	9606.ENSP00000359719	0	0	0	0	0.042	0	0.650	0	0.650
NDUFA11	NDUFA1	9606.ENSP00000389160	9606.ENSP00000360492	0	0	0	0	0.442	0.852	0.944	0.874	0.999
NDUFA11	NDUFS5	9606.ENSP00000389160	9606.ENSP00000362058	0	0	0	0	0.827	0.998	0.900	0.553	0.999
NDUFA11	NDUFA8	9606.ENSP00000389160	9606.ENSP00000362873	0	0	0	0	0.731	0.952	0.944	0.744	0.999
NDUFA11	SDHB	9606.ENSP00000389160	9606.ENSP00000364649	0	0	0	0	0.621	0	0	0.563	0.827
NDUFA11	SDHD	9606.ENSP00000389160	9606.ENSP00000364699	0	0	0	0	0.265	0	0	0.320	0.480
NDUFA11	NDUFAF5	9606.ENSP00000389160	9606.ENSP00000367346	0	0	0	0	0.058	0	0.500	0.710	0.851
NDUFA11	COX7A2L	9606.ENSP00000389160	9606.ENSP00000367938	0	0	0	0	0.072	0	0	0.383	0.403
NDUFA11	UQCRQ	9606.ENSP00000389160	9606.ENSP00000367939	0	0	0	0	0.795	0.852	0	0.909	0.997
NDUFA11	NDUFB6	9606.ENSP00000389160	9606.ENSP00000369176	0	0	0	0	0.675	0.998	0.944	0.546	0.999
NDUFA11	COA1	9606.ENSP00000389160	9606.ENSP00000379218	0	0	0	0	0.117	0	0.500	0	0.539
NDUFA11	NDUFAF6	9606.ENSP00000389160	9606.ENSP00000379430	0	0	0	0	0	0	0.500	0.330	0.650
NDUFA11	DMAC2L	9606.ENSP00000389160	9606.ENSP00000451583	0	0	0	0	0.334	0	0	0.137	0.401
NDUFA11	HIGD1A	9606.ENSP00000389160	9606.ENSP00000398064	0	0	0	0	0.338	0	0	0.159	0.420
NDUFA11	BCS1L	9606.ENSP00000389160	9606.ENSP00000413908	0	0	0	0	0.212	0	0	0.348	0.464
NDUFA11	TIMMDC1	9606.ENSP00000389160	9606.ENSP00000418803	0	0	0	0	0.060	0	0.500	0.439	0.713
NDUFA11	COX6C	9606.ENSP00000389160	9606.ENSP00000429707	0	0	0	0	0.507	0.429	0	0.300	0.785
NDUFA11	COX4I1	9606.ENSP00000389160	9606.ENSP00000457513	0	0	0	0	0.475	0.830	0	0.359	0.937
NDUFA11	COX6B1	9606.ENSP00000389160	9606.ENSP00000466818	0	0	0	0	0.461	0.830	0	0.446	0.945
NDUFA11	COX7C	9606.ENSP00000389160	9606.ENSP00000425759	0	0	0	0	0.441	0.824	0	0.569	0.954
NDUFA11	COX7B	9606.ENSP00000389160	9606.ENSP00000497474	0	0	0	0	0.275	0.829	0	0.675	0.956
NDUFA11	UQCRB	9606.ENSP00000389160	9606.ENSP00000430494	0	0	0	0	0.290	0.931	0	0.573	0.977
NDUFA11	UQCR11	9606.ENSP00000389160	9606.ENSP00000467262	0	0	0	0	0.849	0.824	0	0.679	0.990
NDUFA11	NDUFB2	9606.ENSP00000389160	9606.ENSP00000419087	0	0	0	0	0.518	0.811	0.944	0.430	0.996
NDUFA11	NDUFB1	9606.ENSP00000389160	9606.ENSP00000483888	0	0	0	0	0.376	0.878	0.900	0.691	0.997
NDUFA11	NDUFC1	9606.ENSP00000389160	9606.ENSP00000441126	0	0	0	0	0.529	0.820	0.944	0.571	0.997
NDUFA11	NDUFA6	9606.ENSP00000389160	9606.ENSP00000482543	0	0	0	0	0.352	0.998	0.944	0.758	0.999
NDUFA11	NDUFA5	9606.ENSP00000389160	9606.ENSP00000417142	0	0	0	0	0.638	0.998	0.944	0.658	0.999
NDUFA11	NDUFAB1	9606.ENSP00000389160	9606.ENSP00000458770	0	0	0	0	0.261	0.999	0.944	0.519	0.999
NDUFA11	NDUFS1	9606.ENSP00000389160	9606.ENSP00000392709	0	0	0	0	0.164	0.998	0.944	0.814	0.999
NDUFA11	NDUFB3	9606.ENSP00000389160	9606.ENSP00000407336	0	0	0	0	0.635	0.998	0.944	0.786	0.999
NDUFA11	NDUFA3	9606.ENSP00000389160	9606.ENSP00000418438	0	0	0	0	0.784	0.878	0.944	0.734	0.999
NDUFA11	NDUFV1	9606.ENSP00000389160	9606.ENSP00000497587	0	0	0	0	0.692	0.998	0.944	0.863	0.999
NDUFA11	NDUFA13	9606.ENSP00000389160	9606.ENSP00000423673	0	0	0	0	0.910	0.852	0.944	0.737	0.999
NDUFA12	NDUFAF7	9606.ENSP00000330737	9606.ENSP00000002125	0	0	0	0	0.076	0	0.500	0.348	0.672
NDUFA12	COX15	9606.ENSP00000330737	9606.ENSP00000016171	0	0	0	0	0.082	0.597	0	0.283	0.711
NDUFA12	NDUFB4	9606.ENSP00000330737	9606.ENSP00000184266	0	0	0	0	0.918	0.998	0.967	0.644	0.999
NDUFA12	UQCRC1	9606.ENSP00000330737	9606.ENSP00000203407	0	0	0	0	0.328	0.999	0	0.410	0.999
NDUFA12	NDUFB7	9606.ENSP00000330737	9606.ENSP00000215565	0	0	0	0	0.943	0.998	0.967	0.673	0.999
NDUFA12	COX6A1	9606.ENSP00000330737	9606.ENSP00000229379	0	0	0	0	0.645	0.314	0	0.486	0.864
NDUFA12	NDUFS7	9606.ENSP00000330737	9606.ENSP00000233627	0	0	0	0	0.895	0.999	0.967	0.800	0.999
NDUFA12	NDUFA2	9606.ENSP00000330737	9606.ENSP00000252102	0	0	0	0	0.965	0.998	0.967	0.814	0.999
NDUFA12	NDUFA10	9606.ENSP00000330737	9606.ENSP00000252711	0	0	0	0	0.350	0.937	0.967	0.559	0.999
NDUFA12	COX5B	9606.ENSP00000330737	9606.ENSP00000258424	0	0	0	0	0.878	0.855	0	0.429	0.989
NDUFA12	NDUFB5	9606.ENSP00000330737	9606.ENSP00000259037	0	0	0	0	0.938	0.998	0.967	0.615	0.999
NDUFA12	NDUFAF1	9606.ENSP00000330737	9606.ENSP00000260361	0	0	0	0	0.085	0.994	0.967	0.737	0.999
NDUFA12	COX17	9606.ENSP00000330737	9606.ENSP00000261070	0	0	0	0	0.385	0	0	0.248	0.517
NDUFA12	FOXRED1	9606.ENSP00000330737	9606.ENSP00000263578	0	0	0	0	0.044	0	0.720	0.441	0.837
NDUFA12	NDUFS3	9606.ENSP00000330737	9606.ENSP00000263774	0	0	0	0	0.931	0.998	0.967	0.679	0.999
NDUFA12	SDHA	9606.ENSP00000330737	9606.ENSP00000264932	0	0	0	0	0.620	0.097	0	0.391	0.773
NDUFA12	NDUFA9	9606.ENSP00000330737	9606.ENSP00000266544	0	0	0	0	0.896	0.999	0.944	0.660	0.999
NDUFA12	UQCRC2	9606.ENSP00000330737	9606.ENSP00000268379	0	0	0	0	0.634	0.934	0	0.355	0.983
NDUFA12	NDUFB10	9606.ENSP00000330737	9606.ENSP00000268668	0	0	0	0	0.862	0.998	0.967	0.765	0.999
NDUFA12	ECSIT	9606.ENSP00000330737	9606.ENSP00000270517	0	0	0	0	0.112	0	0.500	0.293	0.659
NDUFA12	NDUFS6	9606.ENSP00000330737	9606.ENSP00000274137	0	0	0	0	0.949	0.999	0.967	0.828	0.999
NDUFA12	NDUFB11	9606.ENSP00000330737	9606.ENSP00000276062	0	0	0	0	0.836	0.998	0.967	0.702	0.999
NDUFA12	NDUFB9	9606.ENSP00000330737	9606.ENSP00000276689	0	0	0	0	0.981	0.998	0.967	0.708	0.999
NDUFA12	NDUFC2	9606.ENSP00000330737	9606.ENSP00000281031	0	0	0	0	0.841	0.937	0.944	0.658	0.999
NDUFA12	NUBPL	9606.ENSP00000330737	9606.ENSP00000281081	0	0	0	0	0.045	0	0.500	0.336	0.655
NDUFA12	COX7A1	9606.ENSP00000330737	9606.ENSP00000292907	0	0	0	0	0.056	0.830	0	0.251	0.869
NDUFA12	NDUFAF2	9606.ENSP00000330737	9606.ENSP00000296597	0	0	0	0	0.252	0	0.935	0.963	0.998
NDUFA12	NDUFS4	9606.ENSP00000330737	9606.ENSP00000296684	0	0	0	0	0.990	0.999	0.967	0.863	0.999
NDUFA12	NDUFB8	9606.ENSP00000330737	9606.ENSP00000299166	0	0	0	0	0.981	0.998	0.967	0.592	0.999
NDUFA12	NDUFA7	9606.ENSP00000330737	9606.ENSP00000301457	0	0	0	0	0.666	0.999	0.967	0.826	0.999
NDUFA12	UQCRFS1	9606.ENSP00000330737	9606.ENSP00000306397	0	0	0	0	0.950	0.998	0.172	0.415	0.999
NDUFA12	TMEM126A	9606.ENSP00000330737	9606.ENSP00000306887	0	0	0	0	0.453	0	0	0.397	0.656
NDUFA12	UQCRH	9606.ENSP00000330737	9606.ENSP00000309565	0	0	0	0	0.759	0.980	0.163	0.473	0.997
NDUFA12	PRKACA	9606.ENSP00000330737	9606.ENSP00000309591	0	0	0	0	0.047	0	0.650	0	0.652
NDUFA12	ACAD9	9606.ENSP00000330737	9606.ENSP00000312618	0	0	0	0	0.075	0.088	0.500	0.343	0.686
NDUFA12	NDUFS8	9606.ENSP00000330737	9606.ENSP00000315774	0	0	0	0	0.977	0.999	0.967	0.829	0.999
NDUFA12	CYC1	9606.ENSP00000330737	9606.ENSP00000317159	0	0	0	0	0.678	0.993	0.172	0.196	0.998
NDUFA12	COX5A	9606.ENSP00000330737	9606.ENSP00000317780	0	0	0	0	0.969	0.876	0	0.389	0.997
NDUFA12	COX8A	9606.ENSP00000330737	9606.ENSP00000321260	0	0	0	0	0.444	0.135	0	0.305	0.636
NDUFA12	NDUFAF3	9606.ENSP00000330737	9606.ENSP00000323076	0	0	0	0	0.067	0	0.838	0.347	0.892
NDUFA12	NDUFV2	9606.ENSP00000330737	9606.ENSP00000327268	0	0	0	0	0.979	0.998	0.967	0.844	0.999
NDUFA12	UQCC2	9606.ENSP00000330737	9606.ENSP00000476140	0	0	0	0	0.271	0	0	0.286	0.457
NDUFA12	COA1	9606.ENSP00000330737	9606.ENSP00000379218	0	0	0	0	0.060	0	0.500	0.069	0.524
NDUFA12	TMEM186	9606.ENSP00000330737	9606.ENSP00000331640	0	0	0	0	0.049	0	0.500	0.225	0.599
NDUFA12	COA6	9606.ENSP00000330737	9606.ENSP00000355574	0	0	0	0	0.368	0.331	0	0.136	0.603
NDUFA12	PRKACB	9606.ENSP00000330737	9606.ENSP00000359719	0	0	0	0	0.042	0	0.650	0	0.650
NDUFA12	NDUFAF6	9606.ENSP00000330737	9606.ENSP00000379430	0	0	0	0	0.045	0	0.500	0.394	0.685
NDUFA12	NDUFAF5	9606.ENSP00000330737	9606.ENSP00000367346	0	0	0	0	0.147	0	0.500	0.482	0.760
NDUFA12	TMEM126B	9606.ENSP00000330737	9606.ENSP00000351737	0	0	0	0	0.267	0	0.500	0.419	0.768
NDUFA12	MT-CO2	9606.ENSP00000330737	9606.ENSP00000354876	0	0	0	0	0.083	0.746	0	0.226	0.804
NDUFA12	MT-CO3	9606.ENSP00000330737	9606.ENSP00000354982	0	0	0	0	0.108	0.830	0	0.155	0.860
NDUFA12	MT-CO1	9606.ENSP00000330737	9606.ENSP00000354499	0	0	0	0	0.103	0.830	0	0.242	0.874
NDUFA12	COX7A2	9606.ENSP00000330737	9606.ENSP00000359098	0	0	0	0	0.817	0	0	0.407	0.887
NDUFA12	MT-CYB	9606.ENSP00000330737	9606.ENSP00000354554	0	0	0	0	0	0.904	0	0.181	0.918
NDUFA12	SDHB	9606.ENSP00000330737	9606.ENSP00000364649	0	0	0	0	0.836	0.396	0	0.362	0.931
NDUFA12	SDHD	9606.ENSP00000330737	9606.ENSP00000364699	0	0	0	0	0.906	0	0	0.292	0.931
NDUFA12	COX7B	9606.ENSP00000330737	9606.ENSP00000497474	0	0	0	0	0.327	0.842	0	0.427	0.934
NDUFA12	NDUFAF4	9606.ENSP00000330737	9606.ENSP00000358272	0	0	0	0	0.151	0	0.838	0.608	0.941
NDUFA12	SDHC	9606.ENSP00000330737	9606.ENSP00000356953	0	0	0	0	0.941	0	0	0.205	0.951
NDUFA12	COX6C	9606.ENSP00000330737	9606.ENSP00000429707	0	0	0	0	0.863	0.726	0	0.251	0.969
NDUFA12	COX4I1	9606.ENSP00000330737	9606.ENSP00000457513	0	0	0	0	0.673	0.864	0	0.396	0.971
NDUFA12	COX6B1	9606.ENSP00000330737	9606.ENSP00000466818	0	0	0	0	0.734	0.873	0	0.359	0.976
NDUFA12	COX7C	9606.ENSP00000330737	9606.ENSP00000425759	0	0	0	0	0.760	0.830	0	0.489	0.977
NDUFA12	UQCR11	9606.ENSP00000330737	9606.ENSP00000467262	0	0	0	0	0.945	0.830	0	0.467	0.994
NDUFA12	UQCRQ	9606.ENSP00000330737	9606.ENSP00000367939	0	0	0	0	0.952	0.890	0	0.357	0.996
NDUFA12	NDUFB2	9606.ENSP00000330737	9606.ENSP00000419087	0	0	0	0	0.262	0.812	0.967	0.365	0.996
NDUFA12	NDUFB1	9606.ENSP00000330737	9606.ENSP00000483888	0	0	0	0	0.609	0.894	0.900	0.479	0.997
NDUFA12	TIMMDC1	9606.ENSP00000330737	9606.ENSP00000418803	0	0	0	0	0.081	0.994	0.500	0.395	0.998
NDUFA12	MT-ND4	9606.ENSP00000330737	9606.ENSP00000354961	0	0	0	0	0.250	0.991	0.967	0.489	0.999
NDUFA12	NDUFA4	9606.ENSP00000330737	9606.ENSP00000339720	0	0	0	0	0.895	0.736	0.944	0.745	0.999
NDUFA12	NDUFA13	9606.ENSP00000330737	9606.ENSP00000423673	0	0	0	0	0.953	0.998	0.967	0.768	0.999
NDUFA12	NDUFB3	9606.ENSP00000330737	9606.ENSP00000407336	0	0	0	0	0.966	0.998	0.967	0.606	0.999
NDUFA12	NDUFAB1	9606.ENSP00000330737	9606.ENSP00000458770	0	0	0	0	0.762	0.991	0.967	0.530	0.999
NDUFA12	NDUFS1	9606.ENSP00000330737	9606.ENSP00000392709	0	0	0	0	0.715	0.999	0.967	0.885	0.999
NDUFA12	NDUFC1	9606.ENSP00000330737	9606.ENSP00000441126	0	0	0	0	0.731	0.825	0.967	0.672	0.999
NDUFA12	MT-ND5	9606.ENSP00000330737	9606.ENSP00000354813	0	0	0	0	0.190	0.999	0.967	0.467	0.999
NDUFA12	NDUFA5	9606.ENSP00000330737	9606.ENSP00000417142	0	0	0	0	0.971	0.998	0.967	0.784	0.999
NDUFA12	NDUFA6	9606.ENSP00000330737	9606.ENSP00000482543	0	0	0	0	0.974	0.998	0.967	0.810	0.999
NDUFA12	UQCRB	9606.ENSP00000330737	9606.ENSP00000430494	0	0	0	0	0.973	0.981	0.172	0.342	0.999
NDUFA12	MT-ND2	9606.ENSP00000330737	9606.ENSP00000355046	0	0	0	0	0.127	0.988	0.967	0.503	0.999
NDUFA12	MT-ND1	9606.ENSP00000330737	9606.ENSP00000354687	0	0	0	0	0.254	0.999	0.967	0.551	0.999
NDUFA12	NDUFV1	9606.ENSP00000330737	9606.ENSP00000497587	0	0	0	0	0.877	0.998	0.967	0.918	0.999
NDUFA12	NDUFA3	9606.ENSP00000330737	9606.ENSP00000418438	0	0	0	0	0.546	0.894	0.967	0.635	0.999
NDUFA12	NDUFA1	9606.ENSP00000330737	9606.ENSP00000360492	0	0	0	0	0.496	0.938	0.967	0.709	0.999
NDUFA12	NDUFA11	9606.ENSP00000330737	9606.ENSP00000389160	0	0	0	0	0.790	0.998	0.944	0.730	0.999
NDUFA12	NDUFB6	9606.ENSP00000330737	9606.ENSP00000369176	0	0	0	0	0.985	0.998	0.967	0.676	0.999
NDUFA12	NDUFA8	9606.ENSP00000330737	9606.ENSP00000362873	0	0	0	0	0.975	0.995	0.967	0.791	0.999
NDUFA12	UQCR10	9606.ENSP00000330737	9606.ENSP00000332887	0	0	0	0	0.961	0.967	0	0.446	0.999
NDUFA12	NDUFS2	9606.ENSP00000330737	9606.ENSP00000356972	0	0	0	0	0.910	0.998	0.967	0.833	0.999
NDUFA12	NDUFS5	9606.ENSP00000330737	9606.ENSP00000362058	0	0	0	0	0.924	0.998	0.900	0.519	0.999
NDUFA12	NDUFV3	9606.ENSP00000330737	9606.ENSP00000346196	0	0	0	0	0.351	0.998	0.967	0.852	0.999
NDUFA13	NDUFAF7	9606.ENSP00000423673	9606.ENSP00000002125	0	0	0	0	0.108	0	0.500	0.386	0.702
NDUFA13	NDUFB4	9606.ENSP00000423673	9606.ENSP00000184266	0	0	0	0	0.892	0.884	0.967	0.681	0.999
NDUFA13	UQCRC1	9606.ENSP00000423673	9606.ENSP00000203407	0	0	0	0	0.681	0.917	0	0.389	0.982
NDUFA13	NDUFB7	9606.ENSP00000423673	9606.ENSP00000215565	0	0	0	0	0.980	0.991	0.967	0.783	0.999
NDUFA13	COX6A1	9606.ENSP00000423673	9606.ENSP00000229379	0	0	0	0	0.684	0.301	0	0.322	0.837
NDUFA13	NDUFS7	9606.ENSP00000423673	9606.ENSP00000233627	0	0	0	0	0.990	0.999	0.967	0.749	0.999
NDUFA13	NDUFA2	9606.ENSP00000423673	9606.ENSP00000252102	0	0	0	0	0.825	0.998	0.967	0.640	0.999
NDUFA13	NDUFA10	9606.ENSP00000423673	9606.ENSP00000252711	0	0	0	0	0.650	0.892	0.967	0.638	0.999
NDUFA13	COX5B	9606.ENSP00000423673	9606.ENSP00000258424	0	0	0	0	0.949	0.854	0	0.491	0.995
NDUFA13	NDUFB5	9606.ENSP00000423673	9606.ENSP00000259037	0	0	0	0	0.856	0.975	0.967	0.708	0.999
NDUFA13	NDUFAF1	9606.ENSP00000423673	9606.ENSP00000260361	0	0	0	0	0.135	0.996	0.967	0.632	0.999
NDUFA13	COX17	9606.ENSP00000423673	9606.ENSP00000261070	0	0	0	0	0.296	0	0	0.233	0.437
NDUFA13	TTC19	9606.ENSP00000423673	9606.ENSP00000261647	0	0	0	0	0.055	0	0	0.453	0.461
NDUFA13	FOXRED1	9606.ENSP00000423673	9606.ENSP00000263578	0	0	0	0	0.049	0	0.720	0.387	0.822
NDUFA13	NDUFS3	9606.ENSP00000423673	9606.ENSP00000263774	0	0	0	0	0.914	0.998	0.967	0.891	0.999
NDUFA13	STAT3	9606.ENSP00000423673	9606.ENSP00000264657	0	0	0	0	0.042	0.334	0	0.910	0.937
NDUFA13	SDHA	9606.ENSP00000423673	9606.ENSP00000264932	0	0	0	0	0.577	0	0	0.473	0.768
NDUFA13	NDUFA9	9606.ENSP00000423673	9606.ENSP00000266544	0	0	0	0	0.901	0.999	0.944	0.853	0.999
NDUFA13	UQCRC2	9606.ENSP00000423673	9606.ENSP00000268379	0	0	0	0	0.344	0.886	0	0.453	0.955
NDUFA13	NDUFB10	9606.ENSP00000423673	9606.ENSP00000268668	0	0	0	0	0.908	0.995	0.967	0.636	0.999
NDUFA13	ECSIT	9606.ENSP00000423673	9606.ENSP00000270517	0	0	0	0	0.429	0.994	0.500	0.383	0.998
NDUFA13	NDUFS6	9606.ENSP00000423673	9606.ENSP00000274137	0	0	0	0	0.898	0.995	0.967	0.745	0.999
NDUFA13	NDUFB11	9606.ENSP00000423673	9606.ENSP00000276062	0	0	0	0	0.948	0.933	0.967	0.781	0.999
NDUFA13	NDUFB9	9606.ENSP00000423673	9606.ENSP00000276689	0	0	0	0	0.960	0.993	0.967	0.729	0.999
NDUFA13	NDUFC2	9606.ENSP00000423673	9606.ENSP00000281031	0	0	0	0	0.858	0.974	0.944	0.573	0.999
NDUFA13	COX7A1	9606.ENSP00000423673	9606.ENSP00000292907	0	0	0	0	0.064	0.830	0	0.262	0.872
NDUFA13	NDUFAF2	9606.ENSP00000423673	9606.ENSP00000296597	0	0	0	0	0.110	0.507	0.838	0.444	0.955
NDUFA13	NDUFS4	9606.ENSP00000423673	9606.ENSP00000296684	0	0	0	0	0.709	0.998	0.967	0.746	0.999
NDUFA13	NDUFB8	9606.ENSP00000423673	9606.ENSP00000299166	0	0	0	0	0.957	0.988	0.967	0.760	0.999
NDUFA13	COX11	9606.ENSP00000423673	9606.ENSP00000299335	0	0	0	0	0	0	0	0.459	0.459
NDUFA13	NDUFA7	9606.ENSP00000423673	9606.ENSP00000301457	0	0	0	0	0.919	0.970	0.967	0.840	0.999
NDUFA13	UQCRFS1	9606.ENSP00000423673	9606.ENSP00000306397	0	0	0	0	0.569	0.998	0.155	0.426	0.999
NDUFA13	UQCRH	9606.ENSP00000423673	9606.ENSP00000309565	0	0	0	0	0.654	0.932	0.163	0.614	0.991
NDUFA13	PRKACA	9606.ENSP00000423673	9606.ENSP00000309591	0	0	0	0	0.042	0	0.650	0.075	0.662
NDUFA13	ACAD9	9606.ENSP00000423673	9606.ENSP00000312618	0	0	0	0	0.089	0.994	0.500	0.279	0.997
NDUFA13	NDUFS8	9606.ENSP00000423673	9606.ENSP00000315774	0	0	0	0	0.980	0.997	0.967	0.802	0.999
NDUFA13	CYC1	9606.ENSP00000423673	9606.ENSP00000317159	0	0	0	0	0.830	0.967	0	0.125	0.994
NDUFA13	COX5A	9606.ENSP00000423673	9606.ENSP00000317780	0	0	0	0	0.870	0.852	0	0.371	0.986
NDUFA13	COX8A	9606.ENSP00000423673	9606.ENSP00000321260	0	0	0	0	0.412	0	0	0.305	0.574
NDUFA13	NDUFAF3	9606.ENSP00000423673	9606.ENSP00000323076	0	0	0	0	0.400	0.994	0.838	0.306	0.999
NDUFA13	COX14	9606.ENSP00000423673	9606.ENSP00000326052	0	0	0	0	0.588	0.079	0	0.125	0.639
NDUFA13	NDUFV2	9606.ENSP00000423673	9606.ENSP00000327268	0	0	0	0	0.767	0.998	0.967	0.667	0.999
NDUFA13	NDUFA12	9606.ENSP00000423673	9606.ENSP00000330737	0	0	0	0	0.953	0.998	0.967	0.768	0.999
NDUFA13	TMEM186	9606.ENSP00000423673	9606.ENSP00000331640	0	0	0	0	0.074	0	0.500	0.161	0.577
NDUFA13	UQCR10	9606.ENSP00000423673	9606.ENSP00000332887	0	0	0	0	0.830	0.959	0	0.352	0.995
NDUFA13	NDUFA4	9606.ENSP00000423673	9606.ENSP00000339720	0	0	0	0	0.459	0.225	0.944	0.586	0.989
NDUFA13	STAT5A	9606.ENSP00000423673	9606.ENSP00000341208	0	0	0	0	0	0.085	0	0.456	0.480
NDUFA13	NDUFV3	9606.ENSP00000423673	9606.ENSP00000346196	0	0	0	0	0.686	0.943	0.967	0.408	0.999
NDUFA13	TMEM126B	9606.ENSP00000423673	9606.ENSP00000351737	0	0	0	0	0.049	0.994	0.500	0.377	0.997
NDUFA13	MT-CO1	9606.ENSP00000423673	9606.ENSP00000354499	0	0	0	0	0.174	0.830	0	0.306	0.894
NDUFA13	MT-CYB	9606.ENSP00000423673	9606.ENSP00000354554	0	0	0	0	0	0.897	0	0.278	0.922
NDUFA13	MT-ATP6	9606.ENSP00000423673	9606.ENSP00000354632	0	0	0	0	0.245	0	0	0.240	0.402
NDUFA13	MT-ND1	9606.ENSP00000423673	9606.ENSP00000354687	0	0	0	0	0.391	0.996	0.967	0.387	0.999
NDUFA13	COA3	9606.ENSP00000423673	9606.ENSP00000354762	0	0	0	0	0.322	0	0	0.154	0.402
NDUFA13	MT-ND5	9606.ENSP00000423673	9606.ENSP00000354813	0	0	0	0	0.257	0.988	0.967	0.406	0.999
NDUFA13	MT-CO2	9606.ENSP00000423673	9606.ENSP00000354876	0	0	0	0	0.097	0.746	0	0.263	0.816
NDUFA13	MT-ND4	9606.ENSP00000423673	9606.ENSP00000354961	0	0	0	0	0.257	0.995	0.967	0.327	0.999
NDUFA13	MT-CO3	9606.ENSP00000423673	9606.ENSP00000354982	0	0	0	0	0.103	0.830	0	0.200	0.867
NDUFA13	MT-ND2	9606.ENSP00000423673	9606.ENSP00000355046	0	0	0	0	0.149	0.988	0.967	0.583	0.999
NDUFA13	COA6	9606.ENSP00000423673	9606.ENSP00000355574	0	0	0	0	0.334	0.311	0	0.144	0.573
NDUFA13	SDHC	9606.ENSP00000423673	9606.ENSP00000356953	0	0	0	0	0.721	0	0	0.292	0.794
NDUFA13	NDUFS2	9606.ENSP00000423673	9606.ENSP00000356972	0	0	0	0	0.927	0.999	0.967	0.771	0.999
NDUFA13	NDUFAF4	9606.ENSP00000423673	9606.ENSP00000358272	0	0	0	0	0.056	0.994	0.838	0.449	0.999
NDUFA13	COX7A2	9606.ENSP00000423673	9606.ENSP00000359098	0	0	0	0	0.568	0	0	0.402	0.731
NDUFA13	PRKACB	9606.ENSP00000423673	9606.ENSP00000359719	0	0	0	0	0	0	0.650	0.081	0.664
NDUFA13	NDUFA1	9606.ENSP00000423673	9606.ENSP00000360492	0	0	0	0	0.668	0.969	0.967	0.756	0.999
NDUFA13	NDUFS5	9606.ENSP00000423673	9606.ENSP00000362058	0	0	0	0	0.886	0.999	0.900	0.728	0.999
NDUFA13	NDUFA8	9606.ENSP00000423673	9606.ENSP00000362873	0	0	0	0	0.956	0.997	0.967	0.842	0.999
NDUFA13	SDHB	9606.ENSP00000423673	9606.ENSP00000364649	0	0	0	0	0.767	0	0	0.337	0.839
NDUFA13	SDHD	9606.ENSP00000423673	9606.ENSP00000364699	0	0	0	0	0.502	0	0	0.397	0.687
NDUFA13	NDUFAF5	9606.ENSP00000423673	9606.ENSP00000367346	0	0	0	0	0.063	0	0.500	0.520	0.755
NDUFA13	UQCRQ	9606.ENSP00000423673	9606.ENSP00000367939	0	0	0	0	0.955	0.852	0	0.324	0.995
NDUFA13	NDUFB6	9606.ENSP00000423673	9606.ENSP00000369176	0	0	0	0	0.907	0.904	0.967	0.791	0.999
NDUFA13	COA1	9606.ENSP00000423673	9606.ENSP00000379218	0	0	0	0	0.094	0	0.500	0	0.527
NDUFA13	NDUFAF6	9606.ENSP00000423673	9606.ENSP00000379430	0	0	0	0	0	0	0.500	0.325	0.648
NDUFA13	NDUFA11	9606.ENSP00000423673	9606.ENSP00000389160	0	0	0	0	0.910	0.852	0.944	0.737	0.999
NDUFA13	NDUFS1	9606.ENSP00000423673	9606.ENSP00000392709	0	0	0	0	0.534	0.998	0.967	0.816	0.999
NDUFA13	NDUFB3	9606.ENSP00000423673	9606.ENSP00000407336	0	0	0	0	0.839	0.998	0.967	0.648	0.999
NDUFA13	NDUFA5	9606.ENSP00000423673	9606.ENSP00000417142	0	0	0	0	0.698	0.998	0.967	0.799	0.999
NDUFA13	NDUFA3	9606.ENSP00000423673	9606.ENSP00000418438	0	0	0	0	0.776	0.977	0.967	0.904	0.999
NDUFA13	TIMMDC1	9606.ENSP00000423673	9606.ENSP00000418803	0	0	0	0	0.060	0.994	0.500	0.692	0.999
NDUFA13	NDUFB2	9606.ENSP00000423673	9606.ENSP00000419087	0	0	0	0	0.354	0.812	0.967	0.407	0.997
NDUFA13	COX6C	9606.ENSP00000423673	9606.ENSP00000429707	0	0	0	0	0.783	0.507	0	0.357	0.925
NDUFA13	COX7B	9606.ENSP00000423673	9606.ENSP00000497474	0	0	0	0	0.277	0.842	0	0.584	0.948
NDUFA13	COX6B1	9606.ENSP00000423673	9606.ENSP00000466818	0	0	0	0	0.576	0.857	0	0.351	0.957
NDUFA13	COX7C	9606.ENSP00000423673	9606.ENSP00000425759	0	0	0	0	0.671	0.830	0	0.359	0.961
NDUFA13	UQCRB	9606.ENSP00000423673	9606.ENSP00000430494	0	0	0	0	0.712	0.948	0	0.365	0.989
NDUFA13	COX4I1	9606.ENSP00000423673	9606.ENSP00000457513	0	0	0	0	0.938	0.881	0	0.399	0.995
NDUFA13	UQCR11	9606.ENSP00000423673	9606.ENSP00000467262	0	0	0	0	0.955	0.830	0	0.495	0.995
NDUFA13	NDUFC1	9606.ENSP00000423673	9606.ENSP00000441126	0	0	0	0	0.339	0.825	0.967	0.454	0.997
NDUFA13	NDUFB1	9606.ENSP00000423673	9606.ENSP00000483888	0	0	0	0	0.434	0.938	0.900	0.563	0.998
NDUFA13	NDUFV1	9606.ENSP00000423673	9606.ENSP00000497587	0	0	0	0	0.962	0.998	0.967	0.810	0.999
NDUFA13	NDUFAB1	9606.ENSP00000423673	9606.ENSP00000458770	0	0	0	0	0.704	0.991	0.967	0.597	0.999
NDUFA13	NDUFA6	9606.ENSP00000423673	9606.ENSP00000482543	0	0	0	0	0.953	0.998	0.967	0.846	0.999
NDUFA2	NDUFAF7	9606.ENSP00000252102	9606.ENSP00000002125	0	0	0	0	0.097	0	0.500	0.317	0.665
NDUFA2	COX15	9606.ENSP00000252102	9606.ENSP00000016171	0	0	0	0	0.101	0.095	0	0.522	0.577
NDUFA2	NDUFB4	9606.ENSP00000252102	9606.ENSP00000184266	0	0	0	0	0.684	0.958	0.967	0.898	0.999
NDUFA2	UQCRC1	9606.ENSP00000252102	9606.ENSP00000203407	0	0	0	0	0.246	0.964	0.154	0.706	0.992
NDUFA2	NDUFB7	9606.ENSP00000252102	9606.ENSP00000215565	0	0	0	0	0.830	0.998	0.967	0.939	0.999
NDUFA2	COX6A1	9606.ENSP00000252102	9606.ENSP00000229379	0	0	0	0	0.430	0.353	0	0.456	0.782
NDUFA2	NDUFS7	9606.ENSP00000252102	9606.ENSP00000233627	0	0	0	0	0.651	0.999	0.967	0.834	0.999
NDUFA2	SCO2	9606.ENSP00000252102	9606.ENSP00000444433	0	0	0	0	0.082	0	0	0.393	0.418
NDUFA2	COA1	9606.ENSP00000252102	9606.ENSP00000379218	0	0	0	0	0.141	0	0.500	0.058	0.560
NDUFA2	TMEM186	9606.ENSP00000252102	9606.ENSP00000331640	0	0	0	0	0.050	0	0.500	0.156	0.564
NDUFA2	COX8A	9606.ENSP00000252102	9606.ENSP00000321260	0	0	0	0	0.362	0	0	0.372	0.582
NDUFA2	MT-ATP6	9606.ENSP00000252102	9606.ENSP00000354632	0	0	0	0	0.273	0	0	0.476	0.602
NDUFA2	TACO1	9606.ENSP00000252102	9606.ENSP00000258975	0	0	0	0	0.055	0.088	0	0.579	0.606
NDUFA2	COX14	9606.ENSP00000252102	9606.ENSP00000326052	0	0	0	0	0.456	0.120	0	0.254	0.611
NDUFA2	SURF1	9606.ENSP00000252102	9606.ENSP00000361042	0	0	0	0	0.127	0.095	0	0.553	0.615
NDUFA2	NUBPL	9606.ENSP00000252102	9606.ENSP00000281081	0	0	0	0	0.049	0	0	0.627	0.630
NDUFA2	COA6	9606.ENSP00000252102	9606.ENSP00000355574	0	0	0	0	0.346	0.343	0	0.212	0.632
NDUFA2	TMEM126B	9606.ENSP00000252102	9606.ENSP00000351737	0	0	0	0	0.123	0	0.500	0.259	0.647
NDUFA2	COX17	9606.ENSP00000252102	9606.ENSP00000261070	0	0	0	0	0.478	0	0	0.355	0.649
NDUFA2	PRKACB	9606.ENSP00000252102	9606.ENSP00000359719	0	0	0	0	0	0	0.650	0	0.650
NDUFA2	PRKACA	9606.ENSP00000252102	9606.ENSP00000309591	0	0	0	0	0.047	0	0.650	0	0.652
NDUFA2	BCS1L	9606.ENSP00000252102	9606.ENSP00000413908	0	0	0	0	0.140	0	0	0.612	0.652
NDUFA2	TIMMDC1	9606.ENSP00000252102	9606.ENSP00000418803	0	0	0	0	0.092	0	0.500	0.297	0.653
NDUFA2	ECSIT	9606.ENSP00000252102	9606.ENSP00000270517	0	0	0	0	0.142	0.161	0.500	0.170	0.661
NDUFA2	ACAD9	9606.ENSP00000252102	9606.ENSP00000312618	0	0	0	0	0.092	0.240	0.500	0.348	0.745
NDUFA2	PET100	9606.ENSP00000252102	9606.ENSP00000470539	0	0	0	0	0.775	0	0	0.099	0.788
NDUFA2	MT-CO2	9606.ENSP00000252102	9606.ENSP00000354876	0	0	0	0	0.075	0.746	0	0.270	0.813
NDUFA2	NDUFAF6	9606.ENSP00000252102	9606.ENSP00000379430	0	0	0	0	0	0	0.500	0.663	0.824
NDUFA2	SDHA	9606.ENSP00000252102	9606.ENSP00000264932	0	0	0	0	0.595	0.224	0	0.580	0.856
NDUFA2	NDUFAF5	9606.ENSP00000252102	9606.ENSP00000367346	0	0	0	0	0.131	0	0.500	0.725	0.870
NDUFA2	MT-CO1	9606.ENSP00000252102	9606.ENSP00000354499	0	0	0	0	0.140	0.830	0	0.202	0.873
NDUFA2	COX7A1	9606.ENSP00000252102	9606.ENSP00000292907	0	0	0	0	0.111	0.830	0	0.398	0.901
NDUFA2	COX7A2	9606.ENSP00000252102	9606.ENSP00000359098	0	0	0	0	0.785	0.099	0	0.543	0.903
NDUFA2	SDHC	9606.ENSP00000252102	9606.ENSP00000356953	0	0	0	0	0.873	0	0	0.304	0.908
NDUFA2	MT-CO3	9606.ENSP00000252102	9606.ENSP00000354982	0	0	0	0	0.100	0.830	0	0.469	0.911
NDUFA2	MT-CYB	9606.ENSP00000252102	9606.ENSP00000354554	0	0	0	0	0	0.904	0	0.259	0.925
NDUFA2	FOXRED1	9606.ENSP00000252102	9606.ENSP00000263578	0	0	0	0	0.047	0	0.720	0.759	0.930
NDUFA2	COX7B	9606.ENSP00000252102	9606.ENSP00000497474	0	0	0	0	0.384	0.842	0	0.517	0.949
NDUFA2	NDUFAF4	9606.ENSP00000252102	9606.ENSP00000358272	0	0	0	0	0.103	0	0.838	0.697	0.952
NDUFA2	NDUFAF3	9606.ENSP00000252102	9606.ENSP00000323076	0	0	0	0	0.150	0	0.893	0.530	0.953
NDUFA2	COX6C	9606.ENSP00000252102	9606.ENSP00000429707	0	0	0	0	0.831	0.523	0	0.486	0.955
NDUFA2	SDHB	9606.ENSP00000252102	9606.ENSP00000364649	0	0	0	0	0.887	0.416	0	0.424	0.958
NDUFA2	COX5A	9606.ENSP00000252102	9606.ENSP00000317780	0	0	0	0	0.599	0.859	0	0.555	0.972
NDUFA2	UQCRC2	9606.ENSP00000252102	9606.ENSP00000268379	0	0	0	0	0.235	0.924	0.172	0.532	0.974
NDUFA2	COX4I1	9606.ENSP00000252102	9606.ENSP00000457513	0	0	0	0	0.462	0.906	0	0.658	0.981
NDUFA2	COX6B1	9606.ENSP00000252102	9606.ENSP00000466818	0	0	0	0	0.754	0.874	0	0.466	0.982
NDUFA2	NDUFAF1	9606.ENSP00000252102	9606.ENSP00000260361	0	0	0	0	0.067	0	0.967	0.507	0.983
NDUFA2	NDUFAF2	9606.ENSP00000252102	9606.ENSP00000296597	0	0	0	0	0.200	0.507	0.838	0.790	0.984
NDUFA2	SDHD	9606.ENSP00000252102	9606.ENSP00000364699	0	0	0	0	0.970	0	0	0.542	0.985
NDUFA2	COX7C	9606.ENSP00000252102	9606.ENSP00000425759	0	0	0	0	0.895	0.830	0	0.589	0.992
NDUFA2	UQCR11	9606.ENSP00000252102	9606.ENSP00000467262	0	0	0	0	0.935	0.830	0	0.510	0.994
NDUFA2	COX5B	9606.ENSP00000252102	9606.ENSP00000258424	0	0	0	0	0.916	0.864	0	0.527	0.994
NDUFA2	CYC1	9606.ENSP00000252102	9606.ENSP00000317159	0	0	0	0	0.473	0.988	0.172	0.091	0.994
NDUFA2	UQCRH	9606.ENSP00000252102	9606.ENSP00000309565	0	0	0	0	0.865	0.958	0.237	0.357	0.996
NDUFA2	UQCRB	9606.ENSP00000252102	9606.ENSP00000430494	0	0	0	0	0.860	0.967	0.284	0.382	0.997
NDUFA2	UQCRFS1	9606.ENSP00000252102	9606.ENSP00000306397	0	0	0	0	0.689	0.988	0.284	0.576	0.998
NDUFA2	UQCRQ	9606.ENSP00000252102	9606.ENSP00000367939	0	0	0	0	0.957	0.913	0.172	0.509	0.998
NDUFA2	NDUFB1	9606.ENSP00000252102	9606.ENSP00000483888	0	0	0	0	0.999	0.894	0.900	0.920	0.999
NDUFA2	NDUFS8	9606.ENSP00000252102	9606.ENSP00000315774	0	0	0	0	0.909	0.998	0.967	0.906	0.999
NDUFA2	NDUFA10	9606.ENSP00000252102	9606.ENSP00000252711	0	0	0	0	0.226	0.998	0.967	0.947	0.999
NDUFA2	NDUFB6	9606.ENSP00000252102	9606.ENSP00000369176	0	0	0	0	0.747	0.923	0.967	0.800	0.999
NDUFA2	UQCR10	9606.ENSP00000252102	9606.ENSP00000332887	0	0	0	0	0.955	0.967	0.284	0.464	0.999
NDUFA2	NDUFS2	9606.ENSP00000252102	9606.ENSP00000356972	0	0	0	0	0.852	0.998	0.967	0.798	0.999
NDUFA2	NDUFS5	9606.ENSP00000252102	9606.ENSP00000362058	0	0	0	0	0.845	0.998	0.900	0.570	0.999
NDUFA2	NDUFA8	9606.ENSP00000252102	9606.ENSP00000362873	0	0	0	0	0.945	0.998	0.967	0.805	0.999
NDUFA2	NDUFV3	9606.ENSP00000252102	9606.ENSP00000346196	0	0	0	0	0.431	0.998	0.967	0.833	0.999
NDUFA2	NDUFB10	9606.ENSP00000252102	9606.ENSP00000268668	0	0	0	0	0.606	0.998	0.967	0.868	0.999
NDUFA2	MT-ND2	9606.ENSP00000252102	9606.ENSP00000355046	0	0	0	0	0.163	0.988	0.967	0.597	0.999
NDUFA2	NDUFA3	9606.ENSP00000252102	9606.ENSP00000418438	0	0	0	0	0.823	0.912	0.967	0.937	0.999
NDUFA2	NDUFB9	9606.ENSP00000252102	9606.ENSP00000276689	0	0	0	0	0.816	0.998	0.967	0.632	0.999
NDUFA2	NDUFV1	9606.ENSP00000252102	9606.ENSP00000497587	0	0	0	0	0.464	0.998	0.967	0.981	0.999
NDUFA2	MT-ND1	9606.ENSP00000252102	9606.ENSP00000354687	0	0	0	0	0.324	0.998	0.967	0.529	0.999
NDUFA2	NDUFS3	9606.ENSP00000252102	9606.ENSP00000263774	0	0	0	0	0.426	0.998	0.967	0.870	0.999
NDUFA2	NDUFA11	9606.ENSP00000252102	9606.ENSP00000389160	0	0	0	0	0.806	0.998	0.944	0.857	0.999
NDUFA2	NDUFA1	9606.ENSP00000252102	9606.ENSP00000360492	0	0	0	0	0.598	0.915	0.967	0.900	0.999
NDUFA2	NDUFA7	9606.ENSP00000252102	9606.ENSP00000301457	0	0	0	0	0.833	0.998	0.967	0.964	0.999
NDUFA2	NDUFS4	9606.ENSP00000252102	9606.ENSP00000296684	0	0	0	0	0.926	0.998	0.967	0.901	0.999
NDUFA2	NDUFA5	9606.ENSP00000252102	9606.ENSP00000417142	0	0	0	0	0.893	0.998	0.967	0.920	0.999
NDUFA2	NDUFA9	9606.ENSP00000252102	9606.ENSP00000266544	0	0	0	0	0.720	0.999	0.944	0.925	0.999
NDUFA2	MT-ND5	9606.ENSP00000252102	9606.ENSP00000354813	0	0	0	0	0.242	0.988	0.967	0.646	0.999
NDUFA2	NDUFA6	9606.ENSP00000252102	9606.ENSP00000482543	0	0	0	0	0.941	0.998	0.967	0.915	0.999
NDUFA2	NDUFS6	9606.ENSP00000252102	9606.ENSP00000274137	0	0	0	0	0.954	0.998	0.967	0.949	0.999
NDUFA2	NDUFB11	9606.ENSP00000252102	9606.ENSP00000276062	0	0	0	0	0.913	0.998	0.967	0.692	0.999
NDUFA2	NDUFB8	9606.ENSP00000252102	9606.ENSP00000299166	0	0	0	0	0.979	0.998	0.967	0.899	0.999
NDUFA2	NDUFA12	9606.ENSP00000252102	9606.ENSP00000330737	0	0	0	0	0.965	0.998	0.967	0.814	0.999
NDUFA2	NDUFB2	9606.ENSP00000252102	9606.ENSP00000419087	0	0	0	0	0.785	0.812	0.967	0.817	0.999
NDUFA2	NDUFC2	9606.ENSP00000252102	9606.ENSP00000281031	0	0	0	0	0.903	0.998	0.944	0.929	0.999
NDUFA2	NDUFA13	9606.ENSP00000252102	9606.ENSP00000423673	0	0	0	0	0.825	0.998	0.967	0.640	0.999
NDUFA2	NDUFB5	9606.ENSP00000252102	9606.ENSP00000259037	0	0	0	0	0.770	0.998	0.967	0.906	0.999
NDUFA2	NDUFA4	9606.ENSP00000252102	9606.ENSP00000339720	0	0	0	0	0.468	0.994	0.944	0.963	0.999
NDUFA2	MT-ND4	9606.ENSP00000252102	9606.ENSP00000354961	0	0	0	0	0.251	0.998	0.967	0.529	0.999
NDUFA2	NDUFS1	9606.ENSP00000252102	9606.ENSP00000392709	0	0	0	0	0.715	0.999	0.967	0.989	0.999
NDUFA2	NDUFAB1	9606.ENSP00000252102	9606.ENSP00000458770	0	0	0	0	0.385	0.991	0.967	0.934	0.999
NDUFA2	NDUFV2	9606.ENSP00000252102	9606.ENSP00000327268	0	0	0	0	0.978	0.998	0.967	0.985	0.999
NDUFA2	NDUFB3	9606.ENSP00000252102	9606.ENSP00000407336	0	0	0	0	0.922	0.998	0.967	0.920	0.999
NDUFA2	NDUFC1	9606.ENSP00000252102	9606.ENSP00000441126	0	0	0	0	0.759	0.825	0.967	0.881	0.999
NDUFA3	NDUFAF7	9606.ENSP00000418438	9606.ENSP00000002125	0	0	0	0	0.101	0	0.500	0.382	0.698
NDUFA3	NDUFB4	9606.ENSP00000418438	9606.ENSP00000184266	0	0	0	0	0.544	0.912	0.967	0.675	0.999
NDUFA3	UQCRC1	9606.ENSP00000418438	9606.ENSP00000203407	0	0	0	0	0.297	0.867	0	0.403	0.939
NDUFA3	NDUFB7	9606.ENSP00000418438	9606.ENSP00000215565	0	0	0	0	0.769	0.918	0.967	0.717	0.999
NDUFA3	COX6A1	9606.ENSP00000418438	9606.ENSP00000229379	0	0	0	0	0.254	0.258	0	0.352	0.610
NDUFA3	NDUFS7	9606.ENSP00000418438	9606.ENSP00000233627	0	0	0	0	0.919	0.921	0.967	0.727	0.999
NDUFA3	NDUFA2	9606.ENSP00000418438	9606.ENSP00000252102	0	0	0	0	0.823	0.912	0.967	0.937	0.999
NDUFA3	NDUFA10	9606.ENSP00000418438	9606.ENSP00000252711	0	0	0	0	0.167	0.921	0.967	0.678	0.999
NDUFA3	COX5B	9606.ENSP00000418438	9606.ENSP00000258424	0	0	0	0	0.598	0.844	0	0.438	0.961
NDUFA3	NDUFB5	9606.ENSP00000418438	9606.ENSP00000259037	0	0	0	0	0.443	0.974	0.967	0.538	0.999
NDUFA3	NDUFAF1	9606.ENSP00000418438	9606.ENSP00000260361	0	0	0	0	0.057	0	0.967	0.346	0.978
NDUFA3	FOXRED1	9606.ENSP00000418438	9606.ENSP00000263578	0	0	0	0	0.049	0	0.720	0.294	0.795
NDUFA3	NDUFS3	9606.ENSP00000418438	9606.ENSP00000263774	0	0	0	0	0.268	0.974	0.967	0.676	0.999
NDUFA3	SDHA	9606.ENSP00000418438	9606.ENSP00000264932	0	0	0	0	0.194	0.097	0	0.314	0.457
NDUFA3	NDUFA9	9606.ENSP00000418438	9606.ENSP00000266544	0	0	0	0	0.441	0.929	0.944	0.665	0.999
NDUFA3	UQCRC2	9606.ENSP00000418438	9606.ENSP00000268379	0	0	0	0	0.153	0.866	0	0.366	0.921
NDUFA3	NDUFB10	9606.ENSP00000418438	9606.ENSP00000268668	0	0	0	0	0.428	0.894	0.967	0.545	0.999
NDUFA3	ECSIT	9606.ENSP00000418438	9606.ENSP00000270517	0	0	0	0	0.149	0.625	0.500	0.205	0.856
NDUFA3	NDUFS6	9606.ENSP00000418438	9606.ENSP00000274137	0	0	0	0	0.683	0.928	0.967	0.505	0.999
NDUFA3	NDUFB11	9606.ENSP00000418438	9606.ENSP00000276062	0	0	0	0	0.558	0.955	0.967	0.752	0.999
NDUFA3	NDUFB9	9606.ENSP00000418438	9606.ENSP00000276689	0	0	0	0	0.532	0.894	0.967	0.490	0.999
NDUFA3	NDUFC2	9606.ENSP00000418438	9606.ENSP00000281031	0	0	0	0	0.469	0.931	0.944	0.546	0.998
NDUFA3	COX7A1	9606.ENSP00000418438	9606.ENSP00000292907	0	0	0	0	0.106	0.830	0	0.315	0.887
NDUFA3	NDUFAF2	9606.ENSP00000418438	9606.ENSP00000296597	0	0	0	0	0.108	0	0.838	0.227	0.878
NDUFA3	NDUFS4	9606.ENSP00000418438	9606.ENSP00000296684	0	0	0	0	0.494	0.915	0.967	0.554	0.999
NDUFA3	NDUFB8	9606.ENSP00000418438	9606.ENSP00000299166	0	0	0	0	0.666	0.894	0.967	0.494	0.999
NDUFA3	NDUFA7	9606.ENSP00000418438	9606.ENSP00000301457	0	0	0	0	0.718	0.922	0.967	0.769	0.999
NDUFA3	UQCRFS1	9606.ENSP00000418438	9606.ENSP00000306397	0	0	0	0	0.276	0.866	0	0.305	0.927
NDUFA3	UQCRH	9606.ENSP00000418438	9606.ENSP00000309565	0	0	0	0	0.394	0.870	0	0.389	0.948
NDUFA3	PRKACA	9606.ENSP00000418438	9606.ENSP00000309591	0	0	0	0	0.074	0	0.650	0	0.662
NDUFA3	ACAD9	9606.ENSP00000418438	9606.ENSP00000312618	0	0	0	0	0.081	0	0.500	0.194	0.597
NDUFA3	NDUFS8	9606.ENSP00000418438	9606.ENSP00000315774	0	0	0	0	0.535	0.959	0.967	0.698	0.999
NDUFA3	CYC1	9606.ENSP00000418438	9606.ENSP00000317159	0	0	0	0	0.224	0.867	0	0.123	0.901
NDUFA3	COX5A	9606.ENSP00000418438	9606.ENSP00000317780	0	0	0	0	0.237	0.830	0	0.373	0.911
NDUFA3	COX8A	9606.ENSP00000418438	9606.ENSP00000321260	0	0	0	0	0.472	0	0	0.355	0.645
NDUFA3	NDUFAF3	9606.ENSP00000418438	9606.ENSP00000323076	0	0	0	0	0.188	0	0.838	0.458	0.922
NDUFA3	NDUFV2	9606.ENSP00000418438	9606.ENSP00000327268	0	0	0	0	0.318	0.943	0.967	0.441	0.999
NDUFA3	NDUFA12	9606.ENSP00000418438	9606.ENSP00000330737	0	0	0	0	0.546	0.894	0.967	0.635	0.999
NDUFA3	TMEM186	9606.ENSP00000418438	9606.ENSP00000331640	0	0	0	0	0.042	0	0.500	0.180	0.572
NDUFA3	UQCR10	9606.ENSP00000418438	9606.ENSP00000332887	0	0	0	0	0.729	0.871	0	0.449	0.979
NDUFA3	NDUFA4	9606.ENSP00000418438	9606.ENSP00000339720	0	0	0	0	0.258	0.091	0.944	0.690	0.986
NDUFA3	NDUFV3	9606.ENSP00000418438	9606.ENSP00000346196	0	0	0	0	0.629	0.938	0.967	0.590	0.999
NDUFA3	TMEM126B	9606.ENSP00000418438	9606.ENSP00000351737	0	0	0	0	0.044	0	0.500	0.273	0.622
NDUFA3	MT-CO1	9606.ENSP00000418438	9606.ENSP00000354499	0	0	0	0	0.125	0.830	0	0.134	0.860
NDUFA3	MT-CYB	9606.ENSP00000418438	9606.ENSP00000354554	0	0	0	0	0	0.855	0	0.168	0.874
NDUFA3	MT-ND1	9606.ENSP00000418438	9606.ENSP00000354687	0	0	0	0	0.308	0.940	0.967	0.280	0.998
NDUFA3	MT-ND5	9606.ENSP00000418438	9606.ENSP00000354813	0	0	0	0	0.253	0.894	0.967	0.320	0.998
NDUFA3	MT-CO2	9606.ENSP00000418438	9606.ENSP00000354876	0	0	0	0	0.075	0.746	0	0.081	0.765
NDUFA3	MT-ND4	9606.ENSP00000418438	9606.ENSP00000354961	0	0	0	0	0.224	0.894	0.967	0.305	0.997
NDUFA3	MT-CO3	9606.ENSP00000418438	9606.ENSP00000354982	0	0	0	0	0.098	0.830	0	0.167	0.861
NDUFA3	MT-ND2	9606.ENSP00000418438	9606.ENSP00000355046	0	0	0	0	0.127	0.894	0.967	0.245	0.997
NDUFA3	COA6	9606.ENSP00000418438	9606.ENSP00000355574	0	0	0	0	0.148	0.282	0	0.108	0.407
NDUFA3	SDHC	9606.ENSP00000418438	9606.ENSP00000356953	0	0	0	0	0.304	0	0	0.228	0.440
NDUFA3	NDUFS2	9606.ENSP00000418438	9606.ENSP00000356972	0	0	0	0	0.201	0.966	0.967	0.649	0.999
NDUFA3	NDUFAF4	9606.ENSP00000418438	9606.ENSP00000358272	0	0	0	0	0.054	0.421	0.838	0.462	0.946
NDUFA3	COX7A2	9606.ENSP00000418438	9606.ENSP00000359098	0	0	0	0	0.399	0.095	0	0.446	0.672
NDUFA3	PRKACB	9606.ENSP00000418438	9606.ENSP00000359719	0	0	0	0	0.067	0	0.650	0	0.659
NDUFA3	NDUFA1	9606.ENSP00000418438	9606.ENSP00000360492	0	0	0	0	0.493	0.920	0.967	0.756	0.999
NDUFA3	NDUFS5	9606.ENSP00000418438	9606.ENSP00000362058	0	0	0	0	0.571	0.974	0.900	0.569	0.999
NDUFA3	NDUFA8	9606.ENSP00000418438	9606.ENSP00000362873	0	0	0	0	0.502	0.986	0.967	0.927	0.999
NDUFA3	SDHB	9606.ENSP00000418438	9606.ENSP00000364649	0	0	0	0	0.491	0.096	0	0.339	0.669
NDUFA3	SDHD	9606.ENSP00000418438	9606.ENSP00000364699	0	0	0	0	0.219	0	0	0.305	0.433
NDUFA3	NDUFAF5	9606.ENSP00000418438	9606.ENSP00000367346	0	0	0	0	0.062	0	0.500	0.292	0.638
NDUFA3	COX7A2L	9606.ENSP00000418438	9606.ENSP00000367938	0	0	0	0	0.050	0.161	0	0.369	0.453
NDUFA3	UQCRQ	9606.ENSP00000418438	9606.ENSP00000367939	0	0	0	0	0.712	0.855	0	0.357	0.971
NDUFA3	NDUFB6	9606.ENSP00000418438	9606.ENSP00000369176	0	0	0	0	0.539	0.894	0.967	0.687	0.999
NDUFA3	COA1	9606.ENSP00000418438	9606.ENSP00000379218	0	0	0	0	0.108	0	0.500	0.068	0.548
NDUFA3	NDUFAF6	9606.ENSP00000418438	9606.ENSP00000379430	0	0	0	0	0	0	0.500	0.264	0.616
NDUFA3	NDUFA11	9606.ENSP00000418438	9606.ENSP00000389160	0	0	0	0	0.784	0.878	0.944	0.734	0.999
NDUFA3	NDUFS1	9606.ENSP00000418438	9606.ENSP00000392709	0	0	0	0	0.164	0.918	0.967	0.598	0.999
NDUFA3	NDUFB3	9606.ENSP00000418438	9606.ENSP00000407336	0	0	0	0	0.585	0.935	0.967	0.720	0.999
NDUFA3	NDUFA5	9606.ENSP00000418438	9606.ENSP00000417142	0	0	0	0	0.407	0.909	0.967	0.530	0.999
NDUFA3	DMAC2L	9606.ENSP00000418438	9606.ENSP00000451583	0	0	0	0	0.252	0	0	0.292	0.448
NDUFA3	COX6C	9606.ENSP00000418438	9606.ENSP00000429707	0	0	0	0	0.671	0.529	0	0.372	0.894
NDUFA3	UQCRB	9606.ENSP00000418438	9606.ENSP00000430494	0	0	0	0	0.278	0.826	0	0.312	0.906
NDUFA3	COX7B	9606.ENSP00000418438	9606.ENSP00000497474	0	0	0	0	0.296	0.842	0	0.422	0.930
NDUFA3	TIMMDC1	9606.ENSP00000418438	9606.ENSP00000418803	0	0	0	0	0.048	0.629	0.500	0.679	0.935
NDUFA3	COX4I1	9606.ENSP00000418438	9606.ENSP00000457513	0	0	0	0	0.451	0.844	0	0.356	0.940
NDUFA3	COX7C	9606.ENSP00000418438	9606.ENSP00000425759	0	0	0	0	0.637	0.830	0	0.425	0.961
NDUFA3	COX6B1	9606.ENSP00000418438	9606.ENSP00000466818	0	0	0	0	0.703	0.851	0	0.478	0.974
NDUFA3	UQCR11	9606.ENSP00000418438	9606.ENSP00000467262	0	0	0	0	0.925	0.830	0	0.575	0.994
NDUFA3	NDUFB2	9606.ENSP00000418438	9606.ENSP00000419087	0	0	0	0	0.198	0.812	0.967	0.370	0.996
NDUFA3	NDUFB1	9606.ENSP00000418438	9606.ENSP00000483888	0	0	0	0	0.250	0.894	0.900	0.552	0.996
NDUFA3	NDUFA13	9606.ENSP00000418438	9606.ENSP00000423673	0	0	0	0	0.776	0.977	0.967	0.904	0.999
NDUFA3	NDUFAB1	9606.ENSP00000418438	9606.ENSP00000458770	0	0	0	0	0.169	0.991	0.967	0.537	0.999
NDUFA3	NDUFC1	9606.ENSP00000418438	9606.ENSP00000441126	0	0	0	0	0.703	0.825	0.967	0.545	0.999
NDUFA3	NDUFA6	9606.ENSP00000418438	9606.ENSP00000482543	0	0	0	0	0.392	0.998	0.967	0.534	0.999
NDUFA3	NDUFV1	9606.ENSP00000418438	9606.ENSP00000497587	0	0	0	0	0.499	0.921	0.967	0.711	0.999
NDUFA4	COX15	9606.ENSP00000339720	9606.ENSP00000016171	0	0	0	0	0.049	0.074	0.720	0.464	0.850
NDUFA4	NDUFB4	9606.ENSP00000339720	9606.ENSP00000184266	0	0	0	0	0.698	0.237	0.944	0.545	0.993
NDUFA4	UQCRC1	9606.ENSP00000339720	9606.ENSP00000203407	0	0	0	0	0.157	0.244	0.540	0.669	0.890
NDUFA4	NDUFB7	9606.ENSP00000339720	9606.ENSP00000215565	0	0	0	0	0.359	0.252	0.944	0.414	0.982
NDUFA4	HMOX1	9606.ENSP00000339720	9606.ENSP00000216117	0	0	0	0	0.042	0	0	0.428	0.428
NDUFA4	COX6A1	9606.ENSP00000339720	9606.ENSP00000229379	0	0	0	0	0.398	0.838	0.800	0.914	0.998
NDUFA4	NDUFS7	9606.ENSP00000339720	9606.ENSP00000233627	0	0	0	0	0.180	0.335	0.925	0.641	0.983
NDUFA4	NDUFA2	9606.ENSP00000339720	9606.ENSP00000252102	0	0	0	0	0.468	0.994	0.944	0.963	0.999
NDUFA4	NDUFA10	9606.ENSP00000339720	9606.ENSP00000252711	0	0	0	0	0.166	0.251	0.944	0.698	0.988
NDUFA4	SCO1	9606.ENSP00000339720	9606.ENSP00000255390	0	0	0	0	0.101	0.229	0	0.426	0.567
NDUFA4	COX5B	9606.ENSP00000339720	9606.ENSP00000258424	0	0	0	0	0.583	0.838	0.800	0.686	0.995
NDUFA4	NDUFB5	9606.ENSP00000339720	9606.ENSP00000259037	0	0	0	0	0.677	0.228	0.944	0.746	0.996
NDUFA4	NDUFAF1	9606.ENSP00000339720	9606.ENSP00000260361	0	0	0	0	0.049	0	0.944	0.366	0.963
NDUFA4	COX17	9606.ENSP00000339720	9606.ENSP00000261070	0	0	0	0	0.170	0	0	0.431	0.508
NDUFA4	FOXRED1	9606.ENSP00000339720	9606.ENSP00000263578	0	0	0	0	0.042	0.228	0.720	0.184	0.808
NDUFA4	NDUFS3	9606.ENSP00000339720	9606.ENSP00000263774	0	0	0	0	0.506	0.337	0.944	0.507	0.989
NDUFA4	SDHA	9606.ENSP00000339720	9606.ENSP00000264932	0	0	0	0	0.110	0	0	0.435	0.476
NDUFA4	NDUFA9	9606.ENSP00000339720	9606.ENSP00000266544	0	0	0	0	0.248	0.330	0.933	0.697	0.988
NDUFA4	UQCRC2	9606.ENSP00000339720	9606.ENSP00000268379	0	0	0	0	0.294	0.333	0.900	0.639	0.980
NDUFA4	NDUFB10	9606.ENSP00000339720	9606.ENSP00000268668	0	0	0	0	0.401	0.252	0.944	0.633	0.989
NDUFA4	NDUFS6	9606.ENSP00000339720	9606.ENSP00000274137	0	0	0	0	0.334	0.244	0.944	0.637	0.988
NDUFA4	NDUFB11	9606.ENSP00000339720	9606.ENSP00000276062	0	0	0	0	0.299	0.228	0.944	0.635	0.987
NDUFA4	NDUFB9	9606.ENSP00000339720	9606.ENSP00000276689	0	0	0	0	0.642	0.250	0.944	0.753	0.995
NDUFA4	NDUFC2	9606.ENSP00000339720	9606.ENSP00000281031	0	0	0	0	0.534	0.234	0.933	0.567	0.988
NDUFA4	COX7A1	9606.ENSP00000339720	9606.ENSP00000292907	0	0	0	0	0.089	0	0.360	0.763	0.849
NDUFA4	NDUFAF2	9606.ENSP00000339720	9606.ENSP00000296597	0	0	0	0	0.101	0.225	0.467	0.335	0.720
NDUFA4	NDUFS4	9606.ENSP00000339720	9606.ENSP00000296684	0	0	0	0	0.406	0.248	0.944	0.645	0.990
NDUFA4	NDUFB8	9606.ENSP00000339720	9606.ENSP00000299166	0	0	0	0	0.655	0.228	0.944	0.764	0.996
NDUFA4	COX11	9606.ENSP00000339720	9606.ENSP00000299335	0	0	0	0	0.060	0.228	0	0.364	0.498
NDUFA4	NDUFA7	9606.ENSP00000339720	9606.ENSP00000301457	0	0	0	0	0.621	0.252	0.944	0.616	0.993
NDUFA4	UQCRFS1	9606.ENSP00000339720	9606.ENSP00000306397	0	0	0	0	0.443	0.249	0.900	0.505	0.976
NDUFA4	TMEM126A	9606.ENSP00000339720	9606.ENSP00000306887	0	0	0	0	0.219	0.228	0	0.156	0.447
NDUFA4	UQCRH	9606.ENSP00000339720	9606.ENSP00000309565	0	0	0	0	0.664	0.092	0.540	0.534	0.926
NDUFA4	PRKACA	9606.ENSP00000339720	9606.ENSP00000309591	0	0	0	0	0.044	0	0.650	0	0.651
NDUFA4	ACAD9	9606.ENSP00000339720	9606.ENSP00000312618	0	0	0	0	0.072	0.228	0	0.323	0.473
NDUFA4	NDUFS8	9606.ENSP00000339720	9606.ENSP00000315774	0	0	0	0	0.311	0.225	0.944	0.683	0.989
NDUFA4	CYC1	9606.ENSP00000339720	9606.ENSP00000317159	0	0	0	0	0.145	0.338	0.540	0.287	0.789
NDUFA4	COX5A	9606.ENSP00000339720	9606.ENSP00000317780	0	0	0	0	0.497	0.839	0.900	0.744	0.997
NDUFA4	COX8A	9606.ENSP00000339720	9606.ENSP00000321260	0	0	0	0	0.367	0.860	0.800	0.483	0.989
NDUFA4	NDUFAF3	9606.ENSP00000339720	9606.ENSP00000323076	0	0	0	0	0.060	0.225	0.467	0.234	0.662
NDUFA4	COX14	9606.ENSP00000339720	9606.ENSP00000326052	0	0	0	0	0.217	0	0	0.428	0.533
NDUFA4	NDUFV2	9606.ENSP00000339720	9606.ENSP00000327268	0	0	0	0	0.464	0.252	0.944	0.667	0.991
NDUFA4	NDUFA12	9606.ENSP00000339720	9606.ENSP00000330737	0	0	0	0	0.895	0.736	0.944	0.745	0.999
NDUFA4	UQCR10	9606.ENSP00000339720	9606.ENSP00000332887	0	0	0	0	0.823	0.088	0.540	0.539	0.961
NDUFA4	UQCC2	9606.ENSP00000339720	9606.ENSP00000476140	0	0	0	0	0.122	0.225	0	0.189	0.400
NDUFA4	COX18	9606.ENSP00000339720	9606.ENSP00000425261	0	0	0	0	0.086	0	0	0.379	0.409
NDUFA4	TMEM126B	9606.ENSP00000339720	9606.ENSP00000351737	0	0	0	0	0.169	0	0	0.321	0.411
NDUFA4	TIMMDC1	9606.ENSP00000339720	9606.ENSP00000418803	0	0	0	0	0.138	0.228	0	0.205	0.425
NDUFA4	TMEM177	9606.ENSP00000339720	9606.ENSP00000402661	0	0	0	0	0.043	0.228	0	0.303	0.440
NDUFA4	SDHC	9606.ENSP00000339720	9606.ENSP00000356953	0	0	0	0	0.205	0	0	0.341	0.454
NDUFA4	SURF1	9606.ENSP00000339720	9606.ENSP00000361042	0	0	0	0	0.063	0	0	0.453	0.465
NDUFA4	PET100	9606.ENSP00000339720	9606.ENSP00000470539	0	0	0	0	0.119	0	0	0.419	0.466
NDUFA4	SCO2	9606.ENSP00000339720	9606.ENSP00000444433	0	0	0	0	0.094	0.229	0	0.337	0.497
NDUFA4	COX20	9606.ENSP00000339720	9606.ENSP00000355486	0	0	0	0	0.097	0.228	0	0.396	0.542
NDUFA4	SDHB	9606.ENSP00000339720	9606.ENSP00000364649	0	0	0	0	0.222	0.190	0	0.420	0.603
NDUFA4	PRKACB	9606.ENSP00000339720	9606.ENSP00000359719	0	0	0	0	0.060	0	0.650	0	0.656
NDUFA4	MT-CYB	9606.ENSP00000339720	9606.ENSP00000354554	0	0	0	0	0.049	0	0.540	0.329	0.680
NDUFA4	NDUFAF4	9606.ENSP00000339720	9606.ENSP00000358272	0	0	0	0	0.139	0	0.467	0.369	0.685
NDUFA4	COA3	9606.ENSP00000339720	9606.ENSP00000354762	0	0	0	0	0.223	0.330	0	0.445	0.686
NDUFA4	SDHD	9606.ENSP00000339720	9606.ENSP00000364699	0	0	0	0	0.183	0	0	0.640	0.694
NDUFA4	COA6	9606.ENSP00000339720	9606.ENSP00000355574	0	0	0	0	0.206	0.048	0.360	0.457	0.702
NDUFA4	HIGD1A	9606.ENSP00000339720	9606.ENSP00000398064	0	0	0	0	0.229	0.228	0	0.631	0.761
NDUFA4	BCS1L	9606.ENSP00000339720	9606.ENSP00000413908	0	0	0	0	0.056	0	0.720	0.287	0.795
NDUFA4	COX7A2L	9606.ENSP00000339720	9606.ENSP00000367938	0	0	0	0	0.141	0.228	0.800	0.591	0.938
NDUFA4	UQCRB	9606.ENSP00000339720	9606.ENSP00000430494	0	0	0	0	0.694	0.225	0.540	0.527	0.941
NDUFA4	MT-ND5	9606.ENSP00000339720	9606.ENSP00000354813	0	0	0	0	0.062	0	0.925	0.328	0.948
NDUFA4	MT-ND2	9606.ENSP00000339720	9606.ENSP00000355046	0	0	0	0	0.074	0	0.925	0.333	0.949
NDUFA4	UQCR11	9606.ENSP00000339720	9606.ENSP00000467262	0	0	0	0	0.784	0	0.540	0.618	0.958
NDUFA4	MT-ND4	9606.ENSP00000339720	9606.ENSP00000354961	0	0	0	0	0.093	0	0.944	0.293	0.961
NDUFA4	MT-ND1	9606.ENSP00000339720	9606.ENSP00000354687	0	0	0	0	0.108	0	0.944	0.336	0.964
NDUFA4	NDUFV3	9606.ENSP00000339720	9606.ENSP00000346196	0	0	0	0	0.212	0.091	0.944	0.540	0.979
NDUFA4	NDUFA11	9606.ENSP00000339720	9606.ENSP00000389160	0	0	0	0	0.265	0	0.933	0.629	0.980
NDUFA4	UQCRQ	9606.ENSP00000339720	9606.ENSP00000367939	0	0	0	0	0.807	0.330	0.540	0.703	0.980
NDUFA4	NDUFS5	9606.ENSP00000339720	9606.ENSP00000362058	0	0	0	0	0.605	0.251	0.900	0.471	0.982
NDUFA4	NDUFC1	9606.ENSP00000339720	9606.ENSP00000441126	0	0	0	0	0.423	0	0.944	0.503	0.982
NDUFA4	NDUFS1	9606.ENSP00000339720	9606.ENSP00000392709	0	0	0	0	0.063	0.249	0.944	0.632	0.983
NDUFA4	NDUFB1	9606.ENSP00000339720	9606.ENSP00000483888	0	0	0	0	0.309	0.228	0.900	0.750	0.984
NDUFA4	NDUFA3	9606.ENSP00000339720	9606.ENSP00000418438	0	0	0	0	0.258	0.091	0.944	0.690	0.986
NDUFA4	NDUFV1	9606.ENSP00000339720	9606.ENSP00000497587	0	0	0	0	0.139	0.249	0.944	0.721	0.988
NDUFA4	NDUFS2	9606.ENSP00000339720	9606.ENSP00000356972	0	0	0	0	0.258	0.250	0.944	0.674	0.988
NDUFA4	NDUFA8	9606.ENSP00000339720	9606.ENSP00000362873	0	0	0	0	0.365	0.249	0.944	0.666	0.989
NDUFA4	NDUFA13	9606.ENSP00000339720	9606.ENSP00000423673	0	0	0	0	0.459	0.225	0.944	0.586	0.989
NDUFA4	COX4I1	9606.ENSP00000339720	9606.ENSP00000457513	0	0	0	0	0.367	0.860	0.800	0.525	0.990
NDUFA4	NDUFAB1	9606.ENSP00000339720	9606.ENSP00000458770	0	0	0	0	0.506	0.085	0.933	0.734	0.990
NDUFA4	NDUFB2	9606.ENSP00000339720	9606.ENSP00000419087	0	0	0	0	0.499	0	0.944	0.671	0.990
NDUFA4	NDUFB6	9606.ENSP00000339720	9606.ENSP00000369176	0	0	0	0	0.426	0	0.944	0.752	0.991
NDUFA4	MT-CO3	9606.ENSP00000339720	9606.ENSP00000354982	0	0	0	0	0.134	0.900	0.900	0.338	0.993
NDUFA4	MT-CO1	9606.ENSP00000339720	9606.ENSP00000354499	0	0	0	0	0.116	0.900	0.900	0.367	0.993
NDUFA4	NDUFB3	9606.ENSP00000339720	9606.ENSP00000407336	0	0	0	0	0.604	0.228	0.944	0.739	0.994
NDUFA4	NDUFA1	9606.ENSP00000339720	9606.ENSP00000360492	0	0	0	0	0.579	0	0.944	0.808	0.995
NDUFA4	NDUFA5	9606.ENSP00000339720	9606.ENSP00000417142	0	0	0	0	0.524	0.249	0.944	0.821	0.995
NDUFA4	MT-CO2	9606.ENSP00000339720	9606.ENSP00000354876	0	0	0	0	0.204	0.912	0.900	0.527	0.996
NDUFA4	COX7A2	9606.ENSP00000339720	9606.ENSP00000359098	0	0	0	0	0.865	0.839	0.540	0.754	0.997
NDUFA4	COX7B	9606.ENSP00000339720	9606.ENSP00000497474	0	0	0	0	0.720	0.800	0.800	0.764	0.997
NDUFA4	COX6C	9606.ENSP00000339720	9606.ENSP00000429707	0	0	0	0	0.917	0.860	0.800	0.775	0.999
NDUFA4	COX6B1	9606.ENSP00000339720	9606.ENSP00000466818	0	0	0	0	0.498	0.919	0.800	0.911	0.999
NDUFA4	COX7C	9606.ENSP00000339720	9606.ENSP00000425759	0	0	0	0	0.906	0.860	0.900	0.798	0.999
NDUFA4	NDUFA6	9606.ENSP00000339720	9606.ENSP00000482543	0	0	0	0	0.503	0.994	0.944	0.749	0.999
NDUFA5	NDUFAF7	9606.ENSP00000417142	9606.ENSP00000002125	0	0	0	0	0.097	0	0.500	0.400	0.705
NDUFA5	COX15	9606.ENSP00000417142	9606.ENSP00000016171	0	0	0	0	0.097	0.135	0	0.370	0.464
NDUFA5	NDUFB4	9606.ENSP00000417142	9606.ENSP00000184266	0	0	0	0	0.933	0.950	0.967	0.739	0.999
NDUFA5	UQCRC1	9606.ENSP00000417142	9606.ENSP00000203407	0	0	0	0	0.277	0.968	0.216	0.616	0.992
NDUFA5	NDUFB7	9606.ENSP00000417142	9606.ENSP00000215565	0	0	0	0	0.817	0.991	0.967	0.670	0.999
NDUFA5	COX6A1	9606.ENSP00000417142	9606.ENSP00000229379	0	0	0	0	0.401	0.430	0	0.590	0.848
NDUFA5	NDUFS7	9606.ENSP00000417142	9606.ENSP00000233627	0	0	0	0	0.817	0.999	0.967	0.749	0.999
NDUFA5	NDUFA2	9606.ENSP00000417142	9606.ENSP00000252102	0	0	0	0	0.893	0.998	0.967	0.920	0.999
NDUFA5	NDUFA10	9606.ENSP00000417142	9606.ENSP00000252711	0	0	0	0	0.206	0.981	0.967	0.953	0.999
NDUFA5	COX5B	9606.ENSP00000417142	9606.ENSP00000258424	0	0	0	0	0.817	0.864	0	0.516	0.986
NDUFA5	NDUFB5	9606.ENSP00000417142	9606.ENSP00000259037	0	0	0	0	0.861	0.950	0.967	0.915	0.999
NDUFA5	NDUFAF1	9606.ENSP00000417142	9606.ENSP00000260361	0	0	0	0	0.105	0	0.967	0.356	0.979
NDUFA5	COX17	9606.ENSP00000417142	9606.ENSP00000261070	0	0	0	0	0.153	0	0	0.394	0.465
NDUFA5	FOXRED1	9606.ENSP00000417142	9606.ENSP00000263578	0	0	0	0	0.049	0.292	0.720	0.329	0.856
NDUFA5	NDUFS3	9606.ENSP00000417142	9606.ENSP00000263774	0	0	0	0	0.929	0.999	0.967	0.967	0.999
NDUFA5	SDHA	9606.ENSP00000417142	9606.ENSP00000264932	0	0	0	0	0.465	0.125	0	0.594	0.793
NDUFA5	NDUFA9	9606.ENSP00000417142	9606.ENSP00000266544	0	0	0	0	0.693	0.999	0.944	0.790	0.999
NDUFA5	UQCRC2	9606.ENSP00000417142	9606.ENSP00000268379	0	0	0	0	0.644	0.933	0.284	0.495	0.990
NDUFA5	NDUFB10	9606.ENSP00000417142	9606.ENSP00000268668	0	0	0	0	0.899	0.993	0.967	0.632	0.999
NDUFA5	ECSIT	9606.ENSP00000417142	9606.ENSP00000270517	0	0	0	0	0.120	0	0.500	0.210	0.622
NDUFA5	NDUFS6	9606.ENSP00000417142	9606.ENSP00000274137	0	0	0	0	0.960	0.993	0.967	0.945	0.999
NDUFA5	NDUFB11	9606.ENSP00000417142	9606.ENSP00000276062	0	0	0	0	0.715	0.954	0.967	0.776	0.999
NDUFA5	NDUFB9	9606.ENSP00000417142	9606.ENSP00000276689	0	0	0	0	0.909	0.992	0.967	0.796	0.999
NDUFA5	NDUFC2	9606.ENSP00000417142	9606.ENSP00000281031	0	0	0	0	0.693	0.903	0.944	0.692	0.999
NDUFA5	COX7A1	9606.ENSP00000417142	9606.ENSP00000292907	0	0	0	0	0.106	0.830	0	0.402	0.901
NDUFA5	NDUFAF2	9606.ENSP00000417142	9606.ENSP00000296597	0	0	0	0	0.258	0.507	0.838	0.523	0.968
NDUFA5	NDUFS4	9606.ENSP00000417142	9606.ENSP00000296684	0	0	0	0	0.975	0.994	0.967	0.776	0.999
NDUFA5	NDUFB8	9606.ENSP00000417142	9606.ENSP00000299166	0	0	0	0	0.912	0.988	0.967	0.780	0.999
NDUFA5	NDUFA7	9606.ENSP00000417142	9606.ENSP00000301457	0	0	0	0	0.469	0.948	0.967	0.832	0.999
NDUFA5	UQCRFS1	9606.ENSP00000417142	9606.ENSP00000306397	0	0	0	0	0.788	0.988	0.799	0.616	0.999
NDUFA5	UQCRH	9606.ENSP00000417142	9606.ENSP00000309565	0	0	0	0	0.847	0.952	0.681	0.634	0.999
NDUFA5	PRKACA	9606.ENSP00000417142	9606.ENSP00000309591	0	0	0	0	0.042	0	0.650	0	0.650
NDUFA5	ACAD9	9606.ENSP00000417142	9606.ENSP00000312618	0	0	0	0	0.056	0.098	0.500	0.341	0.682
NDUFA5	NDUFS8	9606.ENSP00000417142	9606.ENSP00000315774	0	0	0	0	0.897	0.994	0.967	0.882	0.999
NDUFA5	CYC1	9606.ENSP00000417142	9606.ENSP00000317159	0	0	0	0	0.645	0.988	0.284	0.326	0.997
NDUFA5	COX5A	9606.ENSP00000417142	9606.ENSP00000317780	0	0	0	0	0.841	0.830	0	0.519	0.985
NDUFA5	NDUFAF3	9606.ENSP00000417142	9606.ENSP00000323076	0	0	0	0	0.082	0	0.893	0.574	0.954
NDUFA5	NDUFV2	9606.ENSP00000417142	9606.ENSP00000327268	0	0	0	0	0.966	0.991	0.967	0.859	0.999
NDUFA5	NDUFA12	9606.ENSP00000417142	9606.ENSP00000330737	0	0	0	0	0.971	0.998	0.967	0.784	0.999
NDUFA5	TMEM186	9606.ENSP00000417142	9606.ENSP00000331640	0	0	0	0	0	0	0.500	0.203	0.584
NDUFA5	UQCR10	9606.ENSP00000417142	9606.ENSP00000332887	0	0	0	0	0.928	0.967	0.284	0.533	0.999
NDUFA5	NDUFA4	9606.ENSP00000417142	9606.ENSP00000339720	0	0	0	0	0.524	0.249	0.944	0.821	0.995
NDUFA5	NDUFV3	9606.ENSP00000417142	9606.ENSP00000346196	0	0	0	0	0.358	0.939	0.967	0.823	0.999
NDUFA5	TMEM126B	9606.ENSP00000417142	9606.ENSP00000351737	0	0	0	0	0.258	0	0.500	0.395	0.756
NDUFA5	MT-CO1	9606.ENSP00000417142	9606.ENSP00000354499	0	0	0	0	0.256	0.830	0	0.234	0.894
NDUFA5	MT-CYB	9606.ENSP00000417142	9606.ENSP00000354554	0	0	0	0	0	0.902	0	0.364	0.935
NDUFA5	MT-ND1	9606.ENSP00000417142	9606.ENSP00000354687	0	0	0	0	0.214	0.991	0.967	0.427	0.999
NDUFA5	MT-ND5	9606.ENSP00000417142	9606.ENSP00000354813	0	0	0	0	0.163	0.988	0.967	0.469	0.999
NDUFA5	MT-CO2	9606.ENSP00000417142	9606.ENSP00000354876	0	0	0	0	0.067	0.746	0	0.295	0.818
NDUFA5	MT-ND4	9606.ENSP00000417142	9606.ENSP00000354961	0	0	0	0	0.169	0.991	0.967	0.400	0.999
NDUFA5	MT-CO3	9606.ENSP00000417142	9606.ENSP00000354982	0	0	0	0	0.082	0.830	0	0.169	0.859
NDUFA5	MT-ND2	9606.ENSP00000417142	9606.ENSP00000355046	0	0	0	0	0.149	0.990	0.967	0.442	0.999
NDUFA5	COA6	9606.ENSP00000417142	9606.ENSP00000355574	0	0	0	0	0.376	0.346	0	0.271	0.676
NDUFA5	SDHC	9606.ENSP00000417142	9606.ENSP00000356953	0	0	0	0	0.864	0	0	0.310	0.902
NDUFA5	NDUFS2	9606.ENSP00000417142	9606.ENSP00000356972	0	0	0	0	0.882	0.994	0.967	0.970	0.999
NDUFA5	NDUFAF4	9606.ENSP00000417142	9606.ENSP00000358272	0	0	0	0	0.242	0.625	0.838	0.637	0.981
NDUFA5	COX7A2	9606.ENSP00000417142	9606.ENSP00000359098	0	0	0	0	0.619	0.095	0	0.454	0.795
NDUFA5	PRKACB	9606.ENSP00000417142	9606.ENSP00000359719	0	0	0	0	0.062	0	0.650	0	0.657
NDUFA5	NDUFA1	9606.ENSP00000417142	9606.ENSP00000360492	0	0	0	0	0.724	0.938	0.967	0.755	0.999
NDUFA5	NDUFS5	9606.ENSP00000417142	9606.ENSP00000362058	0	0	0	0	0.846	0.998	0.900	0.880	0.999
NDUFA5	NDUFA8	9606.ENSP00000417142	9606.ENSP00000362873	0	0	0	0	0.981	0.991	0.967	0.828	0.999
NDUFA5	SDHB	9606.ENSP00000417142	9606.ENSP00000364649	0	0	0	0	0.517	0.096	0	0.432	0.730
NDUFA5	SDHD	9606.ENSP00000417142	9606.ENSP00000364699	0	0	0	0	0.777	0	0	0.450	0.872
NDUFA5	NDUFAF5	9606.ENSP00000417142	9606.ENSP00000367346	0	0	0	0	0.265	0	0.500	0.572	0.829
NDUFA5	UQCRQ	9606.ENSP00000417142	9606.ENSP00000367939	0	0	0	0	0.868	0.888	0.284	0.541	0.994
NDUFA5	NDUFB6	9606.ENSP00000417142	9606.ENSP00000369176	0	0	0	0	0.901	0.907	0.967	0.701	0.999
NDUFA5	COA1	9606.ENSP00000417142	9606.ENSP00000379218	0	0	0	0	0.061	0	0.500	0.175	0.578
NDUFA5	NDUFAF6	9606.ENSP00000417142	9606.ENSP00000379430	0	0	0	0	0.060	0	0.500	0.333	0.659
NDUFA5	NDUFA11	9606.ENSP00000417142	9606.ENSP00000389160	0	0	0	0	0.638	0.998	0.944	0.658	0.999
NDUFA5	NDUFS1	9606.ENSP00000417142	9606.ENSP00000392709	0	0	0	0	0.481	0.991	0.967	0.945	0.999
NDUFA5	NDUFB3	9606.ENSP00000417142	9606.ENSP00000407336	0	0	0	0	0.903	0.993	0.967	0.923	0.999
NDUFA5	UQCC2	9606.ENSP00000417142	9606.ENSP00000476140	0	0	0	0	0.262	0	0	0.230	0.408
NDUFA5	TIMMDC1	9606.ENSP00000417142	9606.ENSP00000418803	0	0	0	0	0.056	0.422	0.500	0.365	0.803
NDUFA5	COX6C	9606.ENSP00000417142	9606.ENSP00000429707	0	0	0	0	0.714	0.544	0	0.567	0.938
NDUFA5	COX7B	9606.ENSP00000417142	9606.ENSP00000497474	0	0	0	0	0.368	0.842	0	0.458	0.941
NDUFA5	COX4I1	9606.ENSP00000417142	9606.ENSP00000457513	0	0	0	0	0.406	0.900	0	0.405	0.962
NDUFA5	COX6B1	9606.ENSP00000417142	9606.ENSP00000466818	0	0	0	0	0.450	0.874	0	0.578	0.968
NDUFA5	UQCR11	9606.ENSP00000417142	9606.ENSP00000467262	0	0	0	0	0.822	0.830	0	0.447	0.981
NDUFA5	COX7C	9606.ENSP00000417142	9606.ENSP00000425759	0	0	0	0	0.842	0.830	0	0.623	0.989
NDUFA5	NDUFB1	9606.ENSP00000417142	9606.ENSP00000483888	0	0	0	0	0.473	0.907	0.900	0.688	0.998
NDUFA5	NDUFB2	9606.ENSP00000417142	9606.ENSP00000419087	0	0	0	0	0.319	0.812	0.967	0.581	0.998
NDUFA5	NDUFA3	9606.ENSP00000417142	9606.ENSP00000418438	0	0	0	0	0.407	0.909	0.967	0.530	0.999
NDUFA5	NDUFV1	9606.ENSP00000417142	9606.ENSP00000497587	0	0	0	0	0.751	0.991	0.967	0.853	0.999
NDUFA5	UQCRB	9606.ENSP00000417142	9606.ENSP00000430494	0	0	0	0	0.973	0.967	0.561	0.493	0.999
NDUFA5	NDUFA6	9606.ENSP00000417142	9606.ENSP00000482543	0	0	0	0	0.950	0.998	0.967	0.911	0.999
NDUFA5	NDUFC1	9606.ENSP00000417142	9606.ENSP00000441126	0	0	0	0	0.825	0.825	0.967	0.900	0.999
NDUFA5	NDUFAB1	9606.ENSP00000417142	9606.ENSP00000458770	0	0	0	0	0.626	0.991	0.967	0.591	0.999
NDUFA5	NDUFA13	9606.ENSP00000417142	9606.ENSP00000423673	0	0	0	0	0.698	0.998	0.967	0.799	0.999
NDUFA6	NDUFAF7	9606.ENSP00000482543	9606.ENSP00000002125	0	0	0	0	0.058	0	0.500	0.271	0.627
NDUFA6	NDUFB4	9606.ENSP00000482543	9606.ENSP00000184266	0	0	0	0	0.865	0.998	0.967	0.833	0.999
NDUFA6	UQCRC1	9606.ENSP00000482543	9606.ENSP00000203407	0	0	0	0	0.242	0.968	0.216	0.418	0.987
NDUFA6	NDUFB7	9606.ENSP00000482543	9606.ENSP00000215565	0	0	0	0	0.895	0.998	0.967	0.644	0.999
NDUFA6	COX6A1	9606.ENSP00000482543	9606.ENSP00000229379	0	0	0	0	0.631	0.258	0	0.419	0.827
NDUFA6	NDUFS7	9606.ENSP00000482543	9606.ENSP00000233627	0	0	0	0	0.493	0.999	0.967	0.748	0.999
NDUFA6	NDUFA2	9606.ENSP00000482543	9606.ENSP00000252102	0	0	0	0	0.941	0.998	0.967	0.915	0.999
NDUFA6	NDUFA10	9606.ENSP00000482543	9606.ENSP00000252711	0	0	0	0	0.254	0.998	0.967	0.789	0.999
NDUFA6	COX5B	9606.ENSP00000482543	9606.ENSP00000258424	0	0	0	0	0.850	0.844	0	0.377	0.984
NDUFA6	NDUFB5	9606.ENSP00000482543	9606.ENSP00000259037	0	0	0	0	0.832	0.998	0.967	0.904	0.999
NDUFA6	NDUFAF1	9606.ENSP00000482543	9606.ENSP00000260361	0	0	0	0	0.058	0.292	0.967	0.400	0.985
NDUFA6	COX17	9606.ENSP00000482543	9606.ENSP00000261070	0	0	0	0	0.339	0	0	0.202	0.450
NDUFA6	FOXRED1	9606.ENSP00000482543	9606.ENSP00000263578	0	0	0	0	0.044	0	0.720	0.381	0.820
NDUFA6	NDUFS3	9606.ENSP00000482543	9606.ENSP00000263774	0	0	0	0	0.865	0.999	0.967	0.885	0.999
NDUFA6	SDHA	9606.ENSP00000482543	9606.ENSP00000264932	0	0	0	0	0.616	0	0	0.416	0.766
NDUFA6	NDUFA9	9606.ENSP00000482543	9606.ENSP00000266544	0	0	0	0	0.709	0.999	0.944	0.960	0.999
NDUFA6	UQCRC2	9606.ENSP00000482543	9606.ENSP00000268379	0	0	0	0	0.231	0.922	0.284	0.390	0.970
NDUFA6	NDUFB10	9606.ENSP00000482543	9606.ENSP00000268668	0	0	0	0	0.755	0.998	0.967	0.619	0.999
NDUFA6	ECSIT	9606.ENSP00000482543	9606.ENSP00000270517	0	0	0	0	0.141	0	0.500	0.299	0.672
NDUFA6	NDUFS6	9606.ENSP00000482543	9606.ENSP00000274137	0	0	0	0	0.921	0.998	0.967	0.913	0.999
NDUFA6	NDUFB11	9606.ENSP00000482543	9606.ENSP00000276062	0	0	0	0	0.624	0.998	0.967	0.730	0.999
NDUFA6	NDUFB9	9606.ENSP00000482543	9606.ENSP00000276689	0	0	0	0	0.960	0.998	0.967	0.834	0.999
NDUFA6	NDUFC2	9606.ENSP00000482543	9606.ENSP00000281031	0	0	0	0	0.696	0.998	0.944	0.750	0.999
NDUFA6	COX7A1	9606.ENSP00000482543	9606.ENSP00000292907	0	0	0	0	0.118	0.830	0	0.277	0.882
NDUFA6	NDUFAF2	9606.ENSP00000482543	9606.ENSP00000296597	0	0	0	0	0.238	0.507	0.838	0.473	0.963
NDUFA6	NDUFS4	9606.ENSP00000482543	9606.ENSP00000296684	0	0	0	0	0.942	0.999	0.967	0.813	0.999
NDUFA6	NDUFB8	9606.ENSP00000482543	9606.ENSP00000299166	0	0	0	0	0.968	0.998	0.967	0.868	0.999
NDUFA6	NDUFA7	9606.ENSP00000482543	9606.ENSP00000301457	0	0	0	0	0.638	0.998	0.967	0.953	0.999
NDUFA6	UQCRFS1	9606.ENSP00000482543	9606.ENSP00000306397	0	0	0	0	0.596	0.988	0.788	0.546	0.999
NDUFA6	TMEM126A	9606.ENSP00000482543	9606.ENSP00000306887	0	0	0	0	0.186	0	0	0.307	0.412
NDUFA6	UQCRH	9606.ENSP00000482543	9606.ENSP00000309565	0	0	0	0	0.810	0.952	0.572	0.660	0.998
NDUFA6	PRKACA	9606.ENSP00000482543	9606.ENSP00000309591	0	0	0	0	0.042	0	0.650	0.060	0.657
NDUFA6	ACAD9	9606.ENSP00000482543	9606.ENSP00000312618	0	0	0	0	0.055	0.088	0.500	0.212	0.615
NDUFA6	NDUFS8	9606.ENSP00000482543	9606.ENSP00000315774	0	0	0	0	0.908	0.998	0.967	0.858	0.999
NDUFA6	CYC1	9606.ENSP00000482543	9606.ENSP00000317159	0	0	0	0	0.436	0.988	0.284	0.324	0.996
NDUFA6	COX5A	9606.ENSP00000482543	9606.ENSP00000317780	0	0	0	0	0.861	0.830	0	0.522	0.987
NDUFA6	COX8A	9606.ENSP00000482543	9606.ENSP00000321260	0	0	0	0	0.353	0.125	0	0.318	0.581
NDUFA6	NDUFAF3	9606.ENSP00000482543	9606.ENSP00000323076	0	0	0	0	0.065	0	0.893	0.294	0.923
NDUFA6	COX14	9606.ENSP00000482543	9606.ENSP00000326052	0	0	0	0	0.281	0.120	0	0.161	0.423
NDUFA6	NDUFV2	9606.ENSP00000482543	9606.ENSP00000327268	0	0	0	0	0.947	0.998	0.967	0.952	0.999
NDUFA6	NDUFA12	9606.ENSP00000482543	9606.ENSP00000330737	0	0	0	0	0.974	0.998	0.967	0.810	0.999
NDUFA6	TMEM186	9606.ENSP00000482543	9606.ENSP00000331640	0	0	0	0	0.044	0	0.500	0.137	0.551
NDUFA6	UQCR10	9606.ENSP00000482543	9606.ENSP00000332887	0	0	0	0	0.968	0.967	0.284	0.533	0.999
NDUFA6	NDUFA4	9606.ENSP00000482543	9606.ENSP00000339720	0	0	0	0	0.503	0.994	0.944	0.749	0.999
NDUFA6	NDUFV3	9606.ENSP00000482543	9606.ENSP00000346196	0	0	0	0	0.379	0.998	0.967	0.852	0.999
NDUFA6	TMEM126B	9606.ENSP00000482543	9606.ENSP00000351737	0	0	0	0	0.145	0	0.500	0.356	0.700
NDUFA6	MT-CO1	9606.ENSP00000482543	9606.ENSP00000354499	0	0	0	0	0.138	0.830	0	0.272	0.884
NDUFA6	MT-CYB	9606.ENSP00000482543	9606.ENSP00000354554	0	0	0	0	0	0.904	0	0.201	0.920
NDUFA6	MT-ND1	9606.ENSP00000482543	9606.ENSP00000354687	0	0	0	0	0.196	0.998	0.967	0.306	0.999
NDUFA6	MT-ND5	9606.ENSP00000482543	9606.ENSP00000354813	0	0	0	0	0.161	0.999	0.967	0.327	0.999
NDUFA6	MT-CO2	9606.ENSP00000482543	9606.ENSP00000354876	0	0	0	0	0.134	0.746	0	0.207	0.810
NDUFA6	MT-ND4	9606.ENSP00000482543	9606.ENSP00000354961	0	0	0	0	0.195	0.998	0.967	0.333	0.999
NDUFA6	MT-CO3	9606.ENSP00000482543	9606.ENSP00000354982	0	0	0	0	0.125	0.830	0	0.144	0.861
NDUFA6	MT-ND2	9606.ENSP00000482543	9606.ENSP00000355046	0	0	0	0	0.121	0.999	0.967	0.520	0.999
NDUFA6	MT-ATP8	9606.ENSP00000482543	9606.ENSP00000355265	0	0	0	0	0.054	0	0	0.424	0.432
NDUFA6	COA6	9606.ENSP00000482543	9606.ENSP00000355574	0	0	0	0	0.425	0.226	0	0.116	0.572
NDUFA6	SDHC	9606.ENSP00000482543	9606.ENSP00000356953	0	0	0	0	0.841	0	0	0.377	0.897
NDUFA6	NDUFS2	9606.ENSP00000482543	9606.ENSP00000356972	0	0	0	0	0.894	0.999	0.967	0.789	0.999
NDUFA6	NDUFAF4	9606.ENSP00000482543	9606.ENSP00000358272	0	0	0	0	0.155	0	0.838	0.364	0.905
NDUFA6	COX7A2	9606.ENSP00000482543	9606.ENSP00000359098	0	0	0	0	0.778	0.095	0	0.368	0.862
NDUFA6	PRKACB	9606.ENSP00000482543	9606.ENSP00000359719	0	0	0	0	0.044	0	0.650	0.063	0.659
NDUFA6	NDUFA1	9606.ENSP00000482543	9606.ENSP00000360492	0	0	0	0	0.863	0.998	0.967	0.825	0.999
NDUFA6	NDUFS5	9606.ENSP00000482543	9606.ENSP00000362058	0	0	0	0	0.847	0.998	0.900	0.518	0.999
NDUFA6	NDUFA8	9606.ENSP00000482543	9606.ENSP00000362873	0	0	0	0	0.931	0.998	0.967	0.719	0.999
NDUFA6	SDHB	9606.ENSP00000482543	9606.ENSP00000364649	0	0	0	0	0.616	0.478	0	0.370	0.863
NDUFA6	SDHD	9606.ENSP00000482543	9606.ENSP00000364699	0	0	0	0	0.892	0	0	0.377	0.930
NDUFA6	NDUFAF5	9606.ENSP00000482543	9606.ENSP00000367346	0	0	0	0	0.122	0	0.500	0.355	0.692
NDUFA6	UQCRQ	9606.ENSP00000482543	9606.ENSP00000367939	0	0	0	0	0.944	0.855	0.284	0.575	0.997
NDUFA6	SDHAF1	9606.ENSP00000482543	9606.ENSP00000368165	0	0	0	0	0.101	0	0	0.452	0.487
NDUFA6	LYRM7	9606.ENSP00000482543	9606.ENSP00000368688	0	0	0	0	0.050	0	0	0.481	0.486
NDUFA6	NDUFB6	9606.ENSP00000482543	9606.ENSP00000369176	0	0	0	0	0.914	0.998	0.967	0.928	0.999
NDUFA6	COA1	9606.ENSP00000482543	9606.ENSP00000379218	0	0	0	0	0.090	0	0.500	0.082	0.546
NDUFA6	NDUFAF6	9606.ENSP00000482543	9606.ENSP00000379430	0	0	0	0	0	0	0.500	0.290	0.630
NDUFA6	NDUFA11	9606.ENSP00000482543	9606.ENSP00000389160	0	0	0	0	0.352	0.998	0.944	0.758	0.999
NDUFA6	NDUFS1	9606.ENSP00000482543	9606.ENSP00000392709	0	0	0	0	0.481	0.999	0.967	0.919	0.999
NDUFA6	NDUFB3	9606.ENSP00000482543	9606.ENSP00000407336	0	0	0	0	0.904	0.998	0.967	0.891	0.999
NDUFA6	NDUFA5	9606.ENSP00000482543	9606.ENSP00000417142	0	0	0	0	0.950	0.998	0.967	0.911	0.999
NDUFA6	NDUFA3	9606.ENSP00000482543	9606.ENSP00000418438	0	0	0	0	0.392	0.998	0.967	0.534	0.999
NDUFA6	TIMMDC1	9606.ENSP00000482543	9606.ENSP00000418803	0	0	0	0	0.062	0	0.500	0.315	0.650
NDUFA6	NDUFB2	9606.ENSP00000482543	9606.ENSP00000419087	0	0	0	0	0.200	0.998	0.967	0.393	0.999
NDUFA6	NDUFA13	9606.ENSP00000482543	9606.ENSP00000423673	0	0	0	0	0.953	0.998	0.967	0.846	0.999
NDUFA6	COX7C	9606.ENSP00000482543	9606.ENSP00000425759	0	0	0	0	0.861	0.830	0	0.562	0.988
NDUFA6	COX6C	9606.ENSP00000482543	9606.ENSP00000429707	0	0	0	0	0.801	0.507	0	0.410	0.937
NDUFA6	LYRM2	9606.ENSP00000482543	9606.ENSP00000430025	0	0	0	0	0.056	0	0	0.467	0.475
NDUFA6	UQCRB	9606.ENSP00000482543	9606.ENSP00000430494	0	0	0	0	0.978	0.956	0.561	0.483	0.999
NDUFA6	IKBKB	9606.ENSP00000482543	9606.ENSP00000430684	0	0	0	0	0	0	0.113	0.877	0.886
NDUFA6	NDUFC1	9606.ENSP00000482543	9606.ENSP00000441126	0	0	0	0	0.461	0.825	0.967	0.810	0.999
NDUFA6	COX4I1	9606.ENSP00000482543	9606.ENSP00000457513	0	0	0	0	0.371	0.852	0	0.499	0.949
NDUFA6	NDUFAB1	9606.ENSP00000482543	9606.ENSP00000458770	0	0	0	0	0.476	0.999	0.967	0.850	0.999
NDUFA6	COX6B1	9606.ENSP00000482543	9606.ENSP00000466818	0	0	0	0	0.634	0.888	0	0.342	0.971
NDUFA6	UQCR11	9606.ENSP00000482543	9606.ENSP00000467262	0	0	0	0	0.906	0.830	0	0.525	0.991
NDUFA6	UQCC2	9606.ENSP00000482543	9606.ENSP00000476140	0	0	0	0	0.157	0.097	0	0.278	0.402
NDUFA6	COX7B	9606.ENSP00000482543	9606.ENSP00000497474	0	0	0	0	0.414	0.842	0	0.648	0.964
NDUFA6	NDUFV1	9606.ENSP00000482543	9606.ENSP00000497587	0	0	0	0	0.639	0.998	0.967	0.929	0.999
NDUFA6	NDUFB1	9606.ENSP00000482543	9606.ENSP00000483888	0	0	0	0	0.473	0.998	0.900	0.543	0.999
NDUFA7	NDUFAF7	9606.ENSP00000301457	9606.ENSP00000002125	0	0	0	0	0.063	0	0.500	0.491	0.740
NDUFA7	NDUFB4	9606.ENSP00000301457	9606.ENSP00000184266	0	0	0	0	0.673	0.934	0.967	0.927	0.999
NDUFA7	UQCRC1	9606.ENSP00000301457	9606.ENSP00000203407	0	0	0	0	0.337	0.848	0.154	0.491	0.950
NDUFA7	NDUFB7	9606.ENSP00000301457	9606.ENSP00000215565	0	0	0	0	0.889	0.939	0.967	0.753	0.999
NDUFA7	COX6A1	9606.ENSP00000301457	9606.ENSP00000229379	0	0	0	0	0.407	0.282	0	0.348	0.698
NDUFA7	NDUFS7	9606.ENSP00000301457	9606.ENSP00000233627	0	0	0	0	0.795	0.931	0.967	0.800	0.999
NDUFA7	NDUFA2	9606.ENSP00000301457	9606.ENSP00000252102	0	0	0	0	0.833	0.998	0.967	0.964	0.999
NDUFA7	NDUFA10	9606.ENSP00000301457	9606.ENSP00000252711	0	0	0	0	0.244	0.914	0.967	0.957	0.999
NDUFA7	SCO1	9606.ENSP00000301457	9606.ENSP00000255390	0	0	0	0	0.075	0.193	0	0.321	0.448
NDUFA7	COX5B	9606.ENSP00000301457	9606.ENSP00000258424	0	0	0	0	0.859	0.817	0	0.372	0.982
NDUFA7	NDUFB5	9606.ENSP00000301457	9606.ENSP00000259037	0	0	0	0	0.631	0.917	0.967	0.860	0.999
NDUFA7	NDUFAF1	9606.ENSP00000301457	9606.ENSP00000260361	0	0	0	0	0.082	0	0.967	0.344	0.978
NDUFA7	FOXRED1	9606.ENSP00000301457	9606.ENSP00000263578	0	0	0	0	0.056	0	0.720	0.244	0.782
NDUFA7	NDUFS3	9606.ENSP00000301457	9606.ENSP00000263774	0	0	0	0	0.492	0.999	0.967	0.474	0.999
NDUFA7	NDUFA9	9606.ENSP00000301457	9606.ENSP00000266544	0	0	0	0	0.510	0.998	0.944	0.712	0.999
NDUFA7	UQCRC2	9606.ENSP00000301457	9606.ENSP00000268379	0	0	0	0	0.348	0.848	0.172	0.402	0.944
NDUFA7	NDUFB10	9606.ENSP00000301457	9606.ENSP00000268668	0	0	0	0	0.670	0.953	0.967	0.934	0.999
NDUFA7	ECSIT	9606.ENSP00000301457	9606.ENSP00000270517	0	0	0	0	0.230	0	0.500	0.191	0.661
NDUFA7	NDUFS6	9606.ENSP00000301457	9606.ENSP00000274137	0	0	0	0	0.807	0.998	0.967	0.848	0.999
NDUFA7	NDUFB11	9606.ENSP00000301457	9606.ENSP00000276062	0	0	0	0	0.863	0.953	0.967	0.810	0.999
NDUFA7	NDUFB9	9606.ENSP00000301457	9606.ENSP00000276689	0	0	0	0	0.754	0.936	0.967	0.783	0.999
NDUFA7	NDUFC2	9606.ENSP00000301457	9606.ENSP00000281031	0	0	0	0	0.730	0.919	0.944	0.680	0.999
NDUFA7	COX7A1	9606.ENSP00000301457	9606.ENSP00000292907	0	0	0	0	0.124	0.812	0	0.229	0.862
NDUFA7	NDUFAF2	9606.ENSP00000301457	9606.ENSP00000296597	0	0	0	0	0.105	0.478	0.838	0.521	0.959
NDUFA7	NDUFS4	9606.ENSP00000301457	9606.ENSP00000296684	0	0	0	0	0.595	0.998	0.967	0.792	0.999
NDUFA7	NDUFB8	9606.ENSP00000301457	9606.ENSP00000299166	0	0	0	0	0.784	0.915	0.967	0.904	0.999
NDUFA7	SURF1	9606.ENSP00000301457	9606.ENSP00000361042	0	0	0	0	0.143	0.095	0	0.305	0.414
NDUFA7	COA6	9606.ENSP00000301457	9606.ENSP00000355574	0	0	0	0	0.314	0.114	0	0.115	0.415
NDUFA7	UQCC2	9606.ENSP00000301457	9606.ENSP00000476140	0	0	0	0	0.263	0.077	0	0.251	0.446
NDUFA7	SDHC	9606.ENSP00000301457	9606.ENSP00000356953	0	0	0	0	0.332	0	0	0.249	0.477
NDUFA7	SDHD	9606.ENSP00000301457	9606.ENSP00000364699	0	0	0	0	0.335	0	0	0.318	0.527
NDUFA7	COX8A	9606.ENSP00000301457	9606.ENSP00000321260	0	0	0	0	0.344	0	0	0.310	0.528
NDUFA7	COA1	9606.ENSP00000301457	9606.ENSP00000379218	0	0	0	0	0.139	0	0.500	0.069	0.564
NDUFA7	TMEM186	9606.ENSP00000301457	9606.ENSP00000331640	0	0	0	0	0.085	0	0.500	0.151	0.577
NDUFA7	COX14	9606.ENSP00000301457	9606.ENSP00000326052	0	0	0	0	0.482	0.222	0	0	0.580
NDUFA7	NDUFAF6	9606.ENSP00000301457	9606.ENSP00000379430	0	0	0	0	0.074	0	0.500	0.171	0.583
NDUFA7	SDHB	9606.ENSP00000301457	9606.ENSP00000364649	0	0	0	0	0.478	0	0	0.249	0.591
NDUFA7	MT-CO2	9606.ENSP00000301457	9606.ENSP00000354876	0	0	0	0	0.082	0.507	0	0.192	0.602
NDUFA7	TIMMDC1	9606.ENSP00000301457	9606.ENSP00000418803	0	0	0	0	0.049	0	0.500	0.232	0.603
NDUFA7	TMEM126B	9606.ENSP00000301457	9606.ENSP00000351737	0	0	0	0	0.060	0	0.500	0.267	0.625
NDUFA7	NDUFAF5	9606.ENSP00000301457	9606.ENSP00000367346	0	0	0	0	0.068	0	0.500	0.276	0.633
NDUFA7	ACAD9	9606.ENSP00000301457	9606.ENSP00000312618	0	0	0	0	0.090	0.088	0.500	0.247	0.645
NDUFA7	COX7A2	9606.ENSP00000301457	9606.ENSP00000359098	0	0	0	0	0.395	0.094	0	0.408	0.647
NDUFA7	PRKACB	9606.ENSP00000301457	9606.ENSP00000359719	0	0	0	0	0.057	0	0.650	0	0.655
NDUFA7	PRKACA	9606.ENSP00000301457	9606.ENSP00000309591	0	0	0	0	0.057	0	0.650	0	0.656
NDUFA7	MT-CO3	9606.ENSP00000301457	9606.ENSP00000354982	0	0	0	0	0.067	0.812	0	0.161	0.840
NDUFA7	MT-CO1	9606.ENSP00000301457	9606.ENSP00000354499	0	0	0	0	0.075	0.812	0	0.208	0.850
NDUFA7	MT-CYB	9606.ENSP00000301457	9606.ENSP00000354554	0	0	0	0	0	0.827	0	0.203	0.857
NDUFA7	NDUFAF4	9606.ENSP00000301457	9606.ENSP00000358272	0	0	0	0	0.054	0	0.838	0.157	0.859
NDUFA7	NDUFAF3	9606.ENSP00000301457	9606.ENSP00000323076	0	0	0	0	0.336	0	0.838	0.155	0.901
NDUFA7	COX6C	9606.ENSP00000301457	9606.ENSP00000429707	0	0	0	0	0.639	0.531	0	0.475	0.903
NDUFA7	COX4I1	9606.ENSP00000301457	9606.ENSP00000457513	0	0	0	0	0.446	0.829	0	0.278	0.926
NDUFA7	UQCRFS1	9606.ENSP00000301457	9606.ENSP00000306397	0	0	0	0	0.281	0.854	0.172	0.280	0.929
NDUFA7	CYC1	9606.ENSP00000301457	9606.ENSP00000317159	0	0	0	0	0.571	0.853	0	0.074	0.936
NDUFA7	COX7B	9606.ENSP00000301457	9606.ENSP00000497474	0	0	0	0	0.234	0.811	0	0.594	0.936
NDUFA7	COX6B1	9606.ENSP00000301457	9606.ENSP00000466818	0	0	0	0	0.426	0.872	0	0.441	0.955
NDUFA7	UQCRB	9606.ENSP00000301457	9606.ENSP00000430494	0	0	0	0	0.710	0.849	0	0.107	0.957
NDUFA7	COX5A	9606.ENSP00000301457	9606.ENSP00000317780	0	0	0	0	0.671	0.812	0	0.400	0.959
NDUFA7	UQCRH	9606.ENSP00000301457	9606.ENSP00000309565	0	0	0	0	0.513	0.846	0.163	0.593	0.971
NDUFA7	UQCRQ	9606.ENSP00000301457	9606.ENSP00000367939	0	0	0	0	0.753	0.826	0.172	0.436	0.977
NDUFA7	COX7C	9606.ENSP00000301457	9606.ENSP00000425759	0	0	0	0	0.844	0.812	0	0.365	0.979
NDUFA7	UQCR11	9606.ENSP00000301457	9606.ENSP00000467262	0	0	0	0	0.892	0.812	0	0.502	0.989
NDUFA7	UQCR10	9606.ENSP00000301457	9606.ENSP00000332887	0	0	0	0	0.916	0.831	0	0.514	0.992
NDUFA7	NDUFA4	9606.ENSP00000301457	9606.ENSP00000339720	0	0	0	0	0.621	0.252	0.944	0.616	0.993
NDUFA7	MT-ND2	9606.ENSP00000301457	9606.ENSP00000355046	0	0	0	0	0.075	0.939	0.967	0.268	0.998
NDUFA7	MT-ND1	9606.ENSP00000301457	9606.ENSP00000354687	0	0	0	0	0.157	0.917	0.967	0.329	0.998
NDUFA7	NDUFB1	9606.ENSP00000301457	9606.ENSP00000483888	0	0	0	0	0.310	0.938	0.900	0.704	0.998
NDUFA7	MT-ND4	9606.ENSP00000301457	9606.ENSP00000354961	0	0	0	0	0.137	0.918	0.967	0.364	0.998
NDUFA7	MT-ND5	9606.ENSP00000301457	9606.ENSP00000354813	0	0	0	0	0.103	0.915	0.967	0.381	0.998
NDUFA7	NDUFV1	9606.ENSP00000301457	9606.ENSP00000497587	0	0	0	0	0.524	0.974	0.967	0.813	0.999
NDUFA7	NDUFA3	9606.ENSP00000301457	9606.ENSP00000418438	0	0	0	0	0.718	0.922	0.967	0.769	0.999
NDUFA7	NDUFA11	9606.ENSP00000301457	9606.ENSP00000389160	0	0	0	0	0.895	0.852	0.944	0.752	0.999
NDUFA7	NDUFA1	9606.ENSP00000301457	9606.ENSP00000360492	0	0	0	0	0.472	0.932	0.967	0.766	0.999
NDUFA7	NDUFB6	9606.ENSP00000301457	9606.ENSP00000369176	0	0	0	0	0.697	0.938	0.967	0.673	0.999
NDUFA7	NDUFS8	9606.ENSP00000301457	9606.ENSP00000315774	0	0	0	0	0.805	0.973	0.967	0.907	0.999
NDUFA7	NDUFA8	9606.ENSP00000301457	9606.ENSP00000362873	0	0	0	0	0.756	0.959	0.967	0.770	0.999
NDUFA7	NDUFS5	9606.ENSP00000301457	9606.ENSP00000362058	0	0	0	0	0.807	0.998	0.900	0.619	0.999
NDUFA7	NDUFS2	9606.ENSP00000301457	9606.ENSP00000356972	0	0	0	0	0.383	0.966	0.967	0.528	0.999
NDUFA7	NDUFV3	9606.ENSP00000301457	9606.ENSP00000346196	0	0	0	0	0.401	0.938	0.967	0.808	0.999
NDUFA7	NDUFA13	9606.ENSP00000301457	9606.ENSP00000423673	0	0	0	0	0.919	0.970	0.967	0.840	0.999
NDUFA7	NDUFB3	9606.ENSP00000301457	9606.ENSP00000407336	0	0	0	0	0.567	0.920	0.967	0.833	0.999
NDUFA7	NDUFAB1	9606.ENSP00000301457	9606.ENSP00000458770	0	0	0	0	0.450	0.992	0.967	0.526	0.999
NDUFA7	NDUFS1	9606.ENSP00000301457	9606.ENSP00000392709	0	0	0	0	0.304	0.974	0.967	0.829	0.999
NDUFA7	NDUFV2	9606.ENSP00000301457	9606.ENSP00000327268	0	0	0	0	0.373	0.941	0.967	0.830	0.999
NDUFA7	NDUFC1	9606.ENSP00000301457	9606.ENSP00000441126	0	0	0	0	0.512	0.825	0.967	0.722	0.999
NDUFA7	NDUFA5	9606.ENSP00000301457	9606.ENSP00000417142	0	0	0	0	0.469	0.948	0.967	0.832	0.999
NDUFA7	NDUFA6	9606.ENSP00000301457	9606.ENSP00000482543	0	0	0	0	0.638	0.998	0.967	0.953	0.999
NDUFA7	NDUFB2	9606.ENSP00000301457	9606.ENSP00000419087	0	0	0	0	0.230	0.905	0.967	0.856	0.999
NDUFA7	NDUFA12	9606.ENSP00000301457	9606.ENSP00000330737	0	0	0	0	0.666	0.999	0.967	0.826	0.999
NDUFA8	NDUFAF7	9606.ENSP00000362873	9606.ENSP00000002125	0	0	0	0	0.097	0	0.500	0.186	0.600
NDUFA8	TIMM21	9606.ENSP00000362873	9606.ENSP00000169551	0	0	0	0	0.124	0	0	0.500	0.543
NDUFA8	NDUFB4	9606.ENSP00000362873	9606.ENSP00000184266	0	0	0	0	0.867	0.970	0.967	0.688	0.999
NDUFA8	UQCRC1	9606.ENSP00000362873	9606.ENSP00000203407	0	0	0	0	0.631	0.953	0.154	0.560	0.992
NDUFA8	NDUFB7	9606.ENSP00000362873	9606.ENSP00000215565	0	0	0	0	0.944	0.997	0.967	0.807	0.999
NDUFA8	COX6A1	9606.ENSP00000362873	9606.ENSP00000229379	0	0	0	0	0.544	0.258	0	0.538	0.830
NDUFA8	NDUFS7	9606.ENSP00000362873	9606.ENSP00000233627	0	0	0	0	0.974	0.993	0.967	0.644	0.999
NDUFA8	NDUFA2	9606.ENSP00000362873	9606.ENSP00000252102	0	0	0	0	0.945	0.998	0.967	0.805	0.999
NDUFA8	NDUFA10	9606.ENSP00000362873	9606.ENSP00000252711	0	0	0	0	0.434	0.957	0.967	0.718	0.999
NDUFA8	COX5B	9606.ENSP00000362873	9606.ENSP00000258424	0	0	0	0	0.878	0.844	0	0.619	0.992
NDUFA8	NDUFB5	9606.ENSP00000362873	9606.ENSP00000259037	0	0	0	0	0.891	0.989	0.967	0.820	0.999
NDUFA8	NDUFAF1	9606.ENSP00000362873	9606.ENSP00000260361	0	0	0	0	0.304	0.729	0.967	0.301	0.995
NDUFA8	COX17	9606.ENSP00000362873	9606.ENSP00000261070	0	0	0	0	0.352	0	0	0.436	0.619
NDUFA8	TTC19	9606.ENSP00000362873	9606.ENSP00000261647	0	0	0	0	0.044	0	0	0.462	0.463
NDUFA8	FOXRED1	9606.ENSP00000362873	9606.ENSP00000263578	0	0	0	0	0.056	0.292	0.720	0.412	0.875
NDUFA8	NDUFS3	9606.ENSP00000362873	9606.ENSP00000263774	0	0	0	0	0.950	0.995	0.967	0.784	0.999
NDUFA8	SDHA	9606.ENSP00000362873	9606.ENSP00000264932	0	0	0	0	0.659	0.097	0	0.443	0.813
NDUFA8	NDUFA9	9606.ENSP00000362873	9606.ENSP00000266544	0	0	0	0	0.868	0.991	0.944	0.856	0.999
NDUFA8	UQCRC2	9606.ENSP00000362873	9606.ENSP00000268379	0	0	0	0	0.615	0.908	0.172	0.658	0.988
NDUFA8	NDUFB10	9606.ENSP00000362873	9606.ENSP00000268668	0	0	0	0	0.953	0.991	0.967	0.880	0.999
NDUFA8	ECSIT	9606.ENSP00000362873	9606.ENSP00000270517	0	0	0	0	0.555	0.684	0.500	0.233	0.938
NDUFA8	NDUFS6	9606.ENSP00000362873	9606.ENSP00000274137	0	0	0	0	0.907	0.996	0.967	0.767	0.999
NDUFA8	NDUFB11	9606.ENSP00000362873	9606.ENSP00000276062	0	0	0	0	0.919	0.894	0.967	0.531	0.999
NDUFA8	NDUFB9	9606.ENSP00000362873	9606.ENSP00000276689	0	0	0	0	0.978	0.996	0.967	0.717	0.999
NDUFA8	NDUFC2	9606.ENSP00000362873	9606.ENSP00000281031	0	0	0	0	0.736	0.986	0.944	0.755	0.999
NDUFA8	AIFM1	9606.ENSP00000362873	9606.ENSP00000287295	0	0	0	0	0.146	0.241	0	0.208	0.442
NDUFA8	COX7A1	9606.ENSP00000362873	9606.ENSP00000292907	0	0	0	0	0.102	0.830	0	0.297	0.883
NDUFA8	NDUFAF2	9606.ENSP00000362873	9606.ENSP00000296597	0	0	0	0	0.199	0.507	0.838	0.318	0.950
NDUFA8	NDUFS4	9606.ENSP00000362873	9606.ENSP00000296684	0	0	0	0	0.960	0.995	0.967	0.722	0.999
NDUFA8	NDUFB8	9606.ENSP00000362873	9606.ENSP00000299166	0	0	0	0	0.974	0.995	0.967	0.735	0.999
NDUFA8	COX11	9606.ENSP00000362873	9606.ENSP00000299335	0	0	0	0	0.060	0	0	0.544	0.553
NDUFA8	NDUFA7	9606.ENSP00000362873	9606.ENSP00000301457	0	0	0	0	0.756	0.959	0.967	0.770	0.999
NDUFA8	UQCRFS1	9606.ENSP00000362873	9606.ENSP00000306397	0	0	0	0	0.617	0.977	0.284	0.585	0.997
NDUFA8	UQCRH	9606.ENSP00000362873	9606.ENSP00000309565	0	0	0	0	0.813	0.957	0.237	0.445	0.996
NDUFA8	PRKACA	9606.ENSP00000362873	9606.ENSP00000309591	0	0	0	0	0.042	0	0.650	0	0.650
NDUFA8	ACAD9	9606.ENSP00000362873	9606.ENSP00000312618	0	0	0	0	0.150	0.235	0.500	0.233	0.717
NDUFA8	NDUFS8	9606.ENSP00000362873	9606.ENSP00000315774	0	0	0	0	0.959	0.997	0.967	0.809	0.999
NDUFA8	CYC1	9606.ENSP00000362873	9606.ENSP00000317159	0	0	0	0	0.928	0.967	0.172	0.264	0.998
NDUFA8	COX5A	9606.ENSP00000362873	9606.ENSP00000317780	0	0	0	0	0.867	0.830	0	0.568	0.989
NDUFA8	COX8A	9606.ENSP00000362873	9606.ENSP00000321260	0	0	0	0	0.220	0	0	0.523	0.612
NDUFA8	NDUFAF3	9606.ENSP00000362873	9606.ENSP00000323076	0	0	0	0	0.237	0.994	0.893	0.342	0.999
NDUFA8	COX14	9606.ENSP00000362873	9606.ENSP00000326052	0	0	0	0	0.443	0.164	0	0.270	0.630
NDUFA8	NDUFV2	9606.ENSP00000362873	9606.ENSP00000327268	0	0	0	0	0.980	0.996	0.967	0.615	0.999
NDUFA8	NDUFA12	9606.ENSP00000362873	9606.ENSP00000330737	0	0	0	0	0.975	0.995	0.967	0.791	0.999
NDUFA8	TMEM186	9606.ENSP00000362873	9606.ENSP00000331640	0	0	0	0	0.098	0	0.500	0.219	0.617
NDUFA8	UQCR10	9606.ENSP00000362873	9606.ENSP00000332887	0	0	0	0	0.966	0.967	0.284	0.544	0.999
NDUFA8	NDUFA4	9606.ENSP00000362873	9606.ENSP00000339720	0	0	0	0	0.365	0.249	0.944	0.666	0.989
NDUFA8	COX19	9606.ENSP00000362873	9606.ENSP00000342015	0	0	0	0	0.115	0	0	0.399	0.445
NDUFA8	NDUFV3	9606.ENSP00000362873	9606.ENSP00000346196	0	0	0	0	0.420	0.958	0.967	0.491	0.999
NDUFA8	TMEM126B	9606.ENSP00000362873	9606.ENSP00000351737	0	0	0	0	0.163	0	0.500	0.363	0.710
NDUFA8	MT-CO1	9606.ENSP00000362873	9606.ENSP00000354499	0	0	0	0	0.250	0.830	0	0.192	0.888
NDUFA8	MT-CYB	9606.ENSP00000362873	9606.ENSP00000354554	0	0	0	0	0	0.904	0	0.321	0.932
NDUFA8	MT-ND1	9606.ENSP00000362873	9606.ENSP00000354687	0	0	0	0	0.253	0.997	0.967	0.392	0.999
NDUFA8	COA3	9606.ENSP00000362873	9606.ENSP00000354762	0	0	0	0	0.645	0.162	0	0.192	0.738
NDUFA8	MT-ND5	9606.ENSP00000362873	9606.ENSP00000354813	0	0	0	0	0.214	0.995	0.967	0.449	0.999
NDUFA8	MT-CO2	9606.ENSP00000362873	9606.ENSP00000354876	0	0	0	0	0.067	0.746	0	0.227	0.800
NDUFA8	MT-ND4	9606.ENSP00000362873	9606.ENSP00000354961	0	0	0	0	0.216	0.997	0.967	0.443	0.999
NDUFA8	MT-CO3	9606.ENSP00000362873	9606.ENSP00000354982	0	0	0	0	0.068	0.830	0	0.425	0.901
NDUFA8	MT-ND2	9606.ENSP00000362873	9606.ENSP00000355046	0	0	0	0	0.127	0.994	0.967	0.398	0.999
NDUFA8	COA6	9606.ENSP00000362873	9606.ENSP00000355574	0	0	0	0	0.389	0.273	0	0.488	0.753
NDUFA8	SDHC	9606.ENSP00000362873	9606.ENSP00000356953	0	0	0	0	0.877	0.170	0	0.229	0.914
NDUFA8	NDUFS2	9606.ENSP00000362873	9606.ENSP00000356972	0	0	0	0	0.915	0.995	0.967	0.807	0.999
NDUFA8	NDUFAF4	9606.ENSP00000362873	9606.ENSP00000358272	0	0	0	0	0.150	0.224	0.838	0.484	0.937
NDUFA8	COX7A2	9606.ENSP00000362873	9606.ENSP00000359098	0	0	0	0	0.406	0.161	0	0.554	0.758
NDUFA8	PRKACB	9606.ENSP00000362873	9606.ENSP00000359719	0	0	0	0	0.042	0	0.650	0	0.650
NDUFA8	NDUFA1	9606.ENSP00000362873	9606.ENSP00000360492	0	0	0	0	0.283	0.984	0.967	0.692	0.999
NDUFA8	COA7	9606.ENSP00000362873	9606.ENSP00000360593	0	0	0	0	0.110	0	0	0.423	0.465
NDUFA8	NDUFS5	9606.ENSP00000362873	9606.ENSP00000362058	0	0	0	0	0.916	0.982	0.900	0.791	0.999
NDUFA8	UQCC1	9606.ENSP00000362873	9606.ENSP00000363506	0	0	0	0	0.201	0	0	0.279	0.400
NDUFA8	ACTG1	9606.ENSP00000362873	9606.ENSP00000458162	0	0	0	0	0.049	0	0	0.397	0.402
NDUFA8	ATPAF1	9606.ENSP00000362873	9606.ENSP00000460964	0	0	0	0	0.316	0	0	0.180	0.415
NDUFA8	UQCC2	9606.ENSP00000362873	9606.ENSP00000476140	0	0	0	0	0.218	0	0	0.304	0.433
NDUFA8	BCS1L	9606.ENSP00000362873	9606.ENSP00000413908	0	0	0	0	0.263	0	0	0.273	0.441
NDUFA8	COA4	9606.ENSP00000362873	9606.ENSP00000443795	0	0	0	0	0.249	0	0	0.417	0.543
NDUFA8	COA1	9606.ENSP00000362873	9606.ENSP00000379218	0	0	0	0	0.107	0	0.500	0.061	0.544
NDUFA8	NDUFAF6	9606.ENSP00000362873	9606.ENSP00000379430	0	0	0	0	0.081	0	0.500	0.321	0.661
NDUFA8	NDUFAF5	9606.ENSP00000362873	9606.ENSP00000367346	0	0	0	0	0.109	0	0.500	0.371	0.695
NDUFA8	COX6C	9606.ENSP00000362873	9606.ENSP00000429707	0	0	0	0	0.379	0.507	0	0.527	0.842
NDUFA8	COX7B	9606.ENSP00000362873	9606.ENSP00000497474	0	0	0	0	0.177	0.842	0	0.388	0.913
NDUFA8	COX7C	9606.ENSP00000362873	9606.ENSP00000425759	0	0	0	0	0.476	0.830	0	0.454	0.947
NDUFA8	SDHD	9606.ENSP00000362873	9606.ENSP00000364699	0	0	0	0	0.903	0	0	0.518	0.951
NDUFA8	SDHB	9606.ENSP00000362873	9606.ENSP00000364649	0	0	0	0	0.905	0.177	0	0.433	0.952
NDUFA8	COX6B1	9606.ENSP00000362873	9606.ENSP00000466818	0	0	0	0	0.474	0.848	0	0.671	0.971
NDUFA8	COX4I1	9606.ENSP00000362873	9606.ENSP00000457513	0	0	0	0	0.731	0.897	0	0.369	0.981
NDUFA8	UQCR11	9606.ENSP00000362873	9606.ENSP00000467262	0	0	0	0	0.847	0.830	0	0.419	0.983
NDUFA8	UQCRQ	9606.ENSP00000362873	9606.ENSP00000367939	0	0	0	0	0.921	0.887	0.172	0.502	0.995
NDUFA8	NDUFB2	9606.ENSP00000362873	9606.ENSP00000419087	0	0	0	0	0.271	0.842	0.967	0.451	0.997
NDUFA8	NDUFC1	9606.ENSP00000362873	9606.ENSP00000441126	0	0	0	0	0.395	0.825	0.967	0.618	0.998
NDUFA8	NDUFV1	9606.ENSP00000362873	9606.ENSP00000497587	0	0	0	0	0.927	0.997	0.967	0.743	0.999
NDUFA8	NDUFA3	9606.ENSP00000362873	9606.ENSP00000418438	0	0	0	0	0.502	0.986	0.967	0.927	0.999
NDUFA8	NDUFA11	9606.ENSP00000362873	9606.ENSP00000389160	0	0	0	0	0.731	0.952	0.944	0.744	0.999
NDUFA8	NDUFB1	9606.ENSP00000362873	9606.ENSP00000483888	0	0	0	0	0.271	0.991	0.900	0.650	0.999
NDUFA8	NDUFB6	9606.ENSP00000362873	9606.ENSP00000369176	0	0	0	0	0.918	0.971	0.967	0.753	0.999
NDUFA8	TIMMDC1	9606.ENSP00000362873	9606.ENSP00000418803	0	0	0	0	0.250	0.994	0.500	0.718	0.999
NDUFA8	NDUFA13	9606.ENSP00000362873	9606.ENSP00000423673	0	0	0	0	0.956	0.997	0.967	0.842	0.999
NDUFA8	NDUFB3	9606.ENSP00000362873	9606.ENSP00000407336	0	0	0	0	0.704	0.996	0.967	0.745	0.999
NDUFA8	NDUFS1	9606.ENSP00000362873	9606.ENSP00000392709	0	0	0	0	0.739	0.996	0.967	0.665	0.999
NDUFA8	NDUFAB1	9606.ENSP00000362873	9606.ENSP00000458770	0	0	0	0	0.534	0.991	0.967	0.640	0.999
NDUFA8	NDUFA5	9606.ENSP00000362873	9606.ENSP00000417142	0	0	0	0	0.981	0.991	0.967	0.828	0.999
NDUFA8	NDUFA6	9606.ENSP00000362873	9606.ENSP00000482543	0	0	0	0	0.931	0.998	0.967	0.719	0.999
NDUFA8	UQCRB	9606.ENSP00000362873	9606.ENSP00000430494	0	0	0	0	0.974	0.976	0.284	0.562	0.999
NDUFA9	NDUFAF7	9606.ENSP00000266544	9606.ENSP00000002125	0	0	0	0	0.110	0	0.500	0.224	0.625
NDUFA9	COX15	9606.ENSP00000266544	9606.ENSP00000016171	0	0	0	0	0.076	0.239	0	0.376	0.523
NDUFA9	NDUFB4	9606.ENSP00000266544	9606.ENSP00000184266	0	0	0	0	0.521	0.998	0.944	0.675	0.999
NDUFA9	UQCRC1	9606.ENSP00000266544	9606.ENSP00000203407	0	0	0	0	0.863	0.935	0.154	0.806	0.998
NDUFA9	NDUFB7	9606.ENSP00000266544	9606.ENSP00000215565	0	0	0	0	0.728	0.999	0.944	0.474	0.999
NDUFA9	COX6A1	9606.ENSP00000266544	9606.ENSP00000229379	0	0	0	0	0.335	0.228	0	0.352	0.638
NDUFA9	NDUFS7	9606.ENSP00000266544	9606.ENSP00000233627	0	0	0	0	0.883	0.999	0.944	0.967	0.999
NDUFA9	NDUFA2	9606.ENSP00000266544	9606.ENSP00000252102	0	0	0	0	0.720	0.999	0.944	0.925	0.999
NDUFA9	NDUFA10	9606.ENSP00000266544	9606.ENSP00000252711	0	0	0	0	0.867	0.998	0.944	0.886	0.999
NDUFA9	COX5B	9606.ENSP00000266544	9606.ENSP00000258424	0	0	0	0	0.827	0.846	0	0.557	0.987
NDUFA9	NDUFB5	9606.ENSP00000266544	9606.ENSP00000259037	0	0	0	0	0.781	0.998	0.944	0.687	0.999
NDUFA9	NDUFAF1	9606.ENSP00000266544	9606.ENSP00000260361	0	0	0	0	0.131	0.292	0.944	0.403	0.976
NDUFA9	FOXRED1	9606.ENSP00000266544	9606.ENSP00000263578	0	0	0	0	0.083	0	0.720	0.367	0.823
NDUFA9	NDUFS3	9606.ENSP00000266544	9606.ENSP00000263774	0	0	0	0	0.878	0.999	0.944	0.991	0.999
NDUFA9	SDHA	9606.ENSP00000266544	9606.ENSP00000264932	0	0	0	0	0.843	0.087	0	0.885	0.982
NDUFA9	ACTB	9606.ENSP00000266544	9606.ENSP00000494750	0	0	0	0	0.062	0	0	0.393	0.406
NDUFA9	SURF1	9606.ENSP00000266544	9606.ENSP00000361042	0	0	0	0	0.131	0.095	0	0.338	0.435
NDUFA9	BCS1L	9606.ENSP00000266544	9606.ENSP00000413908	0	0	0	0	0.171	0	0	0.367	0.454
NDUFA9	COX14	9606.ENSP00000266544	9606.ENSP00000326052	0	0	0	0	0.260	0.073	0	0.270	0.456
NDUFA9	COA6	9606.ENSP00000266544	9606.ENSP00000355574	0	0	0	0	0.220	0.224	0	0.238	0.499
NDUFA9	MT-ATP6	9606.ENSP00000266544	9606.ENSP00000354632	0	0	0	0	0.184	0	0	0.418	0.505
NDUFA9	TMEM186	9606.ENSP00000266544	9606.ENSP00000331640	0	0	0	0	0.049	0	0.500	0.052	0.509
NDUFA9	COX7A2L	9606.ENSP00000266544	9606.ENSP00000367938	0	0	0	0	0.072	0.161	0	0.432	0.519
NDUFA9	COX7A2	9606.ENSP00000266544	9606.ENSP00000359098	0	0	0	0	0.336	0.161	0	0.277	0.562
NDUFA9	COA3	9606.ENSP00000266544	9606.ENSP00000354762	0	0	0	0	0.178	0.368	0	0.255	0.579
NDUFA9	TMEM126B	9606.ENSP00000266544	9606.ENSP00000351737	0	0	0	0	0.065	0	0.500	0.220	0.603
NDUFA9	COA1	9606.ENSP00000266544	9606.ENSP00000379218	0	0	0	0	0.174	0	0.500	0.118	0.604
NDUFA9	NUBPL	9606.ENSP00000266544	9606.ENSP00000281081	0	0	0	0	0.088	0	0.500	0.262	0.634
NDUFA9	NDUFAF6	9606.ENSP00000266544	9606.ENSP00000379430	0.061	0	0	0	0.049	0	0.500	0.375	0.683
NDUFA9	PRKACB	9606.ENSP00000266544	9606.ENSP00000359719	0	0	0	0	0.100	0	0.650	0.079	0.684
NDUFA9	PRKACA	9606.ENSP00000266544	9606.ENSP00000309591	0	0	0	0	0.102	0	0.650	0.079	0.685
NDUFA9	ECSIT	9606.ENSP00000266544	9606.ENSP00000270517	0	0	0	0	0.335	0	0.500	0.162	0.697
NDUFA9	NDUFAF5	9606.ENSP00000266544	9606.ENSP00000367346	0	0	0	0	0.106	0.048	0.500	0.392	0.707
NDUFA9	ACAD9	9606.ENSP00000266544	9606.ENSP00000312618	0	0	0	0	0.159	0.088	0.573	0.375	0.768
NDUFA9	COX6C	9606.ENSP00000266544	9606.ENSP00000429707	0	0	0	0	0.428	0.482	0	0.386	0.802
NDUFA9	NDUFAF3	9606.ENSP00000266544	9606.ENSP00000323076	0	0	0	0	0.121	0	0.722	0.256	0.802
NDUFA9	NDUFAF4	9606.ENSP00000266544	9606.ENSP00000358272	0	0	0	0	0.145	0	0.722	0.322	0.824
NDUFA9	MT-CO2	9606.ENSP00000266544	9606.ENSP00000354876	0	0	0	0	0.083	0.561	0.422	0.565	0.885
NDUFA9	SDHD	9606.ENSP00000266544	9606.ENSP00000364699	0	0	0	0	0.842	0	0	0.313	0.887
NDUFA9	COX7B	9606.ENSP00000266544	9606.ENSP00000497474	0	0	0	0	0.153	0.830	0	0.281	0.888
NDUFA9	SDHC	9606.ENSP00000266544	9606.ENSP00000356953	0	0	0	0	0.837	0.150	0	0.350	0.902
NDUFA9	NDUFAF2	9606.ENSP00000266544	9606.ENSP00000296597	0	0	0	0	0.126	0.429	0.722	0.414	0.908
NDUFA9	COX7A1	9606.ENSP00000266544	9606.ENSP00000292907	0	0	0	0	0.076	0.841	0	0.497	0.920
NDUFA9	COX6B1	9606.ENSP00000266544	9606.ENSP00000466818	0	0	0	0	0.242	0.862	0	0.398	0.931
NDUFA9	UQCR11	9606.ENSP00000266544	9606.ENSP00000467262	0	0	0	0	0.537	0.841	0	0.241	0.939
NDUFA9	MT-CO3	9606.ENSP00000266544	9606.ENSP00000354982	0	0	0	0	0.079	0.841	0.423	0.378	0.940
NDUFA9	COX7C	9606.ENSP00000266544	9606.ENSP00000425759	0	0	0	0	0.443	0.855	0	0.386	0.946
NDUFA9	SDHB	9606.ENSP00000266544	9606.ENSP00000364649	0	0	0	0	0.879	0.259	0	0.639	0.965
NDUFA9	UQCRH	9606.ENSP00000266544	9606.ENSP00000309565	0	0	0	0	0.440	0.903	0.285	0.349	0.971
NDUFA9	MT-CYB	9606.ENSP00000266544	9606.ENSP00000354554	0	0	0	0	0.110	0.951	0.268	0.474	0.981
NDUFA9	MT-CO1	9606.ENSP00000266544	9606.ENSP00000354499	0	0	0	0	0.108	0.895	0.433	0.733	0.984
NDUFA9	UQCRQ	9606.ENSP00000266544	9606.ENSP00000367939	0	0	0	0	0.776	0.871	0	0.541	0.985
NDUFA9	NDUFA4	9606.ENSP00000266544	9606.ENSP00000339720	0	0	0	0	0.248	0.330	0.933	0.697	0.988
NDUFA9	UQCRB	9606.ENSP00000266544	9606.ENSP00000430494	0	0	0	0	0.672	0.945	0.218	0.341	0.989
NDUFA9	COX5A	9606.ENSP00000266544	9606.ENSP00000317780	0	0	0	0	0.855	0.851	0	0.628	0.991
NDUFA9	NDUFC1	9606.ENSP00000266544	9606.ENSP00000441126	0	0	0	0	0.218	0.821	0.944	0.245	0.993
NDUFA9	COX4I1	9606.ENSP00000266544	9606.ENSP00000457513	0	0	0	0	0.852	0.897	0	0.717	0.995
NDUFA9	NDUFB2	9606.ENSP00000266544	9606.ENSP00000419087	0	0	0	0	0.199	0.841	0.944	0.495	0.995
NDUFA9	TIMMDC1	9606.ENSP00000266544	9606.ENSP00000418803	0	0	0	0	0.062	0.994	0.500	0.251	0.997
NDUFA9	UQCRC2	9606.ENSP00000266544	9606.ENSP00000268379	0	0	0	0	0.781	0.900	0.130	0.889	0.997
NDUFA9	CYC1	9606.ENSP00000266544	9606.ENSP00000317159	0	0	0	0	0.858	0.970	0.434	0.424	0.998
NDUFA9	NDUFA1	9606.ENSP00000266544	9606.ENSP00000360492	0	0	0	0	0.165	0.936	0.944	0.601	0.998
NDUFA9	NDUFV3	9606.ENSP00000266544	9606.ENSP00000346196	0	0	0	0	0.270	0.998	0.944	0.537	0.999
NDUFA9	NDUFB10	9606.ENSP00000266544	9606.ENSP00000268668	0	0	0	0	0.622	0.999	0.944	0.881	0.999
NDUFA9	NDUFS2	9606.ENSP00000266544	9606.ENSP00000356972	0	0	0	0	0.868	0.999	0.944	0.913	0.999
NDUFA9	NDUFS5	9606.ENSP00000266544	9606.ENSP00000362058	0	0	0	0	0.493	0.998	0.900	0.668	0.999
NDUFA9	UQCR10	9606.ENSP00000266544	9606.ENSP00000332887	0	0	0	0	0.786	0.998	0.154	0.448	0.999
NDUFA9	NDUFA8	9606.ENSP00000266544	9606.ENSP00000362873	0	0	0	0	0.868	0.991	0.944	0.856	0.999
NDUFA9	NDUFS8	9606.ENSP00000266544	9606.ENSP00000315774	0	0	0	0	0.897	0.999	0.944	0.775	0.999
NDUFA9	NDUFB6	9606.ENSP00000266544	9606.ENSP00000369176	0	0	0	0	0.837	0.943	0.944	0.941	0.999
NDUFA9	NDUFB1	9606.ENSP00000266544	9606.ENSP00000483888	0	0	0	0	0.248	0.977	0.900	0.506	0.999
NDUFA9	NDUFA7	9606.ENSP00000266544	9606.ENSP00000301457	0	0	0	0	0.510	0.998	0.944	0.712	0.999
NDUFA9	NDUFS4	9606.ENSP00000266544	9606.ENSP00000296684	0	0	0	0	0.909	0.999	0.944	0.783	0.999
NDUFA9	NDUFA11	9606.ENSP00000266544	9606.ENSP00000389160	0	0	0	0	0.619	0.998	0.933	0.680	0.999
NDUFA9	NDUFB9	9606.ENSP00000266544	9606.ENSP00000276689	0	0	0	0	0.892	0.985	0.944	0.871	0.999
NDUFA9	NDUFA3	9606.ENSP00000266544	9606.ENSP00000418438	0	0	0	0	0.441	0.929	0.944	0.665	0.999
NDUFA9	MT-ND1	9606.ENSP00000266544	9606.ENSP00000354687	0	0	0	0	0.163	0.983	0.944	0.703	0.999
NDUFA9	NDUFV1	9606.ENSP00000266544	9606.ENSP00000497587	0	0	0	0	0.900	0.999	0.944	0.920	0.999
NDUFA9	MT-ND2	9606.ENSP00000266544	9606.ENSP00000355046	0	0	0	0	0.139	0.966	0.944	0.471	0.999
NDUFA9	UQCRFS1	9606.ENSP00000266544	9606.ENSP00000306397	0.055	0	0	0	0.874	0.999	0.449	0.758	0.999
NDUFA9	NDUFA12	9606.ENSP00000266544	9606.ENSP00000330737	0	0	0	0	0.896	0.999	0.944	0.660	0.999
NDUFA9	NDUFB8	9606.ENSP00000266544	9606.ENSP00000299166	0	0	0	0	0.899	0.999	0.944	0.879	0.999
NDUFA9	NDUFB11	9606.ENSP00000266544	9606.ENSP00000276062	0	0	0	0	0.528	0.998	0.944	0.715	0.999
NDUFA9	NDUFS6	9606.ENSP00000266544	9606.ENSP00000274137	0	0	0	0	0.830	0.999	0.944	0.695	0.999
NDUFA9	NDUFA6	9606.ENSP00000266544	9606.ENSP00000482543	0	0	0	0	0.709	0.999	0.944	0.960	0.999
NDUFA9	NDUFA5	9606.ENSP00000266544	9606.ENSP00000417142	0	0	0	0	0.693	0.999	0.944	0.790	0.999
NDUFA9	MT-ND5	9606.ENSP00000266544	9606.ENSP00000354813	0	0	0	0	0.202	0.998	0.944	0.682	0.999
NDUFA9	NDUFV2	9606.ENSP00000266544	9606.ENSP00000327268	0	0	0	0	0.880	0.999	0.944	0.949	0.999
NDUFA9	NDUFAB1	9606.ENSP00000266544	9606.ENSP00000458770	0	0	0	0	0.446	0.999	0.944	0.569	0.999
NDUFA9	NDUFS1	9606.ENSP00000266544	9606.ENSP00000392709	0	0	0	0	0.883	0.999	0.944	0.934	0.999
NDUFA9	NDUFB3	9606.ENSP00000266544	9606.ENSP00000407336	0	0	0	0	0.598	0.999	0.944	0.657	0.999
NDUFA9	NDUFC2	9606.ENSP00000266544	9606.ENSP00000281031	0	0	0	0	0.607	0.927	0.933	0.640	0.999
NDUFA9	NDUFA13	9606.ENSP00000266544	9606.ENSP00000423673	0	0	0	0	0.901	0.999	0.944	0.853	0.999
NDUFA9	MT-ND4	9606.ENSP00000266544	9606.ENSP00000354961	0	0	0	0	0.222	0.981	0.944	0.454	0.999
NDUFAB1	NDUFAF7	9606.ENSP00000458770	9606.ENSP00000002125	0.042	0	0	0	0.058	0	0.500	0.318	0.651
NDUFAB1	NDUFB4	9606.ENSP00000458770	9606.ENSP00000184266	0	0	0	0	0.727	0.991	0.967	0.545	0.999
NDUFAB1	UQCRC1	9606.ENSP00000458770	9606.ENSP00000203407	0	0	0	0	0.331	0.921	0	0.701	0.983
NDUFAB1	NDUFB7	9606.ENSP00000458770	9606.ENSP00000215565	0	0	0	0	0.384	0.991	0.967	0.787	0.999
NDUFAB1	COX6A1	9606.ENSP00000458770	9606.ENSP00000229379	0	0	0	0	0.373	0.311	0	0.339	0.690
NDUFAB1	NDUFS7	9606.ENSP00000458770	9606.ENSP00000233627	0	0	0	0	0.424	0.991	0.967	0.589	0.999
NDUFAB1	NDUFA2	9606.ENSP00000458770	9606.ENSP00000252102	0	0	0	0	0.385	0.991	0.967	0.934	0.999
NDUFAB1	NDUFA10	9606.ENSP00000458770	9606.ENSP00000252711	0	0	0	0	0.238	0.991	0.967	0.633	0.999
NDUFAB1	COX5B	9606.ENSP00000458770	9606.ENSP00000258424	0	0	0	0	0.374	0.864	0	0.399	0.944
NDUFAB1	NDUFB5	9606.ENSP00000458770	9606.ENSP00000259037	0	0	0	0	0.803	0.991	0.967	0.804	0.999
NDUFAB1	NDUFAF1	9606.ENSP00000458770	9606.ENSP00000260361	0	0	0	0	0.127	0	0.967	0.522	0.985
NDUFAB1	COX17	9606.ENSP00000458770	9606.ENSP00000261070	0	0	0	0	0.255	0	0	0.375	0.515
NDUFAB1	FOXRED1	9606.ENSP00000458770	9606.ENSP00000263578	0	0	0	0	0.057	0	0.720	0.480	0.850
NDUFAB1	NDUFS3	9606.ENSP00000458770	9606.ENSP00000263774	0	0	0	0	0.719	0.991	0.967	0.600	0.999
NDUFAB1	SDHA	9606.ENSP00000458770	9606.ENSP00000264932	0	0	0	0	0.231	0	0	0.548	0.637
NDUFAB1	NDUFA9	9606.ENSP00000458770	9606.ENSP00000266544	0	0	0	0	0.446	0.999	0.944	0.569	0.999
NDUFAB1	UQCRC2	9606.ENSP00000458770	9606.ENSP00000268379	0	0	0	0	0.451	0.895	0	0.546	0.971
NDUFAB1	NDUFB10	9606.ENSP00000458770	9606.ENSP00000268668	0	0	0	0	0.810	0.991	0.967	0.705	0.999
NDUFAB1	ECSIT	9606.ENSP00000458770	9606.ENSP00000270517	0	0	0	0	0.128	0	0.500	0.242	0.641
NDUFAB1	ACP1	9606.ENSP00000458770	9606.ENSP00000272067	0	0	0	0	0.172	0.429	0	0.386	0.684
NDUFAB1	PNKD	9606.ENSP00000458770	9606.ENSP00000273077	0.042	0	0	0	0.092	0.289	0	0.207	0.444
NDUFAB1	NDUFS6	9606.ENSP00000458770	9606.ENSP00000274137	0	0	0	0	0.602	0.992	0.967	0.756	0.999
NDUFAB1	NDUFB11	9606.ENSP00000458770	9606.ENSP00000276062	0	0	0	0	0.643	0.992	0.967	0.511	0.999
NDUFAB1	NDUFB9	9606.ENSP00000458770	9606.ENSP00000276689	0	0	0	0	0.830	0.994	0.967	0.834	0.999
NDUFAB1	IL18	9606.ENSP00000458770	9606.ENSP00000280357	0	0	0	0	0	0	0	0.453	0.453
NDUFAB1	NDUFC2	9606.ENSP00000458770	9606.ENSP00000281031	0	0	0	0	0.622	0.966	0.944	0.474	0.999
NDUFAB1	COX7A1	9606.ENSP00000458770	9606.ENSP00000292907	0	0	0	0	0.050	0.844	0	0.305	0.888
NDUFAB1	NDUFAF2	9606.ENSP00000458770	9606.ENSP00000296597	0	0	0	0	0.204	0.319	0.838	0.411	0.941
NDUFAB1	NDUFS4	9606.ENSP00000458770	9606.ENSP00000296684	0	0	0	0	0.737	0.991	0.967	0.555	0.999
NDUFAB1	NDUFB8	9606.ENSP00000458770	9606.ENSP00000299166	0	0	0	0	0.685	0.994	0.967	0.736	0.999
NDUFAB1	COX11	9606.ENSP00000458770	9606.ENSP00000299335	0	0	0	0	0.124	0	0	0.376	0.430
NDUFAB1	NDUFA7	9606.ENSP00000458770	9606.ENSP00000301457	0	0	0	0	0.450	0.992	0.967	0.526	0.999
NDUFAB1	UQCRFS1	9606.ENSP00000458770	9606.ENSP00000306397	0	0	0	0	0.732	0.967	0.218	0.447	0.995
NDUFAB1	UQCRH	9606.ENSP00000458770	9606.ENSP00000309565	0	0	0	0	0.383	0.900	0.154	0.597	0.976
NDUFAB1	PRKACA	9606.ENSP00000458770	9606.ENSP00000309591	0	0	0	0	0.044	0	0.650	0	0.651
NDUFAB1	ACAD9	9606.ENSP00000458770	9606.ENSP00000312618	0.057	0	0	0	0.093	0.095	0.616	0.344	0.770
NDUFAB1	NDUFS8	9606.ENSP00000458770	9606.ENSP00000315774	0	0	0	0	0.488	0.991	0.967	0.737	0.999
NDUFAB1	CYC1	9606.ENSP00000458770	9606.ENSP00000317159	0	0	0	0	0.453	0.965	0.163	0.202	0.985
NDUFAB1	COX5A	9606.ENSP00000458770	9606.ENSP00000317780	0	0	0	0	0.817	0.859	0	0.519	0.986
NDUFAB1	COX8A	9606.ENSP00000458770	9606.ENSP00000321260	0	0	0	0	0.347	0	0	0.503	0.661
NDUFAB1	NDUFAF3	9606.ENSP00000458770	9606.ENSP00000323076	0	0	0	0	0.118	0	0.838	0.349	0.899
NDUFAB1	NDUFV2	9606.ENSP00000458770	9606.ENSP00000327268	0.049	0	0	0	0.604	0.991	0.967	0.573	0.999
NDUFAB1	NDUFA12	9606.ENSP00000458770	9606.ENSP00000330737	0	0	0	0	0.762	0.991	0.967	0.530	0.999
NDUFAB1	TMEM186	9606.ENSP00000458770	9606.ENSP00000331640	0	0	0	0	0.085	0	0.500	0.225	0.614
NDUFAB1	UQCR10	9606.ENSP00000458770	9606.ENSP00000332887	0	0	0	0	0.470	0.947	0	0.397	0.981
NDUFAB1	NDUFA4	9606.ENSP00000458770	9606.ENSP00000339720	0	0	0	0	0.506	0.085	0.933	0.734	0.990
NDUFAB1	NDUFV3	9606.ENSP00000458770	9606.ENSP00000346196	0	0	0	0	0.124	0.992	0.967	0.536	0.999
NDUFAB1	TMEM126B	9606.ENSP00000458770	9606.ENSP00000351737	0	0	0	0	0.169	0	0.500	0.299	0.683
NDUFAB1	MT-CO1	9606.ENSP00000458770	9606.ENSP00000354499	0	0	0	0	0.111	0.855	0	0.219	0.891
NDUFAB1	MT-CYB	9606.ENSP00000458770	9606.ENSP00000354554	0	0	0	0	0.063	0.886	0.151	0.271	0.925
NDUFAB1	MT-ND1	9606.ENSP00000458770	9606.ENSP00000354687	0.043	0	0	0	0.078	0.991	0.967	0.481	0.999
NDUFAB1	MT-ND5	9606.ENSP00000458770	9606.ENSP00000354813	0	0	0	0	0.076	0.994	0.967	0.461	0.999
NDUFAB1	MT-CO2	9606.ENSP00000458770	9606.ENSP00000354876	0	0	0	0	0.056	0.746	0	0.208	0.793
NDUFAB1	MT-ND4	9606.ENSP00000458770	9606.ENSP00000354961	0	0	0	0	0.099	0.991	0.967	0.292	0.999
NDUFAB1	MT-CO3	9606.ENSP00000458770	9606.ENSP00000354982	0	0	0	0	0.063	0.844	0	0.177	0.869
NDUFAB1	MT-ND2	9606.ENSP00000458770	9606.ENSP00000355046	0	0	0	0	0.080	0.991	0.967	0.316	0.999
NDUFAB1	COA6	9606.ENSP00000458770	9606.ENSP00000355574	0	0	0	0	0.322	0.304	0	0.226	0.603
NDUFAB1	SDHC	9606.ENSP00000458770	9606.ENSP00000356953	0	0	0	0	0.314	0	0	0.306	0.504
NDUFAB1	NDUFS2	9606.ENSP00000458770	9606.ENSP00000356972	0	0	0	0	0.193	0.991	0.967	0.671	0.999
NDUFAB1	NDUFAF4	9606.ENSP00000458770	9606.ENSP00000358272	0	0	0	0	0.221	0	0.838	0.407	0.918
NDUFAB1	COX7A2	9606.ENSP00000458770	9606.ENSP00000359098	0	0	0	0	0.484	0	0	0.630	0.801
NDUFAB1	PRKACB	9606.ENSP00000458770	9606.ENSP00000359719	0	0	0	0	0.042	0	0.650	0	0.650
NDUFAB1	NDUFA1	9606.ENSP00000458770	9606.ENSP00000360492	0	0	0	0	0.284	0.993	0.967	0.666	0.999
NDUFAB1	NDUFS5	9606.ENSP00000458770	9606.ENSP00000362058	0	0	0	0	0.531	0.991	0.900	0.541	0.999
NDUFAB1	NDUFA8	9606.ENSP00000458770	9606.ENSP00000362873	0	0	0	0	0.534	0.991	0.967	0.640	0.999
NDUFAB1	SDHB	9606.ENSP00000458770	9606.ENSP00000364649	0	0	0	0	0.336	0.220	0	0.379	0.651
NDUFAB1	SDHD	9606.ENSP00000458770	9606.ENSP00000364699	0	0	0	0	0.390	0	0	0.353	0.588
NDUFAB1	NDUFAF5	9606.ENSP00000458770	9606.ENSP00000367346	0	0	0	0	0.150	0.214	0.500	0.471	0.799
NDUFAB1	UQCRQ	9606.ENSP00000458770	9606.ENSP00000367939	0	0	0	0	0.590	0.893	0	0.425	0.972
NDUFAB1	SDHAF1	9606.ENSP00000458770	9606.ENSP00000368165	0	0	0	0	0.062	0.241	0	0.356	0.502
NDUFAB1	LYRM7	9606.ENSP00000458770	9606.ENSP00000368688	0	0	0	0	0.064	0.633	0	0.568	0.838
NDUFAB1	NDUFB6	9606.ENSP00000458770	9606.ENSP00000369176	0	0	0	0	0.673	0.994	0.967	0.704	0.999
NDUFAB1	COA1	9606.ENSP00000458770	9606.ENSP00000379218	0	0	0	0	0.080	0	0.500	0.095	0.547
NDUFAB1	NDUFAF6	9606.ENSP00000458770	9606.ENSP00000379430	0	0	0	0	0.079	0	0.500	0.416	0.708
NDUFAB1	NDUFA11	9606.ENSP00000458770	9606.ENSP00000389160	0	0	0	0	0.261	0.999	0.944	0.519	0.999
NDUFAB1	NDUFS1	9606.ENSP00000458770	9606.ENSP00000392709	0	0	0	0	0.235	0.991	0.967	0.764	0.999
NDUFAB1	NDUFB3	9606.ENSP00000458770	9606.ENSP00000407336	0	0	0	0	0.523	0.995	0.967	0.851	0.999
NDUFAB1	NDUFA5	9606.ENSP00000458770	9606.ENSP00000417142	0	0	0	0	0.626	0.991	0.967	0.591	0.999
NDUFAB1	ATPAF2	9606.ENSP00000458770	9606.ENSP00000417190	0	0	0	0	0.106	0.368	0	0.468	0.673
NDUFAB1	NDUFA3	9606.ENSP00000458770	9606.ENSP00000418438	0	0	0	0	0.169	0.991	0.967	0.537	0.999
NDUFAB1	TIMMDC1	9606.ENSP00000458770	9606.ENSP00000418803	0	0	0	0	0.081	0	0.500	0.247	0.624
NDUFAB1	NDUFB2	9606.ENSP00000458770	9606.ENSP00000419087	0	0	0	0	0.278	0.994	0.967	0.807	0.999
NDUFAB1	NDUFA13	9606.ENSP00000458770	9606.ENSP00000423673	0	0	0	0	0.704	0.991	0.967	0.597	0.999
NDUFAB1	COX7C	9606.ENSP00000458770	9606.ENSP00000425759	0	0	0	0	0.312	0.844	0	0.384	0.928
NDUFAB1	COX6C	9606.ENSP00000458770	9606.ENSP00000429707	0	0	0	0	0.430	0.507	0	0.390	0.813
NDUFAB1	LYRM2	9606.ENSP00000458770	9606.ENSP00000430025	0	0	0	0	0.049	0.781	0	0.471	0.880
NDUFAB1	UQCRB	9606.ENSP00000458770	9606.ENSP00000430494	0	0	0	0	0.622	0.913	0	0.324	0.975
NDUFAB1	NDUFC1	9606.ENSP00000458770	9606.ENSP00000441126	0	0	0	0	0.444	0.991	0.967	0.568	0.999
NDUFAB1	COX4I1	9606.ENSP00000458770	9606.ENSP00000457513	0	0	0	0	0.338	0.856	0	0.381	0.936
NDUFAB1	ATPAF1	9606.ENSP00000458770	9606.ENSP00000460964	0	0	0	0	0.416	0	0	0.155	0.485
NDUFAB1	COX7B	9606.ENSP00000458770	9606.ENSP00000497474	0	0	0	0	0.333	0.842	0	0.336	0.924
NDUFAB1	UQCR11	9606.ENSP00000458770	9606.ENSP00000467262	0	0	0	0	0.383	0.844	0	0.324	0.929
NDUFAB1	COX6B1	9606.ENSP00000458770	9606.ENSP00000466818	0	0	0	0	0.473	0.856	0	0.405	0.951
NDUFAB1	NDUFA6	9606.ENSP00000458770	9606.ENSP00000482543	0	0	0	0	0.476	0.999	0.967	0.850	0.999
NDUFAB1	NDUFV1	9606.ENSP00000458770	9606.ENSP00000497587	0	0	0	0	0.176	0.991	0.967	0.717	0.999
NDUFAB1	NDUFB1	9606.ENSP00000458770	9606.ENSP00000483888	0	0	0	0	0.413	0.991	0.900	0.527	0.999
NDUFAF1	NDUFAF7	9606.ENSP00000260361	9606.ENSP00000002125	0	0	0	0	0.141	0	0.500	0.571	0.799
NDUFAF1	NDUFB4	9606.ENSP00000260361	9606.ENSP00000184266	0	0	0	0	0.102	0	0.967	0.268	0.976
NDUFAF1	UQCRC1	9606.ENSP00000260361	9606.ENSP00000203407	0	0	0	0	0.167	0	0	0.464	0.534
NDUFAF1	NDUFB7	9606.ENSP00000260361	9606.ENSP00000215565	0	0	0	0	0.068	0	0.967	0.222	0.974
NDUFAF1	NDUFS7	9606.ENSP00000260361	9606.ENSP00000233627	0	0	0	0	0.130	0.499	0.967	0.769	0.996
NDUFAF1	NDUFA2	9606.ENSP00000260361	9606.ENSP00000252102	0	0	0	0	0.067	0	0.967	0.507	0.983
NDUFAF1	NDUFA10	9606.ENSP00000260361	9606.ENSP00000252711	0	0	0	0	0.112	0	0.967	0.541	0.985
NDUFAF1	SCO1	9606.ENSP00000260361	9606.ENSP00000255390	0	0	0	0	0.100	0	0	0.399	0.436
NDUFAF1	NDUFB5	9606.ENSP00000260361	9606.ENSP00000259037	0	0	0	0	0.238	0.597	0.967	0.456	0.993
NDUFAF1	SDHAF1	9606.ENSP00000260361	9606.ENSP00000368165	0	0	0	0	0.049	0	0	0.396	0.401
NDUFAF1	UQCRFS1	9606.ENSP00000260361	9606.ENSP00000306397	0	0	0	0	0.101	0.074	0	0.343	0.405
NDUFAF1	UQCRC2	9606.ENSP00000260361	9606.ENSP00000268379	0	0	0	0	0.105	0	0	0.375	0.416
NDUFAF1	SURF1	9606.ENSP00000260361	9606.ENSP00000361042	0	0	0	0	0.049	0.095	0	0.403	0.442
NDUFAF1	COA3	9606.ENSP00000260361	9606.ENSP00000354762	0	0	0	0	0.125	0.292	0	0.188	0.453
NDUFAF1	COA5	9606.ENSP00000260361	9606.ENSP00000330730	0	0	0	0	0.166	0	0	0.391	0.471
NDUFAF1	UQCC2	9606.ENSP00000260361	9606.ENSP00000476140	0	0	0	0	0.110	0	0	0.447	0.487
NDUFAF1	ATPAF2	9606.ENSP00000260361	9606.ENSP00000417190	0	0	0	0	0.183	0	0	0.399	0.488
NDUFAF1	BCS1L	9606.ENSP00000260361	9606.ENSP00000413908	0	0	0	0	0.247	0	0	0.348	0.488
NDUFAF1	TMEM126A	9606.ENSP00000260361	9606.ENSP00000306887	0	0	0	0	0.177	0	0	0.438	0.518
NDUFAF1	TMEM70	9606.ENSP00000260361	9606.ENSP00000312599	0	0	0	0	0.060	0.095	0	0.622	0.650
NDUFAF1	COA1	9606.ENSP00000260361	9606.ENSP00000379218	0	0	0	0	0.060	0.225	0.500	0.365	0.737
NDUFAF1	NUBPL	9606.ENSP00000260361	9606.ENSP00000281081	0	0	0	0	0.060	0	0	0.745	0.750
NDUFAF1	NDUFAF5	9606.ENSP00000260361	9606.ENSP00000367346	0	0	0	0	0.148	0	0.500	0.795	0.905
NDUFAF1	TMEM186	9606.ENSP00000260361	9606.ENSP00000331640	0	0	0	0	0.320	0	0.500	0.821	0.934
NDUFAF1	NDUFB1	9606.ENSP00000260361	9606.ENSP00000483888	0	0	0	0	0.065	0	0.900	0.505	0.949
NDUFAF1	NDUFAF6	9606.ENSP00000260361	9606.ENSP00000379430	0	0	0	0	0.111	0	0.500	0.913	0.958
NDUFAF1	NDUFAF2	9606.ENSP00000260361	9606.ENSP00000296597	0	0	0	0	0.060	0	0.838	0.754	0.959
NDUFAF1	FOXRED1	9606.ENSP00000260361	9606.ENSP00000263578	0	0	0	0	0.121	0	0.720	0.855	0.961
NDUFAF1	NDUFA4	9606.ENSP00000260361	9606.ENSP00000339720	0	0	0	0	0.049	0	0.944	0.366	0.963
NDUFAF1	NDUFC2	9606.ENSP00000260361	9606.ENSP00000281031	0	0	0	0	0.058	0.225	0.944	0.460	0.975
NDUFAF1	NDUFA9	9606.ENSP00000260361	9606.ENSP00000266544	0	0	0	0	0.131	0.292	0.944	0.403	0.976
NDUFAF1	NDUFA11	9606.ENSP00000260361	9606.ENSP00000389160	0	0	0	0	0.056	0	0.944	0.590	0.976
NDUFAF1	NDUFB2	9606.ENSP00000260361	9606.ENSP00000419087	0	0	0	0	0.116	0	0.967	0.272	0.977
NDUFAF1	NDUFA7	9606.ENSP00000260361	9606.ENSP00000301457	0	0	0	0	0.082	0	0.967	0.344	0.978
NDUFAF1	NDUFA3	9606.ENSP00000260361	9606.ENSP00000418438	0	0	0	0	0.057	0	0.967	0.346	0.978
NDUFAF1	NDUFV3	9606.ENSP00000260361	9606.ENSP00000346196	0	0	0	0	0.064	0	0.967	0.359	0.978
NDUFAF1	NDUFC1	9606.ENSP00000260361	9606.ENSP00000441126	0	0	0	0	0.066	0	0.967	0.386	0.979
NDUFAF1	NDUFA5	9606.ENSP00000260361	9606.ENSP00000417142	0	0	0	0	0.105	0	0.967	0.356	0.979
NDUFAF1	MT-ND4	9606.ENSP00000260361	9606.ENSP00000354961	0	0	0	0	0.062	0	0.967	0.413	0.980
NDUFAF1	NDUFB8	9606.ENSP00000260361	9606.ENSP00000299166	0	0	0	0	0.055	0	0.967	0.505	0.983
NDUFAF1	NDUFB3	9606.ENSP00000260361	9606.ENSP00000407336	0	0	0	0	0.265	0	0.967	0.414	0.984
NDUFAF1	NDUFA1	9606.ENSP00000260361	9606.ENSP00000360492	0	0	0	0	0.075	0	0.967	0.514	0.984
NDUFAF1	NDUFAB1	9606.ENSP00000260361	9606.ENSP00000458770	0	0	0	0	0.127	0	0.967	0.522	0.985
NDUFAF1	NDUFV2	9606.ENSP00000260361	9606.ENSP00000327268	0	0	0	0	0.116	0	0.967	0.520	0.985
NDUFAF1	NDUFA6	9606.ENSP00000260361	9606.ENSP00000482543	0	0	0	0	0.058	0.292	0.967	0.400	0.985
NDUFAF1	NDUFS4	9606.ENSP00000260361	9606.ENSP00000296684	0	0	0	0	0.129	0	0.967	0.540	0.985
NDUFAF1	NDUFB9	9606.ENSP00000260361	9606.ENSP00000276689	0	0	0	0	0.057	0	0.967	0.550	0.985
NDUFAF1	NDUFB10	9606.ENSP00000260361	9606.ENSP00000268668	0	0	0	0	0.060	0	0.967	0.561	0.985
NDUFAF1	NDUFS8	9606.ENSP00000260361	9606.ENSP00000315774	0	0	0	0	0.142	0	0.967	0.550	0.986
NDUFAF1	NDUFS6	9606.ENSP00000260361	9606.ENSP00000274137	0	0	0	0	0.056	0	0.967	0.624	0.987
NDUFAF1	NDUFV1	9606.ENSP00000260361	9606.ENSP00000497587	0	0	0	0	0.125	0	0.967	0.588	0.987
NDUFAF1	NDUFB6	9606.ENSP00000260361	9606.ENSP00000369176	0	0	0	0	0.149	0.292	0.967	0.444	0.987
NDUFAF1	MT-ND5	9606.ENSP00000260361	9606.ENSP00000354813	0	0	0	0	0.058	0.439	0.967	0.412	0.988
NDUFAF1	NDUFAF4	9606.ENSP00000260361	9606.ENSP00000358272	0	0	0	0	0.067	0.606	0.838	0.822	0.988
NDUFAF1	NDUFS2	9606.ENSP00000260361	9606.ENSP00000356972	0	0	0	0	0.067	0	0.967	0.674	0.989
NDUFAF1	NDUFA8	9606.ENSP00000260361	9606.ENSP00000362873	0	0	0	0	0.304	0.729	0.967	0.301	0.995
NDUFAF1	MT-ND1	9606.ENSP00000260361	9606.ENSP00000354687	0	0	0	0	0.065	0.635	0.967	0.722	0.996
NDUFAF1	MT-ND2	9606.ENSP00000260361	9606.ENSP00000355046	0	0	0	0	0.062	0.797	0.967	0.673	0.997
NDUFAF1	TMEM126B	9606.ENSP00000260361	9606.ENSP00000351737	0	0	0	0	0.174	0.994	0.800	0.977	0.999
NDUFAF1	NDUFS1	9606.ENSP00000260361	9606.ENSP00000392709	0	0	0	0	0.149	0.994	0.967	0.507	0.999
NDUFAF1	NDUFA13	9606.ENSP00000260361	9606.ENSP00000423673	0	0	0	0	0.135	0.996	0.967	0.632	0.999
NDUFAF1	NDUFA12	9606.ENSP00000260361	9606.ENSP00000330737	0	0	0	0	0.085	0.994	0.967	0.737	0.999
NDUFAF1	ACAD9	9606.ENSP00000260361	9606.ENSP00000312618	0	0	0	0	0.095	0.994	0.800	0.988	0.999
NDUFAF1	ECSIT	9606.ENSP00000260361	9606.ENSP00000270517	0	0	0	0	0.332	0.994	0.800	0.998	0.999
NDUFAF1	NDUFB11	9606.ENSP00000260361	9606.ENSP00000276062	0	0	0	0	0.103	0.994	0.967	0.475	0.999
NDUFAF1	NDUFAF3	9606.ENSP00000260361	9606.ENSP00000323076	0	0	0	0	0.056	0.994	0.838	0.732	0.999
NDUFAF1	NDUFS3	9606.ENSP00000260361	9606.ENSP00000263774	0	0	0	0	0.146	0.994	0.967	0.573	0.999
NDUFAF1	NDUFS5	9606.ENSP00000260361	9606.ENSP00000362058	0	0	0	0	0.058	0.994	0.900	0.485	0.999
NDUFAF1	TIMMDC1	9606.ENSP00000260361	9606.ENSP00000418803	0	0	0	0	0.121	0.994	0.500	0.814	0.999
NDUFAF2	NDUFAF7	9606.ENSP00000296597	9606.ENSP00000002125	0	0	0	0	0.083	0	0.500	0.579	0.790
NDUFAF2	COX15	9606.ENSP00000296597	9606.ENSP00000016171	0	0	0	0	0.082	0.095	0	0.643	0.677
NDUFAF2	NDUFB4	9606.ENSP00000296597	9606.ENSP00000184266	0	0	0	0	0.134	0	0.838	0.295	0.892
NDUFAF2	NDUFB7	9606.ENSP00000296597	9606.ENSP00000215565	0	0	0	0	0.162	0.507	0.838	0.442	0.957
NDUFAF2	NDUFS7	9606.ENSP00000296597	9606.ENSP00000233627	0	0	0	0	0.108	0.487	0.838	0.830	0.985
NDUFAF2	NDUFA2	9606.ENSP00000296597	9606.ENSP00000252102	0	0	0	0	0.200	0.507	0.838	0.790	0.984
NDUFAF2	NDUFA10	9606.ENSP00000296597	9606.ENSP00000252711	0	0	0	0	0.056	0	0.838	0.482	0.914
NDUFAF2	SCO1	9606.ENSP00000296597	9606.ENSP00000255390	0	0	0	0	0.127	0	0	0.450	0.499
NDUFAF2	TACO1	9606.ENSP00000296597	9606.ENSP00000258975	0	0	0	0	0.060	0.088	0	0.581	0.609
NDUFAF2	NDUFB5	9606.ENSP00000296597	9606.ENSP00000259037	0	0	0	0	0.187	0	0.838	0.505	0.929
NDUFAF2	NDUFAF1	9606.ENSP00000296597	9606.ENSP00000260361	0	0	0	0	0.060	0	0.838	0.754	0.959
NDUFAF2	FOXRED1	9606.ENSP00000296597	9606.ENSP00000263578	0	0	0	0	0.055	0	0	0.867	0.869
NDUFAF2	NDUFS3	9606.ENSP00000296597	9606.ENSP00000263774	0	0	0	0	0.085	0.507	0.838	0.786	0.982
NDUFAF2	SDHA	9606.ENSP00000296597	9606.ENSP00000264932	0	0	0	0	0.082	0	0	0.563	0.581
NDUFAF2	NDUFA9	9606.ENSP00000296597	9606.ENSP00000266544	0	0	0	0	0.126	0.429	0.722	0.414	0.908
NDUFAF2	NDUFB10	9606.ENSP00000296597	9606.ENSP00000268668	0	0	0	0	0.145	0.507	0.838	0.331	0.948
NDUFAF2	ECSIT	9606.ENSP00000296597	9606.ENSP00000270517	0	0	0	0	0.066	0	0.500	0.508	0.750
NDUFAF2	NDUFS6	9606.ENSP00000296597	9606.ENSP00000274137	0	0	0	0	0.085	0	0.935	0.763	0.984
NDUFAF2	NDUFB11	9606.ENSP00000296597	9606.ENSP00000276062	0	0	0	0	0.079	0	0.838	0.355	0.895
NDUFAF2	NDUFB9	9606.ENSP00000296597	9606.ENSP00000276689	0	0	0	0	0.166	0.726	0.838	0.424	0.976
NDUFAF2	NDUFC2	9606.ENSP00000296597	9606.ENSP00000281031	0	0	0	0	0.102	0	0.722	0.385	0.833
NDUFAF2	NUBPL	9606.ENSP00000296597	9606.ENSP00000281081	0	0	0	0	0.056	0	0.500	0.773	0.883
NDUFAF2	UQCRH	9606.ENSP00000296597	9606.ENSP00000309565	0	0	0	0	0.122	0	0	0.345	0.401
NDUFAF2	COX7A2	9606.ENSP00000296597	9606.ENSP00000359098	0	0	0	0	0.140	0	0	0.344	0.412
NDUFAF2	UQCRFS1	9606.ENSP00000296597	9606.ENSP00000306397	0	0	0	0	0.150	0	0	0.359	0.432
NDUFAF2	LYRM7	9606.ENSP00000296597	9606.ENSP00000368688	0	0	0	0	0.106	0	0	0.412	0.452
NDUFAF2	SDHAF1	9606.ENSP00000296597	9606.ENSP00000368165	0	0	0	0	0.105	0	0	0.417	0.456
NDUFAF2	MT-ATP6	9606.ENSP00000296597	9606.ENSP00000354632	0	0	0	0	0.080	0	0	0.449	0.471
NDUFAF2	MT-CYB	9606.ENSP00000296597	9606.ENSP00000354554	0	0	0	0	0	0	0	0.479	0.479
NDUFAF2	COX7B	9606.ENSP00000296597	9606.ENSP00000497474	0	0	0	0	0.115	0	0	0.489	0.529
NDUFAF2	MT-CO3	9606.ENSP00000296597	9606.ENSP00000354982	0	0	0	0	0.073	0	0	0.518	0.534
NDUFAF2	SCO2	9606.ENSP00000296597	9606.ENSP00000444433	0	0	0	0	0.075	0	0	0.547	0.563
NDUFAF2	UQCC2	9606.ENSP00000296597	9606.ENSP00000476140	0	0	0	0	0.213	0	0	0.470	0.566
NDUFAF2	COA1	9606.ENSP00000296597	9606.ENSP00000379218	0	0	0	0	0.072	0	0.500	0.224	0.608
NDUFAF2	SURF1	9606.ENSP00000296597	9606.ENSP00000361042	0	0	0	0	0.058	0.095	0	0.612	0.640
NDUFAF2	TMEM186	9606.ENSP00000296597	9606.ENSP00000331640	0	0	0	0	0.055	0	0.500	0.329	0.655
NDUFAF2	BCS1L	9606.ENSP00000296597	9606.ENSP00000413908	0	0	0	0	0.086	0	0	0.687	0.701
NDUFAF2	NDUFB1	9606.ENSP00000296597	9606.ENSP00000483888	0	0	0	0	0.136	0	0.500	0.390	0.713
NDUFAF2	TIMMDC1	9606.ENSP00000296597	9606.ENSP00000418803	0	0	0	0	0.072	0	0.500	0.434	0.714
NDUFAF2	NDUFA4	9606.ENSP00000296597	9606.ENSP00000339720	0	0	0	0	0.101	0.225	0.467	0.335	0.720
NDUFAF2	NDUFS5	9606.ENSP00000296597	9606.ENSP00000362058	0	0	0	0	0.223	0	0.500	0.389	0.742
NDUFAF2	ACAD9	9606.ENSP00000296597	9606.ENSP00000312618	0	0	0	0	0.062	0.088	0.500	0.553	0.783
NDUFAF2	TMEM126B	9606.ENSP00000296597	9606.ENSP00000351737	0	0	0	0	0.187	0	0.500	0.523	0.789
NDUFAF2	NDUFB2	9606.ENSP00000296597	9606.ENSP00000419087	0	0	0	0	0.084	0	0.838	0.160	0.864
NDUFAF2	NDUFA3	9606.ENSP00000296597	9606.ENSP00000418438	0	0	0	0	0.108	0	0.838	0.227	0.878
NDUFAF2	NDUFB6	9606.ENSP00000296597	9606.ENSP00000369176	0	0	0	0	0.187	0	0.838	0.287	0.898
NDUFAF2	NDUFC1	9606.ENSP00000296597	9606.ENSP00000441126	0	0	0	0	0.153	0	0.838	0.328	0.900
NDUFAF2	NDUFAF6	9606.ENSP00000296597	9606.ENSP00000379430	0	0	0	0	0.057	0	0.500	0.831	0.913
NDUFAF2	NDUFA11	9606.ENSP00000296597	9606.ENSP00000389160	0	0	0	0	0.151	0	0.722	0.730	0.930
NDUFAF2	NDUFAB1	9606.ENSP00000296597	9606.ENSP00000458770	0	0	0	0	0.204	0.319	0.838	0.411	0.941
NDUFAF2	NDUFAF5	9606.ENSP00000296597	9606.ENSP00000367346	0	0	0	0	0.132	0	0.500	0.889	0.947
NDUFAF2	NDUFA8	9606.ENSP00000296597	9606.ENSP00000362873	0	0	0	0	0.199	0.507	0.838	0.318	0.950
NDUFAF2	NDUFA13	9606.ENSP00000296597	9606.ENSP00000423673	0	0	0	0	0.110	0.507	0.838	0.444	0.955
NDUFAF2	NDUFB3	9606.ENSP00000296597	9606.ENSP00000407336	0	0	0	0	0.187	0.507	0.838	0.403	0.956
NDUFAF2	MT-ND2	9606.ENSP00000296597	9606.ENSP00000355046	0	0	0	0	0.102	0.305	0.838	0.629	0.957
NDUFAF2	NDUFA7	9606.ENSP00000296597	9606.ENSP00000301457	0	0	0	0	0.105	0.478	0.838	0.521	0.959
NDUFAF2	MT-ND5	9606.ENSP00000296597	9606.ENSP00000354813	0	0	0	0	0.108	0.305	0.838	0.661	0.961
NDUFAF2	NDUFA6	9606.ENSP00000296597	9606.ENSP00000482543	0	0	0	0	0.238	0.507	0.838	0.473	0.963
NDUFAF2	NDUFAF3	9606.ENSP00000296597	9606.ENSP00000323076	0	0	0	0	0.076	0	0.838	0.785	0.965
NDUFAF2	MT-ND4	9606.ENSP00000296597	9606.ENSP00000354961	0	0	0	0	0.108	0.507	0.838	0.577	0.965
NDUFAF2	NDUFA1	9606.ENSP00000296597	9606.ENSP00000360492	0	0	0	0	0.105	0	0.838	0.800	0.968
NDUFAF2	NDUFA5	9606.ENSP00000296597	9606.ENSP00000417142	0	0	0	0	0.258	0.507	0.838	0.523	0.968
NDUFAF2	NDUFB8	9606.ENSP00000296597	9606.ENSP00000299166	0	0	0	0	0.099	0.714	0.838	0.403	0.971
NDUFAF2	MT-ND1	9606.ENSP00000296597	9606.ENSP00000354687	0	0	0	0	0.140	0.507	0.838	0.656	0.973
NDUFAF2	NDUFV3	9606.ENSP00000296597	9606.ENSP00000346196	0	0	0	0	0.083	0.435	0.935	0.323	0.974
NDUFAF2	NDUFS2	9606.ENSP00000296597	9606.ENSP00000356972	0	0	0	0	0.067	0.507	0.838	0.852	0.987
NDUFAF2	NDUFAF4	9606.ENSP00000296597	9606.ENSP00000358272	0	0	0	0	0.187	0.218	0.838	0.891	0.987
NDUFAF2	NDUFV1	9606.ENSP00000296597	9606.ENSP00000497587	0	0	0	0	0.080	0.507	0.838	0.883	0.990
NDUFAF2	NDUFS8	9606.ENSP00000296597	9606.ENSP00000315774	0	0	0	0	0.100	0.797	0.838	0.790	0.992
NDUFAF2	NDUFS1	9606.ENSP00000296597	9606.ENSP00000392709	0	0	0	0	0.084	0.797	0.838	0.788	0.992
NDUFAF2	NDUFV2	9606.ENSP00000296597	9606.ENSP00000327268	0	0	0	0	0.170	0.728	0.838	0.824	0.992
NDUFAF2	NDUFS4	9606.ENSP00000296597	9606.ENSP00000296684	0	0	0	0	0.295	0.507	0.935	0.863	0.996
NDUFAF2	NDUFA12	9606.ENSP00000296597	9606.ENSP00000330737	0	0	0	0	0.252	0	0.935	0.963	0.998
NDUFAF3	NDUFAF7	9606.ENSP00000323076	9606.ENSP00000002125	0	0	0	0	0.067	0	0.500	0.472	0.732
NDUFAF3	NDUFB4	9606.ENSP00000323076	9606.ENSP00000184266	0	0	0	0	0.160	0	0.838	0.143	0.873
NDUFAF3	UQCRC1	9606.ENSP00000323076	9606.ENSP00000203407	0	0	0	0	0.240	0	0	0.277	0.428
NDUFAF3	NDUFB7	9606.ENSP00000323076	9606.ENSP00000215565	0	0	0	0	0.338	0	0.893	0.052	0.927
NDUFAF3	NDUFS7	9606.ENSP00000323076	9606.ENSP00000233627	0	0	0	0	0.377	0.994	0.838	0.802	0.999
NDUFAF3	NDUFA2	9606.ENSP00000323076	9606.ENSP00000252102	0	0	0	0	0.150	0	0.893	0.530	0.953
NDUFAF3	NDUFA10	9606.ENSP00000323076	9606.ENSP00000252711	0	0	0	0	0.074	0	0.838	0.362	0.896
NDUFAF3	COX5B	9606.ENSP00000323076	9606.ENSP00000258424	0	0	0	0	0.264	0	0	0.266	0.436
NDUFAF3	NDUFB5	9606.ENSP00000323076	9606.ENSP00000259037	0	0	0	0	0.133	0.471	0.838	0.127	0.926
NDUFAF3	NDUFAF1	9606.ENSP00000323076	9606.ENSP00000260361	0	0	0	0	0.056	0.994	0.838	0.732	0.999
NDUFAF3	FOXRED1	9606.ENSP00000323076	9606.ENSP00000263578	0	0	0	0	0.047	0	0	0.819	0.820
NDUFAF3	NDUFS3	9606.ENSP00000323076	9606.ENSP00000263774	0	0	0	0	0.128	0.994	0.838	0.817	0.999
NDUFAF3	NDUFA9	9606.ENSP00000323076	9606.ENSP00000266544	0	0	0	0	0.121	0	0.722	0.256	0.802
NDUFAF3	NDUFB10	9606.ENSP00000323076	9606.ENSP00000268668	0	0	0	0	0.176	0.994	0.838	0.319	0.999
NDUFAF3	ECSIT	9606.ENSP00000323076	9606.ENSP00000270517	0	0	0	0	0.141	0.994	0.500	0.492	0.998
NDUFAF3	NDUFS6	9606.ENSP00000323076	9606.ENSP00000274137	0	0	0	0	0.201	0	0.838	0.631	0.948
NDUFAF3	NDUFB11	9606.ENSP00000323076	9606.ENSP00000276062	0	0	0	0	0.232	0.216	0.838	0.305	0.923
NDUFAF3	NDUFB9	9606.ENSP00000323076	9606.ENSP00000276689	0	0	0	0	0.214	0	0.893	0.302	0.936
NDUFAF3	NDUFC2	9606.ENSP00000323076	9606.ENSP00000281031	0	0	0	0	0.152	0	0.722	0.230	0.802
NDUFAF3	NUBPL	9606.ENSP00000323076	9606.ENSP00000281081	0	0	0	0	0	0	0	0.793	0.793
NDUFAF3	NDUFAF2	9606.ENSP00000323076	9606.ENSP00000296597	0	0	0	0	0.076	0	0.838	0.785	0.965
NDUFAF3	NDUFS4	9606.ENSP00000323076	9606.ENSP00000296684	0	0	0	0	0.075	0.221	0.838	0.602	0.947
NDUFAF3	NDUFB8	9606.ENSP00000323076	9606.ENSP00000299166	0	0	0	0	0.140	0	0.893	0.357	0.936
NDUFAF3	NDUFA7	9606.ENSP00000323076	9606.ENSP00000301457	0	0	0	0	0.336	0	0.838	0.155	0.901
NDUFAF3	TMEM70	9606.ENSP00000323076	9606.ENSP00000312599	0	0	0	0	0.100	0.095	0	0.598	0.644
NDUFAF3	ACAD9	9606.ENSP00000323076	9606.ENSP00000312618	0	0	0	0	0.057	0.994	0.500	0.546	0.998
NDUFAF3	NDUFS8	9606.ENSP00000323076	9606.ENSP00000315774	0	0	0	0	0.394	0.994	0.838	0.792	0.999
NDUFAF3	CYC1	9606.ENSP00000323076	9606.ENSP00000317159	0	0	0	0	0.215	0.581	0	0.074	0.669
NDUFAF3	COA6	9606.ENSP00000323076	9606.ENSP00000355574	0	0	0	0	0.142	0	0	0.329	0.400
NDUFAF3	COX4I1	9606.ENSP00000323076	9606.ENSP00000457513	0	0	0	0	0.169	0.184	0	0.201	0.411
NDUFAF3	DMAC2L	9606.ENSP00000323076	9606.ENSP00000451583	0	0	0	0	0.063	0	0	0.420	0.434
NDUFAF3	UQCR11	9606.ENSP00000323076	9606.ENSP00000467262	0	0	0	0	0.367	0	0	0.160	0.446
NDUFAF3	MT-CYB	9606.ENSP00000323076	9606.ENSP00000354554	0	0	0	0	0	0	0	0.462	0.461
NDUFAF3	PET100	9606.ENSP00000323076	9606.ENSP00000470539	0	0	0	0	0.120	0	0	0.434	0.481
NDUFAF3	NDUFB1	9606.ENSP00000323076	9606.ENSP00000483888	0	0	0	0	0.067	0	0.500	0.160	0.574
NDUFAF3	COA1	9606.ENSP00000323076	9606.ENSP00000379218	0	0	0	0	0	0	0.500	0.190	0.577
NDUFAF3	NDUFA4	9606.ENSP00000323076	9606.ENSP00000339720	0	0	0	0	0.060	0.225	0.467	0.234	0.662
NDUFAF3	TMEM186	9606.ENSP00000323076	9606.ENSP00000331640	0	0	0	0	0.105	0	0.500	0.469	0.741
NDUFAF3	SURF1	9606.ENSP00000323076	9606.ENSP00000361042	0	0	0	0	0.124	0.597	0	0.408	0.773
NDUFAF3	MT-ND5	9606.ENSP00000323076	9606.ENSP00000354813	0	0	0	0	0.067	0	0.690	0.497	0.841
NDUFAF3	NDUFB2	9606.ENSP00000323076	9606.ENSP00000419087	0	0	0	0	0.074	0	0.838	0.069	0.848
NDUFAF3	NDUFC1	9606.ENSP00000323076	9606.ENSP00000441126	0	0	0	0	0.063	0	0.838	0.150	0.860
NDUFAF3	MT-ND4	9606.ENSP00000323076	9606.ENSP00000354961	0	0	0	0	0.068	0	0.690	0.568	0.864
NDUFAF3	NDUFB6	9606.ENSP00000323076	9606.ENSP00000369176	0	0	0	0	0.083	0	0.838	0.198	0.870
NDUFAF3	NDUFV3	9606.ENSP00000323076	9606.ENSP00000346196	0	0	0	0	0.095	0	0.838	0.198	0.872
NDUFAF3	NDUFA12	9606.ENSP00000323076	9606.ENSP00000330737	0	0	0	0	0.067	0	0.838	0.347	0.892
NDUFAF3	NDUFB3	9606.ENSP00000323076	9606.ENSP00000407336	0	0	0	0	0.139	0	0.838	0.322	0.897
NDUFAF3	NDUFAB1	9606.ENSP00000323076	9606.ENSP00000458770	0	0	0	0	0.118	0	0.838	0.349	0.899
NDUFAF3	NDUFAF6	9606.ENSP00000323076	9606.ENSP00000379430	0	0	0	0	0	0	0.500	0.819	0.905
NDUFAF3	TMEM126B	9606.ENSP00000323076	9606.ENSP00000351737	0	0	0	0	0	0.610	0.500	0.560	0.906
NDUFAF3	NDUFA3	9606.ENSP00000323076	9606.ENSP00000418438	0	0	0	0	0.188	0	0.838	0.458	0.922
NDUFAF3	NDUFA6	9606.ENSP00000323076	9606.ENSP00000482543	0	0	0	0	0.065	0	0.893	0.294	0.923
NDUFAF3	NDUFS1	9606.ENSP00000323076	9606.ENSP00000392709	0	0	0	0	0.058	0	0.838	0.565	0.927
NDUFAF3	MT-ND2	9606.ENSP00000323076	9606.ENSP00000355046	0	0	0	0	0.109	0	0.838	0.544	0.928
NDUFAF3	NDUFA11	9606.ENSP00000323076	9606.ENSP00000389160	0	0	0	0	0.249	0	0.722	0.690	0.929
NDUFAF3	NDUFA1	9606.ENSP00000323076	9606.ENSP00000360492	0	0	0	0	0.067	0	0.838	0.627	0.938
NDUFAF3	NDUFV1	9606.ENSP00000323076	9606.ENSP00000497587	0	0	0	0	0.222	0	0.838	0.548	0.938
NDUFAF3	NDUFV2	9606.ENSP00000323076	9606.ENSP00000327268	0	0	0	0	0.153	0	0.838	0.616	0.942
NDUFAF3	MT-ND1	9606.ENSP00000323076	9606.ENSP00000354687	0	0	0	0	0.082	0	0.838	0.674	0.947
NDUFAF3	NDUFA5	9606.ENSP00000323076	9606.ENSP00000417142	0	0	0	0	0.082	0	0.893	0.574	0.954
NDUFAF3	NDUFS5	9606.ENSP00000323076	9606.ENSP00000362058	0	0	0	0	0.140	0.994	0	0.160	0.995
NDUFAF3	NDUFA8	9606.ENSP00000323076	9606.ENSP00000362873	0	0	0	0	0.237	0.994	0.893	0.342	0.999
NDUFAF3	NDUFS2	9606.ENSP00000323076	9606.ENSP00000356972	0	0	0	0	0.151	0.994	0.838	0.826	0.999
NDUFAF3	TIMMDC1	9606.ENSP00000323076	9606.ENSP00000418803	0	0	0	0	0.076	0.994	0.800	0.599	0.999
NDUFAF3	NDUFAF4	9606.ENSP00000323076	9606.ENSP00000358272	0	0	0	0	0.221	0.994	0.935	0.976	0.999
NDUFAF3	NDUFAF5	9606.ENSP00000323076	9606.ENSP00000367346	0	0	0	0	0.097	0.994	0.500	0.803	0.999
NDUFAF3	NDUFA13	9606.ENSP00000323076	9606.ENSP00000423673	0	0	0	0	0.400	0.994	0.838	0.306	0.999
NDUFAF4	NDUFAF7	9606.ENSP00000358272	9606.ENSP00000002125	0	0	0	0	0.060	0	0.500	0.492	0.740
NDUFAF4	NDUFB4	9606.ENSP00000358272	9606.ENSP00000184266	0	0	0	0	0.206	0	0.838	0.202	0.888
NDUFAF4	NDUFB7	9606.ENSP00000358272	9606.ENSP00000215565	0	0	0	0	0.084	0	0.838	0.167	0.865
NDUFAF4	NDUFS7	9606.ENSP00000358272	9606.ENSP00000233627	0	0	0	0	0.055	0.994	0.838	0.845	0.999
NDUFAF4	NDUFA2	9606.ENSP00000358272	9606.ENSP00000252102	0	0	0	0	0.103	0	0.838	0.697	0.952
NDUFAF4	NDUFA10	9606.ENSP00000358272	9606.ENSP00000252711	0	0	0	0	0.093	0	0.838	0.410	0.906
NDUFAF4	NDUFB5	9606.ENSP00000358272	9606.ENSP00000259037	0	0	0	0	0.129	0.591	0.838	0.258	0.951
NDUFAF4	NDUFAF1	9606.ENSP00000358272	9606.ENSP00000260361	0	0	0	0	0.067	0.606	0.838	0.822	0.988
NDUFAF4	FOXRED1	9606.ENSP00000358272	9606.ENSP00000263578	0	0	0	0	0.075	0	0	0.857	0.862
NDUFAF4	NDUFS3	9606.ENSP00000358272	9606.ENSP00000263774	0	0	0	0	0.107	0.803	0.838	0.854	0.995
NDUFAF4	NDUFA9	9606.ENSP00000358272	9606.ENSP00000266544	0	0	0	0	0.145	0	0.722	0.322	0.824
NDUFAF4	NDUFB10	9606.ENSP00000358272	9606.ENSP00000268668	0	0	0	0	0.067	0.213	0.838	0.414	0.921
NDUFAF4	ECSIT	9606.ENSP00000358272	9606.ENSP00000270517	0	0	0	0	0.057	0.780	0.500	0.565	0.948
NDUFAF4	NDUFS6	9606.ENSP00000358272	9606.ENSP00000274137	0	0	0	0	0.113	0	0.838	0.736	0.958
NDUFAF4	NDUFB11	9606.ENSP00000358272	9606.ENSP00000276062	0	0	0	0	0.062	0.220	0.838	0.366	0.915
NDUFAF4	NDUFB9	9606.ENSP00000358272	9606.ENSP00000276689	0	0	0	0	0.104	0	0.838	0.356	0.898
NDUFAF4	NDUFC2	9606.ENSP00000358272	9606.ENSP00000281031	0	0	0	0	0.055	0.599	0.722	0.261	0.911
NDUFAF4	NUBPL	9606.ENSP00000358272	9606.ENSP00000281081	0	0	0	0	0.044	0	0	0.850	0.851
NDUFAF4	NDUFAF2	9606.ENSP00000358272	9606.ENSP00000296597	0	0	0	0	0.187	0.218	0.838	0.891	0.987
NDUFAF4	NDUFS4	9606.ENSP00000358272	9606.ENSP00000296684	0	0	0	0	0.134	0	0.838	0.724	0.958
NDUFAF4	NDUFB8	9606.ENSP00000358272	9606.ENSP00000299166	0	0	0	0	0.062	0	0.838	0.327	0.889
NDUFAF4	NDUFA7	9606.ENSP00000358272	9606.ENSP00000301457	0	0	0	0	0.054	0	0.838	0.157	0.859
NDUFAF4	TMEM126A	9606.ENSP00000358272	9606.ENSP00000306887	0	0	0	0	0.194	0	0	0.410	0.504
NDUFAF4	TMEM70	9606.ENSP00000358272	9606.ENSP00000312599	0	0	0	0	0.160	0.088	0	0.571	0.643
NDUFAF4	ACAD9	9606.ENSP00000358272	9606.ENSP00000312618	0	0	0	0	0.049	0.550	0.500	0.733	0.935
NDUFAF4	NDUFS8	9606.ENSP00000358272	9606.ENSP00000315774	0	0	0	0	0.055	0.611	0.838	0.836	0.988
NDUFAF4	NDUFAF3	9606.ENSP00000358272	9606.ENSP00000323076	0	0	0	0	0.221	0.994	0.935	0.976	0.999
NDUFAF4	NDUFV2	9606.ENSP00000358272	9606.ENSP00000327268	0	0	0	0	0.133	0	0.838	0.739	0.960
NDUFAF4	NDUFA12	9606.ENSP00000358272	9606.ENSP00000330737	0	0	0	0	0.151	0	0.838	0.608	0.941
NDUFAF4	TMEM186	9606.ENSP00000358272	9606.ENSP00000331640	0	0	0	0	0.066	0	0.500	0.501	0.746
NDUFAF4	NDUFA4	9606.ENSP00000358272	9606.ENSP00000339720	0	0	0	0	0.139	0	0.467	0.369	0.685
NDUFAF4	NDUFV3	9606.ENSP00000358272	9606.ENSP00000346196	0	0	0	0	0.055	0	0.838	0.220	0.870
NDUFAF4	TMEM126B	9606.ENSP00000358272	9606.ENSP00000351737	0	0	0	0	0.234	0.522	0.500	0.609	0.919
NDUFAF4	MT-ND1	9606.ENSP00000358272	9606.ENSP00000354687	0	0	0	0	0.055	0	0.838	0.738	0.956
NDUFAF4	MT-ND5	9606.ENSP00000358272	9606.ENSP00000354813	0	0	0	0	0.054	0	0.690	0.566	0.861
NDUFAF4	MT-ND4	9606.ENSP00000358272	9606.ENSP00000354961	0	0	0	0	0.054	0.421	0.690	0.598	0.922
NDUFAF4	MT-ND2	9606.ENSP00000358272	9606.ENSP00000355046	0	0	0	0	0.067	0	0.838	0.555	0.927
NDUFAF4	NDUFS2	9606.ENSP00000358272	9606.ENSP00000356972	0	0	0	0	0.058	0.602	0.838	0.879	0.991
NDUFAF4	BCS1L	9606.ENSP00000358272	9606.ENSP00000413908	0	0	0	0	0.159	0	0	0.348	0.428
NDUFAF4	COX6C	9606.ENSP00000358272	9606.ENSP00000429707	0	0	0	0	0.059	0.223	0	0.295	0.439
NDUFAF4	COA1	9606.ENSP00000358272	9606.ENSP00000379218	0	0	0	0	0.049	0	0.500	0.323	0.649
NDUFAF4	NDUFB1	9606.ENSP00000358272	9606.ENSP00000483888	0	0	0	0	0.127	0.480	0.500	0.366	0.837
NDUFAF4	NDUFB2	9606.ENSP00000358272	9606.ENSP00000419087	0	0	0	0	0.056	0	0.838	0.165	0.861
NDUFAF4	NDUFC1	9606.ENSP00000358272	9606.ENSP00000441126	0	0	0	0	0.172	0	0.838	0.179	0.880
NDUFAF4	NDUFB6	9606.ENSP00000358272	9606.ENSP00000369176	0	0	0	0	0.166	0	0.838	0.290	0.895
NDUFAF4	NDUFA6	9606.ENSP00000358272	9606.ENSP00000482543	0	0	0	0	0.155	0	0.838	0.364	0.905
NDUFAF4	NDUFAB1	9606.ENSP00000358272	9606.ENSP00000458770	0	0	0	0	0.221	0	0.838	0.407	0.918
NDUFAF4	NDUFB3	9606.ENSP00000358272	9606.ENSP00000407336	0	0	0	0	0.140	0.234	0.838	0.372	0.924
NDUFAF4	NDUFAF6	9606.ENSP00000358272	9606.ENSP00000379430	0	0	0	0	0.049	0	0.500	0.857	0.926
NDUFAF4	NDUFA11	9606.ENSP00000358272	9606.ENSP00000389160	0	0	0	0	0.049	0	0.722	0.764	0.932
NDUFAF4	NDUFA8	9606.ENSP00000358272	9606.ENSP00000362873	0	0	0	0	0.150	0.224	0.838	0.484	0.937
NDUFAF4	NDUFA3	9606.ENSP00000358272	9606.ENSP00000418438	0	0	0	0	0.054	0.421	0.838	0.462	0.946
NDUFAF4	NDUFS1	9606.ENSP00000358272	9606.ENSP00000392709	0	0	0	0	0.056	0	0.838	0.707	0.951
NDUFAF4	NDUFA1	9606.ENSP00000358272	9606.ENSP00000360492	0	0	0	0	0.060	0	0.838	0.717	0.953
NDUFAF4	NDUFV1	9606.ENSP00000358272	9606.ENSP00000497587	0	0	0	0	0.053	0	0.838	0.718	0.953
NDUFAF4	NDUFAF5	9606.ENSP00000358272	9606.ENSP00000367346	0	0	0	0	0.169	0.141	0.500	0.885	0.953
NDUFAF4	NDUFA5	9606.ENSP00000358272	9606.ENSP00000417142	0	0	0	0	0.242	0.625	0.838	0.637	0.981
NDUFAF4	NDUFS5	9606.ENSP00000358272	9606.ENSP00000362058	0	0	0	0	0.068	0.994	0	0.194	0.995
NDUFAF4	TIMMDC1	9606.ENSP00000358272	9606.ENSP00000418803	0	0	0	0	0.106	0.994	0.800	0.655	0.999
NDUFAF4	NDUFA13	9606.ENSP00000358272	9606.ENSP00000423673	0	0	0	0	0.056	0.994	0.838	0.449	0.999
NDUFAF5	NDUFAF7	9606.ENSP00000367346	9606.ENSP00000002125	0	0	0	0	0.451	0	0.500	0.733	0.920
NDUFAF5	COX15	9606.ENSP00000367346	9606.ENSP00000016171	0	0	0	0	0.075	0	0	0.601	0.615
NDUFAF5	NDUFB4	9606.ENSP00000367346	9606.ENSP00000184266	0	0	0	0	0.150	0	0.500	0.163	0.613
NDUFAF5	NDUFB7	9606.ENSP00000367346	9606.ENSP00000215565	0	0	0	0	0.067	0	0.500	0.287	0.638
NDUFAF5	NDUFS7	9606.ENSP00000367346	9606.ENSP00000233627	0	0	0	0	0.058	0.994	0.500	0.856	0.999
NDUFAF5	NDUFA2	9606.ENSP00000367346	9606.ENSP00000252102	0	0	0	0	0.131	0	0.500	0.725	0.870
NDUFAF5	NDUFA10	9606.ENSP00000367346	9606.ENSP00000252711	0	0	0	0	0.054	0.316	0.500	0.454	0.800
NDUFAF5	SCO1	9606.ENSP00000367346	9606.ENSP00000255390	0	0	0	0	0.161	0	0	0.316	0.402
NDUFAF5	TACO1	9606.ENSP00000367346	9606.ENSP00000258975	0.042	0	0	0	0.067	0	0	0.597	0.609
NDUFAF5	NDUFB5	9606.ENSP00000367346	9606.ENSP00000259037	0	0	0	0	0.197	0	0.500	0.232	0.665
NDUFAF5	NDUFAF1	9606.ENSP00000367346	9606.ENSP00000260361	0	0	0	0	0.148	0	0.500	0.795	0.905
NDUFAF5	FOXRED1	9606.ENSP00000367346	9606.ENSP00000263578	0	0	0	0	0.049	0	0	0.878	0.879
NDUFAF5	NDUFS3	9606.ENSP00000367346	9606.ENSP00000263774	0	0	0	0	0.160	0.238	0.500	0.891	0.960
NDUFAF5	SDHA	9606.ENSP00000367346	9606.ENSP00000264932	0	0	0	0	0.054	0.047	0	0.525	0.534
NDUFAF5	NDUFA9	9606.ENSP00000367346	9606.ENSP00000266544	0	0	0	0	0.106	0.048	0.500	0.392	0.707
NDUFAF5	NDUFB10	9606.ENSP00000367346	9606.ENSP00000268668	0	0	0	0	0.056	0	0.500	0.265	0.622
NDUFAF5	ECSIT	9606.ENSP00000367346	9606.ENSP00000270517	0	0	0	0	0.070	0	0.500	0.555	0.775
NDUFAF5	NDUFS6	9606.ENSP00000367346	9606.ENSP00000274137	0	0	0	0	0.100	0	0.500	0.675	0.841
NDUFAF5	NDUFB11	9606.ENSP00000367346	9606.ENSP00000276062	0	0	0	0	0.111	0	0.500	0.220	0.623
NDUFAF5	NDUFB9	9606.ENSP00000367346	9606.ENSP00000276689	0	0	0	0	0.145	0	0.500	0.201	0.628
NDUFAF5	NDUFC2	9606.ENSP00000367346	9606.ENSP00000281031	0	0	0	0	0.072	0	0.500	0.509	0.752
NDUFAF5	NUBPL	9606.ENSP00000367346	9606.ENSP00000281081	0	0	0	0	0.098	0	0	0.818	0.829
NDUFAF5	NDUFAF2	9606.ENSP00000367346	9606.ENSP00000296597	0	0	0	0	0.132	0	0.500	0.889	0.947
NDUFAF5	NDUFS4	9606.ENSP00000367346	9606.ENSP00000296684	0	0	0	0	0.156	0	0.500	0.814	0.914
NDUFAF5	NDUFB8	9606.ENSP00000367346	9606.ENSP00000299166	0	0	0	0	0.101	0	0.500	0.377	0.695
NDUFAF5	NDUFA7	9606.ENSP00000367346	9606.ENSP00000301457	0	0	0	0	0.068	0	0.500	0.276	0.633
NDUFAF5	TMEM70	9606.ENSP00000367346	9606.ENSP00000312599	0	0	0	0	0.070	0	0	0.417	0.434
NDUFAF5	ACAD9	9606.ENSP00000367346	9606.ENSP00000312618	0	0	0	0	0.049	0.196	0.500	0.693	0.867
NDUFAF5	NDUFS8	9606.ENSP00000367346	9606.ENSP00000315774	0	0	0	0	0.116	0	0.500	0.852	0.929
NDUFAF5	NDUFAF3	9606.ENSP00000367346	9606.ENSP00000323076	0	0	0	0	0.097	0.994	0.500	0.803	0.999
NDUFAF5	NDUFV2	9606.ENSP00000367346	9606.ENSP00000327268	0	0	0	0	0.162	0	0.500	0.730	0.877
NDUFAF5	COA5	9606.ENSP00000367346	9606.ENSP00000330730	0	0	0	0	0.061	0	0	0.497	0.508
NDUFAF5	NDUFA12	9606.ENSP00000367346	9606.ENSP00000330737	0	0	0	0	0.147	0	0.500	0.482	0.760
NDUFAF5	TMEM186	9606.ENSP00000367346	9606.ENSP00000331640	0	0	0	0	0.049	0	0.500	0.389	0.684
NDUFAF5	NDUFV3	9606.ENSP00000367346	9606.ENSP00000346196	0	0	0	0	0.105	0	0.500	0.315	0.666
NDUFAF5	TMEM126B	9606.ENSP00000367346	9606.ENSP00000351737	0	0	0	0	0.126	0	0.500	0.646	0.831
NDUFAF5	MT-CYB	9606.ENSP00000367346	9606.ENSP00000354554	0	0	0	0	0	0	0	0.431	0.431
NDUFAF5	MT-ATP6	9606.ENSP00000367346	9606.ENSP00000354632	0	0	0	0	0.056	0	0	0.497	0.504
NDUFAF5	MT-ND1	9606.ENSP00000367346	9606.ENSP00000354687	0	0	0	0	0.066	0	0.800	0.549	0.908
NDUFAF5	MT-ND5	9606.ENSP00000367346	9606.ENSP00000354813	0	0	0	0	0.066	0	0	0.628	0.638
NDUFAF5	MT-ND4	9606.ENSP00000367346	9606.ENSP00000354961	0	0	0	0	0.072	0	0	0.573	0.587
NDUFAF5	MT-CO3	9606.ENSP00000367346	9606.ENSP00000354982	0	0	0	0	0.121	0	0	0.504	0.545
NDUFAF5	MT-ND2	9606.ENSP00000367346	9606.ENSP00000355046	0	0	0	0	0.091	0	0.500	0.619	0.811
NDUFAF5	NDUFS2	9606.ENSP00000367346	9606.ENSP00000356972	0	0	0	0	0.057	0	0.500	0.852	0.924
NDUFAF5	NDUFAF4	9606.ENSP00000367346	9606.ENSP00000358272	0	0	0	0	0.169	0.141	0.500	0.885	0.953
NDUFAF5	NDUFA1	9606.ENSP00000367346	9606.ENSP00000360492	0	0	0	0	0.049	0	0.500	0.682	0.835
NDUFAF5	SURF1	9606.ENSP00000367346	9606.ENSP00000361042	0	0	0	0	0.054	0	0	0.668	0.672
NDUFAF5	NDUFS5	9606.ENSP00000367346	9606.ENSP00000362058	0	0	0	0	0.106	0	0	0.356	0.401
NDUFAF5	NDUFA8	9606.ENSP00000367346	9606.ENSP00000362873	0	0	0	0	0.109	0	0.500	0.371	0.695
NDUFAF5	NDUFB2	9606.ENSP00000367346	9606.ENSP00000419087	0	0	0	0	0.095	0	0.500	0.084	0.549
NDUFAF5	SCO2	9606.ENSP00000367346	9606.ENSP00000444433	0	0	0	0	0.155	0	0	0.542	0.596
NDUFAF5	NDUFA3	9606.ENSP00000367346	9606.ENSP00000418438	0	0	0	0	0.062	0	0.500	0.292	0.638
NDUFAF5	NDUFB1	9606.ENSP00000367346	9606.ENSP00000483888	0	0	0	0	0.123	0	0.500	0.287	0.660
NDUFAF5	NDUFC1	9606.ENSP00000367346	9606.ENSP00000441126	0	0	0	0	0.115	0	0.500	0.296	0.661
NDUFAF5	NDUFB6	9606.ENSP00000367346	9606.ENSP00000369176	0	0	0	0	0.134	0	0.500	0.284	0.662
NDUFAF5	BCS1L	9606.ENSP00000367346	9606.ENSP00000413908	0	0	0	0	0.132	0.048	0	0.652	0.687
NDUFAF5	NDUFA6	9606.ENSP00000367346	9606.ENSP00000482543	0	0	0	0	0.122	0	0.500	0.355	0.692
NDUFAF5	NDUFA13	9606.ENSP00000367346	9606.ENSP00000423673	0	0	0	0	0.063	0	0.500	0.520	0.755
NDUFAF5	NDUFB3	9606.ENSP00000367346	9606.ENSP00000407336	0	0	0	0	0.119	0	0.500	0.527	0.773
NDUFAF5	COA1	9606.ENSP00000367346	9606.ENSP00000379218	0	0	0	0	0.060	0	0.500	0.566	0.778
NDUFAF5	NDUFAB1	9606.ENSP00000367346	9606.ENSP00000458770	0	0	0	0	0.150	0.214	0.500	0.471	0.799
NDUFAF5	TIMMDC1	9606.ENSP00000367346	9606.ENSP00000418803	0	0	0	0	0.054	0	0.500	0.651	0.820
NDUFAF5	NDUFA5	9606.ENSP00000367346	9606.ENSP00000417142	0	0	0	0	0.265	0	0.500	0.572	0.829
NDUFAF5	NDUFA11	9606.ENSP00000367346	9606.ENSP00000389160	0	0	0	0	0.058	0	0.500	0.710	0.851
NDUFAF5	NDUFS1	9606.ENSP00000367346	9606.ENSP00000392709	0	0	0	0	0.056	0	0.500	0.762	0.877
NDUFAF5	NDUFV1	9606.ENSP00000367346	9606.ENSP00000497587	0	0	0	0	0.079	0	0.500	0.761	0.880
NDUFAF5	NDUFAF6	9606.ENSP00000367346	9606.ENSP00000379430	0	0	0	0	0.138	0.158	0.800	0.929	0.988
NDUFAF6	NDUFAF7	9606.ENSP00000379430	9606.ENSP00000002125	0	0	0	0	0.060	0	0.500	0.690	0.841
NDUFAF6	COX15	9606.ENSP00000379430	9606.ENSP00000016171	0	0	0	0	0.049	0	0	0.730	0.732
NDUFAF6	NDUFB4	9606.ENSP00000379430	9606.ENSP00000184266	0	0	0	0	0	0	0.500	0.072	0.516
NDUFAF6	NDUFB7	9606.ENSP00000379430	9606.ENSP00000215565	0	0	0	0	0	0	0.500	0.138	0.550
NDUFAF6	NDUFS7	9606.ENSP00000379430	9606.ENSP00000233627	0	0	0	0	0.066	0	0.500	0.727	0.861
NDUFAF6	NDUFA2	9606.ENSP00000379430	9606.ENSP00000252102	0	0	0	0	0	0	0.500	0.663	0.824
NDUFAF6	NDUFA10	9606.ENSP00000379430	9606.ENSP00000252711	0	0	0	0	0.099	0.095	0.500	0.597	0.814
NDUFAF6	TACO1	9606.ENSP00000379430	9606.ENSP00000258975	0	0	0	0	0.095	0	0	0.646	0.665
NDUFAF6	NDUFB5	9606.ENSP00000379430	9606.ENSP00000259037	0	0	0	0	0.067	0	0.500	0.354	0.672
NDUFAF6	NDUFAF1	9606.ENSP00000379430	9606.ENSP00000260361	0	0	0	0	0.111	0	0.500	0.913	0.958
NDUFAF6	FOXRED1	9606.ENSP00000379430	9606.ENSP00000263578	0	0	0	0	0.075	0	0	0.864	0.869
NDUFAF6	NDUFS3	9606.ENSP00000379430	9606.ENSP00000263774	0	0	0	0	0.088	0.095	0.500	0.789	0.901
NDUFAF6	SDHA	9606.ENSP00000379430	9606.ENSP00000264932	0	0	0	0	0.049	0	0	0.532	0.536
NDUFAF6	NDUFA9	9606.ENSP00000379430	9606.ENSP00000266544	0.061	0	0	0	0.049	0	0.500	0.375	0.683
NDUFAF6	NDUFB10	9606.ENSP00000379430	9606.ENSP00000268668	0	0	0	0	0	0	0.500	0.278	0.623
NDUFAF6	ECSIT	9606.ENSP00000379430	9606.ENSP00000270517	0	0	0	0	0.049	0	0.500	0.549	0.767
NDUFAF6	NDUFS6	9606.ENSP00000379430	9606.ENSP00000274137	0	0	0	0	0.049	0	0.500	0.438	0.709
NDUFAF6	NDUFB11	9606.ENSP00000379430	9606.ENSP00000276062	0	0	0	0	0.087	0	0.500	0.373	0.688
NDUFAF6	NDUFB9	9606.ENSP00000379430	9606.ENSP00000276689	0	0	0	0	0.065	0	0.500	0.247	0.617
NDUFAF6	NDUFC2	9606.ENSP00000379430	9606.ENSP00000281031	0	0	0	0	0	0	0.500	0.249	0.608
NDUFAF6	NUBPL	9606.ENSP00000379430	9606.ENSP00000281081	0	0	0	0	0.199	0	0	0.708	0.756
NDUFAF6	NDUFAF2	9606.ENSP00000379430	9606.ENSP00000296597	0	0	0	0	0.057	0	0.500	0.831	0.913
NDUFAF6	NDUFS4	9606.ENSP00000379430	9606.ENSP00000296684	0	0	0	0	0.049	0	0.500	0.721	0.856
NDUFAF6	NDUFB8	9606.ENSP00000379430	9606.ENSP00000299166	0	0	0	0	0.067	0	0.500	0.325	0.657
NDUFAF6	NDUFA7	9606.ENSP00000379430	9606.ENSP00000301457	0	0	0	0	0.074	0	0.500	0.171	0.583
NDUFAF6	TMEM70	9606.ENSP00000379430	9606.ENSP00000312599	0	0	0	0	0.072	0	0	0.528	0.544
NDUFAF6	ACAD9	9606.ENSP00000379430	9606.ENSP00000312618	0	0	0	0	0.086	0	0.500	0.626	0.814
NDUFAF6	NDUFS8	9606.ENSP00000379430	9606.ENSP00000315774	0	0	0	0	0.109	0	0.500	0.695	0.852
NDUFAF6	NDUFAF3	9606.ENSP00000379430	9606.ENSP00000323076	0	0	0	0	0	0	0.500	0.819	0.905
NDUFAF6	NDUFV2	9606.ENSP00000379430	9606.ENSP00000327268	0	0	0	0	0.058	0	0.500	0.415	0.700
NDUFAF6	NDUFA12	9606.ENSP00000379430	9606.ENSP00000330737	0	0	0	0	0.045	0	0.500	0.394	0.685
NDUFAF6	TMEM186	9606.ENSP00000379430	9606.ENSP00000331640	0	0	0	0	0.096	0	0.500	0.505	0.757
NDUFAF6	NDUFV3	9606.ENSP00000379430	9606.ENSP00000346196	0	0	0	0	0	0	0.500	0.230	0.598
NDUFAF6	TMEM126B	9606.ENSP00000379430	9606.ENSP00000351737	0	0	0	0	0.059	0	0.500	0.697	0.845
NDUFAF6	MT-ATP6	9606.ENSP00000379430	9606.ENSP00000354632	0	0	0	0	0	0	0	0.535	0.535
NDUFAF6	MT-ND1	9606.ENSP00000379430	9606.ENSP00000354687	0	0	0	0	0.087	0	0.800	0.345	0.870
NDUFAF6	MT-ND5	9606.ENSP00000379430	9606.ENSP00000354813	0	0	0	0	0.060	0	0	0.586	0.594
NDUFAF6	MT-CO3	9606.ENSP00000379430	9606.ENSP00000354982	0.061	0	0	0	0	0	0	0.548	0.557
NDUFAF6	MT-ND2	9606.ENSP00000379430	9606.ENSP00000355046	0	0	0	0	0.060	0	0.500	0.544	0.767
NDUFAF6	NDUFS2	9606.ENSP00000379430	9606.ENSP00000356972	0	0	0	0	0.089	0	0.500	0.558	0.781
NDUFAF6	NDUFAF4	9606.ENSP00000379430	9606.ENSP00000358272	0	0	0	0	0.049	0	0.500	0.857	0.926
NDUFAF6	NDUFA1	9606.ENSP00000379430	9606.ENSP00000360492	0	0	0	0	0	0	0.500	0.391	0.682
NDUFAF6	SURF1	9606.ENSP00000379430	9606.ENSP00000361042	0	0	0	0	0.087	0.063	0	0.755	0.773
NDUFAF6	NDUFA8	9606.ENSP00000379430	9606.ENSP00000362873	0	0	0	0	0.081	0	0.500	0.321	0.661
NDUFAF6	NDUFAF5	9606.ENSP00000379430	9606.ENSP00000367346	0	0	0	0	0.138	0.158	0.800	0.929	0.988
NDUFAF6	NDUFB6	9606.ENSP00000379430	9606.ENSP00000369176	0	0	0	0	0.049	0	0.500	0.172	0.572
NDUFAF6	COA1	9606.ENSP00000379430	9606.ENSP00000379218	0	0	0	0	0.061	0	0.500	0.085	0.532
NDUFAF6	NDUFB2	9606.ENSP00000379430	9606.ENSP00000419087	0	0	0	0	0	0	0.500	0.069	0.514
NDUFAF6	SCO2	9606.ENSP00000379430	9606.ENSP00000444433	0	0	0	0	0	0	0	0.585	0.585
NDUFAF6	NDUFB1	9606.ENSP00000379430	9606.ENSP00000483888	0	0	0	0	0	0	0.500	0.257	0.612
NDUFAF6	NDUFA3	9606.ENSP00000379430	9606.ENSP00000418438	0	0	0	0	0	0	0.500	0.264	0.616
NDUFAF6	NDUFA6	9606.ENSP00000379430	9606.ENSP00000482543	0	0	0	0	0	0	0.500	0.290	0.630
NDUFAF6	NDUFA13	9606.ENSP00000379430	9606.ENSP00000423673	0	0	0	0	0	0	0.500	0.325	0.648
NDUFAF6	NDUFA11	9606.ENSP00000379430	9606.ENSP00000389160	0	0	0	0	0	0	0.500	0.330	0.650
NDUFAF6	NDUFA5	9606.ENSP00000379430	9606.ENSP00000417142	0	0	0	0	0.060	0	0.500	0.333	0.659
NDUFAF6	NDUFC1	9606.ENSP00000379430	9606.ENSP00000441126	0	0	0	0	0	0	0.500	0.387	0.680
NDUFAF6	NDUFAB1	9606.ENSP00000379430	9606.ENSP00000458770	0	0	0	0	0.079	0	0.500	0.416	0.708
NDUFAF6	BCS1L	9606.ENSP00000379430	9606.ENSP00000413908	0	0	0	0	0.093	0	0	0.701	0.717
NDUFAF6	NDUFB3	9606.ENSP00000379430	9606.ENSP00000407336	0	0	0	0	0.047	0	0.500	0.495	0.738
NDUFAF6	TIMMDC1	9606.ENSP00000379430	9606.ENSP00000418803	0	0	0	0	0.049	0	0.500	0.528	0.755
NDUFAF6	NDUFV1	9606.ENSP00000379430	9606.ENSP00000497587	0	0	0	0	0	0	0.500	0.680	0.833
NDUFAF6	NDUFS1	9606.ENSP00000379430	9606.ENSP00000392709	0	0	0	0	0.074	0	0.500	0.700	0.849
NDUFAF7	SURF1	9606.ENSP00000002125	9606.ENSP00000361042	0	0	0	0	0.103	0	0	0.366	0.407
NDUFAF7	COA6	9606.ENSP00000002125	9606.ENSP00000355574	0	0	0	0	0.099	0	0	0.383	0.420
NDUFAF7	NDUFB2	9606.ENSP00000002125	9606.ENSP00000419087	0	0	0	0	0	0	0.500	0	0.499
NDUFAF7	NDUFA11	9606.ENSP00000002125	9606.ENSP00000389160	0	0	0	0	0.101	0	0.500	0	0.531
NDUFAF7	NDUFB4	9606.ENSP00000002125	9606.ENSP00000184266	0	0	0	0	0.070	0	0.500	0.092	0.540
NDUFAF7	NDUFS6	9606.ENSP00000002125	9606.ENSP00000274137	0	0	0	0	0.063	0	0.500	0.123	0.553
NDUFAF7	NDUFB1	9606.ENSP00000002125	9606.ENSP00000483888	0	0	0	0	0.067	0	0.500	0.123	0.555
NDUFAF7	NDUFB9	9606.ENSP00000002125	9606.ENSP00000276689	0	0	0	0	0.080	0	0.500	0.119	0.559
NDUFAF7	MT-ND2	9606.ENSP00000002125	9606.ENSP00000355046	0.057	0	0	0	0.067	0	0.500	0.157	0.579
NDUFAF7	NDUFS4	9606.ENSP00000002125	9606.ENSP00000296684	0	0	0	0	0.079	0	0.500	0.173	0.585
NDUFAF7	NDUFB6	9606.ENSP00000002125	9606.ENSP00000369176	0	0	0	0	0.101	0	0.500	0.161	0.589
NDUFAF7	NDUFB11	9606.ENSP00000002125	9606.ENSP00000276062	0	0	0	0	0.076	0	0.500	0.186	0.591
NDUFAF7	NDUFA8	9606.ENSP00000002125	9606.ENSP00000362873	0	0	0	0	0.097	0	0.500	0.186	0.600
NDUFAF7	NDUFC1	9606.ENSP00000002125	9606.ENSP00000441126	0	0	0	0	0	0	0.500	0.233	0.600
NDUFAF7	NDUFV3	9606.ENSP00000002125	9606.ENSP00000346196	0	0	0	0	0.076	0	0.500	0.208	0.602
NDUFAF7	NDUFC2	9606.ENSP00000002125	9606.ENSP00000281031	0	0	0	0	0.111	0	0.500	0.188	0.607
NDUFAF7	NDUFA1	9606.ENSP00000002125	9606.ENSP00000360492	0	0	0	0	0.042	0	0.500	0.271	0.620
NDUFAF7	NDUFA9	9606.ENSP00000002125	9606.ENSP00000266544	0	0	0	0	0.110	0	0.500	0.224	0.625
NDUFAF7	NDUFS1	9606.ENSP00000002125	9606.ENSP00000392709	0.057	0	0	0	0.111	0	0.500	0.214	0.627
NDUFAF7	NDUFA6	9606.ENSP00000002125	9606.ENSP00000482543	0	0	0	0	0.058	0	0.500	0.271	0.627
NDUFAF7	NDUFB10	9606.ENSP00000002125	9606.ENSP00000268668	0	0	0	0	0.076	0	0.500	0.275	0.636
NDUFAF7	FOXRED1	9606.ENSP00000002125	9606.ENSP00000263578	0	0	0	0	0.058	0.190	0	0.565	0.639
NDUFAF7	COA1	9606.ENSP00000002125	9606.ENSP00000379218	0	0	0	0	0.085	0	0.500	0.298	0.650
NDUFAF7	NDUFAB1	9606.ENSP00000002125	9606.ENSP00000458770	0.042	0	0	0	0.058	0	0.500	0.318	0.651
NDUFAF7	NDUFB7	9606.ENSP00000002125	9606.ENSP00000215565	0	0	0	0	0.128	0	0.500	0.275	0.656
NDUFAF7	MT-ND1	9606.ENSP00000002125	9606.ENSP00000354687	0	0	0	0	0.127	0	0.500	0.289	0.662
NDUFAF7	NDUFV2	9606.ENSP00000002125	9606.ENSP00000327268	0.057	0	0	0	0.097	0	0.500	0.303	0.663
NDUFAF7	NDUFA2	9606.ENSP00000002125	9606.ENSP00000252102	0	0	0	0	0.097	0	0.500	0.317	0.665
NDUFAF7	NDUFV1	9606.ENSP00000002125	9606.ENSP00000497587	0.042	0	0	0	0.063	0	0.500	0.348	0.668
NDUFAF7	NDUFB8	9606.ENSP00000002125	9606.ENSP00000299166	0	0	0	0	0.082	0	0.500	0.337	0.669
NDUFAF7	NDUFA12	9606.ENSP00000002125	9606.ENSP00000330737	0	0	0	0	0.076	0	0.500	0.348	0.672
NDUFAF7	NDUFB3	9606.ENSP00000002125	9606.ENSP00000407336	0	0	0	0	0.082	0	0.500	0.375	0.688
NDUFAF7	NDUFA3	9606.ENSP00000002125	9606.ENSP00000418438	0	0	0	0	0.101	0	0.500	0.382	0.698
NDUFAF7	NDUFA13	9606.ENSP00000002125	9606.ENSP00000423673	0	0	0	0	0.108	0	0.500	0.386	0.702
NDUFAF7	NDUFA5	9606.ENSP00000002125	9606.ENSP00000417142	0	0	0	0	0.097	0	0.500	0.400	0.705
NDUFAF7	NDUFB5	9606.ENSP00000002125	9606.ENSP00000259037	0	0	0	0	0.058	0	0.500	0.430	0.708
NDUFAF7	TMEM186	9606.ENSP00000002125	9606.ENSP00000331640	0	0	0	0	0.074	0	0.500	0.433	0.714
NDUFAF7	TIMMDC1	9606.ENSP00000002125	9606.ENSP00000418803	0	0	0	0	0.055	0	0.500	0.453	0.719
NDUFAF7	NDUFA10	9606.ENSP00000002125	9606.ENSP00000252711	0	0	0	0	0.067	0.357	0.500	0.181	0.721
NDUFAF7	NDUFAF3	9606.ENSP00000002125	9606.ENSP00000323076	0	0	0	0	0.067	0	0.500	0.472	0.732
NDUFAF7	NDUFS3	9606.ENSP00000002125	9606.ENSP00000263774	0.118	0	0	0	0.082	0.115	0.500	0.375	0.735
NDUFAF7	NDUFA7	9606.ENSP00000002125	9606.ENSP00000301457	0	0	0	0	0.063	0	0.500	0.491	0.740
NDUFAF7	NDUFAF4	9606.ENSP00000002125	9606.ENSP00000358272	0	0	0	0	0.060	0	0.500	0.492	0.740
NDUFAF7	ACAD9	9606.ENSP00000002125	9606.ENSP00000312618	0	0	0	0	0.055	0	0.500	0.505	0.746
NDUFAF7	ECSIT	9606.ENSP00000002125	9606.ENSP00000270517	0	0	0	0	0.135	0	0.500	0.491	0.760
NDUFAF7	NUBPL	9606.ENSP00000002125	9606.ENSP00000281081	0	0	0	0	0.149	0	0.500	0.548	0.790
NDUFAF7	NDUFAF2	9606.ENSP00000002125	9606.ENSP00000296597	0	0	0	0	0.083	0	0.500	0.579	0.790
NDUFAF7	NDUFS8	9606.ENSP00000002125	9606.ENSP00000315774	0.057	0	0	0	0.082	0	0.500	0.574	0.791
NDUFAF7	NDUFAF1	9606.ENSP00000002125	9606.ENSP00000260361	0	0	0	0	0.141	0	0.500	0.571	0.799
NDUFAF7	NDUFS7	9606.ENSP00000002125	9606.ENSP00000233627	0.043	0	0	0	0.101	0.168	0.500	0.558	0.813
NDUFAF7	TMEM126B	9606.ENSP00000002125	9606.ENSP00000351737	0	0	0	0	0.126	0	0.500	0.622	0.820
NDUFAF7	NDUFAF6	9606.ENSP00000002125	9606.ENSP00000379430	0	0	0	0	0.060	0	0.500	0.690	0.841
NDUFAF7	NDUFAF5	9606.ENSP00000002125	9606.ENSP00000367346	0	0	0	0	0.451	0	0.500	0.733	0.920
NDUFAF7	NDUFS2	9606.ENSP00000002125	9606.ENSP00000356972	0.231	0	0	0	0.079	0.227	0.700	0.729	0.947
NDUFB1	NDUFAF7	9606.ENSP00000483888	9606.ENSP00000002125	0	0	0	0	0.067	0	0.500	0.123	0.555
NDUFB1	NDUFB4	9606.ENSP00000483888	9606.ENSP00000184266	0	0	0	0	0.732	0.913	0.900	0.845	0.999
NDUFB1	UQCRC1	9606.ENSP00000483888	9606.ENSP00000203407	0	0	0	0	0.110	0.856	0	0.231	0.893
NDUFB1	NDUFB7	9606.ENSP00000483888	9606.ENSP00000215565	0	0	0	0	0.273	0.956	0.900	0.484	0.998
NDUFB1	COX6A1	9606.ENSP00000483888	9606.ENSP00000229379	0	0	0	0	0.178	0.258	0	0.275	0.520
NDUFB1	NDUFS7	9606.ENSP00000483888	9606.ENSP00000233627	0	0	0	0	0.260	0.894	0.900	0.649	0.996
NDUFB1	NDUFA2	9606.ENSP00000483888	9606.ENSP00000252102	0	0	0	0	0.999	0.894	0.900	0.920	0.999
NDUFB1	NDUFA10	9606.ENSP00000483888	9606.ENSP00000252711	0	0	0	0	0.099	0.894	0.900	0.536	0.995
NDUFB1	COX5B	9606.ENSP00000483888	9606.ENSP00000258424	0	0	0	0	0.390	0.844	0	0.528	0.951
NDUFB1	NDUFB5	9606.ENSP00000483888	9606.ENSP00000259037	0	0	0	0	0.370	0.988	0.900	0.896	0.999
NDUFB1	NDUFAF1	9606.ENSP00000483888	9606.ENSP00000260361	0	0	0	0	0.065	0	0.900	0.505	0.949
NDUFB1	COX17	9606.ENSP00000483888	9606.ENSP00000261070	0	0	0	0	0.633	0	0	0.277	0.723
NDUFB1	FOXRED1	9606.ENSP00000483888	9606.ENSP00000263578	0	0	0	0	0.044	0	0.720	0.629	0.892
NDUFB1	NDUFS3	9606.ENSP00000483888	9606.ENSP00000263774	0	0	0	0	0.249	0.966	0.900	0.567	0.998
NDUFB1	SDHA	9606.ENSP00000483888	9606.ENSP00000264932	0	0	0	0	0.101	0	0	0.367	0.406
NDUFB1	NDUFA9	9606.ENSP00000483888	9606.ENSP00000266544	0	0	0	0	0.248	0.977	0.900	0.506	0.999
NDUFB1	UQCRC2	9606.ENSP00000483888	9606.ENSP00000268379	0	0	0	0	0.126	0.855	0	0.290	0.902
NDUFB1	NDUFB10	9606.ENSP00000483888	9606.ENSP00000268668	0	0	0	0	0.263	0.962	0.900	0.892	0.999
NDUFB1	ECSIT	9606.ENSP00000483888	9606.ENSP00000270517	0	0	0	0	0.075	0.756	0.500	0.289	0.909
NDUFB1	NDUFS6	9606.ENSP00000483888	9606.ENSP00000274137	0	0	0	0	0.356	0.943	0.900	0.654	0.998
NDUFB1	NDUFB11	9606.ENSP00000483888	9606.ENSP00000276062	0	0	0	0	0.173	0.969	0.900	0.895	0.999
NDUFB1	NDUFB9	9606.ENSP00000483888	9606.ENSP00000276689	0	0	0	0	0.357	0.906	0.900	0.729	0.998
NDUFB1	NDUFC2	9606.ENSP00000483888	9606.ENSP00000281031	0	0	0	0	0.397	0.976	0.900	0.568	0.999
NDUFB1	COX7A1	9606.ENSP00000483888	9606.ENSP00000292907	0	0	0	0	0.056	0.830	0	0.183	0.857
NDUFB1	NDUFAF2	9606.ENSP00000483888	9606.ENSP00000296597	0	0	0	0	0.136	0	0.500	0.390	0.713
NDUFB1	NDUFS4	9606.ENSP00000483888	9606.ENSP00000296684	0	0	0	0	0.430	0.894	0.900	0.461	0.996
NDUFB1	NDUFB8	9606.ENSP00000483888	9606.ENSP00000299166	0	0	0	0	0.366	0.894	0.900	0.440	0.995
NDUFB1	NDUFA7	9606.ENSP00000483888	9606.ENSP00000301457	0	0	0	0	0.310	0.938	0.900	0.704	0.998
NDUFB1	UQCRFS1	9606.ENSP00000483888	9606.ENSP00000306397	0	0	0	0	0.337	0.855	0	0.280	0.925
NDUFB1	UQCRH	9606.ENSP00000483888	9606.ENSP00000309565	0	0	0	0	0.237	0.856	0	0.450	0.934
NDUFB1	PRKACA	9606.ENSP00000483888	9606.ENSP00000309591	0	0	0	0	0.047	0	0.650	0	0.652
NDUFB1	TMEM70	9606.ENSP00000483888	9606.ENSP00000312599	0	0	0	0	0.103	0	0	0.580	0.607
NDUFB1	ACAD9	9606.ENSP00000483888	9606.ENSP00000312618	0	0	0	0	0.067	0	0.500	0.249	0.619
NDUFB1	NDUFS8	9606.ENSP00000483888	9606.ENSP00000315774	0	0	0	0	0.251	0.894	0.900	0.516	0.995
NDUFB1	CYC1	9606.ENSP00000483888	9606.ENSP00000317159	0	0	0	0	0.185	0.855	0	0.243	0.903
NDUFB1	COX5A	9606.ENSP00000483888	9606.ENSP00000317780	0	0	0	0	0.286	0.830	0	0.362	0.916
NDUFB1	NDUFAF3	9606.ENSP00000483888	9606.ENSP00000323076	0	0	0	0	0.067	0	0.500	0.160	0.574
NDUFB1	COX14	9606.ENSP00000483888	9606.ENSP00000326052	0	0	0	0	0.232	0	0	0.320	0.455
NDUFB1	NDUFV2	9606.ENSP00000483888	9606.ENSP00000327268	0	0	0	0	0.334	0.954	0.900	0.447	0.998
NDUFB1	NDUFA12	9606.ENSP00000483888	9606.ENSP00000330737	0	0	0	0	0.609	0.894	0.900	0.479	0.997
NDUFB1	TMEM186	9606.ENSP00000483888	9606.ENSP00000331640	0	0	0	0	0.056	0	0.500	0.200	0.589
NDUFB1	UQCR10	9606.ENSP00000483888	9606.ENSP00000332887	0	0	0	0	0.439	0.855	0	0.616	0.966
NDUFB1	NDUFA4	9606.ENSP00000483888	9606.ENSP00000339720	0	0	0	0	0.309	0.228	0.900	0.750	0.984
NDUFB1	NDUFV3	9606.ENSP00000483888	9606.ENSP00000346196	0	0	0	0	0.179	0.940	0.900	0.541	0.997
NDUFB1	TMEM126B	9606.ENSP00000483888	9606.ENSP00000351737	0	0	0	0	0.147	0	0.500	0.286	0.669
NDUFB1	MT-CO1	9606.ENSP00000483888	9606.ENSP00000354499	0	0	0	0	0.101	0.830	0	0.181	0.864
NDUFB1	MT-CYB	9606.ENSP00000483888	9606.ENSP00000354554	0	0	0	0	0	0.855	0	0.107	0.865
NDUFB1	MT-ND1	9606.ENSP00000483888	9606.ENSP00000354687	0	0	0	0	0.137	0.856	0.900	0.195	0.988
NDUFB1	COA3	9606.ENSP00000483888	9606.ENSP00000354762	0	0	0	0	0.164	0.161	0	0.239	0.420
NDUFB1	MT-ND5	9606.ENSP00000483888	9606.ENSP00000354813	0	0	0	0	0.108	0.894	0.900	0.311	0.992
NDUFB1	MT-CO2	9606.ENSP00000483888	9606.ENSP00000354876	0	0	0	0	0.097	0.746	0	0.159	0.790
NDUFB1	MT-ND4	9606.ENSP00000483888	9606.ENSP00000354961	0	0	0	0	0.127	0.959	0.900	0.820	0.999
NDUFB1	MT-CO3	9606.ENSP00000483888	9606.ENSP00000354982	0	0	0	0	0.083	0.830	0	0.115	0.850
NDUFB1	MT-ND2	9606.ENSP00000483888	9606.ENSP00000355046	0	0	0	0	0.082	0.955	0.900	0.523	0.997
NDUFB1	COA6	9606.ENSP00000483888	9606.ENSP00000355574	0	0	0	0	0.119	0.257	0	0.157	0.400
NDUFB1	NDUFS2	9606.ENSP00000483888	9606.ENSP00000356972	0	0	0	0	0.109	0.894	0.900	0.672	0.996
NDUFB1	NDUFAF4	9606.ENSP00000483888	9606.ENSP00000358272	0	0	0	0	0.127	0.480	0.500	0.366	0.837
NDUFB1	COX7A2	9606.ENSP00000483888	9606.ENSP00000359098	0	0	0	0	0.364	0	0	0.474	0.651
NDUFB1	PRKACB	9606.ENSP00000483888	9606.ENSP00000359719	0	0	0	0	0.042	0	0.650	0	0.650
NDUFB1	NDUFA1	9606.ENSP00000483888	9606.ENSP00000360492	0	0	0	0	0.522	0.940	0.900	0.788	0.999
NDUFB1	NDUFS5	9606.ENSP00000483888	9606.ENSP00000362058	0	0	0	0	0.442	0.940	0.900	0.557	0.998
NDUFB1	NDUFA8	9606.ENSP00000483888	9606.ENSP00000362873	0	0	0	0	0.271	0.991	0.900	0.650	0.999
NDUFB1	SDHB	9606.ENSP00000483888	9606.ENSP00000364649	0	0	0	0	0.242	0	0	0.527	0.626
NDUFB1	NDUFAF5	9606.ENSP00000483888	9606.ENSP00000367346	0	0	0	0	0.123	0	0.500	0.287	0.660
NDUFB1	UQCRQ	9606.ENSP00000483888	9606.ENSP00000367939	0	0	0	0	0.554	0.855	0	0.151	0.940
NDUFB1	NDUFB6	9606.ENSP00000483888	9606.ENSP00000369176	0	0	0	0	0.521	0.894	0.900	0.874	0.999
NDUFB1	COA1	9606.ENSP00000483888	9606.ENSP00000379218	0	0	0	0	0.085	0	0.500	0.078	0.541
NDUFB1	NDUFAF6	9606.ENSP00000483888	9606.ENSP00000379430	0	0	0	0	0	0	0.500	0.257	0.612
NDUFB1	NDUFA11	9606.ENSP00000483888	9606.ENSP00000389160	0	0	0	0	0.376	0.878	0.900	0.691	0.997
NDUFB1	NDUFS1	9606.ENSP00000483888	9606.ENSP00000392709	0	0	0	0	0.222	0.894	0.900	0.642	0.996
NDUFB1	NDUFB3	9606.ENSP00000483888	9606.ENSP00000407336	0	0	0	0	0.560	0.941	0.900	0.683	0.999
NDUFB1	NDUFA5	9606.ENSP00000483888	9606.ENSP00000417142	0	0	0	0	0.473	0.907	0.900	0.688	0.998
NDUFB1	NDUFA3	9606.ENSP00000483888	9606.ENSP00000418438	0	0	0	0	0.250	0.894	0.900	0.552	0.996
NDUFB1	TIMMDC1	9606.ENSP00000483888	9606.ENSP00000418803	0	0	0	0	0.060	0	0.500	0.459	0.723
NDUFB1	NDUFB2	9606.ENSP00000483888	9606.ENSP00000419087	0	0	0	0	0.782	0.870	0.900	0.480	0.998
NDUFB1	NDUFA13	9606.ENSP00000483888	9606.ENSP00000423673	0	0	0	0	0.434	0.938	0.900	0.563	0.998
NDUFB1	COX7C	9606.ENSP00000483888	9606.ENSP00000425759	0	0	0	0	0.451	0.830	0	0.538	0.953
NDUFB1	COX6C	9606.ENSP00000483888	9606.ENSP00000429707	0	0	0	0	0.454	0.507	0	0.419	0.830
NDUFB1	UQCRB	9606.ENSP00000483888	9606.ENSP00000430494	0	0	0	0	0.548	0.859	0	0.432	0.960
NDUFB1	NDUFC1	9606.ENSP00000483888	9606.ENSP00000441126	0	0	0	0	0.386	0.825	0.900	0.640	0.995
NDUFB1	COX4I1	9606.ENSP00000483888	9606.ENSP00000457513	0	0	0	0	0.300	0.852	0	0.301	0.921
NDUFB1	NDUFAB1	9606.ENSP00000483888	9606.ENSP00000458770	0	0	0	0	0.413	0.991	0.900	0.527	0.999
NDUFB1	COX6B1	9606.ENSP00000483888	9606.ENSP00000466818	0	0	0	0	0.261	0.845	0	0.557	0.944
NDUFB1	UQCR11	9606.ENSP00000483888	9606.ENSP00000467262	0	0	0	0	0.438	0.830	0	0.626	0.961
NDUFB1	PET100	9606.ENSP00000483888	9606.ENSP00000470539	0	0	0	0	0.902	0	0	0.222	0.920
NDUFB1	NDUFA6	9606.ENSP00000483888	9606.ENSP00000482543	0	0	0	0	0.473	0.998	0.900	0.543	0.999
NDUFB1	COX7B	9606.ENSP00000483888	9606.ENSP00000497474	0	0	0	0	0.306	0.842	0	0.633	0.956
NDUFB1	NDUFV1	9606.ENSP00000483888	9606.ENSP00000497587	0	0	0	0	0.261	0.894	0.900	0.514	0.995
NDUFB10	NDUFAF7	9606.ENSP00000268668	9606.ENSP00000002125	0	0	0	0	0.076	0	0.500	0.275	0.636
NDUFB10	TIMM21	9606.ENSP00000268668	9606.ENSP00000169551	0	0	0	0	0.154	0	0	0.553	0.606
NDUFB10	NDUFB4	9606.ENSP00000268668	9606.ENSP00000184266	0	0	0	0	0.739	0.980	0.967	0.980	0.999
NDUFB10	UQCRC1	9606.ENSP00000268668	9606.ENSP00000203407	0	0	0	0	0.468	0.948	0.154	0.492	0.986
NDUFB10	NDUFB7	9606.ENSP00000268668	9606.ENSP00000215565	0	0	0	0	0.816	0.995	0.967	0.828	0.999
NDUFB10	COX6A1	9606.ENSP00000268668	9606.ENSP00000229379	0	0	0	0	0.544	0.399	0	0.356	0.808
NDUFB10	NDUFS7	9606.ENSP00000268668	9606.ENSP00000233627	0	0	0	0	0.925	0.959	0.967	0.727	0.999
NDUFB10	NDUFA2	9606.ENSP00000268668	9606.ENSP00000252102	0	0	0	0	0.606	0.998	0.967	0.868	0.999
NDUFB10	NDUFA10	9606.ENSP00000268668	9606.ENSP00000252711	0	0	0	0	0.528	0.957	0.967	0.980	0.999
NDUFB10	COX5B	9606.ENSP00000268668	9606.ENSP00000258424	0	0	0	0	0.771	0.854	0	0.468	0.980
NDUFB10	NDUFB5	9606.ENSP00000268668	9606.ENSP00000259037	0	0	0	0	0.920	0.989	0.967	0.965	0.999
NDUFB10	NDUFAF1	9606.ENSP00000268668	9606.ENSP00000260361	0	0	0	0	0.060	0	0.967	0.561	0.985
NDUFB10	COX17	9606.ENSP00000268668	9606.ENSP00000261070	0	0	0	0	0.161	0	0	0.323	0.408
NDUFB10	TTC19	9606.ENSP00000268668	9606.ENSP00000261647	0	0	0	0	0	0	0	0.468	0.468
NDUFB10	FOXRED1	9606.ENSP00000268668	9606.ENSP00000263578	0	0	0	0	0.084	0.292	0.720	0.641	0.926
NDUFB10	NDUFS3	9606.ENSP00000268668	9606.ENSP00000263774	0	0	0	0	0.932	0.998	0.967	0.729	0.999
NDUFB10	SDHA	9606.ENSP00000268668	9606.ENSP00000264932	0	0	0	0	0.159	0.091	0	0.445	0.538
NDUFB10	NDUFA9	9606.ENSP00000268668	9606.ENSP00000266544	0	0	0	0	0.622	0.999	0.944	0.881	0.999
NDUFB10	UQCRC2	9606.ENSP00000268668	9606.ENSP00000268379	0	0	0	0	0.275	0.912	0.172	0.475	0.968
NDUFB10	COA3	9606.ENSP00000268668	9606.ENSP00000354762	0	0	0	0	0.248	0.161	0	0.173	0.433
NDUFB10	COA7	9606.ENSP00000268668	9606.ENSP00000360593	0	0	0	0	0.055	0	0	0.470	0.478
NDUFB10	COX8A	9606.ENSP00000268668	9606.ENSP00000321260	0	0	0	0	0.290	0	0	0.309	0.488
NDUFB10	COX11	9606.ENSP00000268668	9606.ENSP00000299335	0	0	0	0	0.049	0	0	0.491	0.496
NDUFB10	COX7A2	9606.ENSP00000268668	9606.ENSP00000359098	0	0	0	0	0.285	0.097	0	0.354	0.547
NDUFB10	COA1	9606.ENSP00000268668	9606.ENSP00000379218	0	0	0	0	0.049	0	0.500	0.201	0.586
NDUFB10	COA6	9606.ENSP00000268668	9606.ENSP00000355574	0	0	0	0	0.164	0.283	0	0.386	0.600
NDUFB10	COX14	9606.ENSP00000268668	9606.ENSP00000326052	0	0	0	0	0.516	0	0	0.220	0.606
NDUFB10	NDUFAF5	9606.ENSP00000268668	9606.ENSP00000367346	0	0	0	0	0.056	0	0.500	0.265	0.622
NDUFB10	NDUFAF6	9606.ENSP00000268668	9606.ENSP00000379430	0	0	0	0	0	0	0.500	0.278	0.623
NDUFB10	TMEM70	9606.ENSP00000268668	9606.ENSP00000312599	0	0	0	0	0.058	0.089	0	0.607	0.634
NDUFB10	TMEM186	9606.ENSP00000268668	9606.ENSP00000331640	0	0	0	0	0.067	0	0.500	0.286	0.638
NDUFB10	PRKACA	9606.ENSP00000268668	9606.ENSP00000309591	0	0	0	0	0.042	0	0.650	0	0.650
NDUFB10	PRKACB	9606.ENSP00000268668	9606.ENSP00000359719	0	0	0	0	0	0	0.650	0	0.650
NDUFB10	ACAD9	9606.ENSP00000268668	9606.ENSP00000312618	0	0	0	0	0.092	0	0.500	0.331	0.669
NDUFB10	ECSIT	9606.ENSP00000268668	9606.ENSP00000270517	0	0	0	0	0.167	0	0.500	0.281	0.674
NDUFB10	SDHC	9606.ENSP00000268668	9606.ENSP00000356953	0	0	0	0	0.456	0	0	0.453	0.689
NDUFB10	TMEM126B	9606.ENSP00000268668	9606.ENSP00000351737	0	0	0	0	0.049	0	0.500	0.419	0.699
NDUFB10	SDHD	9606.ENSP00000268668	9606.ENSP00000364699	0	0	0	0	0.610	0	0	0.321	0.724
NDUFB10	MT-CO2	9606.ENSP00000268668	9606.ENSP00000354876	0	0	0	0	0.058	0.746	0	0.315	0.822
NDUFB10	SDHB	9606.ENSP00000268668	9606.ENSP00000364649	0	0	0	0	0.732	0.089	0	0.425	0.848
NDUFB10	MT-CO3	9606.ENSP00000268668	9606.ENSP00000354982	0	0	0	0	0.063	0.830	0	0.172	0.856
NDUFB10	COX7A1	9606.ENSP00000268668	9606.ENSP00000292907	0	0	0	0	0.058	0.830	0	0.190	0.859
NDUFB10	MT-CO1	9606.ENSP00000268668	9606.ENSP00000354499	0	0	0	0	0.183	0.830	0	0.216	0.881
NDUFB10	MT-CYB	9606.ENSP00000268668	9606.ENSP00000354554	0	0	0	0	0	0.904	0	0.178	0.917
NDUFB10	NDUFAF4	9606.ENSP00000268668	9606.ENSP00000358272	0	0	0	0	0.067	0.213	0.838	0.414	0.921
NDUFB10	COX7B	9606.ENSP00000268668	9606.ENSP00000497474	0	0	0	0	0.263	0.842	0	0.434	0.928
NDUFB10	COX6C	9606.ENSP00000268668	9606.ENSP00000429707	0	0	0	0	0.707	0.568	0	0.557	0.939
NDUFB10	COX6B1	9606.ENSP00000268668	9606.ENSP00000466818	0	0	0	0	0.303	0.851	0	0.507	0.944
NDUFB10	NDUFAF2	9606.ENSP00000268668	9606.ENSP00000296597	0	0	0	0	0.145	0.507	0.838	0.331	0.948
NDUFB10	COX7C	9606.ENSP00000268668	9606.ENSP00000425759	0	0	0	0	0.613	0.851	0	0.471	0.967
NDUFB10	UQCRQ	9606.ENSP00000268668	9606.ENSP00000367939	0	0	0	0	0.526	0.886	0.172	0.494	0.974
NDUFB10	UQCR11	9606.ENSP00000268668	9606.ENSP00000467262	0	0	0	0	0.839	0.830	0	0.447	0.983
NDUFB10	UQCRFS1	9606.ENSP00000268668	9606.ENSP00000306397	0	0	0	0	0.362	0.968	0.172	0.446	0.989
NDUFB10	NDUFA4	9606.ENSP00000268668	9606.ENSP00000339720	0	0	0	0	0.401	0.252	0.944	0.633	0.989
NDUFB10	UQCRH	9606.ENSP00000268668	9606.ENSP00000309565	0	0	0	0	0.649	0.952	0.163	0.422	0.990
NDUFB10	COX5A	9606.ENSP00000268668	9606.ENSP00000317780	0	0	0	0	0.847	0.892	0	0.644	0.993
NDUFB10	COX4I1	9606.ENSP00000268668	9606.ENSP00000457513	0	0	0	0	0.916	0.876	0	0.477	0.994
NDUFB10	UQCRB	9606.ENSP00000268668	9606.ENSP00000430494	0	0	0	0	0.737	0.966	0	0.417	0.994
NDUFB10	CYC1	9606.ENSP00000268668	9606.ENSP00000317159	0	0	0	0	0.528	0.987	0	0.331	0.995
NDUFB10	UQCR10	9606.ENSP00000268668	9606.ENSP00000332887	0	0	0	0	0.859	0.967	0	0.375	0.996
NDUFB10	NDUFC1	9606.ENSP00000268668	9606.ENSP00000441126	0	0	0	0	0.348	0.825	0.967	0.507	0.997
NDUFB10	TIMMDC1	9606.ENSP00000268668	9606.ENSP00000418803	0	0	0	0	0.092	0.994	0.500	0.422	0.998
NDUFB10	NDUFV3	9606.ENSP00000268668	9606.ENSP00000346196	0	0	0	0	0.698	0.945	0.967	0.542	0.999
NDUFB10	NDUFS2	9606.ENSP00000268668	9606.ENSP00000356972	0	0	0	0	0.387	0.991	0.967	0.810	0.999
NDUFB10	NDUFS5	9606.ENSP00000268668	9606.ENSP00000362058	0	0	0	0	0.937	0.998	0.900	0.762	0.999
NDUFB10	NDUFA8	9606.ENSP00000268668	9606.ENSP00000362873	0	0	0	0	0.953	0.991	0.967	0.880	0.999
NDUFB10	NDUFS8	9606.ENSP00000268668	9606.ENSP00000315774	0	0	0	0	0.906	0.991	0.967	0.790	0.999
NDUFB10	NDUFB6	9606.ENSP00000268668	9606.ENSP00000369176	0	0	0	0	0.916	0.982	0.967	0.855	0.999
NDUFB10	NDUFB1	9606.ENSP00000268668	9606.ENSP00000483888	0	0	0	0	0.263	0.962	0.900	0.892	0.999
NDUFB10	NDUFA7	9606.ENSP00000268668	9606.ENSP00000301457	0	0	0	0	0.670	0.953	0.967	0.934	0.999
NDUFB10	NDUFS4	9606.ENSP00000268668	9606.ENSP00000296684	0	0	0	0	0.538	0.998	0.967	0.674	0.999
NDUFB10	NDUFAF3	9606.ENSP00000268668	9606.ENSP00000323076	0	0	0	0	0.176	0.994	0.838	0.319	0.999
NDUFB10	NDUFA1	9606.ENSP00000268668	9606.ENSP00000360492	0	0	0	0	0.302	0.941	0.967	0.584	0.999
NDUFB10	NDUFA11	9606.ENSP00000268668	9606.ENSP00000389160	0	0	0	0	0.630	0.878	0.944	0.750	0.999
NDUFB10	NDUFB9	9606.ENSP00000268668	9606.ENSP00000276689	0	0	0	0	0.914	0.992	0.967	0.899	0.999
NDUFB10	NDUFA3	9606.ENSP00000268668	9606.ENSP00000418438	0	0	0	0	0.428	0.894	0.967	0.545	0.999
NDUFB10	MT-ND1	9606.ENSP00000268668	9606.ENSP00000354687	0	0	0	0	0.163	0.991	0.967	0.274	0.999
NDUFB10	NDUFV1	9606.ENSP00000268668	9606.ENSP00000497587	0	0	0	0	0.566	0.992	0.967	0.736	0.999
NDUFB10	MT-ND2	9606.ENSP00000268668	9606.ENSP00000355046	0	0	0	0	0.100	0.966	0.967	0.541	0.999
NDUFB10	NDUFA12	9606.ENSP00000268668	9606.ENSP00000330737	0	0	0	0	0.862	0.998	0.967	0.765	0.999
NDUFB10	NDUFB2	9606.ENSP00000268668	9606.ENSP00000419087	0	0	0	0	0.221	0.812	0.967	0.917	0.999
NDUFB10	NDUFB8	9606.ENSP00000268668	9606.ENSP00000299166	0	0	0	0	0.756	0.994	0.967	0.592	0.999
NDUFB10	NDUFB11	9606.ENSP00000268668	9606.ENSP00000276062	0	0	0	0	0.912	0.990	0.967	0.921	0.999
NDUFB10	NDUFS6	9606.ENSP00000268668	9606.ENSP00000274137	0	0	0	0	0.866	0.996	0.967	0.686	0.999
NDUFB10	NDUFA6	9606.ENSP00000268668	9606.ENSP00000482543	0	0	0	0	0.755	0.998	0.967	0.619	0.999
NDUFB10	NDUFA5	9606.ENSP00000268668	9606.ENSP00000417142	0	0	0	0	0.899	0.993	0.967	0.632	0.999
NDUFB10	MT-ND5	9606.ENSP00000268668	9606.ENSP00000354813	0	0	0	0	0.127	0.983	0.967	0.386	0.999
NDUFB10	NDUFV2	9606.ENSP00000268668	9606.ENSP00000327268	0	0	0	0	0.750	0.995	0.967	0.715	0.999
NDUFB10	NDUFAB1	9606.ENSP00000268668	9606.ENSP00000458770	0	0	0	0	0.810	0.991	0.967	0.705	0.999
NDUFB10	NDUFS1	9606.ENSP00000268668	9606.ENSP00000392709	0	0	0	0	0.224	0.994	0.967	0.810	0.999
NDUFB10	NDUFB3	9606.ENSP00000268668	9606.ENSP00000407336	0	0	0	0	0.584	0.993	0.967	0.757	0.999
NDUFB10	NDUFC2	9606.ENSP00000268668	9606.ENSP00000281031	0	0	0	0	0.726	0.978	0.944	0.742	0.999
NDUFB10	NDUFA13	9606.ENSP00000268668	9606.ENSP00000423673	0	0	0	0	0.908	0.995	0.967	0.636	0.999
NDUFB10	MT-ND4	9606.ENSP00000268668	9606.ENSP00000354961	0	0	0	0	0.127	0.994	0.967	0.795	0.999
NDUFB11	NDUFAF7	9606.ENSP00000276062	9606.ENSP00000002125	0	0	0	0	0.076	0	0.500	0.186	0.591
NDUFB11	NDUFB4	9606.ENSP00000276062	9606.ENSP00000184266	0	0	0	0	0.810	0.968	0.967	0.876	0.999
NDUFB11	UQCRC1	9606.ENSP00000276062	9606.ENSP00000203407	0	0	0	0	0.487	0.856	0	0.251	0.940
NDUFB11	NDUFB7	9606.ENSP00000276062	9606.ENSP00000215565	0	0	0	0	0.966	0.966	0.967	0.747	0.999
NDUFB11	COX6A1	9606.ENSP00000276062	9606.ENSP00000229379	0	0	0	0	0.492	0.258	0	0.310	0.717
NDUFB11	NDUFS7	9606.ENSP00000276062	9606.ENSP00000233627	0	0	0	0	0.945	0.956	0.967	0.616	0.999
NDUFB11	NDUFA2	9606.ENSP00000276062	9606.ENSP00000252102	0	0	0	0	0.913	0.998	0.967	0.692	0.999
NDUFB11	NDUFA10	9606.ENSP00000276062	9606.ENSP00000252711	0	0	0	0	0.329	0.982	0.967	0.710	0.999
NDUFB11	COX5B	9606.ENSP00000276062	9606.ENSP00000258424	0	0	0	0	0.883	0.844	0	0.419	0.988
NDUFB11	NDUFB5	9606.ENSP00000276062	9606.ENSP00000259037	0	0	0	0	0.844	0.984	0.967	0.928	0.999
NDUFB11	NDUFAF1	9606.ENSP00000276062	9606.ENSP00000260361	0	0	0	0	0.103	0.994	0.967	0.475	0.999
NDUFB11	COX17	9606.ENSP00000276062	9606.ENSP00000261070	0	0	0	0	0.277	0	0	0.221	0.412
NDUFB11	FOXRED1	9606.ENSP00000276062	9606.ENSP00000263578	0	0	0	0	0.055	0	0.720	0.633	0.894
NDUFB11	NDUFS3	9606.ENSP00000276062	9606.ENSP00000263774	0	0	0	0	0.872	0.998	0.967	0.652	0.999
NDUFB11	SDHA	9606.ENSP00000276062	9606.ENSP00000264932	0	0	0	0	0.320	0	0	0.265	0.479
NDUFB11	NDUFA9	9606.ENSP00000276062	9606.ENSP00000266544	0	0	0	0	0.528	0.998	0.944	0.715	0.999
NDUFB11	UQCRC2	9606.ENSP00000276062	9606.ENSP00000268379	0	0	0	0	0.218	0.855	0	0.367	0.922
NDUFB11	NDUFB10	9606.ENSP00000276062	9606.ENSP00000268668	0	0	0	0	0.912	0.990	0.967	0.921	0.999
NDUFB11	ECSIT	9606.ENSP00000276062	9606.ENSP00000270517	0	0	0	0	0.234	0.994	0.500	0.248	0.998
NDUFB11	NDUFS6	9606.ENSP00000276062	9606.ENSP00000274137	0	0	0	0	0.845	0.950	0.967	0.574	0.999
NDUFB11	COA6	9606.ENSP00000276062	9606.ENSP00000355574	0	0	0	0	0.261	0.257	0	0.213	0.531
NDUFB11	COX14	9606.ENSP00000276062	9606.ENSP00000326052	0	0	0	0	0.484	0	0	0.146	0.540
NDUFB11	COA1	9606.ENSP00000276062	9606.ENSP00000379218	0	0	0	0	0.093	0	0.500	0.069	0.541
NDUFB11	COX7A2	9606.ENSP00000276062	9606.ENSP00000359098	0	0	0	0	0.324	0	0	0.396	0.575
NDUFB11	TMEM186	9606.ENSP00000276062	9606.ENSP00000331640	0	0	0	0	0.042	0	0.500	0.189	0.577
NDUFB11	TMEM70	9606.ENSP00000276062	9606.ENSP00000312599	0	0	0	0	0.062	0	0	0.592	0.601
NDUFB11	COX8A	9606.ENSP00000276062	9606.ENSP00000321260	0	0	0	0	0.477	0	0	0.277	0.606
NDUFB11	NDUFAF5	9606.ENSP00000276062	9606.ENSP00000367346	0	0	0	0	0.111	0	0.500	0.220	0.623
NDUFB11	SDHC	9606.ENSP00000276062	9606.ENSP00000356953	0	0	0	0	0.559	0	0	0.211	0.637
NDUFB11	SDHB	9606.ENSP00000276062	9606.ENSP00000364649	0	0	0	0	0.499	0.225	0	0.253	0.685
NDUFB11	NDUFAF6	9606.ENSP00000276062	9606.ENSP00000379430	0	0	0	0	0.087	0	0.500	0.373	0.688
NDUFB11	SDHD	9606.ENSP00000276062	9606.ENSP00000364699	0	0	0	0	0.700	0	0	0.189	0.746
NDUFB11	ACAD9	9606.ENSP00000276062	9606.ENSP00000312618	0	0	0	0	0.080	0.359	0.500	0.317	0.772
NDUFB11	TIMMDC1	9606.ENSP00000276062	9606.ENSP00000418803	0	0	0	0	0.049	0.326	0.500	0.435	0.794
NDUFB11	MT-CO2	9606.ENSP00000276062	9606.ENSP00000354876	0	0	0	0	0.055	0.746	0	0.297	0.816
NDUFB11	MT-CO3	9606.ENSP00000276062	9606.ENSP00000354982	0	0	0	0	0.066	0.830	0	0.092	0.843
NDUFB11	MT-CO1	9606.ENSP00000276062	9606.ENSP00000354499	0	0	0	0	0.101	0.830	0	0.201	0.867
NDUFB11	COX7A1	9606.ENSP00000276062	9606.ENSP00000292907	0	0	0	0	0.049	0.830	0	0.272	0.872
NDUFB11	TMEM126B	9606.ENSP00000276062	9606.ENSP00000351737	0	0	0	0	0.049	0.625	0.500	0.426	0.883
NDUFB11	COX6C	9606.ENSP00000276062	9606.ENSP00000429707	0	0	0	0	0.660	0.507	0	0.362	0.884
NDUFB11	MT-CYB	9606.ENSP00000276062	9606.ENSP00000354554	0	0	0	0	0	0.855	0	0.270	0.890
NDUFB11	NDUFAF2	9606.ENSP00000276062	9606.ENSP00000296597	0	0	0	0	0.079	0	0.838	0.355	0.895
NDUFB11	NDUFAF4	9606.ENSP00000276062	9606.ENSP00000358272	0	0	0	0	0.062	0.220	0.838	0.366	0.915
NDUFB11	NDUFAF3	9606.ENSP00000276062	9606.ENSP00000323076	0	0	0	0	0.232	0.216	0.838	0.305	0.923
NDUFB11	UQCRFS1	9606.ENSP00000276062	9606.ENSP00000306397	0	0	0	0	0.412	0.855	0	0.263	0.932
NDUFB11	COX6B1	9606.ENSP00000276062	9606.ENSP00000466818	0	0	0	0	0.470	0.845	0	0.463	0.952
NDUFB11	UQCRB	9606.ENSP00000276062	9606.ENSP00000430494	0	0	0	0	0.516	0.861	0	0.357	0.953
NDUFB11	COX7B	9606.ENSP00000276062	9606.ENSP00000497474	0	0	0	0	0.279	0.842	0	0.671	0.959
NDUFB11	UQCRH	9606.ENSP00000276062	9606.ENSP00000309565	0	0	0	0	0.430	0.856	0	0.552	0.960
NDUFB11	CYC1	9606.ENSP00000276062	9606.ENSP00000317159	0	0	0	0	0.691	0.855	0	0.209	0.961
NDUFB11	COX7C	9606.ENSP00000276062	9606.ENSP00000425759	0	0	0	0	0.473	0.830	0	0.642	0.965
NDUFB11	UQCR10	9606.ENSP00000276062	9606.ENSP00000332887	0	0	0	0	0.736	0.855	0	0.387	0.974
NDUFB11	COX4I1	9606.ENSP00000276062	9606.ENSP00000457513	0	0	0	0	0.739	0.874	0	0.358	0.977
NDUFB11	UQCRQ	9606.ENSP00000276062	9606.ENSP00000367939	0	0	0	0	0.747	0.855	0	0.476	0.979
NDUFB11	UQCR11	9606.ENSP00000276062	9606.ENSP00000467262	0	0	0	0	0.851	0.830	0	0.311	0.981
NDUFB11	COX5A	9606.ENSP00000276062	9606.ENSP00000317780	0	0	0	0	0.850	0.830	0	0.365	0.982
NDUFB11	NDUFA4	9606.ENSP00000276062	9606.ENSP00000339720	0	0	0	0	0.299	0.228	0.944	0.635	0.987
NDUFB11	NDUFB2	9606.ENSP00000276062	9606.ENSP00000419087	0	0	0	0	0.181	0.812	0.967	0.637	0.997
NDUFB11	NDUFC1	9606.ENSP00000276062	9606.ENSP00000441126	0	0	0	0	0.218	0.825	0.967	0.502	0.997
NDUFB11	NDUFB1	9606.ENSP00000276062	9606.ENSP00000483888	0	0	0	0	0.173	0.969	0.900	0.895	0.999
NDUFB11	NDUFS8	9606.ENSP00000276062	9606.ENSP00000315774	0	0	0	0	0.886	0.973	0.967	0.690	0.999
NDUFB11	NDUFB6	9606.ENSP00000276062	9606.ENSP00000369176	0	0	0	0	0.869	0.984	0.967	0.866	0.999
NDUFB11	NDUFS2	9606.ENSP00000276062	9606.ENSP00000356972	0	0	0	0	0.319	0.985	0.967	0.667	0.999
NDUFB11	NDUFS5	9606.ENSP00000276062	9606.ENSP00000362058	0	0	0	0	0.882	0.998	0.900	0.457	0.999
NDUFB11	NDUFA8	9606.ENSP00000276062	9606.ENSP00000362873	0	0	0	0	0.919	0.894	0.967	0.531	0.999
NDUFB11	NDUFV3	9606.ENSP00000276062	9606.ENSP00000346196	0	0	0	0	0.316	0.958	0.967	0.571	0.999
NDUFB11	MT-ND2	9606.ENSP00000276062	9606.ENSP00000355046	0	0	0	0	0.075	0.954	0.967	0.589	0.999
NDUFB11	NDUFA3	9606.ENSP00000276062	9606.ENSP00000418438	0	0	0	0	0.558	0.955	0.967	0.752	0.999
NDUFB11	NDUFB9	9606.ENSP00000276062	9606.ENSP00000276689	0	0	0	0	0.965	0.992	0.967	0.635	0.999
NDUFB11	NDUFV1	9606.ENSP00000276062	9606.ENSP00000497587	0	0	0	0	0.623	0.966	0.967	0.637	0.999
NDUFB11	MT-ND1	9606.ENSP00000276062	9606.ENSP00000354687	0	0	0	0	0.098	0.933	0.967	0.819	0.999
NDUFB11	NDUFA11	9606.ENSP00000276062	9606.ENSP00000389160	0	0	0	0	0.761	0.998	0.944	0.683	0.999
NDUFB11	NDUFA1	9606.ENSP00000276062	9606.ENSP00000360492	0	0	0	0	0.516	0.937	0.967	0.789	0.999
NDUFB11	NDUFA7	9606.ENSP00000276062	9606.ENSP00000301457	0	0	0	0	0.863	0.953	0.967	0.810	0.999
NDUFB11	NDUFS4	9606.ENSP00000276062	9606.ENSP00000296684	0	0	0	0	0.746	0.957	0.967	0.696	0.999
NDUFB11	NDUFA5	9606.ENSP00000276062	9606.ENSP00000417142	0	0	0	0	0.715	0.954	0.967	0.776	0.999
NDUFB11	MT-ND5	9606.ENSP00000276062	9606.ENSP00000354813	0	0	0	0	0.084	0.982	0.967	0.436	0.999
NDUFB11	NDUFA6	9606.ENSP00000276062	9606.ENSP00000482543	0	0	0	0	0.624	0.998	0.967	0.730	0.999
NDUFB11	NDUFB8	9606.ENSP00000276062	9606.ENSP00000299166	0	0	0	0	0.872	0.964	0.967	0.734	0.999
NDUFB11	NDUFA12	9606.ENSP00000276062	9606.ENSP00000330737	0	0	0	0	0.836	0.998	0.967	0.702	0.999
NDUFB11	NDUFC2	9606.ENSP00000276062	9606.ENSP00000281031	0	0	0	0	0.793	0.979	0.944	0.663	0.999
NDUFB11	NDUFA13	9606.ENSP00000276062	9606.ENSP00000423673	0	0	0	0	0.948	0.933	0.967	0.781	0.999
NDUFB11	MT-ND4	9606.ENSP00000276062	9606.ENSP00000354961	0	0	0	0	0.080	0.982	0.967	0.849	0.999
NDUFB11	NDUFS1	9606.ENSP00000276062	9606.ENSP00000392709	0	0	0	0	0.139	0.969	0.967	0.660	0.999
NDUFB11	NDUFAB1	9606.ENSP00000276062	9606.ENSP00000458770	0	0	0	0	0.643	0.992	0.967	0.511	0.999
NDUFB11	NDUFV2	9606.ENSP00000276062	9606.ENSP00000327268	0	0	0	0	0.848	0.969	0.967	0.743	0.999
NDUFB11	NDUFB3	9606.ENSP00000276062	9606.ENSP00000407336	0	0	0	0	0.431	0.957	0.967	0.681	0.999
NDUFB2	NDUFAF7	9606.ENSP00000419087	9606.ENSP00000002125	0	0	0	0	0	0	0.500	0	0.499
NDUFB2	NDUFB4	9606.ENSP00000419087	9606.ENSP00000184266	0	0	0	0	0.404	0.812	0.967	0.973	0.999
NDUFB2	UQCRC1	9606.ENSP00000419087	9606.ENSP00000203407	0	0	0	0	0.133	0.800	0	0.290	0.866
NDUFB2	NDUFB7	9606.ENSP00000419087	9606.ENSP00000215565	0	0	0	0	0.283	0.914	0.967	0.829	0.999
NDUFB2	COX6A1	9606.ENSP00000419087	9606.ENSP00000229379	0	0	0	0	0.335	0	0	0.354	0.552
NDUFB2	NDUFS7	9606.ENSP00000419087	9606.ENSP00000233627	0	0	0	0	0.226	0.812	0.967	0.431	0.996
NDUFB2	NDUFA2	9606.ENSP00000419087	9606.ENSP00000252102	0	0	0	0	0.785	0.812	0.967	0.817	0.999
NDUFB2	NDUFA10	9606.ENSP00000419087	9606.ENSP00000252711	0	0	0	0	0.151	0.813	0.967	0.918	0.999
NDUFB2	COX5B	9606.ENSP00000419087	9606.ENSP00000258424	0	0	0	0	0.779	0.800	0	0.370	0.969
NDUFB2	NDUFB5	9606.ENSP00000419087	9606.ENSP00000259037	0	0	0	0	0.364	0.812	0.967	0.685	0.998
NDUFB2	NDUFAF1	9606.ENSP00000419087	9606.ENSP00000260361	0	0	0	0	0.116	0	0.967	0.272	0.977
NDUFB2	FOXRED1	9606.ENSP00000419087	9606.ENSP00000263578	0	0	0	0	0	0	0.720	0.140	0.748
NDUFB2	NDUFS3	9606.ENSP00000419087	9606.ENSP00000263774	0	0	0	0	0.208	0.812	0.967	0.376	0.996
NDUFB2	NDUFA9	9606.ENSP00000419087	9606.ENSP00000266544	0	0	0	0	0.199	0.841	0.944	0.495	0.995
NDUFB2	UQCRC2	9606.ENSP00000419087	9606.ENSP00000268379	0	0	0	0	0.125	0.800	0	0.269	0.860
NDUFB2	NDUFB10	9606.ENSP00000419087	9606.ENSP00000268668	0	0	0	0	0.221	0.812	0.967	0.917	0.999
NDUFB2	ECSIT	9606.ENSP00000419087	9606.ENSP00000270517	0	0	0	0	0.042	0	0.500	0.091	0.526
NDUFB2	NDUFS6	9606.ENSP00000419087	9606.ENSP00000274137	0	0	0	0	0.184	0.812	0.967	0.617	0.997
NDUFB2	NDUFB11	9606.ENSP00000419087	9606.ENSP00000276062	0	0	0	0	0.181	0.812	0.967	0.637	0.997
NDUFB2	NDUFB9	9606.ENSP00000419087	9606.ENSP00000276689	0	0	0	0	0.374	0.812	0.967	0.812	0.999
NDUFB2	NDUFC2	9606.ENSP00000419087	9606.ENSP00000281031	0	0	0	0	0.219	0.811	0.944	0.607	0.996
NDUFB2	COX7A1	9606.ENSP00000419087	9606.ENSP00000292907	0	0	0	0	0.056	0.800	0	0.276	0.851
NDUFB2	NDUFAF2	9606.ENSP00000419087	9606.ENSP00000296597	0	0	0	0	0.084	0	0.838	0.160	0.864
NDUFB2	NDUFS4	9606.ENSP00000419087	9606.ENSP00000296684	0	0	0	0	0.206	0.812	0.967	0.435	0.996
NDUFB2	NDUFB8	9606.ENSP00000419087	9606.ENSP00000299166	0	0	0	0	0.212	0.907	0.967	0.777	0.999
NDUFB2	NDUFA7	9606.ENSP00000419087	9606.ENSP00000301457	0	0	0	0	0.230	0.905	0.967	0.856	0.999
NDUFB2	UQCRFS1	9606.ENSP00000419087	9606.ENSP00000306397	0	0	0	0	0.145	0.800	0	0.359	0.880
NDUFB2	UQCRH	9606.ENSP00000419087	9606.ENSP00000309565	0	0	0	0	0.191	0.800	0	0.463	0.905
NDUFB2	PRKACA	9606.ENSP00000419087	9606.ENSP00000309591	0	0	0	0	0	0	0.650	0	0.650
NDUFB2	ACAD9	9606.ENSP00000419087	9606.ENSP00000312618	0	0	0	0	0.060	0	0.500	0.145	0.563
NDUFB2	NDUFS8	9606.ENSP00000419087	9606.ENSP00000315774	0	0	0	0	0.256	0.812	0.967	0.374	0.996
NDUFB2	CYC1	9606.ENSP00000419087	9606.ENSP00000317159	0	0	0	0	0.088	0.800	0	0.065	0.814
NDUFB2	COX5A	9606.ENSP00000419087	9606.ENSP00000317780	0	0	0	0	0.184	0.800	0	0.348	0.884
NDUFB2	COX8A	9606.ENSP00000419087	9606.ENSP00000321260	0	0	0	0	0.254	0	0	0.615	0.700
NDUFB2	NDUFAF3	9606.ENSP00000419087	9606.ENSP00000323076	0	0	0	0	0.074	0	0.838	0.069	0.848
NDUFB2	NDUFV2	9606.ENSP00000419087	9606.ENSP00000327268	0	0	0	0	0.145	0.812	0.967	0.579	0.997
NDUFB2	NDUFA12	9606.ENSP00000419087	9606.ENSP00000330737	0	0	0	0	0.262	0.812	0.967	0.365	0.996
NDUFB2	TMEM186	9606.ENSP00000419087	9606.ENSP00000331640	0	0	0	0	0.045	0	0.500	0.122	0.544
NDUFB2	UQCR10	9606.ENSP00000419087	9606.ENSP00000332887	0	0	0	0	0.490	0.800	0	0.324	0.925
NDUFB2	NDUFA4	9606.ENSP00000419087	9606.ENSP00000339720	0	0	0	0	0.499	0	0.944	0.671	0.990
NDUFB2	NDUFV3	9606.ENSP00000419087	9606.ENSP00000346196	0	0	0	0	0.206	0.897	0.967	0.384	0.998
NDUFB2	TMEM126B	9606.ENSP00000419087	9606.ENSP00000351737	0	0	0	0	0.083	0	0.500	0.110	0.556
NDUFB2	MT-CO1	9606.ENSP00000419087	9606.ENSP00000354499	0	0	0	0	0	0.800	0	0.077	0.807
NDUFB2	MT-CYB	9606.ENSP00000419087	9606.ENSP00000354554	0	0	0	0	0	0.800	0	0.134	0.819
NDUFB2	MT-ND1	9606.ENSP00000419087	9606.ENSP00000354687	0	0	0	0	0	0.812	0.967	0.209	0.994
NDUFB2	MT-ND5	9606.ENSP00000419087	9606.ENSP00000354813	0	0	0	0	0	0.907	0.967	0.270	0.997
NDUFB2	MT-ND4	9606.ENSP00000419087	9606.ENSP00000354961	0	0	0	0	0	0.812	0.967	0.188	0.994
NDUFB2	MT-CO3	9606.ENSP00000419087	9606.ENSP00000354982	0	0	0	0	0.049	0.800	0	0.094	0.812
NDUFB2	MT-ND2	9606.ENSP00000419087	9606.ENSP00000355046	0	0	0	0	0	0.812	0.967	0.180	0.994
NDUFB2	NDUFS2	9606.ENSP00000419087	9606.ENSP00000356972	0	0	0	0	0.049	0.812	0.967	0.514	0.996
NDUFB2	NDUFAF4	9606.ENSP00000419087	9606.ENSP00000358272	0	0	0	0	0.056	0	0.838	0.165	0.861
NDUFB2	COX7A2	9606.ENSP00000419087	9606.ENSP00000359098	0	0	0	0	0.563	0	0	0.369	0.712
NDUFB2	PRKACB	9606.ENSP00000419087	9606.ENSP00000359719	0	0	0	0	0.042	0	0.650	0	0.650
NDUFB2	NDUFA1	9606.ENSP00000419087	9606.ENSP00000360492	0	0	0	0	0.455	0.919	0.967	0.592	0.999
NDUFB2	NDUFS5	9606.ENSP00000419087	9606.ENSP00000362058	0	0	0	0	0.405	0.812	0.900	0.669	0.995
NDUFB2	NDUFA8	9606.ENSP00000419087	9606.ENSP00000362873	0	0	0	0	0.271	0.842	0.967	0.451	0.997
NDUFB2	NDUFAF5	9606.ENSP00000419087	9606.ENSP00000367346	0	0	0	0	0.095	0	0.500	0.084	0.549
NDUFB2	UQCRQ	9606.ENSP00000419087	9606.ENSP00000367939	0	0	0	0	0.641	0.800	0	0.445	0.956
NDUFB2	NDUFB6	9606.ENSP00000419087	9606.ENSP00000369176	0	0	0	0	0.236	0.812	0.967	0.507	0.997
NDUFB2	COA1	9606.ENSP00000419087	9606.ENSP00000379218	0	0	0	0	0.082	0	0.500	0.113	0.557
NDUFB2	NDUFAF6	9606.ENSP00000419087	9606.ENSP00000379430	0	0	0	0	0	0	0.500	0.069	0.514
NDUFB2	NDUFA11	9606.ENSP00000419087	9606.ENSP00000389160	0	0	0	0	0.518	0.811	0.944	0.430	0.996
NDUFB2	NDUFS1	9606.ENSP00000419087	9606.ENSP00000392709	0	0	0	0	0.056	0.812	0.967	0.376	0.995
NDUFB2	NDUFB3	9606.ENSP00000419087	9606.ENSP00000407336	0	0	0	0	0.348	0.907	0.967	0.845	0.999
NDUFB2	NDUFA5	9606.ENSP00000419087	9606.ENSP00000417142	0	0	0	0	0.319	0.812	0.967	0.581	0.998
NDUFB2	NDUFA3	9606.ENSP00000419087	9606.ENSP00000418438	0	0	0	0	0.198	0.812	0.967	0.370	0.996
NDUFB2	TIMMDC1	9606.ENSP00000419087	9606.ENSP00000418803	0	0	0	0	0.065	0	0.500	0.113	0.549
NDUFB2	PET100	9606.ENSP00000419087	9606.ENSP00000470539	0	0	0	0	0.338	0	0	0.132	0.401
NDUFB2	COX6C	9606.ENSP00000419087	9606.ENSP00000429707	0	0	0	0	0.642	0	0	0.395	0.774
NDUFB2	COX6B1	9606.ENSP00000419087	9606.ENSP00000466818	0	0	0	0	0.307	0.800	0	0.328	0.898
NDUFB2	COX4I1	9606.ENSP00000419087	9606.ENSP00000457513	0	0	0	0	0.318	0.800	0	0.317	0.898
NDUFB2	UQCRB	9606.ENSP00000419087	9606.ENSP00000430494	0	0	0	0	0.249	0.834	0	0.360	0.913
NDUFB2	UQCR11	9606.ENSP00000419087	9606.ENSP00000467262	0	0	0	0	0.549	0.800	0	0.357	0.937
NDUFB2	COX7B	9606.ENSP00000419087	9606.ENSP00000497474	0	0	0	0	0.405	0.800	0	0.527	0.938
NDUFB2	COX7C	9606.ENSP00000419087	9606.ENSP00000425759	0	0	0	0	0.507	0.800	0	0.485	0.944
NDUFB2	NDUFV1	9606.ENSP00000419087	9606.ENSP00000497587	0	0	0	0	0.067	0.812	0.967	0.450	0.996
NDUFB2	NDUFA13	9606.ENSP00000419087	9606.ENSP00000423673	0	0	0	0	0.354	0.812	0.967	0.407	0.997
NDUFB2	NDUFB1	9606.ENSP00000419087	9606.ENSP00000483888	0	0	0	0	0.782	0.870	0.900	0.480	0.998
NDUFB2	NDUFC1	9606.ENSP00000419087	9606.ENSP00000441126	0	0	0	0	0.375	0.812	0.967	0.721	0.998
NDUFB2	NDUFA6	9606.ENSP00000419087	9606.ENSP00000482543	0	0	0	0	0.200	0.998	0.967	0.393	0.999
NDUFB2	NDUFAB1	9606.ENSP00000419087	9606.ENSP00000458770	0	0	0	0	0.278	0.994	0.967	0.807	0.999
NDUFB3	NDUFAF7	9606.ENSP00000407336	9606.ENSP00000002125	0	0	0	0	0.082	0	0.500	0.375	0.688
NDUFB3	COX15	9606.ENSP00000407336	9606.ENSP00000016171	0	0	0	0	0.097	0	0	0.400	0.435
NDUFB3	NDUFB4	9606.ENSP00000407336	9606.ENSP00000184266	0	0	0	0	0.907	0.938	0.967	0.740	0.999
NDUFB3	UQCRC1	9606.ENSP00000407336	9606.ENSP00000203407	0	0	0	0	0.186	0.856	0.154	0.469	0.940
NDUFB3	NDUFB7	9606.ENSP00000407336	9606.ENSP00000215565	0	0	0	0	0.867	0.993	0.967	0.944	0.999
NDUFB3	COX6A1	9606.ENSP00000407336	9606.ENSP00000229379	0	0	0	0	0.266	0.258	0	0.488	0.697
NDUFB3	NDUFS7	9606.ENSP00000407336	9606.ENSP00000233627	0	0	0	0	0.567	0.969	0.967	0.640	0.999
NDUFB3	NDUFA2	9606.ENSP00000407336	9606.ENSP00000252102	0	0	0	0	0.922	0.998	0.967	0.920	0.999
NDUFB3	NDUFA10	9606.ENSP00000407336	9606.ENSP00000252711	0	0	0	0	0.216	0.936	0.967	0.709	0.999
NDUFB3	COX5B	9606.ENSP00000407336	9606.ENSP00000258424	0	0	0	0	0.717	0.844	0	0.526	0.977
NDUFB3	NDUFB5	9606.ENSP00000407336	9606.ENSP00000259037	0	0	0	0	0.876	0.966	0.967	0.946	0.999
NDUFB3	NDUFAF1	9606.ENSP00000407336	9606.ENSP00000260361	0	0	0	0	0.265	0	0.967	0.414	0.984
NDUFB3	COX17	9606.ENSP00000407336	9606.ENSP00000261070	0	0	0	0	0.299	0	0	0.425	0.580
NDUFB3	FOXRED1	9606.ENSP00000407336	9606.ENSP00000263578	0	0	0	0	0.047	0	0.720	0.430	0.834
NDUFB3	NDUFS3	9606.ENSP00000407336	9606.ENSP00000263774	0	0	0	0	0.578	0.997	0.967	0.703	0.999
NDUFB3	SDHA	9606.ENSP00000407336	9606.ENSP00000264932	0	0	0	0	0.217	0	0	0.438	0.541
NDUFB3	NDUFA9	9606.ENSP00000407336	9606.ENSP00000266544	0	0	0	0	0.598	0.999	0.944	0.657	0.999
NDUFB3	UQCRC2	9606.ENSP00000407336	9606.ENSP00000268379	0	0	0	0	0.383	0.877	0.172	0.438	0.960
NDUFB3	NDUFB10	9606.ENSP00000407336	9606.ENSP00000268668	0	0	0	0	0.584	0.993	0.967	0.757	0.999
NDUFB3	ECSIT	9606.ENSP00000407336	9606.ENSP00000270517	0	0	0	0	0.082	0	0.500	0.275	0.638
NDUFB3	NDUFS6	9606.ENSP00000407336	9606.ENSP00000274137	0	0	0	0	0.750	0.995	0.967	0.890	0.999
NDUFB3	NDUFB11	9606.ENSP00000407336	9606.ENSP00000276062	0	0	0	0	0.431	0.957	0.967	0.681	0.999
NDUFB3	NDUFB9	9606.ENSP00000407336	9606.ENSP00000276689	0	0	0	0	0.833	0.996	0.967	0.856	0.999
NDUFB3	NDUFC2	9606.ENSP00000407336	9606.ENSP00000281031	0	0	0	0	0.760	0.927	0.944	0.756	0.999
NDUFB3	COX7A1	9606.ENSP00000407336	9606.ENSP00000292907	0	0	0	0	0.150	0.830	0	0.391	0.904
NDUFB3	NDUFAF2	9606.ENSP00000407336	9606.ENSP00000296597	0	0	0	0	0.187	0.507	0.838	0.403	0.956
NDUFB3	NDUFS4	9606.ENSP00000407336	9606.ENSP00000296684	0	0	0	0	0.947	0.994	0.967	0.722	0.999
NDUFB3	NDUFB8	9606.ENSP00000407336	9606.ENSP00000299166	0	0	0	0	0.619	0.993	0.967	0.949	0.999
NDUFB3	NDUFA7	9606.ENSP00000407336	9606.ENSP00000301457	0	0	0	0	0.567	0.920	0.967	0.833	0.999
NDUFB3	UQCRFS1	9606.ENSP00000407336	9606.ENSP00000306397	0	0	0	0	0.753	0.855	0.172	0.414	0.980
NDUFB3	TMEM126A	9606.ENSP00000407336	9606.ENSP00000306887	0	0	0	0	0.340	0	0	0.211	0.458
NDUFB3	UQCRH	9606.ENSP00000407336	9606.ENSP00000309565	0	0	0	0	0.655	0.856	0.163	0.456	0.974
NDUFB3	PRKACA	9606.ENSP00000407336	9606.ENSP00000309591	0	0	0	0	0.044	0	0.650	0	0.651
NDUFB3	ACAD9	9606.ENSP00000407336	9606.ENSP00000312618	0	0	0	0	0.100	0	0.500	0.367	0.690
NDUFB3	NDUFS8	9606.ENSP00000407336	9606.ENSP00000315774	0	0	0	0	0.555	0.993	0.967	0.793	0.999
NDUFB3	CYC1	9606.ENSP00000407336	9606.ENSP00000317159	0	0	0	0	0.272	0.866	0	0.340	0.930
NDUFB3	COX5A	9606.ENSP00000407336	9606.ENSP00000317780	0	0	0	0	0.476	0.830	0	0.460	0.947
NDUFB3	COX8A	9606.ENSP00000407336	9606.ENSP00000321260	0	0	0	0	0.190	0	0	0.575	0.641
NDUFB3	NDUFAF3	9606.ENSP00000407336	9606.ENSP00000323076	0	0	0	0	0.139	0	0.838	0.322	0.897
NDUFB3	COX14	9606.ENSP00000407336	9606.ENSP00000326052	0	0	0	0	0.431	0	0	0.324	0.599
NDUFB3	NDUFV2	9606.ENSP00000407336	9606.ENSP00000327268	0	0	0	0	0.678	0.993	0.967	0.777	0.999
NDUFB3	NDUFA12	9606.ENSP00000407336	9606.ENSP00000330737	0	0	0	0	0.966	0.998	0.967	0.606	0.999
NDUFB3	TMEM186	9606.ENSP00000407336	9606.ENSP00000331640	0	0	0	0	0.049	0	0.500	0.175	0.573
NDUFB3	UQCR10	9606.ENSP00000407336	9606.ENSP00000332887	0	0	0	0	0.775	0.855	0	0.439	0.980
NDUFB3	NDUFA4	9606.ENSP00000407336	9606.ENSP00000339720	0	0	0	0	0.604	0.228	0.944	0.739	0.994
NDUFB3	NDUFV3	9606.ENSP00000407336	9606.ENSP00000346196	0	0	0	0	0.401	0.937	0.967	0.809	0.999
NDUFB3	TMEM126B	9606.ENSP00000407336	9606.ENSP00000351737	0	0	0	0	0.302	0	0.500	0.400	0.772
NDUFB3	MT-CO1	9606.ENSP00000407336	9606.ENSP00000354499	0	0	0	0	0.146	0.830	0	0.181	0.870
NDUFB3	MT-CYB	9606.ENSP00000407336	9606.ENSP00000354554	0	0	0	0	0	0.855	0	0.218	0.882
NDUFB3	MT-ND1	9606.ENSP00000407336	9606.ENSP00000354687	0	0	0	0	0.358	0.991	0.967	0.226	0.999
NDUFB3	COA3	9606.ENSP00000407336	9606.ENSP00000354762	0	0	0	0	0.312	0	0	0.269	0.475
NDUFB3	MT-ND5	9606.ENSP00000407336	9606.ENSP00000354813	0	0	0	0	0.245	0.990	0.967	0.370	0.999
NDUFB3	MT-CO2	9606.ENSP00000407336	9606.ENSP00000354876	0	0	0	0	0.075	0.746	0	0.254	0.809
NDUFB3	MT-ND4	9606.ENSP00000407336	9606.ENSP00000354961	0	0	0	0	0.277	0.993	0.967	0.280	0.999
NDUFB3	MT-CO3	9606.ENSP00000407336	9606.ENSP00000354982	0	0	0	0	0.126	0.830	0	0.185	0.868
NDUFB3	MT-ND2	9606.ENSP00000407336	9606.ENSP00000355046	0	0	0	0	0.140	0.981	0.967	0.310	0.999
NDUFB3	COA6	9606.ENSP00000407336	9606.ENSP00000355574	0	0	0	0	0.304	0.257	0	0.273	0.591
NDUFB3	SDHC	9606.ENSP00000407336	9606.ENSP00000356953	0	0	0	0	0.490	0.091	0	0.282	0.638
NDUFB3	NDUFS2	9606.ENSP00000407336	9606.ENSP00000356972	0	0	0	0	0.381	0.993	0.967	0.764	0.999
NDUFB3	NDUFAF4	9606.ENSP00000407336	9606.ENSP00000358272	0	0	0	0	0.140	0.234	0.838	0.372	0.924
NDUFB3	COX7A2	9606.ENSP00000407336	9606.ENSP00000359098	0	0	0	0	0.565	0	0	0.472	0.760
NDUFB3	PRKACB	9606.ENSP00000407336	9606.ENSP00000359719	0	0	0	0	0.042	0	0.650	0	0.650
NDUFB3	NDUFA1	9606.ENSP00000407336	9606.ENSP00000360492	0	0	0	0	0.848	0.920	0.967	0.768	0.999
NDUFB3	COA7	9606.ENSP00000407336	9606.ENSP00000360593	0	0	0	0	0.056	0	0	0.486	0.494
NDUFB3	SURF1	9606.ENSP00000407336	9606.ENSP00000361042	0	0	0	0	0.189	0	0	0.325	0.429
NDUFB3	NDUFS5	9606.ENSP00000407336	9606.ENSP00000362058	0	0	0	0	0.902	0.944	0.900	0.689	0.999
NDUFB3	NDUFA8	9606.ENSP00000407336	9606.ENSP00000362873	0	0	0	0	0.704	0.996	0.967	0.745	0.999
NDUFB3	SDHB	9606.ENSP00000407336	9606.ENSP00000364649	0	0	0	0	0.586	0	0	0.450	0.762
NDUFB3	SDHD	9606.ENSP00000407336	9606.ENSP00000364699	0	0	0	0	0.310	0	0	0.412	0.577
NDUFB3	NDUFAF5	9606.ENSP00000407336	9606.ENSP00000367346	0	0	0	0	0.119	0	0.500	0.527	0.773
NDUFB3	UQCRQ	9606.ENSP00000407336	9606.ENSP00000367939	0	0	0	0	0.770	0.855	0.172	0.547	0.985
NDUFB3	NDUFB6	9606.ENSP00000407336	9606.ENSP00000369176	0	0	0	0	0.906	0.940	0.967	0.739	0.999
NDUFB3	COA1	9606.ENSP00000407336	9606.ENSP00000379218	0	0	0	0	0.060	0	0.500	0.119	0.549
NDUFB3	NDUFAF6	9606.ENSP00000407336	9606.ENSP00000379430	0	0	0	0	0.047	0	0.500	0.495	0.738
NDUFB3	NDUFA11	9606.ENSP00000407336	9606.ENSP00000389160	0	0	0	0	0.635	0.998	0.944	0.786	0.999
NDUFB3	NDUFS1	9606.ENSP00000407336	9606.ENSP00000392709	0	0	0	0	0.436	0.993	0.967	0.853	0.999
NDUFB3	HIGD1A	9606.ENSP00000407336	9606.ENSP00000398064	0	0	0	0	0.396	0	0	0.175	0.481
NDUFB3	DMAC2L	9606.ENSP00000407336	9606.ENSP00000451583	0	0	0	0	0.255	0	0	0.281	0.442
NDUFB3	BCS1L	9606.ENSP00000407336	9606.ENSP00000413908	0	0	0	0	0.107	0	0	0.403	0.444
NDUFB3	TIMMDC1	9606.ENSP00000407336	9606.ENSP00000418803	0	0	0	0	0.250	0	0.500	0.394	0.753
NDUFB3	COX4I1	9606.ENSP00000407336	9606.ENSP00000457513	0	0	0	0	0.324	0.852	0	0.413	0.936
NDUFB3	COX6B1	9606.ENSP00000407336	9606.ENSP00000466818	0	0	0	0	0.512	0.845	0	0.419	0.952
NDUFB3	UQCR11	9606.ENSP00000407336	9606.ENSP00000467262	0	0	0	0	0.611	0.830	0	0.431	0.959
NDUFB3	COX7B	9606.ENSP00000407336	9606.ENSP00000497474	0	0	0	0	0.573	0.842	0	0.549	0.967
NDUFB3	COX6C	9606.ENSP00000407336	9606.ENSP00000429707	0	0	0	0	0.874	0.544	0	0.484	0.968
NDUFB3	COX7C	9606.ENSP00000407336	9606.ENSP00000425759	0	0	0	0	0.749	0.830	0	0.581	0.980
NDUFB3	UQCRB	9606.ENSP00000407336	9606.ENSP00000430494	0	0	0	0	0.823	0.826	0	0.432	0.981
NDUFB3	NDUFA5	9606.ENSP00000407336	9606.ENSP00000417142	0	0	0	0	0.903	0.993	0.967	0.923	0.999
NDUFB3	NDUFA6	9606.ENSP00000407336	9606.ENSP00000482543	0	0	0	0	0.904	0.998	0.967	0.891	0.999
NDUFB3	NDUFB2	9606.ENSP00000407336	9606.ENSP00000419087	0	0	0	0	0.348	0.907	0.967	0.845	0.999
NDUFB3	NDUFA13	9606.ENSP00000407336	9606.ENSP00000423673	0	0	0	0	0.839	0.998	0.967	0.648	0.999
NDUFB3	NDUFAB1	9606.ENSP00000407336	9606.ENSP00000458770	0	0	0	0	0.523	0.995	0.967	0.851	0.999
NDUFB3	NDUFC1	9606.ENSP00000407336	9606.ENSP00000441126	0	0	0	0	0.578	0.825	0.967	0.870	0.999
NDUFB3	NDUFB1	9606.ENSP00000407336	9606.ENSP00000483888	0	0	0	0	0.560	0.941	0.900	0.683	0.999
NDUFB3	NDUFA3	9606.ENSP00000407336	9606.ENSP00000418438	0	0	0	0	0.585	0.935	0.967	0.720	0.999
NDUFB3	NDUFV1	9606.ENSP00000407336	9606.ENSP00000497587	0	0	0	0	0.482	0.993	0.967	0.866	0.999
NDUFB4	NDUFAF7	9606.ENSP00000184266	9606.ENSP00000002125	0	0	0	0	0.070	0	0.500	0.092	0.540
NDUFB4	COX7A2L	9606.ENSP00000184266	9606.ENSP00000367938	0	0	0	0	0.185	0	0	0.306	0.410
NDUFB4	UQCC2	9606.ENSP00000184266	9606.ENSP00000476140	0	0	0	0	0.198	0	0	0.311	0.424
NDUFB4	COX8A	9606.ENSP00000184266	9606.ENSP00000321260	0	0	0	0	0.246	0	0	0.273	0.428
NDUFB4	COX14	9606.ENSP00000184266	9606.ENSP00000326052	0	0	0	0	0.320	0	0	0.222	0.448
NDUFB4	SDHA	9606.ENSP00000184266	9606.ENSP00000264932	0	0	0	0	0.083	0	0	0.429	0.454
NDUFB4	NDUFAF6	9606.ENSP00000184266	9606.ENSP00000379430	0	0	0	0	0	0	0.500	0.072	0.516
NDUFB4	COA1	9606.ENSP00000184266	9606.ENSP00000379218	0	0	0	0	0.062	0	0.500	0.064	0.522
NDUFB4	TMEM70	9606.ENSP00000184266	9606.ENSP00000312599	0	0	0	0	0.100	0	0	0.495	0.526
NDUFB4	TMEM186	9606.ENSP00000184266	9606.ENSP00000331640	0	0	0	0	0.043	0	0.500	0.180	0.573
NDUFB4	ACAD9	9606.ENSP00000184266	9606.ENSP00000312618	0	0	0	0	0.057	0	0.500	0.198	0.588
NDUFB4	COA6	9606.ENSP00000184266	9606.ENSP00000355574	0	0	0	0	0.329	0.301	0	0.218	0.601
NDUFB4	ECSIT	9606.ENSP00000184266	9606.ENSP00000270517	0	0	0	0	0.083	0	0.500	0.210	0.606
NDUFB4	NDUFAF5	9606.ENSP00000184266	9606.ENSP00000367346	0	0	0	0	0.150	0	0.500	0.163	0.613
NDUFB4	PRKACA	9606.ENSP00000184266	9606.ENSP00000309591	0	0	0	0	0.042	0	0.650	0	0.650
NDUFB4	PRKACB	9606.ENSP00000184266	9606.ENSP00000359719	0	0	0	0	0.044	0	0.650	0	0.651
NDUFB4	COX7A2	9606.ENSP00000184266	9606.ENSP00000359098	0	0	0	0	0.448	0	0	0.439	0.677
NDUFB4	SDHB	9606.ENSP00000184266	9606.ENSP00000364649	0	0	0	0	0.419	0	0	0.484	0.687
NDUFB4	TMEM126B	9606.ENSP00000184266	9606.ENSP00000351737	0	0	0	0	0.158	0	0.500	0.337	0.697
NDUFB4	SDHC	9606.ENSP00000184266	9606.ENSP00000356953	0	0	0	0	0.443	0.164	0	0.419	0.706
NDUFB4	PET100	9606.ENSP00000184266	9606.ENSP00000470539	0	0	0	0	0.735	0	0	0.113	0.755
NDUFB4	COX6A1	9606.ENSP00000184266	9606.ENSP00000229379	0	0	0	0	0.548	0.302	0	0.305	0.761
NDUFB4	MT-CO2	9606.ENSP00000184266	9606.ENSP00000354876	0	0	0	0	0.150	0.746	0	0.153	0.801
NDUFB4	SDHD	9606.ENSP00000184266	9606.ENSP00000364699	0	0	0	0	0.719	0	0	0.338	0.806
NDUFB4	FOXRED1	9606.ENSP00000184266	9606.ENSP00000263578	0	0	0	0	0.047	0	0.720	0.345	0.810
NDUFB4	MT-CO3	9606.ENSP00000184266	9606.ENSP00000354982	0	0	0	0	0.111	0.830	0	0.173	0.864
NDUFB4	MT-CO1	9606.ENSP00000184266	9606.ENSP00000354499	0	0	0	0	0.143	0.830	0	0.172	0.869
NDUFB4	NDUFAF3	9606.ENSP00000184266	9606.ENSP00000323076	0	0	0	0	0.160	0	0.838	0.143	0.873
NDUFB4	MT-CYB	9606.ENSP00000184266	9606.ENSP00000354554	0	0	0	0	0.049	0.855	0	0.238	0.886
NDUFB4	NDUFAF4	9606.ENSP00000184266	9606.ENSP00000358272	0	0	0	0	0.206	0	0.838	0.202	0.888
NDUFB4	NDUFAF2	9606.ENSP00000184266	9606.ENSP00000296597	0	0	0	0	0.134	0	0.838	0.295	0.892
NDUFB4	COX7B	9606.ENSP00000184266	9606.ENSP00000497474	0	0	0	0	0.296	0.842	0	0.400	0.927
NDUFB4	CYC1	9606.ENSP00000184266	9606.ENSP00000317159	0	0	0	0	0.221	0.891	0	0.224	0.928
NDUFB4	COX7A1	9606.ENSP00000184266	9606.ENSP00000292907	0	0	0	0	0	0.830	0	0.667	0.941
NDUFB4	COX4I1	9606.ENSP00000184266	9606.ENSP00000457513	0	0	0	0	0.440	0.856	0	0.341	0.942
NDUFB4	UQCRC2	9606.ENSP00000184266	9606.ENSP00000268379	0	0	0	0	0.277	0.889	0	0.442	0.951
NDUFB4	UQCRH	9606.ENSP00000184266	9606.ENSP00000309565	0	0	0	0	0.428	0.883	0	0.344	0.952
NDUFB4	COX6B1	9606.ENSP00000184266	9606.ENSP00000466818	0	0	0	0	0.480	0.884	0	0.333	0.956
NDUFB4	UQCRC1	9606.ENSP00000184266	9606.ENSP00000203407	0	0	0	0	0.234	0.856	0	0.728	0.967
NDUFB4	UQCR11	9606.ENSP00000184266	9606.ENSP00000467262	0	0	0	0	0.750	0.830	0	0.464	0.975
NDUFB4	NDUFAF1	9606.ENSP00000184266	9606.ENSP00000260361	0	0	0	0	0.102	0	0.967	0.268	0.976
NDUFB4	UQCRFS1	9606.ENSP00000184266	9606.ENSP00000306397	0	0	0	0	0.492	0.908	0	0.606	0.980
NDUFB4	COX5B	9606.ENSP00000184266	9606.ENSP00000258424	0	0	0	0	0.688	0.854	0	0.686	0.984
NDUFB4	COX7C	9606.ENSP00000184266	9606.ENSP00000425759	0	0	0	0	0.842	0.830	0	0.452	0.984
NDUFB4	COX6C	9606.ENSP00000184266	9606.ENSP00000429707	0	0	0	0	0.958	0.507	0	0.364	0.985
NDUFB4	COX5A	9606.ENSP00000184266	9606.ENSP00000317780	0	0	0	0	0.854	0.853	0	0.499	0.988
NDUFB4	NDUFA4	9606.ENSP00000184266	9606.ENSP00000339720	0	0	0	0	0.698	0.237	0.944	0.545	0.993
NDUFB4	UQCR10	9606.ENSP00000184266	9606.ENSP00000332887	0	0	0	0	0.934	0.855	0	0.464	0.994
NDUFB4	UQCRB	9606.ENSP00000184266	9606.ENSP00000430494	0	0	0	0	0.879	0.876	0	0.696	0.995
NDUFB4	MT-ND1	9606.ENSP00000184266	9606.ENSP00000354687	0	0	0	0	0.138	0.856	0.967	0.255	0.996
NDUFB4	UQCRQ	9606.ENSP00000184266	9606.ENSP00000367939	0	0	0	0	0.902	0.855	0	0.838	0.997
NDUFB4	TIMMDC1	9606.ENSP00000184266	9606.ENSP00000418803	0	0	0	0	0.109	0.994	0.500	0.224	0.997
NDUFB4	MT-ND2	9606.ENSP00000184266	9606.ENSP00000355046	0	0	0	0	0.098	0.953	0.967	0.234	0.998
NDUFB4	MT-ND4	9606.ENSP00000184266	9606.ENSP00000354961	0	0	0	0	0.152	0.959	0.967	0.785	0.999
NDUFB4	NDUFB5	9606.ENSP00000184266	9606.ENSP00000259037	0	0	0	0	0.868	0.923	0.967	0.884	0.999
NDUFB4	NDUFA13	9606.ENSP00000184266	9606.ENSP00000423673	0	0	0	0	0.892	0.884	0.967	0.681	0.999
NDUFB4	NDUFC2	9606.ENSP00000184266	9606.ENSP00000281031	0	0	0	0	0.854	0.961	0.944	0.686	0.999
NDUFB4	NDUFB3	9606.ENSP00000184266	9606.ENSP00000407336	0	0	0	0	0.907	0.938	0.967	0.740	0.999
NDUFB4	NDUFAB1	9606.ENSP00000184266	9606.ENSP00000458770	0	0	0	0	0.727	0.991	0.967	0.545	0.999
NDUFB4	NDUFS1	9606.ENSP00000184266	9606.ENSP00000392709	0	0	0	0	0.162	0.950	0.967	0.579	0.999
NDUFB4	NDUFV2	9606.ENSP00000184266	9606.ENSP00000327268	0	0	0	0	0.742	0.974	0.967	0.648	0.999
NDUFB4	NDUFC1	9606.ENSP00000184266	9606.ENSP00000441126	0	0	0	0	0.725	0.825	0.967	0.557	0.999
NDUFB4	MT-ND5	9606.ENSP00000184266	9606.ENSP00000354813	0	0	0	0	0.182	0.959	0.967	0.385	0.999
NDUFB4	NDUFA9	9606.ENSP00000184266	9606.ENSP00000266544	0	0	0	0	0.521	0.998	0.944	0.675	0.999
NDUFB4	NDUFA5	9606.ENSP00000184266	9606.ENSP00000417142	0	0	0	0	0.933	0.950	0.967	0.739	0.999
NDUFB4	NDUFB8	9606.ENSP00000184266	9606.ENSP00000299166	0	0	0	0	0.672	0.959	0.967	0.707	0.999
NDUFB4	NDUFB11	9606.ENSP00000184266	9606.ENSP00000276062	0	0	0	0	0.810	0.968	0.967	0.876	0.999
NDUFB4	NDUFA6	9606.ENSP00000184266	9606.ENSP00000482543	0	0	0	0	0.865	0.998	0.967	0.833	0.999
NDUFB4	NDUFS6	9606.ENSP00000184266	9606.ENSP00000274137	0	0	0	0	0.943	0.966	0.967	0.728	0.999
NDUFB4	NDUFB2	9606.ENSP00000184266	9606.ENSP00000419087	0	0	0	0	0.404	0.812	0.967	0.973	0.999
NDUFB4	NDUFA12	9606.ENSP00000184266	9606.ENSP00000330737	0	0	0	0	0.918	0.998	0.967	0.644	0.999
NDUFB4	NDUFS3	9606.ENSP00000184266	9606.ENSP00000263774	0	0	0	0	0.793	0.998	0.967	0.721	0.999
NDUFB4	NDUFV1	9606.ENSP00000184266	9606.ENSP00000497587	0	0	0	0	0.243	0.998	0.967	0.546	0.999
NDUFB4	NDUFA3	9606.ENSP00000184266	9606.ENSP00000418438	0	0	0	0	0.544	0.912	0.967	0.675	0.999
NDUFB4	NDUFB9	9606.ENSP00000184266	9606.ENSP00000276689	0	0	0	0	0.905	0.976	0.967	0.869	0.999
NDUFB4	NDUFA1	9606.ENSP00000184266	9606.ENSP00000360492	0	0	0	0	0.573	0.923	0.967	0.659	0.999
NDUFB4	NDUFA11	9606.ENSP00000184266	9606.ENSP00000389160	0	0	0	0	0.585	0.999	0.944	0.641	0.999
NDUFB4	NDUFB7	9606.ENSP00000184266	9606.ENSP00000215565	0	0	0	0	0.682	0.949	0.967	0.745	0.999
NDUFB4	NDUFS4	9606.ENSP00000184266	9606.ENSP00000296684	0	0	0	0	0.780	0.998	0.967	0.632	0.999
NDUFB4	NDUFA7	9606.ENSP00000184266	9606.ENSP00000301457	0	0	0	0	0.673	0.934	0.967	0.927	0.999
NDUFB4	NDUFB1	9606.ENSP00000184266	9606.ENSP00000483888	0	0	0	0	0.732	0.913	0.900	0.845	0.999
NDUFB4	NDUFS7	9606.ENSP00000184266	9606.ENSP00000233627	0	0	0	0	0.463	0.956	0.967	0.599	0.999
NDUFB4	NDUFB6	9606.ENSP00000184266	9606.ENSP00000369176	0	0	0	0	0.919	0.894	0.967	0.889	0.999
NDUFB4	NDUFA10	9606.ENSP00000184266	9606.ENSP00000252711	0	0	0	0	0.163	0.954	0.967	0.949	0.999
NDUFB4	NDUFS8	9606.ENSP00000184266	9606.ENSP00000315774	0	0	0	0	0.744	0.911	0.967	0.503	0.999
NDUFB4	NDUFA8	9606.ENSP00000184266	9606.ENSP00000362873	0	0	0	0	0.867	0.970	0.967	0.688	0.999
NDUFB4	NDUFA2	9606.ENSP00000184266	9606.ENSP00000252102	0	0	0	0	0.684	0.958	0.967	0.898	0.999
NDUFB4	NDUFS5	9606.ENSP00000184266	9606.ENSP00000362058	0	0	0	0	0.911	0.998	0.900	0.696	0.999
NDUFB4	NDUFS2	9606.ENSP00000184266	9606.ENSP00000356972	0	0	0	0	0.201	0.923	0.967	0.567	0.999
NDUFB4	NDUFB10	9606.ENSP00000184266	9606.ENSP00000268668	0	0	0	0	0.739	0.980	0.967	0.980	0.999
NDUFB4	NDUFV3	9606.ENSP00000184266	9606.ENSP00000346196	0	0	0	0	0.173	0.943	0.967	0.599	0.999
NDUFB5	NDUFAF7	9606.ENSP00000259037	9606.ENSP00000002125	0	0	0	0	0.058	0	0.500	0.430	0.708
NDUFB5	COX15	9606.ENSP00000259037	9606.ENSP00000016171	0	0	0	0	0.149	0	0	0.348	0.421
NDUFB5	NDUFB4	9606.ENSP00000259037	9606.ENSP00000184266	0	0	0	0	0.868	0.923	0.967	0.884	0.999
NDUFB5	UQCRC1	9606.ENSP00000259037	9606.ENSP00000203407	0	0	0	0	0.581	0.856	0	0.497	0.967
NDUFB5	NDUFB7	9606.ENSP00000259037	9606.ENSP00000215565	0	0	0	0	0.400	0.973	0.967	0.802	0.999
NDUFB5	COX6A1	9606.ENSP00000259037	9606.ENSP00000229379	0	0	0	0	0.427	0.258	0	0.452	0.747
NDUFB5	NDUFS7	9606.ENSP00000259037	9606.ENSP00000233627	0	0	0	0	0.715	0.969	0.967	0.738	0.999
NDUFB5	NDUFA2	9606.ENSP00000259037	9606.ENSP00000252102	0	0	0	0	0.770	0.998	0.967	0.906	0.999
NDUFB5	NDUFA10	9606.ENSP00000259037	9606.ENSP00000252711	0	0	0	0	0.883	0.921	0.967	0.755	0.999
NDUFB5	COX5B	9606.ENSP00000259037	9606.ENSP00000258424	0	0	0	0	0.862	0.844	0	0.636	0.991
NDUFB5	SDHA	9606.ENSP00000259037	9606.ENSP00000264932	0	0	0	0	0.101	0	0	0.391	0.429
NDUFB5	COX17	9606.ENSP00000259037	9606.ENSP00000261070	0	0	0	0	0.166	0	0	0.366	0.449
NDUFB5	COX11	9606.ENSP00000259037	9606.ENSP00000299335	0	0	0	0	0.266	0	0	0.301	0.465
NDUFB5	COX8A	9606.ENSP00000259037	9606.ENSP00000321260	0	0	0	0	0.195	0	0	0.364	0.466
NDUFB5	COX7A2L	9606.ENSP00000259037	9606.ENSP00000367938	0	0	0	0	0.245	0	0	0.386	0.516
NDUFB5	TMEM186	9606.ENSP00000259037	9606.ENSP00000331640	0	0	0	0	0.055	0	0.500	0.140	0.558
NDUFB5	COA1	9606.ENSP00000259037	9606.ENSP00000379218	0	0	0	0	0.182	0	0.500	0.060	0.581
NDUFB5	COA6	9606.ENSP00000259037	9606.ENSP00000355574	0	0	0	0	0.342	0.283	0	0.239	0.610
NDUFB5	TMEM70	9606.ENSP00000259037	9606.ENSP00000312599	0	0	0	0	0.207	0	0	0.532	0.613
NDUFB5	PRKACA	9606.ENSP00000259037	9606.ENSP00000309591	0	0	0	0	0.054	0	0.650	0	0.654
NDUFB5	PRKACB	9606.ENSP00000259037	9606.ENSP00000359719	0	0	0	0	0.056	0	0.650	0.068	0.665
NDUFB5	NDUFAF5	9606.ENSP00000259037	9606.ENSP00000367346	0	0	0	0	0.197	0	0.500	0.232	0.665
NDUFB5	NDUFAF6	9606.ENSP00000259037	9606.ENSP00000379430	0	0	0	0	0.067	0	0.500	0.354	0.672
NDUFB5	ACAD9	9606.ENSP00000259037	9606.ENSP00000312618	0	0	0	0	0.107	0.470	0.500	0.198	0.785
NDUFB5	MT-CO2	9606.ENSP00000259037	9606.ENSP00000354876	0	0	0	0	0.067	0.746	0	0.208	0.796
NDUFB5	SDHB	9606.ENSP00000259037	9606.ENSP00000364649	0	0	0	0	0.652	0.096	0	0.487	0.824
NDUFB5	SDHC	9606.ENSP00000259037	9606.ENSP00000356953	0	0	0	0	0.660	0	0	0.505	0.825
NDUFB5	TMEM126B	9606.ENSP00000259037	9606.ENSP00000351737	0	0	0	0	0.389	0.421	0.500	0.209	0.841
NDUFB5	MT-CO3	9606.ENSP00000259037	9606.ENSP00000354982	0	0	0	0	0.063	0.830	0	0.178	0.857
NDUFB5	MT-CO1	9606.ENSP00000259037	9606.ENSP00000354499	0	0	0	0	0.080	0.830	0	0.233	0.869
NDUFB5	ECSIT	9606.ENSP00000259037	9606.ENSP00000270517	0	0	0	0	0.119	0.697	0.500	0.153	0.871
NDUFB5	COX7A2	9606.ENSP00000259037	9606.ENSP00000359098	0	0	0	0	0.743	0	0	0.530	0.874
NDUFB5	MT-CYB	9606.ENSP00000259037	9606.ENSP00000354554	0	0	0	0	0	0.855	0	0.168	0.874
NDUFB5	COX7A1	9606.ENSP00000259037	9606.ENSP00000292907	0	0	0	0	0.109	0.830	0	0.262	0.878
NDUFB5	FOXRED1	9606.ENSP00000259037	9606.ENSP00000263578	0	0	0	0	0.049	0	0.720	0.602	0.884
NDUFB5	NDUFAF3	9606.ENSP00000259037	9606.ENSP00000323076	0	0	0	0	0.133	0.471	0.838	0.127	0.926
NDUFB5	NDUFAF2	9606.ENSP00000259037	9606.ENSP00000296597	0	0	0	0	0.187	0	0.838	0.505	0.929
NDUFB5	SDHD	9606.ENSP00000259037	9606.ENSP00000364699	0	0	0	0	0.867	0	0	0.527	0.934
NDUFB5	CYC1	9606.ENSP00000259037	9606.ENSP00000317159	0	0	0	0	0.462	0.867	0	0.222	0.939
NDUFB5	COX6B1	9606.ENSP00000259037	9606.ENSP00000466818	0	0	0	0	0.418	0.851	0	0.455	0.948
NDUFB5	COX4I1	9606.ENSP00000259037	9606.ENSP00000457513	0	0	0	0	0.431	0.851	0	0.450	0.949
NDUFB5	NDUFAF4	9606.ENSP00000259037	9606.ENSP00000358272	0	0	0	0	0.129	0.591	0.838	0.258	0.951
NDUFB5	UQCR11	9606.ENSP00000259037	9606.ENSP00000467262	0	0	0	0	0.607	0.830	0	0.425	0.958
NDUFB5	COX7B	9606.ENSP00000259037	9606.ENSP00000497474	0	0	0	0	0.609	0.852	0	0.588	0.974
NDUFB5	COX7C	9606.ENSP00000259037	9606.ENSP00000425759	0	0	0	0	0.628	0.851	0	0.598	0.975
NDUFB5	UQCRC2	9606.ENSP00000259037	9606.ENSP00000268379	0	0	0	0	0.591	0.884	0	0.545	0.976
NDUFB5	UQCRH	9606.ENSP00000259037	9606.ENSP00000309565	0	0	0	0	0.696	0.856	0	0.543	0.978
NDUFB5	UQCRFS1	9606.ENSP00000259037	9606.ENSP00000306397	0	0	0	0	0.744	0.867	0	0.438	0.979
NDUFB5	COX6C	9606.ENSP00000259037	9606.ENSP00000429707	0	0	0	0	0.917	0.566	0	0.542	0.982
NDUFB5	UQCRQ	9606.ENSP00000259037	9606.ENSP00000367939	0	0	0	0	0.786	0.855	0	0.502	0.983
NDUFB5	UQCRB	9606.ENSP00000259037	9606.ENSP00000430494	0	0	0	0	0.856	0.826	0	0.454	0.985
NDUFB5	UQCR10	9606.ENSP00000259037	9606.ENSP00000332887	0	0	0	0	0.851	0.855	0	0.455	0.987
NDUFB5	COX5A	9606.ENSP00000259037	9606.ENSP00000317780	0	0	0	0	0.882	0.830	0	0.670	0.992
NDUFB5	NDUFAF1	9606.ENSP00000259037	9606.ENSP00000260361	0	0	0	0	0.238	0.597	0.967	0.456	0.993
NDUFB5	NDUFA4	9606.ENSP00000259037	9606.ENSP00000339720	0	0	0	0	0.677	0.228	0.944	0.746	0.996
NDUFB5	MT-ND1	9606.ENSP00000259037	9606.ENSP00000354687	0	0	0	0	0.151	0.892	0.967	0.309	0.997
NDUFB5	TIMMDC1	9606.ENSP00000259037	9606.ENSP00000418803	0	0	0	0	0.251	0.994	0.500	0.314	0.998
NDUFB5	NDUFB2	9606.ENSP00000259037	9606.ENSP00000419087	0	0	0	0	0.364	0.812	0.967	0.685	0.998
NDUFB5	NDUFA8	9606.ENSP00000259037	9606.ENSP00000362873	0	0	0	0	0.891	0.989	0.967	0.820	0.999
NDUFB5	NDUFS5	9606.ENSP00000259037	9606.ENSP00000362058	0	0	0	0	0.667	0.999	0.900	0.603	0.999
NDUFB5	NDUFS2	9606.ENSP00000259037	9606.ENSP00000356972	0	0	0	0	0.339	0.939	0.967	0.791	0.999
NDUFB5	NDUFB10	9606.ENSP00000259037	9606.ENSP00000268668	0	0	0	0	0.920	0.989	0.967	0.965	0.999
NDUFB5	NDUFV3	9606.ENSP00000259037	9606.ENSP00000346196	0	0	0	0	0.423	0.937	0.967	0.820	0.999
NDUFB5	NDUFB1	9606.ENSP00000259037	9606.ENSP00000483888	0	0	0	0	0.370	0.988	0.900	0.896	0.999
NDUFB5	NDUFB6	9606.ENSP00000259037	9606.ENSP00000369176	0	0	0	0	0.882	0.990	0.967	0.883	0.999
NDUFB5	NDUFS8	9606.ENSP00000259037	9606.ENSP00000315774	0	0	0	0	0.859	0.940	0.967	0.652	0.999
NDUFB5	NDUFA11	9606.ENSP00000259037	9606.ENSP00000389160	0	0	0	0	0.663	0.999	0.944	0.787	0.999
NDUFB5	NDUFA1	9606.ENSP00000259037	9606.ENSP00000360492	0	0	0	0	0.414	0.922	0.967	0.710	0.999
NDUFB5	NDUFS4	9606.ENSP00000259037	9606.ENSP00000296684	0	0	0	0	0.887	0.913	0.967	0.523	0.999
NDUFB5	NDUFA7	9606.ENSP00000259037	9606.ENSP00000301457	0	0	0	0	0.631	0.917	0.967	0.860	0.999
NDUFB5	MT-ND2	9606.ENSP00000259037	9606.ENSP00000355046	0	0	0	0	0.067	0.976	0.967	0.319	0.999
NDUFB5	NDUFV1	9606.ENSP00000259037	9606.ENSP00000497587	0	0	0	0	0.328	0.921	0.967	0.787	0.999
NDUFB5	NDUFS3	9606.ENSP00000259037	9606.ENSP00000263774	0	0	0	0	0.893	0.977	0.967	0.551	0.999
NDUFB5	NDUFB9	9606.ENSP00000259037	9606.ENSP00000276689	0	0	0	0	0.894	0.990	0.967	0.621	0.999
NDUFB5	NDUFA3	9606.ENSP00000259037	9606.ENSP00000418438	0	0	0	0	0.443	0.974	0.967	0.538	0.999
NDUFB5	NDUFA12	9606.ENSP00000259037	9606.ENSP00000330737	0	0	0	0	0.938	0.998	0.967	0.615	0.999
NDUFB5	NDUFA9	9606.ENSP00000259037	9606.ENSP00000266544	0	0	0	0	0.781	0.998	0.944	0.687	0.999
NDUFB5	MT-ND5	9606.ENSP00000259037	9606.ENSP00000354813	0	0	0	0	0.097	0.985	0.967	0.387	0.999
NDUFB5	NDUFA5	9606.ENSP00000259037	9606.ENSP00000417142	0	0	0	0	0.861	0.950	0.967	0.915	0.999
NDUFB5	NDUFS6	9606.ENSP00000259037	9606.ENSP00000274137	0	0	0	0	0.869	0.939	0.967	0.900	0.999
NDUFB5	NDUFA6	9606.ENSP00000259037	9606.ENSP00000482543	0	0	0	0	0.832	0.998	0.967	0.904	0.999
NDUFB5	NDUFB11	9606.ENSP00000259037	9606.ENSP00000276062	0	0	0	0	0.844	0.984	0.967	0.928	0.999
NDUFB5	NDUFB8	9606.ENSP00000259037	9606.ENSP00000299166	0	0	0	0	0.878	0.966	0.967	0.753	0.999
NDUFB5	NDUFB3	9606.ENSP00000259037	9606.ENSP00000407336	0	0	0	0	0.876	0.966	0.967	0.946	0.999
NDUFB5	NDUFV2	9606.ENSP00000259037	9606.ENSP00000327268	0	0	0	0	0.874	0.940	0.967	0.886	0.999
NDUFB5	NDUFS1	9606.ENSP00000259037	9606.ENSP00000392709	0	0	0	0	0.260	0.959	0.967	0.800	0.999
NDUFB5	NDUFAB1	9606.ENSP00000259037	9606.ENSP00000458770	0	0	0	0	0.803	0.991	0.967	0.804	0.999
NDUFB5	NDUFC1	9606.ENSP00000259037	9606.ENSP00000441126	0	0	0	0	0.722	0.825	0.967	0.902	0.999
NDUFB5	MT-ND4	9606.ENSP00000259037	9606.ENSP00000354961	0	0	0	0	0.139	0.985	0.967	0.629	0.999
NDUFB5	NDUFA13	9606.ENSP00000259037	9606.ENSP00000423673	0	0	0	0	0.856	0.975	0.967	0.708	0.999
NDUFB5	NDUFC2	9606.ENSP00000259037	9606.ENSP00000281031	0	0	0	0	0.834	0.978	0.944	0.582	0.999
NDUFB6	NDUFAF7	9606.ENSP00000369176	9606.ENSP00000002125	0	0	0	0	0.101	0	0.500	0.161	0.589
NDUFB6	NDUFB4	9606.ENSP00000369176	9606.ENSP00000184266	0	0	0	0	0.919	0.894	0.967	0.889	0.999
NDUFB6	UQCRC1	9606.ENSP00000369176	9606.ENSP00000203407	0	0	0	0	0.342	0.856	0	0.469	0.945
NDUFB6	NDUFB7	9606.ENSP00000369176	9606.ENSP00000215565	0	0	0	0	0.888	0.990	0.967	0.761	0.999
NDUFB6	COX6A1	9606.ENSP00000369176	9606.ENSP00000229379	0	0	0	0	0.433	0.311	0	0.442	0.763
NDUFB6	NDUFS7	9606.ENSP00000369176	9606.ENSP00000233627	0	0	0	0	0.615	0.930	0.967	0.715	0.999
NDUFB6	NDUFA2	9606.ENSP00000369176	9606.ENSP00000252102	0	0	0	0	0.747	0.923	0.967	0.800	0.999
NDUFB6	NDUFA10	9606.ENSP00000369176	9606.ENSP00000252711	0	0	0	0	0.435	0.956	0.967	0.705	0.999
NDUFB6	COX5B	9606.ENSP00000369176	9606.ENSP00000258424	0	0	0	0	0.700	0.856	0	0.519	0.977
NDUFB6	NDUFB5	9606.ENSP00000369176	9606.ENSP00000259037	0	0	0	0	0.882	0.990	0.967	0.883	0.999
NDUFB6	NDUFAF1	9606.ENSP00000369176	9606.ENSP00000260361	0	0	0	0	0.149	0.292	0.967	0.444	0.987
NDUFB6	COX17	9606.ENSP00000369176	9606.ENSP00000261070	0	0	0	0	0.259	0	0	0.250	0.421
NDUFB6	FOXRED1	9606.ENSP00000369176	9606.ENSP00000263578	0	0	0	0	0.049	0	0.720	0.554	0.871
NDUFB6	NDUFS3	9606.ENSP00000369176	9606.ENSP00000263774	0	0	0	0	0.892	0.976	0.967	0.898	0.999
NDUFB6	SDHA	9606.ENSP00000369176	9606.ENSP00000264932	0	0	0	0	0.313	0	0	0.522	0.657
NDUFB6	NDUFA9	9606.ENSP00000369176	9606.ENSP00000266544	0	0	0	0	0.837	0.943	0.944	0.941	0.999
NDUFB6	UQCRC2	9606.ENSP00000369176	9606.ENSP00000268379	0	0	0	0	0.368	0.866	0	0.511	0.955
NDUFB6	NDUFB10	9606.ENSP00000369176	9606.ENSP00000268668	0	0	0	0	0.916	0.982	0.967	0.855	0.999
NDUFB6	ECSIT	9606.ENSP00000369176	9606.ENSP00000270517	0	0	0	0	0.143	0	0.500	0.258	0.654
NDUFB6	NDUFS6	9606.ENSP00000369176	9606.ENSP00000274137	0	0	0	0	0.876	0.958	0.967	0.734	0.999
NDUFB6	NDUFB11	9606.ENSP00000369176	9606.ENSP00000276062	0	0	0	0	0.869	0.984	0.967	0.866	0.999
NDUFB6	NDUFB9	9606.ENSP00000369176	9606.ENSP00000276689	0	0	0	0	0.959	0.974	0.967	0.676	0.999
NDUFB6	NDUFC2	9606.ENSP00000369176	9606.ENSP00000281031	0	0	0	0	0.847	0.948	0.944	0.743	0.999
NDUFB6	COX7A1	9606.ENSP00000369176	9606.ENSP00000292907	0	0	0	0	0.106	0.830	0	0.514	0.919
NDUFB6	NDUFAF2	9606.ENSP00000369176	9606.ENSP00000296597	0	0	0	0	0.187	0	0.838	0.287	0.898
NDUFB6	NDUFS4	9606.ENSP00000369176	9606.ENSP00000296684	0	0	0	0	0.935	0.916	0.967	0.723	0.999
NDUFB6	NDUFB8	9606.ENSP00000369176	9606.ENSP00000299166	0	0	0	0	0.950	0.894	0.967	0.796	0.999
NDUFB6	NDUFA7	9606.ENSP00000369176	9606.ENSP00000301457	0	0	0	0	0.697	0.938	0.967	0.673	0.999
NDUFB6	UQCRFS1	9606.ENSP00000369176	9606.ENSP00000306397	0	0	0	0	0.803	0.867	0	0.489	0.985
NDUFB6	TMEM126A	9606.ENSP00000369176	9606.ENSP00000306887	0	0	0	0	0.312	0	0	0.314	0.508
NDUFB6	UQCRH	9606.ENSP00000369176	9606.ENSP00000309565	0	0	0	0	0.500	0.870	0	0.379	0.956
NDUFB6	PRKACA	9606.ENSP00000369176	9606.ENSP00000309591	0	0	0	0	0.044	0	0.650	0	0.651
NDUFB6	TMEM70	9606.ENSP00000369176	9606.ENSP00000312599	0	0	0	0	0.122	0	0	0.426	0.474
NDUFB6	ACAD9	9606.ENSP00000369176	9606.ENSP00000312618	0	0	0	0	0.056	0	0.500	0.206	0.592
NDUFB6	NDUFS8	9606.ENSP00000369176	9606.ENSP00000315774	0	0	0	0	0.776	0.911	0.967	0.607	0.999
NDUFB6	CYC1	9606.ENSP00000369176	9606.ENSP00000317159	0	0	0	0	0.678	0.897	0	0.257	0.973
NDUFB6	COX5A	9606.ENSP00000369176	9606.ENSP00000317780	0	0	0	0	0.932	0.856	0	0.519	0.994
NDUFB6	COX8A	9606.ENSP00000369176	9606.ENSP00000321260	0	0	0	0	0.264	0	0	0.363	0.511
NDUFB6	NDUFAF3	9606.ENSP00000369176	9606.ENSP00000323076	0	0	0	0	0.083	0	0.838	0.198	0.870
NDUFB6	NDUFV2	9606.ENSP00000369176	9606.ENSP00000327268	0	0	0	0	0.927	0.967	0.967	0.866	0.999
NDUFB6	NDUFA12	9606.ENSP00000369176	9606.ENSP00000330737	0	0	0	0	0.985	0.998	0.967	0.676	0.999
NDUFB6	TMEM186	9606.ENSP00000369176	9606.ENSP00000331640	0	0	0	0	0.067	0	0.500	0.164	0.575
NDUFB6	UQCR10	9606.ENSP00000369176	9606.ENSP00000332887	0	0	0	0	0.819	0.855	0	0.414	0.983
NDUFB6	NDUFA4	9606.ENSP00000369176	9606.ENSP00000339720	0	0	0	0	0.426	0	0.944	0.752	0.991
NDUFB6	NDUFV3	9606.ENSP00000369176	9606.ENSP00000346196	0	0	0	0	0.219	0.946	0.967	0.552	0.999
NDUFB6	TMEM126B	9606.ENSP00000369176	9606.ENSP00000351737	0	0	0	0	0.175	0	0.500	0.329	0.699
NDUFB6	MT-CO1	9606.ENSP00000369176	9606.ENSP00000354499	0	0	0	0	0.221	0.830	0	0.368	0.909
NDUFB6	MT-CYB	9606.ENSP00000369176	9606.ENSP00000354554	0	0	0	0	0	0.855	0	0.276	0.891
NDUFB6	MT-ND1	9606.ENSP00000369176	9606.ENSP00000354687	0	0	0	0	0.393	0.856	0.967	0.441	0.998
NDUFB6	MT-ND5	9606.ENSP00000369176	9606.ENSP00000354813	0	0	0	0	0.257	0.959	0.967	0.755	0.999
NDUFB6	MT-CO2	9606.ENSP00000369176	9606.ENSP00000354876	0	0	0	0	0.075	0.746	0	0.251	0.808
NDUFB6	MT-ND4	9606.ENSP00000369176	9606.ENSP00000354961	0	0	0	0	0.256	0.955	0.967	0.679	0.999
NDUFB6	MT-CO3	9606.ENSP00000369176	9606.ENSP00000354982	0	0	0	0	0.097	0.830	0	0.183	0.863
NDUFB6	MT-ND2	9606.ENSP00000369176	9606.ENSP00000355046	0	0	0	0	0.163	0.894	0.967	0.388	0.998
NDUFB6	COA6	9606.ENSP00000369176	9606.ENSP00000355574	0	0	0	0	0.425	0.283	0	0.194	0.639
NDUFB6	SDHC	9606.ENSP00000369176	9606.ENSP00000356953	0	0	0	0	0.758	0.091	0	0.294	0.831
NDUFB6	NDUFS2	9606.ENSP00000369176	9606.ENSP00000356972	0	0	0	0	0.447	0.923	0.967	0.686	0.999
NDUFB6	NDUFAF4	9606.ENSP00000369176	9606.ENSP00000358272	0	0	0	0	0.166	0	0.838	0.290	0.895
NDUFB6	COX7A2	9606.ENSP00000369176	9606.ENSP00000359098	0	0	0	0	0.798	0.093	0	0.474	0.895
NDUFB6	PRKACB	9606.ENSP00000369176	9606.ENSP00000359719	0	0	0	0	0	0	0.650	0	0.650
NDUFB6	NDUFA1	9606.ENSP00000369176	9606.ENSP00000360492	0	0	0	0	0.468	0.940	0.967	0.685	0.999
NDUFB6	NDUFS5	9606.ENSP00000369176	9606.ENSP00000362058	0	0	0	0	0.930	0.998	0.900	0.680	0.999
NDUFB6	NDUFA8	9606.ENSP00000369176	9606.ENSP00000362873	0	0	0	0	0.918	0.971	0.967	0.753	0.999
NDUFB6	SDHB	9606.ENSP00000369176	9606.ENSP00000364649	0	0	0	0	0.689	0.247	0	0.445	0.859
NDUFB6	SDHD	9606.ENSP00000369176	9606.ENSP00000364699	0	0	0	0	0.709	0	0	0.355	0.804
NDUFB6	NDUFAF5	9606.ENSP00000369176	9606.ENSP00000367346	0	0	0	0	0.134	0	0.500	0.284	0.662
NDUFB6	UQCRQ	9606.ENSP00000369176	9606.ENSP00000367939	0	0	0	0	0.778	0.855	0	0.676	0.988
NDUFB6	DMAC2L	9606.ENSP00000369176	9606.ENSP00000451583	0	0	0	0	0.306	0	0	0.192	0.416
NDUFB6	HIGD1A	9606.ENSP00000369176	9606.ENSP00000398064	0	0	0	0	0.413	0	0	0.103	0.451
NDUFB6	UQCC2	9606.ENSP00000369176	9606.ENSP00000476140	0	0	0	0	0.245	0	0	0.303	0.451
NDUFB6	NDUFAF6	9606.ENSP00000369176	9606.ENSP00000379430	0	0	0	0	0.049	0	0.500	0.172	0.572
NDUFB6	COA1	9606.ENSP00000369176	9606.ENSP00000379218	0	0	0	0	0.187	0	0.500	0.060	0.585
NDUFB6	COX6C	9606.ENSP00000369176	9606.ENSP00000429707	0	0	0	0	0.656	0.507	0	0.402	0.890
NDUFB6	COX7B	9606.ENSP00000369176	9606.ENSP00000497474	0	0	0	0	0.313	0.842	0	0.454	0.935
NDUFB6	UQCR11	9606.ENSP00000369176	9606.ENSP00000467262	0	0	0	0	0.637	0.830	0	0.447	0.963
NDUFB6	COX4I1	9606.ENSP00000369176	9606.ENSP00000457513	0	0	0	0	0.551	0.851	0	0.491	0.963
NDUFB6	COX6B1	9606.ENSP00000369176	9606.ENSP00000466818	0	0	0	0	0.653	0.851	0	0.364	0.964
NDUFB6	COX7C	9606.ENSP00000369176	9606.ENSP00000425759	0	0	0	0	0.736	0.830	0	0.480	0.974
NDUFB6	UQCRB	9606.ENSP00000369176	9606.ENSP00000430494	0	0	0	0	0.897	0.826	0	0.389	0.988
NDUFB6	NDUFB2	9606.ENSP00000369176	9606.ENSP00000419087	0	0	0	0	0.236	0.812	0.967	0.507	0.997
NDUFB6	TIMMDC1	9606.ENSP00000369176	9606.ENSP00000418803	0	0	0	0	0.084	0.994	0.500	0.371	0.998
NDUFB6	NDUFC1	9606.ENSP00000369176	9606.ENSP00000441126	0	0	0	0	0.487	0.825	0.967	0.659	0.998
NDUFB6	NDUFB1	9606.ENSP00000369176	9606.ENSP00000483888	0	0	0	0	0.521	0.894	0.900	0.874	0.999
NDUFB6	NDUFA11	9606.ENSP00000369176	9606.ENSP00000389160	0	0	0	0	0.675	0.998	0.944	0.546	0.999
NDUFB6	NDUFA3	9606.ENSP00000369176	9606.ENSP00000418438	0	0	0	0	0.539	0.894	0.967	0.687	0.999
NDUFB6	NDUFV1	9606.ENSP00000369176	9606.ENSP00000497587	0	0	0	0	0.573	0.918	0.967	0.856	0.999
NDUFB6	NDUFA6	9606.ENSP00000369176	9606.ENSP00000482543	0	0	0	0	0.914	0.998	0.967	0.928	0.999
NDUFB6	NDUFA5	9606.ENSP00000369176	9606.ENSP00000417142	0	0	0	0	0.901	0.907	0.967	0.701	0.999
NDUFB6	NDUFAB1	9606.ENSP00000369176	9606.ENSP00000458770	0	0	0	0	0.673	0.994	0.967	0.704	0.999
NDUFB6	NDUFS1	9606.ENSP00000369176	9606.ENSP00000392709	0	0	0	0	0.414	0.921	0.967	0.667	0.999
NDUFB6	NDUFB3	9606.ENSP00000369176	9606.ENSP00000407336	0	0	0	0	0.906	0.940	0.967	0.739	0.999
NDUFB6	NDUFA13	9606.ENSP00000369176	9606.ENSP00000423673	0	0	0	0	0.907	0.904	0.967	0.791	0.999
NDUFB7	NDUFAF7	9606.ENSP00000215565	9606.ENSP00000002125	0	0	0	0	0.128	0	0.500	0.275	0.656
NDUFB7	COX15	9606.ENSP00000215565	9606.ENSP00000016171	0	0	0	0	0.127	0	0	0.354	0.412
NDUFB7	TIMM21	9606.ENSP00000215565	9606.ENSP00000169551	0	0	0	0	0.075	0	0	0.493	0.511
NDUFB7	NDUFB4	9606.ENSP00000215565	9606.ENSP00000184266	0	0	0	0	0.682	0.949	0.967	0.745	0.999
NDUFB7	UQCRC1	9606.ENSP00000215565	9606.ENSP00000203407	0	0	0	0	0.668	0.948	0.154	0.469	0.991
NDUFB7	HIGD1A	9606.ENSP00000215565	9606.ENSP00000398064	0	0	0	0	0.308	0	0	0.179	0.408
NDUFB7	SCO1	9606.ENSP00000215565	9606.ENSP00000255390	0	0	0	0	0.256	0	0	0.248	0.416
NDUFB7	COX17	9606.ENSP00000215565	9606.ENSP00000261070	0	0	0	0	0.221	0	0	0.348	0.471
NDUFB7	TTC19	9606.ENSP00000215565	9606.ENSP00000261647	0	0	0	0	0.068	0	0	0.456	0.472
NDUFB7	SDHA	9606.ENSP00000215565	9606.ENSP00000264932	0	0	0	0	0.298	0.097	0	0.318	0.530
NDUFB7	COX11	9606.ENSP00000215565	9606.ENSP00000299335	0	0	0	0	0.077	0	0	0.522	0.540
NDUFB7	NDUFAF6	9606.ENSP00000215565	9606.ENSP00000379430	0	0	0	0	0	0	0.500	0.138	0.550
NDUFB7	COA1	9606.ENSP00000215565	9606.ENSP00000379218	0	0	0	0	0.092	0	0.500	0.118	0.564
NDUFB7	TMEM186	9606.ENSP00000215565	9606.ENSP00000331640	0	0	0	0	0	0	0.500	0.174	0.569
NDUFB7	BCS1L	9606.ENSP00000215565	9606.ENSP00000413908	0	0	0	0	0.224	0	0	0.469	0.570
NDUFB7	TIMMDC1	9606.ENSP00000215565	9606.ENSP00000418803	0	0	0	0	0.049	0	0.500	0.258	0.616
NDUFB7	ACAD9	9606.ENSP00000215565	9606.ENSP00000312618	0	0	0	0	0.112	0	0.500	0.218	0.622
NDUFB7	NDUFAF5	9606.ENSP00000215565	9606.ENSP00000367346	0	0	0	0	0.067	0	0.500	0.287	0.638
NDUFB7	TMEM126B	9606.ENSP00000215565	9606.ENSP00000351737	0	0	0	0	0.056	0	0.500	0.297	0.639
NDUFB7	COX7A2	9606.ENSP00000215565	9606.ENSP00000359098	0	0	0	0	0.475	0	0	0.373	0.656
NDUFB7	PRKACA	9606.ENSP00000215565	9606.ENSP00000309591	0	0	0	0	0.096	0	0.650	0	0.670
NDUFB7	PRKACB	9606.ENSP00000215565	9606.ENSP00000359719	0	0	0	0	0.096	0	0.650	0	0.670
NDUFB7	COX14	9606.ENSP00000215565	9606.ENSP00000326052	0	0	0	0	0.584	0	0	0.262	0.680
NDUFB7	SDHD	9606.ENSP00000215565	9606.ENSP00000364699	0	0	0	0	0.607	0	0	0.346	0.732
NDUFB7	COX6A1	9606.ENSP00000215565	9606.ENSP00000229379	0	0	0	0	0.440	0.301	0	0.400	0.745
NDUFB7	COA6	9606.ENSP00000215565	9606.ENSP00000355574	0	0	0	0	0.435	0.309	0	0.422	0.754
NDUFB7	COX8A	9606.ENSP00000215565	9606.ENSP00000321260	0	0	0	0	0.448	0	0	0.578	0.757
NDUFB7	SDHC	9606.ENSP00000215565	9606.ENSP00000356953	0	0	0	0	0.613	0	0	0.442	0.775
NDUFB7	FOXRED1	9606.ENSP00000215565	9606.ENSP00000263578	0	0	0	0	0.075	0	0.720	0.274	0.795
NDUFB7	MT-CO2	9606.ENSP00000215565	9606.ENSP00000354876	0	0	0	0	0.117	0.746	0	0.217	0.809
NDUFB7	COX6C	9606.ENSP00000215565	9606.ENSP00000429707	0	0	0	0	0.494	0.507	0	0.386	0.833
NDUFB7	ECSIT	9606.ENSP00000215565	9606.ENSP00000270517	0	0	0	0	0.624	0	0.500	0.185	0.833
NDUFB7	MT-CO3	9606.ENSP00000215565	9606.ENSP00000354982	0	0	0	0	0.150	0.830	0	0.125	0.862
NDUFB7	NDUFAF4	9606.ENSP00000215565	9606.ENSP00000358272	0	0	0	0	0.084	0	0.838	0.167	0.865
NDUFB7	SDHB	9606.ENSP00000215565	9606.ENSP00000364649	0	0	0	0	0.785	0.096	0	0.364	0.865
NDUFB7	MT-CO1	9606.ENSP00000215565	9606.ENSP00000354499	0	0	0	0	0.185	0.830	0	0.184	0.877
NDUFB7	COX7A1	9606.ENSP00000215565	9606.ENSP00000292907	0	0	0	0	0.084	0.830	0	0.396	0.898
NDUFB7	COX7B	9606.ENSP00000215565	9606.ENSP00000497474	0	0	0	0	0.198	0.842	0	0.445	0.923
NDUFB7	NDUFAF3	9606.ENSP00000215565	9606.ENSP00000323076	0	0	0	0	0.338	0	0.893	0.052	0.927
NDUFB7	MT-CYB	9606.ENSP00000215565	9606.ENSP00000354554	0	0	0	0	0	0.904	0	0.406	0.940
NDUFB7	NDUFAF2	9606.ENSP00000215565	9606.ENSP00000296597	0	0	0	0	0.162	0.507	0.838	0.442	0.957
NDUFB7	UQCRC2	9606.ENSP00000215565	9606.ENSP00000268379	0	0	0	0	0.323	0.913	0.172	0.327	0.963
NDUFB7	COX4I1	9606.ENSP00000215565	9606.ENSP00000457513	0	0	0	0	0.508	0.897	0	0.413	0.967
NDUFB7	COX6B1	9606.ENSP00000215565	9606.ENSP00000466818	0	0	0	0	0.633	0.856	0	0.522	0.972
NDUFB7	NDUFAF1	9606.ENSP00000215565	9606.ENSP00000260361	0	0	0	0	0.068	0	0.967	0.222	0.974
NDUFB7	COX7C	9606.ENSP00000215565	9606.ENSP00000425759	0	0	0	0	0.742	0.830	0	0.531	0.977
NDUFB7	NDUFA4	9606.ENSP00000215565	9606.ENSP00000339720	0	0	0	0	0.359	0.252	0.944	0.414	0.982
NDUFB7	COX5A	9606.ENSP00000215565	9606.ENSP00000317780	0	0	0	0	0.851	0.830	0	0.451	0.985
NDUFB7	UQCRB	9606.ENSP00000215565	9606.ENSP00000430494	0	0	0	0	0.650	0.963	0.284	0.454	0.994
NDUFB7	COX5B	9606.ENSP00000215565	9606.ENSP00000258424	0	0	0	0	0.936	0.854	0	0.541	0.995
NDUFB7	CYC1	9606.ENSP00000215565	9606.ENSP00000317159	0	0	0	0	0.784	0.977	0.172	0.326	0.996
NDUFB7	UQCRFS1	9606.ENSP00000215565	9606.ENSP00000306397	0	0	0	0	0.561	0.972	0.504	0.426	0.996
NDUFB7	UQCRH	9606.ENSP00000215565	9606.ENSP00000309565	0	0	0	0	0.574	0.957	0.406	0.798	0.997
NDUFB7	UQCR11	9606.ENSP00000215565	9606.ENSP00000467262	0	0	0	0	0.967	0.830	0	0.521	0.997
NDUFB7	UQCR10	9606.ENSP00000215565	9606.ENSP00000332887	0	0	0	0	0.922	0.967	0.284	0.430	0.998
NDUFB7	NDUFB1	9606.ENSP00000215565	9606.ENSP00000483888	0	0	0	0	0.273	0.956	0.900	0.484	0.998
NDUFB7	NDUFC1	9606.ENSP00000215565	9606.ENSP00000441126	0	0	0	0	0.340	0.825	0.967	0.543	0.998
NDUFB7	NDUFA7	9606.ENSP00000215565	9606.ENSP00000301457	0	0	0	0	0.889	0.939	0.967	0.753	0.999
NDUFB7	NDUFS4	9606.ENSP00000215565	9606.ENSP00000296684	0	0	0	0	0.790	0.994	0.967	0.623	0.999
NDUFB7	NDUFA1	9606.ENSP00000215565	9606.ENSP00000360492	0	0	0	0	0.323	0.941	0.967	0.707	0.999
NDUFB7	NDUFA11	9606.ENSP00000215565	9606.ENSP00000389160	0	0	0	0	0.924	0.878	0.944	0.763	0.999
NDUFB7	NDUFA3	9606.ENSP00000215565	9606.ENSP00000418438	0	0	0	0	0.769	0.918	0.967	0.717	0.999
NDUFB7	NDUFB9	9606.ENSP00000215565	9606.ENSP00000276689	0	0	0	0	0.963	0.995	0.967	0.828	0.999
NDUFB7	MT-ND1	9606.ENSP00000215565	9606.ENSP00000354687	0	0	0	0	0.430	0.993	0.967	0.302	0.999
NDUFB7	NDUFS3	9606.ENSP00000215565	9606.ENSP00000263774	0	0	0	0	0.808	0.998	0.967	0.616	0.999
NDUFB7	NDUFV1	9606.ENSP00000215565	9606.ENSP00000497587	0	0	0	0	0.936	0.995	0.967	0.819	0.999
NDUFB7	MT-ND2	9606.ENSP00000215565	9606.ENSP00000355046	0	0	0	0	0.163	0.988	0.967	0.281	0.999
NDUFB7	NDUFV3	9606.ENSP00000215565	9606.ENSP00000346196	0	0	0	0	0.607	0.946	0.967	0.481	0.999
NDUFB7	NDUFB10	9606.ENSP00000215565	9606.ENSP00000268668	0	0	0	0	0.816	0.995	0.967	0.828	0.999
NDUFB7	NDUFS2	9606.ENSP00000215565	9606.ENSP00000356972	0	0	0	0	0.478	0.991	0.967	0.691	0.999
NDUFB7	NDUFS5	9606.ENSP00000215565	9606.ENSP00000362058	0	0	0	0	0.913	0.998	0.900	0.786	0.999
NDUFB7	NDUFA2	9606.ENSP00000215565	9606.ENSP00000252102	0	0	0	0	0.830	0.998	0.967	0.939	0.999
NDUFB7	NDUFA8	9606.ENSP00000215565	9606.ENSP00000362873	0	0	0	0	0.944	0.997	0.967	0.807	0.999
NDUFB7	NDUFS8	9606.ENSP00000215565	9606.ENSP00000315774	0	0	0	0	0.958	0.995	0.967	0.784	0.999
NDUFB7	NDUFA10	9606.ENSP00000215565	9606.ENSP00000252711	0	0	0	0	0.355	0.970	0.967	0.664	0.999
NDUFB7	NDUFB6	9606.ENSP00000215565	9606.ENSP00000369176	0	0	0	0	0.888	0.990	0.967	0.761	0.999
NDUFB7	NDUFS7	9606.ENSP00000215565	9606.ENSP00000233627	0	0	0	0	0.989	0.995	0.967	0.668	0.999
NDUFB7	NDUFAB1	9606.ENSP00000215565	9606.ENSP00000458770	0	0	0	0	0.384	0.991	0.967	0.787	0.999
NDUFB7	NDUFS1	9606.ENSP00000215565	9606.ENSP00000392709	0	0	0	0	0.370	0.991	0.967	0.575	0.999
NDUFB7	NDUFV2	9606.ENSP00000215565	9606.ENSP00000327268	0	0	0	0	0.747	0.995	0.967	0.665	0.999
NDUFB7	NDUFB3	9606.ENSP00000215565	9606.ENSP00000407336	0	0	0	0	0.867	0.993	0.967	0.944	0.999
NDUFB7	UQCRQ	9606.ENSP00000215565	9606.ENSP00000367939	0	0	0	0	0.949	0.941	0.172	0.740	0.999
NDUFB7	NDUFC2	9606.ENSP00000215565	9606.ENSP00000281031	0	0	0	0	0.684	0.944	0.944	0.501	0.999
NDUFB7	NDUFA13	9606.ENSP00000215565	9606.ENSP00000423673	0	0	0	0	0.980	0.991	0.967	0.783	0.999
NDUFB7	NDUFB5	9606.ENSP00000215565	9606.ENSP00000259037	0	0	0	0	0.400	0.973	0.967	0.802	0.999
NDUFB7	MT-ND4	9606.ENSP00000215565	9606.ENSP00000354961	0	0	0	0	0.324	0.993	0.967	0.518	0.999
NDUFB7	NDUFA12	9606.ENSP00000215565	9606.ENSP00000330737	0	0	0	0	0.943	0.998	0.967	0.673	0.999
NDUFB7	NDUFB2	9606.ENSP00000215565	9606.ENSP00000419087	0	0	0	0	0.283	0.914	0.967	0.829	0.999
NDUFB7	NDUFB8	9606.ENSP00000215565	9606.ENSP00000299166	0	0	0	0	0.936	0.996	0.967	0.852	0.999
NDUFB7	NDUFA6	9606.ENSP00000215565	9606.ENSP00000482543	0	0	0	0	0.895	0.998	0.967	0.644	0.999
NDUFB7	NDUFS6	9606.ENSP00000215565	9606.ENSP00000274137	0	0	0	0	0.939	0.996	0.967	0.777	0.999
NDUFB7	NDUFB11	9606.ENSP00000215565	9606.ENSP00000276062	0	0	0	0	0.966	0.966	0.967	0.747	0.999
NDUFB7	NDUFA5	9606.ENSP00000215565	9606.ENSP00000417142	0	0	0	0	0.817	0.991	0.967	0.670	0.999
NDUFB7	MT-ND5	9606.ENSP00000215565	9606.ENSP00000354813	0	0	0	0	0.324	0.996	0.967	0.425	0.999
NDUFB7	NDUFA9	9606.ENSP00000215565	9606.ENSP00000266544	0	0	0	0	0.728	0.999	0.944	0.474	0.999
NDUFB8	NDUFAF7	9606.ENSP00000299166	9606.ENSP00000002125	0	0	0	0	0.082	0	0.500	0.337	0.669
NDUFB8	TIMM21	9606.ENSP00000299166	9606.ENSP00000169551	0	0	0	0	0.154	0.292	0.500	0.638	0.877
NDUFB8	NDUFB4	9606.ENSP00000299166	9606.ENSP00000184266	0	0	0	0	0.672	0.959	0.967	0.707	0.999
NDUFB8	UQCRC1	9606.ENSP00000299166	9606.ENSP00000203407	0	0	0	0	0.495	0.875	0.216	0.691	0.982
NDUFB8	NDUFB7	9606.ENSP00000299166	9606.ENSP00000215565	0	0	0	0	0.936	0.996	0.967	0.852	0.999
NDUFB8	COX6A1	9606.ENSP00000299166	9606.ENSP00000229379	0	0	0	0	0.690	0.258	0	0.557	0.889
NDUFB8	NDUFS7	9606.ENSP00000299166	9606.ENSP00000233627	0	0	0	0	0.894	0.972	0.967	0.814	0.999
NDUFB8	NDUFA2	9606.ENSP00000299166	9606.ENSP00000252102	0	0	0	0	0.979	0.998	0.967	0.899	0.999
NDUFB8	NDUFA10	9606.ENSP00000299166	9606.ENSP00000252711	0	0	0	0	0.743	0.894	0.967	0.763	0.999
NDUFB8	COX5B	9606.ENSP00000299166	9606.ENSP00000258424	0	0	0	0	0.889	0.844	0	0.531	0.991
NDUFB8	NDUFB5	9606.ENSP00000299166	9606.ENSP00000259037	0	0	0	0	0.878	0.966	0.967	0.753	0.999
NDUFB8	NDUFAF1	9606.ENSP00000299166	9606.ENSP00000260361	0	0	0	0	0.055	0	0.967	0.505	0.983
NDUFB8	COX17	9606.ENSP00000299166	9606.ENSP00000261070	0	0	0	0	0.310	0	0	0.360	0.539
NDUFB8	FOXRED1	9606.ENSP00000299166	9606.ENSP00000263578	0	0	0	0	0.074	0	0.720	0.345	0.815
NDUFB8	NDUFS3	9606.ENSP00000299166	9606.ENSP00000263774	0	0	0	0	0.914	0.998	0.967	0.843	0.999
NDUFB8	SDHA	9606.ENSP00000299166	9606.ENSP00000264932	0	0	0	0	0.855	0	0	0.765	0.964
NDUFB8	NDUFA9	9606.ENSP00000299166	9606.ENSP00000266544	0	0	0	0	0.899	0.999	0.944	0.879	0.999
NDUFB8	UQCRC2	9606.ENSP00000299166	9606.ENSP00000268379	0	0	0	0	0.663	0.885	0.284	0.947	0.998
NDUFB8	NDUFB10	9606.ENSP00000299166	9606.ENSP00000268668	0	0	0	0	0.756	0.994	0.967	0.592	0.999
NDUFB8	ECSIT	9606.ENSP00000299166	9606.ENSP00000270517	0	0	0	0	0.170	0.624	0.500	0.252	0.867
NDUFB8	NDUFS6	9606.ENSP00000299166	9606.ENSP00000274137	0	0	0	0	0.950	0.995	0.967	0.761	0.999
NDUFB8	NDUFB11	9606.ENSP00000299166	9606.ENSP00000276062	0	0	0	0	0.872	0.964	0.967	0.734	0.999
NDUFB8	NDUFB9	9606.ENSP00000299166	9606.ENSP00000276689	0	0	0	0	0.949	0.997	0.967	0.945	0.999
NDUFB8	NDUFC2	9606.ENSP00000299166	9606.ENSP00000281031	0	0	0	0	0.894	0.927	0.944	0.716	0.999
NDUFB8	COX7A1	9606.ENSP00000299166	9606.ENSP00000292907	0	0	0	0	0.111	0.830	0	0.557	0.927
NDUFB8	NDUFAF2	9606.ENSP00000299166	9606.ENSP00000296597	0	0	0	0	0.099	0.714	0.838	0.403	0.971
NDUFB8	NDUFS4	9606.ENSP00000299166	9606.ENSP00000296684	0	0	0	0	0.955	0.998	0.967	0.729	0.999
NDUFB8	MT-ATP8	9606.ENSP00000299166	9606.ENSP00000355265	0	0	0	0	0.067	0	0	0.385	0.401
NDUFB8	ATPAF1	9606.ENSP00000299166	9606.ENSP00000460964	0	0	0	0	0.323	0	0	0.159	0.406
NDUFB8	COX7A2L	9606.ENSP00000299166	9606.ENSP00000367938	0	0	0	0	0.179	0	0	0.325	0.422
NDUFB8	COA3	9606.ENSP00000299166	9606.ENSP00000354762	0	0	0	0	0.289	0.161	0	0.136	0.440
NDUFB8	SURF1	9606.ENSP00000299166	9606.ENSP00000361042	0	0	0	0	0.127	0.222	0	0.262	0.454
NDUFB8	ACTB	9606.ENSP00000299166	9606.ENSP00000494750	0	0	0	0	0.070	0	0	0.447	0.464
NDUFB8	TMEM186	9606.ENSP00000299166	9606.ENSP00000331640	0	0	0	0	0.044	0	0.500	0.130	0.547
NDUFB8	COA6	9606.ENSP00000299166	9606.ENSP00000355574	0	0	0	0	0.327	0.257	0	0.182	0.556
NDUFB8	ACAD9	9606.ENSP00000299166	9606.ENSP00000312618	0	0	0	0	0.097	0	0.500	0.271	0.642
NDUFB8	NDUFAF6	9606.ENSP00000299166	9606.ENSP00000379430	0	0	0	0	0.067	0	0.500	0.325	0.657
NDUFB8	COA1	9606.ENSP00000299166	9606.ENSP00000379218	0	0	0	0	0.101	0.292	0.500	0.078	0.667
NDUFB8	PRKACB	9606.ENSP00000299166	9606.ENSP00000359719	0	0	0	0	0.042	0	0.650	0.091	0.668
NDUFB8	PRKACA	9606.ENSP00000299166	9606.ENSP00000309591	0	0	0	0	0.047	0	0.650	0.092	0.670
NDUFB8	COX14	9606.ENSP00000299166	9606.ENSP00000326052	0	0	0	0	0.585	0	0	0.269	0.683
NDUFB8	BCS1L	9606.ENSP00000299166	9606.ENSP00000413908	0	0	0	0	0.142	0	0.500	0.328	0.687
NDUFB8	NDUFAF5	9606.ENSP00000299166	9606.ENSP00000367346	0	0	0	0	0.101	0	0.500	0.377	0.695
NDUFB8	TMEM126B	9606.ENSP00000299166	9606.ENSP00000351737	0	0	0	0	0.074	0	0.500	0.432	0.714
NDUFB8	MT-ATP6	9606.ENSP00000299166	9606.ENSP00000354632	0	0	0	0	0.253	0	0	0.693	0.760
NDUFB8	COX8A	9606.ENSP00000299166	9606.ENSP00000321260	0	0	0	0	0.584	0	0	0.596	0.825
NDUFB8	COX7A2	9606.ENSP00000299166	9606.ENSP00000359098	0	0	0	0	0.781	0	0	0.492	0.884
NDUFB8	NDUFAF4	9606.ENSP00000299166	9606.ENSP00000358272	0	0	0	0	0.062	0	0.838	0.327	0.889
NDUFB8	MT-CO3	9606.ENSP00000299166	9606.ENSP00000354982	0	0	0	0	0.082	0.830	0	0.376	0.894
NDUFB8	COX7B	9606.ENSP00000299166	9606.ENSP00000497474	0	0	0	0	0.169	0.842	0	0.333	0.905
NDUFB8	MT-CYB	9606.ENSP00000299166	9606.ENSP00000354554	0	0	0	0	0	0.855	0	0.494	0.923
NDUFB8	COX6C	9606.ENSP00000299166	9606.ENSP00000429707	0	0	0	0	0.512	0.585	0	0.669	0.927
NDUFB8	NDUFAF3	9606.ENSP00000299166	9606.ENSP00000323076	0	0	0	0	0.140	0	0.893	0.357	0.936
NDUFB8	MT-CO2	9606.ENSP00000299166	9606.ENSP00000354876	0	0	0	0	0.097	0.746	0	0.751	0.938
NDUFB8	SDHC	9606.ENSP00000299166	9606.ENSP00000356953	0	0	0	0	0.933	0	0	0.317	0.952
NDUFB8	COX7C	9606.ENSP00000299166	9606.ENSP00000425759	0	0	0	0	0.687	0.830	0	0.608	0.977
NDUFB8	COX6B1	9606.ENSP00000299166	9606.ENSP00000466818	0	0	0	0	0.717	0.845	0	0.651	0.983
NDUFB8	SDHD	9606.ENSP00000299166	9606.ENSP00000364699	0	0	0	0	0.969	0	0	0.504	0.984
NDUFB8	MT-CO1	9606.ENSP00000299166	9606.ENSP00000354499	0	0	0	0	0.108	0.874	0	0.892	0.986
NDUFB8	UQCRH	9606.ENSP00000299166	9606.ENSP00000309565	0	0	0	0	0.848	0.856	0.236	0.449	0.989
NDUFB8	COX4I1	9606.ENSP00000299166	9606.ENSP00000457513	0	0	0	0	0.816	0.855	0	0.663	0.990
NDUFB8	UQCR11	9606.ENSP00000299166	9606.ENSP00000467262	0	0	0	0	0.872	0.830	0	0.578	0.990
NDUFB8	UQCRB	9606.ENSP00000299166	9606.ENSP00000430494	0	0	0	0	0.904	0.861	0.172	0.412	0.992
NDUFB8	CYC1	9606.ENSP00000299166	9606.ENSP00000317159	0	0	0	0	0.905	0.855	0.500	0.306	0.994
NDUFB8	NDUFB1	9606.ENSP00000299166	9606.ENSP00000483888	0	0	0	0	0.366	0.894	0.900	0.440	0.995
NDUFB8	COX5A	9606.ENSP00000299166	9606.ENSP00000317780	0	0	0	0	0.930	0.830	0	0.721	0.996
NDUFB8	NDUFA4	9606.ENSP00000299166	9606.ENSP00000339720	0	0	0	0	0.655	0.228	0.944	0.764	0.996
NDUFB8	UQCR10	9606.ENSP00000299166	9606.ENSP00000332887	0	0	0	0	0.944	0.855	0.172	0.492	0.996
NDUFB8	UQCRQ	9606.ENSP00000299166	9606.ENSP00000367939	0	0	0	0	0.955	0.875	0.284	0.427	0.997
NDUFB8	SDHB	9606.ENSP00000299166	9606.ENSP00000364649	0	0	0	0	0.946	0	0	0.952	0.997
NDUFB8	UQCRFS1	9606.ENSP00000299166	9606.ENSP00000306397	0	0	0	0	0.942	0.884	0.284	0.574	0.997
NDUFB8	NDUFC1	9606.ENSP00000299166	9606.ENSP00000441126	0	0	0	0	0.329	0.825	0.967	0.640	0.998
NDUFB8	TIMMDC1	9606.ENSP00000299166	9606.ENSP00000418803	0	0	0	0	0.061	0.994	0.500	0.374	0.998
NDUFB8	NDUFB3	9606.ENSP00000299166	9606.ENSP00000407336	0	0	0	0	0.619	0.993	0.967	0.949	0.999
NDUFB8	NDUFS1	9606.ENSP00000299166	9606.ENSP00000392709	0	0	0	0	0.668	0.988	0.967	0.788	0.999
NDUFB8	NDUFAB1	9606.ENSP00000299166	9606.ENSP00000458770	0	0	0	0	0.685	0.994	0.967	0.736	0.999
NDUFB8	NDUFV2	9606.ENSP00000299166	9606.ENSP00000327268	0	0	0	0	0.975	0.993	0.967	0.783	0.999
NDUFB8	MT-ND4	9606.ENSP00000299166	9606.ENSP00000354961	0	0	0	0	0.216	0.994	0.967	0.688	0.999
NDUFB8	NDUFA13	9606.ENSP00000299166	9606.ENSP00000423673	0	0	0	0	0.957	0.988	0.967	0.760	0.999
NDUFB8	NDUFB2	9606.ENSP00000299166	9606.ENSP00000419087	0	0	0	0	0.212	0.907	0.967	0.777	0.999
NDUFB8	NDUFA12	9606.ENSP00000299166	9606.ENSP00000330737	0	0	0	0	0.981	0.998	0.967	0.592	0.999
NDUFB8	NDUFA6	9606.ENSP00000299166	9606.ENSP00000482543	0	0	0	0	0.968	0.998	0.967	0.868	0.999
NDUFB8	MT-ND5	9606.ENSP00000299166	9606.ENSP00000354813	0	0	0	0	0.246	0.990	0.967	0.527	0.999
NDUFB8	NDUFA5	9606.ENSP00000299166	9606.ENSP00000417142	0	0	0	0	0.912	0.988	0.967	0.780	0.999
NDUFB8	NDUFA7	9606.ENSP00000299166	9606.ENSP00000301457	0	0	0	0	0.784	0.915	0.967	0.904	0.999
NDUFB8	NDUFA11	9606.ENSP00000299166	9606.ENSP00000389160	0	0	0	0	0.841	0.998	0.944	0.701	0.999
NDUFB8	NDUFA1	9606.ENSP00000299166	9606.ENSP00000360492	0	0	0	0	0.556	0.917	0.967	0.676	0.999
NDUFB8	NDUFV1	9606.ENSP00000299166	9606.ENSP00000497587	0	0	0	0	0.785	0.990	0.967	0.707	0.999
NDUFB8	MT-ND1	9606.ENSP00000299166	9606.ENSP00000354687	0	0	0	0	0.256	0.988	0.967	0.655	0.999
NDUFB8	NDUFA3	9606.ENSP00000299166	9606.ENSP00000418438	0	0	0	0	0.666	0.894	0.967	0.494	0.999
NDUFB8	MT-ND2	9606.ENSP00000299166	9606.ENSP00000355046	0	0	0	0	0.101	0.966	0.967	0.478	0.999
NDUFB8	NDUFV3	9606.ENSP00000299166	9606.ENSP00000346196	0	0	0	0	0.240	0.940	0.967	0.561	0.999
NDUFB8	NDUFA8	9606.ENSP00000299166	9606.ENSP00000362873	0	0	0	0	0.974	0.995	0.967	0.735	0.999
NDUFB8	NDUFS2	9606.ENSP00000299166	9606.ENSP00000356972	0	0	0	0	0.929	0.988	0.967	0.777	0.999
NDUFB8	NDUFS5	9606.ENSP00000299166	9606.ENSP00000362058	0	0	0	0	0.844	0.998	0.900	0.635	0.999
NDUFB8	NDUFB6	9606.ENSP00000299166	9606.ENSP00000369176	0	0	0	0	0.950	0.894	0.967	0.796	0.999
NDUFB8	NDUFS8	9606.ENSP00000299166	9606.ENSP00000315774	0	0	0	0	0.977	0.989	0.967	0.892	0.999
NDUFB9	NDUFAF7	9606.ENSP00000276689	9606.ENSP00000002125	0	0	0	0	0.080	0	0.500	0.119	0.559
NDUFB9	NDUFB4	9606.ENSP00000276689	9606.ENSP00000184266	0	0	0	0	0.905	0.976	0.967	0.869	0.999
NDUFB9	UQCRC1	9606.ENSP00000276689	9606.ENSP00000203407	0	0	0	0	0.551	0.934	0.154	0.883	0.996
NDUFB9	NDUFB7	9606.ENSP00000276689	9606.ENSP00000215565	0	0	0	0	0.963	0.995	0.967	0.828	0.999
NDUFB9	COX6A1	9606.ENSP00000276689	9606.ENSP00000229379	0	0	0	0	0.646	0.312	0	0.455	0.856
NDUFB9	NDUFS7	9606.ENSP00000276689	9606.ENSP00000233627	0	0	0	0	0.973	0.993	0.967	0.812	0.999
NDUFB9	NDUFA2	9606.ENSP00000276689	9606.ENSP00000252102	0	0	0	0	0.816	0.998	0.967	0.632	0.999
NDUFB9	NDUFA10	9606.ENSP00000276689	9606.ENSP00000252711	0	0	0	0	0.456	0.926	0.967	0.818	0.999
NDUFB9	COX5B	9606.ENSP00000276689	9606.ENSP00000258424	0	0	0	0	0.902	0.856	0	0.400	0.990
NDUFB9	NDUFB5	9606.ENSP00000276689	9606.ENSP00000259037	0	0	0	0	0.894	0.990	0.967	0.621	0.999
NDUFB9	NDUFAF1	9606.ENSP00000276689	9606.ENSP00000260361	0	0	0	0	0.057	0	0.967	0.550	0.985
NDUFB9	COX17	9606.ENSP00000276689	9606.ENSP00000261070	0	0	0	0	0.247	0	0	0.358	0.496
NDUFB9	FOXRED1	9606.ENSP00000276689	9606.ENSP00000263578	0	0	0	0	0.048	0	0.720	0.389	0.823
NDUFB9	NDUFS3	9606.ENSP00000276689	9606.ENSP00000263774	0	0	0	0	0.947	0.996	0.967	0.884	0.999
NDUFB9	SDHA	9606.ENSP00000276689	9606.ENSP00000264932	0	0	0	0	0.384	0	0	0.450	0.647
NDUFB9	NDUFA9	9606.ENSP00000276689	9606.ENSP00000266544	0	0	0	0	0.892	0.985	0.944	0.871	0.999
NDUFB9	UQCRC2	9606.ENSP00000276689	9606.ENSP00000268379	0	0	0	0	0.453	0.911	0.172	0.487	0.976
NDUFB9	NDUFB10	9606.ENSP00000276689	9606.ENSP00000268668	0	0	0	0	0.914	0.992	0.967	0.899	0.999
NDUFB9	ECSIT	9606.ENSP00000276689	9606.ENSP00000270517	0	0	0	0	0.277	0	0.500	0.336	0.739
NDUFB9	NDUFS6	9606.ENSP00000276689	9606.ENSP00000274137	0	0	0	0	0.943	0.995	0.967	0.745	0.999
NDUFB9	NDUFB11	9606.ENSP00000276689	9606.ENSP00000276062	0	0	0	0	0.965	0.992	0.967	0.635	0.999
NDUFB9	DMAC2L	9606.ENSP00000276689	9606.ENSP00000451583	0	0	0	0	0.171	0	0	0.361	0.447
NDUFB9	COX11	9606.ENSP00000276689	9606.ENSP00000299335	0	0	0	0	0.149	0	0	0.378	0.448
NDUFB9	ATPAF1	9606.ENSP00000276689	9606.ENSP00000460964	0	0	0	0	0.303	0	0	0.287	0.482
NDUFB9	SDHAF1	9606.ENSP00000276689	9606.ENSP00000368165	0	0	0	0	0.120	0	0	0.481	0.524
NDUFB9	LYRM2	9606.ENSP00000276689	9606.ENSP00000430025	0	0	0	0	0.049	0	0	0.520	0.524
NDUFB9	LYRM7	9606.ENSP00000276689	9606.ENSP00000368688	0	0	0	0	0.054	0	0	0.535	0.541
NDUFB9	COX14	9606.ENSP00000276689	9606.ENSP00000326052	0	0	0	0	0.456	0	0	0.220	0.557
NDUFB9	COA1	9606.ENSP00000276689	9606.ENSP00000379218	0	0	0	0	0.103	0	0.500	0.103	0.562
NDUFB9	TMEM186	9606.ENSP00000276689	9606.ENSP00000331640	0	0	0	0	0.058	0	0.500	0.187	0.583
NDUFB9	COX8A	9606.ENSP00000276689	9606.ENSP00000321260	0	0	0	0	0.371	0	0	0.401	0.607
NDUFB9	TMEM126B	9606.ENSP00000276689	9606.ENSP00000351737	0	0	0	0	0.049	0	0.500	0.249	0.611
NDUFB9	NDUFAF6	9606.ENSP00000276689	9606.ENSP00000379430	0	0	0	0	0.065	0	0.500	0.247	0.617
NDUFB9	COA6	9606.ENSP00000276689	9606.ENSP00000355574	0	0	0	0	0.348	0.299	0	0.249	0.627
NDUFB9	NDUFAF5	9606.ENSP00000276689	9606.ENSP00000367346	0	0	0	0	0.145	0	0.500	0.201	0.628
NDUFB9	PRKACB	9606.ENSP00000276689	9606.ENSP00000359719	0	0	0	0	0	0	0.650	0	0.650
NDUFB9	PRKACA	9606.ENSP00000276689	9606.ENSP00000309591	0	0	0	0	0.042	0	0.650	0	0.650
NDUFB9	ACAD9	9606.ENSP00000276689	9606.ENSP00000312618	0	0	0	0	0.126	0	0.500	0.282	0.659
NDUFB9	MT-CO2	9606.ENSP00000276689	9606.ENSP00000354876	0	0	0	0	0.083	0.746	0	0.305	0.823
NDUFB9	SDHC	9606.ENSP00000276689	9606.ENSP00000356953	0	0	0	0	0.732	0	0	0.404	0.833
NDUFB9	MT-CO3	9606.ENSP00000276689	9606.ENSP00000354982	0	0	0	0	0.084	0.830	0	0.215	0.867
NDUFB9	MT-CO1	9606.ENSP00000276689	9606.ENSP00000354499	0	0	0	0	0.163	0.830	0	0.241	0.882
NDUFB9	COX7A1	9606.ENSP00000276689	9606.ENSP00000292907	0	0	0	0	0	0.830	0	0.389	0.891
NDUFB9	NDUFAF4	9606.ENSP00000276689	9606.ENSP00000358272	0	0	0	0	0.104	0	0.838	0.356	0.898
NDUFB9	MT-CYB	9606.ENSP00000276689	9606.ENSP00000354554	0	0	0	0	0	0.904	0	0.295	0.929
NDUFB9	NDUFAF3	9606.ENSP00000276689	9606.ENSP00000323076	0	0	0	0	0.214	0	0.893	0.302	0.936
NDUFB9	SDHD	9606.ENSP00000276689	9606.ENSP00000364699	0	0	0	0	0.870	0	0	0.606	0.947
NDUFB9	COX7A2	9606.ENSP00000276689	9606.ENSP00000359098	0	0	0	0	0.880	0.161	0	0.519	0.947
NDUFB9	SDHB	9606.ENSP00000276689	9606.ENSP00000364649	0	0	0	0	0.915	0.382	0	0.412	0.966
NDUFB9	NDUFAF2	9606.ENSP00000276689	9606.ENSP00000296597	0	0	0	0	0.166	0.726	0.838	0.424	0.976
NDUFB9	COX7B	9606.ENSP00000276689	9606.ENSP00000497474	0	0	0	0	0.574	0.848	0	0.683	0.977
NDUFB9	COX4I1	9606.ENSP00000276689	9606.ENSP00000457513	0	0	0	0	0.784	0.876	0	0.474	0.984
NDUFB9	COX6C	9606.ENSP00000276689	9606.ENSP00000429707	0	0	0	0	0.908	0.544	0	0.678	0.985
NDUFB9	COX7C	9606.ENSP00000276689	9606.ENSP00000425759	0	0	0	0	0.664	0.851	0	0.724	0.985
NDUFB9	UQCR11	9606.ENSP00000276689	9606.ENSP00000467262	0	0	0	0	0.838	0.830	0	0.553	0.986
NDUFB9	COX6B1	9606.ENSP00000276689	9606.ENSP00000466818	0	0	0	0	0.647	0.899	0	0.676	0.987
NDUFB9	NDUFA4	9606.ENSP00000276689	9606.ENSP00000339720	0	0	0	0	0.642	0.250	0.944	0.753	0.995
NDUFB9	COX5A	9606.ENSP00000276689	9606.ENSP00000317780	0	0	0	0	0.918	0.876	0	0.688	0.996
NDUFB9	UQCRH	9606.ENSP00000276689	9606.ENSP00000309565	0	0	0	0	0.711	0.950	0.237	0.690	0.996
NDUFB9	UQCRQ	9606.ENSP00000276689	9606.ENSP00000367939	0	0	0	0	0.945	0.890	0.172	0.591	0.997
NDUFB9	CYC1	9606.ENSP00000276689	9606.ENSP00000317159	0	0	0	0	0.839	0.975	0.172	0.235	0.997
NDUFB9	TIMMDC1	9606.ENSP00000276689	9606.ENSP00000418803	0	0	0	0	0.068	0.994	0.500	0.267	0.997
NDUFB9	NDUFC1	9606.ENSP00000276689	9606.ENSP00000441126	0	0	0	0	0.328	0.825	0.967	0.621	0.998
NDUFB9	UQCRB	9606.ENSP00000276689	9606.ENSP00000430494	0	0	0	0	0.898	0.967	0.284	0.372	0.998
NDUFB9	UQCR10	9606.ENSP00000276689	9606.ENSP00000332887	0	0	0	0	0.909	0.967	0.284	0.527	0.998
NDUFB9	NDUFB1	9606.ENSP00000276689	9606.ENSP00000483888	0	0	0	0	0.357	0.906	0.900	0.729	0.998
NDUFB9	NDUFB3	9606.ENSP00000276689	9606.ENSP00000407336	0	0	0	0	0.833	0.996	0.967	0.856	0.999
NDUFB9	NDUFV2	9606.ENSP00000276689	9606.ENSP00000327268	0	0	0	0	0.967	0.993	0.967	0.862	0.999
NDUFB9	NDUFAB1	9606.ENSP00000276689	9606.ENSP00000458770	0	0	0	0	0.830	0.994	0.967	0.834	0.999
NDUFB9	NDUFS1	9606.ENSP00000276689	9606.ENSP00000392709	0	0	0	0	0.716	0.992	0.967	0.846	0.999
NDUFB9	MT-ND4	9606.ENSP00000276689	9606.ENSP00000354961	0	0	0	0	0.214	0.994	0.967	0.528	0.999
NDUFB9	NDUFA13	9606.ENSP00000276689	9606.ENSP00000423673	0	0	0	0	0.960	0.993	0.967	0.729	0.999
NDUFB9	NDUFC2	9606.ENSP00000276689	9606.ENSP00000281031	0	0	0	0	0.877	0.934	0.944	0.539	0.999
NDUFB9	NDUFB2	9606.ENSP00000276689	9606.ENSP00000419087	0	0	0	0	0.374	0.812	0.967	0.812	0.999
NDUFB9	NDUFA12	9606.ENSP00000276689	9606.ENSP00000330737	0	0	0	0	0.981	0.998	0.967	0.708	0.999
NDUFB9	MT-ND5	9606.ENSP00000276689	9606.ENSP00000354813	0	0	0	0	0.163	0.994	0.967	0.481	0.999
NDUFB9	NDUFA5	9606.ENSP00000276689	9606.ENSP00000417142	0	0	0	0	0.909	0.992	0.967	0.796	0.999
NDUFB9	NDUFB8	9606.ENSP00000276689	9606.ENSP00000299166	0	0	0	0	0.949	0.997	0.967	0.945	0.999
NDUFB9	NDUFA6	9606.ENSP00000276689	9606.ENSP00000482543	0	0	0	0	0.960	0.998	0.967	0.834	0.999
NDUFB9	NDUFA1	9606.ENSP00000276689	9606.ENSP00000360492	0	0	0	0	0.394	0.920	0.967	0.711	0.999
NDUFB9	NDUFA11	9606.ENSP00000276689	9606.ENSP00000389160	0	0	0	0	0.706	0.878	0.944	0.864	0.999
NDUFB9	NDUFS4	9606.ENSP00000276689	9606.ENSP00000296684	0	0	0	0	0.919	0.991	0.967	0.722	0.999
NDUFB9	NDUFA7	9606.ENSP00000276689	9606.ENSP00000301457	0	0	0	0	0.754	0.936	0.967	0.783	0.999
NDUFB9	MT-ND2	9606.ENSP00000276689	9606.ENSP00000355046	0	0	0	0	0.118	0.988	0.967	0.472	0.999
NDUFB9	UQCRFS1	9606.ENSP00000276689	9606.ENSP00000306397	0	0	0	0	0.771	0.975	0.284	0.835	0.999
NDUFB9	MT-ND1	9606.ENSP00000276689	9606.ENSP00000354687	0	0	0	0	0.219	0.991	0.967	0.268	0.999
NDUFB9	NDUFV1	9606.ENSP00000276689	9606.ENSP00000497587	0	0	0	0	0.872	0.991	0.967	0.647	0.999
NDUFB9	NDUFA3	9606.ENSP00000276689	9606.ENSP00000418438	0	0	0	0	0.532	0.894	0.967	0.490	0.999
NDUFB9	NDUFA8	9606.ENSP00000276689	9606.ENSP00000362873	0	0	0	0	0.978	0.996	0.967	0.717	0.999
NDUFB9	NDUFS5	9606.ENSP00000276689	9606.ENSP00000362058	0	0	0	0	0.921	0.998	0.900	0.521	0.999
NDUFB9	NDUFS2	9606.ENSP00000276689	9606.ENSP00000356972	0	0	0	0	0.611	0.991	0.967	0.819	0.999
NDUFB9	NDUFV3	9606.ENSP00000276689	9606.ENSP00000346196	0	0	0	0	0.393	0.937	0.967	0.541	0.999
NDUFB9	NDUFB6	9606.ENSP00000276689	9606.ENSP00000369176	0	0	0	0	0.959	0.974	0.967	0.676	0.999
NDUFB9	NDUFS8	9606.ENSP00000276689	9606.ENSP00000315774	0	0	0	0	0.957	0.991	0.967	0.828	0.999
NDUFC1	NDUFAF7	9606.ENSP00000441126	9606.ENSP00000002125	0	0	0	0	0	0	0.500	0.233	0.600
NDUFC1	NDUFB4	9606.ENSP00000441126	9606.ENSP00000184266	0	0	0	0	0.725	0.825	0.967	0.557	0.999
NDUFC1	UQCRC1	9606.ENSP00000441126	9606.ENSP00000203407	0	0	0	0	0.156	0.811	0	0.387	0.894
NDUFC1	NDUFB7	9606.ENSP00000441126	9606.ENSP00000215565	0	0	0	0	0.340	0.825	0.967	0.543	0.998
NDUFC1	COX6A1	9606.ENSP00000441126	9606.ENSP00000229379	0	0	0	0	0.245	0.100	0	0.375	0.538
NDUFC1	NDUFS7	9606.ENSP00000441126	9606.ENSP00000233627	0	0	0	0	0.269	0.825	0.967	0.524	0.997
NDUFC1	NDUFA2	9606.ENSP00000441126	9606.ENSP00000252102	0	0	0	0	0.759	0.825	0.967	0.881	0.999
NDUFC1	NDUFA10	9606.ENSP00000441126	9606.ENSP00000252711	0	0	0	0	0.138	0.920	0.967	0.482	0.998
NDUFC1	COX5B	9606.ENSP00000441126	9606.ENSP00000258424	0	0	0	0	0.451	0.811	0	0.411	0.933
NDUFC1	NDUFB5	9606.ENSP00000441126	9606.ENSP00000259037	0	0	0	0	0.722	0.825	0.967	0.902	0.999
NDUFC1	NDUFAF1	9606.ENSP00000441126	9606.ENSP00000260361	0	0	0	0	0.066	0	0.967	0.386	0.979
NDUFC1	FOXRED1	9606.ENSP00000441126	9606.ENSP00000263578	0	0	0	0	0	0	0.720	0.298	0.795
NDUFC1	NDUFS3	9606.ENSP00000441126	9606.ENSP00000263774	0	0	0	0	0.281	0.825	0.967	0.391	0.997
NDUFC1	NDUFA9	9606.ENSP00000441126	9606.ENSP00000266544	0	0	0	0	0.218	0.821	0.944	0.245	0.993
NDUFC1	UQCRC2	9606.ENSP00000441126	9606.ENSP00000268379	0	0	0	0	0.212	0.811	0	0.221	0.874
NDUFC1	NDUFB10	9606.ENSP00000441126	9606.ENSP00000268668	0	0	0	0	0.348	0.825	0.967	0.507	0.997
NDUFC1	ECSIT	9606.ENSP00000441126	9606.ENSP00000270517	0	0	0	0	0.049	0	0.500	0.288	0.631
NDUFC1	NDUFS6	9606.ENSP00000441126	9606.ENSP00000274137	0	0	0	0	0.626	0.825	0.967	0.798	0.999
NDUFC1	NDUFB11	9606.ENSP00000441126	9606.ENSP00000276062	0	0	0	0	0.218	0.825	0.967	0.502	0.997
NDUFC1	NDUFB9	9606.ENSP00000441126	9606.ENSP00000276689	0	0	0	0	0.328	0.825	0.967	0.621	0.998
NDUFC1	NDUFC2	9606.ENSP00000441126	9606.ENSP00000281031	0	0	0	0	0.290	0.914	0.944	0.836	0.999
NDUFC1	COX7A1	9606.ENSP00000441126	9606.ENSP00000292907	0	0	0	0	0.118	0.811	0	0.304	0.874
NDUFC1	NDUFAF2	9606.ENSP00000441126	9606.ENSP00000296597	0	0	0	0	0.153	0	0.838	0.328	0.900
NDUFC1	NDUFS4	9606.ENSP00000441126	9606.ENSP00000296684	0	0	0	0	0.368	0.825	0.967	0.481	0.997
NDUFC1	NDUFB8	9606.ENSP00000441126	9606.ENSP00000299166	0	0	0	0	0.329	0.825	0.967	0.640	0.998
NDUFC1	NDUFA7	9606.ENSP00000441126	9606.ENSP00000301457	0	0	0	0	0.512	0.825	0.967	0.722	0.999
NDUFC1	UQCRFS1	9606.ENSP00000441126	9606.ENSP00000306397	0	0	0	0	0.266	0.811	0	0.357	0.903
NDUFC1	UQCRH	9606.ENSP00000441126	9606.ENSP00000309565	0	0	0	0	0.368	0.811	0	0.433	0.926
NDUFC1	PRKACA	9606.ENSP00000441126	9606.ENSP00000309591	0	0	0	0	0	0	0.650	0	0.650
NDUFC1	ACAD9	9606.ENSP00000441126	9606.ENSP00000312618	0	0	0	0	0.047	0	0.500	0.278	0.625
NDUFC1	NDUFS8	9606.ENSP00000441126	9606.ENSP00000315774	0	0	0	0	0.249	0.825	0.967	0.560	0.997
NDUFC1	CYC1	9606.ENSP00000441126	9606.ENSP00000317159	0	0	0	0	0.178	0.811	0	0.193	0.864
NDUFC1	COX5A	9606.ENSP00000441126	9606.ENSP00000317780	0	0	0	0	0.397	0.811	0	0.323	0.916
NDUFC1	COX8A	9606.ENSP00000441126	9606.ENSP00000321260	0	0	0	0	0.257	0	0	0.369	0.511
NDUFC1	NDUFAF3	9606.ENSP00000441126	9606.ENSP00000323076	0	0	0	0	0.063	0	0.838	0.150	0.860
NDUFC1	NDUFV2	9606.ENSP00000441126	9606.ENSP00000327268	0	0	0	0	0.451	0.825	0.967	0.826	0.999
NDUFC1	NDUFA12	9606.ENSP00000441126	9606.ENSP00000330737	0	0	0	0	0.731	0.825	0.967	0.672	0.999
NDUFC1	TMEM186	9606.ENSP00000441126	9606.ENSP00000331640	0	0	0	0	0.042	0	0.500	0.388	0.681
NDUFC1	UQCR10	9606.ENSP00000441126	9606.ENSP00000332887	0	0	0	0	0.675	0.811	0	0.414	0.961
NDUFC1	NDUFA4	9606.ENSP00000441126	9606.ENSP00000339720	0	0	0	0	0.423	0	0.944	0.503	0.982
NDUFC1	NDUFV3	9606.ENSP00000441126	9606.ENSP00000346196	0	0	0	0	0.589	0.825	0.967	0.846	0.999
NDUFC1	TMEM126B	9606.ENSP00000441126	9606.ENSP00000351737	0	0	0	0	0.227	0	0.500	0.359	0.730
NDUFC1	MT-CO1	9606.ENSP00000441126	9606.ENSP00000354499	0	0	0	0	0	0.811	0	0.152	0.833
NDUFC1	MT-CYB	9606.ENSP00000441126	9606.ENSP00000354554	0	0	0	0	0	0.811	0	0.145	0.832
NDUFC1	MT-ND1	9606.ENSP00000441126	9606.ENSP00000354687	0	0	0	0	0	0.825	0.967	0.229	0.995
NDUFC1	MT-ND5	9606.ENSP00000441126	9606.ENSP00000354813	0	0	0	0	0	0.828	0.967	0.309	0.995
NDUFC1	MT-CO2	9606.ENSP00000441126	9606.ENSP00000354876	0	0	0	0	0	0.429	0	0	0.429
NDUFC1	MT-ND4	9606.ENSP00000441126	9606.ENSP00000354961	0	0	0	0	0	0.825	0.967	0.310	0.995
NDUFC1	MT-CO3	9606.ENSP00000441126	9606.ENSP00000354982	0	0	0	0	0	0.811	0	0.068	0.817
NDUFC1	MT-ND2	9606.ENSP00000441126	9606.ENSP00000355046	0	0	0	0	0	0.851	0.967	0.507	0.997
NDUFC1	NDUFS2	9606.ENSP00000441126	9606.ENSP00000356972	0	0	0	0	0.141	0.825	0.967	0.485	0.997
NDUFC1	NDUFAF4	9606.ENSP00000441126	9606.ENSP00000358272	0	0	0	0	0.172	0	0.838	0.179	0.880
NDUFC1	COX7A2	9606.ENSP00000441126	9606.ENSP00000359098	0	0	0	0	0.524	0	0	0.446	0.725
NDUFC1	PRKACB	9606.ENSP00000441126	9606.ENSP00000359719	0	0	0	0	0	0	0.650	0	0.650
NDUFC1	NDUFA1	9606.ENSP00000441126	9606.ENSP00000360492	0	0	0	0	0.482	0.825	0.967	0.608	0.998
NDUFC1	NDUFS5	9606.ENSP00000441126	9606.ENSP00000362058	0	0	0	0	0.508	0.825	0.900	0.584	0.995
NDUFC1	NDUFA8	9606.ENSP00000441126	9606.ENSP00000362873	0	0	0	0	0.395	0.825	0.967	0.618	0.998
NDUFC1	SDHD	9606.ENSP00000441126	9606.ENSP00000364699	0	0	0	0	0.168	0	0	0.364	0.448
NDUFC1	NDUFAF5	9606.ENSP00000441126	9606.ENSP00000367346	0	0	0	0	0.115	0	0.500	0.296	0.661
NDUFC1	UQCRQ	9606.ENSP00000441126	9606.ENSP00000367939	0	0	0	0	0.679	0.811	0	0.465	0.964
NDUFC1	NDUFB6	9606.ENSP00000441126	9606.ENSP00000369176	0	0	0	0	0.487	0.825	0.967	0.659	0.998
NDUFC1	COA1	9606.ENSP00000441126	9606.ENSP00000379218	0	0	0	0	0.085	0	0.500	0.198	0.601
NDUFC1	NDUFAF6	9606.ENSP00000441126	9606.ENSP00000379430	0	0	0	0	0	0	0.500	0.387	0.680
NDUFC1	NDUFA11	9606.ENSP00000441126	9606.ENSP00000389160	0	0	0	0	0.529	0.820	0.944	0.571	0.997
NDUFC1	NDUFS1	9606.ENSP00000441126	9606.ENSP00000392709	0	0	0	0	0.098	0.825	0.967	0.753	0.998
NDUFC1	NDUFB3	9606.ENSP00000441126	9606.ENSP00000407336	0	0	0	0	0.578	0.825	0.967	0.870	0.999
NDUFC1	NDUFA5	9606.ENSP00000441126	9606.ENSP00000417142	0	0	0	0	0.825	0.825	0.967	0.900	0.999
NDUFC1	NDUFA3	9606.ENSP00000441126	9606.ENSP00000418438	0	0	0	0	0.703	0.825	0.967	0.545	0.999
NDUFC1	TIMMDC1	9606.ENSP00000441126	9606.ENSP00000418803	0	0	0	0	0.063	0	0.500	0.266	0.626
NDUFC1	NDUFB2	9606.ENSP00000441126	9606.ENSP00000419087	0	0	0	0	0.375	0.812	0.967	0.721	0.998
NDUFC1	NDUFA13	9606.ENSP00000441126	9606.ENSP00000423673	0	0	0	0	0.339	0.825	0.967	0.454	0.997
NDUFC1	COX7C	9606.ENSP00000441126	9606.ENSP00000425759	0	0	0	0	0.669	0.811	0	0.564	0.970
NDUFC1	COX6C	9606.ENSP00000441126	9606.ENSP00000429707	0	0	0	0	0.703	0.429	0	0.351	0.880
NDUFC1	UQCRB	9606.ENSP00000441126	9606.ENSP00000430494	0	0	0	0	0.350	0.811	0	0.223	0.896
NDUFC1	COX4I1	9606.ENSP00000441126	9606.ENSP00000457513	0	0	0	0	0.207	0.815	0	0.287	0.886
NDUFC1	COX6B1	9606.ENSP00000441126	9606.ENSP00000466818	0	0	0	0	0.362	0.813	0	0.307	0.910
NDUFC1	COX7B	9606.ENSP00000441126	9606.ENSP00000497474	0	0	0	0	0.577	0.810	0	0.539	0.959
NDUFC1	UQCR11	9606.ENSP00000441126	9606.ENSP00000467262	0	0	0	0	0.713	0.811	0	0.540	0.972
NDUFC1	NDUFB1	9606.ENSP00000441126	9606.ENSP00000483888	0	0	0	0	0.386	0.825	0.900	0.640	0.995
NDUFC1	NDUFV1	9606.ENSP00000441126	9606.ENSP00000497587	0	0	0	0	0.144	0.825	0.967	0.755	0.998
NDUFC1	NDUFA6	9606.ENSP00000441126	9606.ENSP00000482543	0	0	0	0	0.461	0.825	0.967	0.810	0.999
NDUFC1	NDUFAB1	9606.ENSP00000441126	9606.ENSP00000458770	0	0	0	0	0.444	0.991	0.967	0.568	0.999
NDUFC2	NDUFAF7	9606.ENSP00000281031	9606.ENSP00000002125	0	0	0	0	0.111	0	0.500	0.188	0.607
NDUFC2	NDUFB4	9606.ENSP00000281031	9606.ENSP00000184266	0	0	0	0	0.854	0.961	0.944	0.686	0.999
NDUFC2	UQCRC1	9606.ENSP00000281031	9606.ENSP00000203407	0	0	0	0	0.247	0.852	0.151	0.480	0.944
NDUFC2	NDUFB7	9606.ENSP00000281031	9606.ENSP00000215565	0	0	0	0	0.684	0.944	0.944	0.501	0.999
NDUFC2	COX6A1	9606.ENSP00000281031	9606.ENSP00000229379	0	0	0	0	0.409	0.276	0	0.448	0.743
NDUFC2	NDUFS7	9606.ENSP00000281031	9606.ENSP00000233627	0	0	0	0	0.566	0.936	0.944	0.712	0.999
NDUFC2	NDUFA2	9606.ENSP00000281031	9606.ENSP00000252102	0	0	0	0	0.903	0.998	0.944	0.929	0.999
NDUFC2	NDUFA10	9606.ENSP00000281031	9606.ENSP00000252711	0	0	0	0	0.373	0.963	0.944	0.607	0.999
NDUFC2	COX5B	9606.ENSP00000281031	9606.ENSP00000258424	0	0	0	0	0.657	0.852	0	0.505	0.972
NDUFC2	NDUFB5	9606.ENSP00000281031	9606.ENSP00000259037	0	0	0	0	0.834	0.978	0.944	0.582	0.999
NDUFC2	NDUFAF1	9606.ENSP00000281031	9606.ENSP00000260361	0	0	0	0	0.058	0.225	0.944	0.460	0.975
NDUFC2	COX17	9606.ENSP00000281031	9606.ENSP00000261070	0	0	0	0	0.264	0	0	0.259	0.432
NDUFC2	FOXRED1	9606.ENSP00000281031	9606.ENSP00000263578	0	0	0	0	0.049	0	0.720	0.411	0.829
NDUFC2	NDUFS3	9606.ENSP00000281031	9606.ENSP00000263774	0	0	0	0	0.676	0.907	0.944	0.489	0.999
NDUFC2	SDHA	9606.ENSP00000281031	9606.ENSP00000264932	0	0	0	0	0.239	0.095	0	0.289	0.468
NDUFC2	NDUFA9	9606.ENSP00000281031	9606.ENSP00000266544	0	0	0	0	0.607	0.927	0.933	0.640	0.999
NDUFC2	UQCRC2	9606.ENSP00000281031	9606.ENSP00000268379	0	0	0	0	0.295	0.854	0.163	0.343	0.936
NDUFC2	NDUFB10	9606.ENSP00000281031	9606.ENSP00000268668	0	0	0	0	0.726	0.978	0.944	0.742	0.999
NDUFC2	ECSIT	9606.ENSP00000281031	9606.ENSP00000270517	0	0	0	0	0.131	0.770	0.500	0.303	0.921
NDUFC2	NDUFS6	9606.ENSP00000281031	9606.ENSP00000274137	0	0	0	0	0.719	0.943	0.944	0.743	0.999
NDUFC2	NDUFB11	9606.ENSP00000281031	9606.ENSP00000276062	0	0	0	0	0.793	0.979	0.944	0.663	0.999
NDUFC2	NDUFB9	9606.ENSP00000281031	9606.ENSP00000276689	0	0	0	0	0.877	0.934	0.944	0.539	0.999
NDUFC2	DMAC2L	9606.ENSP00000281031	9606.ENSP00000451583	0	0	0	0	0.291	0	0	0.202	0.410
NDUFC2	COX8A	9606.ENSP00000281031	9606.ENSP00000321260	0	0	0	0	0.207	0	0	0.353	0.465
NDUFC2	COA6	9606.ENSP00000281031	9606.ENSP00000355574	0	0	0	0	0.343	0.290	0	0.093	0.540
NDUFC2	COA3	9606.ENSP00000281031	9606.ENSP00000354762	0	0	0	0	0.255	0.292	0	0.202	0.542
NDUFC2	NDUFAF6	9606.ENSP00000281031	9606.ENSP00000379430	0	0	0	0	0	0	0.500	0.249	0.608
NDUFC2	MT-CO2	9606.ENSP00000281031	9606.ENSP00000354876	0	0	0	0	0.131	0.514	0	0.189	0.628
NDUFC2	PRKACB	9606.ENSP00000281031	9606.ENSP00000359719	0	0	0	0	0.044	0	0.650	0	0.651
NDUFC2	PRKACA	9606.ENSP00000281031	9606.ENSP00000309591	0	0	0	0	0.047	0	0.650	0	0.652
NDUFC2	COA1	9606.ENSP00000281031	9606.ENSP00000379218	0	0	0	0	0.094	0.233	0.500	0.160	0.669
NDUFC2	SDHC	9606.ENSP00000281031	9606.ENSP00000356953	0	0	0	0	0.580	0	0	0.270	0.680
NDUFC2	SDHD	9606.ENSP00000281031	9606.ENSP00000364699	0	0	0	0	0.537	0	0	0.339	0.681
NDUFC2	TMEM186	9606.ENSP00000281031	9606.ENSP00000331640	0	0	0	0	0.049	0	0.500	0.386	0.682
NDUFC2	SDHB	9606.ENSP00000281031	9606.ENSP00000364649	0	0	0	0	0.575	0.095	0	0.259	0.690
NDUFC2	NDUFAF5	9606.ENSP00000281031	9606.ENSP00000367346	0	0	0	0	0.072	0	0.500	0.509	0.752
NDUFC2	NDUFAF3	9606.ENSP00000281031	9606.ENSP00000323076	0	0	0	0	0.152	0	0.722	0.230	0.802
NDUFC2	COX7A2	9606.ENSP00000281031	9606.ENSP00000359098	0	0	0	0	0.639	0.089	0	0.526	0.830
NDUFC2	NDUFAF2	9606.ENSP00000281031	9606.ENSP00000296597	0	0	0	0	0.102	0	0.722	0.385	0.833
NDUFC2	ACAD9	9606.ENSP00000281031	9606.ENSP00000312618	0	0	0	0	0.063	0.545	0.500	0.318	0.835
NDUFC2	MT-CO3	9606.ENSP00000281031	9606.ENSP00000354982	0	0	0	0	0.108	0.824	0	0.079	0.843
NDUFC2	MT-CO1	9606.ENSP00000281031	9606.ENSP00000354499	0	0	0	0	0.127	0.824	0	0.125	0.854
NDUFC2	MT-CYB	9606.ENSP00000281031	9606.ENSP00000354554	0	0	0	0	0	0.852	0	0.174	0.872
NDUFC2	COX7A1	9606.ENSP00000281031	9606.ENSP00000292907	0	0	0	0	0.108	0.824	0	0.358	0.890
NDUFC2	NDUFAF4	9606.ENSP00000281031	9606.ENSP00000358272	0	0	0	0	0.055	0.599	0.722	0.261	0.911
NDUFC2	COX6C	9606.ENSP00000281031	9606.ENSP00000429707	0	0	0	0	0.757	0.458	0	0.396	0.913
NDUFC2	COX7B	9606.ENSP00000281031	9606.ENSP00000497474	0	0	0	0	0.251	0.829	0	0.402	0.917
NDUFC2	TIMMDC1	9606.ENSP00000281031	9606.ENSP00000418803	0	0	0	0	0.138	0.793	0.500	0.325	0.931
NDUFC2	CYC1	9606.ENSP00000281031	9606.ENSP00000317159	0	0	0	0	0.405	0.874	0	0.297	0.943
NDUFC2	TMEM126B	9606.ENSP00000281031	9606.ENSP00000351737	0	0	0	0	0.061	0.821	0.500	0.487	0.951
NDUFC2	COX6B1	9606.ENSP00000281031	9606.ENSP00000466818	0	0	0	0	0.411	0.877	0	0.386	0.952
NDUFC2	COX4I1	9606.ENSP00000281031	9606.ENSP00000457513	0	0	0	0	0.620	0.841	0	0.361	0.958
NDUFC2	UQCRH	9606.ENSP00000281031	9606.ENSP00000309565	0	0	0	0	0.513	0.854	0.154	0.439	0.961
NDUFC2	COX7C	9606.ENSP00000281031	9606.ENSP00000425759	0	0	0	0	0.645	0.824	0	0.441	0.962
NDUFC2	UQCRFS1	9606.ENSP00000281031	9606.ENSP00000306397	0	0	0	0	0.635	0.854	0.163	0.414	0.970
NDUFC2	UQCRB	9606.ENSP00000281031	9606.ENSP00000430494	0	0	0	0	0.734	0.838	0	0.389	0.971
NDUFC2	UQCR10	9606.ENSP00000281031	9606.ENSP00000332887	0	0	0	0	0.797	0.854	0	0.226	0.975
NDUFC2	COX5A	9606.ENSP00000281031	9606.ENSP00000317780	0	0	0	0	0.730	0.845	0	0.482	0.976
NDUFC2	UQCRQ	9606.ENSP00000281031	9606.ENSP00000367939	0	0	0	0	0.823	0.852	0.163	0.487	0.987
NDUFC2	UQCR11	9606.ENSP00000281031	9606.ENSP00000467262	0	0	0	0	0.876	0.824	0	0.473	0.987
NDUFC2	NDUFA4	9606.ENSP00000281031	9606.ENSP00000339720	0	0	0	0	0.534	0.234	0.933	0.567	0.988
NDUFC2	MT-ND1	9606.ENSP00000281031	9606.ENSP00000354687	0	0	0	0	0.324	0.852	0.944	0.207	0.995
NDUFC2	NDUFB2	9606.ENSP00000281031	9606.ENSP00000419087	0	0	0	0	0.219	0.811	0.944	0.607	0.996
NDUFC2	NDUFS1	9606.ENSP00000281031	9606.ENSP00000392709	0	0	0	0	0.277	0.895	0.944	0.454	0.997
NDUFC2	MT-ND5	9606.ENSP00000281031	9606.ENSP00000354813	0	0	0	0	0.250	0.927	0.944	0.624	0.998
NDUFC2	NDUFV3	9606.ENSP00000281031	9606.ENSP00000346196	0	0	0	0	0.172	0.932	0.944	0.556	0.998
NDUFC2	NDUFA3	9606.ENSP00000281031	9606.ENSP00000418438	0	0	0	0	0.469	0.931	0.944	0.546	0.998
NDUFC2	NDUFA1	9606.ENSP00000281031	9606.ENSP00000360492	0	0	0	0	0.433	0.918	0.944	0.623	0.998
NDUFC2	NDUFA11	9606.ENSP00000281031	9606.ENSP00000389160	0	0	0	0	0.621	0.856	0.933	0.726	0.998
NDUFC2	NDUFA5	9606.ENSP00000281031	9606.ENSP00000417142	0	0	0	0	0.693	0.903	0.944	0.692	0.999
NDUFC2	NDUFB8	9606.ENSP00000281031	9606.ENSP00000299166	0	0	0	0	0.894	0.927	0.944	0.716	0.999
NDUFC2	NDUFA6	9606.ENSP00000281031	9606.ENSP00000482543	0	0	0	0	0.696	0.998	0.944	0.750	0.999
NDUFC2	NDUFA12	9606.ENSP00000281031	9606.ENSP00000330737	0	0	0	0	0.841	0.937	0.944	0.658	0.999
NDUFC2	MT-ND4	9606.ENSP00000281031	9606.ENSP00000354961	0	0	0	0	0.242	0.969	0.944	0.536	0.999
NDUFC2	NDUFA13	9606.ENSP00000281031	9606.ENSP00000423673	0	0	0	0	0.858	0.974	0.944	0.573	0.999
NDUFC2	NDUFB3	9606.ENSP00000281031	9606.ENSP00000407336	0	0	0	0	0.760	0.927	0.944	0.756	0.999
NDUFC2	NDUFAB1	9606.ENSP00000281031	9606.ENSP00000458770	0	0	0	0	0.622	0.966	0.944	0.474	0.999
NDUFC2	NDUFV2	9606.ENSP00000281031	9606.ENSP00000327268	0	0	0	0	0.697	0.942	0.944	0.634	0.999
NDUFC2	NDUFC1	9606.ENSP00000281031	9606.ENSP00000441126	0	0	0	0	0.290	0.914	0.944	0.836	0.999
NDUFC2	NDUFB1	9606.ENSP00000281031	9606.ENSP00000483888	0	0	0	0	0.397	0.976	0.900	0.568	0.999
NDUFC2	NDUFB6	9606.ENSP00000281031	9606.ENSP00000369176	0	0	0	0	0.847	0.948	0.944	0.743	0.999
NDUFC2	NDUFS8	9606.ENSP00000281031	9606.ENSP00000315774	0	0	0	0	0.604	0.890	0.944	0.647	0.999
NDUFC2	NDUFA8	9606.ENSP00000281031	9606.ENSP00000362873	0	0	0	0	0.736	0.986	0.944	0.755	0.999
NDUFC2	NDUFS5	9606.ENSP00000281031	9606.ENSP00000362058	0	0	0	0	0.845	0.967	0.900	0.716	0.999
NDUFC2	NDUFS2	9606.ENSP00000281031	9606.ENSP00000356972	0	0	0	0	0.395	0.900	0.944	0.746	0.999
NDUFC2	MT-ND2	9606.ENSP00000281031	9606.ENSP00000355046	0	0	0	0	0.111	0.972	0.944	0.611	0.999
NDUFC2	NDUFV1	9606.ENSP00000281031	9606.ENSP00000497587	0	0	0	0	0.410	0.941	0.944	0.730	0.999
NDUFC2	NDUFS4	9606.ENSP00000281031	9606.ENSP00000296684	0	0	0	0	0.896	0.931	0.944	0.689	0.999
NDUFC2	NDUFA7	9606.ENSP00000281031	9606.ENSP00000301457	0	0	0	0	0.730	0.919	0.944	0.680	0.999
NDUFS1	NDUFAF7	9606.ENSP00000392709	9606.ENSP00000002125	0.057	0	0	0	0.111	0	0.500	0.214	0.627
NDUFS1	COX15	9606.ENSP00000392709	9606.ENSP00000016171	0	0	0	0	0.075	0.135	0	0.642	0.689
NDUFS1	NDUFB4	9606.ENSP00000392709	9606.ENSP00000184266	0	0	0	0	0.162	0.950	0.967	0.579	0.999
NDUFS1	UQCRC1	9606.ENSP00000392709	9606.ENSP00000203407	0	0	0	0	0.707	0.969	0.216	0.796	0.998
NDUFS1	NDUFB7	9606.ENSP00000392709	9606.ENSP00000215565	0	0	0	0	0.370	0.991	0.967	0.575	0.999
NDUFS1	COX6A1	9606.ENSP00000392709	9606.ENSP00000229379	0	0	0	0	0.085	0.301	0	0.354	0.551
NDUFS1	NDUFS7	9606.ENSP00000392709	9606.ENSP00000233627	0.111	0	0	0	0.831	0.999	0.967	0.994	0.999
NDUFS1	NDUFA2	9606.ENSP00000392709	9606.ENSP00000252102	0	0	0	0	0.715	0.999	0.967	0.989	0.999
NDUFS1	NDUFA10	9606.ENSP00000392709	9606.ENSP00000252711	0	0	0	0	0.496	0.950	0.967	0.881	0.999
NDUFS1	SCO1	9606.ENSP00000392709	9606.ENSP00000255390	0	0	0	0	0.124	0.134	0	0.504	0.591
NDUFS1	COX5B	9606.ENSP00000392709	9606.ENSP00000258424	0	0	0	0	0.173	0.844	0	0.719	0.960
NDUFS1	TACO1	9606.ENSP00000392709	9606.ENSP00000258975	0.102	0	0	0	0.124	0.088	0	0.527	0.615
NDUFS1	NDUFB5	9606.ENSP00000392709	9606.ENSP00000259037	0	0	0	0	0.260	0.959	0.967	0.800	0.999
NDUFS1	NDUFAF1	9606.ENSP00000392709	9606.ENSP00000260361	0	0	0	0	0.149	0.994	0.967	0.507	0.999
NDUFS1	FOXRED1	9606.ENSP00000392709	9606.ENSP00000263578	0	0	0	0	0.044	0	0.720	0.756	0.929
NDUFS1	NDUFS3	9606.ENSP00000392709	9606.ENSP00000263774	0.231	0	0.213	0	0.971	0.999	0.980	0.996	0.999
NDUFS1	SDHA	9606.ENSP00000392709	9606.ENSP00000264932	0.100	0	0	0	0.855	0.127	0.795	0.826	0.995
NDUFS1	NDUFA9	9606.ENSP00000392709	9606.ENSP00000266544	0	0	0	0	0.883	0.999	0.944	0.934	0.999
NDUFS1	UQCRC2	9606.ENSP00000392709	9606.ENSP00000268379	0	0	0	0	0.921	0.939	0.216	0.687	0.998
NDUFS1	NDUFB10	9606.ENSP00000392709	9606.ENSP00000268668	0	0	0	0	0.224	0.994	0.967	0.810	0.999
NDUFS1	ECSIT	9606.ENSP00000392709	9606.ENSP00000270517	0	0	0	0	0.075	0.994	0.500	0.248	0.997
NDUFS1	NDUFS6	9606.ENSP00000392709	9606.ENSP00000274137	0	0	0	0	0.656	0.999	0.967	0.984	0.999
NDUFS1	NDUFB11	9606.ENSP00000392709	9606.ENSP00000276062	0	0	0	0	0.139	0.969	0.967	0.660	0.999
NDUFS1	NDUFB9	9606.ENSP00000392709	9606.ENSP00000276689	0	0	0	0	0.716	0.992	0.967	0.846	0.999
NDUFS1	NDUFC2	9606.ENSP00000392709	9606.ENSP00000281031	0	0	0	0	0.277	0.895	0.944	0.454	0.997
NDUFS1	NUBPL	9606.ENSP00000392709	9606.ENSP00000281081	0	0	0	0	0.048	0.098	0.500	0.725	0.866
NDUFS1	AIFM1	9606.ENSP00000392709	9606.ENSP00000287295	0.102	0	0	0	0.180	0.063	0.215	0.291	0.546
NDUFS1	COX7A1	9606.ENSP00000392709	9606.ENSP00000292907	0	0	0	0	0	0.842	0	0.365	0.895
NDUFS1	NDUFAF2	9606.ENSP00000392709	9606.ENSP00000296597	0	0	0	0	0.084	0.797	0.838	0.788	0.992
NDUFS1	NDUFS4	9606.ENSP00000392709	9606.ENSP00000296684	0	0	0	0	0.885	0.999	0.967	0.984	0.999
NDUFS1	NDUFB8	9606.ENSP00000392709	9606.ENSP00000299166	0	0	0	0	0.668	0.988	0.967	0.788	0.999
NDUFS1	COX11	9606.ENSP00000392709	9606.ENSP00000299335	0	0	0	0	0.087	0	0	0.394	0.423
NDUFS1	NDUFA7	9606.ENSP00000392709	9606.ENSP00000301457	0	0	0	0	0.304	0.974	0.967	0.829	0.999
NDUFS1	UQCRFS1	9606.ENSP00000392709	9606.ENSP00000306397	0.094	0	0	0	0.732	0.988	0.809	0.734	0.999
NDUFS1	UQCRH	9606.ENSP00000392709	9606.ENSP00000309565	0	0	0	0	0.586	0.957	0.406	0.469	0.993
NDUFS1	PRKACA	9606.ENSP00000392709	9606.ENSP00000309591	0	0	0	0	0.049	0	0.650	0.081	0.667
NDUFS1	CASP3	9606.ENSP00000392709	9606.ENSP00000311032	0	0	0	0	0.042	0.295	0	0.223	0.429
NDUFS1	ACAD9	9606.ENSP00000392709	9606.ENSP00000312618	0	0	0	0	0.124	0.088	0.500	0.502	0.774
NDUFS1	NDUFS8	9606.ENSP00000392709	9606.ENSP00000315774	0.231	0	0.321	0	0.981	0.996	0.980	0.993	0.999
NDUFS1	CYC1	9606.ENSP00000392709	9606.ENSP00000317159	0	0	0	0	0.925	0.989	0.809	0.543	0.999
NDUFS1	COX5A	9606.ENSP00000392709	9606.ENSP00000317780	0	0	0	0	0.362	0.844	0	0.550	0.951
NDUFS1	NDUFAF3	9606.ENSP00000392709	9606.ENSP00000323076	0	0	0	0	0.058	0	0.838	0.565	0.927
NDUFS1	NDUFV2	9606.ENSP00000392709	9606.ENSP00000327268	0.231	0	0.334	0	0.978	0.999	0.980	0.999	0.999
NDUFS1	NDUFA12	9606.ENSP00000392709	9606.ENSP00000330737	0	0	0	0	0.715	0.999	0.967	0.885	0.999
NDUFS1	TMEM186	9606.ENSP00000392709	9606.ENSP00000331640	0	0	0	0	0.045	0	0.500	0.203	0.586
NDUFS1	UQCR10	9606.ENSP00000392709	9606.ENSP00000332887	0	0	0	0	0.248	0.967	0.172	0.560	0.990
NDUFS1	NDUFA4	9606.ENSP00000392709	9606.ENSP00000339720	0	0	0	0	0.063	0.249	0.944	0.632	0.983
NDUFS1	NDUFV3	9606.ENSP00000392709	9606.ENSP00000346196	0	0	0	0	0.163	0.982	0.967	0.931	0.999
NDUFS1	TMEM126B	9606.ENSP00000392709	9606.ENSP00000351737	0	0	0	0	0.064	0.216	0.500	0.338	0.724
NDUFS1	MT-CO1	9606.ENSP00000392709	9606.ENSP00000354499	0	0	0	0	0.177	0.830	0.809	0.617	0.988
NDUFS1	MT-CYB	9606.ENSP00000392709	9606.ENSP00000354554	0	0	0	0	0.108	0.904	0.585	0.669	0.986
NDUFS1	MT-ATP6	9606.ENSP00000392709	9606.ENSP00000354632	0	0	0	0	0.194	0	0	0.661	0.715
NDUFS1	MT-ND1	9606.ENSP00000392709	9606.ENSP00000354687	0.231	0.261	0	0	0.964	0.993	0.980	0.730	0.999
NDUFS1	MT-ND5	9606.ENSP00000392709	9606.ENSP00000354813	0.120	0	0	0	0.840	0.988	0.978	0.877	0.999
NDUFS1	MT-CO2	9606.ENSP00000392709	9606.ENSP00000354876	0	0	0	0	0.128	0.687	0.809	0.593	0.976
NDUFS1	MT-ND4	9606.ENSP00000392709	9606.ENSP00000354961	0.231	0	0	0	0.966	0.991	0.980	0.848	0.999
NDUFS1	MT-CO3	9606.ENSP00000392709	9606.ENSP00000354982	0	0	0	0	0.228	0.830	0.809	0.673	0.990
NDUFS1	MT-ND2	9606.ENSP00000392709	9606.ENSP00000355046	0.120	0	0	0	0.836	0.988	0.978	0.871	0.999
NDUFS1	COA6	9606.ENSP00000392709	9606.ENSP00000355574	0	0	0	0	0.130	0.288	0	0.229	0.481
NDUFS1	SDHC	9606.ENSP00000392709	9606.ENSP00000356953	0	0	0	0	0.839	0	0	0.541	0.923
NDUFS1	NDUFS2	9606.ENSP00000392709	9606.ENSP00000356972	0.231	0	0	0	0.977	0.997	0.980	0.997	0.999
NDUFS1	NDUFAF4	9606.ENSP00000392709	9606.ENSP00000358272	0	0	0	0	0.056	0	0.838	0.707	0.951
NDUFS1	COX7A2	9606.ENSP00000392709	9606.ENSP00000359098	0	0	0	0	0.097	0.161	0	0.357	0.470
NDUFS1	PRKACB	9606.ENSP00000392709	9606.ENSP00000359719	0	0	0	0	0.056	0	0.650	0.069	0.665
NDUFS1	NDUFA1	9606.ENSP00000392709	9606.ENSP00000360492	0	0	0	0	0.049	0.939	0.967	0.818	0.999
NDUFS1	SURF1	9606.ENSP00000392709	9606.ENSP00000361042	0	0	0	0	0.124	0.088	0	0.638	0.685
NDUFS1	NDUFS5	9606.ENSP00000392709	9606.ENSP00000362058	0	0	0	0	0.430	0.998	0.900	0.903	0.999
NDUFS1	NDUFA8	9606.ENSP00000392709	9606.ENSP00000362873	0	0	0	0	0.739	0.996	0.967	0.665	0.999
NDUFS1	SDHB	9606.ENSP00000392709	9606.ENSP00000364649	0	0	0	0	0.879	0.410	0.795	0.798	0.996
NDUFS1	SDHD	9606.ENSP00000392709	9606.ENSP00000364699	0	0	0	0	0.855	0	0	0.408	0.911
NDUFS1	NDUFAF5	9606.ENSP00000392709	9606.ENSP00000367346	0	0	0	0	0.056	0	0.500	0.762	0.877
NDUFS1	COX7A2L	9606.ENSP00000392709	9606.ENSP00000367938	0	0	0	0	0.059	0.162	0	0.338	0.432
NDUFS1	UQCRQ	9606.ENSP00000392709	9606.ENSP00000367939	0	0	0	0	0.420	0.875	0.172	0.431	0.961
NDUFS1	LYRM7	9606.ENSP00000392709	9606.ENSP00000368688	0	0	0	0	0.083	0	0	0.397	0.424
NDUFS1	NDUFB6	9606.ENSP00000392709	9606.ENSP00000369176	0	0	0	0	0.414	0.921	0.967	0.667	0.999
NDUFS1	COA1	9606.ENSP00000392709	9606.ENSP00000379218	0	0	0	0	0.062	0	0.500	0.147	0.565
NDUFS1	NDUFAF6	9606.ENSP00000392709	9606.ENSP00000379430	0	0	0	0	0.074	0	0.500	0.700	0.849
NDUFS1	NDUFA11	9606.ENSP00000392709	9606.ENSP00000389160	0	0	0	0	0.164	0.998	0.944	0.814	0.999
NDUFS1	SCO2	9606.ENSP00000392709	9606.ENSP00000444433	0	0	0	0	0.088	0	0	0.611	0.631
NDUFS1	TIMMDC1	9606.ENSP00000392709	9606.ENSP00000418803	0	0	0	0	0.072	0	0.500	0.305	0.649
NDUFS1	COX6C	9606.ENSP00000392709	9606.ENSP00000429707	0	0	0	0	0.083	0.507	0	0.350	0.680
NDUFS1	BCS1L	9606.ENSP00000392709	9606.ENSP00000413908	0.108	0	0	0	0.118	0	0	0.684	0.730
NDUFS1	COX7C	9606.ENSP00000392709	9606.ENSP00000425759	0	0	0	0	0.135	0.851	0	0.318	0.905
NDUFS1	UQCR11	9606.ENSP00000392709	9606.ENSP00000467262	0	0	0	0	0.116	0.830	0	0.600	0.934
NDUFS1	COX7B	9606.ENSP00000392709	9606.ENSP00000497474	0	0	0	0	0.088	0.842	0	0.592	0.936
NDUFS1	COX4I1	9606.ENSP00000392709	9606.ENSP00000457513	0	0	0	0	0.289	0.910	0	0.503	0.965
NDUFS1	COX6B1	9606.ENSP00000392709	9606.ENSP00000466818	0	0	0	0	0.130	0.896	0	0.706	0.971
NDUFS1	NDUFB2	9606.ENSP00000392709	9606.ENSP00000419087	0	0	0	0	0.056	0.812	0.967	0.376	0.995
NDUFS1	NDUFB1	9606.ENSP00000392709	9606.ENSP00000483888	0	0	0	0	0.222	0.894	0.900	0.642	0.996
NDUFS1	NDUFC1	9606.ENSP00000392709	9606.ENSP00000441126	0	0	0	0	0.098	0.825	0.967	0.753	0.998
NDUFS1	UQCRB	9606.ENSP00000392709	9606.ENSP00000430494	0	0	0	0	0.866	0.979	0.284	0.555	0.998
NDUFS1	NDUFV1	9606.ENSP00000392709	9606.ENSP00000497587	0.231	0	0.421	0	0.986	0.999	0.980	0.999	0.999
NDUFS1	NDUFA3	9606.ENSP00000392709	9606.ENSP00000418438	0	0	0	0	0.164	0.918	0.967	0.598	0.999
NDUFS1	NDUFB3	9606.ENSP00000392709	9606.ENSP00000407336	0	0	0	0	0.436	0.993	0.967	0.853	0.999
NDUFS1	NDUFAB1	9606.ENSP00000392709	9606.ENSP00000458770	0	0	0	0	0.235	0.991	0.967	0.764	0.999
NDUFS1	NDUFA13	9606.ENSP00000392709	9606.ENSP00000423673	0	0	0	0	0.534	0.998	0.967	0.816	0.999
NDUFS1	NDUFA6	9606.ENSP00000392709	9606.ENSP00000482543	0	0	0	0	0.481	0.999	0.967	0.919	0.999
NDUFS1	NDUFA5	9606.ENSP00000392709	9606.ENSP00000417142	0	0	0	0	0.481	0.991	0.967	0.945	0.999
NDUFS2	NDUFAF7	9606.ENSP00000356972	9606.ENSP00000002125	0.231	0	0	0	0.079	0.227	0.700	0.729	0.947
NDUFS2	COX15	9606.ENSP00000356972	9606.ENSP00000016171	0	0	0	0	0.172	0.095	0	0.498	0.591
NDUFS2	NDUFB4	9606.ENSP00000356972	9606.ENSP00000184266	0	0	0	0	0.201	0.923	0.967	0.567	0.999
NDUFS2	UQCRC1	9606.ENSP00000356972	9606.ENSP00000203407	0	0	0	0	0.956	0.953	0.154	0.759	0.999
NDUFS2	NDUFB7	9606.ENSP00000356972	9606.ENSP00000215565	0	0	0	0	0.478	0.991	0.967	0.691	0.999
NDUFS2	COX6A1	9606.ENSP00000356972	9606.ENSP00000229379	0	0	0	0	0.151	0.319	0	0.349	0.591
NDUFS2	NDUFS7	9606.ENSP00000356972	9606.ENSP00000233627	0.111	0.887	0.514	0	0.862	0.999	0.967	0.998	0.999
NDUFS2	NDUFA2	9606.ENSP00000356972	9606.ENSP00000252102	0	0	0	0	0.852	0.998	0.967	0.798	0.999
NDUFS2	NDUFA10	9606.ENSP00000356972	9606.ENSP00000252711	0	0	0	0	0.940	0.982	0.967	0.905	0.999
NDUFS2	SCO1	9606.ENSP00000356972	9606.ENSP00000255390	0	0	0	0	0.084	0.134	0	0.358	0.446
NDUFS2	COX5B	9606.ENSP00000356972	9606.ENSP00000258424	0	0	0	0	0.834	0.857	0	0.440	0.985
NDUFS2	TACO1	9606.ENSP00000356972	9606.ENSP00000258975	0.107	0	0	0	0.133	0.088	0	0.403	0.522
NDUFS2	NDUFB5	9606.ENSP00000356972	9606.ENSP00000259037	0	0	0	0	0.339	0.939	0.967	0.791	0.999
NDUFS2	NDUFAF1	9606.ENSP00000356972	9606.ENSP00000260361	0	0	0	0	0.067	0	0.967	0.674	0.989
NDUFS2	FOXRED1	9606.ENSP00000356972	9606.ENSP00000263578	0	0	0	0	0.082	0	0.720	0.738	0.926
NDUFS2	NDUFS3	9606.ENSP00000356972	9606.ENSP00000263774	0.231	0	0.460	0	0.974	0.999	0.980	0.999	0.999
NDUFS2	SDHA	9606.ENSP00000356972	9606.ENSP00000264932	0.061	0	0	0	0.970	0.263	0.809	0.667	0.998
NDUFS2	NDUFA9	9606.ENSP00000356972	9606.ENSP00000266544	0	0	0	0	0.868	0.999	0.944	0.913	0.999
NDUFS2	UQCRC2	9606.ENSP00000356972	9606.ENSP00000268379	0	0	0	0	0.802	0.911	0.172	0.670	0.994
NDUFS2	NDUFB10	9606.ENSP00000356972	9606.ENSP00000268668	0	0	0	0	0.387	0.991	0.967	0.810	0.999
NDUFS2	ECSIT	9606.ENSP00000356972	9606.ENSP00000270517	0	0	0	0	0.169	0.994	0.500	0.460	0.998
NDUFS2	NDUFS6	9606.ENSP00000356972	9606.ENSP00000274137	0	0	0	0	0.850	0.999	0.967	0.964	0.999
NDUFS2	NDUFB11	9606.ENSP00000356972	9606.ENSP00000276062	0	0	0	0	0.319	0.985	0.967	0.667	0.999
NDUFS2	NDUFB9	9606.ENSP00000356972	9606.ENSP00000276689	0	0	0	0	0.611	0.991	0.967	0.819	0.999
NDUFS2	NDUFC2	9606.ENSP00000356972	9606.ENSP00000281031	0	0	0	0	0.395	0.900	0.944	0.746	0.999
NDUFS2	NUBPL	9606.ENSP00000356972	9606.ENSP00000281081	0	0	0	0	0.042	0	0.500	0.812	0.902
NDUFS2	COX7A1	9606.ENSP00000356972	9606.ENSP00000292907	0	0	0	0	0	0.830	0	0.323	0.880
NDUFS2	NDUFAF2	9606.ENSP00000356972	9606.ENSP00000296597	0	0	0	0	0.067	0.507	0.838	0.852	0.987
NDUFS2	NDUFS4	9606.ENSP00000356972	9606.ENSP00000296684	0	0	0	0	0.922	0.998	0.967	0.956	0.999
NDUFS2	NDUFB8	9606.ENSP00000356972	9606.ENSP00000299166	0	0	0	0	0.929	0.988	0.967	0.777	0.999
NDUFS2	NDUFA7	9606.ENSP00000356972	9606.ENSP00000301457	0	0	0	0	0.383	0.966	0.967	0.528	0.999
NDUFS2	UQCRFS1	9606.ENSP00000356972	9606.ENSP00000306397	0	0	0	0	0.920	0.967	0.809	0.676	0.999
NDUFS2	TMEM126A	9606.ENSP00000356972	9606.ENSP00000306887	0	0	0	0	0.108	0	0	0.473	0.510
NDUFS2	UQCRH	9606.ENSP00000356972	9606.ENSP00000309565	0	0	0	0	0.705	0.950	0.237	0.406	0.992
NDUFS2	PRKACA	9606.ENSP00000356972	9606.ENSP00000309591	0	0	0	0	0.059	0	0.650	0.072	0.668
NDUFS2	TMEM70	9606.ENSP00000356972	9606.ENSP00000312599	0	0	0	0	0.119	0.088	0	0.354	0.436
NDUFS2	ACAD9	9606.ENSP00000356972	9606.ENSP00000312618	0	0	0	0	0.167	0.994	0.500	0.507	0.998
NDUFS2	NDUFS8	9606.ENSP00000356972	9606.ENSP00000315774	0.231	0	0.387	0	0.977	0.997	0.980	0.998	0.999
NDUFS2	CYC1	9606.ENSP00000356972	9606.ENSP00000317159	0	0	0	0	0.964	0.981	0.809	0.460	0.999
NDUFS2	COX5A	9606.ENSP00000356972	9606.ENSP00000317780	0	0	0	0	0.704	0.875	0	0.542	0.981
NDUFS2	COX8A	9606.ENSP00000356972	9606.ENSP00000321260	0	0	0	0	0.088	0.125	0	0.320	0.410
NDUFS2	NDUFAF3	9606.ENSP00000356972	9606.ENSP00000323076	0	0	0	0	0.151	0.994	0.838	0.826	0.999
NDUFS2	NDUFV2	9606.ENSP00000356972	9606.ENSP00000327268	0.231	0.757	0	0	0.972	0.998	0.980	0.993	0.999
NDUFS2	NDUFA12	9606.ENSP00000356972	9606.ENSP00000330737	0	0	0	0	0.910	0.998	0.967	0.833	0.999
NDUFS2	TMEM186	9606.ENSP00000356972	9606.ENSP00000331640	0	0	0	0	0.072	0	0.500	0.196	0.594
NDUFS2	UQCR10	9606.ENSP00000356972	9606.ENSP00000332887	0	0	0	0	0.698	0.967	0.172	0.462	0.994
NDUFS2	NDUFA4	9606.ENSP00000356972	9606.ENSP00000339720	0	0	0	0	0.258	0.250	0.944	0.674	0.988
NDUFS2	NDUFV3	9606.ENSP00000356972	9606.ENSP00000346196	0	0	0	0	0.148	0.940	0.967	0.537	0.999
NDUFS2	TMEM126B	9606.ENSP00000356972	9606.ENSP00000351737	0	0	0	0	0.049	0	0.500	0.453	0.717
NDUFS2	MT-CO1	9606.ENSP00000356972	9606.ENSP00000354499	0	0	0	0	0.386	0.830	0.809	0.560	0.990
NDUFS2	MT-CYB	9606.ENSP00000356972	9606.ENSP00000354554	0	0	0	0	0.141	0.904	0.585	0.699	0.988
NDUFS2	MT-ATP6	9606.ENSP00000356972	9606.ENSP00000354632	0.165	0	0	0	0.281	0	0	0.521	0.687
NDUFS2	MT-ND1	9606.ENSP00000356972	9606.ENSP00000354687	0.231	0	0.458	0	0.964	0.994	0.980	0.869	0.999
NDUFS2	MT-ND5	9606.ENSP00000356972	9606.ENSP00000354813	0.120	0	0.234	0	0.837	0.994	0.978	0.790	0.999
NDUFS2	MT-CO2	9606.ENSP00000356972	9606.ENSP00000354876	0	0	0	0	0.391	0.746	0.809	0.561	0.985
NDUFS2	MT-ND4	9606.ENSP00000356972	9606.ENSP00000354961	0.231	0	0.209	0	0.965	0.994	0.980	0.787	0.999
NDUFS2	MT-CO3	9606.ENSP00000356972	9606.ENSP00000354982	0	0	0	0	0.210	0.830	0.809	0.518	0.986
NDUFS2	MT-ND2	9606.ENSP00000356972	9606.ENSP00000355046	0.120	0	0	0	0.835	0.994	0.978	0.748	0.999
NDUFS2	COA6	9606.ENSP00000356972	9606.ENSP00000355574	0	0	0	0	0.282	0.309	0	0.412	0.683
NDUFS2	SDHC	9606.ENSP00000356972	9606.ENSP00000356953	0	0	0	0	0.928	0.486	0	0.541	0.981
NDUFS2	COX7A2L	9606.ENSP00000356972	9606.ENSP00000367938	0	0	0	0	0.151	0.162	0	0.324	0.477
NDUFS2	SURF1	9606.ENSP00000356972	9606.ENSP00000361042	0	0	0	0	0.124	0.088	0	0.407	0.485
NDUFS2	COA1	9606.ENSP00000356972	9606.ENSP00000379218	0	0	0	0	0.067	0	0.500	0.051	0.518
NDUFS2	BCS1L	9606.ENSP00000356972	9606.ENSP00000413908	0.110	0	0	0	0.150	0	0	0.417	0.521
NDUFS2	COX7A2	9606.ENSP00000356972	9606.ENSP00000359098	0	0	0	0	0.134	0.162	0	0.397	0.525
NDUFS2	PRKACB	9606.ENSP00000356972	9606.ENSP00000359719	0	0	0	0	0.057	0	0.650	0.071	0.666
NDUFS2	COX6C	9606.ENSP00000356972	9606.ENSP00000429707	0	0	0	0	0.169	0.544	0	0.373	0.742
NDUFS2	NDUFAF6	9606.ENSP00000356972	9606.ENSP00000379430	0	0	0	0	0.089	0	0.500	0.558	0.781
NDUFS2	COX7B	9606.ENSP00000356972	9606.ENSP00000497474	0	0	0	0	0.118	0.842	0	0.384	0.907
NDUFS2	SDHD	9606.ENSP00000356972	9606.ENSP00000364699	0	0	0	0	0.844	0	0	0.489	0.917
NDUFS2	NDUFAF5	9606.ENSP00000356972	9606.ENSP00000367346	0	0	0	0	0.057	0	0.500	0.852	0.924
NDUFS2	UQCR11	9606.ENSP00000356972	9606.ENSP00000467262	0	0	0	0	0.403	0.830	0	0.386	0.932
NDUFS2	COX7C	9606.ENSP00000356972	9606.ENSP00000425759	0	0	0	0	0.406	0.851	0	0.414	0.943
NDUFS2	COX6B1	9606.ENSP00000356972	9606.ENSP00000466818	0	0	0	0	0.361	0.856	0	0.509	0.951
NDUFS2	NDUFAF4	9606.ENSP00000356972	9606.ENSP00000358272	0	0	0	0	0.058	0.602	0.838	0.879	0.991
NDUFS2	UQCRQ	9606.ENSP00000356972	9606.ENSP00000367939	0	0	0	0	0.859	0.875	0.172	0.570	0.992
NDUFS2	COX4I1	9606.ENSP00000356972	9606.ENSP00000457513	0	0	0	0	0.907	0.898	0	0.443	0.994
NDUFS2	NDUFB2	9606.ENSP00000356972	9606.ENSP00000419087	0	0	0	0	0.049	0.812	0.967	0.514	0.996
NDUFS2	NDUFB1	9606.ENSP00000356972	9606.ENSP00000483888	0	0	0	0	0.109	0.894	0.900	0.672	0.996
NDUFS2	NDUFC1	9606.ENSP00000356972	9606.ENSP00000441126	0	0	0	0	0.141	0.825	0.967	0.485	0.997
NDUFS2	SDHB	9606.ENSP00000356972	9606.ENSP00000364649	0.087	0	0	0	0.966	0.141	0.809	0.616	0.997
NDUFS2	UQCRB	9606.ENSP00000356972	9606.ENSP00000430494	0	0	0	0	0.841	0.956	0.172	0.551	0.997
NDUFS2	TIMMDC1	9606.ENSP00000356972	9606.ENSP00000418803	0	0	0	0	0.068	0.994	0.500	0.464	0.998
NDUFS2	NDUFA13	9606.ENSP00000356972	9606.ENSP00000423673	0	0	0	0	0.927	0.999	0.967	0.771	0.999
NDUFS2	NDUFB3	9606.ENSP00000356972	9606.ENSP00000407336	0	0	0	0	0.381	0.993	0.967	0.764	0.999
NDUFS2	NDUFAB1	9606.ENSP00000356972	9606.ENSP00000458770	0	0	0	0	0.193	0.991	0.967	0.671	0.999
NDUFS2	NDUFS1	9606.ENSP00000356972	9606.ENSP00000392709	0.231	0	0	0	0.977	0.997	0.980	0.997	0.999
NDUFS2	NDUFA6	9606.ENSP00000356972	9606.ENSP00000482543	0	0	0	0	0.894	0.999	0.967	0.789	0.999
NDUFS2	NDUFA5	9606.ENSP00000356972	9606.ENSP00000417142	0	0	0	0	0.882	0.994	0.967	0.970	0.999
NDUFS2	NDUFV1	9606.ENSP00000356972	9606.ENSP00000497587	0.231	0.041	0	0	0.980	0.998	0.980	0.995	0.999
NDUFS2	NDUFA3	9606.ENSP00000356972	9606.ENSP00000418438	0	0	0	0	0.201	0.966	0.967	0.649	0.999
NDUFS2	NDUFA1	9606.ENSP00000356972	9606.ENSP00000360492	0	0	0	0	0.110	0.928	0.967	0.839	0.999
NDUFS2	NDUFA11	9606.ENSP00000356972	9606.ENSP00000389160	0	0	0	0	0.262	0.998	0.944	0.869	0.999
NDUFS2	NDUFB6	9606.ENSP00000356972	9606.ENSP00000369176	0	0	0	0	0.447	0.923	0.967	0.686	0.999
NDUFS2	NDUFA8	9606.ENSP00000356972	9606.ENSP00000362873	0	0	0	0	0.915	0.995	0.967	0.807	0.999
NDUFS2	NDUFS5	9606.ENSP00000356972	9606.ENSP00000362058	0	0	0	0	0.302	0.998	0.900	0.857	0.999
NDUFS3	NDUFAF7	9606.ENSP00000263774	9606.ENSP00000002125	0.118	0	0	0	0.082	0.115	0.500	0.375	0.735
NDUFS3	COX15	9606.ENSP00000263774	9606.ENSP00000016171	0	0	0	0	0.082	0.138	0	0.710	0.750
NDUFS3	NDUFB4	9606.ENSP00000263774	9606.ENSP00000184266	0	0	0	0	0.793	0.998	0.967	0.721	0.999
NDUFS3	UQCRC1	9606.ENSP00000263774	9606.ENSP00000203407	0	0	0	0	0.759	0.946	0.154	0.647	0.995
NDUFS3	NDUFB7	9606.ENSP00000263774	9606.ENSP00000215565	0	0	0	0	0.808	0.998	0.967	0.616	0.999
NDUFS3	COX6A1	9606.ENSP00000263774	9606.ENSP00000229379	0	0	0	0	0.427	0.375	0	0.377	0.757
NDUFS3	NDUFS7	9606.ENSP00000263774	9606.ENSP00000233627	0.111	0	0.361	0	0.927	0.999	0.967	0.997	0.999
NDUFS3	NDUFA2	9606.ENSP00000263774	9606.ENSP00000252102	0	0	0	0	0.426	0.998	0.967	0.870	0.999
NDUFS3	NDUFA10	9606.ENSP00000263774	9606.ENSP00000252711	0	0	0	0	0.854	0.918	0.967	0.820	0.999
NDUFS3	SCO1	9606.ENSP00000263774	9606.ENSP00000255390	0	0	0	0	0.179	0.321	0	0.272	0.559
NDUFS3	COX5B	9606.ENSP00000263774	9606.ENSP00000258424	0	0	0	0	0.775	0.844	0	0.626	0.985
NDUFS3	TACO1	9606.ENSP00000263774	9606.ENSP00000258975	0.119	0	0	0	0.165	0.088	0	0.470	0.597
NDUFS3	NDUFB5	9606.ENSP00000263774	9606.ENSP00000259037	0	0	0	0	0.893	0.977	0.967	0.551	0.999
NDUFS3	NDUFAF1	9606.ENSP00000263774	9606.ENSP00000260361	0	0	0	0	0.146	0.994	0.967	0.573	0.999
NDUFS3	COX17	9606.ENSP00000263774	9606.ENSP00000261070	0	0	0	0	0.162	0	0	0.328	0.413
NDUFS3	FOXRED1	9606.ENSP00000263774	9606.ENSP00000263578	0	0	0	0	0.127	0.292	0.720	0.729	0.946
NDUFS3	ACTB	9606.ENSP00000263774	9606.ENSP00000494750	0	0	0	0	0.061	0.162	0	0.322	0.420
NDUFS3	COX7A2L	9606.ENSP00000263774	9606.ENSP00000367938	0	0	0	0	0.121	0.161	0	0.320	0.454
NDUFS3	COX14	9606.ENSP00000263774	9606.ENSP00000326052	0	0	0	0	0.287	0.188	0	0.150	0.465
NDUFS3	SCO2	9606.ENSP00000263774	9606.ENSP00000444433	0	0	0	0	0.087	0	0	0.448	0.475
NDUFS3	COX8A	9606.ENSP00000263774	9606.ENSP00000321260	0	0	0	0	0.299	0.125	0	0.275	0.516
NDUFS3	COX11	9606.ENSP00000263774	9606.ENSP00000299335	0	0	0	0	0.104	0	0	0.502	0.535
NDUFS3	COA6	9606.ENSP00000263774	9606.ENSP00000355574	0	0	0	0	0.317	0.244	0	0.197	0.549
NDUFS3	TMEM186	9606.ENSP00000263774	9606.ENSP00000331640	0	0	0	0	0.068	0	0.500	0.169	0.579
NDUFS3	COA1	9606.ENSP00000263774	9606.ENSP00000379218	0	0	0	0	0.100	0	0.500	0.148	0.583
NDUFS3	PRKACB	9606.ENSP00000263774	9606.ENSP00000359719	0	0	0	0	0.071	0	0.650	0	0.661
NDUFS3	COX7A2	9606.ENSP00000263774	9606.ENSP00000359098	0	0	0	0	0.280	0.263	0	0.414	0.662
NDUFS3	PRKACA	9606.ENSP00000263774	9606.ENSP00000309591	0	0	0	0	0.071	0	0.650	0.056	0.666
NDUFS3	BCS1L	9606.ENSP00000263774	9606.ENSP00000413908	0.110	0	0	0	0.150	0	0	0.636	0.701
NDUFS3	SURF1	9606.ENSP00000263774	9606.ENSP00000361042	0	0	0	0	0.143	0.329	0	0.642	0.776
NDUFS3	MT-ATP6	9606.ENSP00000263774	9606.ENSP00000354632	0.184	0	0	0	0.292	0	0	0.691	0.805
NDUFS3	COX6C	9606.ENSP00000263774	9606.ENSP00000429707	0	0	0	0	0.415	0.589	0	0.413	0.846
NDUFS3	COX7A1	9606.ENSP00000263774	9606.ENSP00000292907	0	0	0	0	0.048	0.830	0	0.253	0.868
NDUFS3	TIMMDC1	9606.ENSP00000263774	9606.ENSP00000418803	0	0	0	0	0.118	0.591	0.500	0.425	0.882
NDUFS3	NUBPL	9606.ENSP00000263774	9606.ENSP00000281081	0	0	0	0	0.044	0	0.500	0.779	0.885
NDUFS3	TMEM126B	9606.ENSP00000263774	9606.ENSP00000351737	0	0	0	0	0.082	0.654	0.500	0.406	0.893
NDUFS3	NDUFAF6	9606.ENSP00000263774	9606.ENSP00000379430	0	0	0	0	0.088	0.095	0.500	0.789	0.901
NDUFS3	COX7B	9606.ENSP00000263774	9606.ENSP00000497474	0	0	0	0	0.169	0.842	0	0.361	0.909
NDUFS3	SDHC	9606.ENSP00000263774	9606.ENSP00000356953	0	0	0	0	0.854	0	0	0.475	0.920
NDUFS3	UQCR11	9606.ENSP00000263774	9606.ENSP00000467262	0	0	0	0	0.415	0.830	0	0.317	0.926
NDUFS3	SDHD	9606.ENSP00000263774	9606.ENSP00000364699	0	0	0	0	0.861	0	0	0.522	0.931
NDUFS3	COX7C	9606.ENSP00000263774	9606.ENSP00000425759	0	0	0	0	0.483	0.851	0	0.381	0.948
NDUFS3	COX6B1	9606.ENSP00000263774	9606.ENSP00000466818	0	0	0	0	0.372	0.872	0	0.446	0.952
NDUFS3	NDUFAF5	9606.ENSP00000263774	9606.ENSP00000367346	0	0	0	0	0.160	0.238	0.500	0.891	0.960
NDUFS3	NDUFAF2	9606.ENSP00000263774	9606.ENSP00000296597	0	0	0	0	0.085	0.507	0.838	0.786	0.982
NDUFS3	UQCRQ	9606.ENSP00000263774	9606.ENSP00000367939	0	0	0	0	0.753	0.885	0.172	0.433	0.985
NDUFS3	MT-CO2	9606.ENSP00000263774	9606.ENSP00000354876	0	0	0	0	0.531	0.674	0.809	0.616	0.987
NDUFS3	MT-CYB	9606.ENSP00000263774	9606.ENSP00000354554	0	0	0	0	0.141	0.906	0.585	0.664	0.987
NDUFS3	UQCRH	9606.ENSP00000263774	9606.ENSP00000309565	0	0	0	0	0.450	0.956	0.237	0.418	0.988
NDUFS3	NDUFA4	9606.ENSP00000263774	9606.ENSP00000339720	0	0	0	0	0.506	0.337	0.944	0.507	0.989
NDUFS3	MT-CO3	9606.ENSP00000263774	9606.ENSP00000354982	0	0	0	0	0.166	0.830	0.809	0.680	0.990
NDUFS3	SDHA	9606.ENSP00000263774	9606.ENSP00000264932	0.093	0	0	0	0.732	0.253	0.809	0.819	0.992
NDUFS3	COX4I1	9606.ENSP00000263774	9606.ENSP00000457513	0	0	0	0	0.741	0.933	0	0.651	0.993
NDUFS3	MT-CO1	9606.ENSP00000263774	9606.ENSP00000354499	0	0	0	0	0.458	0.830	0.809	0.670	0.993
NDUFS3	UQCR10	9606.ENSP00000263774	9606.ENSP00000332887	0	0	0	0	0.583	0.974	0.172	0.428	0.994
NDUFS3	UQCRC2	9606.ENSP00000263774	9606.ENSP00000268379	0	0	0	0	0.705	0.939	0.172	0.735	0.995
NDUFS3	NDUFAF4	9606.ENSP00000263774	9606.ENSP00000358272	0	0	0	0	0.107	0.803	0.838	0.854	0.995
NDUFS3	COX5A	9606.ENSP00000263774	9606.ENSP00000317780	0	0	0	0	0.926	0.886	0	0.606	0.996
NDUFS3	SDHB	9606.ENSP00000263774	9606.ENSP00000364649	0.107	0	0	0	0.929	0.096	0.809	0.717	0.996
NDUFS3	NDUFB2	9606.ENSP00000263774	9606.ENSP00000419087	0	0	0	0	0.208	0.812	0.967	0.376	0.996
NDUFS3	NDUFC1	9606.ENSP00000263774	9606.ENSP00000441126	0	0	0	0	0.281	0.825	0.967	0.391	0.997
NDUFS3	UQCRB	9606.ENSP00000263774	9606.ENSP00000430494	0	0	0	0	0.861	0.966	0.172	0.453	0.997
NDUFS3	NDUFB1	9606.ENSP00000263774	9606.ENSP00000483888	0	0	0	0	0.249	0.966	0.900	0.567	0.998
NDUFS3	ECSIT	9606.ENSP00000263774	9606.ENSP00000270517	0	0	0	0	0.224	0.994	0.500	0.366	0.998
NDUFS3	ACAD9	9606.ENSP00000263774	9606.ENSP00000312618	0	0	0	0	0.155	0.994	0.500	0.477	0.998
NDUFS3	UQCRFS1	9606.ENSP00000263774	9606.ENSP00000306397	0	0	0	0	0.877	0.973	0.809	0.710	0.999
NDUFS3	MT-ND2	9606.ENSP00000263774	9606.ENSP00000355046	0.120	0	0	0	0.840	0.992	0.978	0.769	0.999
NDUFS3	MT-ND1	9606.ENSP00000263774	9606.ENSP00000354687	0.231	0	0.275	0	0.967	0.998	0.980	0.726	0.999
NDUFS3	NDUFV1	9606.ENSP00000263774	9606.ENSP00000497587	0.231	0	0	0	0.974	0.998	0.980	0.997	0.999
NDUFS3	NDUFA3	9606.ENSP00000263774	9606.ENSP00000418438	0	0	0	0	0.268	0.974	0.967	0.676	0.999
NDUFS3	NDUFB9	9606.ENSP00000263774	9606.ENSP00000276689	0	0	0	0	0.947	0.996	0.967	0.884	0.999
NDUFS3	NDUFA1	9606.ENSP00000263774	9606.ENSP00000360492	0	0	0	0	0.240	0.939	0.967	0.774	0.999
NDUFS3	NDUFA11	9606.ENSP00000263774	9606.ENSP00000389160	0	0	0	0	0.513	0.998	0.944	0.727	0.999
NDUFS3	CYC1	9606.ENSP00000263774	9606.ENSP00000317159	0	0	0	0	0.899	0.986	0.809	0.483	0.999
NDUFS3	NDUFS4	9606.ENSP00000263774	9606.ENSP00000296684	0	0	0	0	0.875	0.999	0.967	0.914	0.999
NDUFS3	NDUFAF3	9606.ENSP00000263774	9606.ENSP00000323076	0	0	0	0	0.128	0.994	0.838	0.817	0.999
NDUFS3	NDUFA7	9606.ENSP00000263774	9606.ENSP00000301457	0	0	0	0	0.492	0.999	0.967	0.474	0.999
NDUFS3	NDUFB6	9606.ENSP00000263774	9606.ENSP00000369176	0	0	0	0	0.892	0.976	0.967	0.898	0.999
NDUFS3	NDUFS8	9606.ENSP00000263774	9606.ENSP00000315774	0.231	0	0.346	0	0.979	0.999	0.980	0.998	0.999
NDUFS3	NDUFA8	9606.ENSP00000263774	9606.ENSP00000362873	0	0	0	0	0.950	0.995	0.967	0.784	0.999
NDUFS3	NDUFS5	9606.ENSP00000263774	9606.ENSP00000362058	0	0	0	0	0.630	0.998	0.900	0.837	0.999
NDUFS3	NDUFS2	9606.ENSP00000263774	9606.ENSP00000356972	0.231	0	0.460	0	0.974	0.999	0.980	0.999	0.999
NDUFS3	NDUFB10	9606.ENSP00000263774	9606.ENSP00000268668	0	0	0	0	0.932	0.998	0.967	0.729	0.999
NDUFS3	NDUFV3	9606.ENSP00000263774	9606.ENSP00000346196	0	0	0	0	0.161	0.998	0.967	0.449	0.999
NDUFS3	MT-ND4	9606.ENSP00000263774	9606.ENSP00000354961	0.231	0	0	0	0.967	0.997	0.980	0.746	0.999
NDUFS3	NDUFA13	9606.ENSP00000263774	9606.ENSP00000423673	0	0	0	0	0.914	0.998	0.967	0.891	0.999
NDUFS3	NDUFC2	9606.ENSP00000263774	9606.ENSP00000281031	0	0	0	0	0.676	0.907	0.944	0.489	0.999
NDUFS3	NDUFB3	9606.ENSP00000263774	9606.ENSP00000407336	0	0	0	0	0.578	0.997	0.967	0.703	0.999
NDUFS3	NDUFAB1	9606.ENSP00000263774	9606.ENSP00000458770	0	0	0	0	0.719	0.991	0.967	0.600	0.999
NDUFS3	NDUFS1	9606.ENSP00000263774	9606.ENSP00000392709	0.231	0	0.213	0	0.971	0.999	0.980	0.996	0.999
NDUFS3	NDUFV2	9606.ENSP00000263774	9606.ENSP00000327268	0.231	0	0	0	0.980	0.998	0.980	0.993	0.999
NDUFS3	MT-ND5	9606.ENSP00000263774	9606.ENSP00000354813	0.120	0	0	0	0.847	0.999	0.978	0.792	0.999
NDUFS3	NDUFA9	9606.ENSP00000263774	9606.ENSP00000266544	0	0	0	0	0.878	0.999	0.944	0.991	0.999
NDUFS3	NDUFA5	9606.ENSP00000263774	9606.ENSP00000417142	0	0	0	0	0.929	0.999	0.967	0.967	0.999
NDUFS3	NDUFB8	9606.ENSP00000263774	9606.ENSP00000299166	0	0	0	0	0.914	0.998	0.967	0.843	0.999
NDUFS3	NDUFB11	9606.ENSP00000263774	9606.ENSP00000276062	0	0	0	0	0.872	0.998	0.967	0.652	0.999
NDUFS3	NDUFA6	9606.ENSP00000263774	9606.ENSP00000482543	0	0	0	0	0.865	0.999	0.967	0.885	0.999
NDUFS3	NDUFS6	9606.ENSP00000263774	9606.ENSP00000274137	0	0	0	0	0.816	0.998	0.967	0.955	0.999
NDUFS3	NDUFA12	9606.ENSP00000263774	9606.ENSP00000330737	0	0	0	0	0.931	0.998	0.967	0.679	0.999
NDUFS4	NDUFAF7	9606.ENSP00000296684	9606.ENSP00000002125	0	0	0	0	0.079	0	0.500	0.173	0.585
NDUFS4	COX15	9606.ENSP00000296684	9606.ENSP00000016171	0	0	0	0	0.082	0.522	0	0.754	0.882
NDUFS4	NDUFB4	9606.ENSP00000296684	9606.ENSP00000184266	0	0	0	0	0.780	0.998	0.967	0.632	0.999
NDUFS4	UQCRC1	9606.ENSP00000296684	9606.ENSP00000203407	0	0	0	0	0.611	0.964	0.154	0.483	0.993
NDUFS4	NDUFB7	9606.ENSP00000296684	9606.ENSP00000215565	0	0	0	0	0.790	0.994	0.967	0.623	0.999
NDUFS4	COX6A1	9606.ENSP00000296684	9606.ENSP00000229379	0	0	0	0	0.268	0.258	0	0.425	0.660
NDUFS4	NDUFS7	9606.ENSP00000296684	9606.ENSP00000233627	0	0	0	0	0.751	0.995	0.967	0.932	0.999
NDUFS4	NDUFA2	9606.ENSP00000296684	9606.ENSP00000252102	0	0	0	0	0.926	0.998	0.967	0.901	0.999
NDUFS4	NDUFA10	9606.ENSP00000296684	9606.ENSP00000252711	0	0	0	0	0.297	0.957	0.967	0.745	0.999
NDUFS4	SCO1	9606.ENSP00000296684	9606.ENSP00000255390	0	0	0	0	0.163	0	0	0.365	0.446
NDUFS4	COX5B	9606.ENSP00000296684	9606.ENSP00000258424	0	0	0	0	0.712	0.863	0	0.433	0.975
NDUFS4	TACO1	9606.ENSP00000296684	9606.ENSP00000258975	0	0	0	0	0.049	0.088	0	0.538	0.564
NDUFS4	NDUFB5	9606.ENSP00000296684	9606.ENSP00000259037	0	0	0	0	0.887	0.913	0.967	0.523	0.999
NDUFS4	NDUFAF1	9606.ENSP00000296684	9606.ENSP00000260361	0	0	0	0	0.129	0	0.967	0.540	0.985
NDUFS4	COX17	9606.ENSP00000296684	9606.ENSP00000261070	0	0	0	0	0.195	0	0	0.345	0.450
NDUFS4	FOXRED1	9606.ENSP00000296684	9606.ENSP00000263578	0	0	0	0	0.047	0	0.720	0.784	0.937
NDUFS4	NDUFS3	9606.ENSP00000296684	9606.ENSP00000263774	0	0	0	0	0.875	0.999	0.967	0.914	0.999
NDUFS4	SDHA	9606.ENSP00000296684	9606.ENSP00000264932	0	0	0	0	0.461	0.096	0	0.768	0.877
NDUFS4	NDUFA9	9606.ENSP00000296684	9606.ENSP00000266544	0	0	0	0	0.909	0.999	0.944	0.783	0.999
NDUFS4	UQCRC2	9606.ENSP00000296684	9606.ENSP00000268379	0	0	0	0	0.920	0.935	0.172	0.546	0.997
NDUFS4	NDUFB10	9606.ENSP00000296684	9606.ENSP00000268668	0	0	0	0	0.538	0.998	0.967	0.674	0.999
NDUFS4	ECSIT	9606.ENSP00000296684	9606.ENSP00000270517	0	0	0	0	0.075	0	0.500	0.317	0.656
NDUFS4	NDUFS6	9606.ENSP00000296684	9606.ENSP00000274137	0	0	0	0	0.894	0.996	0.967	0.987	0.999
NDUFS4	NDUFB11	9606.ENSP00000296684	9606.ENSP00000276062	0	0	0	0	0.746	0.957	0.967	0.696	0.999
NDUFS4	NDUFB9	9606.ENSP00000296684	9606.ENSP00000276689	0	0	0	0	0.919	0.991	0.967	0.722	0.999
NDUFS4	NDUFC2	9606.ENSP00000296684	9606.ENSP00000281031	0	0	0	0	0.896	0.931	0.944	0.689	0.999
NDUFS4	NUBPL	9606.ENSP00000296684	9606.ENSP00000281081	0	0	0	0	0.062	0	0.500	0.676	0.834
NDUFS4	COX7A1	9606.ENSP00000296684	9606.ENSP00000292907	0	0	0	0	0.083	0.830	0	0.310	0.883
NDUFS4	NDUFAF2	9606.ENSP00000296684	9606.ENSP00000296597	0	0	0	0	0.295	0.507	0.935	0.863	0.996
NDUFS4	COX11	9606.ENSP00000296684	9606.ENSP00000299335	0	0	0	0	0.136	0	0	0.386	0.447
NDUFS4	ATPAF2	9606.ENSP00000296684	9606.ENSP00000417190	0	0	0.232	0	0.049	0	0	0.372	0.501
NDUFS4	COA1	9606.ENSP00000296684	9606.ENSP00000379218	0	0	0	0	0.058	0	0.500	0	0.508
NDUFS4	TMEM186	9606.ENSP00000296684	9606.ENSP00000331640	0	0	0	0	0.042	0	0.500	0.172	0.568
NDUFS4	COA6	9606.ENSP00000296684	9606.ENSP00000355574	0	0	0	0	0.331	0.311	0	0.224	0.611
NDUFS4	TIMMDC1	9606.ENSP00000296684	9606.ENSP00000418803	0	0	0	0	0.059	0	0.500	0.307	0.645
NDUFS4	SCO2	9606.ENSP00000296684	9606.ENSP00000444433	0	0	0	0	0.075	0	0	0.643	0.655
NDUFS4	MT-ATP6	9606.ENSP00000296684	9606.ENSP00000354632	0	0	0	0	0.247	0	0	0.579	0.669
NDUFS4	PRKACB	9606.ENSP00000296684	9606.ENSP00000359719	0	0	0	0	0.044	0	0.650	0.207	0.711
NDUFS4	PRKACA	9606.ENSP00000296684	9606.ENSP00000309591	0	0	0	0	0.047	0	0.650	0.214	0.714
NDUFS4	ACAD9	9606.ENSP00000296684	9606.ENSP00000312618	0	0	0	0	0.057	0.088	0.500	0.418	0.716
NDUFS4	TMEM126B	9606.ENSP00000296684	9606.ENSP00000351737	0	0	0	0	0.265	0	0.500	0.324	0.730
NDUFS4	BCS1L	9606.ENSP00000296684	9606.ENSP00000413908	0	0	0	0	0.132	0	0	0.715	0.742
NDUFS4	SURF1	9606.ENSP00000296684	9606.ENSP00000361042	0	0	0	0	0.110	0.095	0	0.722	0.756
NDUFS4	COX7A2	9606.ENSP00000296684	9606.ENSP00000359098	0	0	0	0	0.421	0.136	0	0.578	0.771
NDUFS4	SDHD	9606.ENSP00000296684	9606.ENSP00000364699	0	0	0	0	0.736	0	0	0.455	0.850
NDUFS4	NDUFAF6	9606.ENSP00000296684	9606.ENSP00000379430	0	0	0	0	0.049	0	0.500	0.721	0.856
NDUFS4	MT-CO2	9606.ENSP00000296684	9606.ENSP00000354876	0	0	0	0	0.082	0.746	0	0.446	0.859
NDUFS4	SDHB	9606.ENSP00000296684	9606.ENSP00000364649	0	0	0	0	0.780	0.239	0	0.396	0.890
NDUFS4	SDHC	9606.ENSP00000296684	9606.ENSP00000356953	0	0	0	0	0.860	0	0	0.307	0.899
NDUFS4	NDUFAF5	9606.ENSP00000296684	9606.ENSP00000367346	0	0	0	0	0.156	0	0.500	0.814	0.914
NDUFS4	COX6C	9606.ENSP00000296684	9606.ENSP00000429707	0	0	0	0	0.758	0.544	0	0.366	0.924
NDUFS4	MT-CO3	9606.ENSP00000296684	9606.ENSP00000354982	0	0	0	0	0.115	0.830	0	0.576	0.930
NDUFS4	MT-CO1	9606.ENSP00000296684	9606.ENSP00000354499	0	0	0	0	0.138	0.830	0	0.570	0.931
NDUFS4	COX7B	9606.ENSP00000296684	9606.ENSP00000497474	0	0	0	0	0.358	0.842	0	0.513	0.946
NDUFS4	NDUFAF3	9606.ENSP00000296684	9606.ENSP00000323076	0	0	0	0	0.075	0.221	0.838	0.602	0.947
NDUFS4	UQCR11	9606.ENSP00000296684	9606.ENSP00000467262	0	0	0	0	0.549	0.830	0	0.452	0.954
NDUFS4	MT-CYB	9606.ENSP00000296684	9606.ENSP00000354554	0	0	0	0	0	0.904	0	0.566	0.956
NDUFS4	NDUFAF4	9606.ENSP00000296684	9606.ENSP00000358272	0	0	0	0	0.134	0	0.838	0.724	0.958
NDUFS4	COX6B1	9606.ENSP00000296684	9606.ENSP00000466818	0	0	0	0	0.455	0.885	0	0.381	0.958
NDUFS4	COX4I1	9606.ENSP00000296684	9606.ENSP00000457513	0	0	0	0	0.403	0.886	0	0.479	0.961
NDUFS4	COX5A	9606.ENSP00000296684	9606.ENSP00000317780	0	0	0	0	0.864	0.858	0	0.435	0.988
NDUFS4	UQCRQ	9606.ENSP00000296684	9606.ENSP00000367939	0	0	0	0	0.762	0.890	0.172	0.572	0.989
NDUFS4	NDUFA4	9606.ENSP00000296684	9606.ENSP00000339720	0	0	0	0	0.406	0.248	0.944	0.645	0.990
NDUFS4	COX7C	9606.ENSP00000296684	9606.ENSP00000425759	0	0	0	0	0.940	0.848	0	0.332	0.993
NDUFS4	NDUFB2	9606.ENSP00000296684	9606.ENSP00000419087	0	0	0	0	0.206	0.812	0.967	0.435	0.996
NDUFS4	NDUFB1	9606.ENSP00000296684	9606.ENSP00000483888	0	0	0	0	0.430	0.894	0.900	0.461	0.996
NDUFS4	UQCRH	9606.ENSP00000296684	9606.ENSP00000309565	0	0	0	0	0.656	0.973	0.406	0.505	0.996
NDUFS4	COX7A2L	9606.ENSP00000296684	9606.ENSP00000367938	0	0	0	0	0.157	0.994	0	0.328	0.996
NDUFS4	NDUFC1	9606.ENSP00000296684	9606.ENSP00000441126	0	0	0	0	0.368	0.825	0.967	0.481	0.997
NDUFS4	UQCR10	9606.ENSP00000296684	9606.ENSP00000332887	0	0	0	0	0.863	0.967	0.172	0.408	0.997
NDUFS4	NDUFA13	9606.ENSP00000296684	9606.ENSP00000423673	0	0	0	0	0.709	0.998	0.967	0.746	0.999
NDUFS4	MT-ND4	9606.ENSP00000296684	9606.ENSP00000354961	0	0	0	0	0.255	0.998	0.967	0.648	0.999
NDUFS4	NDUFV2	9606.ENSP00000296684	9606.ENSP00000327268	0	0	0	0	0.977	0.999	0.967	0.974	0.999
NDUFS4	NDUFS1	9606.ENSP00000296684	9606.ENSP00000392709	0	0	0	0	0.885	0.999	0.967	0.984	0.999
NDUFS4	NDUFAB1	9606.ENSP00000296684	9606.ENSP00000458770	0	0	0	0	0.737	0.991	0.967	0.555	0.999
NDUFS4	NDUFB3	9606.ENSP00000296684	9606.ENSP00000407336	0	0	0	0	0.947	0.994	0.967	0.722	0.999
NDUFS4	NDUFB8	9606.ENSP00000296684	9606.ENSP00000299166	0	0	0	0	0.955	0.998	0.967	0.729	0.999
NDUFS4	NDUFA6	9606.ENSP00000296684	9606.ENSP00000482543	0	0	0	0	0.942	0.999	0.967	0.813	0.999
NDUFS4	NDUFA5	9606.ENSP00000296684	9606.ENSP00000417142	0	0	0	0	0.975	0.994	0.967	0.776	0.999
NDUFS4	MT-ND5	9606.ENSP00000296684	9606.ENSP00000354813	0	0	0	0	0.219	0.999	0.967	0.735	0.999
NDUFS4	NDUFA12	9606.ENSP00000296684	9606.ENSP00000330737	0	0	0	0	0.990	0.999	0.967	0.863	0.999
NDUFS4	UQCRB	9606.ENSP00000296684	9606.ENSP00000430494	0	0	0	0	0.974	0.986	0.284	0.586	0.999
NDUFS4	NDUFA3	9606.ENSP00000296684	9606.ENSP00000418438	0	0	0	0	0.494	0.915	0.967	0.554	0.999
NDUFS4	MT-ND1	9606.ENSP00000296684	9606.ENSP00000354687	0	0	0	0	0.257	0.998	0.967	0.632	0.999
NDUFS4	NDUFV1	9606.ENSP00000296684	9606.ENSP00000497587	0	0	0	0	0.748	0.999	0.967	0.977	0.999
NDUFS4	MT-ND2	9606.ENSP00000296684	9606.ENSP00000355046	0	0	0	0	0.163	0.988	0.967	0.709	0.999
NDUFS4	UQCRFS1	9606.ENSP00000296684	9606.ENSP00000306397	0	0	0	0	0.892	0.988	0.560	0.569	0.999
NDUFS4	NDUFA7	9606.ENSP00000296684	9606.ENSP00000301457	0	0	0	0	0.595	0.998	0.967	0.792	0.999
NDUFS4	CYC1	9606.ENSP00000296684	9606.ENSP00000317159	0	0	0	0	0.844	0.993	0.284	0.153	0.999
NDUFS4	NDUFA1	9606.ENSP00000296684	9606.ENSP00000360492	0	0	0	0	0.397	0.921	0.967	0.874	0.999
NDUFS4	NDUFA11	9606.ENSP00000296684	9606.ENSP00000389160	0	0	0	0	0.555	0.998	0.944	0.735	0.999
NDUFS4	NDUFS8	9606.ENSP00000296684	9606.ENSP00000315774	0	0	0	0	0.929	0.999	0.967	0.924	0.999
NDUFS4	NDUFB6	9606.ENSP00000296684	9606.ENSP00000369176	0	0	0	0	0.935	0.916	0.967	0.723	0.999
NDUFS4	NDUFV3	9606.ENSP00000296684	9606.ENSP00000346196	0	0	0	0	0.169	0.999	0.967	0.864	0.999
NDUFS4	NDUFS5	9606.ENSP00000296684	9606.ENSP00000362058	0	0	0	0	0.807	0.998	0.900	0.844	0.999
NDUFS4	NDUFS2	9606.ENSP00000296684	9606.ENSP00000356972	0	0	0	0	0.922	0.998	0.967	0.956	0.999
NDUFS4	NDUFA8	9606.ENSP00000296684	9606.ENSP00000362873	0	0	0	0	0.960	0.995	0.967	0.722	0.999
NDUFS5	NDUFB4	9606.ENSP00000362058	9606.ENSP00000184266	0	0	0	0	0.911	0.998	0.900	0.696	0.999
NDUFS5	UQCRC1	9606.ENSP00000362058	9606.ENSP00000203407	0	0	0	0	0.191	0.998	0	0.407	0.999
NDUFS5	NDUFB7	9606.ENSP00000362058	9606.ENSP00000215565	0	0	0	0	0.913	0.998	0.900	0.786	0.999
NDUFS5	COX6A1	9606.ENSP00000362058	9606.ENSP00000229379	0	0	0	0	0.779	0.301	0	0.378	0.895
NDUFS5	NDUFS7	9606.ENSP00000362058	9606.ENSP00000233627	0	0	0	0	0.737	0.998	0.900	0.611	0.999
NDUFS5	NDUFA2	9606.ENSP00000362058	9606.ENSP00000252102	0	0	0	0	0.845	0.998	0.900	0.570	0.999
NDUFS5	NDUFA10	9606.ENSP00000362058	9606.ENSP00000252711	0	0	0	0	0.353	0.957	0.900	0.718	0.999
NDUFS5	COX5B	9606.ENSP00000362058	9606.ENSP00000258424	0	0	0	0	0.585	0.844	0	0.462	0.962
NDUFS5	NDUFB5	9606.ENSP00000362058	9606.ENSP00000259037	0	0	0	0	0.667	0.999	0.900	0.603	0.999
NDUFS5	NDUFAF1	9606.ENSP00000362058	9606.ENSP00000260361	0	0	0	0	0.058	0.994	0.900	0.485	0.999
NDUFS5	COX17	9606.ENSP00000362058	9606.ENSP00000261070	0	0	0	0	0.229	0	0	0.374	0.497
NDUFS5	FOXRED1	9606.ENSP00000362058	9606.ENSP00000263578	0	0	0	0	0.047	0.748	0.720	0.350	0.950
NDUFS5	NDUFS3	9606.ENSP00000362058	9606.ENSP00000263774	0	0	0	0	0.630	0.998	0.900	0.837	0.999
NDUFS5	SDHA	9606.ENSP00000362058	9606.ENSP00000264932	0	0	0	0	0.214	0	0	0.519	0.606
NDUFS5	NDUFA9	9606.ENSP00000362058	9606.ENSP00000266544	0	0	0	0	0.493	0.998	0.900	0.668	0.999
NDUFS5	UQCRC2	9606.ENSP00000362058	9606.ENSP00000268379	0	0	0	0	0.165	0.910	0	0.457	0.955
NDUFS5	NDUFB10	9606.ENSP00000362058	9606.ENSP00000268668	0	0	0	0	0.937	0.998	0.900	0.762	0.999
NDUFS5	ECSIT	9606.ENSP00000362058	9606.ENSP00000270517	0	0	0	0	0.080	0.994	0	0.160	0.994
NDUFS5	NDUFS6	9606.ENSP00000362058	9606.ENSP00000274137	0	0	0	0	0.903	0.998	0.900	0.893	0.999
NDUFS5	NDUFB11	9606.ENSP00000362058	9606.ENSP00000276062	0	0	0	0	0.882	0.998	0.900	0.457	0.999
NDUFS5	NDUFB9	9606.ENSP00000362058	9606.ENSP00000276689	0	0	0	0	0.921	0.998	0.900	0.521	0.999
NDUFS5	NDUFC2	9606.ENSP00000362058	9606.ENSP00000281031	0	0	0	0	0.845	0.967	0.900	0.716	0.999
NDUFS5	AIFM1	9606.ENSP00000362058	9606.ENSP00000287295	0	0	0	0	0.056	0.710	0	0.230	0.770
NDUFS5	COX7A1	9606.ENSP00000362058	9606.ENSP00000292907	0	0	0	0	0.129	0.830	0	0.165	0.865
NDUFS5	NDUFAF2	9606.ENSP00000362058	9606.ENSP00000296597	0	0	0	0	0.223	0	0.500	0.389	0.742
NDUFS5	NDUFS4	9606.ENSP00000362058	9606.ENSP00000296684	0	0	0	0	0.807	0.998	0.900	0.844	0.999
NDUFS5	NDUFB8	9606.ENSP00000362058	9606.ENSP00000299166	0	0	0	0	0.844	0.998	0.900	0.635	0.999
NDUFS5	NDUFA7	9606.ENSP00000362058	9606.ENSP00000301457	0	0	0	0	0.807	0.998	0.900	0.619	0.999
NDUFS5	UQCRFS1	9606.ENSP00000362058	9606.ENSP00000306397	0	0	0	0	0.471	0.998	0	0.430	0.999
NDUFS5	UQCRH	9606.ENSP00000362058	9606.ENSP00000309565	0	0	0	0	0.816	0.901	0	0.519	0.990
NDUFS5	PRKACA	9606.ENSP00000362058	9606.ENSP00000309591	0	0	0	0	0.044	0	0.650	0	0.651
NDUFS5	TMEM70	9606.ENSP00000362058	9606.ENSP00000312599	0	0	0	0	0.064	0.994	0	0.177	0.994
NDUFS5	ACAD9	9606.ENSP00000362058	9606.ENSP00000312618	0	0	0	0	0.088	0.994	0	0.252	0.995
NDUFS5	NDUFS8	9606.ENSP00000362058	9606.ENSP00000315774	0	0	0	0	0.748	0.998	0.900	0.684	0.999
NDUFS5	CYC1	9606.ENSP00000362058	9606.ENSP00000317159	0	0	0	0	0.300	0.908	0	0	0.933
NDUFS5	COX5A	9606.ENSP00000362058	9606.ENSP00000317780	0	0	0	0	0.500	0.856	0	0.363	0.950
NDUFS5	COX8A	9606.ENSP00000362058	9606.ENSP00000321260	0	0	0	0	0.298	0	0	0.352	0.526
NDUFS5	NDUFAF3	9606.ENSP00000362058	9606.ENSP00000323076	0	0	0	0	0.140	0.994	0	0.160	0.995
NDUFS5	COX14	9606.ENSP00000362058	9606.ENSP00000326052	0	0	0	0	0.677	0	0	0.138	0.710
NDUFS5	NDUFV2	9606.ENSP00000362058	9606.ENSP00000327268	0	0	0	0	0.652	0.998	0.900	0.591	0.999
NDUFS5	NDUFA12	9606.ENSP00000362058	9606.ENSP00000330737	0	0	0	0	0.924	0.998	0.900	0.519	0.999
NDUFS5	UQCR10	9606.ENSP00000362058	9606.ENSP00000332887	0	0	0	0	0.889	0.855	0	0.457	0.990
NDUFS5	NDUFA4	9606.ENSP00000362058	9606.ENSP00000339720	0	0	0	0	0.605	0.251	0.900	0.471	0.982
NDUFS5	NDUFV3	9606.ENSP00000362058	9606.ENSP00000346196	0	0	0	0	0.608	0.998	0.900	0.472	0.999
NDUFS5	TMEM126B	9606.ENSP00000362058	9606.ENSP00000351737	0	0	0	0	0.090	0.430	0	0.328	0.621
NDUFS5	MT-CO1	9606.ENSP00000362058	9606.ENSP00000354499	0	0	0	0	0.139	0.830	0	0.241	0.879
NDUFS5	MT-CYB	9606.ENSP00000362058	9606.ENSP00000354554	0	0	0	0	0.049	0.855	0	0.215	0.882
NDUFS5	MT-ND1	9606.ENSP00000362058	9606.ENSP00000354687	0	0	0	0	0.356	0.998	0.900	0.472	0.999
NDUFS5	COA3	9606.ENSP00000362058	9606.ENSP00000354762	0	0	0	0	0.423	0	0	0.213	0.527
NDUFS5	MT-ND5	9606.ENSP00000362058	9606.ENSP00000354813	0	0	0	0	0.255	0.998	0.900	0.327	0.999
NDUFS5	MT-CO2	9606.ENSP00000362058	9606.ENSP00000354876	0	0	0	0	0.083	0.746	0	0.211	0.800
NDUFS5	MT-ND4	9606.ENSP00000362058	9606.ENSP00000354961	0	0	0	0	0.324	0.998	0.900	0.392	0.999
NDUFS5	MT-CO3	9606.ENSP00000362058	9606.ENSP00000354982	0	0	0	0	0.108	0.830	0	0.206	0.869
NDUFS5	MT-ND2	9606.ENSP00000362058	9606.ENSP00000355046	0	0	0	0	0.163	0.959	0.900	0.360	0.997
NDUFS5	COA6	9606.ENSP00000362058	9606.ENSP00000355574	0	0	0	0	0.163	0.329	0	0.357	0.607
NDUFS5	SDHC	9606.ENSP00000362058	9606.ENSP00000356953	0	0	0	0	0.333	0	0	0.505	0.656
NDUFS5	NDUFS2	9606.ENSP00000362058	9606.ENSP00000356972	0	0	0	0	0.302	0.998	0.900	0.857	0.999
NDUFS5	NDUFAF4	9606.ENSP00000362058	9606.ENSP00000358272	0	0	0	0	0.068	0.994	0	0.194	0.995
NDUFS5	COX7A2	9606.ENSP00000362058	9606.ENSP00000359098	0	0	0	0	0.620	0.162	0	0.413	0.796
NDUFS5	PRKACB	9606.ENSP00000362058	9606.ENSP00000359719	0	0	0	0	0.044	0	0.650	0	0.651
NDUFS5	NDUFA1	9606.ENSP00000362058	9606.ENSP00000360492	0	0	0	0	0.826	0.966	0.900	0.811	0.999
NDUFS5	NDUFAF5	9606.ENSP00000362058	9606.ENSP00000367346	0	0	0	0	0.106	0	0	0.356	0.401
NDUFS5	DMAC2L	9606.ENSP00000362058	9606.ENSP00000451583	0	0	0	0	0.234	0	0	0.253	0.403
NDUFS5	COA4	9606.ENSP00000362058	9606.ENSP00000443795	0	0	0	0	0.078	0	0	0.390	0.413
NDUFS5	BCS1L	9606.ENSP00000362058	9606.ENSP00000413908	0	0	0	0	0.075	0	0	0.501	0.518
NDUFS5	SDHD	9606.ENSP00000362058	9606.ENSP00000364699	0	0	0	0	0.337	0	0	0.347	0.549
NDUFS5	SDHB	9606.ENSP00000362058	9606.ENSP00000364649	0	0	0	0	0.661	0.132	0	0.520	0.846
NDUFS5	COX7B	9606.ENSP00000362058	9606.ENSP00000497474	0	0	0	0	0.328	0.842	0	0.385	0.929
NDUFS5	COX6B1	9606.ENSP00000362058	9606.ENSP00000466818	0	0	0	0	0.440	0.860	0	0.447	0.952
NDUFS5	COX4I1	9606.ENSP00000362058	9606.ENSP00000457513	0	0	0	0	0.560	0.852	0	0.359	0.954
NDUFS5	COX6C	9606.ENSP00000362058	9606.ENSP00000429707	0	0	0	0	0.848	0.566	0	0.432	0.959
NDUFS5	UQCRB	9606.ENSP00000362058	9606.ENSP00000430494	0	0	0	0	0.633	0.854	0	0.387	0.964
NDUFS5	COX7C	9606.ENSP00000362058	9606.ENSP00000425759	0	0	0	0	0.813	0.851	0	0.359	0.980
NDUFS5	UQCR11	9606.ENSP00000362058	9606.ENSP00000467262	0	0	0	0	0.867	0.830	0	0.449	0.986
NDUFS5	UQCRQ	9606.ENSP00000362058	9606.ENSP00000367939	0	0	0	0	0.873	0.907	0	0.485	0.993
NDUFS5	NDUFC1	9606.ENSP00000362058	9606.ENSP00000441126	0	0	0	0	0.508	0.825	0.900	0.584	0.995
NDUFS5	NDUFB2	9606.ENSP00000362058	9606.ENSP00000419087	0	0	0	0	0.405	0.812	0.900	0.669	0.995
NDUFS5	COX7A2L	9606.ENSP00000362058	9606.ENSP00000367938	0	0	0	0	0.110	0.994	0	0.321	0.996
NDUFS5	TIMMDC1	9606.ENSP00000362058	9606.ENSP00000418803	0	0	0	0	0.067	0.994	0	0.439	0.996
NDUFS5	NDUFB1	9606.ENSP00000362058	9606.ENSP00000483888	0	0	0	0	0.442	0.940	0.900	0.557	0.998
NDUFS5	NDUFAB1	9606.ENSP00000362058	9606.ENSP00000458770	0	0	0	0	0.531	0.991	0.900	0.541	0.999
NDUFS5	NDUFS1	9606.ENSP00000362058	9606.ENSP00000392709	0	0	0	0	0.430	0.998	0.900	0.903	0.999
NDUFS5	NDUFB3	9606.ENSP00000362058	9606.ENSP00000407336	0	0	0	0	0.902	0.944	0.900	0.689	0.999
NDUFS5	NDUFA13	9606.ENSP00000362058	9606.ENSP00000423673	0	0	0	0	0.886	0.999	0.900	0.728	0.999
NDUFS5	NDUFA5	9606.ENSP00000362058	9606.ENSP00000417142	0	0	0	0	0.846	0.998	0.900	0.880	0.999
NDUFS5	NDUFA6	9606.ENSP00000362058	9606.ENSP00000482543	0	0	0	0	0.847	0.998	0.900	0.518	0.999
NDUFS5	NDUFA11	9606.ENSP00000362058	9606.ENSP00000389160	0	0	0	0	0.827	0.998	0.900	0.553	0.999
NDUFS5	NDUFA3	9606.ENSP00000362058	9606.ENSP00000418438	0	0	0	0	0.571	0.974	0.900	0.569	0.999
NDUFS5	NDUFV1	9606.ENSP00000362058	9606.ENSP00000497587	0	0	0	0	0.515	0.998	0.900	0.700	0.999
NDUFS5	NDUFA8	9606.ENSP00000362058	9606.ENSP00000362873	0	0	0	0	0.916	0.982	0.900	0.791	0.999
NDUFS5	NDUFB6	9606.ENSP00000362058	9606.ENSP00000369176	0	0	0	0	0.930	0.998	0.900	0.680	0.999
NDUFS6	NDUFAF7	9606.ENSP00000274137	9606.ENSP00000002125	0	0	0	0	0.063	0	0.500	0.123	0.553
NDUFS6	COX15	9606.ENSP00000274137	9606.ENSP00000016171	0	0	0	0	0.067	0.300	0	0.261	0.475
NDUFS6	NDUFB4	9606.ENSP00000274137	9606.ENSP00000184266	0	0	0	0	0.943	0.966	0.967	0.728	0.999
NDUFS6	UQCRC1	9606.ENSP00000274137	9606.ENSP00000203407	0	0	0	0	0.516	0.966	0	0.478	0.990
NDUFS6	NDUFB7	9606.ENSP00000274137	9606.ENSP00000215565	0	0	0	0	0.939	0.996	0.967	0.777	0.999
NDUFS6	COX6A1	9606.ENSP00000274137	9606.ENSP00000229379	0	0	0	0	0.613	0.351	0	0.412	0.839
NDUFS6	NDUFS7	9606.ENSP00000274137	9606.ENSP00000233627	0	0	0	0	0.758	0.995	0.967	0.943	0.999
NDUFS6	NDUFA2	9606.ENSP00000274137	9606.ENSP00000252102	0	0	0	0	0.954	0.998	0.967	0.949	0.999
NDUFS6	NDUFA10	9606.ENSP00000274137	9606.ENSP00000252711	0	0	0	0	0.351	0.918	0.967	0.711	0.999
NDUFS6	COX5B	9606.ENSP00000274137	9606.ENSP00000258424	0	0	0	0	0.932	0.869	0	0.521	0.995
NDUFS6	NDUFB5	9606.ENSP00000274137	9606.ENSP00000259037	0	0	0	0	0.869	0.939	0.967	0.900	0.999
NDUFS6	NDUFAF1	9606.ENSP00000274137	9606.ENSP00000260361	0	0	0	0	0.056	0	0.967	0.624	0.987
NDUFS6	COX17	9606.ENSP00000274137	9606.ENSP00000261070	0	0	0	0	0.174	0	0	0.359	0.448
NDUFS6	FOXRED1	9606.ENSP00000274137	9606.ENSP00000263578	0	0	0	0	0.044	0	0.720	0.566	0.873
NDUFS6	NDUFS3	9606.ENSP00000274137	9606.ENSP00000263774	0	0	0	0	0.816	0.998	0.967	0.955	0.999
NDUFS6	SDHA	9606.ENSP00000274137	9606.ENSP00000264932	0	0	0	0	0.561	0.205	0	0.578	0.840
NDUFS6	NDUFA9	9606.ENSP00000274137	9606.ENSP00000266544	0	0	0	0	0.830	0.999	0.944	0.695	0.999
NDUFS6	UQCRC2	9606.ENSP00000274137	9606.ENSP00000268379	0	0	0	0	0.256	0.921	0	0.441	0.964
NDUFS6	NDUFB10	9606.ENSP00000274137	9606.ENSP00000268668	0	0	0	0	0.866	0.996	0.967	0.686	0.999
NDUFS6	ECSIT	9606.ENSP00000274137	9606.ENSP00000270517	0	0	0	0	0.239	0	0.500	0.224	0.679
NDUFS6	UQCC2	9606.ENSP00000274137	9606.ENSP00000476140	0	0	0	0	0.263	0	0	0.245	0.419
NDUFS6	COX14	9606.ENSP00000274137	9606.ENSP00000326052	0	0	0	0	0.279	0.188	0	0.099	0.426
NDUFS6	SURF1	9606.ENSP00000274137	9606.ENSP00000361042	0	0	0	0	0.084	0.095	0	0.370	0.432
NDUFS6	COX8A	9606.ENSP00000274137	9606.ENSP00000321260	0	0	0	0	0.233	0.127	0	0.289	0.482
NDUFS6	BCS1L	9606.ENSP00000274137	9606.ENSP00000413908	0	0	0	0	0.113	0	0	0.448	0.490
NDUFS6	COA1	9606.ENSP00000274137	9606.ENSP00000379218	0	0	0	0	0.059	0	0.500	0.060	0.519
NDUFS6	COA6	9606.ENSP00000274137	9606.ENSP00000355574	0	0	0	0	0.333	0.218	0	0.200	0.547
NDUFS6	TMEM186	9606.ENSP00000274137	9606.ENSP00000331640	0	0	0	0	0.075	0	0.500	0.162	0.578
NDUFS6	PRKACB	9606.ENSP00000274137	9606.ENSP00000359719	0	0	0	0	0.081	0	0.650	0	0.664
NDUFS6	PRKACA	9606.ENSP00000274137	9606.ENSP00000309591	0	0	0	0	0.093	0	0.650	0	0.669
NDUFS6	TIMMDC1	9606.ENSP00000274137	9606.ENSP00000418803	0	0	0	0	0.109	0	0.500	0.352	0.686
NDUFS6	TMEM126B	9606.ENSP00000274137	9606.ENSP00000351737	0	0	0	0	0.056	0	0.500	0.398	0.691
NDUFS6	ACAD9	9606.ENSP00000274137	9606.ENSP00000312618	0	0	0	0	0.087	0.088	0.500	0.351	0.693
NDUFS6	NDUFAF6	9606.ENSP00000274137	9606.ENSP00000379430	0	0	0	0	0.049	0	0.500	0.438	0.709
NDUFS6	COX7A2	9606.ENSP00000274137	9606.ENSP00000359098	0	0	0	0	0.425	0	0	0.540	0.724
NDUFS6	NUBPL	9606.ENSP00000274137	9606.ENSP00000281081	0	0	0	0	0	0	0.500	0.598	0.790
NDUFS6	MT-CO2	9606.ENSP00000274137	9606.ENSP00000354876	0	0	0	0	0.127	0.746	0	0.223	0.812
NDUFS6	NDUFAF5	9606.ENSP00000274137	9606.ENSP00000367346	0	0	0	0	0.100	0	0.500	0.675	0.841
NDUFS6	COX7A1	9606.ENSP00000274137	9606.ENSP00000292907	0	0	0	0	0.047	0.830	0	0.233	0.865
NDUFS6	MT-CO3	9606.ENSP00000274137	9606.ENSP00000354982	0	0	0	0	0.131	0.830	0	0.165	0.866
NDUFS6	SDHC	9606.ENSP00000274137	9606.ENSP00000356953	0	0	0	0	0.842	0	0	0.236	0.874
NDUFS6	MT-CO1	9606.ENSP00000274137	9606.ENSP00000354499	0	0	0	0	0.097	0.830	0	0.246	0.874
NDUFS6	SDHB	9606.ENSP00000274137	9606.ENSP00000364649	0	0	0	0	0.790	0	0	0.482	0.886
NDUFS6	COX6C	9606.ENSP00000274137	9606.ENSP00000429707	0	0	0	0	0.721	0.507	0	0.380	0.907
NDUFS6	COX7B	9606.ENSP00000274137	9606.ENSP00000497474	0	0	0	0	0.323	0.842	0	0.298	0.918
NDUFS6	SDHD	9606.ENSP00000274137	9606.ENSP00000364699	0	0	0	0	0.915	0	0	0.331	0.941
NDUFS6	MT-CYB	9606.ENSP00000274137	9606.ENSP00000354554	0	0	0	0	0	0.897	0	0.504	0.947
NDUFS6	NDUFAF3	9606.ENSP00000274137	9606.ENSP00000323076	0	0	0	0	0.201	0	0.838	0.631	0.948
NDUFS6	COX6B1	9606.ENSP00000274137	9606.ENSP00000466818	0	0	0	0	0.384	0.865	0	0.489	0.954
NDUFS6	NDUFAF4	9606.ENSP00000274137	9606.ENSP00000358272	0	0	0	0	0.113	0	0.838	0.736	0.958
NDUFS6	COX4I1	9606.ENSP00000274137	9606.ENSP00000457513	0	0	0	0	0.594	0.882	0	0.407	0.969
NDUFS6	NDUFAF2	9606.ENSP00000274137	9606.ENSP00000296597	0	0	0	0	0.085	0	0.935	0.763	0.984
NDUFS6	UQCR11	9606.ENSP00000274137	9606.ENSP00000467262	0	0	0	0	0.850	0.830	0	0.515	0.986
NDUFS6	COX5A	9606.ENSP00000274137	9606.ENSP00000317780	0	0	0	0	0.857	0.859	0	0.447	0.987
NDUFS6	NDUFA4	9606.ENSP00000274137	9606.ENSP00000339720	0	0	0	0	0.334	0.244	0.944	0.637	0.988
NDUFS6	COX7C	9606.ENSP00000274137	9606.ENSP00000425759	0	0	0	0	0.915	0.830	0	0.348	0.989
NDUFS6	UQCRH	9606.ENSP00000274137	9606.ENSP00000309565	0	0	0	0	0.849	0.952	0.163	0.389	0.995
NDUFS6	UQCRB	9606.ENSP00000274137	9606.ENSP00000430494	0	0	0	0	0.861	0.959	0	0.464	0.996
NDUFS6	NDUFB2	9606.ENSP00000274137	9606.ENSP00000419087	0	0	0	0	0.184	0.812	0.967	0.617	0.997
NDUFS6	UQCRQ	9606.ENSP00000274137	9606.ENSP00000367939	0	0	0	0	0.974	0.856	0	0.468	0.997
NDUFS6	NDUFB1	9606.ENSP00000274137	9606.ENSP00000483888	0	0	0	0	0.356	0.943	0.900	0.654	0.998
NDUFS6	CYC1	9606.ENSP00000274137	9606.ENSP00000317159	0	0	0	0	0.799	0.988	0	0.290	0.998
NDUFS6	NDUFA12	9606.ENSP00000274137	9606.ENSP00000330737	0	0	0	0	0.949	0.999	0.967	0.828	0.999
NDUFS6	MT-ND5	9606.ENSP00000274137	9606.ENSP00000354813	0	0	0	0	0.127	0.994	0.967	0.572	0.999
NDUFS6	NDUFA5	9606.ENSP00000274137	9606.ENSP00000417142	0	0	0	0	0.960	0.993	0.967	0.945	0.999
NDUFS6	NDUFB8	9606.ENSP00000274137	9606.ENSP00000299166	0	0	0	0	0.950	0.995	0.967	0.761	0.999
NDUFS6	NDUFB11	9606.ENSP00000274137	9606.ENSP00000276062	0	0	0	0	0.845	0.950	0.967	0.574	0.999
NDUFS6	NDUFA6	9606.ENSP00000274137	9606.ENSP00000482543	0	0	0	0	0.921	0.998	0.967	0.913	0.999
NDUFS6	NDUFB3	9606.ENSP00000274137	9606.ENSP00000407336	0	0	0	0	0.750	0.995	0.967	0.890	0.999
NDUFS6	NDUFS1	9606.ENSP00000274137	9606.ENSP00000392709	0	0	0	0	0.656	0.999	0.967	0.984	0.999
NDUFS6	NDUFAB1	9606.ENSP00000274137	9606.ENSP00000458770	0	0	0	0	0.602	0.992	0.967	0.756	0.999
NDUFS6	NDUFV2	9606.ENSP00000274137	9606.ENSP00000327268	0	0	0	0	0.922	0.999	0.967	0.985	0.999
NDUFS6	NDUFC1	9606.ENSP00000274137	9606.ENSP00000441126	0	0	0	0	0.626	0.825	0.967	0.798	0.999
NDUFS6	MT-ND4	9606.ENSP00000274137	9606.ENSP00000354961	0	0	0	0	0.203	0.998	0.967	0.566	0.999
NDUFS6	NDUFA13	9606.ENSP00000274137	9606.ENSP00000423673	0	0	0	0	0.898	0.995	0.967	0.745	0.999
NDUFS6	NDUFC2	9606.ENSP00000274137	9606.ENSP00000281031	0	0	0	0	0.719	0.943	0.944	0.743	0.999
NDUFS6	NDUFA8	9606.ENSP00000274137	9606.ENSP00000362873	0	0	0	0	0.907	0.996	0.967	0.767	0.999
NDUFS6	UQCR10	9606.ENSP00000274137	9606.ENSP00000332887	0	0	0	0	0.954	0.959	0	0.506	0.999
NDUFS6	NDUFS5	9606.ENSP00000274137	9606.ENSP00000362058	0	0	0	0	0.903	0.998	0.900	0.893	0.999
NDUFS6	NDUFS2	9606.ENSP00000274137	9606.ENSP00000356972	0	0	0	0	0.850	0.999	0.967	0.964	0.999
NDUFS6	NDUFV3	9606.ENSP00000274137	9606.ENSP00000346196	0	0	0	0	0.558	0.998	0.967	0.930	0.999
NDUFS6	NDUFB6	9606.ENSP00000274137	9606.ENSP00000369176	0	0	0	0	0.876	0.958	0.967	0.734	0.999
NDUFS6	NDUFS8	9606.ENSP00000274137	9606.ENSP00000315774	0	0	0	0	0.971	0.999	0.967	0.932	0.999
NDUFS6	NDUFA1	9606.ENSP00000274137	9606.ENSP00000360492	0	0	0	0	0.629	0.943	0.967	0.894	0.999
NDUFS6	NDUFA11	9606.ENSP00000274137	9606.ENSP00000389160	0	0	0	0	0.741	0.998	0.944	0.784	0.999
NDUFS6	NDUFS4	9606.ENSP00000274137	9606.ENSP00000296684	0	0	0	0	0.894	0.996	0.967	0.987	0.999
NDUFS6	NDUFA7	9606.ENSP00000274137	9606.ENSP00000301457	0	0	0	0	0.807	0.998	0.967	0.848	0.999
NDUFS6	UQCRFS1	9606.ENSP00000274137	9606.ENSP00000306397	0	0	0	0	0.921	0.987	0.155	0.552	0.999
NDUFS6	MT-ND2	9606.ENSP00000274137	9606.ENSP00000355046	0	0	0	0	0.097	0.994	0.967	0.706	0.999
NDUFS6	MT-ND1	9606.ENSP00000274137	9606.ENSP00000354687	0	0	0	0	0.191	0.993	0.967	0.540	0.999
NDUFS6	NDUFV1	9606.ENSP00000274137	9606.ENSP00000497587	0	0	0	0	0.823	0.998	0.967	0.971	0.999
NDUFS6	NDUFA3	9606.ENSP00000274137	9606.ENSP00000418438	0	0	0	0	0.683	0.928	0.967	0.505	0.999
NDUFS6	NDUFB9	9606.ENSP00000274137	9606.ENSP00000276689	0	0	0	0	0.943	0.995	0.967	0.745	0.999
NDUFS7	NDUFAF7	9606.ENSP00000233627	9606.ENSP00000002125	0.043	0	0	0	0.101	0.168	0.500	0.558	0.813
NDUFS7	COX15	9606.ENSP00000233627	9606.ENSP00000016171	0	0	0	0	0.099	0.095	0	0.684	0.720
NDUFS7	NDUFB4	9606.ENSP00000233627	9606.ENSP00000184266	0	0	0	0	0.463	0.956	0.967	0.599	0.999
NDUFS7	UQCRC1	9606.ENSP00000233627	9606.ENSP00000203407	0	0	0	0	0.917	0.896	0.235	0.613	0.997
NDUFS7	NDUFB7	9606.ENSP00000233627	9606.ENSP00000215565	0	0	0	0	0.989	0.995	0.967	0.668	0.999
NDUFS7	COX6A1	9606.ENSP00000233627	9606.ENSP00000229379	0	0	0	0	0.339	0.252	0	0.553	0.759
NDUFS7	COA6	9606.ENSP00000233627	9606.ENSP00000355574	0	0	0	0	0.152	0.290	0	0.137	0.436
NDUFS7	COX7A2L	9606.ENSP00000233627	9606.ENSP00000367938	0	0	0	0	0.049	0.161	0	0.377	0.460
NDUFS7	COX7A2	9606.ENSP00000233627	9606.ENSP00000359098	0	0	0	0	0.262	0.161	0	0.245	0.492
NDUFS7	COX14	9606.ENSP00000233627	9606.ENSP00000326052	0	0	0	0	0.358	0.222	0	0.089	0.505
NDUFS7	COA1	9606.ENSP00000233627	9606.ENSP00000379218	0	0	0	0	0.060	0	0.500	0.054	0.516
NDUFS7	SCO2	9606.ENSP00000233627	9606.ENSP00000444433	0	0	0	0	0.085	0	0	0.530	0.552
NDUFS7	COX8A	9606.ENSP00000233627	9606.ENSP00000321260	0	0	0	0	0.276	0	0	0.415	0.558
NDUFS7	TMEM186	9606.ENSP00000233627	9606.ENSP00000331640	0	0	0	0	0.049	0	0.500	0.225	0.599
NDUFS7	PRKACB	9606.ENSP00000233627	9606.ENSP00000359719	0	0	0	0	0.067	0	0.650	0	0.659
NDUFS7	PRKACA	9606.ENSP00000233627	9606.ENSP00000309591	0	0	0	0	0.067	0	0.650	0	0.659
NDUFS7	TACO1	9606.ENSP00000233627	9606.ENSP00000258975	0.061	0	0	0	0.129	0.088	0	0.614	0.673
NDUFS7	SURF1	9606.ENSP00000233627	9606.ENSP00000361042	0	0	0	0	0.162	0.095	0	0.643	0.705
NDUFS7	SDHD	9606.ENSP00000233627	9606.ENSP00000364699	0	0	0	0	0.471	0	0.172	0.398	0.713
NDUFS7	TMEM126B	9606.ENSP00000233627	9606.ENSP00000351737	0	0	0	0	0.044	0	0.500	0.460	0.719
NDUFS7	BCS1L	9606.ENSP00000233627	9606.ENSP00000413908	0.062	0	0	0	0.151	0.176	0	0.697	0.774
NDUFS7	MT-ATP6	9606.ENSP00000233627	9606.ENSP00000354632	0.104	0	0	0	0.420	0	0	0.620	0.785
NDUFS7	COX6C	9606.ENSP00000233627	9606.ENSP00000429707	0	0	0	0	0.381	0.544	0	0.305	0.787
NDUFS7	SCO1	9606.ENSP00000233627	9606.ENSP00000255390	0	0	0	0	0.163	0.711	0	0.376	0.835
NDUFS7	NUBPL	9606.ENSP00000233627	9606.ENSP00000281081	0	0	0	0	0.043	0	0.500	0.726	0.857
NDUFS7	SDHC	9606.ENSP00000233627	9606.ENSP00000356953	0	0	0	0	0.755	0	0.172	0.363	0.859
NDUFS7	NDUFAF6	9606.ENSP00000233627	9606.ENSP00000379430	0	0	0	0	0.066	0	0.500	0.727	0.861
NDUFS7	COX7A1	9606.ENSP00000233627	9606.ENSP00000292907	0	0	0	0	0.095	0.841	0	0.320	0.893
NDUFS7	COX7B	9606.ENSP00000233627	9606.ENSP00000497474	0	0	0	0	0.116	0.842	0	0.373	0.905
NDUFS7	MT-CO2	9606.ENSP00000233627	9606.ENSP00000354876	0	0	0	0	0.238	0.674	0.585	0.296	0.917
NDUFS7	ECSIT	9606.ENSP00000233627	9606.ENSP00000270517	0	0	0	0	0.672	0.350	0.500	0.358	0.922
NDUFS7	COX7C	9606.ENSP00000233627	9606.ENSP00000425759	0	0	0	0	0.261	0.852	0	0.342	0.922
NDUFS7	COX6B1	9606.ENSP00000233627	9606.ENSP00000466818	0	0	0	0	0.302	0.869	0	0.354	0.936
NDUFS7	FOXRED1	9606.ENSP00000233627	9606.ENSP00000263578	0	0	0	0	0.056	0	0.720	0.811	0.945
NDUFS7	MT-CYB	9606.ENSP00000233627	9606.ENSP00000354554	0	0	0	0	0.139	0.876	0.301	0.381	0.947
NDUFS7	UQCRH	9606.ENSP00000233627	9606.ENSP00000309565	0	0	0	0	0.336	0.904	0.187	0.386	0.964
NDUFS7	MT-CO3	9606.ENSP00000233627	9606.ENSP00000354982	0	0	0	0	0.178	0.841	0.585	0.559	0.972
NDUFS7	COX4I1	9606.ENSP00000233627	9606.ENSP00000457513	0	0	0	0	0.691	0.869	0	0.442	0.975
NDUFS7	SDHB	9606.ENSP00000233627	9606.ENSP00000364649	0.057	0	0	0	0.900	0.177	0.489	0.489	0.976
NDUFS7	MT-CO1	9606.ENSP00000233627	9606.ENSP00000354499	0	0	0	0	0.191	0.841	0.585	0.626	0.977
NDUFS7	UQCRB	9606.ENSP00000233627	9606.ENSP00000430494	0	0	0	0	0.535	0.909	0.288	0.379	0.978
NDUFS7	UQCRC2	9606.ENSP00000233627	9606.ENSP00000268379	0	0	0	0	0.470	0.910	0.215	0.538	0.980
NDUFS7	NDUFA4	9606.ENSP00000233627	9606.ENSP00000339720	0	0	0	0	0.180	0.335	0.925	0.641	0.983
NDUFS7	COX5A	9606.ENSP00000233627	9606.ENSP00000317780	0	0	0	0	0.826	0.858	0	0.409	0.984
NDUFS7	NDUFAF2	9606.ENSP00000233627	9606.ENSP00000296597	0	0	0	0	0.108	0.487	0.838	0.830	0.985
NDUFS7	UQCR10	9606.ENSP00000233627	9606.ENSP00000332887	0	0	0	0	0.715	0.909	0.216	0.452	0.987
NDUFS7	COX5B	9606.ENSP00000233627	9606.ENSP00000258424	0	0	0	0	0.866	0.838	0	0.456	0.987
NDUFS7	SDHA	9606.ENSP00000233627	9606.ENSP00000264932	0.055	0	0	0	0.925	0.097	0.489	0.693	0.988
NDUFS7	UQCRQ	9606.ENSP00000233627	9606.ENSP00000367939	0	0	0	0	0.810	0.906	0.154	0.542	0.992
NDUFS7	UQCRFS1	9606.ENSP00000233627	9606.ENSP00000306397	0.045	0	0	0	0.594	0.919	0.585	0.566	0.993
NDUFS7	NDUFB2	9606.ENSP00000233627	9606.ENSP00000419087	0	0	0	0	0.226	0.812	0.967	0.431	0.996
NDUFS7	NDUFAF1	9606.ENSP00000233627	9606.ENSP00000260361	0	0	0	0	0.130	0.499	0.967	0.769	0.996
NDUFS7	UQCR11	9606.ENSP00000233627	9606.ENSP00000467262	0	0	0	0	0.967	0.841	0	0.441	0.996
NDUFS7	NDUFB1	9606.ENSP00000233627	9606.ENSP00000483888	0	0	0	0	0.260	0.894	0.900	0.649	0.996
NDUFS7	NDUFC1	9606.ENSP00000233627	9606.ENSP00000441126	0	0	0	0	0.269	0.825	0.967	0.524	0.997
NDUFS7	TIMMDC1	9606.ENSP00000233627	9606.ENSP00000418803	0	0	0	0	0.049	0.994	0.500	0.350	0.997
NDUFS7	ACAD9	9606.ENSP00000233627	9606.ENSP00000312618	0	0	0	0	0.148	0.994	0.500	0.462	0.998
NDUFS7	CYC1	9606.ENSP00000233627	9606.ENSP00000317159	0	0	0	0	0.927	0.929	0.585	0.409	0.998
NDUFS7	NDUFA12	9606.ENSP00000233627	9606.ENSP00000330737	0	0	0	0	0.895	0.999	0.967	0.800	0.999
NDUFS7	MT-ND5	9606.ENSP00000233627	9606.ENSP00000354813	0.095	0	0.256	0	0.670	0.993	0.979	0.928	0.999
NDUFS7	NDUFA9	9606.ENSP00000233627	9606.ENSP00000266544	0	0	0	0	0.883	0.999	0.944	0.967	0.999
NDUFS7	NDUFA5	9606.ENSP00000233627	9606.ENSP00000417142	0	0	0	0	0.817	0.999	0.967	0.749	0.999
NDUFS7	NDUFB8	9606.ENSP00000233627	9606.ENSP00000299166	0	0	0	0	0.894	0.972	0.967	0.814	0.999
NDUFS7	NDUFA6	9606.ENSP00000233627	9606.ENSP00000482543	0	0	0	0	0.493	0.999	0.967	0.748	0.999
NDUFS7	NDUFS6	9606.ENSP00000233627	9606.ENSP00000274137	0	0	0	0	0.758	0.995	0.967	0.943	0.999
NDUFS7	NDUFB11	9606.ENSP00000233627	9606.ENSP00000276062	0	0	0	0	0.945	0.956	0.967	0.616	0.999
NDUFS7	NDUFB3	9606.ENSP00000233627	9606.ENSP00000407336	0	0	0	0	0.567	0.969	0.967	0.640	0.999
NDUFS7	NDUFAB1	9606.ENSP00000233627	9606.ENSP00000458770	0	0	0	0	0.424	0.991	0.967	0.589	0.999
NDUFS7	NDUFS1	9606.ENSP00000233627	9606.ENSP00000392709	0.111	0	0	0	0.831	0.999	0.967	0.994	0.999
NDUFS7	NDUFV2	9606.ENSP00000233627	9606.ENSP00000327268	0.111	0	0	0	0.849	0.995	0.967	0.991	0.999
NDUFS7	MT-ND4	9606.ENSP00000233627	9606.ENSP00000354961	0.111	0	0.236	0	0.744	0.994	0.979	0.860	0.999
NDUFS7	NDUFC2	9606.ENSP00000233627	9606.ENSP00000281031	0	0	0	0	0.566	0.936	0.944	0.712	0.999
NDUFS7	NDUFA13	9606.ENSP00000233627	9606.ENSP00000423673	0	0	0	0	0.990	0.999	0.967	0.749	0.999
NDUFS7	NDUFB5	9606.ENSP00000233627	9606.ENSP00000259037	0	0	0	0	0.715	0.969	0.967	0.738	0.999
NDUFS7	NDUFAF5	9606.ENSP00000233627	9606.ENSP00000367346	0	0	0	0	0.058	0.994	0.500	0.856	0.999
NDUFS7	NDUFA8	9606.ENSP00000233627	9606.ENSP00000362873	0	0	0	0	0.974	0.993	0.967	0.644	0.999
NDUFS7	NDUFS2	9606.ENSP00000233627	9606.ENSP00000356972	0.111	0.887	0.514	0	0.862	0.999	0.967	0.998	0.999
NDUFS7	NDUFS5	9606.ENSP00000233627	9606.ENSP00000362058	0	0	0	0	0.737	0.998	0.900	0.611	0.999
NDUFS7	NDUFA2	9606.ENSP00000233627	9606.ENSP00000252102	0	0	0	0	0.651	0.999	0.967	0.834	0.999
NDUFS7	NDUFB10	9606.ENSP00000233627	9606.ENSP00000268668	0	0	0	0	0.925	0.959	0.967	0.727	0.999
NDUFS7	NDUFV3	9606.ENSP00000233627	9606.ENSP00000346196	0	0	0	0	0.332	0.945	0.967	0.505	0.999
NDUFS7	NDUFB6	9606.ENSP00000233627	9606.ENSP00000369176	0	0	0	0	0.615	0.930	0.967	0.715	0.999
NDUFS7	NDUFAF4	9606.ENSP00000233627	9606.ENSP00000358272	0	0	0	0	0.055	0.994	0.838	0.845	0.999
NDUFS7	NDUFS8	9606.ENSP00000233627	9606.ENSP00000315774	0.111	0	0.360	0	0.992	0.999	0.967	0.999	0.999
NDUFS7	NDUFA10	9606.ENSP00000233627	9606.ENSP00000252711	0	0	0	0	0.619	0.959	0.967	0.774	0.999
NDUFS7	NDUFA1	9606.ENSP00000233627	9606.ENSP00000360492	0	0	0	0	0.268	0.913	0.967	0.783	0.999
NDUFS7	NDUFA11	9606.ENSP00000233627	9606.ENSP00000389160	0	0	0	0	0.925	0.998	0.944	0.890	0.999
NDUFS7	NDUFS4	9606.ENSP00000233627	9606.ENSP00000296684	0	0	0	0	0.751	0.995	0.967	0.932	0.999
NDUFS7	NDUFAF3	9606.ENSP00000233627	9606.ENSP00000323076	0	0	0	0	0.377	0.994	0.838	0.802	0.999
NDUFS7	NDUFA7	9606.ENSP00000233627	9606.ENSP00000301457	0	0	0	0	0.795	0.931	0.967	0.800	0.999
NDUFS7	MT-ND2	9606.ENSP00000233627	9606.ENSP00000355046	0.095	0	0	0	0.622	0.988	0.979	0.760	0.999
NDUFS7	MT-ND1	9606.ENSP00000233627	9606.ENSP00000354687	0.111	0	0.457	0	0.755	0.994	0.979	0.875	0.999
NDUFS7	NDUFS3	9606.ENSP00000233627	9606.ENSP00000263774	0.111	0	0.361	0	0.927	0.999	0.967	0.997	0.999
NDUFS7	NDUFV1	9606.ENSP00000233627	9606.ENSP00000497587	0.111	0	0	0	0.985	0.997	0.979	0.997	0.999
NDUFS7	NDUFA3	9606.ENSP00000233627	9606.ENSP00000418438	0	0	0	0	0.919	0.921	0.967	0.727	0.999
NDUFS7	NDUFB9	9606.ENSP00000233627	9606.ENSP00000276689	0	0	0	0	0.973	0.993	0.967	0.812	0.999
NDUFS8	NDUFAF7	9606.ENSP00000315774	9606.ENSP00000002125	0.057	0	0	0	0.082	0	0.500	0.574	0.791
NDUFS8	COX15	9606.ENSP00000315774	9606.ENSP00000016171	0	0	0	0	0.082	0.420	0	0.627	0.784
NDUFS8	NDUFB4	9606.ENSP00000315774	9606.ENSP00000184266	0	0	0	0	0.744	0.911	0.967	0.503	0.999
NDUFS8	UQCRC1	9606.ENSP00000315774	9606.ENSP00000203407	0.110	0	0	0	0.873	0.968	0	0.561	0.998
NDUFS8	NDUFB7	9606.ENSP00000315774	9606.ENSP00000215565	0	0	0	0	0.958	0.995	0.967	0.784	0.999
NDUFS8	COX6A1	9606.ENSP00000315774	9606.ENSP00000229379	0	0	0	0	0.398	0.301	0	0.631	0.831
NDUFS8	NDUFS7	9606.ENSP00000315774	9606.ENSP00000233627	0.111	0	0.360	0	0.992	0.999	0.967	0.999	0.999
NDUFS8	NDUFA2	9606.ENSP00000315774	9606.ENSP00000252102	0	0	0	0	0.909	0.998	0.967	0.906	0.999
NDUFS8	NDUFA10	9606.ENSP00000315774	9606.ENSP00000252711	0	0	0	0	0.846	0.912	0.967	0.804	0.999
NDUFS8	COX5B	9606.ENSP00000315774	9606.ENSP00000258424	0	0	0	0	0.928	0.854	0	0.664	0.996
NDUFS8	TACO1	9606.ENSP00000315774	9606.ENSP00000258975	0.052	0	0	0	0.090	0.088	0	0.585	0.630
NDUFS8	NDUFB5	9606.ENSP00000315774	9606.ENSP00000259037	0	0	0	0	0.859	0.940	0.967	0.652	0.999
NDUFS8	NDUFAF1	9606.ENSP00000315774	9606.ENSP00000260361	0	0	0	0	0.142	0	0.967	0.550	0.986
NDUFS8	FOXRED1	9606.ENSP00000315774	9606.ENSP00000263578	0	0	0	0	0.107	0	0.720	0.778	0.939
NDUFS8	NDUFS3	9606.ENSP00000315774	9606.ENSP00000263774	0.231	0	0.346	0	0.979	0.999	0.980	0.998	0.999
NDUFS8	SDHA	9606.ENSP00000315774	9606.ENSP00000264932	0.120	0	0	0	0.969	0.221	0.807	0.834	0.999
NDUFS8	NDUFA9	9606.ENSP00000315774	9606.ENSP00000266544	0	0	0	0	0.897	0.999	0.944	0.775	0.999
NDUFS8	UQCRC2	9606.ENSP00000315774	9606.ENSP00000268379	0.110	0	0	0	0.605	0.937	0	0.522	0.988
NDUFS8	NDUFB10	9606.ENSP00000315774	9606.ENSP00000268668	0	0	0	0	0.906	0.991	0.967	0.790	0.999
NDUFS8	ECSIT	9606.ENSP00000315774	9606.ENSP00000270517	0	0	0	0	0.389	0.756	0.500	0.279	0.939
NDUFS8	NDUFS6	9606.ENSP00000315774	9606.ENSP00000274137	0	0	0	0	0.971	0.999	0.967	0.932	0.999
NDUFS8	NDUFB11	9606.ENSP00000315774	9606.ENSP00000276062	0	0	0	0	0.886	0.973	0.967	0.690	0.999
NDUFS8	NDUFB9	9606.ENSP00000315774	9606.ENSP00000276689	0	0	0	0	0.957	0.991	0.967	0.828	0.999
NDUFS8	NDUFC2	9606.ENSP00000315774	9606.ENSP00000281031	0	0	0	0	0.604	0.890	0.944	0.647	0.999
NDUFS8	NUBPL	9606.ENSP00000315774	9606.ENSP00000281081	0.105	0	0	0	0.049	0	0.500	0.789	0.898
NDUFS8	COX7A1	9606.ENSP00000315774	9606.ENSP00000292907	0	0	0	0	0.056	0.830	0	0.247	0.868
NDUFS8	NDUFAF2	9606.ENSP00000315774	9606.ENSP00000296597	0	0	0	0	0.100	0.797	0.838	0.790	0.992
NDUFS8	NDUFS4	9606.ENSP00000315774	9606.ENSP00000296684	0	0	0	0	0.929	0.999	0.967	0.924	0.999
NDUFS8	NDUFB8	9606.ENSP00000315774	9606.ENSP00000299166	0	0	0	0	0.977	0.989	0.967	0.892	0.999
NDUFS8	NDUFA7	9606.ENSP00000315774	9606.ENSP00000301457	0	0	0	0	0.805	0.973	0.967	0.907	0.999
NDUFS8	UQCRFS1	9606.ENSP00000315774	9606.ENSP00000306397	0.191	0	0	0	0.937	0.988	0.809	0.613	0.999
NDUFS8	UQCRH	9606.ENSP00000315774	9606.ENSP00000309565	0	0	0	0	0.744	0.959	0.236	0.426	0.994
NDUFS8	PRKACA	9606.ENSP00000315774	9606.ENSP00000309591	0	0	0	0	0.069	0	0.650	0	0.660
NDUFS8	ACAD9	9606.ENSP00000315774	9606.ENSP00000312618	0.059	0	0	0	0.122	0.344	0.500	0.459	0.827
NDUFS8	COX7A2L	9606.ENSP00000315774	9606.ENSP00000367938	0	0	0	0	0.060	0.161	0	0.306	0.404
NDUFS8	LYRM7	9606.ENSP00000315774	9606.ENSP00000368688	0	0	0	0	0.042	0	0	0.407	0.407
NDUFS8	ATPAF2	9606.ENSP00000315774	9606.ENSP00000417190	0	0	0	0	0.156	0	0	0.348	0.426
NDUFS8	COA1	9606.ENSP00000315774	9606.ENSP00000379218	0	0	0	0	0.098	0	0.500	0.055	0.536
NDUFS8	SCO2	9606.ENSP00000315774	9606.ENSP00000444433	0	0	0	0	0.085	0	0	0.526	0.547
NDUFS8	TMEM186	9606.ENSP00000315774	9606.ENSP00000331640	0	0	0	0	0.049	0	0.500	0.202	0.587
NDUFS8	COA6	9606.ENSP00000315774	9606.ENSP00000355574	0	0	0	0	0.363	0.298	0	0.249	0.635
NDUFS8	COX7A2	9606.ENSP00000315774	9606.ENSP00000359098	0	0	0	0	0.291	0.161	0	0.461	0.652
NDUFS8	PRKACB	9606.ENSP00000315774	9606.ENSP00000359719	0	0	0	0	0.067	0	0.650	0	0.659
NDUFS8	TMEM126B	9606.ENSP00000315774	9606.ENSP00000351737	0	0	0	0	0.049	0	0.500	0.397	0.688
NDUFS8	MT-ATP6	9606.ENSP00000315774	9606.ENSP00000354632	0.098	0	0	0	0.214	0	0	0.654	0.733
NDUFS8	BCS1L	9606.ENSP00000315774	9606.ENSP00000413908	0.102	0	0	0	0.147	0	0	0.688	0.740
NDUFS8	COX8A	9606.ENSP00000315774	9606.ENSP00000321260	0	0	0	0	0.343	0	0	0.622	0.741
NDUFS8	SURF1	9606.ENSP00000315774	9606.ENSP00000361042	0	0	0	0	0.160	0.456	0	0.623	0.813
NDUFS8	COX6C	9606.ENSP00000315774	9606.ENSP00000429707	0	0	0	0	0.454	0.507	0	0.376	0.817
NDUFS8	NDUFAF6	9606.ENSP00000315774	9606.ENSP00000379430	0	0	0	0	0.109	0	0.500	0.695	0.852
NDUFS8	COX7B	9606.ENSP00000315774	9606.ENSP00000497474	0	0	0	0	0.107	0.842	0	0.344	0.899
NDUFS8	NDUFAF5	9606.ENSP00000315774	9606.ENSP00000367346	0	0	0	0	0.116	0	0.500	0.852	0.929
NDUFS8	COX7C	9606.ENSP00000315774	9606.ENSP00000425759	0	0	0	0	0.376	0.851	0	0.458	0.945
NDUFS8	COX6B1	9606.ENSP00000315774	9606.ENSP00000466818	0	0	0	0	0.473	0.854	0	0.530	0.960
NDUFS8	UQCR11	9606.ENSP00000315774	9606.ENSP00000467262	0	0	0	0	0.726	0.830	0	0.405	0.970
NDUFS8	MT-CO2	9606.ENSP00000315774	9606.ENSP00000354876	0	0	0	0	0.161	0.674	0.809	0.528	0.972
NDUFS8	COX4I1	9606.ENSP00000315774	9606.ENSP00000457513	0	0	0	0	0.747	0.880	0	0.413	0.980
NDUFS8	SDHD	9606.ENSP00000315774	9606.ENSP00000364699	0	0	0	0	0.969	0	0	0.518	0.984
NDUFS8	MT-CO1	9606.ENSP00000315774	9606.ENSP00000354499	0	0	0	0	0.175	0.830	0.809	0.565	0.986
NDUFS8	MT-CYB	9606.ENSP00000315774	9606.ENSP00000354554	0.105	0	0	0	0.400	0.906	0.585	0.484	0.987
NDUFS8	NDUFAF4	9606.ENSP00000315774	9606.ENSP00000358272	0	0	0	0	0.055	0.611	0.838	0.836	0.988
NDUFS8	MT-CO3	9606.ENSP00000315774	9606.ENSP00000354982	0	0	0	0	0.171	0.830	0.809	0.635	0.988
NDUFS8	SDHC	9606.ENSP00000315774	9606.ENSP00000356953	0	0	0	0	0.969	0	0	0.620	0.988
NDUFS8	NDUFA4	9606.ENSP00000315774	9606.ENSP00000339720	0	0	0	0	0.311	0.225	0.944	0.683	0.989
NDUFS8	COX5A	9606.ENSP00000315774	9606.ENSP00000317780	0	0	0	0	0.872	0.852	0	0.713	0.994
NDUFS8	NDUFB1	9606.ENSP00000315774	9606.ENSP00000483888	0	0	0	0	0.251	0.894	0.900	0.516	0.995
NDUFS8	NDUFB2	9606.ENSP00000315774	9606.ENSP00000419087	0	0	0	0	0.256	0.812	0.967	0.374	0.996
NDUFS8	NDUFC1	9606.ENSP00000315774	9606.ENSP00000441126	0	0	0	0	0.249	0.825	0.967	0.560	0.997
NDUFS8	TIMMDC1	9606.ENSP00000315774	9606.ENSP00000418803	0	0	0	0	0.060	0.994	0.500	0.434	0.998
NDUFS8	UQCR10	9606.ENSP00000315774	9606.ENSP00000332887	0	0	0	0	0.919	0.967	0.172	0.469	0.998
NDUFS8	SDHB	9606.ENSP00000315774	9606.ENSP00000364649	0	0	0	0	0.977	0.266	0.652	0.769	0.998
NDUFS8	UQCRB	9606.ENSP00000315774	9606.ENSP00000430494	0	0	0	0	0.903	0.963	0.284	0.410	0.998
NDUFS8	UQCRQ	9606.ENSP00000315774	9606.ENSP00000367939	0	0	0	0	0.944	0.931	0	0.646	0.998
NDUFS8	NDUFB6	9606.ENSP00000315774	9606.ENSP00000369176	0	0	0	0	0.776	0.911	0.967	0.607	0.999
NDUFS8	NDUFA8	9606.ENSP00000315774	9606.ENSP00000362873	0	0	0	0	0.959	0.997	0.967	0.809	0.999
NDUFS8	NDUFS2	9606.ENSP00000315774	9606.ENSP00000356972	0.231	0	0.387	0	0.977	0.997	0.980	0.998	0.999
NDUFS8	NDUFS5	9606.ENSP00000315774	9606.ENSP00000362058	0	0	0	0	0.748	0.998	0.900	0.684	0.999
NDUFS8	NDUFV3	9606.ENSP00000315774	9606.ENSP00000346196	0	0	0	0	0.386	0.940	0.967	0.544	0.999
NDUFS8	MT-ND2	9606.ENSP00000315774	9606.ENSP00000355046	0.120	0	0	0	0.840	0.991	0.978	0.870	0.999
NDUFS8	MT-ND1	9606.ENSP00000315774	9606.ENSP00000354687	0.231	0.138	0.244	0	0.969	0.994	0.980	0.705	0.999
NDUFS8	NDUFV1	9606.ENSP00000315774	9606.ENSP00000497587	0.231	0	0	0	0.990	0.998	0.980	0.997	0.999
NDUFS8	NDUFA3	9606.ENSP00000315774	9606.ENSP00000418438	0	0	0	0	0.535	0.959	0.967	0.698	0.999
NDUFS8	NDUFA1	9606.ENSP00000315774	9606.ENSP00000360492	0	0	0	0	0.194	0.974	0.967	0.850	0.999
NDUFS8	NDUFA11	9606.ENSP00000315774	9606.ENSP00000389160	0	0	0	0	0.835	0.998	0.944	0.911	0.999
NDUFS8	CYC1	9606.ENSP00000315774	9606.ENSP00000317159	0	0	0	0	0.946	0.995	0.809	0.488	0.999
NDUFS8	NDUFAF3	9606.ENSP00000315774	9606.ENSP00000323076	0	0	0	0	0.394	0.994	0.838	0.792	0.999
NDUFS8	MT-ND5	9606.ENSP00000315774	9606.ENSP00000354813	0.120	0	0	0	0.851	0.991	0.978	0.901	0.999
NDUFS8	NDUFA5	9606.ENSP00000315774	9606.ENSP00000417142	0	0	0	0	0.897	0.994	0.967	0.882	0.999
NDUFS8	NDUFA6	9606.ENSP00000315774	9606.ENSP00000482543	0	0	0	0	0.908	0.998	0.967	0.858	0.999
NDUFS8	NDUFA12	9606.ENSP00000315774	9606.ENSP00000330737	0	0	0	0	0.977	0.999	0.967	0.829	0.999
NDUFS8	MT-ND4	9606.ENSP00000315774	9606.ENSP00000354961	0.231	0	0	0	0.968	0.991	0.980	0.916	0.999
NDUFS8	NDUFA13	9606.ENSP00000315774	9606.ENSP00000423673	0	0	0	0	0.980	0.997	0.967	0.802	0.999
NDUFS8	NDUFB3	9606.ENSP00000315774	9606.ENSP00000407336	0	0	0	0	0.555	0.993	0.967	0.793	0.999
NDUFS8	NDUFS1	9606.ENSP00000315774	9606.ENSP00000392709	0.231	0	0.321	0	0.981	0.996	0.980	0.993	0.999
NDUFS8	NDUFAB1	9606.ENSP00000315774	9606.ENSP00000458770	0	0	0	0	0.488	0.991	0.967	0.737	0.999
NDUFS8	NDUFV2	9606.ENSP00000315774	9606.ENSP00000327268	0.231	0	0	0	0.979	0.996	0.980	0.991	0.999
NDUFV1	NDUFAF7	9606.ENSP00000497587	9606.ENSP00000002125	0.042	0	0	0	0.063	0	0.500	0.348	0.668
NDUFV1	COX15	9606.ENSP00000497587	9606.ENSP00000016171	0	0	0	0	0.067	0.095	0	0.623	0.653
NDUFV1	NDUFB4	9606.ENSP00000497587	9606.ENSP00000184266	0	0	0	0	0.243	0.998	0.967	0.546	0.999
NDUFV1	UQCRC1	9606.ENSP00000497587	9606.ENSP00000203407	0	0	0	0	0.945	0.968	0.286	0.782	0.999
NDUFV1	NDUFB7	9606.ENSP00000497587	9606.ENSP00000215565	0	0	0	0	0.936	0.995	0.967	0.819	0.999
NDUFV1	COX6A1	9606.ENSP00000497587	9606.ENSP00000229379	0	0	0	0	0.157	0.287	0	0.406	0.612
NDUFV1	NDUFS7	9606.ENSP00000497587	9606.ENSP00000233627	0.111	0	0	0	0.985	0.997	0.979	0.997	0.999
NDUFV1	NDUFA2	9606.ENSP00000497587	9606.ENSP00000252102	0	0	0	0	0.464	0.998	0.967	0.981	0.999
NDUFV1	NDUFA10	9606.ENSP00000497587	9606.ENSP00000252711	0	0	0	0	0.949	0.959	0.967	0.828	0.999
NDUFV1	SCO1	9606.ENSP00000497587	9606.ENSP00000255390	0	0	0	0	0.090	0	0	0.373	0.405
NDUFV1	COX5B	9606.ENSP00000497587	9606.ENSP00000258424	0	0	0	0	0.743	0.844	0	0.569	0.981
NDUFV1	TACO1	9606.ENSP00000497587	9606.ENSP00000258975	0	0	0	0	0.144	0.088	0	0.564	0.630
NDUFV1	NDUFB5	9606.ENSP00000497587	9606.ENSP00000259037	0	0	0	0	0.328	0.921	0.967	0.787	0.999
NDUFV1	NDUFAF1	9606.ENSP00000497587	9606.ENSP00000260361	0	0	0	0	0.125	0	0.967	0.588	0.987
NDUFV1	FOXRED1	9606.ENSP00000497587	9606.ENSP00000263578	0	0	0	0	0.062	0	0.720	0.758	0.930
NDUFV1	NDUFS3	9606.ENSP00000497587	9606.ENSP00000263774	0.231	0	0	0	0.974	0.998	0.980	0.997	0.999
NDUFV1	SDHA	9606.ENSP00000497587	9606.ENSP00000264932	0.085	0	0	0	0.977	0.394	0.802	0.811	0.999
NDUFV1	NDUFA9	9606.ENSP00000497587	9606.ENSP00000266544	0	0	0	0	0.900	0.999	0.944	0.920	0.999
NDUFV1	UQCRC2	9606.ENSP00000497587	9606.ENSP00000268379	0	0	0	0	0.930	0.933	0.286	0.646	0.998
NDUFV1	NDUFB10	9606.ENSP00000497587	9606.ENSP00000268668	0	0	0	0	0.566	0.992	0.967	0.736	0.999
NDUFV1	ECSIT	9606.ENSP00000497587	9606.ENSP00000270517	0	0	0	0	0.613	0	0.500	0.269	0.846
NDUFV1	NDUFS6	9606.ENSP00000497587	9606.ENSP00000274137	0	0	0	0	0.823	0.998	0.967	0.971	0.999
NDUFV1	NDUFB11	9606.ENSP00000497587	9606.ENSP00000276062	0	0	0	0	0.623	0.966	0.967	0.637	0.999
NDUFV1	NDUFB9	9606.ENSP00000497587	9606.ENSP00000276689	0	0	0	0	0.872	0.991	0.967	0.647	0.999
NDUFV1	NDUFC2	9606.ENSP00000497587	9606.ENSP00000281031	0	0	0	0	0.410	0.941	0.944	0.730	0.999
NDUFV1	NUBPL	9606.ENSP00000497587	9606.ENSP00000281081	0	0	0	0	0.043	0	0.500	0.746	0.868
NDUFV1	COX7A1	9606.ENSP00000497587	9606.ENSP00000292907	0	0	0	0	0.088	0.830	0	0.381	0.895
NDUFV1	NDUFAF2	9606.ENSP00000497587	9606.ENSP00000296597	0	0	0	0	0.080	0.507	0.838	0.883	0.990
NDUFV1	NDUFS4	9606.ENSP00000497587	9606.ENSP00000296684	0	0	0	0	0.748	0.999	0.967	0.977	0.999
NDUFV1	NDUFB8	9606.ENSP00000497587	9606.ENSP00000299166	0	0	0	0	0.785	0.990	0.967	0.707	0.999
NDUFV1	NDUFA7	9606.ENSP00000497587	9606.ENSP00000301457	0	0	0	0	0.524	0.974	0.967	0.813	0.999
NDUFV1	UQCRFS1	9606.ENSP00000497587	9606.ENSP00000306397	0	0	0	0	0.732	0.990	0.809	0.815	0.999
NDUFV1	UQCRH	9606.ENSP00000497587	9606.ENSP00000309565	0	0	0	0	0.245	0.957	0.569	0.467	0.991
NDUFV1	PRKACA	9606.ENSP00000497587	9606.ENSP00000309591	0	0.007	0	0	0.044	0	0.650	0.060	0.658
NDUFV1	ACAD9	9606.ENSP00000497587	9606.ENSP00000312618	0	0	0	0	0.275	0.088	0.500	0.555	0.833
NDUFV1	NDUFS8	9606.ENSP00000497587	9606.ENSP00000315774	0.231	0	0	0	0.990	0.998	0.980	0.997	0.999
NDUFV1	CYC1	9606.ENSP00000497587	9606.ENSP00000317159	0	0	0	0	0.976	0.990	0.809	0.574	0.999
NDUFV1	COX5A	9606.ENSP00000497587	9606.ENSP00000317780	0	0	0	0	0.746	0.901	0	0.544	0.987
NDUFV1	COX8A	9606.ENSP00000497587	9606.ENSP00000321260	0	0	0	0	0.265	0	0	0.371	0.519
NDUFV1	NDUFAF3	9606.ENSP00000497587	9606.ENSP00000323076	0	0	0	0	0.222	0	0.838	0.548	0.938
NDUFV1	NDUFV2	9606.ENSP00000497587	9606.ENSP00000327268	0.231	0	0.531	0	0.979	0.999	0.980	0.999	0.999
NDUFV1	NDUFA12	9606.ENSP00000497587	9606.ENSP00000330737	0	0	0	0	0.877	0.998	0.967	0.918	0.999
NDUFV1	TMEM186	9606.ENSP00000497587	9606.ENSP00000331640	0	0	0	0	0.049	0	0.500	0.204	0.588
NDUFV1	UQCR10	9606.ENSP00000497587	9606.ENSP00000332887	0	0	0	0	0.658	0.967	0.285	0.488	0.995
NDUFV1	NDUFA4	9606.ENSP00000497587	9606.ENSP00000339720	0	0	0	0	0.139	0.249	0.944	0.721	0.988
NDUFV1	NDUFV3	9606.ENSP00000497587	9606.ENSP00000346196	0	0	0	0	0.169	0.999	0.967	0.984	0.999
NDUFV1	TMEM126B	9606.ENSP00000497587	9606.ENSP00000351737	0	0	0	0	0.042	0	0.500	0.395	0.684
NDUFV1	MT-CO1	9606.ENSP00000497587	9606.ENSP00000354499	0	0	0	0	0.250	0.830	0.809	0.667	0.990
NDUFV1	MT-CYB	9606.ENSP00000497587	9606.ENSP00000354554	0	0	0	0	0.110	0.904	0.585	0.648	0.985
NDUFV1	MT-ATP6	9606.ENSP00000497587	9606.ENSP00000354632	0.052	0	0	0	0.228	0	0	0.634	0.709
NDUFV1	MT-ND1	9606.ENSP00000497587	9606.ENSP00000354687	0.231	0	0	0	0.965	0.998	0.980	0.813	0.999
NDUFV1	COA3	9606.ENSP00000497587	9606.ENSP00000354762	0	0	0	0	0.132	0.369	0	0.096	0.462
NDUFV1	MT-ND5	9606.ENSP00000497587	9606.ENSP00000354813	0.120	0	0	0	0.799	0.999	0.979	0.893	0.999
NDUFV1	MT-CO2	9606.ENSP00000497587	9606.ENSP00000354876	0	0	0	0	0.147	0.674	0.809	0.536	0.972
NDUFV1	MT-ND4	9606.ENSP00000497587	9606.ENSP00000354961	0.231	0	0	0	0.964	0.991	0.980	0.848	0.999
NDUFV1	MT-CO3	9606.ENSP00000497587	9606.ENSP00000354982	0	0	0	0	0.154	0.830	0.809	0.672	0.989
NDUFV1	MT-ND2	9606.ENSP00000497587	9606.ENSP00000355046	0.120	0	0	0	0.793	0.988	0.979	0.787	0.999
NDUFV1	COA6	9606.ENSP00000497587	9606.ENSP00000355574	0	0	0	0	0.260	0.255	0	0.209	0.526
NDUFV1	SDHC	9606.ENSP00000497587	9606.ENSP00000356953	0	0	0	0	0.635	0	0.172	0.527	0.845
NDUFV1	NDUFS2	9606.ENSP00000497587	9606.ENSP00000356972	0.231	0.041	0	0	0.980	0.998	0.980	0.995	0.999
NDUFV1	NDUFAF4	9606.ENSP00000497587	9606.ENSP00000358272	0	0	0	0	0.053	0	0.838	0.718	0.953
NDUFV1	COX7A2	9606.ENSP00000497587	9606.ENSP00000359098	0	0	0	0	0.193	0.161	0	0.355	0.525
NDUFV1	PRKACB	9606.ENSP00000497587	9606.ENSP00000359719	0	0.006	0	0	0	0	0.650	0.052	0.654
NDUFV1	NDUFA1	9606.ENSP00000497587	9606.ENSP00000360492	0	0	0	0	0.169	0.941	0.967	0.818	0.999
NDUFV1	SURF1	9606.ENSP00000497587	9606.ENSP00000361042	0	0	0	0	0.129	0.088	0	0.681	0.725
NDUFV1	NDUFS5	9606.ENSP00000497587	9606.ENSP00000362058	0	0	0	0	0.515	0.998	0.900	0.700	0.999
NDUFV1	NDUFA8	9606.ENSP00000497587	9606.ENSP00000362873	0	0	0	0	0.927	0.997	0.967	0.743	0.999
NDUFV1	SDHB	9606.ENSP00000497587	9606.ENSP00000364649	0	0	0	0	0.877	0.240	0.802	0.667	0.993
NDUFV1	SDHD	9606.ENSP00000497587	9606.ENSP00000364699	0	0	0	0	0.435	0	0.172	0.361	0.675
NDUFV1	NDUFAF5	9606.ENSP00000497587	9606.ENSP00000367346	0	0	0	0	0.079	0	0.500	0.761	0.880
NDUFV1	COX7A2L	9606.ENSP00000497587	9606.ENSP00000367938	0	0	0	0	0.060	0.161	0	0.368	0.458
NDUFV1	UQCRQ	9606.ENSP00000497587	9606.ENSP00000367939	0	0	0	0	0.817	0.906	0.284	0.432	0.992
NDUFV1	NDUFB6	9606.ENSP00000497587	9606.ENSP00000369176	0	0	0	0	0.573	0.918	0.967	0.856	0.999
NDUFV1	COA1	9606.ENSP00000497587	9606.ENSP00000379218	0	0	0	0	0.042	0	0.500	0	0.500
NDUFV1	NDUFAF6	9606.ENSP00000497587	9606.ENSP00000379430	0	0	0	0	0	0	0.500	0.680	0.833
NDUFV1	NDUFA11	9606.ENSP00000497587	9606.ENSP00000389160	0	0	0	0	0.692	0.998	0.944	0.863	0.999
NDUFV1	NDUFS1	9606.ENSP00000497587	9606.ENSP00000392709	0.231	0	0.421	0	0.986	0.999	0.980	0.999	0.999
NDUFV1	NDUFB3	9606.ENSP00000497587	9606.ENSP00000407336	0	0	0	0	0.482	0.993	0.967	0.866	0.999
NDUFV1	BCS1L	9606.ENSP00000497587	9606.ENSP00000413908	0.108	0	0	0	0.195	0	0	0.747	0.802
NDUFV1	NDUFA5	9606.ENSP00000497587	9606.ENSP00000417142	0	0	0	0	0.751	0.991	0.967	0.853	0.999
NDUFV1	ATPAF2	9606.ENSP00000497587	9606.ENSP00000417190	0	0	0	0	0.137	0	0	0.368	0.431
NDUFV1	NDUFA3	9606.ENSP00000497587	9606.ENSP00000418438	0	0	0	0	0.499	0.921	0.967	0.711	0.999
NDUFV1	TIMMDC1	9606.ENSP00000497587	9606.ENSP00000418803	0	0	0	0	0.049	0.994	0.500	0.291	0.997
NDUFV1	NDUFB2	9606.ENSP00000497587	9606.ENSP00000419087	0	0	0	0	0.067	0.812	0.967	0.450	0.996
NDUFV1	NDUFA13	9606.ENSP00000497587	9606.ENSP00000423673	0	0	0	0	0.962	0.998	0.967	0.810	0.999
NDUFV1	COX7C	9606.ENSP00000497587	9606.ENSP00000425759	0	0	0	0	0.189	0.851	0	0.447	0.927
NDUFV1	COX6C	9606.ENSP00000497587	9606.ENSP00000429707	0	0	0	0	0.126	0.507	0	0.388	0.713
NDUFV1	UQCRB	9606.ENSP00000497587	9606.ENSP00000430494	0	0	0	0	0.867	0.982	0.561	0.540	0.999
NDUFV1	NDUFC1	9606.ENSP00000497587	9606.ENSP00000441126	0	0	0	0	0.144	0.825	0.967	0.755	0.998
NDUFV1	SCO2	9606.ENSP00000497587	9606.ENSP00000444433	0	0	0	0	0.060	0	0	0.505	0.515
NDUFV1	COX4I1	9606.ENSP00000497587	9606.ENSP00000457513	0	0	0	0	0.697	0.864	0	0.475	0.976
NDUFV1	NDUFAB1	9606.ENSP00000497587	9606.ENSP00000458770	0	0	0	0	0.176	0.991	0.967	0.717	0.999
NDUFV1	COX6B1	9606.ENSP00000497587	9606.ENSP00000466818	0	0	0	0	0.403	0.872	0	0.517	0.960
NDUFV1	UQCR11	9606.ENSP00000497587	9606.ENSP00000467262	0	0	0	0	0.924	0.830	0	0.443	0.992
NDUFV1	NDUFA6	9606.ENSP00000497587	9606.ENSP00000482543	0	0	0	0	0.639	0.998	0.967	0.929	0.999
NDUFV1	NDUFB1	9606.ENSP00000497587	9606.ENSP00000483888	0	0	0	0	0.261	0.894	0.900	0.514	0.995
NDUFV1	COX7B	9606.ENSP00000497587	9606.ENSP00000497474	0	0	0	0	0.132	0.842	0	0.419	0.913
NDUFV2	NDUFAF7	9606.ENSP00000327268	9606.ENSP00000002125	0.057	0	0	0	0.097	0	0.500	0.303	0.663
NDUFV2	NDUFB4	9606.ENSP00000327268	9606.ENSP00000184266	0	0	0	0	0.742	0.974	0.967	0.648	0.999
NDUFV2	UQCRC1	9606.ENSP00000327268	9606.ENSP00000203407	0	0	0	0	0.696	0.974	0.217	0.562	0.996
NDUFV2	NDUFB7	9606.ENSP00000327268	9606.ENSP00000215565	0	0	0	0	0.747	0.995	0.967	0.665	0.999
NDUFV2	COX6A1	9606.ENSP00000327268	9606.ENSP00000229379	0	0	0	0	0.404	0.350	0	0.422	0.757
NDUFV2	NDUFS7	9606.ENSP00000327268	9606.ENSP00000233627	0.111	0	0	0	0.849	0.995	0.967	0.991	0.999
NDUFV2	NDUFA2	9606.ENSP00000327268	9606.ENSP00000252102	0	0	0	0	0.978	0.998	0.967	0.985	0.999
NDUFV2	NDUFA10	9606.ENSP00000327268	9606.ENSP00000252711	0	0	0	0	0.381	0.977	0.967	0.717	0.999
NDUFV2	SCO1	9606.ENSP00000327268	9606.ENSP00000255390	0	0	0	0	0.177	0	0	0.467	0.542
NDUFV2	COX5B	9606.ENSP00000327268	9606.ENSP00000258424	0	0	0	0	0.840	0.865	0	0.468	0.987
NDUFV2	NDUFB5	9606.ENSP00000327268	9606.ENSP00000259037	0	0	0	0	0.874	0.940	0.967	0.886	0.999
NDUFV2	NDUFAF1	9606.ENSP00000327268	9606.ENSP00000260361	0	0	0	0	0.116	0	0.967	0.520	0.985
NDUFV2	COX17	9606.ENSP00000327268	9606.ENSP00000261070	0	0	0	0	0.612	0	0	0.186	0.671
NDUFV2	FOXRED1	9606.ENSP00000327268	9606.ENSP00000263578	0	0	0	0	0.049	0	0.720	0.687	0.909
NDUFV2	NDUFS3	9606.ENSP00000327268	9606.ENSP00000263774	0.231	0	0	0	0.980	0.998	0.980	0.993	0.999
NDUFV2	SDHA	9606.ENSP00000327268	9606.ENSP00000264932	0	0	0	0	0.735	0.243	0.795	0.667	0.984
NDUFV2	NDUFA9	9606.ENSP00000327268	9606.ENSP00000266544	0	0	0	0	0.880	0.999	0.944	0.949	0.999
NDUFV2	UQCRC2	9606.ENSP00000327268	9606.ENSP00000268379	0	0	0	0	0.904	0.921	0.196	0.540	0.996
NDUFV2	NDUFB10	9606.ENSP00000327268	9606.ENSP00000268668	0	0	0	0	0.750	0.995	0.967	0.715	0.999
NDUFV2	ECSIT	9606.ENSP00000327268	9606.ENSP00000270517	0	0	0	0	0.127	0	0.500	0.270	0.654
NDUFV2	NDUFS6	9606.ENSP00000327268	9606.ENSP00000274137	0	0	0	0	0.922	0.999	0.967	0.985	0.999
NDUFV2	NDUFB11	9606.ENSP00000327268	9606.ENSP00000276062	0	0	0	0	0.848	0.969	0.967	0.743	0.999
NDUFV2	NDUFB9	9606.ENSP00000327268	9606.ENSP00000276689	0	0	0	0	0.967	0.993	0.967	0.862	0.999
NDUFV2	NDUFC2	9606.ENSP00000327268	9606.ENSP00000281031	0	0	0	0	0.697	0.942	0.944	0.634	0.999
NDUFV2	NUBPL	9606.ENSP00000327268	9606.ENSP00000281081	0	0	0	0	0.049	0	0.500	0.738	0.864
NDUFV2	COX7A1	9606.ENSP00000327268	9606.ENSP00000292907	0	0	0	0	0	0.830	0	0.332	0.881
NDUFV2	NDUFAF2	9606.ENSP00000327268	9606.ENSP00000296597	0	0	0	0	0.170	0.728	0.838	0.824	0.992
NDUFV2	NDUFS4	9606.ENSP00000327268	9606.ENSP00000296684	0	0	0	0	0.977	0.999	0.967	0.974	0.999
NDUFV2	NDUFB8	9606.ENSP00000327268	9606.ENSP00000299166	0	0	0	0	0.975	0.993	0.967	0.783	0.999
NDUFV2	NDUFA7	9606.ENSP00000327268	9606.ENSP00000301457	0	0	0	0	0.373	0.941	0.967	0.830	0.999
NDUFV2	UQCRFS1	9606.ENSP00000327268	9606.ENSP00000306397	0	0	0	0	0.926	0.988	0.809	0.781	0.999
NDUFV2	TMEM126A	9606.ENSP00000327268	9606.ENSP00000306887	0	0	0	0	0.314	0	0	0.173	0.409
NDUFV2	UQCRH	9606.ENSP00000327268	9606.ENSP00000309565	0	0	0	0	0.733	0.957	0.236	0.430	0.994
NDUFV2	PRKACA	9606.ENSP00000327268	9606.ENSP00000309591	0	0	0	0	0.055	0	0.650	0	0.655
NDUFV2	TMEM70	9606.ENSP00000327268	9606.ENSP00000312599	0	0	0	0	0.186	0.088	0	0.276	0.416
NDUFV2	ACAD9	9606.ENSP00000327268	9606.ENSP00000312618	0	0	0	0	0.087	0.088	0.500	0.532	0.779
NDUFV2	NDUFS8	9606.ENSP00000327268	9606.ENSP00000315774	0.231	0	0	0	0.979	0.996	0.980	0.991	0.999
NDUFV2	CYC1	9606.ENSP00000327268	9606.ENSP00000317159	0	0	0	0	0.925	0.990	0.809	0.427	0.999
NDUFV2	COX5A	9606.ENSP00000327268	9606.ENSP00000317780	0	0	0	0	0.919	0.876	0	0.513	0.994
NDUFV2	NDUFAF3	9606.ENSP00000327268	9606.ENSP00000323076	0	0	0	0	0.153	0	0.838	0.616	0.942
NDUFV2	COA5	9606.ENSP00000327268	9606.ENSP00000330730	0	0	0	0	0.049	0	0	0.458	0.462
NDUFV2	SURF1	9606.ENSP00000327268	9606.ENSP00000361042	0	0	0	0	0.088	0.246	0	0.293	0.471
NDUFV2	SCO2	9606.ENSP00000327268	9606.ENSP00000444433	0	0	0	0	0.080	0	0	0.456	0.478
NDUFV2	MT-ATP6	9606.ENSP00000327268	9606.ENSP00000354632	0.042	0	0	0	0.234	0	0	0.493	0.595
NDUFV2	TMEM186	9606.ENSP00000327268	9606.ENSP00000331640	0	0	0	0	0.044	0	0.500	0.243	0.606
NDUFV2	COA6	9606.ENSP00000327268	9606.ENSP00000355574	0	0	0	0	0.413	0.283	0	0.174	0.622
NDUFV2	PRKACB	9606.ENSP00000327268	9606.ENSP00000359719	0	0	0	0	0.055	0	0.650	0	0.655
NDUFV2	TIMMDC1	9606.ENSP00000327268	9606.ENSP00000418803	0	0	0	0	0.072	0	0.500	0.371	0.682
NDUFV2	NDUFAF6	9606.ENSP00000327268	9606.ENSP00000379430	0	0	0	0	0.058	0	0.500	0.415	0.700
NDUFV2	COA1	9606.ENSP00000327268	9606.ENSP00000379218	0	0	0	0	0.060	0	0.500	0.431	0.709
NDUFV2	TMEM126B	9606.ENSP00000327268	9606.ENSP00000351737	0	0	0	0	0.191	0	0.500	0.402	0.737
NDUFV2	COX7A2	9606.ENSP00000327268	9606.ENSP00000359098	0	0	0	0	0.678	0	0	0.330	0.775
NDUFV2	COX6C	9606.ENSP00000327268	9606.ENSP00000429707	0	0	0	0	0.460	0.529	0	0.356	0.822
NDUFV2	NDUFAF5	9606.ENSP00000327268	9606.ENSP00000367346	0	0	0	0	0.162	0	0.500	0.730	0.877
NDUFV2	UQCR11	9606.ENSP00000327268	9606.ENSP00000467262	0	0	0	0	0.287	0.830	0	0.418	0.923
NDUFV2	COX7B	9606.ENSP00000327268	9606.ENSP00000497474	0	0	0	0	0.210	0.842	0	0.466	0.927
NDUFV2	SDHD	9606.ENSP00000327268	9606.ENSP00000364699	0	0	0	0	0.927	0	0	0.419	0.956
NDUFV2	NDUFAF4	9606.ENSP00000327268	9606.ENSP00000358272	0	0	0	0	0.133	0	0.838	0.739	0.960
NDUFV2	COX7C	9606.ENSP00000327268	9606.ENSP00000425759	0	0	0	0	0.670	0.843	0	0.415	0.967
NDUFV2	COX6B1	9606.ENSP00000327268	9606.ENSP00000466818	0	0	0	0	0.640	0.851	0	0.519	0.972
NDUFV2	MT-CO2	9606.ENSP00000327268	9606.ENSP00000354876	0	0	0	0	0.167	0.685	0.809	0.531	0.973
NDUFV2	COX4I1	9606.ENSP00000327268	9606.ENSP00000457513	0	0	0	0	0.669	0.862	0	0.478	0.974
NDUFV2	SDHC	9606.ENSP00000327268	9606.ENSP00000356953	0	0	0	0	0.968	0	0	0.483	0.982
NDUFV2	MT-CO3	9606.ENSP00000327268	9606.ENSP00000354982	0	0	0	0	0.167	0.830	0.809	0.462	0.983
NDUFV2	MT-CYB	9606.ENSP00000327268	9606.ENSP00000354554	0	0	0	0	0.074	0.904	0.585	0.642	0.985
NDUFV2	MT-CO1	9606.ENSP00000327268	9606.ENSP00000354499	0	0	0	0	0.289	0.830	0.809	0.520	0.987
NDUFV2	NDUFA4	9606.ENSP00000327268	9606.ENSP00000339720	0	0	0	0	0.464	0.252	0.944	0.667	0.991
NDUFV2	UQCRQ	9606.ENSP00000327268	9606.ENSP00000367939	0	0	0	0	0.932	0.890	0	0.434	0.995
NDUFV2	UQCR10	9606.ENSP00000327268	9606.ENSP00000332887	0	0	0	0	0.864	0.967	0.172	0.420	0.997
NDUFV2	NDUFB2	9606.ENSP00000327268	9606.ENSP00000419087	0	0	0	0	0.145	0.812	0.967	0.579	0.997
NDUFV2	NDUFB1	9606.ENSP00000327268	9606.ENSP00000483888	0	0	0	0	0.334	0.954	0.900	0.447	0.998
NDUFV2	NDUFB6	9606.ENSP00000327268	9606.ENSP00000369176	0	0	0	0	0.927	0.967	0.967	0.866	0.999
NDUFV2	NDUFA8	9606.ENSP00000327268	9606.ENSP00000362873	0	0	0	0	0.980	0.996	0.967	0.615	0.999
NDUFV2	NDUFS5	9606.ENSP00000327268	9606.ENSP00000362058	0	0	0	0	0.652	0.998	0.900	0.591	0.999
NDUFV2	NDUFS2	9606.ENSP00000327268	9606.ENSP00000356972	0.231	0.757	0	0	0.972	0.998	0.980	0.993	0.999
NDUFV2	NDUFV3	9606.ENSP00000327268	9606.ENSP00000346196	0	0	0	0	0.165	0.999	0.967	0.973	0.999
NDUFV2	MT-ND2	9606.ENSP00000327268	9606.ENSP00000355046	0.120	0	0	0	0.599	0.988	0.978	0.706	0.999
NDUFV2	NDUFV1	9606.ENSP00000327268	9606.ENSP00000497587	0.231	0	0.531	0	0.979	0.999	0.980	0.999	0.999
NDUFV2	MT-ND1	9606.ENSP00000327268	9606.ENSP00000354687	0.231	0	0	0	0.969	0.996	0.980	0.808	0.999
NDUFV2	NDUFA3	9606.ENSP00000327268	9606.ENSP00000418438	0	0	0	0	0.318	0.943	0.967	0.441	0.999
NDUFV2	NDUFA11	9606.ENSP00000327268	9606.ENSP00000389160	0	0	0	0	0.303	0.998	0.944	0.849	0.999
NDUFV2	NDUFA1	9606.ENSP00000327268	9606.ENSP00000360492	0	0	0	0	0.258	0.941	0.967	0.857	0.999
NDUFV2	MT-ND5	9606.ENSP00000327268	9606.ENSP00000354813	0.120	0	0	0	0.626	0.999	0.978	0.745	0.999
NDUFV2	NDUFA5	9606.ENSP00000327268	9606.ENSP00000417142	0	0	0	0	0.966	0.991	0.967	0.859	0.999
NDUFV2	NDUFA6	9606.ENSP00000327268	9606.ENSP00000482543	0	0	0	0	0.947	0.998	0.967	0.952	0.999
NDUFV2	SDHB	9606.ENSP00000327268	9606.ENSP00000364649	0	0	0	0	0.985	0.554	0.795	0.595	0.999
NDUFV2	UQCRB	9606.ENSP00000327268	9606.ENSP00000430494	0	0	0	0	0.949	0.967	0.284	0.488	0.999
NDUFV2	NDUFA12	9606.ENSP00000327268	9606.ENSP00000330737	0	0	0	0	0.979	0.998	0.967	0.844	0.999
NDUFV2	MT-ND4	9606.ENSP00000327268	9606.ENSP00000354961	0.231	0	0	0	0.968	0.993	0.980	0.752	0.999
NDUFV2	NDUFA13	9606.ENSP00000327268	9606.ENSP00000423673	0	0	0	0	0.767	0.998	0.967	0.667	0.999
NDUFV2	NDUFB3	9606.ENSP00000327268	9606.ENSP00000407336	0	0	0	0	0.678	0.993	0.967	0.777	0.999
NDUFV2	NDUFS1	9606.ENSP00000327268	9606.ENSP00000392709	0.231	0	0.334	0	0.978	0.999	0.980	0.999	0.999
NDUFV2	NDUFAB1	9606.ENSP00000327268	9606.ENSP00000458770	0.049	0	0	0	0.604	0.991	0.967	0.573	0.999
NDUFV2	NDUFC1	9606.ENSP00000327268	9606.ENSP00000441126	0	0	0	0	0.451	0.825	0.967	0.826	0.999
NDUFV3	NDUFAF7	9606.ENSP00000346196	9606.ENSP00000002125	0	0	0	0	0.076	0	0.500	0.208	0.602
NDUFV3	NDUFB4	9606.ENSP00000346196	9606.ENSP00000184266	0	0	0	0	0.173	0.943	0.967	0.599	0.999
NDUFV3	UQCRC1	9606.ENSP00000346196	9606.ENSP00000203407	0	0	0	0	0.267	0.835	0	0.531	0.938
NDUFV3	NDUFB7	9606.ENSP00000346196	9606.ENSP00000215565	0	0	0	0	0.607	0.946	0.967	0.481	0.999
NDUFV3	COX6A1	9606.ENSP00000346196	9606.ENSP00000229379	0	0	0	0	0.142	0.130	0	0.560	0.643
NDUFV3	NDUFS7	9606.ENSP00000346196	9606.ENSP00000233627	0	0	0	0	0.332	0.945	0.967	0.505	0.999
NDUFV3	NDUFA2	9606.ENSP00000346196	9606.ENSP00000252102	0	0	0	0	0.431	0.998	0.967	0.833	0.999
NDUFV3	NDUFA10	9606.ENSP00000346196	9606.ENSP00000252711	0	0	0	0	0.179	0.934	0.967	0.586	0.999
NDUFV3	COX5B	9606.ENSP00000346196	9606.ENSP00000258424	0	0	0	0	0.273	0.817	0	0.419	0.916
NDUFV3	NDUFB5	9606.ENSP00000346196	9606.ENSP00000259037	0	0	0	0	0.423	0.937	0.967	0.820	0.999
NDUFV3	NDUFAF1	9606.ENSP00000346196	9606.ENSP00000260361	0	0	0	0	0.064	0	0.967	0.359	0.978
NDUFV3	FOXRED1	9606.ENSP00000346196	9606.ENSP00000263578	0	0	0	0	0.049	0	0.720	0.341	0.809
NDUFV3	NDUFS3	9606.ENSP00000346196	9606.ENSP00000263774	0	0	0	0	0.161	0.998	0.967	0.449	0.999
NDUFV3	SDHA	9606.ENSP00000346196	9606.ENSP00000264932	0	0	0	0	0.102	0	0	0.531	0.561
NDUFV3	NDUFA9	9606.ENSP00000346196	9606.ENSP00000266544	0	0	0	0	0.270	0.998	0.944	0.537	0.999
NDUFV3	UQCRC2	9606.ENSP00000346196	9606.ENSP00000268379	0	0	0	0	0.170	0.831	0	0.442	0.915
NDUFV3	NDUFB10	9606.ENSP00000346196	9606.ENSP00000268668	0	0	0	0	0.698	0.945	0.967	0.542	0.999
NDUFV3	ECSIT	9606.ENSP00000346196	9606.ENSP00000270517	0	0	0	0	0.080	0	0.500	0.231	0.615
NDUFV3	NDUFS6	9606.ENSP00000346196	9606.ENSP00000274137	0	0	0	0	0.558	0.998	0.967	0.930	0.999
NDUFV3	NDUFB11	9606.ENSP00000346196	9606.ENSP00000276062	0	0	0	0	0.316	0.958	0.967	0.571	0.999
NDUFV3	NDUFB9	9606.ENSP00000346196	9606.ENSP00000276689	0	0	0	0	0.393	0.937	0.967	0.541	0.999
NDUFV3	NDUFC2	9606.ENSP00000346196	9606.ENSP00000281031	0	0	0	0	0.172	0.932	0.944	0.556	0.998
NDUFV3	NUBPL	9606.ENSP00000346196	9606.ENSP00000281081	0	0	0	0	0.074	0	0.500	0.103	0.548
NDUFV3	COX7A1	9606.ENSP00000346196	9606.ENSP00000292907	0	0	0	0	0.106	0.812	0	0.496	0.908
NDUFV3	NDUFAF2	9606.ENSP00000346196	9606.ENSP00000296597	0	0	0	0	0.083	0.435	0.935	0.323	0.974
NDUFV3	NDUFS4	9606.ENSP00000346196	9606.ENSP00000296684	0	0	0	0	0.169	0.999	0.967	0.864	0.999
NDUFV3	NDUFB8	9606.ENSP00000346196	9606.ENSP00000299166	0	0	0	0	0.240	0.940	0.967	0.561	0.999
NDUFV3	NDUFA7	9606.ENSP00000346196	9606.ENSP00000301457	0	0	0	0	0.401	0.938	0.967	0.808	0.999
NDUFV3	UQCRFS1	9606.ENSP00000346196	9606.ENSP00000306397	0	0	0	0	0.116	0.831	0	0.477	0.915
NDUFV3	UQCRH	9606.ENSP00000346196	9606.ENSP00000309565	0	0	0	0	0.564	0.845	0	0.404	0.956
NDUFV3	PRKACA	9606.ENSP00000346196	9606.ENSP00000309591	0	0	0	0	0.107	0	0.650	0	0.674
NDUFV3	ACAD9	9606.ENSP00000346196	9606.ENSP00000312618	0	0	0	0	0.083	0.088	0.500	0.259	0.649
NDUFV3	NDUFS8	9606.ENSP00000346196	9606.ENSP00000315774	0	0	0	0	0.386	0.940	0.967	0.544	0.999
NDUFV3	CYC1	9606.ENSP00000346196	9606.ENSP00000317159	0	0	0	0	0.146	0.831	0	0.221	0.878
NDUFV3	COX5A	9606.ENSP00000346196	9606.ENSP00000317780	0	0	0	0	0.416	0.812	0	0.385	0.926
NDUFV3	NDUFAF3	9606.ENSP00000346196	9606.ENSP00000323076	0	0	0	0	0.095	0	0.838	0.198	0.872
NDUFV3	NDUFV2	9606.ENSP00000346196	9606.ENSP00000327268	0	0	0	0	0.165	0.999	0.967	0.973	0.999
NDUFV3	NDUFA12	9606.ENSP00000346196	9606.ENSP00000330737	0	0	0	0	0.351	0.998	0.967	0.852	0.999
NDUFV3	TMEM186	9606.ENSP00000346196	9606.ENSP00000331640	0	0	0	0	0.072	0	0.500	0.206	0.599
NDUFV3	UQCR10	9606.ENSP00000346196	9606.ENSP00000332887	0	0	0	0	0.691	0.826	0	0.309	0.959
NDUFV3	NDUFA4	9606.ENSP00000346196	9606.ENSP00000339720	0	0	0	0	0.212	0.091	0.944	0.540	0.979
NDUFV3	MT-ATP8	9606.ENSP00000346196	9606.ENSP00000355265	0	0	0	0	0.097	0	0	0.369	0.406
NDUFV3	COA6	9606.ENSP00000346196	9606.ENSP00000355574	0	0	0	0	0.144	0.133	0	0.293	0.430
NDUFV3	COA1	9606.ENSP00000346196	9606.ENSP00000379218	0	0	0	0	0.049	0	0.500	0.069	0.518
NDUFV3	MT-CO2	9606.ENSP00000346196	9606.ENSP00000354876	0	0	0	0	0.058	0.507	0	0.155	0.573
NDUFV3	COX7A2	9606.ENSP00000346196	9606.ENSP00000359098	0	0	0	0	0.316	0	0	0.435	0.597
NDUFV3	NDUFAF6	9606.ENSP00000346196	9606.ENSP00000379430	0	0	0	0	0	0	0.500	0.230	0.598
NDUFV3	TMEM126B	9606.ENSP00000346196	9606.ENSP00000351737	0	0	0	0	0.049	0	0.500	0.285	0.630
NDUFV3	NDUFAF5	9606.ENSP00000346196	9606.ENSP00000367346	0	0	0	0	0.105	0	0.500	0.315	0.666
NDUFV3	PRKACB	9606.ENSP00000346196	9606.ENSP00000359719	0	0	0	0	0.095	0	0.650	0	0.669
NDUFV3	COX6C	9606.ENSP00000346196	9606.ENSP00000429707	0	0	0	0	0.574	0.507	0	0.281	0.835
NDUFV3	MT-CO1	9606.ENSP00000346196	9606.ENSP00000354499	0	0	0	0	0.056	0.812	0	0.174	0.840
NDUFV3	MT-CO3	9606.ENSP00000346196	9606.ENSP00000354982	0	0	0	0	0.060	0.812	0	0.195	0.845
NDUFV3	MT-CYB	9606.ENSP00000346196	9606.ENSP00000354554	0	0	0	0	0	0.827	0	0.150	0.847
NDUFV3	NDUFAF4	9606.ENSP00000346196	9606.ENSP00000358272	0	0	0	0	0.055	0	0.838	0.220	0.870
NDUFV3	UQCRB	9606.ENSP00000346196	9606.ENSP00000430494	0	0	0	0	0.135	0.826	0	0.301	0.885
NDUFV3	UQCRQ	9606.ENSP00000346196	9606.ENSP00000367939	0	0	0	0	0.339	0.826	0	0.234	0.904
NDUFV3	COX7B	9606.ENSP00000346196	9606.ENSP00000497474	0	0	0	0	0.305	0.811	0	0.380	0.911
NDUFV3	COX6B1	9606.ENSP00000346196	9606.ENSP00000466818	0	0	0	0	0.273	0.819	0	0.380	0.911
NDUFV3	COX4I1	9606.ENSP00000346196	9606.ENSP00000457513	0	0	0	0	0.271	0.843	0	0.328	0.916
NDUFV3	UQCR11	9606.ENSP00000346196	9606.ENSP00000467262	0	0	0	0	0.618	0.812	0	0.294	0.945
NDUFV3	COX7C	9606.ENSP00000346196	9606.ENSP00000425759	0	0	0	0	0.611	0.812	0	0.321	0.946
NDUFV3	NDUFB1	9606.ENSP00000346196	9606.ENSP00000483888	0	0	0	0	0.179	0.940	0.900	0.541	0.997
NDUFV3	MT-ND5	9606.ENSP00000346196	9606.ENSP00000354813	0	0	0	0	0.063	0.936	0.967	0.298	0.998
NDUFV3	NDUFB2	9606.ENSP00000346196	9606.ENSP00000419087	0	0	0	0	0.206	0.897	0.967	0.384	0.998
NDUFV3	MT-ND4	9606.ENSP00000346196	9606.ENSP00000354961	0	0	0	0	0.062	0.935	0.967	0.298	0.998
NDUFV3	TIMMDC1	9606.ENSP00000346196	9606.ENSP00000418803	0	0	0	0	0.101	0.994	0.500	0.359	0.998
NDUFV3	MT-ND1	9606.ENSP00000346196	9606.ENSP00000354687	0	0	0	0	0.063	0.903	0.967	0.540	0.998
NDUFV3	MT-ND2	9606.ENSP00000346196	9606.ENSP00000355046	0	0	0	0	0.056	0.948	0.967	0.283	0.998
NDUFV3	NDUFA6	9606.ENSP00000346196	9606.ENSP00000482543	0	0	0	0	0.379	0.998	0.967	0.852	0.999
NDUFV3	NDUFA5	9606.ENSP00000346196	9606.ENSP00000417142	0	0	0	0	0.358	0.939	0.967	0.823	0.999
NDUFV3	NDUFA13	9606.ENSP00000346196	9606.ENSP00000423673	0	0	0	0	0.686	0.943	0.967	0.408	0.999
NDUFV3	NDUFC1	9606.ENSP00000346196	9606.ENSP00000441126	0	0	0	0	0.589	0.825	0.967	0.846	0.999
NDUFV3	NDUFS1	9606.ENSP00000346196	9606.ENSP00000392709	0	0	0	0	0.163	0.982	0.967	0.931	0.999
NDUFV3	NDUFAB1	9606.ENSP00000346196	9606.ENSP00000458770	0	0	0	0	0.124	0.992	0.967	0.536	0.999
NDUFV3	NDUFB3	9606.ENSP00000346196	9606.ENSP00000407336	0	0	0	0	0.401	0.937	0.967	0.809	0.999
NDUFV3	NDUFB6	9606.ENSP00000346196	9606.ENSP00000369176	0	0	0	0	0.219	0.946	0.967	0.552	0.999
NDUFV3	NDUFS2	9606.ENSP00000346196	9606.ENSP00000356972	0	0	0	0	0.148	0.940	0.967	0.537	0.999
NDUFV3	NDUFS5	9606.ENSP00000346196	9606.ENSP00000362058	0	0	0	0	0.608	0.998	0.900	0.472	0.999
NDUFV3	NDUFA8	9606.ENSP00000346196	9606.ENSP00000362873	0	0	0	0	0.420	0.958	0.967	0.491	0.999
NDUFV3	NDUFA3	9606.ENSP00000346196	9606.ENSP00000418438	0	0	0	0	0.629	0.938	0.967	0.590	0.999
NDUFV3	NDUFV1	9606.ENSP00000346196	9606.ENSP00000497587	0	0	0	0	0.169	0.999	0.967	0.984	0.999
NDUFV3	NDUFA1	9606.ENSP00000346196	9606.ENSP00000360492	0	0	0	0	0.258	0.922	0.967	0.700	0.999
NDUFV3	NDUFA11	9606.ENSP00000346196	9606.ENSP00000389160	0	0	0	0	0.402	0.998	0.944	0.476	0.999
NFKBIA	TNFRSF1A	9606.ENSP00000216797	9606.ENSP00000162749	0	0	0	0	0.057	0	0	0.806	0.809
NFKBIA	NGFR	9606.ENSP00000216797	9606.ENSP00000172229	0	0	0	0	0	0	0.500	0.205	0.585
NFKBIA	HMOX1	9606.ENSP00000216797	9606.ENSP00000216117	0	0	0	0	0.057	0	0	0.669	0.675
NFKBIA	RIPK3	9606.ENSP00000216797	9606.ENSP00000216274	0	0	0	0	0.067	0.095	0.500	0.410	0.717
NFKBIA	PYCARD	9606.ENSP00000216797	9606.ENSP00000247470	0	0	0	0	0.120	0.050	0	0.348	0.407
NFKBIA	SDHC	9606.ENSP00000216797	9606.ENSP00000356953	0	0	0	0	0	0.052	0	0.432	0.438
NFKBIA	MAP3K5	9606.ENSP00000216797	9606.ENSP00000351908	0	0	0	0	0.088	0	0	0.418	0.446
NFKBIA	KRAS	9606.ENSP00000216797	9606.ENSP00000256078	0	0	0	0	0.046	0.102	0	0.406	0.448
NFKBIA	TNFRSF10B	9606.ENSP00000216797	9606.ENSP00000276431	0	0	0	0	0.058	0	0	0.446	0.455
NFKBIA	CAMK2A	9606.ENSP00000216797	9606.ENSP00000500386	0	0	0	0	0	0.059	0	0.466	0.476
NFKBIA	ACTG1	9606.ENSP00000216797	9606.ENSP00000458162	0	0	0	0	0.045	0.445	0	0.104	0.484
NFKBIA	LMNA	9606.ENSP00000216797	9606.ENSP00000357283	0	0	0	0	0.067	0.053	0	0.481	0.501
NFKBIA	CYBB	9606.ENSP00000216797	9606.ENSP00000367851	0	0	0	0	0.124	0.045	0	0.455	0.504
NFKBIA	PRKCQ	9606.ENSP00000216797	9606.ENSP00000263125	0	0	0	0	0.100	0.062	0	0.483	0.525
NFKBIA	MAP2K1	9606.ENSP00000216797	9606.ENSP00000302486	0	0	0	0	0.055	0.046	0	0.517	0.527
NFKBIA	PTEN	9606.ENSP00000216797	9606.ENSP00000361021	0	0	0	0	0.064	0.068	0	0.510	0.536
NFKBIA	GSDMD	9606.ENSP00000216797	9606.ENSP00000433209	0	0	0	0	0.064	0	0	0.558	0.568
NFKBIA	MCL1	9606.ENSP00000216797	9606.ENSP00000358022	0	0	0	0	0.215	0.045	0	0.480	0.576
NFKBIA	IL18	9606.ENSP00000216797	9606.ENSP00000280357	0	0	0	0	0.048	0	0	0.581	0.584
NFKBIA	PDPK1	9606.ENSP00000216797	9606.ENSP00000344220	0	0	0	0	0.042	0	0.500	0.225	0.596
NFKBIA	FADD	9606.ENSP00000216797	9606.ENSP00000301838	0	0	0	0	0.103	0.095	0	0.572	0.622
NFKBIA	TRADD	9606.ENSP00000216797	9606.ENSP00000341268	0	0	0	0	0.080	0	0	0.625	0.640
NFKBIA	STAT5A	9606.ENSP00000216797	9606.ENSP00000341208	0	0	0	0	0.107	0.045	0	0.625	0.653
NFKBIA	TLR3	9606.ENSP00000216797	9606.ENSP00000296795	0	0	0	0	0.083	0.093	0	0.627	0.663
NFKBIA	CFLAR	9606.ENSP00000216797	9606.ENSP00000312455	0	0	0	0	0.171	0.076	0	0.596	0.664
NFKBIA	MAPK9	9606.ENSP00000216797	9606.ENSP00000394560	0	0	0	0	0	0.072	0	0.660	0.671
NFKBIA	CASP1	9606.ENSP00000216797	9606.ENSP00000433138	0	0	0	0	0.139	0.076	0	0.632	0.681
NFKBIA	CASP8	9606.ENSP00000216797	9606.ENSP00000351273	0	0	0	0	0.078	0.076	0	0.661	0.686
NFKBIA	CASP3	9606.ENSP00000216797	9606.ENSP00000311032	0	0	0	0	0.049	0.076	0	0.728	0.740
NFKBIA	STAT3	9606.ENSP00000216797	9606.ENSP00000264657	0	0	0	0	0.144	0.045	0	0.708	0.741
NFKBIA	ACTB	9606.ENSP00000216797	9606.ENSP00000494750	0	0	0	0	0.049	0.092	0	0.811	0.823
NFKBIA	TNFAIP3	9606.ENSP00000216797	9606.ENSP00000481570	0	0	0	0	0.529	0.049	0	0.733	0.870
NFKBIA	JUN	9606.ENSP00000216797	9606.ENSP00000360266	0	0	0	0	0.235	0.292	0	0.844	0.908
NFKBIA	TP53	9606.ENSP00000216797	9606.ENSP00000269305	0	0	0	0	0.051	0.623	0	0.781	0.915
NFKBIA	PRKACA	9606.ENSP00000216797	9606.ENSP00000309591	0	0	0	0	0.063	0.045	0.900	0.664	0.965
NFKBIA	PRKACB	9606.ENSP00000216797	9606.ENSP00000359719	0	0	0	0	0.063	0.045	0.900	0.664	0.965
NFKBIA	IKBKB	9606.ENSP00000216797	9606.ENSP00000430684	0	0	0	0	0.042	0.994	0.900	0.995	0.999
NGFR	TNFRSF1A	9606.ENSP00000172229	9606.ENSP00000162749	0	0	0	0.569	0.044	0	0	0.488	0.489
NGFR	ACTB	9606.ENSP00000172229	9606.ENSP00000494750	0	0	0	0	0	0	0	0.446	0.446
NGFR	PRKACB	9606.ENSP00000172229	9606.ENSP00000359719	0	0	0	0	0	0.292	0	0.251	0.447
NGFR	JUN	9606.ENSP00000172229	9606.ENSP00000360266	0	0	0	0	0	0	0	0.478	0.478
NGFR	PRNP	9606.ENSP00000172229	9606.ENSP00000399376	0	0	0	0	0.043	0	0	0.513	0.514
NGFR	CASP2	9606.ENSP00000172229	9606.ENSP00000312664	0	0	0	0	0	0	0.500	0.173	0.569
NGFR	TP53	9606.ENSP00000172229	9606.ENSP00000269305	0	0	0	0	0	0.292	0	0.432	0.580
NGFR	NFKBIA	9606.ENSP00000172229	9606.ENSP00000216797	0	0	0	0	0	0	0.500	0.205	0.585
NGFR	CASP3	9606.ENSP00000172229	9606.ENSP00000311032	0	0	0	0	0	0	0.500	0.656	0.820
NGFR	IKBKB	9606.ENSP00000172229	9606.ENSP00000430684	0	0	0	0	0	0.522	0.500	0.351	0.831
NGFR	PIK3CB	9606.ENSP00000172229	9606.ENSP00000501150	0	0	0	0	0	0	0.900	0.088	0.904
NGFR	FADD	9606.ENSP00000172229	9606.ENSP00000301838	0	0	0	0	0	0.066	0.900	0.248	0.923
NGFR	TRADD	9606.ENSP00000172229	9606.ENSP00000341268	0	0	0	0	0	0.926	0	0.390	0.953
NUBPL	NDUFAF7	9606.ENSP00000281081	9606.ENSP00000002125	0	0	0	0	0.149	0	0.500	0.548	0.790
NUBPL	NDUFS7	9606.ENSP00000281081	9606.ENSP00000233627	0	0	0	0	0.043	0	0.500	0.726	0.857
NUBPL	NDUFA2	9606.ENSP00000281081	9606.ENSP00000252102	0	0	0	0	0.049	0	0	0.627	0.630
NUBPL	NDUFAF1	9606.ENSP00000281081	9606.ENSP00000260361	0	0	0	0	0.060	0	0	0.745	0.750
NUBPL	FOXRED1	9606.ENSP00000281081	9606.ENSP00000263578	0	0	0	0	0.095	0	0	0.851	0.859
NUBPL	NDUFS3	9606.ENSP00000281081	9606.ENSP00000263774	0	0	0	0	0.044	0	0.500	0.779	0.885
NUBPL	SDHA	9606.ENSP00000281081	9606.ENSP00000264932	0	0.293	0	0	0.049	0	0	0.224	0.433
NUBPL	NDUFA9	9606.ENSP00000281081	9606.ENSP00000266544	0	0	0	0	0.088	0	0.500	0.262	0.634
NUBPL	ECSIT	9606.ENSP00000281081	9606.ENSP00000270517	0	0	0	0	0	0	0	0.499	0.499
NUBPL	ACP1	9606.ENSP00000281081	9606.ENSP00000272067	0.111	0	0	0	0.093	0.122	0	0.281	0.423
NUBPL	NDUFS6	9606.ENSP00000281081	9606.ENSP00000274137	0	0	0	0	0	0	0.500	0.598	0.790
NUBPL	UQCRFS1	9606.ENSP00000281081	9606.ENSP00000306397	0.044	0	0	0	0.059	0.128	0	0.338	0.411
NUBPL	SURF1	9606.ENSP00000281081	9606.ENSP00000361042	0	0	0	0	0	0	0	0.419	0.419
NUBPL	SDHAF1	9606.ENSP00000281081	9606.ENSP00000368165	0	0	0	0	0	0	0	0.425	0.425
NUBPL	TIMMDC1	9606.ENSP00000281081	9606.ENSP00000418803	0	0	0	0	0.043	0	0	0.484	0.485
NUBPL	LYRM7	9606.ENSP00000281081	9606.ENSP00000368688	0	0	0	0	0.110	0	0	0.485	0.522
NUBPL	NDUFV3	9606.ENSP00000281081	9606.ENSP00000346196	0	0	0	0	0.074	0	0.500	0.103	0.548
NUBPL	TMEM126B	9606.ENSP00000281081	9606.ENSP00000351737	0	0	0	0	0.121	0	0	0.547	0.585
NUBPL	MT-ND2	9606.ENSP00000281081	9606.ENSP00000355046	0	0	0	0	0	0	0	0.623	0.623
NUBPL	MT-ND5	9606.ENSP00000281081	9606.ENSP00000354813	0	0	0	0	0	0	0	0.632	0.632
NUBPL	NDUFA1	9606.ENSP00000281081	9606.ENSP00000360492	0	0	0	0	0	0	0	0.646	0.646
NUBPL	MT-ND1	9606.ENSP00000281081	9606.ENSP00000354687	0	0	0	0	0	0	0	0.653	0.653
NUBPL	NDUFA12	9606.ENSP00000281081	9606.ENSP00000330737	0	0	0	0	0.045	0	0.500	0.336	0.655
NUBPL	MT-ND4	9606.ENSP00000281081	9606.ENSP00000354961	0	0	0	0	0	0	0	0.661	0.661
NUBPL	ACAD9	9606.ENSP00000281081	9606.ENSP00000312618	0	0	0	0	0.062	0.095	0	0.673	0.699
NUBPL	NDUFA11	9606.ENSP00000281081	9606.ENSP00000389160	0	0	0	0	0	0	0	0.721	0.721
NUBPL	NDUFAF6	9606.ENSP00000281081	9606.ENSP00000379430	0	0	0	0	0.199	0	0	0.708	0.756
NUBPL	NDUFAF3	9606.ENSP00000281081	9606.ENSP00000323076	0	0	0	0	0	0	0	0.793	0.793
NUBPL	NDUFAF5	9606.ENSP00000281081	9606.ENSP00000367346	0	0	0	0	0.098	0	0	0.818	0.829
NUBPL	NDUFS4	9606.ENSP00000281081	9606.ENSP00000296684	0	0	0	0	0.062	0	0.500	0.676	0.834
NUBPL	NDUFAF4	9606.ENSP00000281081	9606.ENSP00000358272	0	0	0	0	0.044	0	0	0.850	0.851
NUBPL	NDUFV2	9606.ENSP00000281081	9606.ENSP00000327268	0	0	0	0	0.049	0	0.500	0.738	0.864
NUBPL	NDUFS1	9606.ENSP00000281081	9606.ENSP00000392709	0	0	0	0	0.048	0.098	0.500	0.725	0.866
NUBPL	NDUFV1	9606.ENSP00000281081	9606.ENSP00000497587	0	0	0	0	0.043	0	0.500	0.746	0.868
NUBPL	NDUFAF2	9606.ENSP00000281081	9606.ENSP00000296597	0	0	0	0	0.056	0	0.500	0.773	0.883
NUBPL	NDUFS8	9606.ENSP00000281081	9606.ENSP00000315774	0.105	0	0	0	0.049	0	0.500	0.789	0.898
NUBPL	NDUFS2	9606.ENSP00000281081	9606.ENSP00000356972	0	0	0	0	0.042	0	0.500	0.812	0.902
PARP4	TNFRSF10B	9606.ENSP00000371419	9606.ENSP00000276431	0	0	0	0	0.067	0	0	0.402	0.418
PARP4	CASP3	9606.ENSP00000371419	9606.ENSP00000311032	0	0	0	0	0.049	0.071	0.900	0.160	0.915
PARP4	PTEN	9606.ENSP00000371419	9606.ENSP00000361021	0	0	0	0	0.093	0	0	0.516	0.542
PDPK1	NFKBIA	9606.ENSP00000344220	9606.ENSP00000216797	0	0	0	0	0.042	0	0.500	0.225	0.596
PDPK1	KRAS	9606.ENSP00000344220	9606.ENSP00000256078	0	0	0	0	0.104	0.078	0.500	0.401	0.720
PDPK1	PRKCQ	9606.ENSP00000344220	9606.ENSP00000263125	0	0	0	0.707	0	0.393	0.750	0.428	0.905
PDPK1	CASP3	9606.ENSP00000344220	9606.ENSP00000311032	0	0	0	0	0.047	0.329	0	0.322	0.528
PDPK1	ULK1	9606.ENSP00000344220	9606.ENSP00000324560	0	0	0	0.611	0.138	0.292	0	0.151	0.437
PDPK1	MAP3K5	9606.ENSP00000344220	9606.ENSP00000351908	0	0	0	0.589	0.049	0	0	0.443	0.447
PDPK1	PTEN	9606.ENSP00000344220	9606.ENSP00000361021	0	0	0	0	0.049	0	0	0.848	0.849
PDPK1	IKBKB	9606.ENSP00000344220	9606.ENSP00000430684	0	0	0	0.587	0.141	0.104	0.900	0.131	0.924
PDPK1	AKT3	9606.ENSP00000344220	9606.ENSP00000500582	0	0	0.085	0.747	0	0.275	0.900	0.192	0.939
PDPK1	PIK3CB	9606.ENSP00000344220	9606.ENSP00000501150	0	0	0	0	0.126	0.073	0.900	0.706	0.973
PET100	COX15	9606.ENSP00000470539	9606.ENSP00000016171	0	0	0	0	0	0	0	0.703	0.703
PET100	NDUFB4	9606.ENSP00000470539	9606.ENSP00000184266	0	0	0	0	0.735	0	0	0.113	0.755
PET100	COX6A1	9606.ENSP00000470539	9606.ENSP00000229379	0	0	0	0	0.158	0	0	0.393	0.467
PET100	NDUFA2	9606.ENSP00000470539	9606.ENSP00000252102	0	0	0	0	0.775	0	0	0.099	0.788
PET100	SCO1	9606.ENSP00000470539	9606.ENSP00000255390	0	0	0	0	0	0	0	0.623	0.623
PET100	COX5B	9606.ENSP00000470539	9606.ENSP00000258424	0	0	0	0	0.241	0.093	0	0.419	0.565
PET100	TACO1	9606.ENSP00000470539	9606.ENSP00000258975	0	0	0	0	0	0	0	0.628	0.628
PET100	COX17	9606.ENSP00000470539	9606.ENSP00000261070	0	0	0	0	0.386	0	0	0.665	0.785
PET100	TTC19	9606.ENSP00000470539	9606.ENSP00000261647	0	0	0	0	0.049	0	0	0.429	0.433
PET100	FOXRED1	9606.ENSP00000470539	9606.ENSP00000263578	0	0	0	0	0	0	0	0.421	0.421
PET100	PNKD	9606.ENSP00000470539	9606.ENSP00000273077	0	0	0	0	0.049	0	0	0.902	0.902
PET100	COX11	9606.ENSP00000470539	9606.ENSP00000299335	0	0	0	0	0.109	0	0	0.517	0.551
PET100	COX5A	9606.ENSP00000470539	9606.ENSP00000317780	0	0	0	0	0.199	0	0	0.524	0.603
PET100	COX8A	9606.ENSP00000470539	9606.ENSP00000321260	0	0	0	0	0.075	0	0	0.630	0.643
PET100	NDUFAF3	9606.ENSP00000470539	9606.ENSP00000323076	0	0	0	0	0.120	0	0	0.434	0.481
PET100	COX14	9606.ENSP00000470539	9606.ENSP00000326052	0	0	0	0	0.095	0	0	0.661	0.680
PET100	COA5	9606.ENSP00000470539	9606.ENSP00000330730	0	0	0	0	0.158	0	0	0.611	0.658
PET100	UQCR10	9606.ENSP00000470539	9606.ENSP00000332887	0	0	0	0	0.496	0	0	0.254	0.608
PET100	NDUFA4	9606.ENSP00000470539	9606.ENSP00000339720	0	0	0	0	0.119	0	0	0.419	0.466
PET100	COX19	9606.ENSP00000470539	9606.ENSP00000342015	0	0	0	0	0.067	0	0	0.438	0.454
PET100	COA3	9606.ENSP00000470539	9606.ENSP00000354762	0	0	0	0	0.067	0	0	0.591	0.602
PET100	COX20	9606.ENSP00000470539	9606.ENSP00000355486	0	0	0	0	0.121	0	0	0.602	0.635
PET100	COA6	9606.ENSP00000470539	9606.ENSP00000355574	0	0	0	0	0.105	0	0	0.658	0.681
PET100	COX7A2	9606.ENSP00000470539	9606.ENSP00000359098	0	0	0	0	0.235	0	0	0.342	0.475
PET100	SURF1	9606.ENSP00000470539	9606.ENSP00000361042	0	0	0	0	0	0	0	0.639	0.639
PET100	UQCC1	9606.ENSP00000470539	9606.ENSP00000363506	0	0	0	0	0	0	0	0.420	0.420
PET100	UQCRQ	9606.ENSP00000470539	9606.ENSP00000367939	0	0	0	0	0.218	0	0	0.379	0.494
PET100	SDHAF1	9606.ENSP00000470539	9606.ENSP00000368165	0	0	0	0	0	0	0	0.477	0.477
PET100	COA1	9606.ENSP00000470539	9606.ENSP00000379218	0	0	0	0	0.049	0	0	0.479	0.483
PET100	PET117	9606.ENSP00000470539	9606.ENSP00000397881	0	0	0	0	0.110	0	0	0.841	0.853
PET100	HIGD1A	9606.ENSP00000470539	9606.ENSP00000398064	0	0	0	0	0.061	0	0	0.388	0.401
PET100	TMEM177	9606.ENSP00000470539	9606.ENSP00000402661	0	0	0	0	0	0	0	0.507	0.507
PET100	BCS1L	9606.ENSP00000470539	9606.ENSP00000413908	0	0	0	0	0	0	0	0.462	0.462
PET100	CMC1	9606.ENSP00000470539	9606.ENSP00000418348	0	0	0	0	0.158	0	0	0.365	0.443
PET100	NDUFB2	9606.ENSP00000470539	9606.ENSP00000419087	0	0	0	0	0.338	0	0	0.132	0.401
PET100	COX18	9606.ENSP00000470539	9606.ENSP00000425261	0	0	0	0	0	0	0	0.588	0.588
PET100	COX7C	9606.ENSP00000470539	9606.ENSP00000425759	0	0	0	0	0.210	0	0	0.410	0.514
PET100	COX6C	9606.ENSP00000470539	9606.ENSP00000429707	0	0	0	0	0.325	0	0	0.411	0.586
PET100	UQCRB	9606.ENSP00000470539	9606.ENSP00000430494	0	0	0	0	0.178	0	0	0.363	0.454
PET100	SCO2	9606.ENSP00000470539	9606.ENSP00000444433	0	0	0	0	0	0	0	0.591	0.591
PET100	COX4I1	9606.ENSP00000470539	9606.ENSP00000457513	0	0	0	0	0.129	0	0	0.339	0.400
PET100	COX6B1	9606.ENSP00000470539	9606.ENSP00000466818	0	0	0	0	0.165	0	0	0.514	0.577
PET100	COX7B	9606.ENSP00000470539	9606.ENSP00000497474	0	0	0	0	0.084	0	0	0.416	0.442
PET100	NDUFB1	9606.ENSP00000470539	9606.ENSP00000483888	0	0	0	0	0.902	0	0	0.222	0.920
PET117	COX15	9606.ENSP00000397881	9606.ENSP00000016171	0	0	0	0	0	0.095	0	0.909	0.914
PET117	SCO1	9606.ENSP00000397881	9606.ENSP00000255390	0	0	0	0	0	0	0	0.638	0.638
PET117	TACO1	9606.ENSP00000397881	9606.ENSP00000258975	0	0	0	0	0.135	0	0	0.391	0.451
PET117	COX17	9606.ENSP00000397881	9606.ENSP00000261070	0	0	0	0	0.217	0	0	0.666	0.727
PET117	PNKD	9606.ENSP00000397881	9606.ENSP00000273077	0	0	0	0	0	0	0	0.913	0.913
PET117	COX11	9606.ENSP00000397881	9606.ENSP00000299335	0	0	0	0	0.049	0.088	0	0.675	0.693
PET117	COX5A	9606.ENSP00000397881	9606.ENSP00000317780	0	0	0	0	0	0	0	0.476	0.476
PET117	COX14	9606.ENSP00000397881	9606.ENSP00000326052	0	0	0	0	0.049	0	0	0.621	0.624
PET117	COA5	9606.ENSP00000397881	9606.ENSP00000330730	0	0	0	0	0.394	0	0	0.640	0.772
PET117	TMEM186	9606.ENSP00000397881	9606.ENSP00000331640	0	0	0	0	0.082	0	0	0.379	0.405
PET117	COX19	9606.ENSP00000397881	9606.ENSP00000342015	0	0	0	0	0.092	0	0	0.516	0.541
PET117	COA3	9606.ENSP00000397881	9606.ENSP00000354762	0	0	0	0	0.049	0	0	0.582	0.585
PET117	COX20	9606.ENSP00000397881	9606.ENSP00000355486	0	0	0	0	0.049	0	0	0.583	0.586
PET117	COA6	9606.ENSP00000397881	9606.ENSP00000355574	0	0	0	0	0.108	0	0	0.686	0.708
PET117	COA7	9606.ENSP00000397881	9606.ENSP00000360593	0	0	0	0	0	0	0	0.412	0.412
PET117	SURF1	9606.ENSP00000397881	9606.ENSP00000361042	0	0	0	0	0	0	0	0.677	0.677
PET117	LYRM7	9606.ENSP00000397881	9606.ENSP00000368688	0	0	0	0	0.063	0	0	0.417	0.430
PET117	COA1	9606.ENSP00000397881	9606.ENSP00000379218	0	0	0	0	0	0	0	0.540	0.540
PET117	COX6C	9606.ENSP00000397881	9606.ENSP00000429707	0	0	0	0	0	0	0	0.408	0.408
PET117	SMIM20	9606.ENSP00000397881	9606.ENSP00000427407	0	0	0	0	0.138	0	0	0.394	0.455
PET117	COX7C	9606.ENSP00000397881	9606.ENSP00000425759	0	0	0	0	0	0	0	0.462	0.462
PET117	HIGD1A	9606.ENSP00000397881	9606.ENSP00000398064	0	0	0	0	0	0	0	0.467	0.467
PET117	CMC1	9606.ENSP00000397881	9606.ENSP00000418348	0	0	0	0	0.049	0	0	0.487	0.491
PET117	COX6B1	9606.ENSP00000397881	9606.ENSP00000466818	0	0	0	0	0.069	0	0	0.528	0.542
PET117	TMEM177	9606.ENSP00000397881	9606.ENSP00000402661	0	0	0	0	0.082	0	0	0.541	0.560
PET117	SCO2	9606.ENSP00000397881	9606.ENSP00000444433	0	0	0	0	0	0	0	0.584	0.584
PET117	COX18	9606.ENSP00000397881	9606.ENSP00000425261	0	0	0	0	0	0	0	0.593	0.593
PET117	PET100	9606.ENSP00000397881	9606.ENSP00000470539	0	0	0	0	0.110	0	0	0.841	0.853
PIK3CB	NGFR	9606.ENSP00000501150	9606.ENSP00000172229	0	0	0	0	0	0	0.900	0.088	0.904
PIK3CB	RRAS	9606.ENSP00000501150	9606.ENSP00000246792	0	0	0	0	0.061	0.316	0.900	0.243	0.944
PIK3CB	KRAS	9606.ENSP00000501150	9606.ENSP00000256078	0	0	0	0	0.070	0.216	0.900	0.679	0.973
PIK3CB	STAT3	9606.ENSP00000501150	9606.ENSP00000264657	0	0	0	0	0.049	0	0.500	0.357	0.667
PIK3CB	TP53	9606.ENSP00000501150	9606.ENSP00000269305	0	0	0	0	0	0	0	0.476	0.476
PIK3CB	MRAS	9606.ENSP00000501150	9606.ENSP00000289104	0	0	0	0	0.061	0.504	0.900	0.271	0.961
PIK3CB	MAP2K1	9606.ENSP00000501150	9606.ENSP00000302486	0	0	0	0	0.068	0	0	0.396	0.413
PIK3CB	PDPK1	9606.ENSP00000501150	9606.ENSP00000344220	0	0	0	0	0.126	0.073	0.900	0.706	0.973
PIK3CB	JUN	9606.ENSP00000501150	9606.ENSP00000360266	0	0	0	0	0	0	0	0.508	0.508
PIK3CB	PTEN	9606.ENSP00000501150	9606.ENSP00000361021	0	0	0	0	0.058	0.134	0.900	0.829	0.984
PIK3CB	AKT3	9606.ENSP00000501150	9606.ENSP00000500582	0	0	0	0	0	0.098	0.900	0.636	0.964
PNKD	COA6	9606.ENSP00000273077	9606.ENSP00000355574	0	0	0	0	0.112	0.051	0	0.370	0.423
PNKD	NDUFAB1	9606.ENSP00000273077	9606.ENSP00000458770	0.042	0	0	0	0.092	0.289	0	0.207	0.444
PNKD	TMEM177	9606.ENSP00000273077	9606.ENSP00000402661	0	0	0	0	0.048	0	0	0.448	0.452
PNKD	COA3	9606.ENSP00000273077	9606.ENSP00000354762	0	0	0	0	0.085	0.292	0	0.248	0.470
PNKD	PET100	9606.ENSP00000273077	9606.ENSP00000470539	0	0	0	0	0.049	0	0	0.902	0.902
PNKD	PET117	9606.ENSP00000273077	9606.ENSP00000397881	0	0	0	0	0	0	0	0.913	0.913
PRF1	TNFRSF1A	9606.ENSP00000398568	9606.ENSP00000162749	0	0	0	0	0.056	0.046	0	0.476	0.487
PRF1	PYCARD	9606.ENSP00000398568	9606.ENSP00000247470	0	0	0.306	0	0.067	0.046	0	0.155	0.408
PRF1	STAT3	9606.ENSP00000398568	9606.ENSP00000264657	0	0	0	0	0.056	0	0	0.540	0.547
PRF1	TP53	9606.ENSP00000398568	9606.ENSP00000269305	0	0	0	0	0.087	0	0	0.420	0.448
PRF1	TNFRSF10B	9606.ENSP00000398568	9606.ENSP00000276431	0	0	0	0	0	0	0	0.456	0.456
PRF1	IL18	9606.ENSP00000398568	9606.ENSP00000280357	0	0	0	0	0	0	0	0.669	0.669
PRF1	TLR3	9606.ENSP00000398568	9606.ENSP00000296795	0	0	0	0	0.062	0.091	0	0.478	0.516
PRF1	CASP3	9606.ENSP00000398568	9606.ENSP00000311032	0	0	0	0	0.049	0.071	0	0.508	0.527
PRF1	STAT5A	9606.ENSP00000398568	9606.ENSP00000341208	0	0	0	0	0.080	0	0	0.475	0.496
PRF1	CTSB	9606.ENSP00000398568	9606.ENSP00000345672	0	0	0	0	0.062	0	0	0.537	0.547
PRF1	STAT4	9606.ENSP00000398568	9606.ENSP00000351255	0	0	0	0	0.280	0	0	0.447	0.584
PRF1	CASP8	9606.ENSP00000398568	9606.ENSP00000351273	0	0	0	0	0.063	0.071	0	0.448	0.477
PRF1	CTSS	9606.ENSP00000398568	9606.ENSP00000357981	0	0	0	0	0.134	0	0	0.678	0.709
PRF1	ACTB	9606.ENSP00000398568	9606.ENSP00000494750	0	0	0	0	0.049	0.091	0	0.404	0.440
PRF1	CASP1	9606.ENSP00000398568	9606.ENSP00000433138	0	0	0	0	0.102	0.071	0	0.435	0.487
PRKAA2	RB1CC1	9606.ENSP00000360290	9606.ENSP00000025008	0	0	0	0	0.042	0.132	0.500	0.230	0.637
PRKAA2	TP53	9606.ENSP00000360290	9606.ENSP00000269305	0	0	0	0	0.063	0.045	0.500	0.300	0.645
PRKAA2	PRKACA	9606.ENSP00000360290	9606.ENSP00000309591	0	0	0.094	0.777	0.109	0.097	0.900	0.089	0.921
PRKAA2	CAMKK2	9606.ENSP00000360290	9606.ENSP00000312741	0	0	0	0.645	0	0.503	0.900	0.347	0.964
PRKAA2	ULK1	9606.ENSP00000360290	9606.ENSP00000324560	0	0	0	0.627	0	0.632	0.500	0.199	0.840
PRKAA2	PRKACB	9606.ENSP00000360290	9606.ENSP00000359719	0	0	0.104	0.737	0.109	0.097	0.900	0.100	0.923
PRKAA2	PTEN	9606.ENSP00000360290	9606.ENSP00000361021	0	0.001	0	0	0	0.099	0	0.566	0.592
PRKACA	NDUFB4	9606.ENSP00000309591	9606.ENSP00000184266	0	0	0	0	0.042	0	0.650	0	0.650
PRKACA	NDUFB7	9606.ENSP00000309591	9606.ENSP00000215565	0	0	0	0	0.096	0	0.650	0	0.670
PRKACA	NFKBIA	9606.ENSP00000309591	9606.ENSP00000216797	0	0	0	0	0.063	0.045	0.900	0.664	0.965
PRKACA	NDUFS7	9606.ENSP00000309591	9606.ENSP00000233627	0	0	0	0	0.067	0	0.650	0	0.659
PRKACA	NDUFA2	9606.ENSP00000309591	9606.ENSP00000252102	0	0	0	0	0.047	0	0.650	0	0.652
PRKACA	NDUFA10	9606.ENSP00000309591	9606.ENSP00000252711	0	0	0	0	0.058	0	0.650	0	0.656
PRKACA	KRAS	9606.ENSP00000309591	9606.ENSP00000256078	0	0	0	0	0.058	0.129	0	0.366	0.435
PRKACA	NDUFB5	9606.ENSP00000309591	9606.ENSP00000259037	0	0	0	0	0.054	0	0.650	0	0.654
PRKACA	NDUFS3	9606.ENSP00000309591	9606.ENSP00000263774	0	0	0	0	0.071	0	0.650	0.056	0.666
PRKACA	STAT3	9606.ENSP00000309591	9606.ENSP00000264657	0	0	0	0	0.056	0	0	0.489	0.497
PRKACA	NDUFA9	9606.ENSP00000309591	9606.ENSP00000266544	0	0	0	0	0.102	0	0.650	0.079	0.685
PRKACA	NDUFB10	9606.ENSP00000309591	9606.ENSP00000268668	0	0	0	0	0.042	0	0.650	0	0.650
PRKACA	TP53	9606.ENSP00000309591	9606.ENSP00000269305	0	0	0	0	0.049	0	0	0.520	0.524
PRKACA	NDUFS6	9606.ENSP00000309591	9606.ENSP00000274137	0	0	0	0	0.093	0	0.650	0	0.669
PRKACA	NDUFB9	9606.ENSP00000309591	9606.ENSP00000276689	0	0	0	0	0.042	0	0.650	0	0.650
PRKACA	NDUFC2	9606.ENSP00000309591	9606.ENSP00000281031	0	0	0	0	0.047	0	0.650	0	0.652
PRKACA	BAX	9606.ENSP00000309591	9606.ENSP00000293288	0	0	0	0	0.055	0	0.900	0.268	0.924
PRKACA	NDUFS4	9606.ENSP00000309591	9606.ENSP00000296684	0	0	0	0	0.047	0	0.650	0.214	0.714
PRKACA	NDUFB8	9606.ENSP00000309591	9606.ENSP00000299166	0	0	0	0	0.047	0	0.650	0.092	0.670
PRKACA	RAB8A	9606.ENSP00000309591	9606.ENSP00000300935	0	0	0	0	0.083	0	0.500	0.194	0.598
PRKACA	NDUFA7	9606.ENSP00000309591	9606.ENSP00000301457	0	0	0	0	0.057	0	0.650	0	0.656
PRKACA	MAP2K1	9606.ENSP00000309591	9606.ENSP00000302486	0	0	0.096	0.655	0.060	0.091	0.900	0.232	0.929
PRKACA	ITPR1	9606.ENSP00000309591	9606.ENSP00000306253	0	0	0	0	0.054	0.171	0.900	0.715	0.974
PRKACA	PTEN	9606.ENSP00000309591	9606.ENSP00000361021	0	0	0	0	0	0	0	0.482	0.482
PRKACA	CASP3	9606.ENSP00000309591	9606.ENSP00000311032	0	0	0	0	0.042	0	0	0.537	0.537
PRKACA	ACTB	9606.ENSP00000309591	9606.ENSP00000494750	0	0	0	0	0.139	0	0	0.575	0.619
PRKACA	NDUFC1	9606.ENSP00000309591	9606.ENSP00000441126	0	0	0	0	0	0	0.650	0	0.650
PRKACA	NDUFA5	9606.ENSP00000309591	9606.ENSP00000417142	0	0	0	0	0.042	0	0.650	0	0.650
PRKACA	NDUFB2	9606.ENSP00000309591	9606.ENSP00000419087	0	0	0	0	0	0	0.650	0	0.650
PRKACA	NDUFA8	9606.ENSP00000309591	9606.ENSP00000362873	0	0	0	0	0.042	0	0.650	0	0.650
PRKACA	NDUFA4	9606.ENSP00000309591	9606.ENSP00000339720	0	0	0	0	0.044	0	0.650	0	0.651
PRKACA	NDUFAB1	9606.ENSP00000309591	9606.ENSP00000458770	0	0	0	0	0.044	0	0.650	0	0.651
PRKACA	NDUFB3	9606.ENSP00000309591	9606.ENSP00000407336	0	0	0	0	0.044	0	0.650	0	0.651
PRKACA	NDUFB6	9606.ENSP00000309591	9606.ENSP00000369176	0	0	0	0	0.044	0	0.650	0	0.651
PRKACA	NDUFS5	9606.ENSP00000309591	9606.ENSP00000362058	0	0	0	0	0.044	0	0.650	0	0.651
PRKACA	NDUFA12	9606.ENSP00000309591	9606.ENSP00000330737	0	0	0	0	0.047	0	0.650	0	0.652
PRKACA	NDUFA11	9606.ENSP00000309591	9606.ENSP00000389160	0	0	0	0	0.047	0	0.650	0	0.652
PRKACA	NDUFB1	9606.ENSP00000309591	9606.ENSP00000483888	0	0	0	0	0.047	0	0.650	0	0.652
PRKACA	NDUFV2	9606.ENSP00000309591	9606.ENSP00000327268	0	0	0	0	0.055	0	0.650	0	0.655
PRKACA	NDUFA6	9606.ENSP00000309591	9606.ENSP00000482543	0	0	0	0	0.042	0	0.650	0.060	0.657
PRKACA	MT-ND5	9606.ENSP00000309591	9606.ENSP00000354813	0	0	0	0	0.042	0	0.650	0.063	0.658
PRKACA	NDUFV1	9606.ENSP00000309591	9606.ENSP00000497587	0	0.007	0	0	0.044	0	0.650	0.060	0.658
PRKACA	NDUFS8	9606.ENSP00000309591	9606.ENSP00000315774	0	0	0	0	0.069	0	0.650	0	0.660
PRKACA	MT-ND2	9606.ENSP00000309591	9606.ENSP00000355046	0	0	0	0	0.047	0	0.650	0.067	0.661
PRKACA	NDUFA13	9606.ENSP00000309591	9606.ENSP00000423673	0	0	0	0	0.042	0	0.650	0.075	0.662
PRKACA	NDUFA3	9606.ENSP00000309591	9606.ENSP00000418438	0	0	0	0	0.074	0	0.650	0	0.662
PRKACA	MT-ND4	9606.ENSP00000309591	9606.ENSP00000354961	0	0	0	0	0.042	0	0.650	0.079	0.664
PRKACA	NDUFS1	9606.ENSP00000309591	9606.ENSP00000392709	0	0	0	0	0.049	0	0.650	0.081	0.667
PRKACA	NDUFS2	9606.ENSP00000309591	9606.ENSP00000356972	0	0	0	0	0.059	0	0.650	0.072	0.668
PRKACA	NDUFA1	9606.ENSP00000309591	9606.ENSP00000360492	0	0	0	0	0	0	0.650	0.103	0.672
PRKACA	NDUFV3	9606.ENSP00000309591	9606.ENSP00000346196	0	0	0	0	0.107	0	0.650	0	0.674
PRKACA	MT-ND1	9606.ENSP00000309591	9606.ENSP00000354687	0	0	0	0	0.042	0	0.650	0.112	0.676
PRKACA	MAP3K5	9606.ENSP00000309591	9606.ENSP00000351908	0	0	0	0.668	0	0	0.900	0.130	0.909
PRKACA	ULK1	9606.ENSP00000309591	9606.ENSP00000324560	0	0	0	0.711	0.072	0.071	0.900	0.133	0.915
PRKACA	PRKAA2	9606.ENSP00000309591	9606.ENSP00000360290	0	0	0.094	0.777	0.109	0.097	0.900	0.089	0.921
PRKACA	JUN	9606.ENSP00000309591	9606.ENSP00000360266	0	0	0	0	0	0	0.900	0.650	0.963
PRKACA	PRKACB	9606.ENSP00000309591	9606.ENSP00000359719	0	0	0.048	0.984	0.042	0.874	0.900	0.044	0.987
PRKACB	NGFR	9606.ENSP00000359719	9606.ENSP00000172229	0	0	0	0	0	0.292	0	0.251	0.447
PRKACB	NDUFB4	9606.ENSP00000359719	9606.ENSP00000184266	0	0	0	0	0.044	0	0.650	0	0.651
PRKACB	NDUFB7	9606.ENSP00000359719	9606.ENSP00000215565	0	0	0	0	0.096	0	0.650	0	0.670
PRKACB	NFKBIA	9606.ENSP00000359719	9606.ENSP00000216797	0	0	0	0	0.063	0.045	0.900	0.664	0.965
PRKACB	NDUFS7	9606.ENSP00000359719	9606.ENSP00000233627	0	0	0	0	0.067	0	0.650	0	0.659
PRKACB	NDUFA2	9606.ENSP00000359719	9606.ENSP00000252102	0	0	0	0	0	0	0.650	0	0.650
PRKACB	NDUFA10	9606.ENSP00000359719	9606.ENSP00000252711	0	0	0	0	0.058	0	0.650	0	0.656
PRKACB	KRAS	9606.ENSP00000359719	9606.ENSP00000256078	0	0	0	0	0.072	0.129	0	0.397	0.471
PRKACB	NDUFB5	9606.ENSP00000359719	9606.ENSP00000259037	0	0	0	0	0.056	0	0.650	0.068	0.665
PRKACB	NDUFS3	9606.ENSP00000359719	9606.ENSP00000263774	0	0	0	0	0.071	0	0.650	0	0.661
PRKACB	STAT3	9606.ENSP00000359719	9606.ENSP00000264657	0	0	0	0	0	0	0	0.490	0.490
PRKACB	NDUFA9	9606.ENSP00000359719	9606.ENSP00000266544	0	0	0	0	0.100	0	0.650	0.079	0.684
PRKACB	NDUFB10	9606.ENSP00000359719	9606.ENSP00000268668	0	0	0	0	0	0	0.650	0	0.650
PRKACB	TP53	9606.ENSP00000359719	9606.ENSP00000269305	0	0	0	0	0.042	0	0	0.542	0.542
PRKACB	NDUFS6	9606.ENSP00000359719	9606.ENSP00000274137	0	0	0	0	0.081	0	0.650	0	0.664
PRKACB	NDUFB9	9606.ENSP00000359719	9606.ENSP00000276689	0	0	0	0	0	0	0.650	0	0.650
PRKACB	NDUFC2	9606.ENSP00000359719	9606.ENSP00000281031	0	0	0	0	0.044	0	0.650	0	0.651
PRKACB	BAX	9606.ENSP00000359719	9606.ENSP00000293288	0	0	0	0	0.042	0	0.900	0.265	0.923
PRKACB	NDUFS4	9606.ENSP00000359719	9606.ENSP00000296684	0	0	0	0	0.044	0	0.650	0.207	0.711
PRKACB	NDUFB8	9606.ENSP00000359719	9606.ENSP00000299166	0	0	0	0	0.042	0	0.650	0.091	0.668
PRKACB	NDUFA7	9606.ENSP00000359719	9606.ENSP00000301457	0	0	0	0	0.057	0	0.650	0	0.655
PRKACB	MAP2K1	9606.ENSP00000359719	9606.ENSP00000302486	0	0	0	0.630	0	0.091	0.900	0.243	0.925
PRKACB	ITPR1	9606.ENSP00000359719	9606.ENSP00000306253	0	0	0	0	0.060	0.049	0.900	0.724	0.972
PRKACB	PRKACA	9606.ENSP00000359719	9606.ENSP00000309591	0	0	0.048	0.984	0.042	0.874	0.900	0.044	0.987
PRKACB	CASP3	9606.ENSP00000359719	9606.ENSP00000311032	0	0	0	0	0.060	0	0	0.535	0.544
PRKACB	NDUFS8	9606.ENSP00000359719	9606.ENSP00000315774	0	0	0	0	0.067	0	0.650	0	0.659
PRKACB	ULK1	9606.ENSP00000359719	9606.ENSP00000324560	0	0	0	0.684	0	0.071	0.900	0.141	0.913
PRKACB	NDUFV2	9606.ENSP00000359719	9606.ENSP00000327268	0	0	0	0	0.055	0	0.650	0	0.655
PRKACB	NDUFA12	9606.ENSP00000359719	9606.ENSP00000330737	0	0	0	0	0.042	0	0.650	0	0.650
PRKACB	NDUFA4	9606.ENSP00000359719	9606.ENSP00000339720	0	0	0	0	0.060	0	0.650	0	0.656
PRKACB	NDUFV3	9606.ENSP00000359719	9606.ENSP00000346196	0	0	0	0	0.095	0	0.650	0	0.669
PRKACB	MAP3K5	9606.ENSP00000359719	9606.ENSP00000351908	0	0	0	0.644	0.049	0	0.900	0.135	0.910
PRKACB	MT-ND1	9606.ENSP00000359719	9606.ENSP00000354687	0	0	0	0	0	0	0.650	0.116	0.677
PRKACB	MT-ND5	9606.ENSP00000359719	9606.ENSP00000354813	0	0	0	0	0	0	0.650	0.061	0.657
PRKACB	MT-ND4	9606.ENSP00000359719	9606.ENSP00000354961	0	0	0	0	0	0	0.650	0.085	0.666
PRKACB	MT-ND2	9606.ENSP00000359719	9606.ENSP00000355046	0	0	0	0	0	0	0.650	0.064	0.658
PRKACB	NDUFS2	9606.ENSP00000359719	9606.ENSP00000356972	0	0	0	0	0.057	0	0.650	0.071	0.666
PRKACB	PTEN	9606.ENSP00000359719	9606.ENSP00000361021	0	0	0	0	0.058	0	0	0.508	0.517
PRKACB	ACTB	9606.ENSP00000359719	9606.ENSP00000494750	0	0	0	0	0.055	0	0	0.572	0.579
PRKACB	NDUFC1	9606.ENSP00000359719	9606.ENSP00000441126	0	0	0	0	0	0	0.650	0	0.650
PRKACB	NDUFAB1	9606.ENSP00000359719	9606.ENSP00000458770	0	0	0	0	0.042	0	0.650	0	0.650
PRKACB	NDUFB3	9606.ENSP00000359719	9606.ENSP00000407336	0	0	0	0	0.042	0	0.650	0	0.650
PRKACB	NDUFB2	9606.ENSP00000359719	9606.ENSP00000419087	0	0	0	0	0.042	0	0.650	0	0.650
PRKACB	NDUFA11	9606.ENSP00000359719	9606.ENSP00000389160	0	0	0	0	0.042	0	0.650	0	0.650
PRKACB	NDUFA8	9606.ENSP00000359719	9606.ENSP00000362873	0	0	0	0	0.042	0	0.650	0	0.650
PRKACB	NDUFB6	9606.ENSP00000359719	9606.ENSP00000369176	0	0	0	0	0	0	0.650	0	0.650
PRKACB	NDUFB1	9606.ENSP00000359719	9606.ENSP00000483888	0	0	0	0	0.042	0	0.650	0	0.650
PRKACB	NDUFS5	9606.ENSP00000359719	9606.ENSP00000362058	0	0	0	0	0.044	0	0.650	0	0.651
PRKACB	NDUFV1	9606.ENSP00000359719	9606.ENSP00000497587	0	0.006	0	0	0	0	0.650	0.052	0.654
PRKACB	NDUFA5	9606.ENSP00000359719	9606.ENSP00000417142	0	0	0	0	0.062	0	0.650	0	0.657
PRKACB	NDUFA6	9606.ENSP00000359719	9606.ENSP00000482543	0	0	0	0	0.044	0	0.650	0.063	0.659
PRKACB	NDUFA3	9606.ENSP00000359719	9606.ENSP00000418438	0	0	0	0	0.067	0	0.650	0	0.659
PRKACB	NDUFA13	9606.ENSP00000359719	9606.ENSP00000423673	0	0	0	0	0	0	0.650	0.081	0.664
PRKACB	NDUFS1	9606.ENSP00000359719	9606.ENSP00000392709	0	0	0	0	0.056	0	0.650	0.069	0.665
PRKACB	NDUFA1	9606.ENSP00000359719	9606.ENSP00000360492	0	0	0	0	0	0	0.650	0.094	0.669
PRKACB	PRKAA2	9606.ENSP00000359719	9606.ENSP00000360290	0	0	0.104	0.737	0.109	0.097	0.900	0.100	0.923
PRKACB	JUN	9606.ENSP00000359719	9606.ENSP00000360266	0	0	0	0	0	0	0.900	0.650	0.963
PRKCQ	NFKBIA	9606.ENSP00000263125	9606.ENSP00000216797	0	0	0	0	0.100	0.062	0	0.483	0.525
PRKCQ	KRAS	9606.ENSP00000263125	9606.ENSP00000256078	0	0	0	0	0.060	0.138	0.750	0.123	0.798
PRKCQ	TNFAIP3	9606.ENSP00000263125	9606.ENSP00000481570	0	0	0	0	0.095	0	0	0.400	0.434
PRKCQ	STAT4	9606.ENSP00000263125	9606.ENSP00000351255	0	0	0	0	0.196	0.041	0	0.357	0.461
PRKCQ	CASP3	9606.ENSP00000263125	9606.ENSP00000311032	0	0	0	0	0.052	0	0.750	0.154	0.782
PRKCQ	PDPK1	9606.ENSP00000263125	9606.ENSP00000344220	0	0	0	0.707	0	0.393	0.750	0.428	0.905
PRKCQ	MAPK9	9606.ENSP00000263125	9606.ENSP00000394560	0	0	0	0.604	0	0.096	0.900	0.091	0.910
PRKCQ	IKBKB	9606.ENSP00000263125	9606.ENSP00000430684	0	0	0	0.569	0	0.747	0.900	0.333	0.981
PRNP	NGFR	9606.ENSP00000399376	9606.ENSP00000172229	0	0	0	0	0.043	0	0	0.513	0.514
PRNP	CASP3	9606.ENSP00000399376	9606.ENSP00000311032	0	0	0	0	0.086	0.061	0	0.452	0.488
PRNP	CTSB	9606.ENSP00000399376	9606.ENSP00000345672	0	0	0	0	0.087	0.053	0	0.417	0.452
PRNP	ACTB	9606.ENSP00000399376	9606.ENSP00000494750	0	0	0	0	0.088	0.103	0	0.366	0.436
PTEN	RB1CC1	9606.ENSP00000361021	9606.ENSP00000025008	0	0	0	0	0.142	0	0	0.406	0.469
PTEN	HMOX1	9606.ENSP00000361021	9606.ENSP00000216117	0	0	0	0	0	0	0	0.450	0.450
PTEN	NFKBIA	9606.ENSP00000361021	9606.ENSP00000216797	0	0	0	0	0.064	0.068	0	0.510	0.536
PTEN	KRAS	9606.ENSP00000361021	9606.ENSP00000256078	0	0	0	0	0.078	0.099	0	0.930	0.936
PTEN	STAT3	9606.ENSP00000361021	9606.ENSP00000264657	0	0	0	0	0.086	0	0	0.784	0.794
PTEN	TP53	9606.ENSP00000361021	9606.ENSP00000269305	0	0	0	0	0.067	0.748	0.900	0.968	0.999
PTEN	ACP1	9606.ENSP00000361021	9606.ENSP00000272067	0.057	0	0	0	0.043	0.316	0	0.370	0.559
PTEN	TNFRSF10B	9606.ENSP00000361021	9606.ENSP00000276431	0	0	0	0	0	0	0	0.420	0.420
PTEN	DEPTOR	9606.ENSP00000361021	9606.ENSP00000286234	0	0	0	0	0.058	0.092	0	0.490	0.526
PTEN	BAX	9606.ENSP00000361021	9606.ENSP00000293288	0	0	0	0	0	0.057	0	0.432	0.442
PTEN	FADD	9606.ENSP00000361021	9606.ENSP00000301838	0	0	0	0	0	0.092	0	0.433	0.463
PTEN	MAP2K1	9606.ENSP00000361021	9606.ENSP00000302486	0	0	0	0	0.057	0.100	0	0.775	0.792
PTEN	ITPR1	9606.ENSP00000361021	9606.ENSP00000306253	0	0	0	0	0.061	0	0	0.579	0.588
PTEN	PRKACA	9606.ENSP00000361021	9606.ENSP00000309591	0	0	0	0	0	0	0	0.482	0.482
PTEN	CASP3	9606.ENSP00000361021	9606.ENSP00000311032	0	0	0	0	0.044	0	0	0.748	0.748
PTEN	CFLAR	9606.ENSP00000361021	9606.ENSP00000312455	0	0	0	0	0.058	0	0	0.419	0.429
PTEN	CAMK2G	9606.ENSP00000361021	9606.ENSP00000319060	0	0.003	0	0	0.055	0.292	0	0.232	0.441
PTEN	ULK1	9606.ENSP00000361021	9606.ENSP00000324560	0	0	0	0	0.049	0.071	0	0.455	0.476
PTEN	STAT5A	9606.ENSP00000361021	9606.ENSP00000341208	0	0	0	0	0.072	0	0	0.775	0.783
PTEN	PDPK1	9606.ENSP00000361021	9606.ENSP00000344220	0	0	0	0	0.049	0	0	0.848	0.849
PTEN	CASP8	9606.ENSP00000361021	9606.ENSP00000351273	0	0	0	0	0.049	0.174	0	0.744	0.781
PTEN	MAP3K5	9606.ENSP00000361021	9606.ENSP00000351908	0	0	0	0	0.067	0	0	0.464	0.479
PTEN	SDHC	9606.ENSP00000361021	9606.ENSP00000356953	0	0	0	0	0	0	0	0.669	0.669
PTEN	LMNA	9606.ENSP00000361021	9606.ENSP00000357283	0	0	0	0	0	0.292	0	0.305	0.486
PTEN	MCL1	9606.ENSP00000361021	9606.ENSP00000358022	0	0	0	0	0.061	0.057	0	0.753	0.763
PTEN	PRKACB	9606.ENSP00000361021	9606.ENSP00000359719	0	0	0	0	0.058	0	0	0.508	0.517
PTEN	JUN	9606.ENSP00000361021	9606.ENSP00000360266	0	0	0	0	0	0.077	0	0.766	0.775
PTEN	PRKAA2	9606.ENSP00000361021	9606.ENSP00000360290	0	0.001	0	0	0	0.099	0	0.566	0.592
PTEN	MAPK9	9606.ENSP00000361021	9606.ENSP00000394560	0	0	0	0	0.067	0.114	0	0.369	0.434
PTEN	CYBB	9606.ENSP00000361021	9606.ENSP00000367851	0	0	0	0	0.085	0.074	0	0.404	0.451
PTEN	PARP4	9606.ENSP00000361021	9606.ENSP00000371419	0	0	0	0	0.093	0	0	0.516	0.542
PTEN	CASP1	9606.ENSP00000361021	9606.ENSP00000433138	0	0	0	0	0.068	0	0	0.582	0.594
PTEN	SDHD	9606.ENSP00000361021	9606.ENSP00000364699	0	0	0	0	0.044	0	0	0.624	0.625
PTEN	SDHB	9606.ENSP00000361021	9606.ENSP00000364649	0	0	0	0	0.048	0	0	0.666	0.668
PTEN	DAPK1	9606.ENSP00000361021	9606.ENSP00000386135	0	0	0	0	0.050	0	0	0.681	0.684
PTEN	ACTB	9606.ENSP00000361021	9606.ENSP00000494750	0	0	0	0	0.047	0	0	0.719	0.720
PTEN	AKT3	9606.ENSP00000361021	9606.ENSP00000500582	0	0	0	0	0	0.287	0	0.765	0.825
PTEN	IKBKB	9606.ENSP00000361021	9606.ENSP00000430684	0	0	0	0	0.057	0.092	0.900	0.514	0.952
PTEN	PIK3CB	9606.ENSP00000361021	9606.ENSP00000501150	0	0	0	0	0.058	0.134	0.900	0.829	0.984
PYCARD	TNFRSF1A	9606.ENSP00000247470	9606.ENSP00000162749	0	0	0	0	0.134	0	0	0.364	0.425
PYCARD	RIPK3	9606.ENSP00000247470	9606.ENSP00000216274	0	0	0	0	0.132	0.053	0	0.433	0.493
PYCARD	NFKBIA	9606.ENSP00000247470	9606.ENSP00000216797	0	0	0	0	0.120	0.050	0	0.348	0.407
PYCARD	PRF1	9606.ENSP00000247470	9606.ENSP00000398568	0	0	0.306	0	0.067	0.046	0	0.155	0.408
PYCARD	ACTB	9606.ENSP00000247470	9606.ENSP00000494750	0	0	0	0	0.054	0.066	0	0.395	0.419
PYCARD	TLR3	9606.ENSP00000247470	9606.ENSP00000296795	0	0	0	0	0.068	0	0	0.418	0.434
PYCARD	FADD	9606.ENSP00000247470	9606.ENSP00000301838	0	0	0	0	0.113	0.053	0	0.390	0.442
PYCARD	CTSS	9606.ENSP00000247470	9606.ENSP00000357981	0	0	0	0	0.237	0	0	0.310	0.451
PYCARD	CASP3	9606.ENSP00000247470	9606.ENSP00000311032	0	0	0	0	0.088	0.050	0	0.423	0.457
PYCARD	CASP6	9606.ENSP00000247470	9606.ENSP00000265164	0	0	0	0	0.083	0.050	0	0.437	0.467
PYCARD	CTSB	9606.ENSP00000247470	9606.ENSP00000345672	0	0	0	0	0.120	0	0	0.432	0.479
PYCARD	BAX	9606.ENSP00000247470	9606.ENSP00000293288	0	0	0	0	0.074	0.295	0	0.374	0.556
PYCARD	CASP2	9606.ENSP00000247470	9606.ENSP00000312664	0	0	0	0	0.081	0.050	0	0.560	0.582
PYCARD	IKBKB	9606.ENSP00000247470	9606.ENSP00000430684	0	0	0	0	0.105	0.300	0.540	0.274	0.763
PYCARD	CASP4	9606.ENSP00000247470	9606.ENSP00000388566	0	0	0	0	0.179	0.094	0.540	0.613	0.850
PYCARD	GSDMD	9606.ENSP00000247470	9606.ENSP00000433209	0	0	0	0	0.087	0	0.720	0.783	0.939
PYCARD	CASP8	9606.ENSP00000247470	9606.ENSP00000351273	0	0	0	0	0.092	0.737	0.900	0.736	0.992
PYCARD	IL18	9606.ENSP00000247470	9606.ENSP00000280357	0	0	0	0	0.067	0	0.900	0.939	0.993
PYCARD	CASP1	9606.ENSP00000247470	9606.ENSP00000433138	0	0	0	0	0.318	0.983	0.900	0.999	0.999
RAB8A	VAMP8	9606.ENSP00000300935	9606.ENSP00000263864	0	0	0	0	0.074	0.071	0	0.510	0.542
RAB8A	PRKACA	9606.ENSP00000300935	9606.ENSP00000309591	0	0	0	0	0.083	0	0.500	0.194	0.598
RAB8A	CEP89	9606.ENSP00000300935	9606.ENSP00000306105	0	0	0	0	0.049	0	0.400	0.519	0.702
RB1CC1	DEPTOR	9606.ENSP00000025008	9606.ENSP00000286234	0	0	0	0	0.047	0	0	0.458	0.461
RB1CC1	PTEN	9606.ENSP00000025008	9606.ENSP00000361021	0	0	0	0	0.142	0	0	0.406	0.469
RB1CC1	VAMP8	9606.ENSP00000025008	9606.ENSP00000263864	0	0	0	0	0	0	0	0.507	0.507
RB1CC1	PRKAA2	9606.ENSP00000025008	9606.ENSP00000360290	0	0	0	0	0.042	0.132	0.500	0.230	0.637
RB1CC1	VMP1	9606.ENSP00000025008	9606.ENSP00000262291	0	0	0	0	0.054	0	0	0.708	0.712
RB1CC1	MAP3K5	9606.ENSP00000025008	9606.ENSP00000351908	0	0	0	0	0.050	0.301	0	0.879	0.912
RB1CC1	TP53	9606.ENSP00000025008	9606.ENSP00000269305	0	0	0	0	0	0.510	0	0.969	0.984
RB1CC1	ULK1	9606.ENSP00000025008	9606.ENSP00000324560	0	0	0	0	0.070	0.995	0.900	0.998	0.999
RIPK3	TNFRSF1A	9606.ENSP00000216274	9606.ENSP00000162749	0	0	0	0	0.115	0.311	0	0.891	0.927
RIPK3	AIFM1	9606.ENSP00000216274	9606.ENSP00000287295	0	0	0	0	0	0.198	0	0.285	0.402
RIPK3	CTSS	9606.ENSP00000216274	9606.ENSP00000357981	0	0	0	0	0.166	0	0	0.314	0.404
RIPK3	JUN	9606.ENSP00000216274	9606.ENSP00000360266	0	0	0	0	0	0.085	0	0.381	0.409
RIPK3	TP53	9606.ENSP00000216274	9606.ENSP00000269305	0	0	0	0	0.055	0	0	0.413	0.422
RIPK3	CASP4	9606.ENSP00000216274	9606.ENSP00000388566	0	0	0	0	0.123	0.067	0	0.363	0.434
RIPK3	PYCARD	9606.ENSP00000216274	9606.ENSP00000247470	0	0	0	0	0.132	0.053	0	0.433	0.493
RIPK3	ACTB	9606.ENSP00000216274	9606.ENSP00000494750	0	0	0	0	0.073	0.070	0	0.461	0.495
RIPK3	IL18	9606.ENSP00000216274	9606.ENSP00000280357	0	0	0	0	0.069	0	0	0.519	0.533
RIPK3	CASP2	9606.ENSP00000216274	9606.ENSP00000312664	0	0	0	0	0.051	0.067	0	0.589	0.604
RIPK3	TNFRSF10B	9606.ENSP00000216274	9606.ENSP00000276431	0	0	0	0	0	0	0.400	0.370	0.605
RIPK3	CD14	9606.ENSP00000216274	9606.ENSP00000385519	0	0	0	0	0.226	0	0.500	0.070	0.608
RIPK3	IKBKB	9606.ENSP00000216274	9606.ENSP00000430684	0	0	0.111	0.571	0.085	0	0.500	0.212	0.637
RIPK3	CASP3	9606.ENSP00000216274	9606.ENSP00000311032	0	0.002	0	0	0.051	0.067	0	0.679	0.691
RIPK3	NFKBIA	9606.ENSP00000216274	9606.ENSP00000216797	0	0	0	0	0.067	0.095	0.500	0.410	0.717
RIPK3	GSDMD	9606.ENSP00000216274	9606.ENSP00000433209	0	0	0	0	0.159	0	0	0.811	0.834
RIPK3	CASP6	9606.ENSP00000216274	9606.ENSP00000265164	0	0	0	0	0.051	0.067	0	0.859	0.864
RIPK3	GLUD2	9606.ENSP00000216274	9606.ENSP00000327589	0	0	0	0	0	0	0.900	0	0.900
RIPK3	CAMK2A	9606.ENSP00000216274	9606.ENSP00000500386	0	0	0	0.569	0	0.045	0.900	0.061	0.902
RIPK3	CAMK2B	9606.ENSP00000216274	9606.ENSP00000379098	0	0	0	0.574	0	0.045	0.900	0.059	0.902
RIPK3	CASP1	9606.ENSP00000216274	9606.ENSP00000433138	0	0	0	0	0.205	0.067	0	0.907	0.925
RIPK3	CYBB	9606.ENSP00000216274	9606.ENSP00000367851	0	0	0	0	0.133	0.063	0.900	0.289	0.934
RIPK3	TNFAIP3	9606.ENSP00000216274	9606.ENSP00000481570	0	0	0	0	0.097	0.071	0.900	0.365	0.939
RIPK3	TLR3	9606.ENSP00000216274	9606.ENSP00000296795	0	0	0	0	0.053	0.107	0.500	0.926	0.964
RIPK3	CFLAR	9606.ENSP00000216274	9606.ENSP00000312455	0	0	0	0	0.115	0.067	0.400	0.987	0.992
RIPK3	TRADD	9606.ENSP00000216274	9606.ENSP00000341268	0	0	0	0	0.097	0.052	0.900	0.996	0.999
RIPK3	CASP8	9606.ENSP00000216274	9606.ENSP00000351273	0	0	0	0	0.101	0.994	0.900	0.997	0.999
RIPK3	FADD	9606.ENSP00000216274	9606.ENSP00000301838	0	0	0	0	0.093	0.994	0.400	0.996	0.999
RRAS	MAP2K1	9606.ENSP00000246792	9606.ENSP00000302486	0	0	0	0	0.042	0.163	0	0.443	0.514
RRAS	PIK3CB	9606.ENSP00000246792	9606.ENSP00000501150	0	0	0	0	0.061	0.316	0.900	0.243	0.944
SCO1	COX15	9606.ENSP00000255390	9606.ENSP00000016171	0.120	0	0	0	0.431	0.315	0.467	0.910	0.980
SCO1	TIMM21	9606.ENSP00000255390	9606.ENSP00000169551	0	0	0	0	0.270	0	0	0.341	0.499
SCO1	UQCRC1	9606.ENSP00000255390	9606.ENSP00000203407	0	0	0	0	0.062	0.127	0.151	0.330	0.471
SCO1	NDUFB7	9606.ENSP00000255390	9606.ENSP00000215565	0	0	0	0	0.256	0	0	0.248	0.416
SCO1	CMC2	9606.ENSP00000255390	9606.ENSP00000219400	0	0	0	0	0.083	0.227	0	0.372	0.516
SCO1	COX6A1	9606.ENSP00000255390	9606.ENSP00000229379	0	0	0	0	0.056	0	0	0.447	0.456
SCO1	NDUFS7	9606.ENSP00000255390	9606.ENSP00000233627	0	0	0	0	0.163	0.711	0	0.376	0.835
SCO1	NDUFA11	9606.ENSP00000255390	9606.ENSP00000389160	0	0	0	0	0.197	0	0	0.283	0.400
SCO1	NDUFAF5	9606.ENSP00000255390	9606.ENSP00000367346	0	0	0	0	0.161	0	0	0.316	0.402
SCO1	CMC1	9606.ENSP00000255390	9606.ENSP00000418348	0	0	0	0	0.081	0	0	0.378	0.404
SCO1	NDUFV1	9606.ENSP00000255390	9606.ENSP00000497587	0	0	0	0	0.090	0	0	0.373	0.405
SCO1	MT-ND2	9606.ENSP00000255390	9606.ENSP00000355046	0	0	0	0	0.142	0	0	0.341	0.411
SCO1	COA1	9606.ENSP00000255390	9606.ENSP00000379218	0	0	0	0	0.113	0	0	0.366	0.413
SCO1	COX7B	9606.ENSP00000255390	9606.ENSP00000497474	0	0	0	0	0.049	0	0	0.418	0.422
SCO1	COX7C	9606.ENSP00000255390	9606.ENSP00000425759	0	0	0	0	0.110	0	0	0.390	0.434
SCO1	NDUFAF1	9606.ENSP00000255390	9606.ENSP00000260361	0	0	0	0	0.100	0	0	0.399	0.436
SCO1	TMEM70	9606.ENSP00000255390	9606.ENSP00000312599	0	0	0	0	0.075	0.095	0	0.382	0.437
SCO1	COA4	9606.ENSP00000255390	9606.ENSP00000443795	0	0	0	0	0.111	0	0	0.395	0.440
SCO1	COX6C	9606.ENSP00000255390	9606.ENSP00000429707	0	0	0	0	0.119	0.074	0	0.370	0.441
SCO1	UQCRC2	9606.ENSP00000255390	9606.ENSP00000268379	0	0	0	0	0.067	0.127	0.139	0.298	0.442
SCO1	NDUFS2	9606.ENSP00000255390	9606.ENSP00000356972	0	0	0	0	0.084	0.134	0	0.358	0.446
SCO1	NDUFS4	9606.ENSP00000255390	9606.ENSP00000296684	0	0	0	0	0.163	0	0	0.365	0.446
SCO1	MT-ND5	9606.ENSP00000255390	9606.ENSP00000354813	0	0	0	0	0.239	0	0	0.303	0.447
SCO1	NDUFA7	9606.ENSP00000255390	9606.ENSP00000301457	0	0	0	0	0.075	0.193	0	0.321	0.448
SCO1	SDHAF1	9606.ENSP00000255390	9606.ENSP00000368165	0	0	0	0	0	0	0	0.455	0.455
SCO1	ATPAF2	9606.ENSP00000255390	9606.ENSP00000417190	0	0	0	0	0.064	0	0	0.457	0.470
SCO1	SDHB	9606.ENSP00000255390	9606.ENSP00000364649	0	0	0	0	0.346	0	0	0.235	0.478
SCO1	MT-ND1	9606.ENSP00000255390	9606.ENSP00000354687	0	0	0	0	0.302	0	0	0.284	0.479
SCO1	MT-CYB	9606.ENSP00000255390	9606.ENSP00000354554	0.041	0	0	0	0	0	0.181	0.396	0.484
SCO1	TMEM177	9606.ENSP00000255390	9606.ENSP00000402661	0	0	0	0	0.064	0	0	0.480	0.492
SCO1	SCO2	9606.ENSP00000255390	9606.ENSP00000444433	0	0	0.090	0.900	0.098	0.073	0	0.413	0.493
SCO1	SDHC	9606.ENSP00000255390	9606.ENSP00000356953	0	0	0	0	0.446	0	0	0.127	0.496
SCO1	NDUFAF2	9606.ENSP00000255390	9606.ENSP00000296597	0	0	0	0	0.127	0	0	0.450	0.499
SCO1	SDHA	9606.ENSP00000255390	9606.ENSP00000264932	0	0	0	0	0.213	0	0	0.392	0.501
SCO1	COX4I1	9606.ENSP00000255390	9606.ENSP00000457513	0	0	0	0	0.082	0.102	0	0.457	0.513
SCO1	TTC19	9606.ENSP00000255390	9606.ENSP00000261647	0	0	0	0	0.127	0.227	0	0.353	0.525
SCO1	NDUFV2	9606.ENSP00000255390	9606.ENSP00000327268	0	0	0	0	0.177	0	0	0.467	0.542
SCO1	COX5B	9606.ENSP00000255390	9606.ENSP00000258424	0	0	0	0	0.067	0.182	0	0.452	0.546
SCO1	NDUFS3	9606.ENSP00000255390	9606.ENSP00000263774	0	0	0	0	0.179	0.321	0	0.272	0.559
SCO1	NDUFA4	9606.ENSP00000255390	9606.ENSP00000339720	0	0	0	0	0.101	0.229	0	0.426	0.567
SCO1	COA3	9606.ENSP00000255390	9606.ENSP00000354762	0	0	0	0	0.140	0	0	0.540	0.587
SCO1	NDUFS1	9606.ENSP00000255390	9606.ENSP00000392709	0	0	0	0	0.124	0.134	0	0.504	0.591
SCO1	BCS1L	9606.ENSP00000255390	9606.ENSP00000413908	0	0	0	0	0.105	0	0	0.576	0.605
SCO1	PET100	9606.ENSP00000255390	9606.ENSP00000470539	0	0	0	0	0	0	0	0.623	0.623
SCO1	COX14	9606.ENSP00000255390	9606.ENSP00000326052	0	0	0	0	0.066	0.095	0	0.600	0.632
SCO1	COX5A	9606.ENSP00000255390	9606.ENSP00000317780	0	0	0	0	0.082	0.230	0	0.526	0.635
SCO1	PET117	9606.ENSP00000255390	9606.ENSP00000397881	0	0	0	0	0	0	0	0.638	0.638
SCO1	CYC1	9606.ENSP00000255390	9606.ENSP00000317159	0.056	0	0	0	0.108	0	0.154	0.595	0.673
SCO1	COX20	9606.ENSP00000255390	9606.ENSP00000355486	0	0	0	0	0.092	0	0	0.670	0.687
SCO1	COA7	9606.ENSP00000255390	9606.ENSP00000360593	0.051	0	0	0	0.445	0.227	0	0.366	0.707
SCO1	COX19	9606.ENSP00000255390	9606.ENSP00000342015	0.055	0	0	0	0.106	0.127	0	0.650	0.708
SCO1	COX18	9606.ENSP00000255390	9606.ENSP00000425261	0	0	0	0	0.218	0	0	0.702	0.757
SCO1	COA5	9606.ENSP00000255390	9606.ENSP00000330730	0	0	0	0	0.093	0	0	0.750	0.763
SCO1	TACO1	9606.ENSP00000255390	9606.ENSP00000258975	0	0	0	0	0.115	0.077	0	0.773	0.798
SCO1	UQCRFS1	9606.ENSP00000255390	9606.ENSP00000306397	0	0	0	0	0.125	0	0.792	0.389	0.879
SCO1	COX6B1	9606.ENSP00000255390	9606.ENSP00000466818	0	0	0	0	0.057	0.399	0	0.869	0.919
SCO1	COA6	9606.ENSP00000255390	9606.ENSP00000355574	0	0	0	0	0.141	0.399	0	0.904	0.946
SCO1	COX11	9606.ENSP00000255390	9606.ENSP00000299335	0.120	0	0	0	0.476	0.125	0	0.915	0.961
SCO1	MT-CO3	9606.ENSP00000255390	9606.ENSP00000354982	0.120	0	0	0	0.226	0	0.792	0.795	0.967
SCO1	SURF1	9606.ENSP00000255390	9606.ENSP00000361042	0.111	0	0	0	0.321	0.095	0	0.947	0.967
SCO1	MT-CO1	9606.ENSP00000255390	9606.ENSP00000354499	0.120	0	0	0	0.285	0	0.792	0.827	0.974
SCO1	COX17	9606.ENSP00000255390	9606.ENSP00000261070	0	0	0	0	0.049	0.466	0	0.989	0.994
SCO1	MT-CO2	9606.ENSP00000255390	9606.ENSP00000354876	0.120	0	0	0	0.208	0.746	0.792	0.924	0.996
SCO2	COX15	9606.ENSP00000444433	9606.ENSP00000016171	0.120	0	0	0	0.391	0.073	0.467	0.925	0.976
SCO2	COX6A1	9606.ENSP00000444433	9606.ENSP00000229379	0	0	0	0	0.057	0	0	0.422	0.431
SCO2	NDUFS7	9606.ENSP00000444433	9606.ENSP00000233627	0	0	0	0	0.085	0	0	0.530	0.552
SCO2	NDUFA2	9606.ENSP00000444433	9606.ENSP00000252102	0	0	0	0	0.082	0	0	0.393	0.418
SCO2	SCO1	9606.ENSP00000444433	9606.ENSP00000255390	0	0	0.090	0.900	0.098	0.073	0	0.413	0.493
SCO2	COX5B	9606.ENSP00000444433	9606.ENSP00000258424	0	0	0	0	0.082	0.091	0	0.429	0.481
SCO2	TACO1	9606.ENSP00000444433	9606.ENSP00000258975	0	0	0	0	0.087	0.077	0	0.760	0.780
SCO2	COX17	9606.ENSP00000444433	9606.ENSP00000261070	0	0	0	0	0.066	0.460	0	0.964	0.980
SCO2	FOXRED1	9606.ENSP00000444433	9606.ENSP00000263578	0	0	0	0	0.098	0	0	0.476	0.507
SCO2	NDUFS3	9606.ENSP00000444433	9606.ENSP00000263774	0	0	0	0	0.087	0	0	0.448	0.475
SCO2	SDHA	9606.ENSP00000444433	9606.ENSP00000264932	0	0	0	0	0.063	0	0	0.561	0.571
SCO2	TP53	9606.ENSP00000444433	9606.ENSP00000269305	0	0	0	0	0	0.157	0.900	0.577	0.961
SCO2	NDUFAF2	9606.ENSP00000444433	9606.ENSP00000296597	0	0	0	0	0.075	0	0	0.547	0.563
SCO2	NDUFS4	9606.ENSP00000444433	9606.ENSP00000296684	0	0	0	0	0.075	0	0	0.643	0.655
SCO2	COX11	9606.ENSP00000444433	9606.ENSP00000299335	0.120	0	0	0	0.400	0.073	0	0.862	0.923
SCO2	UQCRFS1	9606.ENSP00000444433	9606.ENSP00000306397	0	0	0	0	0.072	0	0.792	0.306	0.854
SCO2	TMEM70	9606.ENSP00000444433	9606.ENSP00000312599	0	0	0	0	0.082	0	0	0.438	0.462
SCO2	ACAD9	9606.ENSP00000444433	9606.ENSP00000312618	0	0	0	0	0.088	0	0	0.377	0.408
SCO2	NDUFS8	9606.ENSP00000444433	9606.ENSP00000315774	0	0	0	0	0.085	0	0	0.526	0.547
SCO2	CYC1	9606.ENSP00000444433	9606.ENSP00000317159	0.056	0	0	0	0.128	0	0.154	0.449	0.565
SCO2	COX5A	9606.ENSP00000444433	9606.ENSP00000317780	0	0	0	0	0.063	0.045	0	0.450	0.465
SCO2	COX14	9606.ENSP00000444433	9606.ENSP00000326052	0	0	0	0	0.047	0	0	0.518	0.521
SCO2	NDUFV2	9606.ENSP00000444433	9606.ENSP00000327268	0	0	0	0	0.080	0	0	0.456	0.478
SCO2	COA5	9606.ENSP00000444433	9606.ENSP00000330730	0	0	0	0	0.079	0	0	0.679	0.692
SCO2	NDUFA4	9606.ENSP00000444433	9606.ENSP00000339720	0	0	0	0	0.094	0.229	0	0.337	0.497
SCO2	COX19	9606.ENSP00000444433	9606.ENSP00000342015	0.055	0	0	0	0.067	0	0	0.604	0.620
SCO2	MT-CO1	9606.ENSP00000444433	9606.ENSP00000354499	0.120	0	0	0	0.267	0	0.792	0.796	0.969
SCO2	MT-CYB	9606.ENSP00000444433	9606.ENSP00000354554	0.041	0	0	0	0	0	0.181	0.368	0.460
SCO2	COA3	9606.ENSP00000444433	9606.ENSP00000354762	0	0	0	0	0.075	0	0	0.476	0.494
SCO2	MT-CO2	9606.ENSP00000444433	9606.ENSP00000354876	0.120	0	0	0	0.206	0.812	0.792	0.890	0.996
SCO2	MT-CO3	9606.ENSP00000444433	9606.ENSP00000354982	0.120	0	0	0	0.244	0	0.792	0.781	0.965
SCO2	COX20	9606.ENSP00000444433	9606.ENSP00000355486	0	0	0	0	0.064	0	0	0.583	0.593
SCO2	COA6	9606.ENSP00000444433	9606.ENSP00000355574	0	0	0	0	0.082	0.449	0	0.832	0.907
SCO2	SURF1	9606.ENSP00000444433	9606.ENSP00000361042	0.111	0	0	0	0.307	0	0	0.955	0.970
SCO2	NDUFAF5	9606.ENSP00000444433	9606.ENSP00000367346	0	0	0	0	0.155	0	0	0.542	0.596
SCO2	SDHAF1	9606.ENSP00000444433	9606.ENSP00000368165	0	0	0	0	0.076	0	0	0.378	0.400
SCO2	TYMP	9606.ENSP00000444433	9606.ENSP00000379038	0	0.354	0	0	0.506	0	0	0.260	0.743
SCO2	NDUFAF6	9606.ENSP00000444433	9606.ENSP00000379430	0	0	0	0	0	0	0	0.585	0.585
SCO2	NDUFS1	9606.ENSP00000444433	9606.ENSP00000392709	0	0	0	0	0.088	0	0	0.611	0.631
SCO2	PET117	9606.ENSP00000444433	9606.ENSP00000397881	0	0	0	0	0	0	0	0.584	0.584
SCO2	BCS1L	9606.ENSP00000444433	9606.ENSP00000413908	0	0	0	0	0.105	0	0	0.684	0.705
SCO2	COX18	9606.ENSP00000444433	9606.ENSP00000425261	0	0	0	0	0.083	0	0	0.621	0.638
SCO2	NDUFV1	9606.ENSP00000444433	9606.ENSP00000497587	0	0	0	0	0.060	0	0	0.505	0.515
SCO2	PET100	9606.ENSP00000444433	9606.ENSP00000470539	0	0	0	0	0	0	0	0.591	0.591
SCO2	COX4I1	9606.ENSP00000444433	9606.ENSP00000457513	0	0	0	0	0.063	0.074	0	0.764	0.778
SCO2	COX6B1	9606.ENSP00000444433	9606.ENSP00000466818	0	0	0	0	0.055	0.255	0	0.764	0.819
SDHA	COX15	9606.ENSP00000264932	9606.ENSP00000016171	0	0	0	0	0.117	0	0	0.672	0.698
SDHA	NDUFB4	9606.ENSP00000264932	9606.ENSP00000184266	0	0	0	0	0.083	0	0	0.429	0.454
SDHA	UQCRC1	9606.ENSP00000264932	9606.ENSP00000203407	0	0	0	0	0.842	0.176	0.237	0.719	0.968
SDHA	NDUFB7	9606.ENSP00000264932	9606.ENSP00000215565	0	0	0	0	0.298	0.097	0	0.318	0.530
SDHA	COX6A1	9606.ENSP00000264932	9606.ENSP00000229379	0	0	0	0	0.146	0	0	0.469	0.527
SDHA	NDUFS7	9606.ENSP00000264932	9606.ENSP00000233627	0.055	0	0	0	0.925	0.097	0.489	0.693	0.988
SDHA	NDUFA2	9606.ENSP00000264932	9606.ENSP00000252102	0	0	0	0	0.595	0.224	0	0.580	0.856
SDHA	NDUFA10	9606.ENSP00000264932	9606.ENSP00000252711	0	0	0	0	0.586	0.097	0	0.490	0.793
SDHA	SCO1	9606.ENSP00000264932	9606.ENSP00000255390	0	0	0	0	0.213	0	0	0.392	0.501
SDHA	COX5B	9606.ENSP00000264932	9606.ENSP00000258424	0	0	0	0	0.837	0	0	0.563	0.925
SDHA	TACO1	9606.ENSP00000264932	9606.ENSP00000258975	0.052	0	0	0	0.066	0	0	0.561	0.577
SDHA	NDUFB5	9606.ENSP00000264932	9606.ENSP00000259037	0	0	0	0	0.101	0	0	0.391	0.429
SDHA	FOXRED1	9606.ENSP00000264932	9606.ENSP00000263578	0	0	0	0	0.056	0	0	0.535	0.542
SDHA	NDUFS3	9606.ENSP00000264932	9606.ENSP00000263774	0.093	0	0	0	0.732	0.253	0.809	0.819	0.992
SDHA	COX7B	9606.ENSP00000264932	9606.ENSP00000497474	0	0	0	0	0.102	0	0	0.361	0.402
SDHA	NDUFB1	9606.ENSP00000264932	9606.ENSP00000483888	0	0	0	0	0.101	0	0	0.367	0.406
SDHA	COA6	9606.ENSP00000264932	9606.ENSP00000355574	0	0	0	0	0.134	0.071	0	0.327	0.411
SDHA	TMEM70	9606.ENSP00000264932	9606.ENSP00000312599	0	0	0	0	0.055	0.095	0	0.375	0.419
SDHA	NUBPL	9606.ENSP00000264932	9606.ENSP00000281081	0	0.293	0	0	0.049	0	0	0.224	0.433
SDHA	COX7A2	9606.ENSP00000264932	9606.ENSP00000359098	0	0	0	0	0.105	0	0	0.398	0.438
SDHA	NDUFA3	9606.ENSP00000264932	9606.ENSP00000418438	0	0	0	0	0.194	0.097	0	0.314	0.457
SDHA	COX7C	9606.ENSP00000264932	9606.ENSP00000425759	0	0	0	0	0.215	0	0	0.348	0.467
SDHA	NDUFC2	9606.ENSP00000264932	9606.ENSP00000281031	0	0	0	0	0.239	0.095	0	0.289	0.468
SDHA	GLUD2	9606.ENSP00000264932	9606.ENSP00000327589	0.042	0	0	0	0.188	0	0	0.374	0.471
SDHA	NDUFA4	9606.ENSP00000264932	9606.ENSP00000339720	0	0	0	0	0.110	0	0	0.435	0.476
SDHA	NDUFA11	9606.ENSP00000264932	9606.ENSP00000389160	0	0	0	0	0.229	0	0	0.350	0.477
SDHA	NDUFB11	9606.ENSP00000264932	9606.ENSP00000276062	0	0	0	0	0.320	0	0	0.265	0.479
SDHA	TP53	9606.ENSP00000264932	9606.ENSP00000269305	0	0	0	0	0	0.163	0	0.412	0.486
SDHA	COX8A	9606.ENSP00000264932	9606.ENSP00000321260	0	0	0	0	0.184	0.125	0	0.358	0.502
SDHA	NDUFAF5	9606.ENSP00000264932	9606.ENSP00000367346	0	0	0	0	0.054	0.047	0	0.525	0.534
SDHA	NDUFAF6	9606.ENSP00000264932	9606.ENSP00000379430	0	0	0	0	0.049	0	0	0.532	0.536
SDHA	NDUFB10	9606.ENSP00000264932	9606.ENSP00000268668	0	0	0	0	0.159	0.091	0	0.445	0.538
SDHA	NDUFB3	9606.ENSP00000264932	9606.ENSP00000407336	0	0	0	0	0.217	0	0	0.438	0.541
SDHA	COX6B1	9606.ENSP00000264932	9606.ENSP00000466818	0	0	0	0	0.158	0.077	0	0.478	0.559
SDHA	NDUFV3	9606.ENSP00000264932	9606.ENSP00000346196	0	0	0	0	0.102	0	0	0.531	0.561
SDHA	SCO2	9606.ENSP00000264932	9606.ENSP00000444433	0	0	0	0	0.063	0	0	0.561	0.571
SDHA	ACAD9	9606.ENSP00000264932	9606.ENSP00000312618	0	0	0	0	0.168	0.213	0	0.409	0.579
SDHA	NDUFAF2	9606.ENSP00000264932	9606.ENSP00000296597	0	0	0	0	0.082	0	0	0.563	0.581
SDHA	NDUFS5	9606.ENSP00000264932	9606.ENSP00000362058	0	0	0	0	0.214	0	0	0.519	0.606
SDHA	UQCR11	9606.ENSP00000264932	9606.ENSP00000467262	0	0	0	0	0.375	0	0	0.400	0.608
SDHA	NDUFAB1	9606.ENSP00000264932	9606.ENSP00000458770	0	0	0	0	0.231	0	0	0.548	0.637
SDHA	NDUFB9	9606.ENSP00000264932	9606.ENSP00000276689	0	0	0	0	0.384	0	0	0.450	0.647
SDHA	NDUFB6	9606.ENSP00000264932	9606.ENSP00000369176	0	0	0	0	0.313	0	0	0.522	0.657
SDHA	NDUFA1	9606.ENSP00000264932	9606.ENSP00000360492	0	0	0	0	0.117	0	0	0.637	0.666
SDHA	ACTB	9606.ENSP00000264932	9606.ENSP00000494750	0	0	0	0	0.065	0	0	0.684	0.692
SDHA	UQCR10	9606.ENSP00000264932	9606.ENSP00000332887	0	0	0	0	0.320	0.096	0.172	0.475	0.697
SDHA	TMEM126A	9606.ENSP00000264932	9606.ENSP00000306887	0	0	0	0	0.138	0	0	0.666	0.699
SDHA	SURF1	9606.ENSP00000264932	9606.ENSP00000361042	0	0	0	0	0.067	0.094	0	0.692	0.717
SDHA	TMEM126B	9606.ENSP00000264932	9606.ENSP00000351737	0	0	0	0	0.047	0	0	0.717	0.718
SDHA	MT-ATP6	9606.ENSP00000264932	9606.ENSP00000354632	0	0	0	0	0.086	0	0	0.731	0.743
SDHA	UQCRQ	9606.ENSP00000264932	9606.ENSP00000367939	0	0	0	0	0.387	0.183	0.172	0.462	0.747
SDHA	NDUFA6	9606.ENSP00000264932	9606.ENSP00000482543	0	0	0	0	0.616	0	0	0.416	0.766
SDHA	NDUFA13	9606.ENSP00000264932	9606.ENSP00000423673	0	0	0	0	0.577	0	0	0.473	0.768
SDHA	NDUFA12	9606.ENSP00000264932	9606.ENSP00000330737	0	0	0	0	0.620	0.097	0	0.391	0.773
SDHA	NDUFA5	9606.ENSP00000264932	9606.ENSP00000417142	0	0	0	0	0.465	0.125	0	0.594	0.793
SDHA	NDUFA8	9606.ENSP00000264932	9606.ENSP00000362873	0	0	0	0	0.659	0.097	0	0.443	0.813
SDHA	COX5A	9606.ENSP00000264932	9606.ENSP00000317780	0	0	0	0	0.423	0.097	0	0.673	0.815
SDHA	BCS1L	9606.ENSP00000264932	9606.ENSP00000413908	0	0	0	0	0.111	0.091	0	0.816	0.838
SDHA	NDUFS6	9606.ENSP00000264932	9606.ENSP00000274137	0	0	0	0	0.561	0.205	0	0.578	0.840
SDHA	MT-ND2	9606.ENSP00000264932	9606.ENSP00000355046	0.050	0	0	0	0.107	0	0.700	0.532	0.865
SDHA	UQCRH	9606.ENSP00000264932	9606.ENSP00000309565	0	0	0	0	0.693	0	0	0.581	0.866
SDHA	NDUFS4	9606.ENSP00000264932	9606.ENSP00000296684	0	0	0	0	0.461	0.096	0	0.768	0.877
SDHA	MT-ND5	9606.ENSP00000264932	9606.ENSP00000354813	0.050	0	0	0	0.168	0	0.700	0.559	0.881
SDHA	UQCRB	9606.ENSP00000264932	9606.ENSP00000430494	0	0	0	0	0.451	0.422	0.172	0.606	0.882
SDHA	COX4I1	9606.ENSP00000264932	9606.ENSP00000457513	0	0	0	0	0.416	0.088	0	0.826	0.899
SDHA	MT-ND4	9606.ENSP00000264932	9606.ENSP00000354961	0.045	0	0	0	0.204	0	0.802	0.543	0.922
SDHA	MT-CYB	9606.ENSP00000264932	9606.ENSP00000354554	0.085	0	0	0	0.353	0	0.154	0.866	0.924
SDHA	MT-ND1	9606.ENSP00000264932	9606.ENSP00000354687	0.090	0	0	0	0.295	0	0.802	0.646	0.949
SDHA	MT-CO2	9606.ENSP00000264932	9606.ENSP00000354876	0	0	0	0	0.302	0	0.809	0.715	0.958
SDHA	NDUFB8	9606.ENSP00000264932	9606.ENSP00000299166	0	0	0	0	0.855	0	0	0.765	0.964
SDHA	CYC1	9606.ENSP00000264932	9606.ENSP00000317159	0	0	0	0	0.859	0.223	0.285	0.616	0.966
SDHA	MT-CO3	9606.ENSP00000264932	9606.ENSP00000354982	0	0	0	0	0.599	0	0.809	0.713	0.976
SDHA	NDUFA9	9606.ENSP00000264932	9606.ENSP00000266544	0	0	0	0	0.843	0.087	0	0.885	0.982
SDHA	MT-CO1	9606.ENSP00000264932	9606.ENSP00000354499	0	0	0	0	0.613	0.071	0.809	0.776	0.982
SDHA	NDUFV2	9606.ENSP00000264932	9606.ENSP00000327268	0	0	0	0	0.735	0.243	0.795	0.667	0.984
SDHA	UQCRC2	9606.ENSP00000264932	9606.ENSP00000268379	0	0	0	0	0.865	0.134	0.190	0.913	0.990
SDHA	UQCRFS1	9606.ENSP00000264932	9606.ENSP00000306397	0.119	0	0	0	0.917	0.385	0.279	0.819	0.993
SDHA	NDUFS1	9606.ENSP00000264932	9606.ENSP00000392709	0.100	0	0	0	0.855	0.127	0.795	0.826	0.995
SDHA	SDHAF1	9606.ENSP00000264932	9606.ENSP00000368165	0	0	0	0	0.044	0.511	0	0.995	0.997
SDHA	NDUFS2	9606.ENSP00000264932	9606.ENSP00000356972	0.061	0	0	0	0.970	0.263	0.809	0.667	0.998
SDHA	SDHD	9606.ENSP00000264932	9606.ENSP00000364699	0	0	0	0	0.967	0.935	0.979	0.999	0.999
SDHA	NDUFS8	9606.ENSP00000264932	9606.ENSP00000315774	0.120	0	0	0	0.969	0.221	0.807	0.834	0.999
SDHA	SDHAF2	9606.ENSP00000264932	9606.ENSP00000301761	0.115	0	0	0	0.074	0.985	0.290	0.999	0.999
SDHA	NDUFV1	9606.ENSP00000264932	9606.ENSP00000497587	0.085	0	0	0	0.977	0.394	0.802	0.811	0.999
SDHA	SDHB	9606.ENSP00000264932	9606.ENSP00000364649	0.231	0.030	0.470	0	0.971	0.997	0.980	0.999	0.999
SDHA	SDHC	9606.ENSP00000264932	9606.ENSP00000356953	0.231	0	0	0	0.969	0.972	0.980	0.999	0.999
SDHAF1	COX15	9606.ENSP00000368165	9606.ENSP00000016171	0	0	0	0	0	0	0	0.476	0.476
SDHAF1	SCO1	9606.ENSP00000368165	9606.ENSP00000255390	0	0	0	0	0	0	0	0.455	0.455
SDHAF1	TACO1	9606.ENSP00000368165	9606.ENSP00000258975	0	0	0	0	0.082	0	0	0.427	0.452
SDHAF1	NDUFAF1	9606.ENSP00000368165	9606.ENSP00000260361	0	0	0	0	0.049	0	0	0.396	0.401
SDHAF1	TTC19	9606.ENSP00000368165	9606.ENSP00000261647	0	0	0	0	0.044	0	0	0.443	0.445
SDHAF1	SDHA	9606.ENSP00000368165	9606.ENSP00000264932	0	0	0	0	0.044	0.511	0	0.995	0.997
SDHAF1	NDUFB9	9606.ENSP00000368165	9606.ENSP00000276689	0	0	0	0	0.120	0	0	0.481	0.524
SDHAF1	NUBPL	9606.ENSP00000368165	9606.ENSP00000281081	0	0	0	0	0	0	0	0.425	0.425
SDHAF1	NDUFAF2	9606.ENSP00000368165	9606.ENSP00000296597	0	0	0	0	0.105	0	0	0.417	0.456
SDHAF1	SDHAF2	9606.ENSP00000368165	9606.ENSP00000301761	0	0	0	0	0.060	0	0	0.927	0.928
SDHAF1	UQCRFS1	9606.ENSP00000368165	9606.ENSP00000306397	0	0	0	0	0.049	0	0	0.471	0.475
SDHAF1	SDHC	9606.ENSP00000368165	9606.ENSP00000356953	0	0	0	0	0	0	0	0.922	0.922
SDHAF1	SURF1	9606.ENSP00000368165	9606.ENSP00000361042	0	0	0	0	0.058	0	0	0.545	0.553
SDHAF1	SDHB	9606.ENSP00000368165	9606.ENSP00000364649	0	0	0	0	0	0.792	0	0.958	0.991
SDHAF1	SDHD	9606.ENSP00000368165	9606.ENSP00000364699	0	0	0	0	0	0	0	0.940	0.940
SDHAF1	SCO2	9606.ENSP00000368165	9606.ENSP00000444433	0	0	0	0	0.076	0	0	0.378	0.400
SDHAF1	ATPAF2	9606.ENSP00000368165	9606.ENSP00000417190	0	0	0	0	0.074	0	0	0.436	0.455
SDHAF1	PET100	9606.ENSP00000368165	9606.ENSP00000470539	0	0	0	0	0	0	0	0.477	0.477
SDHAF1	BCS1L	9606.ENSP00000368165	9606.ENSP00000413908	0	0	0	0	0.060	0	0	0.468	0.478
SDHAF1	NDUFA6	9606.ENSP00000368165	9606.ENSP00000482543	0	0	0	0	0.101	0	0	0.452	0.487
SDHAF1	NDUFAB1	9606.ENSP00000368165	9606.ENSP00000458770	0	0	0	0	0.062	0.241	0	0.356	0.502
SDHAF1	LYRM2	9606.ENSP00000368165	9606.ENSP00000430025	0	0	0	0	0.115	0	0	0.510	0.547
SDHAF1	LYRM7	9606.ENSP00000368165	9606.ENSP00000368688	0	0	0	0	0	0	0	0.727	0.727
SDHAF2	SDHA	9606.ENSP00000301761	9606.ENSP00000264932	0.115	0	0	0	0.074	0.985	0.290	0.999	0.999
SDHAF2	TP53	9606.ENSP00000301761	9606.ENSP00000269305	0	0	0	0	0	0	0	0.402	0.402
SDHAF2	ACTB	9606.ENSP00000301761	9606.ENSP00000494750	0	0	0	0	0	0	0	0.436	0.436
SDHAF2	SDHAF1	9606.ENSP00000301761	9606.ENSP00000368165	0	0	0	0	0.060	0	0	0.927	0.928
SDHAF2	SDHD	9606.ENSP00000301761	9606.ENSP00000364699	0	0	0	0	0.081	0	0	0.998	0.998
SDHAF2	SDHB	9606.ENSP00000301761	9606.ENSP00000364649	0.115	0	0	0	0.123	0	0	0.997	0.998
SDHAF2	SDHC	9606.ENSP00000301761	9606.ENSP00000356953	0.115	0	0	0	0.056	0	0.290	0.998	0.999
SDHB	COX15	9606.ENSP00000364649	9606.ENSP00000016171	0	0	0	0	0.137	0	0	0.370	0.433
SDHB	NDUFB4	9606.ENSP00000364649	9606.ENSP00000184266	0	0	0	0	0.419	0	0	0.484	0.687
SDHB	UQCRC1	9606.ENSP00000364649	9606.ENSP00000203407	0	0	0	0	0.749	0.113	0.378	0.608	0.938
SDHB	NDUFB7	9606.ENSP00000364649	9606.ENSP00000215565	0	0	0	0	0.785	0.096	0	0.364	0.865
SDHB	COX6A1	9606.ENSP00000364649	9606.ENSP00000229379	0	0	0	0	0.347	0.085	0	0.453	0.644
SDHB	NDUFS7	9606.ENSP00000364649	9606.ENSP00000233627	0.057	0	0	0	0.900	0.177	0.489	0.489	0.976
SDHB	NDUFA2	9606.ENSP00000364649	9606.ENSP00000252102	0	0	0	0	0.887	0.416	0	0.424	0.958
SDHB	NDUFA10	9606.ENSP00000364649	9606.ENSP00000252711	0	0	0	0	0.346	0.244	0	0.405	0.680
SDHB	SCO1	9606.ENSP00000364649	9606.ENSP00000255390	0	0	0	0	0.346	0	0	0.235	0.478
SDHB	COX5B	9606.ENSP00000364649	9606.ENSP00000258424	0	0	0	0	0.928	0.091	0	0.606	0.972
SDHB	NDUFB5	9606.ENSP00000364649	9606.ENSP00000259037	0	0	0	0	0.652	0.096	0	0.487	0.824
SDHB	NDUFS3	9606.ENSP00000364649	9606.ENSP00000263774	0.107	0	0	0	0.929	0.096	0.809	0.717	0.996
SDHB	SDHA	9606.ENSP00000364649	9606.ENSP00000264932	0.231	0.030	0.470	0	0.971	0.997	0.980	0.999	0.999
SDHB	NDUFA9	9606.ENSP00000364649	9606.ENSP00000266544	0	0	0	0	0.879	0.259	0	0.639	0.965
SDHB	UQCRC2	9606.ENSP00000364649	9606.ENSP00000268379	0	0	0	0	0.832	0.235	0.281	0.976	0.997
SDHB	NDUFB10	9606.ENSP00000364649	9606.ENSP00000268668	0	0	0	0	0.732	0.089	0	0.425	0.848
SDHB	TP53	9606.ENSP00000364649	9606.ENSP00000269305	0	0	0	0	0	0	0	0.526	0.526
SDHB	NDUFS6	9606.ENSP00000364649	9606.ENSP00000274137	0	0	0	0	0.790	0	0	0.482	0.886
SDHB	NDUFB11	9606.ENSP00000364649	9606.ENSP00000276062	0	0	0	0	0.499	0.225	0	0.253	0.685
SDHB	NDUFB9	9606.ENSP00000364649	9606.ENSP00000276689	0	0	0	0	0.915	0.382	0	0.412	0.966
SDHB	NDUFC2	9606.ENSP00000364649	9606.ENSP00000281031	0	0	0	0	0.575	0.095	0	0.259	0.690
SDHB	AIFM1	9606.ENSP00000364649	9606.ENSP00000287295	0	0	0	0	0.142	0	0.279	0.191	0.455
SDHB	NDUFS4	9606.ENSP00000364649	9606.ENSP00000296684	0	0	0	0	0.780	0.239	0	0.396	0.890
SDHB	NDUFB8	9606.ENSP00000364649	9606.ENSP00000299166	0	0	0	0	0.946	0	0	0.952	0.997
SDHB	COX11	9606.ENSP00000364649	9606.ENSP00000299335	0	0	0	0	0.056	0	0	0.461	0.470
SDHB	NDUFA7	9606.ENSP00000364649	9606.ENSP00000301457	0	0	0	0	0.478	0	0	0.249	0.591
SDHB	SDHAF2	9606.ENSP00000364649	9606.ENSP00000301761	0.115	0	0	0	0.123	0	0	0.997	0.998
SDHB	UQCRFS1	9606.ENSP00000364649	9606.ENSP00000306397	0.158	0	0	0	0.973	0.230	0.765	0.709	0.998
SDHB	TMEM126A	9606.ENSP00000364649	9606.ENSP00000306887	0	0	0	0	0.408	0	0	0.092	0.440
SDHB	UQCRH	9606.ENSP00000364649	9606.ENSP00000309565	0	0	0	0	0.522	0.095	0.163	0.426	0.765
SDHB	TMEM70	9606.ENSP00000364649	9606.ENSP00000312599	0	0	0	0	0.067	0.094	0	0.373	0.424
SDHB	ACAD9	9606.ENSP00000364649	9606.ENSP00000312618	0.045	0	0	0	0.126	0.095	0	0.324	0.422
SDHB	NDUFS8	9606.ENSP00000364649	9606.ENSP00000315774	0	0	0	0	0.977	0.266	0.652	0.769	0.998
SDHB	CYC1	9606.ENSP00000364649	9606.ENSP00000317159	0.055	0	0	0	0.922	0.096	0.285	0.560	0.975
SDHB	COX5A	9606.ENSP00000364649	9606.ENSP00000317780	0	0	0	0	0.858	0.096	0	0.615	0.946
SDHB	COX8A	9606.ENSP00000364649	9606.ENSP00000321260	0	0	0	0	0.254	0	0	0.294	0.451
SDHB	NDUFV2	9606.ENSP00000364649	9606.ENSP00000327268	0	0	0	0	0.985	0.554	0.795	0.595	0.999
SDHB	GLUD2	9606.ENSP00000364649	9606.ENSP00000327589	0.042	0	0	0	0.156	0	0	0.370	0.447
SDHB	NDUFA12	9606.ENSP00000364649	9606.ENSP00000330737	0	0	0	0	0.836	0.396	0	0.362	0.931
SDHB	UQCR10	9606.ENSP00000364649	9606.ENSP00000332887	0	0	0	0	0.839	0.095	0.172	0.405	0.919
SDHB	NDUFA4	9606.ENSP00000364649	9606.ENSP00000339720	0	0	0	0	0.222	0.190	0	0.420	0.603
SDHB	MT-CO1	9606.ENSP00000364649	9606.ENSP00000354499	0	0	0	0	0.653	0	0.809	0.876	0.991
SDHB	MT-CYB	9606.ENSP00000364649	9606.ENSP00000354554	0.103	0	0	0	0.591	0	0.154	0.846	0.946
SDHB	MT-ATP6	9606.ENSP00000364649	9606.ENSP00000354632	0	0	0	0	0.276	0	0	0.579	0.682
SDHB	MT-ND1	9606.ENSP00000364649	9606.ENSP00000354687	0.095	0	0	0	0.665	0	0.802	0.587	0.971
SDHB	MT-ND5	9606.ENSP00000364649	9606.ENSP00000354813	0	0	0	0	0.512	0	0.700	0.549	0.928
SDHB	MT-CO2	9606.ENSP00000364649	9606.ENSP00000354876	0	0	0	0	0.604	0.183	0.809	0.717	0.980
SDHB	MT-ND4	9606.ENSP00000364649	9606.ENSP00000354961	0.043	0	0	0	0.594	0	0.802	0.527	0.958
SDHB	MT-CO3	9606.ENSP00000364649	9606.ENSP00000354982	0	0	0	0	0.838	0	0.809	0.492	0.982
SDHB	MT-ND2	9606.ENSP00000364649	9606.ENSP00000355046	0	0	0	0	0.294	0	0.700	0.531	0.892
SDHB	COA6	9606.ENSP00000364649	9606.ENSP00000355574	0	0	0	0	0.348	0.128	0	0.222	0.519
SDHB	SDHC	9606.ENSP00000364649	9606.ENSP00000356953	0.231	0	0	0	0.981	0.978	0.980	0.999	0.999
SDHB	NDUFS2	9606.ENSP00000364649	9606.ENSP00000356972	0.087	0	0	0	0.966	0.141	0.809	0.616	0.997
SDHB	COX7A2	9606.ENSP00000364649	9606.ENSP00000359098	0	0	0	0	0.271	0	0	0.389	0.536
SDHB	JUN	9606.ENSP00000364649	9606.ENSP00000360266	0	0	0	0	0	0.131	0	0.419	0.473
SDHB	NDUFA1	9606.ENSP00000364649	9606.ENSP00000360492	0	0	0	0	0.208	0	0	0.598	0.668
SDHB	PTEN	9606.ENSP00000364649	9606.ENSP00000361021	0	0	0	0	0.048	0	0	0.666	0.668
SDHB	SURF1	9606.ENSP00000364649	9606.ENSP00000361042	0	0	0	0	0.169	0	0	0.358	0.444
SDHB	NDUFS5	9606.ENSP00000364649	9606.ENSP00000362058	0	0	0	0	0.661	0.132	0	0.520	0.846
SDHB	NDUFA8	9606.ENSP00000364649	9606.ENSP00000362873	0	0	0	0	0.905	0.177	0	0.433	0.952
SDHB	HIGD1A	9606.ENSP00000364649	9606.ENSP00000398064	0	0	0	0	0.382	0	0	0.099	0.419
SDHB	BCS1L	9606.ENSP00000364649	9606.ENSP00000413908	0.085	0	0	0	0.093	0	0	0.377	0.438
SDHB	LYRM7	9606.ENSP00000364649	9606.ENSP00000368688	0	0	0	0	0.056	0	0	0.451	0.460
SDHB	DMAC2L	9606.ENSP00000364649	9606.ENSP00000451583	0	0	0	0	0.430	0	0	0.200	0.524
SDHB	COX6C	9606.ENSP00000364649	9606.ENSP00000429707	0	0	0	0	0.373	0.096	0	0.332	0.589
SDHB	COX7B	9606.ENSP00000364649	9606.ENSP00000497474	0	0	0	0	0.139	0	0	0.560	0.605
SDHB	NDUFB1	9606.ENSP00000364649	9606.ENSP00000483888	0	0	0	0	0.242	0	0	0.527	0.626
SDHB	ACTB	9606.ENSP00000364649	9606.ENSP00000494750	0	0	0	0	0.064	0	0	0.623	0.632
SDHB	NDUFAB1	9606.ENSP00000364649	9606.ENSP00000458770	0	0	0	0	0.336	0.220	0	0.379	0.651
SDHB	NDUFA3	9606.ENSP00000364649	9606.ENSP00000418438	0	0	0	0	0.491	0.096	0	0.339	0.669
SDHB	COX7C	9606.ENSP00000364649	9606.ENSP00000425759	0	0	0	0	0.598	0	0	0.293	0.704
SDHB	NDUFA5	9606.ENSP00000364649	9606.ENSP00000417142	0	0	0	0	0.517	0.096	0	0.432	0.730
SDHB	UQCR11	9606.ENSP00000364649	9606.ENSP00000467262	0	0	0	0	0.418	0	0	0.600	0.757
SDHB	NDUFB3	9606.ENSP00000364649	9606.ENSP00000407336	0	0	0	0	0.586	0	0	0.450	0.762
SDHB	COX6B1	9606.ENSP00000364649	9606.ENSP00000466818	0	0	0	0	0.437	0.135	0	0.618	0.798
SDHB	NDUFA11	9606.ENSP00000364649	9606.ENSP00000389160	0	0	0	0	0.621	0	0	0.563	0.827
SDHB	NDUFA13	9606.ENSP00000364649	9606.ENSP00000423673	0	0	0	0	0.767	0	0	0.337	0.839
SDHB	NDUFB6	9606.ENSP00000364649	9606.ENSP00000369176	0	0	0	0	0.689	0.247	0	0.445	0.859
SDHB	NDUFA6	9606.ENSP00000364649	9606.ENSP00000482543	0	0	0	0	0.616	0.478	0	0.370	0.863
SDHB	UQCRQ	9606.ENSP00000364649	9606.ENSP00000367939	0	0	0	0	0.761	0	0.172	0.474	0.886
SDHB	COX4I1	9606.ENSP00000364649	9606.ENSP00000457513	0	0	0	0	0.732	0.185	0	0.715	0.932
SDHB	UQCRB	9606.ENSP00000364649	9606.ENSP00000430494	0	0	0	0	0.868	0.221	0.172	0.561	0.957
SDHB	SDHAF1	9606.ENSP00000364649	9606.ENSP00000368165	0	0	0	0	0	0.792	0	0.958	0.991
SDHB	NDUFV1	9606.ENSP00000364649	9606.ENSP00000497587	0	0	0	0	0.877	0.240	0.802	0.667	0.993
SDHB	NDUFS1	9606.ENSP00000364649	9606.ENSP00000392709	0	0	0	0	0.879	0.410	0.795	0.798	0.996
SDHB	SDHD	9606.ENSP00000364649	9606.ENSP00000364699	0	0	0	0	0.978	0.970	0.979	0.999	0.999
SDHC	COX15	9606.ENSP00000356953	9606.ENSP00000016171	0.045	0	0	0	0.149	0	0	0.457	0.520
SDHC	NDUFB4	9606.ENSP00000356953	9606.ENSP00000184266	0	0	0	0	0.443	0.164	0	0.419	0.706
SDHC	UQCRC1	9606.ENSP00000356953	9606.ENSP00000203407	0	0	0	0	0.461	0	0.163	0.406	0.709
SDHC	NDUFB7	9606.ENSP00000356953	9606.ENSP00000215565	0	0	0	0	0.613	0	0	0.442	0.775
SDHC	NFKBIA	9606.ENSP00000356953	9606.ENSP00000216797	0	0	0	0	0	0.052	0	0.432	0.438
SDHC	COX6A1	9606.ENSP00000356953	9606.ENSP00000229379	0	0	0	0	0.352	0	0	0.369	0.574
SDHC	NDUFS7	9606.ENSP00000356953	9606.ENSP00000233627	0	0	0	0	0.755	0	0.172	0.363	0.859
SDHC	NDUFA2	9606.ENSP00000356953	9606.ENSP00000252102	0	0	0	0	0.873	0	0	0.304	0.908
SDHC	NDUFA10	9606.ENSP00000356953	9606.ENSP00000252711	0	0	0	0	0.473	0	0	0.266	0.597
SDHC	SCO1	9606.ENSP00000356953	9606.ENSP00000255390	0	0	0	0	0.446	0	0	0.127	0.496
SDHC	KRAS	9606.ENSP00000356953	9606.ENSP00000256078	0	0	0	0	0.044	0.080	0	0.390	0.417
SDHC	COX5B	9606.ENSP00000356953	9606.ENSP00000258424	0	0	0	0	0.833	0	0	0.344	0.886
SDHC	NDUFB5	9606.ENSP00000356953	9606.ENSP00000259037	0	0	0	0	0.660	0	0	0.505	0.825
SDHC	NDUFS3	9606.ENSP00000356953	9606.ENSP00000263774	0	0	0	0	0.854	0	0	0.475	0.920
SDHC	STAT3	9606.ENSP00000356953	9606.ENSP00000264657	0	0	0	0	0.067	0	0	0.540	0.552
SDHC	SDHA	9606.ENSP00000356953	9606.ENSP00000264932	0.231	0	0	0	0.969	0.972	0.980	0.999	0.999
SDHC	NDUFA9	9606.ENSP00000356953	9606.ENSP00000266544	0	0	0	0	0.837	0.150	0	0.350	0.902
SDHC	UQCRC2	9606.ENSP00000356953	9606.ENSP00000268379	0	0	0	0	0.629	0	0.172	0.518	0.839
SDHC	NDUFB10	9606.ENSP00000356953	9606.ENSP00000268668	0	0	0	0	0.456	0	0	0.453	0.689
SDHC	TP53	9606.ENSP00000356953	9606.ENSP00000269305	0	0	0	0	0	0	0	0.622	0.622
SDHC	NDUFS6	9606.ENSP00000356953	9606.ENSP00000274137	0	0	0	0	0.842	0	0	0.236	0.874
SDHC	NDUFB11	9606.ENSP00000356953	9606.ENSP00000276062	0	0	0	0	0.559	0	0	0.211	0.637
SDHC	NDUFB9	9606.ENSP00000356953	9606.ENSP00000276689	0	0	0	0	0.732	0	0	0.404	0.833
SDHC	NDUFC2	9606.ENSP00000356953	9606.ENSP00000281031	0	0	0	0	0.580	0	0	0.270	0.680
SDHC	NDUFS4	9606.ENSP00000356953	9606.ENSP00000296684	0	0	0	0	0.860	0	0	0.307	0.899
SDHC	NDUFB8	9606.ENSP00000356953	9606.ENSP00000299166	0	0	0	0	0.933	0	0	0.317	0.952
SDHC	NDUFA7	9606.ENSP00000356953	9606.ENSP00000301457	0	0	0	0	0.332	0	0	0.249	0.477
SDHC	SDHAF2	9606.ENSP00000356953	9606.ENSP00000301761	0.115	0	0	0	0.056	0	0.290	0.998	0.999
SDHC	UQCRFS1	9606.ENSP00000356953	9606.ENSP00000306397	0.069	0	0	0	0.901	0	0	0.512	0.951
SDHC	TMEM126A	9606.ENSP00000356953	9606.ENSP00000306887	0	0	0	0	0.407	0	0	0	0.407
SDHC	UQCRH	9606.ENSP00000356953	9606.ENSP00000309565	0	0	0	0	0.741	0	0	0.332	0.819
SDHC	CASP3	9606.ENSP00000356953	9606.ENSP00000311032	0	0	0	0	0.042	0	0	0.543	0.543
SDHC	NDUFS8	9606.ENSP00000356953	9606.ENSP00000315774	0	0	0	0	0.969	0	0	0.620	0.988
SDHC	CYC1	9606.ENSP00000356953	9606.ENSP00000317159	0.044	0	0	0	0.838	0.079	0.172	0.450	0.923
SDHC	COX5A	9606.ENSP00000356953	9606.ENSP00000317780	0	0	0	0	0.842	0	0	0.359	0.894
SDHC	COX8A	9606.ENSP00000356953	9606.ENSP00000321260	0	0	0	0	0.135	0	0	0.451	0.505
SDHC	NDUFV2	9606.ENSP00000356953	9606.ENSP00000327268	0	0	0	0	0.968	0	0	0.483	0.982
SDHC	NDUFA12	9606.ENSP00000356953	9606.ENSP00000330737	0	0	0	0	0.941	0	0	0.205	0.951
SDHC	UQCR10	9606.ENSP00000356953	9606.ENSP00000332887	0	0	0	0	0.840	0	0.172	0.456	0.922
SDHC	NDUFA4	9606.ENSP00000356953	9606.ENSP00000339720	0	0	0	0	0.205	0	0	0.341	0.454
SDHC	MT-CO1	9606.ENSP00000356953	9606.ENSP00000354499	0	0	0	0	0.566	0	0.809	0.458	0.951
SDHC	MT-CYB	9606.ENSP00000356953	9606.ENSP00000354554	0.048	0	0	0	0.135	0	0	0.867	0.881
SDHC	MT-ATP6	9606.ENSP00000356953	9606.ENSP00000354632	0	0	0	0	0.171	0	0	0.529	0.593
SDHC	MT-ND1	9606.ENSP00000356953	9606.ENSP00000354687	0	0	0	0	0.574	0	0.172	0.541	0.824
SDHC	MT-ND5	9606.ENSP00000356953	9606.ENSP00000354813	0	0	0	0	0.372	0	0.172	0.517	0.727
SDHC	MT-CO2	9606.ENSP00000356953	9606.ENSP00000354876	0	0	0	0	0.757	0	0.809	0.462	0.972
SDHC	MT-ND4	9606.ENSP00000356953	9606.ENSP00000354961	0	0	0	0	0.317	0	0.172	0.505	0.696
SDHC	MT-CO3	9606.ENSP00000356953	9606.ENSP00000354982	0	0	0	0	0.407	0	0.809	0.399	0.926
SDHC	MT-ND2	9606.ENSP00000356953	9606.ENSP00000355046	0	0	0	0	0.150	0	0.172	0.503	0.620
SDHC	COA6	9606.ENSP00000356953	9606.ENSP00000355574	0	0	0	0	0.292	0	0	0.213	0.420
SDHC	COX7A2	9606.ENSP00000356953	9606.ENSP00000359098	0	0	0	0	0.210	0	0	0.277	0.405
SDHC	HIGD1A	9606.ENSP00000356953	9606.ENSP00000398064	0	0	0	0	0.397	0	0	0.077	0.420
SDHC	NDUFA3	9606.ENSP00000356953	9606.ENSP00000418438	0	0	0	0	0.304	0	0	0.228	0.440
SDHC	NDUFAB1	9606.ENSP00000356953	9606.ENSP00000458770	0	0	0	0	0.314	0	0	0.306	0.504
SDHC	COX6C	9606.ENSP00000356953	9606.ENSP00000429707	0	0	0	0	0.407	0	0	0.264	0.545
SDHC	DMAC2L	9606.ENSP00000356953	9606.ENSP00000451583	0	0	0	0	0.433	0	0	0.234	0.547
SDHC	COX6B1	9606.ENSP00000356953	9606.ENSP00000466818	0	0	0	0	0.328	0	0	0.364	0.554
SDHC	JUN	9606.ENSP00000356953	9606.ENSP00000360266	0	0	0	0	0	0	0	0.555	0.555
SDHC	UQCR11	9606.ENSP00000356953	9606.ENSP00000467262	0	0	0	0	0.405	0	0	0.286	0.557
SDHC	NDUFA11	9606.ENSP00000356953	9606.ENSP00000389160	0	0	0	0	0.422	0	0	0.305	0.581
SDHC	NDUFA1	9606.ENSP00000356953	9606.ENSP00000360492	0	0	0	0	0.198	0	0	0.528	0.605
SDHC	NDUFB3	9606.ENSP00000356953	9606.ENSP00000407336	0	0	0	0	0.490	0.091	0	0.282	0.638
SDHC	NDUFS5	9606.ENSP00000356953	9606.ENSP00000362058	0	0	0	0	0.333	0	0	0.505	0.656
SDHC	PTEN	9606.ENSP00000356953	9606.ENSP00000361021	0	0	0	0	0	0	0	0.669	0.669
SDHC	COX7C	9606.ENSP00000356953	9606.ENSP00000425759	0	0	0	0	0.549	0	0	0.299	0.670
SDHC	COX4I1	9606.ENSP00000356953	9606.ENSP00000457513	0	0	0	0	0.581	0	0	0.454	0.761
SDHC	ACTB	9606.ENSP00000356953	9606.ENSP00000494750	0	0	0	0	0.049	0	0	0.765	0.766
SDHC	NDUFA13	9606.ENSP00000356953	9606.ENSP00000423673	0	0	0	0	0.721	0	0	0.292	0.794
SDHC	NDUFB6	9606.ENSP00000356953	9606.ENSP00000369176	0	0	0	0	0.758	0.091	0	0.294	0.831
SDHC	NDUFV1	9606.ENSP00000356953	9606.ENSP00000497587	0	0	0	0	0.635	0	0.172	0.527	0.845
SDHC	NDUFA6	9606.ENSP00000356953	9606.ENSP00000482543	0	0	0	0	0.841	0	0	0.377	0.897
SDHC	NDUFA5	9606.ENSP00000356953	9606.ENSP00000417142	0	0	0	0	0.864	0	0	0.310	0.902
SDHC	UQCRB	9606.ENSP00000356953	9606.ENSP00000430494	0	0	0	0	0.851	0	0.172	0.323	0.909
SDHC	NDUFA8	9606.ENSP00000356953	9606.ENSP00000362873	0	0	0	0	0.877	0.170	0	0.229	0.914
SDHC	SDHAF1	9606.ENSP00000356953	9606.ENSP00000368165	0	0	0	0	0	0	0	0.922	0.922
SDHC	NDUFS1	9606.ENSP00000356953	9606.ENSP00000392709	0	0	0	0	0.839	0	0	0.541	0.923
SDHC	UQCRQ	9606.ENSP00000356953	9606.ENSP00000367939	0	0	0	0	0.908	0	0.172	0.433	0.953
SDHC	NDUFS2	9606.ENSP00000356953	9606.ENSP00000356972	0	0	0	0	0.928	0.486	0	0.541	0.981
SDHC	SDHB	9606.ENSP00000356953	9606.ENSP00000364649	0.231	0	0	0	0.981	0.978	0.980	0.999	0.999
SDHC	SDHD	9606.ENSP00000356953	9606.ENSP00000364699	0	0	0	0	0.977	0.984	0.979	0.999	0.999
SDHD	COX15	9606.ENSP00000364699	9606.ENSP00000016171	0	0	0	0	0.127	0	0	0.347	0.406
SDHD	NDUFB4	9606.ENSP00000364699	9606.ENSP00000184266	0	0	0	0	0.719	0	0	0.338	0.806
SDHD	UQCRC1	9606.ENSP00000364699	9606.ENSP00000203407	0	0	0	0	0.421	0.096	0.163	0.450	0.727
SDHD	NDUFB7	9606.ENSP00000364699	9606.ENSP00000215565	0	0	0	0	0.607	0	0	0.346	0.732
SDHD	COX6A1	9606.ENSP00000364699	9606.ENSP00000229379	0	0	0	0	0.441	0	0	0.326	0.607
SDHD	NDUFS7	9606.ENSP00000364699	9606.ENSP00000233627	0	0	0	0	0.471	0	0.172	0.398	0.713
SDHD	NDUFA2	9606.ENSP00000364699	9606.ENSP00000252102	0	0	0	0	0.970	0	0	0.542	0.985
SDHD	NDUFA10	9606.ENSP00000364699	9606.ENSP00000252711	0	0	0	0	0.192	0	0	0.299	0.410
SDHD	COX5B	9606.ENSP00000364699	9606.ENSP00000258424	0	0	0	0	0.909	0	0	0.463	0.949
SDHD	NDUFB5	9606.ENSP00000364699	9606.ENSP00000259037	0	0	0	0	0.867	0	0	0.527	0.934
SDHD	NDUFS3	9606.ENSP00000364699	9606.ENSP00000263774	0	0	0	0	0.861	0	0	0.522	0.931
SDHD	SDHA	9606.ENSP00000364699	9606.ENSP00000264932	0	0	0	0	0.967	0.935	0.979	0.999	0.999
SDHD	NDUFA9	9606.ENSP00000364699	9606.ENSP00000266544	0	0	0	0	0.842	0	0	0.313	0.887
SDHD	UQCRC2	9606.ENSP00000364699	9606.ENSP00000268379	0	0	0	0	0.924	0.091	0.172	0.469	0.965
SDHD	NDUFB10	9606.ENSP00000364699	9606.ENSP00000268668	0	0	0	0	0.610	0	0	0.321	0.724
SDHD	NDUFS6	9606.ENSP00000364699	9606.ENSP00000274137	0	0	0	0	0.915	0	0	0.331	0.941
SDHD	NDUFB11	9606.ENSP00000364699	9606.ENSP00000276062	0	0	0	0	0.700	0	0	0.189	0.746
SDHD	NDUFB9	9606.ENSP00000364699	9606.ENSP00000276689	0	0	0	0	0.870	0	0	0.606	0.947
SDHD	NDUFC2	9606.ENSP00000364699	9606.ENSP00000281031	0	0	0	0	0.537	0	0	0.339	0.681
SDHD	NDUFS4	9606.ENSP00000364699	9606.ENSP00000296684	0	0	0	0	0.736	0	0	0.455	0.850
SDHD	NDUFB8	9606.ENSP00000364699	9606.ENSP00000299166	0	0	0	0	0.969	0	0	0.504	0.984
SDHD	NDUFA7	9606.ENSP00000364699	9606.ENSP00000301457	0	0	0	0	0.335	0	0	0.318	0.527
SDHD	SDHAF2	9606.ENSP00000364699	9606.ENSP00000301761	0	0	0	0	0.081	0	0	0.998	0.998
SDHD	UQCRFS1	9606.ENSP00000364699	9606.ENSP00000306397	0	0	0	0	0.906	0	0	0.509	0.952
SDHD	TMEM126A	9606.ENSP00000364699	9606.ENSP00000306887	0	0	0	0	0.415	0	0	0.087	0.443
SDHD	UQCRH	9606.ENSP00000364699	9606.ENSP00000309565	0	0	0	0	0.734	0	0	0.348	0.819
SDHD	NDUFS8	9606.ENSP00000364699	9606.ENSP00000315774	0	0	0	0	0.969	0	0	0.518	0.984
SDHD	CYC1	9606.ENSP00000364699	9606.ENSP00000317159	0	0	0	0	0.774	0.106	0.172	0.360	0.878
SDHD	COX5A	9606.ENSP00000364699	9606.ENSP00000317780	0	0	0	0	0.836	0	0	0.514	0.917
SDHD	NDUFV2	9606.ENSP00000364699	9606.ENSP00000327268	0	0	0	0	0.927	0	0	0.419	0.956
SDHD	NDUFA12	9606.ENSP00000364699	9606.ENSP00000330737	0	0	0	0	0.906	0	0	0.292	0.931
SDHD	UQCR10	9606.ENSP00000364699	9606.ENSP00000332887	0	0	0	0	0.845	0	0.172	0.452	0.923
SDHD	NDUFA4	9606.ENSP00000364699	9606.ENSP00000339720	0	0	0	0	0.183	0	0	0.640	0.694
SDHD	MT-CO1	9606.ENSP00000364699	9606.ENSP00000354499	0	0	0	0	0.163	0	0	0.366	0.446
SDHD	MT-CYB	9606.ENSP00000364699	9606.ENSP00000354554	0	0	0	0	0	0	0	0.870	0.870
SDHD	MT-ATP6	9606.ENSP00000364699	9606.ENSP00000354632	0	0	0	0	0.109	0	0	0.465	0.502
SDHD	MT-ND1	9606.ENSP00000364699	9606.ENSP00000354687	0	0	0	0	0.256	0	0.172	0.375	0.581
SDHD	MT-ND5	9606.ENSP00000364699	9606.ENSP00000354813	0	0	0	0	0.249	0	0.172	0.503	0.664
SDHD	MT-ND4	9606.ENSP00000364699	9606.ENSP00000354961	0	0	0	0	0.169	0	0.172	0.342	0.507
SDHD	MT-ND2	9606.ENSP00000364699	9606.ENSP00000355046	0	0	0	0	0.109	0	0.172	0.412	0.528
SDHD	COA6	9606.ENSP00000364699	9606.ENSP00000355574	0	0	0	0	0.290	0	0	0.282	0.469
SDHD	SDHC	9606.ENSP00000364699	9606.ENSP00000356953	0	0	0	0	0.977	0.984	0.979	0.999	0.999
SDHD	NDUFS2	9606.ENSP00000364699	9606.ENSP00000356972	0	0	0	0	0.844	0	0	0.489	0.917
SDHD	COX7A2	9606.ENSP00000364699	9606.ENSP00000359098	0	0	0	0	0.271	0	0	0.382	0.530
SDHD	NDUFA1	9606.ENSP00000364699	9606.ENSP00000360492	0	0	0	0	0.107	0	0	0.409	0.450
SDHD	PTEN	9606.ENSP00000364699	9606.ENSP00000361021	0	0	0	0	0.044	0	0	0.624	0.625
SDHD	NDUFS5	9606.ENSP00000364699	9606.ENSP00000362058	0	0	0	0	0.337	0	0	0.347	0.549
SDHD	NDUFA8	9606.ENSP00000364699	9606.ENSP00000362873	0	0	0	0	0.903	0	0	0.518	0.951
SDHD	SDHB	9606.ENSP00000364699	9606.ENSP00000364649	0	0	0	0	0.978	0.970	0.979	0.999	0.999
SDHD	NDUFA3	9606.ENSP00000364699	9606.ENSP00000418438	0	0	0	0	0.219	0	0	0.305	0.433
SDHD	BCS1L	9606.ENSP00000364699	9606.ENSP00000413908	0	0	0	0	0.124	0.057	0	0.376	0.440
SDHD	NDUFC1	9606.ENSP00000364699	9606.ENSP00000441126	0	0	0	0	0.168	0	0	0.364	0.448
SDHD	COX7B	9606.ENSP00000364699	9606.ENSP00000497474	0	0	0	0	0.118	0	0	0.415	0.462
SDHD	UQCR11	9606.ENSP00000364699	9606.ENSP00000467262	0	0	0	0	0.222	0	0	0.357	0.478
SDHD	NDUFA11	9606.ENSP00000364699	9606.ENSP00000389160	0	0	0	0	0.265	0	0	0.320	0.480
SDHD	HIGD1A	9606.ENSP00000364699	9606.ENSP00000398064	0	0	0	0	0.345	0.058	0	0.243	0.492
SDHD	NDUFB3	9606.ENSP00000364699	9606.ENSP00000407336	0	0	0	0	0.310	0	0	0.412	0.577
SDHD	COX6C	9606.ENSP00000364699	9606.ENSP00000429707	0	0	0	0	0.443	0	0	0.289	0.587
SDHD	NDUFAB1	9606.ENSP00000364699	9606.ENSP00000458770	0	0	0	0	0.390	0	0	0.353	0.588
SDHD	COX6B1	9606.ENSP00000364699	9606.ENSP00000466818	0	0	0	0	0.341	0	0	0.422	0.603
SDHD	COX7C	9606.ENSP00000364699	9606.ENSP00000425759	0	0	0	0	0.394	0	0	0.396	0.619
SDHD	NDUFV1	9606.ENSP00000364699	9606.ENSP00000497587	0	0	0	0	0.435	0	0.172	0.361	0.675
SDHD	NDUFA13	9606.ENSP00000364699	9606.ENSP00000423673	0	0	0	0	0.502	0	0	0.397	0.687
SDHD	COX4I1	9606.ENSP00000364699	9606.ENSP00000457513	0	0	0	0	0.585	0	0	0.421	0.750
SDHD	NDUFB6	9606.ENSP00000364699	9606.ENSP00000369176	0	0	0	0	0.709	0	0	0.355	0.804
SDHD	NDUFA5	9606.ENSP00000364699	9606.ENSP00000417142	0	0	0	0	0.777	0	0	0.450	0.872
SDHD	NDUFS1	9606.ENSP00000364699	9606.ENSP00000392709	0	0	0	0	0.855	0	0	0.408	0.911
SDHD	UQCRB	9606.ENSP00000364699	9606.ENSP00000430494	0	0	0	0	0.860	0	0.172	0.448	0.930
SDHD	NDUFA6	9606.ENSP00000364699	9606.ENSP00000482543	0	0	0	0	0.892	0	0	0.377	0.930
SDHD	SDHAF1	9606.ENSP00000364699	9606.ENSP00000368165	0	0	0	0	0	0	0	0.940	0.940
SDHD	UQCRQ	9606.ENSP00000364699	9606.ENSP00000367939	0	0	0	0	0.850	0	0.172	0.606	0.946
SMIM20	TIMM21	9606.ENSP00000427407	9606.ENSP00000169551	0	0	0	0	0.085	0	0	0.442	0.468
SMIM20	COX14	9606.ENSP00000427407	9606.ENSP00000326052	0	0	0	0	0.085	0	0	0.675	0.689
SMIM20	COA3	9606.ENSP00000427407	9606.ENSP00000354762	0	0	0	0	0.061	0.292	0	0.703	0.785
SMIM20	COA1	9606.ENSP00000427407	9606.ENSP00000379218	0	0	0	0	0	0	0	0.527	0.527
SMIM20	PET117	9606.ENSP00000427407	9606.ENSP00000397881	0	0	0	0	0.138	0	0	0.394	0.455
SMIM20	COX6C	9606.ENSP00000427407	9606.ENSP00000429707	0	0	0	0	0.148	0	0	0.500	0.556
SMIM20	COX4I1	9606.ENSP00000427407	9606.ENSP00000457513	0	0	0	0	0	0.161	0	0.537	0.594
SPATA2	TNFRSF1A	9606.ENSP00000416799	9606.ENSP00000162749	0	0	0	0	0	0.994	0.500	0.359	0.997
SPATA2	TRADD	9606.ENSP00000416799	9606.ENSP00000341268	0	0	0	0	0	0.625	0.500	0.556	0.909
SPATA2	IKBKB	9606.ENSP00000416799	9606.ENSP00000430684	0	0	0	0	0.049	0.625	0.500	0.174	0.833
SPTA1	KRAS	9606.ENSP00000495214	9606.ENSP00000256078	0	0	0	0	0	0.170	0.500	0.267	0.669
SPTA1	TP53	9606.ENSP00000495214	9606.ENSP00000269305	0	0	0	0	0	0.164	0	0.370	0.450
SPTA1	CASP3	9606.ENSP00000495214	9606.ENSP00000311032	0	0	0	0	0	0	0.900	0.171	0.913
SPTA1	ACTG1	9606.ENSP00000495214	9606.ENSP00000458162	0	0	0	0	0	0.065	0	0.610	0.620
STAT3	TNFRSF1A	9606.ENSP00000264657	9606.ENSP00000162749	0	0	0	0	0.266	0	0.500	0.571	0.829
STAT3	HMOX1	9606.ENSP00000264657	9606.ENSP00000216117	0	0	0	0	0.056	0	0.400	0.755	0.849
STAT3	NFKBIA	9606.ENSP00000264657	9606.ENSP00000216797	0	0	0	0	0.144	0.045	0	0.708	0.741
STAT3	KRAS	9606.ENSP00000264657	9606.ENSP00000256078	0	0	0	0	0.056	0.063	0	0.810	0.817
STAT3	CTSB	9606.ENSP00000264657	9606.ENSP00000345672	0	0	0	0	0.074	0	0	0.429	0.449
STAT3	CTSS	9606.ENSP00000264657	9606.ENSP00000357981	0	0	0	0	0.083	0	0	0.427	0.452
STAT3	BAX	9606.ENSP00000264657	9606.ENSP00000293288	0	0	0	0	0.064	0.056	0	0.449	0.470
STAT3	FADD	9606.ENSP00000264657	9606.ENSP00000301838	0	0	0	0	0.091	0.096	0	0.425	0.487
STAT3	AKT3	9606.ENSP00000264657	9606.ENSP00000500582	0	0	0	0	0.104	0.096	0	0.421	0.490
STAT3	PRKACB	9606.ENSP00000264657	9606.ENSP00000359719	0	0	0	0	0	0	0	0.490	0.490
STAT3	TNFRSF10B	9606.ENSP00000264657	9606.ENSP00000276431	0	0	0	0	0.067	0	0	0.482	0.496
STAT3	PRKACA	9606.ENSP00000264657	9606.ENSP00000309591	0	0	0	0	0.056	0	0	0.489	0.497
STAT3	CYBB	9606.ENSP00000264657	9606.ENSP00000367851	0	0	0	0	0.052	0	0	0.521	0.527
STAT3	PRF1	9606.ENSP00000264657	9606.ENSP00000398568	0	0	0	0	0.056	0	0	0.540	0.547
STAT3	ITPR1	9606.ENSP00000264657	9606.ENSP00000306253	0	0	0	0	0.060	0	0	0.539	0.548
STAT3	SDHC	9606.ENSP00000264657	9606.ENSP00000356953	0	0	0	0	0.067	0	0	0.540	0.552
STAT3	MAPK9	9606.ENSP00000264657	9606.ENSP00000394560	0	0	0	0	0.044	0.292	0	0.424	0.576
STAT3	TLR3	9606.ENSP00000264657	9606.ENSP00000296795	0	0	0	0	0.101	0.064	0	0.569	0.606
STAT3	CASP1	9606.ENSP00000264657	9606.ENSP00000433138	0	0	0	0	0.101	0	0	0.583	0.609
STAT3	CFLAR	9606.ENSP00000264657	9606.ENSP00000312455	0	0	0	0	0.232	0	0	0.520	0.616
STAT3	TNFAIP3	9606.ENSP00000264657	9606.ENSP00000481570	0	0	0	0	0.126	0.292	0	0.448	0.628
STAT3	CASP8	9606.ENSP00000264657	9606.ENSP00000351273	0	0	0	0	0.077	0	0	0.619	0.634
STAT3	PIK3CB	9606.ENSP00000264657	9606.ENSP00000501150	0	0	0	0	0.049	0	0.500	0.357	0.667
STAT3	MAP2K1	9606.ENSP00000264657	9606.ENSP00000302486	0	0	0	0	0.105	0	0	0.645	0.669
STAT3	IKBKB	9606.ENSP00000264657	9606.ENSP00000430684	0	0	0	0	0.109	0.332	0	0.612	0.749
STAT3	PTEN	9606.ENSP00000264657	9606.ENSP00000361021	0	0	0	0	0.086	0	0	0.784	0.794
STAT3	ACTB	9606.ENSP00000264657	9606.ENSP00000494750	0	0	0	0	0.084	0	0	0.789	0.798
STAT3	CASP3	9606.ENSP00000264657	9606.ENSP00000311032	0	0	0	0	0.055	0	0	0.801	0.804
STAT3	IL18	9606.ENSP00000264657	9606.ENSP00000280357	0	0	0	0	0.052	0	0.500	0.624	0.806
STAT3	MAP3K5	9606.ENSP00000264657	9606.ENSP00000351908	0	0	0	0	0.117	0	0	0.791	0.807
STAT3	MCL1	9606.ENSP00000264657	9606.ENSP00000358022	0	0	0	0	0.169	0.056	0.500	0.737	0.883
STAT3	NDUFA13	9606.ENSP00000264657	9606.ENSP00000423673	0	0	0	0	0.042	0.334	0	0.910	0.937
STAT3	STAT4	9606.ENSP00000264657	9606.ENSP00000351255	0	0	0.063	0.933	0.069	0	0.900	0.735	0.973
STAT3	TP53	9606.ENSP00000264657	9606.ENSP00000269305	0	0	0	0	0.063	0.164	0.800	0.970	0.994
STAT3	JUN	9606.ENSP00000264657	9606.ENSP00000360266	0	0	0	0	0.061	0.328	0	0.993	0.995
STAT3	STAT5A	9606.ENSP00000264657	9606.ENSP00000341208	0	0	0	0.738	0.181	0	0.900	0.974	0.997
STAT4	PRKCQ	9606.ENSP00000351255	9606.ENSP00000263125	0	0	0	0	0.196	0.041	0	0.357	0.461
STAT4	STAT3	9606.ENSP00000351255	9606.ENSP00000264657	0	0	0.063	0.933	0.069	0	0.900	0.735	0.973
STAT4	IL18	9606.ENSP00000351255	9606.ENSP00000280357	0	0	0	0	0.054	0	0	0.788	0.791
STAT4	TLR3	9606.ENSP00000351255	9606.ENSP00000296795	0	0	0	0	0.104	0.064	0	0.443	0.492
STAT4	STAT5A	9606.ENSP00000351255	9606.ENSP00000341208	0	0	0	0.729	0.056	0	0.650	0.532	0.832
STAT4	CASP4	9606.ENSP00000351255	9606.ENSP00000388566	0	0	0	0	0.096	0	0	0.402	0.437
STAT4	MAPK9	9606.ENSP00000351255	9606.ENSP00000394560	0	0	0	0	0.042	0	0	0.441	0.442
STAT4	JUN	9606.ENSP00000351255	9606.ENSP00000360266	0	0	0	0	0.055	0.328	0	0.385	0.576
STAT4	PRF1	9606.ENSP00000351255	9606.ENSP00000398568	0	0	0	0	0.280	0	0	0.447	0.584
STAT4	TNFAIP3	9606.ENSP00000351255	9606.ENSP00000481570	0	0	0	0	0.133	0	0	0.621	0.657
STAT5A	NFKBIA	9606.ENSP00000341208	9606.ENSP00000216797	0	0	0	0	0.107	0.045	0	0.625	0.653
STAT5A	KRAS	9606.ENSP00000341208	9606.ENSP00000256078	0	0	0	0	0	0.063	0	0.460	0.473
STAT5A	STAT3	9606.ENSP00000341208	9606.ENSP00000264657	0	0	0	0.738	0.181	0	0.900	0.974	0.997
STAT5A	TP53	9606.ENSP00000341208	9606.ENSP00000269305	0	0	0	0	0.051	0	0	0.753	0.755
STAT5A	IL18	9606.ENSP00000341208	9606.ENSP00000280357	0	0	0	0	0.052	0	0	0.398	0.404
STAT5A	TLR3	9606.ENSP00000341208	9606.ENSP00000296795	0	0	0	0	0.060	0.064	0	0.403	0.429
STAT5A	MAP2K1	9606.ENSP00000341208	9606.ENSP00000302486	0	0	0	0	0.098	0	0	0.616	0.639
STAT5A	CASP3	9606.ENSP00000341208	9606.ENSP00000311032	0	0	0	0	0.099	0	0	0.543	0.571
STAT5A	NDUFA13	9606.ENSP00000341208	9606.ENSP00000423673	0	0	0	0	0	0.085	0	0.456	0.480
STAT5A	PRF1	9606.ENSP00000341208	9606.ENSP00000398568	0	0	0	0	0.080	0	0	0.475	0.496
STAT5A	CASP1	9606.ENSP00000341208	9606.ENSP00000433138	0	0	0	0	0.167	0	0	0.519	0.582
STAT5A	ACTB	9606.ENSP00000341208	9606.ENSP00000494750	0	0	0	0	0.042	0	0	0.591	0.591
STAT5A	AKT3	9606.ENSP00000341208	9606.ENSP00000500582	0	0	0	0	0.104	0.096	0	0.541	0.596
STAT5A	MCL1	9606.ENSP00000341208	9606.ENSP00000358022	0	0	0	0	0.121	0.056	0	0.584	0.625
STAT5A	JUN	9606.ENSP00000341208	9606.ENSP00000360266	0	0	0	0	0.055	0.091	0	0.701	0.721
STAT5A	PTEN	9606.ENSP00000341208	9606.ENSP00000361021	0	0	0	0	0.072	0	0	0.775	0.783
STAT5A	STAT4	9606.ENSP00000341208	9606.ENSP00000351255	0	0	0	0.729	0.056	0	0.650	0.532	0.832
SURF1	NDUFAF7	9606.ENSP00000361042	9606.ENSP00000002125	0	0	0	0	0.103	0	0	0.366	0.407
SURF1	COX15	9606.ENSP00000361042	9606.ENSP00000016171	0.120	0	0	0	0.606	0.509	0	0.960	0.992
SURF1	UQCRC1	9606.ENSP00000361042	9606.ENSP00000203407	0.095	0	0	0	0.063	0.430	0	0.390	0.666
SURF1	COX6A1	9606.ENSP00000361042	9606.ENSP00000229379	0	0	0	0	0.064	0.095	0	0.547	0.583
SURF1	NDUFS7	9606.ENSP00000361042	9606.ENSP00000233627	0	0	0	0	0.162	0.095	0	0.643	0.705
SURF1	NDUFA2	9606.ENSP00000361042	9606.ENSP00000252102	0	0	0	0	0.127	0.095	0	0.553	0.615
SURF1	SCO1	9606.ENSP00000361042	9606.ENSP00000255390	0.111	0	0	0	0.321	0.095	0	0.947	0.967
SURF1	COX5B	9606.ENSP00000361042	9606.ENSP00000258424	0	0	0	0	0.083	0.226	0	0.414	0.548
SURF1	TACO1	9606.ENSP00000361042	9606.ENSP00000258975	0	0	0	0	0.087	0.088	0	0.833	0.848
SURF1	NDUFAF1	9606.ENSP00000361042	9606.ENSP00000260361	0	0	0	0	0.049	0.095	0	0.403	0.442
SURF1	COX17	9606.ENSP00000361042	9606.ENSP00000261070	0	0	0	0	0.098	0	0	0.807	0.819
SURF1	TTC19	9606.ENSP00000361042	9606.ENSP00000261647	0	0	0	0	0.048	0	0	0.414	0.418
SURF1	FOXRED1	9606.ENSP00000361042	9606.ENSP00000263578	0	0	0	0	0.105	0	0	0.616	0.642
SURF1	NDUFS3	9606.ENSP00000361042	9606.ENSP00000263774	0	0	0	0	0.143	0.329	0	0.642	0.776
SURF1	SDHA	9606.ENSP00000361042	9606.ENSP00000264932	0	0	0	0	0.067	0.094	0	0.692	0.717
SURF1	NDUFA9	9606.ENSP00000361042	9606.ENSP00000266544	0	0	0	0	0.131	0.095	0	0.338	0.435
SURF1	UQCRC2	9606.ENSP00000361042	9606.ENSP00000268379	0.095	0	0	0	0.061	0.190	0	0.382	0.517
SURF1	NDUFS6	9606.ENSP00000361042	9606.ENSP00000274137	0	0	0	0	0.084	0.095	0	0.370	0.432
SURF1	NUBPL	9606.ENSP00000361042	9606.ENSP00000281081	0	0	0	0	0	0	0	0.419	0.419
SURF1	NDUFAF2	9606.ENSP00000361042	9606.ENSP00000296597	0	0	0	0	0.058	0.095	0	0.612	0.640
SURF1	NDUFS4	9606.ENSP00000361042	9606.ENSP00000296684	0	0	0	0	0.110	0.095	0	0.722	0.756
SURF1	NDUFB8	9606.ENSP00000361042	9606.ENSP00000299166	0	0	0	0	0.127	0.222	0	0.262	0.454
SURF1	COX11	9606.ENSP00000361042	9606.ENSP00000299335	0.120	0	0	0	0.672	0.079	0	0.708	0.912
SURF1	NDUFA7	9606.ENSP00000361042	9606.ENSP00000301457	0	0	0	0	0.143	0.095	0	0.305	0.414
SURF1	UQCRFS1	9606.ENSP00000361042	9606.ENSP00000306397	0	0	0	0	0.102	0.094	0.792	0.394	0.883
SURF1	TMEM70	9606.ENSP00000361042	9606.ENSP00000312599	0	0	0	0	0.056	0	0	0.545	0.553
SURF1	ACAD9	9606.ENSP00000361042	9606.ENSP00000312618	0	0	0	0	0.055	0.088	0	0.472	0.505
SURF1	NDUFS8	9606.ENSP00000361042	9606.ENSP00000315774	0	0	0	0	0.160	0.456	0	0.623	0.813
SURF1	CYC1	9606.ENSP00000361042	9606.ENSP00000317159	0.041	0	0	0	0.081	0.580	0.163	0.639	0.868
SURF1	COX5A	9606.ENSP00000361042	9606.ENSP00000317780	0	0	0	0	0.076	0.278	0	0.662	0.755
SURF1	COX8A	9606.ENSP00000361042	9606.ENSP00000321260	0	0	0	0	0.067	0	0	0.420	0.435
SURF1	NDUFAF3	9606.ENSP00000361042	9606.ENSP00000323076	0	0	0	0	0.124	0.597	0	0.408	0.773
SURF1	COX14	9606.ENSP00000361042	9606.ENSP00000326052	0	0	0	0	0.142	0.292	0	0.869	0.913
SURF1	NDUFV2	9606.ENSP00000361042	9606.ENSP00000327268	0	0	0	0	0.088	0.246	0	0.293	0.471
SURF1	COA5	9606.ENSP00000361042	9606.ENSP00000330730	0	0	0	0	0.056	0	0	0.592	0.598
SURF1	NDUFA4	9606.ENSP00000361042	9606.ENSP00000339720	0	0	0	0	0.063	0	0	0.453	0.465
SURF1	COX19	9606.ENSP00000361042	9606.ENSP00000342015	0	0	0	0	0.048	0	0	0.493	0.496
SURF1	MT-CO1	9606.ENSP00000361042	9606.ENSP00000354499	0.120	0	0	0	0.317	0.144	0	0.783	0.873
SURF1	MT-CYB	9606.ENSP00000361042	9606.ENSP00000354554	0	0	0	0	0	0.077	0	0.439	0.460
SURF1	MT-ATP6	9606.ENSP00000361042	9606.ENSP00000354632	0	0	0	0	0.107	0	0	0.764	0.780
SURF1	COA3	9606.ENSP00000361042	9606.ENSP00000354762	0	0	0	0	0.111	0.329	0	0.877	0.920
SURF1	MT-ND5	9606.ENSP00000361042	9606.ENSP00000354813	0	0	0	0	0.082	0	0	0.611	0.627
SURF1	MT-CO2	9606.ENSP00000361042	9606.ENSP00000354876	0.120	0	0	0	0.261	0.184	0	0.817	0.890
SURF1	MT-CO3	9606.ENSP00000361042	9606.ENSP00000354982	0.120	0	0	0	0.328	0	0	0.764	0.848
SURF1	MT-ND2	9606.ENSP00000361042	9606.ENSP00000355046	0	0	0	0	0.067	0	0	0.524	0.537
SURF1	COX20	9606.ENSP00000361042	9606.ENSP00000355486	0	0	0	0	0.062	0	0	0.540	0.550
SURF1	COA6	9606.ENSP00000361042	9606.ENSP00000355574	0	0	0	0	0.125	0	0	0.596	0.632
SURF1	NDUFS2	9606.ENSP00000361042	9606.ENSP00000356972	0	0	0	0	0.124	0.088	0	0.407	0.485
SURF1	COX7A2	9606.ENSP00000361042	9606.ENSP00000359098	0	0	0	0	0.104	0.095	0	0.325	0.404
SURF1	COA7	9606.ENSP00000361042	9606.ENSP00000360593	0	0	0	0	0.049	0.095	0	0.402	0.440
SURF1	ATPAF1	9606.ENSP00000361042	9606.ENSP00000460964	0	0	0	0	0.053	0.095	0	0.356	0.400
SURF1	COX7B	9606.ENSP00000361042	9606.ENSP00000497474	0	0	0	0	0.049	0	0	0.397	0.402
SURF1	HIGD1A	9606.ENSP00000361042	9606.ENSP00000398064	0	0	0	0	0.103	0	0	0.383	0.423
SURF1	NDUFB3	9606.ENSP00000361042	9606.ENSP00000407336	0	0	0	0	0.189	0	0	0.325	0.429
SURF1	SDHB	9606.ENSP00000361042	9606.ENSP00000364649	0	0	0	0	0.169	0	0	0.358	0.444
SURF1	COA4	9606.ENSP00000361042	9606.ENSP00000443795	0	0	0	0	0.049	0.073	0	0.432	0.455
SURF1	UQCRB	9606.ENSP00000361042	9606.ENSP00000430494	0	0	0	0	0.108	0	0	0.431	0.470
SURF1	ATPAF2	9606.ENSP00000361042	9606.ENSP00000417190	0	0	0	0	0.068	0	0	0.494	0.509
SURF1	COX18	9606.ENSP00000361042	9606.ENSP00000425261	0	0	0	0	0.075	0	0	0.496	0.514
SURF1	SDHAF1	9606.ENSP00000361042	9606.ENSP00000368165	0	0	0	0	0.058	0	0	0.545	0.553
SURF1	COX6C	9606.ENSP00000361042	9606.ENSP00000429707	0	0	0	0	0.097	0.329	0	0.381	0.592
SURF1	PET100	9606.ENSP00000361042	9606.ENSP00000470539	0	0	0	0	0	0	0	0.639	0.639
SURF1	NDUFAF5	9606.ENSP00000361042	9606.ENSP00000367346	0	0	0	0	0.054	0	0	0.668	0.672
SURF1	PET117	9606.ENSP00000361042	9606.ENSP00000397881	0	0	0	0	0	0	0	0.677	0.677
SURF1	NDUFS1	9606.ENSP00000361042	9606.ENSP00000392709	0	0	0	0	0.124	0.088	0	0.638	0.685
SURF1	COX4I1	9606.ENSP00000361042	9606.ENSP00000457513	0	0	0	0	0.078	0.330	0	0.535	0.687
SURF1	NDUFV1	9606.ENSP00000361042	9606.ENSP00000497587	0	0	0	0	0.129	0.088	0	0.681	0.725
SURF1	COA1	9606.ENSP00000361042	9606.ENSP00000379218	0	0	0	0	0.061	0.292	0	0.664	0.757
SURF1	NDUFAF6	9606.ENSP00000361042	9606.ENSP00000379430	0	0	0	0	0.087	0.063	0	0.755	0.773
SURF1	BCS1L	9606.ENSP00000361042	9606.ENSP00000413908	0	0	0	0	0.100	0	0	0.791	0.804
SURF1	COX6B1	9606.ENSP00000361042	9606.ENSP00000466818	0	0	0	0	0.087	0.095	0	0.807	0.827
SURF1	SCO2	9606.ENSP00000361042	9606.ENSP00000444433	0.111	0	0	0	0.307	0	0	0.955	0.970
TACO1	COX15	9606.ENSP00000258975	9606.ENSP00000016171	0	0	0	0	0.104	0.088	0	0.884	0.897
TACO1	NDUFS7	9606.ENSP00000258975	9606.ENSP00000233627	0.061	0	0	0	0.129	0.088	0	0.614	0.673
TACO1	NDUFA2	9606.ENSP00000258975	9606.ENSP00000252102	0	0	0	0	0.055	0.088	0	0.579	0.606
TACO1	SCO1	9606.ENSP00000258975	9606.ENSP00000255390	0	0	0	0	0.115	0.077	0	0.773	0.798
TACO1	COA6	9606.ENSP00000258975	9606.ENSP00000355574	0	0	0	0	0.059	0	0	0.395	0.407
TACO1	TMEM70	9606.ENSP00000258975	9606.ENSP00000312599	0	0	0	0	0.056	0.088	0	0.368	0.408
TACO1	COA1	9606.ENSP00000258975	9606.ENSP00000379218	0	0	0	0	0.056	0	0	0.400	0.409
TACO1	COX19	9606.ENSP00000258975	9606.ENSP00000342015	0.057	0	0	0	0.074	0	0	0.411	0.441
TACO1	COX20	9606.ENSP00000258975	9606.ENSP00000355486	0	0	0	0	0.049	0	0	0.445	0.449
TACO1	PET117	9606.ENSP00000258975	9606.ENSP00000397881	0	0	0	0	0.135	0	0	0.391	0.451
TACO1	SDHAF1	9606.ENSP00000258975	9606.ENSP00000368165	0	0	0	0	0.082	0	0	0.427	0.452
TACO1	COX11	9606.ENSP00000258975	9606.ENSP00000299335	0	0	0	0	0.104	0	0	0.420	0.458
TACO1	UQCC1	9606.ENSP00000258975	9606.ENSP00000363506	0	0	0	0	0.096	0	0	0.427	0.460
TACO1	COA7	9606.ENSP00000258975	9606.ENSP00000360593	0.079	0	0	0	0.082	0	0	0.451	0.495
TACO1	MT-ND2	9606.ENSP00000258975	9606.ENSP00000355046	0.082	0	0	0	0.049	0	0	0.479	0.505
TACO1	COA5	9606.ENSP00000258975	9606.ENSP00000330730	0	0	0	0	0.093	0	0	0.492	0.519
TACO1	NDUFS2	9606.ENSP00000258975	9606.ENSP00000356972	0.107	0	0	0	0.133	0.088	0	0.403	0.522
TACO1	MT-ND5	9606.ENSP00000258975	9606.ENSP00000354813	0.082	0	0	0	0.054	0	0	0.498	0.525
TACO1	COX18	9606.ENSP00000258975	9606.ENSP00000425261	0.101	0	0	0	0.191	0	0	0.437	0.555
TACO1	NDUFS4	9606.ENSP00000258975	9606.ENSP00000296684	0	0	0	0	0.049	0.088	0	0.538	0.564
TACO1	SDHA	9606.ENSP00000258975	9606.ENSP00000264932	0.052	0	0	0	0.066	0	0	0.561	0.577
TACO1	FOXRED1	9606.ENSP00000258975	9606.ENSP00000263578	0	0	0	0	0.059	0	0	0.585	0.592
TACO1	NDUFS3	9606.ENSP00000258975	9606.ENSP00000263774	0.119	0	0	0	0.165	0.088	0	0.470	0.597
TACO1	NDUFAF5	9606.ENSP00000258975	9606.ENSP00000367346	0.042	0	0	0	0.067	0	0	0.597	0.609
TACO1	NDUFAF2	9606.ENSP00000258975	9606.ENSP00000296597	0	0	0	0	0.060	0.088	0	0.581	0.609
TACO1	MT-ATP6	9606.ENSP00000258975	9606.ENSP00000354632	0.115	0	0	0	0.108	0	0	0.551	0.614
TACO1	NDUFS1	9606.ENSP00000258975	9606.ENSP00000392709	0.102	0	0	0	0.124	0.088	0	0.527	0.615
TACO1	MT-CO2	9606.ENSP00000258975	9606.ENSP00000354876	0	0	0	0	0.049	0	0	0.615	0.618
TACO1	PET100	9606.ENSP00000258975	9606.ENSP00000470539	0	0	0	0	0	0	0	0.628	0.628
TACO1	NDUFS8	9606.ENSP00000258975	9606.ENSP00000315774	0.052	0	0	0	0.090	0.088	0	0.585	0.630
TACO1	NDUFV1	9606.ENSP00000258975	9606.ENSP00000497587	0	0	0	0	0.144	0.088	0	0.564	0.630
TACO1	NDUFAF6	9606.ENSP00000258975	9606.ENSP00000379430	0	0	0	0	0.095	0	0	0.646	0.665
TACO1	COX14	9606.ENSP00000258975	9606.ENSP00000326052	0	0	0	0	0.054	0.079	0	0.667	0.684
TACO1	MT-CO3	9606.ENSP00000258975	9606.ENSP00000354982	0	0	0	0	0.049	0	0	0.742	0.744
TACO1	COX6B1	9606.ENSP00000258975	9606.ENSP00000466818	0	0	0	0	0.049	0	0	0.762	0.764
TACO1	BCS1L	9606.ENSP00000258975	9606.ENSP00000413908	0.108	0	0	0	0.136	0.088	0	0.721	0.778
TACO1	SCO2	9606.ENSP00000258975	9606.ENSP00000444433	0	0	0	0	0.087	0.077	0	0.760	0.780
TACO1	COA3	9606.ENSP00000258975	9606.ENSP00000354762	0	0	0	0	0.083	0.292	0	0.722	0.803
TACO1	MT-CO1	9606.ENSP00000258975	9606.ENSP00000354499	0	0	0	0	0.049	0	0	0.812	0.813
TACO1	SURF1	9606.ENSP00000258975	9606.ENSP00000361042	0	0	0	0	0.087	0.088	0	0.833	0.848
TIMM21	COX15	9606.ENSP00000169551	9606.ENSP00000016171	0	0	0	0	0.108	0	0	0.522	0.555
TIMM21	UQCRC2	9606.ENSP00000169551	9606.ENSP00000268379	0	0	0	0	0.084	0.244	0	0.214	0.408
TIMM21	COX6C	9606.ENSP00000169551	9606.ENSP00000429707	0	0	0	0	0.049	0.292	0	0.205	0.417
TIMM21	COA4	9606.ENSP00000169551	9606.ENSP00000443795	0	0	0	0	0.244	0.103	0	0.213	0.419
TIMM21	MT-CO1	9606.ENSP00000169551	9606.ENSP00000354499	0	0	0	0	0.049	0.329	0	0.190	0.439
TIMM21	UQCRFS1	9606.ENSP00000169551	9606.ENSP00000306397	0	0	0	0	0.111	0.095	0	0.375	0.453
TIMM21	UQCRC1	9606.ENSP00000169551	9606.ENSP00000203407	0	0	0	0	0.058	0.306	0	0.243	0.462
TIMM21	SMIM20	9606.ENSP00000169551	9606.ENSP00000427407	0	0	0	0	0.085	0	0	0.442	0.468
TIMM21	TTC19	9606.ENSP00000169551	9606.ENSP00000261647	0	0	0	0	0.060	0	0	0.461	0.472
TIMM21	COX14	9606.ENSP00000169551	9606.ENSP00000326052	0	0	0	0	0.067	0	0	0.480	0.494
TIMM21	SCO1	9606.ENSP00000169551	9606.ENSP00000255390	0	0	0	0	0.270	0	0	0.341	0.499
TIMM21	NDUFB7	9606.ENSP00000169551	9606.ENSP00000215565	0	0	0	0	0.075	0	0	0.493	0.511
TIMM21	COX4I1	9606.ENSP00000169551	9606.ENSP00000457513	0	0	0	0	0.056	0.292	0	0.354	0.530
TIMM21	NDUFA8	9606.ENSP00000169551	9606.ENSP00000362873	0	0	0	0	0.124	0	0	0.500	0.543
TIMM21	COX18	9606.ENSP00000169551	9606.ENSP00000425261	0	0	0	0	0.098	0	0	0.571	0.596
TIMM21	NDUFB10	9606.ENSP00000169551	9606.ENSP00000268668	0	0	0	0	0.154	0	0	0.553	0.606
TIMM21	COX11	9606.ENSP00000169551	9606.ENSP00000299335	0	0	0	0	0.197	0	0	0.561	0.632
TIMM21	BCS1L	9606.ENSP00000169551	9606.ENSP00000413908	0	0	0	0	0.067	0	0.500	0.279	0.634
TIMM21	COA3	9606.ENSP00000169551	9606.ENSP00000354762	0	0	0	0	0.060	0.292	0	0.507	0.643
TIMM21	CYC1	9606.ENSP00000169551	9606.ENSP00000317159	0	0	0	0	0.056	0.095	0.500	0.332	0.676
TIMM21	COA1	9606.ENSP00000169551	9606.ENSP00000379218	0	0	0	0	0.305	0.292	0	0.542	0.754
TIMM21	NDUFB8	9606.ENSP00000169551	9606.ENSP00000299166	0	0	0	0	0.154	0.292	0.500	0.638	0.877
TIMMDC1	NDUFAF7	9606.ENSP00000418803	9606.ENSP00000002125	0	0	0	0	0.055	0	0.500	0.453	0.719
TIMMDC1	NDUFB4	9606.ENSP00000418803	9606.ENSP00000184266	0	0	0	0	0.109	0.994	0.500	0.224	0.997
TIMMDC1	NDUFB7	9606.ENSP00000418803	9606.ENSP00000215565	0	0	0	0	0.049	0	0.500	0.258	0.616
TIMMDC1	NDUFS7	9606.ENSP00000418803	9606.ENSP00000233627	0	0	0	0	0.049	0.994	0.500	0.350	0.997
TIMMDC1	NDUFA2	9606.ENSP00000418803	9606.ENSP00000252102	0	0	0	0	0.092	0	0.500	0.297	0.653
TIMMDC1	NDUFA10	9606.ENSP00000418803	9606.ENSP00000252711	0	0	0	0	0.217	0	0.500	0.340	0.719
TIMMDC1	COX5B	9606.ENSP00000418803	9606.ENSP00000258424	0	0	0	0	0.067	0.629	0	0.191	0.695
TIMMDC1	NDUFB5	9606.ENSP00000418803	9606.ENSP00000259037	0	0	0	0	0.251	0.994	0.500	0.314	0.998
TIMMDC1	NDUFAF1	9606.ENSP00000418803	9606.ENSP00000260361	0	0	0	0	0.121	0.994	0.500	0.814	0.999
TIMMDC1	FOXRED1	9606.ENSP00000418803	9606.ENSP00000263578	0	0	0	0	0.060	0	0	0.760	0.765
TIMMDC1	NDUFS3	9606.ENSP00000418803	9606.ENSP00000263774	0	0	0	0	0.118	0.591	0.500	0.425	0.882
TIMMDC1	NDUFA9	9606.ENSP00000418803	9606.ENSP00000266544	0	0	0	0	0.062	0.994	0.500	0.251	0.997
TIMMDC1	NDUFB10	9606.ENSP00000418803	9606.ENSP00000268668	0	0	0	0	0.092	0.994	0.500	0.422	0.998
TIMMDC1	ECSIT	9606.ENSP00000418803	9606.ENSP00000270517	0	0	0	0	0.049	0.994	0.500	0.806	0.999
TIMMDC1	NDUFS6	9606.ENSP00000418803	9606.ENSP00000274137	0	0	0	0	0.109	0	0.500	0.352	0.686
TIMMDC1	NDUFB11	9606.ENSP00000418803	9606.ENSP00000276062	0	0	0	0	0.049	0.326	0.500	0.435	0.794
TIMMDC1	NDUFB9	9606.ENSP00000418803	9606.ENSP00000276689	0	0	0	0	0.068	0.994	0.500	0.267	0.997
TIMMDC1	NDUFC2	9606.ENSP00000418803	9606.ENSP00000281031	0	0	0	0	0.138	0.793	0.500	0.325	0.931
TIMMDC1	NUBPL	9606.ENSP00000418803	9606.ENSP00000281081	0	0	0	0	0.043	0	0	0.484	0.485
TIMMDC1	AIFM1	9606.ENSP00000418803	9606.ENSP00000287295	0	0	0	0	0.081	0.194	0	0.405	0.521
TIMMDC1	NDUFAF2	9606.ENSP00000418803	9606.ENSP00000296597	0	0	0	0	0.072	0	0.500	0.434	0.714
TIMMDC1	NDUFS4	9606.ENSP00000418803	9606.ENSP00000296684	0	0	0	0	0.059	0	0.500	0.307	0.645
TIMMDC1	NDUFB8	9606.ENSP00000418803	9606.ENSP00000299166	0	0	0	0	0.061	0.994	0.500	0.374	0.998
TIMMDC1	NDUFA7	9606.ENSP00000418803	9606.ENSP00000301457	0	0	0	0	0.049	0	0.500	0.232	0.603
TIMMDC1	TMEM126A	9606.ENSP00000418803	9606.ENSP00000306887	0	0	0	0	0.067	0	0	0.464	0.478
TIMMDC1	TMEM70	9606.ENSP00000418803	9606.ENSP00000312599	0	0	0	0	0.056	0	0	0.625	0.631
TIMMDC1	ACAD9	9606.ENSP00000418803	9606.ENSP00000312618	0	0	0	0	0.128	0.994	0.500	0.764	0.999
TIMMDC1	NDUFS8	9606.ENSP00000418803	9606.ENSP00000315774	0	0	0	0	0.060	0.994	0.500	0.434	0.998
TIMMDC1	NDUFAF3	9606.ENSP00000418803	9606.ENSP00000323076	0	0	0	0	0.076	0.994	0.800	0.599	0.999
TIMMDC1	NDUFV2	9606.ENSP00000418803	9606.ENSP00000327268	0	0	0	0	0.072	0	0.500	0.371	0.682
TIMMDC1	NDUFA12	9606.ENSP00000418803	9606.ENSP00000330737	0	0	0	0	0.081	0.994	0.500	0.395	0.998
TIMMDC1	TMEM186	9606.ENSP00000418803	9606.ENSP00000331640	0	0	0	0	0.056	0	0.500	0.670	0.830
TIMMDC1	UQCR10	9606.ENSP00000418803	9606.ENSP00000332887	0	0	0	0	0.103	0.994	0	0.196	0.995
TIMMDC1	NDUFA4	9606.ENSP00000418803	9606.ENSP00000339720	0	0	0	0	0.138	0.228	0	0.205	0.425
TIMMDC1	NDUFV3	9606.ENSP00000418803	9606.ENSP00000346196	0	0	0	0	0.101	0.994	0.500	0.359	0.998
TIMMDC1	TMEM126B	9606.ENSP00000418803	9606.ENSP00000351737	0	0	0	0	0.107	0.994	0.500	0.895	0.999
TIMMDC1	MT-ND1	9606.ENSP00000418803	9606.ENSP00000354687	0	0	0	0	0.049	0.994	0.500	0.313	0.997
TIMMDC1	COA3	9606.ENSP00000418803	9606.ENSP00000354762	0	0	0	0	0.137	0.292	0	0.300	0.535
TIMMDC1	MT-ND4	9606.ENSP00000418803	9606.ENSP00000354961	0	0	0	0	0.047	0.994	0	0.295	0.995
TIMMDC1	MT-ND2	9606.ENSP00000418803	9606.ENSP00000355046	0	0	0	0	0.049	0.629	0.500	0.386	0.877
TIMMDC1	NDUFS2	9606.ENSP00000418803	9606.ENSP00000356972	0	0	0	0	0.068	0.994	0.500	0.464	0.998
TIMMDC1	NDUFAF4	9606.ENSP00000418803	9606.ENSP00000358272	0	0	0	0	0.106	0.994	0.800	0.655	0.999
TIMMDC1	NDUFA1	9606.ENSP00000418803	9606.ENSP00000360492	0	0	0	0	0.067	0	0.500	0.555	0.774
TIMMDC1	NDUFS5	9606.ENSP00000418803	9606.ENSP00000362058	0	0	0	0	0.067	0.994	0	0.439	0.996
TIMMDC1	NDUFA8	9606.ENSP00000418803	9606.ENSP00000362873	0	0	0	0	0.250	0.994	0.500	0.718	0.999
TIMMDC1	NDUFAF5	9606.ENSP00000418803	9606.ENSP00000367346	0	0	0	0	0.054	0	0.500	0.651	0.820
TIMMDC1	COX7A2L	9606.ENSP00000418803	9606.ENSP00000367938	0	0	0	0	0.098	0.994	0	0.081	0.994
TIMMDC1	NDUFB6	9606.ENSP00000418803	9606.ENSP00000369176	0	0	0	0	0.084	0.994	0.500	0.371	0.998
TIMMDC1	COA1	9606.ENSP00000418803	9606.ENSP00000379218	0	0	0	0	0.060	0	0.500	0.247	0.615
TIMMDC1	NDUFAF6	9606.ENSP00000418803	9606.ENSP00000379430	0	0	0	0	0.049	0	0.500	0.528	0.755
TIMMDC1	NDUFA11	9606.ENSP00000418803	9606.ENSP00000389160	0	0	0	0	0.060	0	0.500	0.439	0.713
TIMMDC1	NDUFS1	9606.ENSP00000418803	9606.ENSP00000392709	0	0	0	0	0.072	0	0.500	0.305	0.649
TIMMDC1	NDUFB3	9606.ENSP00000418803	9606.ENSP00000407336	0	0	0	0	0.250	0	0.500	0.394	0.753
TIMMDC1	NDUFA5	9606.ENSP00000418803	9606.ENSP00000417142	0	0	0	0	0.056	0.422	0.500	0.365	0.803
TIMMDC1	NDUFA3	9606.ENSP00000418803	9606.ENSP00000418438	0	0	0	0	0.048	0.629	0.500	0.679	0.935
TIMMDC1	NDUFB2	9606.ENSP00000418803	9606.ENSP00000419087	0	0	0	0	0.065	0	0.500	0.113	0.549
TIMMDC1	NDUFAB1	9606.ENSP00000418803	9606.ENSP00000458770	0	0	0	0	0.081	0	0.500	0.247	0.624
TIMMDC1	NDUFC1	9606.ENSP00000418803	9606.ENSP00000441126	0	0	0	0	0.063	0	0.500	0.266	0.626
TIMMDC1	NDUFA6	9606.ENSP00000418803	9606.ENSP00000482543	0	0	0	0	0.062	0	0.500	0.315	0.650
TIMMDC1	COX6B1	9606.ENSP00000418803	9606.ENSP00000466818	0	0	0	0	0.085	0.629	0	0.224	0.713
TIMMDC1	NDUFB1	9606.ENSP00000418803	9606.ENSP00000483888	0	0	0	0	0.060	0	0.500	0.459	0.723
TIMMDC1	NDUFV1	9606.ENSP00000418803	9606.ENSP00000497587	0	0	0	0	0.049	0.994	0.500	0.291	0.997
TIMMDC1	NDUFA13	9606.ENSP00000418803	9606.ENSP00000423673	0	0	0	0	0.060	0.994	0.500	0.692	0.999
TLR3	TNFRSF1A	9606.ENSP00000296795	9606.ENSP00000162749	0	0	0	0	0.053	0	0	0.749	0.752
TLR3	RIPK3	9606.ENSP00000296795	9606.ENSP00000216274	0	0	0	0	0.053	0.107	0.500	0.926	0.964
TLR3	NFKBIA	9606.ENSP00000296795	9606.ENSP00000216797	0	0	0	0	0.083	0.093	0	0.627	0.663
TLR3	PYCARD	9606.ENSP00000296795	9606.ENSP00000247470	0	0	0	0	0.068	0	0	0.418	0.434
TLR3	STAT3	9606.ENSP00000296795	9606.ENSP00000264657	0	0	0	0	0.101	0.064	0	0.569	0.606
TLR3	TP53	9606.ENSP00000296795	9606.ENSP00000269305	0	0	0	0	0	0	0	0.418	0.418
TLR3	IL18	9606.ENSP00000296795	9606.ENSP00000280357	0	0	0	0	0.071	0	0	0.787	0.794
TLR3	CFLAR	9606.ENSP00000296795	9606.ENSP00000312455	0	0	0	0	0	0.062	0	0.395	0.409
TLR3	TNFAIP3	9606.ENSP00000296795	9606.ENSP00000481570	0	0	0	0	0.067	0	0	0.395	0.412
TLR3	STAT5A	9606.ENSP00000296795	9606.ENSP00000341208	0	0	0	0	0.060	0.064	0	0.403	0.429
TLR3	CTSS	9606.ENSP00000296795	9606.ENSP00000357981	0	0	0	0	0.127	0	0	0.436	0.487
TLR3	STAT4	9606.ENSP00000296795	9606.ENSP00000351255	0	0	0	0	0.104	0.064	0	0.443	0.492
TLR3	CD14	9606.ENSP00000296795	9606.ENSP00000385519	0	0	0	0	0.089	0	0	0.471	0.498
TLR3	PRF1	9606.ENSP00000296795	9606.ENSP00000398568	0	0	0	0	0.062	0.091	0	0.478	0.516
TLR3	CASP3	9606.ENSP00000296795	9606.ENSP00000311032	0	0	0	0	0.067	0.062	0	0.498	0.523
TLR3	JUN	9606.ENSP00000296795	9606.ENSP00000360266	0	0	0	0	0	0	0	0.535	0.535
TLR3	ACTB	9606.ENSP00000296795	9606.ENSP00000494750	0	0	0	0	0	0.095	0	0.574	0.598
TLR3	CTSB	9606.ENSP00000296795	9606.ENSP00000345672	0	0	0	0	0.086	0	0	0.586	0.606
TLR3	GSDMD	9606.ENSP00000296795	9606.ENSP00000433209	0	0	0	0	0.054	0	0	0.636	0.641
TLR3	TRADD	9606.ENSP00000296795	9606.ENSP00000341268	0	0	0	0	0	0.071	0	0.699	0.708
TLR3	CASP1	9606.ENSP00000296795	9606.ENSP00000433138	0	0	0	0	0.186	0.062	0	0.669	0.726
TLR3	IKBKB	9606.ENSP00000296795	9606.ENSP00000430684	0	0	0	0	0.062	0.100	0.500	0.598	0.808
TLR3	FADD	9606.ENSP00000296795	9606.ENSP00000301838	0	0	0	0	0.083	0.370	0.500	0.526	0.845
TLR3	CASP8	9606.ENSP00000296795	9606.ENSP00000351273	0	0	0	0	0.100	0.343	0.500	0.770	0.923
TMEM126A	NDUFAF1	9606.ENSP00000306887	9606.ENSP00000260361	0	0	0	0	0.177	0	0	0.438	0.518
TMEM126A	FOXRED1	9606.ENSP00000306887	9606.ENSP00000263578	0	0	0	0	0.056	0	0	0.405	0.414
TMEM126A	SDHA	9606.ENSP00000306887	9606.ENSP00000264932	0	0	0	0	0.138	0	0	0.666	0.699
TMEM126A	ECSIT	9606.ENSP00000306887	9606.ENSP00000270517	0	0	0	0	0.097	0	0	0.386	0.422
TMEM126A	SDHC	9606.ENSP00000306887	9606.ENSP00000356953	0	0	0	0	0.407	0	0	0	0.407
TMEM126A	NDUFV2	9606.ENSP00000306887	9606.ENSP00000327268	0	0	0	0	0.314	0	0	0.173	0.409
TMEM126A	NDUFA6	9606.ENSP00000306887	9606.ENSP00000482543	0	0	0	0	0.186	0	0	0.307	0.412
TMEM126A	SDHB	9606.ENSP00000306887	9606.ENSP00000364649	0	0	0	0	0.408	0	0	0.092	0.440
TMEM126A	SDHD	9606.ENSP00000306887	9606.ENSP00000364699	0	0	0	0	0.415	0	0	0.087	0.443
TMEM126A	NDUFA4	9606.ENSP00000306887	9606.ENSP00000339720	0	0	0	0	0.219	0.228	0	0.156	0.447
TMEM126A	NDUFB3	9606.ENSP00000306887	9606.ENSP00000407336	0	0	0	0	0.340	0	0	0.211	0.458
TMEM126A	NDUFA11	9606.ENSP00000306887	9606.ENSP00000389160	0	0	0	0	0.336	0	0	0.227	0.465
TMEM126A	MT-ND4	9606.ENSP00000306887	9606.ENSP00000354961	0	0	0	0	0.245	0	0	0.330	0.472
TMEM126A	TIMMDC1	9606.ENSP00000306887	9606.ENSP00000418803	0	0	0	0	0.067	0	0	0.464	0.478
TMEM126A	MT-ND1	9606.ENSP00000306887	9606.ENSP00000354687	0	0	0	0	0.311	0	0	0.282	0.484
TMEM126A	NDUFAF4	9606.ENSP00000306887	9606.ENSP00000358272	0	0	0	0	0.194	0	0	0.410	0.504
TMEM126A	NDUFB6	9606.ENSP00000306887	9606.ENSP00000369176	0	0	0	0	0.312	0	0	0.314	0.508
TMEM126A	NDUFS2	9606.ENSP00000306887	9606.ENSP00000356972	0	0	0	0	0.108	0	0	0.473	0.510
TMEM126A	TMEM126B	9606.ENSP00000306887	9606.ENSP00000351737	0	0	0.108	0.755	0.411	0	0	0.260	0.577
TMEM126A	NDUFA12	9606.ENSP00000306887	9606.ENSP00000330737	0	0	0	0	0.453	0	0	0.397	0.656
TMEM126B	NDUFAF7	9606.ENSP00000351737	9606.ENSP00000002125	0	0	0	0	0.126	0	0.500	0.622	0.820
TMEM126B	NDUFB4	9606.ENSP00000351737	9606.ENSP00000184266	0	0	0	0	0.158	0	0.500	0.337	0.697
TMEM126B	NDUFB7	9606.ENSP00000351737	9606.ENSP00000215565	0	0	0	0	0.056	0	0.500	0.297	0.639
TMEM126B	NDUFS7	9606.ENSP00000351737	9606.ENSP00000233627	0	0	0	0	0.044	0	0.500	0.460	0.719
TMEM126B	NDUFA2	9606.ENSP00000351737	9606.ENSP00000252102	0	0	0	0	0.123	0	0.500	0.259	0.647
TMEM126B	NDUFA10	9606.ENSP00000351737	9606.ENSP00000252711	0	0	0	0	0.049	0	0.500	0.574	0.779
TMEM126B	NDUFB5	9606.ENSP00000351737	9606.ENSP00000259037	0	0	0	0	0.389	0.421	0.500	0.209	0.841
TMEM126B	NDUFAF1	9606.ENSP00000351737	9606.ENSP00000260361	0	0	0	0	0.174	0.994	0.800	0.977	0.999
TMEM126B	FOXRED1	9606.ENSP00000351737	9606.ENSP00000263578	0	0	0	0	0	0	0	0.817	0.817
TMEM126B	NDUFS3	9606.ENSP00000351737	9606.ENSP00000263774	0	0	0	0	0.082	0.654	0.500	0.406	0.893
TMEM126B	SDHA	9606.ENSP00000351737	9606.ENSP00000264932	0	0	0	0	0.047	0	0	0.717	0.718
TMEM126B	NDUFA9	9606.ENSP00000351737	9606.ENSP00000266544	0	0	0	0	0.065	0	0.500	0.220	0.603
TMEM126B	NDUFB10	9606.ENSP00000351737	9606.ENSP00000268668	0	0	0	0	0.049	0	0.500	0.419	0.699
TMEM126B	ECSIT	9606.ENSP00000351737	9606.ENSP00000270517	0	0	0	0	0	0.994	0.800	0.978	0.999
TMEM126B	NDUFS6	9606.ENSP00000351737	9606.ENSP00000274137	0	0	0	0	0.056	0	0.500	0.398	0.691
TMEM126B	NDUFB11	9606.ENSP00000351737	9606.ENSP00000276062	0	0	0	0	0.049	0.625	0.500	0.426	0.883
TMEM126B	NDUFB9	9606.ENSP00000351737	9606.ENSP00000276689	0	0	0	0	0.049	0	0.500	0.249	0.611
TMEM126B	NDUFC2	9606.ENSP00000351737	9606.ENSP00000281031	0	0	0	0	0.061	0.821	0.500	0.487	0.951
TMEM126B	NUBPL	9606.ENSP00000351737	9606.ENSP00000281081	0	0	0	0	0.121	0	0	0.547	0.585
TMEM126B	NDUFAF2	9606.ENSP00000351737	9606.ENSP00000296597	0	0	0	0	0.187	0	0.500	0.523	0.789
TMEM126B	NDUFS4	9606.ENSP00000351737	9606.ENSP00000296684	0	0	0	0	0.265	0	0.500	0.324	0.730
TMEM126B	NDUFB8	9606.ENSP00000351737	9606.ENSP00000299166	0	0	0	0	0.074	0	0.500	0.432	0.714
TMEM126B	NDUFA7	9606.ENSP00000351737	9606.ENSP00000301457	0	0	0	0	0.060	0	0.500	0.267	0.625
TMEM126B	TMEM126A	9606.ENSP00000351737	9606.ENSP00000306887	0	0	0.108	0.755	0.411	0	0	0.260	0.577
TMEM126B	TMEM70	9606.ENSP00000351737	9606.ENSP00000312599	0	0	0	0	0.129	0	0	0.580	0.619
TMEM126B	ACAD9	9606.ENSP00000351737	9606.ENSP00000312618	0	0	0	0	0.044	0.994	0.800	0.990	0.999
TMEM126B	NDUFS8	9606.ENSP00000351737	9606.ENSP00000315774	0	0	0	0	0.049	0	0.500	0.397	0.688
TMEM126B	NDUFAF3	9606.ENSP00000351737	9606.ENSP00000323076	0	0	0	0	0	0.610	0.500	0.560	0.906
TMEM126B	NDUFV2	9606.ENSP00000351737	9606.ENSP00000327268	0	0	0	0	0.191	0	0.500	0.402	0.737
TMEM126B	NDUFA12	9606.ENSP00000351737	9606.ENSP00000330737	0	0	0	0	0.267	0	0.500	0.419	0.768
TMEM126B	TMEM186	9606.ENSP00000351737	9606.ENSP00000331640	0	0	0	0	0.098	0	0.500	0.896	0.949
TMEM126B	NDUFA4	9606.ENSP00000351737	9606.ENSP00000339720	0	0	0	0	0.169	0	0	0.321	0.411
TMEM126B	NDUFV3	9606.ENSP00000351737	9606.ENSP00000346196	0	0	0	0	0.049	0	0.500	0.285	0.630
TMEM126B	LYRM7	9606.ENSP00000351737	9606.ENSP00000368688	0	0	0	0	0.126	0	0	0.374	0.430
TMEM126B	COA6	9606.ENSP00000351737	9606.ENSP00000355574	0	0	0	0	0.219	0	0	0.311	0.438
TMEM126B	NDUFB2	9606.ENSP00000351737	9606.ENSP00000419087	0	0	0	0	0.083	0	0.500	0.110	0.556
TMEM126B	MT-ND1	9606.ENSP00000351737	9606.ENSP00000354687	0	0	0	0	0	0	0.500	0.259	0.613
TMEM126B	NDUFS5	9606.ENSP00000351737	9606.ENSP00000362058	0	0	0	0	0.090	0.430	0	0.328	0.621
TMEM126B	NDUFA3	9606.ENSP00000351737	9606.ENSP00000418438	0	0	0	0	0.044	0	0.500	0.273	0.622
TMEM126B	NDUFB1	9606.ENSP00000351737	9606.ENSP00000483888	0	0	0	0	0.147	0	0.500	0.286	0.669
TMEM126B	NDUFAB1	9606.ENSP00000351737	9606.ENSP00000458770	0	0	0	0	0.169	0	0.500	0.299	0.683
TMEM126B	NDUFV1	9606.ENSP00000351737	9606.ENSP00000497587	0	0	0	0	0.042	0	0.500	0.395	0.684
TMEM126B	COA1	9606.ENSP00000351737	9606.ENSP00000379218	0	0	0	0	0.120	0	0.500	0.348	0.688
TMEM126B	NDUFB6	9606.ENSP00000351737	9606.ENSP00000369176	0	0	0	0	0.175	0	0.500	0.329	0.699
TMEM126B	NDUFA6	9606.ENSP00000351737	9606.ENSP00000482543	0	0	0	0	0.145	0	0.500	0.356	0.700
TMEM126B	NDUFA8	9606.ENSP00000351737	9606.ENSP00000362873	0	0	0	0	0.163	0	0.500	0.363	0.710
TMEM126B	NDUFS2	9606.ENSP00000351737	9606.ENSP00000356972	0	0	0	0	0.049	0	0.500	0.453	0.717
TMEM126B	NDUFS1	9606.ENSP00000351737	9606.ENSP00000392709	0	0	0	0	0.064	0.216	0.500	0.338	0.724
TMEM126B	NDUFC1	9606.ENSP00000351737	9606.ENSP00000441126	0	0	0	0	0.227	0	0.500	0.359	0.730
TMEM126B	NDUFA5	9606.ENSP00000351737	9606.ENSP00000417142	0	0	0	0	0.258	0	0.500	0.395	0.756
TMEM126B	NDUFB3	9606.ENSP00000351737	9606.ENSP00000407336	0	0	0	0	0.302	0	0.500	0.400	0.772
TMEM126B	NDUFA11	9606.ENSP00000351737	9606.ENSP00000389160	0	0	0	0	0.054	0	0.500	0.579	0.783
TMEM126B	NDUFA1	9606.ENSP00000351737	9606.ENSP00000360492	0	0	0	0	0.085	0	0.500	0.575	0.788
TMEM126B	MT-ND2	9606.ENSP00000351737	9606.ENSP00000355046	0	0	0	0	0	0	0.500	0.655	0.820
TMEM126B	NDUFAF5	9606.ENSP00000351737	9606.ENSP00000367346	0	0	0	0	0.126	0	0.500	0.646	0.831
TMEM126B	NDUFAF6	9606.ENSP00000351737	9606.ENSP00000379430	0	0	0	0	0.059	0	0.500	0.697	0.845
TMEM126B	NDUFAF4	9606.ENSP00000351737	9606.ENSP00000358272	0	0	0	0	0.234	0.522	0.500	0.609	0.919
TMEM126B	NDUFA13	9606.ENSP00000351737	9606.ENSP00000423673	0	0	0	0	0.049	0.994	0.500	0.377	0.997
TMEM126B	TIMMDC1	9606.ENSP00000351737	9606.ENSP00000418803	0	0	0	0	0.107	0.994	0.500	0.895	0.999
TMEM177	SCO1	9606.ENSP00000402661	9606.ENSP00000255390	0	0	0	0	0.064	0	0	0.480	0.492
TMEM177	COX17	9606.ENSP00000402661	9606.ENSP00000261070	0	0	0	0	0	0	0	0.445	0.445
TMEM177	PNKD	9606.ENSP00000402661	9606.ENSP00000273077	0	0	0	0	0.048	0	0	0.448	0.452
TMEM177	TMEM186	9606.ENSP00000402661	9606.ENSP00000331640	0	0	0	0	0.244	0	0	0.351	0.488
TMEM177	NDUFA4	9606.ENSP00000402661	9606.ENSP00000339720	0	0	0	0	0.043	0.228	0	0.303	0.440
TMEM177	COA3	9606.ENSP00000402661	9606.ENSP00000354762	0	0	0	0	0.074	0.292	0	0.272	0.481
TMEM177	MT-CO2	9606.ENSP00000402661	9606.ENSP00000354876	0	0	0	0	0	0	0	0.530	0.530
TMEM177	COX20	9606.ENSP00000402661	9606.ENSP00000355486	0	0	0	0	0.042	0	0	0.775	0.775
TMEM177	COA6	9606.ENSP00000402661	9606.ENSP00000355574	0	0	0	0	0.074	0	0	0.570	0.584
TMEM177	PET117	9606.ENSP00000402661	9606.ENSP00000397881	0	0	0	0	0.082	0	0	0.541	0.560
TMEM177	PET100	9606.ENSP00000402661	9606.ENSP00000470539	0	0	0	0	0	0	0	0.507	0.507
TMEM177	COX18	9606.ENSP00000402661	9606.ENSP00000425261	0	0	0	0	0	0	0	0.542	0.542
TMEM186	NDUFAF7	9606.ENSP00000331640	9606.ENSP00000002125	0	0	0	0	0.074	0	0.500	0.433	0.714
TMEM186	NDUFB4	9606.ENSP00000331640	9606.ENSP00000184266	0	0	0	0	0.043	0	0.500	0.180	0.573
TMEM186	NDUFB7	9606.ENSP00000331640	9606.ENSP00000215565	0	0	0	0	0	0	0.500	0.174	0.569
TMEM186	NDUFS7	9606.ENSP00000331640	9606.ENSP00000233627	0	0	0	0	0.049	0	0.500	0.225	0.599
TMEM186	NDUFA2	9606.ENSP00000331640	9606.ENSP00000252102	0	0	0	0	0.050	0	0.500	0.156	0.564
TMEM186	NDUFA10	9606.ENSP00000331640	9606.ENSP00000252711	0	0	0	0	0.058	0	0.500	0.159	0.569
TMEM186	NDUFB5	9606.ENSP00000331640	9606.ENSP00000259037	0	0	0	0	0.055	0	0.500	0.140	0.558
TMEM186	NDUFAF1	9606.ENSP00000331640	9606.ENSP00000260361	0	0	0	0	0.320	0	0.500	0.821	0.934
TMEM186	FOXRED1	9606.ENSP00000331640	9606.ENSP00000263578	0	0	0	0	0.075	0	0	0.646	0.659
TMEM186	NDUFS3	9606.ENSP00000331640	9606.ENSP00000263774	0	0	0	0	0.068	0	0.500	0.169	0.579
TMEM186	NDUFA9	9606.ENSP00000331640	9606.ENSP00000266544	0	0	0	0	0.049	0	0.500	0.052	0.509
TMEM186	NDUFB10	9606.ENSP00000331640	9606.ENSP00000268668	0	0	0	0	0.067	0	0.500	0.286	0.638
TMEM186	ECSIT	9606.ENSP00000331640	9606.ENSP00000270517	0	0	0	0	0.103	0.629	0.500	0.794	0.961
TMEM186	NDUFS6	9606.ENSP00000331640	9606.ENSP00000274137	0	0	0	0	0.075	0	0.500	0.162	0.578
TMEM186	NDUFB11	9606.ENSP00000331640	9606.ENSP00000276062	0	0	0	0	0.042	0	0.500	0.189	0.577
TMEM186	NDUFB9	9606.ENSP00000331640	9606.ENSP00000276689	0	0	0	0	0.058	0	0.500	0.187	0.583
TMEM186	NDUFC2	9606.ENSP00000331640	9606.ENSP00000281031	0	0	0	0	0.049	0	0.500	0.386	0.682
TMEM186	NDUFAF2	9606.ENSP00000331640	9606.ENSP00000296597	0	0	0	0	0.055	0	0.500	0.329	0.655
TMEM186	NDUFS4	9606.ENSP00000331640	9606.ENSP00000296684	0	0	0	0	0.042	0	0.500	0.172	0.568
TMEM186	NDUFB8	9606.ENSP00000331640	9606.ENSP00000299166	0	0	0	0	0.044	0	0.500	0.130	0.547
TMEM186	NDUFA7	9606.ENSP00000331640	9606.ENSP00000301457	0	0	0	0	0.085	0	0.500	0.151	0.577
TMEM186	TMEM70	9606.ENSP00000331640	9606.ENSP00000312599	0	0	0	0	0.049	0	0	0.690	0.692
TMEM186	ACAD9	9606.ENSP00000331640	9606.ENSP00000312618	0	0	0	0	0.061	0	0.500	0.774	0.885
TMEM186	NDUFS8	9606.ENSP00000331640	9606.ENSP00000315774	0	0	0	0	0.049	0	0.500	0.202	0.587
TMEM186	NDUFAF3	9606.ENSP00000331640	9606.ENSP00000323076	0	0	0	0	0.105	0	0.500	0.469	0.741
TMEM186	NDUFV2	9606.ENSP00000331640	9606.ENSP00000327268	0	0	0	0	0.044	0	0.500	0.243	0.606
TMEM186	NDUFA12	9606.ENSP00000331640	9606.ENSP00000330737	0	0	0	0	0.049	0	0.500	0.225	0.599
TMEM186	PET117	9606.ENSP00000331640	9606.ENSP00000397881	0	0	0	0	0.082	0	0	0.379	0.405
TMEM186	ATPAF2	9606.ENSP00000331640	9606.ENSP00000417190	0	0	0	0	0.138	0	0	0.365	0.429
TMEM186	TMEM177	9606.ENSP00000331640	9606.ENSP00000402661	0	0	0	0	0.244	0	0	0.351	0.488
TMEM186	NDUFB2	9606.ENSP00000331640	9606.ENSP00000419087	0	0	0	0	0.045	0	0.500	0.122	0.544
TMEM186	MT-ND1	9606.ENSP00000331640	9606.ENSP00000354687	0	0	0	0	0	0	0.500	0.129	0.546
TMEM186	NDUFA6	9606.ENSP00000331640	9606.ENSP00000482543	0	0	0	0	0.044	0	0.500	0.137	0.551
TMEM186	NDUFA1	9606.ENSP00000331640	9606.ENSP00000360492	0	0	0	0	0.049	0	0.500	0.156	0.563
TMEM186	NDUFA11	9606.ENSP00000331640	9606.ENSP00000389160	0	0	0	0	0.056	0	0.500	0.155	0.566
TMEM186	NDUFA3	9606.ENSP00000331640	9606.ENSP00000418438	0	0	0	0	0.042	0	0.500	0.180	0.572
TMEM186	NDUFB3	9606.ENSP00000331640	9606.ENSP00000407336	0	0	0	0	0.049	0	0.500	0.175	0.573
TMEM186	NDUFB6	9606.ENSP00000331640	9606.ENSP00000369176	0	0	0	0	0.067	0	0.500	0.164	0.575
TMEM186	NDUFA13	9606.ENSP00000331640	9606.ENSP00000423673	0	0	0	0	0.074	0	0.500	0.161	0.577
TMEM186	NDUFA5	9606.ENSP00000331640	9606.ENSP00000417142	0	0	0	0	0	0	0.500	0.203	0.584
TMEM186	NDUFS1	9606.ENSP00000331640	9606.ENSP00000392709	0	0	0	0	0.045	0	0.500	0.203	0.586
TMEM186	NDUFV1	9606.ENSP00000331640	9606.ENSP00000497587	0	0	0	0	0.049	0	0.500	0.204	0.588
TMEM186	NDUFB1	9606.ENSP00000331640	9606.ENSP00000483888	0	0	0	0	0.056	0	0.500	0.200	0.589
TMEM186	NDUFS2	9606.ENSP00000331640	9606.ENSP00000356972	0	0	0	0	0.072	0	0.500	0.196	0.594
TMEM186	MT-ND4	9606.ENSP00000331640	9606.ENSP00000354961	0	0	0	0	0	0	0.500	0.225	0.596
TMEM186	NDUFV3	9606.ENSP00000331640	9606.ENSP00000346196	0	0	0	0	0.072	0	0.500	0.206	0.599
TMEM186	MT-ND5	9606.ENSP00000331640	9606.ENSP00000354813	0	0	0	0	0	0	0.500	0.238	0.602
TMEM186	NDUFAB1	9606.ENSP00000331640	9606.ENSP00000458770	0	0	0	0	0.085	0	0.500	0.225	0.614
TMEM186	NDUFA8	9606.ENSP00000331640	9606.ENSP00000362873	0	0	0	0	0.098	0	0.500	0.219	0.617
TMEM186	NDUFC1	9606.ENSP00000331640	9606.ENSP00000441126	0	0	0	0	0.042	0	0.500	0.388	0.681
TMEM186	NDUFAF5	9606.ENSP00000331640	9606.ENSP00000367346	0	0	0	0	0.049	0	0.500	0.389	0.684
TMEM186	MT-ND2	9606.ENSP00000331640	9606.ENSP00000355046	0	0	0	0	0	0	0.500	0.398	0.686
TMEM186	NDUFAF4	9606.ENSP00000331640	9606.ENSP00000358272	0	0	0	0	0.066	0	0.500	0.501	0.746
TMEM186	NDUFAF6	9606.ENSP00000331640	9606.ENSP00000379430	0	0	0	0	0.096	0	0.500	0.505	0.757
TMEM186	COA1	9606.ENSP00000331640	9606.ENSP00000379218	0	0	0	0	0.062	0	0.500	0.597	0.794
TMEM186	TIMMDC1	9606.ENSP00000331640	9606.ENSP00000418803	0	0	0	0	0.056	0	0.500	0.670	0.830
TMEM186	TMEM126B	9606.ENSP00000331640	9606.ENSP00000351737	0	0	0	0	0.098	0	0.500	0.896	0.949
TMEM70	COX15	9606.ENSP00000312599	9606.ENSP00000016171	0	0	0	0	0.082	0	0	0.386	0.412
TMEM70	NDUFB4	9606.ENSP00000312599	9606.ENSP00000184266	0	0	0	0	0.100	0	0	0.495	0.526
TMEM70	SCO1	9606.ENSP00000312599	9606.ENSP00000255390	0	0	0	0	0.075	0.095	0	0.382	0.437
TMEM70	TACO1	9606.ENSP00000312599	9606.ENSP00000258975	0	0	0	0	0.056	0.088	0	0.368	0.408
TMEM70	NDUFB5	9606.ENSP00000312599	9606.ENSP00000259037	0	0	0	0	0.207	0	0	0.532	0.613
TMEM70	NDUFAF1	9606.ENSP00000312599	9606.ENSP00000260361	0	0	0	0	0.060	0.095	0	0.622	0.650
TMEM70	FOXRED1	9606.ENSP00000312599	9606.ENSP00000263578	0	0	0	0	0.049	0	0	0.889	0.890
TMEM70	SDHA	9606.ENSP00000312599	9606.ENSP00000264932	0	0	0	0	0.055	0.095	0	0.375	0.419
TMEM70	NDUFB10	9606.ENSP00000312599	9606.ENSP00000268668	0	0	0	0	0.058	0.089	0	0.607	0.634
TMEM70	ECSIT	9606.ENSP00000312599	9606.ENSP00000270517	0	0	0	0	0.057	0.994	0	0.406	0.996
TMEM70	NDUFB11	9606.ENSP00000312599	9606.ENSP00000276062	0	0	0	0	0.062	0	0	0.592	0.601
TMEM70	UQCRFS1	9606.ENSP00000312599	9606.ENSP00000306397	0	0	0	0	0.148	0.165	0	0.275	0.439
TMEM70	NDUFV2	9606.ENSP00000312599	9606.ENSP00000327268	0	0	0	0	0.186	0.088	0	0.276	0.416
TMEM70	SDHB	9606.ENSP00000312599	9606.ENSP00000364649	0	0	0	0	0.067	0.094	0	0.373	0.424
TMEM70	NDUFAF5	9606.ENSP00000312599	9606.ENSP00000367346	0	0	0	0	0.070	0	0	0.417	0.434
TMEM70	NDUFS2	9606.ENSP00000312599	9606.ENSP00000356972	0	0	0	0	0.119	0.088	0	0.354	0.436
TMEM70	COX6B1	9606.ENSP00000312599	9606.ENSP00000466818	0	0	0	0	0.100	0	0	0.425	0.460
TMEM70	SCO2	9606.ENSP00000312599	9606.ENSP00000444433	0	0	0	0	0.082	0	0	0.438	0.462
TMEM70	BCS1L	9606.ENSP00000312599	9606.ENSP00000413908	0	0	0	0	0.153	0	0	0.395	0.466
TMEM70	COA5	9606.ENSP00000312599	9606.ENSP00000330730	0	0	0	0	0.088	0	0	0.447	0.474
TMEM70	COA3	9606.ENSP00000312599	9606.ENSP00000354762	0	0	0	0	0.072	0.329	0	0.224	0.474
TMEM70	NDUFB6	9606.ENSP00000312599	9606.ENSP00000369176	0	0	0	0	0.122	0	0	0.426	0.474
TMEM70	COA6	9606.ENSP00000312599	9606.ENSP00000355574	0	0	0	0	0.144	0	0	0.432	0.494
TMEM70	NDUFAF6	9606.ENSP00000312599	9606.ENSP00000379430	0	0	0	0	0.072	0	0	0.528	0.544
TMEM70	MT-ND4	9606.ENSP00000312599	9606.ENSP00000354961	0	0	0	0	0.117	0	0	0.509	0.548
TMEM70	SURF1	9606.ENSP00000312599	9606.ENSP00000361042	0	0	0	0	0.056	0	0	0.545	0.553
TMEM70	ACAD9	9606.ENSP00000312599	9606.ENSP00000312618	0	0	0	0	0.049	0.088	0	0.582	0.605
TMEM70	NDUFB1	9606.ENSP00000312599	9606.ENSP00000483888	0	0	0	0	0.103	0	0	0.580	0.607
TMEM70	TMEM126B	9606.ENSP00000312599	9606.ENSP00000351737	0	0	0	0	0.129	0	0	0.580	0.619
TMEM70	TIMMDC1	9606.ENSP00000312599	9606.ENSP00000418803	0	0	0	0	0.056	0	0	0.625	0.631
TMEM70	NDUFAF4	9606.ENSP00000312599	9606.ENSP00000358272	0	0	0	0	0.160	0.088	0	0.571	0.643
TMEM70	NDUFAF3	9606.ENSP00000312599	9606.ENSP00000323076	0	0	0	0	0.100	0.095	0	0.598	0.644
TMEM70	TMEM186	9606.ENSP00000312599	9606.ENSP00000331640	0	0	0	0	0.049	0	0	0.690	0.692
TMEM70	MT-ATP6	9606.ENSP00000312599	9606.ENSP00000354632	0	0	0	0	0.056	0	0	0.789	0.792
TMEM70	ATPAF1	9606.ENSP00000312599	9606.ENSP00000460964	0	0	0	0	0.129	0.088	0	0.769	0.800
TMEM70	MT-ATP8	9606.ENSP00000312599	9606.ENSP00000355265	0	0	0	0	0.049	0	0	0.875	0.876
TMEM70	ATPAF2	9606.ENSP00000312599	9606.ENSP00000417190	0	0	0	0	0.107	0	0	0.957	0.960
TMEM70	NDUFS5	9606.ENSP00000312599	9606.ENSP00000362058	0	0	0	0	0.064	0.994	0	0.177	0.994
TNFAIP3	TNFRSF1A	9606.ENSP00000481570	9606.ENSP00000162749	0	0	0	0	0.047	0.994	0.500	0.575	0.998
TNFAIP3	RIPK3	9606.ENSP00000481570	9606.ENSP00000216274	0	0	0	0	0.097	0.071	0.900	0.365	0.939
TNFAIP3	NFKBIA	9606.ENSP00000481570	9606.ENSP00000216797	0	0	0	0	0.529	0.049	0	0.733	0.870
TNFAIP3	PRKCQ	9606.ENSP00000481570	9606.ENSP00000263125	0	0	0	0	0.095	0	0	0.400	0.434
TNFAIP3	STAT3	9606.ENSP00000481570	9606.ENSP00000264657	0	0	0	0	0.126	0.292	0	0.448	0.628
TNFAIP3	TP53	9606.ENSP00000481570	9606.ENSP00000269305	0	0	0	0	0	0.510	0	0.430	0.708
TNFAIP3	TNFRSF10B	9606.ENSP00000481570	9606.ENSP00000276431	0	0	0	0	0.067	0.292	0	0.563	0.686
TNFAIP3	TLR3	9606.ENSP00000481570	9606.ENSP00000296795	0	0	0	0	0.067	0	0	0.395	0.412
TNFAIP3	FADD	9606.ENSP00000481570	9606.ENSP00000301838	0	0	0	0	0.103	0.629	0.400	0.336	0.850
TNFAIP3	CFLAR	9606.ENSP00000481570	9606.ENSP00000312455	0	0	0	0	0.095	0	0	0.431	0.463
TNFAIP3	TRADD	9606.ENSP00000481570	9606.ENSP00000341268	0	0	0	0	0.086	0.225	0.500	0.628	0.850
TNFAIP3	STAT4	9606.ENSP00000481570	9606.ENSP00000351255	0	0	0	0	0.133	0	0	0.621	0.657
TNFAIP3	CASP8	9606.ENSP00000481570	9606.ENSP00000351273	0	0	0	0	0.129	0.625	0	0.407	0.789
TNFAIP3	MAP3K5	9606.ENSP00000481570	9606.ENSP00000351908	0	0	0	0	0.126	0.510	0	0.487	0.761
TNFAIP3	JUN	9606.ENSP00000481570	9606.ENSP00000360266	0	0	0	0	0.256	0	0	0.424	0.553
TNFAIP3	IKBKB	9606.ENSP00000481570	9606.ENSP00000430684	0	0	0	0	0.074	0.635	0.400	0.510	0.887
TNFAIP3	CASP1	9606.ENSP00000481570	9606.ENSP00000433138	0	0	0	0	0.185	0.091	0	0.337	0.466
TNFRSF10B	TNFRSF1A	9606.ENSP00000276431	9606.ENSP00000162749	0	0	0	0.564	0.062	0.448	0	0.719	0.842
TNFRSF10B	RIPK3	9606.ENSP00000276431	9606.ENSP00000216274	0	0	0	0	0	0	0.400	0.370	0.605
TNFRSF10B	NFKBIA	9606.ENSP00000276431	9606.ENSP00000216797	0	0	0	0	0.058	0	0	0.446	0.455
TNFRSF10B	KRAS	9606.ENSP00000276431	9606.ENSP00000256078	0	0	0	0	0	0.133	0	0.365	0.425
TNFRSF10B	STAT3	9606.ENSP00000276431	9606.ENSP00000264657	0	0	0	0	0.067	0	0	0.482	0.496
TNFRSF10B	CASP6	9606.ENSP00000276431	9606.ENSP00000265164	0	0	0	0	0	0.045	0	0.447	0.449
TNFRSF10B	TP53	9606.ENSP00000276431	9606.ENSP00000269305	0	0	0	0	0.059	0	0.500	0.821	0.908
TNFRSF10B	MAP3K5	9606.ENSP00000276431	9606.ENSP00000351908	0	0	0	0	0	0	0	0.417	0.416
TNFRSF10B	PARP4	9606.ENSP00000276431	9606.ENSP00000371419	0	0	0	0	0.067	0	0	0.402	0.418
TNFRSF10B	PTEN	9606.ENSP00000276431	9606.ENSP00000361021	0	0	0	0	0	0	0	0.420	0.420
TNFRSF10B	CASP1	9606.ENSP00000276431	9606.ENSP00000433138	0	0	0	0	0.055	0.045	0	0.435	0.445
TNFRSF10B	PRF1	9606.ENSP00000276431	9606.ENSP00000398568	0	0	0	0	0	0	0	0.456	0.456
TNFRSF10B	BAX	9606.ENSP00000276431	9606.ENSP00000293288	0	0	0	0	0.086	0	0	0.446	0.471
TNFRSF10B	CASP2	9606.ENSP00000276431	9606.ENSP00000312664	0	0	0	0	0	0.045	0	0.475	0.477
TNFRSF10B	ACTB	9606.ENSP00000276431	9606.ENSP00000494750	0	0	0	0	0	0	0	0.540	0.540
TNFRSF10B	JUN	9606.ENSP00000276431	9606.ENSP00000360266	0	0	0	0	0.043	0	0	0.544	0.545
TNFRSF10B	TNFAIP3	9606.ENSP00000276431	9606.ENSP00000481570	0	0	0	0	0.067	0.292	0	0.563	0.686
TNFRSF10B	MCL1	9606.ENSP00000276431	9606.ENSP00000358022	0	0	0	0	0.133	0	0	0.674	0.705
TNFRSF10B	CASP3	9606.ENSP00000276431	9606.ENSP00000311032	0	0	0	0	0.049	0.045	0	0.780	0.782
TNFRSF10B	TRADD	9606.ENSP00000276431	9606.ENSP00000341268	0	0	0	0	0	0.292	0.900	0.877	0.990
TNFRSF10B	CFLAR	9606.ENSP00000276431	9606.ENSP00000312455	0	0	0	0	0.056	0.797	0.500	0.921	0.991
TNFRSF10B	FADD	9606.ENSP00000276431	9606.ENSP00000301838	0	0	0	0	0.066	0.880	0.900	0.997	0.999
TNFRSF10B	CASP8	9606.ENSP00000276431	9606.ENSP00000351273	0	0	0	0	0.056	0.920	0.500	0.990	0.999
TNFRSF1A	BAX	9606.ENSP00000162749	9606.ENSP00000293288	0	0	0	0	0.089	0	0	0.370	0.402
TNFRSF1A	CTSS	9606.ENSP00000162749	9606.ENSP00000357981	0	0	0	0	0.124	0	0	0.356	0.412
TNFRSF1A	PYCARD	9606.ENSP00000162749	9606.ENSP00000247470	0	0	0	0	0.134	0	0	0.364	0.425
TNFRSF1A	GSDMD	9606.ENSP00000162749	9606.ENSP00000433209	0	0	0	0	0.065	0	0	0.418	0.432
TNFRSF1A	HMOX1	9606.ENSP00000162749	9606.ENSP00000216117	0	0	0	0	0.141	0	0	0.370	0.435
TNFRSF1A	CASP6	9606.ENSP00000162749	9606.ENSP00000265164	0	0	0	0	0.045	0	0	0.448	0.450
TNFRSF1A	PRF1	9606.ENSP00000162749	9606.ENSP00000398568	0	0	0	0	0.056	0.046	0	0.476	0.487
TNFRSF1A	NGFR	9606.ENSP00000162749	9606.ENSP00000172229	0	0	0	0.569	0.044	0	0	0.488	0.489
TNFRSF1A	DAPK1	9606.ENSP00000162749	9606.ENSP00000386135	0	0	0	0	0.042	0.292	0	0.330	0.506
TNFRSF1A	ACTB	9606.ENSP00000162749	9606.ENSP00000494750	0	0	0	0	0.072	0	0	0.507	0.523
TNFRSF1A	CYBB	9606.ENSP00000162749	9606.ENSP00000367851	0	0	0	0	0.060	0.292	0	0.350	0.530
TNFRSF1A	MCL1	9606.ENSP00000162749	9606.ENSP00000358022	0	0	0	0	0.145	0.190	0	0.447	0.584
TNFRSF1A	IL18	9606.ENSP00000162749	9606.ENSP00000280357	0	0	0	0	0.042	0	0	0.603	0.603
TNFRSF1A	MAP3K5	9606.ENSP00000162749	9606.ENSP00000351908	0	0	0	0	0.080	0	0	0.664	0.678
TNFRSF1A	JUN	9606.ENSP00000162749	9606.ENSP00000360266	0	0	0	0	0	0	0	0.729	0.729
TNFRSF1A	CASP1	9606.ENSP00000162749	9606.ENSP00000433138	0	0	0	0	0.144	0	0	0.709	0.740
TNFRSF1A	TP53	9606.ENSP00000162749	9606.ENSP00000269305	0	0	0	0	0.087	0	0	0.728	0.741
TNFRSF1A	TLR3	9606.ENSP00000162749	9606.ENSP00000296795	0	0	0	0	0.053	0	0	0.749	0.752
TNFRSF1A	NFKBIA	9606.ENSP00000162749	9606.ENSP00000216797	0	0	0	0	0.057	0	0	0.806	0.809
TNFRSF1A	STAT3	9606.ENSP00000162749	9606.ENSP00000264657	0	0	0	0	0.266	0	0.500	0.571	0.829
TNFRSF1A	CASP2	9606.ENSP00000162749	9606.ENSP00000312664	0	0	0	0	0.045	0.292	0	0.783	0.840
TNFRSF1A	TNFRSF10B	9606.ENSP00000162749	9606.ENSP00000276431	0	0	0	0.564	0.062	0.448	0	0.719	0.842
TNFRSF1A	CFLAR	9606.ENSP00000162749	9606.ENSP00000312455	0	0	0	0	0.118	0.225	0	0.801	0.852
TNFRSF1A	CASP3	9606.ENSP00000162749	9606.ENSP00000311032	0	0	0	0	0.052	0	0	0.852	0.853
TNFRSF1A	RIPK3	9606.ENSP00000162749	9606.ENSP00000216274	0	0	0	0	0.115	0.311	0	0.891	0.927
TNFRSF1A	SPATA2	9606.ENSP00000162749	9606.ENSP00000416799	0	0	0	0	0	0.994	0.500	0.359	0.997
TNFRSF1A	CASP8	9606.ENSP00000162749	9606.ENSP00000351273	0	0	0	0	0.045	0.593	0	0.996	0.998
TNFRSF1A	TNFAIP3	9606.ENSP00000162749	9606.ENSP00000481570	0	0	0	0	0.047	0.994	0.500	0.575	0.998
TNFRSF1A	TRADD	9606.ENSP00000162749	9606.ENSP00000341268	0	0	0	0	0.062	0.994	0.900	0.999	0.999
TNFRSF1A	IKBKB	9606.ENSP00000162749	9606.ENSP00000430684	0	0	0	0	0.110	0.994	0.900	0.848	0.999
TNFRSF1A	FADD	9606.ENSP00000162749	9606.ENSP00000301838	0	0	0	0	0.135	0.813	0.900	0.998	0.999
TP53	RB1CC1	9606.ENSP00000269305	9606.ENSP00000025008	0	0	0	0	0	0.510	0	0.969	0.984
TP53	TNFRSF1A	9606.ENSP00000269305	9606.ENSP00000162749	0	0	0	0	0.087	0	0	0.728	0.741
TP53	NGFR	9606.ENSP00000269305	9606.ENSP00000172229	0	0	0	0	0	0.292	0	0.432	0.580
TP53	HMOX1	9606.ENSP00000269305	9606.ENSP00000216117	0	0	0	0	0	0	0	0.630	0.630
TP53	RIPK3	9606.ENSP00000269305	9606.ENSP00000216274	0	0	0	0	0.055	0	0	0.413	0.422
TP53	NFKBIA	9606.ENSP00000269305	9606.ENSP00000216797	0	0	0	0	0.051	0.623	0	0.781	0.915
TP53	KRAS	9606.ENSP00000269305	9606.ENSP00000256078	0	0	0	0	0.074	0	0	0.947	0.949
TP53	STAT3	9606.ENSP00000269305	9606.ENSP00000264657	0	0	0	0	0.063	0.164	0.800	0.970	0.994
TP53	SDHA	9606.ENSP00000269305	9606.ENSP00000264932	0	0	0	0	0	0.163	0	0.412	0.486
TP53	CASP6	9606.ENSP00000269305	9606.ENSP00000265164	0	0	0	0	0.085	0.071	0.750	0.580	0.898
TP53	SDHAF2	9606.ENSP00000269305	9606.ENSP00000301761	0	0	0	0	0	0	0	0.402	0.402
TP53	TYMP	9606.ENSP00000269305	9606.ENSP00000379038	0	0	0	0	0	0	0	0.415	0.414
TP53	TLR3	9606.ENSP00000269305	9606.ENSP00000296795	0	0	0	0	0	0	0	0.418	0.418
TP53	CTSS	9606.ENSP00000269305	9606.ENSP00000357981	0	0	0	0	0.056	0.050	0	0.419	0.433
TP53	CASP4	9606.ENSP00000269305	9606.ENSP00000388566	0	0	0	0	0.044	0	0	0.437	0.438
TP53	AIFM1	9606.ENSP00000269305	9606.ENSP00000287295	0	0	0	0	0	0.146	0	0.373	0.442
TP53	TRADD	9606.ENSP00000269305	9606.ENSP00000341268	0	0	0	0	0	0	0	0.444	0.444
TP53	PRF1	9606.ENSP00000269305	9606.ENSP00000398568	0	0	0	0	0.087	0	0	0.420	0.448
TP53	SPTA1	9606.ENSP00000269305	9606.ENSP00000495214	0	0	0	0	0	0.164	0	0.370	0.450
TP53	CYBB	9606.ENSP00000269305	9606.ENSP00000367851	0	0	0	0	0.067	0	0	0.445	0.460
TP53	CTSB	9606.ENSP00000269305	9606.ENSP00000345672	0	0	0	0	0.064	0.055	0	0.447	0.468
TP53	PIK3CB	9606.ENSP00000269305	9606.ENSP00000501150	0	0	0	0	0	0	0	0.476	0.476
TP53	CAMK2G	9606.ENSP00000269305	9606.ENSP00000319060	0	0	0	0	0.051	0.046	0	0.481	0.489
TP53	COX4I1	9606.ENSP00000269305	9606.ENSP00000457513	0	0	0	0	0.103	0	0	0.471	0.505
TP53	IL18	9606.ENSP00000269305	9606.ENSP00000280357	0	0	0	0	0.094	0	0	0.479	0.507
TP53	ITPR1	9606.ENSP00000269305	9606.ENSP00000306253	0	0	0	0	0	0.292	0	0.349	0.519
TP53	PRKACA	9606.ENSP00000269305	9606.ENSP00000309591	0	0	0	0	0.049	0	0	0.520	0.524
TP53	SDHB	9606.ENSP00000269305	9606.ENSP00000364649	0	0	0	0	0	0	0	0.526	0.526
TP53	ULK1	9606.ENSP00000269305	9606.ENSP00000324560	0	0	0	0	0	0.164	0	0.474	0.541
TP53	PRKACB	9606.ENSP00000269305	9606.ENSP00000359719	0	0	0	0	0.042	0	0	0.542	0.542
TP53	MAP3K5	9606.ENSP00000269305	9606.ENSP00000351908	0	0	0	0	0	0	0	0.597	0.597
TP53	SDHC	9606.ENSP00000269305	9606.ENSP00000356953	0	0	0	0	0	0	0	0.622	0.622
TP53	PRKAA2	9606.ENSP00000269305	9606.ENSP00000360290	0	0	0	0	0.063	0.045	0.500	0.300	0.645
TP53	MAP2K1	9606.ENSP00000269305	9606.ENSP00000302486	0	0	0	0	0	0	0	0.667	0.667
TP53	LMNA	9606.ENSP00000269305	9606.ENSP00000357283	0	0	0	0	0.060	0.309	0	0.542	0.676
TP53	TNFAIP3	9606.ENSP00000269305	9606.ENSP00000481570	0	0	0	0	0	0.510	0	0.430	0.708
TP53	STAT5A	9606.ENSP00000269305	9606.ENSP00000341208	0	0	0	0	0.051	0	0	0.753	0.755
TP53	CASP2	9606.ENSP00000269305	9606.ENSP00000312664	0	0	0	0	0.181	0	0	0.759	0.794
TP53	CFLAR	9606.ENSP00000269305	9606.ENSP00000312455	0	0	0	0	0.044	0.510	0	0.639	0.816
TP53	FADD	9606.ENSP00000269305	9606.ENSP00000301838	0	0	0	0	0.053	0	0	0.817	0.820
TP53	DAPK1	9606.ENSP00000269305	9606.ENSP00000386135	0	0	0	0	0.051	0.301	0	0.815	0.866
TP53	CASP1	9606.ENSP00000269305	9606.ENSP00000433138	0	0	0	0	0.044	0.422	0.500	0.605	0.876
TP53	ACTB	9606.ENSP00000269305	9606.ENSP00000494750	0	0	0	0	0.077	0.223	0	0.845	0.879
TP53	TNFRSF10B	9606.ENSP00000269305	9606.ENSP00000276431	0	0	0	0	0.059	0	0.500	0.821	0.908
TP53	MCL1	9606.ENSP00000269305	9606.ENSP00000358022	0	0	0	0	0.055	0.311	0	0.884	0.918
TP53	CAPN2	9606.ENSP00000269305	9606.ENSP00000295006	0	0	0	0	0.067	0	0.900	0.254	0.924
TP53	IKBKB	9606.ENSP00000269305	9606.ENSP00000430684	0	0	0	0	0.076	0.510	0.500	0.739	0.933
TP53	AKT3	9606.ENSP00000269305	9606.ENSP00000500582	0	0	0	0	0	0	0.900	0.555	0.953
TP53	CASP3	9606.ENSP00000269305	9606.ENSP00000311032	0	0	0	0	0.093	0.292	0	0.937	0.956
TP53	SCO2	9606.ENSP00000269305	9606.ENSP00000444433	0	0	0	0	0	0.157	0.900	0.577	0.961
TP53	MAPK9	9606.ENSP00000269305	9606.ENSP00000394560	0	0	0	0	0.080	0.641	0.900	0.527	0.982
TP53	CASP8	9606.ENSP00000269305	9606.ENSP00000351273	0	0	0	0	0.086	0.292	0.900	0.879	0.991
TP53	BAX	9606.ENSP00000269305	9606.ENSP00000293288	0	0	0	0	0.080	0.782	0.900	0.774	0.994
TP53	JUN	9606.ENSP00000269305	9606.ENSP00000360266	0	0	0	0	0	0.324	0.500	0.992	0.997
TP53	PTEN	9606.ENSP00000269305	9606.ENSP00000361021	0	0	0	0	0.067	0.748	0.900	0.968	0.999
TRADD	TNFRSF1A	9606.ENSP00000341268	9606.ENSP00000162749	0	0	0	0	0.062	0.994	0.900	0.999	0.999
TRADD	NGFR	9606.ENSP00000341268	9606.ENSP00000172229	0	0	0	0	0	0.926	0	0.390	0.953
TRADD	RIPK3	9606.ENSP00000341268	9606.ENSP00000216274	0	0	0	0	0.097	0.052	0.900	0.996	0.999
TRADD	NFKBIA	9606.ENSP00000341268	9606.ENSP00000216797	0	0	0	0	0.080	0	0	0.625	0.640
TRADD	CASP6	9606.ENSP00000341268	9606.ENSP00000265164	0	0	0	0	0.062	0.045	0	0.489	0.503
TRADD	TP53	9606.ENSP00000341268	9606.ENSP00000269305	0	0	0	0	0	0	0	0.444	0.444
TRADD	TNFRSF10B	9606.ENSP00000341268	9606.ENSP00000276431	0	0	0	0	0	0.292	0.900	0.877	0.990
TRADD	BAX	9606.ENSP00000341268	9606.ENSP00000293288	0	0	0	0	0.104	0	0	0.359	0.401
TRADD	TLR3	9606.ENSP00000341268	9606.ENSP00000296795	0	0	0	0	0	0.071	0	0.699	0.708
TRADD	FADD	9606.ENSP00000341268	9606.ENSP00000301838	0	0	0	0	0.142	0.873	0.900	0.999	0.999
TRADD	CASP3	9606.ENSP00000341268	9606.ENSP00000311032	0	0	0	0	0.046	0.045	0.360	0.659	0.775
TRADD	CFLAR	9606.ENSP00000341268	9606.ENSP00000312455	0	0	0	0	0.053	0.045	0.900	0.992	0.999
TRADD	CASP2	9606.ENSP00000341268	9606.ENSP00000312664	0	0	0	0	0.048	0.045	0	0.791	0.794
TRADD	ULK1	9606.ENSP00000341268	9606.ENSP00000324560	0	0	0	0	0.060	0	0.400	0.172	0.492
TRADD	MCL1	9606.ENSP00000341268	9606.ENSP00000358022	0	0	0	0	0.051	0	0	0.399	0.406
TRADD	MAP3K5	9606.ENSP00000341268	9606.ENSP00000351908	0	0	0	0	0.067	0	0	0.448	0.462
TRADD	CYBB	9606.ENSP00000341268	9606.ENSP00000367851	0	0	0	0	0.067	0	0	0.501	0.514
TRADD	JUN	9606.ENSP00000341268	9606.ENSP00000360266	0	0	0	0	0	0	0	0.516	0.516
TRADD	CASP1	9606.ENSP00000341268	9606.ENSP00000433138	0	0	0	0	0.090	0.045	0	0.669	0.687
TRADD	TNFAIP3	9606.ENSP00000341268	9606.ENSP00000481570	0	0	0	0	0.086	0.225	0.500	0.628	0.850
TRADD	SPATA2	9606.ENSP00000341268	9606.ENSP00000416799	0	0	0	0	0	0.625	0.500	0.556	0.909
TRADD	IKBKB	9606.ENSP00000341268	9606.ENSP00000430684	0	0	0	0	0.042	0.045	0.900	0.634	0.962
TRADD	CASP8	9606.ENSP00000341268	9606.ENSP00000351273	0	0	0	0	0.064	0.821	0.900	0.997	0.999
TTC19	TIMM21	9606.ENSP00000261647	9606.ENSP00000169551	0	0	0	0	0.060	0	0	0.461	0.472
TTC19	UQCRC1	9606.ENSP00000261647	9606.ENSP00000203407	0	0	0	0	0.068	0	0	0.493	0.507
TTC19	NDUFB7	9606.ENSP00000261647	9606.ENSP00000215565	0	0	0	0	0.068	0	0	0.456	0.472
TTC19	SCO1	9606.ENSP00000261647	9606.ENSP00000255390	0	0	0	0	0.127	0.227	0	0.353	0.525
TTC19	SURF1	9606.ENSP00000261647	9606.ENSP00000361042	0	0	0	0	0.048	0	0	0.414	0.418
TTC19	MT-ND4	9606.ENSP00000261647	9606.ENSP00000354961	0	0	0	0	0.056	0.280	0	0.224	0.427
TTC19	UQCR11	9606.ENSP00000261647	9606.ENSP00000467262	0	0	0	0	0.056	0	0	0.420	0.429
TTC19	PET100	9606.ENSP00000261647	9606.ENSP00000470539	0	0	0	0	0.049	0	0	0.429	0.433
TTC19	SDHAF1	9606.ENSP00000261647	9606.ENSP00000368165	0	0	0	0	0.044	0	0	0.443	0.445
TTC19	CYC1	9606.ENSP00000261647	9606.ENSP00000317159	0	0	0	0	0.044	0	0	0.452	0.453
TTC19	COX4I1	9606.ENSP00000261647	9606.ENSP00000457513	0	0	0	0	0.056	0.369	0	0.167	0.460
TTC19	NDUFA13	9606.ENSP00000261647	9606.ENSP00000423673	0	0	0	0	0.055	0	0	0.453	0.461
TTC19	NDUFA8	9606.ENSP00000261647	9606.ENSP00000362873	0	0	0	0	0.044	0	0	0.462	0.463
TTC19	COX11	9606.ENSP00000261647	9606.ENSP00000299335	0	0	0	0	0.141	0	0	0.401	0.464
TTC19	NDUFB10	9606.ENSP00000261647	9606.ENSP00000268668	0	0	0	0	0	0	0	0.468	0.468
TTC19	UQCRH	9606.ENSP00000261647	9606.ENSP00000309565	0	0	0	0	0.093	0	0	0.447	0.478
TTC19	UQCR10	9606.ENSP00000261647	9606.ENSP00000332887	0	0	0	0	0.044	0	0	0.478	0.479
TTC19	AIFM1	9606.ENSP00000261647	9606.ENSP00000287295	0	0	0	0	0.117	0.359	0	0.169	0.489
TTC19	MT-CYB	9606.ENSP00000261647	9606.ENSP00000354554	0	0	0	0	0	0	0	0.517	0.517
TTC19	UQCRQ	9606.ENSP00000261647	9606.ENSP00000367939	0	0	0	0	0.060	0	0	0.529	0.539
TTC19	UQCRC2	9606.ENSP00000261647	9606.ENSP00000268379	0	0	0	0	0.087	0	0	0.572	0.593
TTC19	UQCRB	9606.ENSP00000261647	9606.ENSP00000430494	0	0	0	0	0.067	0	0	0.584	0.596
TTC19	UQCRFS1	9606.ENSP00000261647	9606.ENSP00000306397	0	0	0	0	0.061	0.100	0	0.637	0.667
TTC19	UQCC1	9606.ENSP00000261647	9606.ENSP00000363506	0	0	0	0	0.049	0	0	0.669	0.671
TTC19	UQCC2	9606.ENSP00000261647	9606.ENSP00000476140	0	0	0	0	0.044	0	0	0.678	0.679
TTC19	UQCC3	9606.ENSP00000261647	9606.ENSP00000432692	0	0	0	0	0	0	0	0.688	0.688
TTC19	BCS1L	9606.ENSP00000261647	9606.ENSP00000413908	0	0	0	0	0.095	0	0	0.771	0.784
TTC19	LYRM7	9606.ENSP00000261647	9606.ENSP00000368688	0	0	0	0	0.060	0	0	0.805	0.809
TYMP	TP53	9606.ENSP00000379038	9606.ENSP00000269305	0	0	0	0	0	0	0	0.415	0.414
TYMP	MT-CO2	9606.ENSP00000379038	9606.ENSP00000354876	0.056	0	0	0	0.042	0	0	0.407	0.416
TYMP	MT-ND4	9606.ENSP00000379038	9606.ENSP00000354961	0	0	0	0	0.042	0	0	0.471	0.471
TYMP	SCO2	9606.ENSP00000379038	9606.ENSP00000444433	0	0.354	0	0	0.506	0	0	0.260	0.743
ULK1	RB1CC1	9606.ENSP00000324560	9606.ENSP00000025008	0	0	0	0	0.070	0.995	0.900	0.998	0.999
ULK1	VMP1	9606.ENSP00000324560	9606.ENSP00000262291	0	0	0	0	0.054	0	0	0.607	0.612
ULK1	VAMP8	9606.ENSP00000324560	9606.ENSP00000263864	0	0	0	0	0	0	0	0.460	0.460
ULK1	TP53	9606.ENSP00000324560	9606.ENSP00000269305	0	0	0	0	0	0.164	0	0.474	0.541
ULK1	DEPTOR	9606.ENSP00000324560	9606.ENSP00000286234	0	0	0	0	0	0.092	0.900	0.506	0.951
ULK1	PRKACA	9606.ENSP00000324560	9606.ENSP00000309591	0	0	0	0.711	0.072	0.071	0.900	0.133	0.915
ULK1	CASP3	9606.ENSP00000324560	9606.ENSP00000311032	0	0	0	0	0	0.066	0	0.449	0.464
ULK1	JUN	9606.ENSP00000324560	9606.ENSP00000360266	0	0	0	0	0.045	0.071	0	0.380	0.402
ULK1	ACTB	9606.ENSP00000324560	9606.ENSP00000494750	0	0	0	0	0.044	0.050	0	0.404	0.412
ULK1	PDPK1	9606.ENSP00000324560	9606.ENSP00000344220	0	0	0	0.611	0.138	0.292	0	0.151	0.437
ULK1	PTEN	9606.ENSP00000324560	9606.ENSP00000361021	0	0	0	0	0.049	0.071	0	0.455	0.476
ULK1	TRADD	9606.ENSP00000324560	9606.ENSP00000341268	0	0	0	0	0.060	0	0.400	0.172	0.492
ULK1	PRKAA2	9606.ENSP00000324560	9606.ENSP00000360290	0	0	0	0.627	0	0.632	0.500	0.199	0.840
ULK1	PRKACB	9606.ENSP00000324560	9606.ENSP00000359719	0	0	0	0.684	0	0.071	0.900	0.141	0.913
UQCC1	UQCRC1	9606.ENSP00000363506	9606.ENSP00000203407	0	0	0	0	0.086	0.133	0	0.468	0.542
UQCC1	TACO1	9606.ENSP00000363506	9606.ENSP00000258975	0	0	0	0	0.096	0	0	0.427	0.460
UQCC1	TTC19	9606.ENSP00000363506	9606.ENSP00000261647	0	0	0	0	0.049	0	0	0.669	0.671
UQCC1	UQCRC2	9606.ENSP00000363506	9606.ENSP00000268379	0	0	0	0	0.163	0.119	0	0.539	0.631
UQCC1	COX11	9606.ENSP00000363506	9606.ENSP00000299335	0	0	0	0	0.275	0	0	0.283	0.458
UQCC1	UQCRFS1	9606.ENSP00000363506	9606.ENSP00000306397	0	0	0	0	0.100	0	0	0.475	0.507
UQCC1	UQCRH	9606.ENSP00000363506	9606.ENSP00000309565	0	0	0	0	0.055	0	0	0.541	0.548
UQCC1	CYC1	9606.ENSP00000363506	9606.ENSP00000317159	0	0	0	0	0.060	0	0	0.558	0.567
UQCC1	UQCR10	9606.ENSP00000363506	9606.ENSP00000332887	0	0	0	0	0.104	0	0	0.594	0.620
UQCC1	MT-CYB	9606.ENSP00000363506	9606.ENSP00000354554	0	0	0	0	0	0.287	0	0.763	0.824
UQCC1	COX20	9606.ENSP00000363506	9606.ENSP00000355486	0	0	0	0	0.054	0.616	0	0.244	0.701
UQCC1	NDUFA8	9606.ENSP00000363506	9606.ENSP00000362873	0	0	0	0	0.201	0	0	0.279	0.400
UQCC1	PET100	9606.ENSP00000363506	9606.ENSP00000470539	0	0	0	0	0	0	0	0.420	0.420
UQCC1	ATPAF1	9606.ENSP00000363506	9606.ENSP00000460964	0	0	0	0	0.307	0	0	0.197	0.421
UQCC1	UQCR11	9606.ENSP00000363506	9606.ENSP00000467262	0	0	0	0	0	0	0	0.434	0.434
UQCC1	COX18	9606.ENSP00000363506	9606.ENSP00000425261	0	0	0	0	0.144	0	0	0.409	0.472
UQCC1	UQCRQ	9606.ENSP00000363506	9606.ENSP00000367939	0	0	0	0	0.054	0	0	0.644	0.649
UQCC1	UQCRB	9606.ENSP00000363506	9606.ENSP00000430494	0	0	0	0	0.154	0.092	0	0.642	0.701
UQCC1	UQCC3	9606.ENSP00000363506	9606.ENSP00000432692	0	0	0	0	0	0	0	0.704	0.704
UQCC1	BCS1L	9606.ENSP00000363506	9606.ENSP00000413908	0	0	0	0	0.248	0	0	0.633	0.712
UQCC1	LYRM7	9606.ENSP00000363506	9606.ENSP00000368688	0	0	0	0	0.074	0.084	0	0.720	0.742
UQCC1	UQCC2	9606.ENSP00000363506	9606.ENSP00000476140	0	0	0	0	0.066	0.797	0	0.823	0.963
UQCC2	NDUFB4	9606.ENSP00000476140	9606.ENSP00000184266	0	0	0	0	0.198	0	0	0.311	0.424
UQCC2	UQCRC1	9606.ENSP00000476140	9606.ENSP00000203407	0	0	0	0	0.124	0	0	0.370	0.424
UQCC2	COX5B	9606.ENSP00000476140	9606.ENSP00000258424	0	0	0	0	0.199	0	0	0.290	0.407
UQCC2	NDUFAF1	9606.ENSP00000476140	9606.ENSP00000260361	0	0	0	0	0.110	0	0	0.447	0.487
UQCC2	TTC19	9606.ENSP00000476140	9606.ENSP00000261647	0	0	0	0	0.044	0	0	0.678	0.679
UQCC2	UQCRC2	9606.ENSP00000476140	9606.ENSP00000268379	0	0	0	0	0.076	0	0	0.434	0.455
UQCC2	NDUFS6	9606.ENSP00000476140	9606.ENSP00000274137	0	0	0	0	0.263	0	0	0.245	0.419
UQCC2	NDUFAF2	9606.ENSP00000476140	9606.ENSP00000296597	0	0	0	0	0.213	0	0	0.470	0.566
UQCC2	NDUFA7	9606.ENSP00000476140	9606.ENSP00000301457	0	0	0	0	0.263	0.077	0	0.251	0.446
UQCC2	UQCRFS1	9606.ENSP00000476140	9606.ENSP00000306397	0	0	0	0	0.063	0	0	0.435	0.447
UQCC2	UQCRH	9606.ENSP00000476140	9606.ENSP00000309565	0	0	0	0	0.166	0	0	0.430	0.504
UQCC2	CYC1	9606.ENSP00000476140	9606.ENSP00000317159	0	0	0	0	0.124	0	0	0.378	0.432
UQCC2	COX14	9606.ENSP00000476140	9606.ENSP00000326052	0	0	0	0	0.141	0	0	0.393	0.456
UQCC2	NDUFA12	9606.ENSP00000476140	9606.ENSP00000330737	0	0	0	0	0.271	0	0	0.286	0.457
UQCC2	UQCR10	9606.ENSP00000476140	9606.ENSP00000332887	0	0	0	0	0.263	0	0	0.447	0.575
UQCC2	NDUFA4	9606.ENSP00000476140	9606.ENSP00000339720	0	0	0	0	0.122	0.225	0	0.189	0.400
UQCC2	COX19	9606.ENSP00000476140	9606.ENSP00000342015	0	0	0	0	0.049	0	0	0.419	0.423
UQCC2	MT-CYB	9606.ENSP00000476140	9606.ENSP00000354554	0	0	0	0	0	0	0	0.725	0.725
UQCC2	COA3	9606.ENSP00000476140	9606.ENSP00000354762	0	0	0.227	0	0.179	0	0	0.351	0.552
UQCC2	COX20	9606.ENSP00000476140	9606.ENSP00000355486	0	0	0	0	0.149	0.810	0	0.358	0.887
UQCC2	COA6	9606.ENSP00000476140	9606.ENSP00000355574	0	0	0	0	0.167	0	0	0.328	0.416
UQCC2	COX7A2	9606.ENSP00000476140	9606.ENSP00000359098	0	0	0	0	0.219	0	0	0.302	0.432
UQCC2	NDUFA8	9606.ENSP00000476140	9606.ENSP00000362873	0	0	0	0	0.218	0	0	0.304	0.433
UQCC2	UQCC1	9606.ENSP00000476140	9606.ENSP00000363506	0	0	0	0	0.066	0.797	0	0.823	0.963
UQCC2	UQCRQ	9606.ENSP00000476140	9606.ENSP00000367939	0	0	0	0	0.143	0	0	0.506	0.558
UQCC2	LYRM7	9606.ENSP00000476140	9606.ENSP00000368688	0	0	0	0	0.049	0	0	0.621	0.624
UQCC2	NDUFB6	9606.ENSP00000476140	9606.ENSP00000369176	0	0	0	0	0.245	0	0	0.303	0.451
UQCC2	BCS1L	9606.ENSP00000476140	9606.ENSP00000413908	0	0	0	0	0.082	0	0	0.582	0.599
UQCC2	NDUFA5	9606.ENSP00000476140	9606.ENSP00000417142	0	0	0	0	0.262	0	0	0.230	0.408
UQCC2	UQCRB	9606.ENSP00000476140	9606.ENSP00000430494	0	0	0	0	0.060	0	0	0.571	0.579
UQCC2	UQCC3	9606.ENSP00000476140	9606.ENSP00000432692	0	0	0	0	0.109	0	0	0.677	0.700
UQCC2	UQCR11	9606.ENSP00000476140	9606.ENSP00000467262	0	0	0	0	0.329	0	0	0.435	0.604
UQCC2	NDUFA6	9606.ENSP00000476140	9606.ENSP00000482543	0	0	0	0	0.157	0.097	0	0.278	0.402
UQCC3	TTC19	9606.ENSP00000432692	9606.ENSP00000261647	0	0	0	0	0	0	0	0.688	0.688
UQCC3	UQCRC2	9606.ENSP00000432692	9606.ENSP00000268379	0	0	0	0	0.055	0	0	0.494	0.502
UQCC3	CYC1	9606.ENSP00000432692	9606.ENSP00000317159	0	0	0	0	0.060	0	0	0.432	0.443
UQCC3	UQCR10	9606.ENSP00000432692	9606.ENSP00000332887	0	0	0	0	0.112	0	0	0.353	0.401
UQCC3	UQCC1	9606.ENSP00000432692	9606.ENSP00000363506	0	0	0	0	0	0	0	0.704	0.704
UQCC3	UQCRQ	9606.ENSP00000432692	9606.ENSP00000367939	0	0	0	0	0.101	0	0	0.401	0.438
UQCC3	LYRM7	9606.ENSP00000432692	9606.ENSP00000368688	0	0	0	0	0.054	0	0	0.718	0.722
UQCC3	HIGD1A	9606.ENSP00000432692	9606.ENSP00000398064	0	0	0	0	0.057	0	0	0.409	0.419
UQCC3	BCS1L	9606.ENSP00000432692	9606.ENSP00000413908	0	0	0	0	0.082	0	0	0.624	0.640
UQCC3	UQCRB	9606.ENSP00000432692	9606.ENSP00000430494	0	0	0	0	0.064	0	0	0.443	0.456
UQCC3	UQCC2	9606.ENSP00000432692	9606.ENSP00000476140	0	0	0	0	0.109	0	0	0.677	0.700
UQCR10	COX15	9606.ENSP00000332887	9606.ENSP00000016171	0	0	0	0	0.067	0	0.540	0.390	0.715
UQCR10	NDUFB4	9606.ENSP00000332887	9606.ENSP00000184266	0	0	0	0	0.934	0.855	0	0.464	0.994
UQCR10	UQCRC1	9606.ENSP00000332887	9606.ENSP00000203407	0	0	0	0	0.403	0.999	0.975	0.829	0.999
UQCR10	NDUFB7	9606.ENSP00000332887	9606.ENSP00000215565	0	0	0	0	0.922	0.967	0.284	0.430	0.998
UQCR10	COX6A1	9606.ENSP00000332887	9606.ENSP00000229379	0	0	0	0	0.875	0.821	0.632	0.505	0.995
UQCR10	NDUFS7	9606.ENSP00000332887	9606.ENSP00000233627	0	0	0	0	0.715	0.909	0.216	0.452	0.987
UQCR10	NDUFA2	9606.ENSP00000332887	9606.ENSP00000252102	0	0	0	0	0.955	0.967	0.284	0.464	0.999
UQCR10	NDUFA10	9606.ENSP00000332887	9606.ENSP00000252711	0	0	0	0	0.208	0.866	0	0.146	0.902
UQCR10	COX5B	9606.ENSP00000332887	9606.ENSP00000258424	0	0	0	0	0.977	0.989	0.714	0.731	0.999
UQCR10	NDUFB5	9606.ENSP00000332887	9606.ENSP00000259037	0	0	0	0	0.851	0.855	0	0.455	0.987
UQCR10	COX17	9606.ENSP00000332887	9606.ENSP00000261070	0	0	0	0	0.352	0	0	0.462	0.637
UQCR10	TTC19	9606.ENSP00000332887	9606.ENSP00000261647	0	0	0	0	0.044	0	0	0.478	0.479
UQCR10	NDUFS3	9606.ENSP00000332887	9606.ENSP00000263774	0	0	0	0	0.583	0.974	0.172	0.428	0.994
UQCR10	SDHA	9606.ENSP00000332887	9606.ENSP00000264932	0	0	0	0	0.320	0.096	0.172	0.475	0.697
UQCR10	NDUFA9	9606.ENSP00000332887	9606.ENSP00000266544	0	0	0	0	0.786	0.998	0.154	0.448	0.999
UQCR10	UQCRC2	9606.ENSP00000332887	9606.ENSP00000268379	0	0	0	0	0.435	0.995	0.979	0.839	0.999
UQCR10	NDUFB10	9606.ENSP00000332887	9606.ENSP00000268668	0	0	0	0	0.859	0.967	0	0.375	0.996
UQCR10	NDUFS6	9606.ENSP00000332887	9606.ENSP00000274137	0	0	0	0	0.954	0.959	0	0.506	0.999
UQCR10	NDUFB11	9606.ENSP00000332887	9606.ENSP00000276062	0	0	0	0	0.736	0.855	0	0.387	0.974
UQCR10	NDUFB9	9606.ENSP00000332887	9606.ENSP00000276689	0	0	0	0	0.909	0.967	0.284	0.527	0.998
UQCR10	NDUFC2	9606.ENSP00000332887	9606.ENSP00000281031	0	0	0	0	0.797	0.854	0	0.226	0.975
UQCR10	COX7A1	9606.ENSP00000332887	9606.ENSP00000292907	0	0	0	0	0.088	0.967	0.360	0.469	0.988
UQCR10	NDUFS4	9606.ENSP00000332887	9606.ENSP00000296684	0	0	0	0	0.863	0.967	0.172	0.408	0.997
UQCR10	NDUFB8	9606.ENSP00000332887	9606.ENSP00000299166	0	0	0	0	0.944	0.855	0.172	0.492	0.996
UQCR10	NDUFA7	9606.ENSP00000332887	9606.ENSP00000301457	0	0	0	0	0.916	0.831	0	0.514	0.992
UQCR10	UQCRFS1	9606.ENSP00000332887	9606.ENSP00000306397	0	0	0	0	0.842	0.995	0.851	0.827	0.999
UQCR10	UQCRH	9606.ENSP00000332887	9606.ENSP00000309565	0	0	0	0	0.855	0.982	0.944	0.947	0.999
UQCR10	NDUFS8	9606.ENSP00000332887	9606.ENSP00000315774	0	0	0	0	0.919	0.967	0.172	0.469	0.998
UQCR10	CYC1	9606.ENSP00000332887	9606.ENSP00000317159	0	0	0	0	0.879	0.997	0.907	0.840	0.999
UQCR10	COX5A	9606.ENSP00000332887	9606.ENSP00000317780	0	0	0	0	0.922	0.986	0.656	0.564	0.999
UQCR10	COX8A	9606.ENSP00000332887	9606.ENSP00000321260	0	0	0	0	0.351	0	0.540	0.373	0.796
UQCR10	COX14	9606.ENSP00000332887	9606.ENSP00000326052	0	0	0	0	0.690	0	0	0.138	0.721
UQCR10	NDUFV2	9606.ENSP00000332887	9606.ENSP00000327268	0	0	0	0	0.864	0.967	0.172	0.420	0.997
UQCR10	COA5	9606.ENSP00000332887	9606.ENSP00000330730	0	0	0	0	0.262	0	0	0.241	0.416
UQCR10	NDUFA12	9606.ENSP00000332887	9606.ENSP00000330737	0	0	0	0	0.961	0.967	0	0.446	0.999
UQCR10	UQCC3	9606.ENSP00000332887	9606.ENSP00000432692	0	0	0	0	0.112	0	0	0.353	0.401
UQCR10	ATPAF2	9606.ENSP00000332887	9606.ENSP00000417190	0	0	0	0	0.110	0	0	0.379	0.424
UQCR10	COA3	9606.ENSP00000332887	9606.ENSP00000354762	0	0	0	0	0.370	0	0	0.129	0.428
UQCR10	LYRM7	9606.ENSP00000332887	9606.ENSP00000368688	0	0	0	0	0.067	0	0	0.463	0.478
UQCR10	UQCC2	9606.ENSP00000332887	9606.ENSP00000476140	0	0	0	0	0.263	0	0	0.447	0.575
UQCR10	PET100	9606.ENSP00000332887	9606.ENSP00000470539	0	0	0	0	0.496	0	0	0.254	0.608
UQCR10	UQCC1	9606.ENSP00000332887	9606.ENSP00000363506	0	0	0	0	0.104	0	0	0.594	0.620
UQCR10	BCS1L	9606.ENSP00000332887	9606.ENSP00000413908	0	0	0	0	0.207	0	0.540	0.613	0.846
UQCR10	COX7A2L	9606.ENSP00000332887	9606.ENSP00000367938	0	0	0	0	0.138	0.706	0.360	0.398	0.889
UQCR10	COX7A2	9606.ENSP00000332887	9606.ENSP00000359098	0	0	0	0	0.561	0.099	0.540	0.504	0.897
UQCR10	SDHB	9606.ENSP00000332887	9606.ENSP00000364649	0	0	0	0	0.839	0.095	0.172	0.405	0.919
UQCR10	SDHC	9606.ENSP00000332887	9606.ENSP00000356953	0	0	0	0	0.840	0	0.172	0.456	0.922
UQCR10	SDHD	9606.ENSP00000332887	9606.ENSP00000364699	0	0	0	0	0.845	0	0.172	0.452	0.923
UQCR10	NDUFB2	9606.ENSP00000332887	9606.ENSP00000419087	0	0	0	0	0.490	0.800	0	0.324	0.925
UQCR10	MT-ND2	9606.ENSP00000332887	9606.ENSP00000355046	0	0	0	0	0.081	0.919	0.172	0.297	0.951
UQCR10	MT-ND5	9606.ENSP00000332887	9606.ENSP00000354813	0	0	0	0	0.097	0.919	0.172	0.364	0.956
UQCR10	NDUFV3	9606.ENSP00000332887	9606.ENSP00000346196	0	0	0	0	0.691	0.826	0	0.309	0.959
UQCR10	NDUFC1	9606.ENSP00000332887	9606.ENSP00000441126	0	0	0	0	0.675	0.811	0	0.414	0.961
UQCR10	NDUFA4	9606.ENSP00000332887	9606.ENSP00000339720	0	0	0	0	0.823	0.088	0.540	0.539	0.961
UQCR10	COA6	9606.ENSP00000332887	9606.ENSP00000355574	0	0	0	0	0.564	0.748	0.524	0.377	0.963
UQCR10	NDUFB1	9606.ENSP00000332887	9606.ENSP00000483888	0	0	0	0	0.439	0.855	0	0.616	0.966
UQCR10	MT-ND1	9606.ENSP00000332887	9606.ENSP00000354687	0	0	0	0	0.153	0.959	0.172	0.216	0.974
UQCR10	NDUFA1	9606.ENSP00000332887	9606.ENSP00000360492	0	0	0	0	0.756	0.830	0	0.526	0.978
UQCR10	MT-ND4	9606.ENSP00000332887	9606.ENSP00000354961	0	0	0	0	0.100	0.967	0.172	0.224	0.978
UQCR10	NDUFA3	9606.ENSP00000332887	9606.ENSP00000418438	0	0	0	0	0.729	0.871	0	0.449	0.979
UQCR10	NDUFB3	9606.ENSP00000332887	9606.ENSP00000407336	0	0	0	0	0.775	0.855	0	0.439	0.980
UQCR10	NDUFAB1	9606.ENSP00000332887	9606.ENSP00000458770	0	0	0	0	0.470	0.947	0	0.397	0.981
UQCR10	NDUFB6	9606.ENSP00000332887	9606.ENSP00000369176	0	0	0	0	0.819	0.855	0	0.414	0.983
UQCR10	MT-CO2	9606.ENSP00000332887	9606.ENSP00000354876	0	0	0	0	0.084	0.946	0.656	0.295	0.986
UQCR10	NDUFS5	9606.ENSP00000332887	9606.ENSP00000362058	0	0	0	0	0.889	0.855	0	0.457	0.990
UQCR10	NDUFS1	9606.ENSP00000332887	9606.ENSP00000392709	0	0	0	0	0.248	0.967	0.172	0.560	0.990
UQCR10	COX7B	9606.ENSP00000332887	9606.ENSP00000497474	0	0	0	0	0.568	0.903	0.540	0.669	0.992
UQCR10	MT-CO1	9606.ENSP00000332887	9606.ENSP00000354499	0	0	0	0	0.097	0.977	0.602	0.314	0.993
UQCR10	NDUFS2	9606.ENSP00000332887	9606.ENSP00000356972	0	0	0	0	0.698	0.967	0.172	0.462	0.994
UQCR10	TIMMDC1	9606.ENSP00000332887	9606.ENSP00000418803	0	0	0	0	0.103	0.994	0	0.196	0.995
UQCR10	NDUFV1	9606.ENSP00000332887	9606.ENSP00000497587	0	0	0	0	0.658	0.967	0.285	0.488	0.995
UQCR10	NDUFA13	9606.ENSP00000332887	9606.ENSP00000423673	0	0	0	0	0.830	0.959	0	0.352	0.995
UQCR10	MT-CO3	9606.ENSP00000332887	9606.ENSP00000354982	0	0	0	0	0.126	0.986	0.656	0.199	0.996
UQCR10	COX4I1	9606.ENSP00000332887	9606.ENSP00000457513	0	0	0	0	0.622	0.959	0.632	0.519	0.996
UQCR10	COX6C	9606.ENSP00000332887	9606.ENSP00000429707	0	0	0	0	0.917	0.847	0.540	0.576	0.997
UQCR10	NDUFA8	9606.ENSP00000332887	9606.ENSP00000362873	0	0	0	0	0.966	0.967	0.284	0.544	0.999
UQCR10	COX6B1	9606.ENSP00000332887	9606.ENSP00000466818	0	0	0	0	0.776	0.967	0.658	0.769	0.999
UQCR10	UQCR11	9606.ENSP00000332887	9606.ENSP00000467262	0	0	0	0	0.977	0.994	0.967	0.833	0.999
UQCR10	COX7C	9606.ENSP00000332887	9606.ENSP00000425759	0	0	0	0	0.973	0.984	0.656	0.571	0.999
UQCR10	NDUFA11	9606.ENSP00000332887	9606.ENSP00000389160	0	0	0	0	0.769	0.998	0	0.660	0.999
UQCR10	UQCRB	9606.ENSP00000332887	9606.ENSP00000430494	0	0	0	0	0.971	0.996	0.979	0.945	0.999
UQCR10	NDUFA6	9606.ENSP00000332887	9606.ENSP00000482543	0	0	0	0	0.968	0.967	0.284	0.533	0.999
UQCR10	NDUFA5	9606.ENSP00000332887	9606.ENSP00000417142	0	0	0	0	0.928	0.967	0.284	0.533	0.999
UQCR10	MT-CYB	9606.ENSP00000332887	9606.ENSP00000354554	0	0	0	0	0	0.992	0.851	0.854	0.999
UQCR10	UQCRQ	9606.ENSP00000332887	9606.ENSP00000367939	0	0	0	0	0.976	0.995	0.979	0.932	0.999
UQCR11	COX15	9606.ENSP00000467262	9606.ENSP00000016171	0	0	0	0	0.042	0	0.540	0.292	0.660
UQCR11	NDUFB4	9606.ENSP00000467262	9606.ENSP00000184266	0	0	0	0	0.750	0.830	0	0.464	0.975
UQCR11	UQCRC1	9606.ENSP00000467262	9606.ENSP00000203407	0	0	0	0	0.669	0.994	0.967	0.752	0.999
UQCR11	NDUFB7	9606.ENSP00000467262	9606.ENSP00000215565	0	0	0	0	0.967	0.830	0	0.521	0.997
UQCR11	COX6A1	9606.ENSP00000467262	9606.ENSP00000229379	0	0	0	0	0.494	0.789	0.540	0.489	0.971
UQCR11	NDUFS7	9606.ENSP00000467262	9606.ENSP00000233627	0	0	0	0	0.967	0.841	0	0.441	0.996
UQCR11	NDUFA2	9606.ENSP00000467262	9606.ENSP00000252102	0	0	0	0	0.935	0.830	0	0.510	0.994
UQCR11	NDUFA10	9606.ENSP00000467262	9606.ENSP00000252711	0	0	0	0	0.304	0.844	0	0.321	0.920
UQCR11	COX5B	9606.ENSP00000467262	9606.ENSP00000258424	0	0	0	0	0.999	0.972	0.540	0.640	0.999
UQCR11	NDUFB5	9606.ENSP00000467262	9606.ENSP00000259037	0	0	0	0	0.607	0.830	0	0.425	0.958
UQCR11	COX17	9606.ENSP00000467262	9606.ENSP00000261070	0	0	0	0	0.413	0	0	0.349	0.602
UQCR11	TTC19	9606.ENSP00000467262	9606.ENSP00000261647	0	0	0	0	0.056	0	0	0.420	0.429
UQCR11	NDUFS3	9606.ENSP00000467262	9606.ENSP00000263774	0	0	0	0	0.415	0.830	0	0.317	0.926
UQCR11	SDHA	9606.ENSP00000467262	9606.ENSP00000264932	0	0	0	0	0.375	0	0	0.400	0.608
UQCR11	NDUFA9	9606.ENSP00000467262	9606.ENSP00000266544	0	0	0	0	0.537	0.841	0	0.241	0.939
UQCR11	UQCRC2	9606.ENSP00000467262	9606.ENSP00000268379	0	0	0	0	0.211	0.987	0.967	0.720	0.999
UQCR11	NDUFB10	9606.ENSP00000467262	9606.ENSP00000268668	0	0	0	0	0.839	0.830	0	0.447	0.983
UQCR11	ECSIT	9606.ENSP00000467262	9606.ENSP00000270517	0	0	0	0	0.305	0	0	0.174	0.401
UQCR11	NDUFS6	9606.ENSP00000467262	9606.ENSP00000274137	0	0	0	0	0.850	0.830	0	0.515	0.986
UQCR11	NDUFB11	9606.ENSP00000467262	9606.ENSP00000276062	0	0	0	0	0.851	0.830	0	0.311	0.981
UQCR11	NDUFB9	9606.ENSP00000467262	9606.ENSP00000276689	0	0	0	0	0.838	0.830	0	0.553	0.986
UQCR11	NDUFC2	9606.ENSP00000467262	9606.ENSP00000281031	0	0	0	0	0.876	0.824	0	0.473	0.987
UQCR11	COX7A1	9606.ENSP00000467262	9606.ENSP00000292907	0	0	0	0	0.113	0.983	0.360	0.932	0.999
UQCR11	NDUFS4	9606.ENSP00000467262	9606.ENSP00000296684	0	0	0	0	0.549	0.830	0	0.452	0.954
UQCR11	NDUFB8	9606.ENSP00000467262	9606.ENSP00000299166	0	0	0	0	0.872	0.830	0	0.578	0.990
UQCR11	NDUFA7	9606.ENSP00000467262	9606.ENSP00000301457	0	0	0	0	0.892	0.812	0	0.502	0.989
UQCR11	UQCRFS1	9606.ENSP00000467262	9606.ENSP00000306397	0	0	0	0	0.411	0.985	0.851	0.847	0.999
UQCR11	UQCRH	9606.ENSP00000467262	9606.ENSP00000309565	0	0	0	0	0.435	0.963	0.944	0.819	0.999
UQCR11	NDUFS8	9606.ENSP00000467262	9606.ENSP00000315774	0	0	0	0	0.726	0.830	0	0.405	0.970
UQCR11	CYC1	9606.ENSP00000467262	9606.ENSP00000317159	0	0	0	0	0.692	0.987	0.851	0.471	0.999
UQCR11	COX5A	9606.ENSP00000467262	9606.ENSP00000317780	0	0	0	0	0.922	0.923	0.540	0.520	0.998
UQCR11	COX8A	9606.ENSP00000467262	9606.ENSP00000321260	0	0	0	0	0.415	0	0.540	0.445	0.837
UQCR11	NDUFAF3	9606.ENSP00000467262	9606.ENSP00000323076	0	0	0	0	0.367	0	0	0.160	0.446
UQCR11	COX14	9606.ENSP00000467262	9606.ENSP00000326052	0	0	0	0	0.536	0	0	0.267	0.645
UQCR11	NDUFV2	9606.ENSP00000467262	9606.ENSP00000327268	0	0	0	0	0.287	0.830	0	0.418	0.923
UQCR11	NDUFA12	9606.ENSP00000467262	9606.ENSP00000330737	0	0	0	0	0.945	0.830	0	0.467	0.994
UQCR11	UQCR10	9606.ENSP00000467262	9606.ENSP00000332887	0	0	0	0	0.977	0.994	0.967	0.833	0.999
UQCR11	NDUFA4	9606.ENSP00000467262	9606.ENSP00000339720	0	0	0	0	0.784	0	0.540	0.618	0.958
UQCR11	NDUFV3	9606.ENSP00000467262	9606.ENSP00000346196	0	0	0	0	0.618	0.812	0	0.294	0.945
UQCR11	MT-CO1	9606.ENSP00000467262	9606.ENSP00000354499	0	0	0	0	0	0.923	0.540	0.300	0.973
UQCR11	MT-CYB	9606.ENSP00000467262	9606.ENSP00000354554	0	0	0	0	0	0.978	0.851	0.613	0.998
UQCR11	MT-ND1	9606.ENSP00000467262	9606.ENSP00000354687	0	0	0	0	0	0.830	0	0.154	0.850
UQCR11	COA3	9606.ENSP00000467262	9606.ENSP00000354762	0	0	0	0	0.352	0	0	0.198	0.458
UQCR11	MT-ND5	9606.ENSP00000467262	9606.ENSP00000354813	0	0	0	0	0	0.830	0	0.342	0.883
UQCR11	MT-CO2	9606.ENSP00000467262	9606.ENSP00000354876	0	0	0	0	0	0.891	0.540	0.228	0.957
UQCR11	MT-ND4	9606.ENSP00000467262	9606.ENSP00000354961	0	0	0	0	0	0.830	0	0.166	0.852
UQCR11	MT-CO3	9606.ENSP00000467262	9606.ENSP00000354982	0	0	0	0	0	0.923	0.540	0.149	0.967
UQCR11	MT-ND2	9606.ENSP00000467262	9606.ENSP00000355046	0	0	0	0	0	0.830	0	0.250	0.867
UQCR11	COA6	9606.ENSP00000467262	9606.ENSP00000355574	0	0	0	0	0.209	0.603	0.360	0.195	0.816
UQCR11	SDHC	9606.ENSP00000467262	9606.ENSP00000356953	0	0	0	0	0.405	0	0	0.286	0.557
UQCR11	NDUFS2	9606.ENSP00000467262	9606.ENSP00000356972	0	0	0	0	0.403	0.830	0	0.386	0.932
UQCR11	COX7A2	9606.ENSP00000467262	9606.ENSP00000359098	0	0	0	0	0.870	0	0.540	0.468	0.965
UQCR11	NDUFA1	9606.ENSP00000467262	9606.ENSP00000360492	0	0	0	0	0.676	0.830	0	0.575	0.974
UQCR11	NDUFS5	9606.ENSP00000467262	9606.ENSP00000362058	0	0	0	0	0.867	0.830	0	0.449	0.986
UQCR11	NDUFA8	9606.ENSP00000467262	9606.ENSP00000362873	0	0	0	0	0.847	0.830	0	0.419	0.983
UQCR11	UQCC1	9606.ENSP00000467262	9606.ENSP00000363506	0	0	0	0	0	0	0	0.434	0.434
UQCR11	SDHB	9606.ENSP00000467262	9606.ENSP00000364649	0	0	0	0	0.418	0	0	0.600	0.757
UQCR11	SDHD	9606.ENSP00000467262	9606.ENSP00000364699	0	0	0	0	0.222	0	0	0.357	0.478
UQCR11	COX7A2L	9606.ENSP00000467262	9606.ENSP00000367938	0	0	0	0	0.074	0.507	0.360	0.398	0.800
UQCR11	UQCRQ	9606.ENSP00000467262	9606.ENSP00000367939	0	0	0	0	0.944	0.973	0.967	0.806	0.999
UQCR11	LYRM7	9606.ENSP00000467262	9606.ENSP00000368688	0	0	0	0	0.049	0	0	0.447	0.451
UQCR11	NDUFB6	9606.ENSP00000467262	9606.ENSP00000369176	0	0	0	0	0.637	0.830	0	0.447	0.963
UQCR11	NDUFA11	9606.ENSP00000467262	9606.ENSP00000389160	0	0	0	0	0.849	0.824	0	0.679	0.990
UQCR11	NDUFS1	9606.ENSP00000467262	9606.ENSP00000392709	0	0	0	0	0.116	0.830	0	0.600	0.934
UQCR11	NDUFB3	9606.ENSP00000467262	9606.ENSP00000407336	0	0	0	0	0.611	0.830	0	0.431	0.959
UQCR11	BCS1L	9606.ENSP00000467262	9606.ENSP00000413908	0	0	0	0	0.116	0	0.540	0.512	0.784
UQCR11	NDUFA5	9606.ENSP00000467262	9606.ENSP00000417142	0	0	0	0	0.822	0.830	0	0.447	0.981
UQCR11	NDUFA3	9606.ENSP00000467262	9606.ENSP00000418438	0	0	0	0	0.925	0.830	0	0.575	0.994
UQCR11	NDUFB2	9606.ENSP00000467262	9606.ENSP00000419087	0	0	0	0	0.549	0.800	0	0.357	0.937
UQCR11	NDUFA13	9606.ENSP00000467262	9606.ENSP00000423673	0	0	0	0	0.955	0.830	0	0.495	0.995
UQCR11	COX7C	9606.ENSP00000467262	9606.ENSP00000425759	0	0	0	0	0.759	0.915	0.540	0.591	0.995
UQCR11	COX6C	9606.ENSP00000467262	9606.ENSP00000429707	0	0	0	0	0.881	0.834	0.540	0.435	0.994
UQCR11	UQCRB	9606.ENSP00000467262	9606.ENSP00000430494	0	0	0	0	0.560	0.982	0.967	0.787	0.999
UQCR11	NDUFC1	9606.ENSP00000467262	9606.ENSP00000441126	0	0	0	0	0.713	0.811	0	0.540	0.972
UQCR11	COX4I1	9606.ENSP00000467262	9606.ENSP00000457513	0	0	0	0	0.664	0.923	0.540	0.381	0.991
UQCR11	NDUFAB1	9606.ENSP00000467262	9606.ENSP00000458770	0	0	0	0	0.383	0.844	0	0.324	0.929
UQCR11	COX6B1	9606.ENSP00000467262	9606.ENSP00000466818	0	0	0	0	0.668	0.946	0.540	0.678	0.997
UQCR11	UQCC2	9606.ENSP00000467262	9606.ENSP00000476140	0	0	0	0	0.329	0	0	0.435	0.604
UQCR11	NDUFB1	9606.ENSP00000467262	9606.ENSP00000483888	0	0	0	0	0.438	0.830	0	0.626	0.961
UQCR11	COX7B	9606.ENSP00000467262	9606.ENSP00000497474	0	0	0	0	0.401	0.903	0.540	0.681	0.990
UQCR11	NDUFA6	9606.ENSP00000467262	9606.ENSP00000482543	0	0	0	0	0.906	0.830	0	0.525	0.991
UQCR11	NDUFV1	9606.ENSP00000467262	9606.ENSP00000497587	0	0	0	0	0.924	0.830	0	0.443	0.992
UQCRB	COX15	9606.ENSP00000430494	9606.ENSP00000016171	0	0	0	0	0.082	0	0.540	0.432	0.739
UQCRB	NDUFB4	9606.ENSP00000430494	9606.ENSP00000184266	0	0	0	0	0.879	0.876	0	0.696	0.995
UQCRB	UQCRC1	9606.ENSP00000430494	9606.ENSP00000203407	0	0	0	0	0.740	0.999	0.975	0.964	0.999
UQCRB	NDUFB7	9606.ENSP00000430494	9606.ENSP00000215565	0	0	0	0	0.650	0.963	0.284	0.454	0.994
UQCRB	COX6A1	9606.ENSP00000430494	9606.ENSP00000229379	0	0	0	0	0.825	0.907	0.681	0.592	0.997
UQCRB	NDUFS7	9606.ENSP00000430494	9606.ENSP00000233627	0	0	0	0	0.535	0.909	0.288	0.379	0.978
UQCRB	NDUFA2	9606.ENSP00000430494	9606.ENSP00000252102	0	0	0	0	0.860	0.967	0.284	0.382	0.997
UQCRB	NDUFA10	9606.ENSP00000430494	9606.ENSP00000252711	0	0	0	0	0.245	0.922	0	0.306	0.956
UQCRB	COX5B	9606.ENSP00000430494	9606.ENSP00000258424	0	0	0	0	0.901	0.988	0.714	0.757	0.999
UQCRB	NDUFB5	9606.ENSP00000430494	9606.ENSP00000259037	0	0	0	0	0.856	0.826	0	0.454	0.985
UQCRB	COX17	9606.ENSP00000430494	9606.ENSP00000261070	0	0	0	0	0.146	0	0	0.336	0.409
UQCRB	TTC19	9606.ENSP00000430494	9606.ENSP00000261647	0	0	0	0	0.067	0	0	0.584	0.596
UQCRB	NDUFS3	9606.ENSP00000430494	9606.ENSP00000263774	0	0	0	0	0.861	0.966	0.172	0.453	0.997
UQCRB	SDHA	9606.ENSP00000430494	9606.ENSP00000264932	0	0	0	0	0.451	0.422	0.172	0.606	0.882
UQCRB	NDUFA9	9606.ENSP00000430494	9606.ENSP00000266544	0	0	0	0	0.672	0.945	0.218	0.341	0.989
UQCRB	UQCRC2	9606.ENSP00000430494	9606.ENSP00000268379	0	0	0	0	0.933	0.997	0.979	0.979	0.999
UQCRB	NDUFB10	9606.ENSP00000430494	9606.ENSP00000268668	0	0	0	0	0.737	0.966	0	0.417	0.994
UQCRB	NDUFS6	9606.ENSP00000430494	9606.ENSP00000274137	0	0	0	0	0.861	0.959	0	0.464	0.996
UQCRB	NDUFB11	9606.ENSP00000430494	9606.ENSP00000276062	0	0	0	0	0.516	0.861	0	0.357	0.953
UQCRB	NDUFB9	9606.ENSP00000430494	9606.ENSP00000276689	0	0	0	0	0.898	0.967	0.284	0.372	0.998
UQCRB	NDUFC2	9606.ENSP00000430494	9606.ENSP00000281031	0	0	0	0	0.734	0.838	0	0.389	0.971
UQCRB	COX7A1	9606.ENSP00000430494	9606.ENSP00000292907	0	0	0	0	0.106	0.956	0.360	0.799	0.994
UQCRB	NDUFS4	9606.ENSP00000430494	9606.ENSP00000296684	0	0	0	0	0.974	0.986	0.284	0.586	0.999
UQCRB	NDUFB8	9606.ENSP00000430494	9606.ENSP00000299166	0	0	0	0	0.904	0.861	0.172	0.412	0.992
UQCRB	NDUFA7	9606.ENSP00000430494	9606.ENSP00000301457	0	0	0	0	0.710	0.849	0	0.107	0.957
UQCRB	UQCRFS1	9606.ENSP00000430494	9606.ENSP00000306397	0	0	0	0	0.954	0.993	0.851	0.912	0.999
UQCRB	UQCRH	9606.ENSP00000430494	9606.ENSP00000309565	0	0	0	0	0.841	0.990	0.944	0.904	0.999
UQCRB	NDUFS8	9606.ENSP00000430494	9606.ENSP00000315774	0	0	0	0	0.903	0.963	0.284	0.410	0.998
UQCRB	CYC1	9606.ENSP00000430494	9606.ENSP00000317159	0	0	0	0	0.953	0.997	0.907	0.978	0.999
UQCRB	COX5A	9606.ENSP00000430494	9606.ENSP00000317780	0	0	0	0	0.970	0.984	0.656	0.646	0.999
UQCRB	COX8A	9606.ENSP00000430494	9606.ENSP00000321260	0	0	0	0	0.118	0	0.540	0.348	0.712
UQCRB	COX14	9606.ENSP00000430494	9606.ENSP00000326052	0	0	0	0	0.181	0	0	0.339	0.435
UQCRB	NDUFV2	9606.ENSP00000430494	9606.ENSP00000327268	0	0	0	0	0.949	0.967	0.284	0.488	0.999
UQCRB	NDUFA12	9606.ENSP00000430494	9606.ENSP00000330737	0	0	0	0	0.973	0.981	0.172	0.342	0.999
UQCRB	UQCR10	9606.ENSP00000430494	9606.ENSP00000332887	0	0	0	0	0.971	0.996	0.979	0.945	0.999
UQCRB	NDUFA4	9606.ENSP00000430494	9606.ENSP00000339720	0	0	0	0	0.694	0.225	0.540	0.527	0.941
UQCRB	NDUFV3	9606.ENSP00000430494	9606.ENSP00000346196	0	0	0	0	0.135	0.826	0	0.301	0.885
UQCRB	MT-CO1	9606.ENSP00000430494	9606.ENSP00000354499	0	0	0	0	0.181	0.973	0.602	0.584	0.995
UQCRB	MT-CYB	9606.ENSP00000430494	9606.ENSP00000354554	0	0	0	0	0	0.995	0.851	0.983	0.999
UQCRB	MT-ATP6	9606.ENSP00000430494	9606.ENSP00000354632	0	0	0	0	0.111	0	0	0.388	0.432
UQCRB	MT-ND1	9606.ENSP00000430494	9606.ENSP00000354687	0	0	0	0	0.214	0.925	0.172	0.324	0.962
UQCRB	MT-ND5	9606.ENSP00000430494	9606.ENSP00000354813	0	0	0	0	0.189	0.898	0.172	0.325	0.947
UQCRB	MT-CO2	9606.ENSP00000430494	9606.ENSP00000354876	0	0	0	0	0.100	0.943	0.787	0.391	0.992
UQCRB	MT-ND4	9606.ENSP00000430494	9606.ENSP00000354961	0	0	0	0	0.198	0.956	0.172	0.247	0.975
UQCRB	MT-CO3	9606.ENSP00000430494	9606.ENSP00000354982	0	0	0	0	0.076	0.975	0.656	0.257	0.993
UQCRB	MT-ND2	9606.ENSP00000430494	9606.ENSP00000355046	0	0	0	0	0.109	0.898	0.172	0.250	0.936
UQCRB	COA6	9606.ENSP00000430494	9606.ENSP00000355574	0	0	0	0	0.616	0.747	0.605	0.411	0.974
UQCRB	SDHC	9606.ENSP00000430494	9606.ENSP00000356953	0	0	0	0	0.851	0	0.172	0.323	0.909
UQCRB	NDUFS2	9606.ENSP00000430494	9606.ENSP00000356972	0	0	0	0	0.841	0.956	0.172	0.551	0.997
UQCRB	COX7A2	9606.ENSP00000430494	9606.ENSP00000359098	0	0	0	0	0.470	0	0.540	0.455	0.855
UQCRB	NDUFA1	9606.ENSP00000430494	9606.ENSP00000360492	0	0	0	0	0.486	0.812	0	0.508	0.948
UQCRB	SURF1	9606.ENSP00000430494	9606.ENSP00000361042	0	0	0	0	0.108	0	0	0.431	0.470
UQCRB	NDUFS5	9606.ENSP00000430494	9606.ENSP00000362058	0	0	0	0	0.633	0.854	0	0.387	0.964
UQCRB	NDUFA8	9606.ENSP00000430494	9606.ENSP00000362873	0	0	0	0	0.974	0.976	0.284	0.562	0.999
UQCRB	UQCC1	9606.ENSP00000430494	9606.ENSP00000363506	0	0	0	0	0.154	0.092	0	0.642	0.701
UQCRB	SDHB	9606.ENSP00000430494	9606.ENSP00000364649	0	0	0	0	0.868	0.221	0.172	0.561	0.957
UQCRB	SDHD	9606.ENSP00000430494	9606.ENSP00000364699	0	0	0	0	0.860	0	0.172	0.448	0.930
UQCRB	COX7A2L	9606.ENSP00000430494	9606.ENSP00000367938	0	0	0	0	0.097	0.859	0.360	0.446	0.949
UQCRB	UQCRQ	9606.ENSP00000430494	9606.ENSP00000367939	0	0	0	0	0.972	0.997	0.979	0.998	0.999
UQCRB	LYRM7	9606.ENSP00000430494	9606.ENSP00000368688	0	0	0	0	0.143	0	0	0.558	0.605
UQCRB	NDUFB6	9606.ENSP00000430494	9606.ENSP00000369176	0	0	0	0	0.897	0.826	0	0.389	0.988
UQCRB	NDUFA11	9606.ENSP00000430494	9606.ENSP00000389160	0	0	0	0	0.290	0.931	0	0.573	0.977
UQCRB	NDUFS1	9606.ENSP00000430494	9606.ENSP00000392709	0	0	0	0	0.866	0.979	0.284	0.555	0.998
UQCRB	HIGD1A	9606.ENSP00000430494	9606.ENSP00000398064	0	0	0	0	0.236	0	0	0.250	0.403
UQCRB	NDUFB3	9606.ENSP00000430494	9606.ENSP00000407336	0	0	0	0	0.823	0.826	0	0.432	0.981
UQCRB	BCS1L	9606.ENSP00000430494	9606.ENSP00000413908	0	0	0	0	0.130	0	0.540	0.896	0.955
UQCRB	NDUFA5	9606.ENSP00000430494	9606.ENSP00000417142	0	0	0	0	0.973	0.967	0.561	0.493	0.999
UQCRB	NDUFA3	9606.ENSP00000430494	9606.ENSP00000418438	0	0	0	0	0.278	0.826	0	0.312	0.906
UQCRB	NDUFB2	9606.ENSP00000430494	9606.ENSP00000419087	0	0	0	0	0.249	0.834	0	0.360	0.913
UQCRB	NDUFA13	9606.ENSP00000430494	9606.ENSP00000423673	0	0	0	0	0.712	0.948	0	0.365	0.989
UQCRB	COX7C	9606.ENSP00000430494	9606.ENSP00000425759	0	0	0	0	0.925	0.988	0.656	0.614	0.999
UQCRB	COX6C	9606.ENSP00000430494	9606.ENSP00000429707	0	0	0	0	0.791	0.834	0.540	0.550	0.991
UQCRB	DMAC2L	9606.ENSP00000430494	9606.ENSP00000451583	0	0	0	0	0.183	0	0	0.303	0.406
UQCRB	PET100	9606.ENSP00000430494	9606.ENSP00000470539	0	0	0	0	0.178	0	0	0.363	0.454
UQCRB	UQCC3	9606.ENSP00000430494	9606.ENSP00000432692	0	0	0	0	0.064	0	0	0.443	0.456
UQCRB	UQCC2	9606.ENSP00000430494	9606.ENSP00000476140	0	0	0	0	0.060	0	0	0.571	0.579
UQCRB	NDUFC1	9606.ENSP00000430494	9606.ENSP00000441126	0	0	0	0	0.350	0.811	0	0.223	0.896
UQCRB	NDUFB1	9606.ENSP00000430494	9606.ENSP00000483888	0	0	0	0	0.548	0.859	0	0.432	0.960
UQCRB	NDUFAB1	9606.ENSP00000430494	9606.ENSP00000458770	0	0	0	0	0.622	0.913	0	0.324	0.975
UQCRB	COX7B	9606.ENSP00000430494	9606.ENSP00000497474	0	0	0	0	0.433	0.883	0.540	0.542	0.984
UQCRB	COX4I1	9606.ENSP00000430494	9606.ENSP00000457513	0	0	0	0	0.760	0.968	0.632	0.601	0.998
UQCRB	NDUFA6	9606.ENSP00000430494	9606.ENSP00000482543	0	0	0	0	0.978	0.956	0.561	0.483	0.999
UQCRB	NDUFV1	9606.ENSP00000430494	9606.ENSP00000497587	0	0	0	0	0.867	0.982	0.561	0.540	0.999
UQCRB	UQCR11	9606.ENSP00000430494	9606.ENSP00000467262	0	0	0	0	0.560	0.982	0.967	0.787	0.999
UQCRB	COX6B1	9606.ENSP00000430494	9606.ENSP00000466818	0	0	0	0	0.767	0.980	0.716	0.602	0.999
UQCRC1	COX15	9606.ENSP00000203407	9606.ENSP00000016171	0	0	0	0	0.081	0.246	0.598	0.501	0.842
UQCRC1	TIMM21	9606.ENSP00000203407	9606.ENSP00000169551	0	0	0	0	0.058	0.306	0	0.243	0.462
UQCRC1	NDUFB4	9606.ENSP00000203407	9606.ENSP00000184266	0	0	0	0	0.234	0.856	0	0.728	0.967
UQCRC1	COA3	9606.ENSP00000203407	9606.ENSP00000354762	0	0	0	0	0.139	0.162	0	0.248	0.410
UQCRC1	FOXRED1	9606.ENSP00000203407	9606.ENSP00000263578	0	0	0	0	0.142	0	0	0.343	0.413
UQCRC1	COX18	9606.ENSP00000203407	9606.ENSP00000425261	0.051	0	0	0	0.141	0	0	0.342	0.416
UQCRC1	ACTB	9606.ENSP00000203407	9606.ENSP00000494750	0	0	0	0	0.138	0.162	0	0.262	0.420
UQCRC1	UQCC2	9606.ENSP00000203407	9606.ENSP00000476140	0	0	0	0	0.124	0	0	0.370	0.424
UQCRC1	NDUFAF3	9606.ENSP00000203407	9606.ENSP00000323076	0	0	0	0	0.240	0	0	0.277	0.428
UQCRC1	MT-ATP6	9606.ENSP00000203407	9606.ENSP00000354632	0	0	0	0	0.068	0	0	0.419	0.435
UQCRC1	LYRM7	9606.ENSP00000203407	9606.ENSP00000368688	0	0	0	0	0.060	0	0	0.432	0.444
UQCRC1	SCO1	9606.ENSP00000203407	9606.ENSP00000255390	0	0	0	0	0.062	0.127	0.151	0.330	0.471
UQCRC1	COX17	9606.ENSP00000203407	9606.ENSP00000261070	0	0	0	0	0.117	0	0.163	0.359	0.485
UQCRC1	TTC19	9606.ENSP00000203407	9606.ENSP00000261647	0	0	0	0	0.068	0	0	0.493	0.507
UQCRC1	NDUFAF1	9606.ENSP00000203407	9606.ENSP00000260361	0	0	0	0	0.167	0	0	0.464	0.534
UQCRC1	UQCC1	9606.ENSP00000203407	9606.ENSP00000363506	0	0	0	0	0.086	0.133	0	0.468	0.542
UQCRC1	HIGD1A	9606.ENSP00000203407	9606.ENSP00000398064	0	0	0	0	0.100	0.417	0	0.223	0.556
UQCRC1	COX11	9606.ENSP00000203407	9606.ENSP00000299335	0.111	0	0	0	0.068	0.161	0.163	0.457	0.627
UQCRC1	SURF1	9606.ENSP00000203407	9606.ENSP00000361042	0.095	0	0	0	0.063	0.430	0	0.390	0.666
UQCRC1	ECSIT	9606.ENSP00000203407	9606.ENSP00000270517	0	0	0	0	0.645	0	0	0.162	0.690
UQCRC1	SDHC	9606.ENSP00000203407	9606.ENSP00000356953	0	0	0	0	0.461	0	0.163	0.406	0.709
UQCRC1	SDHD	9606.ENSP00000203407	9606.ENSP00000364699	0	0	0	0	0.421	0.096	0.163	0.450	0.727
UQCRC1	COX8A	9606.ENSP00000203407	9606.ENSP00000321260	0	0	0	0	0.324	0	0.540	0.457	0.816
UQCRC1	BCS1L	9606.ENSP00000203407	9606.ENSP00000413908	0.042	0	0	0	0.176	0.100	0.540	0.562	0.831
UQCRC1	COA6	9606.ENSP00000203407	9606.ENSP00000355574	0	0	0	0	0.143	0.512	0.476	0.320	0.831
UQCRC1	COX7A2	9606.ENSP00000203407	9606.ENSP00000359098	0	0	0	0	0.166	0.070	0.594	0.534	0.833
UQCRC1	NDUFB2	9606.ENSP00000203407	9606.ENSP00000419087	0	0	0	0	0.133	0.800	0	0.290	0.866
UQCRC1	NDUFA4	9606.ENSP00000203407	9606.ENSP00000339720	0	0	0	0	0.157	0.244	0.540	0.669	0.890
UQCRC1	NDUFB1	9606.ENSP00000203407	9606.ENSP00000483888	0	0	0	0	0.110	0.856	0	0.231	0.893
UQCRC1	NDUFC1	9606.ENSP00000203407	9606.ENSP00000441126	0	0	0	0	0.156	0.811	0	0.387	0.894
UQCRC1	NDUFA1	9606.ENSP00000203407	9606.ENSP00000360492	0	0	0	0	0.129	0.844	0	0.473	0.922
UQCRC1	COX7A2L	9606.ENSP00000203407	9606.ENSP00000367938	0	0	0	0	0.060	0.806	0.360	0.445	0.926
UQCRC1	MT-ND2	9606.ENSP00000203407	9606.ENSP00000355046	0	0	0	0	0.054	0.886	0.181	0.339	0.933
UQCRC1	NDUFV3	9606.ENSP00000203407	9606.ENSP00000346196	0	0	0	0	0.267	0.835	0	0.531	0.938
UQCRC1	SDHB	9606.ENSP00000203407	9606.ENSP00000364649	0	0	0	0	0.749	0.113	0.378	0.608	0.938
UQCRC1	NDUFA3	9606.ENSP00000203407	9606.ENSP00000418438	0	0	0	0	0.297	0.867	0	0.403	0.939
UQCRC1	NDUFB11	9606.ENSP00000203407	9606.ENSP00000276062	0	0	0	0	0.487	0.856	0	0.251	0.940
UQCRC1	NDUFB3	9606.ENSP00000203407	9606.ENSP00000407336	0	0	0	0	0.186	0.856	0.154	0.469	0.940
UQCRC1	MT-ND5	9606.ENSP00000203407	9606.ENSP00000354813	0	0	0	0	0.065	0.886	0.181	0.416	0.942
UQCRC1	NDUFC2	9606.ENSP00000203407	9606.ENSP00000281031	0	0	0	0	0.247	0.852	0.151	0.480	0.944
UQCRC1	NDUFB6	9606.ENSP00000203407	9606.ENSP00000369176	0	0	0	0	0.342	0.856	0	0.469	0.945
UQCRC1	NDUFA7	9606.ENSP00000203407	9606.ENSP00000301457	0	0	0	0	0.337	0.848	0.154	0.491	0.950
UQCRC1	MT-ND1	9606.ENSP00000203407	9606.ENSP00000354687	0	0	0	0	0.067	0.917	0.215	0.355	0.955
UQCRC1	COX6C	9606.ENSP00000203407	9606.ENSP00000429707	0	0	0	0	0.189	0.834	0.594	0.435	0.965
UQCRC1	NDUFB5	9606.ENSP00000203407	9606.ENSP00000259037	0	0	0	0	0.581	0.856	0	0.497	0.967
UQCRC1	SDHA	9606.ENSP00000203407	9606.ENSP00000264932	0	0	0	0	0.842	0.176	0.237	0.719	0.968
UQCRC1	NDUFA11	9606.ENSP00000203407	9606.ENSP00000389160	0	0	0	0	0.571	0.852	0	0.556	0.969
UQCRC1	MT-ND4	9606.ENSP00000203407	9606.ENSP00000354961	0	0	0	0	0.067	0.947	0.215	0.343	0.971
UQCRC1	COX7B	9606.ENSP00000203407	9606.ENSP00000497474	0	0	0	0	0.081	0.903	0.540	0.440	0.974
UQCRC1	MT-CO2	9606.ENSP00000203407	9606.ENSP00000354876	0.061	0	0	0	0.079	0.890	0.622	0.518	0.979
UQCRC1	NDUFB8	9606.ENSP00000203407	9606.ENSP00000299166	0	0	0	0	0.495	0.875	0.216	0.691	0.982
UQCRC1	NDUFA13	9606.ENSP00000203407	9606.ENSP00000423673	0	0	0	0	0.681	0.917	0	0.389	0.982
UQCRC1	NDUFAB1	9606.ENSP00000203407	9606.ENSP00000458770	0	0	0	0	0.331	0.921	0	0.701	0.983
UQCRC1	NDUFB10	9606.ENSP00000203407	9606.ENSP00000268668	0	0	0	0	0.468	0.948	0.154	0.492	0.986
UQCRC1	NDUFA6	9606.ENSP00000203407	9606.ENSP00000482543	0	0	0	0	0.242	0.968	0.216	0.418	0.987
UQCRC1	COX6B1	9606.ENSP00000203407	9606.ENSP00000466818	0	0	0	0	0.337	0.917	0.623	0.545	0.989
UQCRC1	COX6A1	9606.ENSP00000203407	9606.ENSP00000229379	0	0	0	0	0.347	0.896	0.624	0.619	0.989
UQCRC1	MT-CO3	9606.ENSP00000203407	9606.ENSP00000354982	0.111	0	0	0	0.055	0.965	0.622	0.285	0.990
UQCRC1	NDUFS6	9606.ENSP00000203407	9606.ENSP00000274137	0	0	0	0	0.516	0.966	0	0.478	0.990
UQCRC1	NDUFB7	9606.ENSP00000203407	9606.ENSP00000215565	0	0	0	0	0.668	0.948	0.154	0.469	0.991
UQCRC1	NDUFA8	9606.ENSP00000203407	9606.ENSP00000362873	0	0	0	0	0.631	0.953	0.154	0.560	0.992
UQCRC1	NDUFA2	9606.ENSP00000203407	9606.ENSP00000252102	0	0	0	0	0.246	0.964	0.154	0.706	0.992
UQCRC1	NDUFA5	9606.ENSP00000203407	9606.ENSP00000417142	0	0	0	0	0.277	0.968	0.216	0.616	0.992
UQCRC1	NDUFS4	9606.ENSP00000203407	9606.ENSP00000296684	0	0	0	0	0.611	0.964	0.154	0.483	0.993
UQCRC1	COX7C	9606.ENSP00000203407	9606.ENSP00000425759	0	0	0	0	0.217	0.966	0.622	0.500	0.994
UQCRC1	NDUFS3	9606.ENSP00000203407	9606.ENSP00000263774	0	0	0	0	0.759	0.946	0.154	0.647	0.995
UQCRC1	MT-CO1	9606.ENSP00000203407	9606.ENSP00000354499	0.057	0	0	0	0.063	0.966	0.594	0.702	0.995
UQCRC1	NDUFA10	9606.ENSP00000203407	9606.ENSP00000252711	0	0	0	0	0.924	0.867	0.134	0.671	0.996
UQCRC1	NDUFB9	9606.ENSP00000203407	9606.ENSP00000276689	0	0	0	0	0.551	0.934	0.154	0.883	0.996
UQCRC1	NDUFV2	9606.ENSP00000203407	9606.ENSP00000327268	0	0	0	0	0.696	0.974	0.217	0.562	0.996
UQCRC1	NDUFS7	9606.ENSP00000203407	9606.ENSP00000233627	0	0	0	0	0.917	0.896	0.235	0.613	0.997
UQCRC1	COX7A1	9606.ENSP00000203407	9606.ENSP00000292907	0	0	0	0	0.073	0.959	0.360	0.945	0.998
UQCRC1	NDUFS8	9606.ENSP00000203407	9606.ENSP00000315774	0.110	0	0	0	0.873	0.968	0	0.561	0.998
UQCRC1	COX4I1	9606.ENSP00000203407	9606.ENSP00000457513	0	0	0	0	0.711	0.969	0.608	0.644	0.998
UQCRC1	NDUFA9	9606.ENSP00000203407	9606.ENSP00000266544	0	0	0	0	0.863	0.935	0.154	0.806	0.998
UQCRC1	NDUFS1	9606.ENSP00000203407	9606.ENSP00000392709	0	0	0	0	0.707	0.969	0.216	0.796	0.998
UQCRC1	UQCR10	9606.ENSP00000203407	9606.ENSP00000332887	0	0	0	0	0.403	0.999	0.975	0.829	0.999
UQCRC1	NDUFS5	9606.ENSP00000203407	9606.ENSP00000362058	0	0	0	0	0.191	0.998	0	0.407	0.999
UQCRC1	NDUFS2	9606.ENSP00000203407	9606.ENSP00000356972	0	0	0	0	0.956	0.953	0.154	0.759	0.999
UQCRC1	UQCR11	9606.ENSP00000203407	9606.ENSP00000467262	0	0	0	0	0.669	0.994	0.967	0.752	0.999
UQCRC1	UQCRH	9606.ENSP00000203407	9606.ENSP00000309565	0	0	0	0	0.154	0.988	0.944	0.902	0.999
UQCRC1	UQCRFS1	9606.ENSP00000203407	9606.ENSP00000306397	0	0.343	0	0	0.779	0.999	0.851	0.921	0.999
UQCRC1	NDUFV1	9606.ENSP00000203407	9606.ENSP00000497587	0	0	0	0	0.945	0.968	0.286	0.782	0.999
UQCRC1	COX5B	9606.ENSP00000203407	9606.ENSP00000258424	0	0	0	0	0.748	0.972	0.635	0.826	0.999
UQCRC1	UQCRC2	9606.ENSP00000203407	9606.ENSP00000268379	0	0	0.216	0.611	0.955	0.999	0.975	0.972	0.999
UQCRC1	CYC1	9606.ENSP00000203407	9606.ENSP00000317159	0	0	0	0	0.917	0.992	0.889	0.944	0.999
UQCRC1	UQCRB	9606.ENSP00000203407	9606.ENSP00000430494	0	0	0	0	0.740	0.999	0.975	0.964	0.999
UQCRC1	NDUFA12	9606.ENSP00000203407	9606.ENSP00000330737	0	0	0	0	0.328	0.999	0	0.410	0.999
UQCRC1	UQCRQ	9606.ENSP00000203407	9606.ENSP00000367939	0	0	0	0	0.526	0.999	0.975	0.912	0.999
UQCRC1	MT-CYB	9606.ENSP00000203407	9606.ENSP00000354554	0	0	0	0	0	0.980	0.851	0.752	0.999
UQCRC1	COX5A	9606.ENSP00000203407	9606.ENSP00000317780	0	0	0	0	0.848	0.966	0.657	0.716	0.999
UQCRC2	COX15	9606.ENSP00000268379	9606.ENSP00000016171	0	0	0	0	0.098	0.184	0.752	0.460	0.888
UQCRC2	TIMM21	9606.ENSP00000268379	9606.ENSP00000169551	0	0	0	0	0.084	0.244	0	0.214	0.408
UQCRC2	NDUFB4	9606.ENSP00000268379	9606.ENSP00000184266	0	0	0	0	0.277	0.889	0	0.442	0.951
UQCRC2	UQCRC1	9606.ENSP00000268379	9606.ENSP00000203407	0	0	0.216	0.611	0.955	0.999	0.975	0.972	0.999
UQCRC2	NDUFB7	9606.ENSP00000268379	9606.ENSP00000215565	0	0	0	0	0.323	0.913	0.172	0.327	0.963
UQCRC2	COX6A1	9606.ENSP00000268379	9606.ENSP00000229379	0	0	0	0	0.402	0.840	0.707	0.392	0.980
UQCRC2	NDUFS7	9606.ENSP00000268379	9606.ENSP00000233627	0	0	0	0	0.470	0.910	0.215	0.538	0.980
UQCRC2	NDUFA2	9606.ENSP00000268379	9606.ENSP00000252102	0	0	0	0	0.235	0.924	0.172	0.532	0.974
UQCRC2	NDUFA10	9606.ENSP00000268379	9606.ENSP00000252711	0	0	0	0	0.694	0.894	0.172	0.544	0.986
UQCRC2	SCO1	9606.ENSP00000268379	9606.ENSP00000255390	0	0	0	0	0.067	0.127	0.139	0.298	0.442
UQCRC2	COX5B	9606.ENSP00000268379	9606.ENSP00000258424	0	0	0	0	0.776	0.990	0.786	0.664	0.999
UQCRC2	NDUFB5	9606.ENSP00000268379	9606.ENSP00000259037	0	0	0	0	0.591	0.884	0	0.545	0.976
UQCRC2	NDUFAF1	9606.ENSP00000268379	9606.ENSP00000260361	0	0	0	0	0.105	0	0	0.375	0.416
UQCRC2	COX17	9606.ENSP00000268379	9606.ENSP00000261070	0	0	0	0	0.082	0	0.154	0.329	0.433
UQCRC2	TTC19	9606.ENSP00000268379	9606.ENSP00000261647	0	0	0	0	0.087	0	0	0.572	0.593
UQCRC2	NDUFS3	9606.ENSP00000268379	9606.ENSP00000263774	0	0	0	0	0.705	0.939	0.172	0.735	0.995
UQCRC2	SDHA	9606.ENSP00000268379	9606.ENSP00000264932	0	0	0	0	0.865	0.134	0.190	0.913	0.990
UQCRC2	NDUFA9	9606.ENSP00000268379	9606.ENSP00000266544	0	0	0	0	0.781	0.900	0.130	0.889	0.997
UQCRC2	COA3	9606.ENSP00000268379	9606.ENSP00000354762	0	0	0	0	0.075	0.162	0	0.290	0.402
UQCRC2	AIFM1	9606.ENSP00000268379	9606.ENSP00000287295	0.042	0	0	0	0.126	0.163	0	0.251	0.406
UQCRC2	COX18	9606.ENSP00000268379	9606.ENSP00000425261	0.051	0	0	0	0.141	0	0	0.335	0.411
UQCRC2	MT-ATP8	9606.ENSP00000268379	9606.ENSP00000355265	0	0	0	0	0.067	0	0	0.407	0.423
UQCRC2	ACAD9	9606.ENSP00000268379	9606.ENSP00000312618	0	0	0	0	0.142	0	0	0.356	0.424
UQCRC2	UQCC2	9606.ENSP00000268379	9606.ENSP00000476140	0	0	0	0	0.076	0	0	0.434	0.455
UQCRC2	HIGD1A	9606.ENSP00000268379	9606.ENSP00000398064	0	0	0	0	0.124	0.294	0	0.231	0.483
UQCRC2	UQCC3	9606.ENSP00000268379	9606.ENSP00000432692	0	0	0	0	0.055	0	0	0.494	0.502
UQCRC2	MT-ATP6	9606.ENSP00000268379	9606.ENSP00000354632	0	0	0	0	0.075	0	0	0.499	0.516
UQCRC2	SURF1	9606.ENSP00000268379	9606.ENSP00000361042	0.095	0	0	0	0.061	0.190	0	0.382	0.517
UQCRC2	ACTB	9606.ENSP00000268379	9606.ENSP00000494750	0	0	0	0	0.080	0.162	0	0.433	0.525
UQCRC2	LYRM7	9606.ENSP00000268379	9606.ENSP00000368688	0	0	0	0	0.093	0	0	0.554	0.579
UQCRC2	UQCC1	9606.ENSP00000268379	9606.ENSP00000363506	0	0	0	0	0.163	0.119	0	0.539	0.631
UQCRC2	COX11	9606.ENSP00000268379	9606.ENSP00000299335	0.111	0	0	0	0.122	0.129	0.154	0.506	0.664
UQCRC2	COX8A	9606.ENSP00000268379	9606.ENSP00000321260	0	0	0	0	0.133	0	0.540	0.501	0.784
UQCRC2	SDHC	9606.ENSP00000268379	9606.ENSP00000356953	0	0	0	0	0.629	0	0.172	0.518	0.839
UQCRC2	COX7A2	9606.ENSP00000268379	9606.ENSP00000359098	0	0	0	0	0.229	0.202	0.602	0.476	0.855
UQCRC2	NDUFB2	9606.ENSP00000268379	9606.ENSP00000419087	0	0	0	0	0.125	0.800	0	0.269	0.860
UQCRC2	NDUFC1	9606.ENSP00000268379	9606.ENSP00000441126	0	0	0	0	0.212	0.811	0	0.221	0.874
UQCRC2	NDUFB1	9606.ENSP00000268379	9606.ENSP00000483888	0	0	0	0	0.126	0.855	0	0.290	0.902
UQCRC2	NDUFA11	9606.ENSP00000268379	9606.ENSP00000389160	0	0	0	0	0.164	0.852	0	0.365	0.914
UQCRC2	NDUFV3	9606.ENSP00000268379	9606.ENSP00000346196	0	0	0	0	0.170	0.831	0	0.442	0.915
UQCRC2	BCS1L	9606.ENSP00000268379	9606.ENSP00000413908	0.042	0	0	0	0.094	0.100	0.720	0.690	0.920
UQCRC2	NDUFA3	9606.ENSP00000268379	9606.ENSP00000418438	0	0	0	0	0.153	0.866	0	0.366	0.921
UQCRC2	NDUFB11	9606.ENSP00000268379	9606.ENSP00000276062	0	0	0	0	0.218	0.855	0	0.367	0.922
UQCRC2	COA6	9606.ENSP00000268379	9606.ENSP00000355574	0	0	0	0	0.271	0.743	0.524	0.308	0.930
UQCRC2	NDUFC2	9606.ENSP00000268379	9606.ENSP00000281031	0	0	0	0	0.295	0.854	0.163	0.343	0.936
UQCRC2	COX7A2L	9606.ENSP00000268379	9606.ENSP00000367938	0	0	0	0	0.286	0.806	0.360	0.371	0.937
UQCRC2	MT-ND2	9606.ENSP00000268379	9606.ENSP00000355046	0	0	0	0	0.055	0.874	0.218	0.424	0.939
UQCRC2	NDUFA1	9606.ENSP00000268379	9606.ENSP00000360492	0	0	0	0	0.184	0.830	0	0.616	0.942
UQCRC2	NDUFA7	9606.ENSP00000268379	9606.ENSP00000301457	0	0	0	0	0.348	0.848	0.172	0.402	0.944
UQCRC2	MT-ND5	9606.ENSP00000268379	9606.ENSP00000354813	0	0	0	0	0.064	0.874	0.284	0.440	0.946
UQCRC2	MT-ND4	9606.ENSP00000268379	9606.ENSP00000354961	0	0	0	0	0.064	0.894	0.284	0.423	0.953
UQCRC2	NDUFB6	9606.ENSP00000268379	9606.ENSP00000369176	0	0	0	0	0.368	0.866	0	0.511	0.955
UQCRC2	NDUFS5	9606.ENSP00000268379	9606.ENSP00000362058	0	0	0	0	0.165	0.910	0	0.457	0.955
UQCRC2	NDUFA13	9606.ENSP00000268379	9606.ENSP00000423673	0	0	0	0	0.344	0.886	0	0.453	0.955
UQCRC2	MT-ND1	9606.ENSP00000268379	9606.ENSP00000354687	0	0	0	0	0.064	0.886	0.284	0.512	0.957
UQCRC2	NDUFB3	9606.ENSP00000268379	9606.ENSP00000407336	0	0	0	0	0.383	0.877	0.172	0.438	0.960
UQCRC2	NDUFS6	9606.ENSP00000268379	9606.ENSP00000274137	0	0	0	0	0.256	0.921	0	0.441	0.964
UQCRC2	SDHD	9606.ENSP00000268379	9606.ENSP00000364699	0	0	0	0	0.924	0.091	0.172	0.469	0.965
UQCRC2	COX6C	9606.ENSP00000268379	9606.ENSP00000429707	0	0	0	0	0.266	0.834	0.602	0.402	0.967
UQCRC2	NDUFB10	9606.ENSP00000268379	9606.ENSP00000268668	0	0	0	0	0.275	0.912	0.172	0.475	0.968
UQCRC2	NDUFA6	9606.ENSP00000268379	9606.ENSP00000482543	0	0	0	0	0.231	0.922	0.284	0.390	0.970
UQCRC2	NDUFAB1	9606.ENSP00000268379	9606.ENSP00000458770	0	0	0	0	0.451	0.895	0	0.546	0.971
UQCRC2	NDUFB9	9606.ENSP00000268379	9606.ENSP00000276689	0	0	0	0	0.453	0.911	0.172	0.487	0.976
UQCRC2	COX7B	9606.ENSP00000268379	9606.ENSP00000497474	0	0	0	0	0.268	0.903	0.540	0.382	0.977
UQCRC2	NDUFA4	9606.ENSP00000268379	9606.ENSP00000339720	0	0	0	0	0.294	0.333	0.900	0.639	0.980
UQCRC2	NDUFA12	9606.ENSP00000268379	9606.ENSP00000330737	0	0	0	0	0.634	0.934	0	0.355	0.983
UQCRC2	COX7A1	9606.ENSP00000268379	9606.ENSP00000292907	0	0	0	0	0.057	0.967	0.360	0.290	0.984
UQCRC2	NDUFS8	9606.ENSP00000268379	9606.ENSP00000315774	0.110	0	0	0	0.605	0.937	0	0.522	0.988
UQCRC2	NDUFA8	9606.ENSP00000268379	9606.ENSP00000362873	0	0	0	0	0.615	0.908	0.172	0.658	0.988
UQCRC2	NDUFA5	9606.ENSP00000268379	9606.ENSP00000417142	0	0	0	0	0.644	0.933	0.284	0.495	0.990
UQCRC2	NDUFS2	9606.ENSP00000268379	9606.ENSP00000356972	0	0	0	0	0.802	0.911	0.172	0.670	0.994
UQCRC2	NDUFV2	9606.ENSP00000268379	9606.ENSP00000327268	0	0	0	0	0.904	0.921	0.196	0.540	0.996
UQCRC2	NDUFS4	9606.ENSP00000268379	9606.ENSP00000296684	0	0	0	0	0.920	0.935	0.172	0.546	0.997
UQCRC2	COX6B1	9606.ENSP00000268379	9606.ENSP00000466818	0	0	0	0	0.417	0.975	0.681	0.567	0.997
UQCRC2	SDHB	9606.ENSP00000268379	9606.ENSP00000364649	0	0	0	0	0.832	0.235	0.281	0.976	0.997
UQCRC2	NDUFV1	9606.ENSP00000268379	9606.ENSP00000497587	0	0	0	0	0.930	0.933	0.286	0.646	0.998
UQCRC2	NDUFS1	9606.ENSP00000268379	9606.ENSP00000392709	0	0	0	0	0.921	0.939	0.216	0.687	0.998
UQCRC2	NDUFB8	9606.ENSP00000268379	9606.ENSP00000299166	0	0	0	0	0.663	0.885	0.284	0.947	0.998
UQCRC2	UQCRFS1	9606.ENSP00000268379	9606.ENSP00000306397	0	0	0	0	0.933	0.994	0.967	0.988	0.999
UQCRC2	CYC1	9606.ENSP00000268379	9606.ENSP00000317159	0	0	0	0	0.965	0.991	0.907	0.904	0.999
UQCRC2	COX4I1	9606.ENSP00000268379	9606.ENSP00000457513	0	0	0	0	0.654	0.985	0.714	0.867	0.999
UQCRC2	MT-CO2	9606.ENSP00000268379	9606.ENSP00000354876	0.061	0	0	0	0.082	0.963	0.925	0.762	0.999
UQCRC2	COX7C	9606.ENSP00000268379	9606.ENSP00000425759	0	0	0	0	0.375	0.995	0.925	0.381	0.999
UQCRC2	MT-CO3	9606.ENSP00000268379	9606.ENSP00000354982	0.111	0	0	0	0.056	0.986	0.925	0.416	0.999
UQCRC2	UQCR10	9606.ENSP00000268379	9606.ENSP00000332887	0	0	0	0	0.435	0.995	0.979	0.839	0.999
UQCRC2	UQCR11	9606.ENSP00000268379	9606.ENSP00000467262	0	0	0	0	0.211	0.987	0.967	0.720	0.999
UQCRC2	UQCRH	9606.ENSP00000268379	9606.ENSP00000309565	0	0	0	0	0.330	0.992	0.944	0.800	0.999
UQCRC2	UQCRQ	9606.ENSP00000268379	9606.ENSP00000367939	0	0	0	0	0.685	0.997	0.979	0.898	0.999
UQCRC2	MT-CO1	9606.ENSP00000268379	9606.ENSP00000354499	0.057	0	0	0	0.067	0.982	0.913	0.978	0.999
UQCRC2	MT-CYB	9606.ENSP00000268379	9606.ENSP00000354554	0	0	0	0	0	0.985	0.851	0.852	0.999
UQCRC2	COX5A	9606.ENSP00000268379	9606.ENSP00000317780	0	0	0	0	0.923	0.988	0.953	0.732	0.999
UQCRC2	UQCRB	9606.ENSP00000268379	9606.ENSP00000430494	0	0	0	0	0.933	0.997	0.979	0.979	0.999
UQCRFS1	COX15	9606.ENSP00000306397	9606.ENSP00000016171	0	0	0	0	0.176	0	0.944	0.572	0.978
UQCRFS1	TIMM21	9606.ENSP00000306397	9606.ENSP00000169551	0	0	0	0	0.111	0.095	0	0.375	0.453
UQCRFS1	NDUFB4	9606.ENSP00000306397	9606.ENSP00000184266	0	0	0	0	0.492	0.908	0	0.606	0.980
UQCRFS1	UQCRC1	9606.ENSP00000306397	9606.ENSP00000203407	0	0.343	0	0	0.779	0.999	0.851	0.921	0.999
UQCRFS1	NDUFB7	9606.ENSP00000306397	9606.ENSP00000215565	0	0	0	0	0.561	0.972	0.504	0.426	0.996
UQCRFS1	COX6A1	9606.ENSP00000306397	9606.ENSP00000229379	0	0	0	0	0.417	0.842	0.673	0.618	0.986
UQCRFS1	NDUFS7	9606.ENSP00000306397	9606.ENSP00000233627	0.045	0	0	0	0.594	0.919	0.585	0.566	0.993
UQCRFS1	NDUFA2	9606.ENSP00000306397	9606.ENSP00000252102	0	0	0	0	0.689	0.988	0.284	0.576	0.998
UQCRFS1	NDUFA10	9606.ENSP00000306397	9606.ENSP00000252711	0	0	0	0	0.582	0.866	0.172	0.452	0.971
UQCRFS1	SCO1	9606.ENSP00000306397	9606.ENSP00000255390	0	0	0	0	0.125	0	0.792	0.389	0.879
UQCRFS1	COX5B	9606.ENSP00000306397	9606.ENSP00000258424	0	0	0	0	0.970	0.991	0.715	0.664	0.999
UQCRFS1	NDUFB5	9606.ENSP00000306397	9606.ENSP00000259037	0	0	0	0	0.744	0.867	0	0.438	0.979
UQCRFS1	NDUFAF1	9606.ENSP00000306397	9606.ENSP00000260361	0	0	0	0	0.101	0.074	0	0.343	0.405
UQCRFS1	COX17	9606.ENSP00000306397	9606.ENSP00000261070	0	0	0	0	0.111	0	0	0.443	0.484
UQCRFS1	TTC19	9606.ENSP00000306397	9606.ENSP00000261647	0	0	0	0	0.061	0.100	0	0.637	0.667
UQCRFS1	NDUFS3	9606.ENSP00000306397	9606.ENSP00000263774	0	0	0	0	0.877	0.973	0.809	0.710	0.999
UQCRFS1	SDHA	9606.ENSP00000306397	9606.ENSP00000264932	0.119	0	0	0	0.917	0.385	0.279	0.819	0.993
UQCRFS1	NDUFA9	9606.ENSP00000306397	9606.ENSP00000266544	0.055	0	0	0	0.874	0.999	0.449	0.758	0.999
UQCRFS1	UQCRC2	9606.ENSP00000306397	9606.ENSP00000268379	0	0	0	0	0.933	0.994	0.967	0.988	0.999
UQCRFS1	NDUFB10	9606.ENSP00000306397	9606.ENSP00000268668	0	0	0	0	0.362	0.968	0.172	0.446	0.989
UQCRFS1	NDUFS6	9606.ENSP00000306397	9606.ENSP00000274137	0	0	0	0	0.921	0.987	0.155	0.552	0.999
UQCRFS1	NDUFB11	9606.ENSP00000306397	9606.ENSP00000276062	0	0	0	0	0.412	0.855	0	0.263	0.932
UQCRFS1	NDUFB9	9606.ENSP00000306397	9606.ENSP00000276689	0	0	0	0	0.771	0.975	0.284	0.835	0.999
UQCRFS1	NDUFC2	9606.ENSP00000306397	9606.ENSP00000281031	0	0	0	0	0.635	0.854	0.163	0.414	0.970
UQCRFS1	NUBPL	9606.ENSP00000306397	9606.ENSP00000281081	0.044	0	0	0	0.059	0.128	0	0.338	0.411
UQCRFS1	COX7A1	9606.ENSP00000306397	9606.ENSP00000292907	0	0	0	0	0	0.967	0.360	0.369	0.985
UQCRFS1	NDUFAF2	9606.ENSP00000306397	9606.ENSP00000296597	0	0	0	0	0.150	0	0	0.359	0.432
UQCRFS1	NDUFS4	9606.ENSP00000306397	9606.ENSP00000296684	0	0	0	0	0.892	0.988	0.560	0.569	0.999
UQCRFS1	NDUFB8	9606.ENSP00000306397	9606.ENSP00000299166	0	0	0	0	0.942	0.884	0.284	0.574	0.997
UQCRFS1	COX11	9606.ENSP00000306397	9606.ENSP00000299335	0	0	0.211	0	0.106	0	0.558	0.399	0.787
UQCRFS1	NDUFA7	9606.ENSP00000306397	9606.ENSP00000301457	0	0	0	0	0.281	0.854	0.172	0.280	0.929
UQCRFS1	COX18	9606.ENSP00000306397	9606.ENSP00000425261	0	0	0	0	0.088	0	0	0.386	0.417
UQCRFS1	TMEM70	9606.ENSP00000306397	9606.ENSP00000312599	0	0	0	0	0.148	0.165	0	0.275	0.439
UQCRFS1	UQCC2	9606.ENSP00000306397	9606.ENSP00000476140	0	0	0	0	0.063	0	0	0.435	0.447
UQCRFS1	SDHAF1	9606.ENSP00000306397	9606.ENSP00000368165	0	0	0	0	0.049	0	0	0.471	0.475
UQCRFS1	HIGD1A	9606.ENSP00000306397	9606.ENSP00000398064	0	0	0	0	0.199	0.127	0	0.334	0.493
UQCRFS1	UQCC1	9606.ENSP00000306397	9606.ENSP00000363506	0	0	0	0	0.100	0	0	0.475	0.507
UQCRFS1	COX8A	9606.ENSP00000306397	9606.ENSP00000321260	0	0	0	0	0.256	0	0.540	0.406	0.779
UQCRFS1	COX7A2	9606.ENSP00000306397	9606.ENSP00000359098	0	0	0	0	0.267	0.142	0.602	0.457	0.846
UQCRFS1	SCO2	9606.ENSP00000306397	9606.ENSP00000444433	0	0	0	0	0.072	0	0.792	0.306	0.854
UQCRFS1	NDUFB2	9606.ENSP00000306397	9606.ENSP00000419087	0	0	0	0	0.145	0.800	0	0.359	0.880
UQCRFS1	SURF1	9606.ENSP00000306397	9606.ENSP00000361042	0	0	0	0	0.102	0.094	0.792	0.394	0.883
UQCRFS1	NDUFC1	9606.ENSP00000306397	9606.ENSP00000441126	0	0	0	0	0.266	0.811	0	0.357	0.903
UQCRFS1	NDUFA1	9606.ENSP00000306397	9606.ENSP00000360492	0	0	0	0	0.193	0.830	0	0.402	0.911
UQCRFS1	MT-ATP6	9606.ENSP00000306397	9606.ENSP00000354632	0	0	0	0	0.594	0	0	0.791	0.911
UQCRFS1	NDUFV3	9606.ENSP00000306397	9606.ENSP00000346196	0	0	0	0	0.116	0.831	0	0.477	0.915
UQCRFS1	NDUFB1	9606.ENSP00000306397	9606.ENSP00000483888	0	0	0	0	0.337	0.855	0	0.280	0.925
UQCRFS1	NDUFA3	9606.ENSP00000306397	9606.ENSP00000418438	0	0	0	0	0.276	0.866	0	0.305	0.927
UQCRFS1	COX7A2L	9606.ENSP00000306397	9606.ENSP00000367938	0	0	0	0	0.074	0.806	0.360	0.451	0.928
UQCRFS1	COA6	9606.ENSP00000306397	9606.ENSP00000355574	0	0	0	0	0.345	0.748	0.628	0.277	0.949
UQCRFS1	SDHC	9606.ENSP00000306397	9606.ENSP00000356953	0.069	0	0	0	0.901	0	0	0.512	0.951
UQCRFS1	BCS1L	9606.ENSP00000306397	9606.ENSP00000413908	0	0	0	0	0.133	0.283	0.720	0.756	0.952
UQCRFS1	SDHD	9606.ENSP00000306397	9606.ENSP00000364699	0	0	0	0	0.906	0	0	0.509	0.952
UQCRFS1	LYRM7	9606.ENSP00000306397	9606.ENSP00000368688	0	0	0	0	0.044	0.716	0	0.864	0.959
UQCRFS1	COX7B	9606.ENSP00000306397	9606.ENSP00000497474	0	0	0	0	0.224	0.903	0.540	0.397	0.976
UQCRFS1	NDUFA4	9606.ENSP00000306397	9606.ENSP00000339720	0	0	0	0	0.443	0.249	0.900	0.505	0.976
UQCRFS1	COX6C	9606.ENSP00000306397	9606.ENSP00000429707	0	0	0	0	0.313	0.883	0.602	0.410	0.978
UQCRFS1	NDUFB3	9606.ENSP00000306397	9606.ENSP00000407336	0	0	0	0	0.753	0.855	0.172	0.414	0.980
UQCRFS1	NDUFB6	9606.ENSP00000306397	9606.ENSP00000369176	0	0	0	0	0.803	0.867	0	0.489	0.985
UQCRFS1	MT-ND2	9606.ENSP00000306397	9606.ENSP00000355046	0.041	0	0	0	0.097	0.919	0.792	0.572	0.992
UQCRFS1	MT-ND5	9606.ENSP00000306397	9606.ENSP00000354813	0.041	0	0	0	0.139	0.919	0.792	0.578	0.993
UQCRFS1	NDUFAB1	9606.ENSP00000306397	9606.ENSP00000458770	0	0	0	0	0.732	0.967	0.218	0.447	0.995
UQCRFS1	MT-ND4	9606.ENSP00000306397	9606.ENSP00000354961	0.043	0	0	0	0.172	0.967	0.809	0.549	0.997
UQCRFS1	MT-ND1	9606.ENSP00000306397	9606.ENSP00000354687	0.042	0	0	0	0.222	0.959	0.809	0.606	0.997
UQCRFS1	COX6B1	9606.ENSP00000306397	9606.ENSP00000466818	0	0	0	0	0.477	0.967	0.733	0.521	0.997
UQCRFS1	NDUFA8	9606.ENSP00000306397	9606.ENSP00000362873	0	0	0	0	0.617	0.977	0.284	0.585	0.997
UQCRFS1	SDHB	9606.ENSP00000306397	9606.ENSP00000364649	0.158	0	0	0	0.973	0.230	0.765	0.709	0.998
UQCRFS1	MT-CYB	9606.ENSP00000306397	9606.ENSP00000354554	0.111	0	0.258	0	0.691	0.991	0.967	0.998	0.999
UQCRFS1	NDUFS1	9606.ENSP00000306397	9606.ENSP00000392709	0.094	0	0	0	0.732	0.988	0.809	0.734	0.999
UQCRFS1	NDUFV2	9606.ENSP00000306397	9606.ENSP00000327268	0	0	0	0	0.926	0.988	0.809	0.781	0.999
UQCRFS1	COX5A	9606.ENSP00000306397	9606.ENSP00000317780	0	0	0	0	0.974	0.991	0.925	0.750	0.999
UQCRFS1	UQCRQ	9606.ENSP00000306397	9606.ENSP00000367939	0	0	0	0	0.934	0.995	0.851	0.833	0.999
UQCRFS1	MT-CO1	9606.ENSP00000306397	9606.ENSP00000354499	0.231	0	0	0	0.645	0.991	0.980	0.796	0.999
UQCRFS1	NDUFA13	9606.ENSP00000306397	9606.ENSP00000423673	0	0	0	0	0.569	0.998	0.155	0.426	0.999
UQCRFS1	NDUFA12	9606.ENSP00000306397	9606.ENSP00000330737	0	0	0	0	0.950	0.998	0.172	0.415	0.999
UQCRFS1	UQCRB	9606.ENSP00000306397	9606.ENSP00000430494	0	0	0	0	0.954	0.993	0.851	0.912	0.999
UQCRFS1	NDUFA6	9606.ENSP00000306397	9606.ENSP00000482543	0	0	0	0	0.596	0.988	0.788	0.546	0.999
UQCRFS1	NDUFA5	9606.ENSP00000306397	9606.ENSP00000417142	0	0	0	0	0.788	0.988	0.799	0.616	0.999
UQCRFS1	MT-CO2	9606.ENSP00000306397	9606.ENSP00000354876	0.231	0	0	0	0.386	0.966	0.980	0.596	0.999
UQCRFS1	NDUFA11	9606.ENSP00000306397	9606.ENSP00000389160	0	0	0	0	0.360	0.998	0	0.412	0.999
UQCRFS1	CYC1	9606.ENSP00000306397	9606.ENSP00000317159	0.231	0	0.251	0	0.977	0.995	0.980	0.999	0.999
UQCRFS1	COX4I1	9606.ENSP00000306397	9606.ENSP00000457513	0	0	0	0	0.852	0.967	0.633	0.632	0.999
UQCRFS1	NDUFV1	9606.ENSP00000306397	9606.ENSP00000497587	0	0	0	0	0.732	0.990	0.809	0.815	0.999
UQCRFS1	UQCRH	9606.ENSP00000306397	9606.ENSP00000309565	0	0	0	0	0.689	0.969	0.744	0.791	0.999
UQCRFS1	MT-CO3	9606.ENSP00000306397	9606.ENSP00000354982	0.231	0	0	0	0.907	0.991	0.980	0.541	0.999
UQCRFS1	UQCR10	9606.ENSP00000306397	9606.ENSP00000332887	0	0	0	0	0.842	0.995	0.851	0.827	0.999
UQCRFS1	NDUFS2	9606.ENSP00000306397	9606.ENSP00000356972	0	0	0	0	0.920	0.967	0.809	0.676	0.999
UQCRFS1	NDUFS5	9606.ENSP00000306397	9606.ENSP00000362058	0	0	0	0	0.471	0.998	0	0.430	0.999
UQCRFS1	UQCR11	9606.ENSP00000306397	9606.ENSP00000467262	0	0	0	0	0.411	0.985	0.851	0.847	0.999
UQCRFS1	NDUFS8	9606.ENSP00000306397	9606.ENSP00000315774	0.191	0	0	0	0.937	0.988	0.809	0.613	0.999
UQCRFS1	COX7C	9606.ENSP00000306397	9606.ENSP00000425759	0	0	0	0	0.787	0.989	0.913	0.401	0.999
UQCRH	COX15	9606.ENSP00000309565	9606.ENSP00000016171	0	0	0	0	0.110	0	0.540	0.253	0.667
UQCRH	NDUFB4	9606.ENSP00000309565	9606.ENSP00000184266	0	0	0	0	0.428	0.883	0	0.344	0.952
UQCRH	UQCRC1	9606.ENSP00000309565	9606.ENSP00000203407	0	0	0	0	0.154	0.988	0.944	0.902	0.999
UQCRH	NDUFB7	9606.ENSP00000309565	9606.ENSP00000215565	0	0	0	0	0.574	0.957	0.406	0.798	0.997
UQCRH	COX6A1	9606.ENSP00000309565	9606.ENSP00000229379	0	0	0	0	0.478	0.603	0.649	0.606	0.967
UQCRH	NDUFS7	9606.ENSP00000309565	9606.ENSP00000233627	0	0	0	0	0.336	0.904	0.187	0.386	0.964
UQCRH	NDUFA2	9606.ENSP00000309565	9606.ENSP00000252102	0	0	0	0	0.865	0.958	0.237	0.357	0.996
UQCRH	NDUFA10	9606.ENSP00000309565	9606.ENSP00000252711	0	0	0	0	0.147	0.856	0.163	0.419	0.932
UQCRH	COX5B	9606.ENSP00000309565	9606.ENSP00000258424	0	0	0	0	0.744	0.955	0.658	0.567	0.998
UQCRH	NDUFB5	9606.ENSP00000309565	9606.ENSP00000259037	0	0	0	0	0.696	0.856	0	0.543	0.978
UQCRH	COX17	9606.ENSP00000309565	9606.ENSP00000261070	0	0	0	0	0.146	0	0	0.423	0.486
UQCRH	TTC19	9606.ENSP00000309565	9606.ENSP00000261647	0	0	0	0	0.093	0	0	0.447	0.478
UQCRH	NDUFS3	9606.ENSP00000309565	9606.ENSP00000263774	0	0	0	0	0.450	0.956	0.237	0.418	0.988
UQCRH	SDHA	9606.ENSP00000309565	9606.ENSP00000264932	0	0	0	0	0.693	0	0	0.581	0.866
UQCRH	NDUFA9	9606.ENSP00000309565	9606.ENSP00000266544	0	0	0	0	0.440	0.903	0.285	0.349	0.971
UQCRH	UQCRC2	9606.ENSP00000309565	9606.ENSP00000268379	0	0	0	0	0.330	0.992	0.944	0.800	0.999
UQCRH	NDUFB10	9606.ENSP00000309565	9606.ENSP00000268668	0	0	0	0	0.649	0.952	0.163	0.422	0.990
UQCRH	NDUFS6	9606.ENSP00000309565	9606.ENSP00000274137	0	0	0	0	0.849	0.952	0.163	0.389	0.995
UQCRH	NDUFB11	9606.ENSP00000309565	9606.ENSP00000276062	0	0	0	0	0.430	0.856	0	0.552	0.960
UQCRH	NDUFB9	9606.ENSP00000309565	9606.ENSP00000276689	0	0	0	0	0.711	0.950	0.237	0.690	0.996
UQCRH	NDUFC2	9606.ENSP00000309565	9606.ENSP00000281031	0	0	0	0	0.513	0.854	0.154	0.439	0.961
UQCRH	COX7A1	9606.ENSP00000309565	9606.ENSP00000292907	0	0	0	0	0.047	0.950	0.360	0.381	0.979
UQCRH	NDUFAF2	9606.ENSP00000309565	9606.ENSP00000296597	0	0	0	0	0.122	0	0	0.345	0.401
UQCRH	NDUFS4	9606.ENSP00000309565	9606.ENSP00000296684	0	0	0	0	0.656	0.973	0.406	0.505	0.996
UQCRH	NDUFB8	9606.ENSP00000309565	9606.ENSP00000299166	0	0	0	0	0.848	0.856	0.236	0.449	0.989
UQCRH	NDUFA7	9606.ENSP00000309565	9606.ENSP00000301457	0	0	0	0	0.513	0.846	0.163	0.593	0.971
UQCRH	UQCRFS1	9606.ENSP00000309565	9606.ENSP00000306397	0	0	0	0	0.689	0.969	0.744	0.791	0.999
UQCRH	HIGD1A	9606.ENSP00000309565	9606.ENSP00000398064	0	0	0	0	0.295	0	0	0.184	0.400
UQCRH	LYRM7	9606.ENSP00000309565	9606.ENSP00000368688	0	0	0	0	0.049	0	0	0.424	0.429
UQCRH	UQCC2	9606.ENSP00000309565	9606.ENSP00000476140	0	0	0	0	0.166	0	0	0.430	0.504
UQCRH	UQCC1	9606.ENSP00000309565	9606.ENSP00000363506	0	0	0	0	0.055	0	0	0.541	0.548
UQCRH	SDHB	9606.ENSP00000309565	9606.ENSP00000364649	0	0	0	0	0.522	0.095	0.163	0.426	0.765
UQCRH	BCS1L	9606.ENSP00000309565	9606.ENSP00000413908	0	0	0	0	0.120	0	0.540	0.537	0.796
UQCRH	SDHD	9606.ENSP00000309565	9606.ENSP00000364699	0	0	0	0	0.734	0	0	0.348	0.819
UQCRH	SDHC	9606.ENSP00000309565	9606.ENSP00000356953	0	0	0	0	0.741	0	0	0.332	0.819
UQCRH	COX8A	9606.ENSP00000309565	9606.ENSP00000321260	0	0	0	0	0.425	0	0.540	0.447	0.841
UQCRH	COA6	9606.ENSP00000309565	9606.ENSP00000355574	0	0	0	0	0.394	0.513	0.570	0.307	0.900
UQCRH	NDUFB2	9606.ENSP00000309565	9606.ENSP00000419087	0	0	0	0	0.191	0.800	0	0.463	0.905
UQCRH	COX7A2	9606.ENSP00000309565	9606.ENSP00000359098	0	0	0	0	0.474	0	0.598	0.677	0.926
UQCRH	NDUFA4	9606.ENSP00000309565	9606.ENSP00000339720	0	0	0	0	0.664	0.092	0.540	0.534	0.926
UQCRH	NDUFC1	9606.ENSP00000309565	9606.ENSP00000441126	0	0	0	0	0.368	0.811	0	0.433	0.926
UQCRH	MT-ND2	9606.ENSP00000309565	9606.ENSP00000355046	0	0	0	0	0.097	0.896	0.154	0.241	0.932
UQCRH	NDUFB1	9606.ENSP00000309565	9606.ENSP00000483888	0	0	0	0	0.237	0.856	0	0.450	0.934
UQCRH	COX7A2L	9606.ENSP00000309565	9606.ENSP00000367938	0	0	0	0	0.246	0.805	0.360	0.449	0.941
UQCRH	MT-ND5	9606.ENSP00000309565	9606.ENSP00000354813	0	0	0	0	0.163	0.896	0.163	0.328	0.944
UQCRH	NDUFA3	9606.ENSP00000309565	9606.ENSP00000418438	0	0	0	0	0.394	0.870	0	0.389	0.948
UQCRH	NDUFA1	9606.ENSP00000309565	9606.ENSP00000360492	0	0	0	0	0.462	0.844	0	0.500	0.954
UQCRH	MT-CO2	9606.ENSP00000309565	9606.ENSP00000354876	0	0	0	0	0.131	0.834	0.634	0.269	0.956
UQCRH	NDUFB6	9606.ENSP00000309565	9606.ENSP00000369176	0	0	0	0	0.500	0.870	0	0.379	0.956
UQCRH	NDUFV3	9606.ENSP00000309565	9606.ENSP00000346196	0	0	0	0	0.564	0.845	0	0.404	0.956
UQCRH	NDUFA11	9606.ENSP00000309565	9606.ENSP00000389160	0	0	0	0	0.382	0.852	0	0.641	0.964
UQCRH	MT-ND1	9606.ENSP00000309565	9606.ENSP00000354687	0	0	0	0	0.268	0.932	0.163	0.254	0.965
UQCRH	MT-ND4	9606.ENSP00000309565	9606.ENSP00000354961	0	0	0	0	0.192	0.950	0.163	0.179	0.969
UQCRH	NDUFB3	9606.ENSP00000309565	9606.ENSP00000407336	0	0	0	0	0.655	0.856	0.163	0.456	0.974
UQCRH	NDUFAB1	9606.ENSP00000309565	9606.ENSP00000458770	0	0	0	0	0.383	0.900	0.154	0.597	0.976
UQCRH	COX6C	9606.ENSP00000309565	9606.ENSP00000429707	0	0	0	0	0.712	0.764	0.598	0.518	0.985
UQCRH	MT-CO3	9606.ENSP00000309565	9606.ENSP00000354982	0	0	0	0	0.148	0.958	0.598	0.178	0.986
UQCRH	MT-CO1	9606.ENSP00000309565	9606.ENSP00000354499	0	0	0	0	0.168	0.961	0.598	0.251	0.988
UQCRH	NDUFS5	9606.ENSP00000309565	9606.ENSP00000362058	0	0	0	0	0.816	0.901	0	0.519	0.990
UQCRH	COX7B	9606.ENSP00000309565	9606.ENSP00000497474	0	0	0	0	0.530	0.891	0.540	0.656	0.990
UQCRH	NDUFV1	9606.ENSP00000309565	9606.ENSP00000497587	0	0	0	0	0.245	0.957	0.569	0.467	0.991
UQCRH	NDUFA13	9606.ENSP00000309565	9606.ENSP00000423673	0	0	0	0	0.654	0.932	0.163	0.614	0.991
UQCRH	COX6B1	9606.ENSP00000309565	9606.ENSP00000466818	0	0	0	0	0.514	0.899	0.691	0.589	0.992
UQCRH	NDUFS2	9606.ENSP00000309565	9606.ENSP00000356972	0	0	0	0	0.705	0.950	0.237	0.406	0.992
UQCRH	NDUFS1	9606.ENSP00000309565	9606.ENSP00000392709	0	0	0	0	0.586	0.957	0.406	0.469	0.993
UQCRH	NDUFS8	9606.ENSP00000309565	9606.ENSP00000315774	0	0	0	0	0.744	0.959	0.236	0.426	0.994
UQCRH	NDUFV2	9606.ENSP00000309565	9606.ENSP00000327268	0	0	0	0	0.733	0.957	0.236	0.430	0.994
UQCRH	COX5A	9606.ENSP00000309565	9606.ENSP00000317780	0	0	0	0	0.579	0.903	0.633	0.710	0.995
UQCRH	NDUFA8	9606.ENSP00000309565	9606.ENSP00000362873	0	0	0	0	0.813	0.957	0.237	0.445	0.996
UQCRH	COX4I1	9606.ENSP00000309565	9606.ENSP00000457513	0	0	0	0	0.679	0.917	0.623	0.819	0.997
UQCRH	COX7C	9606.ENSP00000309565	9606.ENSP00000425759	0	0	0	0	0.887	0.899	0.598	0.595	0.997
UQCRH	NDUFA12	9606.ENSP00000309565	9606.ENSP00000330737	0	0	0	0	0.759	0.980	0.163	0.473	0.997
UQCRH	MT-CYB	9606.ENSP00000309565	9606.ENSP00000354554	0	0	0	0	0	0.981	0.744	0.684	0.998
UQCRH	NDUFA6	9606.ENSP00000309565	9606.ENSP00000482543	0	0	0	0	0.810	0.952	0.572	0.660	0.998
UQCRH	CYC1	9606.ENSP00000309565	9606.ENSP00000317159	0	0	0	0	0.807	0.995	0.744	0.880	0.999
UQCRH	UQCR11	9606.ENSP00000309565	9606.ENSP00000467262	0	0	0	0	0.435	0.963	0.944	0.819	0.999
UQCRH	UQCR10	9606.ENSP00000309565	9606.ENSP00000332887	0	0	0	0	0.855	0.982	0.944	0.947	0.999
UQCRH	UQCRQ	9606.ENSP00000309565	9606.ENSP00000367939	0	0	0	0	0.785	0.993	0.944	0.883	0.999
UQCRH	NDUFA5	9606.ENSP00000309565	9606.ENSP00000417142	0	0	0	0	0.847	0.952	0.681	0.634	0.999
UQCRH	UQCRB	9606.ENSP00000309565	9606.ENSP00000430494	0	0	0	0	0.841	0.990	0.944	0.904	0.999
UQCRQ	COX15	9606.ENSP00000367939	9606.ENSP00000016171	0	0	0	0	0.075	0	0.540	0.450	0.745
UQCRQ	NDUFB4	9606.ENSP00000367939	9606.ENSP00000184266	0	0	0	0	0.902	0.855	0	0.838	0.997
UQCRQ	UQCRC1	9606.ENSP00000367939	9606.ENSP00000203407	0	0	0	0	0.526	0.999	0.975	0.912	0.999
UQCRQ	NDUFB7	9606.ENSP00000367939	9606.ENSP00000215565	0	0	0	0	0.949	0.941	0.172	0.740	0.999
UQCRQ	COX6A1	9606.ENSP00000367939	9606.ENSP00000229379	0	0	0	0	0.782	0.882	0.671	0.591	0.996
UQCRQ	NDUFS7	9606.ENSP00000367939	9606.ENSP00000233627	0	0	0	0	0.810	0.906	0.154	0.542	0.992
UQCRQ	NDUFA2	9606.ENSP00000367939	9606.ENSP00000252102	0	0	0	0	0.957	0.913	0.172	0.509	0.998
UQCRQ	NDUFA10	9606.ENSP00000367939	9606.ENSP00000252711	0	0	0	0	0.288	0.883	0.172	0.401	0.953
UQCRQ	COX5B	9606.ENSP00000367939	9606.ENSP00000258424	0	0	0	0	0.925	0.967	0.714	0.581	0.999
UQCRQ	NDUFB5	9606.ENSP00000367939	9606.ENSP00000259037	0	0	0	0	0.786	0.855	0	0.502	0.983
UQCRQ	COX17	9606.ENSP00000367939	9606.ENSP00000261070	0	0	0	0	0.486	0	0	0.323	0.637
UQCRQ	TTC19	9606.ENSP00000367939	9606.ENSP00000261647	0	0	0	0	0.060	0	0	0.529	0.539
UQCRQ	NDUFS3	9606.ENSP00000367939	9606.ENSP00000263774	0	0	0	0	0.753	0.885	0.172	0.433	0.985
UQCRQ	SDHA	9606.ENSP00000367939	9606.ENSP00000264932	0	0	0	0	0.387	0.183	0.172	0.462	0.747
UQCRQ	NDUFA9	9606.ENSP00000367939	9606.ENSP00000266544	0	0	0	0	0.776	0.871	0	0.541	0.985
UQCRQ	UQCRC2	9606.ENSP00000367939	9606.ENSP00000268379	0	0	0	0	0.685	0.997	0.979	0.898	0.999
UQCRQ	NDUFB10	9606.ENSP00000367939	9606.ENSP00000268668	0	0	0	0	0.526	0.886	0.172	0.494	0.974
UQCRQ	NDUFS6	9606.ENSP00000367939	9606.ENSP00000274137	0	0	0	0	0.974	0.856	0	0.468	0.997
UQCRQ	NDUFB11	9606.ENSP00000367939	9606.ENSP00000276062	0	0	0	0	0.747	0.855	0	0.476	0.979
UQCRQ	NDUFB9	9606.ENSP00000367939	9606.ENSP00000276689	0	0	0	0	0.945	0.890	0.172	0.591	0.997
UQCRQ	NDUFC2	9606.ENSP00000367939	9606.ENSP00000281031	0	0	0	0	0.823	0.852	0.163	0.487	0.987
UQCRQ	COX7A1	9606.ENSP00000367939	9606.ENSP00000292907	0	0	0	0	0.062	0.967	0.360	0.476	0.988
UQCRQ	NDUFS4	9606.ENSP00000367939	9606.ENSP00000296684	0	0	0	0	0.762	0.890	0.172	0.572	0.989
UQCRQ	NDUFB8	9606.ENSP00000367939	9606.ENSP00000299166	0	0	0	0	0.955	0.875	0.284	0.427	0.997
UQCRQ	NDUFA7	9606.ENSP00000367939	9606.ENSP00000301457	0	0	0	0	0.753	0.826	0.172	0.436	0.977
UQCRQ	UQCRFS1	9606.ENSP00000367939	9606.ENSP00000306397	0	0	0	0	0.934	0.995	0.851	0.833	0.999
UQCRQ	UQCRH	9606.ENSP00000367939	9606.ENSP00000309565	0	0	0	0	0.785	0.993	0.944	0.883	0.999
UQCRQ	NDUFS8	9606.ENSP00000367939	9606.ENSP00000315774	0	0	0	0	0.944	0.931	0	0.646	0.998
UQCRQ	CYC1	9606.ENSP00000367939	9606.ENSP00000317159	0	0	0	0	0.893	0.997	0.907	0.773	0.999
UQCRQ	COX5A	9606.ENSP00000367939	9606.ENSP00000317780	0	0	0	0	0.940	0.987	0.786	0.715	0.999
UQCRQ	COX8A	9606.ENSP00000367939	9606.ENSP00000321260	0	0	0	0	0.364	0	0.540	0.448	0.824
UQCRQ	COX14	9606.ENSP00000367939	9606.ENSP00000326052	0	0	0	0	0.502	0	0	0.370	0.673
UQCRQ	NDUFV2	9606.ENSP00000367939	9606.ENSP00000327268	0	0	0	0	0.932	0.890	0	0.434	0.995
UQCRQ	NDUFA12	9606.ENSP00000367939	9606.ENSP00000330737	0	0	0	0	0.952	0.890	0	0.357	0.996
UQCRQ	UQCR10	9606.ENSP00000367939	9606.ENSP00000332887	0	0	0	0	0.976	0.995	0.979	0.932	0.999
UQCRQ	NDUFA4	9606.ENSP00000367939	9606.ENSP00000339720	0	0	0	0	0.807	0.330	0.540	0.703	0.980
UQCRQ	NDUFV3	9606.ENSP00000367939	9606.ENSP00000346196	0	0	0	0	0.339	0.826	0	0.234	0.904
UQCRQ	MT-CO1	9606.ENSP00000367939	9606.ENSP00000354499	0	0	0	0	0.110	0.988	0.602	0.330	0.996
UQCRQ	MT-CYB	9606.ENSP00000367939	9606.ENSP00000354554	0	0	0	0	0	0.995	0.851	0.968	0.999
UQCRQ	MT-ND1	9606.ENSP00000367939	9606.ENSP00000354687	0	0	0	0	0.163	0.830	0.284	0.269	0.915
UQCRQ	COA3	9606.ENSP00000367939	9606.ENSP00000354762	0	0	0	0	0.287	0.162	0	0.212	0.488
UQCRQ	MT-ND5	9606.ENSP00000367939	9606.ENSP00000354813	0	0	0	0	0.180	0.855	0.218	0.343	0.931
UQCRQ	MT-CO2	9606.ENSP00000367939	9606.ENSP00000354876	0	0	0	0	0.183	0.951	0.656	0.361	0.990
UQCRQ	MT-ND4	9606.ENSP00000367939	9606.ENSP00000354961	0	0	0	0	0.194	0.855	0.284	0.452	0.948
UQCRQ	MT-CO3	9606.ENSP00000367939	9606.ENSP00000354982	0	0	0	0	0.084	0.986	0.656	0.243	0.996
UQCRQ	MT-ND2	9606.ENSP00000367939	9606.ENSP00000355046	0	0	0	0	0.096	0.855	0.218	0.251	0.913
UQCRQ	COA6	9606.ENSP00000367939	9606.ENSP00000355574	0	0	0	0	0.631	0.744	0.524	0.352	0.967
UQCRQ	SDHC	9606.ENSP00000367939	9606.ENSP00000356953	0	0	0	0	0.908	0	0.172	0.433	0.953
UQCRQ	NDUFS2	9606.ENSP00000367939	9606.ENSP00000356972	0	0	0	0	0.859	0.875	0.172	0.570	0.992
UQCRQ	COX7A2	9606.ENSP00000367939	9606.ENSP00000359098	0	0	0	0	0.861	0.162	0.602	0.492	0.973
UQCRQ	NDUFA1	9606.ENSP00000367939	9606.ENSP00000360492	0	0	0	0	0.790	0.830	0	0.544	0.982
UQCRQ	NDUFS5	9606.ENSP00000367939	9606.ENSP00000362058	0	0	0	0	0.873	0.907	0	0.485	0.993
UQCRQ	NDUFA8	9606.ENSP00000367939	9606.ENSP00000362873	0	0	0	0	0.921	0.887	0.172	0.502	0.995
UQCRQ	UQCC1	9606.ENSP00000367939	9606.ENSP00000363506	0	0	0	0	0.054	0	0	0.644	0.649
UQCRQ	SDHB	9606.ENSP00000367939	9606.ENSP00000364649	0	0	0	0	0.761	0	0.172	0.474	0.886
UQCRQ	SDHD	9606.ENSP00000367939	9606.ENSP00000364699	0	0	0	0	0.850	0	0.172	0.606	0.946
UQCRQ	COX7A2L	9606.ENSP00000367939	9606.ENSP00000367938	0	0	0	0	0.111	0.849	0.360	0.395	0.941
UQCRQ	HIGD1A	9606.ENSP00000367939	9606.ENSP00000398064	0	0	0	0	0.263	0	0	0.254	0.427
UQCRQ	UQCC3	9606.ENSP00000367939	9606.ENSP00000432692	0	0	0	0	0.101	0	0	0.401	0.438
UQCRQ	PET100	9606.ENSP00000367939	9606.ENSP00000470539	0	0	0	0	0.218	0	0	0.379	0.494
UQCRQ	LYRM7	9606.ENSP00000367939	9606.ENSP00000368688	0	0	0	0	0.042	0	0	0.526	0.526
UQCRQ	UQCC2	9606.ENSP00000367939	9606.ENSP00000476140	0	0	0	0	0.143	0	0	0.506	0.558
UQCRQ	NDUFB1	9606.ENSP00000367939	9606.ENSP00000483888	0	0	0	0	0.554	0.855	0	0.151	0.940
UQCRQ	NDUFB2	9606.ENSP00000367939	9606.ENSP00000419087	0	0	0	0	0.641	0.800	0	0.445	0.956
UQCRQ	NDUFS1	9606.ENSP00000367939	9606.ENSP00000392709	0	0	0	0	0.420	0.875	0.172	0.431	0.961
UQCRQ	NDUFC1	9606.ENSP00000367939	9606.ENSP00000441126	0	0	0	0	0.679	0.811	0	0.465	0.964
UQCRQ	NDUFA3	9606.ENSP00000367939	9606.ENSP00000418438	0	0	0	0	0.712	0.855	0	0.357	0.971
UQCRQ	NDUFAB1	9606.ENSP00000367939	9606.ENSP00000458770	0	0	0	0	0.590	0.893	0	0.425	0.972
UQCRQ	BCS1L	9606.ENSP00000367939	9606.ENSP00000413908	0	0	0	0	0.215	0	0.540	0.934	0.974
UQCRQ	NDUFB3	9606.ENSP00000367939	9606.ENSP00000407336	0	0	0	0	0.770	0.855	0.172	0.547	0.985
UQCRQ	NDUFB6	9606.ENSP00000367939	9606.ENSP00000369176	0	0	0	0	0.778	0.855	0	0.676	0.988
UQCRQ	COX7B	9606.ENSP00000367939	9606.ENSP00000497474	0	0	0	0	0.619	0.903	0.540	0.582	0.991
UQCRQ	NDUFV1	9606.ENSP00000367939	9606.ENSP00000497587	0	0	0	0	0.817	0.906	0.284	0.432	0.992
UQCRQ	NDUFA5	9606.ENSP00000367939	9606.ENSP00000417142	0	0	0	0	0.868	0.888	0.284	0.541	0.994
UQCRQ	NDUFA13	9606.ENSP00000367939	9606.ENSP00000423673	0	0	0	0	0.955	0.852	0	0.324	0.995
UQCRQ	NDUFA11	9606.ENSP00000367939	9606.ENSP00000389160	0	0	0	0	0.795	0.852	0	0.909	0.997
UQCRQ	NDUFA6	9606.ENSP00000367939	9606.ENSP00000482543	0	0	0	0	0.944	0.855	0.284	0.575	0.997
UQCRQ	COX6C	9606.ENSP00000367939	9606.ENSP00000429707	0	0	0	0	0.959	0.834	0.602	0.507	0.998
UQCRQ	COX4I1	9606.ENSP00000367939	9606.ENSP00000457513	0	0	0	0	0.777	0.978	0.714	0.526	0.999
UQCRQ	UQCR11	9606.ENSP00000367939	9606.ENSP00000467262	0	0	0	0	0.944	0.973	0.967	0.806	0.999
UQCRQ	COX6B1	9606.ENSP00000367939	9606.ENSP00000466818	0	0	0	0	0.764	0.978	0.658	0.550	0.999
UQCRQ	COX7C	9606.ENSP00000367939	9606.ENSP00000425759	0	0	0	0	0.982	0.988	0.656	0.568	0.999
UQCRQ	UQCRB	9606.ENSP00000367939	9606.ENSP00000430494	0	0	0	0	0.972	0.997	0.979	0.998	0.999
VAMP8	RB1CC1	9606.ENSP00000263864	9606.ENSP00000025008	0	0	0	0	0	0	0	0.507	0.507
VAMP8	CTSZ	9606.ENSP00000263864	9606.ENSP00000217131	0	0	0	0	0.132	0	0.500	0.186	0.616
VAMP8	ULK1	9606.ENSP00000263864	9606.ENSP00000324560	0	0	0	0	0	0	0	0.460	0.460
VAMP8	CYBB	9606.ENSP00000263864	9606.ENSP00000367851	0	0	0	0	0.092	0	0	0.448	0.477
VAMP8	RAB8A	9606.ENSP00000263864	9606.ENSP00000300935	0	0	0	0	0.074	0.071	0	0.510	0.542
VMP1	RB1CC1	9606.ENSP00000262291	9606.ENSP00000025008	0	0	0	0	0.054	0	0	0.708	0.712
VMP1	ULK1	9606.ENSP00000262291	9606.ENSP00000324560	0	0	0	0	0.054	0	0	0.607	0.612
