gene_name,log2FC,pvalue,adjustedpvalue,-log(adjustedp),category
A1BG,-0.35459294485150394,0.2192390735916479,0.2493355641637233,0.6032157711613738,Not Significant
A2M,2.5500698455885455,6.558377333114991e-07,1.9751597385291606e-06,5.704397775603882,Up
AAAS,1.088259015189628,2.541068804729138e-06,6.7082618288368286e-06,5.173389994873362,Up
AACS,-1.783757968381563,6.178405491244116e-11,4.222609017557207e-10,9.374419129178541,Down
AADAT,-0.3433284780056596,0.0029722991865481587,0.004446531334316328,2.35197864290241,Not Significant
AAED1,1.3694608723988928,3.936978079582816e-14,4.4563053004176725e-13,12.351025063403279,Up
AAGAB,-0.5358238080351434,0.004595506698706078,0.0066890817053554446,2.174633499223283,Not Significant
AAK1,-1.6911030215199965,7.02357711469513e-13,6.6624779523012e-12,11.176364215145075,Down
AAMDC,1.020881059806662,1.3352857512288227e-07,4.6593933695459504e-07,6.331670622668018,Up
AAMP,0.23183915139558664,0.03996266864665224,0.050792824116373286,1.2941976394246124,Not Significant
AAR2,1.163168816650316,1.5707745772243658e-17,2.5481454252750823e-16,15.593775789997506,Up
AARS,-0.5821461774816292,0.0002686764044453908,0.00047893595675322574,3.3197225564981956,Not Significant
AARS2,0.16217264019154598,0.05731037121422217,0.07119801203749834,1.1475321323912027,Not Significant
AARSD1,0.07994143112214935,0.5301569648734273,0.5649847946826306,0.24796324009965662,Not Significant
AASDHPPT,-1.084540185630022,0.000674777736080106,0.001118596497164882,2.9513265449794717,Down
AASS,1.6052870181385686,5.566610631669248e-07,1.7050178018679234e-06,5.768271082235914,Up
AATF,0.874489559214183,1.1879062461918563e-12,1.0908812692923209e-11,10.962222515128591,Not Significant
AATK,-2.8540068274758,8.444331808849633e-17,1.2850181063799274e-15,14.891090752919855,Down
ABAT,-0.9666832705631414,6.805932916626753e-08,2.5214206082332607e-07,6.598354701884789,Not Significant
ABCA1,3.6783973478975263,8.63487268884556e-10,4.761231935819932e-09,8.322280662047165,Up
ABCA2,-1.5213209992534615,8.481224666133683e-07,2.4829949807216134e-06,5.605024158354058,Down
ABCA3,-1.1635430966668956,1.9984940901031154e-16,2.909368419609651e-15,14.536201279621855,Down
ABCA5,-2.0392033343403995,5.954534344856767e-13,5.7457834281692595e-12,11.240650747596352,Down
ABCA8,0.5240248933621618,0.11516706431595897,0.1371062403591315,0.8629427779467459,Not Significant
ABCB1,-0.8390215158877155,0.003184518650481072,0.004742178992601083,2.324022057689784,Not Significant
ABCB10,-0.09386082438974341,0.04740268554986759,0.059528129422758175,1.2252777642504953,Not Significant
ABCB6,0.254850278143266,0.2660649256722507,0.2989780324843562,0.5243607204424856,Not Significant
ABCB7,0.9013625468915514,3.8023816854566677e-07,1.207223230358981e-06,5.918212416108834,Not Significant
ABCB8,0.15327777410519872,0.2454009179275201,0.2769937083699538,0.5575300953804723,Not Significant
ABCB9,-1.2951560758516187,4.48229053317188e-08,1.7274137272828433e-07,6.7626036335054955,Down
ABCC1,0.7984415236117854,2.508782056026751e-06,6.628237721587593e-06,5.178601924012156,Not Significant
ABCC3,5.287390814810561,1.804813935526273e-08,7.559956584819823e-08,7.121480698550027,Up
ABCC4,1.2956527666897077,8.580723001723993e-12,6.763865690091354e-11,10.169805024763136,Up
ABCD1,2.120497980845485,6.939287388581507e-08,2.562550628759901e-07,6.591327545419569,Up
ABCD2,-1.5572392853647798,9.398067788182138e-09,4.2209600935419906e-08,7.374588753800682,Down
ABCD3,0.657316447792553,1.0853035402408378e-19,2.2267510925430142e-18,17.652328325928035,Not Significant
ABCD4,0.6700654692631005,0.025645303961417214,0.03351288002429848,1.4747882482341277,Not Significant
ABCE1,0.3677356441352124,0.03145355842709411,0.04054550832943648,1.3920572503501598,Not Significant
ABCF1,0.8266613124030471,2.5332651363018427e-09,1.2760056491552383e-08,7.894147402894232,Not Significant
ABCF2,0.43891358076555065,0.0003433973770784445,0.0006006919910901632,3.221348158378157,Not Significant
ABCF3,-0.09388964605706818,0.16355645490664122,0.1896050318445919,0.7221501412946698,Not Significant
ABCG1,-0.07659570558565676,0.6144601649716634,0.6462801943959634,0.1895791530612987,Not Significant
ABCG2,-0.3859984454326266,0.17749498323253707,0.2046799978347732,0.6889245962941457,Not Significant
ABHD10,-0.6607392786524819,0.0006744593149872452,0.0011184367307294663,2.9513885786413296,Not Significant
ABHD11,0.6499196750511373,6.877834013934349e-06,1.6548911319961902e-05,4.781230571271026,Not Significant
ABHD12,-0.14345633500053978,0.2033018106910628,0.2322813371885906,0.6339856825011442,Not Significant
ABHD13,-0.8524464641497147,7.42152418742224e-12,5.910231989256257e-11,10.228395471796162,Not Significant
ABHD14A-ACY1,0.34701416021661124,0.1688944956078776,0.19556817801767343,0.708701810262324,Not Significant
ABHD14B,1.1832338821571184,1.3770400560046609e-05,3.106898437668747e-05,4.507672943295059,Up
ABHD16A,0.7154835706770797,5.321250193323833e-05,0.00010744893655551071,3.968797878454148,Not Significant
ABHD17A,0.3456175323489532,0.014451854692553024,0.01958670579480414,1.7080386000154726,Not Significant
ABHD17B,-0.8384734740860509,0.00011602231443188086,0.00022082161261794217,3.655958422875067,Not Significant
ABHD17C,0.3105117946093543,0.04191084745252924,0.053101481227113514,1.2748933644215492,Not Significant
ABHD2,0.34849122665820786,1.485277287873918e-05,3.3287393544030814e-05,4.47772020946217,Not Significant
ABHD3,0.9819032528779719,6.220219107546132e-05,0.00012405956699548551,3.906369738984364,Not Significant
ABHD4,1.7867251543482077,4.048003069669022e-06,1.021021104753273e-05,4.990965280848291,Up
ABHD5,1.0848729460651398,3.177273671723414e-08,1.2651326074680503e-07,6.897863950635764,Up
ABHD6,-0.6515968832875707,4.227184116796938e-05,8.699622633832963e-05,4.060499585496147,Not Significant
ABI1,-0.4697105343710959,3.4664430517598864e-05,7.269139738432367e-05,4.138516982395168,Not Significant
ABI2,-0.8256847956984856,3.0840995906487165e-06,7.976693010576423e-06,5.098177121798359,Not Significant
ABI3,2.3708148719457167,4.510147303586632e-06,1.1268656730241004e-05,4.948127850538896,Up
ABI3BP,1.3650464487273855,0.0001274342014454268,0.00024090301095162873,3.618157771892459,Up
ABL1,1.1909464710457804,3.4343913468840524e-06,8.788002169320055e-06,5.056109844545836,Up
ABL2,0.11515688184491069,0.1700675966201072,0.1968812880201057,0.7057955580913433,Not Significant
ABLIM1,-0.8535503786564931,1.1092969308186324e-06,3.163946002567073e-06,5.499770936990817,Not Significant
ABLIM2,-3.543780055627609,3.663782586175804e-38,4.055928106937917e-36,35.39190975166211,Down
ABLIM3,-1.0922649107257207,9.833151994426337e-16,1.3296533314342405e-14,13.876261573972796,Down
ABR,-1.7287273601118827,5.276381624864386e-17,8.202819211247503e-16,15.086036860120714,Down
ABRACL,-0.358232092405828,0.10367689731383815,0.12410183739776683,0.9062217884786758,Not Significant
ABT1,0.700779434161241,0.00011986985875184233,0.00022745695179243917,3.643100785240013,Not Significant
ACAA1,0.7537463787925098,2.2399144029383594e-05,4.858793066290422e-05,4.313471596940683,Not Significant
ACAA2,0.45223012720764544,0.00611742733154362,0.008747617166496868,2.0581102318205033,Not Significant
ACACA,-0.5318608153201048,0.00023632954419262547,0.00042536784495202947,3.371235343036271,Not Significant
ACAD10,0.9052150896911559,4.303938948555403e-05,8.844936957924752e-05,4.053305258166692,Not Significant
ACAD11,0.782898081943177,0.005800575561377986,0.00832288822180912,2.07972593799681,Not Significant
ACAD8,0.36584499228514744,0.0009055773502434472,0.0014671576433503517,2.833523219518074,Not Significant
ACAD9,0.49212816273387716,6.211982935839902e-12,5.0143843025361515e-11,10.299782384762517,Not Significant
ACADL,-1.696569321278293,4.948460427362592e-09,2.3558974643313213e-08,7.627843615261908,Down
ACADM,-0.2963968299185886,0.00011273885884844213,0.00021522290393011296,3.6671115131117697,Not Significant
ACADS,0.4919393897594162,0.000641771618103768,0.0010698671654438786,2.9706701409091174,Not Significant
ACADSB,-1.6241754088766314,3.438155234992876e-09,1.685448945854902e-08,7.77328439821231,Down
ACADVL,0.6745476149436342,0.002837366760106553,0.004260490794650978,2.370540368706873,Not Significant
ACAN,0.4440143326829915,0.04461815297843053,0.05629800514838541,1.2495069935748941,Not Significant
ACAP2,0.14281938976956354,0.06078152725315169,0.07525047382920612,1.1234907611060565,Not Significant
ACAP3,-0.40970116856722427,0.04165397682614712,0.05281587948981826,1.2772354839439108,Not Significant
ACAT1,-0.0834790997710968,0.3040094169476108,0.33815825424422286,0.4708800072362229,Not Significant
ACAT2,-0.2727584316039682,0.2367140343954656,0.26787881178385986,0.5720616361090753,Not Significant
ACBD3,0.4543502280367804,0.000618431170013296,0.0010336943100570672,2.985607874282351,Not Significant
ACBD4,-0.44262704233613803,0.019049621892096497,0.025377663441018265,1.595548366535481,Not Significant
ACBD5,-0.6432389843399164,1.4116050904054456e-16,2.0943313226427775e-15,14.6789546119537,Not Significant
ACBD7,-3.5093682736039575,4.121883997873823e-12,3.434562398228362e-11,10.464128589067693,Down
ACD,0.1559213603446743,0.033087526888886325,0.04255377835805449,1.3710618727779182,Not Significant
ACE,0.765856652418897,0.001666537726448821,0.0025848654436097652,2.5875620593858,Not Significant
ACHE,-0.9291461714960842,5.528688703670959e-06,1.3561239347645786e-05,4.867700618931471,Not Significant
ACIN1,0.6887585177589344,0.0002556217409100992,0.0004569079875671291,3.3401712496352425,Not Significant
ACLY,0.999604665713008,2.2001223865893545e-06,5.902538727696713e-06,5.228961154749904,Not Significant
ACO1,0.38145069060184866,0.008729469899851357,0.01220720152291818,1.9133838858056118,Not Significant
ACO2,-1.0058587697846768,7.09581146849091e-18,1.1973736136277625e-16,15.921770316577945,Down
ACOT1,-0.4895443397344046,0.0045759343751624664,0.00666830072260765,2.175984822877605,Not Significant
ACOT11,-0.7940258768689805,0.00791723398130856,0.011137859953596205,1.9531982471899083,Not Significant
ACOT13,-0.3831547740296486,0.0006288911272840872,0.001049436676537998,2.979043761807467,Not Significant
ACOT7,-1.790224006074581,1.182862315966141e-14,1.4169030881144953e-13,12.848659853165687,Down
ACOT8,-0.01715028677652697,0.795608490519953,0.8161702521290188,0.08821923849150969,Not Significant
ACOT9,0.5364695448076624,2.618752430303766e-10,1.5863687301792026e-09,8.799595859345155,Not Significant
ACOX1,0.15410321844364105,0.017323689086936767,0.02322582430952901,1.634028863481706,Not Significant
ACOX2,1.6931247030741385,5.0416953073199944e-05,0.00010227555079730492,3.990228172962944,Up
ACOX3,0.04039651052847404,0.5228641706082175,0.5579211582149332,0.2534271683946971,Not Significant
ACP1,-0.03130046714429113,0.8417582293182184,0.8589822125356293,0.0660158292742359,Not Significant
ACP2,0.7660991237334649,1.049665075172387e-05,2.4250654078499475e-05,4.615276543294616,Not Significant
ACP5,5.4070772717783075,0.0023158111438503536,0.003525155857230049,2.452821676846025,Up
ACP6,0.9552133840609685,0.00830026809103728,0.011637703653320746,1.9341327060329818,Not Significant
ACPP,2.3331488798297517,2.12158148582563e-06,5.70550237271954e-06,5.243706109686724,Up
ACSBG1,-0.7698579253370994,0.01226023226148466,0.01678119290790713,1.7751771701517067,Not Significant
ACSF2,1.04367140448805,0.00020565019910239062,0.00037355212869770704,3.4276487844080092,Up
ACSF3,0.3350042395791988,0.019560477012766978,0.026013497746087726,1.5848012491230274,Not Significant
ACSL1,0.8657483546924887,0.0003836548200592007,0.0006662538626575397,3.1763602601027188,Not Significant
ACSL3,-0.7450070841269394,0.00043022085176261724,0.0007399769268664173,3.1307818217431023,Not Significant
ACSL4,-0.8505858383209137,0.0008009223046463091,0.001308757712409881,2.883140746041136,Not Significant
ACSL5,-0.1327721449685626,0.7037287926616356,0.7316164971386292,0.13571651022747397,Not Significant
ACSL6,-3.050881903573064,1.0641881941300203e-27,4.2207212077424506e-26,25.374613333450366,Down
ACSM5,1.3168548035922072,0.0001808166909808355,0.00033174979790265275,3.479189333029584,Up
ACSS1,-0.29735861968812216,0.3103930237050733,0.3448659226651493,0.4623497175771092,Not Significant
ACSS2,0.14796725900407637,0.23928370969630436,0.2704829546095792,0.5678600982182263,Not Significant
ACSS3,1.1621249836517649,0.0005179382912808736,0.0008769261086325244,3.057036999524636,Up
ACTA1,-0.8746052706684644,2.6533071776630322e-05,5.6822739174696826e-05,4.245477834678862,Not Significant
ACTB,1.3949553114335878,4.7247795813283e-07,1.4704179642354433e-06,5.832559200108761,Up
ACTBL2,1.0790582507548043,0.268614475149379,0.30153949561564936,0.5206557959465314,Not Significant
ACTG1,1.327916609600397,6.156802570847227e-07,1.8648114581694218e-06,5.729365070995167,Up
ACTL6A,2.5303684639896122,4.790512052280293e-10,2.7545444300611687e-09,8.55995021818092,Up
ACTL6B,-4.698817599659494,1.982991367033669e-27,7.712994220655282e-26,25.112776994054105,Down
ACTN1,0.8034338944680464,1.944749572468762e-07,6.55450223922727e-07,6.183460283831265,Not Significant
ACTN2,-0.3721875311314591,0.0069344254905031495,0.009836299970617957,2.0071682353625975,Not Significant
ACTN3,-0.25985248367106095,0.5070563766237013,0.5419719828230415,0.26602316368273893,Not Significant
ACTN4,0.8614268283231503,8.356520898944964e-07,2.4514732538139652e-06,5.610572840653321,Not Significant
ACTR10,-0.6381436085011565,0.006198821249645457,0.008852697089442634,2.0529243956735437,Not Significant
ACTR1A,-0.9303248248300875,3.7312209589320564e-07,1.1867663546625965e-06,5.92563477461632,Not Significant
ACTR1B,-0.8461027641757042,2.316923383681249e-06,6.18120965052295e-06,5.208926526021322,Not Significant
ACTR2,-0.5368242482201744,0.004946536707078224,0.007168955659200982,2.144544105765992,Not Significant
ACTR3,0.9748456069444593,1.6710373377687773e-06,4.590681794568493e-06,5.338122809532482,Not Significant
ACTR3B,-0.9870071174266482,1.5255072649788334e-05,3.415102263865948e-05,4.466596287013865,Not Significant
ACTR5,0.19282110791490936,0.0886814925106165,0.10704257794775347,0.9704434401685342,Not Significant
ACTR6,-0.749291218257877,0.0007084597583869612,0.0011702286487520518,2.9317292739892467,Not Significant
ACTR8,0.27644703408185123,0.009183397721037323,0.012797558257259648,1.892872884770582,Not Significant
ACVR1,0.5773600458080139,9.218927995989109e-05,0.00017856466185655506,3.7482044843008246,Not Significant
ACVR1B,-1.1953884123258618,1.7771854426633192e-09,9.223784724054754e-09,8.035090841689737,Down
ACVR2A,-0.9882617793359252,2.177086569674372e-08,8.948172216605314e-08,7.048265666059355,Not Significant
ACY3,-0.27790273551933353,0.6312123702668632,0.6624474859952474,0.17884854372539,Not Significant
ACYP1,-0.5611696488260058,0.0005548820658892798,0.0009343610784358102,3.0294852607417493,Not Significant
ACYP2,-0.4536601177749482,3.0455449605264898e-06,7.8891282932229e-06,5.102970981373312,Not Significant
ADA,1.5024577783279316,0.002379487089197164,0.003614983100071215,2.4418937286773263,Up
ADAL,-0.12276549191816244,0.144803835568239,0.16940585756758098,0.7710715770909273,Not Significant
ADAM10,0.44980294513475627,3.127918995899804e-05,6.612939342013562e-05,4.179605460896443,Not Significant
ADAM11,-4.247931251794819,2.384026507316752e-41,4.07062424317101e-39,38.39033898522784,Down
ADAM12,3.7201427689048785,1.324243935133401e-07,4.627274853463018e-07,6.334674703267095,Up
ADAM15,0.9452243510425333,6.041820229303862e-07,1.8336737938512686e-06,5.736677921736305,Not Significant
ADAM17,1.1394777171181616,6.837994050136731e-08,2.53071095007632e-07,6.596757455772428,Up
ADAM22,-1.739129516302647,2.6536706349124437e-07,8.728900289848307e-07,6.059040467420936,Down
ADAM23,-1.6399221367150218,1.6902748058581038e-07,5.768234550885684e-07,6.238957088426574,Down
ADAM9,2.0161888238494434,1.3319807882308888e-17,2.1747770600709844e-16,15.662585256660362,Up
ADAMTS1,0.8495620723092436,0.013706549323533853,0.018626706850840422,1.7298639203548571,Not Significant
ADAMTS4,0.7372956020752888,0.15658965943881115,0.18222065717761157,0.7394023914150505,Not Significant
ADAMTSL2,-0.7100287859023453,3.3403196595867214e-06,8.584280676193018e-06,5.06629609088728,Not Significant
ADAMTSL4,2.2967544583480315,0.001046937429034141,0.0016810404303618006,2.774421841306585,Up
ADAP1,-3.0090947623881927,1.8294565033258222e-11,1.3763961773341548e-10,9.861256542215731,Down
ADAP2,2.4793280405310547,3.544444046118222e-10,2.1005753053366173e-09,8.677661744449287,Up
ADAR,-0.007752276404186631,0.8735865903209796,0.8880435227945054,0.05156574903412526,Not Significant
ADARB1,-1.8854184849251556,4.782380870318438e-19,9.027287236147593e-18,17.044442738653665,Down
ADAT1,0.3927022267907283,3.426476576639963e-10,2.0412965720325836e-09,8.690093893745278,Not Significant
ADAT2,0.6326372481217888,8.378618195066723e-05,0.00016331758448021616,3.7869670520570913,Not Significant
ADAT3,1.4931200938017337,0.0036634170819553847,0.005411328985867822,2.2666960620009275,Up
ADCK1,-0.1180492196548979,0.3412356160656726,0.3766415685598319,0.4240717501719901,Not Significant
ADCK5,-0.15044216753558537,0.1809322836662982,0.20840519387769132,0.6810914617433729,Not Significant
ADCY1,-4.009587836067563,5.0911791834726616e-39,6.254699889549219e-37,36.20379352361078,Down
ADCY2,-2.0773781819136943,3.3869767383467405e-19,6.5364757973381344e-18,17.184656342546994,Down
ADCY3,-0.5988932403762064,2.8524238341363836e-10,1.7165661711523254e-09,8.765339450489085,Not Significant
ADCY5,-3.02930999398731,3.065028153218641e-29,1.3602243883491008e-27,26.86638944267137,Down
ADCY6,0.12822883433753418,0.40997610128333517,0.4464006965335407,0.3502751364261291,Not Significant
ADCY7,1.1616155832808523,6.473142651013001e-09,3.012029518074133e-08,7.521140776337905,Up
ADCY8,0.08350648506533886,0.6305816371338324,0.6619234565474864,0.17919222856788217,Not Significant
ADCY9,-0.967448309690699,5.93642863105593e-13,5.733804604914423e-12,11.241557110910522,Not Significant
ADCYAP1R1,0.18770569673270288,0.29843655443917894,0.3324247953803946,0.4783065898961577,Not Significant
ADD1,-0.5084307536749861,2.8430050976010494e-06,7.433281430893582e-06,5.128819424095969,Not Significant
ADD2,-2.4304045529505807,2.3836543714391406e-15,3.0746394542737395e-14,13.512205804181194,Down
ADD3,-1.0802296247330005,1.8781758763244406e-07,6.349242878554501e-07,6.19727805947495,Down
ADH1B,-3.5223673728493647,1.095487965601204e-09,5.92057176258934e-09,8.227636350481971,Down
ADH5,0.5043747265924701,0.0006035433799016833,0.001010654256836695,2.9953973904315796,Not Significant
ADHFE1,-0.39203740814055976,0.04507461098887813,0.05679570120099541,1.2456845342773286,Not Significant
ADI1,0.4707261503327338,0.004978169136441441,0.0072116876445946325,2.1419630918729102,Not Significant
ADIPOQ,-1.9258787882960808,0.06505805152571968,0.08015101028128899,1.0960909991136574,Not Significant
ADIRF,-1.8824062560467958,1.768250572699982e-06,4.824852727350926e-06,5.316515938418626,Down
ADK,-0.5017559892157131,2.8656719310470042e-05,6.1020458747342036e-05,4.214524531687215,Not Significant
ADM,3.8539273851466653,1.2454040639783688e-05,2.8340186447973996e-05,4.547597296888138,Up
ADNP,0.3446678678148807,9.303982048746844e-10,5.088399302881417e-09,8.293418815552721,Not Significant
ADO,-0.5804404304643676,0.0015778134737990596,0.0024589871496057745,2.6092437408301663,Not Significant
ADORA1,-0.03732244981503641,0.7509324143897085,0.7759660624230099,0.11015727258810135,Not Significant
ADPGK,1.383258986247057,5.0578535303543084e-24,1.4855048532008543e-22,21.82812592500141,Up
ADPRH,2.1972762300057376,4.452238899142113e-09,2.1415010621766815e-08,7.669281705858887,Up
ADPRHL1,-2.5671744552319637,5.329778983375858e-15,6.63685951526927e-14,13.178037375124127,Down
ADPRHL2,1.1447078208602868,3.543776194892377e-08,1.3961674379094957e-07,6.855062495036926,Up
ADRM1,0.8533610159394804,2.923128841572112e-05,6.215267913777049e-05,4.206540146030026,Not Significant
ADSL,0.7555911680436687,1.5393739003553656e-08,6.554375601090427e-08,7.183468674823187,Not Significant
ADSS,-0.27436685653058746,0.09772896154374523,0.11730269970114256,0.9306919925578139,Not Significant
ADSSL1,0.8496221540132716,4.1230218587757454e-06,1.037864123071136e-05,4.983859500498237,Not Significant
AEBP1,2.6954090796307995,5.610885960420025e-05,0.00011289008421264495,3.9473442029895867,Up
AES,-1.106720934877476,1.3383993410715196e-07,4.668640914804185e-07,6.330809528235882,Down
AFAP1,0.6117584192331265,1.7368599039954697e-06,4.749491496430609e-06,5.32335288555743,Not Significant
AFAP1L1,2.3246611385869667,2.510666694449267e-09,1.2658887026967926e-08,7.897604475937479,Up
AFAP1L2,-0.9116187168110805,4.350520793688009e-11,3.030922992780982e-10,9.51842509769214,Not Significant
AFF4,0.2569481200408923,6.656215880083518e-05,0.00013215356479298653,3.8789211174430362,Not Significant
AFG3L2,-0.22122304047298513,0.08952070691467086,0.10796499478730925,0.9667170318740534,Not Significant
AFM,0.8447614284052852,0.38513752384392175,0.4214965144164767,0.37520601244125423,Not Significant
AFTPH,-0.719280409664897,0.00016000884525996237,0.0002966376715400922,3.5277736965204207,Not Significant
AGA,1.2143457293294375,2.060490664630312e-05,4.4958594228905704e-05,4.347187276802293,Up
AGAP1,-1.3486826398169,1.3503218873827284e-17,2.2011557756462146e-16,15.657349221367767,Down
AGAP2,-3.3170026490761337,9.498349560070368e-22,2.339520133695572e-20,19.630873212957262,Down
AGAP3,-1.126739907691853,2.5097645465791144e-07,8.286911846030154e-07,6.081607281041215,Down
AGBL4,-2.7534489967807083,2.84581781287986e-32,1.5752070685138304e-30,29.80266234803191,Down
AGFG1,0.05619683525606689,0.3578388158515577,0.39358753476237496,0.40495866448267165,Not Significant
AGFG2,0.31535845776587834,0.042477874739949684,0.053772569757508555,1.2694392083650206,Not Significant
AGGF1,-0.14535020025241252,0.18876809875124828,0.21693472813370696,0.6636709181123785,Not Significant
AGK,0.08553634346762706,0.4760689045364247,0.5114554915537957,0.2911921539628253,Not Significant
AGL,-0.3179047913105677,0.0012548057838770695,0.001989754992409507,2.701200396954816,Not Significant
AGMAT,-1.3733728855643417,5.2747757410748244e-05,0.00010655322000318384,3.97243342151539,Down
AGO1,-0.07462001267934326,0.13288384153704114,0.15647829569189392,0.8055458927177517,Not Significant
AGO2,0.34334427503078757,0.000998855256781061,0.0016089651194135606,2.7934533708235407,Not Significant
AGO3,0.19273305134360896,0.2367014977222529,0.26787881178385986,0.5720616361090753,Not Significant
AGO4,0.2053860571009345,0.03453318625701195,0.04429992593316418,1.3535969998908126,Not Significant
AGPAT1,-0.0782740751942903,0.4101369344954468,0.44652755626360435,0.3501517346165426,Not Significant
AGPAT2,0.5286696907840529,0.00021942212550472796,0.00039706457559450867,3.401138857106564,Not Significant
AGPAT3,-0.5466144985283208,1.7410037549819785e-05,3.853850104963404e-05,4.414105181183743,Not Significant
AGPAT4,-0.2794155220610506,0.02724022172572043,0.03547285336930037,1.4501038762954357,Not Significant
AGPAT5,1.2702457291392228,1.159736975950165e-09,6.224395469217881e-09,8.205902822084745,Up
AGPS,0.1468780382936501,0.17662862901628956,0.20382094028752587,0.6907511992101596,Not Significant
AGRN,0.5954972560105638,0.03967682856558135,0.05046135222442451,1.2970411157737103,Not Significant
AGT,0.8457523875755406,0.0015511114748963167,0.0024199933402672285,2.616185829180384,Not Significant
AGTPBP1,-1.931335919879178,7.598923098424717e-09,3.481177174202028e-08,7.458273872774267,Down
AGTRAP,2.5272492016152484,1.4256088375281184e-07,4.952270148020091e-07,6.3051956724301155,Up
AHCTF1,0.16523693396412042,0.012729691842867473,0.017374192606021802,1.7600953683146403,Not Significant
AHCY,1.2569715207518612,5.472352575622198e-07,1.6781881231908074e-06,5.775159356806352,Up
AHCYL1,-0.4213805519794285,0.09707964597442155,0.11659279369889398,0.9333282913739285,Not Significant
AHCYL2,0.07076103592625316,0.6208123532995954,0.6524844702284949,0.18542982050206772,Not Significant
AHDC1,-0.5837771587149412,0.004589148078780723,0.006682723004573143,2.175046539785853,Not Significant
AHNAK,0.5671175942874811,0.013974675173414997,0.01897316411010548,1.7218602367987268,Not Significant
AHNAK2,-1.4249113348453548,9.316118191270406e-13,8.641857703393928e-12,11.063392889047654,Down
AHR,1.7663875836639242,5.461833657279605e-18,9.310069756926351e-17,16.031047064997747,Up
AHSA1,-0.5626195295265148,7.854854017445041e-05,0.0001538592249110273,3.812876459716494,Not Significant
AHSG,-2.144750313932848,8.414294288167466e-08,3.05461623996393e-07,6.51504334363252,Down
AHSP,-0.4858291925676399,0.8052438570731194,0.8254435321380192,0.0833126310864276,Not Significant
AIDA,0.33526132076097426,0.0006629797119785865,0.001101758102684309,2.9579137468646564,Not Significant
AIF1,2.5930710706876745,3.6386025123616674e-06,9.26340199887072e-06,5.033229488695786,Up
AIF1L,0.63446434014989,0.024041663857209315,0.031552334770391696,1.5009684988483363,Not Significant
AIFM1,0.4898244038248514,9.559457150638836e-07,2.76215646418041e-06,5.558751724162329,Not Significant
AIFM2,-0.2568436639132976,0.1958060833956554,0.22433190994289007,0.6491089460940939,Not Significant
AIFM3,-4.023942563745457,1.6400301070487027e-12,1.4608013526444414e-11,10.835408837670027,Down
AIG1,-0.2851249416896806,7.085278726671656e-05,0.00014014745315627384,3.853414790092255,Not Significant
AIMP1,0.49769485565282423,4.2228383143272544e-05,8.692454674812579e-05,4.060857565186563,Not Significant
AIMP2,1.4305362704066162,5.742988521371381e-06,1.40356298797417e-05,4.852768092672731,Up
AIP,0.08563015823463616,0.1897317338253334,0.21794270086162015,0.6616576713978612,Not Significant
AJAP1,-4.693341363123684,1.3918158886880283e-46,9.347435508428798e-44,43.02930752252893,Down
AJUBA,3.2737431239260033,2.1519744172005075e-07,7.192763861605147e-07,6.1431041973504374,Up
AK1,-0.6762109805704135,7.274746996647571e-06,1.7395158140096753e-05,4.759571618709482,Not Significant
AK2,1.5038077997745525,1.3546166134951228e-07,4.718674883938405e-07,6.32617994445735,Up
AK3,0.1810210912229806,0.07788738436042379,0.0949005212925628,1.0227314019682638,Not Significant
AK4,0.265406630874395,0.09480272513612818,0.11396690370183238,0.9432212506505545,Not Significant
AK5,-5.255387453803706,9.697519824969491e-16,1.313075466622885e-14,13.88171031290821,Down
AKAP1,-0.5536031655906299,6.19658462091448e-19,1.1560072865017123e-17,16.937039428478194,Not Significant
AKAP10,-0.2873983562903497,0.0003715866987505664,0.0006464107068232094,3.1894914587376024,Not Significant
AKAP11,-1.7996959024157952,6.618460982885102e-08,2.459401547089064e-07,6.6091705581063795,Down
AKAP12,-0.4899892918199811,0.0002441180894665494,0.0004379778509859339,3.3585478516826837,Not Significant
AKAP13,1.5943222638700405,1.1091044051192744e-19,2.2667716431339088e-18,17.644592228934854,Up
AKAP17A,0.8374591981195785,1.6478439681915831e-06,4.53438408510298e-06,5.343481695727818,Not Significant
AKAP5,-3.8047353201489535,4.8303247280660225e-09,2.3061939009733228e-08,7.637104180743607,Down
AKAP6,-1.7165240288230876,1.7768368090568505e-10,1.112483158137894e-09,8.95370655507345,Down
AKAP7,-0.7658202835236771,3.2659365520960293e-14,3.7345113309665607e-13,12.427766218520398,Not Significant
AKAP8,0.5462283578804055,7.018513785903598e-06,1.6855841298388268e-05,4.7732495663628605,Not Significant
AKAP8L,0.15367646336969898,0.2685039448540955,0.3014833638497724,0.5207366476617445,Not Significant
AKAP9,-0.3703854292054949,0.00027385105534308393,0.0004877608789827135,3.311793035353288,Not Significant
AKR1A1,1.281438994537364,1.5297989588556318e-07,5.275667939702406e-07,6.27772254756337,Up
AKR1B1,0.9181833068076344,1.2627923754621725e-08,5.511858921319725e-08,7.258701906934332,Not Significant
AKR1B10,9.527851477661555,3.239906403113163e-07,1.0471227816798846e-06,5.98000239159749,Up
AKR1C1,-1.9951465370529498,1.5001083558060477e-08,6.414300329537404e-08,7.192850709451657,Down
AKR1C2,-2.347460125125618,1.708709807759539e-07,5.829171216853909e-07,6.234393188214128,Down
AKR1C3,-0.8266265958032548,0.006790051646155758,0.00964603794971925,2.0156510337969644,Not Significant
AKR1D1,3.1847259422446785,0.04280457402897797,0.054152113370328284,1.2663845896912596,Not Significant
AKR7A2,0.7203711962079105,3.4856669122365716e-07,1.1168768598559548e-06,5.951994706949828,Not Significant
AKR7A3,0.05779813194902772,0.6194379512640589,0.6511758239626556,0.18630173175908404,Not Significant
AKT1,0.9315678930762878,3.4934367553436745e-10,2.0755701421023224e-09,8.682862585430122,Not Significant
AKT1S1,0.7160275622037258,9.935342403736839e-05,0.00019119128820486135,3.718531900609886,Not Significant
AKT2,0.6197626070725697,0.018272500399852672,0.024403707944864884,1.6125441811346806,Not Significant
AKT3,-1.8256846161357316,2.1771762373630995e-09,1.1105252362124487e-08,7.954471567846458,Down
AKTIP,-0.9834254466758985,2.1578832174008588e-10,1.3328335703308555e-09,8.875224077142391,Not Significant
ALAD,-0.4195789181279004,0.0001474281623673794,0.0002748827147305164,3.5608525687530235,Not Significant
ALAS1,-0.22647880897327255,0.06151752515705769,0.07609621174265707,1.1186369629431054,Not Significant
ALB,-0.3464962896649677,0.1702382666110116,0.19703358201279075,0.7054597472399277,Not Significant
ALCAM,-0.24867388396760148,0.10803347609677923,0.1290559988377747,0.8892218035835531,Not Significant
ALDH16A1,1.917819864832314,4.276835723011133e-09,2.0624625693448613e-08,7.685613924511124,Up
ALDH18A1,0.7605395698748545,8.972261438359285e-12,7.044938560407752e-11,10.152122790062394,Not Significant
ALDH1A1,-1.7801552365701063,8.927250829737965e-07,2.597721688584063e-06,5.585407379662807,Down
ALDH1A2,0.2827139578063882,0.10984448587889004,0.1310628753800973,0.8825203083163117,Not Significant
ALDH1A3,-1.6990350044248395,3.331515001545787e-05,7.013935658426804e-05,4.15403822238927,Down
ALDH1B1,0.8352565882880612,0.0010746438298893277,0.0017214122980291125,2.764115098693988,Not Significant
ALDH1L1,-0.030806608454117423,0.9231055257778167,0.9328282743189613,0.030198298782952812,Not Significant
ALDH1L2,-0.02539778765213896,0.899762895259164,0.9118589998444561,0.04007231114928736,Not Significant
ALDH2,-1.2908756714416079,1.6778222701741488e-10,1.0563988468583985e-09,8.9761720815311,Down
ALDH3A1,0.7045554996103878,0.06956039465430035,0.08532222278673099,1.0689378389769784,Not Significant
ALDH3A2,0.34053351410319976,0.038009157817782094,0.04846889314637175,1.3145368978739338,Not Significant
ALDH3B1,2.829113213338495,4.792278539039447e-07,1.488490567314107e-06,5.827253913168021,Up
ALDH4A1,0.16106788470613864,0.49653510126249684,0.5316287182610684,0.27439156677099874,Not Significant
ALDH5A1,-1.6943081118889758,8.956904818437591e-14,9.619601187733506e-13,12.016842932697834,Down
ALDH6A1,-1.2512875892304969,5.664140490045249e-07,1.73120604662366e-06,5.761651239700429,Down
ALDH7A1,0.15953683493533433,0.4128639819663058,0.4493508809775891,0.34741440251383127,Not Significant
ALDH9A1,0.5834004286032552,0.005429115897641459,0.007826690548488847,2.106421836965921,Not Significant
ALDOA,-0.3516848790647522,0.0184802348292161,0.024668064882671654,1.6078649179500781,Not Significant
ALDOB,-4.359200295397402,2.48612608038826e-13,2.512059592159612e-12,11.599970062291884,Down
ALDOC,-2.300193465508915,6.794551958441621e-18,1.149373033172237e-16,15.939538996589723,Down
ALG1,0.597875608675615,3.5020017404242306e-07,1.1217540710026613e-06,5.950102345676516,Not Significant
ALG11,0.335009945170464,0.008365468179616009,0.011724224602316594,1.9309158703246643,Not Significant
ALG12,0.27119454556621747,0.11874719607504075,0.14093535028981627,0.8509800607569126,Not Significant
ALG13,0.14958110809838132,0.14219382478829823,0.16665156286858362,0.7781906091440504,Not Significant
ALG14,0.011733993982170787,0.9239591683972311,0.9335036267609774,0.029883990431324964,Not Significant
ALG2,0.7976435137919928,8.295907389845864e-11,5.516367725762854e-10,9.258346791091794,Not Significant
ALG5,0.8482450532400101,5.7526549354925316e-06,1.4055844244518981e-05,4.852143063985777,Not Significant
ALG6,0.9178455452955561,4.847495506563863e-07,1.5039627266130075e-06,5.822762926927145,Not Significant
ALG8,0.9023460170240334,5.017271628177471e-07,1.5499538295694523e-06,5.809681238514781,Not Significant
ALG9,-0.08971860606967041,0.21822880239775302,0.24827068948108005,0.6050745496681792,Not Significant
ALKBH1,0.2541128464211937,2.3993286962317575e-05,5.172445385371009e-05,4.286304086250865,Not Significant
ALKBH2,1.238854180655375,4.0113606047495695e-07,1.2671823998823194e-06,5.897160867704606,Up
ALKBH3,0.508361117572079,0.00017641423047307312,0.00032436520492530363,3.4889657392926137,Not Significant
ALKBH4,0.24510902269528856,0.006131672974822878,0.008765499297341517,2.057223340733416,Not Significant
ALKBH5,-0.23825119000839123,0.006504700822526547,0.00926064953167502,2.0333585513170527,Not Significant
ALKBH6,-0.28994788544305194,0.04182664162866505,0.05300812526948946,1.2756575551305476,Not Significant
ALKBH7,0.9429849188701453,7.405131218426752e-05,0.00014587268653584493,3.8360260185742256,Not Significant
ALKBH8,0.22173298549058984,0.08772280665052462,0.10594887354002938,0.9749036563949045,Not Significant
ALMS1,0.021808587768038734,0.8623488056348756,0.8778599300692943,0.05657477390121446,Not Significant
ALOX12,-0.345939597960351,0.7637066581165686,0.7880502666856696,0.10344607965771375,Not Significant
ALOX15B,0.48824818131879866,0.16042128099964517,0.18627062987441512,0.7298556168644275,Not Significant
ALOX5,2.383520960732401,2.198874412123934e-06,5.900762074516918e-06,5.229091896258741,Up
ALOX5AP,3.900925252227289,2.775879637692156e-06,7.278555822517121e-06,5.137954782847744,Up
ALPL,-0.4454997132314542,0.049277276817063675,0.06177442591526872,1.209191281911143,Not Significant
ALS2,-0.5999852282326579,7.194649824326203e-05,0.00014208763444474058,3.847443716063312,Not Significant
ALYREF,1.3039339988437995,9.565629561835416e-07,2.762733721500286e-06,5.558660971346925,Up
AMACR,0.3950740732087752,0.051691535040594455,0.06461602233514686,1.1896597800086557,Not Significant
AMBP,0.9745647421501422,0.5757111086706022,0.6094022189807675,0.2150959687392916,Not Significant
AMBRA1,-0.015087053996960975,0.6430522588002047,0.6736801638054557,0.17154624005515887,Not Significant
AMD1,-0.40481736496508347,0.028265449168070604,0.03671301378534596,1.4351799626324586,Not Significant
AMDHD2,0.6213872182978406,7.763442092099644e-05,0.0001522166516851145,3.817537835480106,Not Significant
AMER2,-1.6942660981835793,1.5386770590591913e-08,6.554178728525282e-08,7.183481719841964,Down
AMFR,0.3780759265015128,0.0018188814762565336,0.0028073252630317633,2.551707266112907,Not Significant
AMIGO1,-2.371928522294219,6.654890433779954e-13,6.342607968770033e-12,11.197732131147314,Down
AMN1,-2.1404853202514733,6.894620157843932e-08,2.547923825022735e-07,6.593813560193363,Down
AMOT,-1.5127162568925172,1.1291920888404758e-08,4.976150963682832e-08,7.3031064527344585,Down
AMOTL1,0.9696167991079392,1.9178346482663974e-09,9.887546697357057e-09,8.004911452383613,Not Significant
AMOTL2,-0.010474392175460423,0.9452486800594965,0.951862775181864,0.02142565694840648,Not Significant
AMPD2,-0.4931079049772542,0.0002496874540700341,0.000447094101013424,3.349601060201795,Not Significant
AMPD3,0.13536745092293856,0.39594150707206066,0.432193600849923,0.36432166766134133,Not Significant
AMPH,-3.427211408015289,6.799943694368208e-18,1.149373033172237e-16,15.939538996589723,Down
AMT,0.19463389826528044,0.3032453193067211,0.33744541551926527,0.47179646773954353,Not Significant
AMZ2,-0.4002613637611496,0.0020708471022016905,0.00317047320783888,2.498875912477618,Not Significant
ANAPC1,0.19670523823654307,0.061092244979834155,0.07559799483194317,1.1214897236121704,Not Significant
ANAPC10,0.05380545427130912,0.5499537404652974,0.5845361871119864,0.2331885976303231,Not Significant
ANAPC11,0.9931216345967933,1.3586717709787557e-08,5.871840163380517e-08,7.231225774806329,Not Significant
ANAPC13,-0.07592950129147624,0.5938598685229782,0.6265100340873896,0.20307196902116792,Not Significant
ANAPC16,-0.05987570150025334,0.4609862524019984,0.49657565298307654,0.3040145776415262,Not Significant
ANAPC2,0.4250810587752589,0.0007816529469867127,0.0012808021776096526,2.8925179427041128,Not Significant
ANAPC4,0.2627139034631867,0.030314970517597604,0.03915797063652754,1.4071798236154587,Not Significant
ANAPC5,0.40635970554314227,0.0064990765985665,0.009253950198439423,2.0336728420525847,Not Significant
ANAPC7,0.4413957092108731,0.0007836009316570127,0.0012835765504898775,2.89157822557924,Not Significant
ANG,2.868341742154925,5.708496218567087e-07,1.7431764445542539e-06,5.75865865131918,Up
ANGEL1,0.16570551400141298,0.14973422973251788,0.1747477560617916,0.7575883923275661,Not Significant
ANGEL2,-0.1324025233710202,0.05549257223922471,0.06906521576559538,1.1607406270771765,Not Significant
ANGPT2,3.100758836185845,0.0003010956031055372,0.0005324270854283275,3.2737398593715645,Up
ANGPTL1,0.252666954312879,0.48008738941876344,0.5150037654141862,0.28818959563332364,Not Significant
ANGPTL2,3.2927068676908746,6.485322938999732e-11,4.414401573478601e-10,9.355128162064021,Up
ANGPTL4,1.32956381001663,0.05470328004079859,0.06811876923745426,1.1667332074242176,Not Significant
ANK1,-2.7341918717228904,9.815838771536238e-31,4.8711704327318257e-29,28.31236667504739,Down
ANK2,-1.9782479826372423,1.4512568741996797e-13,1.522912682363289e-12,11.817324996634351,Down
ANK3,-3.7407353034713484,2.50562842775801e-34,1.7901915447683824e-32,31.747100498413726,Down
ANKFY1,0.9212131053497608,1.0560792880956374e-06,3.029311716479343e-06,5.518656035422008,Not Significant
ANKHD1,0.7526832372750771,0.007300817342557735,0.010335642764042526,1.9856625098255996,Not Significant
ANKHD1-EIF4EBP3,0.6042455656652468,0.06766582152123049,0.08321111889707959,1.079818638216387,Not Significant
ANKIB1,0.3027620058453806,2.6894022836148054e-08,1.0863287331650181e-07,6.964038733314302,Not Significant
ANKLE2,0.5285690821439104,5.198289841612495e-10,2.9720528867425807e-09,8.526943466709541,Not Significant
ANKMY2,-0.6671719211143916,0.0006097376360230122,0.0010201788648556429,2.9913236780324812,Not Significant
ANKRD10,1.5718657142340646,7.374644440915511e-06,1.7608951907509564e-05,4.754266492660272,Up
ANKRD11,-0.7980692968739973,5.267923908810791e-05,0.00010643615214071381,3.9729108343673745,Not Significant
ANKRD12,-1.2563445566709994,2.886982781247078e-13,2.896759416163652e-12,11.538087572649635,Down
ANKRD13A,0.7444522334076993,0.0004199802114126276,0.0007242178448768933,3.1401307782816636,Not Significant
ANKRD13D,-0.15354068825427092,0.14342503318690145,0.16789028402566175,0.7749744361796109,Not Significant
ANKRD16,-1.0307301676204865,3.5780315267994753e-10,2.1178078496461763e-09,8.674113446317287,Down
ANKRD17,-0.13389863826585469,0.006170349313545726,0.008817035316972999,2.054677419621043,Not Significant
ANKRD22,6.032091178062055,0.011016139873377698,0.01518147648213501,1.8186859888581026,Up
ANKRD24,-3.1549391895298164,2.352896107816478e-09,1.1899134231999597e-08,7.924484636249777,Down
ANKRD27,-0.49128137339489086,6.612848384592013e-06,1.5948727466214973e-05,4.797273963167814,Not Significant
ANKRD28,0.22162006549535462,0.04533428851355074,0.057101478180233825,1.2433526490709734,Not Significant
ANKRD29,-3.0085528700747233,1.2811427157890428e-34,9.560171643599123e-33,32.01953431031817,Down
ANKRD34A,-3.5798271776792205,2.4346323641418156e-13,2.469938211114265e-12,11.607313911075462,Down
ANKRD35,-0.8744116150335426,2.629590300764111e-05,5.635076088044598e-05,4.2491002154839235,Not Significant
ANKRD39,-0.3725197343537445,0.005740029905476385,0.008245410133718678,2.0837877373049807,Not Significant
ANKRD40,-0.4986223022123326,0.0018388003795167722,0.0028363305808072215,2.547243152525148,Not Significant
ANKRD44,1.051486830981359,9.526837164560859e-08,3.4165402051443277e-07,6.4664134642228435,Up
ANKRD45,-0.4301065191480209,0.023943285005405813,0.031435508033944765,1.5025795165590314,Not Significant
ANKRD46,-1.684007109586247,4.490475915657396e-06,1.1222290839576435e-05,4.949918480206932,Down
ANKRD49,0.15961085046944667,0.1769877543294564,0.20421196164413513,0.6899188228568687,Not Significant
ANKRD50,0.30190301788924856,0.03833778569382794,0.0488632152175636,1.311017959685448,Not Significant
ANKRD52,-0.05704340328997759,0.5866680771904457,0.619701605286416,0.2078173788444645,Not Significant
ANKRD54,0.11645675114145249,0.2761973885469249,0.3091912981688767,0.5097727372971111,Not Significant
ANKRD63,-2.601007227227079,0.00010531150233181815,0.0002018470461359848,3.6949776017465017,Down
ANKS1A,-0.40619176815160785,0.00701386726910144,0.009946185088531519,2.002343463243752,Not Significant
ANKS1B,-3.6602861187914506,9.046556984848306e-43,2.0252225570080406e-40,39.69352724406934,Down
ANKS6,0.1142873785565719,0.6128844450775461,0.6446901847876371,0.19064894174021557,Not Significant
ANKZF1,0.23374275256708543,0.2720093830586916,0.3050793280932152,0.5155872187725407,Not Significant
ANLN,0.4425088508300341,0.18131608606909658,0.2087756601966029,0.6803201343022631,Not Significant
ANO10,-0.1705007396292082,0.0027009820770854944,0.004069652025809044,2.3904427233869825,Not Significant
ANO6,2.3231802466426217,5.506088398882105e-07,1.6880199187564917e-06,5.772622432973995,Up
ANO8,0.054957465186181054,0.7993522876998559,0.819610681556066,0.08639239030179792,Not Significant
ANP32A,0.4011478714622889,0.0001606285593341464,0.00029762223776571466,3.5263346222587972,Not Significant
ANP32B,0.855929512967414,0.001206037721295148,0.0019178569856870278,2.717183781233488,Not Significant
ANP32E,-0.21437165349324871,0.1572999180595754,0.18298376149332132,0.7375874491043033,Not Significant
ANPEP,2.359158065369897,3.344229634527621e-07,1.0770386617081604e-06,5.967768706855081,Up
ANTXR1,1.475555187306263,2.8572232553578203e-06,7.460774254659067e-06,5.127216100532999,Up
ANTXR2,2.02298014022646,3.017255878971146e-07,9.81460630440921e-07,6.008127116670379,Up
ANXA1,4.498436242797975,5.766789235760769e-12,4.6888325069454383e-11,10.328935280720003,Up
ANXA11,-1.6022891265598176,1.4592245913921098e-14,1.733517515764636e-13,12.761071765797896,Down
ANXA2,4.5463332473013605,5.740500318388461e-11,3.9286549053971036e-10,9.405756118112098,Up
ANXA3,-3.513333917353739,5.094346453883771e-20,1.075900339128409e-18,17.96822795559449,Down
ANXA4,0.6334979413379482,1.6340987184953103e-05,3.6395999314883386e-05,4.438946351816851,Not Significant
ANXA5,2.734897128902709,9.599591780570314e-14,1.0276969989103649e-12,11.988134911700914,Up
ANXA6,-0.7113760852947664,0.0026908570735720387,0.004055609539073118,2.3919438641255955,Not Significant
ANXA7,-0.7048940929388472,0.0002771793358626956,0.0004930786914145851,3.3070837652665137,Not Significant
AOAH,1.7849885850004181,1.836290552692093e-08,7.672663221825028e-08,7.115053863980019,Up
AOC3,0.3217412142664937,0.11522931774104496,0.13716414355704679,0.862759403866368,Not Significant
AOX1,1.5701794248659393,8.819509233212075e-09,3.989570544022382e-08,7.3990738512805105,Up
AP1AR,-0.5506751486684109,0.004372735247639884,0.006395315749814779,2.194138008649438,Not Significant
AP1B1,0.43577295540472605,7.241303874249285e-06,1.7327528558001734e-05,4.761263376706963,Not Significant
AP1G1,0.03845933903762955,0.5614872649025584,0.5954755981291056,0.22513603067996607,Not Significant
AP1G2,-1.5723822806240992,0.002062946457470819,0.00315981794322047,2.50033793906908,Down
AP1M1,-0.40833984200224194,7.87122651070342e-14,8.526315684820028e-13,12.069238591740813,Not Significant
AP1S1,-0.43157296277421864,0.023237053726546063,0.030564052649330858,1.5147890608767927,Not Significant
AP1S2,0.6807456902759128,0.0035378121968944226,0.005237313750406232,2.280891408151485,Not Significant
AP2A1,-0.8088394391156442,2.8736136940632563e-08,1.1542577493617721e-07,6.937697201036073,Not Significant
AP2A2,-0.67988414940395,1.1831486880168038e-11,9.175550333395905e-11,10.037367878074313,Not Significant
AP2B1,-0.5856511215413214,1.0077217688137753e-05,2.3369680246385756e-05,4.631347229763539,Not Significant
AP2M1,-0.2818527489392899,0.1231554697251148,0.14577231841273725,0.8363249389946402,Not Significant
AP2S1,0.12352872244450808,0.5100986181394914,0.5449924147987313,0.2636095421893749,Not Significant
AP3B1,0.8618361251719726,9.426879641114208e-06,2.1982959607542717e-05,4.657913838086479,Not Significant
AP3B2,-2.551586824190636,2.031414308253966e-44,6.601441206887243e-42,41.18036124023537,Down
AP3D1,-0.1624124853468487,0.04528504694999047,0.057046587842216334,1.2437703271548677,Not Significant
AP3M1,0.38240695994984364,5.2419507554127336e-05,0.00010597513929365418,3.9747960039229815,Not Significant
AP3M2,-1.2239359484889114,2.3766836185040205e-05,5.126918795034155e-05,4.290143561269931,Down
AP3S1,-0.7824048733981392,0.0003291745920539984,0.0005778192786812999,3.2382079722093176,Not Significant
AP3S2,-0.31056566474999414,1.3222688075678344e-08,5.743922965366697e-08,7.240791393267933,Not Significant
AP4B1,0.12370358532376358,0.2540135722279851,0.2860345023259345,0.5435815778289553,Not Significant
AP4E1,0.2042395691389025,0.007890172348595476,0.011107285301278545,1.9543920727187511,Not Significant
AP4M1,1.2589644231125696,3.7611828418995453e-05,7.828544617623145e-05,4.10631896888514,Up
AP4S1,-1.4914283515600726,1.3261040765408944e-23,3.742065116827163e-22,21.42688865947827,Down
AP5B1,-0.21297364237793204,0.13969275732729072,0.16390226383823978,0.7854150478592412,Not Significant
AP5M1,-1.170163956211404,8.085904988501158e-08,2.942825392130082e-07,6.531235505309163,Down
AP5S1,0.4551040650875322,3.89977302430843e-08,1.5233157598636342e-07,6.817210064784347,Not Significant
AP5Z1,1.2046356568754693,3.730598917315622e-08,1.4634756033114324e-07,6.83461451302215,Up
APAF1,0.9405293389753933,1.382475208495584e-06,3.874007023750908e-06,5.411839596220549,Not Significant
APBA1,-2.3371096929028212,3.461978635350319e-33,2.1662094889763425e-31,30.66429954609155,Down
APBA2,-0.8847755735634699,6.440963439207809e-12,5.182609080397721e-11,10.285451548372302,Not Significant
APBA3,1.0976936791792742,0.0008406700114339199,0.001369487337513795,2.863441978943652,Up
APBB1,-1.6447160940992624,2.1924896070536188e-08,9.007805995700716e-08,7.045380975945655,Down
APBB1IP,1.7041484937944134,6.895455847138006e-11,4.662068604299884e-10,9.3314213399425,Up
APBB2,0.010331292930274572,0.9233764081894058,0.9330084188666072,0.030114437442336658,Not Significant
APC,-0.8754791506361919,1.311238779974531e-08,5.706012729789816e-08,7.243667263791577,Not Significant
APC2,-0.2953423242715836,0.12386415444373738,0.14659392526623713,0.8338840261342798,Not Significant
APCS,0.4597914465696712,0.02458671945646999,0.03223407233270154,1.4916848238734115,Not Significant
APEH,0.4485387595273984,0.0012088978872078363,0.0019221018490738232,2.716223603494308,Not Significant
APEX1,1.0116263015441014,5.349133413915557e-06,1.3165690205664629e-05,4.880556368259076,Up
APH1A,1.7557430658422675,1.923104907107613e-07,6.490237465394337e-07,6.187739412903218,Up
APH1B,0.2756624924794231,0.004520513149176928,0.0065942150977133475,2.1808368906435196,Not Significant
API5,-0.24054590473706483,0.07845518436275929,0.09555767467905175,1.0197344270086355,Not Significant
APIP,0.2687039996000564,0.006240273689801644,0.008906845728402063,2.050276069844833,Not Significant
APLF,-1.0071457535066504,4.2118858296833755e-11,2.9445203225697657e-10,9.530985443908602,Down
APLNR,2.088472117462995,9.827314642792522e-05,0.0001894018896336175,3.7226156924216625,Up
APLP1,-1.9899992899075514,5.15744875301397e-08,1.9672903725052152e-07,6.7061315333854274,Down
APLP2,0.24215235173207006,0.07565556190060699,0.09232636348718531,1.0346742699148586,Not Significant
APMAP,0.48778328185307274,0.009321319434742235,0.012978987143827682,1.8867591977521196,Not Significant
APOA1,0.295952127465279,0.10435858633649299,0.12481400911241011,0.903736666746824,Not Significant
APOA2,-3.1067754578414695,0.12122115110000771,0.14363465963084893,0.8427407504129167,Not Significant
APOA4,1.4264697363825265,0.196866117009807,0.2254694477895402,0.6469122988208583,Not Significant
APOB,-1.493293949929182,1.7414013551306676e-05,3.853883403248319e-05,4.414101428780684,Down
APOBEC3C,3.5069763427163547,3.1744924151698086e-09,1.566103652811981e-08,7.80517949747951,Up
APOBEC3G,2.668811725226867,4.715721601684623e-07,1.468052515926171e-06,5.83325840833752,Up
APOBR,2.8805458208253683,8.736747272465506e-06,2.057844096862696e-05,4.686587530660547,Up
APOC1,4.139773518532648,4.778367421661378e-15,5.979785516250525e-14,13.223314393064996,Up
APOC2,2.3876517243629802,2.8511061773317674e-07,9.328367531809103e-07,6.030194351318748,Up
APOC3,-2.3752001046670683,0.14961771120498304,0.17467247916085285,0.757775515681641,Not Significant
APOC4,2.546710648242349,5.255729664278928e-08,2.000360079373727e-07,6.698891821131319,Up
APOD,-0.7112690638744787,0.014095520803401925,0.019132077145442062,1.7182378766098036,Not Significant
APOE,2.4158240807348363,2.684322742675221e-06,7.0586967657818265e-06,5.151275474539553,Up
APOF,-1.0505971324652978,0.4805905433166509,0.5153788730436386,0.2878733884793842,Not Significant
APOH,1.090442819110904,0.5359006547757849,0.5706228935853775,0.24365080828646368,Not Significant
APOL1,1.425542575430578,0.0010581048949321328,0.001698046075250479,2.7700505296659466,Up
APOL2,-0.03630584246975488,0.7644407228969767,0.7887111678066514,0.10308200970970993,Not Significant
APOL3,0.714765516188713,0.04081735715112043,0.051846432472624784,1.2852811218353477,Not Significant
APOM,1.2627391564082373,1.172362547161762e-05,2.683685229025115e-05,4.571268424164054,Up
APOO,-0.46351429596469274,0.019944140334331863,0.026485271517012812,1.5769955704823582,Not Significant
APOOL,-0.8790285624507597,6.410246202070222e-15,7.923536225724591e-14,13.10108095217729,Not Significant
APP,-0.2833314569273817,0.16025275028893118,0.18609639266982048,0.7302620452398689,Not Significant
APPBP2,-0.43277210687952916,0.0032599846495332922,0.0048454792648908816,2.314663260552637,Not Significant
APPL1,-0.4313110863474172,0.0008459270621641859,0.0013773830975015368,2.8609452507443773,Not Significant
APPL2,0.6619879378654616,9.913391253196942e-05,0.00019084178002045862,3.719326541340435,Not Significant
APRT,1.245425988789453,6.582631254166474e-10,3.700526074468363e-09,8.431736531338968,Up
APTX,0.1702060328542565,0.0025437771546120776,0.0038494834092777635,2.414597547778034,Not Significant
AQP1,3.64250684226916,1.331381488636026e-05,3.0099499812655576e-05,4.52144072136325,Up
AQP4,0.12826407102056336,0.6497172919350618,0.6798849069236328,0.1675645998209436,Not Significant
AQR,0.13920383331362274,0.032898168688307736,0.042321051125783694,1.3734435542890666,Not Significant
ARAF,1.4593012723765284,1.2580887452044114e-08,5.493708720931617e-08,7.260134370806538,Up
ARAP1,0.8122163088048211,0.0006746133503943567,0.001118508046720334,2.9513608871742645,Not Significant
ARAP2,-0.5873828296458896,2.317493433593923e-06,6.18120965052295e-06,5.208926526021322,Not Significant
ARAP3,1.6129461657199755,3.2278947321813917e-06,8.315049929066106e-06,5.080135138644968,Up
ARC,1.9574716373101744,3.7729837993854196e-05,7.850676939494075e-05,4.105092893775573,Up
ARCN1,0.2316021421440162,0.06091948854902407,0.07540274329068294,1.1226128534096291,Not Significant
ARF1,-0.15294356720163904,0.14632078032307322,0.17104148769721972,0.7668985346804129,Not Significant
ARF3,-1.2750584473732154,1.0778896012608637e-06,3.085723172236982e-06,5.5106430381440905,Down
ARF4,0.9703174195897653,1.734345327022074e-05,3.839954906466016e-05,4.415673875629336,Not Significant
ARF5,0.055544098237387374,0.7715099227387755,0.7949464009072746,0.09966215256986688,Not Significant
ARF6,0.6368369014006383,2.0355447874954928e-05,4.4462441867366856e-05,4.352006689626198,Not Significant
ARFGAP1,0.49219207649735,1.5304526527875903e-07,5.275667939702406e-07,6.27772254756337,Not Significant
ARFGAP2,-0.2038157159843017,0.007033486797962042,0.009971199831504308,2.001252580018378,Not Significant
ARFGAP3,0.8793550273074686,3.2162935382597332e-15,4.1013849499276644e-14,13.387069466561469,Not Significant
ARFGEF1,-0.017548771755720338,0.6802856561753411,0.7093630503235286,0.14913143703481996,Not Significant
ARFGEF2,-0.7389528590628061,5.7644494094398336e-05,0.0001156563699476138,3.9368304428162797,Not Significant
ARFIP1,0.6990382405310633,3.832498590633145e-12,3.209359168914239e-11,10.493581676999597,Not Significant
ARFIP2,0.08597140046559915,0.40145362898035847,0.43759401193985403,0.3589286295431628,Not Significant
ARFRP1,0.37602598736997805,0.0015002415671424216,0.002344985810301436,2.629859780891939,Not Significant
ARG1,-1.8077450056140645,3.1850137682150005e-05,6.725178935442866e-05,4.1722961559885094,Down
ARG2,-0.7000836870517109,0.020723745318350868,0.027459030690131087,1.5613147975201425,Not Significant
ARGLU1,0.3986571256323792,0.05789844484929687,0.07190198883281763,1.1432590967218133,Not Significant
ARHGAP1,0.6569978791870099,6.899156979033879e-09,3.186708271746323e-08,7.496657692337319,Not Significant
ARHGAP10,-0.12978581509934095,0.2651533993171251,0.2980202325918463,0.5257542506730223,Not Significant
ARHGAP12,-0.23837818994024573,0.005400122563447663,0.007787122058999679,2.10862301791531,Not Significant
ARHGAP15,2.3876773720659195,1.6358442695519484e-08,6.898072487009765e-08,7.1612722462482825,Up
ARHGAP17,0.8229314486533905,0.0026737214551669445,0.004031592566883969,2.3945233641852552,Not Significant
ARHGAP18,2.359271084362934,8.872241425773165e-10,4.884096181597752e-09,8.311215792162482,Up
ARHGAP21,-0.6698289000215425,5.9968547211483e-07,1.8223925930874202e-06,5.739358058403144,Not Significant
ARHGAP22,0.17118226204690856,0.2406321447206353,0.27191567312570725,0.5655657591067417,Not Significant
ARHGAP23,-1.0621070827726342,1.6912317926563768e-05,3.753573271473968e-05,4.425555102087128,Down
ARHGAP24,0.8006516945394946,0.0006512608228032684,0.0010842507897736119,2.964870252836847,Not Significant
ARHGAP25,1.7462002093124216,9.932771232567367e-07,2.860569965605594e-06,5.543547425522912,Up
ARHGAP26,-1.6993011407565355,4.183842263482526e-24,1.2360125208892365e-22,21.907977129792865,Down
ARHGAP27,0.7793574783008079,0.0013067479537143944,0.0020652932045369956,2.68501828392371,Not Significant
ARHGAP29,0.041369433593992255,0.8313454589696718,0.8497372510225674,0.07071534260496071,Not Significant
ARHGAP30,3.1396989391008034,1.0029218813987357e-07,3.578970964651386e-07,6.446241824924562,Up
ARHGAP31,1.3547489619361492,6.425956341937774e-06,1.553470110591085e-05,4.8086970983344886,Up
ARHGAP32,-2.196757858662142,3.088178069680786e-20,6.733832440252e-19,18.171737694478864,Down
ARHGAP33,-0.9171958107944462,0.00013457228592000334,0.0002530672406865995,3.5967640702105688,Not Significant
ARHGAP35,-0.9450934234726915,1.2047300435465756e-16,1.8006603054433535e-15,14.74456820910503,Not Significant
ARHGAP39,-1.0892784250910061,0.00011456569582914268,0.00021829271132001095,3.6609607649154374,Down
ARHGAP4,2.125146571413568,1.1002909906164441e-08,4.8679540796969954e-08,7.312653527202093,Up
ARHGAP42,1.5892683622627182,6.587186742812753e-06,1.590587709661929e-05,4.798442377627401,Up
ARHGAP44,-4.595596066172629,3.372876424980796e-53,1.1326119035085513e-49,48.945918878343505,Down
ARHGAP5,-1.3122902633865188,8.921541608230692e-11,5.912869089560263e-10,9.228201736138889,Down
ARHGAP6,1.3790996834840072,5.3035211910580066e-20,1.117733733864401e-18,17.951661641606954,Up
ARHGAP9,0.5100053282963017,0.0001343719053399267,0.00025287924049961167,3.5970868215315064,Not Significant
ARHGDIA,0.1700485877036968,0.17971092553229448,0.20709309812541005,0.68383437477143,Not Significant
ARHGDIB,2.8281896270676263,1.7045453468642118e-10,1.0712158343300105e-09,8.970123016362624,Up
ARHGEF1,0.9201558285711364,0.0020569666421465394,0.003151617027069846,2.501466561847253,Not Significant
ARHGEF10,0.5133001894426208,0.02131759400986975,0.028190265431271705,1.549900834919674,Not Significant
ARHGEF10L,0.7774710074964943,4.0618862151251e-05,8.388569440584309e-05,4.076312096028647,Not Significant
ARHGEF11,-0.8893669090027636,1.3039059361506467e-10,8.371923773602049e-10,9.077174734568267,Not Significant
ARHGEF12,-0.7251213067602933,3.0839245574558795e-12,2.6239405398488622e-11,10.581046010572337,Not Significant
ARHGEF17,-0.6331040609634435,0.00012751705963236435,0.0002410144200255982,3.6179569725695426,Not Significant
ARHGEF18,0.16198742570181146,0.173131246122475,0.20010603183086428,0.6987398201525025,Not Significant
ARHGEF2,0.206083401547982,0.10160672399842309,0.12172507284577407,0.9146199568805833,Not Significant
ARHGEF25,-1.5302239354988103,7.833146638250416e-14,8.497306174997583e-13,12.07071873296309,Down
ARHGEF26,1.2575627715422009,4.9351515438300225e-05,0.0001003364614582112,3.9985412191969556,Up
ARHGEF3,-0.3601317765383243,0.01779635242051711,0.023818314638539836,1.6230889720336508,Not Significant
ARHGEF37,-0.355269593516951,0.07874489518382391,0.09585259474164357,1.018396126221232,Not Significant
ARHGEF4,-0.8964357826042217,2.7132611292048078e-09,1.357169444667787e-08,7.867365926629007,Not Significant
ARHGEF40,2.165462161347854,1.2673313452995325e-06,3.578221965400081e-06,5.446332722639954,Up
ARHGEF6,1.6796153365668722,1.57839859554972e-07,5.428742728428774e-07,6.265300739348411,Up
ARHGEF7,-0.5723446463589674,1.0048453362392491e-10,6.62921540096542e-10,9.178537869362186,Not Significant
ARHGEF9,-2.154039892080011,8.182622281694885e-09,3.728255851008334e-08,7.428494291900565,Down
ARID1A,0.1886776021034713,0.13304334520142158,0.15664780967264155,0.80507567326064,Not Significant
ARID1B,-0.2057969888060498,0.04230062363418328,0.05356164938295153,1.2711460577450717,Not Significant
ARID2,0.8728400162507519,1.749834428572066e-06,4.7797809201287945e-06,5.320592008693238,Not Significant
ARID4A,-0.5318234115116276,1.1095904757231319e-15,1.4864380920790997e-14,13.827853173797296,Not Significant
ARID4B,-0.024993549118750735,0.6802090570074437,0.7093608737363342,0.1491327696123453,Not Significant
ARID5B,-0.2996124937153226,0.0033809589902633304,0.005016906888777845,2.299563959180587,Not Significant
ARIH1,-0.344795569067621,9.73812960931053e-06,2.2656332028682283e-05,4.644810399355441,Not Significant
ARIH2,0.5491185141445278,7.487927174189141e-07,2.2218962695959175e-06,5.653276220189779,Not Significant
ARL1,-0.525753673837098,0.011199832921827082,0.015417753054726157,1.81197891467923,Not Significant
ARL10,-0.27790589051272363,0.021126182365714227,0.027948149855837837,1.55364693675772,Not Significant
ARL13B,0.8394547227493021,1.0197679216533584e-08,4.54563807200705e-08,7.3424051461710045,Not Significant
ARL14EP,-0.5721636686490044,0.0014568142764710115,0.00228348327698288,2.6414021645871535,Not Significant
ARL15,-0.925430267375436,6.649801952501895e-07,1.9997046229702713e-06,5.699034149379925,Not Significant
ARL2,-0.3819969927637601,0.006260302965495751,0.008931637455658432,2.049068913702088,Not Significant
ARL2BP,0.4428986174359153,0.002018024919724993,0.003096661544753935,2.5091062590533433,Not Significant
ARL3,-1.4911278195389315,3.2063305680399124e-11,2.2875760724103453e-10,9.640624454735306,Down
ARL4A,0.10396360557810169,0.6291174057746074,0.6605714666980158,0.18008018953535646,Not Significant
ARL4C,0.7536482096193602,0.0008947867667432418,0.0014510756420108527,2.8383099479677303,Not Significant
ARL5A,0.16574894479409252,0.03327224451272584,0.04277496059484433,1.3688103818675061,Not Significant
ARL6,-1.3362125555642237,8.544398409801669e-05,0.0001663234334053343,3.7790465584673503,Down
ARL6IP1,-0.7451108963851034,0.002706124301917147,0.004075571268876265,2.389811508020461,Not Significant
ARL6IP4,0.7220203522099649,8.387789531027295e-06,1.9844681330755915e-05,4.702355870674956,Not Significant
ARL6IP5,-0.5728004103160842,0.011075843180562728,0.015253321148460551,1.8166355858637895,Not Significant
ARL6IP6,1.4785077946430913,7.337111494941666e-06,1.7531798197353498e-05,4.756173537007367,Up
ARL8A,0.06794180043632991,0.47903855087625646,0.5140428591315943,0.2890006695098512,Not Significant
ARL8B,-0.9153426919891814,0.00014556935278484755,0.00027176902519543254,3.56580004338453,Not Significant
ARMC1,-0.7924013188214118,0.0005000850469121641,0.0008485525960237731,3.0713212335408078,Not Significant
ARMC10,0.15413830596506983,0.26854642625299957,0.30149745882901124,0.5207163439589506,Not Significant
ARMC5,-0.13531900424696275,0.18617489488475253,0.2141294266073171,0.6693236459469925,Not Significant
ARMC6,0.7519031686871962,1.7983401355216158e-07,6.114235074331676e-07,6.213657867945144,Not Significant
ARMC7,0.2049036204494481,0.018514768721470596,0.02471088766561934,1.6071116535717753,Not Significant
ARMC8,0.08098428625794085,0.3903023988148505,0.42654657904760296,0.3700335367853267,Not Significant
ARMC9,-0.4402851652935489,0.004648912353865421,0.006760956121385917,2.1699918826264923,Not Significant
ARMCX1,-0.3223684376974809,0.026967937242171735,0.03515008407007867,1.4540736319207548,Not Significant
ARMCX2,-0.17944757013946244,0.15456133528384172,0.1800683348732996,0.7445626514162901,Not Significant
ARMCX3,-0.2437892741549632,0.17028168748790706,0.19704691034514582,0.7054303703927645,Not Significant
ARMCX4,-0.5962440267994484,0.0007173421284906947,0.0011831212512140238,2.926970744776348,Not Significant
ARMCX5,-0.025261570264291322,0.8325431956562032,0.8506792542935014,0.07023415830326303,Not Significant
ARMCX6,1.496239768207765,2.9372716943654595e-16,4.203135660374665e-15,14.376426592482947,Up
ARNT,0.47651323351375297,9.515965345850527e-07,2.7515452036193513e-06,5.56042334800958,Not Significant
ARNT2,-1.4595901962040543,1.2437625204220607e-11,9.586582732005999e-11,10.018336175427407,Down
ARNTL,-0.4004835569065719,5.049265743523635e-05,0.00010240850231579845,3.989663985200541,Not Significant
ARPC1A,0.38255474008851564,0.01090974571754962,0.01504102618839399,1.8227225325772558,Not Significant
ARPC1B,2.7501329144785647,1.762239830840447e-09,9.150929925714775e-09,8.0385347702958,Up
ARPC2,0.7101399411694338,1.5268077955837413e-05,3.4172543285293513e-05,4.466322697710881,Not Significant
ARPC3,0.5609911919339119,0.004235088967048012,0.006206617144899864,2.2071450432380106,Not Significant
ARPC4,0.781733697223796,1.7759781791951588e-05,3.925231280652047e-05,4.40613474886733,Not Significant
ARPC5,1.1703748247782322,2.7066492443790074e-06,7.11183737294578e-06,5.1480181829770695,Up
ARPC5L,-0.6180504268700027,0.004101572389705276,0.006022334973603112,2.2202350918751557,Not Significant
ARPIN,0.5729253008814688,6.3704790912446035e-06,1.5415855480470365e-05,4.812032369728346,Not Significant
ARPP19,-1.19279764659683,0.0001189468398314629,0.00022583310675879328,3.6462123908933157,Down
ARPP21,-3.5905293016305784,5.449324643385377e-37,5.228237757853742e-35,34.28164467079004,Down
ARR3,-0.11227612880569793,0.9346155054705987,0.9424741343454265,0.02573055991813402,Not Significant
ARRB1,-2.4456972490620323,8.172242770243508e-28,3.279967078383789e-26,25.484130515357837,Down
ARRB2,0.23680568527987944,0.0022426194909899726,0.0034204615824728214,2.4659152830683335,Not Significant
ARRDC1,-0.19162627102895513,0.42011092447434045,0.45640002730017315,0.34065433827592156,Not Significant
ARSA,0.23788855461955905,0.04175736228156076,0.052933643843518695,1.276268209037945,Not Significant
ARSB,0.7869384047833687,4.3001387283335393e-07,1.3499407151521368e-06,5.86968530383658,Not Significant
ARSD,1.940176661456018,2.094367521317766e-08,8.656829335946113e-08,7.0626411442463075,Up
ARSF,0.7034219310395002,0.04447993776134964,0.05613063923435253,1.2508000118624378,Not Significant
ARSK,0.00032801785386027404,0.9981060556991117,0.9987008745642483,0.0005645698110029217,Not Significant
ART3,-2.937206027392909,4.477862951787696e-10,2.589551743760577e-09,8.586775406598134,Down
ARV1,-0.3408825179782653,0.022480341970884322,0.029626761514218822,1.5283158184278531,Not Significant
ARVCF,0.45554974843097895,0.0031901196758650895,0.004749817560547578,2.323323071210733,Not Significant
AS3MT,0.08631818731535112,0.6535863975866989,0.6837561226684592,0.16509877176751292,Not Significant
ASAH1,0.9685734836998172,1.2883457474999198e-08,5.6178050204169435e-08,7.250433338118861,Not Significant
ASAP1,-0.08573202332461705,0.14318487090212922,0.16766760309985468,0.7755508440973501,Not Significant
ASAP2,-0.197120133192616,0.036423652824097416,0.046541334164124475,1.332161171289679,Not Significant
ASAP3,1.3875001271805267,0.00030844065885554916,0.0005444184931650129,3.2640671308178812,Up
ASB1,-0.4054236083833054,2.3150263210657517e-06,6.181175499182715e-06,5.208928925515988,Not Significant
ASB13,-1.0337354465616926,4.226134808630545e-06,1.060904113185749e-05,4.974323866801917,Down
ASB6,-0.02670814729891191,0.7008642656471412,0.729014621799618,0.13726376097803814,Not Significant
ASCC1,0.047982639682750516,0.2977921468107681,0.33181706525513527,0.4791012820984195,Not Significant
ASCC2,1.220913924715969,9.841809204126511e-06,2.2881695343265748e-05,4.640511801078816,Up
ASCC3,0.9560179743819255,6.051529998209748e-09,2.8315426475599162e-08,7.5479768928188555,Not Significant
ASF1A,-0.24573375684183318,0.04300269774496423,0.05437544584947529,1.2645971690410203,Not Significant
ASF1B,6.174742163766915,5.4070468425718644e-09,2.5489279313087955e-08,7.593642443650928,Up
ASH2L,-0.24183599806183764,0.005798893610774273,0.008321660147427353,2.0797900245573464,Not Significant
ASIC1,-0.7288006992611784,3.143083926240467e-05,6.640819520332732e-05,4.177778322560234,Not Significant
ASIC4,1.6443027526416323,2.7302266518481177e-09,1.3642735093101392e-08,7.865098553670382,Up
ASL,0.8388731887663141,2.6838095136550243e-15,3.4441652280969064e-14,13.462916022163363,Not Significant
ASMTL,0.18234273394021727,0.2077045844823035,0.23707409744785013,0.625115894144928,Not Significant
ASNA1,0.7936113207001796,0.0006776423474853438,0.001123160416019637,2.9495582109542773,Not Significant
ASNS,-0.3625192091141187,0.05169099463908255,0.06461602233514686,1.1896597800086557,Not Significant
ASNSD1,-0.12793629504599835,0.2883020742497947,0.32199058713885054,0.4921568239979822,Not Significant
ASPA,-2.422681893199245,7.206215937334211e-06,1.7251763154159893e-05,4.763166512823066,Down
ASPH,0.03197577407678054,0.8182143320351358,0.8377570058869761,0.0768819316152426,Not Significant
ASPHD1,-2.454967750219744,2.2884074542279514e-15,2.9593602944662876e-14,13.528802157389878,Down
ASPHD2,-1.3961589743134333,6.304970262099518e-07,1.906250612856859e-06,5.719820003684059,Down
ASPN,3.1931204031177423,3.650354963832132e-05,7.619907978790902e-05,4.118050273351297,Up
ASPSCR1,0.22934285862421255,0.12983210071628268,0.1530815288642125,0.8150772090162905,Not Significant
ASRGL1,-1.3281088674494868,1.2236565364068106e-06,3.4646194344469393e-06,5.46034446281168,Down
ASS1,-1.19931302498102,4.7529921903290095e-05,9.698530144900636e-05,4.013294079994455,Down
ASTN1,-1.0994980491704034,3.6332962719986556e-19,6.998437216847888e-18,17.154998929110466,Down
ASTN2,-0.093676234507992,0.5906489479104046,0.6234490256967116,0.205199049424617,Not Significant
ASXL2,0.2553459293022513,0.028334555415644946,0.036793285802682034,1.4342314260244704,Not Significant
ATAD1,-1.1869625532763521,2.145551767007162e-05,4.663413488199324e-05,4.331296075499422,Down
ATAD2,0.9392280099798285,3.48913029340495e-14,3.976187621692474e-13,12.400533131029439,Not Significant
ATAD2B,0.8159118459642762,0.00013088519939602757,0.00024664001098308674,3.6079364689420497,Not Significant
ATAD3A,0.8158695695146889,6.581181666363937e-09,3.0594750395454686e-08,7.514353085605717,Not Significant
ATAD3B,0.6387510998191157,0.006002470624041029,0.00860032556771289,2.065485108107021,Not Significant
ATAT1,0.2565166266410337,0.020395023659863433,0.027051937899863626,1.5678016182072712,Not Significant
ATCAY,-3.7560223474396466,5.774010514618955e-29,2.4964541598399723e-27,26.602676404097686,Down
ATE1,-1.5078555246407959,1.595142332861388e-08,6.771792609037347e-08,7.169296350936681,Down
ATF1,0.2388028039837451,0.03287619550100365,0.04229818562926064,1.3736782611852392,Not Significant
ATF2,-0.6419898623967804,0.0002616121359206789,0.0004671181597420984,3.3305732486991957,Not Significant
ATF6,0.3565492055067594,0.00027886805246981423,0.000495470328144781,3.304982348663748,Not Significant
ATF7,0.704420416646137,0.0035922329841608478,0.005314753279840855,2.2745168913835214,Not Significant
ATF7IP,0.9641080296150619,1.6675497573553686e-15,2.1845118667877743e-14,13.660645591757136,Not Significant
ATG101,0.4670923669308813,0.013415299460364603,0.01824814025975061,1.738781389623033,Not Significant
ATG12,0.05755748070288291,0.566443597257692,0.6004159089619097,0.22154780896235374,Not Significant
ATG13,-0.4673398014668635,0.0019422563391031378,0.002987676036055124,2.524666496341706,Not Significant
ATG14,0.39273328083714176,0.00020808073033198304,0.00037762660374065886,3.422937417311541,Not Significant
ATG16L1,-0.21733212844383587,0.006823600974107576,0.009687282442666251,2.0137980377770397,Not Significant
ATG2A,-0.14847887987148667,0.14183110542631458,0.16625628997727404,0.779221915042924,Not Significant
ATG2B,-0.7963938251001359,2.11231335657594e-06,5.683612380915069e-06,5.245375548367704,Not Significant
ATG3,0.6056011509867822,7.214483534618074e-05,0.00014245140558161992,3.846333261178244,Not Significant
ATG4A,0.902807483834092,3.122994170867338e-05,6.604553932734805e-05,4.180156509025033,Not Significant
ATG4B,-0.06487703674675416,0.4762248887770617,0.5115685145596203,0.29109619283647026,Not Significant
ATG4C,-0.42375288871428296,0.0007018176684250718,0.0011603661893507587,2.935404934119908,Not Significant
ATG5,-0.5447204674396353,0.0014504940182974325,0.0022746383468755195,2.6430876435966497,Not Significant
ATG7,0.1501470618467735,0.024965282738495582,0.03269634143364593,1.4855008401247558,Not Significant
ATG9A,-0.46603377820988356,4.134090684064053e-09,1.998408327795646e-08,7.6993157691680185,Not Significant
ATIC,-0.27758462840196785,0.006782706655034905,0.009637374731004462,2.0160412539720727,Not Significant
ATL1,-2.645267248912706,2.7866675928087967e-06,7.303535040836522e-06,5.13646688273916,Down
ATL2,-0.849201457587931,1.2666979551139212e-07,4.4431459609392905e-07,6.352309419599712,Not Significant
ATL3,1.240730424069163,7.38513542925072e-09,3.3894238867549775e-08,7.469874114205774,Up
ATM,0.6949136683013464,0.0005538408791306549,0.0009328528701491752,3.030186847915936,Not Significant
ATN1,-1.2029428748613142,0.0004249423324748117,0.0007320227526250433,3.135475420053714,Down
ATOX1,0.46356572601152024,2.1551503673393135e-05,4.681109271361846e-05,4.329651220996977,Not Significant
ATP11A,0.5527114306277205,0.01085369453306074,0.014969895773008474,1.8247812233954155,Not Significant
ATP11B,0.2882934456452766,0.0005496656134258597,0.0009264399179608684,3.03318274055895,Not Significant
ATP11C,1.5050515262553805,1.5317881384938548e-06,4.258066696243679e-06,5.370787540271173,Up
ATP12A,-4.159167711380464,2.2279689021631797e-14,2.60075999077542e-13,12.584899724502053,Down
ATP13A1,0.48877021182130775,0.0006872239441145197,0.0011373573210135815,2.9441030725460062,Not Significant
ATP13A2,-1.454194715684494,5.368083902206313e-10,3.056985711182951e-09,8.514706591227755,Down
ATP13A3,0.8663134650592106,2.102128085766634e-12,1.8493999737547005e-11,10.732969152870417,Not Significant
ATP13A4,0.6560291867011863,0.01105601971660825,0.015228102628535892,1.8173542049561315,Not Significant
ATP1A1,-0.9613074173608815,0.0019706340848855914,0.0030285534357189087,2.5187647592524125,Not Significant
ATP1A2,-1.9054653470719423,3.7826400456072e-08,1.4810072218984428e-07,6.829442823704993,Down
ATP1A3,-4.901249292055123,3.7088231827453287e-37,3.6630083081349455e-35,34.43616209630322,Down
ATP1B1,-3.0319859296228167,4.936285185421304e-07,1.5286854275417835e-06,5.815681874390369,Down
ATP1B2,-0.8500466221540286,0.01973972490478043,0.0262380246326373,1.5810688645493622,Not Significant
ATP1B3,0.4782398193815709,0.0005346717583103326,0.0009028299184073569,3.0443940574986517,Not Significant
ATP2A2,-0.8928183850158895,7.933512940729851e-09,3.6245899938735834e-08,7.44074111280856,Not Significant
ATP2A3,0.7886078298978667,0.012599420176343789,0.01720338287564209,1.7643861449664904,Not Significant
ATP2B1,-2.1861253673746717,3.4751921312335644e-06,8.881046557596886e-06,5.051535853206995,Down
ATP2B2,-4.491766194525958,4.94013172033364e-24,1.455172133059681e-22,21.837085630721848,Down
ATP2B3,-6.330700843292682,9.687440434758199e-46,4.8795637469877046e-43,42.31161900396964,Down
ATP2B4,-0.17837719104636207,0.07871157127171928,0.09583519083772057,1.0184749879957082,Not Significant
ATP2C1,-0.21107342321592526,0.0030170390982451646,0.004506769257965864,2.3461346767986586,Not Significant
ATP4A,-6.873149208756411,3.823316055110935e-15,4.844790684174536e-14,13.314724981600147,Down
ATP5S,-0.09457342970782356,0.17624422956581928,0.20342396524359113,0.6915978844518839,Not Significant
ATP6AP1,0.02389215604779693,0.8829896309309071,0.8965165835514974,0.0474416725509969,Not Significant
ATP6AP2,-0.2814791455030736,0.2031057299165677,0.232087922320724,0.6343474593111711,Not Significant
ATP6V0A1,-1.661980059581559,8.00819119293969e-11,5.349769103294061e-10,9.271664961778628,Down
ATP6V0A2,0.8888668179045425,1.2230412187226227e-06,3.4638507836411864e-06,5.460440824863998,Not Significant
ATP6V0C,-0.6390871097849029,0.0012455236989214807,0.001976591956984089,2.7040829761695977,Not Significant
ATP6V0D1,-0.5548393071669935,0.0063859047064302385,0.00909923677688518,2.0409950337764933,Not Significant
ATP6V0D2,5.972794039151972,0.0025449391774578626,0.003850663453546186,2.414464436883575,Up
ATP6V1A,-1.85364805125732,4.4488919083409156e-05,9.118644371236293e-05,4.040069721523806,Down
ATP6V1B2,-1.1956475042460966,0.000937502991782624,0.0015171735163402658,2.8189647469128727,Down
ATP6V1C1,-1.7145403939870079,2.124586317098246e-05,4.623694655097803e-05,4.335010854082492,Down
ATP6V1D,-1.11708995895275,0.0004912471149885379,0.0008356675846664186,3.077966443678868,Down
ATP6V1E1,-1.4386185911984661,0.0004994803665690119,0.0008476693417817091,3.071773523974703,Down
ATP6V1F,0.00681494614042677,0.9638488322940126,0.9691399477522591,0.01361350453022989,Not Significant
ATP6V1G1,0.13762406047075615,0.33653152259171476,0.3718568123932143,0.4296242578562585,Not Significant
ATP6V1G2,-3.4018591929067092,9.932404516745764e-09,4.439176712586372e-08,7.352697566447127,Down
ATP6V1H,-1.6386991211321806,1.407890266572054e-05,3.1715309806455437e-05,4.498731041902435,Down
ATP7A,1.4218644960222289,2.5831856601941424e-11,1.889833866433972e-10,9.72357637257927,Up
ATP8A1,-2.992370966073878,5.4562821160530165e-14,6.033653791121635e-13,12.21941961310685,Down
ATP8A2,-5.030507741132363,6.262403481046478e-36,5.3920899716292495e-34,33.2682428698377,Down
ATP9A,-1.7975700789774436,4.388243286082641e-08,1.6944102285931973e-07,6.77098143553677,Down
ATP9B,-0.37781377861315235,0.0013325593015057235,0.0021027885970189,2.677204386735026,Not Significant
ATPAF1,-1.2998702366960302,1.6105216720437606e-07,5.522258449342697e-07,6.25788327163794,Down
ATPAF2,0.014060686577650472,0.8999108771544155,0.9118589998444561,0.04007231114928736,Not Significant
ATR,0.266686914627666,0.0014172562652495575,0.002227022245534869,2.652275444813834,Not Significant
ATRAID,1.7852846266219409,2.4478855935534737e-10,1.490931044102642e-09,8.826542442300351,Up
ATRIP,0.990299910843218,0.00506190641173067,0.007326673159737754,2.135093181749976,Not Significant
ATRN,-0.29199763578780846,0.039389296526844836,0.050108318374975994,1.300090171847887,Not Significant
ATRNL1,-4.811938015377912,7.83601095550204e-14,8.497306174997583e-13,12.07071873296309,Down
ATRX,-0.6108720698673835,1.2796873811168546e-11,9.848411518236207e-11,10.006633812598551,Not Significant
ATXN1,-1.0160127150952434,4.4681319134638476e-14,5.012467805816793e-13,12.299948403758497,Down
ATXN10,-0.7758913427990208,6.380666685011049e-07,1.927401384851613e-06,5.715027833308342,Not Significant
ATXN1L,0.17542780001100766,0.020007599339401702,0.026566041352989688,1.5756731556626518,Not Significant
ATXN2,-0.5154306334629801,1.9218179741397633e-05,4.216113735079263e-05,4.375087681986431,Not Significant
ATXN2L,-0.25427463112004745,0.14596817238198634,0.1706491085733005,0.7678959760211922,Not Significant
ATXN3,-0.7173521578394144,1.528274354680142e-11,1.1637064133822939e-10,9.934156572203555,Not Significant
ATXN7,0.2904124769174494,0.03096702794004824,0.03995924676163007,1.3983827068912706,Not Significant
ATXN7L3,-1.861460851355627,4.53691835570702e-11,3.147721454228135e-10,9.502003705869502,Down
ATXN7L3B,-1.0126694997365604,8.167791842288901e-05,0.00015946188957212867,3.797343093962174,Down
AUH,-0.5216260871960614,4.6948081665290014e-05,9.58174584068338e-05,4.018555353145235,Not Significant
AUP1,1.1562731159189,2.0587116939802545e-11,1.5294588204393132e-10,9.815462211583343,Up
AURKA,2.4242870547088753,7.47968105836224e-19,1.3902270660874762e-17,16.8569142605408,Up
AURKAIP1,0.17972821409035333,0.117534565643182,0.1396442050111352,0.8549770820460834,Not Significant
AUTS2,-0.025819993481441372,0.8763229133754107,0.8905408408860578,0.05034615866594916,Not Significant
AVEN,0.3369892826701566,0.001810453630690013,0.002795173927290604,2.5535911633366126,Not Significant
AVL9,-0.044313775522237364,0.5576014996987472,0.5919778172584234,0.22769456696417287,Not Significant
AXIN1,0.34240512540919354,0.020294229073971888,0.026925334346265352,1.5698388951298308,Not Significant
AXL,0.9797101258940941,0.001992182898181998,0.0030593369689459523,2.5143726852598363,Not Significant
AZGP1,0.3605432442484773,0.4355126454263234,0.4710494298931482,0.3269335174922037,Not Significant
AZI2,-0.5001134098862927,8.781037505733147e-05,0.0001706078531007825,3.7680009820791627,Not Significant
AZU1,-2.9967899698672316,8.891470714531712e-07,2.5895540901472235e-06,5.58677501308512,Down
B2M,2.41844009567232,8.774696679886086e-06,2.063887330216494e-05,4.685314014990975,Up
B3GALT6,0.6307819708330094,0.00037623662283110506,0.0006539350825397779,3.1844653628288064,Not Significant
B3GAT3,0.23849198568188967,0.002500238153797341,0.003787009346166653,2.4217036230588422,Not Significant
B3GNT9,1.65944755307628,1.2919533786156943e-07,4.525430575860398e-07,6.344340093182767,Up
B3GNTL1,0.3910524353728988,0.021470708401820214,0.028377842618726952,1.5470206241849578,Not Significant
B4GALNT1,-2.022468714714549,4.597438867320938e-18,7.876632508399853e-17,16.103659416470148,Down
B4GALT1,2.1786639604378344,2.0209779879656102e-09,1.0387414413655897e-08,7.983492541530826,Up
B4GALT3,0.47984162088192406,3.856455171837355e-05,7.998750134051784e-05,4.096977869544472,Not Significant
B4GALT4,1.0133098914124599,5.462137120028336e-06,1.3417597987604355e-05,4.872325224412794,Up
B4GALT5,0.8772202630314219,9.771480147313508e-10,5.335387046289229e-09,8.272834069965747,Not Significant
B4GALT7,0.7411091719931697,8.074413615412102e-08,2.9397051955786597e-07,6.531696220048037,Not Significant
B4GAT1,-1.6454901309169578,7.72640401749536e-06,1.8400896943793913e-05,4.7351610069770835,Down
B9D1,-0.03891997200692998,0.6993067244510738,0.7275447632056302,0.13814028094667918,Not Significant
B9D2,0.795615190122458,5.141825475666567e-06,1.268955165160828e-05,4.896553722166312,Not Significant
BAALC,0.12940485457700746,0.37046955875559145,0.406415151356183,0.39103010971103064,Not Significant
BABAM1,-0.1836144085284701,0.08418066269101157,0.10195191103020565,0.9916046292081114,Not Significant
BACE1,-0.18545634130813937,0.09192654236674705,0.11066778056914553,0.9559787996969634,Not Significant
BACH1,0.7730961003565362,4.169760600481932e-14,4.698676542422257e-13,12.328024450843449,Not Significant
BAD,0.1306803430156691,0.3854617790426066,0.4218055574706951,0.3748877025411598,Not Significant
BAG1,0.011880848767017227,0.904565383083421,0.9158383587117974,0.03818117056155169,Not Significant
BAG2,-0.848643414176312,2.0963872655049827e-08,8.658878766993521e-08,7.062538340873347,Not Significant
BAG3,0.4787420334385679,0.25150510787536895,0.2834708499369509,0.5474915941341187,Not Significant
BAG4,-1.7231255973170967,1.5892052992377541e-06,4.3934287004723205e-06,5.3571964172296465,Down
BAG5,-0.23242596850323594,0.09273742108161155,0.1116039636812991,0.9523203808971183,Not Significant
BAG6,-0.11967168327041477,0.1042556414470616,0.12472050017072779,0.9040621561502641,Not Significant
BAHD1,-0.2440613891618355,0.028249864425228616,0.036697502800741855,1.4353634877031425,Not Significant
BAIAP2,-1.3095228094447826,3.19975237154006e-11,2.2845007364205928e-10,9.641208697611187,Down
BAIAP3,-2.646673862911012,3.2576543456458404e-15,4.1488760907757514e-14,13.382069535500245,Down
BAK1,1.0177887787561364,6.937321599241541e-06,1.668335588225335e-05,4.777716585919415,Up
BANF1,0.9742330437745075,3.721782845499551e-12,3.1270425676032095e-11,10.504866206780939,Not Significant
BANP,0.454315581307279,0.04692921270087402,0.05896294446852144,1.229420836979039,Not Significant
BAP1,-0.7696220122439037,2.8025027359263903e-06,7.340720894883634e-06,5.134261288136183,Not Significant
BARD1,1.675665669104081,7.350267147612185e-09,3.374958579992942e-08,7.471731552785812,Up
BASP1,-3.3018584288761694,3.364463274283971e-19,6.520847191458219e-18,17.185695976864164,Down
BAX,1.922357408069292,8.226212587900395e-15,1.0044953407334373e-13,12.998052073349232,Up
BAZ1A,2.0263710815458342,1.041628424847416e-05,2.408392185428705e-05,4.618272790628939,Up
BAZ1B,0.640422996526965,2.1841897834177937e-16,3.1614264192745478e-15,14.500116921734651,Not Significant
BAZ2A,0.02070311065003949,0.8807565204876038,0.8947001298166906,0.04832249964265191,Not Significant
BAZ2B,0.21215342049186603,0.10912488064938547,0.13028253705403048,0.8851137928010743,Not Significant
BBIP1,-0.7535487844762123,2.329161121767285e-06,6.207399243567099e-06,5.207090321039279,Not Significant
BBOX1,1.1537883671775937,0.002850515912766082,0.004278959515006037,2.36866182253515,Up
BBS1,-0.06438860101741817,0.7667159309030034,0.7907346732101613,0.10196921724943417,Not Significant
BBS2,0.23919077093670893,0.03434811580128203,0.04409620473838603,1.3555987876774078,Not Significant
BBS4,0.4038733704409978,1.247318261683901e-05,2.8377335519881704e-05,4.547028384894641,Not Significant
BBS5,-0.07597976874472678,0.29043440836126244,0.32415646242315066,0.4892453158265022,Not Significant
BBS7,-1.4876984115868197,4.518796791942525e-06,1.1287468108611205e-05,4.94740346372373,Down
BBS9,0.27431821196997674,0.01758105348990767,0.023542673515529692,1.62814422003497,Not Significant
BBX,0.48981996131855254,9.004174080061013e-05,0.00017467369474780407,3.7577724933344987,Not Significant
BCAM,0.43440735726968605,0.061535627630058196,0.0761092587778031,1.1185625075984504,Not Significant
BCAN,1.8545546435513955,5.953481742319136e-10,3.369403093939493e-09,8.472447029683298,Up
BCAP29,-0.704653029907746,0.00022409036006190906,0.00040493027574236266,3.392619750778423,Not Significant
BCAP31,0.353269804331255,0.003564037431780838,0.005274586908735149,2.277811547458109,Not Significant
BCAR1,0.08290291263852012,0.47354630753755994,0.5090711239070941,0.29322153679388496,Not Significant
BCAR3,0.0842753746566558,0.5876471638944291,0.6206707411482992,0.20713872707689263,Not Significant
BCAS1,-2.93651968863378,1.9405381089665123e-07,6.5468790722467e-07,6.183965680880508,Down
BCAS2,-0.45672346490754734,0.052815288591561274,0.0659062575587004,1.1810733487717644,Not Significant
BCAS3,-0.37290762283106815,2.930951063352021e-07,9.55546958323892e-07,6.019747965605479,Not Significant
BCAT1,1.171783347990754,5.9122611253654904e-05,0.0001184097784829661,3.9266124313475825,Up
BCAT2,0.6011950718311176,0.016152072821638823,0.0217350542291254,1.6628392719037612,Not Significant
BCCIP,0.12625203655998618,0.19073671064625364,0.21892236789909525,0.6597098631060478,Not Significant
BCDIN3D,0.9461017375242431,2.6054242776971116e-15,3.3478372670307016e-14,13.475235660519948,Not Significant
BCHE,2.7704628334709636,3.18318779151285e-12,2.7036605670516313e-11,10.56804783311119,Up
BCKDHA,0.5547946704213462,2.988491585717204e-05,6.33945340798381e-05,4.197948185671864,Not Significant
BCKDHB,0.10259628341051297,0.3182732519417647,0.3529984300408827,0.4522272261308677,Not Significant
BCKDK,0.7944498617404072,1.6908984441705886e-05,3.753573271473968e-05,4.425555102087128,Not Significant
BCL10,0.923765377036144,1.2492005980427523e-09,6.647885274528625e-09,8.177316483969594,Not Significant
BCL11A,-3.7895089446709402,1.0064026699533565e-41,1.810446517341092e-39,38.74221430021274,Down
BCL2,-0.16794599569956858,0.22301637152486092,0.2533453909270917,0.5962869923527414,Not Significant
BCL2L1,0.1630081045360292,0.03765660210909757,0.04803147754457444,1.3184740533863237,Not Significant
BCL2L13,-0.6607667355116646,1.0344302394912126e-05,2.3928473553695696e-05,4.621085005036842,Not Significant
BCL3,2.1455756763894023,0.00010137094771323618,0.00019473892587016425,3.7105472297797877,Up
BCL6,1.2651321926212233,0.00022233835578670594,0.0004019085943289567,3.395872706846696,Up
BCL7A,-1.6416370394725188,3.5101966075777453e-34,2.4556750433845977e-32,31.6098291034112,Down
BCL7B,0.14992263842890807,0.12136734903125432,0.1437909766130608,0.8422683665964785,Not Significant
BCL7C,1.5081920925585557,6.605079341208028e-08,2.455334659901464e-07,6.609889305560096,Up
BCL9,0.009543989248260942,0.9297826866585506,0.9383521123420395,0.02763416401729069,Not Significant
BCL9L,-0.2118984332506777,0.25268440009407594,0.28467262877966015,0.5456542881793983,Not Significant
BCLAF1,-0.2473193804961369,0.08318317603361237,0.10090154309001939,0.9961021920350803,Not Significant
BCO1,1.0009459536247753,0.040904249902620544,0.051943705221101644,1.284467074735874,Not Significant
BCR,-0.7641235772389585,1.7694611722812385e-08,7.41804071975081e-08,7.1297107870340275,Not Significant
BCS1L,0.8109768522988574,1.1211941945098268e-07,3.9659095208890436e-07,6.4016571981052115,Not Significant
BDH1,-1.5760527849839843,1.1342688755829132e-16,1.7003905733068849e-15,14.76945131135732,Down
BDH2,0.6922659769574366,2.32712556277402e-06,6.20361548541558e-06,5.207355128611078,Not Significant
BDNF,-1.2591245713041008,0.0047472540391393205,0.006896011130539224,2.161402046207725,Down
BECN1,0.09085584964629945,0.47467310122670914,0.5101191403624779,0.29232838084471063,Not Significant
BEGAIN,-2.550569517676429,9.260259992153434e-11,6.121250601112448e-10,9.213159840325606,Down
BEND3,1.1482531215249736,3.965797801946699e-11,2.789905520727028e-10,9.554410503723414,Up
BEND5,-0.9218477477627474,1.5815906848532522e-06,4.379588938760765e-06,5.358566649771138,Not Significant
BET1,0.26713242681711336,0.0016127373541816661,0.002507983344554817,2.6006753519688948,Not Significant
BET1L,0.5105299628114501,2.1542143911246494e-05,4.68008535177695e-05,4.329746226526786,Not Significant
BEX4,-1.799636140341363,1.093910771509844e-05,2.5182945868807517e-05,4.598893468043295,Down
BGN,2.023411180328946,9.514067435234911e-05,0.00018378660660125885,3.735686140888463,Up
BHLHE41,-0.12420817507695148,0.23924734782144094,0.27047220087007023,0.5678773650459176,Not Significant
BICC1,-0.08356291732171783,0.4720449267591409,0.5076196191472657,0.29446160107154173,Not Significant
BICD1,0.271857814722285,0.001693042328642329,0.0026239551413450492,2.5810435938515752,Not Significant
BICD2,0.03753522841651247,0.41501150687362526,0.4513327201283377,0.3455031804260616,Not Significant
BID,0.4659810361458021,0.000300756025682735,0.0005320133806370277,3.2740774446527956,Not Significant
BIN1,-1.0634468704585558,7.611036656386577e-07,2.254442319213125e-06,5.646960871809134,Down
BIN2,2.11338311319388,4.3733333521122837e-10,2.5334652207693584e-09,8.596285053296194,Up
BIN3,0.6100677241165897,0.001690750897850704,0.0026208069772192632,2.5815649637216476,Not Significant
BIRC2,0.46225632963403385,1.081606045313736e-07,3.8366546832713293e-07,6.41604728756179,Not Significant
BIRC6,0.3007140948326885,4.762721719037225e-05,9.713512950712955e-05,4.012623676457045,Not Significant
BLM,2.2839161841356557,4.185782896845905e-20,8.91492112110479e-19,18.04988249509328,Up
BLMH,0.8739288779774697,4.7548177181307776e-08,1.8254586010842018e-07,6.7386280118101505,Not Significant
BLNK,1.4380541517443408,0.00010737831297191024,0.00020569102964043044,3.6867846478415403,Up
BLOC1S1,0.7800329953348921,5.7382461830234436e-05,0.00011519946601789194,3.938549533985901,Not Significant
BLOC1S2,-0.8971862505541424,0.000961667657987611,0.0015532852311315045,2.8087487870710492,Not Significant
BLOC1S3,0.07163470476023015,0.6323799505453224,0.6634654886267004,0.17818166283541137,Not Significant
BLOC1S4,0.9022005779363447,6.463694114519429e-07,1.9483918165669876e-06,5.710323703175028,Not Significant
BLOC1S5,0.6951184370566779,2.558504552623345e-08,1.0371981836268644e-07,6.98413825245178,Not Significant
BLOC1S6,-0.4933456936091041,0.00938197725788085,0.01305792464459048,1.8841258419754647,Not Significant
BLVRA,0.43272766880836855,0.0126982025477837,0.01733356266482019,1.7611121651190706,Not Significant
BLVRB,0.7236691547460161,8.751330147710976e-06,2.060315492125272e-05,4.686066271864818,Not Significant
BLZF1,-0.1293633332842603,0.0682384612802851,0.08386412821002709,1.0764237632691134,Not Significant
BMP1,2.4661347529553375,2.887050605814304e-07,9.4306575236619e-07,6.025458026356734,Up
BMP2K,1.154269859585618,2.0567994229310313e-07,6.904430985207334e-07,6.160872107116812,Up
BMP7,1.072270255655198,0.0001137640744626731,0.00021701558154458794,3.6635090830367405,Up
BMPER,-1.1582575815488383,1.1905681108633332e-09,6.372892215110105e-09,8.195663426691759,Down
BMPR1A,0.45438040263459456,0.0006725633836223555,0.0011158437955552717,2.9523965970440202,Not Significant
BMPR1B,-0.3430180355091146,0.24811646065975165,0.27987070033437894,0.5530425654464892,Not Significant
BMPR2,-1.193214044191084,7.804534587320873e-08,2.8496876198865706e-07,6.545202744340606,Down
BMS1,-0.3658150098857682,2.3040804510594274e-06,6.1584787646518105e-06,5.210526551749143,Not Significant
BNIP1,0.7596115570213655,0.00034150579629695885,0.0005979022231309633,3.2233698317751753,Not Significant
BNIP2,0.8165220258359263,5.639667571879776e-05,0.0001133333555138976,3.9456422526812687,Not Significant
BNIP3,-0.9853256292915766,3.508280754244078e-07,1.1234081474334025e-06,5.949462430760271,Not Significant
BNIP3L,-0.16303490828029865,0.3375198493672988,0.3728670865803452,0.4284459506354678,Not Significant
BOD1,0.6867275850128536,7.958572065259638e-09,3.634390525177951e-08,7.4395684083936,Not Significant
BOD1L1,-0.1142850248011662,0.00022757425010511636,0.00041088859497844025,3.3862759132688436,Not Significant
BOLA1,0.5288456110074833,0.0014094785461035804,0.002215661878079633,2.654496514561065,Not Significant
BOLA2,0.09033211351281965,0.31977328750858813,0.35454502513333885,0.45032860413318165,Not Significant
BOLA3,-0.44076694031902264,0.0011635615127877628,0.00185499583475612,2.731657061221153,Not Significant
BOP1,0.7268718521619455,1.1848582655978059e-05,2.7109384891283888e-05,4.566880336397818,Not Significant
BPGM,0.7481423299358134,0.0007718570448835915,0.0012661924556517344,2.897500278461509,Not Significant
BPHL,0.21646710898815513,0.0017300531306591639,0.0026776087322569393,2.572252884320424,Not Significant
BPI,1.8651006843544131,0.1157531395562867,0.1377388528100676,0.8609435384577997,Not Significant
BPNT1,0.357509562919919,0.0014836673383381723,0.0023212400631183023,2.6342799423979364,Not Significant
BPTF,0.04314649704048534,0.6320924266145571,0.6632329034178781,0.17833393629018354,Not Significant
BRAF,-0.9426544120685669,2.3004703190955618e-05,4.975498622328089e-05,4.3031633896771515,Not Significant
BRAP,0.0013514550382822677,0.9822478920467799,0.985181726849787,0.0064836520520795875,Not Significant
BRAT1,1.4308259108997703,2.54646251848187e-07,8.39707476634578e-07,6.075871979901367,Up
BRCC3,-0.14587205530631664,0.10272377714510146,0.1230194164241265,0.9100263375007182,Not Significant
BRD1,-0.06683508005479055,0.5625180552166519,0.5965059882371107,0.2243851921524329,Not Significant
BRD2,0.3449877228256355,0.002371983995439489,0.0036041277179573775,2.4431998275094746,Not Significant
BRD3,-0.12700750710888542,0.1802040408908188,0.20761385040417527,0.6827436770593288,Not Significant
BRD4,-0.2825055398742258,0.17636929635974793,0.20354499845665033,0.6913395647135411,Not Significant
BRD7,0.6609305411848112,6.583447541655751e-25,2.046964522674075e-23,22.688889684323524,Not Significant
BRD8,-0.0645775816584333,0.31117989418386516,0.3456639380315644,0.4613459265924689,Not Significant
BRD9,0.04787112196639498,0.45778658969119607,0.4937506456622384,0.3064923234518348,Not Significant
BRF1,-0.4680581274824771,0.0005463565460356215,0.0009213250493409526,3.035587120910794,Not Significant
BRI3,1.295444563627644,3.4465422687368113e-10,2.0520370458188317e-09,8.687814803087772,Up
BRI3BP,-1.6305232226958672,3.812175207964084e-13,3.757715562136025e-12,11.42507609663302,Down
BRINP1,-3.4125909487480097,1.1657887811465582e-28,4.955340160873598e-27,26.304926527875022,Down
BRINP2,-1.3429139836464934,1.4219639648664203e-12,1.2847412539967999e-11,10.891184330135381,Down
BRINP3,-0.9347288861372718,4.588525653014509e-06,1.1450286705094912e-05,4.941183638836602,Not Significant
BRIX1,0.4742005422168223,0.000999328744359654,0.0016094704669351167,2.793316988015204,Not Significant
BRK1,0.24615150804093489,0.15800751573633331,0.18370083249022756,0.7358888755663047,Not Significant
BRMS1L,-1.1865737868344866,2.6010723202966258e-08,1.0536068578475356e-07,6.977321411247061,Down
BROX,0.07419996904460291,0.2629906870945759,0.2957214177688087,0.5291172203438079,Not Significant
BRPF1,0.6634387299674174,1.3449075859907464e-08,5.822345948118083e-08,7.234901993521891,Not Significant
BRPF3,-0.8504122168732202,2.06139169608081e-08,8.545624580595108e-08,7.068256190170498,Not Significant
BRSK1,-2.4034934382031388,1.3908860873218543e-11,1.0655350907741719e-10,9.972432243295021,Down
BRSK2,-3.1264193246877916,5.793565453065762e-27,2.1616436434883143e-25,24.665215899847396,Down
BRWD1,-0.5031714311368667,2.8450715698406064e-05,6.062024322033475e-05,4.21738232549005,Not Significant
BSCL2,-1.2686122733477845,1.1927524058457399e-05,2.7277611206560688e-05,4.564193664999204,Down
BSDC1,-0.08628014679116447,0.02729291095555714,0.035532280300631,1.449376920565745,Not Significant
BSG,0.04245959343533556,0.691347865167277,0.7198592654982066,0.14275240105725906,Not Significant
BSN,-4.585572344210849,4.679423506317465e-29,2.0585376595040234e-27,26.686441183480593,Down
BST1,1.658345905613153,1.6290539481175463e-05,3.629968916906915e-05,4.440097093772042,Up
BST2,2.307925231119487,4.87557477086429e-06,1.2088737445652683e-05,4.917619054723892,Up
BTAF1,0.11206230669748507,0.14220139313265284,0.16665156286858362,0.7781906091440504,Not Significant
BTBD1,-0.3896594397074473,0.008990612351685046,0.012544519228653067,1.9015459784581041,Not Significant
BTBD10,-1.3360631024653173,2.1225321474414256e-05,4.620222310571504e-05,4.335337127056074,Down
BTBD11,-1.0743035819352258,0.0003727726173701569,0.0006483617657781355,3.188182603634081,Down
BTBD17,2.35219090503214,5.154138795392121e-05,0.00010432548568370551,3.9816095847685444,Up
BTBD2,-0.41390287188530195,0.00452937311176437,0.006604270477335977,2.1801751485514242,Not Significant
BTBD8,-1.5895817822401401,3.7089195586722564e-10,2.1824565206813265e-09,8.661054399634429,Down
BTBD9,-1.7163301476454151,6.098806963713126e-13,5.873745827193693e-12,11.231084850498874,Down
BTD,0.09787796840522134,0.3064046723830454,0.3406600452032667,0.4676788002897472,Not Significant
BTF3,0.6883177360013022,0.00017678836811217005,0.00032493450471848226,3.488204168577546,Not Significant
BTF3L4,-0.274319005833469,0.08225714188583819,0.09986243038779632,1.0005978685716699,Not Significant
BTK,2.567475548920168,6.567907446750628e-08,2.4424178522910975e-07,6.612180034322243,Up
BTN2A1,0.6598333649425854,1.3486732273148217e-06,3.785604372240043e-06,5.421864775457006,Not Significant
BTN3A1,2.0334386930614823,0.0005600159795323124,0.0009423084980471881,3.025806892254051,Up
BTN3A2,2.9733022525614246,0.000353405284371436,0.0006168061044279012,3.209851336795242,Up
BTN3A3,1.4038751509204381,0.001458298404565399,0.0022848424856669923,2.6411437343090376,Up
BUB1B,4.2672985453308065,2.7942974590751988e-15,3.572303629787253e-14,13.447051635131468,Up
BUB3,0.3105097300887216,0.012812872213851438,0.01747824978772368,1.7575020582914203,Not Significant
BUD13,0.7577553627325067,4.4315802004403405e-06,1.1086103535941394e-05,4.95522106973796,Not Significant
BUD31,0.9755645673694566,6.458772269904854e-07,1.9474909262802005e-06,5.710524557108861,Not Significant
BYSL,1.2407764827610173,3.033877218710632e-16,4.3352168938001284e-15,14.36298916960088,Up
BZW1,0.8008863348628417,0.00025648086300418413,0.00045828098863145636,3.338868158691733,Not Significant
BZW2,0.47497216849635393,0.0031338800603253436,0.004671605168351215,2.330533869759607,Not Significant
C11orf54,0.1485117258531865,0.047929953789189225,0.06016777002769997,1.2206360842805126,Not Significant
C11orf58,0.042192140914707466,0.6736007067868409,0.703229104190557,0.1529031636342316,Not Significant
C11orf68,-0.28979704102458825,0.001551686217793785,0.0024205151684816646,2.616092191450175,Not Significant
C11orf96,2.0822462279207112,3.0410586274057987e-07,9.888839448833446e-07,6.004854674079496,Up
C11orf98,0.2922651204712441,0.015587571467074426,0.021041028401354384,1.676933037421412,Not Significant
C12orf10,-0.12707962294135555,0.2877145702798524,0.3213700610931626,0.4929945846593687,Not Significant
C12orf29,-1.2045177276290655,1.4410315012732566e-05,3.238204551658954e-05,4.489695721101208,Down
C12orf4,-0.14911582122333655,0.186841959274842,0.21481920768486173,0.6679268895525514,Not Significant
C12orf43,-0.9357523886322454,6.219557933174983e-08,2.3318134208710373e-07,6.632306202424115,Not Significant
C12orf45,-0.19531304444711495,0.13229950859324477,0.15580842290955668,0.8074090683305597,Not Significant
C12orf57,0.1717905266842017,0.10588826396445297,0.12655337183270843,0.8977262791992789,Not Significant
C12orf66,-0.13551777740091708,0.141560852821186,0.1659781228259576,0.7799491514906653,Not Significant
C12orf73,0.2718706000428366,5.257405144689989e-05,0.00010626625085795937,3.973604641341075,Not Significant
C12orf75,0.9419872569028733,5.117362799098051e-05,0.0001036852631498668,3.984282965766208,Not Significant
C14orf119,0.9236290672687524,9.085872138157224e-06,2.1276400725196624e-05,4.672101838660597,Not Significant
C15orf40,-0.3187575468743411,0.0362974530995574,0.04640951167977424,1.3333930011973278,Not Significant
C15orf41,0.8405724695738694,3.393881687639633e-07,1.090588967186018e-06,5.962338900115609,Not Significant
C16orf45,-1.3713147179775795,9.54957536594863e-08,3.422355824851174e-07,6.465674838530843,Down
C16orf58,0.17619454051068217,0.0028097103883758627,0.004220850350805017,2.3746000453750216,Not Significant
C16orf70,-0.385834043493265,0.002326862627963271,0.003540908476450452,2.4508852985133442,Not Significant
C16orf86,-0.17463487590125482,0.21225780279075043,0.2420230684850191,0.6161432371671889,Not Significant
C16orf91,0.38585155442185837,0.029240827316139712,0.037872472921418286,1.421676336255931,Not Significant
C17orf100,-0.023966441006063377,0.8217081919914879,0.8407361696244414,0.07534026823597505,Not Significant
C17orf49,0.6179333375734011,0.0005707779676570041,0.0009591354872688339,3.0181200401525197,Not Significant
C17orf75,-1.2021660561905705,4.798190730520966e-06,1.1914462267505106e-05,4.9239255537812445,Down
C17orf80,0.31662360647852594,7.2537298241616235e-06,1.7353140405747848e-05,4.760621919289792,Not Significant
C17orf97,-0.8854973228322915,1.3109514546930835e-05,2.9696233308163735e-05,4.52729863341752,Not Significant
C18orf21,0.19289608256461221,0.0593767195750816,0.07362888638593945,1.1329517680429082,Not Significant
C18orf25,-0.2673505938909564,7.863999783881485e-05,0.00015397849139518383,3.812539939687965,Not Significant
C18orf32,-0.3025701893644914,1.7223621473023143e-05,3.819299201391925e-05,4.4180163179493865,Not Significant
C19orf12,-0.6708506834967416,6.155886488282001e-08,2.308801209342996e-07,6.636613458768403,Not Significant
C19orf25,0.36490391489081375,0.002014055069931263,0.003091982745273932,2.5097629383155584,Not Significant
C19orf33,-2.7814117156420437,5.550254241091561e-06,1.3607510641215963e-05,4.866221317387918,Down
C19orf47,-0.19088351522023927,0.0640252090997329,0.07895580321590272,1.1026159440341423,Not Significant
C19orf53,0.7919568034418134,4.9207502768251326e-05,0.00010011258307306914,3.9995113329527068,Not Significant
C19orf54,1.7492738548652138,3.7737282676263935e-05,7.850676939494075e-05,4.105092893775573,Up
C19orf66,0.049580687952666125,0.5771652163922981,0.6106240695164893,0.21422608072492996,Not Significant
C19orf70,0.2704713105393459,0.08745228734668013,0.10567282508461745,0.976036681880485,Not Significant
C1D,-0.6136778766282553,0.0004854761040235805,0.000826827772093584,3.0825849444003,Not Significant
C1GALT1,0.11580035848403014,0.20576059512214578,0.23498834998985338,0.6289536681986336,Not Significant
C1GALT1C1,0.6822904389758655,1.8293828889657726e-05,4.033531018481329e-05,4.394314598916014,Not Significant
C1QA,3.771799458148884,5.250204800387101e-08,1.999643219625696e-07,6.699047485121036,Up
C1QB,3.296323250872746,1.5959413808202983e-06,4.410840458267129e-06,5.3554786505297525,Up
C1QBP,0.4749997541728881,0.023240199621120238,0.030564199867253953,1.5147869690148792,Not Significant
C1QC,3.128298264997383,2.4030007993524082e-06,6.383921427393502e-06,5.194912466873403,Up
C1QL1,1.9053794392217611,4.3585862478334144e-11,3.0344435287265944e-10,9.517920940358596,Up
C1QL3,-7.001496994910859,1.5999542476713785e-28,6.715807954600611e-27,26.17290173145146,Down
C1QTNF1,2.5271693853301063,2.362869368295176e-06,6.285594406180513e-06,5.201653646360238,Up
C1QTNF3,0.8976956590981349,0.00046743954060434704,0.0007988101665900241,3.0975564164279623,Not Significant
C1QTNF4,-3.6996464426920053,1.1621006546842621e-09,6.230442786210355e-09,8.205481087726952,Down
C1QTNF5,0.0,1.0,1.0,-0.0,Not Significant
C1R,3.7188169095875026,2.9426037308798256e-06,7.653960750034434e-06,5.116113769193721,Up
C1RL,1.6638427374217208,2.833152242566786e-06,7.409443325965162e-06,5.130214419489375,Up
C1S,2.5822509441298536,4.627720554822985e-06,1.1542376050826133e-05,4.937704780474571,Up
C1orf109,0.47664810581122197,0.0030136459901373425,0.004502368338223875,2.3465589783016307,Not Significant
C1orf122,0.38864541333949276,0.009865978215736218,0.01369194993047619,1.8635346976847347,Not Significant
C1orf123,0.3283832422093056,0.0007889909575837854,0.0012915656331977665,2.888883519485737,Not Significant
C1orf131,0.9541492989234701,3.5584239547464524e-06,9.077630519148077e-06,5.042027498037402,Not Significant
C1orf159,-0.05347963692058322,0.768082565984703,0.7918939956328355,0.10133294996717995,Not Significant
C1orf174,0.4519799336986061,6.740049179958615e-05,0.00013368626784584185,3.873913200853674,Not Significant
C1orf198,-0.13329402560430736,0.5261603775834739,0.561214619452976,0.2508710242704442,Not Significant
C1orf21,-1.3659093179349924,1.618334476107768e-10,1.0221380258501352e-09,8.990490454673331,Down
C1orf226,2.960855585515848,4.018121791401194e-07,1.2689203425258818e-06,5.896565640227823,Up
C1orf35,0.43749303776741577,0.003376472671949823,0.005011726196732359,2.300012663634874,Not Significant
C1orf43,0.08810127539350532,0.34060981426891107,0.3760332349528778,0.4247737691181558,Not Significant
C1orf50,0.2651757977304108,0.0015334359246802595,0.0023950129465471217,2.6206921346090097,Not Significant
C1orf52,-0.46401558791392716,0.0003626326439382521,0.0006317069436337458,3.199484349375623,Not Significant
C1orf53,0.5454814648530153,0.01939369791606142,0.02580532463431551,1.5882906730790112,Not Significant
C2,2.144780190718265,3.890055851823734e-07,1.2323779355353703e-06,5.909256085883348,Up
C20orf194,-0.5986384621229597,1.3426472091510737e-06,3.769740241078015e-06,5.423688574397146,Not Significant
C20orf27,0.5245289835907592,0.0022889017023200475,0.003487355678943158,2.457503756230324,Not Significant
C21orf2,-0.15380162667067232,0.11277712399977789,0.13438807040143866,0.8716392817939196,Not Significant
C2CD2,-0.43856746475010766,0.0011391276625465224,0.0018189209181318224,2.740186182500875,Not Significant
C2CD2L,-1.7825327830015425,6.868492276848968e-11,4.64695709852092e-10,9.33283133698135,Down
C2CD4C,-2.9443755106538436,3.1834766198741884e-11,2.2744924445824522e-10,9.643115501472671,Down
C2CD5,-0.9814224278548274,3.6744100045220673e-06,9.347476359988714e-06,5.029305624514415,Not Significant
C2orf49,-0.14251683942853788,0.0024670726344789297,0.0037390235775147792,2.4272417962653363,Not Significant
C2orf69,-1.1110677236728534,9.24962548588082e-06,2.1619153838374115e-05,4.665161308093919,Down
C2orf72,-0.5108462393905171,0.004703787367758136,0.006835827170051278,2.165208926062753,Not Significant
C2orf76,0.41947776397708836,3.932089110542022e-06,9.938333838684612e-06,5.002686418954597,Not Significant
C2orf88,0.6238875700921795,0.0009703397499751286,0.0015665388848156165,2.805058820538893,Not Significant
C3,3.1085810417363646,2.9665688367501194e-08,1.1882789050266681e-07,6.925081612639432,Up
C3AR1,3.309456994559582,6.0784969478130274e-09,2.8416277262821463e-08,7.546432818390023,Up
C3orf14,-2.1235764710629237,1.652307188557668e-08,6.956416040281176e-08,7.157614452173178,Down
C3orf33,-1.292170587537564,1.6641139056109634e-11,1.258579841225589e-10,9.900119228662426,Down
C3orf38,0.12290422622830022,0.061994074336717206,0.07664804919834181,1.115498894080015,Not Significant
C3orf58,-0.5562232418690805,0.0001113237383812366,0.00021280366991510008,3.672020886667714,Not Significant
C4A,3.1703807484552584,0.0001999940663669356,0.0003639623547962003,3.4389435337953342,Up
C4B,3.0239302970753066,0.0003985600179607865,0.0006901157822167349,3.161078040625785,Up
C4BPA,4.005225329878508,0.03394779071932285,0.04361005403040785,1.3604133752597667,Up
C4BPB,3.2989040376924326,0.03269942082335414,0.04208687432917716,1.3758533268534683,Up
C4orf3,-0.47984395490044207,0.002150280381514066,0.0032841001460540784,2.4835836078816094,Not Significant
C4orf33,-0.3320323108993293,0.009531419889328374,0.01325321241754231,1.8776788412655412,Not Significant
C4orf48,1.0693050281508079,0.001579504921941638,0.002461242472334116,2.6088455991336645,Up
C5,0.958623633182162,1.0451983608929954e-05,2.416091851224423e-05,4.616886559404521,Not Significant
C5AR1,3.4727872597765046,5.542894776119022e-08,2.096850243132671e-07,6.678432585702313,Up
C5orf15,0.9412966246373067,1.1643025867907612e-05,2.6669359389108976e-05,4.573987416148009,Not Significant
C5orf22,-0.39533120050064596,0.03568397221346743,0.04568310281846117,1.340244406268944,Not Significant
C5orf24,-0.3415852236189849,4.071798250571712e-06,1.0255715777635008e-05,4.989034023503414,Not Significant
C5orf30,-1.813277203177357,1.2766223401046104e-26,4.693683742413813e-25,24.328486176252483,Down
C5orf51,-0.17620751457690176,0.06812938423989483,0.08375050846036614,1.0770125476241206,Not Significant
C6,1.2335538438045575,0.2979991484084899,0.3320109954730289,0.47884753318093887,Not Significant
C6orf106,-1.355196366749432,1.8832550237392367e-11,1.413704255525266e-10,9.849641434688502,Down
C6orf120,-0.03853686617891583,0.743073237412171,0.7691861686899106,0.11396853373628255,Not Significant
C6orf136,-1.2980050004546086,1.1452586787938038e-23,3.2683671190279827e-22,21.48566916731303,Down
C6orf203,-0.42363054804084754,6.9409131924921e-05,0.00013745382249098767,3.8618431782384106,Not Significant
C6orf47,0.7606150311593822,3.490802279856665e-30,1.6666512875486277e-28,27.778155257841792,Not Significant
C6orf89,-0.07034501855290642,0.3091756628138566,0.34362705507356484,0.46391264982744124,Not Significant
C7,1.8218846587478996,0.0003042567369346531,0.0005374508798666834,3.2696612217894043,Up
C7orf25,-0.07482002255571985,0.7083375175782703,0.7360280713856107,0.13310562178290056,Not Significant
C7orf26,0.8060540849484141,1.0286024271392799e-08,4.582990203892572e-08,7.3388510710554415,Not Significant
C7orf43,0.6663366991957957,1.0113035975460224e-09,5.5061127111743615e-09,8.259154902761058,Not Significant
C7orf50,0.3486187746385241,0.022562826346846532,0.029723222874333734,1.5269041020227292,Not Significant
C7orf57,3.8469043969989993,9.246625154606386e-15,1.1182533230192645e-13,12.951459802597036,Up
C8A,0.010999232115276758,0.9937386154700146,0.9950226431015731,0.002167036176711713,Not Significant
C8B,2.10890270384934,0.1713689274955216,0.19816007525136417,0.702983841498693,Not Significant
C8G,0.21612203473558722,0.22201013838129974,0.2523445937101674,0.5980059952575905,Not Significant
C8orf33,0.7664922683279016,1.2853546449999452e-05,2.917022458600912e-05,4.535060227165926,Not Significant
C8orf37,0.141800640724993,0.06964763148824657,0.08538764021085504,1.0686049885228897,Not Significant
C8orf59,0.26837970073220063,0.03867990601885955,0.049243191360292066,1.307653809005305,Not Significant
C8orf76,0.5050101050260185,1.5048619055725934e-05,3.3711316070131876e-05,4.4722242925446105,Not Significant
C8orf82,0.36422131991078643,0.016214266612613576,0.02181390516232227,1.6612665793259813,Not Significant
C8orf88,1.852832669721451,2.957338502610683e-07,9.63837854263993e-07,6.015996020994833,Up
C9,1.6035324012834593,7.856714522443829e-05,0.00015386575058145245,3.812858040264824,Up
C9orf16,-0.4525945761384378,0.00027540229401346343,0.0004902637762664129,3.3095701939428426,Not Significant
C9orf40,-0.9502097443145203,1.1033867703322961e-12,1.017904608454904e-11,10.992292919408671,Not Significant
C9orf64,0.7098503808221643,1.7241434664836625e-05,3.8215668385822694e-05,4.41775854027275,Not Significant
C9orf72,-0.7789332910136864,8.451129658234366e-06,1.9975792352575297e-05,4.699495985104018,Not Significant
C9orf78,0.0314470623630001,0.7669867038673956,0.7909329567775764,0.10186032779883293,Not Significant
C9orf85,-0.1281990637549768,0.2896239549429474,0.32331953663875657,0.4903680522766023,Not Significant
CA1,0.2605109615855614,0.8278951241151944,0.8464645773202546,0.07239121144309534,Not Significant
CA10,-4.513007240605194,1.9501024047253644e-13,2.014905807713161e-12,11.695745251332577,Down
CA11,-3.380386120617729,1.7068364050095794e-18,3.0433044148790274e-17,16.51665460397117,Down
CA12,4.336933356559719,6.817653108587766e-07,2.047124811204565e-06,5.688855678018989,Up
CA13,0.2226033273751824,0.05019539186904501,0.06288625515343359,1.2014442665311609,Not Significant
CA14,0.9211408376414294,0.08546806532219146,0.10339921821253234,0.9854827448713488,Not Significant
CA2,0.949426365233581,5.669331551566569e-06,1.3869073834502579e-05,4.857952539791517,Not Significant
CA3,2.2694067259551822,8.772953238712364e-06,2.063887330216494e-05,4.685314014990975,Up
CA4,-2.9767107716612404,1.0817454209916799e-10,7.07170887155755e-10,9.150475626682567,Down
CA5B,0.22688233062336316,0.09878911004086835,0.11847636839901284,0.9263682665094788,Not Significant
CA8,-1.0486303341732963,0.00024677013106062107,0.0004423420463175617,3.3542417773027697,Down
CA9,4.455458909443587,7.77916501523288e-14,8.462992263872141e-13,12.072476056118848,Up
CAAP1,-0.18801265773217324,0.07948557264780674,0.09669576848858895,1.0145925306974088,Not Significant
CAB39,-0.8168517212459605,0.0003409060063436089,0.0005970596501921968,3.2239822778234033,Not Significant
CAB39L,-1.6394135059365382,1.3708984854094005e-09,7.257189354710615e-09,8.139231545151462,Down
CABIN1,0.4093345142903573,0.0006089675957289666,0.0010190597274706992,2.991800361086045,Not Significant
CABLES1,-2.751386184598898,1.9267117061868697e-09,9.928232085998224e-09,8.00312807916341,Down
CABLES2,-0.5606246822392436,1.1082796238807608e-05,2.5496252411451896e-05,4.593523650022318,Not Significant
CABP1,-5.935943123058738,2.0303442387491635e-40,3.0078952736998636e-38,37.5217372887074,Down
CACFD1,1.0061048784562985,1.030002521333467e-05,2.384247564318324e-05,4.622648652356587,Up
CACHD1,0.25928983706323194,0.22288519189473055,0.25325348783527135,0.596444564774468,Not Significant
CACNA1A,-3.0249252561223035,2.781487349481205e-17,4.385086628900416e-16,15.358021822575752,Down
CACNA1B,-5.9223974642186015,7.987087790834333e-45,3.094689323264041e-42,41.509382943401356,Down
CACNA1E,-4.072689211615968,7.071868940163536e-39,8.481191393238983e-37,36.0715431360492,Down
CACNA2D1,-2.6698306479465614,1.7717896589119288e-11,1.334006653503645e-10,9.874842004322984,Down
CACNA2D2,-3.9824388281921763,1.6948392201122363e-49,2.4391157576300957e-46,45.612767588080274,Down
CACNA2D3,-4.735830255034584,3.859895451459494e-43,9.042927157675103e-41,40.043690967461046,Down
CACNB1,-2.200955462456635,1.8827218129573493e-17,3.005790735932225e-16,15.522041258410935,Down
CACNB2,-2.3854463765730927,1.3508270239587829e-21,3.2870124249663717e-20,19.483198654274283,Down
CACNB3,-2.5010537572831915,4.1611215479304695e-18,7.16566469638488e-17,16.144743517676574,Down
CACNB4,-2.7178494034910923,5.284678781076286e-09,2.49825687661016e-08,7.602362908492431,Down
CACNG2,-6.813157313492347,6.29660907751089e-33,3.8443660513239215e-31,30.415175266554673,Down
CACNG3,-8.533049528170732,8.769922931979494e-31,4.3954330157592754e-29,28.356998333993772,Down
CACNG4,1.2982716877060234,1.5112238877567038e-09,7.945756495438953e-09,8.0998647484057,Up
CACNG7,-1.840005590591499,3.665666779933452e-12,3.085039861407652e-11,10.510739220130725,Down
CACNG8,-3.3375696452703156,1.3242390562122785e-35,1.0672307401825996e-33,32.97174167396407,Down
CACTIN,0.5329242341452307,7.77951176192184e-05,0.0001524723764389117,3.8168088307225565,Not Significant
CACUL1,-0.7109428597758054,3.950349248008426e-09,1.9151019405407544e-08,7.7178081036608885,Not Significant
CACYBP,-1.3046565736674793,1.468708506023383e-05,3.293804427800436e-05,4.482302190973369,Down
CAD,1.082976737891702,3.4200536923638746e-06,8.76236543664132e-06,5.057378638420191,Up
CADM1,-0.0036353698171218696,0.9717545281459624,0.9760174592764134,0.010542413481274082,Not Significant
CADM2,-3.199367386325356,2.4873766356946075e-21,5.91436729596079e-20,19.228091708275276,Down
CADM3,-2.4125891929535292,4.222329125947584e-20,8.973785572741764e-19,18.04702431208037,Down
CADM4,0.48940569870219974,0.00042447018935327116,0.0007313344770899356,3.1358839522738697,Not Significant
CADPS,-1.5833948568769394,3.4943090738589825e-10,2.0755701421023224e-09,8.682862585430122,Down
CADPS2,-2.808158888741154,1.1992265321509912e-17,1.9837451699325262e-16,15.702514117665807,Down
CALB1,-4.220345775241286,9.533032090786336e-07,2.7556891042347645e-06,5.559769780934031,Down
CALB2,-3.469224864695027,6.431328249058467e-09,2.99811202133341e-08,7.523152144223543,Down
CALCOCO1,-0.4167065629699991,0.0007333051197498529,0.0012068805385329225,2.918335715837676,Not Significant
CALCOCO2,0.259570948028351,0.13178816927468145,0.1552425183902176,0.8089893206208697,Not Significant
CALCRL,1.407392219326356,7.960180348509121e-10,4.423102969160556e-09,8.354272950203603,Up
CALD1,2.066718242670195,9.365382922808786e-08,3.3671258945173344e-07,6.47274064533688,Up
CALHM2,0.9490529403546262,6.758803424445396e-08,2.5069287812173387e-07,6.600858003641965,Not Significant
CALM2,-1.2384159761987945,0.00025867789752385473,0.00046204275525803414,3.3353178350207244,Down
CALML3,-6.195325738544035,4.300716499753874e-14,4.830035453569735e-13,12.31604968141553,Down
CALML5,-0.9590253448662429,0.5174897323307418,0.5523618948399971,0.25777628923809653,Not Significant
CALR,1.9562143789001887,2.8242066414651832e-11,2.0468386838935435e-10,9.688916383744699,Up
CALU,2.0706355709885464,2.5030041729204754e-23,6.927270340110129e-22,21.15943786347806,Up
CAMK1,-0.5600911138801514,0.0007610231973993091,0.0012498447490382524,2.903143930050695,Not Significant
CAMK1D,-2.9331043624411244,2.8516039822749057e-24,8.524349708438396e-23,22.069338741814512,Down
CAMK1G,-5.5705448372556035,8.734752818456948e-36,7.2126147453389585e-34,33.14190726459931,Down
CAMK2A,-6.326428541746576,2.398910970887218e-44,7.552071600224323e-42,41.121933901200066,Down
CAMK2B,-3.4689753932188587,1.8322343899251183e-34,1.3375311046453364e-32,31.87369610955439,Down
CAMK2D,0.47093372342547823,0.00927082693934964,0.01291225087612447,1.888998044497931,Not Significant
CAMK2G,-2.479067197329446,1.4956568850330744e-16,2.2092738210884444e-15,14.655750453608906,Down
CAMK2N1,-2.625966366254655,8.614614084454042e-10,4.752662775837351e-09,8.323062999883383,Down
CAMK4,-4.403518324089205,2.1615567356402234e-10,1.334284470272035e-09,8.874751568696336,Down
CAMKK1,-3.772696808247588,2.503557930150228e-26,8.97538882147096e-25,24.046946728336096,Down
CAMKK2,-2.747214828572343,4.329159111984e-08,1.6741631053407607e-07,6.7762022331415865,Down
CAMKMT,0.0795133051311101,0.42437562709803744,0.4604868663707054,0.33678275188205015,Not Significant
CAMKV,-5.49995237924294,3.352822492017813e-34,2.3619813835375837e-32,31.626723529694036,Down
CAMLG,-0.7227531605119921,0.0015631044789416375,0.002437571907253569,2.6130425639523756,Not Significant
CAMP,3.8023543262441217,0.1099960202240118,0.13119818940761246,0.8820721583727724,Not Significant
CAMSAP1,-0.6172430183762323,3.628607400019034e-08,1.426799022162051e-07,6.845637196971595,Not Significant
CAMSAP2,-1.0068418604956335,6.664468591620934e-06,1.606553160851622e-05,4.794104899068251,Down
CAMSAP3,-4.272238686852145,1.3486581424438456e-34,9.966779102470709e-33,32.001445167066755,Down
CAND1,-0.3002400215140746,0.058924391265925045,0.07310741344981564,1.1360385812213647,Not Significant
CAND2,-0.8230449682919954,2.754119754343797e-13,2.766201635619084e-12,11.558116166220536,Not Significant
CANT1,0.9756379454475734,1.44552297809197e-08,6.201958467333265e-08,7.207471146429614,Not Significant
CANX,1.031119600894847,1.7460177769179692e-06,4.771943321940212e-06,5.321304723240336,Up
CAP1,0.9639676082873834,5.733144484715594e-06,1.4014971496972797e-05,4.853407781151645,Not Significant
CAP2,-2.92240734659757,2.617483733700264e-07,8.617167037024986e-07,6.064635488514898,Down
CAPG,2.8851765892068144,2.104237777767312e-07,7.049581434395709e-07,6.151836668275087,Up
CAPN1,0.025278303837669824,0.7401750242950704,0.7663435965825837,0.11557646712676178,Not Significant
CAPN15,0.3622358948613815,0.10993679212635626,0.13114307209957526,0.8822546469599859,Not Significant
CAPN2,1.4049488071286333,9.627662929477422e-06,2.2414854714942352e-05,4.649464071730303,Up
CAPN5,1.4457561896433013,1.3528231100404952e-19,2.7366144599493874e-18,17.562786382608323,Up
CAPN7,0.43140086574338454,0.0009714545736393064,0.0015678361702727288,2.804699320518796,Not Significant
CAPNS1,0.25800267022003354,0.1207898878766645,0.1431619844590818,0.8441722902089996,Not Significant
CAPRIN1,0.5074743100970345,7.58607360298202e-05,0.00014912324303872755,3.826454660123483,Not Significant
CAPRIN2,-0.29035246729753794,0.11807574704368935,0.140204511517931,0.853238011363523,Not Significant
CAPS,1.955358616279458,1.989916153430744e-06,5.39317065635225e-06,5.26815583709373,Up
CAPZA1,0.6674837062027059,1.901558341106806e-11,1.424260128498882e-10,9.846410683413826,Not Significant
CAPZA2,0.23568526247039756,0.19066377634869836,0.21888853366800992,0.659776988067242,Not Significant
CAPZB,0.5577765095792984,1.0005605364069329e-07,3.573075804240851e-07,6.4469577699676455,Not Significant
CARD11,1.2521243122305972,4.562076948788477e-10,2.6367391383875566e-09,8.578932834318344,Up
CARD16,2.925899483591083,1.1243629336746038e-08,4.957038159228866e-08,7.304777737887518,Up
CARD6,1.5137965358452874,1.0663806555795238e-10,6.980324057380197e-10,9.156124415046582,Up
CARD8,1.9177074064479331,3.5530641368223663e-06,9.06625332177014e-06,5.042572150409703,Up
CARD9,1.0852128323787085,0.0018968993372653023,0.0029214743806162138,2.534397917810258,Up
CARHSP1,1.1637831871668496,6.566740886852125e-05,0.00013050571650058849,3.8843704646453374,Up
CARM1,-0.33625835846101637,0.0009528638910504361,0.0015407946771175108,2.8122552305456607,Not Significant
CARNS1,-2.5829060734079174,2.2109959536452957e-05,4.797237397592657e-05,4.319008789369534,Down
CARS,0.749666654291687,7.439876033197481e-08,2.7303938491231844e-07,6.563774703082358,Not Significant
CARS2,0.640962765536571,0.000628794850967948,0.001049436676537998,2.979043761807467,Not Significant
CARTPT,-10.629521864148392,4.720323502991129e-13,4.603343559451368e-12,11.33692661137455,Down
CASC3,-0.2010099471533202,0.019191174526090413,0.025552721672724665,1.5925628354707708,Not Significant
CASC4,-0.07319937595756087,0.22729747788874352,0.2578888154354322,0.5885674926817782,Not Significant
CASK,0.842019904741182,1.0360595534072202e-12,9.584264408654119e-12,11.01844121356542,Not Significant
CASKIN1,-3.642711030088263,1.2023601177309753e-12,1.1031489823335014e-11,10.957365831316775,Down
CASKIN2,-0.14240116432128858,0.37515062096014007,0.4111027255033668,0.38604964395147,Not Significant
CASP1,2.7961510261929803,2.229285718478322e-07,7.436365671506827e-07,6.128639262631588,Up
CASP10,1.0551273694668737,0.0009610473781480855,0.0015525322782975965,2.808959361753118,Up
CASP2,1.6518934482924958,6.043078216782024e-07,1.8336737938512686e-06,5.736677921736305,Up
CASP3,1.5139878420417858,2.235724470637302e-18,3.9375329225874444e-17,16.404775801954525,Up
CASP4,2.865983632932302,2.288152448420733e-05,4.9529109938527e-05,4.305139476424156,Up
CASP6,2.0580325234969443,3.966502472363383e-05,8.211785019849716e-05,4.085562428750435,Up
CASP7,1.0542106620366454,0.008127373693621884,0.011409582300661492,1.94273025460355,Up
CASP8,2.8406377668782987,2.218214835625569e-09,1.129741974423255e-08,7.947020735171423,Up
CASP9,0.22676779714817386,0.20194053172542972,0.2308350069898989,0.6366983281434246,Not Significant
CAST,0.6539073579731216,8.427229792709036e-10,4.65949028165482e-09,8.331661589741826,Not Significant
CAT,0.9794015580064546,7.831765204860559e-07,2.3116672333362224e-06,5.636074682849754,Not Significant
CAV1,2.873431150978316,8.093745778842189e-12,6.415137291585855e-11,10.192794044769938,Up
CAV2,0.9669730996933836,3.57510113090833e-09,1.744095341054262e-08,7.7584297780261515,Not Significant
CBFA2T2,-0.4771303853537283,0.0009458133326601226,0.0015300480083384963,2.815294942104369,Not Significant
CBFB,1.3396366476921102,1.6872344306042317e-06,4.632651854430915e-06,5.334170335967942,Up
CBL,0.3583657533789335,1.333244269246298e-06,3.7454274312290037e-06,5.426498613096273,Not Significant
CBLB,0.9757584241939856,4.514526228911216e-05,9.243767729685282e-05,4.034150975674897,Not Significant
CBLL1,-0.031475652645802654,0.7333088388695127,0.7600157657172295,0.11917739864949937,Not Significant
CBLN2,-7.706005224255957,8.325564223616319e-27,3.09489793316276e-25,24.509353669033242,Down
CBLN4,-4.60141052430393,1.6176366850790177e-09,8.461096555288694e-09,8.072573348893581,Down
CBR1,0.7300891807800163,0.0003156086685641424,0.0005563327606500735,3.254665365098488,Not Significant
CBR3,0.8424041722725519,5.222712328997893e-07,1.6075039414092508e-06,5.793847953563809,Not Significant
CBR4,-0.20832103178065964,0.00793497121384699,0.011158137912938942,1.9524082750767324,Not Significant
CBS,0.30896544137388204,0.3608440330612776,0.39663314665131594,0.4016109946031547,Not Significant
CBWD2,0.3755329125936342,0.003620824209165287,0.005350767651918894,2.271583907123361,Not Significant
CBX1,-0.08797961890363482,0.41737113071311344,0.4535703096875841,0.3433553817184678,Not Significant
CBX2,3.234468742917791,6.3039809248459325e-15,7.820973378928315e-14,13.10673919236341,Up
CBX3,0.9441995458551062,7.4676594954389e-06,1.781838033089803e-05,4.749131775345285,Not Significant
CBX4,0.18855993216764233,0.11911995115520094,0.14124849447723972,0.8500161724905535,Not Significant
CBX5,0.0544552371843352,0.5417958853266207,0.5764126886450921,0.23926646757370926,Not Significant
CBX6,-1.989116928111038,2.501907854510837e-09,1.262104142530905e-08,7.898904807801523,Down
CBX8,1.18214720919973,1.0790140289554362e-11,8.393812608260281e-11,10.076040730634054,Up
CC2D1A,-0.2515017651538791,0.07526469631287042,0.09187162857819661,1.0368185849608187,Not Significant
CC2D1B,0.8959400086886866,1.4015732908010862e-05,3.1580070077231364e-05,4.50058691061268,Not Significant
CC2D2A,0.8941408169713547,2.4113250141963903e-12,2.0959178768778632e-11,10.678625738061166,Not Significant
CCAR1,0.09244349634958482,0.293623614237528,0.3276070760692055,0.48464672637248307,Not Significant
CCAR2,0.008779077124035695,0.9051838079892388,0.9163723928935374,0.037928003064699053,Not Significant
CCDC102A,2.311937853876678,9.39603986505099e-07,2.7220400533378504e-06,5.565105488678742,Up
CCDC106,-0.20313508201586927,0.14755855247040775,0.17244835934882688,0.7633409330979279,Not Significant
CCDC115,-0.462135647874252,0.0073537770666322645,0.010398926188834002,1.9830115043878773,Not Significant
CCDC117,-0.13963580173300372,0.07365785058281503,0.09000310747012234,1.0457424957403532,Not Significant
CCDC12,0.5963608979674877,1.8078243236432765e-13,1.8775280656064296e-12,11.726413562368053,Not Significant
CCDC120,-0.8034288503713771,0.0015942420921869105,0.0024822866826415668,2.605148062684426,Not Significant
CCDC124,0.6220472282133684,0.00012911005366454879,0.00024370520528698976,3.6131351946426293,Not Significant
CCDC127,-0.40470881612066023,1.4201585691543875e-07,4.935038780842118e-07,6.306709430179844,Not Significant
CCDC130,1.0447478217776869,3.700242586240183e-07,1.1773924135749717e-06,5.9290787668533405,Up
CCDC134,0.4462236460051656,0.00032444021954701577,0.0005703819412187727,3.243834233074127,Not Significant
CCDC136,-0.4225999927871733,0.0010256039616051104,0.0016494148003208624,2.782670112798932,Not Significant
CCDC149,-1.2600716805916186,1.0379304412966857e-16,1.5629463775220946e-15,14.806055921754162,Down
CCDC167,1.527526998774725,4.2202076576607734e-08,1.6376876711584988e-07,6.7857689204181,Up
CCDC174,0.2363925641611928,0.0037455998659549398,0.005526240927010847,2.257570185110699,Not Significant
CCDC177,-4.608214156514796,6.637179434460088e-42,1.2742977131778421e-39,38.8947290962663,Down
CCDC186,-1.670766055510331,9.884214286491359e-14,1.055923379873955e-12,11.976367594023035,Down
CCDC22,0.5681588468088989,9.196500555033798e-10,5.0350840538810045e-09,8.297993275094075,Not Significant
CCDC25,-0.5822079387247712,0.004301156335190823,0.006297943157080282,2.2008012634641263,Not Significant
CCDC28A,-1.1648976945586185,3.6928497290208465e-07,1.1754113165926069e-06,5.929810132313075,Down
CCDC28B,0.5999802353787711,2.438241105821309e-05,5.251836839863987e-05,4.279688774708878,Not Significant
CCDC43,-0.07233672551691583,0.6016337704959858,0.6341136852873572,0.19783287387399565,Not Significant
CCDC47,0.4392693104731471,0.00020012088716552705,0.00036409929877289493,3.4387801574828525,Not Significant
CCDC50,0.7012115823742207,5.6880147862116e-08,2.1485212207084988e-07,6.66786035247992,Not Significant
CCDC51,0.25771540664241854,0.015915160986985352,0.02144587102499872,1.6686563101771354,Not Significant
CCDC58,0.5902098537753382,1.1158564888200847e-08,4.926002746877096e-08,7.3075053503220815,Not Significant
CCDC59,0.1911880237481114,0.00461187292369832,0.006709995354323638,2.1732777805154053,Not Significant
CCDC6,-1.2656277971285839,6.746320033009561e-07,2.027518735457587e-06,5.693035123963538,Down
CCDC61,-0.5457052322409801,0.04382800615211295,0.055363427457854025,1.2567770312688578,Not Significant
CCDC71L,0.8689065058819079,3.664762325711865e-06,9.325288120540877e-06,5.030337741049788,Not Significant
CCDC8,0.969240639674398,0.0012805363068917979,0.002027683551654821,2.69299982177146,Not Significant
CCDC80,3.9680022320383603,6.146004936007291e-08,2.306812731942528e-07,6.636987660262213,Up
CCDC82,-0.27964009818109403,0.07972067915233742,0.0969466588339748,1.013467153836148,Not Significant
CCDC84,0.5145518622536116,0.0348439401956313,0.04468718695490639,1.3498169831873295,Not Significant
CCDC85A,-3.940668865387222,3.835026774081154e-37,3.750879584669276e-35,34.425866877878896,Down
CCDC85B,-1.0347008732937049,0.0014875925549883019,0.002326297329859074,2.6333347777999103,Down
CCDC85C,-0.5570640691827986,0.003971031341809932,0.005839172345262481,2.2336487062024077,Not Significant
CCDC86,0.6684382826474398,6.480261852159645e-08,2.413388462057533e-07,6.617372767875861,Not Significant
CCDC88A,-0.20941168701959612,0.06872673252133801,0.08436128956012662,1.0738567901870966,Not Significant
CCDC88B,0.24181270857622295,0.25922816127977566,0.2916533947657427,0.5351329641355635,Not Significant
CCDC88C,0.39077154339775966,0.06056317577379677,0.07498935997360234,1.1250003530424306,Not Significant
CCDC9,0.12589043354336127,0.3474476930609266,0.3829527417829075,0.4168548167604505,Not Significant
CCDC90B,0.4147123534172863,9.036736589790353e-05,0.00017527162958326533,3.7562883754781655,Not Significant
CCDC91,-0.9862244361626118,3.349164647313941e-07,1.0782833063931174e-06,5.967267118334486,Not Significant
CCDC92,-1.2940474531198412,1.1243206219181653e-08,4.957038159228866e-08,7.304777737887518,Down
CCDC93,0.9307936871807421,5.1289297466607203e-05,0.00010387784131053499,3.9834770840394995,Not Significant
CCDC97,0.5009570757017592,0.0012931239113188977,0.0020463289793632698,2.68902454538588,Not Significant
CCK,-7.165945922810771,1.2304148187012445e-23,3.4817974392124543e-22,21.458196498466013,Down
CCL14,5.284766335733435,0.0011714433885959287,0.001866675213020466,2.7289312393424985,Up
CCL18,10.691010890486464,5.761942430959644e-37,5.476019627310137e-35,34.26153500392424,Up
CCL2,5.0117696916483645,1.1102390810475408e-06,3.165736909842322e-06,5.4995251802353025,Up
CCL20,11.124480007542894,3.1668656945662985e-05,6.689663452937909e-05,4.174595730394877,Up
CCL5,3.864069609323069,0.0005611539305983423,0.0009439079473781433,3.0250703572856557,Up
CCM2,-0.3402791534806937,0.0050494654391834036,0.00731181756997752,2.135974652796717,Not Significant
CCNA2,2.544068104856878,0.0001140092236115103,0.00021735974993610045,3.6628208742287107,Up
CCNB1,1.8441692249043804,9.44371763523883e-09,4.239572703092512e-08,7.372677912756434,Up
CCND2,0.8925242863785456,1.8505573087320292e-09,9.589770744941596e-09,8.01819177503965,Not Significant
CCNDBP1,-0.6693868999058061,0.0010454744675760888,0.0016789589967099502,2.7749599100084983,Not Significant
CCNH,0.14306778050007907,0.0381721963786725,0.04865832042499643,1.3128428860082622,Not Significant
CCNK,0.3774285525803549,0.03398752060647129,0.043655525001860485,1.3599607845820934,Not Significant
CCNL1,1.2983516491496019,0.00018844136497388227,0.0003445296389740273,3.462773410943062,Up
CCNL2,1.1902900814287811,9.697415136260406e-05,0.0001870414705776131,3.7280620916119194,Up
CCNT1,0.24545116039567105,7.942204882594575e-05,0.00015538878006909787,3.808580342870972,Not Significant
CCNT2,0.13217815437769787,0.1384227880154682,0.16254472158384736,0.789027129054529,Not Significant
CCNY,-0.9637630101512009,3.115303954788767e-08,1.2425394276162891e-07,6.905689821568864,Not Significant
CCNYL1,-0.1379273222355124,0.09053532982212316,0.1091314912761226,0.962049910144964,Not Significant
CCP110,-1.0416712090367746,0.0004817925649788466,0.0008212484432482066,3.08552544067643,Down
CCPG1,-0.5966120106674282,0.009738630861116107,0.013528263554175904,1.8687579445137055,Not Significant
CCR1,2.8535430107317925,9.333098171487858e-07,2.7072165557031006e-06,5.567477002749922,Up
CCS,0.4855277355979375,0.0004250768854271794,0.0007321293458357678,3.1354121850341334,Not Significant
CCSAP,-1.6872712436978752,1.4528993983205238e-11,1.1113522049112344e-10,9.954148284525312,Down
CCSER2,-1.3719130059140703,2.441588588828528e-10,1.4888960922432558e-09,8.827135609930833,Down
CCT2,0.7196409143798945,0.0003019932623127026,0.0005338270090433701,3.2725994568097425,Not Significant
CCT3,0.5566917161450604,0.00016209972924094996,0.00030012730607853884,3.522694489947539,Not Significant
CCT4,0.03361207202541294,0.8038593407796095,0.824148076431283,0.08399475068223741,Not Significant
CCT5,0.7609275361785386,0.00034221701160264074,0.000598835187577732,3.222692688419411,Not Significant
CCT6A,1.0877910969587568,2.4585105583620005e-06,6.510787425062774e-06,5.186366483984899,Up
CCT6B,-0.20078271800689684,0.15772253202061778,0.18341184203805883,0.7365726274132581,Not Significant
CCT7,0.43591409899586253,0.015899478986543317,0.021427605526479914,1.669026357410713,Not Significant
CCT8,0.1507778660474557,0.32086394090895987,0.35559772725157995,0.44904102341963,Not Significant
CCZ1,0.2910676916429935,0.007875594103066128,0.011090122308399241,1.9550636641691472,Not Significant
CD109,1.341532533401665,1.108766194426741e-05,2.5501622471815045e-05,4.593432187874251,Up
CD14,3.7049148906514375,2.4100541435902906e-08,9.817584085130849e-08,7.007995370418945,Up
CD151,3.11239381707081,2.379740087731492e-10,1.4564703307294685e-09,8.83669835781401,Up
CD163,5.5521438286705465,4.580461012201396e-08,1.7632237003025168e-07,6.753692585236756,Up
CD164,0.6059152668561367,1.138750296452568e-10,7.405920262403595e-10,9.130420968195912,Not Significant
CD177,-2.9202351459534626,0.00016138617908257612,0.0002988610970731382,3.5245306136527756,Down
CD180,2.9902408690378497,8.105658452712237e-06,1.9258585672788463e-05,4.715375610101273,Up
CD200,-2.1621600240548133,1.300599965690922e-05,2.948299742207549e-05,4.530428365531696,Down
CD248,3.0188582532558765,9.363943470677584e-08,3.3671258945173344e-07,6.47274064533688,Up
CD274,0.8954355013495849,2.077139058268739e-05,4.528262037004821e-05,4.344068449767551,Not Significant
CD276,2.3452100465922143,1.759206651617624e-09,9.139890566475474e-09,8.039059004119599,Up
CD2AP,0.540827718844767,0.0011145774574121275,0.00178197957561812,2.749097277991164,Not Significant
CD2BP2,0.12582151904053873,0.036669861154304324,0.04683811097609506,1.329400628740611,Not Significant
CD300A,2.856680517259395,1.9029397936147037e-05,4.180160375245208e-05,4.37880705584508,Up
CD300LF,3.370301034416009,2.8321450455010503e-06,7.4087325859199115e-06,5.130256080552355,Up
CD320,1.384488012143354,5.179283939261485e-09,2.454191270184393e-08,7.610091593056216,Up
CD33,2.621752577091165,4.870639614061561e-08,1.8649495808459203e-07,6.729332904904295,Up
CD34,0.2920710470843968,0.12894024195040002,0.1520833623004718,0.8179182945355662,Not Significant
CD36,2.038981124994894,1.2767352125304773e-09,6.783665891894529e-09,8.168535550031967,Up
CD38,0.9908961602803004,0.0030628804074761943,0.004569824825964926,2.340100447320721,Not Significant
CD3EAP,0.7079442442901023,0.0001265072775278363,0.00023933038757097144,3.6210021558932897,Not Significant
CD4,2.5680355212323605,2.0334689539496996e-08,8.447491233851247e-08,7.073272250229835,Up
CD40,1.2509253065837402,0.0007188720010927774,0.0011852563893631162,2.926187694850883,Up
CD44,5.412357151807765,5.363473399549635e-06,1.3191316168716558e-05,4.879711870390415,Up
CD46,0.3716338533907688,0.0020521731384297403,0.003145229301162514,2.502347687071043,Not Significant
CD47,-1.0652215764025392,1.5389084897950543e-06,4.273143364441945e-06,5.369252536309513,Down
CD48,4.412309248233653,2.682368807091504e-05,5.737193919881064e-05,4.241300470509584,Up
CD53,2.1938918158960163,2.237670818076752e-12,1.953405183821941e-11,10.709207664112748,Up
CD55,-0.42502872758123367,0.029040970571736546,0.037632973699469253,1.4244314630448884,Not Significant
CD58,2.4163710792726256,7.415368513847919e-08,2.722391487190377e-07,6.565049421931651,Up
CD59,0.08044969006059333,0.38782783069173143,0.4240722420914471,0.372560153621503,Not Significant
CD5L,2.4324492461480682,0.17938025569346028,0.20673569338244124,0.6845845349799758,Not Significant
CD63,2.2206015120245226,3.036059414256245e-19,5.938885929945129e-18,17.226295016273937,Up
CD68,5.189615291902568,0.0019206041069290195,0.0029570786754092833,2.529137120573114,Up
CD74,3.3905508442025933,1.349859372563498e-05,3.048303815109769e-05,4.515941750373715,Up
CD81,1.0228204665238643,1.6326269731672583e-06,4.493738832701355e-06,5.347392171528053,Up
CD82,2.1388815460293404,1.9680233161976085e-08,8.192506978254012e-08,7.086583180019932,Up
CD84,3.2881679538250754,2.619327083815597e-09,1.3147663149023974e-08,7.881151431331678,Up
CD9,2.1797521171000334,2.728978320094147e-06,7.164901641029043e-06,5.144789767171945,Up
CD93,3.9488642779236294,8.158162767488363e-06,1.9369628027263204e-05,4.712878719356168,Up
CD99,3.1602467183225826,6.457160607403476e-09,3.007371056818429e-08,7.521812984274975,Up
CD99L2,-1.351664909420382,6.404453431532184e-07,1.9316905350076412e-06,5.714062448160478,Down
CDA,0.22599250629409973,0.30062113836195786,0.3346731514928018,0.4753791266808182,Not Significant
CDADC1,-0.7676184043646508,6.334570334574464e-07,1.914051036307833e-06,5.71804648636515,Not Significant
CDAN1,0.29041244055128956,0.07043692246216611,0.08630279212890554,1.0639751534555821,Not Significant
CDC123,-0.1526127055024311,0.3497586720325933,0.3852469781386776,0.4142607591840908,Not Significant
CDC16,0.33308042617398925,0.005481433041002877,0.007895332635839717,2.1026295681425156,Not Significant
CDC20,5.160585634647234,5.397614059751566e-09,2.5468648261328932e-08,7.593994104436634,Up
CDC23,0.6487817190101062,8.35901671170958e-08,3.035642911094532e-07,6.51774931672324,Not Significant
CDC26,0.5581956729288535,1.0976795698311793e-05,2.526393417061755e-05,4.5974990189608125,Not Significant
CDC27,-0.4944491855022939,0.005878137456801872,0.008430574706694484,2.074142818798902,Not Significant
CDC34,0.33040386410389644,0.003531919131320718,0.005229358220006601,2.2815516072344972,Not Significant
CDC37,0.24946805416979245,0.006885032194614521,0.009771740536566171,2.010028073118327,Not Significant
CDC37L1,-0.9833067289674418,0.00018506572475929532,0.00033891149086077825,3.4699137060731355,Not Significant
CDC40,-0.9756150431435735,7.218389514765627e-05,0.00014250059959190463,3.846183308294715,Not Significant
CDC42,0.5948920144564163,0.004919903064577769,0.007133434581542379,2.1467013171798497,Not Significant
CDC42BPA,-0.8084406367817607,5.068607800508122e-13,4.919186414481582e-12,11.308106719370594,Not Significant
CDC42BPB,-0.8477811657950163,7.342657139119624e-11,4.944513905046196e-10,9.305876397440473,Not Significant
CDC42EP1,1.597050991468297,0.0007220869742302116,0.001190167568454704,2.9243918882445255,Up
CDC42EP2,-0.41417170742389153,0.08946091069840022,0.10790579674038359,0.966955224225893,Not Significant
CDC42EP4,0.8910552886187375,0.0001823343253539766,0.0003343349096497925,3.475818274090293,Not Significant
CDC42EP5,1.4760893773787114,0.00026928166654791377,0.0004798767926417271,3.3188702525083893,Up
CDC42SE1,1.332383144084698,2.787592531466209e-07,9.132425093330273e-07,6.039413881304574,Up
CDC42SE2,-1.1829687872249082,9.232869069842749e-05,0.00017880031335946913,3.747631724409402,Down
CDC5L,0.0369886295219608,0.7038818743340927,0.7317001343557579,0.13566686522086568,Not Significant
CDC73,0.13750516834853244,0.078647612153497,0.09576889215935316,1.0187755364064852,Not Significant
CDCA7,3.5120291669162125,2.245878800161041e-12,1.958872989854747e-11,10.707993722041724,Up
CDCA7L,2.9570301653534052,2.3762833073818087e-11,1.7486251306475046e-10,9.75730328436973,Up
CDCP1,2.7892089016932076,2.965326661636038e-09,1.4701132278209374e-08,7.832649214691219,Up
CDH1,0.7650331503298204,0.12565616219818238,0.14850541740784717,0.8282577031991587,Not Significant
CDH10,-2.0511383436916155,4.720874377353266e-17,7.361933200844707e-16,15.13300812748106,Down
CDH11,1.8141075336137469,2.323489033555548e-11,1.7147859724570394e-10,9.7657900778261,Up
CDH13,-2.214513168520728,1.0361072978719053e-07,3.6817442394220716e-07,6.433946384019306,Down
CDH18,-6.204870604116557,2.037783949653536e-31,1.0420627161832345e-29,28.982106142387114,Down
CDH2,0.9233234479625878,6.465188313165384e-12,5.197949486578458e-11,10.284167945267255,Not Significant
CDH20,-1.1025799496949418,1.1090751461803124e-07,3.928559431301149e-07,6.40576667245649,Down
CDH4,-0.6620213430639161,0.0013250111533540147,0.0020918605796722057,2.6794672641148787,Not Significant
CDH5,0.8142948109460413,0.003275913495840126,0.004868203652027354,2.3126312621794995,Not Significant
CDH6,0.8264652854505421,3.828025441396368e-06,9.706400276019888e-06,5.012941803059654,Not Significant
CDH8,-4.686386415651267,4.69248138566111e-19,8.902459035621472e-18,17.05049001604118,Down
CDH9,-7.575180631857529,2.3163404150063536e-28,9.60280384393992e-27,26.017601942360255,Down
CDIP1,-1.483760575119792,2.9762054024076882e-18,5.205259240252613e-17,16.28355763621924,Down
CDIPT,-0.1821905298445543,0.09262026315255334,0.111476288052428,0.9528175008951068,Not Significant
CDK1,4.127752232042159,3.8838275832514625e-10,2.273427023455853e-09,8.643318981999494,Up
CDK11A,0.4182594991313131,0.10208399913298608,0.12228230764158166,0.9126363741122178,Not Significant
CDK11B,0.22592885398184848,0.01612006850906181,0.021706869925971633,1.6634027961624773,Not Significant
CDK12,0.2327464920829918,0.1165492376456387,0.13857158267935374,0.8583258227611149,Not Significant
CDK13,0.2150061481447203,0.00012191996243707755,0.0002310859269221297,3.636226502146006,Not Significant
CDK14,-1.0143107031481335,5.740819888579086e-05,0.00011522817206125865,3.9384413275537224,Down
CDK16,-0.29687220874521714,0.005591612081925541,0.008045979162022269,2.094421096526187,Not Significant
CDK17,-0.6724229864032374,0.000980929485661923,0.0015826206980394319,2.800623158723807,Not Significant
CDK18,-1.1367345690221704,0.004893181888738919,0.007096733997574989,2.148941472853454,Down
CDK19,-0.3595387951692217,0.000583437843503977,0.0009781249518154543,3.0096056621677403,Not Significant
CDK2,3.2290261475190416,9.903639369466871e-07,2.85381187093848e-06,5.544574659850059,Up
CDK20,-0.36245511805930875,0.0030719888314435385,0.004581379050771607,2.3390037743998184,Not Significant
CDK2AP1,1.3130455477013427,7.21427543499133e-06,1.7266954319815314e-05,4.762784259928026,Up
CDK3,1.7308494939802568,5.6504123335485576e-05,0.00011350399570920872,3.9449888496257843,Up
CDK4,2.8265017866031386,3.0766638541015203e-35,2.402659819086722e-33,32.61930771448607,Up
CDK5,-0.6823525874555187,0.009358693343291572,0.013027425278474409,1.8851414091409986,Not Significant
CDK5R2,-4.691628465827062,8.784034864358352e-15,1.0661490026933258e-13,12.97218209500424,Down
CDK5RAP1,-0.12991655392639245,0.14535059692430177,0.17002576793026197,0.7694852549636405,Not Significant
CDK5RAP2,0.5373480544752773,0.019526336102293172,0.025971522299247613,1.585502593813632,Not Significant
CDK5RAP3,1.0028638509078611,0.00014836794180254228,0.00027658376123590136,3.5581733217417737,Up
CDK6,2.2392309147832563,3.357135956390286e-11,2.386717545848676e-10,9.622198974180327,Up
CDK7,-0.03117809580626485,0.7942536660613065,0.8151939791283506,0.08873903660833991,Not Significant
CDK8,-0.09231041122327355,0.16285866667382287,0.18887601737023035,0.7238231833433901,Not Significant
CDK9,-0.2791029715688538,0.008728921288348528,0.01220720152291818,1.9133838858056118,Not Significant
CDKAL1,0.7439581728367415,1.2176566992826708e-07,4.284552423532527e-07,6.368094539001563,Not Significant
CDKL5,-3.2713228598637034,4.316668186943002e-13,4.23016685946146e-12,11.373642501486867,Down
CDKN1A,2.9502934576744977,1.0186939304286897e-05,2.3596970924669164e-05,4.627143742586334,Up
CDKN1B,-0.5610574081992787,0.00014106653733347133,0.00026409669152525374,3.5782370393887817,Not Significant
CDKN1C,0.17372054617270827,0.6012673263526905,0.6337937685128183,0.19805203512647127,Not Significant
CDKN2A,2.300616901413248,1.4650308227573188e-08,6.280306599343503e-08,7.202019153849947,Up
CDKN2AIP,0.33865867211340017,5.469796945558673e-06,1.3433138573758672e-05,4.871822505126076,Not Significant
CDKN2AIPNL,-0.7686826409835597,0.002305334364413367,0.003509738308463089,2.4547252639978057,Not Significant
CDKN2C,2.57358086090931,3.270177759079013e-16,4.65307496397768e-15,14.332259950651862,Up
CDKN2D,-2.5003010189914363,1.2789635727077617e-08,5.58002556581117e-08,7.253363811265776,Down
CDO1,-0.09501209216431761,0.5173767190119228,0.5522997846059247,0.25782512614890407,Not Significant
CDPF1,0.7445679387706328,6.444061017848533e-09,3.002658218954955e-08,7.522494099059553,Not Significant
CDR2,-0.32575888880601767,0.005625979426949711,0.008090808957472004,2.092008053393662,Not Significant
CDR2L,0.16771160153032838,0.35018972241866547,0.3856795958943518,0.41377333656794785,Not Significant
CDS1,-3.4571183903301392,1.1082886620887703e-18,2.0299818148876857e-17,16.692507852593835,Down
CDS2,-0.9797609973133703,2.063421108678482e-07,6.924351848376759e-07,6.1596208723497705,Not Significant
CDV3,0.539522283493298,0.00012155008592299082,0.00023042822084836458,3.637464333373067,Not Significant
CDYL,-0.2312410320514715,0.003159183871823861,0.004707235368252267,2.3272340858281826,Not Significant
CDYL2,-2.3994259760008347,6.794406499273348e-25,2.1060569561132217e-23,22.67652988795053,Down
CEACAM8,-2.210357961761839,0.16441185756260615,0.19055281328643514,0.7199846350012048,Not Significant
CEBPA,1.2825238207185166,3.154037213149893e-07,1.0223221005557278e-06,5.990412250527328,Up
CEBPB,1.2732324241369035,9.235795917738332e-05,0.00017882261786526227,3.7475775515756466,Up
CEBPD,2.334584454545606,4.965818536594789e-05,0.00010089886231878964,3.9961137306060763,Up
CEBPG,0.321674820707873,0.0026648881241129216,0.004019476412983018,2.3958305155130137,Not Significant
CEBPZ,0.5114105481920745,2.8461932399610056e-06,7.438000404419091e-06,5.128543802363578,Not Significant
CEBPZOS,-0.7925050549133665,1.8698581477818421e-06,5.080083867517335e-06,5.294129117854007,Not Significant
CELF1,-0.24936687192337814,6.193165213074528e-07,1.8746979073471393e-06,5.727068705398813,Not Significant
CELF2,-1.5857464741986078,1.2848053742596335e-17,2.1045738764701702e-16,15.676835824688965,Down
CELF3,-3.594942854806824,7.707065318298894e-21,1.7766813733762715e-19,18.750390450749528,Down
CELF4,-5.584384736331883,1.6976013241813323e-42,3.6386459020856895e-40,39.43906020609355,Down
CELF5,-4.275625085694411,1.822862572575396e-32,1.0374868675776576e-30,29.98401739184445,Down
CELSR2,-1.7750947584073735,1.6265512270016624e-17,2.630156831591452e-16,15.580018354527716,Down
CEND1,-3.169733471167344,8.715078161109156e-24,2.515636028510419e-22,21.599352194007402,Down
CENPB,1.2133001507679033,2.619560654058304e-05,5.6159723407072474e-05,4.250575039821947,Up
CENPC,-0.585238778838594,0.006326799314501226,0.009021397918511727,2.04472616076672,Not Significant
CENPF,4.474147189799245,8.360682978233406e-13,7.820382574069018e-12,11.106772000681458,Up
CENPH,2.0127298580728574,9.66873828835911e-09,4.3270932704100256e-08,7.3638037434914,Up
CENPK,3.69229686854389,9.848115406170921e-10,5.368501872389927e-09,8.270146891083984,Up
CENPM,3.6847807267300396,2.8683772398236097e-12,2.4467427869587673e-11,10.611411683315074,Up
CENPN,1.1620950764586002,2.4700515820344588e-06,6.5344799468001935e-06,5.184788970473985,Up
CENPU,4.609888955467415,5.928339090456386e-09,2.779064122720225e-08,7.556101432415763,Up
CENPV,-1.7838985538139447,8.212712950757863e-13,7.689114336982779e-12,11.114123681097459,Down
CEP104,-0.2134010112514595,0.04248444159172977,0.05377412546740617,1.269426643846462,Not Significant
CEP112,-0.23643551542651764,0.039870598458489136,0.05069499039136937,1.29503495492462,Not Significant
CEP120,0.26140243787076756,0.00038117803761742727,0.0006622951967847469,3.1789483946095274,Not Significant
CEP128,0.2556786410651597,0.04203731352016623,0.05325090377112557,1.2736730170069346,Not Significant
CEP131,0.47316840236279134,0.01123289218152534,0.015456926080683824,1.8108768699864133,Not Significant
CEP135,1.0109695038824746,1.2444513861199399e-05,2.8324905702151547e-05,4.547831527293458,Up
CEP164,0.6011456029227382,0.009942183815140315,0.013786312423086516,1.860551883822025,Not Significant
CEP170,0.06187549160661732,0.5252738333011058,0.5604330223125756,0.2514762827624146,Not Significant
CEP170B,-2.806079068668293,1.665512517095612e-11,1.2586926554554535e-10,9.90008030192914,Down
CEP192,-0.08698695600833517,0.40411337164937294,0.44020740765525335,0.3563426535665598,Not Significant
CEP250,0.015502251512483411,0.9032260539978774,0.9147581449657802,0.03869371488541551,Not Significant
CEP290,-0.7185339403544582,0.000353006762930619,0.0006163241126105816,3.2101908409195463,Not Significant
CEP350,0.038368539018510006,0.6346660740092176,0.6657946505851149,0.176659698561597,Not Significant
CEP41,0.21593357955487846,0.06959385700473732,0.08534669845075567,1.0688132744596353,Not Significant
CEP44,-0.10490959213815643,0.2542903495114059,0.28622844633293115,0.54328720680438,Not Significant
CEP55,6.711972776352539,0.000407926563065072,0.0007052432119988907,3.1516610852585405,Up
CEP57,0.22918923898101085,0.004751448371970049,0.006900114011709136,2.161143733284907,Not Significant
CEP63,-0.30856401764678765,9.980983236309497e-05,0.0001919229339999654,3.7168731257621146,Not Significant
CEP68,-0.7963194972397787,1.7370044643582654e-07,5.91968300877712e-07,6.22770154855154,Not Significant
CEP76,-0.00662285762794923,0.9426616752509084,0.9495424174060245,0.02248562994338655,Not Significant
CEP78,0.28649015399155786,0.04223715496310078,0.0534880074290732,1.2717435804313364,Not Significant
CEP85,-0.0602610423418497,0.5737333407877714,0.6076313787947865,0.21635980675535904,Not Significant
CEP89,0.7279236696572351,9.34357400321328e-05,0.00018080515656621317,3.7427891875978414,Not Significant
CEP97,-0.5581920945172918,2.398545991702346e-06,6.373767428227231e-06,5.195603787501808,Not Significant
CEPT1,0.5699593089563635,0.0004353962668967331,0.0007481122279921012,3.1260332465985887,Not Significant
CERCAM,-0.6217368885480852,0.037405806730925216,0.04772366983375641,1.3212661675316808,Not Significant
CERK,-0.6202404764855274,7.515342193614243e-07,2.2277656746791373e-06,5.652130491929961,Not Significant
CERS1,0.2677963994191934,0.056532446405929075,0.07028358201818209,1.1531461126991125,Not Significant
CERS2,1.3934098155466152,4.278427811719521e-06,1.0724280113277547e-05,4.969631850968346,Up
CERS4,-0.3338988795560347,0.02553559927864249,0.0333781792050142,1.4765373579738126,Not Significant
CERS5,0.5001725735848197,0.005137154102192652,0.007431274891208656,2.1289366733564643,Not Significant
CERS6,-1.2706738411997378,0.00015371031445054732,0.0002857497154040992,3.544014193473331,Down
CES1,1.8102632883750722,0.017999627876021603,0.024074382796473927,1.6184448382230157,Up
CES2,0.09740964854125878,0.457246480303419,0.4932327917953361,0.3069480577406394,Not Significant
CETN2,0.2032777372950747,0.20334730812584031,0.23228492822992577,0.6339789684129622,Not Significant
CETN3,-0.07252779243543017,0.4327634715994845,0.46822674394728886,0.32954378411008484,Not Significant
CETP,3.425118589994206,2.1669655547214455e-05,4.704743749625828e-05,4.3274640260420725,Up
CFAP20,0.17325547125234664,0.3860906509082889,0.42231022988600464,0.3743683982596016,Not Significant
CFAP36,-0.763763123783157,0.00038843160270338834,0.0006736202385322661,3.1715848731847043,Not Significant
CFAP97,0.5093287533673347,0.0038953100605474238,0.0057345248502052824,2.2415025609332,Not Significant
CFB,1.4477845054421756,0.0014061212294734205,0.002210904520948219,2.655430012247464,Up
CFD,3.6418618616434593,5.9808522392871564e-12,4.8394462215725955e-11,10.315204331883498,Up
CFDP1,0.15040795026535037,0.11547564597214369,0.13742488570860903,0.8619346155493598,Not Significant
CFH,1.2818088661908718,0.0003468124061189598,0.0006064551604308976,3.2172013041087433,Up
CFHR1,-0.5839206776201076,0.7159189718917854,0.7433691736588174,0.12879545237057619,Not Significant
CFHR2,0.0,1.0,1.0,-0.0,Not Significant
CFHR3,2.3253018726951327,0.1480869898692445,0.17304585731849778,0.7618387931641446,Not Significant
CFHR4,-6.8108508991593695,4.785161191287289e-19,9.027287236147593e-18,17.044442738653665,Down
CFHR5,-1.4241483436994802,0.3676724349142326,0.40356636623730435,0.39408503561205765,Not Significant
CFI,3.8734936950149823,3.5239263467085813e-08,1.3894338167022407e-07,6.857162135267007,Up
CFL1,0.39720974298622735,0.010711765777770652,0.014788314162705431,1.830081331856023,Not Significant
CFL2,-0.38133878382334174,0.0251385063850644,0.03291037210177242,1.4826672073187261,Not Significant
CFLAR,1.3141657053420879,0.0001678733798816969,0.00030984910753540024,3.508849750419609,Up
CFP,0.5226451110417951,0.04366036059248826,0.05516549261366196,1.258332499329988,Not Significant
CGGBP1,-0.029926407100255403,0.7648643015144329,0.7890673807943058,0.10288590951848066,Not Significant
CGN,0.04298739662337603,0.876396852942662,0.8905408408860578,0.05034615866594916,Not Significant
CGNL1,-0.2742236924341128,0.2164111298123598,0.24636972784831196,0.6084126562320716,Not Significant
CGREF1,-2.0839466090878034,3.182568817409851e-19,6.2013923146202786e-18,17.207510793296603,Down
CGRRF1,-0.523847959752743,7.154281181482775e-08,2.6318530861266824e-07,6.579738357332124,Not Significant
CHAC2,0.5365435017286941,0.012510516356088415,0.017091258715925508,1.7672259517174953,Not Significant
CHADL,-0.04225138253853267,0.823790911545832,0.8426103810450514,0.07437319462430285,Not Significant
CHAF1A,0.881617795621608,3.221867396309168e-07,1.0422958301354707e-06,5.9820089996918595,Not Significant
CHAF1B,-0.2114605328563961,0.10284809742049074,0.12315365902936215,0.9095526802710495,Not Significant
CHAMP1,0.005375917076715808,0.9487676789069748,0.954738347548583,0.020115633427263423,Not Significant
CHAT,5.520098558323482,0.003521004256160416,0.005213963968331623,2.282831974396846,Up
CHCHD1,-0.17268805730689607,0.22467348408145507,0.25508403906644633,0.5933167148995315,Not Significant
CHCHD10,-1.3913116897187834,1.3460334769680186e-10,8.614956319552617e-10,9.064746920215415,Down
CHCHD2,0.9732992308166821,0.00010044946003325075,0.0001931160038883527,3.714181733924405,Not Significant
CHCHD3,0.905535536559384,1.3712481739172775e-12,1.2467467602926583e-11,10.904221751634845,Not Significant
CHCHD4,-0.4075472489760905,0.00923278123789772,0.012864597260108109,1.890603805291217,Not Significant
CHCHD5,1.141195197139302,1.5305795063819746e-05,3.4249351282301225e-05,4.465347650074769,Up
CHCHD6,-0.8371370859286422,6.465189710600625e-06,1.5618782049062518e-05,4.806352835375143,Not Significant
CHCHD7,-0.5845757513178498,0.0013127047396252435,0.0020737317777928025,2.6832474171647154,Not Significant
CHD1,1.2167229896151106,8.280441084728222e-07,2.4319872736895658e-06,5.614038702006563,Up
CHD1L,0.7494202389493978,1.649772052678108e-07,5.647231960135665e-07,6.24816437324453,Not Significant
CHD2,0.32562244682882735,0.01172557242742762,0.016099688787502498,1.7931825189480683,Not Significant
CHD3,-1.1836667490426898,4.677555620304311e-19,8.890885909235025e-18,17.051054962727974,Down
CHD4,0.879535685306351,3.115599160371993e-08,1.2425394276162891e-07,6.905689821568864,Not Significant
CHD5,-5.647507806654367,9.79956991608398e-43,2.1461058116223916e-40,39.66834886938271,Down
CHD6,-0.12143670740246293,0.025109898852696627,0.032881466403492245,1.4830488226178753,Not Significant
CHD7,1.8980915527608495,8.777219624208192e-09,3.9740094604167783e-08,7.4007711033555665,Up
CHD8,0.13010244219591272,0.014750173768926348,0.01997221109518334,1.6995738523411021,Not Significant
CHD9,0.05811300714684364,0.3644913996318538,0.4003801504624681,0.3975274615581138,Not Significant
CHDH,0.13882890371875334,0.3713064303415829,0.407198694022683,0.39019362354863507,Not Significant
CHEK1,2.4425717141460375,1.8171673925490539e-19,3.6249790717899344e-18,17.440694496412267,Up
CHEK2,2.1707257162574134,9.704486729152207e-08,3.4729307037115216e-07,6.459303882193398,Up
CHERP,-0.1523193159254781,0.24768764965255544,0.27941829592383466,0.5537451602883493,Not Significant
CHFR,0.46104500504107904,0.05114536009065649,0.06397297709874267,1.1940034381292257,Not Significant
CHGA,-6.294903613279105,1.571735326048845e-35,1.23700481832938e-33,32.9076286087219,Down
CHGB,-3.517117453684657,2.5561040987082e-10,1.5521514581305852e-09,8.809065902780805,Down
CHI3L1,5.334781808127552,2.3519494215640796e-05,5.0800897240215564e-05,4.294128617183927,Up
CHI3L2,6.3843072209887595,6.395804563141947e-05,0.00012738500428843808,3.8948816939637467,Up
CHIC1,-1.9653795099691322,2.003366368134174e-06,5.42378736699373e-06,5.265697344795752,Down
CHIC2,1.2150981089995518,1.0268402097436104e-19,2.111099647542272e-18,17.675491266760382,Up
CHID1,0.7327636891206382,5.046770662093127e-09,2.3970376072572446e-08,7.62032515224245,Not Significant
CHIT1,2.236261597589385,1.7104829056006957e-22,4.452559377524912e-21,20.351390280251138,Up
CHKA,0.12863278329353278,0.38817774838068936,0.4244087950061933,0.37221562481056303,Not Significant
CHKB,0.16310193000961704,0.43898705695651424,0.47465446085434415,0.3236224332245029,Not Significant
CHL1,-0.7198633460432191,0.00213077475299201,0.0032562841112927046,2.487277709868923,Not Significant
CHM,-0.9391503518143232,9.185055525014726e-06,2.147870226531995e-05,4.667991962080322,Not Significant
CHML,-1.4843797659997797,1.3811912757134205e-05,3.114869243684128e-05,4.50656017948261,Down
CHMP1A,0.3552333617624761,1.4265452444536244e-10,9.095580248497349e-10,9.041169590093375,Not Significant
CHMP1B,-0.2752771192461658,0.0476438068761724,0.05982347132874994,1.2231283901147878,Not Significant
CHMP2A,0.9238410404904833,1.2268288022278041e-06,3.4716498184390163e-06,5.45946408810082,Not Significant
CHMP2B,-0.3799724354016618,0.015437184037466255,0.020849201232529167,1.6809105789132446,Not Significant
CHMP3,-0.881080885737326,0.0006661640012069298,0.0011066847210024094,2.9559760859242745,Not Significant
CHMP4A,-0.593143070857721,6.0895087366625625e-05,0.0001217418357077568,3.914560153940506,Not Significant
CHMP4B,-0.33167252942644154,0.004937185827229854,0.007156433096908424,2.145303384439792,Not Significant
CHMP5,-0.29141519522804415,0.06376399296491711,0.07866256002064351,1.1042319238715124,Not Significant
CHMP6,0.7289453779054327,1.723433634754171e-05,3.820834162965123e-05,4.4178418117416145,Not Significant
CHMP7,0.015239973033125409,0.820184300225354,0.8393736764335752,0.07604465480394561,Not Significant
CHN1,-3.779221420908918,5.5113207508089645e-08,2.087257339986824e-07,6.680424003044568,Down
CHN2,-1.0491603000660845,0.0007633426709342173,0.0012532454476843716,2.901963864252629,Down
CHORDC1,-0.39862589469074905,0.07095331373834671,0.0869143582928143,1.0609084719720712,Not Significant
CHP1,-0.616641255847199,0.002081144965946777,0.0031852711010251947,2.496853598597465,Not Significant
CHPF,1.4882542102723804,1.1022403185944076e-05,2.536310865582472e-05,4.595797517772524,Up
CHPF2,1.0364450026963574,5.843411219821439e-10,3.312691312801417e-09,8.479819031185022,Up
CHPT1,-0.18686602901518867,0.18190837764967896,0.20940978133274663,0.679003036699075,Not Significant
CHRAC1,1.0280408351310033,6.015483039494532e-06,1.4620018369087556e-05,4.835052081715481,Up
CHRD,-2.207295809151466,1.6519565470164067e-20,3.698180056587396e-19,18.432011947779692,Down
CHRDL1,-2.130895087311183,2.8252717562956563e-08,1.137561457750697e-07,6.944025130898552,Down
CHRM1,-6.689813626903492,6.729694280417155e-34,4.504920126228047e-32,31.3463129048061,Down
CHRM3,-3.004069550737354,2.2279819298305727e-16,3.220185073330443e-15,14.492119167429516,Down
CHRM4,-3.256526594846317,1.6549939141358117e-10,1.0433297053194096e-09,8.981578427360914,Down
CHST10,0.028823896141744854,0.7448452398736881,0.770545383701739,0.11320177704837296,Not Significant
CHST11,1.6395407423566226,6.39755387328274e-11,4.3576036321467424e-10,9.36075227574194,Up
CHST12,-0.03683892043467374,0.8615722419891619,0.8773353649852237,0.05683436407768736,Not Significant
CHST14,2.623190125914885,1.7313488587068766e-08,7.267336834422114e-08,7.13862471018782,Up
CHST2,0.4205690343249735,0.005647191543664637,0.00812015523991972,2.0904356679021694,Not Significant
CHST3,1.6438557455769782,0.0002006067509400002,0.000364917372511658,3.437805460816344,Up
CHST6,1.0025378439013934,0.00869812606587191,0.012168437993000087,1.9147651665980856,Up
CHST7,1.1538861596528402,0.0010706538522765106,0.0017153663679437675,2.765643109100167,Up
CHST9,2.051909675011794,1.2321713360940033e-11,9.504513047328477e-11,10.02207012880123,Up
CHSY1,0.9558468655751149,6.878131000266079e-06,1.6548911319961902e-05,4.781230571271026,Not Significant
CHTF18,1.0943769387331272,7.627553786200543e-05,0.00014984394860020333,3.824360791207533,Up
CHTOP,0.8578436570473436,4.748307356140229e-10,2.733397046043238e-09,8.563297279254535,Not Significant
CHUK,0.14023396584410008,0.02638809121140887,0.0344477945916461,1.4628385771623844,Not Significant
CHURC1,-0.10767622272004473,0.4299516109888455,0.46576668077556543,0.3318315825099657,Not Significant
CIAO1,0.11902643884235431,0.15570331043517832,0.1813148941537379,0.7415665192189006,Not Significant
CIAPIN1,0.18530951959198205,0.12567748062644377,0.1485131894229671,0.8282349750386798,Not Significant
CIB1,1.2087692721151022,1.161745360494329e-07,4.0949694757242375e-07,6.387749331162155,Up
CIC,-0.626965439038699,0.0005046106795265288,0.0008555112732329603,3.0677742633051013,Not Significant
CINP,-0.4854775106637099,3.282390149297668e-07,1.0591543358111694e-06,5.975040751594645,Not Significant
CIR1,-0.4020094493582711,0.0003835312965996825,0.0006661541865422761,3.1764252383756184,Not Significant
CIRBP,0.38985140975737664,0.04025132860134958,0.05113390722950765,1.2912910208196788,Not Significant
CISD1,-1.7159318757862003,6.8406977490451415e-06,1.647064749614741e-05,4.783289327455841,Down
CISD2,-0.5410469016184223,0.008746549673643094,0.01222599436829201,1.912715808596972,Not Significant
CISD3,-0.44426740581626234,0.005959252848770826,0.008540832721371077,2.0684997840339694,Not Significant
CIT,-2.607536844177993,1.8315375790536932e-11,1.3769335501035004e-10,9.86108701799995,Down
CITED1,1.683382823586701,3.1027609083507446e-05,6.56526221187259e-05,4.182747923817421,Up
CIZ1,-0.19709896692342355,0.030752638460410597,0.03969277128125258,1.4012885783379905,Not Significant
CKAP2,0.8163569186717297,3.931324493477166e-08,1.5344503272874455e-07,6.814047165840259,Not Significant
CKAP2L,4.557418816455405,6.852727113096506e-10,3.843784684706804e-09,8.415240947970899,Up
CKAP4,1.085421604296009,1.369682540520296e-09,7.254564623134312e-09,8.139388646278485,Up
CKAP5,-0.14840499717278988,0.1550642116068562,0.18063331032926336,0.7432021590156751,Not Significant
CKB,-1.1105809346564754,6.292581466968485e-08,2.3513154932581792e-07,6.628689094486967,Down
CKM,8.08653341280948,8.489608388551592e-06,2.005729711685477e-05,4.6977275920695565,Up
CKMT1A,-5.9608886698864705,7.82115142265072e-25,2.4168797371712682e-23,22.61674495934921,Down
CKMT2,-0.8723170200706267,0.0007743247841324856,0.0012698271000082468,2.8962554086694063,Not Significant
CKS1B,1.9452226015718583,4.540338996108218e-09,2.181181451921516e-08,7.661308204072684,Up
CKS2,2.674085387542757,5.527226984052115e-07,1.6934697274130477e-06,5.771222562429434,Up
CLASP1,-0.18349664370958862,0.0030605147409423802,0.0045669716338695805,2.340371685851325,Not Significant
CLASP2,-1.04328691989501,1.2506953681933373e-06,3.5342230404431076e-06,5.451706046176992,Down
CLASRP,0.26709157744653567,0.12813742724998467,0.1512249815037893,0.8203764599388311,Not Significant
CLC,1.4294369882626707,0.5014364091136172,0.5363633877055192,0.270540874854997,Not Significant
CLCC1,0.2932290607135606,0.0003372571855113177,0.0005910801821226539,3.228353601536002,Not Significant
CLCN2,0.6155798156518664,0.004525247922595563,0.006599210708197409,2.180508004696448,Not Significant
CLCN3,-0.09975396600154696,0.4498427217106443,0.4856623704332902,0.31366554475894004,Not Significant
CLCN4,-2.3638073767804855,4.830437916707329e-07,1.499132211118596e-06,5.824160064264959,Down
CLCN5,0.834757238809388,3.879771232041033e-08,1.516090589277788e-07,6.8192748480126415,Not Significant
CLCN6,-1.0242394875416458,3.9620265019435247e-16,5.590119745179141e-15,14.25257888905212,Down
CLCN7,-0.015855722941662265,0.8926231903329396,0.9052940722253129,0.043210323336856295,Not Significant
CLDN10,-2.3579683392371855,7.201658576527924e-09,3.3137993144148527e-08,7.479673796242965,Down
CLDN11,-0.24061920537427994,0.5839191464413803,0.6169272659937562,0.2097660350584155,Not Significant
CLDN12,0.4551100863652593,0.0005560079166623405,0.0009358769845374132,3.0287812329367148,Not Significant
CLDN5,0.07621092464781754,0.766442572145783,0.7905336819695524,0.10207962151685847,Not Significant
CLDND1,-0.3892076324918179,0.15828866137806857,0.1839427817190752,0.7353172500784793,Not Significant
CLEC11A,1.5266080836170648,4.969003024135842e-07,1.5364065670972582e-06,5.813493845188191,Up
CLEC14A,0.49913099485699775,0.001299531558109139,0.0020551775378950497,2.6871506553461972,Not Significant
CLEC16A,-0.5728487954403967,0.00016624435831178046,0.00030712372375442447,3.5126866352088513,Not Significant
CLEC18A,0.8768764300747307,0.03240104292012273,0.041713496022660244,1.3797234102567002,Not Significant
CLEC2L,-5.8771302893438655,5.371227063711174e-29,2.332316441371826e-27,26.63221252620365,Down
CLEC3B,-0.7272685730142321,0.02175666523464515,0.028729406943742986,1.5416733389825827,Not Significant
CLEC5A,6.231985877883398,6.3619258456609556e-06,1.5398856551943408e-05,4.812511526671214,Up
CLGN,-2.2759185745206008,3.159775997123557e-07,1.0235235818335278e-06,5.989902146804902,Down
CLIC1,3.694376050812963,1.675941745087917e-11,1.264578741191847e-10,9.89805412337736,Up
CLIC2,0.014713326952740857,0.9129756670507018,0.923703612520716,0.034467357887646335,Not Significant
CLIC4,2.046067430191684,1.0840937686986515e-09,5.862136675185301e-09,8.231944060243057,Up
CLIC5,-2.887997762637653,7.307564893641746e-16,9.961624998450196e-15,14.001669811145009,Down
CLIC6,2.960605731950711,0.028327320134767835,0.036788632594772615,1.4342863542613231,Up
CLINT1,0.5649588515539676,3.0773723736300855e-05,6.51564718199863e-05,4.186042440486856,Not Significant
CLIP1,-0.018810030362299557,0.7913528291115997,0.8127320216607458,0.09005262869728015,Not Significant
CLIP2,0.127359575328434,0.15764773406286636,0.18336403393464504,0.7366858453045134,Not Significant
CLIP3,-2.2280202351847826,1.5052418619077673e-11,1.1487732209741551e-10,9.93976569681235,Down
CLIP4,-1.1491660424910322,3.5248485021612672e-09,1.722081659106334e-08,7.763946258655633,Down
CLK1,0.4488568830223265,0.0750392977619765,0.0916186990248638,1.0380158794485428,Not Significant
CLK2,0.862943805665104,0.0003738680942528779,0.0006500426616333262,3.1870581401202953,Not Significant
CLK3,0.6547828375569562,0.0011161855141595966,0.0017842673547514719,2.748540070366946,Not Significant
CLK4,0.10998232048488887,0.5329768854447838,0.5678698195632736,0.24575121204453518,Not Significant
CLMN,-0.9419410194368538,0.011741829630819784,0.016119813532417347,1.7926399862474656,Not Significant
CLN5,1.089811857802239,3.235377919460324e-06,8.331594366217614e-06,5.079271882363476,Up
CLN6,0.45728170413170943,1.0283821411842677e-06,2.954069486823585e-06,5.5295792932525325,Not Significant
CLN8,0.2607312921789493,0.022660449370466223,0.029844602818417665,1.525134196464628,Not Significant
CLNS1A,0.18202989953224247,0.0004310033764131211,0.0007410698095213829,3.130140879116639,Not Significant
CLOCK,-0.7644445551971053,8.447255237926851e-07,2.475840830611775e-06,5.606277279122429,Not Significant
CLP1,1.083611226485548,7.721280508869706e-07,2.2830695581553692e-06,5.641480856681968,Up
CLPB,0.019936876373009227,0.7712742597474296,0.7947848703657534,0.09975040877310148,Not Significant
CLPP,1.1633643147446762,3.2733293484776913e-07,1.0565690437861027e-06,5.976102117773462,Up
CLPTM1,-0.2521831751907584,0.02858044949759961,0.03708390626465977,1.4308145253410802,Not Significant
CLPTM1L,0.5991846978661677,2.250909268592832e-07,7.493608715070782e-07,6.125308987692998,Not Significant
CLPX,-0.07543094732506006,0.3128939871826089,0.3474913490108701,0.459056002940368,Not Significant
CLSTN1,-1.7664317176248474,8.146634549746269e-10,4.521718812900492e-09,8.344696448138963,Down
CLSTN2,-2.747550482159003,1.7252108106121573e-09,8.981795196954457e-09,8.046636851950504,Down
CLSTN3,-2.823462135147661,1.5147189570388423e-10,9.639468586992608e-10,9.015946907601132,Down
CLTA,-0.09570563693756284,0.5419780549633727,0.5765456098945106,0.23916633044736388,Not Significant
CLTB,-0.9168744447620156,1.6148247532779408e-05,3.600651740708715e-05,4.443618882072935,Not Significant
CLTC,-0.3689944554887603,0.06356654613743148,0.07844779931256704,1.1054192351212015,Not Significant
CLTCL1,0.8107352401788894,0.0004012496252847497,0.0006941763223627974,3.158530203748087,Not Significant
CLU,0.6015356061276158,0.000789207378218025,0.0012917100126999812,2.8888349739723873,Not Significant
CLUAP1,-0.42129044768955026,5.068259295449623e-07,1.564266058283073e-06,5.805689377991527,Not Significant
CLUH,-0.5740497275261767,4.908403746886083e-05,9.989345322450586e-05,4.0004629734520805,Not Significant
CLVS1,-3.4435405864882522,5.286174081329959e-25,1.6589693986080377e-23,22.780161624908878,Down
CLVS2,-5.322091237592916,4.658960884015991e-32,2.5233533304073704e-30,29.598021933508427,Down
CLYBL,-0.35331951629263614,0.006125705340589957,0.008758211127037074,2.057584589835603,Not Significant
CMAS,-1.286966595082422,0.00017768623884027778,0.0003263913372449403,3.4862613763784895,Down
CMBL,-0.7731616263004106,1.5584470748608693e-12,1.398022781135209e-11,10.854485751594128,Not Significant
CMC1,0.19566858794873987,0.030562411821319878,0.0394674704125082,1.4037607079367433,Not Significant
CMC2,-0.10791964523037478,0.19016857333489579,0.21841958816277962,0.6607084161067994,Not Significant
CMC4,0.9676037162080658,0.0007087137900112963,0.0011704233968153769,2.9316570052301043,Not Significant
CMIP,-1.688366718463847,8.178464214533227e-11,5.445462557647569e-10,9.263965223768325,Down
CMPK1,-0.4088108875403229,0.0017351692568674348,0.002684702057085323,2.5711039044312782,Not Significant
CMPK2,0.1738532974285576,0.23395038267861376,0.2650192460479428,0.5767225858786196,Not Significant
CMSS1,0.10922934165541065,0.4778776704773514,0.5130704095053649,0.2898230318445364,Not Significant
CMTM3,3.8366056083619284,3.668189629035334e-10,2.1622786613751877e-09,8.665088337533959,Up
CMTM4,-1.7727847626101472,5.945252135987128e-21,1.386399768933665e-19,18.858111522676456,Down
CMTM5,-0.2988727113739653,0.2973320431532192,0.33137769694938934,0.4796767246968841,Not Significant
CMTR1,0.2086219925442272,0.0012794590868295617,0.0020262963120139922,2.6932970460127565,Not Significant
CMTR2,1.41195239661225,3.6045371997833124e-10,2.1317382318916943e-09,8.671266125829643,Up
CNBP,0.2001710223472024,0.1409885935863099,0.16536489600517942,0.7815566779110331,Not Significant
CNDP1,-2.3171014008563233,0.00035495549746083636,0.0006192971391445212,3.208100926217811,Down
CNDP2,0.2781019788155916,0.0006459851268566881,0.0010761789594764802,2.9681155031579394,Not Significant
CNEP1R1,0.08955984654667049,0.2125735230632358,0.24227465452415853,0.6156920170471686,Not Significant
CNIH3,0.5379851490104883,0.00033103700402117506,0.0005809872436427382,3.2358334030251372,Not Significant
CNIH4,0.20133774646390634,0.01150347422692371,0.015811979719201726,1.8010137513645101,Not Significant
CNKSR2,-2.8533418690371057,2.054731066147448e-13,2.105733546324455e-12,11.676596584091685,Down
CNKSR3,1.2370481282781807,9.890761971314974e-05,0.0001905153653901091,3.720069991982951,Up
CNN1,0.15523309056066203,0.6779399885136492,0.7072141911863418,0.1504490332154534,Not Significant
CNN2,3.443441860132543,1.6271511470423138e-08,6.878691000966962e-08,7.1624941991401725,Up
CNN3,1.8962198144408156,9.790119802314829e-06,2.276677444333324e-05,4.6426984951069095,Up
CNNM1,-6.050508608784154,5.954957733484566e-44,1.764418947268339e-41,40.75339828718364,Down
CNNM2,-1.762887400049559,5.7840797380139944e-18,9.842705959586651e-17,16.00688548878806,Down
CNNM3,0.25629702156704326,0.07712334583548792,0.09404921752169294,1.0266448133770218,Not Significant
CNNM4,-0.029456373156033777,0.5806517029855869,0.6139902651282463,0.2118385145829375,Not Significant
CNOT1,0.7475319152937843,1.1993550727922181e-11,9.279802613908452e-11,10.032461261346015,Not Significant
CNOT10,0.5038449163041996,4.793565488394669e-07,1.488490567314107e-06,5.827253913168021,Not Significant
CNOT11,0.24753501187743865,6.097479982223293e-05,0.00012185283344756487,3.914164367699322,Not Significant
CNOT2,1.024362955894695,1.7010531832878854e-10,1.0696884999027564e-09,8.970742673220432,Up
CNOT3,0.16060071286304733,0.3423479041457444,0.3776623725760216,0.4228962828363377,Not Significant
CNOT4,0.3065823713289362,0.00013017910914999028,0.00024546570471920757,3.61000917682668,Not Significant
CNOT6,0.03198223310688064,0.7084989543476523,0.7361198913055125,0.13305144667876093,Not Significant
CNOT6L,-0.48022101335518386,4.0645008796877655e-06,1.0243408208875299e-05,4.9895555199189445,Not Significant
CNOT7,-0.5106787729627129,0.006348707831541944,0.009050075377805793,2.043347803554047,Not Significant
CNOT8,-0.08448171228960533,0.1358259117110966,0.15975601104233358,0.7965427919276071,Not Significant
CNP,-0.4352623790740786,0.18940998702600864,0.2176227428489976,0.6622957202895865,Not Significant
CNPY2,0.5230440401814072,3.9581473542133284e-07,1.2515497942983388e-06,5.9025518668237975,Not Significant
CNPY3,0.9106526678503393,5.436504951396722e-15,6.761401343255627e-14,13.169963284447245,Not Significant
CNPY4,1.6391187802122573,5.461449116548169e-07,1.6758647091107603e-06,5.775761044451712,Up
CNR1,0.05321194983507738,0.8233521257389068,0.8422470871947347,0.0745604822969057,Not Significant
CNRIP1,-1.6387476354320683,1.01253382115454e-10,6.675566566957354e-10,9.175511869070313,Down
CNST,-1.5505309696986416,1.81420770490371e-05,4.004454079579311e-05,4.397456682173147,Down
CNTFR,-1.5879383874673856,2.889083354013893e-08,1.1600089959480255e-07,6.935538642777014,Down
CNTLN,1.198092169199894,3.4624916166829487e-05,7.262365302199463e-05,4.138921909548806,Up
CNTN1,-2.719697679690995,4.728294973961792e-14,5.274954990884949e-13,12.277781241678364,Down
CNTN2,-2.617738271362583,1.2887380784379151e-08,5.6178050204169435e-08,7.250433338118861,Down
CNTN3,-5.01424943723007,1.5703342748932939e-35,1.23700481832938e-33,32.9076286087219,Down
CNTN4,-4.330955477444721,6.5628580434209985e-24,1.9163545486789317e-22,21.717524138112378,Down
CNTN5,-4.417589176189926,3.895045742479375e-34,2.6875815623107686e-32,31.570638346974384,Down
CNTN6,-3.0046125510870763,2.6573307909752835e-09,1.3321869547101366e-08,7.875434823437861,Down
CNTNAP1,-2.0616487613681116,9.137769195589581e-26,3.0890566065895785e-24,23.510174133231654,Down
CNTNAP2,-5.524820181110769,2.165183347499125e-25,7.05891813679812e-24,23.151261854645327,Down
CNTNAP4,-3.392976460745391,6.045146961856416e-20,1.2713739142743535e-18,17.89572670355754,Down
CNTNAP5,-4.456987517870537,3.0989461278881577e-28,1.2690562313961504e-26,25.89651913405659,Down
CNTRL,0.9069327423808708,0.0013253406331887384,0.002092052889179466,2.6794273402691773,Not Significant
CNTROB,0.9727048131093028,1.2297013848470786e-10,7.951227054524691e-10,9.099565844691021,Not Significant
COA1,0.5717287950070542,3.520474024204934e-05,7.365577428834996e-05,4.132793200711822,Not Significant
COA3,-0.14325082350817198,0.32090512887092343,0.3556042534644904,0.4490330529742947,Not Significant
COA4,1.495172348416645,6.367308540020445e-15,7.880130986752575e-14,13.103466563430363,Up
COA5,-0.17098167639282735,0.006738341775219379,0.009577669894240368,2.018740135510201,Not Significant
COA6,-0.7867677847613201,1.650283895620485e-05,3.672401140817488e-05,4.435049886368292,Not Significant
COA7,-0.37285372222335056,0.06870096837525987,0.08435022003807043,1.0739137801620504,Not Significant
COASY,-0.12341736801442238,0.13037893504781636,0.1536488416684138,0.8134707094649563,Not Significant
COBL,-1.472386254813042,8.03751521710954e-13,7.539099469009452e-12,11.122680526676229,Down
COBLL1,-0.14209833425510787,0.4734758572431084,0.5090497103380015,0.2932398053423388,Not Significant
COG1,-0.9255646045333883,2.819174206374945e-09,1.4031798890820749e-08,7.85288664841024,Not Significant
COG2,0.2460537419617843,7.33248801723439e-05,0.0001445641740392054,3.8399393207679346,Not Significant
COG3,0.30745352843135265,0.0017293901576870515,0.002676993922639729,2.5723526147551765,Not Significant
COG4,1.0512357577663387,5.18261639677155e-09,2.4546157772015323e-08,7.610016478653163,Up
COG5,0.48353065127549044,4.232160196024475e-07,1.3319207064901767e-06,5.875521629339,Not Significant
COG6,-0.732615432348716,1.1706470547141598e-09,6.272924696377896e-09,8.202529925940084,Not Significant
COG7,0.32794564945519866,0.02547298975800096,0.033304983623893794,1.477490775550263,Not Significant
COG8,0.584554972126714,2.8139449735488158e-06,7.3668611391711975e-06,5.132717516253446,Not Significant
COIL,0.22886626867547122,0.024834308036616338,0.03253326647085474,1.4876723296155323,Not Significant
COL11A1,0.04031405278734468,0.8988431108152014,0.9110519668329147,0.04045684995884149,Not Significant
COL12A1,0.3800801168713832,0.07295423075915407,0.08920268487288725,1.0496220737860795,Not Significant
COL14A1,2.273826628698556,5.463439116495814e-07,1.6759648495608658e-06,5.7757350941793915,Up
COL15A1,2.668177159789119,5.357573637083305e-10,3.052726064478349e-09,8.515312165247064,Up
COL16A1,1.152270955912364,1.8578973860251075e-05,4.090135110755449e-05,4.388262345565674,Up
COL18A1,2.0596719424876735,2.8522974278981136e-07,9.329235158651168e-07,6.030153959682546,Up
COL1A1,6.781299088801797,5.069700255307945e-10,2.900179464620797e-09,8.537575126900023,Up
COL1A2,4.574596115558812,2.670812363630004e-13,2.6878884866342316e-12,11.570588752970894,Up
COL20A1,0.8548831236997287,0.018692262424682447,0.0249279655369673,1.6033131644213323,Not Significant
COL22A1,3.87985634984215,2.5167127094004995e-07,8.307131007372423e-07,6.080548940452027,Up
COL28A1,1.1340987817523995,3.323827071174265e-05,7.000676126909795e-05,4.154860013699213,Up
COL3A1,7.771049316408561,1.065895441354486e-09,5.76992513498393e-09,8.238829821796486,Up
COL4A1,4.952084221025753,3.282107301431373e-09,1.615239323625777e-08,7.791763120868654,Up
COL4A2,3.836688681377776,2.7048152587132843e-10,1.634571620652527e-09,8.786596045549972,Up
COL4A3BP,-0.8899572936867735,6.383617171958868e-06,1.5440230345813598e-05,4.8113462249089896,Not Significant
COL5A1,2.660521564488059,3.360863182763891e-08,1.3308701141180597e-07,6.875864327300915,Up
COL5A2,1.627607090045231,0.00010937482706179588,0.0002092626152842572,3.6793083513361573,Up
COL5A3,0.11410170267253861,0.7758936282660048,0.798972954221786,0.09746792160094861,Not Significant
COL6A1,1.5814388678004647,1.4570874755741054e-06,4.067248331652407e-06,5.390699310316382,Up
COL6A2,3.851722449105191,1.4242215673318011e-12,1.2856279631989754e-11,10.89088468996987,Up
COL6A3,5.496090204080312,1.2249124677315405e-11,9.455761072741409e-11,10.024303510035253,Up
COL7A1,0.39862003146002145,0.2269723559421287,0.2575489427529854,0.5891402285731009,Not Significant
COL8A1,4.695124363929562,4.8657702722202905e-08,1.8645024618618184e-07,6.729437038866204,Up
COL9A2,0.3303216559838944,0.24359964071218862,0.2750529904208236,0.5605836289683426,Not Significant
COL9A3,1.0378168293778174,2.1751223532216103e-06,5.843248689694534e-06,5.233345629646662,Up
COLEC10,-1.7541375221774622,1.5341777824816377e-06,4.2623571375399936e-06,5.370350164109198,Down
COLEC11,0.01724012059130864,0.9744479398119733,0.9783325239850329,0.009513508416076387,Not Significant
COLEC12,0.2774008839870383,0.3384885425884892,0.3738142488529314,0.4273441484353547,Not Significant
COLGALT1,2.0904116409639,1.5972814900060114e-09,8.36766184624054e-09,8.077395878820868,Up
COLGALT2,0.3452449254975605,0.02188361337505485,0.02888946679862437,1.5392604736820104,Not Significant
COMMD1,0.16818892283655273,0.012835660722086606,0.017504595385718216,1.756847923389708,Not Significant
COMMD10,0.19489787061764474,0.007909401520425232,0.011128395379436282,1.9535674527448879,Not Significant
COMMD2,0.43778776485656934,0.00020202148736890422,0.0003673582064538522,3.434910253960845,Not Significant
COMMD3,0.18111936732005596,0.12148893172057357,0.14390117556179402,0.8419356581974121,Not Significant
COMMD3-BMI1,0.5735439136527027,0.7319726673322995,0.7588651487810626,0.11983539188251831,Not Significant
COMMD4,1.20426818216721,1.626200475492722e-11,1.2326819857120907e-10,9.909148950707037,Up
COMMD5,0.7179272011634374,6.111294111916276e-07,1.85325637818918e-06,5.732064496530597,Not Significant
COMMD6,0.5988189349906428,4.450138133605315e-05,9.119343278669638e-05,4.040036435873257,Not Significant
COMMD7,0.015847449401231728,0.8522765977070103,0.8683084997269843,0.06132594772031317,Not Significant
COMMD8,-0.16729330115268937,0.3667315935148999,0.40266529406747703,0.3950558008482992,Not Significant
COMMD9,0.3875352913703196,0.017305517031788883,0.023204549258384295,1.6344268632069288,Not Significant
COMP,3.768444666228321,0.03851813352709954,0.049062040353015646,1.3092543946614295,Up
COMT,1.2373210406465134,1.5138159443109764e-11,1.1535689729946124e-10,9.937956433483212,Up
COMTD1,-0.06261960954955725,0.6842180196540129,0.7130987306015442,0.14685033664602265,Not Significant
COPA,0.40706911432318904,0.0018583739755126283,0.0028650240661808497,2.542871725610851,Not Significant
COPB1,1.0091955563424442,1.744595847395981e-10,1.0929762790215868e-09,8.961389263486547,Up
COPB2,0.7593599340595318,1.6530462022971972e-06,4.544974738521279e-06,5.342468526292685,Not Significant
COPE,0.9357914362753057,4.5745719841765836e-07,1.428525671686141e-06,5.845111950610987,Not Significant
COPG1,0.34665415957396917,0.05919456917504796,0.073412050950318,1.1342326426502014,Not Significant
COPG2,0.6394014225681879,1.2287421969075458e-05,2.803068136695339e-05,4.552366345325284,Not Significant
COPRS,-0.5928113940615738,0.012669775815397787,0.017297102800422456,1.7620266334699712,Not Significant
COPS2,-0.5584934720928914,0.0003383306549829456,0.0005928584133411366,3.2270490126165794,Not Significant
COPS3,0.031018425890852797,0.8810891751571142,0.8948575814631281,0.04824607809898238,Not Significant
COPS4,-0.49271581033216094,0.027131509971912708,0.035349564337435156,1.4516159342578543,Not Significant
COPS5,0.2748401758481194,0.029028564967170597,0.0376217372287761,1.424561154254759,Not Significant
COPS6,0.5664640217953298,3.33338229344929e-07,1.0738884945381564e-06,5.969040810555292,Not Significant
COPS7A,-0.2926275716984854,0.0815493934226491,0.0990628951332168,1.0040889838237097,Not Significant
COPS7B,-0.15561324913561236,0.027992619568699955,0.03637740577077959,1.4391682755751116,Not Significant
COPS8,-0.3006629245049197,0.0893266049380619,0.10775670196934925,0.9675557092155782,Not Significant
COPZ1,0.7764465678704795,1.5550368981225594e-05,3.4765738374803957e-05,4.458848542383713,Not Significant
COPZ2,1.9569407309061297,3.606945602276371e-16,5.117798591173544e-15,14.29091680959051,Up
COQ10A,0.3257221480511774,0.0020680436556291737,0.0031666623782958345,2.499398237562515,Not Significant
COQ10B,-0.5254657048856259,0.007440587183090144,0.01051725484529958,1.9780976024937074,Not Significant
COQ3,-1.218117436614257,2.1604418131577168e-05,4.691591038101064e-05,4.32867985197783,Down
COQ5,0.5342462322275239,2.311633062263024e-05,4.9983669176299e-05,4.301171866566295,Not Significant
COQ6,0.12826457003489722,0.2278175633167432,0.2584206883068203,0.5876727211032887,Not Significant
COQ7,-0.05210173689939879,0.5077909398185282,0.5426995467570394,0.2654405411273581,Not Significant
COQ9,0.4301466422428355,0.0019396054559372377,0.002984053965044553,2.525193327141345,Not Significant
CORO1A,0.48724560072508893,7.588075081877271e-05,0.00014912654774645263,3.8264450358664095,Not Significant
CORO1B,1.6453788576245252,1.521708464544338e-12,1.366282626721895e-11,10.864459454000269,Up
CORO1C,1.1562132336582778,4.039507198299154e-11,2.837796061064552e-10,9.54701881844048,Up
CORO2A,-2.774865798306303,3.56136527980291e-41,5.979532304789085e-39,38.22333278346855,Down
CORO2B,-0.6341930231236397,1.0857053028183952e-08,4.820359286290222e-08,7.3169205903424706,Not Significant
CORO6,-4.101928408879427,2.00422698087144e-09,1.0306576112965232e-08,7.986885585173144,Down
CORO7,0.6330946200731926,6.127919177530324e-07,1.8571798373778726e-06,5.731146039933208,Not Significant
CORO7-PAM16,2.4322535724119536,0.15667656370438318,0.1823007279692719,0.7392115971025303,Not Significant
COTL1,1.5816707423806804,2.5705352498322053e-12,2.2151900861257175e-11,10.65458900090212,Up
COX11,-0.7852938312124955,3.614738860596545e-09,1.761726138444586e-08,7.754061602056904,Not Significant
COX14,-0.3148206708382517,0.03686520777450868,0.04705183113143298,1.327423470328068,Not Significant
COX15,-0.1998712229362667,0.09039172378049609,0.10897633142229746,0.9626678162692178,Not Significant
COX17,0.04635189145003693,0.6736312145561718,0.703229104190557,0.1529031636342316,Not Significant
COX18,-0.024383811856017346,0.7786374993835575,0.8012251449223655,0.09624542966094636,Not Significant
COX19,0.04981974117812982,0.6978106850073306,0.726288339783433,0.1388909281756038,Not Significant
COX20,0.12444305109648823,0.18565422828391015,0.21357550482266882,0.6704485584336165,Not Significant
COX4I1,-0.6675932594052405,0.00011358535761826926,0.0002167156993648569,3.6641096262871966,Not Significant
COX5A,-0.672411889269334,0.0003978867480252754,0.0006890684372712093,3.1617376424563446,Not Significant
COX5B,-0.5036816432729516,0.003029307500256562,0.004523083408564489,2.3445654035109236,Not Significant
COX6A1,-0.3791284215983026,0.03498708480941206,0.04486505758274148,1.3480917705107756,Not Significant
COX6B1,-0.02989686554073856,0.8408194978456914,0.8581981379227452,0.06641243211371042,Not Significant
COX6C,-0.7450393739704708,0.0035914409450689107,0.005314361938987104,2.2745488709358934,Not Significant
COX7A1,-2.150316510624709,1.1264923813011777e-12,1.0373203152859292e-11,10.984087116628517,Down
COX7A2,-0.43777726404436024,0.08219258104668946,0.09980810769820994,1.0008341782960561,Not Significant
COX7A2L,-0.8181663512812882,0.0004955379935832706,0.000841687699773709,3.074849019455249,Not Significant
COX7B,-0.506788619364599,0.0030078037735338653,0.004494306617410288,2.3473373018085586,Not Significant
COX7C,-0.4536923115204594,0.00823454077516373,0.011550370895154472,1.937404069872899,Not Significant
COX8A,0.4420983241267038,0.027239541854840503,0.03547285336930037,1.4501038762954357,Not Significant
CP,2.5385106537918674,0.011664733351068433,0.01602270572384284,1.7952641435756218,Up
CPB2,0.19104573255769708,0.9098261097699398,0.9207944775791013,0.035837294030865684,Not Significant
CPD,0.2914598675960107,0.03410391934672478,0.04379944970664271,1.3585313459084534,Not Significant
CPE,-1.2772716511816498,5.757097480481289e-09,2.7038228446791844e-08,7.568021766908916,Down
CPEB2,-0.6605848311072613,3.1287600912956275e-07,1.015108829620359e-06,5.993487394627703,Not Significant
CPEB3,-3.744698894025529,7.184283256477649e-40,9.780333719696733e-38,37.00964632617865,Down
CPEB4,-0.5802814851734652,3.3854906201712463e-08,1.339569226535944e-07,6.873034837915643,Not Significant
CPLX1,-4.784488064604426,1.731459668907094e-17,2.7863777483338763e-16,15.554960006757685,Down
CPLX2,-6.513206273692955,3.997026305357568e-36,3.5321090351028194e-34,33.45196589835251,Down
CPLX3,-0.8505311366311157,0.4302336683649347,0.4659901059142406,0.3316233043238747,Not Significant
CPM,1.4727476651839417,0.00023644698853263234,0.0004254286227792543,3.371173294177274,Up
CPN1,-0.43813876737067736,0.7294425537630551,0.756475631728332,0.12120505729891973,Not Significant
CPN2,1.7446935204813592,0.08413371414816957,0.10190730267267767,0.9917946933556031,Not Significant
CPNE1,1.1447605019411924,5.108607221770907e-06,1.2616844607040969e-05,4.899049245812682,Up
CPNE2,1.698617155483337,4.369062030117176e-06,1.0940574419935478e-05,4.960959875364637,Up
CPNE3,1.164905443551131,1.1329024817468804e-06,3.2257941212883193e-06,5.4913633538849425,Up
CPNE4,-2.1113387060891533,2.1706068584971918e-17,3.449005282728819e-16,15.462306140437416,Down
CPNE5,-2.050595876598578,2.912204026424157e-19,5.71881936884931e-18,17.24269362059809,Down
CPNE6,-5.046434245147209,5.041668522978972e-32,2.716030411790918e-30,29.566065371505292,Down
CPNE7,-3.948200036491336,9.828629056578526e-20,2.0248181823307174e-18,17.69361396798293,Down
CPNE8,-1.7497267490902058,1.931440719283834e-21,4.632698525253654e-20,19.33416596076788,Down
CPNE9,-4.983361780471279,1.3829130658678625e-21,3.356979813386228e-20,19.474051270298407,Down
CPOX,-0.3687437433559495,0.03166114939210143,0.040797444228195166,1.3893670426051685,Not Significant
CPPED1,-0.07100528463772093,0.6386312473262975,0.6695359751862963,0.17422608272196408,Not Significant
CPQ,0.7813819317212953,0.00024108355077826293,0.000432919017921608,3.363593335422709,Not Significant
CPS1,0.8360972039752568,0.002342545789750611,0.0035626217219123877,2.448230288456614,Not Significant
CPSF1,0.32271491380821615,0.02035297357316984,0.0269997176423641,1.5686407775819162,Not Significant
CPSF2,0.3190081751983307,1.3323292521562834e-08,5.7778238855886353e-08,7.2382357000623845,Not Significant
CPSF3,0.9340164965464091,5.299544746592191e-06,1.3059592411245042e-05,4.88407037714283,Not Significant
CPSF4,1.2262321174579434,2.4988578668744674e-14,2.8901830253608935e-13,12.539074653995211,Up
CPSF6,-0.19074863228530248,0.07378924891426505,0.09013615782251803,1.0451009582690614,Not Significant
CPSF7,0.370227334571986,0.0006115559803480414,0.001022711644426655,2.9902467992177204,Not Significant
CPT1A,0.222329444853262,0.197456683747863,0.2260687159990876,0.6457595323427913,Not Significant
CPT1C,-0.6162039649294542,2.195021330888549e-11,1.6211616486342553e-10,9.790173678791389,Not Significant
CPT2,1.227460292495497,1.1190087976402172e-05,2.5707855478740134e-05,4.589934150218075,Up
CPTP,0.025363310565925445,0.8316149555134117,0.8498365857011676,0.07066457634592015,Not Significant
CPVL,3.9432928766903075,1.4074044362287192e-08,6.053882276075199e-08,7.217966028597159,Up
CPXM1,6.938892431644756,7.681830436621814e-11,5.155680201101143e-10,9.287714029100728,Up
CRABP1,-3.833658043317298,4.824261933235277e-09,2.3043914042395534e-08,7.63744375343262,Down
CRABP2,0.14427227243458418,0.40172031868797153,0.43783733533080443,0.35868720796496945,Not Significant
CRADD,0.8034723203183187,6.323414477660826e-07,1.9112534487835334e-06,5.718681717911183,Not Significant
CRAT,0.08277690256721826,0.40316818311741776,0.4393203111654804,0.3572187174649913,Not Significant
CRB2,0.9115454238344185,0.010139952701334193,0.014045082292484622,1.8524757118509918,Not Significant
CRBN,-0.8228028832081868,3.3547706380304046e-07,1.0797431120612874e-06,5.966679557739659,Not Significant
CRCP,0.4416986485086163,9.125416519361558e-06,2.134915142035493e-05,4.670619382502254,Not Significant
CREB1,0.15049591810871377,0.02358099918624901,0.03098004509680132,1.5089179543857956,Not Significant
CREB5,2.0124888320106855,3.0413073501409144e-05,6.444705562751277e-05,4.1907969193336,Up
CREBBP,-0.38352396412904355,0.002962859810030118,0.004433450368000316,2.3532581490520093,Not Significant
CREG1,0.567441212728852,0.0003176424165785605,0.0005593304849873131,3.2523315098314662,Not Significant
CRELD1,-0.9939101171811373,7.0306752807002315e-06,1.6875630873903773e-05,4.772739982649007,Not Significant
CRELD2,0.8659809184558167,3.3822117405972165e-06,8.67644539719286e-06,5.061658161985395,Not Significant
CRH,-6.42159819436777,1.2523865538358556e-07,4.397539959338588e-07,6.356790205527942,Down
CRHBP,-2.336756062407625,1.6514163375172648e-05,3.673298340505393e-05,4.43494379739023,Down
CRIM1,-0.4555958721480273,0.0002502812533156349,0.00044799810694770895,3.348723821144492,Not Significant
CRIP1,2.613487852849543,2.039494678079424e-06,5.510667567929133e-06,5.258795787081692,Up
CRIP2,0.13546490294184466,0.3404631680842264,0.37591253345906367,0.4249131940484454,Not Significant
CRIPT,-0.5234007689695197,7.698934317591427e-07,2.2777039259238715e-06,5.6425027296398325,Not Significant
CRISP3,-1.7423470147409876,0.3158686893915806,0.3506789923882282,0.4550902499814537,Not Significant
CRISPLD1,3.080382188800577,1.8589562095786743e-09,9.628341827915458e-09,8.016448499686769,Up
CRK,0.6208997804035086,2.8879905347691836e-09,1.435768433769003e-08,7.842915599122877,Not Significant
CRKL,-0.1410285080538891,0.01683706014713156,0.02259746122065059,1.6459403502241081,Not Significant
CRLF3,0.2784612585582238,3.633250679733943e-05,7.587348123474241e-05,4.119909989135429,Not Significant
CRLS1,0.7403028292610365,2.8201607993651625e-10,1.699180615598364e-09,8.769760455039942,Not Significant
CRMP1,-0.5202852453473632,0.009001744447619952,0.012557246893654152,1.901105566805454,Not Significant
CRNKL1,0.341104034139164,0.00041753515898928205,0.0007204948940832523,3.1423690925451004,Not Significant
CROCC,0.11116160793391572,0.6702969898934164,0.7001111328342433,0.15483301634885657,Not Significant
CROT,1.426533090045016,1.2535385067152969e-18,2.2728258844552773e-17,16.64343383322208,Up
CRP,-0.7617885201788526,0.6387521080355619,0.6695930006607962,0.1741890947254904,Not Significant
CRTAC1,-2.846438537684149,6.874749190915908e-22,1.7058183090957353e-20,19.76806722847875,Down
CRTAP,0.7504726802690733,4.895952471466849e-05,9.966018427471618e-05,4.001478314140495,Not Significant
CRTC1,-2.5703948079906027,1.0243921927639143e-10,6.740514010387768e-10,9.171306984271304,Down
CRTC2,0.5507906961574207,0.0011272345020659962,0.0018013579273180274,2.7443999848958023,Not Significant
CRTC3,0.4111660348314423,0.018425235500665486,0.02460443033320574,1.6089866857410287,Not Significant
CRY1,1.199127748121743,1.6746685440053584e-11,1.264578741191847e-10,9.89805412337736,Up
CRY2,-1.7220847762478684,2.0310761259289913e-13,2.085664806696038e-12,11.68075548704053,Down
CRYAB,1.3045297201145374,0.0001565208030800504,0.00029065263967344287,3.536625728477748,Up
CRYBB1,0.9595808300728557,0.00918174798026226,0.012797029489922802,1.8928908292468833,Not Significant
CRYBG3,0.7579055378891404,7.397435024745298e-05,0.00014574958036237852,3.8363926869742024,Not Significant
CRYGS,1.365935624912824,0.0006038600930766305,0.0010110165493857363,2.995241735360454,Up
CRYL1,-0.3392834705922638,0.00016084729207613198,0.00029797271430212464,3.5258235029390663,Not Significant
CRYM,-5.721562327780548,1.2272428033735282e-17,2.016842414548927e-16,15.695328033946616,Down
CRYZ,0.449310537317384,0.042871144238656386,0.054215905982955614,1.2658732804873867,Not Significant
CRYZL1,-0.5085957538670378,2.7097757164018546e-09,1.3560993823662336e-08,7.867708481832031,Not Significant
CS,-0.18003371784681832,0.02245216812397086,0.02959350277127861,1.5288036274650747,Not Significant
CSAD,0.34878366894740154,0.1704912149611583,0.19725835529099675,0.7049645922760892,Not Significant
CSDC2,-1.4604898712679404,1.4714709687582921e-05,3.299265199036509e-05,4.481582773921433,Down
CSDE1,0.03193675592556389,0.7456095389340373,0.771256853395779,0.1128009637966339,Not Significant
CSE1L,0.30968785458183135,0.06405470256346867,0.07897283975332069,1.1025222450814893,Not Significant
CSF1,2.421321473455242,1.6740760455140243e-05,3.721236117058314e-05,4.429312772579338,Up
CSF1R,2.3139935981152675,2.6193527834118636e-09,1.3147663149023974e-08,7.881151431331678,Up
CSF2RA,2.0593776329054627,8.765014330719992e-07,2.557901343211854e-06,5.592116210023494,Up
CSK,0.6421464038611262,5.9501110611065797e-05,0.00011909679878717998,3.9240999117980584,Not Significant
CSMD2,0.2157588412616569,0.25421171044995244,0.2862012484435428,0.543328476128447,Not Significant
CSNK1A1,0.9325306430294162,2.8614221376562026e-18,5.013211585173667e-17,16.299883965378125,Not Significant
CSNK1D,0.25256660099092443,0.040957517161167384,0.052004793027678374,1.2839566277201124,Not Significant
CSNK1G1,0.45938368271412244,5.248050486142848e-07,1.6143163541191773e-06,5.792011353514003,Not Significant
CSNK1G2,0.04449601500586908,0.717978717956983,0.7452006598700439,0.12772676921085677,Not Significant
CSNK1G3,-0.6996851899953747,6.245009489029797e-06,1.5130405385398311e-05,4.820149435870865,Not Significant
CSNK2A1,0.4235493020625185,0.00041184093616615736,0.0007118883992686803,3.1475880841449593,Not Significant
CSNK2A2,0.09847182379684227,0.15967587765851213,0.18549063555487214,0.7316780107362789,Not Significant
CSNK2B,0.5669904128199086,1.8339733138792434e-10,1.1439905364717955e-09,8.941577568178552,Not Significant
CSPG4,2.0767916719494828,7.037094013715487e-13,6.6690202346349775e-12,11.175937964875997,Up
CSPG5,-0.4301086407629775,0.05290923284075694,0.06601530983871505,1.1803553340426862,Not Significant
CSPP1,0.0007622996958502881,0.9952899249397852,0.9962788855170306,0.0016190737375697403,Not Significant
CSRP1,-0.4984656278958681,0.0006459019030086015,0.0010761789594764802,2.9681155031579394,Not Significant
CSRP2,2.875302039275235,6.040427500808856e-13,5.823087717047694e-12,11.234846667775736,Up
CST3,0.8680033399969957,0.006072849875675854,0.008694981473501784,2.0607313390165896,Not Significant
CSTA,6.887866182088974,0.0016104526484358973,0.0025052038264890717,2.601156933621768,Up
CSTB,0.9397269890361066,1.9942858596359877e-06,5.402106950785947e-06,5.267436821911549,Not Significant
CSTF1,0.7040536486680402,5.142560871799673e-07,1.5847708235702022e-06,5.800033532976263,Not Significant
CSTF2,0.738183290773442,1.829818607864174e-06,4.9860948486945335e-06,5.302239464325455,Not Significant
CSTF2T,-0.39378799600971703,0.015189696701981132,0.020542489538966025,1.6873469255139095,Not Significant
CSTF3,0.16766780041625395,0.0254894200760483,0.03332214090917604,1.4772671034485645,Not Significant
CTBP1,-0.21231799321687106,0.015478017853378321,0.02089874706539783,1.67987975019971,Not Significant
CTBP2,0.3153097846004975,0.006548359043458718,0.009320006041451147,2.030583806125842,Not Significant
CTBS,0.6663086783370264,0.000797037511095737,0.0013034668647367623,2.884900004499402,Not Significant
CTCF,0.10924511179825913,0.16671364995407753,0.19313170534008475,0.7141464246983003,Not Significant
CTDNEP1,0.11211883282605939,0.4151926436947815,0.4513976573042552,0.3454406991848737,Not Significant
CTDP1,0.598705923972263,3.105217325999311e-05,6.569080080242978e-05,4.182495443841535,Not Significant
CTDSP1,1.7823677191175982,1.2519248317184118e-07,4.397451448651074e-07,6.356798946799286,Up
CTDSP2,1.0968382456886197,3.3599884390012105e-05,7.06508839978098e-05,4.150882399803122,Up
CTDSPL2,0.24887656203378583,0.004021343723442443,0.00591229081581424,2.228244211860002,Not Significant
CTF1,0.9740852220177221,0.0027638747563559505,0.004157574181802276,2.3811599931102543,Not Significant
CTGF,2.947731889922096,1.4152761858019807e-06,3.959314716958943e-06,5.402379975791038,Up
CTH,-0.24541585021609436,0.06990144286447295,0.08568838347733031,1.0670780501146813,Not Significant
CTHRC1,3.028736000371044,3.3594452544820117e-05,7.06508839978098e-05,4.150882399803122,Up
CTIF,-1.782675385568556,1.750203158014808e-15,2.289811248550802e-14,13.640200315516589,Down
CTNNA1,1.427516618130209,2.719740282789212e-12,2.333787360206007e-11,10.631938716626609,Up
CTNNA2,-1.8106613712074129,1.2182369738922946e-17,2.0085956260214364e-16,15.69710748737526,Down
CTNNA3,-2.355437698048515,5.118909737189315e-06,1.2639190365795381e-05,4.898280744956254,Down
CTNNAL1,0.26044569067645185,0.17885665178103372,0.20615582494761256,0.6858043896675408,Not Significant
CTNNB1,0.7719141547469235,3.45983793452332e-06,8.846296282331961e-06,5.053238519225171,Not Significant
CTNNBIP1,-0.701545579842243,0.00018776550118306735,0.0003434186018370045,3.464176184258495,Not Significant
CTNNBL1,0.728606952897259,1.0406778726609348e-09,5.645297028517791e-09,8.248313202640242,Not Significant
CTNND1,0.8631115998255332,3.717031194616029e-09,1.8072090856448784e-08,7.74299159869044,Not Significant
CTNND2,-0.9169774237561441,8.677114651330745e-10,4.779292126708908e-09,8.320636423101243,Not Significant
CTPS1,0.7241478772299104,5.955856943801974e-05,0.0001191644545220677,3.9238532706618057,Not Significant
CTPS2,1.2294020220925184,9.171079360885463e-09,4.133756307899783e-08,7.383655129366664,Up
CTR9,0.32264482732352917,8.05413473122791e-05,0.00015739544768649847,3.803007832797946,Not Significant
CTSA,0.7100390369717893,6.099450779450946e-06,1.4799100951875923e-05,4.829764667273895,Not Significant
CTSB,1.4434373967801086,2.6680549172190654e-14,3.07880701444042e-13,12.511617532659102,Up
CTSC,2.447602033690785,2.7970830125900914e-11,2.030101892567189e-10,9.692482163924645,Up
CTSD,0.8930822873323869,3.7644736853078776e-08,1.4750411476387227e-07,6.831195864470099,Not Significant
CTSF,-0.6115307955894664,1.0706643212413455e-05,2.467598346416224e-05,4.607725529456811,Not Significant
CTSG,1.1117974152576546,0.5809202187081399,0.6142097274628255,0.21168330975883276,Not Significant
CTSH,0.6026617815744544,0.015096977670238442,0.020422579971798315,1.6898893946321394,Not Significant
CTSL,1.8182897614302824,2.176300737800247e-08,8.948172216605314e-08,7.048265666059355,Up
CTSO,1.537451091355063,1.0023277928138814e-07,3.578118421264012e-07,6.446345290138005,Up
CTSS,2.8340570803392513,3.487334056561461e-10,2.075097654211468e-09,8.682961460548402,Up
CTSZ,1.81027713414014,7.020674870441808e-13,6.6624779523012e-12,11.176364215145075,Up
CTTN,0.22451348310185182,0.015706010017868446,0.021192384800429512,1.673820168943274,Not Significant
CTTNBP2,-0.07631929150781502,0.5980401776851723,0.6306559981158197,0.20020746937474304,Not Significant
CTTNBP2NL,0.7111764002825893,7.612382763350946e-23,2.023407492295447e-21,20.693916646228676,Not Significant
CTU1,0.7132678239610826,0.002947876871041834,0.004412616879476291,2.3553037780484636,Not Significant
CTU2,0.3198662874649507,0.0011864923769626847,0.001889161404381553,2.723730935652684,Not Significant
CUEDC1,1.470225081187575,1.816066395221738e-08,7.603928871763836e-08,7.118961954240175,Up
CUEDC2,-0.48281928679701736,8.379874867760944e-05,0.00016331758448021616,3.7869670520570913,Not Significant
CUL1,-0.014163651899810503,0.8644996578208213,0.8799605489428063,0.05553679803222568,Not Significant
CUL2,-0.9512459103561994,2.8026881388820848e-05,5.976773986261245e-05,4.22353316684918,Not Significant
CUL3,-0.3267819854937315,0.019226680871370947,0.025593232438978715,1.591874859022719,Not Significant
CUL4A,0.5197799632336206,1.6849008405693263e-16,2.477911104802247e-15,14.605914278019016,Not Significant
CUL4B,-0.22273453723332537,0.028832533261832195,0.037387474101136006,1.4272738748028218,Not Significant
CUL5,-0.5066436125399676,0.0004465157707964914,0.0007659117784784359,3.115821251681392,Not Significant
CUL7,0.20936830163070397,0.0816805015229362,0.09921019680999027,1.003443688826387,Not Significant
CUL9,-0.31273837061413445,0.020407832386556912,0.027065363804920264,1.567586130870815,Not Significant
CUTA,0.4378422911658859,0.015170871223649811,0.020519784735103144,1.6878271995469283,Not Significant
CUTC,-0.019300850254200697,0.7969119564616384,0.8171916784807151,0.08767606446776818,Not Significant
CUX1,0.3023671289769787,0.0009307016184003045,0.0015071352039486687,2.8218477857112663,Not Significant
CWC15,0.08836765790880463,0.42003454651482663,0.45636626634926264,0.3406864652174902,Not Significant
CWC22,-0.25603177849807324,0.001481522778458223,0.0023182448695539207,2.634840692669502,Not Significant
CWC25,0.3533921814369094,1.06331656562926e-05,2.451785553249981e-05,4.610517518294341,Not Significant
CWC27,-0.14742699692410355,0.020619942643390458,0.02733947120156824,1.563209889785092,Not Significant
CWF19L1,-0.45391077629274434,4.9221523124966395e-05,0.00010011258307306914,3.9995113329527068,Not Significant
CWF19L2,-0.26646690350376545,0.0036091122372395893,0.0053365913221710875,2.272736054329968,Not Significant
CX3CL1,-1.3499692335226747,4.5226273099901875e-11,3.1399688160469436e-10,9.503074665011495,Down
CX3CR1,1.3932285658002108,0.000448908972288796,0.0007694927661795696,3.1137954585135454,Up
CXADR,0.0663325005868245,0.7321055358172452,0.7589247960303487,0.11980125742099082,Not Significant
CXCL12,1.2081800151243858,0.002766054761871794,0.004160232259046947,2.3808824227370224,Up
CXCL14,-0.6710906530320244,0.08577403571883901,0.1037569207290567,0.9839829256115529,Not Significant
CXCL16,2.830480949595593,4.057091874285478e-08,1.5799356238874474e-07,6.80136060846332,Up
CXCL5,0.15882199293573152,0.656571604820773,0.6865582672788527,0.16332259887319334,Not Significant
CXCL8,4.995788064896239,3.9221894124612525e-26,1.3719491715671757e-24,23.862661978218775,Up
CXCR4,4.3916589838181554,5.243502809197583e-07,1.6134101191159576e-06,5.792255223541288,Up
CXXC1,0.49214602701335863,0.0002400326403381059,0.00043141638158181606,3.3651033680524063,Not Significant
CXXC5,0.4785279613802089,9.040242144150101e-05,0.0001753058697982062,3.7562035421019133,Not Significant
CXorf36,0.6231929148426918,0.01575479532657503,0.02125251849490049,1.6725895972076552,Not Significant
CXorf38,0.8922461385099645,1.2723143474845565e-05,2.8900326350754053e-05,4.539097253038213,Not Significant
CXorf56,-0.12038018467780276,0.27348345061947626,0.3065960696127981,0.5134334168541632,Not Significant
CXorf57,-0.17851236859323016,0.5099828483310368,0.5449265182527434,0.26366205711588186,Not Significant
CYB5A,0.5997096711596068,1.0931042657464423e-08,4.846801220567632e-08,7.314544791414201,Not Significant
CYB5B,-0.3152372345497838,0.008359865236608763,0.011718002281006912,1.9311464217894494,Not Significant
CYB5R1,0.5878216273068837,5.510935502627116e-07,1.6889919152256028e-06,5.772372429281159,Not Significant
CYB5R2,0.1136185117377213,0.8205934279271537,0.8396808728225644,0.07588573954041668,Not Significant
CYB5R3,0.40262225621859926,0.012406329516942026,0.01696042387755109,1.7705632979884414,Not Significant
CYB5R4,-0.17145329155665756,0.05138490338047066,0.06424866782361442,1.1921358728659477,Not Significant
CYBA,2.963257391196139,1.2967343148502954e-08,5.650216906488701e-08,7.247934879705701,Up
CYBB,3.20499600889697,1.9892000212975167e-07,6.6953561692453e-07,6.1742263151085055,Up
CYBRD1,0.8552692149639753,0.0005231783312978447,0.0008847571780249266,3.0531759052499603,Not Significant
CYC1,0.21594961393830303,0.11592779107687744,0.1378978117024989,0.8604426255795535,Not Significant
CYCS,-0.9432871758800587,0.0005226475174294122,0.0008841563544221493,3.0534709274548693,Not Significant
CYFIP1,1.4624160324571491,6.37874913515643e-16,8.778622785186595e-15,14.056573612078923,Up
CYFIP2,-2.4874763073399144,3.1473537467627953e-17,4.954131507013812e-16,15.30503246928583,Down
CYGB,-2.4291137258993327,1.333703584854513e-27,5.268913691695829e-26,25.278278915400875,Down
CYHR1,-0.013297929272827247,0.9189326047074059,0.9288909351617908,0.0320352752830288,Not Significant
CYLD,-0.6426684957231714,3.244186886737159e-05,6.845818746751181e-05,4.164574603639255,Not Significant
CYP1B1,0.4561565285084761,0.054833674609770226,0.0682727027584755,1.1657529040934282,Not Significant
CYP20A1,1.222557110593197,7.610489941371808e-07,2.254442319213125e-06,5.646960871809134,Up
CYP27A1,1.1948560023113117,2.641699340418845e-05,5.658617723874005e-05,4.247289644467187,Up
CYP2J2,-1.1612676225330425,1.0066218929834009e-05,2.3349548583731938e-05,4.63172151122161,Down
CYP2S1,0.9976369524482145,0.0031699311581300915,0.004721154122856674,2.325951821722181,Not Significant
CYP2U1,0.2716896195103935,0.02077452263026052,0.027519071791879617,1.5603662187818437,Not Significant
CYP46A1,-2.8702924585949816,3.671769269099748e-20,7.93764026113967e-19,18.100308587482544,Down
CYP4F11,-0.30667429932835866,0.42731611927877666,0.46312884191655684,0.3342981719424754,Not Significant
CYP4V2,0.4263577926105171,0.09158522814502139,0.11028324029798536,0.9574904821123191,Not Significant
CYP4X1,-4.659681557381711,1.197028039116426e-31,6.2481142311185885e-30,29.204251039071384,Down
CYP51A1,0.6636991489417774,0.0005500492284692898,0.0009269314030778898,3.0329524043312976,Not Significant
CYP7B1,-1.8472840976229339,2.5315564817552584e-08,1.0275141014183107e-07,6.9882122092318095,Down
CYR61,2.729889044049603,4.589359484262883e-09,2.20053343381553e-08,7.657472028595566,Up
CYSTM1,-0.03930102878035413,0.7932501759913432,0.8143485450868023,0.089189675197447,Not Significant
CYTH1,-0.12637242095293288,0.3906505915412358,0.426834496657962,0.369740488257006,Not Significant
CYTH2,0.8287366355308947,4.539794991043144e-12,3.751755105805466e-11,10.425765517752579,Not Significant
CYTH3,-0.34228817230335906,1.2769018589584081e-05,2.899145667601308e-05,4.537729962966459,Not Significant
CYTH4,2.4823760081008235,1.7089111767371614e-08,7.180200013609612e-08,7.143863457763677,Up
D2HGDH,0.5267386878021192,0.0020342037519607147,0.0031205373225601097,2.5057706187600814,Not Significant
DAAM1,-0.4487863891415351,0.0006316050326231623,0.0010534419037492942,2.9773894102949097,Not Significant
DAAM2,-1.0124810390141583,0.00014328714022775652,0.00026790546597149574,3.5720184255592327,Down
DAB1,-2.055414712240614,2.4468464674811626e-13,2.479832124085033e-12,11.605577718387998,Down
DAB2,2.449277608380779,2.9459076177515665e-11,2.1273887699805935e-10,9.672153137634199,Up
DAB2IP,-0.783448951547868,1.052659905200267e-05,2.431108639382735e-05,4.61419563332852,Not Significant
DACT3,-1.8046534546486654,1.2124855910320332e-08,5.3132923490160214e-08,7.274636287596489,Down
DAD1,1.0292411129305528,1.63534631555754e-08,6.898072487009765e-08,7.1612722462482825,Up
DAG1,1.2583063142368474,4.594036613215185e-07,1.432827394474606e-06,5.843806123728384,Up
DAGLA,-1.513730511725953,1.0449490887528683e-08,4.651708846706317e-08,7.33238747584942,Down
DAGLB,0.022080894898770964,0.7374726683878424,0.7637026790027883,0.11707568592733807,Not Significant
DALRD3,0.696127096141467,1.5821612070169996e-06,4.379964825361158e-06,5.3585293772157385,Not Significant
DAP,1.4074351502103646,8.933866901423051e-07,2.598896193038863e-06,5.585211067051799,Up
DAP3,0.6588385858200461,7.616159534765615e-11,5.115012743548587e-10,9.291153279948706,Not Significant
DAPK1,-1.1685140311090834,9.471132537909981e-14,1.0150232892223951e-12,11.993523992957922,Down
DAPK2,-0.6349119672003987,0.023112543926255877,0.0304042527439412,1.5170656659290245,Not Significant
DAPK3,0.8079071667982056,1.752065762127481e-08,7.34817255939727e-08,7.133820653575525,Not Significant
DARS,0.8067534032593429,1.507003836483902e-07,5.20986844500303e-07,6.2831732429827385,Not Significant
DARS2,1.0463145806344762,1.4189173900182813e-08,6.100799738388461e-08,7.21461323069361,Up
DAXX,0.8031661813906616,2.9447075310255972e-12,2.509727890655826e-11,10.600373362978255,Not Significant
DAZAP1,0.31052673554149735,0.03528503101146245,0.04522985143268517,1.3445748387867145,Not Significant
DAZAP2,0.5582864119731532,0.0004969529278570201,0.0008438064714700186,3.0737571481732164,Not Significant
DBH,-5.030042878487087,2.0090738529148237e-22,5.189592306221522e-21,20.284866758936317,Down
DBI,1.9719397467886353,1.0085322746331583e-08,4.503525768907109e-08,7.34644734790587,Up
DBN1,0.1932479181778568,0.043396419695031406,0.05484575737143977,1.2608569619167351,Not Significant
DBNDD1,-1.399702932945516,6.868599300466254e-06,1.6533875592090094e-05,4.78162533451229,Down
DBNL,0.6383192424860447,3.7693534374225274e-08,1.4763789474570195e-07,6.830802156288921,Not Significant
DBR1,0.9606007923716788,7.818846725216343e-08,2.8538790547039653e-07,6.544564435912216,Not Significant
DBT,-0.7119383359291227,6.908331390208366e-12,5.5189952755716954e-11,10.258139977703902,Not Significant
DCAF10,-0.1233361437291407,0.07916120405618327,0.09633606784996258,1.0162110842610972,Not Significant
DCAF11,-0.6464773252908493,8.642657596821192e-05,0.00016811379152418748,3.7743966569521903,Not Significant
DCAF13,1.4529218471771852,4.881888094611391e-12,4.01143072309259e-11,10.396700703608166,Up
DCAF15,1.0272208719303961,1.5791404301144742e-08,6.712346283954943e-08,7.173125646736639,Up
DCAF16,0.3880721962360596,0.006426485433608022,0.009153176057990558,2.0384281840622243,Not Significant
DCAF5,0.1912523312112242,0.015867473010373973,0.021387332500201688,1.6698433787143376,Not Significant
DCAF6,-1.2865927674722784,1.6045688829975413e-05,3.579368230141105e-05,4.44619362094721,Down
DCAF7,0.44424511920445653,1.1397971318829086e-18,2.08390495582367e-17,16.681122092523474,Not Significant
DCAF8,0.3051946225844695,0.0024091551850646997,0.003657297970817026,2.4368396549723546,Not Significant
DCAKD,0.5656509617803174,7.46704408744122e-05,0.00014700606241329462,3.832664754922903,Not Significant
DCBLD1,0.34597700257327624,0.0020881032875392815,0.003194465074968978,2.4956018556398916,Not Significant
DCBLD2,1.6349265309059646,4.730004531524166e-13,4.608323563885343e-12,11.336457035427596,Up
DCC,-1.697151804285708,2.2939391842253506e-13,2.33190144721354e-12,11.632289808045,Down
DCHS1,1.6674261598459807,7.715208775801514e-08,2.819115459101359e-07,6.549887136890454,Up
DCK,-0.36032909962405313,0.044349741640516395,0.055987380612351145,1.2519098506370505,Not Significant
DCLK1,-1.442379760549862,1.8814362999959176e-05,4.137434902021147e-05,4.383268826307563,Down
DCLK2,0.780817421512161,1.554039953435986e-08,6.61402555594175e-08,7.179534131348073,Not Significant
DCN,1.443513264977332,2.265648975491821e-10,1.3917163279941832e-09,8.8564492774708,Up
DCP1A,0.3861356555359592,2.2983863817003775e-08,9.404526567526241e-08,7.026663062344979,Not Significant
DCP1B,0.5373585404070536,1.1468265998216211e-06,3.2617535761160393e-06,5.486548852791631,Not Significant
DCP2,-0.23051186689289338,0.09838234486903998,0.11804695049231231,0.9279452275726964,Not Significant
DCPS,0.8832881667146779,8.949630898382178e-12,7.032650676310612e-11,10.15288095419451,Not Significant
DCTD,0.4358745264304744,0.0008507289680197409,0.0013845304723474749,2.858697481358115,Not Significant
DCTN1,-1.1515112906320688,6.84873724728062e-08,2.533756115648365e-07,6.59623519005458,Down
DCTN2,-0.08752898071537629,0.5042260560028324,0.5392328331393348,0.2682236720789776,Not Significant
DCTN3,-0.12943786475491947,0.17996227639225285,0.20735902692160071,0.6832770538282644,Not Significant
DCTN4,0.45483160264460665,0.00034130466811493036,0.0005976539590804465,3.2235501992231437,Not Significant
DCTN5,-0.7184036422676812,4.94443150250951e-07,1.5302673719287497e-06,5.815232681595171,Not Significant
DCTN6,-0.510092841143365,0.0067077077197825455,0.009536190737946567,2.020625070983741,Not Significant
DCTPP1,0.6457156043171537,0.003254165998699327,0.004838026604323645,2.315331747780839,Not Significant
DCUN1D1,-0.7638745508449105,2.0061593100472685e-12,1.7728113060891388e-11,10.75133748723344,Not Significant
DCUN1D2,-0.7284031702670823,5.207207046398363e-05,0.00010535730826554954,3.977335333531767,Not Significant
DCUN1D3,0.4340241139473946,1.3728337372873718e-08,5.9254186244357255e-08,7.227280961797172,Not Significant
DCUN1D4,-0.7703168076319429,1.3409159437585702e-10,8.587658752335559e-10,9.066125221446098,Not Significant
DCUN1D5,-0.44176843985293957,3.548709613832962e-05,7.418489447967058e-05,4.129684516715288,Not Significant
DCX,-0.5526633173100421,0.06271796750485564,0.07745749719797913,1.110936540020573,Not Significant
DCXR,0.0993134907940707,0.3728021910559975,0.4086625976820586,0.3886351087126979,Not Significant
DDA1,-0.26611794418105816,0.011658312114707142,0.01601606930909038,1.7954440604635098,Not Significant
DDAH1,-1.122155282958552,6.008466459052422e-07,1.825370660690413e-06,5.738648934195191,Down
DDAH2,1.8253229494583252,9.622988783020442e-08,3.446213615362529e-07,6.462657806081874,Up
DDB1,0.2576406977720147,0.04009929924083226,0.05096005305312781,1.2927701285402753,Not Significant
DDB2,1.8021366512479045,2.6657932040979175e-05,5.706587492155211e-05,4.243623519838568,Up
DDHD1,-0.5328663797157027,2.3223825077228754e-06,6.192610212493448e-06,5.208126255351442,Not Significant
DDHD2,-1.2067491642407155,2.9585649355360226e-05,6.282584983260939e-05,4.20186162808172,Down
DDI1,-0.05929987637906431,0.9474187562647943,0.9537620216460017,0.020559974959350646,Not Significant
DDI2,-0.2274377517605899,0.007853603663811227,0.011063795736153587,1.956095850928414,Not Significant
DDO,0.965370342465814,1.2617715707175704e-05,2.8680250007691344e-05,4.542417067213179,Not Significant
DDOST,1.515270164875421,3.456930761418496e-07,1.108727172573382e-06,5.955175308695706,Up
DDR1,2.1743288556684526,2.8984371432895367e-09,1.4397857880423467e-08,7.8417021176210175,Up
DDR2,1.6271344179981035,4.2265708325383386e-07,1.3305773302184756e-06,5.875959880142106,Up
DDRGK1,-0.00021326057024495526,0.9972185735296044,0.9981102741914788,0.0008214739158734074,Not Significant
DDT,0.38972616457130727,0.04149216890554164,0.0526372131412198,1.2787071123543865,Not Significant
DDX1,-0.4393339604681792,0.04128712091368026,0.05240348445060034,1.280639834631615,Not Significant
DDX10,-0.1571153201476463,0.05137139461464917,0.06423975041558785,1.1921961550479236,Not Significant
DDX17,0.4560251703121416,0.0034062977096893645,0.005052273723116999,2.2965131281842113,Not Significant
DDX18,0.644895412405063,2.983026152868657e-05,6.32919238921627e-05,4.198651702823621,Not Significant
DDX19A,0.41890888994620923,4.70498757987746e-06,1.1709003181740498e-05,4.931480075986265,Not Significant
DDX19B,0.5978037640864517,7.181728237941055e-05,0.00014186025542944742,3.848139262508779,Not Significant
DDX20,0.7153222784400981,7.069129604254112e-06,1.6946961068277126e-05,4.770908168233976,Not Significant
DDX21,0.6287133468137078,4.212089789404274e-10,2.4442737637360974e-09,8.611850153821672,Not Significant
DDX23,0.857037028182404,1.6004566500195366e-16,2.3571637854235106e-15,14.627610239862461,Not Significant
DDX24,-0.9438279406895091,0.00021595220876534493,0.0003912774372485764,3.407515194677795,Not Significant
DDX25,-3.0559859118119395,7.888087427686603e-26,2.6846146198146902e-24,23.571118049070694,Down
DDX27,0.6203563416566986,7.342066657446008e-06,1.75353199400453e-05,4.7560863058059395,Not Significant
DDX28,0.6143017811844462,0.0018590121137760317,0.0028652205142148898,2.542841948069596,Not Significant
DDX31,1.4561139110079253,8.814115253011825e-08,3.189417997803201e-07,6.496288559388859,Up
DDX39A,2.26091219259866,8.381388634271944e-12,6.617093189784919e-11,10.17933274906135,Up
DDX39B,1.0282615850850476,0.0006255901394263833,0.0010446204317224243,2.9810414840537574,Up
DDX3X,0.546829095697948,0.00017198925421219144,0.00031698129288942856,3.4989663675444733,Not Significant
DDX3Y,-0.6841399553549365,0.7160985408589221,0.7434789962499001,0.12873129606148215,Not Significant
DDX41,0.5697751312876314,8.558866123479312e-06,2.020670666227574e-05,4.694504463077941,Not Significant
DDX42,0.08993843763943943,0.2267059301901757,0.25727560445373776,0.5896013927769235,Not Significant
DDX46,0.29489131547405734,0.0007203277323449648,0.0011874622116909142,2.925380201926455,Not Significant
DDX47,1.4384826865109872,0.00026327890400743996,0.0004696102081836879,3.328262471152136,Up
DDX49,0.9670515679085732,2.9028193491214305e-07,9.476021426782013e-07,6.023373965939704,Not Significant
DDX5,0.8406873993177477,3.797729909231927e-06,9.632006824169797e-06,5.016283218393327,Not Significant
DDX50,-0.17982321689411762,0.0632770445131583,0.07810966136816036,1.1072952450039382,Not Significant
DDX51,-0.644365887276205,9.446805388094532e-05,0.00018259232056727612,3.7385174918914754,Not Significant
DDX52,0.42973564727543945,4.606274606007966e-06,1.1491731149312593e-05,4.9396145429425165,Not Significant
DDX54,0.9083558888939649,8.91458361822926e-07,2.594785188386061e-06,5.585898589784728,Not Significant
DDX55,0.6949671338951795,9.639856526748452e-06,2.243805791369314e-05,4.6490147353778415,Not Significant
DDX56,1.0777716887614055,4.1377335738215635e-11,2.9010642634599883e-10,9.53744265073648,Up
DDX58,1.2681381892793802,3.9323206949570044e-06,9.938333838684612e-06,5.002686418954597,Up
DDX59,0.9774256969510233,6.242029351261395e-08,2.33675970585683e-07,6.631385944769062,Not Significant
DDX6,-0.593014063933488,3.989459506196244e-05,8.254223673325316e-05,4.083323766767693,Not Significant
DDX60,1.969137835279131,8.753979994006654e-06,2.0604578144771736e-05,4.68603627273237,Up
DDX60L,2.589696836111818,4.903303487118019e-07,1.5194057006836949e-06,5.818326248491937,Up
DECR1,0.585162511324544,0.00023197664288738737,0.00041813073903158713,3.378687903960999,Not Significant
DECR2,0.9992839728723855,4.885835787632414e-09,2.3293852212309006e-08,7.6327586842344965,Not Significant
DEF6,2.043521180585376,1.4703233323598107e-08,6.297634885286026e-08,7.200822521835715,Up
DEF8,-0.5059045492503742,0.00019578135706283447,0.0003567838985258673,3.4475947533406295,Not Significant
DEFA1B,0.3025334111102034,0.08326278125530978,0.1009859449032014,0.995739066571215,Not Significant
DEFA3,-0.3793334995113433,0.8772272909730322,0.8912947785438554,0.04997863768876074,Not Significant
DEFA4,0.25247585388632476,0.9039852414508511,0.9153429814429465,0.038416144143744564,Not Significant
DEGS1,0.7494592683669481,0.00020400076052227422,0.00037062284247094503,3.4310678174689047,Not Significant
DEK,0.6238444951412276,1.61452793715623e-11,1.226602898862131e-10,9.91129601326801,Not Significant
DENND1A,-1.1102945387199519,7.951468648480745e-07,2.3442521265670186e-06,5.629995681353468,Down
DENND1B,-0.23528807289436315,0.010440655919650208,0.014437771823549238,1.840499826115733,Not Significant
DENND1C,1.2638193213957951,3.8373350124342916e-05,7.964011725435322e-05,4.098868109231254,Up
DENND2A,1.8012043998259202,2.571387975477531e-16,3.695315615543602e-15,14.43234846275352,Up
DENND3,-0.1766349417422255,0.31890059332468496,0.3536552815007569,0.45141985176361377,Not Significant
DENND4A,-0.7133148972708305,1.2082476658349757e-08,5.299036563178731e-08,7.275803083857631,Not Significant
DENND4B,-0.7425818306535561,0.00011592790546133741,0.00022068362048705838,3.6562298997158686,Not Significant
DENND4C,0.5344992156062816,0.0003172026591554716,0.0005587514580052843,3.252781330611106,Not Significant
DENND5A,0.6248198509521501,5.67687918723256e-08,2.145119314785477e-07,6.668548546690528,Not Significant
DENND5B,-1.3322638218783496,2.1617480318739403e-11,1.5989316940600642e-10,9.796170088803123,Down
DENND6A,0.33549543152472694,0.0016733086262054754,0.002594967841809415,2.585868019785179,Not Significant
DENR,-0.13154994315292257,0.2376109842704577,0.2687429050792176,0.5706629924739887,Not Significant
DEPDC5,-0.4245657829023344,7.959641285283572e-08,2.9000154180089226e-07,6.537599693156769,Not Significant
DEPTOR,-1.1999458436022756,1.821208150428416e-08,7.619124130986654e-08,7.118094950831321,Down
DERA,1.4552379836811795,3.912817700371252e-12,3.265760191676884e-11,10.486015709144722,Up
DERL1,0.6020387844930042,1.8530851480310554e-06,5.039951344833923e-06,5.2975736561679945,Not Significant
DERL2,0.8853262969178513,1.0541984665314272e-11,8.226177654405575e-11,10.084801915603054,Not Significant
DES,1.7174115590515786,0.01108464476867848,0.015263355850145845,1.8163499705114534,Up
DESI1,-0.7411286814538762,5.193152966113655e-09,2.4572955838717218e-08,7.609542599839257,Not Significant
DET1,0.28300981103151734,2.296485802761939e-05,4.96881399850167e-05,4.303747260235001,Not Significant
DFFA,0.4830101707726122,0.00012961755511314095,0.00024457150219325374,3.611594148940159,Not Significant
DFFB,-0.371580243929408,0.04807649296780861,0.060321657760331784,1.219526731689486,Not Significant
DGAT1,0.10887669328663208,0.2686802577203008,0.30153949561564936,0.5206557959465314,Not Significant
DGCR2,-0.44853322929234096,7.987468303019522e-05,0.00015618353199654245,3.8063647600878356,Not Significant
DGCR8,0.7684574522823056,3.0365283979250923e-05,6.435932480685331e-05,4.1913885207289425,Not Significant
DGKA,-0.24317586491853938,0.08930966055032376,0.1077491641178397,0.9675860902662361,Not Significant
DGKB,-3.3882879036706193,6.59737159292266e-13,6.293742559384742e-12,11.201091025535485,Down
DGKD,0.7430732297424854,4.712188136711823e-06,1.1724026497711758e-05,4.930923208674663,Not Significant
DGKE,-3.714687860824764,4.891097222805325e-16,6.8150640971702415e-15,14.166530055175393,Down
DGKG,-0.3959918370475748,0.04487189005859777,0.05657156071204225,1.2474018396566577,Not Significant
DGKH,-0.8784855951883159,3.0008507269281256e-08,1.2005786426955496e-07,6.920609386652285,Not Significant
DGKI,-2.4245232144161672,8.74878330995334e-14,9.406109185108853e-13,12.026589984316809,Down
DGKQ,-0.8620837848976493,2.3651687400121525e-07,7.835156161421383e-07,6.105952343245457,Not Significant
DGKZ,-2.2262374556731324,4.424911206398343e-12,3.668852303971762e-11,10.435469771171594,Down
DGUOK,0.48831275846393396,0.00047583103636795836,0.0008120484262867715,3.090418070953388,Not Significant
DHCR24,-1.5746426025871862,1.6887810057230308e-07,5.765089749797972e-07,6.239193927304475,Down
DHCR7,0.36682991346046023,0.06960576478771179,0.08534669845075567,1.0688132744596353,Not Significant
DHFR,1.4959452496148877,7.339052284550934e-06,1.7532277143601163e-05,4.756161672801026,Up
DHODH,1.3255706745206108,2.968153899691026e-11,2.1405781269852522e-10,9.66946891662697,Up
DHPS,0.4032224715979602,0.00019428319244099018,0.000354374231513767,3.450537865561092,Not Significant
DHRS1,0.9123619694168781,7.330417954371528e-07,2.1842541984687096e-06,5.660696820835366,Not Significant
DHRS11,-0.9976987283019607,1.0540107223847347e-08,4.689975272660697e-08,7.328829447045114,Not Significant
DHRS13,1.2786299120389746,1.062311915463814e-11,8.283072938376519e-11,10.081808514350966,Up
DHRS3,1.5505238644988886,1.8357611865974247e-14,2.1604507235727167e-13,12.665455634802651,Up
DHRS4,0.9554557466795508,1.1066580659748881e-07,3.92137648843863e-07,6.406561459408016,Not Significant
DHRS7,0.27575024816791327,0.05549797654898003,0.06906521576559538,1.1607406270771765,Not Significant
DHRS7B,0.5080837754197063,5.021730673009084e-06,1.2408367623226271e-05,4.906285348143074,Not Significant
DHRSX,1.373759806397615,1.6300768003273024e-06,4.4879458011744315e-06,5.347952396491868,Up
DHTKD1,0.21553060089153675,0.03544166840567303,0.04541330037124779,1.342816934986574,Not Significant
DHX15,0.92696478010674,7.134982761860483e-08,2.6261533190713376e-07,6.580679922693254,Not Significant
DHX16,0.6941838805340161,5.521487598575416e-10,3.1390217871359335e-09,8.503205669964158,Not Significant
DHX29,0.16890378069415846,0.0029170756757486223,0.004371707878234398,2.359348865731812,Not Significant
DHX30,-0.021999374891244372,0.7501987748992959,0.7754465891992106,0.11044810992630145,Not Significant
DHX32,0.46007270496716046,5.513226157472992e-10,3.1360948791859363e-09,8.503610806675233,Not Significant
DHX33,0.14369275374138013,0.006700865714525294,0.009529153191435321,2.020945691242794,Not Significant
DHX34,0.6569238106749857,0.008689784691320156,0.012158457080605452,1.915121533936166,Not Significant
DHX35,0.5323402697711828,9.83886698551012e-08,3.516025044768675e-07,6.453948040092549,Not Significant
DHX36,0.013775932313059513,0.8865570652293238,0.8996852901299696,0.045909380185041614,Not Significant
DHX37,0.6892910446041256,3.871950437427541e-06,9.805437080604586e-06,5.008533042744389,Not Significant
DHX38,0.5269819548608794,7.966861160452367e-17,1.214193030717052e-15,14.915712264240053,Not Significant
DHX40,1.0707405071888765,6.807885700212893e-08,2.5214206082332607e-07,6.598354701884789,Up
DHX57,0.17119746690182325,0.03438851925809978,0.044131202930713015,1.3552542343690197,Not Significant
DHX58,0.9287909234543221,8.641453798131932e-07,2.527700509941379e-06,5.59727438394381,Not Significant
DHX8,0.5032681161685097,3.1881270723790764e-20,6.93675855877901e-19,18.15884342131635,Not Significant
DHX9,0.815468073260373,2.4606958135299897e-06,6.514861925230254e-06,5.186094784210189,Not Significant
DIABLO,0.6978062109384915,7.38680452794544e-08,2.7128935039927943e-07,6.566567254353427,Not Significant
DIAPH1,0.026005429335441477,0.8202098938665986,0.8393736764335752,0.07604465480394561,Not Significant
DIAPH2,0.3098179476477192,0.0025073325134671517,0.003797183965825028,2.420538361667879,Not Significant
DICER1,0.32259767316836374,0.0026451160159088384,0.00399144678613925,2.3988696563566374,Not Significant
DIDO1,0.5156571091344873,0.0007305961956436407,0.001203208447754461,2.919659127550083,Not Significant
DIMT1,0.7996565989685571,5.047977922968833e-16,7.014252358067315e-15,14.154018613170152,Not Significant
DIP2A,0.4227066936267079,0.008308342932390097,0.01164740421665709,1.933770852319821,Not Significant
DIP2B,0.2003598928875654,0.2063597358654614,0.23559247270043723,0.6278385895932862,Not Significant
DIP2C,-0.9407628560758461,2.19493948575908e-11,1.6211616486342553e-10,9.790173678791389,Not Significant
DIRAS1,-2.1771879151928175,1.6236120401847065e-09,8.484851548659452e-09,8.07135575171543,Down
DIRAS2,-4.325112584547785,7.161483505897383e-18,1.2064345290704054e-16,15.91849624145926,Down
DIS3,-0.01666838639386725,0.7798995462932863,0.8022779566382687,0.09567514029392685,Not Significant
DIS3L,0.06895617457190895,0.31655524323343814,0.35132505457019453,0.45429087761024034,Not Significant
DIS3L2,-0.033110712922297836,0.8185257502558526,0.8379906918777905,0.07676080534175639,Not Significant
DISC1,1.9249004895810131,2.351013313952381e-12,2.04879828068826e-11,10.68850079899097,Up
DISP2,-3.7113843362539427,5.149867648255454e-46,3.0517509816779673e-43,42.51545090705247,Down
DIXDC1,-0.9396949673765214,2.61871897446631e-07,8.618417167191639e-07,6.064572488081891,Not Significant
DKC1,1.1211179519457914,8.201485262298237e-11,5.457183786815881e-10,9.26303141981848,Up
DKK3,-1.3770581246528444,2.571310646474744e-09,1.2938752973319966e-08,7.888107578605762,Down
DLAT,-0.4571375831749158,0.008519085997539167,0.011931220956375582,1.9233151114441267,Not Significant
DLC1,0.0750389517795611,0.6350221174952707,0.6660758213119659,0.1764763310351975,Not Significant
DLD,-0.06754632579462694,0.6423709523054459,0.6731064045688644,0.1719162771364884,Not Significant
DLG1,-0.7385273193100304,6.38757995033554e-08,2.3823946841792012e-07,6.622986288629095,Not Significant
DLG2,-3.268889640905078,7.46421617223523e-20,1.5536056553532583e-18,17.808659206537357,Down
DLG3,-1.963005435526508,1.263554174080801e-07,4.4336623997526955e-07,6.353237379220278,Down
DLG4,-2.8164457899595696,8.39254651458568e-15,1.0210931592745912e-13,12.990934633316398,Down
DLG5,0.6976283831452896,3.657511229152094e-05,7.631683538210065e-05,4.1173796467497965,Not Significant
DLGAP1,-3.6613736314385257,2.3253071165002438e-26,8.396108921728838e-25,24.0759219360021,Down
DLGAP2,-6.152718565535519,1.2539427973159863e-40,1.973784334400195e-38,37.70470030227264,Down
DLGAP3,-5.038090797011936,9.08510472571257e-27,3.3648288605451627e-25,24.473037019645343,Down
DLGAP4,-0.7582600752036583,0.00035728446955076435,0.0006228212054428794,3.2056366092541277,Not Significant
DLGAP5,10.184080724483007,0.00016541485825844436,0.0003058156142586839,3.5145403442563787,Up
DLL3,1.4340646133639883,7.709474056335287e-06,1.8364918809061643e-05,4.736010987321652,Up
DLST,0.43216953919611356,5.262270973413006e-05,0.00010634326536843054,3.9732900084029006,Not Significant
DMAP1,0.31039676170098573,0.0017602385692362674,0.002721400145255703,2.5652075963680496,Not Significant
DMD,-0.8978689671427666,9.347098566097271e-08,3.3629525341022827e-07,6.473279262427539,Not Significant
DMRTA2,4.234689000063987,9.114161202036637e-07,2.6467587186312214e-06,5.577285647645821,Up
DMTF1,0.9215663865489958,0.00015539227150374136,0.00028876992125598423,3.539448045565204,Not Significant
DMTN,-4.365666077850854,3.7593632305689203e-59,3.787182518475131e-55,54.42168376410112,Down
DMWD,-0.050436476162239785,0.7047876181310013,0.7325660818253928,0.13515319325689165,Not Significant
DMXL1,-0.46901944720060484,4.814940299259224e-05,9.813010029281291e-05,4.008197757289127,Not Significant
DMXL2,-0.808421729306243,0.00012775860799312555,0.00024142566440119053,3.6172165647466534,Not Significant
DNAAF2,0.1731530900910645,0.0662141379684904,0.08149556822169485,1.0888660078145644,Not Significant
DNAAF5,1.2114578234444,2.372131749346505e-06,6.306902940859512e-06,5.200183852465294,Up
DNAJA1,-0.626602004359107,0.00022759165773076205,0.00041088859497844025,3.3862759132688436,Not Significant
DNAJA2,-0.476491851531911,0.028032878279217077,0.036425024607872156,1.4386001461589475,Not Significant
DNAJA3,0.0964488790750444,0.190362327242295,0.2186172007112266,0.660315670931203,Not Significant
DNAJA4,-2.1523530657531857,4.287967206786772e-37,4.153555927035571e-35,34.38157993744639,Down
DNAJB1,1.135473805352838,4.860010801493372e-06,1.2053113937529351e-05,4.918900738053577,Up
DNAJB11,1.316776567891214,4.744816660897743e-13,4.618288216607137e-12,11.335518967266356,Up
DNAJB12,-0.13114847366630755,0.01481653673514144,0.02005667711231052,1.6977410170446443,Not Significant
DNAJB14,-1.5158779770459994,2.620959048677239e-06,6.904691803445216e-06,5.160855701741432,Down
DNAJB2,-0.9351405607004821,3.111783515980096e-11,2.2311820028458e-10,9.651465001832847,Not Significant
DNAJB4,-1.1969950234067248,5.158165120223449e-11,3.5518356405421065e-10,9.449547139193305,Down
DNAJB5,1.404457123541949,0.00016024752618363074,0.00029697085702242386,3.527286167704172,Up
DNAJB6,0.2834065637812735,0.00043031529741402463,0.0007400130259728378,3.1307606355955975,Not Significant
DNAJB9,-0.1447019785222743,0.3215410027256174,0.356230513742205,0.44826888278888266,Not Significant
DNAJC1,-0.074815807758835,0.4950686698282507,0.5302277035774822,0.275537584795098,Not Significant
DNAJC10,0.3993675275769597,0.00031929044487065243,0.0005620359849077323,3.25023587740861,Not Significant
DNAJC11,-0.2190463518414063,1.6930072629899635e-05,3.75668616021165e-05,4.4251950851020245,Not Significant
DNAJC12,-2.1510133532510007,6.078725183778068e-09,2.8416277262821463e-08,7.546432818390023,Down
DNAJC13,0.385727899398276,1.654519915344606e-05,3.679389321673633e-05,4.434224256390425,Not Significant
DNAJC14,0.3983455222345178,0.00024714023370770534,0.00044292665261900436,3.3536681857412156,Not Significant
DNAJC16,-0.36818163918265867,0.0009577111058963495,0.0015478873224450225,2.8102606567160615,Not Significant
DNAJC17,0.056669630780422864,0.6482152105626877,0.6783835478089046,0.16852469315471647,Not Significant
DNAJC19,-0.29628781945044835,0.02572956480045827,0.03361426997792979,1.4734763161510236,Not Significant
DNAJC2,0.9187507559112298,8.982720306219314e-21,2.051971074032956e-19,18.68782876562475,Not Significant
DNAJC21,-0.5645620646783058,2.0192041102588987e-08,8.398621885527723e-08,7.075791970677649,Not Significant
DNAJC24,0.2145840027011321,1.2663765750348292e-05,2.877842909294128e-05,4.540932916267628,Not Significant
DNAJC25,0.061597629530439235,0.49725524104455215,0.5323431772882911,0.27380830764356473,Not Significant
DNAJC25-GNG10,1.4309771814193846,3.492905963905058e-05,7.313975198582323e-05,4.135846516671902,Up
DNAJC3,0.6469504499906833,3.7662550277674175e-10,2.2110287383291937e-09,8.655405612547167,Not Significant
DNAJC30,-0.10228643898410894,0.19404093212881723,0.22246140323952485,0.6527453276679184,Not Significant
DNAJC5,-1.066579951835653,1.789072099048684e-07,6.08477796280096e-07,6.215755264811022,Down
DNAJC6,-3.032341772091545,6.722573353592488e-09,3.1180935924887354e-08,7.506110853197409,Down
DNAJC7,-0.19323332891192635,0.00458680645511365,0.006680278766635088,2.1752054141284547,Not Significant
DNAJC8,0.13615264634574942,0.2994142132065097,0.333476924692358,0.4769342121986851,Not Significant
DNAJC9,-0.36136186520303326,0.012326556703166014,0.016862809916851497,1.7730700554702779,Not Significant
DNAL1,-1.1939954292604682,3.081359216552233e-08,1.230345332839762e-07,6.909972973847483,Down
DNAL4,-0.4945956598645651,0.0005158921328364766,0.0008739023618958577,3.0585370868834154,Not Significant
DNALI1,1.599197879265562,4.896205145675114e-09,2.3332247226835902e-08,7.6320434304641305,Up
DNASE1L1,0.16316739134424907,0.1265017078654985,0.14941707175953006,0.8255997790441252,Not Significant
DNASE2,1.7974342578104263,8.476380233228873e-14,9.14251118517641e-13,12.038934499662883,Up
DNER,-0.018455922427911275,0.9244349553045343,0.9338906678437504,0.029703964381753392,Not Significant
DNLZ,0.5916603541372005,0.0277541931696772,0.03607221545495137,1.442827183705671,Not Significant
DNM1,-3.390390015895033,5.091789941823026e-19,9.569905200359172e-18,17.01909236433024,Down
DNM1L,-0.9451141458751025,0.0006283499876171613,0.0010490549842981907,2.97920174845898,Not Significant
DNM2,1.0055879384004456,0.00011491358456440258,0.0002188354349530797,3.659882353460305,Up
DNM3,-2.617222555253953,1.2428055832592866e-13,1.3109972194506864e-12,11.882398229422428,Down
DNMBP,0.7738964890203928,7.552336538813784e-05,0.0001485691042609062,3.828071495044237,Not Significant
DNMT1,1.1247063155257209,6.754805788890781e-09,3.128639701944171e-08,7.504644447869177,Up
DNMT3A,0.20767180216546066,0.21197371999868878,0.24172778529169014,0.6166734269389998,Not Significant
DNPEP,0.9576580712027649,1.4087474666628549e-05,3.1727525104318354e-05,4.498563803583727,Not Significant
DNPH1,0.8112062481185447,3.6650851079980894e-05,7.645903370878599e-05,4.116571194907024,Not Significant
DNTTIP1,0.9811018508979856,4.882860851651854e-09,2.329069139182802e-08,7.632817619099543,Not Significant
DNTTIP2,0.09680856916157055,0.4229876510725127,0.4591786203560876,0.3380183411621996,Not Significant
DOC2A,-4.074627394856202,1.7006945724310022e-32,9.79016978438281e-31,30.009209776452103,Down
DOCK1,0.07146724080744704,0.6447828182516481,0.6751420965665839,0.17060481196882754,Not Significant
DOCK10,0.858801937484273,0.0012664007362098825,0.0020068776178351986,2.6974791105814733,Not Significant
DOCK11,1.459072294628113,5.686056331604633e-17,8.798975650473897e-16,15.055567884127203,Up
DOCK2,2.4627924825703644,1.6172686925624175e-10,1.0221056969180549e-09,8.99050419107536,Up
DOCK3,-2.9522750845652403,1.5111011420106085e-26,5.495607546792372e-25,24.259984288748377,Down
DOCK4,0.031254260263580136,0.5533704384897759,0.5879196158348452,0.23068204940998047,Not Significant
DOCK5,-0.6244499408625934,0.07626010011362462,0.09304157061216597,1.0313229669980128,Not Significant
DOCK6,1.1419904965424976,0.0019860038600904573,0.0030503129877346036,2.5156555961049905,Up
DOCK7,1.1242138244740367,6.887959028936082e-05,0.00013643196865415275,3.8650838541418384,Up
DOCK8,2.115998178242428,3.553021184695233e-06,9.06625332177014e-06,5.042572150409703,Up
DOCK9,-1.6519893876070348,9.895549854512261e-17,1.4990641990128802e-15,14.824179767632037,Down
DOHH,-0.3741410822228559,0.018998125218334678,0.02531575574728883,1.596609103158511,Not Significant
DOK1,2.395761343490607,8.242449445001246e-10,4.5652409220643204e-09,8.340536298444643,Up
DOK2,4.069160166682886,4.485737388140733e-05,9.186688035806006e-05,4.036841031271247,Up
DOK3,1.4893606212498955,0.0008172795188960591,0.001333323704187676,2.875064399816644,Up
DOLPP1,0.6303527757044627,1.5047993078648296e-06,4.185352906524101e-06,5.378267916668514,Not Significant
DPAGT1,0.7686032027597172,3.515532505343293e-05,7.356766609644441e-05,4.133313021550451,Not Significant
DPCD,-0.532470026731918,0.0001348324159922192,0.0002535091001690213,3.5960064462625794,Not Significant
DPEP1,4.927047315181241,2.616711930900226e-11,1.9101997095571652e-10,9.718921225304843,Up
DPF1,-1.4606061520946554,1.5600952550772052e-18,2.801497254839174e-17,16.552609798757285,Down
DPF2,0.5927976604079177,1.6029309842873782e-05,3.5765064752405424e-05,4.446540984331646,Not Significant
DPF3,1.8253426590975916,4.751915241886929e-09,2.274146990345317e-08,7.6431814679540215,Up
DPH1,-0.4213691276229632,0.0041775525411406516,0.006125860887838562,2.2128328698099002,Not Significant
DPH2,0.668721158424777,3.850214507712848e-09,1.8687277858255974e-08,7.728453956900434,Not Significant
DPH3,0.11498211382530954,0.18954408627617872,0.2177519814284667,0.6620378844510262,Not Significant
DPH5,0.943362611064984,4.3735808997921385e-08,1.6900442648448792e-07,6.772101920400457,Not Significant
DPH6,0.7313950762909176,0.0005727455685010473,0.0009621208699482324,3.016770364704302,Not Significant
DPH7,0.7099231218846214,0.001606934471064576,0.0025001170442478056,2.602039659135528,Not Significant
DPM1,0.2109753646405359,0.13139215690203807,0.15479412801206074,0.8102455179446543,Not Significant
DPM3,1.2734294992669213,3.625013788313704e-07,1.1560524572706375e-06,5.937022458833926,Up
DPP10,-4.302039347171819,1.6681874065265163e-24,5.1079999797410717e-23,22.291749113131086,Down
DPP3,1.4438064017651762,1.718963513834218e-08,7.218356998068325e-08,7.141561642856021,Up
DPP4,1.1489300789214365,7.921006918185746e-05,0.00015500431952953226,3.8096561991090545,Up
DPP6,-1.1009473357795514,4.140610178809414e-06,1.042031150170523e-05,4.982119298171849,Down
DPP7,0.49591780474257163,6.218228687501344e-05,0.00012404442732255158,3.906422741568537,Not Significant
DPP8,-0.8231364338828335,0.00020850514599925676,0.0003782605511969229,3.422208948928858,Not Significant
DPP9,0.6676510858137128,0.00041783722224949767,0.0007208926489024559,3.1421294030481906,Not Significant
DPT,-2.4271351132792756,3.7329129553522944e-13,3.686800501197943e-12,11.433350362142455,Down
DPY19L1,0.6179168675000106,2.0504831615631375e-05,4.475962593626663e-05,4.34911355160066,Not Significant
DPY19L3,1.18858954819623,1.0123720742964024e-05,2.3466719458034878e-05,4.629547618575812,Up
DPY19L4,0.581231537043081,5.735493666468552e-10,3.25517539132418e-09,8.487425606348587,Not Significant
DPY30,0.03591157481191232,0.7248584371215722,0.7519538559945133,0.12380880927780982,Not Significant
DPYD,1.3849480316504383,2.3969359394164852e-11,1.7612496465121567e-10,9.754179081046724,Up
DPYS,-2.5455096107735713,6.340567337218784e-13,6.060234853429035e-12,11.217510545211283,Down
DPYSL2,-0.8081974681511177,6.72946826267753e-11,4.559022412791757e-10,9.34112827274038,Not Significant
DPYSL3,2.3371154204338573,6.34549389106914e-30,2.9594678453069686e-28,27.52878637428703,Up
DPYSL4,-1.1792505965575018,7.114724406121869e-13,6.729928043875277e-12,11.17198957921064,Down
DPYSL5,0.6861093532133822,0.00013776033481239323,0.0002586279561871132,3.5873245321950797,Not Significant
DR1,-0.09790632649162134,0.36809691718090665,0.4039882714544562,0.39363124309867414,Not Significant
DRAP1,0.2271171738687343,0.09119217164694161,0.10986246557896313,0.9591506585886198,Not Significant
DRAXIN,3.501590897817591,8.989231994014839e-15,1.0897415536426654e-13,12.962676488422321,Up
DRG1,-0.11423215630360062,0.483868988512199,0.518728976297956,0.28505949155755717,Not Significant
DRG2,0.35110338933579754,0.00045221768824620784,0.0007745054388630224,3.110975528117939,Not Significant
DROSHA,-0.1046038273486829,0.05030028461216414,0.06299416548768542,1.2006996729883832,Not Significant
DSC2,0.6762926586206532,0.015388844783818637,0.020792277675991008,1.6820979335673842,Not Significant
DSCC1,1.2846338881304042,5.48044782098668e-05,0.0001104863545099456,3.9566913557071084,Up
DSG2,1.856579215578531,8.202240636958408e-05,0.0001601034144094536,3.7955994060983604,Up
DSN1,0.9032313758568762,2.5941116137789376e-05,5.5673371106112095e-05,4.254352480714686,Not Significant
DSP,0.15956162765631277,0.5581517920852687,0.5924995946751314,0.22731194241560373,Not Significant
DST,0.17007237373369222,0.20029591077808795,0.22908503691853518,0.6400032765719921,Not Significant
DSTN,-0.7206146305719443,0.012159682676036843,0.016661676180412834,1.7782813102950048,Not Significant
DSTYK,-1.2461213431204534,7.942084425382975e-07,2.3421709163146394e-06,5.630381416136451,Down
DTD1,0.3276038077577361,0.07368862533693303,0.09002415857922184,1.045640929119228,Not Significant
DTD2,0.20969587283599367,0.06586030008095475,0.0810997021165552,1.090980740972246,Not Significant
DTL,5.020364468688605,5.338634674982394e-09,2.5202158254813792e-08,7.598562265646228,Up
DTNA,0.08101066333827589,0.7017376125111806,0.7297723452500912,0.13681259826493922,Not Significant
DTNB,-1.3723060587709508,5.502998040717407e-12,4.492479924002201e-11,10.347513854990172,Down
DTNBP1,-0.6856573188505806,1.3081011058592457e-08,5.694818729656889e-08,7.244520095283329,Not Significant
DTWD1,-0.7030944877101106,0.000803079425548545,0.001312069758834908,2.882043074204505,Not Significant
DTWD2,-0.5333680761035478,2.014388744942983e-05,4.403852477551131e-05,4.356167237669991,Not Significant
DTX1,-0.7586655867659644,0.0004978797653347513,0.000845237741149694,3.0730211192781356,Not Significant
DTX3,-0.3858116700326626,0.0004981621051813502,0.0008455745657282093,3.0728480887682927,Not Significant
DTX3L,2.342658500565115,1.7735198393872103e-05,3.920658078118665e-05,4.406641031013044,Up
DTYMK,2.0836354885888095,3.558396744090028e-10,2.107424385653318e-09,8.676247998901388,Up
DUS1L,0.5114845881483774,0.00018434710331927077,0.00033777968694767796,3.471366471140938,Not Significant
DUS2,0.3832619018991057,9.739358761144109e-08,3.482935752920332e-07,6.458054536569476,Not Significant
DUS3L,1.3316952184791724,2.319627982134571e-09,1.1742679543730486e-08,7.930232790799361,Up
DUS4L,0.6457566793603515,4.639063158320478e-06,1.1564939929948155e-05,4.936856618678904,Not Significant
DUSP11,0.006649284687537005,0.9273537500721856,0.9362759749676486,0.02859612055695203,Not Significant
DUSP12,0.8366400595546288,2.0858361055245874e-07,6.992583336790248e-07,6.155362349054759,Not Significant
DUSP14,0.11468819062086055,0.42686466611830975,0.46273912046441973,0.3346637832240306,Not Significant
DUSP19,-1.9920023781555134,1.3350803511444418e-08,5.787263105606328e-08,7.237526772912843,Down
DUSP22,-0.3459047837611564,3.1098416920506067e-06,8.035020570843245e-06,5.095013007040988,Not Significant
DUSP23,0.9453788257236866,0.0015433912541726366,0.0024090677865719152,2.618150979611477,Not Significant
DUSP3,-1.0083221520619183,8.577485861776489e-06,2.0236438541343404e-05,4.693865917619774,Down
DUT,0.13743095467666677,0.0582130289760517,0.07225702980590744,1.1411198944897831,Not Significant
DVL1,-0.7225131285151214,6.0959321059226965e-05,0.00012184607149814533,3.9141884685652757,Not Significant
DVL2,0.8055877793105637,5.034352545282884e-05,0.00010216774283074087,3.9906862012845674,Not Significant
DVL3,0.6460414937314063,4.270558514595078e-08,1.6547921754979806e-07,6.781256541285158,Not Significant
DXO,0.5957841390008944,7.398549837226635e-07,2.199911188318215e-06,5.657594851542282,Not Significant
DYM,-0.5477734892061328,1.6052576650193313e-10,1.0164277635075263e-09,8.992923480798527,Not Significant
DYNC1H1,-0.7804925000638612,1.1736087468443125e-06,3.3332208953226965e-06,5.477135904329012,Not Significant
DYNC1I1,-3.9454582734016608,6.9273121656844995e-12,5.529773594065424e-11,10.257292649682812,Down
DYNC1I2,0.15308511408703396,0.05103895681053919,0.06384781459199948,1.194853963347761,Not Significant
DYNC1LI1,-0.7386442408675755,0.00039107091982893316,0.0006777306806049669,3.1689428535722537,Not Significant
DYNC1LI2,-0.02419620690182711,0.7777582803920677,0.800591166136498,0.09658920628604614,Not Significant
DYNC2H1,-0.3015178079338483,0.01201161585069242,0.016469990210953512,1.783306658955937,Not Significant
DYNC2LI1,-0.4283573605622806,0.0007366374517046935,0.0012121668880223917,2.9164375835049956,Not Significant
DYNLL1,-0.34149985446939723,0.06940691074462103,0.08515469721608966,1.0697913909337524,Not Significant
DYNLL2,-0.8979866937129977,4.598385673254496e-05,9.394471156431919e-05,4.02712766264252,Not Significant
DYNLRB1,-0.36568274064125816,0.009451120266117271,0.013145186464291784,1.8812332490525872,Not Significant
DYNLT1,1.9552690809452145,3.299899837831211e-08,1.3082719782098235e-07,6.883301960631811,Up
DYNLT3,-1.5175351741881045,8.801882424651856e-05,0.00017097987571527726,3.7670550029419227,Down
DYRK1A,-0.2876183633038849,0.004531331780255049,0.006606170239405119,2.180050238836914,Not Significant
DYRK1B,-0.7143766125813364,2.7401901719694665e-05,5.847209445545521e-05,4.233051349566931,Not Significant
DYSF,-0.4264366809729214,0.08360846374276197,0.10134420211100759,0.9942010921926961,Not Significant
DZIP3,-1.5935263071068277,4.893868346285311e-10,2.8043702912672483e-09,8.552164642332876,Down
E2F3,0.48074499674809346,6.621642018261507e-06,1.5966113377684637e-05,4.796800791065971,Not Significant
E2F4,0.8215376734773798,3.9108303919350043e-07,1.2381428462713147e-06,5.90722924726373,Not Significant
E2F5,1.870142744447861,3.348468970357506e-17,5.254279814233882e-16,15.279486802782936,Up
E4F1,0.31424229960471095,0.04139891821188914,0.052538763172911465,1.279520155255737,Not Significant
EAF1,0.17537457853494232,0.1578910165136219,0.18358657668031245,0.7361590763307915,Not Significant
EAPP,-0.311403723847512,0.062267134637053356,0.07695731987899344,1.1137500654768944,Not Significant
EARS2,-0.2348687428691676,0.0005410911425854306,0.0009129043996659903,3.03957469987139,Not Significant
EBAG9,-0.41279731082070015,0.0004676839308217672,0.0007990922522215881,3.0974030801127497,Not Significant
EBNA1BP2,-0.1133644091690158,0.48248534780876273,0.5173007017694206,0.28625693242722094,Not Significant
EBP,0.4570581012821684,0.000354329225365458,0.000618311556613827,3.20879263620093,Not Significant
ECD,-0.45597435521702323,1.624369781408308e-11,1.2322214742400068e-10,9.909311226915216,Not Significant
ECE1,0.9975794859188483,2.889089000334373e-06,7.536168459183965e-06,5.122849402137112,Not Significant
ECH1,0.7115396201827799,4.15504722280991e-10,2.4139530405182835e-09,8.617271182640554,Not Significant
ECHDC1,0.1336138951753867,0.19069708938137592,0.21890183209069974,0.6597506036054279,Not Significant
ECHDC2,0.24231560763999838,0.4264783882936289,0.46241989922182947,0.3349634852789532,Not Significant
ECHDC3,0.5809236472492678,0.030869148702183036,0.03983804817137995,1.399701947586801,Not Significant
ECHS1,-0.7227102210603462,5.3513916992531305e-06,1.3168031259959951e-05,4.88047915114669,Not Significant
ECI1,0.8277505593936105,4.192774092294548e-06,1.053842470203974e-05,4.9772243031976915,Not Significant
ECI2,1.1458981368347594,1.7595177763171742e-06,4.802325136445195e-06,5.31854843982588,Up
ECM1,-0.34341222454045983,0.0074745950988028935,0.010560879526695701,1.9762999115669313,Not Significant
ECM2,2.947047898715864,9.104218481079957e-07,2.644633707566306e-06,5.577634471000717,Up
ECSIT,-0.31010777316811655,0.0013387946520748574,0.002111305154195697,2.6754489920805087,Not Significant
ECT2,1.0207579771978317,2.3363033572185393e-11,1.7217205574703412e-10,9.7640373349943,Up
EDC3,0.27950101255022375,0.011092865606844398,0.015272588236073591,1.8160873570894431,Not Significant
EDC4,-0.16909941363578795,0.0010700530218392284,0.001714876573657077,2.765767132360936,Not Significant
EDEM3,0.2580621085716146,0.00448506953879694,0.006548201526643533,2.183877963260944,Not Significant
EDF1,0.3697082431125409,0.006074690068556563,0.008696380240249938,2.0606614794286515,Not Significant
EDIL3,-2.343280565998228,2.9866870337310055e-06,7.758608864828817e-06,5.110216141691423,Down
EDNRB,1.4025707408771275,0.00019513593327982352,0.00035580079490695783,3.44879308597857,Up
EEA1,0.19099133228335674,0.010522366799192539,0.014538790719389058,1.8374717149169524,Not Significant
EED,0.1513774400729595,0.1977329692339389,0.2263335907354506,0.6452509865293422,Not Significant
EEF1A1,1.3930160458254406,1.9164717548347413e-10,1.1910263083408503e-09,8.92407864536771,Up
EEF1A2,-3.5485401789425985,1.663608348141135e-22,4.341759196677149e-21,20.36233426712167,Down
EEF1B2,0.6490080519042749,0.000302729038301263,0.0005349398933251927,3.2716950132379905,Not Significant
EEF1D,1.1484997881875998,7.266676093432732e-07,2.167737487866193e-06,5.663993311835681,Up
EEF1E1,-0.2692609442163416,0.21624338360613887,0.24623441239383326,0.6086512525079599,Not Significant
EEF1G,1.0343447612170351,0.0010309311751563936,0.0016574530256184981,2.780558771221087,Up
EEF2,0.38008415596634393,0.0007226077688377331,0.0011908311243695932,2.9241498228619616,Not Significant
EEF2K,0.24356963341297444,0.12079381257714863,0.1431619844590818,0.8441722902089996,Not Significant
EEFSEC,0.8223401916192259,2.0451869035087964e-08,8.485672514805442e-08,7.071313732851903,Not Significant
EEPD1,1.179392364309603,1.6602948904089105e-11,1.2566349155506661e-10,9.900790877597698,Up
EFCAB14,0.3184017441513909,0.0013206221499399886,0.0020855851290947558,2.6807720784906257,Not Significant
EFCAB7,-0.7073511374927115,7.037463354821519e-06,1.6883878503565606e-05,4.772527781690626,Not Significant
EFEMP1,2.0342353914565194,0.0013105453370383365,0.0020709699961292865,2.68382619304758,Up
EFEMP2,1.8365151000713844,4.9413308301917896e-11,3.4095182728323346e-10,9.467306977673084,Up
EFHC1,1.3361760407973975,5.797361279853023e-08,2.1865450218359922e-07,6.660241575930084,Up
EFHD1,-1.5998224906804985,1.8482202378429096e-06,5.029435622914498e-06,5.2984807464760175,Down
EFHD2,-1.1429946062746126,4.841999509063125e-05,9.8601785029921e-05,4.006115222770477,Down
EFNA1,1.5571699888160744,8.260793079955794e-05,0.00016112145108901195,3.7928466354379697,Up
EFNA5,-3.3446480118544297,5.2976882467596e-44,1.6172397393289759e-41,40.79122559558518,Down
EFNB1,1.9271199278904358,9.81713410773591e-07,2.8305039782865357e-06,5.5481362303760395,Up
EFNB2,-0.16548711258138482,0.16235145978103674,0.1883598532574184,0.7250116565682314,Not Significant
EFNB3,-1.5783008543491412,3.6796467037978995e-16,5.213609127153311e-15,14.282861531718448,Down
EFR3A,-1.593737323691819,4.6697621751690313e-07,1.454643913192728e-06,5.8372433059647655,Down
EFR3B,-1.468805925042858,3.320972473150261e-07,1.0703234112186828e-06,5.970484975132246,Down
EFS,1.4648318217932328,0.0001771108640033618,0.0003254678664665937,3.4874918829948087,Up
EFTUD2,0.9934270444097528,2.1115480032469147e-09,1.0797834814573308e-08,7.966663320656963,Not Significant
EGFR,3.071594133616319,2.7237697941068483e-15,3.486563774565742e-14,13.457602386478372,Up
EGLN1,-0.1909924008380841,0.0026725944480295687,0.004030496477462556,2.394641454071811,Not Significant
EGR1,2.551417816120974,4.308952024940366e-06,1.0795419721275614e-05,4.966760467818832,Up
EHBP1,-0.6189560001308827,2.4869320534457364e-08,1.0110312149480366e-07,6.995235435635102,Not Significant
EHBP1L1,1.1095023367727155,8.735320789526333e-06,2.057844096862696e-05,4.686587530660547,Up
EHD1,0.9085295147632237,1.4635915583049561e-06,4.080880530961563e-06,5.389246119145772,Not Significant
EHD2,1.250192320829715,0.0008966189374087865,0.0014535788824358087,2.8375613950755167,Up
EHD3,-2.5131021462432734,5.607866738888803e-14,6.174169347274951e-13,12.209421462709706,Down
EHD4,1.9846225712881171,1.1462916357326503e-09,6.1653720973682434e-09,8.210040707396367,Up
EHHADH,-0.2811272644853666,0.16321980538527667,0.1892583240620715,0.722945010032788,Not Significant
EHMT1,0.4893843685595556,0.01232609499785563,0.016862809916851497,1.7730700554702779,Not Significant
EHMT2,-0.39887884255909256,0.00013809043159188184,0.0002591028139051253,3.586527870469086,Not Significant
EI24,0.44080493380158714,0.0006697204057769614,0.0011114931413174808,2.954093212854475,Not Significant
EID2,-1.0596675617532512,5.237887738152031e-05,0.00010593551711331772,3.9749584091061223,Down
EIF1,-0.14348025026958666,0.08302770156150945,0.10073721131285633,0.9968100757951784,Not Significant
EIF1AD,0.09948103591838375,0.04123114769739522,0.05233903501808965,1.2811742887687811,Not Significant
EIF1AX,-0.765303641879953,1.8875297339849734e-05,4.149928969918075e-05,4.381959336597937,Not Significant
EIF1AY,0.8907189871516881,0.763721933060571,0.7880502666856696,0.10344607965771375,Not Significant
EIF2A,0.09779875163764373,0.5391246708083374,0.5737525812088728,0.2412753476381272,Not Significant
EIF2AK1,0.21204630884254527,0.029281602662946236,0.03791066254035733,1.421238625620864,Not Significant
EIF2AK2,-0.01814252647463732,0.7809076882763709,0.8030690130355411,0.09524713131828957,Not Significant
EIF2AK3,0.8997316112277787,2.6061036013372146e-11,1.9038352197150908e-10,9.720370643275773,Not Significant
EIF2AK4,0.13325865959747674,0.009003473725716095,0.012557246893654152,1.901105566805454,Not Significant
EIF2B1,0.6619872489605534,5.481080182806464e-08,2.0781483538423902e-07,6.6823234524692445,Not Significant
EIF2B2,0.6372662805741598,7.023579656206938e-07,2.103941167309804e-06,5.676966408562948,Not Significant
EIF2B3,0.09456903768313296,0.24319542681005005,0.2746273657307975,0.5612561888992686,Not Significant
EIF2B4,0.834737743867187,2.727763594714859e-07,8.950974088976381e-07,6.048129700053053,Not Significant
EIF2B5,0.2648760100731664,0.00748686277725067,0.010576729156923748,1.9756486166791005,Not Significant
EIF2D,0.7318051130519052,0.00017600685898957604,0.00032367526423165185,3.48989048879073,Not Significant
EIF2S1,0.08747864282481643,0.6152072812486434,0.6469309134967468,0.189142095666933,Not Significant
EIF2S2,0.5603497560882857,0.0004209885520721458,0.0007258323932183463,3.139163653547905,Not Significant
EIF2S3,0.5261286282144013,0.00026180589326061363,0.0004672984707135758,3.3304056402505466,Not Significant
EIF3A,0.013942996705807786,0.780534102435841,0.8027667736537684,0.09541061116891404,Not Significant
EIF3B,1.2828597262909085,3.415333451579837e-22,8.68840131091295e-21,20.06106012754691,Up
EIF3C,0.22459819729210118,0.05428975621974128,0.06764564058845686,1.169760186196911,Not Significant
EIF3D,1.0099398841688654,1.4260829189409095e-12,1.2861557140027504e-11,10.890706448489336,Up
EIF3E,0.5034033299147396,0.001047431678798199,0.0016815660131016823,2.774286078951156,Not Significant
EIF3F,0.42724776371467854,7.661927323975076e-05,0.00015040190152323642,3.8227466729476456,Not Significant
EIF3G,1.140645927298646,1.6438737658721136e-08,6.929031095144632e-08,7.1593274896956824,Up
EIF3H,0.25978724220582805,0.0360766607924455,0.04616822673057622,1.335656805888868,Not Significant
EIF3I,0.8124172020512006,4.1189176302112125e-05,8.501121943607408e-05,4.070523754078249,Not Significant
EIF3J,-0.051222244462021393,0.3601963183039126,0.3959643944340479,0.402343864569528,Not Significant
EIF3K,0.1589702736537717,0.0770520443653735,0.09397364345481508,1.0269939347744637,Not Significant
EIF3L,0.2124896808948371,0.17028890226968826,0.19704691034514582,0.7054303703927645,Not Significant
EIF3M,0.17056799363824382,0.21062452291234554,0.24027080102128512,0.6192990037521975,Not Significant
EIF4A1,1.9381470358130635,1.0830567618345312e-06,3.0996346075912123e-06,5.508689498830164,Up
EIF4A2,-1.158651044657482,0.0014784375015956135,0.002313778992259963,2.6356781263807427,Down
EIF4A3,1.2652117195612966,2.0305963964263956e-07,6.825568267467304e-07,6.165861185290657,Up
EIF4B,-0.0029134908498562595,0.9844898519189651,0.9872338013370152,0.0055799834943442185,Not Significant
EIF4E,-1.2760723583287668,2.4128233914160866e-06,6.40494936630452e-06,5.193484299177915,Down
EIF4E2,-0.34922550645630324,0.002705013186207684,0.004074507003267973,2.3899249313933795,Not Significant
EIF4E3,-2.4796997316645637,6.153596253021476e-13,5.915203115738392e-12,11.228030338013253,Down
EIF4EBP1,3.487993415377387,2.65664296625145e-11,1.9351425337684098e-10,9.713287041317239,Up
EIF4EBP2,-0.37518646546688217,0.009422224898607482,0.013106806631948601,1.8825031077804415,Not Significant
EIF4EBP3,1.790447586552208,4.64118592153957e-05,9.476146528899398e-05,4.0233682324363516,Up
EIF4ENIF1,-0.5245568448923663,2.349902162438208e-10,1.440834716031802e-09,8.84138583600237,Not Significant
EIF4G1,0.5355190996004957,1.0772196739398575e-08,4.78479320779106e-08,7.320136827094227,Not Significant
EIF4G2,0.4019802588066099,2.3049175426590374e-06,6.159082049004547e-06,5.210484010361349,Not Significant
EIF4G3,-0.5436519014599668,1.1843181796307644e-07,4.171615853706406e-07,6.379695690728912,Not Significant
EIF4H,0.326682877008615,0.028594986083901156,0.037097989672790765,1.4306496240148505,Not Significant
EIF5,-0.12984628407456356,0.4411811819882897,0.47687330765558267,0.3215969859375236,Not Significant
EIF5A,0.8590245735173809,1.6489661925974917e-06,4.536233048669342e-06,5.343304641692048,Not Significant
EIF5A2,-2.038289725568136,2.444796158222572e-06,6.477873881623932e-06,5.188567511566345,Down
EIF5B,0.22832622214123077,0.0029792106762088328,0.004454886203373576,2.351163385202443,Not Significant
EIF6,1.2008656691623116,3.900013652489863e-06,9.86410683785661e-06,5.005942232555846,Up
ELAC1,0.8125430533724636,1.7426726453815643e-05,3.855849819805377e-05,4.413879889629156,Not Significant
ELAC2,0.5836380188327723,7.363590043453703e-10,4.112018076372096e-09,8.385944984856312,Not Significant
ELANE,0.6367384511931871,0.6582711272029904,0.6881925420758536,0.16229003812725568,Not Significant
ELAVL1,0.0015849753648851106,0.9714810352896568,0.9758400587803373,0.010621357826373188,Not Significant
ELAVL2,-5.350283806210383,4.733876066506037e-28,1.9152235941358158e-26,25.71778051671843,Down
ELAVL3,-2.5848592092638114,6.552793966575665e-18,1.1113273807960142e-16,15.95415798540737,Down
ELAVL4,-3.885103640943697,6.090881351176521e-32,3.26380525168895e-30,29.486275763104498,Down
ELF1,1.8376555569211845,5.94661124359164e-07,1.809853826826048e-06,5.742356499587366,Up
ELF2,0.14605387730297537,0.0710153627665052,0.08696676381914216,1.0606466904592986,Not Significant
ELFN1,-0.33521770061358325,0.1705611067073548,0.19731655821886682,0.7048364685169629,Not Significant
ELFN2,-4.324220919744615,1.9431669559814783e-28,8.089034675436948e-27,26.092103302880336,Down
ELL,0.37125208937040455,0.0014007886324465223,0.00220286367206779,2.6570123790638016,Not Significant
ELMO1,-0.7350956458434794,0.0004603742438756339,0.0007874040972501079,3.103802329692496,Not Significant
ELMO2,0.06674513423393691,0.0717653930904819,0.0878343542696531,1.0563355871509847,Not Significant
ELMOD1,-1.8802128441280956,4.166598072344101e-08,1.6193792045059596e-07,6.790651442079908,Down
ELMOD2,0.45771477934047766,1.6092002549738785e-06,4.4377452418852595e-06,5.352837632978088,Not Significant
ELMSAN1,0.3525709908379824,0.01216643426062524,0.016666393628166805,1.7781583651887525,Not Significant
ELN,3.7156546646232194,1.015144008122823e-09,5.521901046344124e-09,8.257911380277664,Up
ELOF1,0.6694457825260933,1.3946183316440135e-07,4.851307000339016e-07,6.314141241487224,Not Significant
ELOVL1,1.2689577818299078,4.261242348068077e-05,8.766133431578069e-05,4.057191923123419,Up
ELOVL2,1.0050844536326942,0.004279843234416196,0.006267646568325158,2.202895501315408,Up
ELOVL5,0.8300741322530669,1.2037087233879227e-05,2.7515683411413506e-05,4.5604196960776155,Not Significant
ELP2,-0.24143734009248874,0.01412807984905099,0.019171104040859328,1.7173528759040746,Not Significant
ELP3,-0.08135863257698617,0.4151874179222003,0.4513976573042552,0.3454406991848737,Not Significant
ELP4,0.3658673773247614,3.7000663690991215e-05,7.712490917091775e-05,4.112805334421813,Not Significant
ELP5,0.34224687184565283,0.0019760679438692395,0.0030364411937978523,2.5176351253619016,Not Significant
ELP6,0.5558849634800289,1.9968951287623617e-07,6.716768456478141e-07,6.17283962264177,Not Significant
EMB,-0.2875410192357055,0.04834039182039676,0.06063766743851039,1.2172575131488819,Not Significant
EMC1,0.010541370718016196,0.9224226385691533,0.9322317075587531,0.03047612969820357,Not Significant
EMC10,1.3116919938143425,9.320518096501964e-09,4.1898661001410434e-08,7.377799856007231,Up
EMC2,-0.2331000714488134,4.4645430827505334e-05,9.145141727456054e-05,4.038809559627133,Not Significant
EMC3,0.10270577261280422,0.44637234781855545,0.4821223364344513,0.31684274745183455,Not Significant
EMC4,0.031028067807294946,0.8623299163472531,0.8778599300692943,0.05657477390121446,Not Significant
EMC6,0.8063994602036821,2.8397866328178712e-05,6.05332427824952e-05,4.218006060189201,Not Significant
EMC7,0.37681234345766157,0.011323657864051704,0.015573314583270563,1.8076189434997607,Not Significant
EMC8,1.1150296480411637,4.45465631532759e-08,1.7174208848300858e-07,6.765123260133401,Up
EMC9,0.08643516821704011,0.4136694290996345,0.45013024721859124,0.34666180297184485,Not Significant
EMCN,-0.011645630175882715,0.9692073737705197,0.9738475048238794,0.011509044146595471,Not Significant
EMD,0.4960011628318597,0.0001657721542657665,0.000306363728136733,3.513762654191344,Not Significant
EMG1,0.9564033416298869,5.74213460787626e-08,2.1665267430616272e-07,6.664235945774582,Not Significant
EMILIN1,3.1436315272137776,6.151108833904367e-08,2.3078685434917166e-07,6.636788932284971,Up
EMILIN2,2.8533878333011877,1.594063959263069e-17,2.581768541095845e-16,15.588082695388987,Up
EMILIN3,0.5510038220069458,0.04804195573587589,0.06029334272869238,1.2197306377073436,Not Significant
EML1,0.07091783925841,0.5776876399376587,0.611112599467812,0.21387876222529253,Not Significant
EML2,-1.1586979459040592,1.2487354888956767e-10,8.060951581659452e-10,9.093613687441794,Down
EML3,1.443863887804234,1.9642538051341792e-05,4.305459711253638e-05,4.3659804703655825,Up
EML4,1.4761556700589828,1.245207077688605e-08,5.442176182488072e-08,7.264227402680511,Up
EML6,-1.5013318345263649,1.5881541718059395e-09,8.324175404148301e-09,8.07965877706071,Down
EMP3,3.738861440335425,1.171785718329686e-08,5.148089544898934e-08,7.288353907665616,Up
ENAH,0.6129784341864131,5.2560582986919356e-08,2.000360079373727e-07,6.698891821131319,Not Significant
ENC1,-2.693566276995078,1.6062857157565698e-06,4.4333485754881325e-06,5.353268120615958,Down
ENDOD1,0.09029604172001982,0.4438129188944665,0.4795121562572775,0.31920037842337834,Not Significant
ENDOG,-0.17058044903278358,0.2400851551010997,0.27135844861309083,0.5664566523269029,Not Significant
ENG,1.454692982289,0.00023148126968431951,0.0004173872043672516,3.379460869017269,Up
ENGASE,0.43663867608790596,0.022399902063314138,0.02954007244218178,1.5295884439867902,Not Significant
ENKD1,1.3625902647440054,7.1450924231236e-12,5.699102222529466e-11,10.244193553188948,Up
ENO1,0.9636309526397859,1.0196304195614724e-08,4.54563807200705e-08,7.3424051461710045,Not Significant
ENO2,-1.8441343092774822,9.927575904570763e-07,2.8598913257834107e-06,5.543650469496587,Down
ENO3,1.6422945651344119,5.65272349671851e-06,1.3831803863478812e-05,4.859121178034654,Up
ENOPH1,-0.05298402844833561,0.7671013503487706,0.7909702152930926,0.10183986995036116,Not Significant
ENOSF1,0.6492290736373789,0.01628398082177648,0.02190184550047747,1.6595192889541723,Not Significant
ENPEP,2.493146859949954,1.0173906193726957e-06,2.924163509147086e-06,5.533998346784309,Up
ENPP1,1.680096954118154,2.222428362853134e-12,1.9417817283072394e-11,10.711799589834467,Up
ENPP2,-1.1702861446950656,0.030038487406755653,0.038825727756691866,1.4108803950262352,Down
ENPP4,-1.7415644514131117,2.072931464065238e-13,2.1222267854667893e-12,11.67320820836394,Down
ENPP5,-2.851704215155742,1.7667735704646432e-16,2.5945301674724218e-15,14.5859412752521,Down
ENPP6,0.08277387239441225,0.7440972332861735,0.7700087856317321,0.1135043195942533,Not Significant
ENSA,-0.9485375013286514,2.0485168832849707e-05,4.472639593024013e-05,4.3494360960296845,Not Significant
ENTPD1,1.7693850069043737,3.626342956983852e-06,9.23919548524414e-06,5.034365843880619,Up
ENTPD2,-0.9984926508535565,0.014699024209136023,0.01990935735189272,1.7009427582062027,Not Significant
ENTPD3,-4.4342202181138965,7.093988336196478e-16,9.709896535168929e-15,14.012785397738195,Down
ENTPD5,0.583365626329698,7.688692461388428e-06,1.8324080401236578e-05,4.736977811322019,Not Significant
ENTPD6,-0.8816940419670978,9.016440993947267e-10,4.9499524017997144e-09,8.305398977174537,Not Significant
ENY2,0.12009797523607801,0.3611255207751884,0.3968992468131407,0.4013197252430185,Not Significant
EOGT,0.5764404115734969,4.006561454221874e-05,8.2845033025105e-05,4.081733524594708,Not Significant
EP300,-0.11795692289572912,0.26047057522288425,0.29295306182821657,0.5332019585605434,Not Significant
EP400,-0.18182547313212183,0.20143284576678894,0.2302808089258547,0.6377422536331885,Not Significant
EPB41,-0.28217201619779786,0.15612002061194413,0.1817161279774379,0.7406065257422245,Not Significant
EPB41L1,-3.058576564646863,1.4432062377336437e-27,5.679242046456534e-26,25.245709621508418,Down
EPB41L2,-0.13625365859262217,0.18617824574682257,0.2141294266073171,0.6693236459469925,Not Significant
EPB41L3,-2.2237015755683025,2.3183279734515362e-10,1.422340804174834e-09,8.846996330723684,Down
EPB41L4A,0.9153122834079177,0.000117954324575217,0.00022415994449551707,3.6494419895944072,Not Significant
EPB41L4B,-3.9708626814431707,1.165950100635305e-43,3.1745354902162327e-41,40.498319813299375,Down
EPB41L5,-0.6364417238921476,1.573702944879802e-07,5.414441074699155e-07,6.266446368346562,Not Significant
EPB42,-0.2038128351124886,0.37080385718662506,0.4067375933469143,0.3906856854056088,Not Significant
EPC1,0.20115740025100592,0.12562235161433025,0.14848287811366456,0.8283236229088301,Not Significant
EPC2,-0.012809517937885317,0.8809372346898119,0.8947934767357496,0.048277190677324125,Not Significant
EPDR1,-0.9321980483290098,0.0007040951923395763,0.0011639407560926963,2.934069124460031,Not Significant
EPG5,-0.06097144453935144,0.48692344445608343,0.5218368914309133,0.28246522155904347,Not Significant
EPHA2,1.629685054291187,0.0008046652299186981,0.001314021320505911,2.8813975881225473,Up
EPHA3,-0.04753698060305567,0.8093221423689924,0.829411115180593,0.08123014882580973,Not Significant
EPHA4,-1.740965317944294,5.975465325511981e-07,1.8169887621251949e-06,5.740647758747062,Down
EPHA5,-2.8342600826856046,5.353836786288431e-12,4.381360827381775e-11,10.358390978986192,Down
EPHA7,-3.341414102635273,5.265921632404912e-21,1.2308328196020207e-19,18.909800932003694,Down
EPHB1,-0.7153945301147822,0.0029948476629403265,0.004476939509787928,2.349018773551062,Not Significant
EPHB2,0.6741200969671155,2.660064854801944e-09,1.3325456661996411e-08,7.875317898820205,Not Significant
EPHB3,0.5627965146409437,0.0038073474164020665,0.005610769144651026,2.2509775999949446,Not Significant
EPHB4,2.5053101390772046,3.3166061318651965e-08,1.313861194353519e-07,6.881450514312425,Up
EPHB6,-4.691203319905474,2.488323755736515e-51,4.1778955858816085e-48,47.37904241812357,Down
EPHX1,-0.4135003803839723,0.050719476857189784,0.06348757577774973,1.1973112557961252,Not Significant
EPHX2,-0.24544402305135016,0.059189765565875616,0.073412050950318,1.1342326426502014,Not Significant
EPHX4,-3.76374756382657,9.073274857375716e-10,4.978440681547002e-09,8.302906663152624,Down
EPM2A,-0.32275890910561245,0.002548005179008909,0.003854723558092169,2.414006761970999,Not Significant
EPM2AIP1,-0.638462732924161,0.0003554782492479962,0.0006201017979089721,3.2075370094677345,Not Significant
EPN1,-0.6185123206564818,1.8024088492294173e-05,3.979282653328326e-05,4.400195211288151,Not Significant
EPN2,0.27896047279991265,0.022423199514230698,0.029559187634959443,1.5293075056798633,Not Significant
EPN3,-5.649345210706473,4.375219487539426e-25,1.3904088680590592e-23,22.856857470946593,Down
EPPK1,0.23835646812229605,0.47461661511039516,0.510112854008548,0.29233373282119857,Not Significant
EPRS,0.305062257475587,0.006173906649232763,0.00882086733574966,2.054488709583551,Not Significant
EPS15,-1.2928428273632768,2.0907098167531514e-07,7.006590383889304e-07,6.154493271291418,Down
EPS15L1,-0.06346295019631043,0.621236881032325,0.652862543242191,0.1851782475080644,Not Significant
EPS8,1.2200805620958803,3.1747919220187607e-06,8.190231452603585e-06,5.0867038250810666,Up
EPS8L2,0.6939521885034559,0.045181949830367205,0.05692383224000991,1.244705869925324,Not Significant
EPSTI1,1.7282639037620555,3.771843516870722e-06,9.571171684875479e-06,5.019034893453243,Up
ERAL1,0.10612366595677614,0.011017856495302673,0.015181765330827402,1.8186777258805202,Not Significant
ERAP1,1.4662806782976219,3.4338412242758156e-09,1.6841536754310888e-08,7.773618282583,Up
ERAP2,2.358507880592496,5.489718564754528e-05,0.00011065111008670892,3.9560442247361465,Up
ERBB2,1.4686641348064615,0.0002215169523904833,0.00040056754234100316,3.397324244142002,Up
ERBB3,-0.8642646315456926,0.035624690552992264,0.0456246036906743,1.3408008949343904,Not Significant
ERBB4,-2.6381354506360086,3.565807130903577e-24,1.0565276775506656e-22,21.976119121375433,Down
ERC1,-0.24713276380804672,0.01127919061830033,0.015516395778882634,1.8092091513204587,Not Significant
ERC2,-3.7329561152644644,3.283754291890222e-43,8.06842456987856e-41,40.093211256777565,Down
ERCC1,0.6528285272432299,1.5581486255726709e-13,1.6299884998981398e-12,11.787815459674814,Not Significant
ERCC2,0.13447706543026428,0.09855134904038589,0.11821937249736215,0.927311350194848,Not Significant
ERCC3,0.32654095034441255,9.607929445091684e-08,3.4420441404642116e-07,6.463183564619406,Not Significant
ERCC4,0.3438150267581559,1.1558476803031433e-05,2.6499794108725227e-05,4.57675750031949,Not Significant
ERCC6,-0.7061120730077075,3.9799692260488365e-06,1.0053713636714137e-05,4.997673489086662,Not Significant
ERCC8,0.5150226163493805,9.406785656729869e-05,0.00018195844605586924,3.740027780746473,Not Significant
ERF,1.5738607228011645,3.838538711282737e-06,9.730608700921565e-06,5.011859991470314,Up
ERG,0.33631147050638255,0.09906896031881621,0.11879784623875186,0.925191432882639,Not Significant
ERGIC1,1.2552710837411212,1.8926832836000896e-08,7.888660074053498e-08,7.102996757482982,Up
ERGIC2,-0.24561466801412024,0.0021481637679585273,0.0032813649428982874,2.4839454660866482,Not Significant
ERGIC3,1.4988003930553688,9.152317755349101e-10,5.013618763860079e-09,8.299848692924002,Up
ERH,0.5919601230792182,0.008233184923522537,0.011550077276084952,1.9374151101038708,Not Significant
ERI1,1.613297922463202,1.2504382138877482e-08,5.4626689361254013e-08,7.26259511901144,Up
ERI3,-0.31635966020412454,0.0010057012075386101,0.0016181814350333746,2.7909727856803435,Not Significant
ERICH1,0.08226681210324749,0.46937905941943586,0.5050223907499088,0.2966893665079494,Not Significant
ERICH3,-3.152079341138334,1.5699751503912696e-17,2.5481454252750823e-16,15.593775789997506,Down
ERLEC1,-0.49913591529861634,0.04327835795821876,0.05471027457285679,1.2619311056360318,Not Significant
ERLIN1,0.4478209277373484,0.0001089176262541199,0.00020848112614174497,3.680933255719054,Not Significant
ERLIN2,1.0596986715752692,1.2962192654431694e-06,3.6546635544568956e-06,5.437152597685138,Up
ERMAP,1.2052160221803057,6.470609164751528e-09,3.012029518074133e-08,7.521140776337905,Up
ERMN,-3.121058892661509,5.074051714776703e-07,1.5655741799283463e-06,5.805326349848209,Down
ERMP1,-0.6076539587424108,7.07750879778002e-07,2.1182062872500275e-06,5.674031747225805,Not Significant
ERP29,0.7948311253999307,0.00011102097434482686,0.00021226519179157066,3.6731212175733146,Not Significant
ERP44,0.1024948914450512,0.07747618406970615,0.0944451934073354,1.0248201396986218,Not Significant
ERRFI1,0.5563728976948319,1.70422819399588e-06,4.676762415231406e-06,5.330054692177195,Not Significant
ESAM,0.8221129878252817,0.0004819304640687704,0.0008213157102955368,3.0854898698192152,Not Significant
ESD,0.024564181566312016,0.8476728387691419,0.864229954231387,0.06337068510653705,Not Significant
ESF1,0.2583242625025761,0.0008938025294175178,0.001449712877371128,2.8387180033656,Not Significant
ESM1,7.772111971173702,0.0001117472551345165,0.0002135727277983531,3.6704542054022533,Up
ESRRA,0.22651519983942237,0.05128496165398646,0.06413962802014396,1.192873563105229,Not Significant
ESYT1,0.4006926837367146,0.0028298306821839024,0.004250441969930018,2.371565908744512,Not Significant
ESYT2,-0.06364367577788599,0.2613008541780518,0.2938540751272264,0.53186828217267,Not Significant
ETF1,0.6037588613532705,0.00011355871094946519,0.0002167059015163691,3.6641292614485494,Not Significant
ETFA,0.3392772165659643,0.003483047039598093,0.005161549849501499,2.2872198739498764,Not Significant
ETFB,0.10656312631580889,0.11371092722035717,0.13546876547042078,0.868160826911604,Not Significant
ETFDH,-0.08382670431816308,0.4276422913087447,0.4634324916786031,0.3340135206926823,Not Significant
ETHE1,1.1594262152779606,4.019921878406702e-18,6.95819467406686e-17,16.157503424871226,Up
ETNK1,-0.78788708781736,0.00020664075958318272,0.00037521611608525284,3.425718516304216,Not Significant
ETNK2,0.37890596390966635,0.022817005202618517,0.030031161537912066,1.522427869940542,Not Significant
ETNPPL,-4.478704221464874,1.9672707290211597e-13,2.028483656515779e-12,11.692828487054358,Down
ETS1,1.787214201625524,1.8233000710295428e-08,7.624709387941724e-08,7.1177767045868805,Up
ETV1,1.6976424181573755,1.657066712504146e-07,5.670275156850125e-07,6.2463958659391565,Up
ETV6,1.1719268672405398,8.639588429236599e-08,3.129637318810841e-07,6.504505988193301,Up
EVA1B,2.879890236597376,8.476774689947402e-07,2.482413611236341e-06,5.605125856152287,Up
EVA1C,0.958097928718745,5.5130176321851246e-05,0.00011105406843957798,3.9544655265482556,Not Significant
EVI2A,-0.015769550881739036,0.9703599387983585,0.9748111311781675,0.011079520335020842,Not Significant
EVI2B,2.2167710351669996,3.57142286428121e-06,9.10617917863045e-06,5.040663808505657,Up
EVI5,-0.3595804064696395,2.4132797353836337e-05,5.200295198771064e-05,4.283972002603952,Not Significant
EVI5L,-1.0133139624491108,2.1677960244403013e-08,8.920905698615849e-08,7.049591051459812,Down
EVL,-0.7581410166538483,3.091052069086281e-05,6.541861038650251e-05,4.184298685339188,Not Significant
EWSR1,0.5582969817532266,4.4996788747337327e-07,1.4077566765238393e-06,5.851472404267127,Not Significant
EXD2,-0.13741039335219796,0.09776251515780195,0.1173289942458538,0.9305946521215926,Not Significant
EXOC1,0.3657018151880571,0.00012208408053255817,0.00023135346638167629,3.635723989057293,Not Significant
EXOC2,-0.06821685707520331,0.3775725690937295,0.41353186138837045,0.38349102373638483,Not Significant
EXOC3,-0.16987790847451123,0.0015212339237161941,0.0023763235459012154,2.6240944287441597,Not Significant
EXOC4,0.7034957599575442,7.074138771546692e-16,9.695901222389304e-15,14.013411817557923,Not Significant
EXOC5,-0.49213057891782697,5.5110756447691235e-08,2.087257339986824e-07,6.680424003044568,Not Significant
EXOC6,-1.5801378983296068,1.4337081655720793e-08,6.160255894787752e-08,7.210401247026157,Down
EXOC6B,-1.2238407242346803,3.566019022657414e-11,2.526306303393164e-10,9.597513994315639,Down
EXOC7,0.06364900626189751,0.2644467161019053,0.2972591182783524,0.5268648147337066,Not Significant
EXOC8,-0.5182516186654951,0.0010027856705987083,0.0016145217908920227,2.7919560890176487,Not Significant
EXOG,0.43444341555594335,0.003547461358390013,0.005250826583076843,2.2797723247440733,Not Significant
EXOSC1,-0.41242861036465683,5.503520761309379e-06,1.350279302226758e-05,4.869576389379257,Not Significant
EXOSC10,0.5257094014539909,0.0030225677359499345,0.0045136892042632135,2.3454683481205474,Not Significant
EXOSC2,0.4677558631602814,1.986750145811045e-06,5.38603901208301e-06,5.268730505237353,Not Significant
EXOSC3,0.18827539514649771,0.08762074326577124,0.1058509854490202,0.975305094441173,Not Significant
EXOSC4,0.9882900612248662,1.321704047708626e-06,3.7150799599934986e-06,5.430031834444391,Not Significant
EXOSC5,0.20374011209499443,0.09348476203391846,0.11243618585598074,0.9490938952755209,Not Significant
EXOSC6,-1.0177049239321079,1.0137717699890295e-06,2.9154258666484394e-06,5.535297997328116,Down
EXOSC7,0.3806721888831355,3.404677037024879e-05,7.148544491660825e-05,4.145782375483996,Not Significant
EXOSC8,1.188392533084265,2.5551965961758832e-11,1.8707158800781868e-10,9.727992167114628,Up
EXOSC9,0.6047334296862203,5.994615855379738e-06,1.4583376026828179e-05,4.836141925942673,Not Significant
EXT2,0.7274719412382993,7.953000987716023e-12,6.318496210587636e-11,10.199386270634438,Not Significant
EXTL2,-0.4575357317097044,0.0353170941012571,0.045265191600008144,1.3442356369934718,Not Significant
EXTL3,0.0748605039240644,0.4091107828893912,0.4455066508299348,0.3511458081317517,Not Significant
EYA3,0.17024023583358172,0.15529841744938142,0.18088521879813485,0.7425969204629178,Not Significant
EYA4,1.2771612473298948,6.105742725909594e-05,0.00012194538505315871,3.9138346306423513,Up
EZH1,-0.8324990739403617,2.5055230427943114e-10,1.5223545918642879e-09,8.81748417847621,Not Significant
EZH2,3.6975042179291755,2.2426180799413219e-13,2.2866532932519107e-12,11.64079967896213,Up
EZR,0.7793667781245581,0.0012506481679405393,0.0019837867491470625,2.7025050149673002,Not Significant
F10,-1.093388250676698,0.001601589290358238,0.002492570757155707,2.6033525044280967,Down
F11,-0.2699470252942735,0.49626304373291885,0.5314503989120255,0.2745372626252041,Not Significant
F11R,1.2685383189977308,2.2638898590184364e-05,4.903553308912434e-05,4.309489098911792,Up
F12,-0.06710201139573613,0.6763310771606835,0.705755051928395,0.1513460044077206,Not Significant
F13A1,3.302777089517999,8.159127386186793e-09,3.7192329994771834e-08,7.429546613462078,Up
F13B,3.280901779887919,0.03503124671992996,0.04491597040302589,1.3475992130122958,Up
F2,-3.2864921310088056,2.1392768267689386e-06,5.749110221104981e-06,5.240399365043569,Down
F2R,4.582813261043212,3.9865553890230954e-11,2.8025512204479176e-10,9.55244644133616,Up
F3,1.3502277770557107,0.0016841929685474768,0.0026110433926049984,2.583185910631168,Up
F5,0.14320158973869468,0.6443740451570852,0.6747842131925651,0.17083508643198753,Not Significant
F7,-3.7970380466905578,8.967655171848524e-10,4.928141579701606e-09,8.307316823895595,Down
F8A2,-0.9784038214475758,0.34659350708733416,0.38209487747842025,0.4178287846035774,Not Significant
F9,0.29752269726928987,0.04499997652843969,0.056715846809395905,1.2462955791966583,Not Significant
FA2H,-2.276388388919866,2.0937099049856224e-05,4.5624126287746396e-05,4.340805439292592,Down
FAAH,-2.0253888311033528,8.798867578756688e-21,2.0145407270089743e-19,18.695823948262465,Down
FABP3,-2.4591354653491315,1.6024189337909313e-06,4.426314323830502e-06,5.353957748958677,Down
FABP4,2.9137611641781227,2.0508459434950153e-11,1.524739633562272e-10,9.816804310652344,Up
FABP5,1.0896793589221474,8.816387615509241e-06,2.0712753926921663e-05,4.683762154329521,Up
FABP6,-5.061707010052306,9.752062723436152e-21,2.212663961168824e-19,18.655084537673066,Down
FABP7,2.250873720537271,1.1074833745566598e-14,1.3297720518812623e-13,12.876222798953659,Up
FADD,1.3307762947430852,4.658347024390197e-09,2.23148777573499e-08,7.651405487916161,Up
FADS1,0.008113401150623645,0.9388723812712947,0.9461985162992219,0.024017737288897088,Not Significant
FADS2,1.1255826131993345,0.00015003993611768806,0.00027954546263169773,3.5535475524842144,Up
FADS3,0.1616614614407048,0.22826645029656092,0.2589007228425529,0.5868667370271065,Not Significant
FAF1,-0.22569199152988162,0.003404384040150025,0.005050178886831299,2.296693238081785,Not Significant
FAF2,0.5361034181452808,1.7770055365792552e-06,4.844804810689964e-06,5.314723715279443,Not Significant
FAH,1.2888770191239622,2.9145514856851214e-06,7.594258499018632e-06,5.119514624106062,Up
FAHD1,0.04310208758710843,0.7793503895800339,0.8017949167309295,0.09593670144382267,Not Significant
FAHD2A,-0.03424296918382552,0.7655354595384354,0.7896789083954739,0.10254946144215568,Not Significant
FAHD2B,-1.2449164401300745,1.2664056668844665e-13,1.3344948418613092e-12,11.874683100524281,Down
FAIM,0.358691769416696,0.0006216278195382833,0.00103869276066158,2.983512895254771,Not Significant
FAIM2,-4.1583240688385885,2.9429110247379135e-39,3.7058607079012174e-37,36.43111090852677,Down
FAM102A,-0.31867325266718893,0.06514545601902942,0.08024887795741041,1.095561031201119,Not Significant
FAM102B,-1.5310478661982394,8.787837634919587e-06,2.066495712749298e-05,4.684765491389412,Down
FAM107A,-2.1354382900033,3.0128960252006086e-06,7.818628170497407e-06,5.106869440066316,Down
FAM107B,-0.08386679634015692,0.7944684335785792,0.8152668839635945,0.08870019830392142,Not Significant
FAM110B,-0.010870868312267135,0.9261228493074395,0.9352206880436192,0.029085894699286192,Not Significant
FAM110C,-1.1677487371237945,3.4432765017617303e-06,8.806186209379962e-06,5.055212135495709,Down
FAM111A,3.0022047179914892,7.408606158946682e-07,2.202251355716402e-06,5.657133113987917,Up
FAM114A1,2.2013980885913735,1.5573727074853007e-07,5.362359349499582e-07,6.2706440858631245,Up
FAM114A2,0.6089161330304123,6.855744361899686e-08,2.535417353222373e-07,6.595950541544609,Not Significant
FAM117B,-1.4697548593922587,1.4991738647270847e-23,4.2068739591255296e-22,21.37604049955331,Down
FAM118A,0.2978792972179747,0.1922272645540784,0.22048246192847387,0.6566259503712454,Not Significant
FAM118B,0.30370160778895894,0.00023771183479474395,0.0004275502631177023,3.3690128219615514,Not Significant
FAM120A,0.5378585852044218,1.3934492320018577e-07,4.848914529598175e-07,6.314355470999143,Not Significant
FAM120B,-0.1141571871308642,0.3040201815257025,0.33815825424422286,0.4708800072362229,Not Significant
FAM120C,0.7498296141268739,8.917495148763699e-06,2.093564346973794e-05,4.6791136862625144,Not Significant
FAM122A,0.207155884126081,0.012413391503153584,0.016967775577037884,1.7703750886156469,Not Significant
FAM122B,-0.6038501230796243,1.4517172147767872e-07,5.037753779421755e-07,6.2977630624932415,Not Significant
FAM124A,-1.239683045962531,1.2226195249956734e-05,2.790364543454104e-05,4.554339055196517,Down
FAM126A,1.7459811330227097,1.6480044697747565e-07,5.643098921995546e-07,6.248482336598601,Up
FAM126B,-1.7348244677502045,1.0992797464962524e-07,3.896602451162297e-07,6.409313900615735,Down
FAM129A,3.5499377485794223,1.011694920427213e-09,5.5061127111743615e-09,8.259154902761058,Up
FAM129B,2.0218645718403074,6.053989312380113e-08,2.2765169217214354e-07,6.642729117162103,Up
FAM131B,-1.8432582919591702,3.983717223578702e-22,1.003299182758296e-20,19.998569541509912,Down
FAM135A,-0.09307672809482881,0.1585924920233447,0.18427459799805934,0.7345345275568718,Not Significant
FAM136A,0.46217508837631627,0.002898002308758915,0.004345062547765636,2.3620039674422526,Not Significant
FAM13A,-0.7297716143876123,1.6085629750885996e-08,6.814408499176852e-08,7.166571835602197,Not Significant
FAM13C,-1.554466171593253,2.7184611487724466e-14,3.1298031557409863e-13,12.504482975892453,Down
FAM151B,-0.40446812660600884,0.003240903776927823,0.004821155441342423,2.3168488659803836,Not Significant
FAM160A2,0.14209554366688693,0.01355205471401708,0.018424210416870184,1.734611115080528,Not Significant
FAM160B1,-0.9043475896763766,6.661951205768314e-08,2.473301398173629e-07,6.606722956995829,Not Significant
FAM160B2,0.32870400067551486,0.04487426460690189,0.05657156071204225,1.2474018396566577,Not Significant
FAM162A,-0.696569299655927,0.0002578664136014201,0.00046067498680984326,3.336605367919602,Not Significant
FAM162B,-2.661968008231465,6.851778450025389e-11,4.6387645232228337e-10,9.333597672935122,Down
FAM163B,-6.619019341834914,3.319076840897119e-27,1.2644748874395726e-25,24.898089791352962,Down
FAM167A,-0.44841024207899594,0.0877846080115526,0.10601080569508282,0.9746498647864762,Not Significant
FAM168A,-0.428214563127721,1.5862283529647738e-06,4.387606926899267e-06,5.357772286549717,Not Significant
FAM168B,-0.8598372904925355,9.3381836105953e-06,2.1801358445686453e-05,4.661516444602515,Not Significant
FAM169A,-2.001137768380705,1.4528066216816553e-11,1.1113522049112344e-10,9.954148284525312,Down
FAM171A1,-1.8783314532850888,3.1140584404137175e-23,8.524734980632551e-22,21.069319113595046,Down
FAM171A2,-1.9484981137465631,1.0049376252815324e-15,1.3552532312029663e-14,13.867979548598598,Down
FAM171B,-2.059754369343139,1.6522286665673054e-09,8.624119993263749e-09,8.064285209479952,Down
FAM172A,0.15416246555522406,0.025871100140081954,0.03379479548900228,1.4711501773686324,Not Significant
FAM174A,-0.5834664714550577,0.008457054836407072,0.01184763877374007,1.9263681956214649,Not Significant
FAM177A1,-0.0883996476781661,0.5175559486333098,0.5523740466714655,0.25776673496697405,Not Significant
FAM181B,1.338438823668234,1.890781106484058e-05,4.1561703833123284e-05,4.381306656731901,Up
FAM184B,0.39343509898312945,0.038996304982901506,0.04963345248234362,1.3042255144081394,Not Significant
FAM185A,-0.17715440649516623,0.06784062460576869,0.08341589799566872,1.0787511705396657,Not Significant
FAM189A2,0.45645046869772443,0.20028033091982278,0.22908503691853518,0.6400032765719921,Not Significant
FAM192A,-0.23126705741763587,0.009642450375553302,0.013403897486314884,1.872768902330202,Not Significant
FAM193A,0.14090073797862246,0.2597521087312178,0.29221024493113207,0.5343045617108925,Not Significant
FAM193B,0.16928568955309942,0.2602942941704335,0.2927874854257422,0.5334474902048201,Not Significant
FAM198B,0.13554080733575447,0.5299519843259236,0.5648260992487679,0.2480852437943515,Not Significant
FAM19A1,-5.0572964714086535,1.2392421353814572e-18,2.2534522151322745e-17,16.647151646789542,Down
FAM19A2,-3.725502116008373,6.29948563665898e-11,4.296615998896586e-10,9.366873458746252,Down
FAM19A5,-1.811037448224134,1.2019061030633716e-11,9.292403746938147e-11,10.031871928740724,Down
FAM206A,0.14630472240413184,0.10782069938613448,0.12881709269638505,0.8900265067649962,Not Significant
FAM207A,0.34003329765496204,0.002327763440670525,0.0035417442835394756,2.450782798385021,Not Significant
FAM208A,0.17443794996262696,0.0008092264286319702,0.0013210414911746019,2.879083541881916,Not Significant
FAM208B,0.02058082327384625,0.7347098414618796,0.7612328440694205,0.11848248195833339,Not Significant
FAM20B,-1.1685674135482707,3.3505433903764545e-06,8.603969950204538e-06,5.06530111507713,Down
FAM20C,2.1144418464480985,5.8885631278957225e-08,2.2184511948549556e-07,6.653950121167994,Up
FAM210A,0.05444589808578826,0.45515780395779765,0.4910849006180629,0.3088434189106834,Not Significant
FAM210B,0.48099727150291827,3.349902194646787e-05,7.049700168972578e-05,4.1518293536085675,Not Significant
FAM213A,-1.5844884140287903,2.4588671267407153e-13,2.4895102949533635e-12,11.60388607343263,Down
FAM213B,-1.0677343849962107,1.3122701110445375e-07,4.588618222375102e-07,6.338318074537448,Down
FAM219A,-1.1146091635291704,2.1319835728462236e-12,1.8708712990289943e-11,10.727956087456706,Down
FAM219B,-0.10295872565255593,0.06836853696017252,0.08398300711337373,1.075808578979296,Not Significant
FAM221A,0.8437840432659378,0.0001902107758304049,0.00034744938453590187,3.4591084532834175,Not Significant
FAM229B,-0.36138465306705214,2.3026368764567203e-06,6.1562536872147034e-06,5.210683492042736,Not Significant
FAM32A,0.38154037865792034,0.0014773915229504327,0.0023128581510804443,2.6358510019427825,Not Significant
FAM3A,0.26814498552166555,0.029911769528135235,0.03867682790738472,1.4125491519316014,Not Significant
FAM3C,-0.45373537461076197,0.07001841299119188,0.0858213277130146,1.0664047709269144,Not Significant
FAM45A,-0.6924969357991522,7.541266689292366e-10,4.199597602428485e-09,8.376792320891889,Not Significant
FAM49A,-1.936615476221501,6.106518059704644e-07,1.8523656408751757e-06,5.73227328323672,Down
FAM49B,-0.6467595501158669,0.00555866630298518,0.007999714905181815,2.0969254901721315,Not Significant
FAM50A,0.5776848894135682,2.4505326211149324e-05,5.2749285523743225e-05,4.277783418403676,Not Significant
FAM50B,-1.2953240586349342,1.4053350037878962e-12,1.2731425205179196e-11,10.895122977014115,Down
FAM53B,0.01102443524022334,0.9469757693291564,0.9534113432162623,0.02071968535745141,Not Significant
FAM53C,-0.09366830576659169,0.09729133294468184,0.11680525421102668,0.9325376210632386,Not Significant
FAM57A,1.8658822021615098,1.3583567152060452e-08,5.871840163380517e-08,7.231225774806329,Up
FAM69A,-1.3928612988897626,8.865563946683861e-07,2.5835027827276026e-06,5.587791066333303,Down
FAM76A,-0.06424600904149713,0.3958383606980506,0.4321278332978069,0.3643877599365042,Not Significant
FAM76B,0.5966476100166673,0.00014331423477446494,0.0002679064021373093,3.5720169079681856,Not Significant
FAM81A,-4.003326047682526,1.0773409871321377e-10,7.04748902881114e-10,9.151965591544403,Down
FAM84A,-0.8711781229490825,0.0004762204376792602,0.0008125753199832093,3.0901363724574002,Not Significant
FAM84B,1.9747802688096687,3.970616118627203e-06,1.0032602653386116e-05,4.998586387879092,Up
FAM89A,-0.11119844154485037,0.5261735239957671,0.561214619452976,0.2508710242704442,Not Significant
FAM89B,-0.12470513927581806,0.14891383482271,0.1738910365137337,0.7597228038106999,Not Significant
FAM8A1,-0.7214426875633393,0.00010508620431211322,0.0002014535532331548,3.6958250681319305,Not Significant
FAM91A1,0.856834171544218,4.0189535705934106e-10,2.3416389976956633e-09,8.630480057766354,Not Significant
FAM98A,-0.4640820618663568,0.0007688191368090212,0.0012614143296765601,2.8991422397259963,Not Significant
FAM98B,-0.9556317657180031,4.592485133324984e-07,1.432787093004518e-06,5.843818339402299,Not Significant
FAM98C,-0.4438131091705415,0.00017480520140643536,0.0003216415705878411,3.4926278258745462,Not Significant
FANCD2,2.546440090343351,1.4029582371199783e-18,2.5283365439618358e-17,16.597165118104222,Up
FANCI,2.120941196584182,5.1729385888511446e-17,8.054433283475491e-16,15.093965011485341,Up
FAP,1.301969211346643,0.0007389320443703112,0.0012155456262224877,2.9152287350149986,Up
FAR1,-0.2036111998787895,0.05424112817703291,0.06759340985346728,1.1700956443511263,Not Significant
FAR2,-0.9134298212479308,0.0005776086405012796,0.0009694817468193753,3.013460363305491,Not Significant
FARP1,-0.5444860750012452,0.0011130571778058922,0.0017798314300343742,2.749621128293709,Not Significant
FARP2,0.36432829909897535,0.01786681298264566,0.023909441284162107,1.6214305723593576,Not Significant
FARS2,0.2532753007386148,0.002995642858530091,0.004477463821488448,2.3489679146227407,Not Significant
FARSA,-0.0997597180789569,0.4281528849984444,0.46388601457026557,0.3335887205756949,Not Significant
FARSB,-0.0586046544428811,0.746949522188714,0.7724842918108105,0.11211034303483841,Not Significant
FAS,1.2882877602643887,1.519887007568167e-05,3.403276664645858e-05,4.468102744102831,Up
FASN,-1.3778487776267063,9.129782091371995e-08,3.291819069022243e-07,6.482564043291074,Down
FASTKD1,-0.5934751014363506,0.0005196967485561455,0.0008797555108308872,3.055638004042701,Not Significant
FASTKD2,-0.34371425584057747,0.0032843470323103362,0.004879296859385685,2.311642758343748,Not Significant
FASTKD5,-0.06199508021094502,0.44716416011291515,0.48287402175769184,0.31616615867247505,Not Significant
FAT1,1.4746341746078286,1.7377660941435638e-12,1.5451240628775165e-11,10.811036643967324,Up
FAT3,-1.500341369981598,8.357475672920924e-08,3.035642911094532e-07,6.51774931672324,Down
FAU,0.8155602119388412,5.88988179684568e-07,1.7936719837189656e-06,5.746256975275073,Not Significant
FBL,1.3284528988182807,2.589371686016593e-13,2.6111441806737894e-12,11.583169146889341,Up
FBLIM1,3.395127801745531,3.807308837566348e-10,2.2338281438347923e-09,8.65095024171959,Up
FBLL1,-2.4114580863348927,2.043639524680628e-11,1.5210250045822008e-10,9.817863646392228,Down
FBLN1,1.2160566852950456,1.3270870743097268e-05,3.001588501705475e-05,4.522648846965551,Up
FBLN2,0.6084516226482943,0.03138754576896334,0.04047077128843424,1.3928585187831541,Not Significant
FBLN5,1.668728534811411,8.97182018778315e-10,4.928141579701606e-09,8.307316823895595,Up
FBLN7,-0.21831883567910815,0.5172405068268953,0.5522128937870011,0.25789345710427036,Not Significant
FBN1,1.1475358942337337,1.061782357309762e-05,2.4493692391890412e-05,4.610945740618538,Up
FBN2,3.17990397001736,5.308903681536023e-14,5.877131394263066e-13,12.230834599711752,Up
FBP1,3.7306776205035987,2.217457000012094e-06,5.94746054795576e-06,5.2256684301418,Up
FBP2,2.653107607392044,1.6065199322578336e-08,6.811482238032583e-08,7.166758371530248,Up
FBXL15,-1.4321585277905644,1.7091641485642095e-08,7.180200013609612e-08,7.143863457763677,Down
FBXL16,-4.690288958934895,1.2197997771730054e-15,1.625431607836092e-14,13.789031299292594,Down
FBXL17,-1.5516983861548432,3.607915113535178e-10,2.1317382318916943e-09,8.671266125829643,Down
FBXL18,-1.0466281744560852,1.4559666316605715e-07,5.050760278012602e-07,6.296643243724225,Down
FBXL19,-1.2230565173487093,3.493958691836932e-06,8.924477652526687e-06,5.049417193620697,Down
FBXL2,-2.3360891543277393,3.325992571795625e-13,3.297839485065859e-12,11.481770486486115,Down
FBXL20,-1.1143915769325154,7.682038267579596e-19,1.4252090885376952e-17,16.846121416822577,Down
FBXL3,-0.5847829291463924,5.318172719228788e-06,1.3095886573823225e-05,4.882865095093977,Not Significant
FBXL4,-0.37879195218863515,0.0006882242221792945,0.0011388256922198116,2.943542743611992,Not Significant
FBXL7,1.1778208353272657,0.0002339755613919744,0.00042165828362482105,3.3750393633857048,Up
FBXL8,0.9980784774625011,0.00812179685077888,0.011403342365818319,1.9429678365337084,Not Significant
FBXO10,-0.31564881921060106,0.013947669648966233,0.018939051630096487,1.7226417720132066,Not Significant
FBXO11,-0.5993439326837482,3.908800789035278e-05,8.100649896881587e-05,4.0914801372562675,Not Significant
FBXO17,0.552210436071892,0.0010877914455591847,0.0017416419298415808,2.7590411282482994,Not Significant
FBXO2,-3.155441422665552,2.9821142823959852e-24,8.888112213271349e-23,22.05119047102298,Down
FBXO21,-0.4366680969247625,0.00015744239843288045,0.0002922024174305154,3.5343161954092843,Not Significant
FBXO22,0.4155683497875984,0.004676725887671334,0.006800423873037098,2.167464016707903,Not Significant
FBXO28,-0.5545560771432001,0.0008937026721760244,0.001449712877371128,2.8387180033656,Not Significant
FBXO3,-0.6034183172523626,8.880878830673957e-06,2.0854539240142062e-05,4.680799401007521,Not Significant
FBXO30,0.08925176152179759,0.274920201967359,0.30800112484643843,0.5114476974160844,Not Significant
FBXO31,-0.8266236477350652,1.2490714134376022e-10,8.060951581659452e-10,9.093613687441794,Not Significant
FBXO38,0.3748166596628941,6.485692058798287e-05,0.0001289967656472536,3.8894211786864856,Not Significant
FBXO4,1.0510827814854888,5.9884518425472586e-05,0.00011974526371937492,3.921741655209589,Up
FBXO41,-3.428232989340069,1.0581564419101629e-17,1.7561561772327811e-16,15.755436864344302,Down
FBXO42,0.3142619372284017,5.899584960987686e-06,1.4376492234395245e-05,4.842347065905905,Not Significant
FBXO44,-1.9441483084227755,4.729167043341498e-19,8.955193382447791e-18,17.047925031364567,Down
FBXO45,-1.1196716939188107,5.969807065192307e-06,1.45279095504048e-05,4.8377968726970515,Down
FBXO6,0.1944561892003236,0.12952450860285178,0.15273673178802866,0.816056506529088,Not Significant
FBXO7,0.3101807609809697,0.005398525383276425,0.007787048211787902,2.1086271364572315,Not Significant
FBXO9,-0.6652378462408386,0.0011910381395278933,0.0018956887129151325,2.7222329757333394,Not Significant
FBXW11,-0.35262772858999725,0.004469043253040285,0.00652669494507507,2.1853066855676424,Not Significant
FBXW2,0.28426887999315653,0.0003494835554256994,0.0006108080043994614,3.214095280319383,Not Significant
FBXW5,0.14721346170333405,0.1500145362583265,0.17505460885745178,0.7568264505944083,Not Significant
FBXW8,1.2797747524635739,6.7410797621432235e-09,3.123718377361124e-08,7.505328127378365,Up
FBXW9,0.9899529297022411,1.3748548425682072e-15,1.8128648801089162e-14,13.741634564360051,Not Significant
FCER1G,3.7320096113594214,6.970796615634049e-09,3.2168486076911316e-08,7.492569377516267,Up
FCF1,0.6730245943446853,4.5832192250426885e-11,3.1776566051672436e-10,9.497893036813608,Not Significant
FCGBP,5.333657822125735,7.512283737193305e-07,2.2277656746791373e-06,5.652130491929961,Up
FCGR1A,3.001867842437468,2.416393138335519e-06,6.412735636351954e-06,5.192956663410388,Up
FCGR2A,3.7202679693035208,3.9977143924998264e-08,1.5579487346244972e-07,6.807446837187203,Up
FCGR2B,4.6632036169567375,6.237663327219198e-09,2.9132230115162817e-08,7.535626268216919,Up
FCGR3A,3.274714802907294,3.598796017014526e-06,9.171330907008433e-06,5.037567636671448,Up
FCGRT,2.8016385709936102,3.6885811807068565e-10,2.171757265601454e-09,8.663188716882852,Up
FCHO1,-1.963034751473078,2.1075461711850606e-09,1.0796175101456264e-08,7.966730080304893,Down
FCHO2,0.13105088255366226,0.17850527422175605,0.20577436005377853,0.6866087402678149,Not Significant
FCHSD1,0.8667149248061303,0.002478809264546238,0.00375568123492838,2.4253112757739914,Not Significant
FCHSD2,0.2810108981381205,0.03995001845033585,0.05078956156848604,1.294225536122161,Not Significant
FCN1,1.5181344809226704,0.0055443259561722665,0.007982498168140548,2.09786117245235,Up
FCN2,-3.7487210522310797,8.94609648105723e-06,2.099789747208074e-05,4.6778241891702335,Down
FCN3,1.7843402981738627,0.00040534989230742234,0.0007009088251124224,3.154338471799166,Up
FDFT1,-0.7090865721306017,2.3413438560430583e-06,6.234918849002847e-06,5.205169194737102,Not Significant
FDPS,0.04283396132604622,0.6861197349379394,0.7148588488742168,0.14577970254394962,Not Significant
FDX1,0.14573441055120284,0.19436135120271258,0.22280339690670534,0.6520781921042712,Not Significant
FDXR,1.2065577655181734,1.8659218309246783e-06,5.0707570878703015e-06,5.2949271936178395,Up
FECH,-0.2752803562450019,0.038042903176826404,0.04850578491372601,1.3142064633299262,Not Significant
FEM1A,0.17713806323327574,0.007919542207802098,0.011139551550041656,1.9531322923995003,Not Significant
FEM1B,-0.8207956324762513,0.0001926797803765659,0.0003515769077184432,3.4539796580004416,Not Significant
FEM1C,0.43313792943497376,2.867712657932868e-05,6.105100869825805e-05,4.214307156150411,Not Significant
FEN1,0.8492905760092277,0.006609472006650553,0.009404494490818881,2.0266645436274935,Not Significant
FER,0.004297053648041782,0.9535998394828211,0.9595050722083439,0.0179527251220767,Not Significant
FERMT1,0.870078547362283,0.0008575380635264817,0.001394485625821756,2.8555859580264484,Not Significant
FERMT2,1.1540723781228373,6.493149590027128e-06,1.568256748260208e-05,4.804582835003212,Up
FERMT3,2.969106647819604,4.427507225114133e-08,1.707607495627863e-07,6.767611947506722,Up
FES,1.1222898552753424,0.00010718577863256635,0.0002053612654896298,3.687481468092604,Up
FETUB,-1.7151602278732039,0.0003922640040323307,0.0006796813857278465,3.1676946238343637,Down
FEZ1,-0.3268495740983326,0.0461223906529571,0.0580288451901948,1.2363560720774887,Not Significant
FEZ2,-0.19830804380573497,0.060173742720420816,0.0745438126125823,1.1275883986191824,Not Significant
FGA,-0.7291220177855842,0.5779118635873868,0.6112856062347054,0.2137558302963272,Not Significant
FGB,1.2015012913298508,0.22373622985684755,0.25407719305353194,0.5950343171438031,Not Significant
FGD1,-0.40088881248668784,0.0007764532186380951,0.0012727295245681123,2.8952638810819127,Not Significant
FGD2,1.4045315848594129,8.639391546945868e-06,2.0368179369045792e-05,4.691047789130138,Up
FGD3,1.7248598031340787,1.3321353809606945e-07,4.6516228172610177e-07,6.3323955078351055,Up
FGD4,-0.23481380686802922,0.03013081758819085,0.038940071376964036,1.4096032567555556,Not Significant
FGD5,0.1556557808922303,0.2670298807764355,0.2999954297916596,0.5228853613849439,Not Significant
FGF1,0.017774971828497854,0.9359520501875326,0.9436330017603286,0.025196878901559472,Not Significant
FGF12,-3.9245755532061892,4.769164586799839e-10,2.743835753707686e-09,8.561641889099882,Down
FGF2,-0.4294702130253647,0.19338457672031723,0.22175938826186406,0.6541179850970718,Not Significant
FGFBP2,4.071711852044329,0.014334865605881814,0.019435994093358465,1.7113932415920636,Up
FGFBP3,0.4537893828949624,0.04884904475080161,0.06126046020410499,1.212819744986961,Not Significant
FGFR1,1.0089517296716117,0.00014637341346871165,0.00027306773468218536,3.5637296124831486,Up
FGFR1OP,-0.14250467182885096,0.3940013611769627,0.4302156636133452,0.36631378154269034,Not Significant
FGFR1OP2,-1.0844195522683577,5.584063266665126e-07,1.709843566820197e-06,5.76704362128884,Down
FGFR2,-1.187800841806574,5.180387010543579e-08,1.9745447879007194e-07,6.7045330108676575,Down
FGFR3,-1.3324774865196787,3.2483280097567895e-05,6.853121752940292e-05,4.164111552414268,Down
FGFRL1,0.7549542279136752,0.03853376921079297,0.049075751078322176,1.3091330450305603,Not Significant
FGG,2.9089859687387127,0.03374054709324646,0.043349352304216916,1.3630173870644944,Up
FGGY,0.05413767776559908,0.6756862492801564,0.7051552134308812,0.1517152788705899,Not Significant
FGL2,2.097697523137839,4.823910960898563e-14,5.357891843450069e-13,12.27100605748162,Up
FGR,1.2928002384316937,0.00012053264215169776,0.00022858543618904426,3.6409514431630483,Up
FH,-0.12400868438730939,0.4562605976154279,0.4922220240284666,0.30783895808538525,Not Significant
FHIT,-0.33637033176951014,0.019086143466165374,0.02542295508107232,1.5947739698790713,Not Significant
FHL1,0.45117547431301475,0.0003326749298036881,0.0005836585236576723,3.2338411677256658,Not Significant
FHL2,-0.9939769150040636,3.355903526954118e-07,1.079762763670897e-06,5.9666716535373965,Not Significant
FHL3,2.0326644189677925,6.250521517465225e-08,2.3390696050128036e-07,6.63095685445284,Up
FHL5,-0.2168259034450042,0.47929570436679986,0.5142640244745065,0.28881385584356667,Not Significant
FHOD1,1.6858102852662658,1.8484303548668505e-07,6.25708581818839e-07,6.203627888476198,Up
FIBIN,2.2283994815813486,6.500974486545097e-08,2.4202075749244387e-07,6.616147384111202,Up
FIBP,0.1404754936845336,0.34118522698519477,0.37662721637616176,0.42408829957453165,Not Significant
FICD,0.9049863662727748,4.899935849969839e-08,1.8747418819823834e-07,6.727058518308206,Not Significant
FIG4,-0.7474735164665418,0.00047969562156717206,0.0008182278516199952,3.08712574165626,Not Significant
FILIP1L,1.166900529179765,5.8749797048908505e-05,0.00011768650933996904,3.929273318422548,Up
FIP1L1,0.17676754756566027,0.0714838089840319,0.08750035136149906,1.0579902030456432,Not Significant
FIS1,0.34498686076208074,0.015771864504098333,0.02126984779307719,1.6722356178952587,Not Significant
FITM2,-0.6565687252988006,2.78829239296041e-10,1.680984893278466e-09,8.774436189472654,Not Significant
FIZ1,-0.15803638511802376,0.14390117010071599,0.16840850227632584,0.7736359864795953,Not Significant
FKBP10,3.20859506557062,3.030202603600898e-08,1.2113595646299782e-07,6.916726927247889,Up
FKBP11,-1.555941260183472,2.9151278157340727e-06,7.594258499018632e-06,5.119514624106062,Down
FKBP14,1.1886557165682508,1.4807330868581033e-06,4.125250308907226e-06,5.38454969451307,Up
FKBP15,1.0885062355702537,6.398977623199267e-07,1.9306169684369397e-06,5.714303881059958,Up
FKBP1A,0.2684357897796126,0.002804094235354469,0.0042130418086444325,2.3754042310764563,Not Significant
FKBP1B,-1.8196248570539435,3.4688063932278345e-09,1.697995899192284e-08,7.77006336294973,Down
FKBP2,0.07182541591901881,0.413850630131031,0.45027878258343307,0.34651851678130624,Not Significant
FKBP3,-1.0392206842701626,6.84813748550215e-07,2.0550532329147653e-06,5.6871769239282,Down
FKBP4,-0.6713406636852781,2.2617146365159427e-05,4.900949289796001e-05,4.3097197911163665,Not Significant
FKBP5,1.150685821527027,0.0024513674786596166,0.0037163395003787774,2.429884618573395,Up
FKBP7,2.0871573665360508,1.5194120397048255e-18,2.7333137299975736e-17,16.56331051708634,Up
FKBP8,-0.9898176335304001,4.2619345700138466e-11,2.973319173013815e-10,9.526758468649573,Not Significant
FKBP9,1.3568217118030894,1.4808715095903828e-19,2.977704508505692e-18,17.52611840151085,Up
FKBPL,0.11743022614501619,0.3826382074235956,0.4188067472387334,0.3779863301810045,Not Significant
FKRP,-0.16622850607770445,0.033505276287448815,0.04305806267633108,1.3659455144081833,Not Significant
FLAD1,1.080904833615989,1.4716376514736893e-08,6.300585508264321e-08,7.200619090039628,Up
FLCN,-0.26959775092975846,0.20016822764896708,0.2289909976533834,0.6401815907881006,Not Significant
FLI1,1.2355060537694253,0.00019925005577176564,0.0003627769856939756,3.4403602720616164,Up
FLII,1.0337968209734605,2.654377691437353e-06,6.988223962627269e-06,5.155633184946327,Up
FLNA,3.2841184157651817,8.524019552111344e-08,3.0933347610940086e-07,6.509573078047641,Up
FLNB,0.7195260454338559,0.0019551078860010006,0.003006526765924909,2.521934925448368,Not Significant
FLNC,3.008465143420331,1.887778433387281e-11,1.416044671477548e-10,9.848923045890471,Up
FLOT1,0.21682201408600932,0.013830062796794287,0.01878695423609839,1.726143622543086,Not Significant
FLOT2,-0.006674128610413277,0.9329294319755268,0.9408680646432533,0.026471272231236295,Not Significant
FLRT1,-1.4642655343604467,3.4755923443312515e-05,7.283777257498029e-05,4.137643343673191,Down
FLRT2,-3.147855356448268,2.650995344803283e-32,1.4919624080194567e-30,29.82624211935356,Down
FLRT3,-1.953445807304334,2.486433103020573e-09,1.2549262064042711e-08,7.901381811309375,Down
FLT1,-0.5974619035575621,0.041645005725387894,0.052811151520337066,1.2772743628376566,Not Significant
FLVCR1,0.19353274443464308,0.007864868683624187,0.011076567470827635,1.9555948027336165,Not Significant
FLYWCH1,-0.6458349939871866,0.00030122495432147823,0.0005325623358783032,3.273629551187765,Not Significant
FLYWCH2,0.48374337918015087,0.002603958807587453,0.003931696796708034,2.405419981326645,Not Significant
FMN2,-1.6228420680654594,1.2772581148608584e-10,8.232308540696281e-10,9.084478360911957,Down
FMNL1,-0.5405672779744926,0.0011640757039414363,0.0018555219369471563,2.731533906829193,Not Significant
FMNL2,-0.039815390079361634,0.7843456452771747,0.8063575906237634,0.09347232147693793,Not Significant
FMNL3,1.2558346210721432,5.056297153576123e-07,1.5615308867297937e-06,5.806449421101634,Up
FMO4,1.7064819263310795,3.547327863106776e-05,7.417140077405077e-05,4.129763518983404,Up
FMOD,3.6227938343331267,3.594959710972529e-07,1.1486084404800905e-06,5.939827996656228,Up
FMR1,-0.9206577922054571,4.962460101878284e-07,1.5349039934394177e-06,5.813918783980575,Not Significant
FN1,4.189067833871686,1.6323461304711461e-10,1.030341786865058e-09,8.98701868643366,Up
FN3K,-1.7223851444261076,1.0113175862273403e-08,4.5139625005113983e-08,7.345442053120157,Down
FN3KRP,-0.2262524971789368,0.006254983200430981,0.008925311722541317,2.0493766069227224,Not Significant
FNBP1,-0.2970256172090231,0.096143176311338,0.11552318203249272,0.9373308571695174,Not Significant
FNBP1L,0.7885707067392893,0.00018082570382007806,0.00033174979790265275,3.479189333029584,Not Significant
FNBP4,0.8234653999109227,0.0006247892212862717,0.0010436290192734044,2.9814538533595827,Not Significant
FNDC3A,0.8574959903200927,5.901169171625016e-17,9.117849422538406e-16,15.040107584266174,Not Significant
FNDC3B,2.1613504940902875,5.805815253001045e-12,4.716756682155849e-11,10.326356526621076,Up
FNIP1,0.026724508358036303,0.7788763918370277,0.801389109525709,0.09615656370644692,Not Significant
FNIP2,-0.3322923906949029,0.015252308541829542,0.020624396812132996,1.6856187441110242,Not Significant
FNTA,0.6808961679871111,1.1092352008997544e-08,4.905371121099265e-08,7.309328130027477,Not Significant
FNTB,1.0610428932859968,1.7179377538189124e-10,1.0782869116493285e-09,8.967265666266877,Up
FOCAD,-1.7636076701244683,3.9235346162762166e-19,7.514389301210382e-18,17.124106309008084,Down
FOLH1,-0.6752999630443561,0.1170555602929164,0.13912431741279377,0.8565969534359185,Not Significant
FOLR1,4.13481175390395,0.01093804147686757,0.015077973431576889,1.8216570262797638,Up
FOLR2,2.9951734635858003,5.770671067396354e-07,1.7594957727890696e-06,5.754611772225542,Up
FOSL2,0.4360532624994704,0.0075120002443309596,0.010610753009168548,1.9742537945979597,Not Significant
FOXG1,-1.2565940198099312,9.122542461991949e-06,2.1347385078305896e-05,4.6706553157496975,Down
FOXJ2,-0.07546823705690642,0.25363425352541935,0.2857078944152956,0.5440777594295296,Not Significant
FOXJ3,-0.2162513534730479,0.004131920858615108,0.006061594689047415,2.2174131062717617,Not Significant
FOXK1,-0.5984927567042888,0.00014086682567513605,0.00026386991481058397,3.578610123143247,Not Significant
FOXK2,-0.4489795602847195,7.681573644187827e-05,0.00015075817824186278,3.8217191191946176,Not Significant
FOXO1,1.1195557960151739,3.845703074279197e-05,7.979734865146989e-05,4.098011538287934,Up
FOXO3,-0.6448115187906396,3.9479764407922563e-10,2.3042824255238235e-09,8.637464292466902,Not Significant
FOXO4,-1.4516517088710614,1.6209686028336382e-08,6.855431446241004e-08,7.163965207712488,Down
FOXP1,-1.2803194765863495,2.236278644535408e-14,2.607438780677049e-13,12.583785879459919,Down
FOXRED1,-0.5907196218180992,1.1105758501713655e-08,4.9091448506478e-08,7.308994153292483,Not Significant
FOXRED2,-0.6490546941268995,4.283608136174578e-08,1.659095285037397e-07,6.780128670890884,Not Significant
FPGS,1.0751007206241212,8.10600508391037e-07,2.3863207251698733e-06,5.622271186897561,Up
FPGT,0.45732348999361605,0.0049704307908807,0.007202548876198528,2.1425137859331733,Not Significant
FPR1,3.333301538557903,2.518056576274017e-05,5.409874589333428e-05,4.2668128025074346,Up
FRA10AC1,-1.160967240714868,7.778004690374979e-08,2.841030429689541e-07,6.5465241146137485,Down
FREM2,2.5577094365479365,4.390821668695819e-08,1.6947562256874205e-07,6.770892762034701,Up
FRG1,0.3189539381282458,0.04145622211400159,0.05259823445547254,1.2790288333959674,Not Significant
FRMD3,0.6271483781764733,0.0008426759823773421,0.0013725332007226102,2.8624771414379935,Not Significant
FRMD4A,-0.8315427241559163,4.7471483494389255e-06,1.1802263690090755e-05,4.928034686437231,Not Significant
FRMD5,-0.07434140565340996,0.6291625196513264,0.6605714666980158,0.18008018953535646,Not Significant
FRMD6,1.0239258084485119,4.511468613586404e-07,1.4110069796109728e-06,5.8504708379826935,Up
FRMD8,1.6055524421678768,5.733365344045914e-07,1.7497429094080563e-06,5.757025757729503,Up
FRMPD3,0.29266219856998177,0.1414227681132783,0.16583552158924056,0.7803224389372424,Not Significant
FRMPD4,-6.231628118322623,1.9204241418759308e-33,1.2091470503286329e-31,30.91752087923619,Down
FRRS1L,-4.901427367865455,1.4860249208385964e-37,1.5593974013050018e-35,34.80704319385514,Down
FRS2,-0.005559807376929626,0.9549822236905539,0.9605122725098482,0.017497081766102294,Not Significant
FRS3,-1.8392740209120664,3.185671126752319e-12,2.7036605670516313e-11,10.56804783311119,Down
FRY,-1.5453384496748228,2.405736471970385e-10,1.4705940059848091e-09,8.832507208507776,Down
FRYL,0.41426600186657936,0.01937556891844082,0.025784607831489142,1.5886394695671535,Not Significant
FRZB,1.0666104931472198,0.0012490414885250646,0.001981550229197087,2.7029949145048384,Up
FSBP,0.47312488758409543,0.24171689336752125,0.2730495608639167,0.5637585175885409,Not Significant
FSCN1,0.8853026166940481,5.620929658590496e-05,0.00011303245076844289,3.946796855928526,Not Significant
FSD1,-1.6033338163272113,2.0506707524847065e-15,2.6621723145014088e-14,13.574763837360543,Down
FSD1L,-1.7563714968684092,3.32855756909584e-20,7.226700204972304e-19,18.141059961336623,Down
FSIP1,-1.6701266688694574,4.814931049652512e-11,3.3314296287224866e-10,9.477369356095467,Down
FST,2.846215488355334,2.1876846616014097e-12,1.9130846598066495e-11,10.718265810697575,Up
FSTL1,2.414323984141671,3.9906395320360117e-07,1.2614277579457416e-06,5.899137616509002,Up
FTH1,0.3390610781700616,0.014364342787192634,0.019473339959383475,1.7105595543079177,Not Significant
FTL,1.3079337531087347,3.0886932378752367e-06,7.986523531405322e-06,5.097642224401121,Up
FTO,-0.6134365169811602,0.00041748017647064064,0.0007204948940832523,3.1423690925451004,Not Significant
FTSJ1,0.5822253526890435,4.029395983456746e-05,8.32659182304477e-05,4.079532724322628,Not Significant
FTSJ3,1.2323188153647031,1.9740469546475594e-09,1.0161752182483144e-08,7.993031400558613,Up
FUBP1,0.43894197660975465,0.0009872079395935557,0.001591475881495516,2.7981999386407024,Not Significant
FUBP3,0.81778032903539,1.7793867132934485e-07,6.053881036716717e-07,6.217966117506487,Not Significant
FUCA1,1.1196497335287425,4.211018546319231e-05,8.669895940245236e-05,4.061986115078402,Up
FUCA2,1.7786135702890888,1.0241524070408621e-10,6.740514010387768e-10,9.171306984271304,Up
FUK,0.7539183413942325,0.0006011609948181179,0.0010068322297253067,2.9970428906923883,Not Significant
FUNDC1,-0.8227703072017611,6.713157144445383e-05,0.00013320532809364344,3.8754784034285588,Not Significant
FUNDC2,0.26420203988558555,0.008439853147050438,0.011825185063057875,1.9271920538682963,Not Significant
FUS,0.7075569321894619,0.002160477700788454,0.0032981743230402916,2.481726393708573,Not Significant
FUT11,0.3619731279113729,1.8005078633356128e-05,3.97595708356926e-05,4.400558312018599,Not Significant
FUT8,-0.7724323807900753,2.137452073629887e-08,8.814036917620747e-08,7.0548251347785165,Not Significant
FUT9,-3.727318727056664,4.898799531781436e-31,2.4799249489028236e-29,28.605561462226433,Down
FXN,0.03344148652046286,0.5742784911704113,0.6080808829147282,0.21603864989295296,Not Significant
FXR1,-0.05829620004721292,0.34833145824681827,0.38380084330946596,0.41589407534248257,Not Significant
FXR2,-0.8763947003822388,1.3447542279333429e-05,3.038818773485979e-05,4.517295199236233,Not Significant
FXYD1,-2.5194141432567125,2.0307291809397947e-10,1.2589271242330764e-09,8.899999409256294,Down
FXYD6,-0.9809952382274432,6.058434575151724e-08,2.27733842948054e-07,6.64257242518883,Not Significant
FXYD7,-3.884971197020098,6.196208672332626e-28,2.4968242466031553e-26,25.602612026898466,Down
FYCO1,1.2714533552049136,0.0001556589818631124,0.0002892122064347094,3.5387833812413865,Up
FYN,0.8310186039837966,7.60233252257739e-09,3.481177174202028e-08,7.458273872774267,Not Significant
FYTTD1,0.19866553931622377,0.036315182857275134,0.04642628833809514,1.3332360356686968,Not Significant
FZD1,1.5147800352596459,3.955964167029746e-07,1.2512522140865827e-06,5.902655141029321,Up
FZD3,-0.5190772594814632,0.0013380071349273171,0.0021103935928069193,2.675636540321603,Not Significant
FZD6,0.7039290842004444,0.0029855697003726015,0.004463732437155475,2.3503018455555815,Not Significant
FZD7,3.1042993017445983,1.6239280904527985e-11,1.2322214742400068e-10,9.909311226915216,Up
FZR1,0.04990607366590538,0.6147259604590994,0.64649225656801,0.18943667256227872,Not Significant
G3BP1,0.8609885952806557,8.499385116537943e-14,9.157519322353287e-13,12.038222156301686,Not Significant
G3BP2,-1.2825251847814485,0.0003883030579291628,0.0006735969574357783,3.1715998831649337,Down
G6PC3,1.3327454745427083,3.930868265926024e-08,1.5344503272874455e-07,6.814047165840259,Up
G6PD,0.016771953215005908,0.8559706892487198,0.8718075749157419,0.05957936182691975,Not Significant
GAA,0.9310368350813327,8.058544685076431e-14,8.710491325907722e-13,12.05995734739045,Not Significant
GAB1,0.47611094762458706,0.0041044892630087435,0.006025739556331985,2.2199896432720587,Not Significant
GAB2,0.3419670671156112,0.08877694006889265,0.10714494959315018,0.9700282951356276,Not Significant
GABARAP,0.40395137804366854,7.282235115530781e-05,0.00014367653065776946,3.8426141674138092,Not Significant
GABARAPL2,-0.6487241190372828,0.00022796634953106841,0.0004114175931881016,3.3857171407863027,Not Significant
GABBR1,-2.297344481528416,1.4516235616849077e-23,4.0848200448083127e-22,21.38882707138817,Down
GABBR2,-3.907960680837828,1.6403567705145685e-33,1.039305289695834e-31,30.983256862303016,Down
GABPA,0.5712289165618145,2.8480466301364016e-06,7.438740407569123e-06,5.128500596759746,Not Significant
GABPB1,0.2419793593447146,0.014780465108960228,0.020010536958428346,1.698741257443068,Not Significant
GABPB2,-0.26027205210066384,0.09648461317374878,0.11591961754470426,0.9358430604086773,Not Significant
GABRA1,-8.058895229055153,4.920108995960027e-25,1.548911813290666e-23,22.809973307929297,Down
GABRA2,-4.984013982390705,4.555322722507704e-34,3.1006973720636897e-32,31.508540618817936,Down
GABRA3,-4.009416676688195,1.0648426147114882e-15,1.430296600080471e-14,13.844573893708692,Down
GABRA4,-6.352717568943632,7.777935554831716e-33,4.63638596327661e-31,30.333820417673046,Down
GABRA5,-6.309148845930254,2.3339524755262454e-30,1.1358568714227728e-28,27.944676390339346,Down
GABRB1,-2.8830660078372894,3.8234214036746925e-22,9.677675181060013e-21,20.014228958528346,Down
GABRB2,-6.394231053731536,1.2905859774533775e-18,2.3299933937034635e-17,16.632645310339733,Down
GABRB3,-4.885631432223766,3.9155504502020484e-26,1.3719491715671757e-24,23.862661978218775,Down
GABRG2,-7.4926890602641,4.886980551970353e-25,1.543305394374587e-23,22.81154812580459,Down
GAD1,-2.792238774375834,1.1310137779180303e-08,4.9819994747469336e-08,7.302596322587252,Down
GAD2,-6.03233351266976,3.3537282502512277e-18,5.845235016095305e-17,16.233198022715747,Down
GADD45GIP1,0.7661910285100717,4.253808300450884e-06,1.0667877724357034e-05,4.971921970854429,Not Significant
GAK,-0.09457521736988284,0.24317970023304655,0.2746273657307975,0.5612561888992686,Not Significant
GAL3ST4,3.1072127016680646,4.180727705985244e-12,3.48071495124755e-11,10.458331541257264,Up
GALC,0.25364540481055187,0.0017136673501679423,0.002654695507549108,2.5759852851191654,Not Significant
GALE,0.12980318569569604,0.07873135668673784,0.09584769634588483,1.0184183207232496,Not Significant
GALK1,1.9535023694483122,2.2374390868579613e-08,9.170041237187593e-08,7.037628711326407,Up
GALK2,-0.44424168273427256,1.9936437565431493e-05,4.363234239282139e-05,4.360191471382425,Not Significant
GALM,1.6571617630349351,2.361454574508464e-06,6.283490064341856e-06,5.201799067303067,Up
GALNS,0.45083276357991764,0.032931965767888254,0.04235911940062644,1.3730530769739937,Not Significant
GALNT1,0.9789021689140469,2.353588557543338e-06,6.2642143008432195e-06,5.203133393338094,Not Significant
GALNT10,2.3763780836143216,1.5967832384974769e-12,1.427328690738561e-11,10.845476004365098,Up
GALNT11,-0.23597655990938549,0.15866054934915033,0.18433241542421178,0.734398286039877,Not Significant
GALNT13,-1.5835452175258329,2.2379294554454114e-06,5.995984397382201e-06,5.22213950593377,Down
GALNT15,1.1540211291329854,0.00017115849150496856,0.0003156234016879102,3.500830803792324,Up
GALNT16,-1.7603833343201156,7.379350609896925e-08,2.711144348800205e-07,6.566847358768287,Down
GALNT2,1.2140841941182678,2.980642620121449e-13,2.9877605726471123e-12,11.52465420810979,Up
GALNT4,2.1002156292329737,3.2814292453926854e-05,6.920058241173521e-05,4.159890250382283,Up
GALNT7,0.510227053441767,0.00031886756782467803,0.0005613897025980089,3.250735557761212,Not Significant
GALT,-0.4896197310657122,0.010305114712512978,0.014258168605116844,1.845936253991179,Not Significant
GAMT,0.08479888893900878,0.4758887346299647,0.5113164582617603,0.2913102279712386,Not Significant
GAN,-0.40798297919206306,0.00027716673145622217,0.0004930786914145851,3.3070837652665137,Not Significant
GANAB,1.2140608882483441,7.222588619684004e-15,8.884048565897027e-14,13.051389075985401,Up
GANC,0.9006076880024008,0.0015724789641062469,0.0024510526202083135,2.610647365034825,Not Significant
GAP43,-0.30173281461071966,0.2320857057210787,0.2630548379201335,0.5799537065537754,Not Significant
GAPDH,0.982107423934572,3.5905890716830574e-06,9.152731353273057e-06,5.0384492846611275,Not Significant
GAPDHS,0.6045679510061861,0.7409718855395986,0.7670897929221988,0.11515379604041553,Not Significant
GAPVD1,0.20411339641812987,0.000715904374799852,0.0011813301673601491,2.9276287054153656,Not Significant
GAR1,0.9143493148747677,2.608495860566849e-10,1.5820582359633016e-09,8.800777534054518,Not Significant
GARNL3,-1.8415355594346785,6.740517988161572e-17,1.0367019574464073e-15,14.984346081451637,Down
GARS,0.2449828945826198,0.22206002890667034,0.2523728261739392,0.5979574088496069,Not Significant
GART,1.2981458906384447,1.1006612957997225e-11,8.555603313183954e-11,10.067749360015553,Up
GAS1,2.7663137963658198,1.0345719624273346e-11,8.085553102787409e-11,10.092290266261923,Up
GAS2,-2.3060031053264876,1.8735081260972316e-23,5.228177524183797e-22,21.28164967425437,Down
GAS2L1,-0.2759103373936789,0.11494186422791643,0.13685431275641533,0.8637415119052995,Not Significant
GAS2L3,3.307708251385872,4.6106893402031386e-10,2.660256839244354e-09,8.575076431608863,Up
GAS6,-0.5151791709320399,0.00026174042279394146,0.000467264401776744,3.3304373041475674,Not Significant
GAS7,-2.0804431382817477,3.699635505451146e-12,3.1110290552516566e-11,10.507095932807548,Down
GATAD1,0.9466850248281631,7.464415101091625e-05,0.00014698302917982219,3.8327328064697395,Not Significant
GATAD2A,1.0692381592019018,7.220908144041045e-07,2.1559996633986213e-06,5.6663513112887,Up
GATAD2B,-0.6425103195596691,7.13295783070976e-07,2.132900480456222e-06,5.671029407934075,Not Significant
GATB,-0.7162707610538899,2.3955973970406777e-05,5.1655068873689615e-05,4.286887055057057,Not Significant
GATC,-0.0004268157368194636,0.9975944470569579,0.9983872898521552,0.0007009564899859297,Not Significant
GATM,0.4324093674776144,0.0013678779985050774,0.002153461940450094,2.6668627994057097,Not Significant
GBA,0.7882825647023388,0.0001424563792494195,0.00026640162698322856,3.574463127145578,Not Significant
GBA2,-0.42023471901994114,0.00016367659828915994,0.0003028242518209361,3.518809347103768,Not Significant
GBE1,2.051351152227216,2.133901046984974e-20,4.735004217472825e-19,18.324679629834023,Up
GBF1,-0.6796326074648142,1.6034593301346102e-32,9.297701458777226e-31,30.031624402752545,Not Significant
GBP1,3.522593174358594,8.927438931662341e-05,0.00017325182006851556,3.761322194282903,Up
GBP2,3.73595026785995,1.1165757952138997e-05,2.5657811498596773e-05,4.590780389840153,Up
GBP4,0.4104836582215441,0.3985528173855687,0.43476135163424134,0.3617490697329545,Not Significant
GBP5,3.094330533185696,0.00032105033723251386,0.0005650351322991518,3.2479245481286925,Up
GBP7,0.8271297228901746,0.5748300825833569,0.6086009723536244,0.21566735811081883,Not Significant
GC,-0.9031686555569912,0.4702447965581718,0.505845817461508,0.2959818365781537,Not Significant
GCA,-0.29003502199159215,0.061130527968485386,0.07563607697795649,1.1212710048271208,Not Significant
GCAT,-0.19297072395614734,0.023341943301022024,0.03068500888597425,1.5130737466140718,Not Significant
GCC1,1.281157108712243,8.113595904929795e-21,1.8661270581338528e-19,18.729058789974385,Up
GCC2,-1.4799234154993215,1.8239658350023475e-12,1.618910292670806e-11,10.790777215778713,Down
GCDH,0.7219713268193928,5.536572109571335e-08,2.0952452078069735e-07,6.678765143978922,Not Significant
GCFC2,0.2370158210372324,0.059546779660424064,0.07382159221008024,1.1318165920231211,Not Significant
GCHFR,-0.8167130318637454,4.881006715437254e-05,9.937603405682072e-05,4.002718339262922,Not Significant
GCLC,-0.010638340635686916,0.9316967108197567,0.9400012683823965,0.026871560388488466,Not Significant
GCLM,-0.3148236947194434,0.0032261612569960208,0.004801351529469333,2.3186364961304227,Not Significant
GCSH,-0.0012031847348161762,0.9897018107539833,0.9916705830053341,0.003632569521399285,Not Significant
GDA,-5.574662184441557,2.4539847299123132e-14,2.841545076912258e-13,12.546445450124626,Down
GDAP1,-1.9645549428069167,2.387745396846729e-06,6.346740666974656e-06,5.197449246951974,Down
GDAP1L1,-2.850102303443089,3.1680110208380697e-27,1.213480723343069e-25,24.915967118229638,Down
GDAP2,-0.3637184613526081,4.15334838655961e-05,8.563412125706408e-05,4.0673531544702,Not Significant
GDE1,-0.34974363483492255,0.008071796649440454,0.011337899175846185,1.9454674093637767,Not Significant
GDF15,5.428369507215457,8.908275422408405e-08,3.2211761164875184e-07,6.4919855296578834,Up
GDI1,-0.8337752926396753,7.773710978270572e-05,0.0001523883331292036,3.817048281366252,Not Significant
GDI2,0.14365174091859956,0.30587147820963956,0.3401047761019767,0.46838726921350204,Not Significant
GDPD1,-1.7480619634423284,6.966325880339788e-10,3.900987599696666e-09,8.40882543020394,Down
GDPD2,1.7769989040769953,0.0002472379256191934,0.00044302292114687915,3.3535738036412868,Up
GDPGP1,-0.52644907442677,0.0002162446810216754,0.0003916664718828403,3.4070836040954697,Not Significant
GEM,2.467133620509948,4.478532161587275e-07,1.4024474042844332e-06,5.8531134170289185,Up
GEMIN2,0.17130180329046674,0.15314657114714106,0.17854398307329,0.7482547809352075,Not Significant
GEMIN4,0.6669950991620226,1.542595119729071e-09,8.102243605917968e-09,8.09139470325124,Not Significant
GEMIN5,0.546082812395607,1.1163978784309199e-05,2.5657811498596773e-05,4.590780389840153,Not Significant
GEMIN6,0.23109647857306648,0.012858277817483377,0.017533065881609033,1.7561421353013191,Not Significant
GEMIN7,0.7705042534791922,3.732072416967588e-06,9.48219357592219e-06,5.02309118294485,Not Significant
GEMIN8,0.8450573749343775,8.281446664860134e-06,1.963919343262735e-05,4.706876352340931,Not Significant
GET4,0.3250246301370705,0.21228070608830937,0.2420230684850191,0.6161432371671889,Not Significant
GFAP,1.5141031120625854,0.002734171360539942,0.004114121327271005,2.385722904914668,Up
GFER,0.3467133476783637,0.00019172750279129153,0.00034990269259410704,3.4560527154929055,Not Significant
GFM1,-0.04317678958004123,0.6724639933070878,0.7022289072847105,0.15352129675070972,Not Significant
GFM2,-0.2187586010728957,0.10981957170209604,0.13104979451870594,0.8825636556747414,Not Significant
GFOD1,-3.230494646315231,7.677076490929596e-46,4.070466766822356e-43,42.39035578668828,Down
GFOD2,-0.7126242381901235,5.695792621319587e-09,2.6762786785062277e-08,7.572468665853406,Not Significant
GFPT1,-0.32896876884362314,0.017012712390798393,0.02283016712733489,1.6414909092625616,Not Significant
GFPT2,1.307531918435231,8.070849333170304e-10,4.482124376094688e-09,8.348516096238676,Up
GFRA1,-3.015172749179623,6.006997061263012e-16,8.289655944542956e-15,14.081463494116461,Down
GFRA2,-3.5341677358982277,9.944154588892471e-32,5.2448907501833904e-30,29.280263553626124,Down
GGA1,0.37126528502108513,0.002043105277236568,0.0031327614250960707,2.5040726774800777,Not Significant
GGA2,-0.07514013889139193,0.5278684863590914,0.5628436845450346,0.24961220260085037,Not Significant
GGA3,-0.4085043764489775,0.0005403361432705601,0.0009119360541644534,3.040035613751816,Not Significant
GGACT,1.1190481532360508,2.9762133157433658e-05,6.316067609605787e-05,4.199553229784459,Up
GGCT,0.25748041911317543,0.27438734024781275,0.3074725323310863,0.5121936753027359,Not Significant
GGCX,0.9297115949760446,5.4995341716496565e-06,1.3496298963507587e-05,4.869785310030403,Not Significant
GGH,0.5783587590848729,0.007893147546911315,0.011108629280187842,1.9543395263675603,Not Significant
GGNBP2,-0.1571294253458433,0.17168942606211213,0.1985078937392078,0.7022222186781122,Not Significant
GGPS1,-0.019493909744696225,0.6284096144973126,0.6599185298077689,0.1805096769412831,Not Significant
GGT1,0.3015037973768724,0.3205460568971579,0.3552845172386367,0.449423717994306,Not Significant
GGT5,1.4564721926199464,0.00018682797350566067,0.000341890100834882,3.4661134736843207,Up
GGT7,-0.4275082617075654,3.5700648754630357e-06,9.105021153269523e-06,5.040719040891845,Not Significant
GHDC,0.30817136665221767,0.0006943487138884736,0.0011483941789053494,2.9399090175650238,Not Significant
GHITM,-1.7307366256155987,8.576661444263277e-06,2.0236438541343404e-05,4.693865917619774,Down
GID4,-0.5440056930581694,6.786076585831823e-12,5.429939279243033e-11,10.265205026918913,Not Significant
GID8,0.2830414623216342,5.0016572975655444e-05,0.00010152467381760084,3.9934283971537945,Not Significant
GIGYF1,0.301057341095607,0.03001835336211312,0.03880468263440621,1.4111158641074237,Not Significant
GIGYF2,0.15120007299383076,0.0025994292909997715,0.003926034584337585,2.4060458790302515,Not Significant
GIMAP1,1.3738738757431648,7.644650567684041e-05,0.00015012126670340943,3.82355777972405,Up
GIMAP1-GIMAP5,0.31876472446526244,0.04498345778671197,0.056702121339256305,1.2464006929818823,Not Significant
GIMAP2,2.3408505668547885,9.728727449852512e-08,3.4803693298939703e-07,6.4583746671384485,Up
GIMAP4,1.2658832653227385,8.401401091020617e-06,1.9872203472867267e-05,4.7017539747094785,Up
GIMAP6,1.2187781614165445,0.00011538537691611077,0.00021969236194536003,3.658185041953618,Up
GIMAP7,0.1888550104147022,0.44336207591585036,0.4790764295587554,0.3195951957967938,Not Significant
GIMAP8,1.1098442455190085,0.0001863856638860369,0.000341142655884436,3.4670639737705486,Up
GINS1,1.9144780507772161,1.1068722188038378e-09,5.972326472879558e-09,8.22385645990637,Up
GINS2,2.2231037168610754,4.5420659420405984e-08,1.7491120909830655e-07,6.757182358082472,Up
GINS3,2.456895506894387,4.1409010358292677e-16,5.8261783568357604e-15,14.23461622444506,Up
GINS4,3.126507270624531,2.3488954126525326e-08,9.595609240495383e-08,7.01792744600558,Up
GIPC1,0.4376764334766534,5.531681458034867e-05,0.00011134097703944706,3.9533449719910108,Not Significant
GIPC3,1.4420254812293045,2.367132689533225e-05,5.1074094483524756e-05,4.291799324436965,Up
GIT1,-1.6759135770521958,2.171018102392961e-12,1.903467046432262e-11,10.720454637460861,Down
GIT2,0.2830044093491253,0.0363698008076752,0.046490213594279906,1.3326384584931006,Not Significant
GJA1,-0.3089211702904535,0.28375140209189376,0.31715429098787723,0.49872940837261764,Not Significant
GJB6,-7.5709310025894005,3.3491549457234224e-21,7.901495766561535e-20,19.10229068824443,Down
GJC2,-0.8959769948913472,0.002168588180689805,0.0033100541412528933,2.4801649025822647,Not Significant
GK,0.5314675123901544,1.84495284924361e-05,4.0643024280078995e-05,4.39101398332054,Not Significant
GK2,-2.4286316401569032,0.14250531756532459,0.16698831791939978,0.77731390993386,Not Significant
GKAP1,-0.9374785542676616,1.389038183242941e-12,1.2606460052242693e-11,10.899406848050901,Not Significant
GLA,1.697143847712983,4.4556146777072905e-09,2.1415010621766815e-08,7.669281705858887,Up
GLB1,0.9583936952749816,3.914402906549027e-20,8.408037287969062e-19,18.075305370966102,Not Significant
GLCCI1,-0.5033575229957279,1.7190412397364352e-05,3.812774427367866e-05,4.418758887841269,Not Significant
GLCE,-0.4529332894159559,0.039015188131901066,0.04965121339575181,1.3040701335806812,Not Significant
GLDC,1.4011576808816528,2.462304003771699e-19,4.87333016384992e-18,17.312174164551227,Up
GLDN,0.2546035898089869,0.5560351696988897,0.5904393696159602,0.22882469211164305,Not Significant
GLE1,0.7708386084321788,1.1062402774655803e-09,5.972274681237008e-09,8.22386022609735,Not Significant
GLG1,0.22157030023404545,0.0002846214397157966,0.0005048910695011331,3.2968023110250115,Not Significant
GLI1,0.07059920527103714,0.8698185151845442,0.8846594368469559,0.05322388541916852,Not Significant
GLIPR1,1.3275889430155878,5.72646568378123e-06,1.4002042548158279e-05,4.853808606986724,Up
GLIPR2,2.7084963969895046,1.4718687606321275e-07,5.097148812171899e-07,6.292672686921068,Up
GLIS3,2.1159535190742407,1.1591720754066962e-05,2.656996470454393e-05,4.575609022504739,Up
GLMN,-0.7359223049180557,0.000706433794080556,0.0011674235632492653,2.932771545147963,Not Significant
GLMP,1.6483169682399321,7.307129821058189e-30,3.3766984319880823e-28,27.471507723839466,Up
GLO1,-0.4600697910931437,0.005022389301825258,0.0072747016285532205,2.1381848145386515,Not Significant
GLOD4,0.1898119750946421,0.18482343050840522,0.21264404282111402,0.6723467794496385,Not Significant
GLRX,0.3727976008514151,0.006083740610378627,0.008706055151145482,2.0601785859998603,Not Significant
GLRX2,-1.129243380911305,0.0001928765907652734,0.00035187228818713587,3.4536149348167307,Down
GLRX3,-0.22922546567446744,0.0003256088175060784,0.0005721582465648412,3.242483838156263,Not Significant
GLRX5,-0.45870836090328737,0.017238035054378556,0.02312329762154588,1.6359502309471392,Not Significant
GLS,-2.0421148475601427,2.285214359193653e-06,6.111295315772992e-06,5.2138667293857575,Down
GLS2,-5.548044816722966,6.4990020731009635e-52,1.309418937688382e-48,47.88292138231269,Down
GLT8D1,0.9702577743708751,6.107737768788579e-10,3.450888967065403e-09,8.462069013981928,Not Significant
GLTP,0.8710516233372019,5.3680445497079806e-05,0.00010837210579911463,3.965082487691123,Not Significant
GLUD1,-1.0514930602287471,2.267079610008001e-07,7.537478544957295e-07,6.1227739110468065,Down
GLUD2,-2.1882199765636496,6.979683246713496e-17,1.0702180978294027e-15,14.970527709200871,Down
GLUL,-0.4395447513671371,0.014447764517029773,0.019583797059278516,1.7081030999681601,Not Significant
GLYR1,-0.17795972565066975,0.00028121829595797174,0.0004992938162637658,3.3016438126333627,Not Significant
GM2A,0.8595857532792088,3.692379987481457e-09,1.7969582605743093e-08,7.745462010488567,Not Significant
GMDS,0.37544075556101575,0.00018277503365657575,0.0003350210496827409,3.4749279049814787,Not Significant
GMEB1,0.15641890581443718,0.005980884132172545,0.008570615469062052,2.0669879896030823,Not Significant
GMEB2,0.4402372619329107,0.00010067075611419922,0.0001935045214833892,3.713308882674299,Not Significant
GMFB,-1.424952020267991,8.348612981168853e-08,3.0351471372174316e-07,6.517820250442858,Down
GMFG,1.9889275530353068,3.1786362268636155e-10,1.904912632327428e-09,8.720124938186894,Up
GMIP,1.2384555206006382,1.1115646860597163e-05,2.5560152128202653e-05,4.592436565684125,Up
GMPPA,1.147421892320823,3.1548861976585256e-09,1.5571937067717778e-08,7.807657360104026,Up
GMPPB,0.9558914878455802,2.865794976610629e-08,1.1515763300508766e-07,6.938707270360418,Not Significant
GMPR,0.7866786277032958,0.011520578643603716,0.01583333004852167,1.8004277351943154,Not Significant
GMPR2,-0.190421019347486,0.08794600671125836,0.10619298473081827,0.9739041724572526,Not Significant
GMPS,-0.4979809514072251,0.0006606832212206789,0.0010982265718763892,2.9593080526320312,Not Significant
GNA11,-0.3027314744955767,0.021177163940041932,0.028011915642329622,1.5526571901965978,Not Significant
GNA12,1.10829482632386,0.0002166017818648656,0.0003921722412844457,3.406523149790199,Up
GNA13,0.9268067395785984,4.606933139239915e-05,9.410025232097101e-05,4.026409212051399,Not Significant
GNA14,-1.1524107586013574,0.00015322187051273434,0.00028499946889684006,3.545155949308636,Down
GNAI1,-1.9049119331786848,2.3660691527623042e-06,6.292444732029423e-06,5.201180590269875,Down
GNAI2,1.4928161159719906,1.844325299430812e-12,1.6355398826114437e-11,10.786338861146527,Up
GNAI3,1.0510511034088648,1.211689199219968e-05,2.7691826209033477e-05,4.557648402638191,Up
GNAL,-4.072714868623967,1.4708133570297106e-15,1.9368593148650072e-14,13.712901923419627,Down
GNAO1,-2.6362830380986537,6.863537916261383e-21,1.589500711917636e-19,18.79873927323406,Down
GNAQ,-1.1366174902990842,5.641133832751038e-09,2.6518330485830126e-08,7.576453821278379,Down
GNAS,-0.4270682023903163,0.004592865830378627,0.006686203811450042,2.174820389209345,Not Significant
GNAZ,-1.7202171612135544,9.223936890214619e-24,2.654912578057774e-22,21.575949774956218,Down
GNB1,-0.6919053836530757,4.873730391152399e-07,1.5107064603221312e-06,5.820819913587417,Not Significant
GNB1L,-0.023533861179624083,0.8749648343707916,0.8892651070875055,0.0509687481618486,Not Significant
GNB2,1.0170164833468363,4.402239262433245e-07,1.3802725904062408e-06,5.860035136193991,Up
GNB4,1.7281291294538441,9.124725117760487e-08,3.29117367835013e-07,6.482649198970026,Up
GNB5,-2.37287668735992,1.946244800600702e-13,2.0129846120381388e-12,11.696159544998315,Down
GNE,-0.08517015156609986,0.3051348945697077,0.33932320652337294,0.46938643767170823,Not Significant
GNG11,0.09271232158590337,0.6297441308712763,0.6611132111710336,0.17972416414995399,Not Significant
GNG12,1.8738414339729843,4.572110282534606e-07,1.4281996584884845e-06,5.84521107510986,Up
GNG13,-11.80956264485528,1.708098001488444e-36,1.5643072060904168e-34,33.8056779540841,Down
GNG2,-0.7965816631472507,0.01730141057904793,0.023202131279729612,1.634472120259399,Not Significant
GNG3,-4.914559526058712,2.325413554120985e-14,2.701985714442307e-13,12.568316951448436,Down
GNG4,-0.9152571125973541,1.6835862977685823e-05,3.74072526769314e-05,4.427044186778062,Not Significant
GNG5,2.171610606570539,2.2867851339692537e-07,7.595474262976018e-07,6.119445103517729,Up
GNG7,-1.3144250626078318,3.22409402295447e-07,1.0426813222228997e-06,5.981848406000839,Down
GNG8,-1.0789422038092589,0.004125544008867457,0.006054002963631576,2.217957370778104,Down
GNL1,-0.830571055214218,2.602334047632612e-06,6.85921329038486e-06,5.163725692345337,Not Significant
GNL2,1.1884944102007289,1.82705773672537e-10,1.140382877309255e-09,8.942949312185037,Up
GNL3,0.7812831991258875,0.00012116256840467412,0.00022973681801405742,3.6387693984532534,Not Significant
GNL3L,0.7807664865882806,5.238106998785848e-06,1.2920834942646578e-05,4.888709421382117,Not Significant
GNLY,0.5631896795602476,0.21253363182863977,0.24225659731180324,0.6157243870858745,Not Significant
GNPAT,0.4737348879538992,0.00021266594257133496,0.00038546180378978557,3.414018650622592,Not Significant
GNPDA1,0.6743994870250063,8.252783880837826e-05,0.00016102759019089724,3.7930997063216156,Not Significant
GNPDA2,-0.9631050775731111,4.925506423027753e-08,1.8838098597411383e-07,6.724962934362925,Not Significant
GNPNAT1,-0.21054380818958762,0.11679101187343445,0.13883289593028758,0.85750761725077,Not Significant
GNPTAB,-0.8307750138940797,3.2726083723341673e-06,8.418860250994484e-06,5.074746699498937,Not Significant
GNPTG,0.26211992829858843,0.0003121803821431416,0.0005506750428488895,3.2591046057388358,Not Significant
GNS,1.7161195104600964,1.644932168027832e-18,2.9433475418672075e-17,16.531158454650715,Up
GOLGA1,0.4444772152869483,0.0007987990729605805,0.001306135669697271,2.8840117100894993,Not Significant
GOLGA2,-0.027145322766987334,0.5880436541130911,0.6209593051923773,0.20693686054725366,Not Significant
GOLGA3,-0.11925278128562766,0.19750231426127782,0.22609526293955826,0.645708536729217,Not Significant
GOLGA4,0.012647034702755633,0.8797256533284835,0.8937430649083443,0.04878731513069289,Not Significant
GOLGA5,0.22094671938511112,0.05029912324949118,0.06299416548768542,1.2006996729883832,Not Significant
GOLGA7,0.13574429957515477,0.2968392992416113,0.3309820980460678,0.4801954954389681,Not Significant
GOLGA7B,-3.2051727744800207,3.3724055854176417e-19,6.520847191458219e-18,17.185695976864164,Down
GOLGB1,-0.21720300187577024,7.388337034581715e-05,0.0001455988014209237,3.836842200149503,Not Significant
GOLIM4,1.0767267693758313,8.45987752609533e-05,0.00016484488626283242,3.7829245207821613,Up
GOLM1,0.5764982990548297,0.0005089647008611676,0.0008626026911970731,3.0641891912512595,Not Significant
GOLPH3,0.46845280962708813,1.254142859520128e-05,2.8524596692522883e-05,4.544780487328681,Not Significant
GOLPH3L,-0.1541148960901495,0.15408234591282025,0.17957259980631088,0.7457599296995696,Not Significant
GOLT1B,-0.5912428596753792,0.0009689256106649183,0.0015645065878888262,2.8056226037688323,Not Significant
GON4L,0.2088031523088354,0.004109461515357715,0.006032160178597351,2.2195271346851446,Not Significant
GOPC,-0.5090068878834906,0.002016108338732384,0.0030941918653854413,2.5094527599661083,Not Significant
GORAB,0.9763828433481887,6.0137034767881625e-06,1.4619220276342653e-05,4.835075790080766,Not Significant
GORASP1,0.34524278399712927,2.5047668890166155e-05,5.38361886920277e-05,4.268925693371941,Not Significant
GORASP2,0.5040272099680934,0.0005831698387421271,0.0009780011578971513,3.009660631032393,Not Significant
GOSR1,-0.0643689440917612,0.1781084247339508,0.20536388586125906,0.6874759266109809,Not Significant
GOSR2,0.550617302049826,2.3532545987539652e-12,2.048978982527869e-11,10.688462496366489,Not Significant
GOT1,-2.915228094302229,1.572859782893544e-06,4.361406400459555e-06,5.360373443422042,Down
GOT2,-1.0437311105368323,0.0003473427670770999,0.0006071717916943788,3.2166884133247726,Down
GP1BA,-0.9029374140626327,0.42998115259209435,0.46576668077556543,0.3318315825099657,Not Significant
GP1BB,0.0,1.0,1.0,-0.0,Not Significant
GP5,1.0439575300350974,0.027554661279960695,0.035826749836644814,1.445792588764803,Up
GP6,-2.7757289142200516,5.382429317177753e-05,0.00010864073921308091,3.964007288027953,Down
GP9,2.223604387222724,0.22292248065688391,0.25326729109478385,0.5964208947506924,Not Significant
GPAA1,0.6540210687117245,1.217699266071322e-05,2.7810252564956917e-05,4.55579506697658,Not Significant
GPALPP1,-0.7505397319666507,7.735751954212439e-11,5.184961090268537e-10,9.285254498357885,Not Significant
GPAM,-0.6062888877846078,0.026721497131328067,0.03484239737263771,1.4578919704873514,Not Significant
GPATCH1,0.03415485110643246,0.6108549112448498,0.6429581418744768,0.19181729977354628,Not Significant
GPATCH11,-0.09249271982874774,0.43057688674002575,0.46626158841438453,0.3313703611416934,Not Significant
GPATCH2,0.21929076414071247,0.04577925266708312,0.05764752392102442,1.239219341804316,Not Significant
GPATCH2L,0.15959066911815611,0.036202157843422254,0.046305299405108656,1.3343693033515192,Not Significant
GPATCH4,0.5891894272480194,4.788320312203679e-06,1.1892884325724818e-05,4.924712805193358,Not Significant
GPATCH8,-0.41249061731810954,0.03669710395748143,0.04686102487864976,1.3291882173550422,Not Significant
GPBP1,-0.3563521875885769,3.0616154283152596e-08,1.2234317264913896e-07,6.912420261404439,Not Significant
GPC1,0.7299196131743848,1.4306864104779715e-05,3.2185651851619216e-05,4.492337690739006,Not Significant
GPC2,3.0053618963321718,5.429145813303288e-12,4.435783854275533e-11,10.353029624196108,Up
GPC4,1.0568785013059951,1.9430660247375525e-07,6.551768914355296e-07,6.183641428859084,Up
GPC5,-1.8064653982925183,1.323134151533722e-07,4.625001194500595e-07,6.334888150759554,Down
GPC6,1.4492152626400454,3.4419914711767773e-12,2.906506461075847e-11,10.536628707283038,Up
GPCPD1,0.6876355604676441,0.0001998213635689954,0.00036375143053741593,3.4391952900382448,Not Significant
GPD1,0.615064820931222,0.09872827484940988,0.11841750694522622,0.9265840863998432,Not Significant
GPD1L,-1.652424638906087,1.6868234666083286e-06,4.632651854430915e-06,5.334170335967942,Down
GPD2,-0.13184763218634998,0.22592712340487173,0.256478458550899,0.5909491051148928,Not Significant
GPHN,-0.9766580659673707,3.020034643587797e-18,5.272760658492802e-17,16.277961941745524,Not Significant
GPI,-0.8312331399935857,4.989119288414647e-09,2.3730116955377317e-08,7.6247001213296555,Not Significant
GPKOW,0.02452208069061612,0.7124951368139771,0.7401192006871525,0.1306983288748965,Not Significant
GPLD1,-1.8834251390778203,2.4533822963617672e-14,2.841545076912258e-13,12.546445450124626,Down
GPM6A,-1.7160879651781613,1.1323553482487918e-10,7.369087712053184e-10,9.132586274168755,Down
GPM6B,-0.14444259547637017,0.17705469382999464,0.20426580229539235,0.6898043358519802,Not Significant
GPN1,0.988905808059851,1.101119256174372e-06,3.1427378521706484e-06,5.5026918436416326,Not Significant
GPN2,0.361027188265318,2.663719836269705e-06,7.010008785418237e-06,5.154281437745714,Not Significant
GPN3,0.4014855641430053,0.011023099013112934,0.015186911851490658,1.8185305277965846,Not Significant
GPNMB,2.3829880378126234,4.7260736561282754e-08,1.8158072468282322e-07,6.740930254978935,Up
GPR107,0.2631109170760517,0.00045666319020454575,0.0007814548969119404,3.107096083015913,Not Significant
GPR108,1.0146669994205872,7.516553035769691e-07,2.2277656746791373e-06,5.652130491929961,Up
GPR155,-1.5910570311204175,1.2251561370994006e-08,5.366183880495375e-08,7.270334449644657,Down
GPR158,-1.793176231722569,3.1430401878917257e-07,1.0190855118384694e-06,5.991789372655558,Down
GPR17,-2.267513519437376,6.592736223597665e-06,1.59116494289705e-05,4.7982847983062475,Down
GPR180,-0.865802183363531,7.713344223763514e-08,2.819115459101359e-07,6.549887136890454,Not Significant
GPR37,0.08552835911552492,0.8348704314329254,0.8528173520842923,0.06914397173472696,Not Significant
GPR37L1,0.030612555883305248,0.8852364439357069,0.8984356171880225,0.046513039425132914,Not Significant
GPR84,2.9316968820447364,9.03715680575464e-06,2.118201899980741e-05,4.674032646745756,Up
GPR89A,0.3902228764546827,0.018066710676540986,0.024160897830276636,1.6168869311647351,Not Significant
GPRASP1,-2.5489959724071767,3.044884426069383e-13,3.043071994863389e-12,11.516687772715107,Down
GPRASP2,-2.0899875345689516,2.911573577088966e-06,7.590888254553376e-06,5.11970740177515,Down
GPRC5B,-0.3206938775485284,0.030749240424507693,0.03969277128125258,1.4012885783379905,Not Significant
GPRC5C,0.6781088587381632,0.001967857663677901,0.0030247479560407656,2.51931080807304,Not Significant
GPRIN1,-2.0063204623407245,7.274525471834067e-20,1.517258169839677e-18,17.818940515325888,Down
GPRIN3,0.20883460702082068,0.1188372596525861,0.1409924100506598,0.8508042657973706,Not Significant
GPS1,0.483105033700614,2.2403309304068898e-05,4.858793066290422e-05,4.313471596940683,Not Significant
GPS2,0.7734818481489256,0.002462006981677518,0.0037319076637705863,2.428069110266108,Not Significant
GPSM1,0.1527633590438029,0.12876614387292282,0.15189580016110354,0.8184542339849638,Not Significant
GPSM2,0.40470154995944796,0.0006330286551946054,0.001055641561402161,2.976483519615028,Not Significant
GPSM3,2.3757447126309224,7.055518187663288e-06,1.6919135972987374e-05,4.771621819296113,Up
GPT,-0.19427249396583868,0.572985772173513,0.6069672627629832,0.21683473229344224,Not Significant
GPT2,-0.01631205015584314,0.9195214713466695,0.929392926893383,0.031800637024852724,Not Significant
GPX1,1.995944323380936,2.2166964110637374e-10,1.3649755284264114e-09,8.864875134677908,Up
GPX3,0.6511931555412858,0.0066738628359073555,0.009492092927986827,2.0226380186727413,Not Significant
GPX4,0.014263619190856502,0.8984646991575943,0.9107600502428663,0.04059602761727247,Not Significant
GPX7,2.2281940080400915,1.0411913717476729e-09,5.645297028517791e-09,8.248313202640242,Up
GPX8,5.313880491226694,4.905836945155447e-07,1.5197232898368996e-06,5.818235480895247,Up
GRAMD1A,0.6861662688279893,0.00023961683114468167,0.0004307458881069813,3.365778859627982,Not Significant
GRAMD1B,-2.827634549855528,1.035683237577985e-39,1.3728253862316605e-37,36.86238469846508,Down
GRAMD1C,-0.7425437794207408,0.008929309090268652,0.012464162363221062,1.9043369023390573,Not Significant
GRAMD4,-0.091247557399452,0.4320853603630451,0.46764373875132326,0.3300848760174854,Not Significant
GRAP,2.269121610808538,6.107922618233004e-08,2.294228652351949e-07,6.6393633006866635,Up
GRASP,-1.3631993664394209,1.247138123624987e-07,4.3836948560356313e-07,6.358159684211682,Down
GRB10,0.293113421843497,0.02719154976956214,0.03541862844305262,1.4507682605131638,Not Significant
GRB2,-0.08865738719908123,0.22900195585161703,0.2596764636705527,0.585567411792422,Not Significant
GREM1,-1.7931478215209253,0.0003225970333605062,0.0005674598418148663,3.2460648673424326,Down
GRHPR,0.5659557483390003,1.709581188208747e-06,4.688897601419797e-06,5.328929251505963,Not Significant
GRIA1,-1.3015869394331503,3.2266001659739295e-10,1.9279223055765936e-09,8.714910471957696,Down
GRIA2,-2.423299590941099,2.1573088880355336e-17,3.433290637925745e-16,15.464289430741252,Down
GRIA3,-1.1643180529542754,1.4843238328181242e-08,6.349502459367211e-08,7.197260304254008,Down
GRIA4,-1.7056832859114408,3.891975234360757e-06,9.848721052738072e-06,5.006620162984767,Down
GRID1,-1.3593122837293095,1.4368654277690036e-16,2.1286738704919033e-15,14.671890870781072,Down
GRID2,-0.9669722824440772,0.0024198231234651983,0.003671832828104896,2.4351170996614986,Not Significant
GRIK2,-1.6655051309713045,2.7606792554208557e-12,2.3645733747817392e-11,10.626247204901507,Down
GRIK3,0.936628255379393,2.9011410737303473e-05,6.17105050184956e-05,4.209640899447735,Not Significant
GRIK5,-0.7619094012760605,0.0004875675879111597,0.0008298286671088061,3.081011566190443,Not Significant
GRIN1,-7.923502798662419,2.8404660199761134e-39,3.6221335044606797e-37,36.441035546517256,Down
GRIN2A,-5.103070120105528,4.1727440668737445e-20,8.905979603747056e-19,18.050318303814077,Down
GRIN2B,-4.959956614413162,2.864474272105697e-25,9.190036247513629e-24,23.036682775658054,Down
GRIP1,-3.828072781542085,2.7263491890682506e-37,2.8025756868034243e-35,34.552442649948965,Down
GRIPAP1,-1.0913762190494403,1.9585313481095118e-16,2.8594557682398873e-15,14.543716616990334,Down
GRK5,-0.47143403045126675,0.0006581387224729681,0.0010947617625031273,2.960680379899017,Not Significant
GRK6,0.03879955370008403,0.4788849899358428,0.5139875760295846,0.2890473785280812,Not Significant
GRM1,-4.6516021773709895,5.3426440691332864e-39,6.484553777403461e-37,36.18811990372469,Down
GRM2,-3.9618845954198907,1.4487879423137386e-45,6.6341316958493654e-43,42.17821591143984,Down
GRM3,-3.6013452054179016,2.5380627026443414e-32,1.4364294194628706e-30,29.842715708684125,Down
GRM5,-4.877986435270591,1.3554186391090798e-34,9.966779102470709e-33,32.001445167066755,Down
GRM7,-4.544429805654561,1.7337768862639138e-37,1.8006256033219245e-35,34.744576578859736,Down
GRN,2.34225497630165,1.0320024451065078e-16,1.5563462023956527e-15,14.807893789694631,Up
GRPEL1,-0.04827017059404071,0.7302547278560124,0.7572399514587205,0.12076648102578867,Not Significant
GRPEL2,-0.041161246727323686,0.8273905733775792,0.8461204584515006,0.07256780396248937,Not Significant
GRSF1,-0.5265469035961772,0.003803010067328405,0.005605197281384981,2.2514090973046743,Not Significant
GRTP1,0.580059250814605,0.04150575560263095,0.052647819433505945,1.2786196117074995,Not Significant
GRWD1,0.826558468660874,5.039073328568277e-13,4.895238641465461e-12,11.310226131614606,Not Significant
GSDMD,2.2443901084082896,4.208164718771257e-06,1.056919755096027e-05,4.975957984539238,Up
GSE1,-0.509355093500858,0.003125184398521528,0.004659332193385508,2.3316763248359225,Not Significant
GSK3A,-0.7717544312236626,2.103843924878784e-12,1.8493999737547005e-11,10.732969152870417,Not Significant
GSK3B,-0.7551027442517508,2.8692908383385666e-07,9.381770822922013e-07,6.027715180166946,Not Significant
GSKIP,-1.13860058409953,0.0001683248994997015,0.0003106255793295463,3.5077627839446754,Down
GSN,1.4286809097321616,9.50179442636562e-06,2.2152528824625607e-05,4.654576689671497,Up
GSPT1,0.15950363864382666,0.003283385034585302,0.0048785871443086035,2.311705932970978,Not Significant
GSPT2,0.32882937247640953,0.06270843804944146,0.07745522375062203,1.110949287142128,Not Significant
GSR,-0.027211312220419615,0.7444642280854131,0.7703094323882962,0.11333478419889348,Not Significant
GSS,0.7505076282583154,7.692622649516235e-05,0.00015091622311826008,3.8212640721393654,Not Significant
GSTA4,-0.8677755312596389,1.7298781312085802e-05,3.833066182984731e-05,4.41645368200917,Not Significant
GSTCD,0.9385084405291977,6.032880399973332e-09,2.8241281203220884e-08,7.549115604827476,Not Significant
GSTK1,0.9845134690188928,2.2809708158453676e-07,7.578660949480948e-07,6.120407521758956,Not Significant
GSTM1,-0.28421286824984726,0.785689620910477,0.8075744557751399,0.0928174265923792,Not Significant
GSTM2,0.6286119301844231,0.00027489970235501665,0.0004894555676077125,3.3102867269836898,Not Significant
GSTM3,-1.3816165946219883,3.8577996408189726e-06,9.774515488332579e-06,5.009904760884387,Down
GSTM4,-0.01715766578639233,0.8358721194910327,0.8535809155349886,0.06875530348342133,Not Significant
GSTM5,-3.203718265950835,9.413767423608076e-06,2.1958413571400286e-05,4.658399039544097,Down
GSTO1,-0.36056254893867745,0.05332240513649471,0.06651435232108069,1.177084633474136,Not Significant
GSTP1,0.9898840161304747,2.182703395692632e-09,1.112781073289857e-08,7.9535902696404515,Not Significant
GSTT2B,1.0097565336502328,0.0011580114692335678,0.0018464399400219946,2.7336648142741695,Up
GSTZ1,0.8625400970033343,1.035810878895605e-07,3.6817442394220716e-07,6.433946384019306,Not Significant
GSX1,3.473749080053336,0.03231956838418318,0.04161392278914383,1.3807613429578782,Up
GTDC1,-1.8592030531489954,2.4075055289660695e-10,1.4707829411039528e-09,8.83245141594445,Down
GTF2A1,-0.8062097779584114,2.007697892240228e-05,4.391130822064276e-05,4.357423624053825,Not Significant
GTF2A2,0.21945560130463448,0.022536462839977154,0.029696838018303445,1.5272897898850686,Not Significant
GTF2B,0.17350377314448906,0.2540352086867318,0.2860345023259345,0.5435815778289553,Not Significant
GTF2E1,0.302232678039708,0.00012376195262602172,0.00023431270640002685,3.6302041596753845,Not Significant
GTF2E2,0.3066463523669647,0.00035651887051766165,0.0006215941678080519,3.2064930690151585,Not Significant
GTF2F1,-0.0006685419039662577,0.9913692547680996,0.9930450305790827,0.003031057558394293,Not Significant
GTF2F2,0.6850762099179306,3.6312278729577634e-06,9.24930204606233e-06,5.033891037961521,Not Significant
GTF2H1,0.04762080285924952,0.6995092485078143,0.7276803148975342,0.13805937339105415,Not Significant
GTF2H2,0.6298167476386336,0.00692813165103001,0.009828756267071725,2.007501434408087,Not Significant
GTF2H3,0.3741955678342457,4.179397642729726e-06,1.051267212306099e-05,4.978286880470261,Not Significant
GTF2H4,0.375195859869919,0.08497805079334936,0.10285580724404679,0.9877711829887458,Not Significant
GTF2H5,-0.9598333695907648,5.170279268474969e-05,0.0001046311638220507,3.9803389439563515,Not Significant
GTF2I,0.5539914389379206,9.47583861684459e-07,2.7415163189572773e-06,5.562009164622009,Not Significant
GTF2IRD2,1.043831279195583,0.0016641376286935091,0.0025815402635445657,2.588121096997211,Up
GTF3A,0.20854329537702299,0.07721516891099622,0.09414979564383635,1.026180618301066,Not Significant
GTF3C1,0.14888053386428268,0.005285418948404975,0.007633736270427487,2.1172628480909452,Not Significant
GTF3C2,0.6332671450405698,2.947732181631834e-09,1.4628302461950295e-08,7.834806068555624,Not Significant
GTF3C3,0.4027603141756444,8.238316834602795e-05,0.00016077645058463496,3.793777563361985,Not Significant
GTF3C4,0.2076386289752783,0.042828522425177415,0.054168805387474865,1.266250742026762,Not Significant
GTF3C5,0.6623994736109502,1.520045174401433e-07,5.249549224175535e-07,6.279877987614654,Not Significant
GTF3C6,0.6921254955843352,3.382122897105777e-06,8.67644539719286e-06,5.061658161985395,Not Significant
GTPBP1,0.18832605637555488,0.0355962589002791,0.045593987560255775,1.3410924235978996,Not Significant
GTPBP10,-0.2953676580982254,0.034466824240051964,0.04422042631103967,1.354377074881691,Not Significant
GTPBP2,1.1215151544507833,8.353757552217393e-08,3.035642911094532e-07,6.51774931672324,Up
GTPBP3,0.33070268227799104,0.021783708557365392,0.028761347314141414,1.541190773456343,Not Significant
GTPBP4,-0.052974414841742146,0.5794716534039096,0.6128067852604435,0.21267643465343108,Not Significant
GTPBP6,0.22859146521540552,0.11856368477399262,0.1407341298943327,0.8516005676163277,Not Significant
GTPBP8,-0.13430416173425996,0.21142582775883506,0.2411302828985061,0.6177482443308012,Not Significant
GTSE1,4.959258179612673,6.547258929124874e-11,4.4475446022929183e-10,9.351879687891016,Up
GUCY1A2,-1.67771526904502,4.764036421433047e-07,1.480348640022101e-06,5.829635990951909,Down
GUF1,-0.2147551682875104,0.023526658532786585,0.03091268528228669,1.509863267579015,Not Significant
GUK1,-0.44085701502069696,0.001062427292157613,0.00170373965953451,2.7685967670021596,Not Significant
GULP1,-2.4264754031031472,8.44379178941836e-12,6.661140053766684e-11,10.176451434990701,Down
GUSB,2.0854476879455888,5.291292033670831e-07,1.6261280032702853e-06,5.788845271210634,Up
GXYLT1,0.037861091123186696,0.7346459969575158,0.7612328440694205,0.11848248195833339,Not Significant
GYG1,0.28483327499243316,0.010299299350661963,0.01425207989815503,1.8461217516290083,Not Significant
GYG2,1.140462750177667,2.8750423656648365e-05,6.118119305388162e-05,4.213382058380018,Up
GYPA,-3.635017180895848,3.1242796246588724e-11,2.2369575649476533e-10,9.65034225438521,Down
GYPC,2.8113080914616173,4.8145599598650554e-11,3.3314296287224866e-10,9.477369356095467,Up
GYS1,1.0431708672798798,8.748816229883279e-05,0.0001700474140456187,3.7694299681079575,Up
GYS2,-1.0873116682774686,2.2916783881156954e-05,4.959477568609563e-05,4.304564069683163,Down
GZF1,0.19852068993962035,0.0073202604565838275,0.01036025622922527,1.9846295035133192,Not Significant
H1F0,0.32726014065787723,0.0007642812157252709,0.001254377479181554,2.9015717518176234,Not Significant
H1FX,0.0027749167481658787,0.9806757993324126,0.9838008367331931,0.00709281240440242,Not Significant
H2AFV,-0.05800510444882434,0.48926073806379383,0.5242859988570002,0.2804317400362984,Not Significant
H2AFX,1.4986794729535298,7.522311248980177e-08,2.7561367257553866e-07,6.559699241855762,Up
H2AFY,1.0131467068348634,4.465018068273432e-10,2.5836066639739547e-09,8.587773603938695,Up
H2AFY2,-0.7980628239215086,2.3335653843459767e-06,6.216006590369894e-06,5.20648853375673,Not Significant
H3F3A,1.3315761036191525,1.085698869982536e-18,1.9958632146357787e-17,16.69986922615711,Up
H6PD,1.5767338755084204,2.4009139811544853e-09,1.2135879300627337e-08,7.915928751546654,Up
HAAO,1.5688739848618969,2.2676531815170333e-09,1.1502687890535042e-08,7.939200664026555,Up
HABP2,-2.360802192022806,1.1474104315460247e-10,7.452619398707061e-10,9.127691057390704,Down
HABP4,-1.7000249437723483,3.534718490747095e-10,2.097099768892004e-09,8.67838090761355,Down
HACE1,-1.021756040184151,1.0279392899889259e-07,3.660466739960565e-07,6.436463534915514,Down
HACL1,-0.19558647954633557,0.017758507961404855,0.0237739812894608,1.6238980834271208,Not Significant
HADH,0.634197105429319,3.151828458348856e-06,8.13724241143167e-06,5.089522746019997,Not Significant
HADHA,0.6711657486626024,1.7998143990718254e-07,6.117182947452621e-07,6.213448530801686,Not Significant
HADHB,0.4386916852992826,0.0008672029700967281,0.0014092922601636455,2.8509989332112027,Not Significant
HAGH,-1.1275587722663687,3.279055682392721e-11,2.336518639305516e-10,9.631430750092164,Down
HAGHL,-0.4711223047617068,0.034358120584662984,0.04410342848749935,1.3555276482798653,Not Significant
HAMP,1.9166699502003581,0.005275921270359921,0.007621111396272705,2.1179816903307005,Up
HAPLN1,0.3391599300028112,0.272287021978119,0.305356724858908,0.5151925111128337,Not Significant
HAPLN2,-1.516039517175951,0.00026098370632974627,0.00046607868419887684,3.3315407587848376,Down
HAPLN3,1.8718247592781179,0.00011691876956421953,0.00022244375535220918,3.652779781663043,Up
HAPLN4,-3.5177392559086202,4.570915927608549e-09,2.1927336692727866e-08,7.659014114783641,Down
HARS,-0.38375875799521353,0.0005505365664470961,0.0009275974862666073,3.0326404369443787,Not Significant
HARS2,0.48775145992613034,9.719012529664835e-05,0.00018742215203645398,3.7271790797308824,Not Significant
HAT1,1.182731897800064,2.5108644079783127e-12,2.1711972571651092e-11,10.663300718320489,Up
HAUS1,1.2973929240444484,8.376264789967772e-11,5.566127407264864e-10,9.254446856996081,Up
HAUS2,0.40503036556697225,0.0014863467550264402,0.00232471001554671,2.633631213312682,Not Significant
HAUS3,-0.2642837740401376,0.0446342167216656,0.056311220946031214,1.2494050561366055,Not Significant
HAUS4,1.311598101335802,2.0891919710658624e-06,5.628916800352366e-06,5.249575170493271,Up
HAUS5,1.207014742265633,0.0002631816433418388,0.0004695876505536104,3.328283332899591,Up
HAUS6,0.3868390389219165,0.0002999579555914385,0.0005306948445079297,3.2751551313505147,Not Significant
HAUS7,0.26872557788405693,0.18665272033903532,0.21462612769038258,0.6683174099513587,Not Significant
HAUS8,1.9864098392441232,3.4706901966502763e-07,1.112431849858571e-06,5.953726585413945,Up
HAVCR2,2.398598471647805,2.0648191674328732e-10,1.2792735727379313e-09,8.893036571685776,Up
HAX1,0.046712628773093456,0.7025793283650517,0.7305722702260043,0.13633681599541228,Not Significant
HBA2,1.7707892574274702,0.002941943311751972,0.004405698962775289,2.355985181100836,Up
HBB,0.9072333474488588,0.11612514902060445,0.13809995882818665,0.8598064508977917,Not Significant
HBD,-1.0938682042660286,0.5784676302135584,0.6118092290573636,0.21338397602990342,Not Significant
HBE1,-1.340728885867982,0.3805196661055728,0.4165784738478092,0.38030317541239583,Not Significant
HBG1,-0.6171320363414354,0.7140868876845321,0.7416197223230904,0.12981872926512822,Not Significant
HBG2,1.414750400933812,0.036109065180800044,0.046197958170101555,1.3353772187091069,Up
HBM,-2.8186186899894077,0.10115461147572154,0.12119785394938377,0.9165050701548159,Not Significant
HBP1,1.0783395201632686,1.149596118531046e-06,3.268707676568376e-06,5.485623917024385,Up
HBQ1,-6.666838058271433,4.737465358036798e-16,6.619310127165424e-15,14.179187270919437,Down
HBS1L,-0.6346767790784149,9.189791626793853e-05,0.00017803454009292553,3.749495732991366,Not Significant
HBZ,-3.6931809420481194,0.02465181440764162,0.03230680087714085,1.4907060450833123,Down
HCCS,-0.30568133744896286,0.038673642367817264,0.04924143999158129,1.3076692552684732,Not Significant
HCFC1,-0.36100370370018453,0.010169327785195201,0.01407996263167351,1.8513984978131912,Not Significant
HCFC2,0.009656845119103252,0.8816941560722642,0.8953817468016119,0.04799176336349494,Not Significant
HCK,2.6001867048119287,1.8906175746245304e-07,6.3848747726341e-07,6.19484761619028,Up
HCLS1,2.8270749649140203,6.663205699151163e-07,2.0031373981870734e-06,5.698289260777342,Up
HCN1,-7.645154137302519,1.5446462665025031e-30,7.590617799388398e-29,28.119722875494997,Down
HCN2,-3.438648931083245,8.684358837375921e-20,1.792750633764857e-18,17.746480115296453,Down
HDAC1,1.8690660741909078,6.777544081262986e-07,2.0362952303800575e-06,5.6911592559866575,Up
HDAC10,-0.026812159055271678,0.9148767519311506,0.9253482328267482,0.03369480008848951,Not Significant
HDAC11,-1.6565559872819122,2.9569511142584128e-12,2.5180325887607143e-11,10.59893865348655,Down
HDAC2,0.4136394812021127,0.0025641975642158813,0.0038768912294628232,2.4115163834412674,Not Significant
HDAC3,0.8084626970971058,6.69650088301744e-08,2.484734802781499e-07,6.604719956964722,Not Significant
HDAC4,-0.9129649116426108,0.00033516162358518745,0.0005879188918678702,3.2306825842025737,Not Significant
HDAC5,-1.2092493764416155,1.6293278921210305e-07,5.584841505691481e-07,6.252989147379226,Down
HDAC6,0.6809388722972578,0.0004195981440928333,0.0007237746711302674,3.140396619322368,Not Significant
HDAC7,0.8748856698947929,0.00539955449347031,0.007787122058999679,2.10862301791531,Not Significant
HDAC8,0.38577534732102947,0.0037889108858325054,0.00558605126062881,2.2528950832955785,Not Significant
HDAC9,-0.5034361379155676,0.010399866279126967,0.014385315515024723,1.8420806082309735,Not Significant
HDDC2,-0.2824375424060861,0.05405310111530503,0.06737576597817159,1.171496284392185,Not Significant
HDDC3,-0.3696813759593738,0.00013803162818862795,0.00025904072696949294,3.5866319497889863,Not Significant
HDGF,0.5758679210886903,2.990215674415726e-08,1.1967990744562584e-07,6.921978755340823,Not Significant
HDHD2,-0.06309394209870689,0.5731137906616449,0.6070390418594691,0.21678337627422312,Not Significant
HDHD3,-0.0938441037582578,0.34797642399755346,0.3834515965162277,0.41628944968794823,Not Significant
HDLBP,0.5462785666321217,3.5387337278928074e-07,1.1310026514845222e-06,5.9465363769279955,Not Significant
HEATR1,1.0727907017654807,9.058078621127962e-09,4.088310216363938e-08,7.38845615784802,Up
HEATR3,0.7567035005383858,1.5481182033803415e-05,3.462642713333383e-05,4.460592318047087,Not Significant
HEATR5A,1.0066916009759286,2.2488219981681653e-05,4.875109276855196e-05,4.3120156450314315,Up
HEATR5B,-0.2667909733628733,0.046247179970976576,0.0581785827956566,1.2352368621800986,Not Significant
HEATR6,0.6815835594628012,5.001485857849466e-10,2.8627823029531545e-09,8.543211676156135,Not Significant
HEBP1,-0.10032095417845177,0.3445702890290167,0.3799891725975166,0.4202287779835704,Not Significant
HEBP2,1.0510472427340396,0.00026328751794932196,0.0004696102081836879,3.328262471152136,Up
HECA,-0.59250945547371,3.363198880304204e-07,1.0814192633317763e-06,5.966005898599693,Not Significant
HECTD1,-0.2965952277853603,0.017757044199028703,0.0237739812894608,1.6238980834271208,Not Significant
HECTD3,0.45114872773055126,5.804443965381647e-05,0.00011641243979146867,3.9340006086541353,Not Significant
HECTD4,-1.4717401941408568,3.846278636597485e-12,3.21822350374444e-11,10.492383797691243,Down
HECW1,-4.93264858487764,1.885938992009186e-44,6.332983135166846e-42,41.198391668504144,Down
HECW2,-2.106431778229492,1.775975632612206e-12,1.5777053371195207e-11,10.801974105317083,Down
HEG1,1.159309874326926,0.00012896403647009517,0.00024348274890418473,3.613531803735279,Up
HELLS,1.64662630014449,8.295933622177373e-07,2.4358273188520794e-06,5.613353503037467,Up
HELZ,0.004620110250012743,0.9318987859890571,0.9400862573477043,0.026832296005127727,Not Significant
HELZ2,2.6277449132410116,1.1135400003264338e-05,2.559973063278981e-05,4.591764604426762,Up
HEPACAM,0.29955782807370923,0.12478847382912181,0.14756650843462532,0.8310121984241616,Not Significant
HEPH,-0.22276949017351555,0.3283224657728175,0.3633040993184714,0.4397297017757449,Not Significant
HERC1,-1.160430246555844,2.589822224244542e-07,8.534468134458461e-07,6.068823538810191,Down
HERC2,-0.40919588896073833,8.383081999058155e-07,2.458549288457405e-06,5.609321080645936,Not Significant
HERC3,-1.0115280789878547,1.2864454131276067e-07,4.5077047275991336e-07,6.346044539692084,Down
HERC4,-0.8037601368819871,2.7403986948126155e-07,8.983656508799963e-07,6.046546861731528,Not Significant
HERC5,2.0130103979467187,8.337348019927761e-08,3.032145991074089e-07,6.518249892224846,Up
HERC6,-0.3809119080321146,0.007801019223170414,0.01099432955431152,1.9588312492264008,Not Significant
HERPUD1,0.6587021389796384,9.479411967258149e-09,4.2537013878912514e-08,7.37123300106774,Not Significant
HEXA,1.0383850356005198,3.1932527705391426e-08,1.2709928253817197e-07,6.895856900984877,Up
HEXB,1.2633427667106503,3.270949757405897e-08,1.2988390956289716e-07,6.886444647394058,Up
HEXDC,0.7281106069727201,0.005911958700846615,0.00847425611160057,2.071898414753948,Not Significant
HEXIM1,-0.6508003353721783,4.010703367884604e-10,2.3381843592632814e-09,8.631121248925183,Not Significant
HEXIM2,0.1767174071005453,0.13381195135752724,0.15749755788944145,0.8027261758639831,Not Significant
HEY1,1.6253030348187458,2.1751504352078224e-07,7.260591611757323e-07,6.139027990422008,Up
HFE,2.2786136271605937,8.625765462116204e-09,3.908950124397599e-08,7.407939870840992,Up
HGF,-0.4995583079518955,0.27434551499396137,0.3074725323310863,0.5121936753027359,Not Significant
HGFAC,0.5335948294346373,0.33090142264260775,0.366037216613773,0.43647475573048344,Not Significant
HGH1,0.8095222915289959,5.570781024245884e-06,1.3647871604633521e-05,4.864935071878593,Not Significant
HGS,0.10661578139598049,0.049276482657808436,0.06177442591526872,1.209191281911143,Not Significant
HHATL,-2.7081869546261252,4.920248553049764e-10,2.8178842480627243e-09,8.55007685063763,Down
HHIPL1,-1.7111347265335262,1.6970011635125834e-12,1.5102111061153503e-11,10.820962340248052,Down
HIBADH,0.5779325954648904,3.9393270304946165e-10,2.3005669858088562e-09,8.638165116824911,Not Significant
HIBCH,0.20507478995952155,0.25502350175402266,0.28701896510669467,0.5420894058128227,Not Significant
HID1,-2.1852045322037412,4.346853960729025e-18,7.472731535901739e-17,16.126520619854197,Down
HIF1AN,-0.6093193183490726,1.3025187930720896e-06,3.670067231864041e-06,5.435325979845971,Not Significant
HIGD1A,-1.108425077577504,1.9015375994262672e-05,4.177991227179982e-05,4.3790324762732125,Down
HILPDA,1.916955626710891,0.004035496493372283,0.005929637058668666,2.2269718881266756,Up
HINT1,-0.5736087736108395,0.02768203664088825,0.035983075757459126,1.4439017168270287,Not Significant
HINT2,0.7290999572688968,0.0006688421354788693,0.0011104386802672538,2.9545054187065407,Not Significant
HINT3,-1.3138597525744338,6.2511556465874235e-18,1.0619585494725415e-16,15.973892434371937,Down
HIP1,1.6803162310492894,1.4002215451018922e-06,3.919375339082096e-06,5.406783144307881,Up
HIP1R,-0.5639103786077122,0.001331824677375596,0.0021019586087861124,2.6773758402358347,Not Significant
HIRA,-0.0396207456138562,0.4776034944075868,0.5129400429277217,0.2899333961891987,Not Significant
HIRIP3,0.4991684712494049,1.2557894767020796e-06,3.546628311829759e-06,5.450184323391486,Not Significant
HIST1H1B,7.721380605904811,1.032927982196909e-07,3.673037943046827e-07,6.434974585302745,Up
HIST1H1C,1.7936731755702482,1.1027515099579604e-14,1.3256704906105602e-13,12.877564410993926,Up
HIST1H1D,3.4081420373107925,1.1259711560270111e-10,7.332277586177189e-10,9.134761101829978,Up
HIST1H1E,1.3843363989729482,7.024220416911005e-08,2.5896747588775114e-07,6.586754776186833,Up
HIST1H2AB,4.538809557982081,4.487095561315176e-11,3.117448323082006e-10,9.506200736946882,Up
HIST1H3A,1.7416878314065123,1.7246143616971946e-09,8.981795196954457e-09,8.046636851950504,Up
HIST2H2AA4,5.90264023762933,0.009984127270678494,0.013840663014285833,1.8588431052153216,Up
HIST2H2AB,1.3313945637494626,5.632836012077497e-07,1.7226833632564877e-06,5.7637945404437305,Up
HIST2H3A,3.8257039670406057,0.029810855936073785,0.03855129174582892,1.4139610653773127,Up
HIST2H3PS2,0.9455374934792489,0.6122165342191486,0.6442566975581012,0.19094105791884058,Not Significant
HIST2H4B,1.8121204558650668,0.13403223324476918,0.15771997637049465,0.8021132966645294,Not Significant
HIST3H2BB,-0.1786056275620762,0.3168828499883302,0.35161117202141634,0.45393733419505294,Not Significant
HK1,-1.0523871214182101,1.6035193632019486e-06,4.42813982042117e-06,5.35377867454158,Down
HK2,3.945391553862489,1.3235911331798709e-08,5.7448759481490816e-08,7.240719344802675,Up
HK3,3.825130682464355,1.34225929866341e-05,3.033861380914335e-05,4.518004266291309,Up
HKDC1,1.9035943476803538,2.74827781330392e-06,7.208057977407886e-06,5.142181728803819,Up
HLA-A,3.1772033453482287,1.5393723229257492e-06,4.273253453059796e-06,5.369241347762976,Up
HLA-B,3.212122155684362,4.012889652071457e-06,1.012671602078353e-05,4.994531368586405,Up
HLA-C,2.356426440071658,3.759466214177358e-06,9.544572238312173e-06,5.020243530727987,Up
HLA-DMA,2.9436699383085116,1.1618942833918274e-06,3.301811850744505e-06,5.481247678048247,Up
HLA-DMB,3.368245877606517,1.1270864232773239e-07,3.985352273813886e-07,6.39953328435276,Up
HLA-DPA1,3.5493315273263306,3.71985678480592e-06,9.453541183182351e-06,5.024405479507983,Up
HLA-DPB1,3.3625459640297173,1.882756791772542e-07,6.360460067175248e-07,6.1965114696646095,Up
HLA-DQA1,4.0897237696218856,1.1608228638908746e-05,2.6601750525106166e-05,4.5750897837306015,Up
HLA-DQB1,3.0510630773177176,2.652577949429209e-06,6.986162160143753e-06,5.155761337902742,Up
HLA-DRA,4.044696084225656,1.184984573076579e-06,3.3626857997671707e-06,5.473313710087132,Up
HLA-DRB1,3.51105314818388,4.794671323143019e-07,1.488490567314107e-06,5.827253913168021,Up
HLA-DRB5,4.280062870897609,5.598633134411229e-06,1.371277174715748e-05,4.862874752881475,Up
HLA-E,1.6496466907713554,3.2073805876100155e-05,6.769568832931761e-05,4.169438991498262,Up
HLA-F,1.8998973734639275,0.000718381292849483,0.0011846412087355856,2.9264131641354,Up
HLA-G,4.702941390924959,0.018141620672564855,0.024254636583333558,1.6152052281925362,Up
HLCS,0.08352833333386656,0.10360495949471396,0.12403046487816381,0.906471628519603,Not Significant
HLTF,-0.011909309582915029,0.9082909634478494,0.9193331825352793,0.0365270641170702,Not Significant
HM13,1.2455660184624442,1.5194911447385147e-08,6.483419649341719e-08,7.1881958671067885,Up
HMBOX1,0.16151895687709938,0.23562798094678392,0.2667696426228255,0.5738635930145236,Not Significant
HMBS,1.6242605363431029,1.5899719691578625e-05,3.5507376673235e-05,4.449681412700454,Up
HMCES,-0.7104977342527725,9.251555707487672e-06,2.1619153838374115e-05,4.665161308093919,Not Significant
HMG20A,-0.4669388136276318,0.00017503384883542283,0.00032194467649590097,3.492218751772569,Not Significant
HMG20B,2.3043504388138434,5.8208310941986076e-08,2.1945753159789213e-07,6.658649509941924,Up
HMGA1,0.4577995638417285,0.0021385754772700405,0.003267709594724464,2.485756546696781,Not Significant
HMGA2,4.803681012668052,7.174242843116353e-07,2.1446089733398855e-06,5.66865188119559,Up
HMGB1,0.31228835078181305,0.01681552939839609,0.02257189736451501,1.6464319331550585,Not Significant
HMGB2,1.530586861379497,5.044488186914449e-06,1.2461543402397293e-05,4.904428165571398,Up
HMGB3,0.6248478242025683,0.02732029792194561,0.035563339096224326,1.4489974692152043,Not Significant
HMGCL,0.7175753488253029,3.3647991654324423e-06,8.638375839084206e-06,5.063567904561558,Not Significant
HMGCLL1,-5.763379237883392,3.0875587815703273e-31,1.5709124831080544e-29,28.803848009206977,Down
HMGCS1,-0.9083501480306211,0.0008404661652366828,0.001369487337513795,2.863441978943652,Not Significant
HMGN1,1.546859969731706,6.60152280766242e-07,1.9869656637105233e-06,5.70180963776683,Up
HMGN2,1.4627348390209,2.1063889413796462e-07,7.054442219234892e-07,6.1515373193561125,Up
HMGN3,-0.375644417766253,0.0005838528155018022,0.0009786577809259825,3.009369146642182,Not Significant
HMGN4,0.7690512014221156,8.001191287206834e-09,3.652197599788022e-08,7.437445733280127,Not Significant
HMGN5,-0.2615891331729241,0.08317178837171012,0.10089987910122926,0.9961093541367313,Not Significant
HMGXB4,0.4488748911684368,5.437715889158991e-05,0.00010971269751129117,3.95974310679202,Not Significant
HMMR,3.072924682475012,8.302886933217044e-10,4.595784778309258e-09,8.337640317621098,Up
HMOX1,4.472558346605972,1.0437761338376314e-08,4.6485414554731646e-08,7.332683291670087,Up
HMOX2,-0.6186498203825046,0.0023575667553570666,0.003583842989809429,2.445651025280291,Not Significant
HMX3,4.80459286462839,1.9561055308836492e-14,2.2913729207118467e-13,12.639904223675137,Up
HNMT,1.3616863259246266,2.3559306645017918e-07,7.807120234931267e-07,6.107509132155091,Up
HNRNPA0,0.13485797024325308,0.2523862544132813,0.28436854121008787,0.5461184499062346,Not Significant
HNRNPA1,0.7898808358810214,2.7020861368612097e-07,8.872495352913894e-07,6.051954219447755,Not Significant
HNRNPA1L2,0.2980127791387357,0.009003260092118439,0.012557246893654152,1.901105566805454,Not Significant
HNRNPA2B1,1.0339248251349105,5.4246840646650705e-06,1.3335350724118088e-05,4.874995557735924,Up
HNRNPA3,-0.35619346726432966,2.5302485737466677e-05,5.4337506143517226e-05,4.26490029769882,Not Significant
HNRNPAB,1.5742014537256814,1.5658469424864223e-08,6.658650104942263e-08,7.176613805573778,Up
HNRNPC,0.1874040493565694,0.016121778914643614,0.021706869925971633,1.6634027961624773,Not Significant
HNRNPD,-0.17315965574322334,0.13917925960299024,0.16335685206111192,0.7868626441703684,Not Significant
HNRNPDL,0.07675887608441556,0.2758749114877443,0.3088989505754736,0.5101835671276693,Not Significant
HNRNPF,1.3885515796816463,2.5039960659452795e-12,2.167118244702126e-11,10.664117391577905,Up
HNRNPH1,1.4691257396060138,6.811846154449988e-08,2.5219602410852326e-07,6.5982617643979085,Up
HNRNPH2,-0.38409384413689907,0.0574354682640981,0.0713446248202866,1.1466387415237569,Not Significant
HNRNPH3,-0.2528321810909908,0.031612708716113685,0.04074023635744266,1.38997645573754,Not Significant
HNRNPK,0.5985041925968737,0.00026278297687403883,0.0004689593815817657,3.3288647716107826,Not Significant
HNRNPL,0.5584278632706123,2.4458478320240976e-08,9.947303617202567e-08,7.002294626075231,Not Significant
HNRNPLL,0.04365813023932219,0.5757683462635443,0.6094022189807675,0.2150959687392916,Not Significant
HNRNPM,0.9404501926782061,1.8569668386781207e-08,7.746204527057304e-08,7.110911040296007,Not Significant
HNRNPR,0.6532827930841982,4.592493430038455e-08,1.7671802450041025e-07,6.752719152010808,Not Significant
HNRNPU,0.4771258996105807,1.0485124191717762e-15,1.4121275549112934e-14,13.850126072482437,Not Significant
HNRNPUL1,0.7686938001684744,1.0294528655745379e-07,3.6645611900345914e-07,6.435978022156855,Not Significant
HNRNPUL2,-0.7878202991030143,1.3975774219819957e-06,3.913061408851202e-06,5.407483336531738,Not Significant
HOGA1,0.7765755083528436,0.0017156896690120904,0.002657419699512269,2.575539849884859,Not Significant
HOMER1,-1.9700489318143894,3.8806527045852183e-10,2.2728892643018305e-09,8.643421722688654,Down
HOMER2,-1.0164692863779443,1.4655719193794578e-09,7.71377822143608e-09,8.112732851675721,Down
HOMER3,1.9517883880377536,4.29438090484985e-07,1.348973908183891e-06,5.8699964503587445,Up
HOOK1,-5.132702133992581,2.816769522311269e-45,1.182339006990155e-42,41.927257982206044,Down
HOOK2,0.06325387285873774,0.7736906638630776,0.7968673701826647,0.09861395613339237,Not Significant
HOOK3,-0.5077722911724472,5.970373787837589e-06,1.45279095504048e-05,4.8377968726970515,Not Significant
HOPX,-0.5888878095120411,0.03276134470535295,0.042161188881160654,1.3750871511814713,Not Significant
HOXB4,8.121004399499533,0.0004862255991144639,0.0008279343362056107,3.0820041059136685,Up
HP,6.942826855501849,0.0004868782287840446,0.0008287954168250195,3.081552659207321,Up
HP1BP3,0.05428641178421856,0.4263392714912094,0.46231881819186693,0.33505842871083513,Not Significant
HPCA,-4.7914177405443805,3.8345361183750554e-25,1.2263211700479463e-23,22.91139577442367,Down
HPCAL1,-1.7886445524985817,4.9582412337327455e-06,1.2275576846552882e-05,4.910958090619368,Down
HPCAL4,-5.282782488085125,4.827428206417796e-36,4.22882710882199e-34,33.37378007016628,Down
HPD,7.510597585670368,0.0008003513093542262,0.0013081143455097694,2.883354291597818,Up
HPGDS,2.6153651483199223,2.7370417810019316e-05,5.842966497523513e-05,4.233366603845882,Up
HPR,-0.26709235167931666,0.5584116526660814,0.592712990091466,0.2271555545169766,Not Significant
HPRT1,-2.355000725331056,1.583897450543351e-07,5.445796217328914e-07,6.263938614069395,Down
HPS1,-0.6685133023051968,1.8619903688704345e-09,9.634150475603882e-09,8.01618657473177,Not Significant
HPS3,1.0137310948996898,4.5950738766319863e-14,5.143419359243403e-13,12.288748064833,Up
HPS4,0.25370863248627273,0.0022161464953208013,0.003380596576902143,2.4710066526234225,Not Significant
HPS5,0.7938557284818621,8.44941510387461e-07,2.475840830611775e-06,5.606277279122429,Not Significant
HPS6,-0.1079332830890003,0.2844532030738998,0.3178681716879054,0.4977529560497856,Not Significant
HPSE,1.8051099408699685,8.9070790729733e-12,7.004677172609915e-11,10.15461187542244,Up
HPX,2.057687756843647,9.625681257709271e-05,0.00018576458427234328,3.7310370800149752,Up
HRAS,-0.21834995210906882,0.10582722093249416,0.12649542283744022,0.897925188894538,Not Significant
HRC,-0.27456671949942546,0.23615692630834192,0.26733845102036596,0.5729385726126884,Not Significant
HRG,-4.565762140742175,1.2743061790471933e-17,2.0907753172184733e-16,15.679692635635265,Down
HRH1,1.3624339413425801,8.836789900624165e-09,3.993800872987341e-08,7.39861359242442,Up
HRNR,0.7278912932002721,0.26905474681662034,0.3018999241958825,0.5201369960239843,Not Significant
HS1BP3,0.6167577948265279,0.0002418363599899312,0.0004341934575901919,3.362316724764336,Not Significant
HS2ST1,0.1391029085338893,0.13320468229827084,0.15681944250003277,0.8046000944128878,Not Significant
HS6ST1,-0.6128501247793636,2.1810531813538036e-06,5.856058035436625e-06,5.232394627929004,Not Significant
HSBP1,0.22718887999870319,0.05791197817045929,0.07190993073945603,1.143211129540197,Not Significant
HSCB,0.36811446567063655,0.0012814735335494904,0.002028848715539457,2.6927503356457767,Not Significant
HSD11B1,-0.915234770507297,0.022956823751747624,0.03021124003593802,1.5198314485197433,Not Significant
HSD17B10,1.9954441995058616,1.4889110511606321e-12,1.3392223151243043e-11,10.873147322750901,Up
HSD17B11,0.3843744089976866,0.03209190971940436,0.04133136007584755,1.3837203033145435,Not Significant
HSD17B12,0.1291902478489284,0.21739436372458837,0.2474051988433691,0.6065911785740571,Not Significant
HSD17B14,0.49071156153630113,0.04644962824675066,0.05841867103093211,1.2334483270354872,Not Significant
HSD17B4,0.0007158281734156446,0.9928534392611899,0.9942351438486309,0.0025108896482582406,Not Significant
HSD17B7,0.31312548734801027,0.2779051636537207,0.3110339538548586,0.507192198860921,Not Significant
HSD17B8,1.140539613891498,9.643289885460743e-06,2.2440864473580856e-05,4.648960417073876,Up
HSD3B7,2.4261087276382938,8.79635736117614e-06,2.0676422125928196e-05,4.684524609939736,Up
HSDL1,-0.6129736877400767,0.001248855076876913,0.001981550229197087,2.7029949145048384,Not Significant
HSDL2,0.10909889713869703,0.5144123912770026,0.5493682211093527,0.26013646649540034,Not Significant
HSF1,-0.07526904381813537,0.5052992036041307,0.5402657797822132,0.26739253962795195,Not Significant
HSP90AA1,-0.7708430794645906,1.3726478518385826e-06,3.847538803400635e-06,5.414816991504854,Not Significant
HSP90AB1,-0.7208269624709089,0.0004044458750820113,0.0006994657073950528,3.1552335727435237,Not Significant
HSP90B1,0.9280625028222502,9.540115156117433e-09,4.2771303997653326e-08,7.368847508911945,Not Significant
HSPA12A,-3.4879354937400464,1.2585483391702914e-11,9.693131474618896e-11,10.01353589658754,Down
HSPA12B,-0.42332279113731985,0.0007847035130899422,0.0012851736613344296,2.8910381835674004,Not Significant
HSPA13,-0.2762244482177998,0.15333832057683344,0.17874684581011574,0.7477616130756806,Not Significant
HSPA14,-0.03096740205447901,0.6865327532635881,0.7152151971434733,0.14556326607255443,Not Significant
HSPA1A,0.44871297864498416,0.14579507326691934,0.1705061026341938,0.7682600724314522,Not Significant
HSPA1L,-0.583114912556665,9.95136937183747e-05,0.00019142657065474638,3.7179977808337843,Not Significant
HSPA2,-0.6071805184713703,0.0840311744224706,0.1017953404439597,0.9922721008380622,Not Significant
HSPA4,-0.35055632516031565,0.008527712401132263,0.0119416423031702,1.9229359417027188,Not Significant
HSPA4L,-2.056408392122041,2.6128626714111706e-21,6.193406718069678e-20,19.20807039914214,Down
HSPA5,1.1105810129761338,8.003654506940562e-08,2.914996945152539e-07,6.535361896035015,Up
HSPA6,4.323979977472366,2.958809450241835e-08,1.1856422594167163e-07,6.926046329688289,Up
HSPA8,-0.09934841488862389,0.5404995139185715,0.5750942229843355,0.24026099501508388,Not Significant
HSPA9,0.3064913424096112,0.006328357714330367,0.00902234299662668,2.044680666629712,Not Significant
HSPB1,1.5346819339558593,0.0006292771646491897,0.0010499069487704433,2.978849189907472,Up
HSPB11,0.3160597601223216,0.004364866654516435,0.006385661730699764,2.1947940911804653,Not Significant
HSPB2,-0.42097226324324133,0.0030183436186415093,0.00450804946096287,2.3460113276513517,Not Significant
HSPB6,0.5982270352130179,0.08771804434178325,0.10594887354002938,0.9749036563949045,Not Significant
HSPB7,0.589058129112173,0.022340389934886958,0.02946544752606065,1.530686958382758,Not Significant
HSPB8,-1.1760524190702029,4.71499453476436e-09,2.2575501398866997e-08,7.646362595284977,Down
HSPBAP1,0.6352557326724355,0.0003896846229495595,0.0006755606421603617,3.1703356601526522,Not Significant
HSPBP1,-0.013246542155933128,0.9264538970106534,0.9354612166468199,0.028974213236581402,Not Significant
HSPD1,0.5774426796518775,4.059257977623621e-06,1.0233474691336425e-05,4.989976880163319,Not Significant
HSPE1,0.5935031294851072,1.8495315565038755e-06,5.031644855581972e-06,5.2982900199284675,Not Significant
HSPG2,3.262023074463947,1.1351983928652844e-06,3.231418086952494e-06,5.49060684850981,Up
HSPH1,-1.2386189574560689,4.508454894115923e-08,1.736832680815442e-07,6.760242017648824,Down
HTATIP2,-0.12605285420277212,0.4612532883557748,0.4968101814279991,0.3038095124838737,Not Significant
HTATSF1,-0.23121688996160472,0.08221485178201042,0.09982311882029324,1.00076886539272,Not Significant
HTR2A,-5.66537555969051,3.878248954758808e-23,1.0530857134835642e-21,20.977536278977876,Down
HTRA1,0.6828691535888751,8.337091007393057e-05,0.00016254665145824977,3.789021972757726,Not Significant
HTRA2,0.46353580016194584,0.0005278570222519987,0.0008922200741890326,3.0495280097298543,Not Significant
HTT,-0.8036208914205822,4.760124202805242e-09,2.2769938850455842e-08,7.64263813569778,Not Significant
HUS1,0.45772606129751026,0.0028601712138332435,0.004290895727201206,2.3674520391031613,Not Significant
HUWE1,-0.24659286301049832,9.91631608224064e-06,2.3028346752533937e-05,4.637737239718107,Not Significant
HVCN1,0.9018277025566483,0.0003829159956901476,0.0006652001621973696,3.177047653557428,Not Significant
HYAL2,1.7866180313515478,1.3951204180976934e-10,8.906491186258658e-10,9.050293357531833,Up
HYI,0.5874249313876696,1.1973806425534938e-05,2.7377241473181788e-05,4.562610313445605,Not Significant
HYKK,-0.8916290269209437,6.213833265128314e-06,1.505849321936556e-05,4.8222184822690135,Not Significant
HYOU1,0.023612704068607826,0.7923267569477369,0.8134834640737364,0.0896512706736729,Not Significant
HYPK,0.31902757955423944,0.31677720257276754,0.3515326656442014,0.4540343126075312,Not Significant
IAH1,-0.12268128304599557,0.07888555535542503,0.09601221271602656,1.0176735213579617,Not Significant
IARS,0.5046165145194692,0.008040947252999114,0.01130173276271417,1.9468549661100316,Not Significant
IARS2,0.11483563922091733,0.13447355810271505,0.15822081573542998,0.8007363807350527,Not Significant
IBA57,0.012158591469210833,0.9303544878357325,0.9388351307680226,0.02741066767459868,Not Significant
IBTK,-0.33129609632603874,8.809241399075648e-05,0.000171089835847866,3.76677579037885,Not Significant
ICA1,-2.1546433804435097,2.2488272367206806e-13,2.288352079063044e-12,11.640477155477424,Down
ICA1L,-1.3727304689079496,4.117078565019854e-15,5.190919832792241e-14,13.28475567819971,Down
ICAM1,3.2532465981521295,3.5934768403434684e-05,7.50740059925759e-05,4.124510409309429,Up
ICAM2,-0.37419982650159334,0.08671157054217309,0.10484065790228657,0.9794702624065112,Not Significant
ICAM3,1.6908306703646776,3.44754654985683e-05,7.23252476952472e-05,4.140710070331278,Up
ICAM5,-3.9360913369034485,4.3620003615561816e-30,2.072773190675329e-28,27.683448217166706,Down
ICE2,0.49416210607570044,0.0025632354548774986,0.003876018308681465,2.411614180191821,Not Significant
ICMT,0.32889600166195265,0.00611385497730478,0.008744991486776708,2.0582406089694896,Not Significant
ICOSLG,-0.06256281072822922,0.9010629895732982,0.9127509861197995,0.039647689174010264,Not Significant
ID1,1.6588888434447675,4.8063178777293976e-12,3.9525588816527306e-11,10.403121651620575,Up
ID4,1.59247846641016,5.869567366816421e-05,0.00011762486901394197,3.9295008471910746,Up
IDE,0.017167962751670984,0.7777829802439851,0.800591166136498,0.09658920628604614,Not Significant
IDH1,2.292200601545492,1.677039072296422e-13,1.7471035795567897e-12,11.757681346478744,Up
IDH2,0.26963239430290287,0.01681577225736402,0.02257189736451501,1.6464319331550585,Not Significant
IDH3A,-1.373819034440718,7.311827708332521e-07,2.179915724585434e-06,5.6615602958701565,Down
IDH3B,0.1469459917195266,0.33571720586822984,0.3709977108289324,0.43062877010848505,Not Significant
IDH3G,0.007963804917494599,0.948203631116975,0.9543614127157964,0.020287128624581804,Not Significant
IDI1,-1.6107892133147566,1.0072172747950573e-07,3.593026496559988e-07,6.44453958010474,Down
IDNK,-0.23470393818630342,0.08065702396717218,0.09802616231696135,1.0086579994756022,Not Significant
IDS,-2.8720133748471888,1.2073489615478718e-12,1.1057121307848418e-11,10.956357925729833,Down
IDUA,0.446210938806054,0.09295915418625302,0.1118307283582891,0.9514388465138791,Not Significant
IER3IP1,-0.058861102221104744,0.7708350379613335,0.7944135214754449,0.09995337245301102,Not Significant
IFFO1,0.2607410359345792,0.01354884202950463,0.018422328870998737,1.7346554690418996,Not Significant
IFFO2,0.16990872014628877,0.06608634758571888,0.08135759141593224,1.0896019171434923,Not Significant
IFI16,2.6817992852756145,3.5165342073081825e-08,1.387475827857097e-07,6.857774574273555,Up
IFI27L2,0.7349089795531647,4.233987456088711e-07,1.3320796262535188e-06,5.875469814047899,Not Significant
IFI30,3.8550954538515114,1.3254033134765809e-07,4.6297201733575156e-07,6.334445257543447,Up
IFI35,2.3007034105154993,4.288027810519882e-07,1.3473983831309197e-06,5.870503978133512,Up
IFI44,2.5906159403065416,1.0157105094109814e-07,3.6181993181775907e-07,6.441507512545206,Up
IFI44L,2.2024007935402494,4.265846461883561e-05,8.773813241530214e-05,4.056811614179546,Up
IFI6,1.2235445730015186,0.0014940843739196393,0.002335724081760777,2.631578461579414,Up
IFIH1,1.6189897431702445,2.379552287794606e-05,5.132008081190936e-05,4.289712668428468,Up
IFIT1,-1.0527402285548142,1.8492707287915104e-05,4.072923769533379e-05,4.39009371826677,Down
IFIT2,0.8569721682220433,0.0010427841460828305,0.0016751726180255833,2.7759404344818415,Not Significant
IFIT3,0.8009582867611016,0.000683577577923971,0.0011322526340029734,2.946056660327826,Not Significant
IFIT5,-0.28499658910294556,0.025365236901030597,0.03317271148136859,1.4792190285327307,Not Significant
IFITM1,0.4995242735015566,0.15171178553561276,0.1769736599682449,0.7520913674330726,Not Significant
IFITM3,1.5628372521396976,0.0006641791117847195,0.0011035692515453182,2.957200408655186,Up
IFNAR1,-0.01797286308167756,0.6894967883917228,0.7180802901125003,0.14382699363608753,Not Significant
IFNGR1,1.1451096109572596,1.31990901502842e-06,3.712105923337885e-06,5.430379639871059,Up
IFRD1,1.2677067364571677,8.8338040353063e-09,3.993800872987341e-08,7.39861359242442,Up
IFT122,0.009926294289172688,0.9188216552895838,0.928871987494959,0.03204413418213793,Not Significant
IFT140,0.15902854968476987,0.3554827248258037,0.3912096318434724,0.40759046113143166,Not Significant
IFT172,-0.34302668382684587,0.07008130838873858,0.08588796845597961,1.0660676696861726,Not Significant
IFT20,-0.12326645370293932,0.46977964478697093,0.5053994170850006,0.2963652633201675,Not Significant
IFT22,0.4538196592578352,0.004498495166357495,0.0065658997835244,2.1827057502686493,Not Significant
IFT27,0.5398746325592292,2.2185902806529207e-06,5.948916286211744e-06,5.225562142470581,Not Significant
IFT43,0.24132488004525499,0.00985263619569193,0.013677202292324721,1.8640027296089996,Not Significant
IFT46,0.0661218983554761,0.49778143193120167,0.5328498719875598,0.27339513422180933,Not Significant
IFT52,0.9796099415454194,6.386055092230475e-07,1.9278729097731434e-06,5.714921599273162,Not Significant
IFT57,0.06678154948134107,0.5549633571427459,0.5894447546545742,0.22955689264350934,Not Significant
IFT74,-0.24577010542918387,0.07366245990581285,0.09000310747012234,1.0457424957403532,Not Significant
IFT80,-0.23002159734374317,0.12173371881660999,0.14415722150682134,0.8411635968969509,Not Significant
IFT81,0.4507891497981902,9.774584194956881e-07,2.81904269052378e-06,5.54989834728607,Not Significant
IFT88,0.2839625090073099,0.01914367522411207,0.025496216843958888,1.5935242558673053,Not Significant
IGBP1,-0.001656248361626922,0.9894326170067469,0.9916705830053341,0.003632569521399285,Not Significant
IGDCC4,1.7991419441880474,0.00017330646507912953,0.00031923598749876176,3.4958881565094106,Up
IGF1,-0.6223654218984915,0.02172404774257805,0.028693858261273276,1.5422110513036302,Not Significant
IGF1R,-0.900869451986928,1.557646778244458e-05,3.481636042608092e-05,4.458216630389399,Not Significant
IGF2,1.1228422952153618,0.005767274184160431,0.008283364717883117,2.081793216164078,Up
IGF2BP2,4.122034663664422,6.675517543836328e-11,4.528563214586341e-10,9.344039565526518,Up
IGF2BP3,5.049088241332374,6.278905991951905e-13,6.01842996792802e-12,11.220516788675017,Up
IGF2R,0.8787177783294169,3.4046162168267483e-12,2.882193593975854e-11,10.540276851429141,Not Significant
IGFALS,-1.2186791815333269,0.0011703906184334192,0.001865292689463418,2.7292530118738183,Down
IGFBP2,4.447901879439085,2.6980737603872413e-14,3.10988501855161e-13,12.50725566780007,Up
IGFBP3,3.3320034277863897,5.030414791895601e-13,4.891544267717789e-12,11.3105540118228,Up
IGFBP4,1.4628078063111651,5.022034317457536e-12,4.12322524157027e-11,10.384762940120021,Up
IGFBP5,3.2751571737851535,6.188197387156845e-11,4.2235704931042044e-10,9.374320252869834,Up
IGFBP6,-0.03234736937871219,0.9003261573587056,0.9121456662796447,0.03993580091520021,Not Significant
IGFBP7,2.8228857298767807,3.288889701106728e-08,1.304934023196108e-07,6.884411445479878,Up
IGHMBP2,-0.4024988981726434,9.75164154570144e-06,2.268252988487562e-05,4.644308508255024,Not Significant
IGLL1,-0.5065188799191995,0.7916468548245355,0.8129511126913731,0.08993557018298372,Not Significant
IGLL5,9.285115309230768,6.261287843377955e-07,1.8947495864881202e-06,5.722448179042925,Up
IGLON5,-1.9622093320062461,6.65903859820251e-16,9.139394392137887e-15,14.03908258116623,Down
IGSF1,-0.13183022479005935,0.5810063578565486,0.6142363363466126,0.21166449559720116,Not Significant
IGSF11,0.4880170980625529,0.0006164280528744836,0.0010305171265611594,2.9869447861174727,Not Significant
IGSF21,-2.322847990129386,8.659002829749405e-28,3.461539464559345e-26,25.460730712689653,Down
IGSF3,0.3303822852335898,0.0915839488727211,0.11028324029798536,0.9574904821123191,Not Significant
IGSF6,2.490847806071912,2.6243805412439027e-08,1.061767452710485e-07,6.973970591600704,Up
IGSF8,-1.6974978855238696,1.6493552598397426e-11,1.2492936005733511e-10,9.903335484664655,Down
IGSF9B,-0.4876106246726408,0.06035247759472239,0.07475603827483503,1.1263537222874258,Not Significant
IK,0.3365974460244594,0.00983843415073474,0.013659369574765956,1.8645693443234808,Not Significant
IKBIP,2.4824343723411726,6.218248498481757e-13,5.9716525618403454e-12,11.223905468004103,Up
IKBKB,1.4264581467518873,3.818928197858936e-05,7.932346941284726e-05,4.1005982990821686,Up
IKBKE,2.092388781497913,4.7525129249921284e-07,1.477679481678108e-06,5.830419757033262,Up
IKBKG,0.25540518750549523,0.0023589986972698475,0.00358547870795058,2.4454528521741246,Not Significant
IKZF1,2.396453230226596,6.471682242680965e-07,1.950216180459708e-06,5.709917244649303,Up
IL10RB,1.8082012741023359,7.018510480518447e-07,2.1030480244123388e-06,5.677150809815279,Up
IL13RA1,1.9279769313990371,1.9735354038546115e-08,8.212059338468135e-08,7.085547921177216,Up
IL13RA2,2.2555520550214787,1.0092910085861292e-07,3.5991496001758106e-07,6.443800101338041,Up
IL16,1.4551065878623533,4.40680461789248e-06,1.1032343369942555e-05,4.957332229668444,Up
IL17D,-1.1541790036870303,1.3067380076068712e-06,3.6791723556823977e-06,5.4342498665944055,Down
IL17RA,1.4503623547738158,5.857349399956104e-06,1.428393557374916e-05,4.8451521173162995,Up
IL18,2.9528376339157685,1.58732529293213e-06,4.389435904748361e-06,5.357591288230781,Up
IL1RAP,1.805930343938721,3.629130647348052e-18,6.30342450713522e-17,16.200423444120098,Up
IL1RAPL1,-2.8912756166790547,1.228634923892183e-16,1.833669366413311e-15,14.736678970349315,Down
IL33,1.0026208765782272,0.0030057395458389716,0.004491888471262691,2.3475710353394517,Up
IL4I1,3.3099436895804324,1.914063514594209e-05,4.2000165205885557e-05,4.376749001319639,Up
IL6ST,0.11599238464132355,0.2459342209012355,0.27750239038519786,0.5567332715444406,Not Significant
ILDR2,0.127464009822706,0.3491451622421085,0.3846132711237836,0.41497573445949865,Not Significant
ILF2,1.2494704122206706,4.637055909057672e-06,1.156279733362549e-05,4.936937086365988,Up
ILF3,0.8530633519463677,4.202814210764685e-15,5.2857865617033e-14,13.276890377516446,Not Significant
ILK,1.1486685968660062,4.5562226461008083e-07,1.4236782548641298e-06,5.846588148287173,Up
ILKAP,0.11213469382342112,0.16543974786186383,0.1917000253002549,0.7173778298044603,Not Significant
ILVBL,0.8876508033666788,6.517080301322631e-10,3.667769103660569e-09,8.435598012195692,Not Significant
IMMT,0.08315995966577105,0.4320124559602402,0.46761507267040503,0.3301114986391863,Not Significant
IMP3,0.19148671531734607,0.2517168865371171,0.2836460755005501,0.5472232209138257,Not Significant
IMP4,-0.13424878347966995,0.20697173377088987,0.23626439048248662,0.626601729837526,Not Significant
IMPA1,-0.9173567994951597,7.659105264829866e-05,0.00015037580673922445,3.82282202973387,Not Significant
IMPA2,0.506866554718675,0.030627289549654477,0.03954618237928982,1.402895435090012,Not Significant
IMPACT,0.6367619818462558,0.0006696575393660858,0.0011114931413174808,2.954093212854475,Not Significant
IMPAD1,-0.37512291801545317,0.03932738615161412,0.050035878768800286,1.3007184683966175,Not Significant
IMPDH1,0.22374877991932607,0.05014919207262667,0.06283618917159715,1.2017901615049462,Not Significant
IMPDH2,1.2457839028213584,8.775758875068457e-11,5.820078664084242e-10,9.235071145393611,Up
INA,-6.079063478060609,1.4916159738126357e-19,2.9933345259339627e-18,17.523844745021254,Down
INAFM2,0.18885377816499727,0.10985655347523743,0.1310628753800973,0.8825203083163117,Not Significant
INCENP,0.09878487602073704,0.23904357387394728,0.2702721619759983,0.5681986843154045,Not Significant
INF2,-1.0301276233787249,0.00020775571003009421,0.00037717264783621723,3.423459809371907,Down
ING1,0.045460096281855655,0.5611804273830713,0.5952320953106527,0.22531365938336462,Not Significant
ING3,0.4560696280402716,1.323215176313792e-05,2.994848278181339e-05,4.523625174482574,Not Significant
ING4,0.13340014941574196,0.029564654689807113,0.03826237555821131,1.41722806986034,Not Significant
ING5,-0.30642290482490253,0.0431490179827003,0.05455361535613991,1.2631764627256297,Not Significant
INHBC,1.4700280634005427,0.24399552680678055,0.2754691176792006,0.5599270820146702,Not Significant
INIP,-0.5209234104469829,8.08693396656492e-05,0.0001580057656694628,3.8013270652433886,Not Significant
INMT,2.449550499440816,3.442124498006259e-06,8.80547541719529e-06,5.055247191032239,Up
INO80,0.2542060320526929,0.0002560111113595323,0.00045752278443071285,3.3395872733873895,Not Significant
INO80B,0.5217331742564433,0.0006585481945357446,0.001095116294445872,2.960539759039103,Not Significant
INO80C,0.11374302246309931,0.30256562105417917,0.33672625568932846,0.4727230188764534,Not Significant
INPP1,-0.6111865374640502,0.00029567658159936516,0.0005237640026432223,3.2808643531628463,Not Significant
INPP4A,-1.1643198400706645,6.4001036788938284e-09,2.9849372435729826e-08,7.525064795206794,Down
INPP4B,-1.0299904527948307,9.556998282995686e-09,4.2827936255737786e-08,7.368272852391642,Down
INPP5A,-1.886990310007139,3.74161816924534e-21,8.806790055368587e-20,19.055182356658,Down
INPP5B,0.24802990660764124,0.1379029948570841,0.16200988573647407,0.7904584842857038,Not Significant
INPP5D,1.4238015636161698,8.939332659404626e-07,2.5997354853014494e-06,5.585070837843782,Up
INPP5E,-0.0996997345784898,0.43264003974507836,0.46814347587453486,0.3296210246370593,Not Significant
INPP5F,-2.3090867474193857,8.185056620516238e-07,2.4074820553308198e-06,5.618436941295784,Down
INPP5J,-3.0634111282367424,1.6059162734040474e-32,9.297701458777226e-31,30.031624402752545,Down
INPP5K,0.048701571862036275,0.4144958374121724,0.4508833890606009,0.34593576418822736,Not Significant
INPPL1,1.4159960333668913,3.83080275052745e-05,7.952092913417171e-05,4.099518554220825,Up
INSIG2,-0.20795457032636833,0.05430706111044251,0.06765883423529531,1.1696754893966943,Not Significant
INSM1,0.753074490893864,0.010868562537746112,0.01498629879622972,1.824305612705478,Not Significant
INSR,0.032571809028706156,0.687305472392177,0.7159461616046728,0.14511963495069657,Not Significant
INTS1,-0.3104216734913088,0.018625343343924367,0.02484859076237506,1.6046982363664128,Not Significant
INTS10,0.28549351445360216,0.001544028082939237,0.0024094897686633664,2.6180749134891377,Not Significant
INTS12,0.9851986280327871,8.85823659296201e-19,1.6343933230311225e-17,16.786643420590405,Not Significant
INTS2,0.1270187693235485,0.023299235697268723,0.030637841066999752,1.5137418410538934,Not Significant
INTS3,0.2807077120029753,0.06226479650651717,0.07695731987899344,1.1137500654768944,Not Significant
INTS4,1.117261140779508,1.5920946831205343e-08,6.761703978817987e-08,7.169943846167109,Up
INTS5,0.5171670835056439,0.00042858602534154717,0.0007377948768439416,3.132064364785728,Not Significant
INTS6,0.3723916374406926,0.0027295130695231327,0.004108339259282241,2.3863337003350873,Not Significant
INTS7,0.8559269734141246,0.0002938187917780908,0.0005206562020004374,3.2834489539731386,Not Significant
INTS8,0.0834807984096777,0.4316660888615518,0.4672903695670828,0.3304131693009,Not Significant
INTS9,1.0779302454064243,1.4082873226488518e-07,4.895474978731723e-07,6.310205164813898,Up
INVS,0.6964036469490047,0.0017322979555370445,0.0026806712141444217,2.571756449217075,Not Significant
IP6K1,-0.8940668867729222,8.179668053171171e-18,1.3710811309092574e-16,15.86293684596635,Not Significant
IP6K2,0.9756229127093903,9.55936847550036e-11,6.314824788340369e-10,9.199638694912702,Not Significant
IPCEF1,-4.403207814351026,3.9284082603673495e-12,3.2760583456076725e-11,10.484648372189454,Down
IPO11,0.05564059972361335,0.47442610616003694,0.509962504636813,0.29246175454512624,Not Significant
IPO13,-0.03585698198523701,0.7447284016626858,0.7705036375012732,0.11322530666262626,Not Significant
IPO4,1.7923885776617858,5.346408906930407e-06,1.3162200226885856e-05,4.88067150688276,Up
IPO5,-0.34222483055248887,0.0428245606906777,0.054168805387474865,1.266250742026762,Not Significant
IPO7,0.13801782496511095,0.12481402372436132,0.14757939847408638,0.830974264149066,Not Significant
IPO8,0.28864461471661684,0.0005231723090056336,0.0008847571780249266,3.0531759052499603,Not Significant
IPO9,0.7073456101700586,1.2931325920511103e-10,8.313348903843578e-10,9.080223992163305,Not Significant
IPPK,0.1514921984181825,0.054382380985665967,0.06774429405831568,1.1691272785103117,Not Significant
IQCB1,0.06114856370575694,0.41686931032173324,0.4531227268214437,0.34378415480245866,Not Significant
IQCE,-0.2520061098320454,0.02407326747383535,0.0315855817311041,1.5005111200271117,Not Significant
IQGAP1,1.9601225240742153,1.3880109232327407e-06,3.888437719868362e-06,5.410224852638936,Up
IQGAP2,4.3901622634725985,5.339274150842342e-10,3.0474701300615153e-09,8.516060542448885,Up
IQGAP3,3.434438942692145,1.0807608252958031e-07,3.8350068876470306e-07,6.41623385172428,Up
IQSEC1,-2.606468435466109,1.2649564524691545e-15,1.678942200549969e-14,13.774964254674508,Down
IQSEC2,-3.1669446498093254,2.228861493455323e-20,4.934846304410753e-19,18.30672636886785,Down
IQSEC3,-5.848191566907493,6.470538899239339e-33,3.926759570538379e-31,30.405965689100107,Down
IRAK1,1.3815737512263198,1.3936897505992327e-09,7.358506576277081e-09,8.133210317658893,Up
IRAK3,1.2501507322319885,0.0003218067467200063,0.000566168558584936,3.247054252265529,Up
IRAK4,1.6528398667595052,3.291958503439828e-07,1.0619016959222809e-06,5.973915685603476,Up
IREB2,-0.290260253468535,0.008772346114622574,0.012258650958344821,1.9115573204850664,Not Significant
IRF2,0.7880170071355437,0.0002080628362461148,0.00037762660374065886,3.422937417311541,Not Significant
IRF2BP1,-0.17906746049933275,0.2242978476197549,0.2546862620515567,0.5939944805413406,Not Significant
IRF2BP2,0.5257901487501115,9.02027987941222e-06,2.1147381779194487e-05,4.674743394210226,Not Significant
IRF2BPL,0.42597608139388043,0.002686125918049654,0.004049084617452074,2.3926431472848053,Not Significant
IRF3,0.9483765692338615,4.996986359616261e-06,1.2359351973182965e-05,4.908004299623315,Not Significant
IRF5,1.8707748299800713,2.0859031879903806e-10,1.289956336145801e-09,8.88942498992701,Up
IRF8,1.9891814649631971,1.5655682363595976e-08,6.658650104942263e-08,7.176613805573778,Up
IRF9,1.7964937420851896,0.0001583152888955148,0.0002936601399987877,3.5321549985006118,Up
IRGQ,-0.5352213881263594,1.0918987075749792e-05,2.514237161168078e-05,4.599593758897987,Not Significant
IRS1,-0.6894443102276195,7.284818534345786e-10,4.072545056326273e-09,8.390134102205302,Not Significant
IRS2,-0.03031550548586992,0.8191145960291685,0.8384231294856577,0.07653674936150094,Not Significant
ISCA1,-1.1520580865306194,0.00029683461365554093,0.0005255381191504252,3.279395777568611,Down
ISCA2,-0.06885686241275124,0.19458309492953374,0.22303221052680886,0.6516324111946117,Not Significant
ISCU,-1.0036665186965799,5.517022909569201e-05,0.00011111253256897268,3.954236953493114,Down
ISG15,1.9245198278059128,3.3909482191651207e-06,8.696642657807898e-06,5.06064837457643,Up
ISG20,2.367048022712094,1.690035953373935e-05,3.752572667905889e-05,4.425670888967446,Up
ISG20L2,0.4159354925758336,0.00711186523445319,0.010079478105216859,1.9965619541893271,Not Significant
ISLR,0.17391364676509724,0.6094493166314632,0.6415457069744368,0.1927723968422125,Not Significant
ISLR2,-3.3544735037916382,1.4024561735823795e-19,2.8256686985337783e-18,17.54887875927203,Down
ISOC1,0.2725474862565527,0.032047393985631986,0.041279305333238286,1.3842676198227017,Not Significant
ISOC2,0.4572471267610325,0.0005764003843507388,0.0009679375682529324,3.014152653680908,Not Significant
ISPD,-1.530632860854844,1.1903179476846845e-15,1.5882467556258955e-14,13.79908202314221,Down
IST1,0.6674799722693621,3.420459634882396e-08,1.3518128819852984e-07,6.869083419300667,Not Significant
ISY1,0.1957883673551315,0.08431682743000025,0.10209227398194982,0.991007122692373,Not Significant
ISYNA1,0.9615695621132296,0.00037857130908858157,0.000657879483829286,3.181853656996432,Not Significant
ITCH,0.04053308410244938,0.6453377590521423,0.6755827272878813,0.17032146262301687,Not Significant
ITFG1,-0.8420936203293721,0.006394353794766893,0.009109987290126104,2.040482228936107,Not Significant
ITFG2,0.3996887462034806,0.0038865421153017766,0.005722453269446082,2.2424177451636105,Not Significant
ITGA1,1.7341289934842123,2.3158021111153516e-05,5.00630696724808e-05,4.300482524664925,Up
ITGA2,2.7370526656096565,1.4413449681992009e-05,3.238204551658954e-05,4.489695721101208,Up
ITGA2B,-0.7842019813059391,0.023907159547625775,0.031392169614544066,1.5031786677640364,Not Significant
ITGA3,1.250642155729853,5.860573566528358e-12,4.7497520602740696e-11,10.32332906019939,Up
ITGA4,2.7153418892327004,1.1046447746394056e-13,1.1726229146172152e-12,11.930841623374336,Up
ITGA5,3.729043866548352,1.833881353004006e-08,7.665776244880646e-08,7.115443861448982,Up
ITGA6,0.8123768376007057,0.002847184067389198,0.0042745949768820835,2.3691050289213593,Not Significant
ITGA7,1.62326678600785,0.00022875003276686903,0.0004127579849710619,3.3843045163805487,Up
ITGA9,-0.8228513897158027,3.675648969583932e-06,9.3482675383965e-06,5.029268867012946,Not Significant
ITGAL,2.2432736149071673,0.00023459983261897943,0.0004226321018962087,3.3740375182943914,Up
ITGAM,2.430125587543616,3.490853738299873e-10,2.0755701421023224e-09,8.682862585430122,Up
ITGAV,1.5049321607726611,1.868344957269116e-07,6.318129271409557e-07,6.199411492504074,Up
ITGAX,2.341916381530691,1.0732509900942742e-06,3.075940390955823e-06,5.512022085037641,Up
ITGB1,2.0711635627780964,2.486072655515829e-12,2.1534562280022754e-11,10.666863951452008,Up
ITGB1BP1,-0.6266802519175521,1.7401519125203964e-06,4.757202270483168e-06,5.322648382511749,Not Significant
ITGB2,3.018062951653871,1.1500533000812593e-07,4.059438312900703e-07,6.391534053733965,Up
ITGB3,4.502182570111682,3.0494969121186494e-06,7.897334676782333e-06,5.10251945687108,Up
ITGB4,0.8345806668947588,0.03179849965903233,0.040969188587427,1.387542637352511,Not Significant
ITGB5,1.4963988312208691,2.3194262555042234e-08,9.482914000791212e-08,7.023058187978265,Up
ITGB8,1.512876159443298,1.8144107394295616e-07,6.16471291366388e-07,6.210087143385312,Up
ITGBL1,3.004221064601433,1.1531980768314743e-10,7.48056498776579e-10,9.126065599755503,Up
ITIH1,5.128178211493735,0.0038779816434153153,0.005710683683053047,2.243311894905994,Up
ITIH2,1.5418200623357308,0.012266420112699768,0.01678738163501392,1.7750170364493059,Up
ITIH3,1.7447992931131466,0.1772348695286093,0.20442684630538246,0.6894620711758638,Not Significant
ITIH4,-0.5726435628065776,0.07970098685785044,0.09693441284630995,1.0135220159722944,Not Significant
ITIH5,-0.27944416395936145,0.13830820324688273,0.16242910229763308,0.7893361559141286,Not Significant
ITM2A,-0.416416321320483,0.1292411665908328,0.1524204533172617,0.8169567510619875,Not Significant
ITM2B,-0.18102267607417488,0.1427048179684126,0.167202644360757,0.7767568583431539,Not Significant
ITM2C,0.0028422660644586983,0.9860909399497066,0.9887168983497852,0.004928043170297551,Not Significant
ITPA,1.22799295956872,9.595358987699547e-07,2.770525836689173e-06,5.557437795448413,Up
ITPK1,-1.3613776450086306,9.082519433533361e-18,1.514855973069786e-16,15.819628656319736,Down
ITPKA,-3.1988261081375384,1.9443712274369228e-08,8.097393859115155e-08,7.091654736025745,Down
ITPKB,0.3108774598260915,0.2913709986346338,0.32512975634086183,0.4879432814320386,Not Significant
ITPKC,1.2531995901430832,0.0002473002360469021,0.00044305576701698235,3.3535416060941925,Up
ITPR1,-2.6720027846876384,1.5199233005322532e-10,9.660383173225186e-10,9.015005647216288,Down
ITPR2,1.0606511244459362,3.076384243079316e-06,7.962871239666246e-06,5.098930306797235,Up
ITPR3,0.8444497239069548,0.02213660122924636,0.029211962376660707,1.5344392673767182,Not Significant
ITPRIP,2.538844873760201,7.916127351467783e-07,2.3358836244489294e-06,5.631548797911796,Up
ITSN1,-1.746041249669652,5.116198608683412e-18,8.735692336250287e-17,16.058702669857023,Down
ITSN2,-0.5776089437516418,3.2976014164209256e-13,3.2761377385625645e-12,11.48463784749765,Not Significant
IVD,0.2829752454188714,0.008795357151463127,0.012287398133939751,1.9105400695708956,Not Significant
IVNS1ABP,1.5019955781577146,4.973543221416069e-07,1.5369163930228675e-06,5.8133497571173125,Up
IWS1,0.5648939122959362,3.542619653523102e-05,7.40883337961215e-05,4.130250172140077,Not Significant
JADE2,-1.458597853057121,9.343670998332459e-21,2.124788750275422e-19,18.672684241684365,Down
JADE3,1.3370301047568844,4.196620814739314e-06,1.054546223189919e-05,4.9769343793798235,Up
JAG1,2.6725238496861223,1.5997418866626968e-13,1.6683022532339553e-12,11.777725263638423,Up
JAGN1,0.9687701196835121,1.5119838618217105e-08,6.459595175569089e-08,7.18979469849493,Not Significant
JAK1,0.30178392752173266,5.470778022379026e-05,0.00011031850798568732,3.9573516204540766,Not Significant
JAK2,-0.28561468096311415,0.01845435139620495,0.024636779216189862,1.6084160684257605,Not Significant
JAK3,0.07175813533662456,0.7495144976974528,0.7749778353488802,0.11071071829798221,Not Significant
JAKMIP1,-4.505911997393923,1.7652307184794948e-40,2.694383978479156e-38,37.56954051260279,Down
JAKMIP2,-0.4551971451167276,7.788127124966304e-07,2.3001346425362226e-06,5.63824674102631,Not Significant
JAKMIP3,-3.7167857187889037,1.635250118581132e-08,6.898072487009765e-08,7.1612722462482825,Down
JAM2,1.0129909241957655,9.592143334083113e-06,2.2342485999434287e-05,4.650868505536944,Up
JAM3,0.9314656674378696,0.0007104858638724209,0.0011727731595364197,2.930785981992351,Not Significant
JMJD1C,-0.029256083443581105,0.7550952093663765,0.7799476201329721,0.10793456275960008,Not Significant
JMJD4,0.7987650088415528,7.674785305117196e-10,4.271590451035946e-09,8.369410393007003,Not Significant
JMJD6,-0.17626537053263647,0.1371252620674411,0.16111498601205992,0.7928640620658891,Not Significant
JMJD7,0.3365014794288754,0.3980814322784667,0.4342941681582493,0.3622160024445791,Not Significant
JMJD8,1.0996353852062732,1.5137876296229415e-08,6.461820585093861e-08,7.189645104502438,Up
JMY,-1.1643120732119954,2.590392011997137e-14,2.9926157257866007e-13,12.523949046235252,Down
JOSD1,-0.4343500305907746,1.6086224540177467e-06,4.437366539368779e-06,5.352874695815681,Not Significant
JOSD2,0.8753726248797236,4.1792714939781275e-05,8.613334908006476e-05,4.064828665999736,Not Significant
JPH1,-2.5111831445032475,5.802071951704277e-26,1.9948830321320437e-24,23.700082563630787,Down
JPH2,3.1402748731937837,8.68241512903497e-07,2.5374717148215347e-06,5.595598790129132,Up
JPH3,-6.189351483368503,1.090241838888001e-33,7.131880704518002e-32,31.146795929910994,Down
JPH4,-4.505955839353453,8.458661366793448e-38,9.162640280545934e-36,35.0379793632266,Down
JTB,0.4691492974624367,8.405252191947215e-06,1.987664567644982e-05,4.70165690399912,Not Significant
JUN,2.0634734952413964,6.898481739622709e-10,3.86514488570407e-09,8.412834221827822,Up
JUNB,2.4230456911592526,2.016782219981843e-06,5.4571754187743995e-06,5.263032085765821,Up
JUND,0.10562277372859086,0.5611985746734742,0.5952320953106527,0.22531365938336462,Not Significant
JUP,0.4558603282783835,0.0009314457545210349,0.0015080978031251856,2.8215704926968512,Not Significant
KALRN,-2.313721151936459,2.466266205311154e-25,8.014569597517601e-24,23.096119795386205,Down
KANK1,1.1166203063197706,1.1776967561752881e-05,2.6951651798523063e-05,4.569414612851991,Up
KANK2,1.7660429800638067,3.903149770866427e-06,9.869560941693872e-06,5.005702166969759,Up
KANK3,-0.5891429230751459,0.01538472618999699,0.020789501225758508,1.6821559299806639,Not Significant
KANSL1,0.04258148338158563,0.7724550483375742,0.7957574554609594,0.09921928377778946,Not Significant
KANSL2,0.8071463834397505,1.4141589772993332e-12,1.2799854031728196e-11,10.89279498297529,Not Significant
KANSL3,0.17998301266517913,0.017488403688227384,0.023431065135683292,1.6302079686785187,Not Significant
KARS,0.6625087669613521,4.822708512788204e-05,9.8248666446569e-05,4.007673335698866,Not Significant
KAT2B,0.2761249209121175,0.05079170763108699,0.06357009102690649,1.1967471666967273,Not Significant
KAT5,0.2752007293911234,0.001255168250230168,0.0019900165175981608,2.7011433188305123,Not Significant
KAT6A,0.42067408984166477,0.0008820003346978163,0.0014314920850242955,2.844211048927591,Not Significant
KAT7,0.1610165974060287,0.010456117806908256,0.01445716865039717,1.8399167526783997,Not Significant
KAT8,-0.13165990361315139,0.0037492251098309153,0.005530779580676035,2.2572136492154464,Not Significant
KATNA1,1.0240567132430023,5.562935947135605e-08,2.1036417691983516e-07,6.677028214568856,Up
KATNAL1,-0.6077196647854137,1.84471786966189e-05,4.0643024280078995e-05,4.39101398332054,Not Significant
KATNB1,-0.896536281904595,1.466600710714661e-08,6.284362211713949e-08,7.2017387914845115,Not Significant
KATNBL1,-0.17617562288711142,0.26792219624262176,0.3008972357801752,0.5215818019273533,Not Significant
KAZN,-0.06710349146505479,0.5852736586134948,0.6182935021887948,0.20880531759360282,Not Significant
KBTBD11,-2.199491145061021,4.207673516329048e-11,2.9445203225697657e-10,9.530985443908602,Down
KBTBD2,0.5441780627591939,2.0759126179415658e-08,8.588395775418206e-08,7.066087950365303,Not Significant
KBTBD3,-1.9048101755363547,5.083512784325858e-08,1.940557324338715e-07,6.7120735236138565,Down
KBTBD4,-0.06284332048041108,0.6045394830096393,0.6369763363496608,0.1958767013909551,Not Significant
KBTBD6,-1.1227026484657046,3.4249459164936492e-06,8.772668487860926e-06,5.056868281973134,Down
KBTBD7,-0.754555427622364,3.8114573278049484e-05,7.919417681361604e-05,4.101306751121237,Not Significant
KCMF1,-0.39809536532028744,0.002708067727336264,0.004077888532912634,2.389564649622758,Not Significant
KCNA1,-5.155122137484685,1.0569627005203738e-29,4.818028165177487e-28,27.31713066553622,Down
KCNA2,-3.5571841992283986,5.044897033642598e-30,2.3686136096872097e-28,27.625505779660138,Down
KCNA3,-2.706997121807383,1.2415170895269078e-25,4.12773701646669e-24,23.38428797996989,Down
KCNA4,-5.423503671456064,1.2959260587039991e-33,8.368691740630825e-32,31.07734242901188,Down
KCNA6,0.0,1.0,1.0,-0.0,Not Significant
KCNAB1,-3.903155287670552,1.915454094948971e-13,1.985214460135384e-12,11.702192570098665,Down
KCNAB2,-3.5254587168631026,2.4867950868624728e-24,7.478201105985836e-23,22.126202859849688,Down
KCNB1,-4.247853958972954,6.0763253838853286e-33,3.7324940193451708e-31,30.428000879481697,Down
KCNC1,-4.010064062886638,1.6276086334810493e-43,4.2042383009456645e-41,40.37631267564745,Down
KCNC2,-7.283915762027547,1.8988280350758109e-31,9.759588584364143e-30,29.010568489639294,Down
KCND2,-1.5685901802120021,4.576938869819265e-07,1.4288218833145112e-06,5.845021906908805,Down
KCND3,-1.855279833615711,7.958630731412304e-25,2.451842384961699e-23,22.610507451584915,Down
KCNH1,-4.165916217861989,7.747244925795998e-34,5.101029109965286e-32,31.29234219808002,Down
KCNIP1,0.600136201473191,0.005715807363793611,0.008212957264706439,2.0855004369742765,Not Significant
KCNIP2,-3.138298291641844,6.914568930725008e-20,1.4481781165930088e-18,17.83917801942603,Down
KCNIP3,-2.3843863439099504,1.2377881092737375e-09,6.59760709673208e-09,8.180613551294762,Down
KCNIP4,-3.6422553970958287,1.3107967279808897e-26,4.8018059046107215e-25,24.31859539868552,Down
KCNJ10,-0.7168322644193097,0.018447263479677505,0.024630580820976963,1.6085253468141212,Not Significant
KCNJ3,-6.503692961893654,2.056547583490528e-30,1.0057116677710475e-28,27.997526511371927,Down
KCNJ4,-5.690463322612997,2.944470730591111e-29,1.3125043424767633e-27,26.88189925103776,Down
KCNJ6,-4.035540910961494,3.009720865390957e-32,1.6568266665545628e-30,29.78072292410718,Down
KCNJ9,-4.2577466019685986,2.0851500345544534e-41,3.621689904845097e-39,38.44108873745098,Down
KCNMA1,-2.602670042347242,1.3553468402827744e-35,1.083632068968942e-33,32.965118150953224,Down
KCNMB4,-1.2650911338641997,2.3761139841391706e-08,9.698935282098057e-08,7.013275938567685,Down
KCNN2,-2.354931144610717,2.618071281939811e-13,2.637445009426166e-12,11.578816586614343,Down
KCNN3,0.3008588480900265,0.27541711353084897,0.30842063158178884,0.5108565778246326,Not Significant
KCNQ2,-3.2075982970531456,8.649414879427304e-22,2.1408895699103354e-20,19.669405733646926,Down
KCNQ3,-2.738042808945764,1.1603247702283568e-10,7.521950923603904e-10,9.123669504425656,Down
KCNQ5,-4.482251256068066,1.4178937681114472e-21,3.4336206297968076e-20,19.464247690388653,Down
KCTD1,-1.806407050793096,5.1602241189818484e-08,1.9676040035814966e-07,6.706062302431276,Down
KCTD10,0.15224725815389206,0.046051737169260185,0.05796166919579299,1.2368591160910674,Not Significant
KCTD12,0.8067719182853033,1.4625591245469717e-07,5.070137859836956e-07,6.294980231800296,Not Significant
KCTD13,0.07641154807448203,0.5259688259459394,0.561115106701196,0.25094803878424204,Not Significant
KCTD14,1.5083015481484487,2.1407087831277233e-08,8.82385445222123e-08,7.054341664112573,Up
KCTD15,0.5959460408849537,0.0018422811294989475,0.0028412645588751376,2.5464883259003432,Not Significant
KCTD16,-5.201466377093604,7.008862338523343e-15,8.65285284292698e-14,13.062840682168272,Down
KCTD17,-0.9936830873015516,2.5019329231054047e-08,1.0166869664768033e-07,6.992812743890078,Not Significant
KCTD18,0.5780228846197808,5.24453796450972e-06,1.2933531323003897e-05,4.888282880788091,Not Significant
KCTD2,-1.06621385457672,1.6238627939066334e-09,8.484851548659452e-09,8.07135575171543,Down
KCTD20,0.8709333758757438,8.218293187913763e-10,4.556471413045859e-09,8.341371350112396,Not Significant
KCTD21,-0.11363392152665241,0.16796189825233074,0.19451065214323254,0.7110566100691178,Not Significant
KCTD3,0.9804783746480084,5.94192832635453e-06,1.4472675522170102e-05,4.8394511746789215,Not Significant
KCTD4,-3.8697150758771564,1.0674315506141732e-12,9.865417835676313e-12,11.005884516100013,Down
KCTD5,1.5166866775276588,5.254985848689504e-12,4.303961580463257e-11,10.366131614076629,Up
KCTD6,-0.4007537957061338,2.4661238829133914e-07,8.150830707503119e-07,6.088798127051473,Not Significant
KCTD7,0.4211817272846119,0.000750472177197777,0.0012335220611992832,2.9088530788686633,Not Significant
KCTD8,-3.1326375743212242,4.1127564137366356e-20,8.796583463266003e-19,18.055685972299766,Down
KCTD9,0.16455331274097063,0.05559563230892668,0.06915303122362358,1.1601887784637015,Not Significant
KDELC1,0.8105720537888264,0.004773900203805599,0.006928723620967816,2.1593467618420115,Not Significant
KDELC2,2.246406453088131,4.1075523869553233e-10,2.3904958258918503e-09,8.621512010300641,Up
KDELR1,1.1726269433457048,1.3395458559707208e-08,5.804122560451201e-08,7.23626342553036,Up
KDM1A,0.2091478346681157,0.015477921439903166,0.02089874706539783,1.67987975019971,Not Significant
KDM1B,0.16175604592461568,0.054592865806618,0.067998087306611,1.1675033032329865,Not Significant
KDM2A,0.08109555605778596,0.3557706093510918,0.3914836830806006,0.40728633448913654,Not Significant
KDM2B,-0.06852956503536589,0.39057778620102407,0.4268012385496384,0.3697743289511922,Not Significant
KDM3A,0.9186007467401254,5.733473639027193e-07,1.7497429094080563e-06,5.757025757729503,Not Significant
KDM3B,0.14668773676457292,0.0005598082890558351,0.0009421163888988444,3.025895441226117,Not Significant
KDM4A,0.4901527439407829,2.304795586411187e-09,1.1673459395428003e-08,7.932800422985673,Not Significant
KDM4B,0.3632765934141631,0.023061064944617612,0.03034049474364344,1.517977341720598,Not Significant
KDM5A,0.5826060628397052,3.379010898655347e-05,7.100574842105542e-05,4.148706490626188,Not Significant
KDM5B,0.16066292105434954,0.004764303858984633,0.006917785683973939,2.160032896746239,Not Significant
KDM5C,0.36529968955006,0.0012619387187167781,0.002000435979913898,2.698875342817861,Not Significant
KDM6A,0.7088228950668096,0.0011175500452015787,0.0017861651840965739,2.7480783801482804,Not Significant
KDM8,-0.43164400797525104,7.284612757165827e-12,5.8057902623171315e-11,10.236138657371654,Not Significant
KDSR,0.13035279813141543,0.09985724970613917,0.1197003728628803,0.92190449677789,Not Significant
KEAP1,0.7843399293449416,1.4640926986581905e-09,7.71002082921203e-09,8.112944448667639,Not Significant
KEL,-0.6910138646136268,0.020183377148104843,0.026788846032939156,1.57204599383191,Not Significant
KHDRBS1,0.32582709611970984,0.0012774273939347442,0.0020233967871853167,2.693918943928262,Not Significant
KHDRBS2,-5.368068111924529,7.847753185821687e-47,5.647018970997692e-44,43.24818075326086,Down
KHDRBS3,-1.263133929244077,3.5054058461171734e-14,3.9857176629553505e-13,12.399493468747263,Down
KHK,-0.770088115165402,4.091023024454181e-07,1.2903245444067444e-06,5.889301041547428,Not Significant
KHNYN,1.041465118794644,4.40912482635486e-05,9.044496742150043e-05,4.043615593335706,Up
KHSRP,0.3154676265647929,0.001613282005995246,0.002508443112887191,2.6005957435655995,Not Significant
KIAA0040,2.9310927766046326,7.270881755759427e-06,1.739004340159555e-05,4.7596993340956235,Up
KIAA0100,0.29813353449101854,0.012384916759652741,0.01693344889206592,1.7712545786749958,Not Significant
KIAA0232,-0.5758654104681256,3.3807535046027175e-06,8.67644539719286e-06,5.061658161985395,Not Significant
KIAA0319L,-0.12013811487342707,0.010669109556284759,0.014735482543187916,1.831635637729738,Not Significant
KIAA0355,0.9472721536611459,1.4672032740394249e-05,3.291161385587434e-05,4.482650821093165,Not Significant
KIAA0391,0.819615641657256,0.0013620346812973766,0.002145268508347369,2.6685183424556835,Not Significant
KIAA0513,-3.688347297290832,3.084637108675532e-28,1.2683524176651963e-26,25.896760058928972,Down
KIAA0556,0.43086618208721816,0.003420426033960594,0.0050724822414425184,2.2947794647395687,Not Significant
KIAA0930,-1.4167126592266257,7.417371364012594e-05,0.00014608523777333895,3.8353936682374967,Down
KIAA1107,-4.039033914337558,5.436686274724536e-10,3.0943038153432193e-09,8.509437047181798,Down
KIAA1109,-0.7717736939505038,2.5199299990603035e-06,6.654200474582831e-06,5.176904119052777,Not Significant
KIAA1143,0.0656044268579592,0.6365975014643793,0.6675427531749929,0.1755209144227306,Not Significant
KIAA1147,0.14881412481178558,0.15766321837819092,0.18336403393464504,0.7366858453045134,Not Significant
KIAA1191,-0.1733997998782577,0.02910479882568423,0.03770598551568196,1.4235897036377527,Not Significant
KIAA1211,0.3552183660077546,0.002035369455067278,0.0031218501660090986,2.505587944847272,Not Significant
KIAA1211L,-3.1823076557401144,3.745236100965926e-23,1.019716445435966e-21,20.991520576574008,Down
KIAA1217,-1.7422264251854997,1.3462290079899857e-33,8.638159889484788e-32,31.06357876156679,Down
KIAA1324,-2.9665971954233648,7.431952648842382e-35,5.671931135184709e-33,32.24626905070772,Down
KIAA1324L,-1.64056477331704,3.0755139770049913e-10,1.847509111767936e-09,8.733413411022026,Down
KIAA1328,-0.0175742740841347,0.8833548878114001,0.8967970512760299,0.04730582839775568,Not Significant
KIAA1522,-2.063055762460932,4.085616967203107e-08,1.5898282236056195e-07,6.798649797421874,Down
KIAA1549,-0.6566334852729732,8.074773132821669e-07,2.37782123765114e-06,5.623820798337971,Not Significant
KIAA1549L,-3.367330667368048,2.930246847964423e-16,4.199047901336216e-15,14.376849171047382,Down
KIAA1671,-1.3110456226489369,3.2084827250097844e-12,2.7207285329754687e-11,10.56531478880175,Down
KIAA1841,-0.7632519941675362,1.5857263954211431e-06,4.387606926899267e-06,5.357772286549717,Not Significant
KIAA1958,0.680446305196643,0.0026782942213436313,0.004037883266359734,2.393846240496051,Not Significant
KIAA2013,0.9167182648267378,2.528104658823987e-09,1.2740433383188018e-08,7.894815798631291,Not Significant
KIDINS220,-0.1906041365152369,0.021262075742256543,0.028120539717407432,1.5509763481599506,Not Significant
KIF11,2.270073257256586,5.287735880113806e-13,5.126915424087246e-12,11.290143846818461,Up
KIF13A,0.209777855858583,0.08278904552566846,0.10045975001512697,0.9980079068771065,Not Significant
KIF13B,0.5644457738446178,0.018102716031179925,0.024205835054168644,1.6160799304508155,Not Significant
KIF14,5.386310953800489,2.0918615790270593e-09,1.0724383484538726e-08,7.9696276648270405,Up
KIF15,2.692881506077814,4.581389195873335e-16,6.4101270498927745e-15,14.193133362599662,Up
KIF16B,-0.5276623945872565,5.661794972200507e-07,1.7310143414248227e-06,5.761699333987193,Not Significant
KIF18B,5.038110318280022,6.507905050361031e-09,3.0268068087413216e-08,7.519015297766629,Up
KIF1A,-3.1325003761944146,8.265629631503152e-42,1.5419991279215326e-39,38.81191587190048,Down
KIF1B,-1.0341857607532212,2.2356744920273893e-16,3.226674044797123e-15,14.491244904350005,Down
KIF1C,-0.3340882138267176,0.12811357723610065,0.15121454915951704,0.8204064210324925,Not Significant
KIF20A,7.7523011830587585,2.9232415102310524e-07,9.534099312013141e-07,6.020720328553863,Up
KIF21A,-0.8067152404412461,8.202309634913076e-09,3.7355364946706295e-08,7.427647016353849,Not Significant
KIF21B,-1.8970474129327712,3.544746892070924e-10,2.1005753053366173e-09,8.677661744449287,Down
KIF22,1.236655612255742,7.12682162374716e-15,8.776968342008422e-14,13.056655468114396,Up
KIF23,3.945962933347346,3.577070502539586e-20,7.74955015969544e-19,18.110723506375244,Up
KIF26B,0.14149868513847075,0.28315585455648895,0.3165237548604161,0.4995936909620736,Not Significant
KIF2A,-0.3336071544366064,0.00033695897293900746,0.0005906602911758416,3.22866222484712,Not Significant
KIF2C,4.32766117600138,1.233653070499263e-31,6.406093315571946e-30,29.19340673939327,Up
KIF3A,-1.9975017584288786,7.9112830075945e-08,2.885527335934359e-07,6.53977480706344,Down
KIF3B,-0.6213065988588617,0.00012946316855553207,0.0002443259572926995,3.6120303909466065,Not Significant
KIF3C,-2.6578132264285834,1.18121603531433e-17,1.9571661743020659e-16,15.708372298757647,Down
KIF4A,4.3585390580052685,4.774884776002441e-22,1.1995558412331319e-20,19.920979530126388,Up
KIF5A,-4.3557545389861225,4.7473043218243814e-29,2.079319292959079e-27,26.68207881681424,Down
KIF5B,-0.5662596328310521,0.00020000948939366336,0.0003639623547962003,3.4389435337953342,Not Significant
KIF5C,-2.733136957991672,1.7056319378529676e-29,7.7051731578165e-28,27.113217596966432,Down
KIF7,1.4670807085473108,5.539012947795239e-06,1.358325619184256e-05,4.86699610806469,Up
KIFAP3,-1.3823145000198451,5.673920706598718e-05,0.00011395350318635464,3.9432723190916197,Down
KIFC1,6.030107789146104,2.0321954981141457e-08,8.447491233851247e-08,7.073272250229835,Up
KIFC2,-2.036666033359598,1.082671065051991e-10,7.07317010981437e-10,9.150385897005167,Down
KIFC3,0.33901862449761566,0.0014249371999410282,0.002237346844171745,2.6502666842836202,Not Significant
KIN,-0.5061940955294713,0.0006866364391270083,0.0011367585025087068,2.9443317887579505,Not Significant
KIRREL3,-2.9620687446029716,1.7713618608458685e-22,4.5991493263302265e-21,20.33732248941522,Down
KIT,-1.863011814926887,5.970625408847204e-07,1.816065228524358e-06,5.740868556762377,Down
KIZ,0.209530445667518,0.08751510992174004,0.10573605389201357,0.9757769016564835,Not Significant
KLC1,-0.03681255512539039,0.5892874312715254,0.6220770808581523,0.20615579904343087,Not Significant
KLC2,-2.186929266552635,7.419367649218351e-24,2.1601939219140366e-22,21.66550726022089,Down
KLC4,-0.26092997730743406,0.0010666584726531834,0.0017099804986486584,2.767008842460227,Not Significant
KLF13,-0.6571191641589671,2.136159899072373e-09,1.0918150595258795e-08,7.96185091971692,Not Significant
KLF16,-0.9967598672273006,0.0005341583010074204,0.0009021141197567064,3.0447385196136594,Not Significant
KLF3,0.8899595639596178,1.9552728612539274e-11,1.460149651910457e-10,9.835602630744186,Not Significant
KLHDC10,0.012735694944094433,0.8464305897001875,0.8631381476505403,0.06391968868718043,Not Significant
KLHDC2,-0.6264642137492196,0.0024686920811117104,0.003740915166233359,2.4270221403060654,Not Significant
KLHDC3,-1.3294137719334067,5.29118742037849e-06,1.3042187930729851e-05,4.884649546139683,Down
KLHDC4,0.5175401074676458,0.0006502930733675566,0.0010829975898668815,2.9653725098646877,Not Significant
KLHDC8B,0.49576877507299244,0.0006675284015809917,0.0011085857430805986,2.955230710933201,Not Significant
KLHDC9,-1.5119668963313782,1.857105894648391e-10,1.156868428519432e-09,8.936716030864321,Down
KLHL11,-0.812522324883016,0.0011877630596760715,0.0018908857558749593,2.7233347097017133,Not Significant
KLHL12,0.018808063092258465,0.88814826739885,0.9011185059699884,0.04521809125787954,Not Significant
KLHL13,1.47768791771818,1.6052645593941246e-06,4.431744360464898e-06,5.353425299281769,Up
KLHL2,-1.5300665491059142,5.839426489966265e-09,2.7399339757764395e-08,7.56225990225313,Down
KLHL20,0.6081666266860744,6.736063571775436e-13,6.413904009647046e-12,11.192877544001053,Not Significant
KLHL22,0.0389264125606843,0.5142938236808567,0.5492998282189303,0.2601905367943744,Not Significant
KLHL25,1.4094862801309063,1.1152589930108202e-09,6.011299676613699e-09,8.221031620949109,Up
KLHL26,-1.5825332095114888,1.2416526259324838e-15,1.6501858250189766e-14,13.782467147764118,Down
KLHL29,-1.519295010819386,6.958597918595888e-11,4.695305789145008e-10,9.328336118368323,Down
KLHL3,-1.8730684058171434,8.306616043587248e-12,6.568355574811454e-11,10.182543344926588,Down
KLHL36,-0.10526123753372829,0.2787131827704439,0.3118343628642216,0.5060760290444708,Not Significant
KLHL4,0.9519823961443628,3.0298770265498452e-05,6.423186272193422e-05,4.192249483277395,Not Significant
KLHL42,-0.5396342722253671,0.005190624350512795,0.007504355583677654,2.124686595688384,Not Significant
KLHL5,0.42838620887810563,0.0005772780637246845,0.0009690883542680337,3.013636625403538,Not Significant
KLHL7,0.040816661524807785,0.7437510381419112,0.7698086877881037,0.11361719192012022,Not Significant
KLHL9,-0.8019984030491152,3.185752491105084e-05,6.72532912728261e-05,4.17228645710027,Not Significant
KLK6,-1.4695690207303294,0.009025282376459417,0.012584179191758086,1.9001751062272945,Down
KLKB1,-0.26113345653739195,0.5474890678556225,0.5821622197147499,0.23495598217065472,Not Significant
KMT2A,-0.5261350141075773,0.000726424196310595,0.0011967289212809378,2.922004213273208,Not Significant
KMT2B,-0.0072943678219346,0.9665907155123556,0.9716059537089873,0.012509832632821084,Not Significant
KMT2C,0.8367919374313004,0.00023544125762736966,0.00042399628697499503,3.3726379465990868,Not Significant
KMT2D,-0.8772324425304348,9.189334803984477e-05,0.00017803454009292553,3.749495732991366,Not Significant
KMT2E,-0.08064052420316514,0.2683303202911121,0.3013219982847691,0.5209691611081279,Not Significant
KNDC1,-3.633032785837118,7.768717631309655e-23,2.0595279320477228e-21,20.686232313611942,Down
KNG1,-9.235460445079966,3.73569512602453e-16,5.285588862299314e-15,14.276906621336535,Down
KNOP1,0.35768747351367125,0.03996261880701642,0.050792824116373286,1.2941976394246124,Not Significant
KNSTRN,0.5363298882103855,0.008080261707458536,0.011348188546066819,1.9450734571697914,Not Significant
KNTC1,2.0145118930710986,3.031194730176181e-09,1.499816095864187e-08,7.8239619899095425,Up
KPNA1,-0.14716457330160893,0.10875176581739307,0.12988325890271699,0.8864468230202358,Not Significant
KPNA2,1.2109096084613995,2.4499018995019583e-06,6.4896954340212275e-06,5.187775684467382,Up
KPNA3,-0.37782324386820676,0.00014853588019523315,0.00027684559798090265,3.557762377652508,Not Significant
KPNA4,-0.10626926248665924,0.21739075190017365,0.2474051988433691,0.6065911785740571,Not Significant
KPNA5,-1.4196519040720403,4.1160188511223827e-16,5.799269077791172e-15,14.236626740141451,Down
KPNA6,-0.2698834536568171,0.003396888495678932,0.005039801871203176,2.2975865365573527,Not Significant
KPNB1,0.5914377882785473,2.3067369710229498e-06,6.162309267060514e-06,5.210256509588149,Not Significant
KPTN,0.6153185345004424,0.005448796660785994,0.007852815101682132,2.10497462810027,Not Significant
KRAS,-1.1494215606187126,2.7348295055065378e-05,5.83948122901078e-05,4.233625733261801,Down
KRCC1,0.751648227150806,5.783498526345713e-09,2.7149563911652708e-08,7.566237141849863,Not Significant
KRI1,1.2707274614652881,2.264966662523097e-07,7.533275641100433e-07,6.1230161415254925,Up
KRIT1,0.29056022121092795,0.0011953649029200712,0.0019017855388529371,2.7208384592935233,Not Significant
KRR1,-0.3410205979723244,0.006234895270647393,0.008900430063270773,2.0505890080075715,Not Significant
KRT1,0.14996051889297757,0.9250337238409838,0.934214509671586,0.029553391788796537,Not Significant
KRT10,0.9728665355438793,2.7375158637910326e-07,8.977127217392858e-07,6.0468626202637825,Not Significant
KRT17,-2.3107822005651784,0.00019164973076898084,0.0003498241325904535,3.4561502340530077,Down
KRT18,1.988094902745349,9.277056756187013e-06,2.1673717477232832e-05,4.664066592077364,Up
KRT19,-0.9513097821064367,0.03326316241891358,0.042768742591976446,1.3688735178842586,Not Significant
KRT2,2.3883817540473,0.08865410290714286,0.10703516690874366,0.970473509369334,Not Significant
KRT222,-9.402171861588194,1.1768473782806907e-33,7.648748702451405e-32,31.116409607469848,Down
KRT5,-1.930268926352479,0.004054426875985922,0.005956583979682394,2.2250027308794196,Down
KRT7,1.913983555980721,9.67820866021497e-10,5.290193925285166e-09,8.27652840752293,Up
KRT8,2.440703984792739,3.447150642295608e-05,7.23252476952472e-05,4.140710070331278,Up
KRT84,-4.688826911290432,0.008816780663965226,0.01231391215982056,1.9096039487339218,Down
KRT9,-4.684343303939437,0.009934214019005213,0.013779054389020861,1.8607805856012183,Down
KSR1,-0.22134599321465842,0.11895639317852565,0.14110051864835363,0.850471389890556,Not Significant
KSR2,-6.110155866935289,1.896377871189975e-40,2.851359802144449e-38,37.544947977279605,Down
KTI12,0.6019905587177146,2.6172400569072025e-05,5.612191641822725e-05,4.250867507357671,Not Significant
KTN1,0.16300568955107764,0.047072154454424704,0.059127791019186346,1.228208345693912,Not Significant
KXD1,0.81800285112163,2.1486475653460686e-07,7.184027737569298e-07,6.143631999524211,Not Significant
KYNU,3.0908811000848697,1.3904800047005488e-10,8.888131705173432e-10,9.051189518602937,Up
L1CAM,-4.537372495455319,7.241188061129244e-39,8.582085709154824e-37,36.06640715248954,Down
L2HGDH,-1.1542579919222238,7.586955952079345e-11,5.098798816627573e-10,9.292532123657592,Down
L3HYPDH,1.066029991435613,0.00032723409664454255,0.0005747134396089822,3.2405486468200633,Up
L3MBTL2,-0.24006201432976226,0.02093371694888852,0.027715371867933103,1.557279289934306,Not Significant
L3MBTL3,-0.36786486490157166,7.696512074780987e-05,0.0001509631281957626,3.8211291134785106,Not Significant
LACC1,-1.011746761050924,0.0016968180442320584,0.002629402396184242,2.580142945628362,Down
LACTB,0.40696386380462357,3.7320585780932156e-07,1.1867663546625965e-06,5.92563477461632,Not Significant
LACTB2,0.3121497503311037,0.002946444868715862,0.004411128786958477,2.3554502624100047,Not Significant
LAGE3,-0.21571475821575348,0.19512154624269967,0.22359850493106093,0.6505311046423273,Not Significant
LAIR1,3.089342484135731,2.1483955084066386e-09,1.0969557198017474e-08,7.959810902994012,Up
LAMA1,1.7609356257417161,9.47664525432199e-05,0.0001830988191255077,3.7373144566209118,Up
LAMA2,1.2603373730903975,3.032174019828612e-11,2.1800951986690383e-10,9.661524541554138,Up
LAMA4,2.7756613438098654,1.9738659881210717e-12,1.74887651401334e-11,10.757240854429787,Up
LAMA5,0.9758565615381016,0.009154258828272291,0.012760482003046225,1.894132920653286,Not Significant
LAMB1,1.924540108373236,4.85503862167274e-07,1.5058392572269452e-06,5.822221384991344,Up
LAMB2,2.722949073646479,4.2038451883534966e-09,2.0294563147607687e-08,7.6926202926899,Up
LAMC1,2.721214635053986,1.4211153329299164e-12,1.2847412539967999e-11,10.891184330135381,Up
LAMC3,1.5898962680384194,2.2389717642012843e-07,7.459393900740823e-07,6.127296458888914,Up
LAMP1,0.9216237274423236,5.865710419417859e-07,1.7868511268586487e-06,5.747911629630396,Not Significant
LAMP2,0.4737661350137756,0.03627078759368033,0.04638719235987504,1.3336019128770968,Not Significant
LAMP5,-1.7686181493419113,0.00018925257550201334,0.0003458244958475027,3.461144247514916,Down
LAMTOR1,0.747003063948295,1.993610772507484e-05,4.363234239282139e-05,4.360191471382425,Not Significant
LAMTOR2,0.7283763408457453,3.866977386342582e-05,8.017273140567025e-05,4.095973320167071,Not Significant
LAMTOR3,-0.40732565107099816,0.030984370211560027,0.03997650429191287,1.398195185033009,Not Significant
LAMTOR4,0.8544956029968169,4.4117116100347275e-06,1.1041640701574346e-05,4.95696638904359,Not Significant
LAMTOR5,0.37192107601713786,0.00518587416263208,0.0074985641329633375,2.1250218897857835,Not Significant
LANCL1,-1.6636472178887836,6.7301857234235854e-06,1.6212312524574176e-05,4.7901550329595945,Down
LANCL2,0.25056296602717865,0.23276580032723584,0.263736663198355,0.5788294928157958,Not Significant
LANCL3,-1.9395604853317767,1.0962538277175065e-06,3.1320649632518887e-06,5.504169238667341,Down
LAP3,1.870640861353209,2.8889245734065604e-09,1.435768433769003e-08,7.842915599122877,Up
LARP1,-0.5385846032174975,7.85290976626199e-09,3.5926527241291225e-08,7.444584760887064,Not Significant
LARP1B,-0.7552092917641602,1.8009501622066636e-13,1.8723190850433363e-12,11.727620135798443,Not Significant
LARP4,0.02102738621238842,0.6742407355307773,0.7037924743277434,0.15255538139882074,Not Significant
LARP4B,-0.328097016683369,6.0282171974101e-07,1.8302670297380757e-06,5.7374855435583365,Not Significant
LARP6,-1.063218699647841,0.0005311491131376402,0.0008974834226347849,3.046973564504214,Down
LARP7,0.49110213997927943,4.7517788340516126e-07,1.477679481678108e-06,5.830419757033262,Not Significant
LARS,0.5159248630090545,1.2599795123176506e-05,2.8645979704554303e-05,4.542936320106429,Not Significant
LARS2,0.3423226380449087,0.00027686831742800634,0.0004926994223228645,3.307417946923669,Not Significant
LAS1L,0.1926074486414464,0.23214488461472085,0.26309231270206973,0.5798918413853954,Not Significant
LASP1,-0.001999408695603222,0.9778045607431379,0.981604698049464,0.008063371703143337,Not Significant
LAT2,2.189457259427778,1.3710722258055724e-06,3.844191929519994e-06,5.415194937379506,Up
LATS1,-0.17177142658923117,0.052287899504240454,0.06528858448261259,1.1851627472027741,Not Significant
LAYN,0.8530168437099821,0.009740149518596152,0.013528507686521113,1.8687501072644315,Not Significant
LBH,1.6322410936424578,0.00015392331749460557,0.00028609289676026874,3.543492924914469,Up
LBP,7.779614268743477,9.872757169323162e-05,0.00019020492584387365,3.720778240084662,Up
LBR,1.6144539282312174,8.353447961220316e-09,3.799216016313023e-08,7.420306012571725,Up
LCAT,2.226331461022438,1.4059020719579146e-06,3.934182631362231e-06,5.405145483269802,Up
LCLAT1,-0.08404334881998565,0.3431438801742496,0.378499008964786,0.4219352532885802,Not Significant
LCMT1,-0.5034015791720101,0.0014563546950154208,0.00228311814466003,2.641471614464064,Not Significant
LCMT2,0.5110180223069367,0.00012580781444681218,0.00023809654757414727,3.623246901866718,Not Significant
LCN2,2.3662892197813292,0.1963976449779887,0.2249584849924114,0.6478976214542393,Not Significant
LCP1,2.5492049496842526,3.366370113487726e-07,1.0820935712595837e-06,5.965735183106861,Up
LCP2,1.8670217363600283,2.744059316220968e-10,1.656300392547036e-09,8.780860895211386,Up
LDB1,-0.6670646177049981,3.047060768595342e-11,2.1878895354832126e-10,9.659974608911345,Not Significant
LDB2,-2.814169378550549,3.2232589184301494e-09,1.5886061812262877e-08,7.7989837519545455,Down
LDB3,-2.983538591342109,1.0908799395429506e-06,3.1184802812019536e-06,5.5060569977383125,Down
LDHA,0.7842115051323155,0.0019829957880759105,0.003046157299340763,2.5162476740558386,Not Significant
LDHAL6B,1.1069755859367625,0.5069192008014132,0.54188285535584,0.2660945894233739,Not Significant
LDHB,-0.4992872401128281,0.0021781961796049497,0.0033242157723587734,2.4783107942430966,Not Significant
LDHD,-1.713049140126886,4.512220033312292e-16,6.330933790471871e-15,14.198532228349178,Down
LDLR,0.5043607839176083,0.17583838657130915,0.20300205206502042,0.6924995719586567,Not Significant
LDLRAD3,2.4413724097067,2.3291737174904905e-09,1.1785080878954898e-08,7.928667432642136,Up
LDLRAP1,0.30994163070989167,0.27462222091162847,0.307701507447864,0.5118703761130049,Not Significant
LECT2,0.2422968028211243,0.08328303262463632,0.10099834725660121,0.9956857329818222,Not Significant
LEF1,1.432798624125839,8.661055376156689e-05,0.00016843913486371136,3.7735569978673102,Up
LEMD2,1.0776990918455276,3.1888715466782604e-06,8.222342452325774e-06,5.0850044392489036,Up
LEMD3,-0.33748028257508267,0.0014404656495673688,0.0022603194631996373,2.645830175321716,Not Significant
LENG1,0.5384009686017848,1.063622851514925e-06,3.0492136044853026e-06,5.515812151233202,Not Significant
LENG8,0.33418094407499055,0.2677577617446437,0.30074609118246637,0.5218000085065461,Not Significant
LENG9,0.6290805545190139,4.7717362707403375e-05,9.728895201667306e-05,4.011936474743117,Not Significant
LEO1,-0.006295150800387006,0.9247517348236285,0.9340233583931455,0.029642262640998177,Not Significant
LETM1,0.030884037787149765,0.5339305085771684,0.5687054285690838,0.24511262617662535,Not Significant
LETMD1,-0.4308921316410981,0.0008052811961124435,0.0013148140631502035,2.881135659385159,Not Significant
LFNG,2.7779280696865953,2.5261918151322333e-12,2.1825777311871456e-11,10.661030280211396,Up
LGALS1,2.035296748785843,7.637296433393225e-08,2.795716724927448e-07,6.553506835441873,Up
LGALS3,1.958746176505283,1.0137241908383429e-05,2.3492655851174294e-05,4.629067883336911,Up
LGALS3BP,2.960086018476833,6.28830347963968e-08,2.3505888405896153e-07,6.6288233299899995,Up
LGALS8,-0.6870203106240602,7.766018782681939e-06,1.8482133998756878e-05,4.73324788536819,Not Significant
LGALS9,2.5836503469061753,2.8564111543579485e-08,1.1482636061054259e-07,6.939958399799438,Up
LGALS9B,2.62730915250991,0.019873423700163168,0.026405284932134496,1.5783091417984336,Up
LGALSL,-0.893059113782332,0.00010913935062916179,0.00020886584692974465,3.6801325686485393,Not Significant
LGI1,-2.7156570569334804,5.411839501149801e-27,2.0342862363650408e-25,24.691587939256046,Down
LGI2,-1.0672386182164715,0.0008606019439322697,0.0013992420889563726,2.854107139831135,Down
LGI3,-4.680915754440541,6.861461710935357e-34,4.547524031313341e-32,31.342224997236617,Down
LGI4,-2.1418271119823427,2.609101086888638e-07,8.592378015467844e-07,6.065886624752011,Down
LGMN,0.9460246037073183,6.869815556378558e-10,3.8512254821901835e-09,8.414401053487312,Not Significant
LHFPL2,2.395772098676428,3.344135733036195e-11,2.379154193121937e-10,9.623577410399914,Up
LHFPL3,1.3330901535398922,2.888579512450829e-06,7.536168459183965e-06,5.122849402137112,Up
LHFPL4,-1.9131764871928585,7.88408370578223e-14,8.531069737062318e-13,12.068996507897609,Down
LHPP,-1.2634389447548493,1.2903224201971812e-09,6.852244628922722e-09,8.16416714087658,Down
LIAS,-0.05805647201717434,0.3760070888915834,0.4119068522720543,0.38520098328225993,Not Significant
LIFR,0.31534925872593433,0.02854623326053656,0.037044281059725015,1.4312788294096868,Not Significant
LIG1,1.400449000988841,9.83756198604876e-10,5.365652379396601e-09,8.27037746707223,Up
LIG3,0.3689333448172256,3.987187316753835e-06,1.0069422168207102e-05,4.996995450634,Not Significant
LIG4,-0.8688773347398957,1.9919840751980653e-05,4.361496973167857e-05,4.3603644245837625,Not Significant
LILRA2,2.3647286350984125,2.8538199827514216e-08,1.1476799403687753e-07,6.940179209073737,Up
LILRB1,2.2894607355826793,1.0232645125298642e-06,2.9402072730250576e-06,5.531622052459266,Up
LILRB2,2.5966685375638594,6.9561189539734905e-06,1.6724568578121465e-05,4.776645076343864,Up
LILRB4,3.2462837225912526,8.601069688490759e-11,5.707982611452959e-10,9.243517358570973,Up
LIMA1,2.797770050081297,1.0765886044012663e-16,1.6187393433937846e-15,14.790823077645257,Up
LIMCH1,-0.9509171870441548,1.0798795695853843e-14,1.299726019594165e-13,12.886148186707619,Not Significant
LIMD1,2.548028524807613,4.414996498187395e-08,1.7034344972324712e-07,6.768674561853914,Up
LIMD2,0.357018020567903,0.05250423015389268,0.06553433460169929,1.1835311057911297,Not Significant
LIME1,0.9676898200359236,0.0031492726605453192,0.0046931616541913525,2.3285344864194752,Not Significant
LIMK1,-0.6601580827122895,6.209096240725072e-06,1.5050634150400477e-05,4.822445200919476,Not Significant
LIMK2,1.396342675129084,0.0031060941994500444,0.004631556093140875,2.3342730718060536,Up
LIMS1,1.9925425774377636,3.2587492812682664e-07,1.052537360035156e-06,5.977762479844647,Up
LIMS2,-0.10846067597398701,0.6233815643789956,0.6549797538124741,0.18377212434931411,Not Significant
LIN37,0.374221024889307,0.002831996311562992,0.00425306065037054,2.3712984240262918,Not Significant
LIN52,-0.6084718911574427,8.48553750732727e-06,2.0052382089799416e-05,4.697834028679445,Not Significant
LIN54,-0.12644300326836344,0.13022125887815852,0.1534864820332946,0.813929867983972,Not Significant
LIN7A,-1.750999195592314,5.825628148181208e-08,2.195562213422278e-07,6.658454252222455,Down
LIN7B,-1.3458045335157411,5.60462979590713e-07,1.7156195856568954e-06,5.765579004462481,Down
LIN7C,-1.0195148634326685,4.925810601699204e-11,3.401138862338436e-10,9.468375636248345,Down
LIN9,0.2091873432195417,0.03132169512347577,0.0403910338804269,1.393715030147226,Not Significant
LINGO1,-2.689874928763709,3.03715198271817e-15,3.877854128504796e-14,13.411408531610316,Down
LINGO2,-6.382102660937393,5.813210148596533e-29,2.502661497306046e-27,26.60159788782434,Down
LIPA,0.7025051227978487,0.0016218577708762103,0.0025213881456492195,2.5983602933405856,Not Significant
LIPE,-0.8893760254299821,0.001136933905049385,0.0018157057957304222,2.740954520155162,Not Significant
LIPG,3.662795775821097,3.1265712465080515e-11,2.2370084330484453e-10,9.650332378701984,Up
LITAF,2.0720015676043815,1.075090675852623e-06,3.0785854089082786e-06,5.511648793314001,Up
LIX1L,0.9233911838236502,0.00011264613961582367,0.0002150866585462107,3.6673865273134076,Not Significant
LLGL1,0.7483220525437453,0.00023842611989346993,0.00042875843124006005,3.3677873267625102,Not Significant
LLGL2,0.1052135000197385,0.6010291522435863,0.6336090079219222,0.19817865707674584,Not Significant
LLPH,0.4491541220717714,1.6897648249129446e-11,1.2732005120548246e-10,9.89510319538677,Not Significant
LMAN1,1.2167726960697038,1.27136288291563e-16,1.889042726031277e-15,14.723758219171987,Up
LMAN2,1.5521490036420076,3.2812191828971628e-24,9.750738067405906e-23,22.010962509791717,Up
LMAN2L,1.0181955453250815,2.8441633351159524e-05,6.061371152519167e-05,4.217429122266857,Up
LMBR1,-0.24649073695747603,0.008942635815811771,0.012481035357230228,1.9037493865060673,Not Significant
LMBRD1,-0.5660356844819319,5.648083916224862e-05,0.00011347985116084816,3.945081242492547,Not Significant
LMBRD2,-1.5226892860297632,1.4606860217160898e-06,4.075034888609219e-06,5.389868668674777,Down
LMCD1,2.191844672423935,8.445479757945783e-09,3.837607716804052e-08,7.415939421245816,Up
LMF1,-0.15493061230940874,0.4006469036939543,0.43695105638333825,0.35956720635464207,Not Significant
LMF2,1.0138865280789844,1.5604075958308718e-10,9.911441437831149e-10,9.003863180734388,Up
LMNA,2.325941166717975,8.38447349192771e-09,3.811605864516234e-08,7.41889201352041,Up
LMNB1,2.4579733177409935,4.6693574264707844e-14,5.214978571426461e-13,12.28274747176868,Up
LMNB2,1.3949061996636054,1.0914183591800096e-10,7.125695755268579e-10,9.147172724593588,Up
LMO2,1.9149049782424683,6.433185493227997e-08,2.397628955189746e-07,6.620218025232917,Up
LMO3,-3.4773540633216093,5.989309625655985e-19,1.1214926611311969e-17,16.950203564025422,Down
LMO4,-1.5981285017381381,4.839405382351244e-05,9.856888358634539e-05,4.0062601623360266,Down
LMO7,-2.206438364524921,1.2543635644565168e-14,1.4972107284757048e-13,12.824717069547795,Down
LMOD1,0.6683481423878632,0.06082094930955182,0.0752900274446332,1.1232625445507873,Not Significant
LMTK2,-2.436817816901712,9.984580840078606e-40,1.3411288984393584e-37,36.8725294792769,Down
LMTK3,-2.708828430030156,7.924320134440134e-11,5.300770321005969e-10,9.275661013068556,Down
LNPEP,-0.6112944640785081,4.275127725150067e-06,1.0718675137670924e-05,4.969858891504886,Not Significant
LONP1,0.5112657000378995,5.0160122717578176e-06,1.2398085742616502e-05,4.9066453644825545,Not Significant
LONP2,-0.1512863332228811,0.0034249324515418394,0.005078417650402192,2.2942715855012237,Not Significant
LONRF2,-1.8715767792048865,5.259434154773734e-09,2.4874901255958025e-08,7.604238634565259,Down
LOX,4.923447594394643,1.2901519606156353e-18,2.3299933937034635e-17,16.632645310339733,Up
LOXL1,3.60025258799922,1.1747257734140125e-07,4.139275075681274e-07,6.383075711584041,Up
LOXL2,3.620726110635605,5.385551925341218e-08,2.046550361972366e-07,6.688977563670762,Up
LOXL3,3.0294582360140776,1.1945764995024144e-08,5.243644294547853e-08,7.280366776584276,Up
LPA,-6.455176370462646,1.175020009734305e-28,4.973593100026634e-27,26.303329748145618,Down
LPAR1,-0.6928257077078328,0.05681394793358868,0.07059870623941931,1.1512032575633433,Not Significant
LPAR5,1.515918020701175,6.113468682547957e-07,1.8533579147754476e-06,5.73204070296825,Up
LPCAT1,1.117027045301544,5.0722747026181155e-11,3.4974740146594727e-10,9.45624550352146,Up
LPCAT2,1.3187739487186114,0.0003032937077198454,0.0005358437059925855,3.27096186613415,Up
LPCAT3,1.4878876803902976,9.560889011908964e-07,2.76215646418041e-06,5.558751724162329,Up
LPCAT4,-2.1298394302231625,3.8325331010828084e-10,2.246011545102281e-09,8.6485880156786,Down
LPGAT1,-1.28230717806046,3.488258449586004e-05,7.307281268689832e-05,4.136244175658894,Down
LPIN1,-0.8356387091819286,3.373006770708658e-05,7.089436721910915e-05,4.149388269511413,Not Significant
LPIN2,-0.26617701497004376,0.003435973491102515,0.005094039286146687,2.2929377100023745,Not Significant
LPL,2.427078304208944,2.5483168981992294e-17,4.0427943988124467e-16,15.393318344674661,Up
LPP,1.3497560275527611,1.0498024859672048e-05,2.4250654078499475e-05,4.615276543294616,Up
LPXN,0.14129198270053323,0.01243575185405955,0.01699603366948798,1.7696524172354795,Not Significant
LRBA,0.20823207527141108,0.0034848971297636827,0.005163531943703389,2.2870531319129013,Not Significant
LRCH1,0.4824580719196234,0.020949063479936803,0.02772840172078352,1.557075162656134,Not Significant
LRCH2,-0.40340708946661863,0.00031524133753597146,0.0005557825051342977,3.255095128021436,Not Significant
LRCH3,0.5143750491009378,0.002649761921562494,0.003997858558906779,2.3981725749434917,Not Significant
LRCH4,0.5801200509236466,0.020192968013619472,0.026798045022948566,1.571896887565034,Not Significant
LRFN1,-1.9064729233257278,1.833578487773313e-07,6.217256710140813e-07,6.206401200269626,Down
LRFN2,-4.449270729401874,9.082384202808073e-41,1.4523164834775956e-38,37.83793873346315,Down
LRFN3,-0.7588141417994301,0.0002970931809490693,0.0005259034800353057,3.279093955341459,Not Significant
LRFN4,0.4151330613177393,0.03520089451856,0.045127743876301016,1.345556378125439,Not Significant
LRFN5,-5.141270917029049,8.342614467380734e-37,7.781805383740141e-35,34.10891963472794,Down
LRG1,0.8784341630759105,0.03629438804152078,0.04640951167977424,1.3333930011973278,Not Significant
LRIF1,0.062020420318358305,0.5282363311412664,0.5631185632836053,0.24940015584358904,Not Significant
LRIG1,1.1370894707934163,0.00042778377598415437,0.0007365396956527724,3.1328038419803677,Up
LRIG2,0.3580054074868748,0.0005410767746697459,0.0009129043996659903,3.03957469987139,Not Significant
LRMP,-1.085187779652422,2.694267100008073e-10,1.6291744757191674e-09,8.788032402625541,Down
LRP1,0.6965940585747319,2.0009986987064568e-05,4.3783798633294626e-05,4.358686562231029,Not Significant
LRP10,1.684055650168684,7.551006795013574e-06,1.8008722171630382e-05,4.744517101922163,Up
LRP11,-2.0718119058571354,3.198309094307531e-08,1.272502599370224e-07,6.895341321847006,Down
LRP1B,-0.5721145193312545,0.005136849001275879,0.007431274891208656,2.1289366733564643,Not Significant
LRP4,-0.1710461610314411,0.45270515707101117,0.4885956452039176,0.3110504081614701,Not Significant
LRP6,0.5002806312450652,2.4063552059843264e-06,6.3911474677263655e-06,5.1944211615343825,Not Significant
LRP8,-0.49430375042784647,9.776563093636148e-05,0.00018845980980729154,3.724781251505475,Not Significant
LRPAP1,0.01431153812209729,0.788472535318205,0.8100216521308992,0.09150337213950838,Not Significant
LRPPRC,-0.3622168678377342,0.028959130860780332,0.03754140835046983,1.4254894390304742,Not Significant
LRRC1,0.7636356042721228,0.004769772807467586,0.00692425139928055,2.159627172550219,Not Significant
LRRC14,0.21366735155922711,0.042471403993935564,0.053771135331771636,1.2694507936676054,Not Significant
LRRC17,2.0474535171775123,1.3298504654342834e-12,1.2134885497087837e-11,10.915964317248612,Up
LRRC20,-1.8524394513106337,8.597049037450115e-13,8.026568304288458e-12,11.095470094206114,Down
LRRC25,3.6439231523526185,1.6453164262037694e-08,6.932211492085643e-08,7.159128196038236,Up
LRRC3B,-1.3706445202501012,0.0006001223915075214,0.0010052598889336167,2.9977216459662324,Down
LRRC4,-2.380887109286828,1.650993907821716e-21,3.978974312774155e-20,19.400228864537063,Down
LRRC40,-0.5119123173805242,0.0055523381576027524,0.007991749478452654,2.0973581386247795,Not Significant
LRRC41,0.39681724187999023,3.20012503804426e-08,1.2727224490034694e-07,6.89526629548903,Not Significant
LRRC42,1.1654291340428138,1.9331485540573606e-18,3.4286159390094804e-17,16.464881160236605,Up
LRRC45,0.616028144544094,0.0016272998139728687,0.0025289241817704586,2.5970641907949,Not Significant
LRRC47,-0.24674028581469543,0.0328196006860746,0.04223076476069938,1.3743710538262313,Not Significant
LRRC49,-0.7843249231042435,1.6921218963174289e-06,4.644805445095852e-06,5.333032472389577,Not Significant
LRRC4B,-0.7097293239016089,0.0005248897265942491,0.000887353432742149,3.0519033662818216,Not Significant
LRRC4C,-1.6766837562692203,4.165043234976208e-13,4.093526395039056e-12,11.387902404936606,Down
LRRC57,-0.7965214734924952,2.38898928471309e-12,2.0782968958721645e-11,10.682292411048024,Not Significant
LRRC58,0.3268722195958915,0.0013047490366246384,0.002062457523137707,2.685614987096518,Not Significant
LRRC59,1.0444552785059784,3.6297590639620385e-07,1.1571580003276446e-06,5.936607337689939,Up
LRRC7,-5.438522777277937,2.0412050995585475e-38,2.363574732523311e-36,35.6264306614341,Down
LRRC73,-2.6619321187760967,4.738778470367605e-14,5.280802467973811e-13,12.277300077289656,Down
LRRC75A,-0.7311828221736576,0.0013434280538347694,0.0021176176207684974,2.6741524579124665,Not Significant
LRRC8A,0.07090636663881611,0.5148190181966371,0.549744200690367,0.25983934336136383,Not Significant
LRRC8B,-2.1242302538795883,9.961064297453653e-10,5.427136924421206e-09,8.265429221212045,Down
LRRC8C,-0.539443960902334,1.348391476781497e-05,3.0456716899320182e-05,4.516316913519847,Not Significant
LRRC8D,0.20568441134360782,0.17563319392574342,0.20283489574778624,0.6928573268190087,Not Significant
LRRFIP1,0.05818370978878562,0.6046186705731184,0.6369931486460567,0.1958652388125507,Not Significant
LRRFIP2,0.1808550949842953,0.24038724583278148,0.27166940930215844,0.5659592615424558,Not Significant
LRRK2,-0.35259875366458004,0.009883850502428407,0.013712974791552647,1.862868322350202,Not Significant
LRRN1,0.6210250295347848,0.0001120093400035536,0.0002139924314803336,3.6696015865781626,Not Significant
LRRN4CL,2.8141255109759786,1.5944961867726853e-10,1.0108844924825697e-09,8.99529846571791,Up
LRRTM1,-3.3931071046393804,5.197518229404138e-16,7.212093476999626e-15,14.141938652958782,Down
LRRTM2,-1.6029391102019126,2.841293587278352e-09,1.4134909431230675e-08,7.849706969887073,Down
LRRTM3,-2.512479099794371,1.1174083021859788e-20,2.5182933414365885e-19,18.598893682827406,Down
LRRTM4,-3.461203320136443,2.7088820928414086e-19,5.350838863389088e-18,17.27157812729049,Down
LRSAM1,-0.6055437605031457,1.3729593935028677e-05,3.098385513025961e-05,4.508864546627316,Not Significant
LRWD1,1.252376137176908,4.200841706901546e-11,2.942926241677759e-10,9.531220622451444,Up
LSAMP,-1.4804008411240694,1.6322984052423793e-18,2.925938458080379e-17,16.533734812727857,Down
LSG1,0.8697058098260975,1.1443447665034651e-08,5.034117544871575e-08,7.298076648046077,Not Significant
LSM1,0.39522776096221435,0.001130724448411963,0.0018063618923726793,2.7431952373471598,Not Significant
LSM12,0.45131419422418695,0.00011858208590643241,0.0002252679489763153,3.6473005951066826,Not Significant
LSM14A,0.6707347239133483,1.9604308442812282e-07,6.605143921501369e-07,6.180117714971043,Not Significant
LSM14B,-0.1969937515394271,0.04082479877206657,0.05184934730582434,1.2852567062616904,Not Significant
LSM2,1.1261219552679762,2.7572929385030627e-10,1.663291560627536e-09,8.779031616040218,Up
LSM3,0.09851967052745181,0.5503215020468726,0.5848036721118349,0.23298990901035355,Not Significant
LSM4,0.26004952950600213,0.08399368062845854,0.10176215738437658,0.9924136944413539,Not Significant
LSM5,0.5191862576013406,8.345303117940953e-06,1.9767360359778312e-05,4.704051320454677,Not Significant
LSM6,0.6780270905247221,1.014565918904262e-05,2.3506754983996173e-05,4.628807319399661,Not Significant
LSM7,1.985047853240566,4.479512205124199e-12,3.7110695686201625e-11,10.43050090418405,Up
LSM8,1.0812936228563466,5.348440842059386e-10,3.0492469181044854e-09,8.515807406455096,Up
LSP1,3.473809110101925,1.4815074861307622e-06,4.126266634028559e-06,5.384442711906769,Up
LSR,-0.52389470348791,0.042673726496924476,0.05400014077754267,1.267605107976471,Not Significant
LSS,0.43764916664581577,0.019838791437915847,0.02636274699189609,1.5790093383396056,Not Significant
LST1,2.6880392839319907,8.222661491674483e-07,2.417131364666727e-06,5.616699746199894,Up
LTA4H,0.518472273132879,7.298534436125972e-05,0.00014396991562469757,3.8417282498713514,Not Significant
LTBP1,2.114793576779002,9.103675945756707e-10,4.992402366769356e-09,8.301690419594552,Up
LTBP2,3.758702873453318,7.776172016405714e-07,2.2972773282484216e-06,5.6387865734345946,Up
LTBP3,0.8809450442979525,0.0003270681602676105,0.0005745221702765315,3.240693207631951,Not Significant
LTBP4,0.43418273465390556,0.00854853016517651,0.01196746704891442,1.9219977596257791,Not Significant
LTC4S,0.32881585126638235,0.33447124428369907,0.36970192175926975,0.43214829190112314,Not Significant
LTF,6.087970662694339,1.1853121506978674e-09,6.3481311037375416e-09,8.197354112628938,Up
LTN1,-0.0022063899526685304,0.9792842061466476,0.982796283395231,0.007536494544413558,Not Significant
LTV1,0.6288865003616522,5.418372709184266e-09,2.553072342016946e-08,7.592936879166118,Not Significant
LUC7L,0.5186787705084441,0.012474829723825622,0.0170448168503756,1.7684076609823811,Not Significant
LUC7L2,3.100704597140526,0.08955869235868973,0.10799787728291121,0.9665847805628479,Not Significant
LUC7L3,0.16231613374831966,0.40426468596091913,0.4402770212292215,0.3562739804813555,Not Significant
LUM,4.042310896529752,2.6091612512126567e-08,1.0560341681284172e-07,6.976322029918148,Up
LUZP1,-1.3382004165716772,2.120308170899405e-11,1.5717427898190292e-10,9.803618523246897,Down
LXN,2.7555646220078582,2.0449728062818938e-07,6.8670186834946e-07,6.163231770994091,Up
LY6E,-1.0125070374122238,9.000794937837849e-08,3.2488000073012714e-07,6.488277022541997,Down
LY6H,-3.708261954621742,8.943609018840746e-30,4.114060148666743e-28,27.385729363092654,Down
LY75-CD302,3.7703013662384404,0.0014571341216449722,0.002283629300163574,2.6413743934032574,Up
LY96,2.05344252591893,1.962280604611685e-06,5.321134538588994e-06,5.2739957603144925,Up
LYAR,1.2584062669214067,1.1485716518025364e-11,8.914261032556819e-11,10.049914652800975,Up
LYN,1.9125082730415102,1.3584719984038721e-06,3.8109849378781977e-06,5.41896276768265,Up
LYNX1,-3.218769430167743,2.489271127146491e-21,5.91436729596079e-20,19.228091708275276,Down
LYPD1,2.7041324303531233,1.5224410795779673e-07,5.256021739434011e-07,6.279342847158948,Up
LYPLA1,0.8620853898523428,2.2275522139644042e-07,7.433044386709972e-07,6.128833273783132,Not Significant
LYPLA2,0.8440733007374277,1.0781941280893562e-07,3.827247232689279e-07,6.4171134822948055,Not Significant
LYPLAL1,-0.22080409342833107,0.0019617417711658212,0.0030162677965086208,2.520530102662042,Not Significant
LYRM1,-0.33951701687112035,0.007608558253959726,0.010741117692038997,1.9689505247603902,Not Significant
LYRM2,-0.18560488890821603,0.014523324033792027,0.019675627530449283,1.7060714074484278,Not Significant
LYRM4,-0.44105599818322005,1.6026951079399513e-09,8.391658273070202e-09,8.076152209888578,Not Significant
LYRM7,-1.3509051929378053,9.536574601010649e-09,4.2771303997653326e-08,7.368847508911945,Down
LYRM9,-1.2528849360462306,1.0558461409285208e-05,2.436233170800256e-05,4.61328114791694,Down
LYSMD1,-0.2345977916811286,0.0006481258899179007,0.0010795668344961856,2.9667504659240995,Not Significant
LYSMD2,-1.568011463519511,8.831334103658159e-08,3.19450124812396e-07,6.49559693784856,Down
LYSMD3,-0.0813252271447169,0.1882817658227368,0.216400514420793,0.6647417111724634,Not Significant
LYST,0.39733409325382496,3.774154101446278e-05,7.850676939494075e-05,4.105092893775573,Not Significant
LYVE1,1.153745448856018,0.010504399279983237,0.014517947365420652,1.8380947824573666,Up
LYZ,3.6059229093446206,7.686464333225542e-07,2.2747779580762077e-06,5.643060988584215,Up
LZIC,0.29977701265294954,3.430817308324795e-06,8.783241058211941e-06,5.05634519776539,Not Significant
LZTFL1,-1.3063875196146437,8.822883695687502e-06,2.0723182641724388e-05,4.683543545374935,Down
LZTR1,0.35476157115843066,0.05187744979752323,0.06480821295389992,1.1883699537815406,Not Significant
LZTS1,-0.756158016136169,0.0001690416831843485,0.00031183408101064403,3.5060764215846247,Not Significant
LZTS2,0.18314142215010065,0.1521515461288768,0.1774660965268386,0.7508846031592056,Not Significant
LZTS3,-2.764213826760191,2.7959731172811706e-25,9.027767045990548e-24,23.044419656057073,Down
M6PR,0.7992225528765253,1.2194220119055828e-05,2.7843285013456122e-05,4.555279526997783,Not Significant
MAB21L1,1.5706546315348664,1.3412350364022281e-08,5.808943145621688e-08,7.235902874111412,Up
MACF1,0.43786618611271777,0.03840078844211244,0.04893732356304121,1.3103597863856848,Not Significant
MACROD1,-0.2805180979787938,0.037255187208910544,0.047537524501908145,1.3229634377351702,Not Significant
MACROD2,-2.956225108038483,9.364031100486338e-26,3.151174558356928e-24,23.501527538548814,Down
MAD1L1,0.5456661417914077,2.428722305811825e-06,6.439579361627887e-06,5.19114250016972,Not Significant
MAD2L1,0.8384517456224696,0.008184269362042352,0.01148625376890703,1.939821592963564,Not Significant
MAD2L1BP,0.249965866360359,0.18814157674618492,0.21626406254462197,0.6650156429985757,Not Significant
MAD2L2,1.7563055483971652,5.636525170708983e-26,1.9446011838945993e-24,23.711169454180805,Up
MADD,-1.7185661209486938,5.688716080588218e-14,6.256345610900186e-13,12.203679268138591,Down
MAEA,-0.044173626886092165,0.4804780753261665,0.5153131194331737,0.28792880063051624,Not Significant
MAF1,0.39421706749687857,3.536364412706384e-07,1.1306040969090483e-06,5.946689445143573,Not Significant
MAFB,1.5948657106494117,1.4920214165018487e-14,1.7662307579129993e-13,12.752952556510817,Up
MAFF,1.9056449616984157,0.0004737495814748525,0.0008087702565290059,3.092174828810291,Up
MAFG,-0.6807119943594202,2.071129343839221e-06,5.585039870558762e-06,5.252973722189938,Not Significant
MAG,-2.553881801859374,0.0003737886032022923,0.0006500166388157937,3.1870755263519164,Down
MAGED1,0.5859206547876035,0.0017980050322017119,0.002776805564065621,2.556454529111718,Not Significant
MAGED2,0.4266714064492163,0.01086649837691861,0.01498550371650624,1.824328654278404,Not Significant
MAGED4,-0.801463415496567,0.06960363717567432,0.08534669845075567,1.0688132744596353,Not Significant
MAGEH1,-0.9451718336928039,0.0015800658714008177,0.0024617357854147598,2.6087585611098203,Not Significant
MAGI1,-0.6458858628728237,7.078589867536756e-08,2.6082558275627384e-07,6.583649813611182,Not Significant
MAGI2,-1.2221482161465822,4.615520035044479e-12,3.808087537513356e-11,10.419293076930932,Down
MAGI3,-1.3373295066539903,2.6285557252315314e-17,4.1635330779846616e-16,15.380537980656422,Down
MAGOH,0.47507815240008,1.3869423454784208e-08,5.98100238071297e-08,7.223226024718757,Not Significant
MAGT1,1.7317505036668486,6.977689355934043e-08,2.5757875621722075e-07,6.589089958230255,Up
MAK16,0.7774663859710316,0.0010833048333059275,0.0017347342061236552,2.7607670578509786,Not Significant
MALSU1,0.952923023733856,3.43621862139918e-12,2.9040659724811525e-11,10.536993521870333,Not Significant
MALT1,0.7357405482546344,0.0005329643320217301,0.0009002486050950553,3.0456375428808533,Not Significant
MAMDC2,-0.6014056156179546,0.016586994325755142,0.022279650778354306,1.652091620779382,Not Significant
MAML1,0.36521231584733016,0.058061782698765683,0.07208705926883972,1.142142690794447,Not Significant
MAML2,2.5854160154066683,3.643009986972797e-08,1.4319033401780706e-07,6.844086297841105,Up
MAN1A1,-0.3634020951855561,0.07247094453484537,0.0886655690119058,1.05224499449863,Not Significant
MAN1A2,-1.2996735466787896,1.6721686182723988e-07,5.71225047828964e-07,6.243192757297359,Down
MAN1B1,0.5593169752935303,1.7279823691530161e-09,8.991577679156759e-09,8.046164099452842,Not Significant
MAN1C1,0.045429115504855844,0.716249707092225,0.7434844129271988,0.1287281319848861,Not Significant
MAN2A1,-0.18875784276823637,0.28933137694959604,0.3230685315218611,0.4907053423599006,Not Significant
MAN2A2,-0.797816697277959,6.032998969539757e-08,2.2701001588862806e-07,6.643954980916122,Not Significant
MAN2B1,2.536740422951322,4.144483931247415e-10,2.410596485183976e-09,8.617875481005541,Up
MAN2B2,-0.04475124710010547,0.39910732635475743,0.43531909979404787,0.36119227758602906,Not Significant
MAN2C1,0.5216690731796696,0.009235929724756724,0.012867204542552793,1.8905157952567042,Not Significant
MANBA,0.7709558276595203,1.6634374258328252e-07,5.688210667970089e-07,6.245024327495825,Not Significant
MANBAL,0.49593583058372914,6.212806547662111e-05,0.00012396081038056666,3.906715593269654,Not Significant
MANEA,0.7239192301267501,7.632703183070966e-06,1.819494838292875e-05,4.740049172121769,Not Significant
MANEAL,-0.24411820297057574,0.07785240606231959,0.09486937688058637,1.022873951935515,Not Significant
MANF,1.5979413262938067,7.411755568069256e-07,2.2025376281041205e-06,5.657076663375214,Up
MAOA,-1.0204833141013196,4.190709769807006e-06,1.0535864791873167e-05,4.977329811368233,Down
MAOB,0.24877512969950288,0.21955794661218123,0.2496418458432408,0.6026826149207882,Not Significant
MAP1A,-3.1280325330694794,1.9065738923341004e-41,3.369618489714689e-39,38.47241926743459,Down
MAP1B,-1.151915687160706,8.691097846340499e-05,0.00016899077341060451,3.7721370064292157,Down
MAP1LC3A,-1.2433360506657607,4.839714460334796e-06,1.2008690510692791e-05,4.920504347716687,Down
MAP1LC3B,-0.6811986522234612,9.898611410579496e-08,3.5361209698644624e-07,6.451472886293023,Not Significant
MAP1S,-1.1035725708955653,2.7203957791410474e-09,1.3600628823358268e-08,7.866441011614985,Down
MAP2,-2.5557091667255136,1.0678324473867209e-11,8.319678325579138e-11,10.07989346507065,Down
MAP2K1,-1.318742438435553,5.635526793306038e-05,0.00011327273925731249,3.9458745968854525,Down
MAP2K2,0.07397393124194096,0.44068503868229886,0.4764392659031422,0.3219924531877292,Not Significant
MAP2K3,0.9094720114927313,0.0006918916688657334,0.0011447063018809982,2.941305926279565,Not Significant
MAP2K4,-1.8520013831478934,4.183009647240925e-06,1.0519131099926381e-05,4.97802013224427,Down
MAP2K5,-0.7205282894856779,1.8156696760913952e-17,2.9033422725309073e-16,15.537101762546143,Not Significant
MAP2K6,-0.7963799730604837,3.842971723792869e-07,1.2193416423776176e-06,5.913874594126185,Not Significant
MAP2K7,-0.20543147614345614,0.041738012375924324,0.05291577355588493,1.276414850702562,Not Significant
MAP3K1,1.8536539487466506,9.784694459100175e-26,3.2747844511951882e-24,23.48481728032479,Up
MAP3K10,-2.182831347125205,5.049290674162629e-09,2.397104347385218e-08,7.620313060456443,Down
MAP3K11,0.5011558443296202,0.012765557503605623,0.017420783837892584,1.7589323080646977,Not Significant
MAP3K12,-0.42547552447365433,5.081464950133747e-05,0.00010303932644482892,3.9869969889036163,Not Significant
MAP3K13,-1.057154820566172,3.843588223429611e-15,4.858256933855696e-14,13.313519520818446,Down
MAP3K2,0.5440145376227647,3.354987747541651e-05,7.058927854790016e-05,4.1512612567538,Not Significant
MAP3K3,0.2705856508496929,0.02025051015064858,0.026870869238360615,1.570718284466813,Not Significant
MAP3K4,-0.05419547468024177,0.460415322789201,0.496279045771283,0.30427406149020686,Not Significant
MAP3K5,-0.9340685193295997,1.0190570212209269e-10,6.714179484486341e-10,9.173007053305444,Not Significant
MAP3K6,1.0701546964575854,0.0007450458429329385,0.0012252027133049987,2.911792050086095,Up
MAP3K7,0.21716174225613827,0.0014478908746063171,0.0022712632623456924,2.6437325237469866,Not Significant
MAP3K7CL,1.9294280756322877,1.1603945125888358e-09,6.2246082640148735e-09,8.205887975016159,Up
MAP4,-0.10420810102701239,0.386926729905192,0.4231328568242406,0.3735232498201541,Not Significant
MAP4K2,-1.498775200162429,2.8992532792160793e-11,2.098209593018878e-10,9.678151131707246,Down
MAP4K3,-0.27430288023597527,5.9419754265892726e-05,0.00011895759230417395,3.9246078344961326,Not Significant
MAP4K4,0.42996867685033635,0.034178359810802854,0.04388945783735219,1.3576397839237788,Not Significant
MAP4K5,0.03447507665568139,0.8424651796557634,0.8595294936046345,0.06573921648713078,Not Significant
MAP6,-1.4644260690849116,1.8882406647658517e-28,7.893002679191365e-27,26.10275774977821,Down
MAP6D1,-1.2226979389225718,0.00010197009641016544,0.00019585257411553988,3.7080707160904414,Down
MAP7,-2.394821252467917,7.884299170098004e-18,1.323773830659455e-16,15.878186208617608,Down
MAP7D1,-0.8000360899233776,3.0480240201921214e-07,9.908291054990459e-07,6.004001244544848,Not Significant
MAP7D2,-4.819001489645009,7.840637747931594e-17,1.1967664344342861e-15,14.921990599914436,Down
MAP7D3,2.387135941811078,6.173898803124722e-17,9.524633467485215e-16,15.02115172810499,Up
MAP9,-1.7338518257801923,3.845320081065319e-08,1.503794817416616e-07,6.822811416232857,Down
MAPK1,-0.6141819273822726,9.89898764315327e-05,0.0001906373571346321,3.7197919913802413,Not Significant
MAPK10,-2.3429864389766486,7.09893773009039e-09,3.26849628395478e-08,7.485652004459376,Down
MAPK11,-1.5186879731815388,1.363394909187894e-09,7.225060660262412e-09,8.141158502300598,Down
MAPK12,-0.4492663737855569,0.027363321929686497,0.03560886312183137,1.4484418917511022,Not Significant
MAPK13,-1.9994854630537624,2.855553826197611e-25,9.190036247513629e-24,23.036682775658054,Down
MAPK14,0.02134396903731428,0.6803519746104758,0.7093630503235286,0.14913143703481996,Not Significant
MAPK3,-1.022822527336455,4.295738422081981e-12,3.573515182828561e-11,10.446904368367724,Down
MAPK4,-0.5052616466245325,0.018879225257437716,0.02516397396711135,1.5992207727775152,Not Significant
MAPK7,1.4341945147412876,4.677939734814445e-07,1.4567408002633916e-06,5.836617715923558,Up
MAPK8,-1.2525637766629636,1.836590853610214e-06,5.000490880883593e-06,5.300987360385028,Down
MAPK8IP1,-0.9826736061673209,4.2157146992675364e-08,1.6365745618659406e-07,6.786064203573652,Not Significant
MAPK8IP2,-3.751231111841653,2.143446837395255e-46,1.3495677149949874e-43,42.86980531969519,Down
MAPK8IP3,-1.4860406074048527,2.1580336467899947e-19,4.279533653102836e-18,17.368603554098694,Down
MAPK9,-1.9532704261076184,6.99584654413165e-07,2.096880633310986e-06,5.678426291408695,Down
MAPKAP1,0.4577036724678223,1.5254969467942262e-07,5.26296446644008e-07,6.2787695621660955,Not Significant
MAPKAPK2,1.7443920635058028,1.1000942936120196e-06,3.141255644514593e-06,5.502896718015973,Up
MAPKAPK3,1.6032779829372394,8.12060810087802e-06,1.928955576709389e-05,4.7146777739176144,Up
MAPKAPK5,0.05470448049027965,0.3233453028106477,0.35815069604337163,0.44593420048050464,Not Significant
MAPKBP1,-0.5201394562234753,0.009789521547529243,0.013595208170638211,1.8666141380825638,Not Significant
MAPRE1,1.1002815888672401,4.264390851676836e-13,4.18300617719498e-12,11.378511494080687,Up
MAPRE2,-1.4414392606449589,1.092504452926071e-08,4.846274706639031e-08,7.3145919719161965,Down
MAPRE3,-2.0481632043490734,3.278487050571168e-17,5.15249275311294e-16,15.287982610375586,Down
MAPT,-2.1885475170745394,5.791621455426353e-36,5.0297236674107826e-34,33.29845587439045,Down
MARC1,-0.6809538268524289,3.212050773275636e-07,1.0394538866038792e-06,5.983194772554442,Not Significant
MARC2,-0.5990194482418048,6.735922990224277e-05,0.00013363073691122364,3.8740936366538468,Not Significant
MARCH5,-0.29985402846472553,2.791372947574704e-06,7.313469720121604e-06,5.135876532372869,Not Significant
MARCH7,0.29862515854154026,0.00021257483397407666,0.0003853660027811496,3.4141266017091274,Not Significant
MARCKS,0.5079214404538028,0.0032975732408737127,0.00489822365505187,2.309961388681028,Not Significant
MARCKSL1,0.8608329733369686,0.00017282426146285446,0.0003184619736558983,3.496942417700204,Not Significant
MARK1,-0.988282273430773,3.3901918407023816e-09,1.6651776013279274e-08,7.778539439537066,Not Significant
MARK2,-0.8468660123834972,1.1347365592363455e-07,4.0067774615306504e-07,6.397204777835111,Not Significant
MARK3,0.09937756913696916,0.38674087169345905,0.4229755229008692,0.3736847640118612,Not Significant
MARK4,-0.9360850285854774,1.146183249310479e-06,3.2608444093628255e-06,5.486669922987122,Not Significant
MARS,0.4219711347605326,2.8313189075611462e-08,1.1395408180092283e-07,6.94327011390732,Not Significant
MARS2,0.5465544328402103,2.864635158892847e-05,6.1011278204411286e-05,4.214589876313831,Not Significant
MARVELD1,1.5125114490046307,1.1328491128247922e-07,4.0015154146553145e-07,6.397775505775683,Up
MASP1,2.5153353025971317,3.841228804064614e-08,1.5027782125105602e-07,6.823105110025362,Up
MASP2,3.312580747077398,0.0334019525260447,0.042930756538322824,1.3672314581889995,Up
MAST1,-3.351679708814846,4.4125454001981627e-13,4.3199205404855484e-12,11.364524241413337,Down
MAST2,0.2087772618367829,0.03669362889321957,0.04686102487864976,1.3291882173550422,Not Significant
MAST3,-3.469093717302954,8.159886138339233e-37,7.682494668937331e-35,34.11449773243857,Down
MAST4,-1.1290526594920536,1.5445901018748052e-09,8.108494364922765e-09,8.091059780771719,Down
MAT2A,1.222431012478502,5.176420555371413e-07,1.594229919743553e-06,5.79744904449877,Up
MAT2B,-0.8420899154383399,0.0010618500208518583,0.0017030850358321318,2.768763666969482,Not Significant
MATN2,2.7260813149735554,2.3800541966911422e-23,6.605142142552773e-22,21.180117831938617,Up
MATN4,1.2505322253037097,0.0015643543359231229,0.002439143411250509,2.6127626642685886,Up
MATR3,-0.06955239010606107,0.7734446617343548,0.7966954521791298,0.09870766193465351,Not Significant
MAU2,0.7047578832831398,0.0005701132066375558,0.000958178252196653,3.0185536905621695,Not Significant
MAVS,1.1782676473243896,1.984786550072797e-05,4.3466825446594256e-05,4.3618420768869415,Up
MAX,0.18347506132394997,0.0007386887117833534,0.0012153437992006373,2.9153008504811924,Not Significant
MAZ,0.17997235325281835,0.16069099254937166,0.18654079960156375,0.7292261659788545,Not Significant
MB,0.009208655405187116,0.9796659504075016,0.983081460743617,0.007410493881344987,Not Significant
MB21D2,-1.0957085051008697,0.0008620678422622333,0.0014013992969097529,2.8534381047304778,Down
MBD1,-0.009159669448226992,0.845376148700506,0.8621501642041808,0.06441708474895072,Not Significant
MBD2,0.03559285326688766,0.7017280684767678,0.7297723452500912,0.13681259826493922,Not Significant
MBD3,0.5961558156624811,0.001023333106527202,0.0016460255013819307,2.78356344067681,Not Significant
MBD4,0.4736894466711554,1.3597807573128974e-08,5.8741129284606036e-08,7.23105770852213,Not Significant
MBIP,0.02366747164986549,0.7919769985065029,0.8132072452303039,0.08979876069124942,Not Significant
MBL2,0.6926813668319675,0.00243834190603704,0.00369770530805617,2.4320677032863087,Not Significant
MBLAC1,-0.9170728260422205,2.0398331706181987e-06,5.510667567929133e-06,5.258795787081692,Not Significant
MBLAC2,-1.269330068737565,1.0130672062629714e-07,3.610059793382799e-07,6.442485604819786,Down
MBNL1,0.12815060176567172,0.010691052475400972,0.01476174104128144,1.8308624175787083,Not Significant
MBNL2,-1.6716391487508986,1.4881441375072838e-11,1.1365855982750854e-10,9.944397851220451,Down
MBNL3,1.7841213360037056,3.5331615871020645e-06,9.022324417862153e-06,5.044681560927704,Up
MBOAT2,-0.1966982953015055,0.010101573115196594,0.013995770535344587,1.854003186512836,Not Significant
MBOAT7,-1.2981134659880773,9.402040643160676e-08,3.3790994448519677e-07,6.4711990270132205,Down
MBP,-3.475886604311178,2.7175489063948073e-08,1.0972580233675867e-07,6.95969123482427,Down
MCAM,1.7817251373087721,5.2774559070322636e-05,0.00010658598798605257,3.9722998848058433,Up
MCAT,-0.20060815446406366,0.0653359095225582,0.08046380837778135,1.09439941598159,Not Significant
MCC,1.1390843872271752,5.038326032833885e-05,0.00010222778742148752,3.990431038804768,Up
MCCC1,0.04488132460257788,0.5370047021593951,0.5716172199443942,0.24289469658123744,Not Significant
MCCC2,0.839526910300993,4.910980739697801e-09,2.3391593367241442e-08,7.630940194307484,Not Significant
MCEE,0.36267193323054414,0.00031670709154021616,0.000557976082577149,3.253384416523683,Not Significant
MCF2L,-1.9888744013251376,3.0929466575775273e-10,1.8546633707402388e-09,8.731734905184664,Down
MCF2L2,-3.727931731798808,9.83401229990009e-21,2.2262435934650225e-19,18.652427317310526,Down
MCFD2,-0.03644453134918635,0.7465732288597917,0.772174405290918,0.11228459771992007,Not Significant
MCL1,1.9100112553394446,8.798125399332863e-07,2.56546552681796e-06,5.590833816757309,Up
MCM2,3.008816788559388,2.806937612549105e-11,2.0357875816284868e-10,9.691267539173849,Up
MCM3,1.9580920640876158,2.4810493329731238e-24,7.478201105985836e-23,22.126202859849688,Up
MCM3AP,0.49014219067513665,1.8556414034678545e-08,7.746204527057304e-08,7.110911040296007,Not Significant
MCM4,1.0822130159282963,1.6898074491052368e-05,3.752572667905889e-05,4.425670888967446,Up
MCM5,3.00259530224446,8.243173751474091e-10,4.5652409220643204e-09,8.340536298444643,Up
MCM6,1.0038590966031542,3.434421733235364e-06,8.788002169320055e-06,5.056109844545836,Up
MCM7,2.557492890935954,7.025591737157275e-08,2.5896747588775114e-07,6.586754776186833,Up
MCMBP,0.8563902378224348,2.119367108763671e-12,1.8614214693709867e-11,10.73015528130337,Not Significant
MCOLN1,0.48960289968120563,5.7976030617753885e-05,0.00011629839355699974,3.9344262841894277,Not Significant
MCRS1,0.27792662411662405,0.0009038702202480085,0.0014646274085215439,2.8342728428891273,Not Significant
MCTP1,-2.86087398747744,2.75255878495764e-19,5.42056919302197e-18,17.265955107482,Down
MCTS1,0.02780666788659758,0.8650236703680487,0.8804049762868986,0.05531751136195105,Not Significant
MCU,-0.4666847074462517,9.360904195782828e-06,2.1849339404151113e-05,4.660561689012501,Not Significant
MCUR1,-0.5135905339329128,1.2496276065025833e-14,1.495100772910573e-13,12.825329533999067,Not Significant
MDC1,0.14587791007153328,0.15584536965998458,0.18143837443137462,0.7412708537629727,Not Significant
MDGA1,0.34552594025133665,0.08730721773678317,0.10551018611808465,0.9767056108750066,Not Significant
MDGA2,-3.4264429112537087,7.740803746838873e-24,2.240829222576287e-22,21.64959124052826,Down
MDH1,-2.0055922802716353,6.461392725012244e-05,0.0001285388434276725,3.8909656121215854,Down
MDH2,0.057615845740205174,0.6270140132299961,0.658578472321399,0.18139246965330813,Not Significant
MDK,3.302984309069167,1.605442270271388e-05,3.5805236729497374e-05,4.446053450551597,Up
MDM1,0.4840795204747046,0.0009551230675420991,0.0015439521473714867,2.811366164139247,Not Significant
MDM4,1.0304859582476666,0.00012896803138303848,0.00024348274890418473,3.613531803735279,Up
MDN1,-0.36117732748698117,0.018556618755162423,0.024763462357862795,1.606188633569976,Not Significant
ME1,-2.2548218608821937,3.9202261287996026e-28,1.5988808915598055e-26,25.796183887764094,Down
ME2,0.3044714842986629,0.001077277095863952,0.0017253560355697062,2.763121272574213,Not Significant
ME3,-0.9617637687581428,1.0642256597073733e-13,1.1321023543708637e-12,11.946114306426074,Not Significant
MEA1,0.3679488130683346,0.06443107746547247,0.07940771646527645,1.1001372928442346,Not Significant
MEAF6,-0.6958346098292942,0.0009344512748273194,0.0015124778506764806,2.820310976608992,Not Significant
MECP2,-0.938878964004541,2.044339742112666e-11,1.5210250045822008e-10,9.817863646392228,Not Significant
MECR,-0.5230711723401704,1.2154645167099705e-24,3.7331065674805616e-23,22.427929612268134,Not Significant
MED1,0.7448478898587609,6.096915796635787e-24,1.7854747016078175e-22,21.748246298946395,Not Significant
MED10,0.04326419536457493,0.5588454969517928,0.5931109920240581,0.22686402718710474,Not Significant
MED11,0.9220912435690813,3.477389050170454e-05,7.28602689089375e-05,4.137509230219382,Not Significant
MED12,0.4423000465341147,0.003595901816481018,0.005319400132045488,2.2741373402672314,Not Significant
MED13,0.4098720036891308,2.61408267981443e-12,2.2488701038813464e-11,10.648035628955986,Not Significant
MED13L,0.25453086614515286,0.0018877312974279132,0.0029082436290394243,2.5363692146233454,Not Significant
MED14,1.0784544298171284,2.7067189585055318e-11,1.9687716092407747e-10,9.705804662023137,Up
MED15,0.09868637725918106,0.4785480131590807,0.5137353670678366,0.28926053512501854,Not Significant
MED16,0.3683562377757035,0.0010426390995135234,0.0016751726180255833,2.7759404344818415,Not Significant
MED17,0.6038819750972593,0.0002317036448459929,0.00041771340697539946,3.3791215853477756,Not Significant
MED18,0.6538734015529641,5.06227175239959e-07,1.5628968934622576e-06,5.80606967206233,Not Significant
MED19,0.0421526545931421,0.6270681662206531,0.658578472321399,0.18139246965330813,Not Significant
MED20,1.1592614430897363,6.211525562282595e-10,3.505597115654614e-09,8.455237997113299,Up
MED21,-0.8683356434328822,2.019901211599177e-05,4.414945716131506e-05,4.355074631911888,Not Significant
MED22,0.9571317044053629,5.912063009120628e-08,2.2264718786497648e-07,6.652382785834513,Not Significant
MED23,0.14085989672572552,0.21901126667726767,0.24910460658313135,0.6036182411702938,Not Significant
MED24,0.19411685282194213,0.02103131637270019,0.027826304326054863,1.5555444694611102,Not Significant
MED25,0.17410717248402108,0.17718347431564338,0.2043909676234732,0.6895383003081583,Not Significant
MED26,0.7513356813472534,5.340203698545246e-07,1.6406591051889237e-06,5.784981646926807,Not Significant
MED27,0.3462924573105468,0.00017823890462727394,0.0003272423410270016,3.4851305091427824,Not Significant
MED28,-0.15283755197110693,0.0691743211951697,0.08487967256030932,1.0711963044781239,Not Significant
MED29,0.08843817609629312,0.43045086446280467,0.46617523205743866,0.3314508043172152,Not Significant
MED30,0.4650525571394404,0.00021641783591857684,0.00039190963132190243,3.40681406344571,Not Significant
MED4,-0.43965874818868045,8.763509992619891e-07,2.557901343211854e-06,5.592116210023494,Not Significant
MED6,-0.4261994100520923,0.00025540936230465953,0.0004566093905691464,3.340455161110292,Not Significant
MED7,-0.3821549331624077,0.0006688645931965154,0.0011104386802672538,2.9545054187065407,Not Significant
MED8,0.18917163980049523,0.010744128226160894,0.014828928312144793,1.8288902343350502,Not Significant
MED9,-0.2400791114310863,0.0014711288576689675,0.0023037699537007896,2.6375608901908327,Not Significant
MEF2A,-0.6266553702337276,0.00016115872002352272,0.000298494750049084,3.5250633028755285,Not Significant
MEF2C,-2.7960653653335683,1.881206885677093e-07,6.357355976622286e-07,6.1967234698100135,Down
MEF2D,-1.635425781309383,1.1110699246218985e-12,1.0240547502873748e-11,10.989676823524203,Down
MEGF10,-0.6293504032705428,0.00938403831704406,0.01305792464459048,1.8841258419754647,Not Significant
MEGF8,-0.837055995682114,3.0803624600118366e-10,1.848217476007102e-09,8.733246927557024,Not Significant
MEGF9,-1.105363938452026,3.3939516578195126e-16,4.822379266695877e-15,14.316738636564144,Down
MEIS1,1.8258973725665477,2.153533861117159e-09,1.0990222956886656e-08,7.958993497024791,Up
MEMO1,0.147576153456896,0.26926089114024093,0.30209758518173374,0.5198527462475384,Not Significant
MEN1,0.1591867265466007,0.024266626088016326,0.031830988438890165,1.497149875143038,Not Significant
MEOX2,3.432164950034764,4.5949448668906864e-10,2.652691953527609e-09,8.576313179965151,Up
MEPCE,0.6959816121287936,1.5359462399777912e-06,4.266093857605809e-06,5.369969593942407,Not Significant
MERTK,0.8911037063106129,0.00351859863159173,0.005211167688129239,2.2830649516159145,Not Significant
MEST,0.6080966569216955,0.00046778628223634176,0.0007991315935643389,3.097381699217807,Not Significant
MET,-0.7555051341276471,0.02967783429087302,0.03839898569820894,1.4156802472858214,Not Significant
METAP1,-0.1172674181552047,0.3908959799620945,0.4270562956445223,0.3695148714006361,Not Significant
METAP1D,0.9142105796482873,2.9935066302493855e-06,7.772315926065029e-06,5.109449554680829,Not Significant
METAP2,0.5686186549029308,4.6840604198775666e-05,9.561747653464358e-05,4.019462722066091,Not Significant
METRN,1.7891868840237102,3.706600800744688e-06,9.424607891646136e-06,5.025736709454986,Up
METRNL,1.9367541174013745,1.1097870828304703e-07,3.9296994982193883e-07,6.405640658595276,Up
METTL1,2.2557020887012804,6.174076678962544e-20,1.2957843429972637e-18,17.887467271952794,Up
METTL13,0.35746816281102767,0.000810204458517276,0.001322423803483966,2.8786293421130327,Not Significant
METTL14,-0.018013850979144763,0.7835083037084452,0.805661187257209,0.09384755799680781,Not Significant
METTL15,0.06727074238192188,0.4592756046141531,0.49515651122463383,0.30525750567724796,Not Significant
METTL16,0.5556951819421307,8.141765012561283e-05,0.00015901539499135783,3.7985608276535334,Not Significant
METTL17,0.8838661305179478,9.414173934373421e-06,2.1958413571400286e-05,4.658399039544097,Not Significant
METTL18,0.4171326626407126,3.433265803731119e-05,7.205566605580685e-05,4.142331863010725,Not Significant
METTL2B,0.5420965522412189,2.3446679925554782e-07,7.774912889073038e-07,6.109304468154093,Not Significant
METTL3,1.0268512145313906,3.589973584436812e-08,1.412710698813142e-07,6.849946765803909,Up
METTL5,-0.004243230363542239,0.954802216411134,0.9604271121443599,0.0175355886311581,Not Significant
METTL7A,0.1696239434490039,0.2958531983074926,0.32998506640275477,0.4815057138361428,Not Significant
METTL7B,4.562212052754168,4.298837941939545e-07,1.3499407151521368e-06,5.86968530383658,Up
METTL8,0.3701684289444742,1.7170884108150313e-06,4.70436460444673e-06,5.327499026310539,Not Significant
METTL9,-0.09741672427008297,0.27629825121981516,0.3092698425320464,0.5096624267813884,Not Significant
MEX3A,3.598166047131384,1.1840877899354722e-11,9.175769535238421e-11,10.037357503000335,Up
MEX3C,1.426905810428945,8.708993888896098e-17,1.3232941845662033e-15,14.87834359607622,Up
MEX3D,1.300861053237174,0.00016352991170196846,0.0003026084369003729,3.5191189677596357,Up
MFAP1,0.3703848208024212,0.0012958555951225067,0.002050007736379418,2.688244499987879,Not Significant
MFAP2,7.386026778149957,0.00044319870456723903,0.0007607401175345657,3.118763680676115,Up
MFAP3L,-0.26862683013234445,0.10432449567275892,0.12478805146133619,0.903826996647461,Not Significant
MFAP4,3.178723409708107,1.774432891872498e-07,6.039066538082278e-07,6.219030185334095,Up
MFAP5,1.0704222331346056,0.024529116927082595,0.03216273902426527,1.4926469732173928,Up
MFF,0.08927675759001019,0.19051267727999735,0.21876148389519626,0.6600291393963669,Not Significant
MFGE8,0.6839329200831621,0.008069957069132596,0.011337899175846185,1.9454674093637767,Not Significant
MFHAS1,-0.0429691953947291,0.7209936748503997,0.7481757602433999,0.12599636639050657,Not Significant
MFN1,0.18466286196972703,0.07851791542529522,0.0956225193416857,1.0194398182455573,Not Significant
MFN2,-0.5582059617553305,4.942279269759963e-05,0.00010046110041073822,3.998002069062254,Not Significant
MFSD10,1.3269586417083907,1.6517087209132543e-06,4.542537170210244e-06,5.342701510304759,Up
MFSD3,-0.26008405664397927,0.10355505706766086,0.1239854581530325,0.9066292488235634,Not Significant
MFSD5,1.0342117389016678,1.68385644371121e-08,7.079787067590455e-08,7.1499798039996545,Up
MFSD6,-2.0456569407004253,6.373277548874321e-08,2.3779406676799963e-07,6.623798985722643,Down
MGA,0.07053559771428652,0.32822033126006334,0.36323098067822457,0.4398171167484419,Not Significant
MGARP,0.4090742279555979,0.07102199383959525,0.08696676381914216,1.0606466904592986,Not Significant
MGAT1,1.0958979932968376,1.3393111188415937e-07,4.67020429602292e-07,6.330664120998173,Up
MGAT2,1.1701904465869326,3.6475395249527586e-07,1.1620908657297308e-06,5.93475991244297,Up
MGAT5,-0.4060594723864668,5.680629286178812e-06,1.3893338050246505e-05,4.857193396981288,Not Significant
MGLL,-1.3763043185283195,2.7392291890274285e-06,7.188068468419462e-06,5.143387794763518,Down
MGME1,1.8963854481029223,1.152225704684334e-09,6.19067826612799e-09,8.208261765988073,Up
MGMT,-0.5956142663807871,0.00042273856982382883,0.000728600231378144,3.1375106951772276,Not Significant
MGP,4.213014138426999,7.498426860700396e-07,2.224356660621195e-06,5.65279557530905,Up
MGRN1,-0.5826792728251107,0.0016040733626087717,0.0024960511360705537,2.6027465215994776,Not Significant
MGST1,0.14474324822248796,0.6771361760578927,0.7065219925020415,0.15087431495679005,Not Significant
MGST2,0.4687886597544271,0.0003611621196595158,0.0006293629464538942,3.2010988296215745,Not Significant
MGST3,-0.8544318423245905,8.566069721568918e-07,2.506377762854641e-06,5.600953471267256,Not Significant
MIA2,-1.7598873242570767,0.24073528427763446,0.2720017108359006,0.5654283643325131,Not Significant
MIA3,-0.3833718915428257,3.719757096015302e-06,9.453541183182351e-06,5.024405479507983,Not Significant
MIB1,-0.46949730895985553,2.654022393071805e-07,8.728900289848307e-07,6.059040467420936,Not Significant
MIB2,-0.1850943896953865,0.21761244597194374,0.24762541293588175,0.6062047872307805,Not Significant
MICAL1,0.16198589600272228,0.5273574776250085,0.5623583391123463,0.2499868603989598,Not Significant
MICAL2,-2.423299535501293,4.3736089365913264e-23,1.178067818909653e-21,20.928829707400844,Down
MICAL3,-1.0329149401026356,9.35414102762663e-05,0.00018097487365529224,3.742381717895141,Down
MICALL1,1.7782109732044056,6.989421376323928e-07,2.0962021716310585e-06,5.67856683342995,Up
MICALL2,0.5161923720779171,0.15292785706560577,0.1783302734204089,0.7487749245565605,Not Significant
MICU1,-1.113892580208919,1.1189545467700812e-07,3.9593776270325955e-07,6.402373075283567,Down
MICU2,-0.3047921870364867,0.0004359347351245535,0.0007489097069653396,3.125570540285227,Not Significant
MICU3,-2.6731594983791016,8.223628059419084e-09,3.743553053347847e-08,7.426716007704114,Down
MID1,1.4620568062236838,2.700734237078281e-05,5.77398084419473e-05,4.238524661271773,Up
MID1IP1,0.084488643671488,0.6982498835317112,0.7265953234891498,0.13870740166927537,Not Significant
MID2,-0.8425465226374591,1.0506432946516652e-10,6.899726564746333e-10,9.161168119954752,Not Significant
MIEF1,0.14819151723466106,0.058137586923306055,0.07217227981089158,1.141629575793375,Not Significant
MIEN1,0.05452318586127802,0.5739666918917693,0.6078146172729616,0.2162288598259123,Not Significant
MIER1,-0.09802875800539823,0.044398111231998286,0.05604141994125432,1.2514908693741487,Not Significant
MIF,1.4098545310558386,1.64222826522272e-05,3.65609006494004e-05,4.4369831142990686,Up
MIF4GD,1.4803489305653024,2.957740532010226e-09,1.4670742550207296e-08,7.833547904064268,Up
MILR1,2.5701045775167195,7.91564618223372e-09,3.618068041734233e-08,7.44152327001577,Up
MINK1,-1.194946748624183,1.82449474900583e-09,9.463264579588663e-09,8.023959017475283,Down
MINOS1,-0.8968470040301035,6.0029135025699945e-06,1.4600036365255946e-05,4.835646062488829,Not Significant
MINOS1-NBL1,-0.33978223035017496,0.8315899344818473,0.8498365857011676,0.07066457634592015,Not Significant
MINPP1,0.02987232354443492,0.6093361397804021,0.6414936014366989,0.1928076711278564,Not Significant
MIOS,0.7223450605370516,4.6429692656356296e-07,1.4467452020418599e-06,5.839607949247948,Not Significant
MIPEP,0.31921934192434875,0.0007084797030711499,0.0011702286487520518,2.9317292739892467,Not Significant
MIS12,0.9584346472733394,2.0402294983322713e-08,8.472082426298146e-08,7.072009827556815,Not Significant
MIS18A,0.7733381607900043,6.434214582299267e-05,0.00012802345981055265,3.892710440252806,Not Significant
MITD1,0.4551257086303746,0.003604202104626251,0.0053308959039795704,2.2731997978293124,Not Significant
MITF,0.9302184570655339,1.4269058560604425e-05,3.2107772155356035e-05,4.493389827544732,Not Significant
MKI67,6.741603268658633,5.114357557180139e-07,1.5770443229578428e-06,5.802156100618142,Up
MKLN1,0.43728062452814953,0.0001885225194393586,0.00034455295007839235,3.4627440272838097,Not Significant
MKNK1,0.28455726029770645,0.14105146077110925,0.1654193732023463,0.7814136291113444,Not Significant
MKRN1,0.48010196675082284,0.0005859941829838989,0.0009820837463616367,3.0078514765389577,Not Significant
MKRN2,-0.3076958551387676,0.0112241314699296,0.01544909146441738,1.8110970556302133,Not Significant
MLC1,0.9891459774141182,0.0007764736607103057,0.0012727295245681123,2.8952638810819127,Not Significant
MLEC,0.8928010405357085,4.893631022146804e-10,2.8043702912672483e-09,8.552164642332876,Not Significant
MLF1,0.3702730559562504,0.022104508495019,0.029173433588211894,1.5350124532691873,Not Significant
MLF2,-0.3331076741383576,0.020630922748086204,0.027350429762366155,1.5630358451273416,Not Significant
MLH1,0.872109895768471,3.479684270077937e-11,2.4686154462510657e-10,9.60754655793304,Not Significant
MLIP,-4.428569033920498,1.6738836243000625e-29,7.595812446485959e-28,27.119425767271224,Down
MLKL,1.275113557074409,0.009384492200400545,0.01305792464459048,1.8841258419754647,Up
MLLT1,-0.4550087363097717,0.01259364123556007,0.01719782320821908,1.7645265198648683,Not Significant
MLLT11,-2.0602198604643043,5.127348836087673e-06,1.2656925306235534e-05,4.897671782842713,Down
MLLT6,-1.1031397644946388,1.066178103115877e-07,3.7859281673561307e-07,6.421827630418922,Down
MLST8,-0.14855937237630457,0.06944036252165588,0.08518536435011706,1.0696350147166098,Not Significant
MLX,0.8966156178552183,3.27956854871749e-11,2.336518639305516e-10,9.631430750092164,Not Significant
MLXIP,-0.18128358931493338,0.3413927386400061,0.376732440470963,0.4239669810419629,Not Significant
MLYCD,0.3152219190296268,0.05064172596115571,0.06339812940632318,1.1979235560062258,Not Significant
MMAA,-0.10673772432681794,0.19744146385572547,0.2260687159990876,0.6457595323427913,Not Significant
MMAB,-0.25709291572433735,0.0008533120460391386,0.0013881239242345613,2.8575717606759694,Not Significant
MMACHC,-0.0006757872169202983,0.992738150286675,0.9942185233112599,0.0025181497698148546,Not Significant
MMADHC,0.3660002900876478,0.05873467661132371,0.0728865646935791,1.1373525185569904,Not Significant
MME,-0.20851163994413646,0.3690367432573813,0.40493150545418355,0.39261843189396506,Not Significant
MMGT1,-0.2381839896945479,0.03558746800258745,0.04558852399008977,1.341144468630156,Not Significant
MMP12,11.153402512096983,7.561620975470989e-43,1.731267493338517e-40,39.761635825304396,Up
MMP14,5.247269061879521,1.6335982346386647e-14,1.9292929209554405e-13,12.714601829226638,Up
MMP15,0.5845817468203673,0.0008969105660252618,0.0014538177058951711,2.837490046219155,Not Significant
MMP16,-0.09648040282270642,0.5445367072463336,0.5792062917114945,0.23716672919912965,Not Significant
MMP19,9.91019667413433,8.325791314993125e-05,0.00016235776559667196,3.7895269341699347,Up
MMP2,5.194526385192175,2.330337722855792e-11,1.718581421672712e-10,9.764829887358296,Up
MMP8,2.2019292212982773,0.24552206752955605,0.27709940715804926,0.5573644033706491,Not Significant
MMP9,6.136347100113156,2.174928680614186e-05,4.721015196834154e-05,4.325964601583023,Up
MMRN1,2.7675743910164883,3.645449038063202e-08,1.4323031828958146e-07,6.843965042976503,Up
MMRN2,0.2804233103342799,0.0870824347890037,0.10526379266431764,0.9777209863659452,Not Significant
MMS19,-0.3321635531138867,0.0076117094155474085,0.010742555429003165,1.9688923967831695,Not Significant
MNAT1,-0.8070465872866315,7.380101354966982e-06,1.7617805936004115e-05,4.754048178172413,Not Significant
MNDA,1.948295343714209,2.884139046416457e-07,9.424202644696527e-07,6.025755384003569,Up
MNS1,0.27157351604842894,0.17214565940460164,0.199012551393385,0.7011195324898367,Not Significant
MOAP1,-2.368490650502615,7.316461311132562e-06,1.749075255062872e-05,4.757191504326109,Down
MOB1B,-0.41300873613531763,0.0003105609162709108,0.0005479143030671025,3.261287362346749,Not Significant
MOB2,-0.25113889937455625,0.02517712673186138,0.0329523677662429,1.4821133740633334,Not Significant
MOB3A,1.3129212898637022,9.757985200942335e-05,0.00018813768978812072,3.7255241931399943,Up
MOB3B,-0.3311617579502997,0.0561035476515831,0.0697589655692481,1.156399968025293,Not Significant
MOB3C,1.4248892388434218,5.977622910370097e-05,0.00011956931740251087,3.922380250049359,Up
MOBP,-4.727935684007038,3.867279925743085e-11,2.722500207682448e-10,9.565032078442586,Down
MOCS1,0.1816851261137309,0.04782551874406657,0.060044152022398635,1.221529284149123,Not Significant
MOCS2,-0.7290761519810864,0.0008485379299692106,0.001381410973902687,2.8596770982890063,Not Significant
MOCS3,0.33207871781068476,0.029011293984910855,0.03760419140555738,1.4247637454219497,Not Significant
MOG,-2.5664552226841906,4.5497390270874105e-05,9.308300357205235e-05,4.031129611486269,Down
MOGS,0.9375218803906051,5.1800150821344956e-14,5.747078407205167e-13,12.240552877760289,Not Significant
MON1A,-0.24908419262150971,0.05211169166687074,0.06508469896504536,1.1865210995440307,Not Significant
MON1B,-0.019226673001870864,0.7337363165453338,0.7603805835693542,0.11896898143882581,Not Significant
MON2,0.01227268407479798,0.8968687475321503,0.9093837665296244,0.041252802681528436,Not Significant
MORC2,0.2564068398081112,0.0076326261347964535,0.010766042520573995,1.9679439092672948,Not Significant
MORC3,-0.3049991618593282,7.492765445606352e-11,5.038859752939813e-10,9.297667729235414,Not Significant
MORF4L1,-0.6025452595630867,0.00028238714246311676,0.0005012807177398129,3.299919000633817,Not Significant
MORF4L2,-0.7041743224730119,0.0014859851838466421,0.002324505394731533,2.633669441565464,Not Significant
MORN4,-1.68481919935995,3.396072380624388e-14,3.878915324536291e-13,12.411289700804177,Down
MOSPD1,0.2601060209260311,0.06529276793409561,0.08042050912924308,1.0946331817762447,Not Significant
MOSPD2,0.5690885454526224,0.0015977881565781464,0.0024870392288887898,2.604317364406153,Not Significant
MOV10,1.7928855305704037,6.803525858360945e-05,0.000134892185587735,3.870013208626284,Up
MOXD1,0.06874126307035056,0.7697474221349473,0.7934549811304061,0.10047770911239505,Not Significant
MPC2,-0.8210616260536163,0.0026025948483015325,0.003930226428090188,2.4055824283427962,Not Significant
MPDU1,1.2176737753445508,4.054600652565136e-10,2.3610431776844614e-09,8.626896070668566,Up
MPDZ,-0.23461363423619375,0.05099743391816678,0.06381171895312535,1.195099556242647,Not Significant
MPG,0.5597987317758921,0.0010615314317551988,0.0017028451661627185,2.768824839141427,Not Significant
MPHOSPH10,0.08030621846684127,0.3673208689570023,0.4032683559146514,0.3944058553314142,Not Significant
MPHOSPH6,-0.37190618016571975,0.00013792337769936555,0.00025888580341781414,3.586891764421642,Not Significant
MPHOSPH8,-1.253557212910291,3.0386896305935403e-13,3.0429184233200124e-12,11.516709690355228,Down
MPI,0.07707771388417939,0.33140767567748014,0.3665569746129705,0.43585851260010194,Not Significant
MPLKIP,0.2865756170463296,0.0013348781047676534,0.0021057879779876826,2.6765853580438796,Not Significant
MPND,-0.4252625525948517,0.0018132389220452151,0.0027990451885815965,2.5529900901036076,Not Significant
MPO,-2.80255539902992,2.1450652738293844e-09,1.0958107286286622e-08,7.960264451883225,Down
MPP1,-0.5381772153412356,0.007330826300426094,0.01037229552675456,1.9841251178369,Not Significant
MPP2,-1.4647342445912592,2.3861018032838507e-20,5.2483820013715085e-19,18.279974562532917,Down
MPP3,0.0012810084624650386,0.9909666856649995,0.9927404923815836,0.0031642635448517814,Not Significant
MPP5,-0.3976502416818164,7.129152552625899e-05,0.00014090461607838594,3.8510747790373236,Not Significant
MPP6,-1.6321160101665058,3.5824942191420745e-12,3.022616981879167e-11,10.519616881996894,Down
MPP7,-4.217783717793582,5.584157487726958e-14,6.154792399492492e-13,12.210786591193326,Down
MPPE1,0.3370449247855767,0.004555023179801259,0.006638788124033259,2.1779111915777425,Not Significant
MPPED2,-1.238265220718871,3.662485503381647e-11,2.591002736029966e-10,9.586532128410512,Down
MPRIP,-1.1293467810287652,8.98113671230674e-09,4.057218441245655e-08,7.39177160918655,Down
MPST,1.1221222886308535,7.739846865871112e-06,1.8428555265134857e-05,4.734508710628657,Up
MPV17,0.6071043438085191,9.109991822141686e-05,0.0001765904514455558,3.753032783185505,Not Significant
MPZL1,1.3730111261604883,1.5192887019035022e-15,1.998082817620872e-14,13.699386514863619,Up
MR1,1.629724968080133,2.583491005107199e-05,5.5457252046558545e-05,4.256041653881547,Up
MRAS,-1.1094348883795568,1.2836380298855005e-10,8.268139074850724e-10,9.082592226900548,Down
MRC1,2.112363635830093,8.02068994199772e-06,1.9065698554904444e-05,4.719747277828945,Up
MRC2,4.327514365656523,3.060482851666984e-11,2.1959618410037893e-10,9.658375210845568,Up
MRFAP1,-0.1731216381745284,0.14841051612741413,0.17338368774992113,0.7609917641460775,Not Significant
MRGBP,0.6071595231114806,9.734130398621048e-09,4.3544240513192024e-08,7.361069279892901,Not Significant
MRI1,0.7595363194747122,1.730092508837758e-05,3.833066182984731e-05,4.41645368200917,Not Significant
MRM1,0.25411018164397703,0.09665745111666595,0.11611342267461158,0.935117573055869,Not Significant
MROH1,-1.4179611003429287,1.122888552637849e-05,2.5791106427892592e-05,4.588530026407186,Down
MRPL1,-0.625810053109209,0.0015586326130622638,0.002430974600400874,2.6142195787804283,Not Significant
MRPL10,0.1419546371856626,0.04988628820288817,0.06251454998829399,1.2040188907485114,Not Significant
MRPL11,0.8501417682045762,2.127880624930924e-05,4.629863804655319e-05,4.334431784307453,Not Significant
MRPL12,0.4772113166792238,0.007284475643137955,0.010315407313603002,1.986513618824351,Not Significant
MRPL13,0.5623061639089464,6.412376752558383e-05,0.00012763936653877327,3.894015359832632,Not Significant
MRPL14,0.48183863086299183,0.0017253491667928796,0.0026715597150740035,2.573235113961972,Not Significant
MRPL15,-0.19223415443330438,0.19053139365658645,0.21876148389519626,0.6600291393963669,Not Significant
MRPL16,0.17779417572756628,0.1366728218434635,0.16063959949259726,0.7941473873187637,Not Significant
MRPL17,0.6724602745247346,4.2076481809248363e-05,8.664727672656745e-05,4.062245082358144,Not Significant
MRPL18,-0.11145621771124681,0.3109332488789615,0.34542804909645547,0.46164240019872227,Not Significant
MRPL19,-0.32006325332918806,5.3930722945753215e-06,1.326087632305389e-05,4.877427775351206,Not Significant
MRPL2,-0.12596913475720584,0.054618218100074514,0.06802125468415758,1.167355361562652,Not Significant
MRPL20,0.2550421179043454,0.042039352560230454,0.05325090377112557,1.2736730170069346,Not Significant
MRPL21,-0.10291972596120402,0.4802648785524397,0.5151393086176829,0.2880753092450312,Not Significant
MRPL22,-0.3140829593544634,0.00015166189013423665,0.00028230633429643387,3.549279377187387,Not Significant
MRPL23,0.6114639438008407,1.3653237371840067e-07,4.754328146696054e-07,6.322910846297133,Not Significant
MRPL24,0.719361446112277,4.4407495645724565e-06,1.1100771988462265e-05,4.954646817729467,Not Significant
MRPL27,0.09680207878014357,0.2784905735078761,0.3116545253852859,0.5063265625451604,Not Significant
MRPL28,-0.002947219395224465,0.9817634101955754,0.9847938458936799,0.006654674031621152,Not Significant
MRPL3,0.5418391255953665,0.007327721440466769,0.01036935886940051,1.9842480949213954,Not Significant
MRPL30,-0.21584594964353698,0.11399564368970766,0.1357758470714253,0.8671774790726339,Not Significant
MRPL32,0.5678704988091283,0.00044268474147162747,0.0007601169397622592,3.1191195887893803,Not Significant
MRPL33,-0.36719666834765263,0.0116771640906312,0.016037593871713527,1.7948607885844114,Not Significant
MRPL34,-0.0046963588607553675,0.9693763994294264,0.973920200244544,0.011476626297190982,Not Significant
MRPL35,-0.941858485108785,9.14093026890027e-06,2.1380480967936223e-05,4.669982529278261,Not Significant
MRPL37,0.27550846699469744,0.02755261293349087,0.035826749836644814,1.445792588764803,Not Significant
MRPL38,0.6607710103632396,0.0013411439160972633,0.0021143480142040423,2.674823527809506,Not Significant
MRPL39,0.039192793525245406,0.5289201861859941,0.5637860496918532,0.24888567450344556,Not Significant
MRPL4,0.5816896411703176,1.8624041726297076e-05,4.099160942772924e-05,4.387305029918187,Not Significant
MRPL40,0.5007428722568825,0.0004927586142159745,0.0008375316820671043,3.076998755530912,Not Significant
MRPL41,-0.9485626648500549,0.0006145709162935478,0.0010275829727371289,2.988183100695662,Not Significant
MRPL42,-0.6593018184261688,0.0005554809703006944,0.0009351462725282747,3.0291204528885403,Not Significant
MRPL43,0.048301637215640625,0.47897416287988376,0.5140285199586608,0.28901278427893656,Not Significant
MRPL44,-0.0007857773813313429,0.9944133613211456,0.995500367877295,0.0019585751473202924,Not Significant
MRPL45,-0.18914686617472043,0.05997278316016052,0.07431527281938091,1.1289219235266799,Not Significant
MRPL46,0.297616805059306,0.003617589523119793,0.0053467718391884975,2.2719083479915962,Not Significant
MRPL47,0.034467251958211875,0.7351667887569387,0.7616172618585395,0.11826322133976545,Not Significant
MRPL48,-0.3534792121721253,0.007627393184668046,0.010761226487673886,1.9681382280680007,Not Significant
MRPL49,0.1816005749710321,0.003677858994081558,0.00543186505004803,2.265051028261336,Not Significant
MRPL50,-0.797936148722254,3.538825556334461e-05,7.402435351850781e-05,4.1306253767731205,Not Significant
MRPL51,0.4458981035164804,0.004466469435412024,0.006524827884620176,2.1854309398893874,Not Significant
MRPL52,0.585831681005363,4.035766159687358e-07,1.2736938688186228e-06,5.894934941748602,Not Significant
MRPL53,0.8749760214117455,0.0014698260259399815,0.0023020875910011464,2.6378781561342177,Not Significant
MRPL54,0.11459504956021505,0.4041989037527233,0.4402529739869105,0.35629770161453667,Not Significant
MRPL55,0.45491302755904783,0.0029631150811739258,0.004433450368000316,2.3532581490520093,Not Significant
MRPL57,0.232564486941488,0.06673613213231072,0.08210793784818005,1.085614855097135,Not Significant
MRPL9,0.4343286559716404,0.00690987022061893,0.009805611015990293,2.0085253390074094,Not Significant
MRPS10,-0.181449463764924,0.19120426815095498,0.21935904764294734,0.6588444480592608,Not Significant
MRPS11,0.2006638392394393,0.0013450201202134266,0.002119795477320097,2.673706038767519,Not Significant
MRPS12,1.0491223944326968,1.596265578232055e-05,3.5632128152248443e-05,4.448158238351285,Up
MRPS14,0.21849377013895577,0.010039782800799762,0.013912073168536012,1.8566081468903441,Not Significant
MRPS15,0.047759093646078554,0.44159442178388053,0.477268769987213,0.32123698270050793,Not Significant
MRPS16,-0.37335319749526263,1.9728321370904902e-05,4.322381676609308e-05,4.364276886521131,Not Significant
MRPS17,0.05641222183874106,0.7150666239640603,0.7425606813538752,0.12926805042782957,Not Significant
MRPS18A,0.6563113101555693,2.141152357452546e-05,4.6557239043766344e-05,4.332012782301685,Not Significant
MRPS18B,0.31361993330622795,0.0026646400353320483,0.004019476412983018,2.3958305155130137,Not Significant
MRPS18C,-0.22927366670840144,0.03982820556464769,0.050647480795034186,1.2954421515677614,Not Significant
MRPS2,0.42483575443735333,2.2469414095275272e-09,1.1414870277145895e-08,7.942529019630586,Not Significant
MRPS21,-0.3298583578977805,0.05101757285201386,0.06382899017774313,1.1949820263786393,Not Significant
MRPS22,-0.10919107622003565,0.21022624793042874,0.23984362646105767,0.6200718178675461,Not Significant
MRPS23,-0.662729379807665,0.0005715620809154232,0.000960292929143091,3.01759626893423,Not Significant
MRPS24,1.2377462778269503,8.38779562302548e-06,1.9844681330755915e-05,4.702355870674956,Up
MRPS25,-0.10003449692481325,0.20879439152387885,0.23823702573468747,0.6229907414986992,Not Significant
MRPS26,0.3678393539561817,0.003191853391605052,0.004751696625835569,2.323151294864281,Not Significant
MRPS27,-0.11901223056129595,0.21539474007726347,0.24532352872112517,0.610260797069939,Not Significant
MRPS28,0.4189306093101841,1.8245481754512695e-07,6.195837061686184e-07,6.207900011852315,Not Significant
MRPS30,-1.1067954824403863,2.930643665839753e-06,7.630570282491711e-06,5.117443003161237,Down
MRPS31,-0.1742632299232767,0.02009618670357004,0.026680150876616314,1.5738117188073386,Not Significant
MRPS33,0.1734685377562215,0.1752002259319727,0.20238127233559144,0.6938296780852756,Not Significant
MRPS34,0.6818538993229204,0.00015625782747976999,0.00029027131735777297,3.537195876082447,Not Significant
MRPS35,-0.43669698712592364,0.006845624864273234,0.00971717977774955,2.012459762304395,Not Significant
MRPS36,-0.6527464905616398,0.0012756519825204593,0.002020902354444269,2.694454670131665,Not Significant
MRPS5,0.3140964054009423,0.005245473618661639,0.007579303103040354,2.12037072476609,Not Significant
MRPS6,0.2621815653322557,0.013751614197822186,0.01868542776218785,1.7284969554738951,Not Significant
MRPS7,0.1745946903999247,0.14074528175651485,0.16509873875350844,0.7822562444506154,Not Significant
MRPS9,-0.03163074875211791,0.7547891076216352,0.7797913516747362,0.10802158569172032,Not Significant
MRRF,0.5050593438046196,7.821432857277967e-06,1.8609616108695855e-05,4.730262585686786,Not Significant
MRS2,-0.20618003273598617,0.0007313435731049598,0.0012042424248871143,2.919286076871592,Not Significant
MRTO4,0.2096312863961174,0.059450538127846835,0.07371135028922203,1.1324656330576595,Not Significant
MRVI1,-1.3787255323495557,0.0028735095886559554,0.004310264382983933,2.365496090268609,Down
MS4A6A,4.381035865930656,4.425821768087045e-07,1.3863721545929383e-06,5.858120173049533,Up
MSANTD2,0.7798242222106726,0.00026535087145092463,0.00047320670543399095,3.324949109960531,Not Significant
MSANTD3,0.16011866640019434,0.1403577780197281,0.16466335807275426,0.7834030320218142,Not Significant
MSANTD4,-0.366856618449134,7.883582012286488e-06,1.875305907716035e-05,4.726927878231407,Not Significant
MSH2,-0.5325781460444787,0.00022736990594287906,0.0004106354307042961,3.3865435812793194,Not Significant
MSH3,-0.1160530885972193,0.001749013449336225,0.0027052911851087255,2.567785982579631,Not Significant
MSH6,1.078010532054119,1.2833839840573464e-11,9.869320805644052e-11,10.005712733906902,Up
MSI1,1.3862572333109178,3.062421227625779e-05,6.485354519046058e-05,4.188066278414578,Up
MSI2,0.9670415223324902,0.0010031824182377034,0.0016149024738457375,2.791853700174706,Not Significant
MSL1,-0.410315713434251,2.547141623414095e-12,2.1969096501946567e-11,10.658187803447603,Not Significant
MSL2,-0.08517886971688782,0.02217755185859084,0.029262168621276244,1.5336934914248717,Not Significant
MSL3,-0.1523530600886751,0.002777815497379548,0.0041760503388451825,2.379234274912182,Not Significant
MSMO1,-1.047220052946411,0.0004519269250973823,0.0007742707216719437,3.111107162868358,Down
MSN,2.6173115539877294,1.0697679917576691e-09,5.787778060669581e-09,8.237488130779422,Up
MSR1,4.6409316649960815,2.0810252438204629e-13,2.128350081852522e-12,11.671956935534867,Up
MSRA,-0.42447889155442553,0.007861305809220237,0.01107309769604092,1.9557308683620847,Not Significant
MSRB1,1.29667000099548,3.0155252638143583e-06,7.821421603415511e-06,5.106714303409805,Up
MSRB2,-0.812922818899672,5.825394227453543e-12,4.725041984490096e-11,10.325594328202047,Not Significant
MSRB3,-0.39350424281035146,0.015716977810832443,0.021204343707824563,1.673575164773766,Not Significant
MST1,1.6994228200888877,6.023186343695487e-06,1.4624627434656144e-05,4.834915188844684,Up
MSTN,1.1656815007596677,0.007907232393308563,0.011126897489899493,1.9536259130100597,Up
MSTO1,0.8111468390337215,5.995343158649426e-09,2.8091668362899683e-08,7.551422467303054,Not Significant
MT-ATP6,-1.3075222431890872,0.001769854753174813,0.0027350079434703277,2.5630414079775994,Down
MT-ATP8,-1.5117631643020388,0.0029195172054067753,0.004374716098061558,2.35905012573788,Down
MT-CO1,-1.6246098145486165,9.111612252917291e-06,2.1326761578970442e-05,4.671075086189545,Down
MT-CO2,-1.358693968410325,0.00020604496951316821,0.0003742017347891936,3.4268942034537866,Down
MT-CO3,-1.6275113677737885,2.07520102433205e-05,4.525016259550015e-05,4.344379855923935,Down
MT-CYB,-1.4027720441028642,0.0006195144127216284,0.001035333144286278,2.9849198826272842,Down
MT-ND1,-1.8254440219390453,5.509975022959869e-05,0.00011101497676259544,3.9546184276404523,Down
MT-ND2,-1.7736743533817716,7.226941549591253e-05,0.00014264147564769256,3.8457541769672,Down
MT-ND4,-1.0692922478570992,0.006660346437258015,0.009474206440121046,2.0234571563582606,Down
MT-ND5,-1.1807775316407358,0.005137862777175728,0.007431274891208656,2.1289366733564643,Down
MT1E,-0.36072265991352737,0.17106372995029326,0.19785258501943218,0.7036582711379535,Not Significant
MT1F,-0.2536451752404467,0.32552405116078464,0.3604054611928503,0.44320863681631034,Not Significant
MT1G,-1.8965498603285464,0.00013585995209109065,0.00025529810807044343,3.5929524035961062,Down
MT1H,-0.19872189885532698,0.7032569294859825,0.7312013941213529,0.13596298923998884,Not Significant
MT1M,-0.5859388529742802,0.12501521764457935,0.14778259828109508,0.830376702040197,Not Significant
MT1X,1.4780422331502194,0.008163892060204837,0.011459251583461547,1.9408437457008036,Up
MT2A,2.2418425630367693,1.8717526189336813e-05,4.118837021218416e-05,4.38522539235673,Up
MT3,-0.2617350157263445,0.15348173655422218,0.17889332570256095,0.7474058621415122,Not Significant
MTA1,0.4553084356546684,0.00044517658226262064,0.0007638747895952377,3.1169778228959295,Not Significant
MTA2,0.947717875964166,2.0907781445741353e-06,5.631684232203165e-06,5.249361704017979,Not Significant
MTA3,-1.2791662473919807,2.593196910751765e-11,1.89578125391243e-10,9.722211775489194,Down
MTAP,-0.42856762309545005,0.0075851853208318346,0.010709622553897674,1.9702258350176345,Not Significant
MTCH1,-0.8138406254527979,0.00014587568620334025,0.00027224002645654863,3.5650480217070877,Not Significant
MTCH2,0.17670356405720256,0.18282324899672214,0.21041487608739617,0.6769235593173264,Not Significant
MTCL1,-1.1572008466045745,2.280852856468015e-10,1.4002018084130885e-09,8.853809365776119,Down
MTDH,0.21725346564407744,0.01858694487142883,0.02480064670659259,1.6055369942769029,Not Significant
MTERF3,0.5816862661769662,8.502325409836514e-05,0.00016560793924727966,3.7809188469675954,Not Significant
MTERF4,0.037226952845749395,0.6749784817856921,0.7044895592114652,0.15212543890728308,Not Significant
MTF1,0.43292769439982237,0.0012124903188704941,0.0019275094638316803,2.7150034809398917,Not Significant
MTFMT,-0.1028692920189691,0.10911018958670801,0.1302804373469831,0.8851207921929595,Not Significant
MTFR1,0.8044326522848309,0.00013380467624323,0.0002518588020318197,3.598842866696085,Not Significant
MTFR1L,-0.11571897431777245,0.008659874855847452,0.012119974895499755,1.91649827973716,Not Significant
MTG1,0.7740741920696372,0.005774184428318116,0.008292107474109293,2.0813350776454547,Not Significant
MTG2,0.6752757470020896,1.8198981117833767e-10,1.1366183247430711e-09,8.9443853464695,Not Significant
MTHFD1,0.5403388412539059,3.717542771074424e-05,7.74411205041434e-05,4.111028371799277,Not Significant
MTHFD1L,0.5823197479451565,1.0821161807073008e-05,2.4922812995988452e-05,4.603402941158576,Not Significant
MTHFD2,2.90451322533122,1.20487255199894e-08,5.2865357529779273e-08,7.276828826302375,Up
MTHFD2L,0.2511129535419432,0.03438572322060277,0.044131202930713015,1.3552542343690197,Not Significant
MTHFR,0.01570741936165021,0.8515418316144782,0.8679110088713328,0.06152480286204794,Not Significant
MTHFS,1.0610641374485965,1.2303558209811113e-05,2.8054786194123397e-05,4.551993036711592,Up
MTHFSD,0.9271216479850093,2.484113003200246e-06,6.568229499800336e-06,5.182551680986731,Not Significant
MTIF2,0.23508397813457904,0.028832964690463134,0.037387474101136006,1.4272738748028218,Not Significant
MTIF3,-0.23930508155953234,0.000867849811979457,0.001410115968690492,2.850745169265689,Not Significant
MTM1,0.1565697897661842,0.23747480549813518,0.2686793789968793,0.5707656641642495,Not Significant
MTMR1,0.009708566651294603,0.8895957173829304,0.9024053224162362,0.044598351870057944,Not Significant
MTMR10,0.1926772432376893,0.16904664578538997,0.19572186066452346,0.7083606641950846,Not Significant
MTMR11,1.7374397803492698,0.00014134649306592371,0.0002645224913888381,3.57753739557289,Up
MTMR12,-0.8694855524587517,8.631031199337711e-15,1.0488420784333909e-13,12.979289897533791,Not Significant
MTMR14,0.735668173614556,1.229365235589801e-10,7.951227054524691e-10,9.099565844691021,Not Significant
MTMR2,-0.12060386477556762,0.442170831098353,0.4778404797773877,0.3207170622058877,Not Significant
MTMR3,0.38829955900005686,0.0012945456174772137,0.0020482570363539263,2.6886155445391466,Not Significant
MTMR6,-0.6828776114427839,0.004927660680687592,0.007143654295185898,2.146079570542508,Not Significant
MTMR7,-4.7219342810147875,1.313970757059553e-21,3.205070558503132e-20,19.494162405199372,Down
MTMR9,-0.9625430964475363,6.599564367194491e-05,0.00013113217245585266,3.8822907438103327,Not Significant
MTO1,-0.2401905854652604,0.0002759164966968656,0.0004910923653223011,3.3088368174957004,Not Significant
MTOR,0.05802932299110353,0.4007741099401769,0.43704247494450554,0.35947635310371934,Not Significant
MTPAP,-1.2408725317043032,1.2875622446990103e-10,8.288116327858039e-10,9.081544162015796,Down
MTPN,-0.0348379440308797,0.8170807628088206,0.8367698654132062,0.07739396843905277,Not Significant
MTR,0.39444916321743406,0.004608079812307777,0.006705445042494373,2.1735723925945796,Not Significant
MTRF1,0.05750373122944552,0.5878941396402976,0.6208665020166011,0.2070017712730314,Not Significant
MTRF1L,0.02795315798888609,0.6982402516234245,0.7265953234891498,0.13870740166927537,Not Significant
MTRR,0.3272792644991398,0.0010628509331924692,0.0017041477480472598,2.768492755003601,Not Significant
MTSS1,0.14577866573550224,0.11017904508927012,0.13140093527042823,0.8814015435940422,Not Significant
MTSS1L,-0.3166219925515925,0.08884634556299932,0.10721587029248385,0.9697409248082183,Not Significant
MTTP,1.981258699819099,2.1101517544934866e-09,1.0796175101456264e-08,7.966730080304893,Up
MTURN,-3.147764782518678,1.4182225786448055e-22,3.7206182961634815e-21,20.429384882618354,Down
MTUS1,-0.33062679396140027,0.059885548431064,0.07423243692562308,1.1294062820584037,Not Significant
MTUS2,-5.749643807780046,1.3237291481861032e-35,1.0672307401825996e-33,32.97174167396407,Down
MTX1,1.1624287853668687,1.3120525600513524e-11,1.0082088093026183e-10,9.996449512199591,Up
MTX2,-0.5563780298983829,0.009338753807802525,0.013001465707545968,1.8860076851687324,Not Significant
MTX3,-0.5327961026847099,0.00013018892796453507,0.00024546570471920757,3.61000917682668,Not Significant
MUL1,0.6767743234850414,4.9932266977023085e-06,1.2353085892105367e-05,4.908224538881644,Not Significant
MUM1,-0.3629979022326175,0.0028557492111839196,0.00428553814292668,2.367994635157571,Not Significant
MUSTN1,-0.2936773359208473,0.2998582157752805,0.33386070576040844,0.4764346928822787,Not Significant
MUT,-0.2705915222463915,0.00799394414779369,0.011239496628733235,1.9492531386120455,Not Significant
MVB12A,1.8352523793313171,1.0315801362434058e-07,3.6708365568760403e-07,6.435234951923977,Up
MVB12B,-0.1272410159871633,0.3343655035404319,0.36962559888799634,0.43223795879713095,Not Significant
MVD,-0.5563038184862172,0.005305961213920567,0.0076579159411226064,2.115889405095535,Not Significant
MVK,-0.34982690942947237,5.676951016944811e-05,0.00011399163752182983,3.943127007534892,Not Significant
MVP,1.7250029255215011,1.4133278083467112e-05,3.1816456628569315e-05,4.497348188999545,Up
MX1,0.6687428285429675,0.0001662126330577187,0.00030712143533078833,3.5126898712124004,Not Significant
MX2,1.838599224101289,1.4834388956673266e-07,5.131924256508464e-07,6.289719762122356,Up
MXRA5,3.706749248049629,1.731376718177508e-14,2.039987024435113e-13,12.690372594943783,Up
MXRA7,-0.04107779027911462,0.7549701003020872,0.7798983583309298,0.10796199383817846,Not Significant
MXRA8,3.2977322882225657,3.4197378819749506e-12,2.892564183292666e-11,10.538716995681112,Up
MYADM,-0.026382644887345208,0.7870629092959738,0.8087384484136719,0.09219190950844,Not Significant
MYBBP1A,-0.41931902615147365,2.370455966548828e-07,7.847695385512034e-07,6.105257862783907,Not Significant
MYCBP,1.5838268170812757,1.0145967397254874e-06,2.9169656267107765e-06,5.535068688539491,Up
MYCBP2,-1.6141466714448782,2.7006569505032136e-07,8.87069387654691e-07,6.052042407792932,Down
MYD88,2.49899026440945,1.307559619497873e-06,3.679428940452953e-06,5.434219580037069,Up
MYDGF,1.42673704527947,6.102518517144844e-08,2.2930537688070557e-07,6.639585761570793,Up
MYEF2,0.019544785265178888,0.8719202915454084,0.8865285644962095,0.052307266602008524,Not Significant
MYH10,-1.0511231785978303,2.6337834785348066e-11,1.9212697148993226e-10,9.716411663003944,Down
MYH11,-0.7132646092974113,0.21465655992219565,0.24453807357867227,0.6116535133999536,Not Significant
MYH14,-1.5385151603250211,2.25438677896033e-09,1.1446921578249176e-08,7.941311292480002,Down
MYH9,1.2922312930949182,1.3215720778347467e-06,3.7150799599934986e-06,5.430031834444391,Up
MYL12A,1.9847551423118581,9.94838292434942e-28,3.961265200786405e-26,25.402166081255732,Up
MYL12B,0.49454639959121494,0.02568149568254285,0.03355582198520579,1.474232118216585,Not Significant
MYL4,4.235383771537734,0.016542296246065485,0.02223146910123582,1.6530318372794761,Up
MYL6,1.7934645424784108,3.833252570491806e-15,4.8512796978812125e-14,13.31414368564096,Up
MYL6B,-0.47786901749638844,0.0001511357993559367,0.0002814310614993912,3.5506279712462545,Not Significant
MYL9,1.699325499206024,0.00045209447830777457,0.00077442607965865,3.1110200301041986,Up
MYLK,0.03377283213525217,0.8351135586878121,0.8529792142574287,0.06906155176716453,Not Significant
MYO10,0.5023568746044305,0.02640379846928419,0.03446383334796177,1.4626364184353735,Not Significant
MYO18A,-0.845379731036541,2.0484053383069235e-06,5.5278958955542315e-06,5.257440144434883,Not Significant
MYO1B,0.5058175319903384,0.0001513584284938617,0.00028179353329276706,3.5500689774704233,Not Significant
MYO1C,1.4504278305863796,1.2206496718646156e-05,2.7865000667038607e-05,4.554940942211543,Up
MYO1D,-0.9169323526379785,0.00017330768469632003,0.00031923598749876176,3.4958881565094106,Not Significant
MYO1E,1.6794657342088577,1.5803423211283772e-06,4.37733531565776e-06,5.358790183987284,Up
MYO1F,2.5370220998460926,3.5121955920294944e-07,1.1239472170935554e-06,5.949254083663099,Up
MYO1G,3.329170693111122,4.023706719407968e-05,8.316541134861688e-05,4.080057260052637,Up
MYO5A,-2.3074556331908695,2.0441103014691668e-08,8.484700114132833e-08,7.071363502913646,Down
MYO5B,0.2817280662353898,0.22160988945457477,0.25194651014167546,0.598691652933177,Not Significant
MYO5C,0.05355083681204498,0.790557733542276,0.8119982267235816,0.09044491918863297,Not Significant
MYO6,-0.19112186521007146,0.27435880269227136,0.3074725323310863,0.5121936753027359,Not Significant
MYO7A,0.9684995813205539,8.260419718367471e-07,2.4268144719403297e-06,5.61496342387094,Not Significant
MYO9A,-0.9480744730146675,1.635509535177458e-08,6.898072487009765e-08,7.1612722462482825,Not Significant
MYO9B,1.571693727827025,0.00014636558154819333,0.00027306773468218536,3.5637296124831486,Up
MYOF,2.765949197564323,3.6238766558826333e-07,1.1560524572706375e-06,5.937022458833926,Up
MYRIP,-3.089618067144386,4.251369398741572e-32,2.3150429904282487e-30,29.635440939707625,Down
MYT1,-0.8020655685956299,0.0081949390599022,0.0114980245249937,1.9393767693499784,Not Significant
MZB1,3.652172224448204,0.010109438057222421,0.014004741335046573,1.8537249081042009,Up
MZT1,-1.9687543541634263,2.7889640046515816e-07,9.13394778376464e-07,6.039341475462509,Down
MZT2B,0.345195204857081,0.02367566179477517,0.031096299468131038,1.5072912899504147,Not Significant
N4BP1,-0.3210353560549706,3.7408369718806276e-08,1.466349869833675e-07,6.833762395036262,Not Significant
N4BP2,0.7732876485126994,0.0003627126509104043,0.0006317370756001752,3.1994636343355385,Not Significant
N4BP2L1,-1.1945592410761385,9.072667904880107e-11,6.005128546239303e-10,9.221477691620796,Down
N4BP2L2,-0.22684475153272032,0.06404261692877135,0.07896760378707987,1.102551040128479,Not Significant
N6AMT1,-0.3140289795787723,0.1320083814504049,0.15548374076129765,0.8083150192856476,Not Significant
NAA10,0.33195470444924524,0.005462898782378807,0.007870887061453676,2.103976319205775,Not Significant
NAA15,0.33884266776745164,8.760234574392024e-07,2.557901343211854e-06,5.592116210023494,Not Significant
NAA16,-0.03361670341711687,0.7883722065528661,0.810001183968748,0.09151434631799445,Not Significant
NAA20,0.1909080830063239,0.16284639096943518,0.18887601737023035,0.7238231833433901,Not Significant
NAA25,0.10506277711888856,0.3318800940725132,0.3670391994386319,0.43528755103188804,Not Significant
NAA30,-1.0904226002364297,2.905700374929941e-06,7.577537037805909e-06,5.120471932192221,Down
NAA35,-0.044703530553185544,0.6774427398599978,0.7067686579690987,0.15072271775734483,Not Significant
NAA38,0.06109460724596261,0.6712940500600932,0.7010798528203793,0.15423251318287196,Not Significant
NAA40,0.7903182286679709,3.129663479567491e-05,6.615239171876395e-05,4.179454449413228,Not Significant
NAA50,-0.010095925133555284,0.8902061292753596,0.9029336031333036,0.044344184185951846,Not Significant
NAAA,-0.39661997443330677,0.0005649466279757325,0.0009498118041100683,3.022362437377699,Not Significant
NAALADL2,1.1471062339777802,9.397712234970264e-07,2.7220400533378504e-06,5.565105488678742,Up
NAB1,-0.19753474053906572,0.0029589983243933026,0.004428606317031366,2.353732924804447,Not Significant
NAB2,0.3229331491889127,0.014111338135111638,0.019150965967009922,1.717809315504138,Not Significant
NABP2,-0.1410795072058768,0.28585157389334814,0.31935995956544183,0.49571953537927915,Not Significant
NACA,0.2845168480356186,0.006190500842313503,0.008842067983193851,2.0534461502973187,Not Significant
NACAD,-1.1240996444489717,1.4162845314491454e-06,3.961035638483812e-06,5.402191250115971,Down
NACC1,-0.09352015567738547,0.4207203622008684,0.4569635502761777,0.34011844007291375,Not Significant
NACC2,-0.12487185355352182,0.43397779045340173,0.4694397359634456,0.3284201521058358,Not Significant
NADK,0.9275891160424266,1.3470494524823738e-07,4.693938493361271e-07,6.328462605442328,Not Significant
NADK2,-0.1589240512683716,0.12756786667429806,0.1506410372613854,0.8220567025815068,Not Significant
NADSYN1,0.942444675699738,0.001303772084989835,0.002061236657907658,2.68587214246487,Not Significant
NAE1,-0.07919187824305496,0.45841336032977736,0.494279802200811,0.3060271357903929,Not Significant
NAF1,-0.17299807893659924,0.0743718744441858,0.09082582896723576,1.0417906296419255,Not Significant
NAGA,1.8918881098080753,1.914486336781538e-09,9.87533812428941e-09,8.005448025524377,Up
NAGK,0.8642798256049105,3.4996528445965e-05,7.326579957702648e-05,4.135098706411186,Not Significant
NAGLU,2.159173739055296,1.2131116053405366e-07,4.2700511223621823e-07,6.369566925437063,Up
NAGPA,-1.3732504339223865,7.431831686290911e-09,3.4093020222083164e-08,7.467334523919703,Down
NAIP,1.8351120859757888,7.332965349814767e-05,0.0001445641740392054,3.8399393207679346,Up
NAMPT,2.7107760657608537,1.577050278261614e-13,1.6480502596688275e-12,11.783029548000554,Up
NANP,0.9558017423440699,1.6347131079897367e-12,1.4599379299546638e-11,10.835665608086256,Not Significant
NANS,0.6941995346465983,0.0002036764740714126,0.00037010043286353,3.431680406960731,Not Significant
NAP1L1,-0.42271121859506877,0.0005607938087969625,0.000943459724418938,3.0252766348058375,Not Significant
NAP1L4,0.18825148762338273,2.714706568051677e-05,5.798972427174002e-05,4.236648956220685,Not Significant
NAP1L5,-2.7362203510532304,1.3351270386646068e-06,3.7496709750508086e-06,5.4260068389360026,Down
NAPA,-0.6006126693516407,0.00015849766804661893,0.00029394431294212797,3.531734937862192,Not Significant
NAPB,-3.6934849219693078,3.7976698661803144e-07,1.2061073843600408e-06,5.918614023573284,Down
NAPEPLD,-1.3121235923266674,9.244712376655529e-09,4.1595012274420636e-08,7.38095874320893,Down
NAPG,-1.4592888369708028,2.9231625347901187e-05,6.215267913777049e-05,4.206540146030026,Down
NAPRT,0.7004788822236101,0.003928884580467999,0.005780572990161329,2.2380291106916532,Not Significant
NARF,-0.06880465328070073,0.4949388095138563,0.5301449832049536,0.2756053439930683,Not Significant
NARS,-0.20411811126455603,0.30461533272844954,0.33878282864941495,0.47007861018251734,Not Significant
NARS2,-0.07668705622441507,0.4036377047567997,0.4397843648842743,0.3567602146414057,Not Significant
NASP,1.4807017606735933,1.1531991407870619e-05,2.6445090244226864e-05,4.577654946606695,Up
NAT1,2.230709061794551,3.711154714427961e-08,1.4564149822028548e-07,6.836714862109311,Up
NAT10,0.2517414908568263,0.017516477647726198,0.02346555795521193,1.6295691148378575,Not Significant
NAT14,0.13377438591948376,0.42567939367750746,0.4616529456246324,0.33568438903340925,Not Significant
NAT8L,-2.3764170341057884,8.012629733003095e-12,6.360853580005767e-11,10.196484601299337,Down
NAT9,0.7598257962731978,1.7325744262674485e-05,3.837720925729612e-05,4.415926609804386,Not Significant
NATD1,-0.015355699658716304,0.929157511245587,0.937909095018842,0.02783925271354783,Not Significant
NAV1,0.09679211531377874,0.48640196858959134,0.5213334856443816,0.2828843791137908,Not Significant
NAV2,0.7996939164506678,0.003471804437899798,0.0051464034590056745,2.2884961697091626,Not Significant
NAV3,-2.154905278154832,6.245747057977923e-29,2.677432164343387e-27,26.57228152367988,Down
NBAS,-0.14943281185390234,0.05253136874889945,0.06556008532908983,1.1833604898494223,Not Significant
NBEA,-2.3639502035945092,4.270391208925824e-17,6.669755199801357e-16,15.175890105712606,Down
NBEAL1,0.5765857038081172,0.014331303896114362,0.019433780515473963,1.7114427064871507,Not Significant
NBEAL2,0.5475815346866462,0.10228708818205368,0.12251101252479002,0.9118248707787631,Not Significant
NBN,0.3740447602796735,0.0022744808307046723,0.003466432660895442,2.460117232010884,Not Significant
NBR1,0.09601129734058844,0.16338882465060553,0.18943250311085283,0.7225455020455047,Not Significant
NCALD,-2.483338614182017,2.265067690777567e-07,7.533275641100433e-07,6.1230161415254925,Down
NCAM1,-0.3264989702091654,0.0010679116810088508,0.0017117171478891271,2.7665679985723037,Not Significant
NCAM2,-1.868576267726148,9.957921522066136e-14,1.0615460467015264e-12,11.974061162690019,Down
NCAN,-0.10175253909959636,0.7269559337171386,0.7539744750608931,0.12264335642179577,Not Significant
NCAPD2,1.7098720979497486,7.791605335115597e-11,5.218925009704423e-10,9.282418943440678,Up
NCAPD3,1.4175529531728248,7.616360196917755e-09,3.486016021069944e-08,7.457670621286185,Up
NCAPG,5.911106306029627,2.1188950835176616e-10,1.3095551577519586e-09,8.882876204605818,Up
NCAPG2,1.864701629985726,1.5288189943026349e-16,2.2549520568967412e-15,14.646862687332156,Up
NCAPH,3.3289289243908513,1.0160257735872507e-09,5.523714864067979e-09,8.257768747935181,Up
NCAPH2,0.11215359293037963,0.06013246352230199,0.07450183710781826,1.1278330180443088,Not Significant
NCBP1,0.46217802083391035,0.00031737350663393356,0.0005589546688514417,3.2526234119095783,Not Significant
NCBP2,0.5450341935929686,1.5858795461239957e-06,4.387606926899267e-06,5.357772286549717,Not Significant
NCBP2-AS2,-0.1024145729202921,0.612345152584244,0.6443247406657274,0.19089519237193062,Not Significant
NCDN,-3.278483882442746,2.3743991033840015e-13,2.4112597346260517e-12,11.617756006030964,Down
NCEH1,-2.2719242326805826,1.5611061534916843e-09,8.19092884910168e-09,8.086666846570946,Down
NCF1,3.0911433412186398,4.301375532072777e-06,1.0779118684104765e-05,4.967416746225051,Up
NCF2,2.9512904345745152,8.473536083568523e-07,2.4821867550412705e-06,5.605165546111802,Up
NCF4,2.8778094445403912,3.033776420951632e-09,1.5003565863852107e-08,7.823805510881032,Up
NCK1,0.8711019166334388,1.9783651190388337e-09,1.0178779473543009e-08,7.992304294659767,Not Significant
NCK2,0.10309431538065894,0.13549373473164347,0.15938391916003927,0.7975554983248458,Not Significant
NCKAP1,-0.8618329980364443,8.745533505900406e-05,0.00017001641169131742,3.7695091541337407,Not Significant
NCKAP1L,2.7543429938931343,1.5105114387998188e-10,9.61876879549265e-10,9.016880514193307,Up
NCKAP5L,0.49700531159118455,0.005202924355807554,0.007521058969781217,2.1237210061698564,Not Significant
NCKIPSD,-1.4264566570066357,4.185344778239901e-15,5.270395411998595e-14,13.27815680057359,Down
NCL,0.646844559847306,1.4571176263043313e-05,3.271451519364795e-05,4.485259511259966,Not Significant
NCLN,0.693123743948064,3.468669777723154e-05,7.272295388300322e-05,4.138328489122799,Not Significant
NCOA1,-0.5020255571781291,2.4139846911197427e-11,1.772484094631216e-10,9.75141765326472,Not Significant
NCOA2,-0.5128755793855824,8.643191374302455e-13,8.058847915775908e-12,11.09372704002913,Not Significant
NCOA3,0.7333822235703344,1.82520578500504e-09,9.463264579588663e-09,8.023959017475283,Not Significant
NCOA4,0.018612333402266756,0.8422127464836272,0.8593589798517229,0.06582538052088233,Not Significant
NCOA5,0.5529069377849112,9.263382857869325e-08,3.3364075405854697e-07,6.476720905930822,Not Significant
NCOA6,0.16636024498976454,0.19391271575847968,0.22233971073878037,0.6529829636864448,Not Significant
NCOA7,-2.2833771883631186,1.5307501873883396e-07,5.275667939702406e-07,6.27772254756337,Down
NCOR1,-0.20861354702302748,0.0030693934776305836,0.004578864192751444,2.339242237278878,Not Significant
NCOR2,-0.2285736537543137,0.22336291252145438,0.25371044996517433,0.5956616444505368,Not Significant
NCS1,-3.101195685356206,1.398805604921493e-14,1.6637033841769918e-13,12.778924099979072,Down
NCSTN,1.1862382955986028,3.789128431694894e-14,4.298612592443059e-13,12.366671693414192,Up
NDC1,0.6421201838062878,3.572309835833175e-05,7.466275785515229e-05,4.126895972363721,Not Significant
NDC80,6.398638439000164,2.2952130457323606e-07,7.620954588895123e-07,6.117990626203157,Up
NDE1,1.6384320864248316,0.00011241317688509035,0.00021468252965694791,3.66820329595636,Up
NDEL1,-0.470596375630997,0.002592453170441879,0.0039160853559801305,2.4071478507741153,Not Significant
NDFIP1,-1.1269085730712405,0.00020130571527457802,0.0003661227253432206,3.436373313498003,Down
NDN,-1.9454346741183528,5.1022548055475514e-09,2.4211076265231293e-08,7.615985904252536,Down
NDOR1,0.80206490314022,0.0008227062527762029,0.0013415252169743394,2.8724011593767793,Not Significant
NDP,0.028332009912723777,0.8673448108647449,0.8824107881894001,0.0543291909322294,Not Significant
NDRG1,0.6959277567441049,0.0007614023441633103,0.0012502636047434699,2.902998410979159,Not Significant
NDRG2,-1.6699519973836168,3.6860809039882084e-10,2.1715543290512988e-09,8.663229300765472,Down
NDRG3,-1.8161043648498776,9.85609959870011e-06,2.2909632523605193e-05,4.639981876949863,Down
NDRG4,-2.370256763774872,7.010752226486546e-14,7.668438428840984e-13,12.115293065097163,Down
NDST1,0.24478806364816208,0.025170741998748875,0.0329482919562625,1.4821670943688199,Not Significant
NDUFA1,-0.48001384908276634,0.004740735031146774,0.006887534569335535,2.161936208360269,Not Significant
NDUFA10,-0.5354590207770862,1.57270602696395e-05,3.513737084860242e-05,4.454230737680266,Not Significant
NDUFA11,0.363547188087761,0.001430609184363847,0.0022459025905066845,2.6486090839262233,Not Significant
NDUFA12,-0.29618224693683004,0.09054895900607812,0.1091314912761226,0.962049910144964,Not Significant
NDUFA13,0.5025428730976884,7.971649770793675e-05,0.0001559044841603096,3.8071413933546365,Not Significant
NDUFA2,0.17380682178060525,0.2908727050858495,0.3246096855029188,0.4886385261064657,Not Significant
NDUFA3,-0.032610419290993065,0.763614468593645,0.7880502666856696,0.10344607965771375,Not Significant
NDUFA4,-0.9744717428934493,0.00142213527114037,0.0022336437046255203,2.6509861013438227,Not Significant
NDUFA4L2,1.09039628980147,4.266948336751295e-05,8.774288129094212e-05,4.056788108383191,Up
NDUFA5,-1.5675940905128911,3.973154054488065e-05,8.223865614323559e-05,4.084923995069929,Down
NDUFA6,0.08128694058498098,0.5599145585912283,0.5940578476301247,0.2261712626226503,Not Significant
NDUFA7,0.3983195996778832,0.00447756266690116,0.0065381890573071874,2.1845425255791167,Not Significant
NDUFA8,-0.6128826037557218,0.0015898450933137158,0.002475823074670331,2.6062803937552217,Not Significant
NDUFA9,-0.5102243904701282,0.0008533503536613696,0.0013881239242345613,2.8575717606759694,Not Significant
NDUFAB1,-0.4606682693673214,0.035736189308812574,0.0457441386400226,1.3396645457368397,Not Significant
NDUFAF1,-0.5642336317073848,0.003503602744474996,0.005189721224502442,2.284855970458284,Not Significant
NDUFAF2,-0.24784817201039644,0.009675761205880234,0.01344649170755104,1.8713910116316717,Not Significant
NDUFAF3,0.5147314141521058,0.0003527442439253485,0.0006160684890005872,3.2103710041641356,Not Significant
NDUFAF4,-1.9080848054465456,1.327913945399854e-05,3.0027845310792655e-05,4.522475830078937,Down
NDUFAF5,-0.5100646005945499,0.0004227353617517947,0.000728600231378144,3.1375106951772276,Not Significant
NDUFAF6,-0.1721285996798585,0.023470742300990974,0.03084323740414598,1.510840043300546,Not Significant
NDUFAF7,-0.38511071885298165,0.002433848709994225,0.0036920029972115375,2.4327379550806048,Not Significant
NDUFB1,-0.4239542717270446,0.008892077156122013,0.012415632054161215,1.9060311665123724,Not Significant
NDUFB10,-0.07793797815700998,0.477725834837126,0.513016742367467,0.2898684614005489,Not Significant
NDUFB11,0.4281191689461359,0.005901056285190997,0.008459832221006703,2.0726382499885787,Not Significant
NDUFB2,0.3088076723513069,0.027449934207484893,0.035709018234272055,1.447222089916414,Not Significant
NDUFB3,-0.2813795196765092,0.08126865037588239,0.0987575855110542,1.0054295365210297,Not Significant
NDUFB4,-0.22412048924439176,0.08148227637582549,0.09899330103835817,1.0043941934884246,Not Significant
NDUFB5,-1.1854864934437295,1.4611927880585888e-06,4.075320084967393e-06,5.38983827510172,Down
NDUFB6,-0.5128180159444184,0.015535601903916934,0.020973687158946555,1.678325214168832,Not Significant
NDUFB7,0.5161703035479519,0.0034725485234237278,0.005146749128287573,2.2884670003637217,Not Significant
NDUFB8,-1.3547671390678069,4.3407495827843166e-08,1.678001200958143e-07,6.775207732679364,Down
NDUFB9,-0.7151760081294078,0.0007557335598918566,0.0012417647826375084,2.905960661226289,Not Significant
NDUFC1,-0.14850870501152968,0.2972138515313323,0.331319280770902,0.4797532900801273,Not Significant
NDUFC2,-0.9666755058848189,0.00035173208407142593,0.0006144180709095795,3.211536019570131,Not Significant
NDUFS1,-1.0059710268717765,4.203482399314102e-06,1.0560070247054928e-05,4.976333192805345,Down
NDUFS2,-0.18236879234915193,0.16222763639753193,0.18823787250273402,0.7252929942762778,Not Significant
NDUFS3,-0.0010409948928113977,0.9938665348874756,0.9950518259249085,0.002154299026078313,Not Significant
NDUFS4,-0.1797953897269764,0.23517031547356862,0.2663113487051181,0.5746103259568845,Not Significant
NDUFS5,-0.2836804714672141,0.07283517100350316,0.08906791851047473,1.0502786968925308,Not Significant
NDUFS6,0.8895627246317268,4.1518861144404725e-05,8.562149583802113e-05,4.0674171891561866,Not Significant
NDUFS7,0.2568600826396654,0.018651456666010487,0.024876840255976387,1.6042047826041728,Not Significant
NDUFS8,0.4148528477784019,0.00045428944316612015,0.0007777892335920283,3.109138072790428,Not Significant
NDUFV1,-0.22171811039085654,0.060939028219647376,0.075417662197141,1.1225269340176087,Not Significant
NDUFV2,0.2916907171113685,0.003717252320278916,0.005486024007396689,2.260742296210692,Not Significant
NDUFV3,0.04336298063504884,0.6427599754009532,0.673443992947395,0.17169851659326235,Not Significant
NEBL,-2.351084491732898,1.1513669744931279e-23,3.2765172036846806e-22,21.484587547394792,Down
NECAB1,-5.525753401949075,4.3109783406651514e-12,3.583233977216232e-11,10.445724832443375,Down
NECAB2,-3.189120808300979,2.802296805012459e-09,1.3961591500343973e-08,7.85506507308667,Down
NECAB3,-0.9904516573250568,8.691720971778649e-08,3.14625932697442e-07,6.502205483991052,Not Significant
NECAP1,-1.4335308924972523,0.00015725156032606486,0.0002919020119264377,3.534762911639123,Down
NECAP2,2.072748472561525,4.1717553531108665e-09,2.0156481260066603e-08,7.695585280892965,Up
NEDD1,2.0855306830442277,3.2163708456082777e-10,1.9240926305616263e-09,8.715774023788125,Up
NEDD4,2.1187340831816392,7.071449689180292e-07,2.117021817795015e-06,5.674274666166155,Up
NEDD4L,-1.7711438022476749,1.1972359070922738e-25,3.993693552333632e-24,23.398625262859532,Down
NEDD8,-0.19794080134829528,0.28022330371511633,0.3134543150817324,0.5038257471895582,Not Significant
NEDD9,1.556399394291292,2.406341256542643e-09,1.215721254684583e-08,7.915165990383642,Up
NEFH,-4.66439880589045,1.2249326513502618e-17,2.0163352172716563e-16,15.695437264434347,Down
NEFL,-6.927693164363523,2.7536893695899288e-24,8.25615080632409e-23,22.083222382849105,Down
NEFM,-7.3157029167266625,2.4936590847219187e-42,5.233567004060126e-40,39.28120221129609,Down
NEGR1,-5.281451911390906,1.3034019618377174e-15,1.7231589715949036e-14,13.76367465447208,Down
NEIL2,-0.275858153066757,0.005608565144944815,0.008068068723429111,2.0932304111435895,Not Significant
NEK1,-0.25792965568556525,0.02886337464622362,0.037422089599235105,1.4268719657382032,Not Significant
NEK11,0.4302429285330547,0.00023697587917750505,0.00042630267979181896,3.3702819373150033,Not Significant
NEK3,0.7344048240121452,0.002713815338137523,0.00408593270309332,2.388708790644322,Not Significant
NEK4,0.0042111793515644536,0.9446165878560806,0.9513213541999557,0.021672754586036513,Not Significant
NEK6,1.5310164777810016,2.4475595528194082e-05,5.2696548269080396e-05,4.278217831026283,Up
NEK7,-0.3880694621422265,0.012915826588064545,0.017602007176428874,1.7544378062799073,Not Significant
NEK8,1.4521392893787866,0.0001119976099746521,0.0002139924314803336,3.6696015865781626,Up
NEK9,0.67448307701423,0.003165059530349032,0.004714595550604192,2.326555558000844,Not Significant
NELFA,0.07207857042037347,0.4927046815991397,0.5278641882834981,0.2774778006973274,Not Significant
NELFB,0.0770591039958397,0.3487501244702804,0.38422011744462,0.41541989958245584,Not Significant
NELFCD,0.8187135822375851,8.516952870679047e-09,3.8683400910379046e-08,7.4124753512466635,Not Significant
NELFE,0.9325978624176479,2.0222468587948235e-13,2.0787872301529643e-12,11.682189959682129,Not Significant
NELL2,-3.1553136850323718,2.6550734143683517e-09,1.3320323494196602e-08,7.8754852278655285,Down
NEMF,-0.7662936283223161,1.142884685687056e-18,2.0857645513788775e-17,16.68073471786927,Not Significant
NENF,0.4352152839581791,0.006300217466191274,0.008986038617359606,2.0464317193652786,Not Significant
NEO1,-0.16646441861183803,0.1304838823373768,0.15374206206628466,0.8132072982504709,Not Significant
NES,4.405037940371351,1.1689124665343748e-13,1.2382359818998203e-12,11.907196579976247,Up
NETO1,-4.236591168645202,1.5662573111161656e-31,8.091526231889361e-30,29.091969553595206,Down
NETO2,-0.6344294295213295,0.004457566170597524,0.006514655680052148,2.1861085331678236,Not Significant
NEU1,0.6849541417783129,0.00010379103373783383,0.00019916016645236915,3.7007975194255236,Not Significant
NEU3,-0.5308113518246849,7.342951910444436e-07,2.185960329368122e-06,5.660357723856055,Not Significant
NEU4,0.33193434516619647,0.21664462184076838,0.24660767462416958,0.6079934119452204,Not Significant
NEURL4,-0.7186122752041939,8.193550450930422e-14,8.846926821294006e-13,12.0532075650468,Not Significant
NEXN,1.689949427816476,1.4390048860336549e-09,7.585837374098922e-09,8.119996471979723,Up
NF1,-0.5006690168745145,3.7328282869004736e-08,1.4637801542325952e-07,6.83452414525387,Not Significant
NF2,-0.5997587233820738,5.968177576598446e-06,1.45279095504048e-05,4.8377968726970515,Not Significant
NFASC,-1.095303614369275,3.400490661672056e-06,8.718896137868234e-06,5.059538495753075,Down
NFAT5,-0.6686949199378844,3.173631803863332e-05,6.702550690171741e-05,4.17375989284249,Not Significant
NFATC1,1.447260848076466,3.675499120660534e-05,7.664454179576531e-05,4.1155187677813485,Up
NFATC2,1.9570840120688135,1.3838235056381989e-09,7.317920207768616e-09,8.135612330229941,Up
NFATC2IP,0.3728323099705122,0.0002028118851246215,0.0003687289172974981,3.4332928018290025,Not Significant
NFATC3,0.27063188619138145,0.016125389338894666,0.02170882964052183,1.6633635894596333,Not Significant
NFATC4,0.9142024987384225,0.02742961386527609,0.03568719231290085,1.4474876187851482,Not Significant
NFIA,0.5676336361877752,0.004748678479882787,0.006897085785227681,2.161334372268371,Not Significant
NFIB,0.5367776218570768,0.00017478854916566232,0.0003216415705878411,3.4926278258745462,Not Significant
NFIC,-0.3094470247138936,0.17240599955929645,0.19929065284685626,0.7005130701516347,Not Significant
NFIX,-0.6877287796124207,1.2147950274091008e-05,2.7750215660134424e-05,4.556733637419056,Not Significant
NFKB1,1.1379747806742486,4.850861403933744e-08,1.8594968715079351e-07,6.730604547978837,Up
NFKB2,1.7542911633656928,0.00024046066265541436,0.0004319544785290022,3.364562018845599,Up
NFKBIA,1.5102764220286424,9.63070110282754e-09,4.3139031974159464e-08,7.365129604550993,Up
NFKBIB,0.7144888791729969,0.00019719756838543337,0.0003592997474977131,3.444543088000996,Not Significant
NFKBIE,1.1924617421226742,3.328728999998965e-06,8.558860629400096e-06,5.067584045521297,Up
NFKBIL1,0.5527263278038994,1.1309759853708599e-07,3.996300272404785e-07,6.398341887375705,Not Significant
NFRKB,0.6475929331963606,6.32852487508429e-05,0.00012611980136814863,3.8992167219138643,Not Significant
NFS1,-0.24005430441048858,0.017555208644333943,0.023511190093461865,1.6287253871259246,Not Significant
NFU1,-0.31158544743081507,0.042748118691929016,0.054087484011867984,1.2669032201696193,Not Significant
NFX1,-0.028409171367044905,0.6452697972522261,0.6755817852337275,0.1703220682175494,Not Significant
NFXL1,-0.20467176267560205,0.015326618543191256,0.020716537663237448,1.6836828261177943,Not Significant
NFYA,-0.07332759266942901,0.4447337271507425,0.4804555031974884,0.3183468277886367,Not Significant
NFYB,-0.5758216328336196,0.00013200085568104017,0.0002486028454161149,3.6044939048920996,Not Significant
NFYC,0.20890195053833338,6.632997410812692e-07,1.9958427693108438e-06,5.69987367502776,Not Significant
NGB,-7.77404074943885,2.7542292015216686e-32,1.5329339765817287e-30,29.81447654979253,Down
NGDN,0.4406046724822943,0.0003259121474080995,0.0005725913800120674,3.2421551942839835,Not Significant
NGEF,-4.517332050903464,2.8803843387834027e-26,1.0253354003146289e-24,23.989134048091895,Down
NGFR,3.6512306376974664,1.4403058347305619e-05,3.2375739195983416e-05,4.489780307078359,Up
NGLY1,0.5581718919874916,0.00017041828224584316,0.00031431596033405784,3.5026335658197594,Not Significant
NGRN,-1.0792111379589606,2.316536652719528e-07,7.68922248418337e-07,6.114117572799403,Down
NHEJ1,0.8557792641633934,0.00022431172294352074,0.0004052575855331829,3.392268847363169,Not Significant
NHLRC2,-0.16309199209455727,0.17013470192347024,0.1969363423161024,0.7056741324604401,Not Significant
NHLRC3,0.45457337964374744,0.0026292364635955,0.003968673679092159,2.4013546091290734,Not Significant
NHP2,0.40860612914805117,0.021712509888327913,0.028682379309600763,1.542384825174033,Not Significant
NHS,-0.7343217422038926,0.003241841060153676,0.004821837714452699,2.3167874104877475,Not Significant
NHSL1,1.3308108535523981,4.58925948957431e-05,9.377728214598701e-05,4.027902358141259,Up
NHSL2,-1.127311145276293,9.450884251117992e-14,1.013931927004927e-12,11.993991201529827,Down
NICN1,-0.7165786320970611,1.1842620847610702e-08,5.20063480465694e-08,7.283943641878082,Not Significant
NID1,3.295113539286758,1.2402291178595252e-08,5.422772627307664e-08,7.265778604816947,Up
NID2,2.7394161856945427,2.6764723410123546e-20,5.874244523607507e-19,18.23104797932443,Up
NIF3L1,-0.028732786008689004,0.8741186852793177,0.8884947669764753,0.051345125742678736,Not Significant
NIFK,1.0761748144582768,1.707262936791862e-06,4.683814494891399e-06,5.329400313736395,Up
NIN,0.0621199277186939,0.6831311196063549,0.7120396170630542,0.14749584204682556,Not Significant
NINJ1,1.7236605685553847,1.677066903149005e-11,1.264578741191847e-10,9.89805412337736,Up
NINJ2,0.1908984597636234,0.6559862305285366,0.6860173659653771,0.1636648903464898,Not Significant
NIP7,0.8456968636203825,1.8885729741874236e-06,5.128162841499758e-06,5.290038192529429,Not Significant
NIPA1,-1.6030890570665122,4.2709758408982533e-07,1.342877984432241e-06,5.871963446076713,Down
NIPA2,0.4996328413850577,0.0022476822778200716,0.003426627007681507,2.465133166454788,Not Significant
NIPAL3,-1.500378023839584,2.2445891582498678e-09,1.1414432700761821e-08,7.942545668146682,Down
NIPBL,0.3230609006089189,0.007335496070813201,0.010377445220807779,1.9839095504441377,Not Significant
NIPSNAP1,-0.6077833577004874,0.00131219116946774,0.002073245583628923,2.683349251066891,Not Significant
NIPSNAP3A,-0.43952706896676474,7.074975647281216e-06,1.6953688075811364e-05,4.770735811517278,Not Significant
NIPSNAP3B,-2.1564167442227067,1.0523689479202136e-10,6.90655686081318e-10,9.1607384083456,Down
NISCH,-1.0820046742837377,3.236963910834351e-08,1.286357965986006e-07,6.89063815970149,Down
NIT1,0.42316904684891554,1.2375662751720406e-05,2.8193674030038756e-05,4.549848325795569,Not Significant
NIT2,0.34563235755025445,0.00014687864175003964,0.00027390881839872255,3.562393985561831,Not Significant
NKAIN3,0.1000819286182626,0.6579207039378389,0.6878975787721628,0.16247621915592228,Not Significant
NKAP,-0.2985625457963206,0.000505972448728652,0.0008576756601871851,3.066676914507152,Not Significant
NKIRAS1,-1.88426431711423,2.0968743000221606e-06,5.645085969648115e-06,5.248329439769219,Down
NKIRAS2,1.502994439149946,1.601099233528583e-10,1.01443230682811e-09,8.993776928179066,Up
NKRF,-1.4756678239235086,1.9507750300290116e-06,5.29135908791391e-06,5.2764327649075975,Down
NKTR,0.699375551318397,0.012221278711862746,0.01673242209069113,1.7764411884766633,Not Significant
NKX2-2,0.8717932340592931,0.0009593561772276529,0.0015500487777692664,2.8096546350021505,Not Significant
NLE1,-0.03118451368224484,0.7595202347520402,0.7842770443718792,0.10553049651422755,Not Significant
NLGN1,0.33387344405574026,0.021411704259823177,0.02830357022877033,1.5481587788623685,Not Significant
NLGN2,-1.4429978667953485,2.1039763748604892e-08,8.683104465524198e-08,7.0613249739942745,Down
NLGN3,0.030161870949466874,0.8442971393376031,0.8611369223131531,0.06492778945539068,Not Significant
NLGN4X,0.293729181199577,0.037572628260679,0.04793043650729141,1.319388615826807,Not Significant
NLGN4Y,-1.6501613099149797,0.33517802877440656,0.37044250815944835,0.431279183977567,Not Significant
NLN,0.1287465547890605,0.29809730424771735,0.33208362744570435,0.47875253567913767,Not Significant
NLRC4,2.1960090047767995,1.6068439248590404e-06,4.433674527261017e-06,5.353236191285279,Up
NLRX1,0.866861939264334,2.503491744781238e-13,2.527071727146913e-12,11.597382431106592,Not Significant
NMB,4.185078667323534,4.554856096231823e-19,8.690458392696853e-18,17.060957315361648,Up
NMD3,0.3356133636629721,0.0015397786171882717,0.0024038013001014486,2.619101434271615,Not Significant
NME1,0.6418255040738288,0.01960143106662753,0.026061081769197005,1.5840075611237325,Not Significant
NME1-NME2,1.4566195783231386,1.575327019927354e-06,4.367045789418868e-06,5.3598122543832885,Up
NME3,0.5399619284623611,0.0001450640961030083,0.0002709534781724622,3.5671052696694456,Not Significant
NME4,1.3330444972643818,6.021837368833195e-06,1.4624627434656144e-05,4.834915188844684,Up
NME5,-1.5568341522126108,1.837881008401066e-10,1.145718643479724e-09,8.940922019878574,Down
NME6,0.8896354273698037,1.8254163588529474e-07,6.195837061686184e-07,6.207900011852315,Not Significant
NME7,-0.1172476853751121,0.23116172494931184,0.2620665335515831,0.5815884358327464,Not Significant
NMI,2.1493554890753934,4.065231885952297e-06,1.0243408208875299e-05,4.9895555199189445,Up
NMNAT1,0.42079157999608974,0.0006734165355519079,0.0011170752806108875,2.951917558440128,Not Significant
NMNAT2,-4.259338909150664,5.156538600422392e-19,9.673551184479549e-18,17.014414066071563,Down
NMNAT3,0.08756074215151521,0.6658709112100086,0.6956324338410896,0.15762017723023491,Not Significant
NMRAL1,0.27674173900593146,0.008188165379505235,0.011490120912820133,1.939675401120742,Not Significant
NMRK1,-0.8891085221733981,2.5007569643581755e-05,5.37614717433723e-05,4.269528850793582,Not Significant
NMT1,-0.5631920730608684,2.6192752756659294e-09,1.3147663149023974e-08,7.881151431331678,Not Significant
NMT2,-1.8016262940207426,3.5268226783918384e-13,3.4912543055102262e-12,11.457018515706784,Down
NNMT,4.31204077957311,1.8883827115822644e-23,5.255129126099373e-22,21.279416608263055,Up
NNT,-0.575565318267202,0.0001396599582450621,0.0002618039485226564,3.58202380771395,Not Significant
NOA1,0.5113514647271877,0.00013036607388848754,0.00024575371039532625,3.609499916457978,Not Significant
NOB1,0.5759992868209274,2.2185513820111098e-08,9.096331551640179e-08,7.041133718458448,Not Significant
NOC2L,0.21792920099376545,0.02480115887759502,0.03249406613771521,1.4881959399114055,Not Significant
NOC3L,0.6001454747508603,3.043600993237965e-06,7.886120474763184e-06,5.1031365925778855,Not Significant
NOC4L,0.479362970617057,0.003724682374705742,0.005496184303908839,2.2599387124789723,Not Significant
NOL10,0.22409757444597744,0.0021146282964909454,0.00323258959921848,2.4904494287346877,Not Significant
NOL11,0.7882127925843037,7.826647776922814e-08,2.8556917676465207e-07,6.544288670437306,Not Significant
NOL12,-0.045863097688732424,0.8231566934725772,0.8421326830550161,0.07461947740898274,Not Significant
NOL3,0.2876507021944157,0.11379050731617761,0.13554754294704663,0.8679083504126051,Not Significant
NOL4L,-0.8517352753728904,1.8811112814541126e-06,5.109278794653203e-06,5.2916403988100065,Not Significant
NOL6,0.23917097294960143,0.043972983644993406,0.05553373209244906,1.2554431391927987,Not Significant
NOL7,0.12301429484880799,0.09458258050661203,0.11372940033702669,0.9441272507598811,Not Significant
NOL8,0.7146848757316171,0.00011868193812930225,0.0002254151290940028,3.6470169389485525,Not Significant
NOL9,-0.03954297643971927,0.47988136146516064,0.5148375756549551,0.2883297634303058,Not Significant
NOLC1,-0.6831831214121067,3.666703588899935e-05,7.647696056848436e-05,4.116469380598138,Not Significant
NOM1,0.7512209408489383,3.509460664865197e-05,7.345586274226468e-05,4.133973536088792,Not Significant
NOMO1,0.025398722905876525,0.8655391225192675,0.8808406021071927,0.05510267488927831,Not Significant
NONO,1.319177293357697,3.7444087089051896e-11,2.6470998830533953e-10,9.577229671150292,Up
NOP10,1.326932481969763,3.2618145121469e-06,8.395380530242176e-06,5.0759596141847805,Up
NOP14,0.6740630285701599,1.4053590067235925e-08,6.047666225430786e-08,7.218412185835827,Not Significant
NOP16,1.180005324932294,3.4168318873977766e-07,1.0972637690036723e-06,5.959688960708737,Up
NOP2,1.1710746337179643,6.847080396980197e-07,2.0550532329147653e-06,5.6871769239282,Up
NOP56,0.5552097196048713,2.579739252627199e-16,3.702036072787237e-15,14.431559353779733,Not Significant
NOP58,0.5839123757864222,9.338882804067321e-07,2.7081147198668447e-06,5.5673329422210704,Not Significant
NOP9,0.3269052494304283,0.00048110267031143653,0.0008202112541407026,3.0860742760413724,Not Significant
NOS1,-3.7656916359877375,5.383448574453125e-27,2.0311932935970328e-25,24.692248746044637,Down
NOS1AP,-1.2364230682239317,4.9695794327516745e-09,2.3648343507576934e-08,7.626199274829515,Down
NOS2,-0.7012458091382641,0.04431573627738827,0.05595146349898601,1.2521885493282783,Not Significant
NOS3,-0.22875057735544502,0.5002864472691,0.535246991269001,0.27144576528330067,Not Significant
NOSIP,0.8264927466497483,5.935514702535753e-13,5.733804604914423e-12,11.241557110910522,Not Significant
NOSTRIN,0.28038454017696246,0.23508979517388187,0.26625009517500686,0.5747102283082371,Not Significant
NOTCH1,1.7227800421779236,4.009702129789517e-06,1.0121207530819242e-05,4.994767670037073,Up
NOTCH2,1.425132498390763,0.00010458073183796725,0.00020056087807646716,3.697753777659086,Up
NOTCH3,1.6405193299220073,7.08794050349224e-05,0.00014017258074633062,3.8533369307000274,Up
NOV,-1.3735702252520419,1.231158253990049e-05,2.8066730596731735e-05,4.551808173988082,Down
NOVA1,0.3045233742856972,0.05172030563245252,0.06464396512919686,1.1894720126772182,Not Significant
NOVA2,-2.1172312938103133,3.6209583248365722e-12,3.049961050535421e-11,10.515705706766509,Down
NPAS3,0.5443973429731024,0.002900989053195354,0.004348893410995536,2.361621236524995,Not Significant
NPAT,-0.01624686144965537,0.809693716786923,0.8296231186850551,0.08111915418717747,Not Significant
NPC1,0.7983732266944692,0.001058202626605371,0.001698046075250479,2.7700505296659466,Not Significant
NPC2,2.653770909148065,7.087822502219376e-17,1.0851477794431306e-15,14.964511113957045,Up
NPDC1,-0.47675548975919924,0.0052982947814198475,0.007650139261577117,2.116330658966122,Not Significant
NPEPL1,1.3910323243379406,0.00011991780228679505,0.00022750507349099307,3.6430089138878636,Up
NPEPPS,-0.4839984668410722,5.2402680396744673e-05,0.00010596238504953951,3.9748482749671368,Not Significant
NPHP4,-0.6429490297051821,0.0022752307225370584,0.0034670510208498454,2.460039767253176,Not Significant
NPL,1.4007130509130725,0.00017809139677387906,0.0003270311212358836,3.4854109166427927,Up
NPLOC4,0.2670237924882919,2.933909667911874e-05,6.234171270732803e-05,4.205221270568576,Not Significant
NPM1,0.7695042964788001,0.0004555502630268018,0.0007798153525457946,3.1080082189296587,Not Significant
NPM3,0.5774627236806467,0.009975589653188711,0.013830730823867751,1.859154870911134,Not Significant
NPNT,2.6113475148285694,3.3174594831080344e-09,1.631840177384294e-08,7.7873223783511465,Up
NPR2,-0.23442232740243796,0.07318024590839575,0.08945732281048159,1.0483841031009045,Not Significant
NPRL2,0.053036865618206974,0.3619420314699757,0.3977532480668196,0.400386265203098,Not Significant
NPRL3,-0.17762575351207133,0.26868160365098936,0.30153949561564936,0.5206557959465314,Not Significant
NPTN,-1.836263900418011,9.102167677988534e-06,2.1309606597270856e-05,4.671424567846169,Down
NPTX1,-4.476957237686129,3.06728553990474e-34,2.1760446851408696e-32,31.662332190632476,Down
NPTX2,0.05011821490425561,0.9156833241581359,0.9259914592851411,0.03339301893625158,Not Significant
NPTXR,-2.8930343823969515,2.456851892438445e-18,4.311903478122804e-17,16.36533096938621,Down
NPY,-3.191484961339013,6.72275092603289e-09,3.1180935924887354e-08,7.506110853197409,Down
NQO1,-0.2936870114952015,0.34184520210952907,0.3771904234448407,0.4234393421750545,Not Significant
NQO2,-1.5593872479329143,8.253229471348255e-06,1.9579421705004867e-05,4.708200139603067,Down
NR1H2,0.21709256671831767,0.11477628122570382,0.1366733164382672,0.8643162671058675,Not Significant
NR2C1,-0.19214937180263547,0.29638846125663787,0.3305454841912288,0.48076877165753845,Not Significant
NR2C2,-0.3359680589412406,1.2894412093793375e-05,2.9249787757909133e-05,4.5338772808947345,Not Significant
NR2C2AP,1.2250530490373848,9.287041620105832e-08,3.34373328380794e-07,6.475768371780301,Up
NR2E1,-0.0727165475178495,0.7837753814292118,0.8058535611877811,0.09374387053507413,Not Significant
NR2F1,-0.5876623358258364,3.0412553076209537e-06,7.882069968863773e-06,5.103359714236139,Not Significant
NR2F2,0.441606120869805,0.025914352798894435,0.033846906533911904,1.4704810178693586,Not Significant
NR2F6,-0.0033601361106647687,0.9789332757064021,0.9825419766330871,0.007648886417479297,Not Significant
NR3C1,-0.33658832554961293,0.00530300494410223,0.0076558429072636665,2.116006986569835,Not Significant
NR3C2,-1.9540247457437872,6.989006384261151e-23,1.8626256697102336e-21,20.72987441612571,Down
NRAS,0.8823900780388918,1.8244585294511476e-05,4.0244351271493016e-05,4.395295068930389,Not Significant
NRBF2,-0.0020472371624684627,0.989624933885754,0.9916705830053341,0.003632569521399285,Not Significant
NRBP1,0.5423025470853808,8.545616301786801e-06,2.0180154389170237e-05,4.695075515497115,Not Significant
NRBP2,-0.03661598629287255,0.7934550678855695,0.8144758868839644,0.08912176875050241,Not Significant
NRCAM,-0.03575338250454152,0.7103058548551944,0.7379211283707567,0.1319900546320565,Not Significant
NRDE2,0.2660107608390341,0.023447802965130826,0.030817112468457655,1.5112080566547315,Not Significant
NRF1,0.6396961859891555,0.000877119311307327,0.0014242051678194088,2.846427442698097,Not Significant
NRGN,-5.536064281260504,2.6230345459952272e-27,1.0124310351094222e-25,24.994634550425893,Down
NRIP2,-3.167355843849924,1.9050039776272546e-11,1.4257808373415275e-10,9.845947226551601,Down
NRIP3,-3.290164919429733,1.1455241015903255e-13,1.2147378736232567e-12,11.915517427679479,Down
NRM,2.9198587599231782,1.6071980533317173e-08,6.811490613909853e-08,7.166757837491559,Up
NRN1,-1.2261185406313118,0.0013136936934367187,0.002074968684177094,2.682988453357533,Down
NRP1,1.7287384205291758,8.806286375038305e-06,2.0693848598585464e-05,4.684158732645284,Up
NRP2,2.7792098899355633,1.196650629392296e-39,1.5455203128843577e-37,36.810925282599634,Up
NRSN1,-4.124029128061991,2.939310699022962e-26,1.038968981823064e-24,23.983397418009876,Down
NRXN1,-2.6634279956680196,1.0349711331840383e-23,2.9620168169590916e-22,21.528412480084963,Down
NRXN2,-1.5272310227329022,3.940028307612212e-13,3.879945764504929e-12,11.4111743451122,Down
NRXN3,-3.4721000467054335,6.415665178566893e-32,3.419651376131369e-30,29.466018166791766,Down
NSA2,0.19725015333607487,0.2895546046949722,0.3232819558569378,0.4904185350743604,Not Significant
NSDHL,0.1828489087479781,0.07521748947702238,0.09182513196698054,1.0370384388335778,Not Significant
NSF,-2.5584213123716175,6.961536863735143e-06,1.6733597589991865e-05,4.776410679150196,Down
NSFL1C,0.10593517257840901,0.036753309646672644,0.04692090246870868,1.3286336433295045,Not Significant
NSL1,0.18800388111754174,0.0015652445829531475,0.002440153811307646,2.61258279771995,Not Significant
NSMAF,0.6471968867720221,0.00041651443585987954,0.0007191030722969026,3.14320885576241,Not Significant
NSMCE1,1.122876325667793,1.2339203708070625e-06,3.4907368198568794e-06,5.457082893091426,Up
NSMCE2,0.33064423204354654,0.0007825807556049125,0.0012821139261609835,2.8920733825358,Not Significant
NSMCE4A,0.4455868224423227,5.140054571160501e-05,0.00010406131380601063,3.9827106953043026,Not Significant
NSMF,-1.2467701588940692,2.4290650758572535e-06,6.439579361627887e-06,5.19114250016972,Down
NSRP1,0.7488089786015664,4.368138760976089e-05,8.967725673134933e-05,4.047317685478424,Not Significant
NSUN2,0.7970085247578353,3.1226410142906157e-09,1.5420336067629244e-08,7.8119061612574034,Not Significant
NSUN4,0.19729018382183305,0.007686687370233482,0.010839262117543687,1.9650002813757146,Not Significant
NSUN5,0.7346152871465232,1.2241947485038892e-06,3.465169400513678e-06,5.460275529332115,Not Significant
NSUN6,-0.3865532958646227,0.004679786075424801,0.00680290980141839,2.1673052872352225,Not Significant
NT5C,1.6022841057436388,2.265034231761088e-06,6.062155911466844e-06,5.2173728982852925,Up
NT5C1A,-4.137444700512241,4.5006099807077915e-26,1.56882854483219e-24,23.804424517281166,Down
NT5C2,-0.3052752961219731,0.03050180402116425,0.039394253039642134,1.4045671298296363,Not Significant
NT5C3A,0.4118853071139128,0.0019678105723213014,0.0030247479560407656,2.51931080807304,Not Significant
NT5C3B,-0.2928432028016701,0.02522239466227512,0.033003039852936684,1.4814460561659288,Not Significant
NT5DC1,-1.908149338910965,1.3953218399107119e-12,1.2652090202754735e-11,10.897837720453834,Down
NT5DC2,2.239195814536302,1.0769042718753149e-15,1.4445717223531186e-14,13.840260890753727,Up
NT5DC3,-1.2259033857786683,2.035827616118983e-07,6.838588664482372e-07,6.16503351793943,Down
NT5E,1.4140879338011914,5.79187908551121e-06,1.4144821795743011e-05,4.8494025196536485,Up
NTAN1,0.0742567578361033,0.40186607725378437,0.43794881677354214,0.3585766426732923,Not Significant
NTHL1,0.18837469155043252,0.08382149136626972,0.10157797474122472,0.9932004503721462,Not Significant
NTM,-1.334966658685513,5.008169795533428e-16,6.968550071851348e-15,14.15685757502956,Down
NTMT1,0.5503870590730706,4.7574557066856457e-07,1.478759913272175e-06,5.830102330942223,Not Significant
NTN1,3.5381158375310395,4.0384856321774657e-14,4.560953392214774e-13,12.340944365734805,Up
NTN4,-2.4148787297837924,1.4412802086051927e-09,7.593858170234681e-09,8.119537518397124,Down
NTNG1,-1.2143631277922733,6.268005969557192e-07,1.8956437147198783e-06,5.722243284757024,Down
NTNG2,-1.7681705973435964,5.269062408602521e-07,1.6197905005877877e-06,5.790541152322971,Down
NTPCR,-0.14673440613187694,0.02081526662972632,0.02756941835759439,1.5595723962718766,Not Significant
NTRK2,-1.6072655546806516,2.6083067361234287e-08,1.0560341681284172e-07,6.976322029918148,Down
NTRK3,-1.7468642097408313,9.470083987975705e-22,2.3382751493840016e-20,19.63110438589093,Down
NUAK1,-2.5127249539839127,4.6902121062848515e-08,1.8027163967460356e-07,6.744072591090176,Down
NUB1,0.6378182546815552,3.2521602407147485e-13,3.2373776941660454e-12,11.489806629938379,Not Significant
NUBP1,1.4237877975245752,2.109232017245147e-09,1.0796175101456264e-08,7.966730080304893,Up
NUBP2,1.025919254890404,5.504673623388372e-08,2.0863085809636744e-07,6.680621455689769,Up
NUBPL,-0.0450096534190898,0.6076051063420065,0.6399387183783977,0.19386161280420222,Not Significant
NUCB1,0.5168173006857728,2.6414605915720065e-05,5.658617723874005e-05,4.247289644467187,Not Significant
NUCB2,0.14605675636267534,0.019729543394796253,0.026227951987223205,1.5812356200224167,Not Significant
NUCKS1,-0.358155263935064,0.009005142711303796,0.012557836056710193,1.901085190980717,Not Significant
NUDC,-0.36178547186093013,8.47229838672479e-05,0.00016505498732907663,3.782371348420774,Not Significant
NUDCD1,-0.165872038358426,0.16184714106671438,0.18781800473517804,0.7262627774462032,Not Significant
NUDCD2,-0.2942227635770518,0.017915293208372676,0.02396795003733683,1.6203691092931916,Not Significant
NUDCD3,-0.6886778238258131,7.960566640243431e-07,2.3462477569869023e-06,5.629626129555969,Not Significant
NUDT1,2.345936246711137,4.242963949945441e-11,2.9621357471760473e-10,9.528395042743032,Up
NUDT10,-1.4189942243033844,4.361047908265282e-05,8.954993197689451e-05,4.0479347397096515,Down
NUDT11,-1.2641172144136306,6.407682247440315e-05,0.00012757112838085718,3.8942476030728934,Down
NUDT12,-0.06625487865428781,0.5382512357675753,0.5728835656759169,0.24193363618752584,Not Significant
NUDT14,-1.044896923669672,1.2346188494853883e-05,2.8139254049130775e-05,4.5506874195750555,Down
NUDT15,-0.3012647073127859,0.07143324187079261,0.08744907991327802,1.0582447555470924,Not Significant
NUDT16,-0.2816103529647407,0.007821386883540966,0.011021492721330493,1.9577595818241451,Not Significant
NUDT16L1,0.4907692960153831,0.0005766892193059502,0.0009682611992146903,3.014007471125754,Not Significant
NUDT18,-0.3354848499212153,0.0050554097339548945,0.007319373046832654,2.135526117570304,Not Significant
NUDT19,0.7266878528184364,1.1560326966768816e-07,4.077686759916984e-07,6.389586138946436,Not Significant
NUDT2,-0.22836426481360306,0.1392312563804401,0.16339884398608498,0.7867510203387333,Not Significant
NUDT21,-0.4841237122577837,0.02992589211788063,0.03869012284336877,1.4123998913665685,Not Significant
NUDT3,-1.4307229903723986,5.971304406390538e-14,6.559969529986726e-13,12.183098177848327,Down
NUDT4,-0.5315274931984355,1.633816426672485e-05,3.6395999314883386e-05,4.438946351816851,Not Significant
NUDT5,0.36222691437986754,0.036589230441558186,0.04674231358635966,1.3302897953044583,Not Significant
NUDT6,0.15486545057988543,0.26424078300364456,0.29706077982130513,0.5271546832066215,Not Significant
NUDT8,0.4319966714572132,0.009797854860863686,0.013604905564209617,1.866304468443944,Not Significant
NUDT9,0.02287945814268255,0.7705522291387874,0.794203310450598,0.10006830701347186,Not Significant
NUF2,3.4485881977800865,5.022063139360137e-23,1.3455389379232452e-21,20.871103729873088,Up
NUFIP1,-0.20406185182110903,0.046088771293778634,0.058001034605062576,1.2365642595532325,Not Significant
NUFIP2,0.17471521414572067,0.02641520641827842,0.034474256957862,1.4625050856329824,Not Significant
NUMA1,0.32038614229690765,0.00522855064396047,0.007557018534757213,2.1216495126065054,Not Significant
NUMB,0.009363813327528447,0.9295190399816079,0.9381800229210217,0.027713818913412173,Not Significant
NUMBL,0.012398343946792068,0.9035889503098465,0.9150336836973657,0.038562918638860924,Not Significant
NUP107,1.3622346572692337,2.6757100762181737e-10,1.6189251235929058e-09,8.79077323720241,Up
NUP133,0.2113820687022674,0.00419731846162234,0.006153053868216451,2.2109092827720804,Not Significant
NUP153,0.3888444712070509,2.2460205493903717e-13,2.2878069782162394e-12,11.640580619665624,Not Significant
NUP155,0.7260473347053136,7.69536072830109e-08,2.814926070330617e-07,6.550533006734156,Not Significant
NUP160,1.4863609088719478,5.645212073223717e-06,1.3816779986796825e-05,4.859593157895706,Up
NUP188,1.4450736138788827,5.000388724040551e-08,1.911723567589545e-07,6.718574905862121,Up
NUP205,1.449067933144235,7.137769890382188e-13,6.745393421736412e-12,11.170992715242425,Up
NUP210,0.8700809026746441,2.194256358442915e-05,4.7619428166639214e-05,4.322215824083686,Not Significant
NUP214,0.6650688247198282,1.6751613238460564e-05,3.7228270850265105e-05,4.429127135085072,Not Significant
NUP35,0.5251511649581833,0.0004913817283196592,0.000835755450125316,3.077920782606608,Not Significant
NUP37,1.643649096672906,1.1427699540580838e-12,1.0513483577334371e-11,10.978253359353188,Up
NUP43,1.048428650038968,5.728851962950321e-10,3.2532387077092185e-09,8.487684069015282,Up
NUP50,-0.03191455678377153,0.7958329767639682,0.8161702521290188,0.08821923849150969,Not Significant
NUP54,0.5621817149922741,3.182777786216275e-07,1.0306429899820878e-06,5.98689174628926,Not Significant
NUP62,0.9514403490645407,4.619989928481025e-15,5.79598736482165e-14,13.23687256995625,Not Significant
NUP85,1.112681061729642,1.4294328772110193e-07,4.96384240090445e-07,6.304182015550438,Up
NUP88,0.5535889498103224,0.00010376347204088567,0.00019914521191462795,3.700830130952137,Not Significant
NUP93,-0.6307487800709666,3.0282323410646214e-05,6.421050853269837e-05,4.192393890555858,Not Significant
NUP98,0.8122799214407408,2.2144584934703535e-08,9.09064990351277e-08,7.041405067336898,Not Significant
NUPL2,0.6072425678175186,7.2523177176300666e-09,3.3315024481260965e-08,7.4773598632581395,Not Significant
NUPR1,2.3802026766808897,2.514542061362858e-06,6.64171387681422e-06,5.1777198376200895,Up
NUS1,-0.4473317931229879,0.00011240496394396233,0.00021468252965694791,3.66820329595636,Not Significant
NUSAP1,5.125166107922995,1.5861514667891664e-08,6.739304038985264e-08,7.171384950294711,Up
NUTF2,0.2553042025093113,0.025304861875007904,0.03310664656218566,1.4800848075685438,Not Significant
NVL,0.7314127822145764,0.000145754834368289,0.000272064888164933,3.5653275032778042,Not Significant
NWD2,-6.85738549731836,8.360134012004314e-38,9.154346743144724e-36,35.03837264163754,Down
NXF1,0.6687075081896339,0.0011007108226818061,0.0017609275572012888,2.7542585101059047,Not Significant
NXN,-0.1607151426481881,0.4848259158690534,0.5196995399515688,0.2842476676231353,Not Significant
NXPH1,-1.7903895994766863,2.9199395415630284e-07,9.528821166733382e-07,6.0209608236480765,Down
NXT1,2.2390896696010714,1.2335651777679664e-09,6.582063347899626e-09,8.181637942231427,Up
NXT2,1.3084799101543094,9.524786539466181e-06,2.2200994816886235e-05,4.65362756456719,Up
NYAP1,-2.39772425964226,8.018463839879099e-13,7.52823902357335e-12,11.123306600397617,Down
NYAP2,-5.268138995432258,1.0065415957094354e-32,5.895290718126077e-31,30.229494773407772,Down
OAF,-0.28234176999390925,0.3032993839462695,0.33746830062676375,0.47176701545350935,Not Significant
OARD1,0.34803158209668084,0.0015104547261122726,0.002359851257886947,2.627115369875103,Not Significant
OAS1,2.536123486818415,1.310341867273055e-07,4.58346665656554e-07,6.338805923672959,Up
OAS2,2.2571034789914712,2.4792344598795087e-06,6.5570511811042716e-06,5.183291426431942,Up
OAS3,2.48044598792959,3.750665610619668e-06,9.524629534001144e-06,5.021151907460005,Up
OASL,2.743695814414039,6.618795700895394e-05,0.0001314624366932575,3.8811983222106154,Up
OAT,-1.539012587196364,3.41959591689346e-05,7.178372424835323e-05,4.1439740135626675,Down
OBSL1,0.5660385446948588,2.999418657111765e-05,6.36129337931451e-05,4.196454574541493,Not Significant
OCIAD1,-0.6886765305737264,0.0019967827389685317,0.0030659334419096155,2.5134372774415703,Not Significant
OCIAD2,1.120425360700036,7.020757404014013e-06,1.6855841298388268e-05,4.7732495663628605,Up
OCLN,-0.5385946687767262,0.0004147545918629111,0.0007165559523970102,3.1447498919818937,Not Significant
OCRL,-0.690027221415388,7.371083768308784e-05,0.00014528721949118116,3.8377725876880757,Not Significant
ODF2,0.920682009487674,0.00027357497095873416,0.0004873553063551349,3.3121543009480416,Not Significant
OFD1,0.8863969482284908,0.0008042576197015957,0.0013135686220612638,2.8815472343327393,Not Significant
OGDH,-0.09440372706287548,0.19541280217558166,0.2239067981252058,0.6499327204297041,Not Significant
OGDHL,-3.8068859378965936,1.023298908384599e-43,2.863531445296236e-41,40.543098043406715,Down
OGFOD1,0.34031424591377046,0.012909065251549891,0.017595172959560763,1.7546064597174715,Not Significant
OGFOD2,1.077290176804011,3.311933120548249e-05,6.980002982511101e-05,4.156144391805515,Up
OGFOD3,-0.2147439064800487,0.024875453951069635,0.032582931101687106,1.4870098499222228,Not Significant
OGFR,0.0420465363465361,0.7625343461845031,0.7870667011744554,0.1039884611294983,Not Significant
OGFRL1,-0.7346951488369342,5.3893500580769377e-08,2.0472214360885018e-07,6.688835179677431,Not Significant
OGN,1.0524228641691504,0.10559257567303741,0.12622992848346729,0.8988376638379534,Not Significant
OGT,0.10845361242724039,0.4008376370265713,0.4370644393771706,0.35945452732531563,Not Significant
OLA1,-0.6342988715111524,0.017276438472256718,0.023171726956399172,1.63504159764354,Not Significant
OLFM1,-3.1891616916344994,7.333868360820888e-15,9.009925593525565e-14,13.045278795530892,Down
OLFM2,-0.14910205159918988,0.5956073790497415,0.6282878258164498,0.20184135542326404,Not Significant
OLFM3,-6.976758844513705,9.0033630141592e-26,3.0538679799542015e-24,23.51514974161381,Down
OLFM4,-1.7483447508051313,0.0003516222798058438,0.0006143327864661933,3.2115963061009474,Down
OLFML1,1.5446250194875102,6.955448656722984e-05,0.0001377146025311072,3.8610200070020135,Up
OLFML2A,1.8731219276546156,1.4339686393961961e-08,6.160255894787752e-08,7.210401247026157,Up
OLFML2B,3.0721629527967966,8.649736117835401e-06,2.0387796361973286e-05,4.690629712895424,Up
OLFML3,3.309753464126471,1.112096988500635e-10,7.246613882377359e-10,9.139864878356102,Up
OLIG1,0.332605763310724,0.17743432581586496,0.2046334743295963,0.689023322102301,Not Significant
OLIG2,1.4931948886084747,6.407465085836877e-05,0.00012757112838085718,3.8942476030728934,Up
OLIG3,0.9493436811019309,0.3591241830962936,0.39489583033911174,0.40351745190608806,Not Significant
OMA1,-0.2659653935759536,0.0005890420561361479,0.0009868634082014893,3.0057429538850666,Not Significant
OMD,-3.020036069821513,4.2270497289203e-08,1.6397111655426684e-07,6.785232646012294,Down
OMG,-2.479643933506946,1.256199500274076e-09,6.6816017770649645e-09,8.175119411843193,Down
OPA1,-0.9616215799668453,0.00013457028622296707,0.0002530672406865995,3.5967640702105688,Not Significant
OPA3,0.08975277626569955,0.42184840567544857,0.457991253235744,0.33914281611779973,Not Significant
OPALIN,-7.022429499192857,1.9999232210088656e-13,2.057939379820563e-12,11.686567422283582,Down
OPCML,-4.256283331295741,1.6006258655319518e-27,6.27420426823692e-26,25.202441346154053,Down
OPHN1,-0.2938045349110219,0.09144505649338704,0.11014078181664047,0.9580518450742048,Not Significant
OPLAH,0.3111554005209527,0.20332110694153185,0.2322813371885906,0.6339856825011442,Not Significant
OPTN,-1.9099038756851243,2.313262739115184e-15,2.987667799211072e-14,13.524667693667256,Down
ORAI1,2.117611118350732,8.172639205442527e-07,2.4045317568816597e-06,5.618969482783398,Up
ORC1,3.2295412512856476,3.123165857136737e-11,2.2369575649476533e-10,9.65034225438521,Up
ORC2,0.021572333513017128,0.7867632857775524,0.8085955254971499,0.09226866623914112,Not Significant
ORC3,-0.2882601452442408,0.020940918825325568,0.027721263632894844,1.5571869769359405,Not Significant
ORC4,-0.9315420378836485,0.00026870617704677704,0.00047893595675322574,3.3197225564981956,Not Significant
ORC5,-0.24693325714806846,0.10008707530331565,0.11996159388525898,0.9209577725642766,Not Significant
ORM1,3.5631122725628033,0.08471583307981037,0.1025630696365833,0.9890089895190991,Not Significant
ORM2,3.0888835313823857,4.0357062283513826e-09,1.953661919481587e-08,7.709150588624918,Up
ORMDL1,0.5862580762990142,3.7894604807056007e-05,7.880888704093357e-05,4.103424805667648,Not Significant
ORMDL3,-0.006146405390712317,0.9310868613499994,0.9394800722395727,0.027112427493393994,Not Significant
OS9,1.2941131093513398,4.9935018272501406e-15,6.233523842344227e-14,13.205266375068533,Up
OSBP,-0.11718507405909762,0.13038951235093008,0.1536488416684138,0.8134707094649563,Not Significant
OSBP2,-1.0905733380889444,2.3065721053040528e-08,9.434188952023155e-08,7.025295429765193,Down
OSBPL10,-0.8845807868906235,8.0959221676351e-11,5.397638644391528e-10,9.267796193510478,Not Significant
OSBPL11,0.5917544961564154,4.336310898409046e-05,8.90601345373552e-05,4.050316653143861,Not Significant
OSBPL1A,-2.0136593242928917,1.9033533430773196e-10,1.1836038011210443e-09,8.926793648780714,Down
OSBPL2,-0.18807778488818983,9.92894420482853e-05,0.00019110466931494577,3.718728701574284,Not Significant
OSBPL3,0.8988281700124539,4.5166745811824025e-07,1.4117586016392033e-06,5.850239557490101,Not Significant
OSBPL5,0.13889415321111898,0.17331671863374234,0.20029742153450963,0.6983246414230588,Not Significant
OSBPL6,-0.545761897143624,1.3653009169743205e-05,3.082483513581198e-05,4.51109923751564,Not Significant
OSBPL7,0.14485467729052992,0.4202256282310584,0.45647541285310356,0.34058260991455425,Not Significant
OSBPL8,-0.40590038732980815,0.01083386297716326,0.014944589296445664,1.8255160156356227,Not Significant
OSBPL9,0.7773419339258432,1.4448331296565993e-05,3.2445940588855506e-05,4.488839631379518,Not Significant
OSCP1,-0.6430491095210762,7.916031743009388e-06,1.882580353613706e-05,4.725246477870279,Not Significant
OSGEP,0.5376944462013924,0.007569568433290751,0.010689070983595601,1.9710600388726736,Not Significant
OSGEPL1,0.49985709650092147,2.3445073687549277e-05,5.065101272321926e-05,4.295411866874108,Not Significant
OSMR,2.5643619960330284,0.0004918330358722675,0.0008363818371669857,3.0775954068727795,Up
OSTC,1.5933162021498006,4.372937241395038e-09,2.1057824937769415e-08,7.676586489100561,Up
OSTF1,-0.544676112590885,0.009592180818585897,0.013335858344801867,1.874979026287251,Not Significant
OSTM1,0.3010593016192793,0.0271899478641709,0.03541862844305262,1.4507682605131638,Not Significant
OTUB1,-0.7813737069751951,2.7399752666489078e-05,5.847209445545521e-05,4.233051349566931,Not Significant
OTUD3,-0.6085801876161447,0.00029263273611084884,0.0005186457043597275,3.2851292147617612,Not Significant
OTUD4,0.12562073330481738,0.22752160237121796,0.258114034041402,0.5881883815815006,Not Significant
OTUD5,-0.28904147134403146,0.002979056222819072,0.004454886203373576,2.351163385202443,Not Significant
OTUD6B,0.39354416090170474,4.1517395630811956e-10,2.4134232174541238e-09,8.617366513611987,Not Significant
OTUD7A,-3.06723620939618,3.51693144677508e-39,4.374020666026192e-37,36.359119169373386,Down
OTUD7B,0.25233358711593823,0.12408514877246891,0.14682097589075074,0.8332118935831924,Not Significant
OTULIN,1.0181547285252144,7.702679843184838e-06,1.835307396883729e-05,4.736291185041502,Up
OVCA2,0.0,1.0,1.0,-0.0,Not Significant
OXA1L,0.7534649850965849,1.1699680100244636e-14,1.4031259205936248e-13,12.85290335237504,Not Significant
OXCT1,-1.5250470199979276,9.608102439586514e-06,2.2374485431436557e-05,4.650246943804559,Down
OXLD1,0.6285696048751817,2.9666614687371748e-06,7.710564405587797e-06,5.112913830864619,Not Significant
OXNAD1,-0.08325865920667397,0.1605981502475116,0.1864545079628249,0.7294271121164989,Not Significant
OXR1,-2.38365914554101,6.152866046612473e-07,1.8641796256714002e-06,5.729512242905121,Down
OXSM,0.6385688597156687,0.0001663268191356959,0.0003072197242341402,3.512550905010779,Not Significant
OXSR1,0.3713147135065249,5.278534207650592e-10,3.016219716839028e-09,8.520537025423225,Not Significant
P2RX4,1.3217174617828924,6.955394678095113e-09,3.211212006742904e-08,7.493331021023617,Up
P2RX7,-0.2072131999690292,0.4178153917736552,0.454004126494208,0.3429401997739098,Not Significant
P2RY1,1.651276663207497,0.00032307984895331833,0.0005682099159140589,3.24549119161065,Up
P2RY12,0.21183215729718796,0.5981387864980343,0.6306939643271088,0.2001813251379213,Not Significant
P2RY13,1.4526139989660631,0.0019344667131083741,0.0029767360652204504,2.5262596707277694,Up
P3H1,1.5547341482200476,6.595491697144762e-06,1.591448703162547e-05,4.798207355341741,Up
P3H2,1.5730123681924546,1.129821948978534e-07,3.9936232680735974e-07,6.398632905993512,Up
P3H3,-0.1666276973566383,0.5068844741694635,0.54188285535584,0.2660945894233739,Not Significant
P3H4,1.6421312140369633,1.8280832799418128e-07,6.200710761661219e-07,6.207558526279908,Up
P4HA1,1.3055511515913274,4.418930801878575e-05,9.060921819280432e-05,4.042827616819697,Up
P4HA2,0.5153298199908996,0.003694811262780985,0.00545530245658151,2.2631811659586907,Not Significant
P4HB,1.8857017539300642,2.6955576370148993e-20,5.90327122506263e-19,18.228907262714422,Up
P4HTM,-0.469319637914122,3.07732017001428e-06,7.963247724819897e-06,5.098909773806725,Not Significant
PA2G4,0.3863248445991232,0.0011551938456780837,0.0018427287441711614,2.7345385896750454,Not Significant
PAAF1,-0.3023649051141213,0.004349485692449854,0.006365008551095268,2.1962010085553385,Not Significant
PABPC1,1.027484770189492,8.04140265859978e-11,5.368395651605976e-10,9.270155484087732,Up
PABPC1L2A,-8.727914517340793,8.586000371543444e-33,5.087962808407568e-31,30.293456071919863,Down
PABPC4,0.8738493331476107,1.805292473850085e-22,4.6751970132559784e-21,20.330200083194217,Not Significant
PABPN1,-0.09310484662065477,0.41504331142236656,0.4513327201283377,0.3455031804260616,Not Significant
PACS1,-0.6768585959798799,6.150252351270783e-05,0.00012278565633512062,3.9108523639631496,Not Significant
PACS2,-0.5792141572327694,0.0009641294529530367,0.0015570118802579178,2.80770807368058,Not Significant
PACSIN1,-7.203807450495303,2.016570539785101e-49,2.5393664522243884e-46,45.59527462220814,Down
PACSIN2,0.8104068015065522,2.0114584704270978e-11,1.4998839845360903e-10,9.823942332160563,Not Significant
PACSIN3,-0.033143710515131986,0.8735007797278891,0.8880435227945054,0.05156574903412526,Not Significant
PADI2,-0.22640608374001303,0.33063747227951407,0.3657854047599193,0.43677362734152275,Not Significant
PADI4,-1.5235787993541248,0.01409283342197214,0.019131007127468985,1.718262166491824,Down
PAF1,0.6760636251504906,2.9291184035184645e-05,6.225303543680383e-05,4.205839467664928,Not Significant
PAFAH1B1,-1.0644995862044127,0.00014085579311002414,0.00026386991481058397,3.578610123143247,Down
PAFAH1B2,-0.4515727779522827,0.0032483138302158384,0.004830751922880773,2.3159852645814385,Not Significant
PAFAH1B3,0.9053512381121003,3.699104833379098e-08,1.4522518352089258e-07,6.837958066033964,Not Significant
PAFAH2,1.0922853897157339,1.1201609951919901e-06,3.1913184008948273e-06,5.496029863668202,Up
PAG1,0.8608913072756863,1.3560576841667268e-08,5.865575401586778e-08,7.2316893780111,Not Significant
PAGR1,0.5370871446029497,0.020771049079435385,0.027518088956632308,1.5603817297536586,Not Significant
PAICS,1.091360825580967,4.9709942205652425e-15,6.213126027043953e-14,13.206689837068575,Up
PAIP1,-0.015599616934292015,0.900374876462655,0.9121456662796447,0.03993580091520021,Not Significant
PAIP2,-0.6251268029277206,0.002074031860593784,0.00317486658009752,2.4982745206853627,Not Significant
PAIP2B,-3.4451778204765624,1.0876778205805646e-08,4.8269895878980645e-08,7.316323637979172,Down
PAK1,-2.697519636376178,1.3629681433744428e-06,3.822533707225539e-06,5.4176486762760065,Down
PAK1IP1,0.4445687735087631,0.00017369525749841885,0.00031989141207295637,3.4949974189949486,Not Significant
PAK2,0.6874699607885333,6.156424130017236e-06,1.4926550345558036e-05,4.82604054987677,Not Significant
PAK3,-3.798047195925454,1.6333173445633992e-15,2.1424529855640212e-14,13.669088699549055,Down
PAK4,0.7947082049988783,0.00029456916637248036,0.0005218940875899345,3.282417623132297,Not Significant
PALD1,1.5542902181693705,2.5486111762006948e-09,1.2830939025010394e-08,7.89174155886613,Up
PALLD,1.4135243306725016,0.00011297477822134946,0.0002156324205763309,3.6662859419135465,Up
PALM,-2.6310929601116513,1.2078478453551083e-13,1.2781364699692606e-12,11.893422772945714,Down
PALM2,-2.4760220691613934,3.2203487809926133e-19,6.262894521181388e-18,17.203224902565758,Down
PALM2-AKAP2,-0.11383309485569804,0.5642483176530632,0.598277818338802,0.22309709869838193,Not Significant
PALM3,0.42072531697493787,0.005844010625303421,0.008384016382698187,2.0765478817309986,Not Significant
PALMD,0.9445627016455944,1.3668073901839684e-05,3.085193288979005e-05,4.510717622001125,Not Significant
PAM,0.6737548958738131,0.004467345086745781,0.006525160853106712,2.185408777973498,Not Significant
PAMR1,0.31593503865219574,0.2004640001802074,0.22925125869172544,0.6396882711808634,Not Significant
PAN2,0.7902906912613155,0.0036591678086808186,0.005405844919291768,2.2671364173242874,Not Significant
PAN3,0.46999646009027884,0.00014893112164524549,0.0002775309136985207,3.556688634519954,Not Significant
PANK1,-1.75643692421278,9.859595576973807e-11,6.508883738036313e-10,9.186493485775712,Down
PANK2,0.1590473214567858,7.822248934523997e-05,0.00015325036127264636,3.8145984930018355,Not Significant
PANK3,-0.41402950139872274,0.0003077612948117539,0.0005433556403669135,3.2649158203352275,Not Significant
PANK4,-0.3133544325384392,0.0002517754965554871,0.00045051267358791773,3.3462929871668736,Not Significant
PANX1,0.187229984344377,0.3640135900238768,0.3998988992257944,0.39804979131739426,Not Significant
PAOX,-0.1900583954732067,0.19328729268048375,0.22167306312194823,0.6542870775136127,Not Significant
PAPLN,-0.2048670684213647,0.4110493993325,0.4474242732442577,0.34928045866119595,Not Significant
PAPOLA,0.09166086885231195,0.32567502283168764,0.36053298681389245,0.44305499353580374,Not Significant
PAPOLG,-0.371206352821396,0.00015342433470530157,0.0002853233796974724,3.544662640338759,Not Significant
PAPSS1,0.06193244065189063,0.6639220423489326,0.6936683939663085,0.15884809307252026,Not Significant
PAPSS2,0.3381264867302072,0.14581465056555543,0.17050920369093506,0.7682521738309739,Not Significant
PAQR4,0.2057453690574924,0.23205388298702803,0.26304836471377524,0.5799643937261313,Not Significant
PARD3,0.4853409524709207,0.016688391846447596,0.02240688517407878,1.6496185114136082,Not Significant
PARD3B,1.1764238226263828,1.6869662140896153e-05,3.74740852055982e-05,4.426268960081016,Up
PARD6A,-1.6459893945361301,6.645850542064398e-08,2.4686688186119746e-07,6.607537168430396,Down
PARD6B,-0.27937003785146075,0.00039920246524472033,0.0006911094062339426,3.160453196095281,Not Significant
PARG,-1.229012359666946,2.7440239217189734e-09,1.369836322467638e-08,7.8633313222565615,Down
PARK7,-0.032555245818112866,0.7868719398539574,0.8086246987747391,0.09225299763286568,Not Significant
PARL,0.24141071540580583,0.11364308167804998,0.1354039508958812,0.8683686633669272,Not Significant
PARN,0.24864134894984957,0.00024564165330344915,0.00044055439120152155,3.356000465593723,Not Significant
PARP1,0.5503025784071731,4.190734079753017e-07,1.3209466558019992e-06,5.879114720279953,Not Significant
PARP10,2.096875177332782,7.632590305432933e-07,2.260162102790458e-06,5.64586041137352,Up
PARP12,2.1131986936992426,1.6696724476670768e-07,5.705658153934237e-07,6.243694252010763,Up
PARP14,2.210069378445702,8.14156099285926e-06,1.933476790241966e-05,4.713661036898565,Up
PARP16,0.42845902566694605,0.0073423241000400595,0.010385646304942932,1.983566471884153,Not Significant
PARP2,-0.5333116811521954,0.0012144361545789266,0.001930229539397087,2.7143910424088276,Not Significant
PARP4,2.068491410528832,2.406060030569462e-07,7.960147372071187e-07,6.099078891774287,Up
PARP9,2.398558257773743,1.3004474241696966e-05,2.948299742207549e-05,4.530428365531696,Up
PARS2,0.6711285916685981,1.8652253114348517e-08,7.777433686835553e-08,7.109163683152615,Not Significant
PARVA,-0.08983240384813129,0.44711109131716315,0.4828684749066361,0.31617114751124686,Not Significant
PARVB,-1.1733465890160577,3.7154525144492913e-13,3.673156882292656e-12,11.4349605223329,Down
PARVG,2.515441638734311,9.429406154976773e-08,3.3865182746964715e-07,6.4702465764644055,Up
PASK,-0.4178394045620486,0.1052221278031199,0.125816939523873,0.900260883163566,Not Significant
PATL1,0.9896558486367866,1.7663255670977152e-07,6.013505834046091e-07,6.2208722633596665,Not Significant
PATZ1,0.7576477876284393,2.0069790100536873e-05,4.39051173665165e-05,4.357484857559329,Not Significant
PAWR,0.0159604924962764,0.9368657071525077,0.9443651324649152,0.024860056173604747,Not Significant
PAX6,-0.1489993593220511,0.5449718145750972,0.5795467180438646,0.23691154922436067,Not Significant
PAXBP1,1.628734458032497,3.033114413473818e-06,7.865017915401606e-06,5.104300283777986,Up
PAXIP1,1.158025963426704,3.32125370604487e-07,1.0703234112186828e-06,5.970484975132246,Up
PBDC1,1.202995087200339,8.669582038631571e-13,8.071845606023516e-12,11.093027153645934,Up
PBK,7.313647115435423,2.073724899152181e-08,8.582869611363629e-08,7.066367485109399,Up
PBLD,0.08206242786401852,0.5975872706267037,0.630244363933565,0.20049102938574398,Not Significant
PBRM1,0.5738821704164287,2.4569295832729325e-12,2.1337162605078896e-11,10.670863333125526,Not Significant
PBX1,-0.5022419221836536,1.1109727166857659e-06,3.1669324130991523e-06,5.499361204999196,Not Significant
PBX2,-0.10622549305464801,0.02540746376794338,0.03322362279312845,1.4785530126648774,Not Significant
PBX3,1.872467168574218,1.88943209814319e-18,3.35699099765335e-17,16.474049823385503,Up
PBXIP1,0.3354677447592671,0.12060156214581155,0.14296777324745888,0.8447618469972228,Not Significant
PC,-1.1640565170555561,5.850366849093786e-10,3.3147691584797976e-09,8.479546710604357,Down
PCBD1,-0.4765793184195388,0.001098515733486276,0.0017576949649207028,2.7550564913476268,Not Significant
PCBD2,0.8404707725726386,0.00012655588108305733,0.00023937738378346219,3.620916883846158,Not Significant
PCBP1,-0.13684527338762464,0.1359947679157179,0.15993594349555712,0.7960539233233618,Not Significant
PCBP2,0.3830882377117284,0.00041420667989476004,0.0007158548796122513,3.1451750103338934,Not Significant
PCBP3,-1.9268388223861663,2.633215356914808e-12,2.2614673065268353e-11,10.645609686360523,Down
PCBP4,0.3466333915114568,0.01789749807072101,0.023947323092634275,1.620743026344313,Not Significant
PCCA,-0.6800581215575718,7.668929441158925e-20,1.592923612169794e-18,17.7978050500674,Not Significant
PCCB,0.08656964850658966,0.17065635852213976,0.19740408264462464,0.704643869641575,Not Significant
PCDH1,-0.8424966453252871,1.3708341227569457e-11,1.0509728274469918e-10,9.978408512366034,Not Significant
PCDH10,-1.22256679759748,1.3022968053238509e-14,1.5525843806902336e-13,12.808944787240078,Down
PCDH12,3.2658216855723925,3.969593679364221e-08,1.5481876394082527e-07,6.810176404233826,Up
PCDH17,0.2127044631739956,0.21848480972680592,0.2485338723111837,0.6046144135489555,Not Significant
PCDH18,2.005861815872663,1.2000700005102974e-09,6.416934811645827e-09,8.192672372596967,Up
PCDH19,-1.8084152428328562,7.552912050092499e-12,6.005369849457919e-11,10.221460240778562,Down
PCDH7,-3.139090970417051,4.8893424988551205e-26,1.6984564252919475e-24,23.769945590682685,Down
PCDH8,-2.5101518160867755,1.1388537723235911e-05,2.613992458962829e-05,4.582695669638242,Down
PCDH9,-1.018862178111391,4.204926412204535e-08,1.6336455332259345e-07,6.78684217036418,Down
PCDHAC2,-1.8740605262434933,2.5766556267961296e-09,1.2959175628729012e-08,7.887422624335883,Down
PCDHB16,1.4965933819514703,4.5180748965383365e-13,4.414654365443957e-12,11.355103292778695,Up
PCDHB4,-0.33567815989049166,0.0533681944205858,0.06656322775696191,1.1767656265753665,Not Significant
PCDHB5,0.9139580032866803,1.9072728258260977e-05,4.186939735753347e-05,4.3781032900326124,Not Significant
PCDHGA10,1.0657649371324123,0.0003024308623292789,0.0005345067556324835,3.2720468013712587,Up
PCDHGA9,0.8224510504411846,1.728447528846401e-06,4.731625110217023e-06,5.324989672119714,Not Significant
PCDHGB1,0.6233471066596756,0.0016329847058931225,0.00253633794745102,2.5957928805478687,Not Significant
PCDHGB2,1.697319188096298,1.746525361891162e-07,5.948105644250023e-07,6.2256213265812566,Up
PCDHGB7,1.3984059568874851,1.6563578182920714e-06,4.552837288260389e-06,5.34171787046347,Up
PCDHGC3,1.481868480817365,1.2355095655696452e-09,6.588948313154371e-09,8.181183899251657,Up
PCDHGC4,0.5094786980188211,3.0493372393584645e-05,6.459004068397219e-05,4.189834441903374,Not Significant
PCDHGC5,-0.8244652580745822,0.00032430338153455126,0.0005702622212566013,3.2439253986117174,Not Significant
PCF11,0.5512116538808804,1.7719722206027185e-06,4.83238986203351e-06,5.315838035458991,Not Significant
PCGF2,0.0477880032126734,0.7752664027979916,0.7984086834785287,0.09777474831599972,Not Significant
PCGF5,-1.452694743577478,1.1027845884948515e-18,2.0235795891615908e-17,16.69387970975329,Down
PCGF6,-0.08196680301086268,0.3734546121105187,0.40928870348143664,0.3879702418765484,Not Significant
PCID2,0.271211440117618,0.11928140145050357,0.1414194231154964,0.8494909386821019,Not Significant
PCIF1,0.4549126112454047,0.0007269893125435376,0.0011974640834799867,2.9217375038677837,Not Significant
PCK2,1.5175284797150237,4.362420472147167e-11,3.0350154583156466e-10,9.517839092580786,Up
PCLO,-5.1084104042758725,5.1247048189250775e-48,5.1626276345851226e-45,44.28712919822933,Down
PCM1,-0.07110611744703377,0.2216924375384563,0.2520119178246907,0.598578920634675,Not Significant
PCMT1,-1.5065169892854087,0.00032736789735903827,0.0005748482130024319,3.2404468143672887,Down
PCMTD1,-0.5820094312956954,3.45916342972185e-07,1.109090146117693e-06,5.955033153246337,Not Significant
PCMTD2,0.418757442267367,0.00016480605761554749,0.0003047460030137712,3.5160619817898002,Not Significant
PCNA,2.090927596627555,9.944498605845759e-14,1.061238124526379e-12,11.974187156565678,Up
PCNP,-0.757036397216762,1.306478659921228e-05,2.9602937516973575e-05,4.528665191504796,Not Significant
PCNT,-0.6790721173137086,0.002772350257252918,0.004169078443284953,2.379959933330096,Not Significant
PCOLCE,3.70749816564407,7.687210108155535e-11,5.155855834191668e-10,9.287699234703114,Up
PCOLCE2,2.8345929063051276,4.2566412785698715e-20,9.027664050592185e-19,18.044424610835826,Up
PCP4,-3.094313030876121,2.4159215626230175e-11,1.772614262335344e-10,9.751385760713395,Down
PCP4L1,-4.414935105448661,1.020467130033742e-16,1.5435714516456334e-15,14.81147326230291,Down
PCSK1,-1.725290458159762,0.00022453027618478386,0.00040557970275874355,3.3919237874036274,Down
PCSK1N,-1.3292337063849722,1.0624868047552509e-05,2.4504331664616298e-05,4.610757138012702,Down
PCSK2,-5.399203109531047,2.8401556443703463e-30,1.3689821991094195e-28,27.863602198965218,Down
PCSK6,-1.5990940332235724,0.0001344301548753481,0.00025289451413170285,3.5970605914075544,Down
PCTP,0.6018081119825229,0.00029607328266400656,0.0005242823430404645,3.2804347683576482,Not Significant
PCYOX1,-0.7476080355033368,1.1418291276634295e-05,2.6202247453488358e-05,4.581661456207456,Not Significant
PCYOX1L,-0.08035616937292289,0.3286074595267689,0.36357952194098514,0.43940058573192425,Not Significant
PCYT1A,0.6138932627977383,1.639099663425409e-12,1.4608013526444414e-11,10.835408837670027,Not Significant
PCYT1B,-1.0097603363235272,1.898493027860076e-13,1.969662076484285e-12,11.705608276836731,Down
PCYT2,-0.6220597271900559,9.532789516414508e-06,2.221450881063145e-05,4.653363285087558,Not Significant
PDAP1,0.8725987244604596,3.95340378347178e-07,1.2508351041047333e-06,5.9027999389856705,Not Significant
PDCD10,-0.14985135745525824,0.15701162556421064,0.18266949023372883,0.7383339831872073,Not Significant
PDCD11,0.4850211798683297,8.93234351728384e-16,1.2110959433797765e-14,13.916821450556448,Not Significant
PDCD2,0.7117829728101697,7.31547829228304e-08,2.68865845736809e-07,6.57046436308024,Not Significant
PDCD2L,0.17459770591617563,0.15418641414781925,0.17965231738666795,0.7455671763343599,Not Significant
PDCD4,-0.3591748592284567,0.00412806631573018,0.00605682203097376,2.217755187126126,Not Significant
PDCD5,0.35125450424630245,0.0005237093693058113,0.0008855065771041865,3.052808208737659,Not Significant
PDCD6,0.4210057119441437,0.0009757452974353131,0.0015745087500181555,2.8028549215158196,Not Significant
PDCD6IP,0.36411152139891456,0.0005176645337583647,0.0008766099366417492,3.057193610793374,Not Significant
PDCD7,-0.42341161998920285,0.0008989302377295069,0.0014568570165519712,2.8365830700348407,Not Significant
PDCL,0.3660788385889333,0.00015081324147413463,0.00028088234324467225,3.5514755604510433,Not Significant
PDCL3,0.4723771678882862,0.01286486669519713,0.017537302718188888,1.7560372014309453,Not Significant
PDE10A,-2.2938993025221066,2.1956915651554003e-29,9.874730726506921e-28,27.005474738292552,Down
PDE12,-0.06821427910224998,0.1811710238329368,0.2086324753192736,0.6806180892258219,Not Significant
PDE1A,-3.9214858959135075,1.342182337845e-12,1.223633020040772e-11,10.912348811984835,Down
PDE1B,-3.4381819000508766,2.353270469006263e-24,7.119173184615344e-23,22.147570442066797,Down
PDE1C,-1.0061556782914707,0.00024657548652271243,0.0004420718012510776,3.354507186862132,Down
PDE2A,-3.984097446460792,7.52631567380459e-46,4.070466766822356e-43,42.39035578668828,Down
PDE3A,1.0724321092051916,0.0001765464172633447,0.0003245490159691486,3.4887197033093686,Up
PDE4A,-2.667127631128361,6.611367185132061e-12,5.3070050217546123e-11,10.275150501419176,Down
PDE4B,0.8368263518643886,1.0961060266473614e-08,4.855836461057836e-08,7.313735948221132,Not Significant
PDE4C,-1.954213556699873,7.203911553075767e-09,3.3137993144148527e-08,7.479673796242965,Down
PDE4D,-1.1371900693612673,1.9512459284326823e-16,2.852953771122038e-15,14.544705265535095,Down
PDE4DIP,-0.8046931111415034,2.4803170555741546e-07,8.195052154101028e-07,6.086448278192785,Not Significant
PDE5A,0.8029812664645952,0.013182413870619088,0.01794832238581115,1.7459761383187387,Not Significant
PDE6D,0.11029749810393241,0.07680325235869827,0.09368155518362106,1.0283459082638444,Not Significant
PDE7A,0.40253936839976845,0.005787969273448558,0.008309534339564025,2.0804233130900402,Not Significant
PDE7B,-1.0385549508799095,2.14577668595029e-05,4.663413488199324e-05,4.331296075499422,Down
PDE8A,0.5195283016548125,0.026087659342624234,0.034068846281772945,1.4676425732693255,Not Significant
PDE8B,-1.3456078276013592,7.950894808339931e-13,7.478740830925908e-12,11.126171516602609,Down
PDF,0.9650236153623464,0.00011484029204689795,0.00021873720969567973,3.6600773322301645,Not Significant
PDGFA,1.0839956098203132,1.3053439003410182e-08,5.685272136634421e-08,7.245248742126647,Up
PDGFC,1.3677574823457217,1.0428049771769165e-10,6.852718421448308e-10,9.16413711299854,Up
PDGFRA,1.1770564512684594,2.0364735174060166e-05,4.447308522512077e-05,4.351902741255628,Up
PDGFRB,0.5180959653822335,0.04183752258359492,0.053015245598381784,1.2755992223398316,Not Significant
PDHA1,-0.5636042146990583,0.0001666753189087661,0.00030780699590960764,3.5117215136455058,Not Significant
PDHB,-0.05915662914386388,0.7202757738499244,0.7475077929086369,0.12638427537868013,Not Significant
PDHX,-0.8439546082473193,2.5694099521204945e-05,5.5166743089645914e-05,4.258322654975505,Not Significant
PDIA2,-3.312369022848845,1.609539534465145e-08,6.815679390585065e-08,7.166490846964155,Down
PDIA3,1.310578497478435,1.9910805055417602e-12,1.7610311688171812e-11,10.754232957306138,Up
PDIA4,2.7044251590957593,3.242114435556055e-16,4.6262125812736114e-15,14.334774414636549,Up
PDIA5,1.5714972434479364,2.115024517659059e-06,5.68938771452533e-06,5.2449344693713735,Up
PDIA6,1.481529756060631,3.2534549002294247e-16,4.635828099704558e-15,14.333872676404273,Up
PDK1,0.5969862154391095,0.0011911563979305926,0.0018956887129151325,2.7222329757333394,Not Significant
PDK2,-1.1301849315651396,3.2700099492393654e-13,3.2519328952258014e-12,11.48785842480424,Down
PDK3,-0.9146290727228319,0.00033688318430212966,0.0005906302120883491,3.2286843416451227,Not Significant
PDLIM1,2.934372307796485,6.646223501936134e-05,0.00013198118580426692,3.879487973974076,Up
PDLIM2,0.5934927654031252,0.002927968148887563,0.004386074517753652,2.3579239940961845,Not Significant
PDLIM3,2.517246926709399,2.6700926411037592e-08,1.0789616232041424e-07,6.966994002144777,Up
PDLIM4,2.2554397483831146,6.857192464401843e-05,0.00013587599702278555,3.866857256153815,Up
PDLIM5,1.423556489862925,7.700873110677692e-07,2.2777039259238715e-06,5.6425027296398325,Up
PDLIM7,1.714022592166348,1.29218660431101e-06,3.6443135083508155e-06,5.438384269160582,Up
PDP1,-2.5575885057423626,2.3496855885154e-07,7.788987370419264e-07,6.1085190003537875,Down
PDPK1,-1.2455557266674582,1.2721496047999167e-19,2.5942581212053363e-18,17.585986815052976,Down
PDPN,4.446516101413854,4.3713570667381036e-27,1.6555282364781824e-25,24.78106340757752,Up
PDPR,0.6324423497877625,0.001662871629496609,0.002580371040595939,2.5883178408207557,Not Significant
PDRG1,0.7030440977567665,9.018178392969942e-09,4.0721259135266335e-08,7.3901788017163925,Not Significant
PDS5A,0.459795306470955,0.0005224218272375219,0.0008839229908617392,3.053585569942405,Not Significant
PDS5B,-1.3150550510602272,5.297300581600078e-08,2.014534015063767e-07,6.695825395225328,Down
PDSS2,0.6423867980051448,1.2095597458945873e-06,3.4275963094633114e-06,5.465010333451407,Not Significant
PDXDC1,0.008304225584094382,0.8999028042312929,0.9118589998444561,0.04007231114928736,Not Significant
PDXK,-1.5118687258168038,1.2976488636705888e-07,4.542221908484194e-07,6.342731652310034,Down
PDXP,-2.21521605717297,1.9927635817023603e-06,5.399435266828826e-06,5.26765166116325,Down
PDYN,-2.1618579990409206,8.572451126878741e-06,2.0234037641091012e-05,4.693917446429454,Down
PDZD11,0.38716179068976686,0.009660636888350274,0.013427325608890818,1.8720104794356678,Not Significant
PDZD2,-1.454271644330202,6.001995821583005e-11,4.1048272849034076e-10,9.386705111575337,Down
PDZD4,-2.7636232446188913,9.164834990247392e-15,1.1096940828335605e-13,12.954796729725585,Down
PDZD8,-0.9232470112668132,2.27990726120085e-08,9.332704489775442e-08,7.029992485429719,Not Significant
PDZRN3,-0.41083596114597754,0.0009304474162818598,0.0015069657992963755,2.8218966039198787,Not Significant
PEA15,-0.07542796083364323,0.32631700452531365,0.3612039889669278,0.4422474621881017,Not Significant
PEAK1,0.19260447935130287,0.04210426490404408,0.05332642250984914,1.273057550694512,Not Significant
PEBP1,-1.2323566921903932,7.127838267176213e-05,0.00014090461607838594,3.8510747790373236,Down
PECAM1,1.1332217061608567,0.0004167754832958016,0.0007194304692806554,3.143011172911394,Up
PECR,0.3851306118883606,7.943738508594937e-05,0.00015538878006909787,3.808580342870972,Not Significant
PEF1,0.05092425562731151,0.6810439757067586,0.7100110743319762,0.14873487736013627,Not Significant
PEG10,-0.8140550692152608,0.0019345534066903206,0.0029767360652204504,2.5262596707277694,Not Significant
PEG3,-2.72206396625997,8.667449017240225e-10,4.776579945277791e-09,8.320882949101636,Down
PELI1,1.0738717088491256,1.635980138477648e-07,5.605736025518309e-07,6.2513673570502215,Up
PELI2,0.4722895952333417,0.007552941176286215,0.010667086697028927,1.9719541751550318,Not Significant
PELO,0.29511069662660105,0.005030258536272497,0.007285052400001313,2.137567320084852,Not Significant
PELP1,-0.6484518725599955,1.3688722767889914e-08,5.910852685971839e-08,7.228349864279395,Not Significant
PENK,-1.7570709412004497,0.0038681192881271404,0.005696993232250411,2.244354296463637,Down
PEPD,1.236753149612987,1.8470996183449902e-08,7.714627510450842e-08,7.112685038370907,Up
PER1,0.0064166152049836,0.9655126543848872,0.9706191478169198,0.012951145424191268,Not Significant
PES1,0.9095790191205246,2.8828493899748347e-07,9.42304502096252e-07,6.0258087339259925,Not Significant
PET100,0.23356106366491858,0.0010441421577785152,0.001677086750232902,2.7754444721744567,Not Significant
PET117,-0.5059742946310735,0.007628143572412072,0.010761226487673886,1.9681382280680007,Not Significant
PEX1,0.30327818185842403,0.008661579668483164,0.012120676980177717,1.9164731226990475,Not Significant
PEX10,0.8962891831806026,1.535228070689542e-05,3.434574191456017e-05,4.46412709783699,Not Significant
PEX11B,-0.43864838812157814,0.030190858525569523,0.03901266146569874,1.4087944208638268,Not Significant
PEX12,0.5403270193813636,1.1659150634811067e-05,2.6700223572422523e-05,4.573485102086253,Not Significant
PEX13,0.06920845834488532,0.2668344325054257,0.2998092876488578,0.5231549174778293,Not Significant
PEX14,-0.44987087584431507,8.545663006809712e-05,0.0001663234334053343,3.7790465584673503,Not Significant
PEX16,-0.13391942935781032,0.10524579481130973,0.12583030345705368,0.9002147560343863,Not Significant
PEX19,-0.3414911288446554,0.0025184426708237386,0.0038127333998899744,2.4187635611057017,Not Significant
PEX2,0.4706648922822616,4.491022864840838e-12,3.717548425670222e-11,10.429743365545919,Not Significant
PEX26,-0.5552702617661822,1.7526494466674352e-06,4.786172546957914e-06,5.320011648630875,Not Significant
PEX3,-0.3766722950983237,8.637142438964571e-06,2.0367643476153814e-05,4.691059215698187,Not Significant
PEX5,-0.350278446206147,0.00030463613749854754,0.0005380267267111444,3.2691961500308846,Not Significant
PEX5L,-5.2084534170342085,3.707250511812358e-33,2.2912172795090606e-31,30.639933724072336,Down
PEX6,-0.16245095993126668,0.42723824405723143,0.463094261957451,0.33433060016709704,Not Significant
PEX7,-0.1254519506003291,0.2701608551861802,0.30307354734360575,0.5184519677697699,Not Significant
PF4,4.641709877443715,0.019884112468996063,0.02641600277102286,1.5781328985240484,Up
PF4V1,3.902618633630831,0.06055194221490829,0.07498466697885509,1.1250275329717079,Not Significant
PFAS,0.7172996895056905,7.388708374092983e-07,2.1976335447479395e-06,5.658044724452192,Not Significant
PFDN1,-0.24568043942780093,0.07926387999240012,0.09644936913195298,1.0157006086982479,Not Significant
PFDN2,0.092508607266236,0.4492331478323807,0.48505624129296926,0.31420790290885847,Not Significant
PFDN4,-0.9253351867116741,0.0008241109496330498,0.0013435982693968836,2.871730564216997,Not Significant
PFDN5,0.275218712806403,0.0024348988079791016,0.003693039836130905,2.4326160076702985,Not Significant
PFDN6,-0.17148328944987412,0.21248960552962462,0.2422338221235078,0.6157652181868066,Not Significant
PFKFB2,-0.01451777642599339,0.9101281907470575,0.9210076738910956,0.03573675122044395,Not Significant
PFKFB3,0.9833977007113894,0.0002776111054649313,0.0004936724230280174,3.3065611321713195,Not Significant
PFKFB4,1.8383539960545487,4.815335115011099e-08,1.8472843087822473e-07,6.733466258737829,Up
PFKL,0.5890837869348928,1.9810711894697417e-07,6.6702243190903e-07,6.175859560550474,Not Significant
PFKM,-0.9315723649407524,8.960071287660083e-06,2.1025549321433423e-05,4.677252648840355,Not Significant
PFKP,-0.9440072942390074,5.4454070452543116e-08,2.0661781760411274e-07,6.684832229992139,Not Significant
PFN1,2.237978276508457,2.6667968420849845e-17,4.21747431509641e-16,15.374947553634122,Up
PFN2,-1.4301435528432194,4.565179828084609e-05,9.332309575512247e-05,4.030010863030159,Down
PGAM1,-0.6240760933440832,0.009320856489936052,0.012978987143827682,1.8867591977521196,Not Significant
PGAM2,1.2421349986471384,0.004160021739549775,0.006101930548081599,2.2145327397871175,Up
PGAM5,-0.19112797105429635,0.04397385158839251,0.05553373209244906,1.2554431391927987,Not Significant
PGAP1,0.32859032874398864,0.0058910754909100495,0.00844672566117675,2.0733116109164325,Not Significant
PGAP3,-0.03406168591599723,0.7247959354335736,0.7519538559945133,0.12380880927780982,Not Significant
PGBD5,-2.8944787794764135,1.031604002020309e-37,1.105572203867297e-35,34.956412888800195,Down
PGD,0.9679534242319576,2.419195858549454e-06,6.418482770352172e-06,5.192567620270314,Not Significant
PGGT1B,0.4338363271194794,0.000182941149584166,0.0003352645335475511,3.474612386622689,Not Significant
PGK1,0.304020733833962,0.12799468976091363,0.15109192695704757,0.8207587399738268,Not Significant
PGK2,0.991548149282318,0.3665755809326804,0.40253786813994136,0.3951932577790207,Not Significant
PGLS,1.8980227354527628,4.799829993598066e-14,5.339776493438236e-13,12.27247692081749,Up
PGLYRP1,2.972073639778455,0.19744745316928233,0.2260687159990876,0.6457595323427913,Not Significant
PGLYRP2,1.661127949421261,0.1949221875878325,0.22339546277131112,0.6509256517817045,Not Significant
PGM1,0.40255198777019885,0.00020341126808559145,0.00036968520921779686,3.4321679248220582,Not Significant
PGM2,1.4600720786574684,5.9090602780804e-07,1.7989686685216667e-06,5.744976400415784,Up
PGM2L1,-1.3930997554207885,0.0006664413500164718,0.0011069629282878708,2.955866923213058,Down
PGM3,0.974725480688047,1.4493328838757763e-08,6.21565750198577e-08,7.206512924241839,Not Significant
PGM5,1.5099315558585982,1.792248341443529e-05,3.95945390168906e-05,4.402364708982985,Up
PGP,-1.0551788926761922,6.281905699555978e-08,2.3490689687203757e-07,6.629104232138967,Down
PGPEP1,1.1427785819647909,3.157727761948409e-06,8.14829648408511e-06,5.0889331771363375,Up
PGRMC1,-0.477651996267479,0.05566038482682971,0.06922502675870154,1.1597368677072823,Not Significant
PGRMC2,-0.7351336878481121,2.030402720565951e-06,5.489607355604239e-06,5.260458717370058,Not Significant
PGS1,0.5288827899562989,0.0003458197847736436,0.0006048243944114037,3.218370700733358,Not Significant
PHACTR1,-3.1198244572056666,2.8628409470177827e-38,3.2404786180064205e-36,35.489390839852696,Down
PHACTR2,-0.5623080377774485,3.058305972003062e-07,9.938507858696403e-07,6.002678814534136,Not Significant
PHACTR3,-3.1869859124749595,2.86163719246981e-26,1.0222742225865554e-24,23.990432590129416,Down
PHACTR4,0.896120978752478,0.00029962630619313735,0.0005302011959581356,3.2755592969774385,Not Significant
PHAX,-0.4349240054760948,0.0016279604247351025,0.0025289241817704586,2.5970641907949,Not Significant
PHB,1.1851178220613825,6.8498063147620526e-09,3.1702206257920375e-08,7.498910512788596,Up
PHB2,0.8212864217053237,1.718389427768422e-05,3.8121680456593446e-05,4.418827963308114,Not Significant
PHC1,0.3324524639773614,0.12147740529857523,0.14390117556179402,0.8419356581974121,Not Significant
PHC2,1.3111130926287906,3.8558857414304294e-09,1.870206690378919e-08,7.72811039371453,Up
PHC3,0.033977312027158035,0.7607145351225537,0.7854297659961674,0.10489264398369971,Not Significant
PHF1,-0.3106534866153794,0.0006741078289789189,0.0011180379106245685,2.951543470066846,Not Significant
PHF10,-0.41226371096347236,0.007610465417072439,0.010742304695472573,1.968902533427126,Not Significant
PHF11,0.48546276729304694,0.0045835774398864815,0.006677506743227247,2.1753856647375285,Not Significant
PHF12,0.5767246880386594,0.0003135319227806767,0.0005528654980032447,3.257380511696895,Not Significant
PHF14,0.1345677193071424,0.0994229873037504,0.1192081854437017,0.9236939226915859,Not Significant
PHF2,0.32515774720209834,0.006254767814288029,0.008925311722541317,2.0493766069227224,Not Significant
PHF20,-0.24497320163233738,0.0025766543972970293,0.003893971856941235,2.4096071915985484,Not Significant
PHF20L1,0.12635942150665258,0.20204133008616096,0.23092402533333167,0.6365308807385501,Not Significant
PHF21A,-0.5574155088577903,5.096984935680462e-05,0.00010331393610069412,3.985841092193761,Not Significant
PHF23,0.3458951087427593,0.005430869651608102,0.007828098564930608,2.1063437147033595,Not Significant
PHF3,-0.188528244675517,0.010280074421098262,0.01422938578155316,1.846813846046376,Not Significant
PHF5A,0.6692459789780258,0.00025349592462909986,0.0004534300327971506,3.3434897178969365,Not Significant
PHF6,0.21024915129472888,0.01754282504343168,0.023497728957257113,1.6289741100258217,Not Significant
PHF8,0.6987558564120171,0.00036983683986932845,0.0006434777763115051,3.1914664476592796,Not Significant
PHGDH,0.2123244655449419,0.11156357663417203,0.13299090284688392,0.8761780656383552,Not Significant
PHIP,-0.21246931865562857,0.02668051062465948,0.03480697539922554,1.4583337137021177,Not Significant
PHKA1,1.268304855167587,9.52857073887806e-05,0.00018403148317380668,3.7351078737348153,Up
PHKA2,0.6495528514469857,0.0007331422427844265,0.0012068096329755412,2.9183612318651093,Not Significant
PHKB,0.11681053097210281,0.085381624538812,0.10330704847513716,0.9858700462497108,Not Significant
PHKG1,2.1882519486476664,1.311185683489302e-05,2.9696233308163735e-05,4.52729863341752,Up
PHKG2,0.040634074573079104,0.6156322918567829,0.6473102711789198,0.18888750177098174,Not Significant
PHLDA1,2.037114948987419,6.210366229676956e-42,1.2279229631175536e-39,38.910828878913435,Up
PHLDA3,0.783519974071055,5.327467888953447e-08,2.0252419438987554e-07,6.6935230867092805,Not Significant
PHLDB1,0.6826764716034006,0.012195148016356537,0.016701185578680774,1.7772526981935513,Not Significant
PHLDB2,0.5146739896545753,0.029184587519904718,0.037804492050343336,1.4224565928408832,Not Significant
PHLPP1,0.14068671473201988,0.389875031413296,0.4261257531146299,0.3704622182107169,Not Significant
PHPT1,0.9550679274977192,2.9773992605934e-07,9.694350404401393e-07,6.013481286661159,Not Significant
PHRF1,0.32683055497316005,0.010606545844129176,0.01465309144730627,1.8340707400287546,Not Significant
PHYH,-0.9132464144745569,1.948843790000841e-06,5.287544395493797e-06,5.2767459731607245,Not Significant
PHYHD1,-0.33264437862137797,0.06720449305675577,0.08267408267844152,1.082630615161174,Not Significant
PHYHIP,-5.3648836366997,3.40631314662054e-52,8.57879965976383e-49,48.06657347411043,Down
PHYHIPL,-1.7302719054068554,8.330107625407023e-15,1.0159504142657427e-13,12.993127488249232,Down
PHYKPL,1.306274166040808,0.0003879396209075005,0.0006732306186084685,3.171836140482442,Up
PI16,0.19117177733063784,0.5688250729955057,0.6026865571473206,0.21990849531133005,Not Significant
PI4K2A,-0.7426359110429956,8.698595890454053e-07,2.541463312077556e-06,5.594916155281472,Not Significant
PI4K2B,1.2941699532590576,2.8100051001318956e-09,1.3993075323148156e-08,7.854086828103061,Up
PI4KA,-2.325524885573099,5.482348471124711e-14,6.055830975669994e-13,12.217826254934378,Down
PI4KB,0.3550705219062422,3.013933288079921e-06,7.819305677083988e-06,5.106831808832541,Not Significant
PIANP,-3.4464026703745443,1.679466233518992e-10,1.0567734438769722e-09,8.97601810883278,Down
PIAS1,-0.6565221214902408,1.771608860193392e-05,3.917293164527707e-05,4.407013925267977,Not Significant
PIAS2,-0.16005346685758326,0.12606415611791771,0.14893518338593914,0.8270026954955563,Not Significant
PIAS4,0.10406932258346657,0.35534467115774504,0.39110042797368333,0.40771170880750274,Not Significant
PIBF1,-0.1472636321935319,0.2331376743832548,0.2641283099119331,0.5781850475639322,Not Significant
PICALM,-0.01957020592541525,0.7785965757974018,0.8012251449223655,0.09624542966094636,Not Significant
PICK1,-0.9536666077285005,3.3576831148834997e-07,1.0799904118562062e-06,5.966580100157889,Not Significant
PID1,-0.5708095058029805,4.1804372913326935e-05,8.613975306378719e-05,4.064796377560513,Not Significant
PIEZO1,1.777714663832752,3.41326277861322e-06,8.747191358878041e-06,5.058131372480486,Up
PIGA,0.48018904852661315,0.0012729830026904168,0.0020169913131650296,2.695295972214908,Not Significant
PIGBOS1,0.6382766488533029,5.4559861241826694e-06,1.340575712561371e-05,4.8727086530581545,Not Significant
PIGG,0.5699789219824467,0.0032351370476338664,0.004813998614160054,2.3174940390844054,Not Significant
PIGH,-0.0938954245352015,0.43255211674533145,0.4680986168323632,0.32966264215168567,Not Significant
PIGK,-0.34637613966511793,0.09233210135889156,0.11114273976454457,0.9541189016845455,Not Significant
PIGN,0.4707820465004744,5.518130937427896e-05,0.0001111126345465693,3.9542365549036287,Not Significant
PIGO,0.9269717000179654,4.426499757641636e-10,2.56279072175183e-09,8.591286856983626,Not Significant
PIGQ,0.07793583329163667,0.5594558569964055,0.593633695321444,0.22648145598231645,Not Significant
PIGR,4.147004670205687,0.004030093985080194,0.005923426729748741,2.2274269792112547,Up
PIGS,0.369228016703147,2.7846435436549415e-08,1.1225489819439729e-07,6.949794699657501,Not Significant
PIGT,1.411560046020167,2.9461924853778552e-09,1.4627867470525635e-08,7.834818983053719,Up
PIGU,0.9242638884278023,1.1613118700385649e-07,4.09487426628229e-07,6.387759428774897,Not Significant
PIGX,-0.5285835732838429,0.004029366949462153,0.005923222333121514,2.227441965445229,Not Significant
PIH1D1,0.44340210241973566,0.0006062289516135642,0.0010148139678556076,2.993613563798684,Not Significant
PIK3AP1,2.719840253785412,2.173542120306964e-08,8.940899681491366e-08,7.048618777954865,Up
PIK3C2A,0.20082580751920176,0.138074972471016,0.16219301220534224,0.7899678605196421,Not Significant
PIK3C2B,-0.6382033735118924,0.004625032672519955,0.006728170273352495,2.1721030261516328,Not Significant
PIK3C3,-0.5146546123322899,1.5774709459469111e-06,4.371081823705025e-06,5.359411063734329,Not Significant
PIK3CA,-0.4903965230485987,5.798195184625918e-06,1.4156814903034778e-05,4.849034446196633,Not Significant
PIK3CB,-1.320315386562232,2.2391509981973646e-07,7.459393900740823e-07,6.127296458888914,Down
PIK3CD,-0.2993406587432439,0.04470408178527097,0.056378182261494714,1.2488889307086284,Not Significant
PIK3CG,2.2393942002593246,3.4087279294164983e-09,1.6734661384474563e-08,7.776383070897599,Up
PIK3IP1,-0.34762595809238306,0.030256631186214064,0.03908762536162099,1.4079607128798595,Not Significant
PIK3R1,-0.936617794430088,4.256608515451414e-05,8.758389335101623e-05,4.057575753100503,Not Significant
PIK3R2,-0.6830110675357144,0.0001858156754705128,0.00034016120564963584,3.468315217863359,Not Significant
PIK3R4,-0.08140784116228161,0.2785452649329694,0.3116811061795772,0.5062895234551172,Not Significant
PIKFYVE,-0.008675769722710669,0.8669255669314118,0.8820733422146291,0.05449530285587319,Not Significant
PILRA,1.283803516944925,0.00043704178029674263,0.0007506835285096991,3.124543113314148,Up
PIN1,-1.127842002253388,2.22667471551064e-06,5.967417154576798e-06,5.224213601572971,Down
PIN4,0.16645576040188104,0.13011114087473272,0.1533746352880947,0.8142464569792427,Not Significant
PINX1,0.1932661326045313,0.01233774317024666,0.016873530368865717,1.7727940425257458,Not Significant
PIP4K2A,-1.2710435757152503,0.0005885637864091439,0.0009862261450907712,3.0060234884017762,Down
PIP4K2B,-1.4545580443933304,3.054759770462812e-13,3.0499157510051896e-12,11.515712157170887,Down
PIP4K2C,-1.5290035967146558,2.097279009031036e-08,8.659011777450269e-08,7.062531669655828,Down
PIP5K1A,0.5333632676041447,1.1398304946695134e-10,7.408162840839147e-10,9.130289479876257,Not Significant
PIP5K1C,-1.681107247732406,2.933474504080025e-06,7.634157105167185e-06,5.117238906843676,Down
PIPOX,1.6775713270903054,6.8267911492662e-05,0.00013532682809466292,3.8686160974269104,Up
PIR,-0.3962875159122916,0.07421239488353179,0.0906420545655552,1.042670258965813,Not Significant
PISD,-0.7361844652535083,1.0543689883816104e-09,5.710598488686207e-09,8.243318373940983,Not Significant
PITHD1,-1.1921666095808803,0.00048199508430288003,0.0008213157102955368,3.0854898698192152,Down
PITPNA,-0.7858170550899359,1.4669483684634513e-05,3.291161385587434e-05,4.482650821093165,Not Significant
PITPNB,-0.725680646944241,2.3552559040255857e-05,5.0839614264310585e-05,4.2937977532304785,Not Significant
PITPNC1,-0.8864604210212264,0.0021180744467509914,0.003237366405184265,2.489808144358846,Not Significant
PITPNM1,-1.412092113378172,1.5912245613176124e-07,5.465392509619375e-07,6.262378642746212,Down
PITPNM2,-1.5640707629321149,5.490927751816234e-09,2.584841409897044e-08,7.587566097413143,Down
PITPNM3,-3.9562411024966035,4.215738315911866e-34,2.889071278537152e-32,31.539241743204784,Down
PITRM1,-0.9974938322893081,2.3075702537166407e-14,2.6843490457207206e-13,12.57116101354981,Not Significant
PJA1,-0.4919634261046575,0.01529339799204484,0.020677183112583507,1.6845086262157858,Not Significant
PJA2,-0.9889522371539883,0.0008458782030119899,0.0013773830975015368,2.8609452507443773,Not Significant
PKD2,0.4605940651983289,0.0018886201991360385,0.00290916817830221,2.536231171569234,Not Significant
PKIA,-2.1073595744230076,6.22633419216147e-08,2.3334855153212295e-07,6.631994890572948,Down
PKIB,1.123025179949808,0.00018737310043300199,0.0003428253929825758,3.464927017484604,Up
PKIG,-0.09680917134664924,0.46275080527423507,0.49836985378796705,0.30244823587036246,Not Significant
PKLR,-3.8876953243828867,8.084159374426405e-11,5.393365664766331e-10,9.268140133984659,Down
PKM,0.21602800629927188,0.1530402831864535,0.17844071907642736,0.7485060353166839,Not Significant
PKN1,1.1375247951789973,1.4872232817853215e-07,5.143250031138115e-07,6.2887623626118,Up
PKN2,0.40265710840392543,0.0012984828953997443,0.002053841527438691,2.6874330692168473,Not Significant
PKNOX1,0.02656381038138811,0.8405649721411765,0.8580252841574842,0.06649991423954214,Not Significant
PKNOX2,-1.696787400983844,7.48156686384792e-15,9.180183262655779e-14,13.037148648954998,Down
PKP2,-2.1849445644891805,7.858664546158197e-11,5.26034462710948e-10,9.278985802471905,Down
PKP4,-1.4036824614321937,2.9397682806379512e-08,1.179419580212932e-07,6.928331666529516,Down
PLA2G12A,-0.3068672492221154,0.0033111211942668684,0.00491762272018936,2.308244793373844,Not Significant
PLA2G15,0.9725577134331083,3.643338212140258e-17,5.708085404214768e-16,15.243509537606842,Not Significant
PLA2G16,-0.3914108548697506,0.06479744212143702,0.07983970547105633,1.0977810738315437,Not Significant
PLA2G2A,12.308426312631651,2.4968685879186524e-06,6.6002241287568885e-06,5.180441316544549,Up
PLA2G4A,1.0710264587890386,2.0479354475573153e-06,5.5278958955542315e-06,5.257440144434883,Up
PLA2G4C,-0.5766152429172848,0.0008405827799707632,0.001369487337513795,2.863441978943652,Not Significant
PLA2G6,-0.631338388719584,3.935588513310511e-05,8.152810751200922e-05,4.088692638709094,Not Significant
PLA2G7,-1.0183025290279257,0.00012715991963335,0.00024047475697134746,3.6189305054998266,Down
PLAA,-0.15122317619515613,0.23414717151191558,0.26521234605476024,0.5764062627006995,Not Significant
PLAC9,0.540715198953686,0.025347044486237338,0.03315322333865943,1.4794742407090131,Not Significant
PLAT,2.212392903337463,2.2167337762158884e-08,9.09257982964123e-08,7.041312877304267,Up
PLAU,5.675332578381573,1.3630182434813058e-12,1.2403835397317684e-11,10.906444005616827,Up
PLAUR,3.484658165536242,4.13756593438271e-08,1.6087162957534318e-07,6.793520538904425,Up
PLBD1,3.148946609102744,4.869639569664079e-08,1.8649495808459203e-07,6.729332904904295,Up
PLBD2,-0.5290900599246839,7.164847146554384e-06,1.7156802984166596e-05,4.765563635816521,Not Significant
PLCB1,-2.7947551369770025,9.158887886026505e-11,6.05821645199153e-10,9.217655213963516,Down
PLCB2,1.3133261717476188,8.248207060068903e-07,2.423933428329467e-06,5.615479311942295,Up
PLCB3,1.5001291069979032,3.322444533328485e-05,6.99922756770204e-05,4.154949885927852,Up
PLCB4,-1.4719477263191063,1.0756817542689153e-08,4.782179167036652e-08,7.320374156827999,Down
PLCD1,0.841880174426695,0.0011924017297797844,0.0018973708775551332,2.7218477696213474,Not Significant
PLCD3,0.7474536507347196,0.0006577869403385067,0.0010943923430173602,2.960826954181106,Not Significant
PLCD4,0.15785228635659543,0.37941582013574815,0.4154603230486442,0.38147044553527276,Not Significant
PLCE1,1.586058702798896,3.804407856652731e-05,7.908709192719689e-05,4.101894393395432,Up
PLCG1,0.8705402966230302,0.00032159120822932243,0.0005658881802099902,3.2472693771429326,Not Significant
PLCG2,1.6424586608794982,1.718685330454792e-07,5.861217338863093e-07,6.232012174315547,Up
PLCH2,-3.7935919348953497,1.56667576781088e-14,1.8524286015172306e-13,12.732258522114975,Down
PLCL1,-2.625583775346861,7.341888468046243e-11,4.944513905046196e-10,9.305876397440473,Down
PLCL2,-1.4582870321447317,3.878568350978555e-06,9.817260695416574e-06,5.008009676248198,Down
PLCXD3,-4.088718876459572,1.26084390415505e-16,1.8761804269509563e-15,14.726725399079923,Down
PLD1,-0.028623342217850123,0.913916279103776,0.9244695848670991,0.03410737259747827,Not Significant
PLD2,1.0656386860005007,0.00042878471546735467,0.0007380108019166464,3.1319372815665765,Up
PLD3,-0.8822848474120448,0.0001243005730387437,0.00023528823239239084,3.628399792904079,Not Significant
PLD4,1.5840991019676913,2.6535796701411246e-08,1.0727191652087355e-07,6.969513960199774,Up
PLEC,-0.25364714990987736,0.1429004943449296,0.16736168061727705,0.7763439716802617,Not Significant
PLEK,2.880504070711279,1.7143634616688258e-10,1.0767143087812812e-09,8.967899515438356,Up
PLEKHA1,-1.9582620379172528,4.4537171314394945e-09,2.1415010621766815e-08,7.669281705858887,Down
PLEKHA2,0.3201131281826477,0.008755425340401333,0.012236702952164683,1.9123355824002415,Not Significant
PLEKHA3,-0.5138382797361363,1.1404315041193848e-08,5.021288012455718e-08,7.299184867525689,Not Significant
PLEKHA4,4.7527161594418015,3.52228674130149e-07,1.1264608454562288e-06,5.94828389927777,Up
PLEKHA5,-1.4718120567229107,9.890901178885784e-12,7.748128963926547e-11,10.11080315926739,Down
PLEKHA6,-2.8412455613252092,3.1081904552967078e-27,1.1951110933839326e-25,24.922591722329987,Down
PLEKHA7,0.9684710664731355,0.002101127785403527,0.003212926731960402,2.493099178048889,Not Significant
PLEKHA8,0.5385378348505512,2.5529690247973122e-08,1.0353707711677989e-07,6.984904099446603,Not Significant
PLEKHB1,-1.012350706399026,4.322601189398175e-08,1.672268985483764e-07,6.776693864746518,Down
PLEKHB2,-0.714498339648383,0.0014239613118046822,0.002236163095108397,2.650496524254984,Not Significant
PLEKHF1,1.0961536828833118,0.0024041550268698946,0.0036508076184334215,2.437611051863779,Up
PLEKHF2,1.1253439216207521,4.367103773388968e-09,2.1039791206657323e-08,7.6769585743208895,Up
PLEKHG1,1.1663247807993642,6.530086759482948e-05,0.0001298541137288417,3.8865442875330474,Up
PLEKHG2,3.3411967739603554,1.4400097135253383e-06,4.022922311163133e-06,5.395458354244284,Up
PLEKHG3,-0.5745987791581317,0.049541377232065524,0.06209005153468874,1.2069779796898252,Not Significant
PLEKHG5,-1.9503982357750616,5.413149704489788e-08,2.0547125140553927e-07,6.687248934028023,Down
PLEKHH3,1.1491487196211079,0.00045926328752982423,0.0007856373507514772,3.104777877512781,Up
PLEKHJ1,0.5760868855238108,2.1181237260086838e-05,4.611622739531334e-05,4.336146228012479,Not Significant
PLEKHM1,0.10368418030047977,0.5331156888453444,0.5679576405909476,0.24568405362632845,Not Significant
PLEKHM2,-0.9492249339948948,8.203042858371868e-06,1.9467009129620306e-05,4.710700767446503,Not Significant
PLEKHM3,-1.7492859307890178,3.022702033296403e-11,2.1750500202448548e-10,9.662530751000594,Down
PLEKHO1,0.3988437541622396,0.0006788707695735349,0.0011250113723776593,2.948843087387374,Not Significant
PLEKHO2,1.1943292656014428,9.181050650463381e-05,0.000177933636500131,3.749741945308141,Up
PLG,1.1716915659803462,0.333397175179675,0.36863606001098076,0.4334021843155408,Not Significant
PLGRKT,0.9587931845291813,3.850981619390451e-09,1.8687277858255974e-08,7.728453956900434,Not Significant
PLIN2,2.785095309948126,1.1974097170153581e-09,6.40611019076618e-09,8.193405595358408,Up
PLIN3,2.8856475290053147,1.781952486998003e-10,1.1149931275787505e-09,8.952727809444362,Up
PLIN4,-2.9211542605685743,3.115533720053135e-07,1.0111432569528118e-06,5.9951873099910085,Down
PLK1,1.5477019855108427,0.0012333803283101099,0.0019588638542323896,2.7079957474714744,Up
PLLP,-0.8818561877014286,0.027098105337048414,0.03531517634740307,1.4520386207447455,Not Significant
PLOD1,2.0538949383025162,7.955348437165617e-08,2.9000154180089226e-07,6.537599693156769,Up
PLOD2,1.6312632389849746,1.410316231355419e-05,3.175575707347897e-05,4.498177528999069,Up
PLOD3,2.1029056483529835,2.1055379020424093e-06,5.666895224465731e-06,5.24665481697859,Up
PLP1,-1.9212062202065567,0.0004967537780506098,0.0008436105124885102,3.073858017022517,Down
PLP2,3.855746308813231,1.2371530283165036e-08,5.411671561988909e-08,7.266668568900763,Up
PLRG1,0.3408152959714492,0.010825396495150958,0.014937000998787938,1.825736589965039,Not Significant
PLS1,-1.2236458529300709,0.0013409181110472623,0.002114322906666164,2.674828685016278,Down
PLS3,0.5882213980572679,0.00789109002394784,0.011107285301278545,1.9543920727187511,Not Significant
PLSCR1,1.749635443214121,0.0006534389744290354,0.0010875176323142412,2.963563692943716,Up
PLSCR4,-0.04268202568042767,0.889290966074737,0.9021870284226485,0.04470342144686965,Not Significant
PLTP,2.565100293837496,1.5857858237545732e-12,1.4200183456447617e-11,10.847706044799464,Up
PLVAP,3.812892392627237,2.192374205420257e-10,1.3522290801828742e-09,8.868949728637178,Up
PLXDC1,0.030251165859571216,0.8522409268931871,0.8683084997269843,0.06132594772031317,Not Significant
PLXDC2,1.2126546967397864,5.621327956620001e-05,0.00011303245076844289,3.946796855928526,Up
PLXNA1,-0.3535648921653376,0.010008155875355966,0.013870155769478058,1.8579186615334278,Not Significant
PLXNA2,-1.1644339396524508,1.5980244423323935e-21,3.860551134785739e-20,19.41335069074011,Down
PLXNA3,1.4273857795424973,8.963766152669132e-05,0.00017392330551230513,3.7596422191633003,Up
PLXNA4,-0.8540572624770739,5.619556465836055e-09,2.6429230549408226e-08,7.577915480569026,Not Significant
PLXNB1,0.28351823691165023,0.24706110279626545,0.27874269790229345,0.5547965008129415,Not Significant
PLXNB2,1.5248857641609845,8.99629287523354e-06,2.11009672701054e-05,4.675697636150606,Up
PLXNB3,0.6689293396057714,0.015601288391552526,0.02105672283715168,1.676609219308634,Not Significant
PLXNC1,-0.15868353064598395,0.23667479697836424,0.26787881178385986,0.5720616361090753,Not Significant
PLXND1,0.7789602794734982,0.00022111644163556692,0.00039991508672113123,3.3980322118801123,Not Significant
PM20D2,0.06491526426835392,0.659584477714851,0.6894940363701784,0.16146948580825374,Not Significant
PMF1,1.2762730383238274,3.257373794633109e-09,1.6046348952143736e-08,7.794623767640028,Up
PML,0.6987486393841777,0.0182137289176501,0.024341351169595002,1.6136553180857252,Not Significant
PMM1,-0.44143877686627775,1.1504061951754163e-09,6.184200645782895e-09,8.208716428219308,Not Significant
PMM2,1.193582772585959,6.560444579376145e-05,0.00013040631154821484,3.8847013886330233,Up
PMP2,1.2115734509698655,0.0003621328622442767,0.0006309454261931587,3.200008203558013,Up
PMPCA,0.39531701957659493,9.679331611252145e-07,2.7923707517684457e-06,5.554026919588469,Not Significant
PMPCB,0.10888141838265852,0.35154959673548425,0.38700804693621116,0.41228000473907317,Not Significant
PMS1,-0.0816494407466628,0.31352136074353487,0.3481497120954994,0.45823395963068925,Not Significant
PMS2,-0.42642847030025166,0.0017613829579488038,0.002722751560284832,2.5649919844109585,Not Significant
PMVK,0.08870092755821801,0.30219911613120426,0.3363555293233622,0.4732014285880263,Not Significant
PNCK,-3.44367707526847,2.9547203628180656e-43,7.441463233757297e-41,40.12834165963356,Down
PNISR,-0.13726019568318293,0.534926909274198,0.5696462668105994,0.24439474443348905,Not Significant
PNKD,-1.4610826237691867,2.2462363283371782e-09,1.1414870277145895e-08,7.942529019630586,Down
PNKP,0.790032828615459,3.3248139593373875e-06,8.550976723606036e-06,5.067984275746037,Not Significant
PNMA1,-1.3991099855784128,5.678233984595224e-07,1.734987235693427e-06,5.76070371596723,Down
PNMA2,-1.9722783378040134,9.886605442996144e-07,2.84971854743185e-06,5.545198030985614,Down
PNMA6A,-3.4092905616122433,8.647622192727572e-13,8.058847915775908e-12,11.09372704002913,Down
PNN,0.5820272671390185,1.1629162238129882e-05,2.6643661675442446e-05,4.574406089705965,Not Significant
PNO1,0.8335342125998757,1.30237651291747e-06,3.670067231864041e-06,5.435325979845971,Not Significant
PNOC,-2.368509283303231,6.114477575413879e-06,1.4828417692517915e-05,4.828905189097778,Down
PNP,2.1676142855219673,1.641801907192727e-05,3.65594880925277e-05,4.436999893905026,Up
PNPLA2,0.4299250138988917,0.0073513757966624385,0.010396990000783014,1.9830923737067603,Not Significant
PNPLA4,-0.6616557119234692,0.0002843787903715263,0.0005047272611350874,3.296943237685966,Not Significant
PNPLA6,-0.6013446451633477,4.7604839287750186e-05,9.711849959189861e-05,4.012698035741558,Not Significant
PNPLA7,-1.6243945085960352,8.71944074562588e-06,2.0547285630745054e-05,4.687245541839008,Down
PNPLA8,-0.10940087711571778,0.24168793585105325,0.2730474672831121,0.5637618475117743,Not Significant
PNPO,-0.1305304886519103,0.03313370901621233,0.04260773354982423,1.3705115667848482,Not Significant
PNPT1,0.3371351437271777,0.010830359923956112,0.014941803050388097,1.8255969923742996,Not Significant
POC1B,0.24412918897391656,0.0028833398491640767,0.004323722185245447,2.3641422188100822,Not Significant
POC5,0.06881237025121933,0.5674095968011679,0.6013765679300331,0.22085349778013194,Not Significant
PODN,1.0621716536124435,0.0037590142806019316,0.005543596817857393,2.2562083631991046,Up
PODXL,0.8574055827481466,0.0012337191422018639,0.001959093101913868,2.707944924553161,Not Significant
PODXL2,-1.021129751897515,5.401385895735386e-08,2.0510200344379295e-07,6.688030097406696,Down
POFUT1,2.1301785123008585,1.8746617967325888e-14,2.2010889207790326e-13,12.657362412229206,Up
POFUT2,1.2002457313110515,4.28157709850431e-07,1.345791191586035e-06,5.8710223185494375,Up
POGK,0.27197962240707696,0.00034084641807354926,0.0005970590881017102,3.223982686681901,Not Significant
POGLUT1,0.8989461502569913,1.830598920537489e-06,4.986872235125653e-06,5.302171758368905,Not Significant
POGZ,-0.09258508250146846,0.49966387709192367,0.5346944867032122,0.2718942939372813,Not Significant
POLA1,1.215160188262459,3.275468495804519e-09,1.6127600013066825e-08,7.792430256208778,Up
POLA2,1.1520810268092951,9.991196522007042e-13,9.251039867895123e-12,11.033809447422465,Up
POLB,-0.5387633122996078,7.041176355154956e-05,0.0001393571917521238,3.8558706139067676,Not Significant
POLD1,2.1748066658930565,3.813522661362973e-09,1.852334970615747e-08,7.732280474060393,Up
POLD2,1.4835971556751772,3.079224750501334e-10,1.848217476007102e-09,8.733246927557024,Up
POLD3,0.9204332416899632,1.316007212206599e-14,1.5670752548190635e-13,12.804910147138372,Not Significant
POLD4,1.3174204486297914,4.82280084250032e-16,6.729209928995598e-15,14.172035922940905,Up
POLDIP2,0.12200185391423801,0.1037264619113342,0.124131667533236,0.9061174104391791,Not Significant
POLDIP3,0.47720916212049147,2.9603617926379754e-06,7.696176696525152e-06,5.113724969888523,Not Significant
POLE,0.6121135904699369,0.09838417672557616,0.11804695049231231,0.9279452275726964,Not Significant
POLE3,0.5935241554064667,0.004887664883955776,0.007089753209642979,2.149368882102639,Not Significant
POLE4,0.09437942319546622,0.42552491195384706,0.46153509507138835,0.335795269683905,Not Significant
POLG,0.27042676610358285,0.018267213927508165,0.024400064234541014,1.6126090303551235,Not Significant
POLG2,1.4950440440218937,5.237189718296672e-06,1.2920834942646578e-05,4.888709421382117,Up
POLI,0.24400206256598622,0.004439134316927028,0.0064886591858274644,2.187845036382408,Not Significant
POLK,0.2481296416407872,0.04468080214543014,0.05635587840403947,1.24906077659597,Not Significant
POLL,-0.1241378670299298,0.14968642299483084,0.1747122031340431,0.7576767597641416,Not Significant
POLR1A,0.4012301798156024,2.429210660186745e-08,9.891620125594692e-08,7.004732570487637,Not Significant
POLR1B,1.0423800558839496,3.771496375269177e-12,3.1635349279318643e-11,10.499827366223219,Up
POLR1C,0.8764325727506481,7.498041471727016e-06,1.788663741088751e-05,4.7474712967248065,Not Significant
POLR1D,-0.16728314666200106,0.0012309818021060141,0.0019556711361640097,2.7087041739641378,Not Significant
POLR1E,0.820146276232844,6.738016316516048e-09,3.123718377361124e-08,7.505328127378365,Not Significant
POLR2A,-0.5381526790376725,1.0352170067529766e-05,2.394117567959019e-05,4.62085452650181,Not Significant
POLR2B,0.2332887474234333,0.22660131965206706,0.2571993192896623,0.5897301851612473,Not Significant
POLR2C,0.15283370291821186,0.24983117672436192,0.28174177480367424,0.5501487539314363,Not Significant
POLR2D,0.20207430340463262,2.6068029890383078e-05,5.5921919317657395e-05,4.252417931418971,Not Significant
POLR2E,0.03244364435599323,0.7075478423251217,0.7353592245520763,0.13350045529798085,Not Significant
POLR2G,1.2795394455766456,8.911501630774856e-08,3.221186488282235e-07,6.491984131284806,Up
POLR2H,0.8711183263166653,4.063207776346566e-14,4.583735177930045e-13,12.338780481373549,Not Significant
POLR2I,0.21685047392584877,0.13603690920973838,0.15996682892248212,0.7959700642781585,Not Significant
POLR2J,1.620531514246899,1.6836714882627137e-13,1.752201092227126e-12,11.756416053286099,Up
POLR2K,-0.5258743656009273,0.01632878052041915,0.021956237982208023,1.6584420705758112,Not Significant
POLR2L,1.2155881504901522,1.3918448532096654e-06,3.89809425944792e-06,5.409147663457711,Up
POLR2M,-0.35995824274921695,0.007092091551483934,0.010052867636084022,1.9977100356681592,Not Significant
POLR3A,-1.0608545738915716,4.761232747700601e-12,3.9186812663673085e-11,10.406860059279547,Down
POLR3B,0.09178877048398348,0.460922217619428,0.49657565298307654,0.3040145776415262,Not Significant
POLR3C,0.4841128612994474,3.6793232337595565e-05,7.670840698860467e-05,4.115157036198628,Not Significant
POLR3D,0.6005979581645597,0.0010361064414080995,0.0016652419098189526,2.7785226675822408,Not Significant
POLR3E,0.6106403834193195,3.3123279275670345e-08,1.3126825941113417e-07,6.8818402733700506,Not Significant
POLR3F,-0.12218087585956283,0.32250437832015505,0.3572585338901739,0.447017388353239,Not Significant
POLR3GL,0.5598754779419295,1.5129925307619042e-06,4.206979507285515e-06,5.376029603479675,Not Significant
POLR3H,-0.050685568620295385,0.5603032800668551,0.5944076709555075,0.22591559455005314,Not Significant
POLR3K,-0.16317974304463867,0.10932491220314323,0.13049042245669015,0.88442136286096,Not Significant
POLRMT,0.4716351089678881,0.00019865992859977068,0.00036189875600616455,3.441412909736749,Not Significant
POM121,0.11579620727381723,0.35250699805598495,0.38801961302622295,0.4111463217929441,Not Significant
POM121C,0.36158278814754397,0.015844676492790394,0.021359463533837872,1.670409659284855,Not Significant
POMGNT1,0.4774952024741097,1.0103714345134424e-06,2.9064768221840145e-06,5.536633135992548,Not Significant
POMGNT2,-0.32987333964076626,0.018827896037057992,0.02510220019551644,1.6002882111526398,Not Significant
POMK,-0.5644274213062594,4.0525585888133564e-05,8.372738971227595e-05,4.077132448159026,Not Significant
POMP,-0.05101595767015965,0.6800947849378933,0.7093151323599065,0.1491607749177127,Not Significant
POMT1,0.3994392844429946,0.0015441399589528183,0.0024094897686633664,2.6180749134891377,Not Significant
POMT2,0.8340573182262538,2.4039505667857838e-05,5.1813003872058165e-05,4.285561228650106,Not Significant
PON1,-1.155769285014168,0.0006714521907636994,0.0011141837209279375,2.953043191203102,Down
PON2,1.064050556235184,2.225131627032138e-06,5.9648685499525694e-06,5.224399122598715,Up
PON3,0.07511946742693709,0.7504029551304326,0.7755780619661412,0.11037448389167673,Not Significant
POP1,0.18040053481391105,0.03914153238199637,0.04980570888167632,1.3027208742340588,Not Significant
POP4,0.4737621205218687,0.000486290199258348,0.0008279343362056107,3.0820041059136685,Not Significant
POP5,1.1533516493719347,1.6766464677969905e-10,1.0563187314938638e-09,8.9762050188826,Up
POP7,0.10512120717325502,0.5475495605888802,0.5821650948150268,0.2349538373439044,Not Significant
POR,0.8977074775744995,3.3958349521009255e-11,2.4125275957309396e-10,9.6175277102722,Not Significant
PORCN,-0.310513474409678,0.0028763017825553044,0.00431381035543578,2.365138951351725,Not Significant
POSTN,4.29103198314613,3.9267328728150605e-10,2.2945421670962252e-09,8.63930395681049,Up
POT1,1.057610277561949,8.554596167569411e-10,4.722137084498315e-09,8.325861409426498,Up
POTEF,3.098375097638075,0.05677593361461126,0.07057758578894296,1.151333201409209,Not Significant
POTEI,0.092475899845474,0.9350546343764429,0.9428225789919213,0.025570025411417945,Not Significant
POTEJ,3.7182588504080023,0.01451755385152254,0.019670455615364905,1.7061855806527404,Up
POU2F1,0.4216135938928183,0.0080415743937994,0.01130173276271417,1.9468549661100316,Not Significant
POU2F2,0.09525549115262599,0.6421084349812153,0.6729013184230482,0.17204862077852048,Not Significant
POU3F2,1.3556715833821613,1.7325079112309883e-09,9.010472223924097e-09,8.045252447770071,Up
POU3F3,0.282656641873249,0.056791793496228454,0.07058859070709506,1.1512654886559766,Not Significant
POU3F4,1.5108474546059938,2.9569618233058796e-05,6.280504619014007e-05,4.202005460649927,Up
PPA1,-1.1243139926771057,0.00011698730994526277,0.00022253212998273736,3.6526072751693284,Down
PPA2,-0.0968095065529404,0.05551132142684394,0.06906521576559538,1.1607406270771765,Not Significant
PPAN-P2RY11,-0.29242724445871104,0.8469198988560199,0.8635497025380106,0.06371266108807638,Not Significant
PPAT,0.3051136841718538,0.0015383792052043855,0.0024019888582189988,2.619429011431543,Not Significant
PPBP,3.6539369176114533,0.0001454452488636684,0.0002715876621042809,3.566089963411187,Up
PPCDC,1.2117843183470747,1.2784823614001815e-06,3.607683839984714e-06,5.442771528936721,Up
PPCS,0.194077179229037,0.12413872462777135,0.1468671182501666,0.8330754265445826,Not Significant
PPDPF,0.149775321879968,0.4996270489387814,0.5346944867032122,0.2718942939372813,Not Significant
PPFIA1,0.796593630650758,3.9617472517941994e-05,8.203626272266139e-05,4.085994132749012,Not Significant
PPFIA2,-3.546737746454843,2.0261281315716886e-25,6.670331633154637e-24,23.175852573449465,Down
PPFIA3,-3.0661726843779125,3.8905582103556276e-22,9.822928173213682e-21,20.00775903157076,Down
PPFIA4,-2.276175934008851,1.3851445713957026e-09,7.321063175362176e-09,8.13542584549013,Down
PPFIBP1,-0.7991070360609562,5.625720212404555e-06,1.3772419300064031e-05,4.860989763709737,Not Significant
PPFIBP2,0.7032554530058963,0.011757734781485172,0.016137250706904853,1.7921704537852823,Not Significant
PPHLN1,-0.19762249037174584,0.006511520937583583,0.009269049304114315,2.0329648077271716,Not Significant
PPIA,0.23701066884667554,0.23754095192312957,0.2687240370211799,0.5706934847437508,Not Significant
PPIAL4G,1.1555750121040038,0.404010039276645,0.44014243924223234,0.35640675404530403,Not Significant
PPIB,2.1196268336217763,8.679448220825422e-13,8.073569840867526e-12,11.092934393483327,Up
PPIC,2.0361870315529558,1.61822621468628e-06,4.46141513047334e-06,5.350527364185927,Up
PPID,-0.805688426722412,3.3249794529327855e-05,7.00163942492577e-05,4.154800258580586,Not Significant
PPIE,0.3730644946977364,0.0008145193682556425,0.0013290359759973022,2.876463262875447,Not Significant
PPIF,0.22470158559163522,0.0019059367292788428,0.002934944452882156,2.532400113849092,Not Significant
PPIG,-0.631953932394957,1.4426153582660292e-05,3.24033603548985e-05,4.489409949425636,Not Significant
PPIH,0.5848727518884154,0.00040032785248639253,0.0006929386230151062,3.159305231284778,Not Significant
PPIL1,0.4744618786559478,0.00546648989435812,0.00787493481992903,2.1037530321367495,Not Significant
PPIL2,0.38444532367786977,0.0017428465607322076,0.002696166500739597,2.569253291617562,Not Significant
PPIL3,0.616865763694868,0.0004802561826244303,0.0008190024064590306,3.0867148221585774,Not Significant
PPIL4,-0.6627445558944345,1.5675580736250115e-06,4.349099430927669e-06,5.361600663199326,Not Significant
PPIP5K1,-1.3802302305283671,3.619767027188074e-08,1.4238786814483661e-07,6.846527012259589,Down
PPIP5K2,-0.1379719668485322,0.14172978897213215,0.16615685954908171,0.7794817247865914,Not Significant
PPL,-2.6457796150286583,6.182213283462452e-19,1.1554659854842437e-17,16.937242834723104,Down
PPM1A,-1.6270809381185458,4.3575652084666455e-10,2.525783193906386e-09,8.597603930792207,Down
PPM1B,-0.4595965392138197,3.228127880938807e-06,8.315049929066106e-06,5.080135138644968,Not Significant
PPM1E,-1.8237426822104066,1.65244228552639e-08,6.956416040281176e-08,7.157614452173178,Down
PPM1F,-0.11181833500878469,0.23864393361331246,0.2698505990818846,0.5688766134421327,Not Significant
PPM1G,1.1712010374665276,1.8435866231334119e-07,6.246986761334003e-07,6.20432941441346,Up
PPM1H,-2.9019999219595984,1.0783664446277055e-11,8.393812608260281e-11,10.076040730634054,Down
PPM1J,-1.4835905181433091,1.5892782643126384e-07,5.460569316059181e-07,6.26276207562248,Down
PPM1K,-2.0326467807515343,2.7620166800620644e-11,2.0075437254650243e-10,9.697334986760927,Down
PPM1L,-2.2751120255852015,6.87637241942145e-09,3.1790993920721284e-08,7.49769589399347,Down
PPM1M,0.7827930087293247,2.087089916949421e-08,8.631093523542063e-08,7.063934177499826,Not Significant
PPME1,-0.49627928293270784,0.007371011433831471,0.010420371763179658,1.982116786620238,Not Significant
PPOX,0.5773225644516646,6.893333001215345e-09,3.185478745607495e-08,7.496825288304802,Not Significant
PPP1CA,0.9701481952920794,2.9742841068888214e-07,9.68733853630714e-07,6.013795523027591,Not Significant
PPP1CB,0.25796641586450875,0.0251161070993563,0.03288532140874907,1.4829979091532417,Not Significant
PPP1CC,0.30973845684289714,9.587880650703854e-05,0.0001850705301306584,3.7326627310071268,Not Significant
PPP1R10,0.6964317652107184,2.2728600129421345e-06,6.081485197975846e-06,5.215990345971074,Not Significant
PPP1R11,-0.2871786693446019,0.006373332993344799,0.009083893120395516,2.041727984260264,Not Significant
PPP1R12A,-0.5363847261598274,2.665531029700103e-07,8.76103086238135e-07,6.057444789778984,Not Significant
PPP1R12B,-1.1459137528445282,2.0156954440223943e-10,1.2503765950173398e-09,8.902959164187486,Down
PPP1R12C,-0.3916229440252543,0.019425870192788512,0.02584471953541356,1.5876281763956195,Not Significant
PPP1R13B,-2.0772374564630383,2.754944835047894e-19,5.42056919302197e-18,17.265955107482,Down
PPP1R13L,1.554617689706344,0.00036943046956887556,0.0006429928387071273,3.1917938639767067,Up
PPP1R14A,-0.11994828224967335,0.7352320698406092,0.7616172618585395,0.11826322133976545,Not Significant
PPP1R14B,2.442662090140189,2.4006964698398378e-08,9.787380104073867e-08,7.009333545031885,Up
PPP1R14C,-1.8124418998739582,2.7444842991186368e-06,7.199983028469048e-06,5.142668527270249,Down
PPP1R16A,0.48398494189353514,0.006154496631029243,0.008795630452686708,2.0557330257562736,Not Significant
PPP1R16B,-4.159953420388895,7.411096950437124e-44,2.1331254479629595e-41,40.670983603174086,Down
PPP1R18,2.6165183725898515,9.434945051648746e-07,2.732038989661094e-06,5.563513107013259,Up
PPP1R1A,-4.194146959493512,1.2489075847806932e-43,3.310919739231764e-41,40.480051346952926,Down
PPP1R1B,-3.773368794349368,3.9441150953011585e-23,1.0680918137113942e-21,20.97139141352996,Down
PPP1R1C,2.3994935818272083,1.9032822982622064e-09,9.83264916548383e-09,8.007329456435619,Up
PPP1R2,-0.6765336526016625,0.004919893708714911,0.007133434581542379,2.1467013171798497,Not Significant
PPP1R21,-0.9471239604947534,3.2016537420152346e-06,8.251076949875026e-06,5.0834893626181765,Not Significant
PPP1R35,1.424893819378351,2.080102393591217e-09,1.0669527246964318e-08,7.971854823179394,Up
PPP1R37,-0.5922624883715635,0.0007081524201747473,0.0011700717534591444,2.9317875047702047,Not Significant
PPP1R3D,-0.27526494063763707,0.07188618762072985,0.08797150802857537,1.0556579631858016,Not Significant
PPP1R3E,-1.39106219757047,2.1185968150888903e-07,7.092969197476065e-07,6.1491719261510775,Down
PPP1R3F,-1.7916588862955543,1.228285344653882e-18,2.237567190242895e-17,16.65022391470988,Down
PPP1R3G,0.1566812047126227,0.6127468916469426,0.6446747729836865,0.1906593240006794,Not Significant
PPP1R7,-0.9306648958880537,6.880072798210294e-05,0.00013630256316454376,3.8654959771972344,Not Significant
PPP1R8,0.6328050187753576,2.6835894111321487e-05,5.738586229621156e-05,4.241195088142144,Not Significant
PPP1R9A,-1.5261834412767676,9.144114735677031e-10,5.011850481349859e-09,8.300001893801848,Down
PPP1R9B,-1.1567789617306765,8.671760456664008e-07,2.5350932919452473e-06,5.596006053911902,Down
PPP2CA,-0.6712657361837735,0.010511652860086304,0.014525979549041074,1.8378545716123809,Not Significant
PPP2CB,-0.24954166579204085,0.012439700755426455,0.01699912444522058,1.769573446763,Not Significant
PPP2R1A,-0.26572486794005457,0.04441799303694229,0.05605949158784222,1.2513508452413746,Not Significant
PPP2R1B,0.6445229370449468,0.0025616543321256976,0.003874208938873184,2.4118169611716906,Not Significant
PPP2R2A,-0.33319673026961283,0.008287559181715287,0.011621502115339617,1.9347377344033856,Not Significant
PPP2R2B,-1.1442110775914323,8.621535460689955e-08,3.125345384346549e-07,6.505101981447167,Down
PPP2R2C,-5.185087894360079,1.7908825887834894e-45,7.844065738871683e-43,42.10545877529115,Down
PPP2R2D,-1.260507424683805,9.921566151046736e-22,2.4378014001376784e-20,19.61300167785525,Down
PPP2R3A,-0.5161915879237391,0.00029597027379560934,0.0005241920777455993,3.280509546947926,Not Significant
PPP2R3B,1.2762326951199725,2.674449409939091e-05,5.7226855046147835e-05,4.242400120483949,Up
PPP2R3C,0.004673218090221809,0.9680804471405333,0.9729092602248336,0.01192766293956018,Not Significant
PPP2R5A,-0.2815046119783453,0.001292699351849887,0.002045978518544503,2.689098930412012,Not Significant
PPP2R5B,-1.149894985214079,3.9671576346232305e-10,2.3141370012272394e-09,8.635610933579711,Down
PPP2R5C,-0.5954323823668339,2.0436523202474385e-06,5.51802558943251e-06,5.258216289843864,Not Significant
PPP2R5D,-0.8732057624874727,1.1745690020136639e-06,3.3350079273634863e-06,5.476903129421757,Not Significant
PPP2R5E,-0.9293674312900784,1.1249320414380436e-06,3.2040049153086943e-06,5.494306826330058,Not Significant
PPP3CA,-2.9278952100619122,2.0327297955144248e-08,8.447491233851247e-08,7.073272250229835,Down
PPP3CB,-2.569997193755661,3.313356715414839e-07,1.0684620855022116e-06,5.9712408842152325,Down
PPP3CC,-0.03326196037547646,0.5323463602795575,0.5672580107315699,0.24621936235893363,Not Significant
PPP3R1,-3.0607100724385177,1.402292425202468e-08,6.037684850884808e-08,7.219129559596074,Down
PPP4C,1.8501951395149625,5.344449723928463e-29,2.3307353471365945e-27,26.632507037420417,Up
PPP4R1,0.8284566570093403,3.919682575429088e-07,1.24055552198783e-06,5.906383793783279,Not Significant
PPP4R2,-0.6234939606009888,4.138206617621604e-11,2.9010642634599883e-10,9.53744265073648,Not Significant
PPP4R4,-4.2628206078028565,1.2952641058184956e-15,1.714704714685353e-14,13.76581065802595,Down
PPP5C,0.015688129072351842,0.8372043795420812,0.8546814875868388,0.06819570276363301,Not Significant
PPP6C,-0.3497171314862726,0.015403661542876233,0.02080671579283121,1.6817964649883785,Not Significant
PPP6R1,-0.4717159572750944,0.001399421302849707,0.002201057018720991,2.6573687068355003,Not Significant
PPP6R2,-0.4253283737416673,4.887159801405079e-06,1.2114480275431783e-05,4.916695212839203,Not Significant
PPP6R3,0.47278835180602385,6.813067422462519e-06,1.6408042365261157e-05,4.784943231297943,Not Significant
PPT1,0.5623339018033633,0.0060061348453155795,0.00860435188164237,2.0652818371117867,Not Significant
PPT2,0.2394589020164375,0.01216212536124885,0.016662756818879493,1.778253143854893,Not Significant
PPTC7,-0.6482859730431798,4.51378659772769e-07,1.411293798432922e-06,5.850382566857889,Not Significant
PPWD1,0.24958254143497527,0.04598612062213854,0.05788631502529347,1.2374240962289915,Not Significant
PQBP1,0.23774597344557336,0.021914491703177524,0.028926439913235114,1.5387050133335927,Not Significant
PQLC1,-0.7642805103579811,9.019740806167245e-06,2.1147381779194487e-05,4.674743394210226,Not Significant
PRAF2,0.9258015658248766,1.118453778901908e-07,3.958996264461638e-07,6.40241490802917,Not Significant
PRAM1,0.5739460682693931,0.06392581734667929,0.07885253874745282,1.1031843195036215,Not Significant
PRC1,1.7919167194942514,5.976069167829274e-10,3.380287523678389e-09,8.471046357522305,Up
PRCC,0.2912730914184962,0.0012522425178659335,0.0019860030108597945,2.7020200974323783,Not Significant
PRCP,1.1192199310597175,3.1578002569690876e-08,1.2583734093633937e-07,6.900190467346594,Up
PRDM10,-0.19066433328274357,0.015052259798672038,0.02036482208055629,1.6911193798215467,Not Significant
PRDM2,-1.857097093717286,5.722836873286964e-25,1.784887265061699e-23,22.748389209079953,Down
PRDX1,0.35146111940689906,0.0017286600179205296,0.0026762749378410043,2.572469272872179,Not Significant
PRDX2,-0.26035193430847414,0.07362073760949352,0.08997395495305564,1.0458831889735456,Not Significant
PRDX3,-0.26280720257699386,0.05216830904409165,0.06514733423951646,1.1861033504618217,Not Significant
PRDX4,2.6454410361834206,1.0093833576170484e-11,7.894819832790487e-11,10.102657776550902,Up
PRDX5,-0.42731453943669706,0.012135761994113802,0.016631994760795903,1.779055660482611,Not Significant
PRDX6,0.43839661783763617,0.011795719916218207,0.01618497445328006,1.790887981760837,Not Significant
PREB,0.9198432302449824,1.5400394625723984e-09,8.093039930075296e-09,8.091888316845978,Not Significant
PRELP,-1.385115488920487,7.63205538519759e-05,0.00014990315061509167,3.824189239197287,Down
PREP,-0.7100753029883116,0.00027775680520929734,0.000493757200578518,3.3064865578997322,Not Significant
PREPL,-2.3457211330524004,5.264573631113426e-06,1.2979763768927229e-05,4.886733211602287,Down
PREX1,0.9061598590622069,0.0002487718914342035,0.0004456130928712955,3.351042057335628,Not Significant
PREX2,-0.5641528134552729,0.03772782254833929,0.04811622792150526,1.3177084265750665,Not Significant
PRF1,3.504468582263744,0.0004469653388443202,0.0007664219274072649,3.115532078543617,Up
PRG2,5.550414928097384,0.004463318662983196,0.006522116653741329,2.185611437725235,Up
PRG4,2.7451993672997004,0.03854524928918566,0.04908416651994139,1.3090585792005884,Up
PRICKLE1,-1.4907622886972085,2.8424700689290665e-08,1.1435720237376764e-07,6.9417364777325234,Down
PRICKLE2,-0.928168640732558,7.581265672101607e-09,3.474689280288971e-08,7.459084025574394,Not Significant
PRICKLE3,1.5722042728692625,0.0001321329960309209,0.0002488051966384107,3.604140553049478,Up
PRIM1,0.5132149212686379,3.73589871947595e-05,7.779132637453643e-05,4.109068823545936,Not Significant
PRIM2,1.5822106840053536,1.5384210698449343e-13,1.6110243095236868e-12,11.792897906252202,Up
PRIMPOL,0.3628822430124927,0.004857475734730747,0.007047992301840349,2.1519345789532847,Not Significant
PRKAA1,0.34985840117165523,0.0003513590165528762,0.0006139793118393191,3.21184626225524,Not Significant
PRKAA2,-1.6727036171773566,5.58069848834494e-08,2.1095668507162076e-07,6.675806707571914,Down
PRKAB1,0.8739312653718301,1.3199323278569484e-08,5.736409952903752e-08,7.2413598193482835,Not Significant
PRKAB2,-0.1188460924273258,0.43108171038291,0.4667079151421209,0.3309548336265278,Not Significant
PRKACA,-1.2681558063761003,1.0597699068626901e-10,6.941561795666281e-10,9.15854280577997,Down
PRKACB,-2.2376441248903447,1.0748196276560488e-06,3.0785854089082786e-06,5.511648793314001,Down
PRKACG,0.07929387551110012,0.9319675850835342,0.9400862573477043,0.026832296005127727,Not Significant
PRKAG1,0.4510753674959176,0.0025155952830417977,0.0038091247379171906,2.419174805206708,Not Significant
PRKAG2,-0.9928656460374405,3.694247950713258e-15,4.6871352462827914e-14,13.32909251482481,Not Significant
PRKAR1A,-0.6427614504356427,0.008882993974547672,0.012404668879899258,1.9064148239392829,Not Significant
PRKAR1B,-3.5393110339879996,2.4425424551278392e-15,3.146569398076452e-14,13.502162685378662,Down
PRKAR2A,0.6913115110699621,4.613018743033892e-14,5.157774785496496e-13,12.287537625275148,Not Significant
PRKAR2B,-3.0216329021116,2.9454012064847275e-08,1.1812090666451889e-07,6.927673228165761,Down
PRKCA,-0.7867525772431669,1.5335113138663757e-06,4.261680820935136e-06,5.370419079937953,Not Significant
PRKCB,-4.372487101072117,1.2601061426283334e-12,1.152979952846306e-11,10.938178243827519,Down
PRKCD,0.09651988405495615,0.49645144305765787,0.5315956459781936,0.2744185847936178,Not Significant
PRKCE,-2.4833991247904414,9.754005623297798e-10,5.328733874680153e-09,8.273375968564473,Down
PRKCG,-6.430449643108604,1.5111697786681571e-47,1.383956759118456e-44,43.858877478932456,Down
PRKCH,0.8909796615675596,0.000879944493264904,0.0014283855664116408,2.8451545469274837,Not Significant
PRKCI,-0.6570588045508856,0.000352799197244827,0.0006160684890005872,3.2103710041641356,Not Significant
PRKCQ,-1.3526750278281163,9.244119510998643e-08,3.330660227246078e-07,6.477469669007566,Down
PRKCSH,0.8302658845967024,1.663246196554755e-07,5.688210667970089e-07,6.245024327495825,Not Significant
PRKCZ,-3.553429182461242,3.696616783170799e-43,8.866599398491101e-41,40.05224291293539,Down
PRKD1,1.1713827571280042,1.8519993257836124e-05,4.078041794086144e-05,4.389548327638806,Up
PRKD2,1.6188495678855137,7.753954787616149e-06,1.8457783679216704e-05,4.733820448146093,Up
PRKD3,2.0328596800380527,2.895059345277913e-07,9.453752947918864e-07,6.024395751171829,Up
PRKDC,0.8289996790858289,1.270657439293513e-07,4.4554831338123384e-07,6.3511051960104545,Not Significant
PRKG1,-1.0587316636315727,9.418705194014387e-05,0.0001821190712562398,3.739644573108624,Down
PRKG2,-5.1321506441483855,3.4528527329380506e-22,8.7617225268559e-21,20.057410504520483,Down
PRKRA,0.17757752845019326,0.07472759109826406,0.09124918214835298,1.039771019365176,Not Significant
PRKRIP1,0.9975976191151616,1.8722247880763947e-11,1.4064722233468755e-10,9.851868840367814,Not Significant
PRKX,1.1237178650742052,0.00022992612843814178,0.0004147315698989866,3.382232904324732,Up
PRMT1,1.0231151678325823,2.0837334066935706e-07,6.990186593083927e-07,6.155511231226404,Up
PRMT2,0.6870242450530704,7.284850669261044e-08,2.6783790380341516e-07,6.572127962619676,Not Significant
PRMT3,0.6356481951970068,5.954061238069039e-07,1.8115739327184388e-06,5.7419439371378935,Not Significant
PRMT5,0.6173054800953608,2.9899749561760146e-07,9.732151117453044e-07,6.011791156115404,Not Significant
PRMT6,0.6047391256532784,0.0003597888818045958,0.0006270784074912627,3.202678153249277,Not Significant
PRMT7,0.22303008037293637,0.05349123412863186,0.06670842938992787,1.1758192844308735,Not Significant
PRMT8,-4.66725596449678,2.780888464241832e-37,2.8297646857345675e-35,34.5482496775273,Down
PRMT9,-0.17050827290006154,0.10370895703550644,0.12412546431931708,0.9061391139169847,Not Significant
PRNP,-1.5817313931973374,7.193495448461216e-07,2.1490887647627013e-06,5.6677456462812446,Down
PROC,0.19509726460521293,0.4705201341905204,0.5060879598372093,0.29577399471741483,Not Significant
PROCR,2.662424260602526,2.766213686305879e-08,1.116459802718166e-07,6.95215690875193,Up
PRODH,-1.8465161095389462,2.8462866348059952e-06,7.438000404419091e-06,5.128543802363578,Down
PROM1,1.3331020861506442,4.792673405288555e-08,1.8392911194238822e-07,6.735349526034805,Up
PROS1,2.2427511405179477,1.7694075803985326e-17,2.833865177255138e-16,15.547620815403642,Up
PROSER1,0.13416545022541904,0.23095764834645943,0.26186464259338577,0.5819231367912814,Not Significant
PROX1,0.5958215378902274,0.006412743047880057,0.009134894437831406,2.039296466957553,Not Significant
PROZ,-7.446106602456318,0.00015195828298143312,0.0002827535542583963,3.548591927215568,Down
PRPF18,-0.7225977623220743,2.2611420376554788e-07,7.525188268034785e-07,6.123482630252947,Not Significant
PRPF19,-0.9056852546919423,0.000210103888382818,0.00038102368525085663,3.419048026807238,Not Significant
PRPF3,0.6967349835265537,0.0011436754745887676,0.0018256039820959032,2.7385934256206506,Not Significant
PRPF31,0.8806921025274619,9.384081472176677e-26,3.151174558356928e-24,23.501527538548814,Not Significant
PRPF38A,0.4276890889501601,1.2998764986777395e-05,2.9479864582799522e-05,4.530474515761358,Not Significant
PRPF38B,0.950350872893619,2.8088573667754845e-06,7.355453369611705e-06,5.133390553411986,Not Significant
PRPF39,-0.07645635359007485,0.6823787673365723,0.7113290254706778,0.147929469743646,Not Significant
PRPF4,0.6852455904921229,0.00028442896585560934,0.0005047273915852402,3.296943125439653,Not Significant
PRPF40A,0.5993029210519545,8.357232775702324e-06,1.97863132743655e-05,4.7036351190708405,Not Significant
PRPF40B,-0.4236265123717473,0.002495259360183895,0.0037800365104500087,2.42250400539812,Not Significant
PRPF4B,0.35224500432898154,0.00017427076148924378,0.00032083400059258803,3.4937196133078174,Not Significant
PRPF6,0.3765846034323772,0.0006606466416468973,0.0010982265718763892,2.9593080526320312,Not Significant
PRPF8,-0.01720992354619355,0.8052867812043333,0.8254435321380192,0.0833126310864276,Not Significant
PRPH,4.323480868829826,4.333146253891566e-12,3.598690466752155e-11,10.4438555066015,Up
PRPS1,0.30455844774120067,0.08270477496805781,0.10036958234287607,0.9983978830292561,Not Significant
PRPS2,-0.8425267423666298,0.004034648623150442,0.005929256051001831,2.2269997945300464,Not Significant
PRPSAP1,-0.11960303102157255,0.2752643308344699,0.3083369163910645,0.5109744751920043,Not Significant
PRPSAP2,-0.20444590111361194,0.022417715271717282,0.029555825631105863,1.5293569042892066,Not Significant
PRR12,-1.2998681652403228,3.4039297764792136e-05,7.148465409266542e-05,4.145787179991749,Down
PRR14,0.6680106424332166,0.008736706478973358,0.012215625408629785,1.9130842933598997,Not Significant
PRR18,-1.5814015131481156,0.0037090806308549763,0.005475568328726998,2.2615707971781944,Down
PRR3,0.3217312547000617,0.00014116766801330495,0.00026423691705054514,3.5780065063607953,Not Significant
PRR36,-3.6716873398785346,7.389275247620272e-10,4.124075282245242e-09,8.384673415559888,Down
PRR5L,2.061542106129714,1.0021450010793894e-06,2.8844596402496483e-06,5.539935533370597,Up
PRRC1,1.1577874988559635,1.1564626515310464e-08,5.085205042131716e-08,7.293691531065512,Up
PRRC2A,-0.5736235209271214,0.00019470288908354213,0.000355075471511152,3.4496793275724653,Not Significant
PRRC2B,-0.8384226906848653,6.52671890485485e-11,4.436583417510644e-10,9.352951348378335,Not Significant
PRRC2C,0.13605668012641914,0.2058057052844634,0.23501322546312448,0.6289076969451286,Not Significant
PRRG1,-1.1014691175871434,6.113066669348227e-06,1.4828417692517915e-05,4.828905189097778,Down
PRRG3,-5.16723179423966,8.955769081856968e-42,1.640371231465947e-39,38.785057855895865,Down
PRRT1,-3.199582556404355,9.781828412756348e-13,9.065514207001605e-12,11.042607557158123,Down
PRRT2,-2.783004496124585,3.578676107436555e-33,2.2254063645873984e-31,30.65259067421835,Down
PRRT3,-2.0529198584750397,1.5882599162465955e-12,1.4209707279101423e-11,10.847414868475092,Down
PRRX1,2.563251008932399,1.2917000153377414e-10,8.309441861119034e-10,9.080428146465799,Up
PRSS1,-6.177393962449727,0.02241770651939877,0.029555825631105863,1.5293569042892066,Down
PRSS23,2.087166937508444,6.053950461301914e-10,3.4224184594363343e-09,8.465666890319964,Up
PRSS3,-4.231821142930523,7.224127561674398e-18,1.2149559441787627e-16,15.915439469840939,Down
PRTFDC1,0.2591287421263502,0.026649968663550263,0.034771633767207016,1.4587749032364006,Not Significant
PRTN3,-2.7233732873728425,0.00010354965137384491,0.00019877271111663753,3.701643238776462,Down
PRUNE2,-0.22750324104040232,0.17612985109582383,0.2033152423443714,0.6918300615099662,Not Significant
PSAP,0.4887193189346739,0.002797594250992103,0.00420390281689953,2.376347332266086,Not Significant
PSAT1,0.07582510377241647,0.6039129966214051,0.6364493700140218,0.19623613906154203,Not Significant
PSD,-4.516290875610922,6.530994677627183e-36,5.575698337492902e-34,33.25370073094774,Down
PSD2,-1.36153121251035,7.883832304574768e-05,0.00015430683240001206,3.8116148438141693,Down
PSD3,-1.934045006098863,9.214968152045536e-09,4.1479709188430177e-08,7.3821642970829675,Down
PSEN1,0.3783553467979104,0.004363557529617481,0.0063846737187169935,2.1948612919450388,Not Significant
PSEN2,0.0041197847404284005,0.9565769713282498,0.9620202065649185,0.016815805813040475,Not Significant
PSIP1,-0.7542562297502791,1.2707861077804583e-05,2.8872122800587137e-05,4.539521283778144,Not Significant
PSMA1,0.32710838559022903,0.04487179367191302,0.05657156071204225,1.2474018396566577,Not Significant
PSMA2,0.504149074463264,0.00023539133244343153,0.0004239821711130215,3.3726524055535676,Not Significant
PSMA3,0.34289397246765674,0.0004143970629925817,0.0007160610656238881,3.145049939518087,Not Significant
PSMA4,0.38478022352685315,0.01899612329531764,0.02531575574728883,1.596609103158511,Not Significant
PSMA5,0.14393030108211136,0.5343767950669346,0.5691206082571413,0.2447956879985766,Not Significant
PSMA6,0.23018003880301308,0.004123532905476059,0.006051933346411104,2.2181058637693503,Not Significant
PSMA7,0.8000809281106349,2.2636424710788177e-05,4.903553308912434e-05,4.309489098911792,Not Significant
PSMB1,-0.04142104368216337,0.6090263952396995,0.6412345219110298,0.1929831047335507,Not Significant
PSMB10,1.8062875157658294,6.772228361549174e-08,2.5109837509844085e-07,6.600156097673633,Up
PSMB2,0.40266261545330906,0.0016430670466395455,0.0025512110708765076,2.593253609157797,Not Significant
PSMB3,0.8956684018844676,0.00020848986138752795,0.0003782605511969229,3.422208948928858,Not Significant
PSMB4,0.7483219026177821,0.00040076945530592207,0.0006934647016062966,3.1589756402687876,Not Significant
PSMB5,0.0016664003261084304,0.9898419474288772,0.9917123598606175,0.0036142740552727944,Not Significant
PSMB6,0.5454414402543328,0.003959190327125067,0.005822610708825974,2.2348822452106063,Not Significant
PSMB7,0.4213973352433946,0.029738835249424455,0.03846309234853023,1.4149558023670494,Not Significant
PSMB8,2.558160649855772,2.915981800883715e-06,7.594519302508414e-06,5.119499709737314,Up
PSMB9,2.60081496257909,2.026474194335456e-05,4.427391245659376e-05,4.353852098006913,Up
PSMC1,0.10238552225948538,0.467813777473277,0.5034457850940918,0.29804729075523534,Not Significant
PSMC2,0.7288283149466039,0.001788022306308047,0.002761811823634969,2.558805915453633,Not Significant
PSMC3,0.2079837056038052,0.1443203369328946,0.1688794371311395,0.7724232271852859,Not Significant
PSMC4,0.5798057137889003,0.002246817826983497,0.0034263461684880024,2.465168761782239,Not Significant
PSMC5,-0.03736997266804565,0.636545265330272,0.6675427531749929,0.1755209144227306,Not Significant
PSMC6,-0.21864653846650484,0.11912320916007828,0.14124849447723972,0.8500161724905535,Not Significant
PSMD1,-0.1547590363213338,0.31151882652653595,0.34600227766574676,0.4609210423216464,Not Significant
PSMD10,-0.20716484268534074,0.18182223247223314,0.20933453370574592,0.6791591206307768,Not Significant
PSMD11,0.14669340883567017,0.016045105737886294,0.021612300468440503,1.6652990032428454,Not Significant
PSMD12,-0.7311889670910183,0.0009714453300180233,0.0015678361702727288,2.804699320518796,Not Significant
PSMD13,0.4113548560768443,0.0018526608207646135,0.002856835314309309,2.5441147943208495,Not Significant
PSMD14,0.3135256274602334,0.061741097396486706,0.07635401610265248,1.1171681147915866,Not Significant
PSMD2,0.4526161528141124,0.00015681446721015017,0.0002911442946323356,3.5358917160624705,Not Significant
PSMD3,0.17473410727379246,0.0777833580597698,0.09479670325358346,1.0232067658652333,Not Significant
PSMD4,0.1093255079662967,0.2818012281065167,0.3151143936002941,0.5015317589383005,Not Significant
PSMD5,0.11196118136852462,0.19816676155266724,0.2267785931934079,0.6443979431510606,Not Significant
PSMD6,0.3247007711398524,0.002414594244523376,0.0036647958079608044,2.4359502180068398,Not Significant
PSMD7,-0.03781372825110907,0.7905158784837182,0.8119982267235816,0.09044491918863297,Not Significant
PSMD8,0.4656733490828735,0.01721870578392921,0.023100445074883857,1.6363796525016223,Not Significant
PSMD9,0.7647994054837,8.291034363756312e-06,1.965730293727491e-05,4.706476069403685,Not Significant
PSME1,1.0717319677584491,4.214378279690216e-08,1.6365745618659406e-07,6.786064203573652,Up
PSME2,1.2184927838869513,6.476004026221797e-08,2.4126946952721297e-07,6.617497630659565,Up
PSME3,0.06973294526098428,0.32497639315505583,0.35991778635048727,0.44379669093252255,Not Significant
PSME4,0.9038984718557685,1.5014578876439534e-05,3.364254172625709e-05,4.473111200270434,Not Significant
PSMF1,0.6012067682189048,2.152543690067732e-08,8.869008234659441e-08,7.0521249418702014,Not Significant
PSMG1,-0.15507575986675448,0.19920227526872106,0.22793772388199635,0.642183792774914,Not Significant
PSMG2,0.30207570970874187,0.00044639073244984477,0.0007658276973262494,3.1158689307822316,Not Significant
PSMG3,0.338528701181378,0.12772209428331088,0.15080548263127916,0.8215828691212346,Not Significant
PSMG4,0.5475160630911073,0.0041624276190492535,0.006104570655743512,2.214344875273293,Not Significant
PSPC1,-0.051828426503597314,0.28226601241150323,0.31556406714387786,0.5009124551761295,Not Significant
PSPH,1.4271562498431862,1.2377054678358887e-13,1.3083572804804556e-12,11.883273644579532,Up
PSRC1,1.4756230881602406,1.6085391673561114e-07,5.517338635323619e-07,6.2582703597183365,Up
PSTPIP1,1.881820630662304,0.00024084737528496582,0.00043257201972200847,3.363941575681329,Up
PSTPIP2,1.7641794311712395,2.461580794361533e-05,5.2975784922875625e-05,4.275922599786622,Up
PTAR1,0.43044884533150807,0.01883932068971598,0.025114108327140235,1.6000822367947836,Not Significant
PTBP1,2.2035200042038774,1.3572032180490442e-06,3.8084861333220254e-06,5.419247621331642,Up
PTBP2,-0.5790687365993321,0.0004149783597227973,0.0007166967248152684,3.144664580179415,Not Significant
PTBP3,0.3510176648085057,2.8811655722523918e-06,7.519394294007927e-06,5.123817141504713,Not Significant
PTCD2,-0.37626183625631526,1.1233784394294163e-05,2.5796476860752083e-05,4.5884396035102,Not Significant
PTCD3,0.30236282364072764,0.005696303565457915,0.008188436375345753,2.086799021120082,Not Significant
PTDSS1,-0.013188954984279633,0.9277423879516943,0.9365744880474364,0.028457676418473476,Not Significant
PTDSS2,0.21251073092875217,0.1241704557162776,0.14688740851171683,0.8330154312230548,Not Significant
PTEN,-0.9592502425439129,4.345247485876938e-11,3.0293441642023724e-10,9.518651383609019,Not Significant
PTER,1.1008353046047237,0.0002031591582410728,0.00036929364130648993,3.4326281701970536,Up
PTGDS,-2.4003694834376503,2.0881319228356445e-11,1.5501725122068005e-10,9.809619968326166,Down
PTGES,-0.2962351966006871,0.178264968926772,0.20552086255073257,0.6871440860468998,Not Significant
PTGES2,-0.6493760058970075,2.511234358217499e-05,5.396368371306118e-05,4.267898411823518,Not Significant
PTGES3,-0.22425093248575578,0.004550454647760536,0.006633089295549072,2.1782841561309643,Not Significant
PTGFRN,1.6274097650574681,1.277359954439687e-21,3.1233311118993703e-20,19.50538197271882,Up
PTGIS,0.5417333779966658,0.024336147092000025,0.031918024450567406,1.4959639969193208,Not Significant
PTGR1,-0.29624804224499357,0.09309512328577167,0.11198092799771509,0.9508559377821234,Not Significant
PTGR2,-0.02153964316405954,0.8845445483473621,0.8979143268894927,0.04676509889408288,Not Significant
PTGS1,2.918496692106654,4.638571135702889e-10,2.6732817861024544e-09,8.572955260585285,Up
PTGS2,0.5317579013774143,0.010722322835812077,0.014800860543706613,1.8297130333537979,Not Significant
PTK2,-0.6873984605825854,1.5833139722913906e-11,1.2047058124519235e-10,9.919118994273683,Not Significant
PTK2B,-2.148756422918172,1.3523188222629811e-13,1.4220521728055607e-12,11.847084469748372,Down
PTK7,2.3092249236082623,2.836985921683319e-07,9.288201551848475e-07,6.032068369076343,Up
PTMA,0.6596982582698665,2.300563091404034e-05,4.975498622328089e-05,4.3031633896771515,Not Significant
PTMS,0.7065589396544034,9.369606871087272e-07,2.7162422912038323e-06,5.566031493213486,Not Significant
PTN,1.821766143106636,8.353462076554975e-07,2.451289745389304e-06,5.610605351584917,Up
PTOV1,-0.19291765059617916,0.020976829917398184,0.027757859528158322,1.5566140263638033,Not Significant
PTP4A1,0.0230607437195971,0.8957010899144,0.9083242178173611,0.041759106460928695,Not Significant
PTP4A2,-0.15836306619673834,0.19594171476819203,0.22446177331985062,0.6488576103391903,Not Significant
PTP4A3,1.145035853535667,2.607612479631926e-05,5.5927375175243826e-05,4.2523755628218955,Up
PTPDC1,-0.04078240251494947,0.7846055322354007,0.8065424624223905,0.09337276316617561,Not Significant
PTPMT1,0.676151893618897,1.1863076858290966e-06,3.364544940045698e-06,5.473073666474587,Not Significant
PTPN1,0.96605452149484,6.373246035833923e-08,2.3779406676799963e-07,6.623798985722643,Not Significant
PTPN11,-0.281240881779091,0.008910861051851788,0.012440135010581334,1.9051749062985524,Not Significant
PTPN12,0.8654429263533672,1.650913639513783e-05,3.6729911670631294e-05,4.434980116059921,Not Significant
PTPN13,0.8513640956416779,6.077283939487273e-06,1.474886976786191e-05,4.83124125916974,Not Significant
PTPN14,0.45876377530435164,0.000986257133957429,0.0015901975620177882,2.7985489167083863,Not Significant
PTPN18,0.7607231461937793,0.00048818231680419495,0.0008307345708590304,3.0805377160775507,Not Significant
PTPN2,0.271566449324915,0.057027457449406065,0.07085527951964932,1.149627784360396,Not Significant
PTPN21,0.6781480480906019,8.522740975108369e-07,2.494424537572391e-06,5.6030296299936415,Not Significant
PTPN23,-0.5850928870226468,0.0002784157565639228,0.0004948412723403243,3.3055340851097212,Not Significant
PTPN4,-1.9385798431621488,1.4358305238666355e-09,7.573066333734287e-09,8.12072823910189,Down
PTPN5,-4.92339483459345,1.277549538468502e-35,1.0463442317505438e-33,32.98032541551105,Down
PTPN6,2.721814514846498,5.342795483225445e-10,3.04775321053302e-09,8.51602020256963,Up
PTPN7,5.0235414953354045,1.8307775048564274e-05,4.035722666066444e-05,4.394078686026642,Up
PTPN9,0.4401861101767679,0.0027900120695859222,0.004193134654484347,2.377461190837423,Not Significant
PTPRA,-0.2358265749319557,0.00031651007065117316,0.0005577265089627284,3.2535787128284532,Not Significant
PTPRC,2.5426535511577786,4.4097524019952874e-07,1.3817681398973725e-06,5.859564825276587,Up
PTPRD,-1.8526836401330122,2.287537666322984e-16,3.2968032118079746e-15,14.481906975385373,Down
PTPRE,0.6089580897593194,2.375775050746077e-08,9.698935282098057e-08,7.013275938567685,Not Significant
PTPRF,-0.13877665613857104,0.24814719015900602,0.27987402526442307,0.5530374059560828,Not Significant
PTPRG,0.14610339164225294,0.05892715874652601,0.07310741344981564,1.1360385812213647,Not Significant
PTPRJ,0.5683620316329794,2.935279159107614e-11,2.121234020720954e-10,9.67341141620702,Not Significant
PTPRK,-1.1929791096011542,2.1907163870726917e-09,1.1163013092245977e-08,7.952218565907657,Down
PTPRM,-0.95054659526512,1.2885208486082193e-12,1.177909167774882e-11,10.928888198050688,Not Significant
PTPRN,-3.6660959141870944,9.164071435767008e-31,4.570240378411725e-29,28.340060956982157,Down
PTPRN2,-2.412200909712322,2.552738284240668e-16,3.67375506792007e-15,14.434889801812641,Down
PTPRO,-0.6269511475650518,0.004520173566986859,0.0065942150977133475,2.1808368906435196,Not Significant
PTPRS,-0.24968622935069007,0.03564433331752739,0.04564395752393173,1.3406167074551203,Not Significant
PTPRT,-4.961905899456674,2.8064884099841926e-38,3.212791391156904e-36,35.49311747258439,Down
PTPRZ1,2.7026659199199976,1.4235758284767458e-10,9.082395754322189e-10,9.041799578170169,Up
PTRH1,0.5222791455474614,0.00027749808134696404,0.0004935585578194413,3.3066613134519804,Not Significant
PTRH2,0.5788115388987567,4.922729890633467e-06,1.2196650496370278e-05,4.913759421019484,Not Significant
PTRHD1,0.2922860228557731,0.06289985688393349,0.07767261071938537,1.109732097163378,Not Significant
PTS,0.2470025228812034,0.1259330820848834,0.14879777960627674,0.8274035493811106,Not Significant
PTTG1,2.5875049321813446,2.649192658178161e-11,1.931111927531606e-10,9.714192553718991,Up
PTTG1IP,2.0821009690923127,4.2210092115453084e-07,1.3292418504878847e-06,5.876395993642327,Up
PTX3,4.814438034024878,2.3732477196990005e-26,8.538606260088476e-25,24.068613012560473,Up
PUF60,0.9454823771325636,9.529956299836768e-08,3.4165402051443277e-07,6.4664134642228435,Not Significant
PUM1,0.04927630728982635,0.44092542185739625,0.47664799868992486,0.32180222611764014,Not Significant
PUM2,-0.5458257745983914,1.0970512270403689e-08,4.857887499430627e-08,7.313552546950037,Not Significant
PURA,-1.779644915366191,3.4299073541365657e-37,3.421077889660571e-35,34.46583703786852,Down
PURB,-0.4473762995081074,0.0012312939160133202,0.0019558585477638265,2.7086625575990406,Not Significant
PURG,-1.0218510474142395,3.4360182550629446e-14,3.920096025085402e-13,12.406703294547416,Down
PUS1,0.6491441876414434,0.001154197990769447,0.0018415252706701628,2.7348223170820507,Not Significant
PUS10,0.3090034267570907,0.19084446914463007,0.21899992981060962,0.6595560243510681,Not Significant
PUS3,0.6984398868195534,4.14991464145339e-06,1.0441118905594769e-05,4.981252958375188,Not Significant
PUS7,0.5452088992526214,9.524244770228732e-08,3.4165402051443277e-07,6.4664134642228435,Not Significant
PUS7L,-0.18845847757053846,0.21526857848548547,0.24520755988950482,0.6104661443996117,Not Significant
PUSL1,1.1180169879974091,5.857807010242009e-09,2.747278762624674e-08,7.561097271075508,Up
PVALB,-7.211275862593737,3.493716591721311e-14,3.9769153610170047e-13,12.400453651818752,Down
PVR,-0.038778756116890634,0.6078264913269785,0.6401049627459734,0.19374880569776326,Not Significant
PWP1,0.393823434732667,0.031121469664964166,0.040143109526869274,1.3963889896448545,Not Significant
PWP2,0.3239883409081781,0.5820091628626838,0.6151028437556312,0.21105226513277378,Not Significant
PWWP2A,0.10430194833677575,0.2659351253422253,0.29886551234912734,0.5245241975756996,Not Significant
PXDC1,2.205905873664122,1.7229122098261195e-06,4.719036868349192e-06,5.326146629637753,Up
PXDN,3.345170632341322,2.2799005848876805e-08,9.332704489775442e-08,7.029992485429719,Up
PXK,-0.6722696181073466,0.008794106325289897,0.012287354663102693,1.9105416060375948,Not Significant
PXMP2,0.44409348226248113,0.005461869958189438,0.007870530390330482,2.1039959998096545,Not Significant
PXMP4,0.36022237736245977,0.0001988145120791418,0.00036204942058663673,3.441232143215118,Not Significant
PXN,1.5258529131295777,0.00024647998840251014,0.00044197924584672254,3.354598123469606,Up
PXYLP1,0.8590601758902991,6.251089131415027e-09,2.9181404962870703e-08,7.53489380247227,Not Significant
PYCARD,3.1403248234202987,6.649462895229641e-07,1.9997046229702713e-06,5.699034149379925,Up
PYCR1,2.0551951011794767,5.402956137813794e-09,2.548191953761056e-08,7.5937678599633625,Up
PYCR2,0.6319901511970833,3.607581400230765e-10,2.1317382318916943e-09,8.671266125829643,Not Significant
PYGB,-0.07748374684291548,0.5549814867876351,0.5894447546545742,0.22955689264350934,Not Significant
PYGL,3.2255249144496947,9.204512523740944e-09,4.1469704456246096e-08,7.38226905972831,Up
PYGM,-1.8995647403778424,0.00038876668982526367,0.0006740853069362662,3.1712851390918066,Down
PYGO1,0.6887661929399531,0.0008702669508777055,0.0014138153947979369,2.849607293689437,Not Significant
PYGO2,-0.01589741511153875,0.7943164680488276,0.8151939791283506,0.08873903660833991,Not Significant
PYROXD1,-0.3950452805163902,0.013124994496624643,0.01787255941592277,1.7478132504814827,Not Significant
PYROXD2,-0.21719377513688265,0.43350918880711214,0.4689832010355292,0.3288427134218797,Not Significant
PYURF,0.45478820998883407,0.0046433868531099475,0.006753895344820908,2.170445673271073,Not Significant
PZP,0.29445963248697105,0.24586871366955126,0.2774595520899585,0.5568003191520318,Not Significant
QARS,1.3141412418848049,4.124690400219102e-11,2.8956188914151383e-10,9.53825859863753,Up
QDPR,-1.2890585067698517,0.00025530958042612915,0.00045651201867462284,3.3405477842296634,Down
QKI,0.5769215399712131,0.002384241100445899,0.0036216593555325675,2.44109240078334,Not Significant
QPCT,-1.228237136923715,0.00032557191416993987,0.0005721582465648412,3.242483838156263,Down
QPCTL,0.3789211577418534,0.0003361087520921551,0.0005893750336947556,3.229608265089844,Not Significant
QPRT,0.6451993868314254,6.681925719605305e-05,0.0001326117409363748,3.8774180234565154,Not Significant
QRICH1,0.13473134498029538,0.012118559459413437,0.016614366901759794,1.7795162030648204,Not Significant
QRSL1,0.3898012912550364,3.7930552701045475e-06,9.622573354579001e-06,5.016708769517086,Not Significant
QSER1,0.24111332806712227,0.012781945150477526,0.017440784971679613,1.758433972316467,Not Significant
QSOX1,0.25657519832292053,0.015622449058473035,0.021082458381119537,1.676078748340737,Not Significant
QSOX2,0.46683314447048474,3.863705847775353e-06,9.787018534193841e-06,5.009349589233972,Not Significant
QTRT1,0.6361968961720947,0.0011855894093432127,0.0018880220850021378,2.723992929879865,Not Significant
R3HCC1,0.6649419389087079,5.354183362409832e-06,1.3171683319393564e-05,4.880358719373218,Not Significant
R3HCC1L,-0.08764359424548829,0.23692680622874399,0.2680894806187091,0.5717202266694025,Not Significant
R3HDM1,-2.36323905242309,1.7873954038151764e-08,7.490108693025826e-08,7.125511879972252,Down
R3HDM2,-1.3631518187585954,1.2205058612441625e-09,6.519287405182234e-09,8.185799872505857,Down
RAB10,0.49781783235655297,1.940214340190508e-05,4.254618907940613e-05,4.371139334190574,Not Significant
RAB11A,-0.6196630295287129,0.007472450638250565,0.010559330583495048,1.9763636133466504,Not Significant
RAB11B,-0.22927854554450633,0.08360412208897329,0.10134420211100759,0.9942010921926961,Not Significant
RAB11FIP1,-0.8009403731616604,1.2630787899350297e-07,4.4335385818137593e-07,6.353249507838488,Not Significant
RAB11FIP2,-1.714828088334265,7.98780730994174e-13,7.50645250376428e-12,11.124565259005744,Down
RAB11FIP3,-0.6279778611148288,0.00038526890417815983,0.0006689415616495661,3.1746118202914593,Not Significant
RAB11FIP5,-1.7349516908059037,3.377977360124632e-26,1.1898511862201238e-24,23.924507352090504,Down
RAB12,-0.5185748598727251,0.003608417860424956,0.005336347845848651,2.2727558690073804,Not Significant
RAB13,2.5890533739126305,1.1626797828133552e-06,3.3031122763851495e-06,5.481076663915068,Up
RAB14,-0.38969937924933973,0.00011855933061157047,0.00022526720041134683,3.6473020382688226,Not Significant
RAB15,-2.5113558936092133,1.7548304720923553e-20,3.9197698837823476e-19,18.406739428167548,Down
RAB18,-1.1719961680197208,2.5737187562421382e-06,6.787341034131754e-06,5.1683003288665,Down
RAB1A,-0.08369355274680856,0.4609811414820549,0.49657565298307654,0.3040145776415262,Not Significant
RAB1B,0.18292962813738356,0.05422842397504996,0.06758593877578292,1.1701436494325,Not Significant
RAB20,2.950603979276881,9.457038954382497e-07,2.7376497248979674e-06,5.562622119487415,Up
RAB21,-0.3328627637100219,9.659482491195956e-05,0.00018638120401514663,3.7295978870683926,Not Significant
RAB22A,-0.744476492247923,5.466990244794614e-05,0.00011028125696047445,3.9574982925491526,Not Significant
RAB23,-0.05688770616433203,0.46055178298979793,0.49637302469661115,0.3041918281880833,Not Significant
RAB24,0.13958934685846103,0.26870359858464204,0.30153949561564936,0.5206557959465314,Not Significant
RAB27A,1.110195008145988,3.862585378581506e-05,8.009815789178693e-05,4.096377471763844,Up
RAB27B,-2.953982283321441,1.3671659143126817e-07,4.759097933927421e-07,6.322475358087007,Down
RAB28,0.2289433033562034,0.0008225816905922216,0.0013415252169743394,2.8724011593767793,Not Significant
RAB29,1.0581141224889663,3.7453823124754327e-07,1.1902517796806786e-06,5.92436116048994,Up
RAB2A,-0.8230247624022446,0.0030344962185856763,0.004530159292535878,2.343886526761329,Not Significant
RAB2B,0.10244512954161777,0.2579806034880102,0.2902822070298464,0.5371795836157128,Not Significant
RAB30,-1.223219443812468,1.1088305444745576e-16,1.6647330707953343e-15,14.778655392892876,Down
RAB31,1.3368982666557336,9.144622142833135e-07,2.6533100076872407e-06,5.576212004913116,Up
RAB32,2.330619402872504,1.0444338423428589e-29,4.7825575126190724e-28,27.32033979866336,Up
RAB33A,-1.4291129206863982,0.0004932013778180652,0.0008381428272839388,3.076681967269707,Down
RAB33B,0.21411911700459818,0.008104247929719003,0.011380289049900925,1.9438467070813046,Not Significant
RAB34,1.7986353503650534,9.881891944301335e-06,2.296428591623798e-05,4.638947054598729,Up
RAB35,0.265819596754028,0.002015097693594642,0.003093112016649768,2.5096043517937914,Not Significant
RAB36,-0.5361166133711102,0.00022200425023410385,0.00040137667208513315,3.396447872205051,Not Significant
RAB37,-3.1267154205430128,2.668110690940217e-30,1.2922378413717186e-28,27.888657545405202,Down
RAB39A,1.05874066409336,3.4356547733861393e-11,2.4390969828817453e-10,9.61277093101345,Up
RAB39B,-0.906285406505031,0.00185854003101964,0.0028650240661808497,2.542871725610851,Not Significant
RAB3A,-4.763757822125035,2.2485586128926658e-18,3.9532250377453254e-17,16.403048462694915,Down
RAB3B,-3.2593709997542586,1.6073983791574482e-11,1.2221080205005383e-10,9.912890405685953,Down
RAB3C,-5.470666631613639,6.273383231862802e-12,5.0518035713657764e-11,10.296553544405388,Down
RAB3D,-0.23785964294258477,0.02663963127729704,0.0347626483792086,1.4588871444022466,Not Significant
RAB3GAP1,-0.6455604823579009,0.0004934782930935842,0.0008384719724447238,3.076511449952392,Not Significant
RAB3GAP2,0.2686061541900706,0.018645289297745973,0.02487190736036718,1.604290908565229,Not Significant
RAB3IL1,0.9406819270461249,1.597935521772264e-08,6.780792942853323e-08,7.168719516963379,Not Significant
RAB3IP,0.4832296253310453,6.28103773749887e-05,0.00012522298469733547,3.902315948992566,Not Significant
RAB40C,-1.3089387923235591,1.2414845015706802e-07,4.3653455039521927e-07,6.359981377497533,Down
RAB42,4.652976438020142,1.6170737229474744e-10,1.0221056969180549e-09,8.99050419107536,Up
RAB43,1.0509013314394604,0.0034913737026608473,0.0051723674530302025,2.2863106297400706,Up
RAB44,5.704641926347669,0.006738785409010892,0.009577669894240368,2.018740135510201,Up
RAB4A,-0.6581537010285174,4.809268134965085e-06,1.1936084550785482e-05,4.923138113479858,Not Significant
RAB4B,0.13927969874553625,0.1271730261529902,0.15019238751057717,0.8233520789558998,Not Significant
RAB5A,0.017399952543136976,0.8686525917898016,0.8836520458134365,0.05371871273731549,Not Significant
RAB5B,-0.8195378415140553,1.6909117712284353e-09,8.816897092833985e-09,8.054684228083211,Not Significant
RAB5C,0.8236400588606934,2.3336248684513538e-06,6.216006590369894e-06,5.20648853375673,Not Significant
RAB6A,-1.133010511265507,0.00013841501394686137,0.000259615127629991,3.585670005034939,Down
RAB6B,-3.2587466692149114,7.231221037551556e-13,6.827302786531806e-12,11.165750836037443,Down
RAB7A,0.19764423746313753,0.005612188044652886,0.008072127693008734,2.09301197661128,Not Significant
RAB7B,2.2131823258784866,2.30369015492544e-09,1.1673459395428003e-08,7.932800422985673,Up
RAB8A,1.2640328728657586,1.1132629815841181e-08,4.916708144006316e-08,7.308325570682683,Up
RAB8B,0.15565675731887652,0.05236095122521859,0.06536359636218737,1.1846640605563614,Not Significant
RAB9A,0.9060214959613795,6.984993130751058e-14,7.648567478172409e-13,12.116419897471497,Not Significant
RAB9B,-1.9413892073619845,3.5544262620419044e-08,1.399268861422827e-07,6.8540988303160715,Down
RABAC1,0.6082958485961001,7.313585734146739e-05,0.00014423857221181332,3.840918585256812,Not Significant
RABEP1,-0.7717265581313271,2.586565823367349e-07,8.526526212239094e-07,6.06922786849633,Not Significant
RABEP2,0.9786124658672932,9.940851332206269e-06,2.307468578816727e-05,4.6368642041219506,Not Significant
RABEPK,0.3305531391359082,0.006044760121799352,0.00865722397881812,2.0626213463147023,Not Significant
RABGAP1,-0.5501379175059071,1.6930379326276808e-17,2.728906261326601e-16,15.564011382207639,Not Significant
RABGAP1L,-1.3408458564257764,1.0323629106083753e-06,2.9646590540104825e-06,5.528025244787369,Down
RABGEF1,0.12137265383021756,0.1299360725357046,0.1531861901374708,0.8147803849477104,Not Significant
RABGGTA,-0.19764059004056378,0.0518009201258677,0.06472866154155187,1.1889033732250502,Not Significant
RABGGTB,0.3459542447236821,0.00772399235298702,0.010890342752133133,1.9629584514639138,Not Significant
RABIF,-0.21092875971627478,0.06752779811141736,0.08306166522276173,1.0805993663900322,Not Significant
RABL2A,-0.22774921305315488,0.1908477649203238,0.21899992981060962,0.6595560243510681,Not Significant
RABL2B,-0.38006787141860876,0.01921920421692702,0.02558666093317336,1.5919863859735077,Not Significant
RABL3,-0.24393092279337125,0.06291225897464188,0.07767840383754655,1.1096997070401624,Not Significant
RABL6,-0.8113387212437502,1.1194511017587651e-06,3.190198132706591e-06,5.496182343504254,Not Significant
RAC1,0.35098713127567294,0.012227478953283724,0.016738636088514777,1.776279932445741,Not Significant
RAC2,2.4939096277608606,8.52630938042654e-05,0.00016601090200699063,3.7798633907189205,Up
RAC3,-0.7399418883550446,5.2143990081574857e-05,0.00010548163776742674,3.9768231357250743,Not Significant
RACGAP1,1.5477304154021105,2.7068889811018195e-23,7.4506009824097615e-22,21.127808694658764,Up
RAD1,-0.2935407190343504,0.03642234955742389,0.046541334164124475,1.332161171289679,Not Significant
RAD17,0.13214386572609627,0.2500561894478494,0.28196396378975097,0.5498063928413017,Not Significant
RAD18,1.069190703170122,7.9278306018225495e-16,1.0777998040858348e-14,13.9674618996827,Up
RAD21,-0.3077643106754344,0.016090574550206217,0.021670648130852597,1.664128099504201,Not Significant
RAD23A,0.04264976639400331,0.6475110975925369,0.6777170698334771,0.16895157553582735,Not Significant
RAD23B,0.053196209989831544,0.5815506666464825,0.6146827631724546,0.21134896511900927,Not Significant
RAD50,-0.23479677642377084,0.0463713433204757,0.05832749564370985,1.2341266700892108,Not Significant
RAD51C,-0.4213212717903545,0.001142878719454075,0.0018246212709636055,2.738827266549791,Not Significant
RAD54L2,0.5306959093282231,2.5250064881749804e-05,5.423649330890139e-05,4.265708397788227,Not Significant
RAD9A,0.25670755501185916,0.09391225387071586,0.11293685633205104,0.9471643052891048,Not Significant
RADIL,-0.31399484393309507,0.07037038840756878,0.08623175925287042,1.0643327535720999,Not Significant
RAE1,0.23417534368949333,0.03538054664923341,0.045340748879834296,1.3435113110358419,Not Significant
RAF1,0.9016817483519048,3.0728109477582104e-10,1.8469867236107527e-09,8.733536226315747,Not Significant
RAI1,-0.9198425749466246,0.00030847138763012645,0.0005444184931650129,3.2640671308178812,Not Significant
RAI14,2.276436206751365,6.034671655248619e-08,2.2701001588862806e-07,6.643954980916122,Up
RALA,0.5855364975321073,4.4976052986913313e-07,1.407545069245619e-06,5.851537690251887,Not Significant
RALB,-0.8190392804847733,6.540543829365194e-05,0.00013003638945534825,3.885935097476338,Not Significant
RALBP1,-0.26431932748775466,0.0021836050969426973,0.0033319657295669087,2.4772994741129466,Not Significant
RALGAPA1,-0.8570179216964249,1.3521168339813545e-26,4.935226444031944e-25,24.30669291571221,Not Significant
RALGAPA2,0.7124169677966492,0.007315093388690803,0.010354398032551799,1.9848751443552919,Not Significant
RALGAPB,0.15680494108637433,0.07099302078092472,0.08695242447988275,1.060718304132172,Not Significant
RALGDS,0.22678346094279433,0.30157270799569985,0.33569540998327957,0.47405459688890034,Not Significant
RALGPS1,-1.5305335461355742,1.8105460693017367e-15,2.3626219044230177e-14,13.626605773907642,Down
RALY,1.1999306319950591,8.422522711380978e-10,4.6594450189155396e-09,8.33166580854092,Up
RALYL,-4.870261574501427,1.1191265701178462e-34,8.413493333856106e-33,32.075023645033056,Down
RAMP1,0.9517131678380188,1.4742714154618407e-06,4.108384575204034e-06,5.386328909994028,Not Significant
RAN,-0.039761276610580154,0.8368398085175208,0.8543958884164897,0.06834085025269913,Not Significant
RANBP1,0.47011590612036613,0.0023618979233947265,0.0035893437441964814,2.4449849481702235,Not Significant
RANBP10,0.3342785609630887,0.0687696604894127,0.08440369880242977,1.073638520977584,Not Significant
RANBP2,-0.34269513688818165,0.0023037249505695506,0.003507818191057687,2.454962924047893,Not Significant
RANBP3,0.34397680239372264,0.0001410578789568848,0.00026409669152525374,3.5782370393887817,Not Significant
RANBP6,-0.7107340263937161,0.005392607474472227,0.0077807401457796075,2.108979088622291,Not Significant
RANBP9,-0.5419288797627289,9.832800780233008e-05,0.00018947137540181204,3.722456392260786,Not Significant
RANGAP1,-1.377344742186331,1.9510371771676745e-11,1.4580673978328748e-10,9.836222400688554,Down
RANGRF,0.2547708928676222,0.0011346000557761193,0.00181226588899455,2.7417780838933403,Not Significant
RAP1A,-0.22703183567904617,0.0297169473623015,0.0384397185063977,1.4152198013251829,Not Significant
RAP1B,1.1754025319548642,3.260884767508039e-10,1.9472527058610543e-09,8.710577684001624,Up
RAP1GAP,-3.01264126756654,6.75246117788798e-34,4.504920126228047e-32,31.3463129048061,Down
RAP1GAP2,-3.341393451626553,1.695355222034124e-24,5.1754571232641713e-23,22.28605128503172,Down
RAP1GDS1,-0.9442014871442197,0.0009829986806427064,0.0015857051575331664,2.7997775612555906,Not Significant
RAP2A,-1.2210494244597854,1.0343167615089347e-05,2.3928473553695696e-05,4.621085005036842,Down
RAP2B,0.8531261380616222,7.558696347614098e-06,1.8022794557601044e-05,4.744177867804935,Not Significant
RAP2C,0.21848349397344435,0.048396373756641825,0.06070033232375619,1.2168089312315227,Not Significant
RAPGEF1,0.0015994990146026566,0.9883671560005832,0.990727435776107,0.004045810116173287,Not Significant
RAPGEF2,-1.5413732129084572,2.502465428252277e-10,1.5214144070134847e-09,8.817752475515709,Down
RAPGEF3,-1.6079760804502143,7.485713007642641e-05,0.000147344808204361,3.8316651622091755,Down
RAPGEF4,-3.2476403453064187,2.9231694017423083e-26,1.0369017096180285e-24,23.984262409467902,Down
RAPGEF5,-2.739477919356908,7.3026253070927095e-16,9.961624998450196e-15,14.001669811145009,Down
RAPGEF6,0.005336280128187099,0.9785868827391541,0.9822921738455798,0.00775931606645152,Not Significant
RAPH1,-0.4214321261192353,0.0006846168101915724,0.001133787563023163,2.945468311271699,Not Significant
RARA,0.8519173602761683,8.756725243127443e-06,2.060622520422001e-05,4.6860015581055245,Not Significant
RARRES2,1.117308745474599,6.672781169398495e-05,0.00013245634975472007,3.877927217454812,Up
RARS,0.27983880260396177,0.005171473040955355,0.007478814156558174,2.1261672585647817,Not Significant
RARS2,0.47697619300829786,0.0012145845791381909,0.001930229539397087,2.7143910424088276,Not Significant
RASA1,-0.5084778333274436,0.0013639507626334757,0.0021479505991511077,2.6679757112233156,Not Significant
RASA2,-0.40137171295339513,0.0012860177196322635,0.0020357232098641457,2.6912812718168286,Not Significant
RASA3,0.28734036477460734,0.010282056165635657,0.014230173624483254,1.846789800991261,Not Significant
RASA4,0.13332699421616923,0.6196438922862181,0.6513243500512689,0.18620268522954045,Not Significant
RASAL1,-4.021270154558206,4.153516109805246e-28,1.6871984391200827e-26,25.77283383504776,Down
RASAL2,-1.0286248485192893,5.482416154403649e-11,3.7596909693303175e-10,9.424847850771858,Down
RASAL3,1.713497557838961,8.45114423334087e-06,1.9975792352575297e-05,4.699495985104018,Up
RASGEF1A,-3.1869415415209765,1.664456854033159e-44,5.7819787405276e-42,41.23792350949838,Down
RASGRF1,-4.890366456761457,4.478374147800005e-30,2.1180817448327346e-28,27.674057282828766,Down
RASGRF2,-3.9582893557661,6.273172577607029e-09,2.927093123983937e-08,7.533563460487626,Down
RASGRP1,-1.3675101142459027,1.0538773238250284e-05,2.4333624020658574e-05,4.613793206524662,Down
RASGRP2,-0.6597851404666404,0.0003883054684567562,0.0006735969574357783,3.1715998831649337,Not Significant
RASIP1,-0.6553113875606087,0.0011553181207251395,0.0018427287441711614,2.7345385896750454,Not Significant
RASL12,2.0696978552703325,2.096511725459459e-05,4.567530086997965e-05,4.340318583203852,Up
RASSF1,1.1839295730034003,1.3027755033894988e-06,3.670067231864041e-06,5.435325979845971,Up
RASSF2,1.5825087039051517,1.325753983635683e-05,2.99992040232387e-05,4.522890268377045,Up
RASSF4,1.3333091480568058,1.756678619175006e-05,3.885132910992099e-05,4.410594119328165,Up
RASSF5,-0.22171834747782526,0.038845974943835085,0.04944836385951411,1.3058480737036082,Not Significant
RASSF8,0.4592796744924357,0.005064586542923137,0.007329499329608919,2.1349256905450145,Not Significant
RAVER1,1.249209336094932,4.434342860055921e-06,1.1089349302985015e-05,4.955093936485088,Up
RAVER2,-0.0634334530622489,0.6630470081872553,0.6928260097996484,0.15937581657323474,Not Significant
RB1,0.6362968358609891,2.4746473161919795e-13,2.5029715927026105e-12,11.601544079358021,Not Significant
RB1CC1,-1.4617831342389387,4.705456127172601e-15,5.895866296658803e-14,13.229452373738166,Down
RBAK,0.6187826886739991,7.244154259310444e-07,2.1616590642267005e-06,5.665212801687473,Not Significant
RBBP4,0.26834859738463024,0.0007724396557780253,0.0012669418906395028,2.897243303943197,Not Significant
RBBP5,-0.3556547892240438,0.003685765423840362,0.005442744192284932,2.2641820769432206,Not Significant
RBBP6,0.29750128988003866,0.02400999994263764,0.031514884615261446,1.5014842786080784,Not Significant
RBBP7,0.8335250433542036,4.5219012303085134e-05,9.25698699332005e-05,4.033530346482803,Not Significant
RBBP9,1.057764228152024,4.868986549603248e-11,3.3665182224230007e-10,9.472819030423324,Up
RBCK1,1.0200454582085676,0.0002787287216314221,0.0004953101326009784,3.30512278752798,Up
RBFA,0.464572036749324,0.01128121720356795,0.015517064733580492,1.8091904280888778,Not Significant
RBFOX1,-5.6904992738808104,5.496657671380042e-27,2.0584880810960054e-25,24.686451643278698,Down
RBFOX2,-1.3251659764755104,1.1447892525068543e-09,6.160580624868617e-09,8.210378354346421,Down
RBFOX3,-6.917094223283394,1.1399496809868718e-39,1.4914094917223047e-37,36.826403097272255,Down
RBKS,0.008396936203027394,0.9412388656225141,0.9482988631144322,0.023054770102388763,Not Significant
RBL2,0.25691108663423634,0.019485241748550503,0.025920285933566323,1.5863602119571112,Not Significant
RBM10,0.47703505272742674,0.0008372655534603354,0.0013646033304577606,2.8649935731135194,Not Significant
RBM12,0.47950549265660314,3.3964650592597475e-07,1.091071078028785e-06,5.962146956295079,Not Significant
RBM12B,0.11134843108290582,0.3254311528850923,0.3603693551530614,0.44325214736496216,Not Significant
RBM14,0.3482397557477519,0.18632883279128906,0.21427815770998243,0.669022096197947,Not Significant
RBM15,0.9641506821800654,4.2708553268758686e-08,1.6547921754979806e-07,6.781256541285158,Not Significant
RBM15B,0.647239883298468,1.5776507356552976e-06,4.371081823705025e-06,5.359411063734329,Not Significant
RBM17,0.012630280445915076,0.8436637197440165,0.8605779984509137,0.06520976129030277,Not Significant
RBM18,-0.3432482298249617,0.01742298423177244,0.023352733255837622,1.6316622813309132,Not Significant
RBM19,0.1741303994902097,0.34375126461732947,0.379127462202209,0.4212147561936826,Not Significant
RBM22,0.7311582054255155,3.4263865033119843e-07,1.0996310173419857e-06,5.958753018491644,Not Significant
RBM23,0.28273173675408714,0.00010126938239988079,0.00019458091899607075,3.71089974978715,Not Significant
RBM25,0.0023197307901234865,0.9836138814552077,0.9864535830542321,0.005923345381563899,Not Significant
RBM26,-0.40895030819717704,4.320264187554667e-05,8.876675795518196e-05,4.0517496416482235,Not Significant
RBM27,-0.36618156563512194,0.00014670970344407504,0.00027364442742003553,3.5628133915389095,Not Significant
RBM28,0.8493573154264666,0.0001809073903772434,0.00033183922990902216,3.479072273146195,Not Significant
RBM3,1.542320750040723,0.00145836184066297,0.0022848424856669923,2.6411437343090376,Up
RBM33,0.2722891651983872,0.16287134831201025,0.18887601737023035,0.7238231833433901,Not Significant
RBM34,0.1918061106100506,0.05558947104768541,0.06915303122362358,1.1601887784637015,Not Significant
RBM38,1.684159955219032,1.9685727187365112e-07,6.630358264310135e-07,6.178463004323847,Up
RBM39,0.6131852357471814,9.454367561083298e-05,0.00018270343144130663,3.7382532958766372,Not Significant
RBM4,0.47444400784673135,0.001383224063143663,0.0021766009390986035,2.6622211877865984,Not Significant
RBM42,1.075872286087069,1.2510498858168552e-07,4.395910899797349e-07,6.356951118823275,Up
RBM43,0.6561647996883497,0.00013628696966345655,0.000256005021888805,3.591751515324068,Not Significant
RBM45,0.1878178565897919,0.13932934033846067,0.16349490676408301,0.7864957720477762,Not Significant
RBM47,3.7995877689800004,9.107583816246189e-09,4.108813227266642e-08,7.386283599845705,Up
RBM48,-0.43357005498925005,0.03954977888562436,0.050306120264366136,1.2983791752751082,Not Significant
RBM4B,0.5656217327653366,0.0005025423206979647,0.0008524349787356958,3.069338737793807,Not Significant
RBM5,0.6512213616901512,0.0017018213254803936,0.0026367499281589484,2.578931057150281,Not Significant
RBM6,0.4919581029751505,0.015298506196634466,0.020681313932487334,1.684421872952292,Not Significant
RBM7,0.7068677189481853,1.8990485418752152e-09,9.820849594892668e-09,8.00785094007319,Not Significant
RBM8A,0.4879332655146058,0.000658226324745031,0.0010947617625031273,2.960680379899017,Not Significant
RBMS1,1.3958502416059861,7.059071154990777e-09,3.251627014877782e-08,7.487899276937288,Up
RBMS2,0.7996994183428239,0.014139294303431835,0.019181154162775695,1.7171252641390793,Not Significant
RBMS3,-0.5705640878765852,0.0006564336008036918,0.0010923211256188292,2.9616496669588965,Not Significant
RBMX,1.000824067131255,9.266779025019742e-18,1.543033585091717e-16,15.811624621142768,Up
RBMX2,0.19594225264744836,0.0007757197066472051,0.0012719076049420481,2.8955444359527363,Not Significant
RBMXL1,-0.20021321725724306,0.00714708242436587,0.01012796572556784,1.9944777770366278,Not Significant
RBP1,2.3318344685012935,4.575863574499816e-12,3.778463086025504e-11,10.422684816297533,Up
RBP4,-4.860524271269913,9.942256702372902e-12,7.782307227638277e-11,10.108891628243885,Down
RBP7,-0.4712247574578381,0.38571884871682544,0.4219493627943641,0.37473966462720515,Not Significant
RBPJ,0.22431228524613545,0.0045781306192805874,0.006670536282706485,2.1758392492532193,Not Significant
RBPMS,1.7586880624943024,0.0012151246143943314,0.0019307831806638005,2.7142664930399607,Up
RBSN,-0.5311395039012083,1.9040237933409548e-06,5.168724250637773e-06,5.286616636650422,Not Significant
RBX1,-0.0627109162557673,0.4135203295259632,0.45001661441552915,0.3467714519673557,Not Significant
RC3H1,-0.017804063672961945,0.835335481065191,0.853119387292248,0.06899018851111904,Not Significant
RC3H2,-0.3203640654614546,0.00011740078664477346,0.00022327648190663543,3.6511570194994154,Not Significant
RCAN1,1.8570820445366785,1.4723027298531084e-17,2.3961191761777404e-16,15.620491585168699,Up
RCAN2,-3.6801884176957564,1.1434520750094475e-08,5.03238803129977e-08,7.298225879217176,Down
RCBTB1,-0.1314570817042906,0.29733160316983703,0.33137769694938934,0.4796767246968841,Not Significant
RCBTB2,1.5068242637930283,4.276100483862597e-09,2.0624625693448613e-08,7.685613924511124,Up
RCC1,2.135008515788119,6.939614095067228e-11,4.685634878934803e-10,9.329231556166254,Up
RCC2,1.3449326029436222,6.267880595814249e-12,5.0514103297786195e-11,10.296587351994361,Up
RCCD1,-0.6415656744013027,0.0004428899509443975,0.00076033970105894,3.1189923322796913,Not Significant
RCHY1,-0.7367482318121965,0.00024027483547221695,0.00043177465082895356,3.364742858361828,Not Significant
RCL1,-0.11979529287161128,0.28902366394389384,0.3227607128445612,0.4911193340280306,Not Significant
RCN1,1.7344425129827883,1.4738197749567686e-11,1.126499272603527e-10,9.948269084370134,Up
RCN2,-0.13952614389645035,0.31732967160792735,0.35202941435725804,0.45342104686466767,Not Significant
RCN3,1.6366378544875761,1.6362678599528623e-12,1.4600321010775143e-11,10.835637595470654,Up
RCOR1,0.7995091254197781,6.907106353302163e-14,7.571511360518607e-13,12.120817421686322,Not Significant
RCOR2,-0.4761503726748888,0.011341739620819068,0.01559605309038101,1.8069852951036807,Not Significant
RCOR3,0.17637286627049065,0.15605754920877332,0.18166440382819304,0.7407301620451286,Not Significant
RCSD1,1.417863644581411,2.4495102554381105e-11,1.7959509689434878e-10,9.74570552413194,Up
RDH10,3.3031804535406337,1.591158150070293e-13,1.6610701765604284e-12,11.779612019174648,Up
RDH11,0.20384028894946482,0.05081426777184416,0.06359042652590784,1.1966082620233542,Not Significant
RDH13,-0.7412829250745112,0.0008772278207583315,0.0014242051678194088,2.846427442698097,Not Significant
RDH14,-0.20517154727152942,0.15828411199670214,0.1839427817190752,0.7353172500784793,Not Significant
RDX,1.460878609814955,7.46600922288208e-11,5.024220234556718e-10,9.298931331739738,Up
RECK,0.20059226693204124,0.02868639359935902,0.03721178587689193,1.4293194867140768,Not Significant
RECQL,1.5240621172320878,1.9577956422255225e-15,2.544881716100634e-14,13.594332398489733,Up
RECQL5,0.270146956831514,0.04610463336415287,0.0580137492518706,1.236469066496165,Not Significant
REEP1,-2.3212376044401637,2.104245648155785e-11,1.5609845846481133e-10,9.806601385749445,Down
REEP2,-1.279435976140821,6.9001443229688e-13,6.563933324795817e-12,11.18283583907847,Down
REEP3,0.8293684811953206,0.00011874635328261858,0.0002254949600318755,3.646863160459219,Not Significant
REEP4,2.4255133374521627,5.0287552322449207e-08,1.9213243651479365e-07,6.716399309733776,Up
REEP5,-1.393060133842667,8.255291498652602e-05,0.00016104532640864893,3.7930518740382397,Down
REEP6,-0.7256448350757783,0.00043195220603328525,0.0007424477945025278,3.1293340785179193,Not Significant
REL,0.698301848117385,6.875358980196713e-09,3.1790993920721284e-08,7.49769589399347,Not Significant
RELA,1.0629175166409546,0.00016719228510383643,0.00030870510999561,3.510456181581953,Up
RELB,2.398319046901566,2.937261454283914e-06,7.642038194849212e-06,5.116790796041643,Up
RELL1,1.284260110246315,0.0007322058595699676,0.0012054652442078533,2.918845306619036,Up
RELL2,-2.047724491478876,6.530398738620514e-08,2.4293662072696846e-07,6.6145070138862145,Down
RENBP,1.4063390682534358,5.308075255138891e-06,1.3077415045309167e-05,4.883478092594602,Up
REPIN1,0.6861135518424817,7.235088175258448e-05,0.00014277429633213244,3.845349971592713,Not Significant
REPS1,-0.3978846639813156,0.007796999610205418,0.01099020205305854,1.9589943230704374,Not Significant
REPS2,-4.0851216546359055,2.879238544311563e-14,3.3073488136139896e-13,12.480519999268619,Down
RER1,0.5343844342494428,2.162477761857321e-07,7.225472959519287e-07,6.141133719922742,Not Significant
RERE,-1.4551252934180035,2.9478165173688434e-14,3.378419066663678e-13,12.471286480563892,Down
REST,1.742621808112089,6.901421316537927e-07,2.070426394961378e-06,5.683940204345529,Up
RETN,5.173717031478297,0.036827230885536376,0.04700931626215071,1.32781606546213,Up
RETSAT,0.7599926148408578,2.776151024153985e-11,2.0163623228065784e-10,9.695431426265664,Not Significant
REXO2,0.9655449605524353,2.11651999673537e-08,8.731295023387436e-08,7.058921337073361,Not Significant
REXO4,0.2681905858229996,0.03848245649921489,0.04902279549482686,1.3096019270015031,Not Significant
RFC1,0.5170044908593674,1.4995765885648143e-06,4.171978611765241e-06,5.379657926711505,Not Significant
RFC2,1.5100814014751371,1.4392702918801478e-08,6.177762641840907e-08,7.2091687819068575,Up
RFC3,1.3250401833676726,1.3219610450927268e-05,2.9926821501717144e-05,4.523939406700339,Up
RFC4,1.160615394547957,1.2588269851642434e-10,8.118708737864653e-10,9.090513038814704,Up
RFC5,0.8973645943396811,8.439405072506032e-07,2.4743471100240326e-06,5.606539376091768,Not Significant
RFESD,0.23545418667200657,0.005789321775670519,0.008310291759490569,2.080383728645191,Not Significant
RFFL,0.8470695496080225,8.090880726022367e-05,0.00015805222500281038,3.8011993859386624,Not Significant
RFK,-1.222956817081343,0.00046062407376956996,0.0007876976606950684,3.103640444296752,Down
RFT1,0.5014224154088609,0.00012896562295151685,0.00024348274890418473,3.613531803735279,Not Significant
RFTN1,0.2112905005524084,0.077413294893984,0.09437995071547801,1.0251202537784216,Not Significant
RFTN2,0.24969567590516917,0.1353676159986332,0.15925415900621637,0.7979092170154415,Not Significant
RFX1,-0.01897085901470419,0.9173472191523325,0.9274744967624045,0.032698023564816305,Not Significant
RFX2,1.392516923792547,2.7012876433084935e-05,5.77398084419473e-05,4.238524661271773,Up
RFX3,-0.22906804495287147,0.06185809189156228,0.07648931112257254,1.1163992503996145,Not Significant
RFX4,1.3247026441417482,0.0009335369805099163,0.0015112408069511325,2.8206663279856223,Up
RFX5,0.6178794278357245,9.097367486532728e-07,2.643405828074148e-06,5.577836156821664,Not Significant
RFXANK,1.545660318789949,4.285713527056778e-08,1.65927279291199e-07,6.780082207877323,Up
RFXAP,-0.6035095209910928,0.0013647390830957235,0.0021488561305261517,2.6677926602694626,Not Significant
RGCC,0.2310870159148486,0.18892565467871456,0.217091028314517,0.6633581241918698,Not Significant
RGL1,-0.47123112841180514,3.839616067142318e-06,9.730891134689739e-06,5.011847386128684,Not Significant
RGL2,1.2551601598438644,7.147420443391667e-05,0.00014121026386885205,3.850133735439999,Up
RGMA,1.0975613644449354,0.00018486046891411846,0.000338597157061969,3.4703166926461106,Up
RGMB,-0.24602236854969917,0.10044125376078708,0.12037178091674626,0.919475313979869,Not Significant
RGN,-0.7407462122682418,3.6251436495115583e-07,1.1560524572706375e-06,5.937022458833926,Not Significant
RGP1,-0.32670403868536724,1.423273551476437e-05,3.203319427518683e-05,4.494399752347166,Not Significant
RGPD3,-1.2559759435515652,6.752612106754354e-05,0.00013390908339260506,3.873189962693091,Down
RGS10,2.068659979847734,2.8568072914679758e-05,6.085742578610359e-05,4.215686421851901,Up
RGS12,0.05348921870838197,0.6350663354875354,0.6660758213119659,0.1764763310351975,Not Significant
RGS14,-1.8866386350130782,4.1864806363669345e-10,2.43081302194585e-09,8.614248445788569,Down
RGS17,-0.8485524550620553,6.264952187658861e-07,1.8952891392935545e-06,5.722324526054324,Not Significant
RGS18,2.0660175228203226,8.671412244614413e-07,2.5350932919452473e-06,5.596006053911902,Up
RGS19,2.0494703435284922,4.7515735392853416e-08,1.8249085716645267e-07,6.738758888915029,Up
RGS20,-1.838075945248935,4.42791339421527e-05,9.077492782524344e-05,4.042034087720617,Down
RGS3,0.6642944280882936,0.0011018939231675034,0.0017625403909160733,2.7538609217970036,Not Significant
RGS6,-0.8513362955930006,4.552504067442183e-05,9.310175796876279e-05,4.031042118493148,Not Significant
RGS7,-4.213761766457825,1.699443100474568e-18,3.035494644358298e-17,16.517770529033065,Down
RGS7BP,-4.367735853199628,1.3044338626301741e-17,2.1332575863857752e-16,15.67095670123517,Down
RHBDD1,0.18995129848341108,0.016346560804163603,0.021977212537187263,1.658027391825463,Not Significant
RHBDD2,-0.487479468607102,0.002604717744233713,0.00393225334263606,2.405358509719733,Not Significant
RHBDD3,0.7032021493199174,7.558908106321172e-05,0.00014866934842459875,3.8277785619570683,Not Significant
RHBDF1,1.8043489796104453,2.9454840405282764e-06,7.65947501917446e-06,5.11580099591425,Up
RHBDF2,1.7021483014533398,9.537312038914088e-06,2.2219907835342398e-05,4.6532577467761245,Up
RHCE,-0.3401483751431744,0.1428747753161792,0.16736168061727705,0.7763439716802617,Not Significant
RHEB,0.24064354442340274,0.06425154000722158,0.0792058264846733,1.101242869962652,Not Significant
RHOA,0.9256567861049021,1.7407460895097217e-09,9.048646081383353e-09,8.043416397962991,Not Significant
RHOB,0.546044372149666,0.004510732026077126,0.006581853191005354,2.181651808922127,Not Significant
RHOBTB3,0.1345017500370851,0.46062013581135547,0.49639358666705125,0.30417383815860766,Not Significant
RHOC,2.3268254031568887,9.33462722064881e-09,4.194336959001611e-08,7.3773366827031355,Up
RHOF,-1.2559145087729693,3.42086709034406e-07,1.0982095305330166e-06,5.95931479169572,Down
RHOG,2.155671015367602,5.772105588051218e-06,1.409994948933753e-05,4.85078244312769,Up
RHOJ,1.859135182780781,4.0011678825979796e-05,8.275049322375702e-05,4.08222940898768,Up
RHOQ,0.25530176235900015,0.020955229025238893,0.027732918707337965,1.5570044213782626,Not Significant
RHOT1,-0.974014144979094,2.5988701101652026e-07,8.561483809615517e-07,6.0674509602664335,Not Significant
RHOT2,0.3200179681801707,0.01875808900528093,0.02501244058758439,1.6018439299405358,Not Significant
RHOU,0.8331638905700771,0.008725177639824814,0.012204587551179558,1.9134768927952126,Not Significant
RHPN2,1.5569985863507831,4.06442796894082e-05,8.392098249458869e-05,4.076129440335463,Up
RIC1,0.4947753445508205,1.611492049515053e-08,6.82108021294733e-08,7.166146843323921,Not Significant
RIC3,-0.5999782808060843,1.6592985351780865e-05,3.689201819329959e-05,4.433067585861877,Not Significant
RIC8A,0.6664414020674627,7.310251706048761e-07,2.179915724585434e-06,5.6615602958701565,Not Significant
RIC8B,0.09060416896943124,0.10458884503462387,0.12507455186120617,0.9028310445073472,Not Significant
RICTOR,-0.7189057670388692,3.2012234272629884e-06,8.251076949875026e-06,5.0834893626181765,Not Significant
RIF1,-0.3014200020879301,0.0010952831675192078,0.0017528010531514693,2.7562673745061517,Not Significant
RILP,-0.6582737740042788,5.500202818211336e-05,0.00011084025443220843,3.9553024859719303,Not Significant
RILPL1,-0.11580496703723142,0.20113209814824484,0.22996308668090099,0.6383418706666697,Not Significant
RILPL2,0.37038248256704875,0.001831216603393729,0.0028254979418882564,2.5489050047089954,Not Significant
RIMBP2,-4.428557750508594,5.755359845571576e-42,1.1832550017201645e-39,38.92692165105614,Down
RIMS1,-4.636846874145997,8.41325565647068e-36,7.004556816800465e-34,33.154619337624005,Down
RIMS2,-5.264927687299229,6.216405709648127e-42,1.2279229631175536e-39,38.910828878913435,Down
RIMS3,-5.016362131810862,6.705308544242397e-36,5.676409939050244e-34,33.245926248197186,Down
RIMS4,-2.888742858597663,1.0875129623587358e-26,4.013042338022676e-25,24.396526258389105,Down
RIN1,0.2797040421395085,0.023692107067178947,0.03111384260132456,1.5070463496275108,Not Significant
RIN2,0.9376804600950912,2.8194382341634596e-06,7.377407992457842e-06,5.132096198109537,Not Significant
RIN3,2.04666127248443,1.4388783061499173e-05,3.235549119677292e-05,4.490052002658997,Up
RING1,0.5529082884016319,9.01578466644817e-07,2.620456281875328e-06,5.5816230814102274,Not Significant
RINT1,0.38171983858419267,7.586426648535623e-05,0.00014912324303872755,3.826454660123483,Not Significant
RIOK1,0.6378479251077671,0.00017459387485024798,0.0003213701252039829,3.492994498021016,Not Significant
RIOK2,0.22204162122796944,0.041779297002038696,0.05295478585789354,1.2760947838520729,Not Significant
RIOK3,0.5316377667079131,7.116845363958674e-05,0.00014071658527285515,3.851654712316583,Not Significant
RIPK1,1.1932399634972093,2.446115216801946e-05,5.267670947854383e-05,4.278381361651484,Up
RIPK2,1.3813911721100975,5.256158602699427e-23,1.4045236542067381e-21,20.85247094225453,Up
RIPK3,2.1323040650557594,2.472584247338655e-05,5.320122534747887e-05,4.274078364781644,Up
RIT1,1.3802075312725783,3.2182737845854886e-08,1.2794352843691482e-07,6.892981676445159,Up
RIT2,-3.240839266998405,6.936725697853392e-11,4.685634878934803e-10,9.329231556166254,Down
RLBP1,-0.9541324532308426,0.04468006855234226,0.05635587840403947,1.24906077659597,Not Significant
RLF,-0.2637916285584261,0.004411941288214921,0.006449847124869701,2.190450578948039,Not Significant
RLIM,-0.6267839580964392,0.0027623530783435365,0.00415590575137885,2.381334310036953,Not Significant
RMDN1,0.732837050610879,2.620548595526376e-06,6.904691803445216e-06,5.160855701741432,Not Significant
RMDN2,-0.6663754160730218,5.078472785239423e-07,1.5664585069963854e-06,5.805081104402555,Not Significant
RMDN3,-0.07489442175340955,0.11679658457506327,0.13883289593028758,0.85750761725077,Not Significant
RMI1,0.2901804957741696,0.014699801467478466,0.01990935735189272,1.7009427582062027,Not Significant
RMND1,-0.4094766790489963,0.011909031777116068,0.016338224992873112,1.7867951275877851,Not Significant
RMND5A,-1.0711724223670451,4.6274019699225664e-07,1.4423405768873741e-06,5.840932178452542,Down
RNASE1,0.9102029416075794,0.01341948129711721,0.018251364194297123,1.7387046687465089,Not Significant
RNASE2,3.811676792107912,0.00012599090666722977,0.00023839827080497235,3.622696899026525,Up
RNASE3,3.7873943554675122,0.055508131359363964,0.06906521576559538,1.1607406270771765,Not Significant
RNASE4,2.4572658449820057,0.05996536332799391,0.07431527281938091,1.1289219235266799,Not Significant
RNASE6,3.2829973992686643,1.0553375433393167e-05,2.436175621356617e-05,4.613291407074936,Up
RNASEH1,-0.06383508406945992,0.5822220983573028,0.6152633398564427,0.21093896135008994,Not Significant
RNASEH2A,2.417787541118283,2.079514368365944e-18,3.6688314793202313e-17,16.435472236263173,Up
RNASEH2B,0.019538709328347892,0.8326084422606634,0.8506792542935014,0.07023415830326303,Not Significant
RNASEH2C,0.7211343651119257,0.00044510059768146734,0.0007638745180652644,3.1169779772720023,Not Significant
RNASEK,0.31939074233656584,7.456432286314966e-08,2.735473374083648e-07,6.562967508100851,Not Significant
RNASEL,0.12211908844305697,0.4236533984204929,0.4598022339676842,0.33742892302437105,Not Significant
RNASET2,1.2168673015462872,6.580236154808882e-07,1.9811505984322976e-06,5.703082510033285,Up
RND2,1.3951233245259154,4.22282634613332e-11,2.950121540287591e-10,9.53016009141543,Up
RND3,2.0544274694233096,6.179272434811062e-07,1.871054719215108e-06,5.7279135113211135,Up
RNF10,-0.31086756838804064,2.3634402855751495e-05,5.100535012185959e-05,4.292384266911171,Not Significant
RNF11,-1.9767240982733192,9.812063978988341e-09,4.387338327755373e-08,7.357798873866831,Down
RNF112,-1.3476895906695532,2.4686935990446114e-12,2.140242626228521e-11,10.669536990548314,Down
RNF113A,0.2280449140546459,0.12461675537396258,0.14738074590717293,0.8315592498043426,Not Significant
RNF114,0.913228719411638,3.2269663702369117e-07,1.0432753277845522e-06,5.98160106304228,Not Significant
RNF115,-0.5123304412434031,1.4732175715711537e-06,4.106583789708855e-06,5.386519311510245,Not Significant
RNF121,0.4243338446369904,8.895035114100826e-10,4.893969619849903e-09,8.31033873093284,Not Significant
RNF123,-0.5017044491698428,0.0003559049919354289,0.0006207387272779624,3.2070911585642636,Not Significant
RNF126,0.31088397995319283,0.03807706184117051,0.04854319425309437,1.3138716494946137,Not Significant
RNF13,0.2286848141949207,0.05061493763294458,0.06337246852029377,1.1980993756605907,Not Significant
RNF130,-0.8563074995951787,1.2953050306487527e-15,1.714704714685353e-14,13.76581065802595,Not Significant
RNF135,2.3907554388198644,2.7892819891505657e-08,1.1235196624831187e-07,6.94941932268126,Up
RNF138,-0.24928748606085094,0.0006376154229164156,0.0010631144936213124,2.973419960998521,Not Significant
RNF139,0.26086331211910263,0.031046033422357913,0.0400509336274598,1.3973873556214924,Not Significant
RNF14,-0.2764307604025795,0.062413857773477105,0.07711973546056769,1.1128344688382747,Not Significant
RNF141,-0.43514404439815735,0.0018768935050189298,0.002891989166344555,2.5388033382812383,Not Significant
RNF145,0.3591867168071019,0.010420526595001887,0.014411914458820568,1.841278324274452,Not Significant
RNF146,-0.7350003992052621,7.094620932790986e-07,2.1226970976221084e-06,5.673111973905897,Not Significant
RNF149,0.39902907855927694,0.0038229348996957446,0.005632915925045331,2.249266730845489,Not Significant
RNF157,-1.778164050745243,1.8921823646864847e-20,4.217222376515851e-19,18.374973497788215,Down
RNF166,0.9365655558480039,4.93668628565257e-06,1.2228221696991391e-05,4.912636696139339,Not Significant
RNF167,0.1430071681391354,0.05872545374609579,0.07288409770089553,1.1373672183778167,Not Significant
RNF169,0.48781723107150654,1.735643042897606e-06,4.748741991893124e-06,5.323421425815124,Not Significant
RNF170,-0.5719491639417491,6.013085007189766e-06,1.4619220276342653e-05,4.835075790080766,Not Significant
RNF180,0.4464187240813189,0.00010291515671664681,0.00019759239351315036,3.704229777961191,Not Significant
RNF181,0.6835364099828816,6.781852487466112e-07,2.0369821693122724e-06,5.691012772572335,Not Significant
RNF185,0.2588525354238662,0.00045335301516195636,0.0007763179117357723,3.1099603933828077,Not Significant
RNF19A,0.6953617179407487,4.749587610636483e-07,1.477679481678108e-06,5.830419757033262,Not Significant
RNF2,0.2559890264542233,0.099842111527571,0.11969646930010118,0.9219186598366803,Not Significant
RNF20,0.3260544914618002,4.101918271133371e-06,1.032809914106413e-05,4.985979601859913,Not Significant
RNF213,1.5939551413379363,1.973649162833113e-05,4.3232314995392e-05,4.364191508329275,Up
RNF214,0.0980337161373015,0.02928118846573839,0.03791066254035733,1.421238625620864,Not Significant
RNF216,0.7104569762542035,7.519848887078172e-08,2.7561367257553866e-07,6.559699241855762,Not Significant
RNF219,-0.3769475534931743,0.0538072069216368,0.06708586664957537,1.1733689654140456,Not Significant
RNF220,-0.8682068799732043,4.972045169890259e-05,0.00010098464322877917,3.9957446645151933,Not Significant
RNF25,0.5933201689381811,7.045969361196544e-05,0.00013942466184383028,3.855660400159239,Not Significant
RNF31,0.5601378428512227,2.5028624944038838e-08,1.0166869664768033e-07,6.992812743890078,Not Significant
RNF34,-0.0681048946870888,0.44991167491273365,0.4856847635095241,0.3136455206314101,Not Significant
RNF40,0.8145151640543773,4.710139401556069e-12,3.879799209425662e-11,10.411190749791075,Not Significant
RNF41,-0.8579769348603286,2.628519870713832e-05,5.633980676078967e-05,4.249184646928994,Not Significant
RNF5,0.22175492870844948,0.11206014577352008,0.13356529916261728,0.8743063587743817,Not Significant
RNF6,-0.8260800319777246,4.991876456507847e-05,0.00010134656070709401,3.9941909849213912,Not Significant
RNF7,0.6210792042517852,0.0005349531936021862,0.0009031537577255612,3.044238306776997,Not Significant
RNFT2,-0.9834128803110609,1.8982374114578e-15,2.4738478244535417e-14,13.606627018948108,Not Significant
RNGTT,-0.6140766152326727,1.2458131880906355e-06,3.52141471852555e-06,5.453282824869901,Not Significant
RNH1,0.8111135919161256,2.2625616834225928e-10,1.3908257613450755e-09,8.856727273765024,Not Significant
RNLS,-1.5084988801526489,1.0580365226005917e-10,6.934716934728927e-10,9.158971261511272,Down
RNMT,-0.6448901902496544,0.0009879925429343136,0.0015924859004032442,2.7979244041443705,Not Significant
RNPC3,-0.9151901239726143,0.0005677756950817685,0.0009544088690561881,3.020265533541125,Not Significant
RNPEP,1.0115618157037574,7.168961979490278e-30,3.3281162664232744e-28,27.477801510210625,Up
RNPS1,-0.27668891385270555,1.8838820621041181e-10,1.1722191410523092e-09,8.930991191344159,Not Significant
ROBO1,0.8408347276531281,1.0271359745413357e-10,6.754156532329905e-10,9.170428878503783,Not Significant
ROBO2,-0.33813226918294603,0.20071048852722578,0.22950708983238052,0.6392038938847971,Not Significant
ROCK1,0.5244542820182581,0.0007160591944479396,0.001181392126575261,2.927605927837737,Not Significant
ROCK2,-0.9197297948284096,1.1909680970007148e-06,3.376811879871996e-06,5.471493132971103,Not Significant
ROGDI,-1.5553332121155492,1.1558517342328088e-23,3.2800141889186802e-22,21.484124277582296,Down
ROMO1,1.3808058776126728,1.733659883244514e-06,4.7446046356439105e-06,5.323799971163348,Up
RORA,-0.7455062371426386,2.672691252430556e-07,8.781699829414684e-07,6.056421411760986,Not Significant
RP2,2.3551685589966382,4.373825543583735e-19,8.360895355989097e-18,17.077747212113128,Up
RP9,1.0812371043248916,3.068249740843091e-09,1.5166608385305838e-08,7.819111526940926,Up
RPA1,0.7669465565522344,2.095031757101114e-08,8.656829335946113e-08,7.0626411442463075,Not Significant
RPA2,0.545200231662637,0.006218807333199529,0.008878722374525519,2.0516495235922854,Not Significant
RPA3,0.3513816549487654,0.07219675662365654,0.08834083884692288,1.0538384811829014,Not Significant
RPAIN,0.590538449089749,3.716300011119177e-05,7.74312436649733e-05,4.111083765242504,Not Significant
RPAP1,-0.02553778709588883,0.8095788867738701,0.8295898388119182,0.08113657601985838,Not Significant
RPAP2,-0.6851529466603417,0.00018191147613649114,0.0003336202822863666,3.4767475545052515,Not Significant
RPAP3,-0.3447234665370864,0.000827422014860799,0.001348778216457555,2.8700594567678768,Not Significant
RPE,-0.07786036762083981,0.6081441233331177,0.6403725199600531,0.1935673130515767,Not Significant
RPF1,0.48968751937515975,0.00020984966534582988,0.0003806311718930303,3.4194956479281937,Not Significant
RPF2,0.05272144931281986,0.5884515559027373,0.6213249108232026,0.2066812338387157,Not Significant
RPGR,0.6055542451019758,0.0025751346698406853,0.0038922590643623504,2.4097982612920035,Not Significant
RPH3A,-4.164654236920505,3.326244244306995e-27,1.2644748874395726e-25,24.898089791352962,Down
RPIA,0.9958853240035239,6.235406028359766e-08,2.3360163752211337e-07,6.631524117191807,Not Significant
RPL10,1.4362452086678879,4.668576325687181e-19,8.890593176743415e-18,17.05106926211276,Up
RPL10A,0.71529907044631,0.0001357125615275672,0.0002551163173780018,3.5932617627912653,Not Significant
RPL11,1.110474003444775,8.929465298983129e-10,4.9102310819845e-09,8.308898068921998,Up
RPL12,1.2931537603517071,2.585904761438209e-08,1.0478843349448318e-07,6.979686651958627,Up
RPL13,0.7902931558330906,9.116405527549067e-13,8.470575326514504e-12,11.072087091127973,Not Significant
RPL13A,1.1906298070322592,4.8023004795066926e-14,5.339776493438236e-13,12.27247692081749,Up
RPL14,0.10449356751795236,0.15546036563697904,0.18105291600311293,0.7421944761280362,Not Significant
RPL15,-0.21560089882297007,0.1496373258275604,0.17467513561840595,0.7577689108856847,Not Significant
RPL17,0.6374567644021845,0.00015357435958680946,0.00028554966749308203,3.544318341211007,Not Significant
RPL18,0.9614698955152505,6.586836393572626e-12,5.2915302893820285e-11,10.276418713574309,Not Significant
RPL18A,1.3235764463014839,2.762659184155357e-12,2.3645733747817392e-11,10.626247204901507,Up
RPL19,1.0281030685868728,2.6745818800133372e-17,4.223156404271843e-16,15.374362834214594,Up
RPL21,0.12345297391555476,0.0859778296010027,0.10399095394411108,0.9830044378456918,Not Significant
RPL22,0.15737182819255224,0.21552255840405227,0.24544135805589223,0.6100522547220338,Not Significant
RPL22L1,1.3973371471840181,2.2451789766121366e-08,9.198020744363833e-08,7.036305615293338,Up
RPL23,0.9837301712147806,4.4064963207526386e-07,1.3811774715389572e-06,5.859750514065785,Not Significant
RPL23A,0.9610100054251944,3.448064394787379e-09,1.6894844704809366e-08,7.772245795848501,Not Significant
RPL24,0.17425036935988913,0.06217599655323864,0.07686354022301216,1.1142796164380133,Not Significant
RPL26,0.505221322780173,0.00010870216767589371,0.00020814781166450354,3.6816281506529016,Not Significant
RPL26L1,1.0556623952198656,7.049812283572785e-05,0.00013947330900375537,3.8555088953399976,Up
RPL27,0.8199756761220343,1.0735915201724073e-06,3.0760412327124093e-06,5.512007847342826,Not Significant
RPL27A,1.0039091027613267,7.0409839075747615e-09,3.24477913471675e-08,7.488814859368463,Up
RPL28,1.2730907920838277,1.4706671842543607e-07,5.095561513179068e-07,6.29280795127712,Up
RPL29,1.302642805760268,7.523700611303665e-08,2.7561367257553866e-07,6.559699241855762,Up
RPL3,0.7301276446405431,8.761274325134731e-16,1.1895023928761089e-14,13.92463467997237,Not Significant
RPL30,1.1160861368730792,3.642069081526722e-10,2.149396832296438e-09,8.6676833955061,Up
RPL31,-0.25096677620737395,0.013900749785551253,0.01887788532483733,1.7240466563933918,Not Significant
RPL32,0.6955866731895313,6.44738834707509e-06,1.557951312267557e-05,4.807446118642872,Not Significant
RPL34,0.21571974505384617,0.0240052425278838,0.03151274605497803,1.5015137502833036,Not Significant
RPL35,0.7881869308394336,5.748768680404373e-07,1.7538793363535326e-06,5.756000288597355,Not Significant
RPL35A,0.5340513865671035,0.00024988566344701644,0.00044736949947845093,3.349333628330002,Not Significant
RPL36,1.030007862982412,1.5881561618812675e-10,1.0074990664226631e-09,8.996755347616306,Up
RPL36A,0.8952701753292693,1.1044613283150756e-06,3.1510459987103004e-06,5.501545256984602,Not Significant
RPL36AL,0.01210211352527324,0.8969264546593555,0.9093837665296244,0.041252802681528436,Not Significant
RPL37,0.12337040471323846,0.24276539106002948,0.27420322340382747,0.5619274441553068,Not Significant
RPL37A,0.28384595665617596,0.000853145476874597,0.0013881239242345613,2.8575717606759694,Not Significant
RPL38,0.17274940660558968,0.02696780933079132,0.03515008407007867,1.4540736319207548,Not Significant
RPL39,1.1630485024027521,2.681585661782004e-09,1.3426587453673911e-08,7.872034355042684,Up
RPL4,0.40328299110261057,0.004371476445444283,0.006394403036359185,2.1941999938149643,Not Significant
RPL5,0.6357963317557314,0.0005790938315870387,0.0009718126369161799,3.0124174579100957,Not Significant
RPL6,0.590693439806877,1.002836285937806e-06,2.885624891327466e-06,5.539760124460298,Not Significant
RPL7,0.5686646036905749,0.001356509258670649,0.0021372340118623896,2.670147923087943,Not Significant
RPL7A,0.7369088612856203,3.4017152191057554e-08,1.3449324614313727e-07,6.871299524110742,Not Significant
RPL7L1,0.03875929905094466,0.6851201563096114,0.7138912344500441,0.1463679505156287,Not Significant
RPL8,1.2923383709902154,8.341636554722504e-15,1.0161263198582166e-13,12.993052299328406,Up
RPL9,0.09095752281050906,0.42315797273733163,0.45931401975604774,0.33789029830129114,Not Significant
RPLP0,2.2225838741331927,5.1805520399339104e-12,4.246450874718813e-11,10.37197389570778,Up
RPLP1,1.3417661036463642,7.554786550856409e-13,7.112796234890417e-12,11.147959632653233,Up
RPLP2,1.4348266205729772,4.2104273485227495e-11,2.9445203225697657e-10,9.530985443908602,Up
RPN1,1.322401506097286,3.7417889777173564e-07,1.189485079252908e-06,5.924641001326395,Up
RPN2,2.0793873430410734,1.774812592209462e-16,2.602541783685316e-15,14.584602289184076,Up
RPP14,-0.5628407940447868,2.0175493880890792e-06,5.457785321055152e-06,5.262983551061644,Not Significant
RPP25,-1.4979300617393658,1.1168599359410658e-08,4.928272884218264e-08,7.307305252785787,Down
RPP25L,-0.062253757787384956,0.5268661938703716,0.5618939272761088,0.2503456615600704,Not Significant
RPP30,-0.7221643013225183,1.7338373951512567e-05,3.83967419625275e-05,4.415705624791974,Not Significant
RPP38,0.35194890204774154,0.00016737300632058458,0.0003089821633999577,3.5100665903504282,Not Significant
RPP40,0.5125103469148726,0.011006015634097421,0.015169599329305982,1.8190258899693328,Not Significant
RPRD1A,-0.9090426230148623,6.963196455950556e-06,1.6733597589991865e-05,4.776410679150196,Not Significant
RPRD1B,0.6292389586023717,4.2373213135407516e-14,4.769472057274808e-13,12.32152969125375,Not Significant
RPRD2,-0.8286964502989171,5.5963651676689376e-11,3.8326160910330986e-10,9.416504681370787,Not Significant
RPS10,1.0462932546876154,4.118834550932029e-08,1.6020517091154153e-07,6.795323470385948,Up
RPS11,1.2304236234531452,2.594948329307073e-15,3.3386346704264943e-14,13.476431100951093,Up
RPS12,0.5579649990966722,2.95652889605623e-05,6.280504619014007e-05,4.202005460649927,Not Significant
RPS13,0.8667612499094446,4.4915190784499727e-07,1.4060771658267565e-06,5.851990844484656,Not Significant
RPS14,0.9740833088281207,3.4612087655909218e-09,1.6951004912281452e-08,7.770804550267865,Not Significant
RPS15,1.2414737387068975,2.591999345811349e-10,1.5730000849218994e-09,8.803271253930362,Up
RPS15A,1.421566063323091,3.759200009026536e-13,3.709126433979757e-12,11.430728362507502,Up
RPS16,1.265639836313845,9.464548837384796e-15,1.1432357912207965e-13,12.941864187570504,Up
RPS17,0.8457233999977021,1.3796561632849913e-08,5.952315284339616e-08,7.225314072989314,Not Significant
RPS18,1.1830631700821002,4.2043630423920236e-09,2.0294563147607687e-08,7.6926202926899,Up
RPS19,1.5633636555312052,6.344237301228501e-10,3.5784908495283267e-09,8.446300088972446,Up
RPS19BP1,-0.003174939135622168,0.9739920752984287,0.9780562341044179,0.009636174395277477,Not Significant
RPS2,2.2574465833016113,1.188154417599574e-11,9.20020569015996e-11,10.036202462969351,Up
RPS20,0.46658765158149507,2.269059977986919e-07,7.541573810042964e-07,6.122538014117676,Not Significant
RPS21,0.7950912663139427,3.935621491805193e-08,1.5355325681040092e-07,6.813740967890492,Not Significant
RPS23,0.28553074964178293,0.043408767785562685,0.05485448151928732,1.2607878855078631,Not Significant
RPS24,0.30449789633536994,0.0007576877813675909,0.0012447727836753279,2.90490991587884,Not Significant
RPS25,0.34376685446097355,0.000716274975640169,0.0011815546265922813,2.9275461949125514,Not Significant
RPS26,0.660853652102773,0.020696241601974096,0.02742619546149527,1.5618344331783955,Not Significant
RPS27,0.9444787325213397,3.0025749077117533e-06,7.793852002135584e-06,5.108247845305723,Not Significant
RPS27A,0.44926232833481805,0.00018804164338835674,0.00034386122989549933,3.463616787805866,Not Significant
RPS27L,1.329243229504609,4.968259689808629e-19,9.355186563576099e-18,17.02894754726352,Up
RPS28,1.0811398005800115,1.6205667703007072e-06,4.466645593436204e-06,5.35001850531216,Up
RPS29,0.2581231636515966,0.00010938822037789343,0.0002092626152842572,3.6793083513361573,Not Significant
RPS3,1.0358017991736261,4.5868864228975506e-11,3.1780119549016456e-10,9.497844473416226,Up
RPS3A,0.521887341721964,0.00021510397969014912,0.0003898106658389211,3.409146282069047,Not Significant
RPS4X,0.9331409091412866,1.0150511777910449e-08,4.528620710835689e-08,7.344034051604305,Not Significant
RPS4Y1,3.4126018224425323,0.34026601215499996,0.37573603052170007,0.4251171570620636,Not Significant
RPS4Y2,-0.7389247876566412,0.6441541269601339,0.6746240435592461,0.17093818464247726,Not Significant
RPS5,1.4400691400566181,1.0495738603424649e-14,1.2662762956994002e-13,12.897471522908212,Up
RPS6,0.5448423800112323,3.102405958952348e-08,1.2382582262474625e-07,6.907188778142992,Not Significant
RPS6KA1,1.5549270245154823,2.4285306497260915e-10,1.4827283494145844e-09,8.82893840875369,Up
RPS6KA2,-1.1261406706424246,1.3126470305812165e-19,2.6714355931465e-18,17.573255291957683,Down
RPS6KA3,0.022972632912541258,0.7613597415044645,0.7860153756831293,0.10456895840203453,Not Significant
RPS6KA4,-0.18458272320918923,0.11883298129579987,0.1409924100506598,0.8508042657973706,Not Significant
RPS6KA5,-2.5638354250441893,2.2574099304884322e-10,1.3891965571008226e-09,8.857236301688635,Down
RPS6KB1,-0.029803080208239408,0.5910970087534737,0.6238566020096903,0.204915224600854,Not Significant
RPS6KB2,0.8223600242329709,3.939432193034515e-05,8.159095376774199e-05,4.088357990100778,Not Significant
RPS6KC1,-1.078002966780371,1.519627165871026e-10,9.660383173225186e-10,9.015005647216288,Down
RPS7,0.6583378491712679,4.767361721285517e-06,1.1846670444062727e-05,4.926403692772439,Not Significant
RPS8,1.0393813239234895,3.3578975039205997e-12,2.8450344368794047e-11,10.545912472447755,Up
RPS9,1.0916506674818898,1.108261633703675e-10,7.226296244615419e-10,9.14108423834445,Up
RPSA,0.8864226648688067,2.1514326836407548e-14,2.51725120267096e-13,12.599073442977588,Not Significant
RPTOR,-0.3290479675459608,0.00150897166628342,0.0023578998861701833,2.627474638514412,Not Significant
RPUSD1,0.5025541361798744,0.002067347182852462,0.0031660771541586656,2.4994785060191185,Not Significant
RPUSD2,0.5039560809666739,0.0029053446117217516,0.004354774827925149,2.3610342961139024,Not Significant
RPUSD4,0.14871690522234005,0.09466752568407616,0.11381795604981301,0.94378921774595,Not Significant
RRAD,1.9774238664782473,0.0004292785955486538,0.000738734638120454,3.131511537107487,Up
RRAGA,-0.2524222460511609,0.1210676746211113,0.14346968052382958,0.8432398687728515,Not Significant
RRAGC,0.35314056303644215,0.00014195812290881566,0.0002655684550015616,3.5758235130102456,Not Significant
RRAGD,-0.5091745067244169,4.664023050598819e-06,1.162141187527393e-05,4.934741106679563,Not Significant
RRAS,1.7587022680352469,1.0231175117856887e-05,2.369399037638857e-05,4.625361792273928,Up
RRAS2,0.31671046278874826,0.01661266615472666,0.022311158357914463,1.6514778812898576,Not Significant
RRBP1,1.6450961453244375,6.388396808129898e-07,1.928002080440401e-06,5.7148925018007715,Up
RREB1,2.066750770529527,4.7761858580130725e-06,1.1865671105702513e-05,4.925707693665689,Up
RRM1,1.1344807418095542,4.250858557386206e-06,1.0663151082352215e-05,4.972114437386899,Up
RRM2,7.232026428815114,1.5250464371025317e-07,5.26296446644008e-07,6.2787695621660955,Up
RRM2B,-0.054521735345634426,0.6882962616071322,0.7169041087086694,0.14453893058566217,Not Significant
RRN3,0.24203265297812493,0.0274621487764167,0.035720295258053175,1.447084959962291,Not Significant
RRP1,0.05594220201780331,0.2725706576395726,0.305640784178657,0.5147886947235243,Not Significant
RRP12,-0.36837406546453977,0.001009463378347584,0.0016239754189513833,2.7894205486752415,Not Significant
RRP15,0.04125980194723411,0.7479628134291154,0.773452821031093,0.11156617219183453,Not Significant
RRP1B,0.5892352132998262,1.6262450593517873e-06,4.4798448804785084e-06,5.348737023662245,Not Significant
RRP36,0.7027543098152016,8.798573947941287e-07,2.56546552681796e-06,5.590833816757309,Not Significant
RRP7A,-0.08616264689857545,0.45802115139954713,0.4939097708412586,0.3063523822602602,Not Significant
RRP8,0.3098529846476943,0.0060371777337223,0.008647593984006606,2.0631047092773303,Not Significant
RRP9,1.1894007706771497,2.463593563089364e-12,2.1376607712801248e-11,10.670061212527688,Up
RRS1,0.5090915909154177,0.0007089821517836266,0.0011706746758020415,2.9315637762628755,Not Significant
RSAD1,0.20582434161330454,0.1115650307682168,0.13299090284688392,0.8761780656383552,Not Significant
RSBN1,-0.49271879509795724,9.696895018115728e-08,3.471447065120748e-07,6.459489452761233,Not Significant
RSBN1L,-0.11082185193185623,0.03218344398548251,0.041443949215103,1.3825388671477885,Not Significant
RSF1,-0.45173052818992687,7.700445572685581e-14,8.386409589106437e-13,12.076423930634471,Not Significant
RSL1D1,0.21132118299286518,0.026692304476662106,0.0348178525570237,1.4581980181524803,Not Significant
RSL24D1,-0.4443429270772974,0.04653030522282889,0.05850448161006123,1.2328108644482436,Not Significant
RSPH1,-1.1746247085682118,3.1206572390855054e-08,1.24406414826068e-07,6.905157225338637,Down
RSPRY1,1.0474256835243665,4.226643844133233e-15,5.3091284396257095e-14,13.274976767982261,Up
RSRC1,0.01607310590688016,0.8605046578386844,0.8763368300714625,0.057328935698452585,Not Significant
RSRC2,0.24188004292721388,0.0004503444266245631,0.000771822006433455,3.1124828428462954,Not Significant
RSU1,1.1019897621554833,1.952629806736583e-24,5.942837665578349e-23,22.226006132758187,Up
RTCA,-0.07105132254176638,0.5961268116968448,0.6287699194884321,0.20150824322925528,Not Significant
RTCB,0.4293202706493986,0.0073674874250926475,0.01041685169408889,1.9822635188947866,Not Significant
RTF1,-0.6184899469651093,2.1305201994694805e-05,4.6346060223397856e-05,4.333987178368704,Not Significant
RTKN,1.276172937229827,0.0007135730643461527,0.0011776761222514977,2.928974130311851,Up
RTN1,-3.132152593946845,1.3584739979406224e-09,7.202772134344121e-09,8.142500324271248,Down
RTN2,-2.5784473145423057,1.3593920563248223e-11,1.0437892969067272e-10,9.981387160745724,Down
RTN3,-2.1775979268034895,3.0628602419752322e-06,7.929903386702258e-06,5.100732103839734,Down
RTN4,-1.4412014220447418,3.8995745332348596e-05,8.083192149754727e-05,4.092417097239268,Down
RTN4IP1,-0.5749849975399037,0.00012292249292195296,0.00023281090312008912,3.632996684443074,Not Significant
RTN4R,-3.243134678233103,2.6130758567444588e-12,2.2488701038813464e-11,10.648035628955986,Down
RTN4RL2,-3.09807628515801,3.92752505900492e-15,4.9581312586986924e-14,13.304681980155133,Down
RUFY1,0.8418749742723719,4.727214442127912e-06,1.1757194452862196e-05,4.929696298923382,Not Significant
RUFY2,-1.3027515381234593,6.290518309614904e-13,6.023829035271915e-12,11.22012736251978,Down
RUFY3,-0.8876273158262542,0.00011971704968176935,0.0002272526019397295,3.643491135601715,Not Significant
RUNDC1,-0.608437436795505,3.6454974065525566e-07,1.1618076834422794e-06,5.934865755708344,Not Significant
RUNDC3A,-4.082723217385306,4.145854337683292e-40,5.96647665683164e-38,37.22428205416494,Down
RUNDC3B,-3.6251893064640743,4.9871845367652544e-20,1.0554810299027977e-18,17.976549567834837,Down
RUNX1,3.246292205800497,7.070284738335504e-07,2.117021817795015e-06,5.674274666166155,Up
RUSC1,-2.0769149409869065,6.82528429435692e-33,4.092732975080453e-31,30.387986589396284,Down
RUSC2,-2.1278471360128535,1.0026423382912923e-34,7.594450312741713e-33,32.11950365495226,Down
RUVBL1,1.3980051000828357,5.848408120979348e-13,5.659641057708545e-12,11.247211111497183,Up
RUVBL2,0.8050793498288584,9.293972000796119e-06,2.1708201700908904e-05,4.663376151843585,Not Significant
RWDD1,-0.6380736622135998,5.872712202285808e-05,0.00011766448433935408,3.929354604132112,Not Significant
RWDD2A,-0.9074847537564015,1.5669572991998313e-05,3.501669882905746e-05,4.455724799083571,Not Significant
RWDD2B,-0.3212352573756796,0.09602051494998466,0.11538955834500125,0.9378334889126761,Not Significant
RWDD3,0.19127310893801663,0.06349772592597361,0.07837246887751263,1.1058364719383227,Not Significant
RWDD4,0.6050054855507021,5.854833082210157e-07,1.7840770862124963e-06,5.748586384604824,Not Significant
RXRA,-0.1881539022499581,0.2536600563480647,0.2857078944152956,0.5440777594295296,Not Significant
RXRB,-0.24589056768460438,0.00017487230780396866,0.00032170628722008403,3.492540451443982,Not Significant
RYBP,-0.7985788769202529,2.307489198947413e-06,6.16268456792053e-06,5.2102300607160785,Not Significant
RYR2,-5.610975118834171,1.269090810198675e-45,6.088009915210215e-43,42.21552464892513,Down
S100A1,-2.6688187031992534,3.003604682436341e-08,1.2012033970172172e-07,6.920383448281459,Down
S100A10,4.069949387144799,3.798021593207453e-11,2.677485621411608e-10,9.572272852730789,Up
S100A11,3.812551933548388,9.214062244486115e-09,4.1479709188430177e-08,7.3821642970829675,Up
S100A12,-0.11325421382274747,0.8867855489375832,0.8998265128925477,0.045841214734245794,Not Significant
S100A13,-0.1327163909307636,0.5029145082476412,0.5378873294497013,0.26930868590013773,Not Significant
S100A16,2.716002837758328,1.8551995259074224e-07,6.277890501844599e-07,6.202186263478185,Up
S100A2,3.014418066156681,0.00011777735952370233,0.00022390811848306801,3.6499301594425084,Up
S100A3,4.335499797970213,4.727853358005237e-06,1.1757194452862196e-05,4.929696298923382,Up
S100A4,4.1012386889294135,6.989560288807138e-05,0.00013836280280888803,3.858980649085365,Up
S100A6,2.1330385630991735,7.192496396566277e-17,1.0995024081791909e-15,14.958803815091013,Up
S100A7,-4.22658994151371,3.1203360213384186e-06,8.06006796896493e-06,5.09366129585968,Down
S100A8,2.0471299585226372,0.013360125505126014,0.018175544137561037,1.7405125784110034,Up
S100A9,2.472845483308866,0.0030715509353854923,0.004581379050771607,2.3390037743998184,Up
S100B,0.5032749263039982,0.006294454797435819,0.008979090573402498,2.0467676476259666,Not Significant
S100P,0.5920010062314809,0.29696460448872175,0.331078068350972,0.480069587322897,Not Significant
S100PBP,0.8751837742449062,0.00021884981961903515,0.0003961000867485016,3.4021950624823734,Not Significant
S1PR1,-0.7076739559227541,0.006209541684421234,0.00886675023796733,2.0522355247370525,Not Significant
S1PR2,2.6207957998384117,2.19061228567203e-15,2.840183805129991e-14,13.546653553273154,Up
S1PR3,2.472424572363316,1.7984080101708396e-06,4.90182962512474e-06,5.309641787770612,Up
SAA1,12.455681440697221,2.414191827352879e-05,5.201148089981374e-05,4.283900780575077,Up
SAA2,2.50814158513478,1.3047612562613004e-05,2.9570674680711676e-05,4.529138766553779,Up
SAA2-SAA4,5.814448130470799,1.5795546930181905e-12,1.415696973084097e-11,10.849029696505784,Up
SAAL1,1.0597485989664914,2.4126152377142737e-07,7.976595308412732e-07,6.098182441267262,Up
SAC3D1,0.438173884486762,0.0004229011989412004,0.0007287558464135567,3.1374179481094826,Not Significant
SACM1L,-0.31765562642706513,0.016320404428085227,0.021947904713460233,1.658606933955649,Not Significant
SACS,-0.39126953936511555,0.012125787652771497,0.016622014534497218,1.7793163422729665,Not Significant
SAE1,-0.0348389538458207,0.7958020143811988,0.8161702521290188,0.08821923849150969,Not Significant
SAFB,0.2340277383491376,0.0021440988366389444,0.0032756523627996245,2.4847021951072708,Not Significant
SAFB2,0.23929940705811958,0.2509821307625735,0.2829130564285739,0.5483470094039562,Not Significant
SALL1,1.6284896176842878,1.9037805232156302e-07,6.427173254314431e-07,6.191979992857833,Up
SALL2,0.05912982976700931,0.6073352927689089,0.639721428205143,0.19400910184553125,Not Significant
SALL3,1.5324650584975767,0.00013924638361457559,0.0002610772507971775,3.58323096917164,Up
SAMD1,0.3740289207721972,0.019313796683010455,0.025705798359710305,1.5899689034548927,Not Significant
SAMD12,-4.171158107829733,8.410375492786914e-19,1.554607756226337e-17,16.808379169849434,Down
SAMD14,-1.2817676117200651,5.179293890409863e-07,1.5946273426646992e-06,5.797340793443093,Down
SAMD4A,0.853612696224392,0.0038616008425044787,0.0056882244315528754,2.245023276648525,Not Significant
SAMD4B,-0.23522772426940364,0.13846492144379374,0.1625752469259648,0.7889455776952597,Not Significant
SAMD9,3.1009098523200898,7.941346828062719e-10,4.415073286197783e-09,8.355062083133493,Up
SAMD9L,2.7014711945839753,1.481620239512427e-05,3.32128221914735e-05,4.478694219550417,Up
SAMHD1,1.3036583049695523,1.2708317537147313e-13,1.3377595702113065e-12,11.873621933439042,Up
SAMM50,-0.02680324717389837,0.5662701205876451,0.6002951904451159,0.22163513619020997,Not Significant
SAMSN1,3.1004886173123687,8.439828565606605e-11,5.6046692794938e-10,9.251450009175784,Up
SAP130,0.15645186984235693,0.0022123727298504646,0.003375351034456093,2.4716810541219965,Not Significant
SAP18,-0.3738124683849833,0.005545190441530948,0.007982601958842922,2.0978555256691847,Not Significant
SAP30,0.934045978517478,4.4617630362212256e-11,3.101987634706186e-10,9.508359937724727,Not Significant
SAP30BP,0.7869169639272151,6.504574657179961e-11,4.424516211777915e-10,9.354134209269352,Not Significant
SAP30L,-0.5904632583630871,4.2508650731314765e-06,1.0663151082352215e-05,4.972114437386899,Not Significant
SAPCD2,1.332389862146341,0.00011785854493190378,0.0002240201852158488,3.649712848036798,Up
SAR1A,-0.4801714719355097,0.0010706991980971223,0.0017153663679437675,2.765643109100167,Not Significant
SAR1B,-0.005184087842057039,0.9408128160653885,0.948059248678876,0.02316452071020178,Not Significant
SARAF,-0.5567441930813146,0.005853702788475725,0.008396725315549546,2.075890053780035,Not Significant
SARDH,-0.7425653558453025,0.003260140803794957,0.0048454792648908816,2.314663260552637,Not Significant
SARM1,0.4331769141372135,0.0016578818809649246,0.0025730245060607997,2.589556077452189,Not Significant
SARNP,0.7205931316115439,0.0002729619719515164,0.00048634929349833324,3.3130517106716044,Not Significant
SARS,-0.23341041544368224,0.21815888881657053,0.24821918296116235,0.6051646582432142,Not Significant
SARS2,-0.06655882472447239,0.5162424593302908,0.5512057801052834,0.25868623693739057,Not Significant
SART1,0.22843813647822842,0.0093973392044097,0.013073994634059291,1.8835916976169202,Not Significant
SART3,0.29726765537038347,6.310549279762997e-05,0.00012578645319416787,3.900366128523624,Not Significant
SASH1,-0.6262886067529116,0.0009295481671258563,0.0015057514448666791,2.8222467114233125,Not Significant
SASH3,2.8888810619939562,3.6834443587943234e-08,1.4466673867638994e-07,6.8396313090314536,Up
SAT2,0.14277490094060852,0.11878575693750582,0.1409645088218204,0.8508902175790205,Not Significant
SATB1,-2.2909987494022275,3.3695095785533023e-19,6.520847191458219e-18,17.185695976864164,Down
SATB2,-1.8571018408659157,9.38922619199428e-33,5.531407289950313e-31,30.25716436227471,Down
SAV1,-0.20483360283657603,0.0005029642023343736,0.0008530069653731447,3.0690474225126994,Not Significant
SAYSD1,0.4550108616514734,0.0002656719339041557,0.0004736954092301707,3.3245008241714853,Not Significant
SBDS,0.34611115527159697,0.00723972666364379,0.01025348044559926,1.9891286924862075,Not Significant
SBF1,-1.1193252677973575,2.8621751032925e-12,2.443521355132936e-11,10.6119838611065,Down
SBF2,0.6711423786140926,0.000400510767519023,0.0006931361401798038,3.15918145640976,Not Significant
SBNO1,-0.8878085462407128,3.7849119328071284e-07,1.2024346518795022e-06,5.919938516699916,Not Significant
SBSPON,1.1137490613587833,0.07773682816069179,0.09475145878896661,1.0234140949311679,Not Significant
SC5D,-1.386643158383805,1.5647937724468725e-07,5.385627763453978e-07,6.268763666866669,Down
SCAF1,-1.2267807277765037,3.412239651421301e-06,8.746794465246357e-06,5.058151078534429,Down
SCAF11,0.5455475168374484,0.0011720151452431432,0.0018669956630581,2.728856690895123,Not Significant
SCAF4,0.3558970608417198,0.003611797747710628,0.005338994939169019,2.2725404908094466,Not Significant
SCAF8,-0.2561764050320967,1.2726726466216002e-05,2.89019482463165e-05,4.539072880976799,Not Significant
SCAI,-2.5218265051415543,1.0979153740923306e-09,5.930509103810262e-09,8.22690802308008,Down
SCAMP1,-1.6552549874893998,4.017173707223262e-06,1.0134988211011053e-05,4.9941767521407625,Down
SCAMP2,1.519683043878775,1.4302586359884264e-07,4.964998448982566e-07,6.304080882837969,Up
SCAMP3,0.9859511726891377,1.631795217822149e-08,6.892538794272675e-08,7.161620780812883,Not Significant
SCAMP4,0.845032144210947,3.3329286447561375e-05,7.015445709835631e-05,4.153944731881091,Not Significant
SCAMP5,-2.619907736767974,7.414501438960471e-31,3.7346843748043887e-29,28.42774609534064,Down
SCAP,0.22581486809929885,0.024460085629303685,0.0320763997174701,1.4938143832364303,Not Significant
SCAPER,-0.7282094243372867,7.70631427244653e-15,9.444453768932645e-14,13.024823154946844,Not Significant
SCARA3,0.9874305446358278,0.0006808131088667909,0.001128044614921719,2.947673723374715,Not Significant
SCARB1,0.4658359269104224,0.02230384936832701,0.02942110495437034,1.5313410207120084,Not Significant
SCARB2,0.40116544332608584,0.03690327416701474,0.04709444945002616,1.3270302757856394,Not Significant
SCARF1,0.5780836029399108,0.02089957450220058,0.027673805669711966,1.5579311130778282,Not Significant
SCARF2,1.5538923226709045,1.5981192140268643e-06,4.415648097121951e-06,5.35500554478243,Up
SCCPDH,0.00029761302704045534,0.9978971615548594,0.9985910405784895,0.0006123347807871869,Not Significant
SCD,-0.5701182935625511,0.029254548844214752,0.037885374091351,1.4215284200416518,Not Significant
SCD5,-0.10587803013361352,0.3933572749209295,0.4296047562146206,0.3669309191466522,Not Significant
SCFD1,0.08424166281910317,0.37804074250931735,0.41399961300563787,0.38300006484430527,Not Significant
SCFD2,1.1120958729137662,5.68192025280482e-10,3.2284074803584744e-09,8.49101165508299,Up
SCG2,0.2817944124399716,0.3926108117433252,0.4288367469914624,0.36770800705634127,Not Significant
SCG3,-2.214808887383878,3.607393560535664e-18,6.276490972165161e-17,16.20228309150923,Down
SCG5,-1.9785500323557024,3.8219110924913746e-05,7.93690627618184e-05,4.100348748077554,Down
SCGN,-4.527080183505108,2.1756143475809312e-12,1.9053748630664216e-11,10.720019568573427,Down
SCHIP1,-0.12370736048288933,0.35727006462507965,0.39304779196604267,0.40555463912788503,Not Significant
SCIMP,3.2394893921327803,2.4081881028096664e-08,9.81395103062483e-08,7.008156113380014,Up
SCIN,3.2630816320321596,1.28528782038003e-06,3.625872165362202e-06,5.440587511563305,Up
SCLT1,-0.19975766345368484,0.004770131498015388,0.00692425139928055,2.159627172550219,Not Significant
SCLY,0.6395478302412592,0.013360039348750538,0.018175544137561037,1.7405125784110034,Not Significant
SCML2,0.3560274128609322,0.027365874358667705,0.03560886312183137,1.4484418917511022,Not Significant
SCN1A,-2.2296555446547686,1.3865909451913836e-09,7.324864804330361e-09,8.135200386711075,Down
SCN1B,-2.9445074572515555,3.041899981031683e-13,3.043071994863389e-12,11.516687772715107,Down
SCN2A,-3.977824213850443,6.183009935995261e-11,4.2228909895061874e-10,9.374390129388965,Down
SCN2B,-4.843956196618052,3.597177983684216e-34,2.4991704143196405e-32,31.6022041290375,Down
SCN3A,-0.7590563831187644,4.134809434299282e-05,8.53042601702457e-05,4.069029279240104,Not Significant
SCN3B,-4.7714975775638795,2.3294695487651937e-28,9.617654194369081e-27,26.016930842169387,Down
SCN4B,-2.4137924614424904,2.4885047525205897e-21,5.91436729596079e-20,19.228091708275276,Down
SCN7A,0.10608099581130404,0.7305534148233539,0.7574717065593317,0.12063358449515064,Not Significant
SCN8A,-3.0162199724241177,3.2851462081293326e-11,2.3388383675402754e-10,9.630999790380182,Down
SCO1,-0.0830703207779031,0.14383971156229586,0.1683561350387555,0.7737710529323794,Not Significant
SCO2,0.7137640750444767,0.0009850739510252687,0.0015887984282146265,2.798931198492483,Not Significant
SCOC,-1.9550689385886209,2.079210032826285e-06,5.605020570161091e-06,5.251422789225821,Down
SCP2,0.495511018218302,2.839364129164146e-07,9.29296758843392e-07,6.031845577558826,Not Significant
SCPEP1,0.573891546298885,2.6671941586645997e-05,5.708373476606581e-05,4.243487620434191,Not Significant
SCRG1,0.3473783800133532,0.050491392655746925,0.0632256419656923,1.1991067523237344,Not Significant
SCRIB,0.49423243483578716,0.013799250332370394,0.01874762614272412,1.727053715583384,Not Significant
SCRN1,-0.5168862421104912,0.0002306778882972941,0.0004160130767466775,3.380893017763487,Not Significant
SCRN2,0.43631947171015995,0.0020908955847701825,0.00319825115714771,2.4950874343107414,Not Significant
SCRN3,-0.19825317966403588,0.06903553267459261,0.0847196925525455,1.0720156289507985,Not Significant
SCUBE2,2.1348418209201228,1.367763679132682e-19,2.761292846409346e-18,17.558887532210676,Up
SCYL1,-0.28447767474467867,0.0006076541889419394,0.0010170307857453227,2.9926659006889023,Not Significant
SCYL2,0.2401235457188804,0.0226802535712868,0.029862877333308484,1.5248683496660627,Not Significant
SCYL3,0.3119342257241211,0.004073571127153324,0.005982964795880243,2.2230835525649284,Not Significant
SDAD1,-0.302841934277712,0.0240864294344264,0.031598735528377594,1.5003302959903173,Not Significant
SDC1,3.584597696977971,4.838222952783526e-10,2.7788060448313134e-09,8.556141765061096,Up
SDC2,0.4416004929845023,0.06402429084321583,0.07895580321590272,1.1026159440341423,Not Significant
SDC3,0.9234087457368645,3.044627239739961e-05,6.450383767221949e-05,4.190414446135469,Not Significant
SDC4,-0.025481351638358518,0.9247128725482208,0.9340233583931455,0.029642262640998177,Not Significant
SDCBP,0.5565391607352161,3.403742735359554e-05,7.148465409266542e-05,4.145787179991749,Not Significant
SDCCAG8,-0.30977311057010226,2.1594326619146293e-08,8.893754961622231e-08,7.050914840288627,Not Significant
SDE2,0.5810409019042382,5.317074059812268e-06,1.3095886573823225e-05,4.882865095093977,Not Significant
SDF2,0.6091931193844964,1.0557318983949349e-05,2.436233170800256e-05,4.61328114791694,Not Significant
SDF2L1,1.9460015952687844,2.697715816074873e-06,7.090213704966937e-06,5.149340674620998,Up
SDF4,0.5716870242587113,0.00036924543734894675,0.0006427818447992551,3.191936398266582,Not Significant
SDHA,-0.4640989537935347,0.0013223172227736322,0.0020879347495645095,2.68028307767498,Not Significant
SDHAF1,-0.2003904045018352,0.04920390415682644,0.06169780065669275,1.2097303169989513,Not Significant
SDHAF2,0.4437435047629634,0.0002296448718969459,0.00041429843114072936,3.382686711278617,Not Significant
SDHB,-0.02646095475293464,0.8307409955562889,0.8492880849638781,0.07094496878081548,Not Significant
SDHC,-1.166393109190853,3.9026817641557856e-10,2.2831368230026358e-09,8.641468061486325,Down
SDHD,-0.03551534449199778,0.7229909579609338,0.7501710691624728,0.12483968871284994,Not Significant
SDK1,0.014910114752682446,0.9326526646497098,0.9406831141050437,0.0265566517833159,Not Significant
SDK2,-1.416161220023719,4.766937592510736e-09,2.279170826148702e-08,7.642223122790923,Down
SDR39U1,0.4829139190756777,3.899550321510704e-06,9.86410683785661e-06,5.005942232555846,Not Significant
SDS,0.6397606635292643,0.20418216702499023,0.23321214859520992,0.6322488298545396,Not Significant
SDSL,1.87221059110834,0.00011986757129865847,0.00022745695179243917,3.643100785240013,Up
SEC11A,1.6617312764494798,2.2213278729812532e-13,2.267239816860501e-12,11.64450254002756,Up
SEC11C,0.07755264253424698,0.5336431722035031,0.5684594815245945,0.2453004853780121,Not Significant
SEC13,1.1243014478899944,5.07918682368797e-11,3.4998446006725447e-10,9.455951238669353,Up
SEC14L1,0.08176657167668111,0.5546667550888881,0.589234724324102,0.2297116675694305,Not Significant
SEC14L2,1.0521260049045367,9.786553398801706e-10,5.34072258610663e-09,8.272399980063454,Up
SEC14L4,-1.8703258692490188,0.0007903080923911496,0.001293301449439318,2.8883002357001333,Down
SEC16A,-0.189751350473081,0.014741223849416833,0.019962775784248578,1.6997790710663583,Not Significant
SEC22A,-0.009071805104372999,0.9169835594084511,0.9271998772940616,0.032826634519131974,Not Significant
SEC22B,0.2479165355635118,0.025201776608929752,0.03298034522711851,1.481744802619703,Not Significant
SEC23A,-0.4495389716619691,0.015038096986292552,0.020348393423762413,1.6914698741408745,Not Significant
SEC23B,1.1023847089313215,1.4332596510289067e-10,9.132610831413792e-10,9.039405048579022,Up
SEC23IP,0.2150497421201436,0.00017739604614178608,0.0003259324765333491,3.486872363448609,Not Significant
SEC24A,0.8340190122899891,6.624303986622959e-12,5.308929066128854e-11,10.274993077332534,Not Significant
SEC24B,0.23151422914036957,0.0005645169612718151,0.0009492478497500025,3.0226203779572107,Not Significant
SEC24C,0.09875317627450642,0.08238868015437636,0.10001006914992017,0.999956272438982,Not Significant
SEC24D,1.0850798672476536,3.0992149468533884e-09,1.5312158594703793e-08,7.814963581366603,Up
SEC31A,0.7041982223269265,2.9765306767452535e-14,3.4074511406286e-13,12.467570362788232,Not Significant
SEC61A1,2.1990571834811483,6.385411342543061e-13,6.097311266803677e-12,11.214861633745558,Up
SEC61A2,-1.0274214026868407,4.4127104888364425e-06,1.1041640701574346e-05,4.95696638904359,Down
SEC61B,1.2127145771060484,7.180230485165511e-07,2.1457621449883525e-06,5.668418420694452,Up
SEC61G,2.6216192991864595,2.1252136726423908e-16,3.08492831962528e-15,14.510754922636531,Up
SEC62,-1.1340855140058181,1.685593455950634e-07,5.756158805168369e-07,6.239867232932629,Down
SEC63,-0.3087286571524288,0.006707461298150415,0.009536190737946567,2.020625070983741,Not Significant
SECISBP2,0.3674909068863812,0.00042954010456855603,0.0007389322085764401,3.1313954030011764,Not Significant
SECISBP2L,-1.0029913945366289,1.094487276725311e-06,3.127904915100931e-06,5.504746457490269,Down
SEH1L,-0.24985799667378217,0.04805158085423813,0.06029791050393559,1.2196977371522788,Not Significant
SEL1L,-0.05938994742008674,0.632012233358801,0.6632178373808918,0.17834380186080193,Not Significant
SELENBP1,-1.3849755409686786,1.253834754863697e-06,3.5421007628987337e-06,5.45073908850211,Down
SELL,2.0139935200657124,0.00047576902804773267,0.0008120484262867715,3.090418070953388,Up
SELP,2.561211059705051,0.0519586998521209,0.06490166674646819,1.187744149894561,Not Significant
SELPLG,1.9115953974664741,2.6721008933083026e-06,7.028392793521629e-06,5.153143975222832,Up
SEMA3A,-0.6513425276398355,0.026746192201662695,0.0348700841516177,1.4575470045443242,Not Significant
SEMA3B,0.18451358472924184,0.46556373002913365,0.5012921137573206,0.2999091275804807,Not Significant
SEMA3C,0.20222410053190742,0.5282380805072534,0.5631185632836053,0.24940015584358904,Not Significant
SEMA4A,-1.8862436226955257,7.010188266365703e-08,2.585889293129553e-07,6.587390072035715,Down
SEMA4B,0.3173090661999076,0.1447075327852938,0.1693128554331068,0.7713100659211696,Not Significant
SEMA4C,0.3197853990261308,0.008739577118624383,0.012217943365670557,1.913001892302206,Not Significant
SEMA4D,-1.403211530194966,4.329281528279244e-05,8.893389501607892e-05,4.05093268657845,Down
SEMA5A,2.118712414940706,3.7008128632164866e-18,6.416865539422183e-17,16.19267706092679,Up
SEMA5B,0.4058002036177264,0.019158598302555268,0.0255127190085845,1.593243254149994,Not Significant
SEMA6A,1.2864795629175099,2.4959901172112576e-05,5.367044704543481e-05,4.270264787262677,Up
SEMA6B,-2.7682189810962363,4.745409062206834e-10,2.7332905027256515e-09,8.5633142076685,Down
SEMA6D,0.30446042687661645,0.03141070216361161,0.040495445814720164,1.3925938155198747,Not Significant
SEMA7A,-1.2963173257291345,1.7265004690874513e-07,5.885876726086966e-07,6.2301888380129675,Down
SENP1,0.7169926648712135,2.214014277883041e-08,9.09064990351277e-08,7.041405067336898,Not Significant
SENP2,-0.7916336857336148,9.633555242631282e-07,2.779960914186982e-06,5.555961310151076,Not Significant
SENP3,-0.12472045849096247,0.02746732868053443,0.03572242049157034,1.4470591217174862,Not Significant
SENP5,-0.41130956238229643,6.395155937659429e-05,0.00012738500428843808,3.8948816939637467,Not Significant
SENP6,-0.550693940801473,1.054697332597937e-10,6.9173313337185e-10,9.160061421522519,Not Significant
SENP7,0.5208790677415358,0.00015056023701445192,0.00028046298588823757,3.552124446654505,Not Significant
SENP8,-0.5871733813920965,0.00024302530568473752,0.00043617262238874853,3.3603415976262765,Not Significant
SEPHS1,0.37837477286218046,0.00046271522391296113,0.0007910051189036433,3.1018207060036986,Not Significant
SEPHS2,0.2808842955689137,0.004324046427502222,0.006329619835899067,2.198622373415393,Not Significant
SEPSECS,0.9944585803528856,2.6120296679487854e-10,1.5832483077566827e-09,8.80045096749286,Not Significant
SEPT1,0.6075286420993482,0.060491246179329515,0.07491871330348727,1.125409690052726,Not Significant
SEPT10,1.5098750432038202,1.556871298599014e-07,5.362359349499582e-07,6.2706440858631245,Up
SEPT11,-0.1474805084306432,0.009986376472589879,0.013841876249982175,1.8588050377849117,Not Significant
SEPT14,0.7314416474183272,0.6229667432262396,0.6546121801670113,0.18401591816930885,Not Significant
SEPT2,1.2661214314526958,1.3429823679009676e-09,7.124383556732147e-09,8.147252707388443,Up
SEPT3,-3.183095409417934,2.938988968216471e-38,3.2897083184236367e-36,35.48284260700892,Down
SEPT4,-2.176857221913835,3.977176538864526e-09,1.927180204546476e-08,7.715077673937684,Down
SEPT5,-2.6552120333689686,1.9674858295184129e-16,2.868372249865194e-15,14.542364487742176,Down
SEPT6,-0.946181734392944,9.19172888652705e-08,3.3129687586001246e-07,6.479782659509391,Not Significant
SEPT7,-0.2659271254109079,0.007185841349167438,0.010180026121714635,1.992251107608104,Not Significant
SEPT8,-0.631688170340535,1.5361738907010425e-08,6.549054496369997e-08,7.183821395679871,Not Significant
SEPT9,1.0244696522184178,2.543220497781794e-07,8.38913008993248e-07,6.076283070962625,Up
SERAC1,-0.11235199659765804,0.37661203654164455,0.4125246989366671,0.3845500439848881,Not Significant
SERBP1,0.8594374323907239,5.492034231212109e-13,5.319880081272191e-12,11.274098157296821,Not Significant
SERF2,1.0132477354758649,5.5254632436608926e-08,2.0918270092686898e-07,6.679474233775348,Up
SERGEF,-0.8100135610918713,8.868774840936446e-07,2.5836910858182115e-06,5.587759413178691,Not Significant
SERINC1,-1.4391082297124136,9.928633020147404e-06,2.3051636101628243e-05,4.637298244908061,Down
SERINC3,-0.6933983404772377,0.002447940110262148,0.003711702087715364,2.430426888825333,Not Significant
SERINC5,0.9936782771195318,4.072152383416719e-06,1.0255715777635008e-05,4.989034023503414,Not Significant
SERPINA1,3.424841112882179,1.0247366939031376e-05,2.3726034140152168e-05,4.6247748490134795,Up
SERPINA10,-2.1683679740566912,0.1279548453277982,0.15106259367540595,0.8208430629378944,Not Significant
SERPINA3,6.161687714386094,0.0063240329529755755,0.009018729893583797,2.044854619780348,Up
SERPINA4,0.3769508358796908,0.6946423597978751,0.7231401397751156,0.14077753115176644,Not Significant
SERPINA5,4.770838804491488,3.489820275239963e-05,7.30903315026349e-05,4.136140068360403,Up
SERPINA6,2.6867067800425177,8.018896759566211e-09,3.658621646552084e-08,7.436682500409728,Up
SERPINA7,-2.467220389909573,0.11049548955983818,0.1317471371553805,0.8802588131638351,Not Significant
SERPINB1,1.2765169277222803,2.7915038306822334e-05,5.954183694747579e-05,4.225177770901153,Up
SERPINB10,0.6827597259943268,0.6536203554990334,0.6837561226684592,0.16509877176751292,Not Significant
SERPINB2,0.3427087795267303,0.8342773222912145,0.8522979155016424,0.06940857372710875,Not Significant
SERPINB6,1.4319886972819162,8.201171198961636e-08,2.983698037498719e-07,6.525245131361504,Up
SERPINB8,1.937325412668594,1.8250011627894674e-07,6.195837061686184e-07,6.207900011852315,Up
SERPINB9,0.01884794103282772,0.8711300276594877,0.8858144643829291,0.05265723243870365,Not Significant
SERPINC1,0.4763470198969362,0.3375869381616995,0.37290030866677204,0.4284072571529852,Not Significant
SERPIND1,-4.260723404587774,1.631229694155004e-08,6.892538794272675e-08,7.161620780812883,Down
SERPINE1,7.287897355098588,1.9136643843186035e-14,2.244267172016951e-13,12.648925443126283,Up
SERPINE2,-0.20667365451659236,0.28405141492301506,0.3174543991495955,0.49831865027759037,Not Significant
SERPINF1,-0.6839514419180368,0.008271714207540463,0.011600897804087794,1.9355083990254116,Not Significant
SERPINF2,0.8804088808614612,0.008071809895688786,0.011337899175846185,1.9454674093637767,Not Significant
SERPING1,1.5133669236907998,2.3171928185673397e-05,5.0082386728700664e-05,4.300314982545124,Up
SERPINH1,3.5788619463513847,4.435079247739391e-06,1.1089349302985015e-05,4.955093936485088,Up
SERPINI1,-4.591508150810569,9.648500038492316e-09,4.319955083900959e-08,7.364520768674757,Down
SESN1,-1.1260501612880702,1.5534945346784487e-06,4.311268303677877e-06,5.365394948804449,Down
SESN2,0.8421815367398615,1.2188050228070544e-09,6.513656127192714e-09,8.186175172698485,Not Significant
SESN3,-0.6046225182977913,5.9404201283930505e-05,0.00011895009416305227,3.924635209831189,Not Significant
SESTD1,-0.809089747185638,1.3073746260217919e-06,3.679428940452953e-06,5.434219580037069,Not Significant
SET,0.5647948992632728,0.0010914447965328924,0.0017472135516085109,2.7576540105195573,Not Significant
SETD1A,-0.12751152882393946,0.36871828859451894,0.40462614807202435,0.3929460553357093,Not Significant
SETD1B,-0.865523119631531,0.00024557864318679255,0.0004405198097335734,3.3560345570259718,Not Significant
SETD2,0.04722326888949624,0.3725675214996879,0.40849425463516065,0.3888140473268979,Not Significant
SETD3,-0.8468767132238568,1.7195686172448528e-09,8.961683523085696e-09,8.047610397022439,Not Significant
SETD7,0.172348475672635,0.02148137625081221,0.028388217808039122,1.5468618713145532,Not Significant
SETDB1,0.760922124346763,2.0676908739304305e-06,5.578446133898007e-06,5.253486756161362,Not Significant
SETMAR,0.267657510088398,0.004243176857053236,0.006216661381319706,2.2064427878078776,Not Significant
SETX,0.3405474292009032,2.0357246567148792e-07,6.838588664482372e-07,6.16503351793943,Not Significant
SEZ6,-0.5642623828478115,0.005707894431171435,0.00820275727526691,2.086040139305035,Not Significant
SEZ6L,-2.16978894908371,5.3954108429233414e-12,4.4117994181501415e-11,10.35538424092151,Down
SEZ6L2,-2.6553671894663253,1.9953783302415268e-13,2.055362095997254e-12,11.687111656785147,Down
SF1,0.22465128240517274,0.010157244342070895,0.014065165567288275,1.8518551511961518,Not Significant
SF3A1,0.026220517625073825,0.7139053212153529,0.7415075993322471,0.12988439375070476,Not Significant
SF3A2,0.812201640630267,0.00019136774268640905,0.00034937271471962395,3.4567110155219964,Not Significant
SF3A3,0.7980743073736676,5.008699800163188e-06,1.2385282716456543e-05,4.907094075408734,Not Significant
SF3B1,0.6427430800435552,7.670676710021497e-08,2.806915988984982e-07,6.5517705856078985,Not Significant
SF3B2,0.31869483552792843,0.0007421164707287182,0.001220584706305487,2.9134320759726964,Not Significant
SF3B3,0.5831990303020689,8.063962601028862e-07,2.3753321416013086e-06,5.624275654595252,Not Significant
SF3B4,1.1958636629579367,3.0202225151466362e-09,1.4958565200387027e-08,7.825110061246836,Up
SF3B5,0.8274204174090549,4.014337680763188e-05,8.298879088037832e-05,4.08098056289553,Not Significant
SF3B6,1.1226574108643064,1.1724140056521273e-05,2.683685229025115e-05,4.571268424164054,Up
SFN,1.6284297227829008,0.061471234927059956,0.0760482894087194,1.118910550298808,Not Significant
SFPQ,0.9052465481728866,1.1012373057536618e-06,3.1427378521706484e-06,5.5026918436416326,Not Significant
SFRP1,-1.7006632007017668,6.142394546603958e-05,0.00012265308753714227,3.911321514856974,Down
SFRP2,0.012532293182641041,0.9740756597944833,0.9780562341044179,0.009636174395277477,Not Significant
SFRP4,5.1585896011073675,6.493070800847226e-10,3.656299343081886e-09,8.436958255573106,Up
SFSWAP,0.518901259029434,0.016513714011290415,0.022196018005302156,1.6537249315601514,Not Significant
SFT2D3,1.2971504385377859,2.3816419338163807e-08,9.717562106628684e-08,7.012442675036296,Up
SFXN1,-0.23225279172407554,0.009916604668911656,0.013756523744783259,1.8614912978733398,Not Significant
SFXN2,0.4416845646311671,0.06367243415853181,0.078559228623766,1.104802789555203,Not Significant
SFXN3,-0.3903324926209528,0.0015895063604222826,0.002475678273793147,2.6063057946255954,Not Significant
SFXN4,-0.44514013721957113,0.0004611274919709181,0.0007884247036855107,3.103239776444576,Not Significant
SFXN5,-0.2544534915440835,0.187312127133576,0.21533520127167005,0.6668849693942674,Not Significant
SGCB,0.26467284965402627,0.003609937575982685,0.005337028344650656,2.2727004906772663,Not Significant
SGCD,-2.1831253761906666,1.3460614715899722e-19,2.7284151438224105e-18,17.564089548621812,Down
SGCE,0.5772971874395623,5.569957775402329e-06,1.3647871604633521e-05,4.864935071878593,Not Significant
SGIP1,-2.668456985449433,1.1513957612971319e-21,2.822180267471364e-20,19.54941524902687,Down
SGK3,-0.047026106666015366,0.8498316100486722,0.8662555539441793,0.062353967918864106,Not Significant
SGPL1,0.7928929763900214,4.3472917854820334e-07,1.3638934116146373e-06,5.8652195685038535,Not Significant
SGPP1,-0.6960646031152642,7.070486139564101e-06,1.6946961068277126e-05,4.770908168233976,Not Significant
SGSH,0.5123132366806384,0.010674848036997146,0.014741387131557126,1.8314616484147768,Not Significant
SGSM1,-3.6184391841467196,4.844604644095857e-40,6.778409331197454e-38,37.16887220874847,Down
SGSM2,-0.852360471325305,2.759767437926643e-07,9.044208578293104e-07,6.043629430475594,Not Significant
SGSM3,-0.45664186973559495,0.0014784390880660493,0.002313778992259963,2.6356781263807427,Not Significant
SGTA,0.3283628908441152,0.0005450467270268767,0.0009192701704451291,3.03655683215052,Not Significant
SGTB,-2.42570122501672,1.0996530220329073e-06,3.1408858928152844e-06,5.502947841067536,Down
SH2B1,-0.397801305835241,0.00021799863166925318,0.00039463040708644326,3.4038094545093736,Not Significant
SH2B2,1.334257707579745,4.302185899625226e-05,8.843138288680785e-05,4.053393583450164,Up
SH2D3C,-0.4909013225991874,0.0016221423417909085,0.0025214414366921175,2.5983511143645805,Not Significant
SH2D4A,2.4313124758554103,2.6883312048050695e-06,7.067392629751115e-06,5.150740780738807,Up
SH2D5,-4.328153756814039,7.562315137366515e-26,2.5824665319942464e-24,23.587965298100464,Down
SH3BGRL,-0.1785637732297225,0.12215232362967335,0.14463593185770207,0.8397238020000597,Not Significant
SH3BGRL2,-3.2759710730063283,5.3346293726954e-11,3.6658292155889126e-10,9.435827771903819,Down
SH3BGRL3,1.3101680373882978,1.3528313430110078e-10,8.652966952058979e-10,9.062834954965867,Up
SH3BP1,0.4598622466950548,0.004327946009815429,0.006334407686020722,2.198293988628881,Not Significant
SH3BP2,2.1301918405864004,3.5746637996173896e-05,7.469645948422647e-05,4.126699982694691,Up
SH3BP4,1.677806209668006,2.2508587566250496e-06,6.025817463258238e-06,5.2199840283049435,Up
SH3BP5,-1.2555121154738487,6.062566984063342e-06,1.4716698746374483e-05,4.832189600122616,Down
SH3BP5L,-0.15846869752298076,0.0158415089350173,0.02135805152721685,1.6704383700693315,Not Significant
SH3D19,0.089796504861539,0.5989346108373744,0.631467008851461,0.1996493343375297,Not Significant
SH3GL1,0.976753403142208,1.7136682109694784e-06,4.698827859909234e-06,5.328010464928296,Not Significant
SH3GL2,-4.9378863526149015,1.2525268369125983e-14,1.4967918570649483e-13,12.824838588175991,Down
SH3GL3,-5.3690209236689395,9.6926506374734e-29,4.137447564487586e-27,26.383267497167402,Down
SH3GLB1,0.8710363127771572,3.4552744592815276e-07,1.1085488822548442e-06,5.955245151601839,Not Significant
SH3GLB2,-1.0882336278510287,7.29417998793507e-13,6.873860542418887e-12,11.162799283119991,Down
SH3KBP1,-0.3036202029769193,0.012817567800112258,0.017482287844344826,1.757401733420308,Not Significant
SH3PXD2A,-1.7632783357217612,9.123063558932138e-13,8.470575326514504e-12,11.072087091127973,Down
SH3PXD2B,2.3679747104057824,5.608768644302571e-07,1.7163649855013395e-06,5.765390353821645,Up
SH3RF1,-0.078833723600237,0.3897399756662855,0.4260243614216754,0.3705655658538554,Not Significant
SH3RF3,0.07634253707302108,0.5489844895136464,0.5836291417645076,0.23386303104942044,Not Significant
SH3TC1,1.9733059375704478,1.0456157245819463e-05,2.416502135682158e-05,4.616812816699499,Up
SHANK1,-5.048894372045973,9.445178068134706e-12,7.410492512335595e-11,10.130152927205346,Down
SHANK2,-4.876789637706885,4.4001763148247354e-35,3.383769175232396e-33,32.47059927014304,Down
SHANK3,-3.074914503392593,4.864963588453884e-10,2.790981958433054e-09,8.55424297088446,Down
SHARPIN,0.6010869490019282,2.1395090548861003e-06,5.749110221104981e-06,5.240399365043569,Not Significant
SHB,0.975356766345012,0.0017879256367074727,0.002761811823634969,2.558805915453633,Not Significant
SHBG,0.15976026212453576,0.3699639143750827,0.4059046475075782,0.3915759760901037,Not Significant
SHC1,1.7671524786739177,3.2461436698008155e-06,8.35718153068577e-06,5.077940164194095,Up
SHC2,-0.20180713615715717,0.22661317828221586,0.2571993192896623,0.5897301851612473,Not Significant
SHC3,-2.429383155482533,1.074303432650948e-14,1.2945613373834507e-13,12.88787736751101,Down
SHCBP1,2.717107061274799,4.616092344709836e-07,1.4392607329188143e-06,5.841860523220728,Up
SHD,-0.7849400180141242,0.017978491756749836,0.024049306328176583,1.6188974457845287,Not Significant
SHF,-1.0350638508065568,1.723286693549879e-10,1.0809707441358334e-09,8.966186059823105,Down
SHISA4,-0.3561312242403325,0.006823097085719957,0.009687282442666251,2.0137980377770397,Not Significant
SHISA5,0.7773835334645369,0.0004925813073733697,0.000837464565261315,3.077033559738336,Not Significant
SHISA6,-1.230809584022552,2.883745531661107e-05,6.135343714034633e-05,4.212161102223492,Down
SHISA7,-4.2881695278144765,4.37175541169436e-25,1.3904088680590592e-23,22.856857470946593,Down
SHISA9,-2.570691167536486,6.701556404673071e-22,1.671076218333577e-20,19.777003741341318,Down
SHKBP1,1.7558703020611492,8.923624102197156e-08,3.224411377529919e-07,6.491549555082243,Up
SHMT1,1.3789218853405671,8.822990398664806e-07,2.5718404304441337e-06,5.58975598066516,Up
SHMT2,2.1571819025502172,5.447244926051181e-17,8.442391597698399e-16,15.073534507100447,Up
SHOC2,-1.4610607696252202,3.7988430277627e-09,1.8460947738389506e-08,7.733746007156939,Down
SHPK,0.8008028985957836,0.00018069471948378206,0.0003316302794825324,3.479345823080085,Not Significant
SHROOM1,0.4641590625930476,0.01324507652434702,0.018028766505373855,1.7440339858807576,Not Significant
SHROOM2,-1.1122902550279683,2.2036333108741543e-13,2.251460646424567e-12,11.64753563972482,Down
SHROOM3,-0.3361063078891906,0.09007215016353544,0.10860405035876194,0.9641539775495842,Not Significant
SHROOM4,1.023481336765034,0.0025894367780305723,0.00391270228016799,2.4075231965662898,Up
SIAE,-0.5543018253105281,0.003915610088046128,0.005762725497001708,2.23937206720968,Not Significant
SIAH1,0.534437169048676,0.00023894473142080106,0.00042961435379852757,3.3669212169003173,Not Significant
SIDT2,-0.0799459540881422,0.4812297323835237,0.5160094011742009,0.2873423858904521,Not Significant
SIGLEC1,3.3328169820687474,3.441299171001108e-08,1.3589826675290146e-07,6.8667860822259374,Up
SIGLEC10,2.5570766498195905,6.240889844877834e-08,2.33675970585683e-07,6.631385944769062,Up
SIGLEC5,2.3199346231092353,0.001026351154117492,0.0016503529970597946,2.7824231537989923,Up
SIGLEC7,4.979702194038422,0.005305952974506081,0.0076579159411226064,2.115889405095535,Up
SIGLEC8,1.7796992800282219,4.819994908630484e-08,1.8483680513720402e-07,6.733211546771349,Up
SIGLEC9,3.5457052255777732,0.00010808779041194412,0.0002070107225494154,3.6840071587776806,Up
SIGMAR1,0.6406056506063358,2.2261918363951594e-09,1.1326594222143857e-08,7.945900657910925,Not Significant
SIK2,-0.6462591945329486,3.4992906293422025e-10,2.077304289923002e-09,8.682499882013282,Not Significant
SIK3,-0.5983430603928461,2.066180602838476e-05,4.5063224492303116e-05,4.346177735623484,Not Significant
SIKE1,0.33672028024446377,0.0012367034095757473,0.0019631334176362127,2.707050184060606,Not Significant
SIL1,1.0476653951409745,7.0648069129237665e-15,8.711244166559856e-14,13.059919813295028,Up
SIN3A,0.29094152500191583,7.738879677756805e-05,0.00015176459776858488,3.818829524796789,Not Significant
SIN3B,-0.46337274646123205,4.959022202422171e-05,0.00010078109676659461,3.996620919674553,Not Significant
SIPA1,2.234983641257381,6.99203825200316e-07,2.0963628973416617e-06,5.678533535299521,Up
SIPA1L1,-0.6652292872960004,4.558631345190439e-09,2.1878824283681982e-08,7.659976019670799,Not Significant
SIPA1L2,0.4733769024640715,2.7149976223791017e-07,8.911986330350951e-07,6.050025488312369,Not Significant
SIPA1L3,-0.006646712355877327,0.9683590461602696,0.9730921726701801,0.011846020794208637,Not Significant
SIRPA,-1.4610666747672276,2.687972714576312e-23,7.418804692230621e-22,21.129666062023638,Down
SIRPB1,0.3244629973795856,0.5502345609810737,0.5847729683852028,0.2330127112083311,Not Significant
SIRPG,-0.8434421026734285,0.11823273793313734,0.14037437854312615,0.852712153408231,Not Significant
SIRT1,-0.419162667992957,1.2263595082375821e-05,2.7982662935414278e-05,4.55311095878179,Not Significant
SIRT2,0.10789000768576784,0.2752811421502118,0.3083369163910645,0.5109744751920043,Not Significant
SIRT3,-0.5674514853166244,1.3927098025588194e-10,8.896739727950251e-10,9.050769114429867,Not Significant
SIRT5,-1.5784213659511348,1.0328747461966365e-13,1.0999133396601392e-12,11.95864153083269,Down
SIRT6,0.6925521342283094,8.318032794936037e-06,1.9712035374308548e-05,4.7052685301501445,Not Significant
SIVA1,1.0475578750901668,4.261563396101219e-14,4.791405095125411e-13,12.319537109638564,Up
SKA1,4.05709072205112,1.6408334501580675e-10,1.0350504807070991e-09,8.98503846860522,Up
SKA2,0.4045730245904551,5.471027058730335e-05,0.00011031850798568732,3.9573516204540766,Not Significant
SKA3,2.552676380142927,2.2497943400516166e-15,2.913165576051412e-14,13.53563483060684,Up
SKAP2,0.02150310559491686,0.9156965373633686,0.9259914592851411,0.03339301893625158,Not Significant
SKI,-0.3377846080220195,0.04947309212534182,0.062012184903657265,1.2075229666874747,Not Significant
SKIV2L,0.5752282588935387,7.614240373668263e-05,0.00014961158089396153,3.825034787997764,Not Significant
SKP1,-0.49797545892062445,0.008514099524117304,0.011925895245544733,1.9235090097212608,Not Significant
SLAIN1,-0.42894681951701585,0.06868986736592068,0.08434687028818685,1.0739310273817573,Not Significant
SLAIN2,0.046886453242581894,0.37990060185158375,0.41594594751145036,0.3809631026009531,Not Significant
SLBP,-0.026120001019098282,0.851736271379718,0.8680213654910752,0.06146958496097295,Not Significant
SLC10A4,0.7347752371404468,0.005268776946083036,0.007611882827311129,2.1185079055983476,Not Significant
SLC12A2,-0.747788228014624,1.3954832324587675e-05,3.1449883856352626e-05,4.502380954054589,Not Significant
SLC12A4,2.325240431657484,3.7353883569607873e-06,9.488225493702212e-06,5.022815002573101,Up
SLC12A5,-5.926927670936097,1.0174122261257268e-44,3.660503844996633e-42,41.436459132626986,Down
SLC12A6,-0.5262778266823602,2.0855066578532975e-07,6.992583336790248e-07,6.155362349054759,Not Significant
SLC12A7,1.0824175420590905,0.006084040923571987,0.008706055151145482,2.0601785859998603,Up
SLC12A9,1.5008118403422799,2.7815586101985245e-09,1.3865126887253801e-08,7.858076151604908,Up
SLC13A5,-3.529421549780217,7.22060939211644e-10,4.038890561698002e-09,8.39373791437014,Down
SLC14A1,-2.3915375003580337,0.0006607456077171725,0.0010982265718763892,2.9593080526320312,Down
SLC15A2,0.026616213926903498,0.8972535997950792,0.909623907047965,0.041138133893576054,Not Significant
SLC15A4,1.0178607975264846,2.3383052238539348e-11,1.7219361714257703e-10,9.763982950972572,Up
SLC16A1,1.5747455303175997,0.0011576800810570542,0.0018462037575698535,2.733720369450475,Up
SLC16A2,0.6871502262509068,2.7037176711518887e-05,5.77672360958306e-05,4.238318411012239,Not Significant
SLC16A3,3.3425523820475433,1.8443511263092403e-06,5.020262968505616e-06,5.299273533297267,Up
SLC16A4,1.932120238179687,1.8477931703298706e-07,6.257031394253148e-07,6.203631665972343,Up
SLC16A7,-2.154582450463348,2.3614357595058766e-10,1.446146130167915e-09,8.839787820237182,Down
SLC17A5,-0.33315793857340026,8.152128824484751e-05,0.00015918694665217946,3.798092547335483,Not Significant
SLC17A6,-6.195264768184053,9.980990940107784e-16,1.347835157247263e-14,13.870363219577799,Down
SLC17A7,-6.764275886538892,5.74180509215961e-41,9.4824499177731e-39,38.023079442376,Down
SLC19A1,-0.18668623300674447,0.3885466001110847,0.4247659739033171,0.37185027991596525,Not Significant
SLC1A1,-1.9941011029326905,8.159004480161747e-11,5.436098619917291e-10,9.2647126730401,Down
SLC1A2,-2.8338870147727526,7.334077022319304e-07,2.1842541984687096e-06,5.660696820835366,Down
SLC1A3,-0.2062524787454869,0.44511770638470466,0.48081876196863765,0.3180185941241364,Not Significant
SLC1A4,-0.6033985557701129,0.00013043856399820583,0.00024584435803890094,3.6093397540229484,Not Significant
SLC1A5,3.5083304951271543,5.1993228444446043e-08,1.9810127963288556e-07,6.703112719132295,Up
SLC20A1,0.41934212870380705,0.00013648938254107906,0.00025628966257573726,3.5912689106977487,Not Significant
SLC20A2,0.3826857484473116,1.3877995735165677e-05,3.129071822651276e-05,4.50458446823024,Not Significant
SLC22A17,-1.6737078894092825,7.091752283870215e-08,2.611195632591687e-07,6.583160589313685,Down
SLC22A18,1.1679575694539022,0.00019105892018412868,0.0003488721337565547,3.457333718540075,Up
SLC22A23,-0.09524328571911767,0.4643879356248329,0.5000795364494459,0.3009609166759239,Not Significant
SLC22A5,0.13442561132551134,0.5645326474311064,0.5985163008020381,0.22292401693347597,Not Significant
SLC23A2,-0.5271979657153558,1.08822224984578e-06,3.11176580895441e-06,5.506993095392495,Not Significant
SLC24A2,-4.09972897846205,2.9294096946951826e-19,5.741415031976511e-18,17.240981057977827,Down
SLC25A1,1.1950484881961927,1.2282197409462531e-08,5.37726452424709e-08,7.269438598710698,Up
SLC25A10,0.08603390535632549,0.4213188166593156,0.4575149034198497,0.3395947543459885,Not Significant
SLC25A11,-0.21533907496118943,0.10927868519071446,0.1304507020513399,0.8845535792988889,Not Significant
SLC25A12,-1.5835772356263753,1.6447889978080232e-05,3.660981962863019e-05,4.436402410820287,Down
SLC25A13,1.9003564471447731,2.9487577052252675e-08,1.1820845651587484e-07,6.9273514533463905,Up
SLC25A14,-0.6287416452406731,0.009734051106255458,0.013523766493506756,1.8689023365351503,Not Significant
SLC25A15,1.2082151945028148,1.461152644558309e-05,3.279779799750536e-05,4.484155313289382,Up
SLC25A16,-1.359697197203083,1.4488920924101507e-12,1.3055580446278944e-11,10.884203814839726,Down
SLC25A17,0.5756566591627639,5.622564318967729e-05,0.0001130347494497723,3.946788024000532,Not Significant
SLC25A18,-1.0934562631922553,8.049883169370029e-05,0.00015734288523134202,3.803152890339748,Down
SLC25A19,1.2904916946785665,2.968421325589039e-11,2.1405781269852522e-10,9.66946891662697,Up
SLC25A20,0.8495785125335118,1.051889438375416e-06,3.018152720647662e-06,5.52025878839858,Not Significant
SLC25A22,-2.115081030914361,3.5279897587943323e-13,3.4912543055102262e-12,11.457018515706784,Down
SLC25A23,-1.98733067096207,4.830676739742839e-10,2.7760546192908933e-09,8.55657199332407,Down
SLC25A24,0.621440080228016,1.5194249800151336e-07,5.249206875402077e-07,6.279906311004938,Not Significant
SLC25A25,0.13620606907067057,0.1751642452167565,0.20236291356807395,0.693869076360584,Not Significant
SLC25A26,-0.856273187636674,1.8425571419108754e-05,4.060800841743636e-05,4.391388309562591,Not Significant
SLC25A27,-1.9801928032075011,2.0458113217632945e-12,1.8062667182684863e-11,10.743218120179986,Down
SLC25A29,0.4196773541317036,0.10593356266556296,0.1265924923241852,0.8975920497599037,Not Significant
SLC25A3,-0.3430992000850708,0.025324507627812385,0.03312804698644098,1.4798041665331605,Not Significant
SLC25A32,-0.26913791517699437,0.031863533056444925,0.0410477278785967,1.3867108774506933,Not Significant
SLC25A33,-0.532426731988302,0.004386354318172823,0.006414303004975035,2.192850528305235,Not Significant
SLC25A36,-0.30143814127902857,0.029468535602561994,0.03814287905180644,1.418586529194508,Not Significant
SLC25A4,-1.6585609348471735,2.9594773114895218e-05,6.283197984393138e-05,4.201819255392329,Down
SLC25A40,-0.6745402476981113,0.0003471111502160616,0.000606872219242729,3.2169027427298853,Not Significant
SLC25A42,-1.0283555256480188,5.390514226573212e-07,1.6551063797165052e-06,5.781174087302699,Down
SLC25A44,-0.45263002709465283,4.160959041011308e-05,8.577348348505815e-05,4.066646951731634,Not Significant
SLC25A46,-0.7901423347132521,0.0020577889269995154,0.003152397452949075,2.5013590320642267,Not Significant
SLC25A5,0.33310276679283035,0.041179894745174646,0.052280562024308676,1.2816597523320445,Not Significant
SLC25A51,-0.0318093759595115,0.4532825679114661,0.4891664262603224,0.3105433582388677,Not Significant
SLC25A53,0.6988130559346111,4.279522518010855e-05,8.798348948253336e-05,4.055598817615391,Not Significant
SLC25A6,0.34796787010872876,0.011969875002203185,0.016414990576122362,1.7847593622638662,Not Significant
SLC26A2,1.6991784016568676,6.0991527973969936e-05,0.00012186208901423506,3.9141313812781946,Up
SLC26A6,1.2854698985744335,0.0006099716242790965,0.0010202314698634597,2.9913012844342606,Up
SLC27A1,0.4468992657114832,0.036590220859840414,0.04674231358635966,1.3302897953044583,Not Significant
SLC27A2,-3.9720801455154167,1.8955168119485304e-16,2.7754994714490546e-15,14.55665885103678,Down
SLC27A3,1.239825430681936,2.1148900815784482e-05,4.6055777522311473e-05,4.336715881456906,Up
SLC27A4,-0.7828092450334836,3.996455112988316e-06,1.0090297946928394e-05,4.99609600970001,Not Significant
SLC29A1,0.2343324319668092,0.016628764175683573,0.02232980142706429,1.651115138975749,Not Significant
SLC2A1,0.3756691809222339,0.021756008533694568,0.028729406943742986,1.5416733389825827,Not Significant
SLC2A10,2.527440723998957,4.942945699976816e-07,1.5302673719287497e-06,5.815232681595171,Up
SLC2A13,-2.1940582865391356,9.143695549814473e-07,2.6533100076872407e-06,5.576212004913116,Down
SLC2A3,0.0691694134232641,0.6250078807372589,0.6565515527160737,0.1827311672422924,Not Significant
SLC2A5,2.262618258575655,2.3705119176209172e-07,7.847695385512034e-07,6.105257862783907,Up
SLC30A1,-0.39309599291717845,0.0065491684303586135,0.009320006041451147,2.030583806125842,Not Significant
SLC30A3,-5.432158142543457,3.22486430459318e-37,3.2487283004471695e-35,34.488286608307405,Down
SLC30A4,-1.1723094344002671,1.0836595139102685e-06,3.1004788250872037e-06,5.5085712303480525,Down
SLC30A5,0.5953449611030521,7.034402819150097e-06,1.6880555979065766e-05,4.772613253524113,Not Significant
SLC30A6,0.4612725138411058,1.509181371579084e-11,1.1509078832163278e-10,9.938959435198877,Not Significant
SLC30A7,0.7008621641418955,2.0772958600842454e-12,1.8324587123019867e-11,10.736965801800842,Not Significant
SLC30A9,-0.6958026024822352,0.001171892891024943,0.0018669956630581,2.728856690895123,Not Significant
SLC31A1,0.9939388745697322,7.65421265574361e-07,2.2658988625906887e-06,5.644759478585161,Not Significant
SLC32A1,-6.615773417553093,1.8098603610844353e-23,5.064592577101278e-22,21.295455485868082,Down
SLC33A1,0.4189360286296484,1.4187092720332355e-06,3.966715849698256e-06,5.401568908506929,Not Significant
SLC35B2,1.682005446671365,5.127931350709411e-08,1.9567719858729775e-07,6.70845977784043,Up
SLC35E1,0.23918396434685363,0.0006421534728939194,0.0010703266191153778,2.9704836734978697,Not Significant
SLC35F1,-0.608264216041519,0.0002547981857158634,0.0004556784879995753,3.34134147342238,Not Significant
SLC35F6,0.9602867432330413,3.51631454632838e-07,1.1249079942747572e-06,5.948882996852875,Not Significant
SLC35G2,-0.1874865302122224,0.11732328099132608,0.1394096169741235,0.8557072660175448,Not Significant
SLC37A4,0.6767244498091038,2.092518644362625e-12,1.844272337997295e-11,10.734174947622757,Not Significant
SLC38A1,-1.2956580086311646,1.9096647069515985e-05,4.191277180355207e-05,4.377653617162287,Down
SLC38A10,0.930092606533492,0.00019015414903835953,0.00034740894040849365,3.4591590093773665,Not Significant
SLC38A3,0.47726284080551196,0.06828623893209762,0.0839023748020431,1.0762257465750333,Not Significant
SLC38A9,0.22808109896040207,0.020641456566054314,0.027360793874530415,1.5628713056973162,Not Significant
SLC39A1,2.269389787696415,1.4337720370629105e-09,7.566170508838009e-09,8.121123875809193,Up
SLC39A10,-1.7477848379635468,1.8275559458874342e-05,4.030384982239495e-05,4.394653468083027,Down
SLC39A11,0.18344640280729507,0.2937384017434664,0.32769885483540206,0.48452507628480374,Not Significant
SLC39A12,-2.9547559701428057,3.9900822841096905e-08,1.5555761969861077e-07,6.808108710932572,Down
SLC39A14,1.1362077611087216,4.411028053000011e-05,9.046558755277303e-05,4.0435165918234075,Up
SLC39A6,0.8110686969182019,6.380266102484121e-06,1.543583110384847e-05,4.81146998204855,Not Significant
SLC39A7,1.5795453995033277,8.459668987305643e-10,4.672297443975716e-09,8.330469517315729,Up
SLC3A2,1.4120533759362424,4.892721658608206e-08,1.8726929327058916e-07,6.727533428478579,Up
SLC41A3,-0.6383666921740456,1.1468020741650226e-05,2.630438090878515e-05,4.5799719151579215,Not Significant
SLC43A2,-0.2395068362472692,0.12259264859317014,0.1451402446735922,0.8382121491316891,Not Significant
SLC43A3,3.4657823523697893,1.5698555617663094e-10,9.965170087733965e-10,9.001515284265661,Up
SLC44A1,0.17801510477234217,0.5010055635456461,0.5359594400720865,0.2708680752687745,Not Significant
SLC44A2,0.7931203404021154,0.0005319390468455523,0.0008986674422140021,3.0464009920613697,Not Significant
SLC4A1,-0.25853063635222284,0.605988810158033,0.6383698916168592,0.19492760444713172,Not Significant
SLC4A10,-4.630364292682465,6.800862691974363e-17,1.0443885786425264e-15,14.981137886235965,Down
SLC4A1AP,-0.4944729506910299,0.0009534044181783539,0.0015414212981429525,2.812078644570163,Not Significant
SLC4A2,2.652618260994741,7.427228561310732e-10,4.142962376890604e-09,8.382689010602984,Up
SLC4A3,-0.6997649054024748,6.02067706265091e-06,1.4624627434656144e-05,4.834915188844684,Not Significant
SLC4A4,0.40530621908201425,0.14858721737476321,0.17354986989372345,0.7605757075728582,Not Significant
SLC4A7,0.010181419654294643,0.9431459846730861,0.949935277904086,0.022305983560257158,Not Significant
SLC4A8,-0.9992649801525282,2.254521663320467e-05,4.886413777170909e-05,4.31100976013512,Not Significant
SLC5A3,0.17973617103877615,0.35107968040160303,0.386575221375642,0.41276598673971043,Not Significant
SLC5A6,0.53250755131684,0.004603506107849476,0.00669975737221549,2.173940924734388,Not Significant
SLC6A1,-2.1696315540628213,1.109309529546374e-19,2.2667716431339088e-18,17.644592228934854,Down
SLC6A11,-1.3067378061502275,2.9136840503853336e-06,7.594258499018632e-06,5.119514624106062,Down
SLC6A15,-5.467586041241878,8.762493202882433e-23,2.316885998053481e-21,20.635095335063866,Down
SLC6A17,-5.893340361219774,3.517440191768645e-36,3.1638118296319045e-34,33.49978935443564,Down
SLC6A7,-6.438199704651657,1.6766462339587246e-40,2.598543717061568e-38,37.58526997234934,Down
SLC6A9,2.020862083031739,7.564811108762018e-08,2.77018928061318e-07,6.557490555586315,Up
SLC7A1,0.0464372455494555,0.5926941032133585,0.625345663570525,0.20387985740180953,Not Significant
SLC7A10,-4.183831286466871,3.760898376232073e-11,2.6550308508873095e-10,9.575930428144742,Down
SLC7A11,-0.44566964853150637,0.12155945490082945,0.1439677814097056,0.8417346879154408,Not Significant
SLC7A14,-3.70034847368896,5.099284488358054e-15,6.357697021747405e-14,13.196700172382,Down
SLC7A5,0.0492068077932295,0.8170840943090837,0.8367698654132062,0.07739396843905277,Not Significant
SLC7A6,0.3946531135658269,0.0033341821072089225,0.004950412755788163,2.3053585889274633,Not Significant
SLC7A6OS,0.791782618695045,2.2453970417639554e-06,6.012793673240321e-06,5.220923698551073,Not Significant
SLC7A8,-1.5770898052304378,8.115811890229752e-19,1.502917076878208e-17,16.823064980855342,Down
SLC8A1,-2.218848515594999,2.9609624893762276e-07,9.6470686021915e-07,6.015604633111758,Down
SLC8A2,-5.681683366642362,3.044789681304467e-47,2.5561009374550997e-44,43.5924220003907,Down
SLC8A3,-2.6126142549426206,7.123453130694795e-19,1.326463342673186e-17,16.877304747411568,Down
SLC9A1,-1.0669339046521902,3.1873879090367483e-10,1.909021747659703e-09,8.719189124076316,Down
SLC9A3R1,-0.49043008739563376,0.09284795089791714,0.11171028990154273,0.9519068211401214,Not Significant
SLC9A3R2,-0.8749747358952646,1.736777791223342e-06,4.749491496430609e-06,5.32335288555743,Not Significant
SLC9A6,-1.9966290946312384,8.796818069458829e-06,2.0676422125928196e-05,4.684524609939736,Down
SLC9A7,-1.2243460106021438,2.3314839236662092e-05,5.038045698630071e-05,4.297737897462587,Down
SLC9A9,0.753393412107684,0.00028878495066132537,0.0005120062641608926,3.290724725598647,Not Significant
SLCO1C1,-0.7902837340170343,0.043364996912624916,0.054812920815280226,1.2611170550677167,Not Significant
SLCO2A1,0.3543097608881567,0.090552921935389,0.1091314912761226,0.962049910144964,Not Significant
SLCO2B1,1.5925920005751735,1.4953767484733754e-06,4.161443470751598e-06,5.380756000468109,Up
SLFN11,1.7371461582106438,4.856509981527654e-09,2.3175974208389193e-08,7.6349620011129105,Up
SLFN5,0.6366603597220326,1.4668635660733715e-05,3.291161385587434e-05,4.482650821093165,Not Significant
SLIRP,-0.44608287654341794,0.012535499282791587,0.01712306708811423,1.7664184417534585,Not Significant
SLIT1,-2.2302034781571365,7.417262874669912e-16,1.0097500837760094e-14,13.99578610212583,Down
SLIT2,-3.00763433878792,1.938482467436351e-18,3.432033809657961e-17,16.464448442479636,Down
SLITRK1,-4.409694044047297,2.4540354528778262e-34,1.7658537965922302e-32,31.753045256569152,Down
SLITRK2,-1.410584022957444,3.198917768221744e-09,1.5773811843889302e-08,7.802063343911159,Down
SLITRK3,-1.8360146569816198,3.764259605882601e-11,2.655542805998692e-10,9.575846693582374,Down
SLITRK4,-5.82366697965249,3.8047540435235827e-20,8.207514397099909e-19,18.085788346786188,Down
SLITRK5,-3.735159046216326,2.717681130018694e-32,1.5209955391004624e-30,29.817872059679345,Down
SLK,-0.9804454243858203,6.211821557623823e-16,8.560586918126181e-15,14.06749645885492,Not Significant
SLMAP,-0.20431014395158087,0.00018449350732380274,0.0003379864689543533,3.4711006860421296,Not Significant
SLPI,4.286265827805789,3.2230353799408517e-10,1.926935217657219e-09,8.715132885804808,Up
SLTM,0.2277167940372884,0.0005485415421731968,0.0009248548110213865,3.0339264399326806,Not Significant
SLU7,-0.9450613699519685,0.00019043499292502466,0.00034779588809403524,3.4586755568606984,Not Significant
SMAD1,1.4459737738046172,1.236205141585203e-06,3.4962185840340636e-06,5.45640142304214,Up
SMAD2,0.19454739190820547,0.023342566921608677,0.03068500888597425,1.5130737466140718,Not Significant
SMAD3,-0.3682541506228709,0.00014507872357179483,0.0002709534781724622,3.5671052696694456,Not Significant
SMAD4,0.2581210296820835,0.07346129586671866,0.0897899896337447,1.046772078579446,Not Significant
SMAD5,0.6438819220544652,3.17433971993029e-08,1.2644641494099544e-07,6.898093479434758,Not Significant
SMAD9,0.45537533435713584,0.02871481744804001,0.03724386133276105,1.42894529899636,Not Significant
SMAP1,-0.8227643376597698,6.845740018836816e-05,0.00013567575240952602,3.867497761298888,Not Significant
SMAP2,-0.7385477986880744,0.0008001586469996578,0.0013081143455097694,2.883354291597818,Not Significant
SMARCA1,0.09320889698258483,0.2325506131317796,0.2635224833171595,0.5791823255595001,Not Significant
SMARCA2,-1.102904755186973,6.804778825022563e-10,3.8190162609068135e-09,8.418048492449655,Down
SMARCA4,-0.18128674901916497,0.02462346858280957,0.03227385148363565,1.4911492038468093,Not Significant
SMARCA5,-0.1258025279930699,0.04685518290255179,0.05888461983037759,1.2299981244835185,Not Significant
SMARCAD1,0.3188648593871797,0.00011436383586428007,0.00021795332623850876,3.66163649872243,Not Significant
SMARCAL1,0.75612324576894,2.0603611591267968e-05,4.4958594228905704e-05,4.347187276802293,Not Significant
SMARCB1,0.5666374750035921,5.915737632109716e-12,4.790606182144154e-11,10.319609529403067,Not Significant
SMARCC1,0.8275471591739532,8.307146199145918e-06,1.9690868425928465e-05,4.705735129759709,Not Significant
SMARCC2,-0.5876033954148134,3.30182731877836e-13,3.277104276785537e-12,11.484509739236472,Not Significant
SMARCD1,0.8461896649302574,1.0267705989189698e-09,5.5791192090127836e-09,8.253434358922426,Not Significant
SMARCD2,0.7569319352945918,0.00043155173325614657,0.0007418860342700376,3.1296628042749455,Not Significant
SMARCD3,-0.08616401658463602,0.4768129617684268,0.5121456207330346,0.2906065365066492,Not Significant
SMARCE1,0.726208751215589,5.041937641665216e-08,1.9254162169118797e-07,6.715475374639018,Not Significant
SMC1A,0.9486895004437272,2.9234497493357745e-07,9.534099312013141e-07,6.020720328553863,Not Significant
SMC2,0.844765598436787,0.00045109303138099666,0.0007729734985766559,3.1118353956278835,Not Significant
SMC3,0.19526345729110872,0.0007058724802378139,0.0011666873446949527,2.933045512991674,Not Significant
SMC4,2.8204675300292408,2.114187566325115e-25,6.915040760765978e-24,23.160205255594647,Up
SMC5,1.2243672210569443,4.230479273635389e-06,1.0617301495416769e-05,4.9739858499747704,Up
SMC6,0.42213196486924076,0.0009855311518898308,0.0015892813869278302,2.7987992028737785,Not Significant
SMCHD1,0.5939931575386517,0.0004895309013019838,0.0008328887518520834,3.0794130030149125,Not Significant
SMCO4,0.8278026401881302,3.2498045492624164e-07,1.0499849592453362e-06,5.978816922038194,Not Significant
SMCR8,-0.014167687884235391,0.778412292417944,0.801157073336572,0.0962823286152226,Not Significant
SMDT1,-0.4267688760810735,8.353339785670564e-06,1.9781745416277683e-05,4.70373539164605,Not Significant
SMG1,0.11092307634987009,0.4212379725413881,0.45747642684152046,0.3396312796443342,Not Significant
SMG5,0.22096944481804215,0.02672013326059984,0.03484239737263771,1.4578919704873514,Not Significant
SMG6,-0.13723222833303694,0.21275184816379777,0.24245046588259037,0.6153769770256942,Not Significant
SMG7,-0.20090007818582123,0.08522360741351995,0.10314063203793848,0.9865702115976382,Not Significant
SMG8,0.39220954006550457,0.0005145835598372037,0.0008719789372245568,3.0594940053858117,Not Significant
SMG9,0.43800151838007295,0.013278009600065921,0.018071152217112144,1.7430141559293497,Not Significant
SMIM12,-0.21662253600799275,0.002385578330439645,0.0036231442938110935,2.4409143695928273,Not Significant
SMIM13,-1.5414238393423858,2.52871070649009e-07,8.343999887710831e-07,6.078625710426032,Down
SMIM15,0.6262081602255876,4.583738960079538e-07,1.430501433824079e-06,5.844511702555277,Not Significant
SMIM18,-3.4482654613970247,1.479526174347422e-07,5.12190607573056e-07,6.290568389781282,Down
SMIM19,-0.13851583817677948,0.3676682294076892,0.40356636623730435,0.39408503561205765,Not Significant
SMIM20,0.4441158145583053,0.00012820185210889553,0.00024221782785915485,3.6157938948184305,Not Significant
SMIM8,-0.406384358712085,0.00047292251273031835,0.0008074951513974962,3.0928600767091,Not Significant
SMN1,0.43632999100314507,0.041551795786212174,0.05269958337533695,1.2781928181557152,Not Significant
SMNDC1,-0.5208991093835422,1.947520300420525e-05,4.269710447537838e-05,4.369601575864994,Not Significant
SMOC1,-0.41886056864763077,0.15823523210562448,0.1839231254450284,0.7353636616170055,Not Significant
SMOC2,0.3932825142967804,0.0644467372109301,0.07941730038690029,1.100084879888596,Not Significant
SMOX,1.3381912592676173,1.9059420246460225e-05,4.1858425891179485e-05,4.378217107569921,Up
SMPD1,0.44541076112292544,0.0006221393827518176,0.0010393751479007977,2.9832276716372514,Not Significant
SMPD2,0.867734833070573,3.8420045701339316e-07,1.2193416423776176e-06,5.913874594126185,Not Significant
SMPD3,-3.097956167607876,2.303698473344695e-20,5.078218472751522e-19,18.294288619045314,Down
SMPD4,0.5426288058216215,0.0010038435997469105,0.001615708647363856,2.791636950646826,Not Significant
SMPDL3A,0.5031648380922142,0.0023542921329324615,0.003579405213878904,2.4461891336329034,Not Significant
SMPX,-9.737171507841442,3.1872683219420988e-21,7.537216214846174e-20,19.12278902624768,Down
SMS,0.2876393861525628,0.13652797965681768,0.1605068114205603,0.7945065327320395,Not Significant
SMTN,0.7770242310734599,0.04263327897596512,0.05395573522661716,1.26796238518146,Not Significant
SMU1,-0.006418993323023869,0.9478972922583657,0.9541484134902853,0.020384067490080964,Not Significant
SMUG1,0.3952685184062936,4.564159395001718e-05,9.332117261060952e-05,4.03001981279387,Not Significant
SMURF2,0.5738130729142981,0.00013358588654758302,0.0002514939676846106,3.5994724274378975,Not Significant
SMYD2,-0.30890894740641883,0.01492716157867604,0.020200997547498985,1.6946271840841982,Not Significant
SMYD3,0.13029432884068015,0.3624454483276529,0.39826302862704793,0.3998300079479694,Not Significant
SMYD4,0.28306827220103514,0.0049780713975080965,0.0072116876445946325,2.1419630918729102,Not Significant
SMYD5,-0.12131801881245252,0.03131826533529166,0.0403910338804269,1.393715030147226,Not Significant
SNAP23,1.0534463975004158,0.0002914751507853989,0.0005166849672729383,3.286774173881828,Up
SNAP25,-5.531135172568089,2.176976838782461e-12,1.9053748630664216e-11,10.720019568573427,Down
SNAP29,0.3498642760347366,7.584500488559925e-05,0.00014912324303872755,3.826454660123483,Not Significant
SNAP47,-0.8160187756740314,6.235965813672306e-13,5.982963772089029e-12,11.22308362688041,Not Significant
SNAP91,-5.661119581024286,5.055111436199624e-30,2.3686136096872097e-28,27.625505779660138,Down
SNAPC3,-0.6132578494818226,3.8102733526824455e-05,7.919268362888994e-05,4.101314939703108,Not Significant
SNAPC5,-0.20999495125104417,0.16162036041473654,0.18759805401751997,0.7267716709347596,Not Significant
SNAPIN,0.8486497084565023,1.9432882187903142e-07,6.551768914355296e-07,6.183641428859084,Not Significant
SNCA,-3.967208478890523,3.752986472090852e-10,2.2045239486789063e-09,8.656685178886828,Down
SNCAIP,1.8124051706707274,2.2230535859257065e-14,2.5980326942709477e-13,12.585355387961943,Up
SNCB,-5.259163632965089,6.774302760568595e-40,9.34853780958466e-38,37.02925631114755,Down
SNCG,-4.874343161746884,1.0178800117675178e-17,1.6920995443145173e-16,15.771574091489168,Down
SND1,0.8573145023454991,5.296747287501892e-09,2.5027876254359317e-08,7.601576000976831,Not Significant
SNF8,0.6966768398310172,4.961682954358451e-07,1.5349039934394177e-06,5.813918783980575,Not Significant
SNIP1,0.3354422182839123,0.0003010540077694543,0.0005324270854283275,3.2737398593715645,Not Significant
SNN,-1.029398034290523,4.30843928105319e-08,1.667430553873601e-07,6.777952244786249,Down
SNPH,-3.015239587668475,3.5589038069616665e-36,3.172778491268303e-34,33.498560247274916,Down
SNRK,-0.5363783750748929,0.00011379894239252424,0.0002170409969069082,3.663458224452068,Not Significant
SNRNP200,0.978889606075402,3.610657428757907e-11,2.556132321665998e-10,9.592416668087214,Not Significant
SNRNP27,-0.4463544563873647,0.0005521339765924306,0.0009301333913364794,3.0314547643845717,Not Significant
SNRNP40,1.0090155264794447,1.312306283382573e-08,5.708192356993109e-08,7.243501400278296,Up
SNRNP48,0.1061632395588088,0.36463408050901885,0.40049321053727166,0.3974048420046912,Not Significant
SNRNP70,0.5076449695434704,0.019914051898770307,0.026448801427582345,1.5775940039759182,Not Significant
SNRPA,1.0174373728239914,9.651078045416582e-14,1.0321121043474167e-12,11.986273128624196,Up
SNRPA1,0.38254455529243003,0.012136370209113628,0.016631994760795903,1.779055660482611,Not Significant
SNRPB2,0.43120064263607105,0.009872926777434309,0.013699705834142319,1.8632887580976332,Not Significant
SNRPC,1.0016096413783835,9.905246618414089e-05,0.00019072143431556488,3.7196004958272693,Up
SNRPD1,-0.048724649961503275,0.7081768324060559,0.7359370135814531,0.13315935390241093,Not Significant
SNRPD2,0.6933242184243262,0.000945914134994258,0.0015300480083384963,2.815294942104369,Not Significant
SNRPD3,0.02363843987275871,0.8413767991729465,0.8586799589573765,0.06616867313923354,Not Significant
SNRPE,0.6606500467501739,0.0007925657053351195,0.0012965746858632663,2.8872024617530267,Not Significant
SNRPF,0.7306931408248616,0.00040277128318409435,0.0006966892010296302,3.156960921157105,Not Significant
SNRPG,1.439303158019495,1.0664021512720085e-13,1.1332210202441153e-12,11.945685378299713,Up
SNRPN,-1.8365351892240618,8.213499874046281e-07,2.4151429577099308e-06,5.617057157290509,Down
SNTA1,-1.262057433625106,3.426886164145758e-06,8.775407020234968e-06,5.056732730982637,Down
SNTB1,1.584528660918684,3.494466600694924e-09,1.7097259123555446e-08,7.767073506153061,Up
SNTB2,-0.20479040008470406,0.0008951075299595344,0.001451362185226517,2.838224196509679,Not Significant
SNUPN,-0.028247150060117576,0.6686728905353787,0.698487214771195,0.155841538877125,Not Significant
SNW1,0.3184565979802656,0.007932095631832992,0.011155651458199856,1.952505063081602,Not Significant
SNX1,0.4415068484812217,4.527187787408364e-05,9.265604859345896e-05,4.033126224644928,Not Significant
SNX10,-1.4163306249226935,0.0005284720780492295,0.0008931098329588891,3.049095129112755,Down
SNX11,0.12178805582156116,0.011386601289758162,0.015655605485604438,1.805330131242735,Not Significant
SNX12,-0.12328698967664664,0.16756380845953106,0.19409426312766656,0.711987300927032,Not Significant
SNX13,0.24323877944649652,0.0006869586310501907,0.0011371050360170262,2.9441994170574746,Not Significant
SNX14,-0.3257467817313362,0.001236848104202605,0.0019631334176362127,2.707050184060606,Not Significant
SNX15,0.35662991449158454,0.09721591447617929,0.11672862007545057,0.9328226485223379,Not Significant
SNX16,-0.7186722163787493,0.00011417340136461855,0.000217631569602113,3.6622781057131792,Not Significant
SNX17,0.5510086444090483,0.0016116814978325686,0.0025067283324324992,2.600892730309239,Not Significant
SNX18,0.9685769166567653,2.1645393281460086e-07,7.229963259861701e-07,6.140863909632145,Not Significant
SNX19,0.03847253228198255,0.5823887154765173,0.6153748604688939,0.21086024969182057,Not Significant
SNX2,0.4929646103684391,0.0016380278117019797,0.002543778661181709,2.5945206801342184,Not Significant
SNX21,0.3053512961126543,0.02624698268930145,0.034268027943496995,1.4651108876302548,Not Significant
SNX24,0.12295760609080375,0.002293344445749652,0.0034925399767924406,2.4568586141039748,Not Significant
SNX25,-0.25381232578955704,0.006795158290793977,0.009650983310511565,2.015428435405101,Not Significant
SNX27,-0.747971680567904,1.4440203821158037e-13,1.5168989915990204e-12,11.819043337375218,Not Significant
SNX29,0.3113556075338586,0.0014654737163628374,0.0022956277746290195,2.6390985293967866,Not Significant
SNX3,-0.020441886869843273,0.8850152938112872,0.8983016695067917,0.046577793175568004,Not Significant
SNX30,-0.8304365342618958,0.0007667363388275017,0.001258201967315239,2.9002496400908595,Not Significant
SNX32,-2.760029511375331,1.6463264428473494e-07,5.639269835173138e-07,6.248777124222962,Down
SNX33,0.9153713785019235,0.001500993294526771,0.0023457968428580037,2.6297096025556077,Not Significant
SNX4,0.23815946134095967,0.13665923390663,0.16063959949259726,0.7941473873187637,Not Significant
SNX5,1.0396807910338381,3.7372997017523463e-10,2.196590268112785e-09,8.658250944851314,Up
SNX6,0.4311811941443686,9.949888458559737e-05,0.00019142657065474638,3.7179977808337843,Not Significant
SNX7,0.9956143656426555,6.978311843717012e-13,6.632029576755206e-12,11.178353545637377,Not Significant
SNX8,0.7339044405860484,0.00016328109626444556,0.000302203520809852,3.5197004802372867,Not Significant
SNX9,0.14173821365390538,0.1164277506976678,0.13844347976018714,0.8587274933012338,Not Significant
SOAT1,1.4379078909726282,2.0411973262915436e-09,1.0485987692534936e-08,7.979390656355969,Up
SOBP,-1.5182379283462026,3.780343548668493e-19,7.253939220816457e-18,17.139426087599617,Down
SOCS2,1.9337419581550908,6.400290033213259e-10,3.6060694515990137e-09,8.442965913177746,Up
SOCS6,1.1875885559935568,2.8291125444215106e-12,2.417343492154563e-11,10.616661634181437,Up
SOD1,-0.8825028551255976,0.0003415799383110642,0.0005979281144301757,3.2233510256819935,Not Significant
SOD2,1.4464509179955414,2.256376240306292e-09,1.145125150873833e-08,7.941147046630891,Up
SOD3,0.7487177236966573,0.06626378667501977,0.0815467123093268,1.0885935435715874,Not Significant
SOGA1,0.4935272298264515,0.001655091542258262,0.0025690897067349354,2.5902207308991727,Not Significant
SOGA3,-2.3560057199993913,1.3228013976226661e-08,5.743922965366697e-08,7.240791393267933,Down
SON,0.6018089979063959,5.136829636599077e-09,2.4352198474870168e-08,7.613461825315662,Not Significant
SORBS1,-0.6033528245991988,0.002329741382954614,0.0035436833295915417,2.4505450944474263,Not Significant
SORBS2,-2.3503989987960914,1.054822099517983e-31,5.534519703408416e-30,29.256920062086085,Down
SORBS3,0.5467530869576223,0.021544650261582546,0.028468101617941048,1.5456414926121385,Not Significant
SORCS1,-3.078735131830843,6.862377203906196e-22,1.7058183090957353e-20,19.76806722847875,Down
SORCS2,-1.5785756905078934,1.0866645113477096e-06,3.108193721555033e-06,5.5074919211515265,Down
SORCS3,-1.2111163101154325,2.062921554114032e-08,8.545624580595108e-08,7.068256190170498,Down
SORD,0.7398213907766582,7.919882870446256e-07,2.336307468136913e-06,5.631470002771898,Not Significant
SORL1,-0.41190076937252584,0.0007911247477990002,0.0012944275961226453,2.8879222368349917,Not Significant
SORT1,-0.5689137200608378,0.0014929333690816113,0.002334286940885946,2.631845759608619,Not Significant
SOS1,-0.005750239933934864,0.9538252759771477,0.9596360561463884,0.017893442768362817,Not Significant
SOS2,0.10285233952316375,0.14829343898695171,0.17326700352059285,0.7612841352280479,Not Significant
SOWAHC,1.7553014538410103,1.670972332339082e-08,7.028549175776164e-08,7.153134312246295,Up
SOX10,-1.8774501342933245,6.205786171585417e-05,0.00012386980363097183,3.9070345508859208,Down
SOX11,3.1933434679801724,1.5099208260448374e-19,3.0240442150249884e-18,17.51941186323664,Up
SOX13,1.2448406654628617,7.412259969520042e-06,1.7690383068691044e-05,4.752262762747854,Up
SOX2,1.6146602587417824,2.420087737212468e-06,6.41915846884634e-06,5.192521902817668,Up
SOX21,0.4025687282186574,0.1624707945006631,0.18847659877932751,0.7247425640359134,Not Significant
SOX4,3.3303820265349096,5.814891888432514e-16,8.035558420311268e-15,14.09498393714173,Up
SOX5,-0.09612935750624274,0.4664556825625968,0.5021451748381706,0.29917070612932817,Not Significant
SOX6,1.3404165069648286,1.3151453637594638e-10,8.43870980542219e-10,9.073723947594434,Up
SOX8,1.0376852354735746,0.0003629461382144084,0.0006320344678257476,3.1992592369417485,Up
SOX9,1.173965696893518,0.002053177570109609,0.0031462900579988136,2.502201242049193,Up
SP1,1.4470921983619007,7.431621066610794e-07,2.2071388745588776e-06,5.656170339898106,Up
SP100,2.412736560496935,6.99180907347724e-08,2.580054381179843e-07,6.58837114008428,Up
SP110,1.9961557812406667,6.229840453764453e-05,0.00012422686605546932,3.905784470843195,Up
SP140L,2.6592294830077297,2.1345698262221275e-06,5.7388995007637346e-06,5.241171380523282,Up
SP2,0.12057079655601655,0.4142319423188724,0.45064498778837153,0.3461654549269331,Not Significant
SP3,0.9439033017734744,4.0409140257773e-09,1.9552434147781228e-08,7.708799168132895,Not Significant
SP4,0.3126040973350115,3.134240288278851e-05,6.623523529289101e-05,4.178910916567858,Not Significant
SPA17,0.22210882416864308,0.1157740198075219,0.1377474283147485,0.8609165004917096,Not Significant
SPAG1,0.23390501381798146,0.04589126587064739,0.05777413301435914,1.238266563025917,Not Significant
SPAG5,0.29727529674742215,0.18109722692170138,0.20857133463006972,0.6807453798377381,Not Significant
SPAG7,0.1108657637460908,0.35842557979195633,0.3941898789109354,0.40429453071502375,Not Significant
SPAG9,0.09089179584096385,0.11257197813809056,0.13415948275915346,0.8723786247853823,Not Significant
SPARC,3.942194831226246,3.851811277635839e-12,3.220178158581198e-11,10.492120099997239,Up
SPARCL1,-0.8833140200784477,1.878733566615707e-05,4.132393438883544e-05,4.383798336667961,Not Significant
SPAST,-0.5241849966143306,5.8133277257511255e-05,0.00011656740348172142,3.9334228772542743,Not Significant
SPATA13,1.597487517320161,2.4088037809516672e-06,6.395964493755165e-06,5.194093955840282,Up
SPATA18,-0.13006857693168605,0.5679959457422978,0.6018713745038297,0.22049631158575903,Not Significant
SPATA2,-1.567012985124169,4.326772928276966e-16,6.079206482491236e-15,14.216153105392722,Down
SPATA20,0.2640023520334438,0.014255676737956953,0.01933382976012094,1.7136821098129342,Not Significant
SPATA2L,0.2939433751373386,0.27308488350522614,0.3061833184676292,0.5140184743000967,Not Significant
SPATA33,-0.08983716542590514,0.5591160301069005,0.5933356038446135,0.22669959049734142,Not Significant
SPATA5,0.5318371670905648,5.866069516892258e-06,1.4301738701155035e-05,4.844611160967444,Not Significant
SPATA5L1,0.9918395022974096,2.4405928203469752e-08,9.929940255321255e-08,7.003053364481694,Not Significant
SPATA6,1.6837565981375207,2.7729246981157713e-09,1.3828932380603109e-08,7.859211346941314,Up
SPATS2,-0.6271386855787071,3.533466175029816e-08,1.3926501661678547e-07,6.856157964684302,Not Significant
SPATS2L,0.5993474483360437,1.5664707054414719e-09,8.214797442278703e-09,8.085403140784633,Not Significant
SPC24,3.1195808593962226,8.149854579471962e-13,7.63736139847447e-12,11.117056658179688,Up
SPC25,2.196286536964676,6.233531266121696e-12,5.0277497177670113e-11,10.2986263497009,Up
SPCS1,0.026113189562519068,0.8188992434404212,0.8382878750552589,0.07660681540477669,Not Significant
SPCS2,0.3688074963875927,6.3891946627307684e-06,1.5450011289570274e-05,4.811071198893109,Not Significant
SPCS3,-0.21941210685939794,0.07266170877753017,0.08887737423808147,1.0512087845212499,Not Significant
SPDL1,0.6737264742116764,1.145504407960031e-05,2.6280599876541455e-05,4.580364725866502,Not Significant
SPECC1,0.05075114793754665,0.549766251368048,0.5843985666647373,0.2332908579163149,Not Significant
SPECC1L,0.09931476364995717,0.22849416567335798,0.25912982382003924,0.5864826002326691,Not Significant
SPEG,-0.04679491775916489,0.8155403856574187,0.835358804790324,0.07812694551017722,Not Significant
SPEN,-0.4292323079788254,0.004592734826593111,0.006686203811450042,2.174820389209345,Not Significant
SPG11,0.7129778535391544,0.00013199596494850444,0.0002486028454161149,3.6044939048920996,Not Significant
SPG21,0.8836754982252906,6.389301484598022e-11,4.354927141802468e-10,9.361019106368794,Not Significant
SPG7,0.05169740534444145,0.33407577583871995,0.3693458478708587,0.4325667788872346,Not Significant
SPHK2,-0.7159196016009943,1.8757484666956352e-05,4.1267285550320656e-05,4.384394096891611,Not Significant
SPHKAP,-5.176515892741449,4.566263538499082e-23,1.2266810369823934e-21,20.911268348345928,Down
SPI1,2.6276716950394317,7.335052564442768e-07,2.1842541984687096e-06,5.660696820835366,Up
SPICE1,0.947744900089285,0.001351869867442435,0.002130257632506662,2.6715678699838623,Not Significant
SPIN1,-1.0608877063113873,4.1376513466536343e-05,8.53454129119343e-05,4.068819816090786,Down
SPIN3,-0.4198955365280206,7.112828858281664e-07,2.127513002325697e-06,5.672127777038417,Not Significant
SPINT2,-2.1657961775406545,3.390808933304288e-08,1.341146807778068e-07,6.87252367977839,Down
SPIRE1,-0.4387946879351077,9.297131061409761e-08,3.346170000451659e-07,6.47545199870459,Not Significant
SPIRE2,-1.4623634788393591,2.1236613252883312e-07,7.105202321804931e-07,6.148423550953623,Down
SPN,1.9075286799942806,4.190826021523578e-05,8.631850611496325e-05,4.063896084447043,Up
SPNS1,1.0648009493332982,0.0003052571225350286,0.000539028966243274,3.268387896146097,Up
SPOCK1,-2.2069465660532614,1.735579080034597e-10,1.088003960937681e-09,8.963369523562244,Down
SPOCK2,-1.4028951429023664,4.538717860079927e-18,7.789274910126949e-17,16.108502968153772,Down
SPOCK3,-4.233012700175518,2.246389459425398e-14,2.6161997010695327e-13,12.582329108297953,Down
SPON1,-0.21616167247131202,0.49294583805480274,0.528066394360281,0.27731146971710774,Not Significant
SPP1,4.243159833089287,1.668844102020118e-06,4.585907115043826e-06,5.33857474590622,Up
SPP2,-1.5779315001782757,0.3752439912273109,0.4111603184276626,0.38598880626833726,Not Significant
SPPL2A,0.9572016071168257,7.726701483149434e-07,2.2840020757408274e-06,5.641303505731629,Not Significant
SPPL2B,0.8198574052941296,0.00014019252424573523,0.00026270451808994356,3.580532457991783,Not Significant
SPR,0.1311838453886054,0.45782457624885536,0.4937506456622384,0.3064923234518348,Not Significant
SPRED1,0.10382536817247612,0.30871976680715596,0.3431582181193081,0.46450559595404795,Not Significant
SPRED2,-0.013621411451200771,0.9070402269629598,0.9181594901954238,0.03708187250737137,Not Significant
SPRED3,0.9295445562337612,0.008368651533194944,0.011727054603617452,1.9308110526774975,Not Significant
SPRY1,2.302999400117841,2.7871602391367502e-22,7.126358438848634e-21,20.147132337458043,Up
SPRY2,1.1315030460005282,6.589368901318682e-06,1.5907333408071986e-05,4.798402616281832,Up
SPRY4,2.1205748012728236,6.619240011653375e-10,3.7169578526976644e-09,8.429812363425288,Up
SPRYD3,-2.177340268626626,6.0287466901509336e-12,4.870376435972775e-11,10.312437470459352,Down
SPRYD4,1.704011908403011,3.733588320298875e-10,2.195689943881545e-09,8.658428987158342,Up
SPRYD7,-1.663580561868855,9.488315670035507e-07,2.744337986216988e-06,5.561562402983601,Down
SPTA1,3.1336001531506534,0.004068509285771298,0.0059764016542519765,2.223560222711484,Up
SPTAN1,-1.3067122567176028,6.7834722393224554e-12,5.429939279243033e-11,10.265205026918913,Down
SPTB,-4.554769631017365,4.0698775454113023e-35,3.153842030190266e-33,32.50116006342779,Down
SPTBN1,-0.7216959587607974,1.1047565778602746e-20,2.4953627276601807e-19,18.602866316104194,Not Significant
SPTBN2,-3.630947077109539,1.1908193810552251e-28,5.019378428765832e-27,26.299350060080208,Down
SPTBN4,-2.801292155687241,1.6746559371623255e-14,1.975466500113966e-13,12.704330330669453,Down
SPTLC1,0.483879487878653,3.316577188206492e-05,6.988328507423594e-05,4.155626687889452,Not Significant
SPTLC2,-0.14551422772607125,0.35936869239911096,0.39509769804961736,0.40329550063305925,Not Significant
SPTY2D1,0.3423237938802366,5.384901069943684e-07,1.6538869932503864e-06,5.78149416823235,Not Significant
SQLE,-0.0447933738676376,0.7367474464341971,0.7631085518587396,0.11741367945007013,Not Significant
SQSTM1,0.7633651182394026,1.2405610584569566e-13,1.3100012686473147e-12,11.882728283759302,Not Significant
SRA1,0.920473169392622,1.0281675306970729e-09,5.580689495820211e-09,8.253312140537146,Not Significant
SRBD1,1.3547032491924753,1.9629952162543837e-13,2.026148955793715e-12,11.693328629903045,Up
SRC,-0.4602823588511882,2.677021828711332e-05,5.726973434367797e-05,4.242074831437785,Not Significant
SRCAP,-0.3438175436444304,0.03432199063707004,0.04406828112131578,1.3558738887704531,Not Significant
SRCIN1,-3.3028183586677944,5.201076065803874e-21,1.2185032624862378e-19,18.91417330367427,Down
SRD5A3,0.058670370673461036,0.7555499551743161,0.7803373229881136,0.10771762058652412,Not Significant
SREBF1,0.5001394063030808,0.020847808224314198,0.027608889187819275,1.5589510663525945,Not Significant
SREBF2,-1.6226995561162347,1.6034954282316607e-08,6.801521239581368e-08,7.167393941401484,Down
SREK1,0.7552050761494193,0.00034172852554411617,0.0005980842887997613,3.223237606009876,Not Significant
SREK1IP1,-0.1513924358264518,0.016557708405183738,0.02224762366717028,1.6527163704515937,Not Significant
SRF,0.5337451058758447,7.134383683668543e-05,0.00014098034764471734,3.8508414228361234,Not Significant
SRFBP1,0.18714146057777725,0.00029874973290393547,0.0005287429390854262,3.2767554192135195,Not Significant
SRGAP1,1.8407631048765598,6.385393121456093e-07,1.9278729097731434e-06,5.714921599273162,Up
SRGAP2,0.3583019001787804,1.1633378919955e-08,5.1132050279069226e-08,7.291306792702098,Not Significant
SRGAP3,-1.6315193385203344,4.850292878387516e-25,1.5365361778891773e-23,22.813457209782698,Down
SRGN,2.005912594963121,2.377446133723773e-07,7.868065818374931e-07,6.104132015753529,Up
SRI,0.28235777613716806,0.02726591215176061,0.03550171888546418,1.4497506192153247,Not Significant
SRM,0.6480150056977187,3.7426938448446676e-05,7.791671376930189e-05,4.108369372632968,Not Significant
SRP14,-0.11670283313043939,0.2029547946708458,0.23194175853818497,0.6346210544234178,Not Significant
SRP19,-0.41987801406428105,0.006382496087870858,0.00909566637278413,2.041165477862554,Not Significant
SRP54,0.2267654221890183,0.0684665517957469,0.08409315322974327,1.075239362532506,Not Significant
SRP68,-0.31770265749928583,0.0001575330624312081,0.00029231683015877515,3.5341461793922506,Not Significant
SRP72,0.38713975865070793,0.006790718794858936,0.00964603794971925,2.0156510337969644,Not Significant
SRP9,-0.5985705309959677,0.0004941968545925449,0.0008395512838390045,3.0759527699154177,Not Significant
SRPK1,-0.5121255988264437,0.000414867021172795,0.0007166272927460111,3.1447066557522785,Not Significant
SRPK2,-1.0985386547794107,1.3264423522926548e-05,3.0008040101046945e-05,4.522762368490373,Down
SRPRB,0.7622895629241171,4.7632275140482426e-05,9.713512950712955e-05,4.012623676457045,Not Significant
SRPX,4.694956638723735,1.1490706406196011e-10,7.458593836083674e-10,9.127343042070537,Up
SRPX2,5.715055572434633,1.9004001899986463e-09,9.822797082630252e-09,8.007764827428765,Up
SRR,0.9713345968801175,6.522453282849556e-08,2.4273067739721623e-07,6.61487533210489,Not Significant
SRRM1,-0.09363523596300283,0.5125538878280727,0.5474995086395933,0.2616162662507829,Not Significant
SRRM2,-0.514922153916622,0.05183557568222593,0.06476393270776933,1.1886667871356889,Not Significant
SRRT,1.0212175726024526,5.314353219532216e-10,3.034965665168228e-09,8.517846217772355,Up
SRSF1,0.6365431749712371,1.9249019061337223e-10,1.1955278546480344e-09,8.92244030078701,Not Significant
SRSF10,0.6881933370308921,5.395690402851502e-07,1.656190893306704e-06,5.780889607688953,Not Significant
SRSF11,0.382988442367715,0.019899926093703706,0.026433525246304213,1.577844914321036,Not Significant
SRSF12,-1.2832425136798857,8.625559793548442e-09,3.908950124397599e-08,7.407939870840992,Down
SRSF2,0.9098473210753539,7.373571146705059e-07,2.1944270526412632e-06,5.658678851438706,Not Significant
SRSF3,0.546062006011379,0.0007875528066460191,0.0012894209286773927,2.8896052850049028,Not Significant
SRSF4,0.9004466256577182,7.25173189780471e-13,6.840257222704554e-12,11.164927566656962,Not Significant
SRSF5,-0.03468793806472803,0.7505635066816156,0.7756644200154489,0.11032612933104982,Not Significant
SRSF6,1.1879414369604788,8.369918547991794e-12,6.61322034921328e-11,10.179587006578776,Up
SRSF7,0.40481387358228815,0.00010943156830598855,0.00020930579440184708,3.6792187485274632,Not Significant
SRSF8,-0.25878138382207894,0.06815387752337672,0.08377039557961165,1.076909433732283,Not Significant
SRSF9,0.8689232890986389,6.704167043719043e-42,1.2742977131778421e-39,38.8947290962663,Not Significant
SRXN1,0.005053003022872815,0.973041196909075,0.977212343501348,0.01001105594270019,Not Significant
SS18,1.2661829801961524,1.1129270922545455e-08,4.916708144006316e-08,7.308325570682683,Up
SS18L1,-0.6375803006051655,1.7934982234728273e-10,1.1215208630208108e-09,8.95019264307028,Not Significant
SS18L2,-0.15459076947194106,0.27358748399581423,0.3066785705768146,0.5133165696496902,Not Significant
SSB,-0.08570132216925685,0.47870790654843043,0.5138522589844313,0.289161729897536,Not Significant
SSBP1,0.858099427452359,2.9313387922615565e-06,7.630570282491711e-06,5.117443003161237,Not Significant
SSBP2,-0.28758377152382053,0.03462267625993009,0.04440907061911583,1.3525283155273604,Not Significant
SSBP3,-2.245149621095866,2.244578270492541e-21,5.370993229677401e-20,19.26994539506736,Down
SSBP4,-0.1286752526643653,0.4277761990352565,0.4635277432592421,0.3339242671638889,Not Significant
SSH1,-0.18658086639892346,0.10883586895365004,0.12996829585574565,0.8861625754942904,Not Significant
SSH2,0.17287025121565947,0.13613885733264194,0.1600680262335475,0.7956954102238525,Not Significant
SSH3,-0.159337471900459,0.2509031669667998,0.2828556965111394,0.548435070455685,Not Significant
SSNA1,0.6159561820679151,8.822284938004835e-05,0.00017131013582394122,3.7662169405827606,Not Significant
SSPN,0.5019810392425867,0.016148496575418236,0.021734128857817406,1.6628577624124063,Not Significant
SSR1,0.3699197452277083,2.839231612311008e-10,1.7096484914776505e-09,8.767093172592642,Not Significant
SSR2,1.414156729457563,3.1606792853863873e-11,2.2598071767908067e-10,9.645928616440376,Up
SSR3,0.8620938998756422,1.094761085363382e-07,3.881951134794336e-07,6.410949935723221,Not Significant
SSR4,1.5509723791731211,6.66323207727142e-08,2.473301398173629e-07,6.606722956995829,Up
SSRP1,0.9146530748061821,8.177722182072592e-10,4.536474298579257e-09,8.34328154527757,Not Significant
SSSCA1,-0.23779961573582753,0.029597531584144687,0.03830000426187201,1.4168011777048135,Not Significant
SST,-5.385506197098918,2.2934025222059555e-09,1.1627446909261598e-08,7.934515634793644,Down
SSU72,0.06974354468548327,0.21348960390844526,0.2432636884711772,0.6139227125797059,Not Significant
SSX2IP,-2.3800359264453093,5.115871210451574e-09,2.426425921567286e-08,7.6150329630940705,Down
ST13,0.03918557565736336,0.6369311304032792,0.6678230857288338,0.17533857205710687,Not Significant
ST14,2.7626066127100497,1.3477773120451304e-12,1.2276228428157906e-11,10.910935039092813,Up
ST3GAL6,0.008533575151446371,0.9486853424275681,0.954738347548583,0.020115633427263423,Not Significant
ST5,1.11117255459612,8.254298588560221e-06,1.9579421705004867e-05,4.708200139603067,Up
ST6GAL1,0.767406481203583,2.176140751355125e-06,5.844426000840183e-06,5.233258135812464,Not Significant
ST7,0.29362107540437776,0.01233013365516677,0.016865412958879843,1.7730030204061724,Not Significant
ST8SIA3,-5.538292949927927,1.0104688962555945e-23,2.9001320971164843e-22,21.537582220120974,Down
STAB1,3.570008426832974,1.51288437016196e-08,6.460702477749718e-08,7.189720258224137,Up
STAC2,-2.546435680780652,7.474994713101309e-12,5.948111906775876e-11,10.225620869329964,Down
STAG1,0.7569131011313068,3.920859567331674e-10,2.292439888641862e-09,8.63970204338898,Not Significant
STAG2,0.8182293066961854,2.817861861496162e-14,3.2405411407205864e-13,12.489382460532536,Not Significant
STAM,-0.8946710491719543,5.082414265479004e-05,0.00010303932644482892,3.9869969889036163,Not Significant
STAM2,0.14468148285406457,0.021321454226858157,0.028191669494864034,1.5498792046910796,Not Significant
STAMBP,1.0239752506227582,2.448916881372426e-09,1.2366109605486624e-08,7.907766908504532,Up
STAMBPL1,-2.062439541681959,4.031568889998169e-18,6.966385076816734e-17,16.156992522970747,Down
STARD10,-1.0843843216968878,3.3415233121727777e-10,1.9930435670117562e-09,8.700483207718982,Down
STARD13,-0.5043658969489968,0.0025187354354047824,0.0038127333998899744,2.4187635611057017,Not Significant
STARD3,0.46001329817294945,0.004389032481689112,0.0064172878404261426,2.1926484804680175,Not Significant
STARD3NL,0.938422917132236,3.443132246950779e-08,1.359173756104316e-07,6.86672501972547,Not Significant
STARD7,0.25709166444313425,0.029708932639376514,0.03843428629884153,1.4152811791023938,Not Significant
STAT1,1.0670179494685215,0.00010105098134782795,0.00019419831859939315,3.711754534603949,Up
STAT2,0.8714105768127709,0.0001298240917273273,0.0002449153370900927,3.6109840176313717,Not Significant
STAT3,1.3837529176855163,4.970928614232743e-06,1.2300941994542041e-05,4.910061629425088,Up
STAT4,-4.257546305880982,3.1464643118575137e-13,3.1383645027378803e-12,11.503296617047857,Down
STAT5A,1.8807529001571446,3.6798029857220677e-07,1.1716288014590426e-06,5.931209960854395,Up
STAT5B,0.18913218211705285,0.00017157124862854925,0.0003162687573072288,3.4999437078605453,Not Significant
STAT6,-0.39548346211201846,0.00799511139787261,0.0112395691071963,1.9492503380511206,Not Significant
STAU1,-0.011940008289553106,0.7498250450860637,0.7751398157205753,0.11061995463006147,Not Significant
STAU2,-1.652268981436908,1.4709045940366022e-07,5.095561513179068e-07,6.29280795127712,Down
STC1,3.649821706339395,0.001409586755669284,0.002215661878079633,2.654496514561065,Up
STC2,3.476816686520648,4.637483598858819e-13,4.526938931676718e-12,11.344195364089838,Up
STEAP2,-3.254269872810946,1.325820919638168e-15,1.7505006480255445e-14,13.756837724125532,Down
STEAP3,4.384833592419543,2.3957582421058446e-11,1.7612496465121567e-10,9.754179081046724,Up
STIM1,-0.4694623449441586,2.8705024359667973e-05,6.109748899203362e-05,4.21397663819137,Not Significant
STIM2,0.8122270417584012,1.470731227535693e-14,1.7430760454346556e-13,12.758683665447542,Not Significant
STIP1,0.006535192528943412,0.9425767224039214,0.9495424174060245,0.02248562994338655,Not Significant
STK10,2.188816849497906,6.145033646128841e-09,2.871292622963912e-08,7.541922544855469,Up
STK11,0.25391137576770006,0.023025675283948572,0.03029789091046211,1.5185876024491276,Not Significant
STK11IP,0.05483461385794186,0.6991751944732161,0.7274830519647985,0.1381771199006858,Not Significant
STK16,0.8519389234055925,5.774281612668987e-07,1.7600639324062746e-06,5.7544715566250675,Not Significant
STK17A,2.308215885154304,5.497401333019039e-22,1.3776323639013385e-20,19.860866663147487,Up
STK17B,1.091400304812769,0.002325084777437287,0.0035387375808888398,2.451151641769804,Up
STK24,-0.5301218262529197,3.4714312297236164e-06,8.87368642685504e-06,5.051895922192901,Not Significant
STK25,-0.19610078048650337,0.00014437914270475584,0.00026979697340154154,3.5689629265780587,Not Significant
STK26,-0.3448337649562099,0.09277391116187446,0.11163454145302476,0.9522014071779169,Not Significant
STK3,1.2719558953700165,3.360019706506916e-05,7.06508839978098e-05,4.150882399803122,Up
STK32A,1.9125472023731689,2.3908455683323515e-08,9.751165285578992e-08,7.0109434820597265,Up
STK32C,-1.9970211641689115,1.3001651037322068e-10,8.353229116708069e-10,9.07814560637609,Down
STK33,1.8677696090923241,5.8500571295025674e-06,1.4269606664069942e-05,4.845587997871918,Up
STK35,-0.5662060406589298,2.3550965605292522e-05,5.0839614264310585e-05,4.2937977532304785,Not Significant
STK38,1.2188262540506898,0.00037466105922377956,0.0006513089750854798,3.186212937174847,Up
STK38L,0.12470813951254911,0.28965245365939823,0.32331953663875657,0.4903680522766023,Not Significant
STK39,-1.0747948481137186,9.467021013620372e-07,2.739752073864166e-06,5.562288735655651,Down
STK4,0.4498486060039397,1.1862846222906586e-06,3.364544940045698e-06,5.473073666474587,Not Significant
STMN1,-1.7802781561756227,4.92600686646197e-05,0.00010017075731275309,3.999259042852637,Down
STMN2,-5.67030173495872,1.2409643546288505e-16,1.849330607770864e-15,14.732985442385617,Down
STMN3,-1.701835612987928,4.504627092058205e-13,4.405787701494597e-12,11.355976433715158,Down
STMN4,-2.688856359324113,6.03365913239228e-22,1.508265064509177e-20,19.821522328268788,Down
STOM,0.40434935821739515,0.0760637658064408,0.09281327237573699,1.0323899148653222,Not Significant
STOML2,0.53578925462811,0.001377837333303127,0.0021688020774524534,2.6637800794253095,Not Significant
STON1,2.847779828018787,7.499032322444807e-10,4.178387810636559e-09,8.378991254110801,Up
STON2,-0.2248794779903882,0.43649477009536086,0.4720610106216495,0.32600186817947907,Not Significant
STOX2,-2.265676416329658,2.4780325261995948e-22,6.368290731871101e-21,20.19597711795174,Down
STRADA,0.6016172477546107,0.003330928291316166,0.004946310673160238,2.3057186094866777,Not Significant
STRADB,0.7268718882278193,7.682893934801454e-10,4.27374232463776e-09,8.369191666159189,Not Significant
STRAP,-0.21936053115715737,0.15060239245610052,0.1757202341444008,0.7551782267158824,Not Significant
STRBP,-1.8467060547255727,2.1224098772846886e-07,7.10337445307839e-07,6.148535290970732,Down
STRIP1,0.08654031861593126,0.11761564042695721,0.1397240520826848,0.8547288280470421,Not Significant
STRIP2,-0.00416365892180437,0.9802209731500814,0.9834424941254775,0.007251029963401618,Not Significant
STRN,-0.5080042652923282,3.8119174446021856e-05,7.919417681361604e-05,4.101306751121237,Not Significant
STRN3,-0.038688221040459325,0.40137119921997966,0.4375530130639451,0.3589693211871398,Not Significant
STRN4,0.14958484461535448,0.10614108952991977,0.12682544608283855,0.896793601464928,Not Significant
STT3A,1.5580344240777855,1.4947499564682053e-12,1.3432748493720517e-11,10.871835116629107,Up
STT3B,0.4952442078531014,0.00024301334450104703,0.00043617262238874853,3.3603415976262765,Not Significant
STUB1,-0.45859918501390595,2.3527899552739918e-05,5.0808158648296234e-05,4.294066544183877,Not Significant
STX10,1.3437779922248616,8.534168056532624e-09,3.87441230290715e-08,7.411794164889608,Up
STX11,2.5390969869049496,3.2900023219754366e-05,6.936685515190571e-05,4.158847994431322,Up
STX12,-0.18902021801244473,0.16768281512086408,0.19420978150466597,0.7117289003470596,Not Significant
STX16,-0.18013945927587116,0.3328090728894603,0.3680261910305624,0.4341212731327468,Not Significant
STX17,0.19329108486371993,0.004302826536825145,0.006299473119019985,2.2006957729386665,Not Significant
STX18,0.5289831302968118,5.213956021266992e-11,3.587800065453803e-10,9.445171766544746,Not Significant
STX1A,-3.3149387070650285,1.2171160853195549e-17,2.0085956260214364e-16,15.69710748737526,Down
STX1B,-4.292639356445564,5.340905793246704e-47,4.1387911508590232e-44,43.38312648814814,Down
STX2,0.6851354221737473,0.00044183954526870835,0.000758795018587959,3.119875528873073,Not Significant
STX3,-0.6940750500385597,5.430045552389312e-11,3.7263132762104863e-10,9.428720636178843,Not Significant
STX4,0.739010225796676,2.70268748661548e-05,5.775747505338215e-05,4.238391800797696,Not Significant
STX5,0.4247681167759616,4.581125978954921e-10,2.6462306830270567e-09,8.577372299226807,Not Significant
STX6,0.04468418716575684,0.6407379900427984,0.6715350095392375,0.17293134106918012,Not Significant
STX7,-0.9786374528652715,4.692149989611371e-06,1.1682827235626532e-05,4.932452045558387,Not Significant
STX8,0.2381348769363072,0.013073702621010888,0.017809936471137756,1.7493376296823782,Not Significant
STXBP1,-4.100367663276643,6.483908465430025e-41,1.0535305464635818e-38,37.97735286777468,Down
STXBP2,1.6626199663342724,1.21358213273709e-05,2.7728796564285425e-05,4.557068978486742,Up
STXBP3,0.16590953448313783,0.020551888503642073,0.027252826745516684,1.5645884447154057,Not Significant
STXBP4,1.4142701754569345,1.4487069272514278e-06,4.045458641681225e-06,5.393032234432458,Up
STXBP5,-2.656983282861532,5.384703238095621e-11,3.6977164567535977e-10,9.432066393876804,Down
STXBP5L,-4.7370322444366035,1.7099765540359694e-25,5.647968460773231e-24,23.248107737124524,Down
STXBP6,-4.243952442989501,2.231221522108732e-27,8.645125236047449e-26,25.06322871101581,Down
SUB1,-0.479116064421774,0.06427935212781277,0.07923041641203792,1.1011080615418594,Not Significant
SUCLA2,-1.2103784954749983,0.0007578616964444599,0.0012448554915997863,2.9048810604906103,Down
SUCLG1,0.13733658590528108,0.27607821769735463,0.3090922388400923,0.5099118997287952,Not Significant
SUCLG2,1.307511792719275,6.785140590290911e-08,2.514845706644247e-07,6.599488655064734,Up
SUCO,0.8257014738356503,9.3089902691096e-09,4.1865521415629514e-08,7.378143495485891,Not Significant
SUDS3,-0.4630075815881618,0.00013639237302729185,0.00025615525090919803,3.5914967371231223,Not Significant
SUFU,-0.2642388021068154,0.08270302090773204,0.10036958234287607,0.9983978830292561,Not Significant
SUGCT,1.026888285791184,3.433557650178957e-08,1.3564572458001103e-07,6.867593890222111,Up
SUGP1,0.18912710138615196,0.002106173861007413,0.003220154116829364,2.4921233424386884,Not Significant
SUGP2,-0.20572429907090495,0.035670125679663954,0.045671180236011015,1.3403577651969418,Not Significant
SUGT1,-1.1794707268849933,8.289076771267082e-12,6.559635459052991e-11,10.183120295154945,Down
SULF1,0.9153168598812762,0.005503809385594593,0.007926429699854172,2.1009223878159697,Not Significant
SULF2,1.5355896990338813,8.477073265351758e-13,7.921895739810168e-12,11.101170877650368,Up
SULT1A1,-2.00620761447221,1.9463798443058458e-20,4.328439415350351e-19,18.363668656872154,Down
SULT1A4,-1.2659046412133583,0.4146426345284926,0.45099437489095595,0.345828874904862,Not Significant
SULT1B1,0.19852788856224812,0.5363759899867429,0.5710083190453817,0.24335756445260115,Not Significant
SULT4A1,-5.807536521108743,1.507029987142024e-22,3.943329893628247e-21,20.40413688891986,Down
SUMF1,0.948507783292218,3.1742565647740536e-13,3.1629535740389535e-12,11.499907182629542,Not Significant
SUMF2,1.5770345115723075,3.295870028021933e-30,1.5810759362996644e-28,27.80104727116586,Up
SUMO1,-0.6365359014216239,0.006923778352067193,0.00982396381953872,2.0077132456536018,Not Significant
SUMO2,0.05067688122200309,0.7249792981859654,0.7520017967386136,0.12378112175844672,Not Significant
SUMO3,-0.1375370440645085,0.4265378451337319,0.46243459447666974,0.334949684041826,Not Significant
SUN1,0.4933116917979845,0.00028075288285539567,0.0004985553572863134,3.3022866126197106,Not Significant
SUN2,-0.04762188374728993,0.7722241067875724,0.7956009052749032,0.09930473138511912,Not Significant
SUOX,0.10253142024579276,0.17582367481382039,0.20300205206502042,0.6924995719586567,Not Significant
SUPT16H,0.08049898161647917,0.5202204370184736,0.5551589706063669,0.2555826381902532,Not Significant
SUPT20H,0.6088610699250037,0.0014208491603305807,0.0022320761702495596,2.6512909890558634,Not Significant
SUPT3H,-1.9289336805621655,2.7591945239172617e-22,7.072805504819972e-21,20.150408284423538,Down
SUPT4H1,-0.02922021249521478,0.8087453121786905,0.8289042908625627,0.08149561221192571,Not Significant
SUPT5H,-0.04442373752944917,0.37099753966827503,0.4069057392072077,0.390506184591436,Not Significant
SUPT6H,0.18343494207393363,0.004464001321906105,0.00652216813877913,2.1856080094548203,Not Significant
SUPT7L,0.09138342075533146,0.15576789689807416,0.18136913931474793,0.7414366079347066,Not Significant
SUPV3L1,-0.5828147841010853,4.597561234930071e-08,1.768454825532094e-07,6.752406029585567,Not Significant
SURF1,0.5801057547467003,0.0003093046016700343,0.000545793406415121,3.2629717152304787,Not Significant
SURF2,0.1629233983967744,0.3629554510745498,0.39877993392136707,0.39926670293428684,Not Significant
SURF4,1.229865752446674,8.908126006668695e-17,1.3515129727587414e-15,14.869179781285643,Up
SURF6,0.14265952346378796,0.13856041048700954,0.16266840406084768,0.7886967941718112,Not Significant
SUSD2,2.507154431760883,4.567333832846653e-06,1.1403053539553203e-05,4.942978836575424,Up
SUSD5,-3.0843216047997064,2.6879475130998702e-15,3.4450869270951774e-14,13.462799815416304,Down
SUZ12,0.1251159423276178,0.018205424567940755,0.024333481106200764,1.6137957571986847,Not Significant
SV2A,-2.010607610958367,2.9751507150335023e-08,1.1912427783484699e-07,6.923999719161942,Down
SV2B,-6.507684232552293,4.1815642628491836e-29,1.8475911571904684e-27,26.733394125009912,Down
SV2C,-3.888272000109696,1.8456170519271275e-14,2.1695153070144554e-13,12.663637281359401,Down
SVIL,1.324388088430732,4.625799942423727e-05,9.446646790994655e-05,4.024722322559501,Up
SVIP,-2.693105169792508,5.754237044004509e-12,4.682405814321601e-11,10.329530949613545,Down
SVOP,-6.735670479692555,3.670143587577396e-32,2.0094036141986244e-30,29.6969328209353,Down
SWAP70,0.7996224874259141,5.1229745376859187e-05,0.00010377809268579922,3.98389431536825,Not Significant
SYAP1,0.26925082736376993,0.0027897810948673578,0.004193134654484347,2.377461190837423,Not Significant
SYBU,-1.6567440401561342,2.2628185654601733e-10,1.3908257613450755e-09,8.856727273765024,Down
SYDE1,2.774882258458783,2.1691419196506231e-07,7.242935266344175e-07,6.140085396284187,Up
SYF2,0.2335582277228987,0.18250621400305245,0.21007399450031428,0.6776277064900044,Not Significant
SYK,2.701092437817021,8.334894390032896e-09,3.792489886413342e-08,7.421075568690404,Up
SYMPK,-0.15433242231810596,0.29499135631646367,0.3290602284943035,0.4827246050627599,Not Significant
SYN1,-5.3138515968630475,7.90683895202231e-54,3.9826747801336375e-50,49.399825156046106,Down
SYN2,-6.111112889871253,4.2812692624937454e-40,6.074578387374928e-38,37.216483859357744,Down
SYN3,-4.2177130773673746,8.20016125257428e-20,1.6962715494544823e-18,17.77050462201476,Down
SYNC,1.092641776895496,8.631015905605056e-06,2.035796165606774e-05,4.69126570795797,Up
SYNCRIP,0.46750170697467297,2.2363177271856226e-07,7.4571496430514e-07,6.127427141809522,Not Significant
SYNDIG1,-1.0272796833438704,2.1933118096275724e-10,1.3522290801828742e-09,8.868949728637178,Down
SYNE1,-1.7350691425485856,2.1283026694157764e-16,3.0849670635531698e-15,14.510749468322302,Down
SYNE2,2.089070088079101,2.2434615979287108e-06,6.009208225879775e-06,5.221182746929716,Up
SYNE3,0.6886526082339408,0.0005629589277521106,0.0009467860163897767,3.023748165032778,Not Significant
SYNGAP1,-1.8706398517768292,2.430389614642701e-10,1.4829645655911913e-09,8.828869226012797,Down
SYNGR1,-3.438156633863251,7.70108023645481e-24,2.2357545332001656e-22,21.65057588000234,Down
SYNGR2,1.3486675145167375,5.495927601512536e-06,1.3490734565701094e-05,4.869964402504136,Up
SYNGR3,-4.521395787018987,1.7123050004823755e-27,6.685953711185834e-26,25.174836634480837,Down
SYNJ1,-2.187119509565271,3.85237869282487e-07,1.2219415287001807e-06,5.912949575083982,Down
SYNJ2,-1.276248754075926,5.822939077610134e-05,0.00011673689207531243,3.9327918732368348,Down
SYNJ2BP-COX16,-0.1280557495369532,0.47150320452053646,0.5070912012746754,0.29491392498951174,Not Significant
SYNM,-0.25014956336098493,0.02854343080339457,0.037044281059725015,1.4312788294096868,Not Significant
SYNPO,-2.275113264861446,2.9192985972080955e-14,3.3495460214435485e-13,12.475014050796698,Down
SYNPO2,-1.4807491702382087,6.553370874350783e-14,7.191574966035924e-13,12.143175988037884,Down
SYNPR,-6.754256999475359,2.050896564460491e-22,5.284074677845265e-21,20.27703105329314,Down
SYNRG,0.23024846053183623,0.003371976574949832,0.005005790158568318,2.300527359858831,Not Significant
SYP,-3.9518949563327332,1.027882312841887e-09,5.580689495820211e-09,8.253312140537146,Down
SYPL1,1.248410275525572,1.3197581654532839e-08,5.736409952903752e-08,7.2413598193482835,Up
SYT1,-5.991321165844337,1.2544085683513344e-18,2.2728258844552773e-17,16.64343383322208,Down
SYT11,-0.6666308487559469,0.00021165012331036032,0.00038375870090507014,3.415941764707665,Not Significant
SYT12,-2.264039941135202,4.534776325816724e-12,3.7506844586434874e-11,10.425889471075674,Down
SYT13,-6.436789726279226,5.323372423802578e-25,1.665455086875378e-23,22.778467074642087,Down
SYT17,0.3953900260017029,0.025543102243478413,0.033383654904099835,1.4764661176930587,Not Significant
SYT2,-5.686228142165358,1.2397566170631179e-15,1.6498425575024902e-14,13.782557498010531,Down
SYT3,-3.304742332782249,2.4132141299475853e-34,1.748972600366329e-32,31.757216994182226,Down
SYT5,-4.417281986190952,1.1923441524353745e-30,5.888075976291158e-29,28.23002659475223,Down
SYT6,0.9282843247076951,0.00023644777237850356,0.0004254286227792543,3.371173294177274,Not Significant
SYT7,-4.691209389288545,1.4929892818234412e-48,1.671152669454372e-45,44.776983872983394,Down
SYTL2,-1.3887133928412823,7.108756995841164e-13,6.729928043875277e-12,11.17198957921064,Down
SYTL4,1.735077533562583,0.002975972586033813,0.004451365676570843,2.3515067272646397,Up
SYVN1,0.1715151955509171,0.28187756395315766,0.3151647701735971,0.5014623348827176,Not Significant
SZRD1,1.4508693992551933,2.4092220533406664e-07,7.967991781140471e-07,6.098651122552127,Up
SZT2,0.07405982788687027,0.6043748998928032,0.6368695336318095,0.1959495262628125,Not Significant
TAB1,-0.06712367286628407,0.3933992332817029,0.4296047562146206,0.3669309191466522,Not Significant
TAB2,0.16896600651273985,0.23759247620134882,0.2687429050792176,0.5706629924739887,Not Significant
TAB3,-0.42117141723362117,2.0222766545453954e-05,4.419178962666012e-05,4.354658410538965,Not Significant
TAC1,-4.723859336207543,2.4788497173375826e-11,1.816140512906095e-10,9.740850553601822,Down
TAC3,-3.6311109374334105,3.586097466029266e-14,4.0728687567958086e-13,12.390099584295958,Down
TACC1,-0.9993736624393179,2.8525626714466295e-20,6.233561030835867e-19,18.20526378412496,Not Significant
TACC2,-0.9388204291174507,2.7315263731174813e-09,1.3642735093101392e-08,7.865098553670382,Not Significant
TACC3,2.727326007064674,7.424090507033266e-07,2.2055525735138046e-06,5.656482585532451,Up
TACO1,0.022328714053028165,0.8153525729755688,0.8352513545002929,0.0781828114078485,Not Significant
TADA1,-0.33704950828948554,0.046586037862717956,0.058560986452336004,1.232391616252979,Not Significant
TADA2B,-0.42874898207931267,4.1263127975680706e-05,8.514640541315188e-05,4.069833681725863,Not Significant
TADA3,0.6327881241389335,0.00014101273265677483,0.0002640941194988566,3.578241268984785,Not Significant
TAF1,0.44269623514070133,0.0022900208017811495,0.0034885331252295934,2.4573571488390233,Not Significant
TAF10,0.6324528218507695,4.921358547168961e-05,0.00010011258307306914,3.9995113329527068,Not Significant
TAF12,0.6293403999463756,1.526172529134872e-08,6.509171066259399e-08,7.186474314699283,Not Significant
TAF15,0.3464918376386237,0.013693459289421445,0.018611428613280037,1.7302202891448246,Not Significant
TAF2,0.47460461241760754,7.972680824023052e-11,5.329581063119325e-10,9.273306927770092,Not Significant
TAF3,-0.7658080830816605,2.3157517584888837e-06,6.18120965052295e-06,5.208926526021322,Not Significant
TAF4,0.09476001536906686,0.5569692972097544,0.5913689608021782,0.22814147403732268,Not Significant
TAF5,-0.409826881490714,0.0013781341155154937,0.002168930335838632,2.663754396923908,Not Significant
TAF5L,0.5617556105668982,2.0712436923176033e-06,5.585039870558762e-06,5.252973722189938,Not Significant
TAF6,-0.28287425690725954,0.0003162227901774999,0.0005573177726116399,3.253897107268414,Not Significant
TAF6L,0.8647050167061394,5.696120620101551e-08,2.150776578969379e-07,6.667404701449029,Not Significant
TAF7,0.44701085915799155,0.0008902316731226449,0.001444386193434937,2.840316671549336,Not Significant
TAF8,0.1800810689035508,0.1087096156401073,0.12984831253953533,0.8865636899278643,Not Significant
TAF9B,-0.47965304588079505,0.017433445959169614,0.023363647012461713,1.631459363881501,Not Significant
TAGLN,2.378830571403139,1.0092203602027594e-05,2.3399046970500803e-05,4.630801830789914,Up
TAGLN2,3.065035173269635,3.5175831490440996e-08,1.387475827857097e-07,6.857774574273555,Up
TAGLN3,-3.898286362545395,2.756793819646545e-09,1.3755295165487515e-08,7.861530085945536,Down
TALDO1,0.7360521885656759,4.978514798079513e-05,0.00010109566231778474,3.99526747815642,Not Significant
TAMM41,-0.2833815028239002,0.1179637584691398,0.14010456293540607,0.8535477203502111,Not Significant
TANC1,2.7812895827023443,8.58596000793875e-08,3.11469071371894e-07,6.506585071956327,Up
TANC2,-0.4493222659388998,5.969017012143621e-06,1.45279095504048e-05,4.8377968726970515,Not Significant
TANGO2,-0.4330660923420453,0.0013897267805965349,0.0021861504665411447,2.660319950099188,Not Significant
TANGO6,-0.020305744704121054,0.6629983461064113,0.6928260097996484,0.15937581657323474,Not Significant
TANK,1.1169438157504743,6.974266171110615e-09,3.216976071784265e-08,7.4925521694153145,Up
TAOK1,-0.20387171509159074,0.011767852041540962,0.016148936312012484,1.7918560782268074,Not Significant
TAOK2,-0.23590250256651402,0.004242807523508343,0.006216661381319706,2.2064427878078776,Not Significant
TAOK3,0.3704762065670799,2.2737053032541987e-05,4.923191564738998e-05,4.307753265204198,Not Significant
TAP1,2.2459888201739133,9.969365148579804e-05,0.00019173612926077311,3.7172960443458503,Up
TAP2,0.9059573822190412,0.0004556699954888625,0.0007798877904442407,3.107967878715254,Not Significant
TAPBP,0.5180127642355963,0.004585465086552521,0.006679290815779366,2.1752696469771506,Not Significant
TAPBPL,1.6335540332280978,1.5974836074522782e-05,3.565141750437362e-05,4.447923197871332,Up
TAPT1,-0.3292552392429151,2.1144235118764518e-05,4.6055572883553244e-05,4.3367178111535845,Not Significant
TARBP1,-0.7502197855206987,0.0017988446542617587,0.002777676432715046,2.5563183459528833,Not Significant
TARBP2,1.5136407770809068,1.9440834976337704e-10,1.2066972985312756e-09,8.918401659533803,Up
TARDBP,0.2385702259572433,0.012280391150025747,0.01680421902273287,1.7745816665922458,Not Significant
TARS,0.9803119870007784,8.580889279613393e-09,3.892738436100176e-08,7.409744776753115,Not Significant
TARS2,0.06931135816740763,0.3382855731791577,0.37363105626650966,0.42755703232252784,Not Significant
TARSL2,-1.1436376127643904,3.6904088871830618e-09,1.7968670434742467e-08,7.745484056681618,Down
TASP1,-0.13939121909146834,0.21450696665283597,0.24439529315320851,0.6119071624936117,Not Significant
TATDN1,-0.2715903710564156,0.0024218663729048315,0.0036743797952776013,2.4348159556871205,Not Significant
TATDN2,0.05761600006751877,0.43093291927855815,0.4665969721423253,0.3310580837723277,Not Significant
TATDN3,-0.5008485472110173,0.0037578790728108116,0.00554273408191744,2.256275956609802,Not Significant
TAX1BP1,-0.1174665302501765,0.31649457254045926,0.35132505457019453,0.45429087761024034,Not Significant
TAX1BP3,1.2208641010528076,1.7716408335246671e-06,4.83238986203351e-06,5.315838035458991,Up
TBC1D1,0.27949143503664686,0.05497623105856466,0.06844173896242961,1.1646789644700222,Not Significant
TBC1D10A,0.680640053178422,0.0005163158433655646,0.0008744730675966203,3.0582535615704263,Not Significant
TBC1D10B,-0.2159196296342003,0.0006865836398648411,0.0011367585025087068,2.9443317887579505,Not Significant
TBC1D12,-0.4988681301266489,0.0003132312102187062,0.0005524319348289997,3.257721223795187,Not Significant
TBC1D13,-0.48592623088250875,0.00019532520689517896,0.0003560814575211786,3.448450641057286,Not Significant
TBC1D14,0.30430792253913097,0.00016574269662953254,0.000306363728136733,3.513762654191344,Not Significant
TBC1D15,-0.2637046959404472,0.010657965160860244,0.014722109012821347,1.8320299707715113,Not Significant
TBC1D16,0.7552618901588275,5.153674904979053e-07,1.5877101221027213e-06,5.7992287864574,Not Significant
TBC1D17,-0.43825071948900174,3.362586126789433e-05,7.06900931579231e-05,4.150641446009584,Not Significant
TBC1D19,-0.333451937456708,7.551865704043758e-05,0.0001485691042609062,3.828071495044237,Not Significant
TBC1D2,0.8058579235381185,0.008803312318425028,0.012296806474738454,1.9102076617702564,Not Significant
TBC1D20,0.2545611107218697,0.00022042705138157207,0.000398739830421612,3.3993103801682363,Not Significant
TBC1D22A,-0.06304245877372949,0.46089601241182326,0.49657565298307654,0.3040145776415262,Not Significant
TBC1D22B,0.06625250418919748,0.251607564256348,0.28355460368256513,0.5473632972839814,Not Significant
TBC1D23,0.2533649344735416,0.004523846164203922,0.006598121653133098,2.180579681394896,Not Significant
TBC1D24,-1.5767443301117297,7.491464362909814e-10,4.176481017817015e-09,8.37918948813004,Down
TBC1D25,-0.5005326756253439,1.8322417748988872e-06,4.989998280705972e-06,5.301899604011888,Not Significant
TBC1D2B,0.76150855626857,0.00013443022862569674,0.00025289451413170285,3.5970605914075544,Not Significant
TBC1D4,-0.6701943884847914,4.2070163298541033e-07,1.3254325906865523e-06,5.877642354869627,Not Significant
TBC1D5,0.011082017394034693,0.8555399628969611,0.871456985462486,0.05975404451189585,Not Significant
TBC1D7,0.3999005081025775,0.0029360212130839325,0.004397484047072188,2.3567957273750118,Not Significant
TBC1D8,0.1506767657808048,0.1158651038017908,0.13783952004006148,0.8606262477793818,Not Significant
TBC1D8B,-0.6681477925306183,0.004200221647594784,0.006156413920830766,2.210672188468646,Not Significant
TBC1D9,-1.4108461920493411,4.054699845649573e-06,1.0224542239067284e-05,4.990356126596643,Down
TBC1D9B,0.028436609662126244,0.7162513626621465,0.7434844129271988,0.1287281319848861,Not Significant
TBCA,0.6548296032023302,0.00010546833124827779,0.00020210918185184523,3.694413955970053,Not Significant
TBCB,0.2847310428083709,0.07791671964969962,0.09492478337780554,1.0226203852646052,Not Significant
TBCC,-0.4319177035412345,0.013040516934462058,0.017767131133049875,1.7503826922662258,Not Significant
TBCD,-0.19507195551256373,0.10109378485234082,0.12113938249107664,0.9167146444864984,Not Significant
TBCE,-0.09067050925704123,0.11901227444035957,0.14115018280105748,0.8503185550697424,Not Significant
TBCEL,-0.18888015682586,0.003195264185963375,0.0047560714257380374,2.3227516318559176,Not Significant
TBCK,-0.17928587348145797,0.17582980367272052,0.20300205206502042,0.6924995719586567,Not Significant
TBK1,-0.1879654996915079,0.08529788984700132,0.10321813120945242,0.9862440082070645,Not Significant
TBL1X,0.2803893147824361,0.19943829235658783,0.22818186907441976,0.6417188668141952,Not Significant
TBL1XR1,-0.4401521339066754,0.0025350745553559223,0.003836890184894165,2.416020630506396,Not Significant
TBL2,1.4274926718222432,7.695337821239511e-14,8.386409589106437e-13,12.076423930634471,Up
TBL3,0.49322482153413816,0.00019551414900756522,0.0003563614143481476,3.448109326079812,Not Significant
TBP,0.34968510295028565,1.624085549439852e-05,3.619698633862184e-05,4.441327586124005,Not Significant
TBPL1,-1.38868341626738,4.3476563827280336e-06,1.0889679363401842e-05,4.962984907457752,Down
TBR1,-5.8458552837341475,8.622603324241438e-45,3.217189106978083e-42,41.492523410436775,Down
TBRG4,1.3856390188909486,2.4212814929541986e-14,2.8101370691267966e-13,12.551272496139907,Up
TBX2,2.513951576015705,1.72419232644989e-06,4.7212594445926044e-06,5.325942133383831,Up
TBXAS1,2.599242618914598,5.440108890696552e-09,2.562115800134505e-08,7.591401245308393,Up
TCAF1,-0.7337056489339027,0.0008143105325337006,0.0013289104656965007,2.8765042783227455,Not Significant
TCAF2,1.6995210278261528,9.218394912189584e-06,2.1551661718588504e-05,4.66651923838535,Up
TCAIM,-0.2865112049750991,1.2296247924351126e-05,2.8044464928664986e-05,4.552152841650009,Not Significant
TCEA1,0.6798459810626873,1.276357231813244e-09,6.783665891894529e-09,8.168535550031967,Not Significant
TCEA2,-0.5028392323975588,3.265451931464097e-06,8.402595851230988e-06,5.0755865246873135,Not Significant
TCEA3,0.9227821234645912,0.0005218395406841713,0.0008830860965651507,3.05399695277536,Not Significant
TCEAL1,-1.211474571381622,1.7546283487132167e-05,3.881450589577722e-05,4.411005937984482,Down
TCEAL2,-2.444064742361089,1.2438239362131338e-09,6.62627304781127e-09,8.178730672179613,Down
TCEAL3,-0.5662024030575772,0.0005198029735879426,0.0008797874925949148,3.055622216416467,Not Significant
TCEAL4,-0.15579952516395323,0.31654846740021364,0.35132505457019453,0.45429087761024034,Not Significant
TCEAL5,-2.091872769210557,3.3313182775034674e-06,8.5633325663613e-06,5.067357189350755,Down
TCEAL6,-4.9832439708260186,6.7554434269131935e-21,1.5680722830120625e-19,18.80463392163262,Down
TCEAL7,-1.8785509234028055,5.8946963586675155e-06,1.4368054952145306e-05,4.842602019668431,Down
TCEANC2,0.23723693585928096,0.02266602153568762,0.029848039339936877,1.525084191563507,Not Significant
TCERG1,0.007326651492299163,0.9365148201636263,0.9441059039656131,0.02497928649838521,Not Significant
TCF12,2.1703889945518,2.738748999273106e-12,2.348098503717215e-11,10.629283688206574,Up
TCF20,-0.8533987241709902,2.663532182930399e-29,1.1925521427040374e-27,26.923522622943143,Not Significant
TCF25,-0.41591355958852816,2.022377527648798e-06,5.469377506988991e-06,5.262062099747683,Not Significant
TCF3,2.110867993269217,2.1603870819817422e-08,8.894049637876612e-08,7.050900451073755,Up
TCF4,0.34625678454800024,1.714606362061836e-06,4.7001209500437925e-06,5.32789096605136,Not Significant
TCHP,0.1728272704555085,0.11476495856184078,0.1366733164382672,0.8643162671058675,Not Significant
TCIRG1,2.826592768206023,7.08600888806774e-08,2.6100348642923004e-07,6.583353691409369,Up
TCN1,3.4976359167375515,0.06807114168832624,0.08368912391606037,1.0773309784481986,Not Significant
TCN2,1.7700295236531431,3.07842204115432e-07,1.0000652577422967e-06,5.999971659847316,Up
TCOF1,-0.24266625845379863,0.014167454409427134,0.01921676797099353,1.7163196536287095,Not Significant
TCP1,-0.21674726414637746,0.1485518586175935,0.17352869013377054,0.7606287114396846,Not Significant
TCP11L1,-1.2398127034034232,6.261817020564957e-08,2.3424264636157214e-07,6.630334034142297,Down
TCP11L2,0.4814618385932512,0.02710548864613116,0.03532022928743051,1.4519764857869202,Not Significant
TCTEX1D2,-0.4231483418517108,0.0016279525439843053,0.0025289241817704586,2.5970641907949,Not Significant
TCTN1,1.3415269940492287,4.252117616565055e-07,1.337365996543127e-06,5.873749723233787,Up
TCTN2,0.2946131139954282,0.008623827047061623,0.012071201010434735,1.9182495181167318,Not Significant
TCTN3,0.7433320548116384,1.4864292563764423e-06,4.1376867446079795e-06,5.383242391929803,Not Significant
TDG,0.7210054844792797,1.043988022234327e-06,2.996334853558009e-06,5.52340965394779,Not Significant
TDP1,0.3659993646683688,0.0011289287608365814,0.001803779276235959,2.7438166070255203,Not Significant
TDP2,-0.5045312697083624,0.0005800125479826809,0.0009730302095549587,3.0118736760324167,Not Significant
TDRD3,-0.407737393584803,5.61390398692338e-06,1.3746832465791476e-05,4.8617973600957605,Not Significant
TDRD7,-0.03375082983420086,0.6977641318028885,0.726288339783433,0.1388909281756038,Not Significant
TDRKH,-0.896055208270873,1.0976288044948967e-08,4.858309567874161e-08,7.313514815727655,Not Significant
TDRP,-0.6676858880480978,8.534072741221109e-06,2.015761988160878e-05,4.695560748680222,Not Significant
TEAD1,1.4793560721605523,2.7088393555225596e-06,7.114534011016134e-06,5.147853540143551,Up
TEAD3,2.1387504127486743,2.1460775194850173e-05,4.663413488199324e-05,4.331296075499422,Up
TECPR1,-0.35225217084228433,4.919294713795062e-06,1.219113774828326e-05,4.913955761588877,Not Significant
TECPR2,-0.7412276189467768,1.9163029769644507e-08,7.983803221645938e-08,7.097790175729514,Not Significant
TECR,0.3622915562591018,0.000187723693109993,0.00034340448236609217,3.4641940404093625,Not Significant
TEFM,0.35002217079443554,0.05404764257129933,0.06737576597817159,1.171496284392185,Not Significant
TELO2,0.7904707722755475,0.00032769352555155247,0.0005753197240164412,3.2400907365521774,Not Significant
TENM1,0.5930549194414709,0.002945805507818491,0.004410827093603371,2.3554799664260244,Not Significant
TENM2,-4.020129127705303,7.18882969294832e-36,6.035022527230115e-34,33.2193211044509,Down
TENM3,-3.172037356041624,8.176126201452397e-20,1.69477973978254e-18,17.770886736406496,Down
TENM4,0.1021484156377035,0.4237958468849457,0.45990728875567627,0.3373297075355811,Not Significant
TEP1,1.764017475099477,3.7008885478972517e-05,7.71260886047102e-05,4.112798693017929,Up
TERF1,-0.2728625470700763,0.0008855642373742127,0.0014370448014348934,2.842529692051818,Not Significant
TERF2,-0.7705799898301215,1.483825373799138e-08,6.349502459367211e-08,7.197260304254008,Not Significant
TERF2IP,-1.2450698521367762,1.5070426650912775e-05,3.3752662979389796e-05,4.47169195700687,Down
TES,2.157483255268348,3.611567955913891e-07,1.1528179844067342e-06,5.938239256979215,Up
TESC,-2.1118156724690955,1.5022868072880283e-13,1.5748217790447031e-12,11.802768587751803,Down
TESK1,-0.2497920376867917,0.04686475151069223,0.05888929858035593,1.229963618451516,Not Significant
TESPA1,-6.521250891730499,1.986664042478201e-12,1.7586690302219154e-11,10.754815884176848,Down
TEX10,0.7098093851771949,0.0001777105901120208,0.0003263913372449403,3.4862613763784895,Not Significant
TEX2,-0.640042536415784,4.439613926403044e-09,2.1368691206203664e-08,7.670222076775104,Not Significant
TEX264,0.8388876779535508,3.530314086815171e-09,1.7239158560628225e-08,7.763483935807954,Not Significant
TEX30,0.04844153435232812,0.7497601149066669,0.7751398157205753,0.11061995463006147,Not Significant
TF,-0.8805400144570399,0.0848888237481567,0.10276015506355812,0.9881752490612303,Not Significant
TFAM,-0.4778932386088144,0.0003315197236365378,0.0005817330945679293,3.2352762286558288,Not Significant
TFAP4,-0.34750628371096326,0.0781620548809046,0.09521215729990723,1.0213075945654444,Not Significant
TFB1M,0.48749982689029636,0.0014734538167387864,0.002307052183684572,2.6369425819722125,Not Significant
TFB2M,0.18991046055957028,0.11782435241517818,0.13995549183239062,0.854010055213487,Not Significant
TFCP2,0.0626461934824718,0.31443257912125777,0.3491230907161414,0.4570214263534849,Not Significant
TFDP1,0.5413735145907594,2.2223948444538215e-09,1.1312989218306114e-08,7.946422626773099,Not Significant
TFDP2,0.022302928435390612,0.7625339868673315,0.7870667011744554,0.1039884611294983,Not Significant
TFE3,0.043246213424961155,0.6458270545357173,0.6760247035944322,0.17003743358688855,Not Significant
TFEB,0.8261280851141635,0.0014445905948746887,0.0022664391298501192,2.6446559403710976,Not Significant
TFG,0.7369067189968774,5.551212684894516e-11,3.80428003997465e-10,9.41972752135101,Not Significant
TFIP11,0.4357186888721891,1.0563682858195677e-07,3.7524168234648537e-07,6.42568892560317,Not Significant
TFPI,2.8540804110201314,5.261607607592219e-07,1.6179925225544572e-06,5.791023489782363,Up
TFPT,-0.3312755338665596,0.004196006669176968,0.006152026078487669,2.210981832224947,Not Significant
TFRC,0.2873002619511418,0.059974505461739804,0.07431527281938091,1.1289219235266799,Not Significant
TGFB1,2.151031186600111,6.292664776019175e-06,1.5242198834724013e-05,4.816952377294046,Up
TGFB1I1,3.701645874762564,3.662932054350749e-07,1.166625909438174e-06,5.933068382611064,Up
TGFB2,0.9109838925105684,0.0071694612233171905,0.010158249277594568,1.993181134039863,Not Significant
TGFB3,0.8832842064461595,0.0061844774771942996,0.00883471725826083,2.0538073448716494,Not Significant
TGFBI,5.921405049873936,7.188087152468591e-10,4.022932776331588e-09,8.395457224478744,Up
TGFBR1,1.9888507978761645,2.5938309478320554e-09,1.3039048387455153e-08,7.884754103018034,Up
TGFBR2,1.7878174220935286,9.909920599110484e-06,2.3018801041143423e-05,4.637917300809435,Up
TGFBR3,-0.36261212301069534,0.0800613566884817,0.09733744958722722,1.0117200372244683,Not Significant
TGFBRAP1,0.07290373864763211,0.01901749755542228,0.025338218538992728,1.5962239224392454,Not Significant
TGM2,-0.0802943623234249,0.827573798398663,0.8462219290568546,0.07251572451998568,Not Significant
TGOLN2,-0.26579168731107217,0.0018592363015110915,0.0028652205142148898,2.542841948069596,Not Significant
TGS1,0.1483937424134787,0.00338082086013392,0.005016906888777845,2.299563959180587,Not Significant
THADA,1.134957910181548,5.620570052533284e-07,1.7194540755912633e-06,5.76460941913458,Up
THAP11,0.47862237306129174,0.0017524428825261634,0.0027101795515149783,2.5670019358233596,Not Significant
THAP4,-0.14441999233721958,0.01613490746788468,0.021718741025049473,1.6631653531955668,Not Significant
THBD,2.342545849532815,1.2323478773730512e-08,5.392994142769817e-08,7.268170051390705,Up
THBS1,3.501876889252843,8.025122131117118e-12,6.365754358179043e-11,10.196150123953414,Up
THBS2,2.1387570805343827,0.0001357563699924039,0.0002551510580790069,3.593202626364,Up
THBS3,1.1948696111386425,0.00044729439354396493,0.0007668556365830332,3.115286385902918,Up
THBS4,1.0330760862351624,1.3750338049834101e-09,7.275257642543526e-09,8.138151622169728,Up
THEM4,-0.6195835376851644,4.219464106665332e-06,1.0594935545998642e-05,4.974901680963783,Not Significant
THEM6,-0.38735991283651217,1.0034767240323525e-08,4.482937701952071e-08,7.348437296353133,Not Significant
THEMIS2,2.183744230693792,1.8475442442186636e-07,6.257031394253148e-07,6.203631665972343,Up
THG1L,0.814800558646672,1.1183909967987926e-09,6.024957701471143e-09,8.220045997729386,Not Significant
THNSL1,-1.1141917179661451,5.4589300807981145e-08,2.0705294289894653e-07,6.683918592373917,Down
THNSL2,-1.0011316813768634,0.013230502103552188,0.018011361917727668,1.7444534470365785,Down
THOC1,0.5106336056589598,0.04676069985251507,0.05877321151768394,1.2308205776827121,Not Significant
THOC2,0.8255618133702107,2.1862731332931356e-06,5.868509337808433e-06,5.2314722000434655,Not Significant
THOC3,0.231471310620039,0.30959998491994367,0.34406070028499863,0.4633649310526797,Not Significant
THOC5,-0.31305535200198875,0.0004640218295322507,0.000793104158586341,3.1006697729235495,Not Significant
THOC6,1.8047338973706903,2.1322563372908543e-11,1.579437525137358e-10,9.801497547995433,Up
THOC7,-0.8165142460987731,3.4736851057720324e-05,7.281294996992811e-05,4.1377913734298115,Not Significant
THOP1,-0.04997008631468347,0.4105298337936648,0.44690701811512634,0.3497828252350523,Not Significant
THRA,-1.2516020273724884,2.0921939744174943e-19,4.165368003613012e-18,17.38034662333805,Down
THRAP3,0.28885015246332557,0.00024039722084550033,0.0004319175321557999,3.3645991669550863,Not Significant
THSD1,0.6962814652084219,0.009457170244337882,0.013151785345314719,1.881015288011605,Not Significant
THSD4,-0.7597237904241183,0.00014162376899745156,0.0002649921710401796,3.5767669567208324,Not Significant
THSD7A,0.26222677871532696,0.15159104314124291,0.1768532910949486,0.7523868539093007,Not Significant
THTPA,0.5604039785387265,0.001151621170911443,0.001837705001704717,2.735724202642077,Not Significant
THUMPD1,-0.2738749648665433,0.033521627449763655,0.043073580985831514,1.3657890210226893,Not Significant
THUMPD3,0.5854055462893015,9.570016224882367e-05,0.00018476110281614593,3.7333894541677655,Not Significant
THY1,-1.693555003646388,8.083862381919052e-09,3.6865925593233375e-08,7.433374857787264,Down
THYN1,-0.2971219938141054,0.022191912348728228,0.029277281954045074,1.5334692447978195,Not Significant
TIA1,0.5593704272463143,0.006134908999429137,0.008768880996062588,2.057055823765305,Not Significant
TIAL1,-0.47043884448387274,0.0002515950371962337,0.00045026974679603093,3.3465272318976615,Not Significant
TIAM1,-0.7257990706718047,0.0001314999193851306,0.00024775204561170854,3.6059827509932036,Not Significant
TIAM2,-1.385096289587322,8.942127989933319e-08,3.229938951975197e-07,6.490805686049967,Down
TICAM1,0.06057556207625048,0.6908306149259366,0.7193950397729879,0.14303256096655817,Not Significant
TIFA,0.40448642312924576,0.02848556411842036,0.036979841872289525,1.4320349502384715,Not Significant
TIMELESS,2.5507180371197897,3.3250961259639045e-09,1.6347983588560456e-08,7.786535806940455,Up
TIMM10,0.17374223182983428,0.173991828139325,0.2010545625918284,0.6966860668735764,Not Significant
TIMM10B,-0.23166808535334482,0.0037134233756111225,0.005481176129803142,2.261126242267773,Not Significant
TIMM13,0.8466891554911165,3.155751737847658e-06,8.145283886004947e-06,5.089093774710056,Not Significant
TIMM17A,-0.361087845461455,0.1490623714288401,0.17404431267664988,0.7593401637816091,Not Significant
TIMM17B,0.24226117544661463,0.0626317542679204,0.07736999294850155,1.111427442723982,Not Significant
TIMM21,-0.04748723575795566,0.34130483905936126,0.3766767034053468,0.4240312390889364,Not Significant
TIMM22,0.10398029975911882,0.06609395752908372,0.08135759141593224,1.0896019171434923,Not Significant
TIMM23,-0.4606599682673256,0.01615349920721281,0.0217350542291254,1.6628392719037612,Not Significant
TIMM44,0.7970658836170905,6.695410484537468e-09,3.109707940121275e-08,7.507280397452216,Not Significant
TIMM50,0.2766993042286039,0.00046855703986317784,0.0008003125838558247,3.0967403543466014,Not Significant
TIMM8A,-0.1199549290594728,0.1713002072780848,0.19810335071971372,0.7031081787432532,Not Significant
TIMM8B,0.7716968883572228,0.00022337561805437653,0.00040371115469676875,3.393929250697868,Not Significant
TIMM9,-0.1639883883739266,0.11541893596691016,0.1373736248736594,0.8620966418861652,Not Significant
TIMMDC1,0.3607049227997159,6.850873835963139e-09,3.1702206257920375e-08,7.498910512788596,Not Significant
TIMP1,5.242969860334345,2.3584077334791386e-10,1.445170286318056e-09,8.840080976401529,Up
TIMP2,0.6493128885501136,2.4438398319448486e-10,1.4893673603758262e-09,8.82699816799231,Not Significant
TIMP3,1.952343309656202,1.3982218762572847e-07,4.862163334972692e-07,6.313170455964534,Up
TIMP4,3.8825334600706025,2.75473271096965e-25,8.92320814479365e-24,23.049478976443453,Up
TINAGL1,-0.5178537276954298,0.02460509429640221,0.03225396485907038,1.491416891553455,Not Significant
TINF2,0.7895987751373639,5.3072374423471016e-09,2.5065686823349602e-08,7.600920390811385,Not Significant
TIPIN,0.8318485132226563,1.1500423959065156e-06,3.2690539210954396e-06,5.485577915931997,Not Significant
TIPRL,-0.5797866986521285,0.0038604037883272022,0.005687292741095092,2.245094416803196,Not Significant
TJAP1,0.5810834195403238,0.018160217170406192,0.024276277570949044,1.6148179055017904,Not Significant
TJP1,0.018370487630775756,0.861789150061844,0.8774675457573293,0.05676893749365751,Not Significant
TJP2,0.7174658112043559,0.000469577848181078,0.0008019201970802135,3.095868848289572,Not Significant
TK1,3.5193961813579353,3.2640001906874483e-10,1.9479584076413124e-09,8.71042032031403,Up
TK2,0.019862917496531907,0.6844952009745936,0.7133138155185741,0.14671936444787598,Not Significant
TKT,0.17548783543722024,0.07969425384958313,0.09693441284630995,1.0135220159722944,Not Significant
TKTL2,-0.4562268036805559,0.2816406658766229,0.3149698121715252,0.501731068545578,Not Significant
TLDC1,0.014801942447451921,0.8825131266994732,0.896123096297802,0.047632329209604515,Not Significant
TLE1,0.3345561866999738,0.00194905468700285,0.0029976758651704904,2.5232153286519194,Not Significant
TLE2,0.1473163424057944,0.371345483619852,0.407198694022683,0.39019362354863507,Not Significant
TLE3,0.5774373497772771,0.0003424704652971556,0.0005991746209453883,3.2224465901964368,Not Significant
TLE4,-0.5294114514472845,0.0022912008011160864,0.003489802974061605,2.4571990915775688,Not Significant
TLK1,-0.44755970629173447,2.2501344174979872e-07,7.493505494834618e-07,6.125314969895891,Not Significant
TLK2,0.10486529976391168,0.033368849328624675,0.04289368229380694,1.3676066692835223,Not Significant
TLN1,1.8621184890599558,2.333214008224162e-07,7.739479064488051e-07,6.111288270199802,Up
TLN2,-1.5341577135121405,3.696720072319233e-09,1.798201738703233e-08,7.745161586745867,Down
TLR1,2.2292807468358227,2.3259032517236262e-08,9.505537264853473e-08,7.022023331237572,Up
TLR2,3.1949997348585413,4.794672441538122e-05,9.773680731698713e-05,4.009941851795074,Up
TLR3,2.0478954051104203,8.956217731842299e-07,2.6038942981408176e-06,5.584376649391825,Up
TLR7,2.212623412104943,1.6667194860488242e-07,5.697499865102089e-07,6.24431567643024,Up
TM2D1,0.2506662641564148,0.0008626303029371108,0.001402087394609302,2.853224915175607,Not Significant
TM2D3,-0.5291227742122508,0.010473610603437171,0.014477381067374598,1.839309994137299,Not Significant
TM6SF1,-0.4053119119947901,0.07296991514626693,0.0892110346096472,1.049581423945772,Not Significant
TM7SF2,-0.24272117770090773,0.10386850250701657,0.12428688612135468,0.9055746926422222,Not Significant
TM9SF1,1.565137368319986,7.83324795268875e-14,8.497306174997583e-13,12.07071873296309,Up
TM9SF2,0.40084171510206446,0.015391838607380118,0.02079353387833543,1.6820716956883524,Not Significant
TM9SF3,-0.4463027324217137,0.005103765078555055,0.00738513780542425,2.1316413964147336,Not Significant
TM9SF4,0.2781385352092478,2.5508919704187327e-06,6.730666765321717e-06,5.171941910789931,Not Significant
TMA16,0.5923478510756812,4.551364989325105e-05,9.309736223849971e-05,4.031062623868205,Not Significant
TMA7,-0.03946646453228908,0.7377647432656347,0.7639266135942033,0.11694835980374682,Not Significant
TMBIM1,0.8624218881470753,0.012860497921072953,0.01753371986153592,1.7561259365042219,Not Significant
TMBIM6,0.940967000158409,2.0668148040258018e-08,8.557785588062444e-08,7.067638598792474,Not Significant
TMC6,0.8897850459679351,0.013098087213749738,0.01784074237308205,1.748587078108715,Not Significant
TMC7,0.35581661981897916,0.180331200032005,0.20773659338163733,0.6824869945390453,Not Significant
TMCC1,-0.5503937667170433,3.485487699667983e-15,4.433434733138291e-14,13.35325968062352,Not Significant
TMCC2,-2.8452134003343836,4.267703801305101e-23,1.1526232733069058e-21,20.938312615566115,Down
TMCC3,0.7084274114688647,0.017335866699408526,0.02323905803457638,1.6337814794949808,Not Significant
TMCO1,0.4146245715736825,0.0018194863082527071,0.0028078285951804185,2.551629407382468,Not Significant
TMCO3,0.45908678347751675,2.695630050480527e-11,1.9621226248945687e-10,9.707273854422484,Not Significant
TMCO4,2.3802985034793043,3.0921632900689415e-06,7.993444440378371e-06,5.097266039321152,Up
TMED1,1.6690042027694574,2.084103382966659e-10,1.2896349803443564e-09,8.889533195479668,Up
TMED10,0.9975992159528708,6.296949040746866e-13,6.024260649238739e-12,11.220096245957887,Not Significant
TMED2,0.5397142128124521,0.002247406238528203,0.003426627007681507,2.465133166454788,Not Significant
TMED3,1.0684478762277578,4.085830127967986e-08,1.5898282236056195e-07,6.798649797421874,Up
TMED4,1.054985470269397,1.2470417746202038e-10,8.058177573780585e-10,9.093763166525289,Up
TMED5,0.6352133281870564,2.4812055996128665e-05,5.337532609545167e-05,4.272659458645653,Not Significant
TMED7,-0.21481370879042672,0.030213797534245853,0.03903729592920261,1.408520273067294,Not Significant
TMED8,-1.063464279326837,6.401222650506987e-08,2.3865994441601547e-07,6.6222204648593435,Down
TMED9,1.6054516906274046,4.111008215052936e-13,4.044364917816726e-12,11.393149665483575,Up
TMEFF1,-1.2456117751553144,3.608582615268239e-07,1.1523890047114917e-06,5.938400894105532,Down
TMEFF2,-3.5955517710905163,2.0104457210933324e-18,3.553198279700742e-17,16.449380556828938,Down
TMEM100,1.9894081106178891,1.8562706423395266e-08,7.746204527057304e-08,7.110911040296007,Up
TMEM101,0.7125220641221368,3.815059496995375e-12,3.197413425352031e-11,10.49520120584881,Not Significant
TMEM102,2.670885430317144,2.4645241170658526e-06,6.521569728216811e-06,5.185647857910525,Up
TMEM104,1.11272586499825,9.493328811443313e-08,3.4070464711962926e-07,6.467621942731953,Up
TMEM106B,-0.30140054736511956,0.010821100122144102,0.014933118168558862,1.8258494982358568,Not Significant
TMEM109,0.7284640981358166,2.4845003353820534e-10,1.5114043706907492e-09,8.820619326220314,Not Significant
TMEM11,0.6965219997246344,2.216325833604835e-08,9.09257982964123e-08,7.041312877304267,Not Significant
TMEM115,0.9086292453347085,5.703350728057073e-08,2.1526997090463451e-07,6.667016547881955,Not Significant
TMEM119,2.157561145797514,3.8191383618510673e-10,2.2394644852903173e-09,8.649855820455167,Up
TMEM120A,0.9087230388567562,2.4625817683703917e-06,6.518142074241546e-06,5.185876177564237,Not Significant
TMEM120B,-0.417937577292518,0.0019799731256511534,0.0030419779270717887,2.516843941560371,Not Significant
TMEM126A,-0.1101474452185478,0.5396210114290051,0.5742201403967252,0.24092157897680982,Not Significant
TMEM126B,-0.4811434311492171,0.006799017996169255,0.00965510393197196,2.015243046914211,Not Significant
TMEM128,0.6350834564797623,0.0001987588891589259,0.0003620135688640426,3.441275151090203,Not Significant
TMEM129,0.6510734390006689,1.7577433309785473e-06,4.798782199533302e-06,5.318868960775509,Not Significant
TMEM131,0.563973333964892,4.611934813167674e-09,2.2103059613630423e-08,7.655547604987081,Not Significant
TMEM132A,-0.08845612779419554,0.4988732217149377,0.5339618397318617,0.27248977927493473,Not Significant
TMEM132B,-2.1288388123945268,4.1250681971353256e-18,7.115742640058437e-17,16.147779767730285,Down
TMEM132C,-2.793325324003696,1.600483913937771e-15,2.1021218968721125e-14,13.677342103910068,Down
TMEM132D,-6.892735187059751,5.352005370635089e-34,3.6185303425354284e-32,31.441467781324384,Down
TMEM132E,0.4697781925172251,0.04016695900903039,0.05103959952787237,1.2920927418793218,Not Significant
TMEM134,0.6205392581472129,0.005291571440646016,0.007641526762194375,2.1168198615614444,Not Significant
TMEM135,-0.6171387066060205,1.8379480352222563e-07,6.229975944424296e-07,6.205513630262814,Not Significant
TMEM141,-0.32631236132458596,0.011715032618283123,0.016087409841410057,1.7935138739951142,Not Significant
TMEM143,-0.6519984465513691,0.0006923123997344945,0.0011452143045854346,2.941113235952813,Not Significant
TMEM147,1.4574409596114535,6.594276674101106e-10,3.705005198822897e-09,8.431211178286944,Up
TMEM14C,0.460587971984598,0.002083156353075007,0.003187865274324414,2.496500041056932,Not Significant
TMEM151A,-3.2766731209565396,2.3477868720284326e-24,7.119173184615344e-23,22.147570442066797,Down
TMEM158,1.6271147400088992,5.841745864933348e-06,1.4252784655688677e-05,4.846100276536052,Up
TMEM159,0.9001017093362815,0.0005030950389314528,0.0008530852419113712,3.0690075711277705,Not Significant
TMEM161A,1.1400126097905225,1.151255984167287e-07,4.0622601697027143e-07,6.391232265409816,Up
TMEM163,-0.4692616342105058,0.01599628720083712,0.02155230670873788,1.666506241175441,Not Significant
TMEM165,0.5526242994338588,0.01957103415973926,0.026024102181258356,1.5846242445052707,Not Significant
TMEM167A,-0.01592941397270664,0.8693864850525022,0.8843093144607135,0.05339580052191868,Not Significant
TMEM167B,-0.3055207294282276,0.006652270158731088,0.009464054452627733,2.023922769605008,Not Significant
TMEM168,0.9396842767176743,2.6642091556879624e-07,8.759544071279547e-07,6.057518497996351,Not Significant
TMEM169,-0.5573995734904376,0.0010542382150235436,0.0016922236740196269,2.771542233511951,Not Significant
TMEM17,-0.4724613893811984,0.035825415809985224,0.045852526854248656,1.3386367261091547,Not Significant
TMEM173,1.5595536958450857,3.865993779103024e-08,1.5112930279660017e-07,6.820651321173565,Up
TMEM175,0.11654890538967777,0.38554502289505105,0.4218356152336891,0.37485675592301326,Not Significant
TMEM176B,2.348939014912375,3.0743082534114994e-08,1.2280167067750773e-07,6.910795724716944,Up
TMEM177,-0.3616330173597575,1.9653106643321892e-05,4.306839163037301e-05,4.365841346465782,Not Significant
TMEM178A,-2.150909368842946,1.3241889849600982e-22,3.482997345819329e-21,20.458046856491077,Down
TMEM178B,-0.8268629004899744,0.00021612994665665624,0.00039152905639617966,3.407236002279684,Not Significant
TMEM179B,1.7795378132480941,1.3283926929248643e-10,8.518286434452631e-10,9.069647760504262,Up
TMEM181,-0.35485222606264344,0.011034439659934253,0.015200457422969734,1.8181433427603215,Not Significant
TMEM184B,-0.8831062900295414,3.735593593874618e-05,7.779132637453643e-05,4.109068823545936,Not Significant
TMEM186,0.446489135296531,0.0004803123106372794,0.0008190024064590306,3.0867148221585774,Not Significant
TMEM189,0.2770227758346948,0.015370590096976007,0.020773185489258963,1.6824969009454385,Not Significant
TMEM189-UBE2V1,-0.776768769643037,0.6396708150681447,0.6704862960146176,0.17361009421216286,Not Significant
TMEM19,0.09634373501128124,0.37562051559823406,0.4115281211676574,0.3856004825643368,Not Significant
TMEM192,-0.6968117276458106,1.038314946861988e-06,2.980901902162345e-06,5.525652315832711,Not Significant
TMEM199,0.47111554118749766,2.031139955596645e-06,5.490127156608694e-06,5.2604175967568345,Not Significant
TMEM201,0.10935503655135648,0.3965002940265565,0.4327097781414289,0.36380329073868184,Not Significant
TMEM205,0.31571737325803184,4.5840421066618755e-05,9.368967373201812e-05,4.028308273448803,Not Significant
TMEM206,1.072944657488172,9.24430185565794e-05,0.00017893967780865618,3.747293348964601,Up
TMEM208,0.9268946640442692,1.4585917782083967e-06,4.07031954949346e-06,5.390371494181659,Not Significant
TMEM209,1.435485890257727,2.8924869745603287e-08,1.1609128996701495e-07,6.935200363044914,Up
TMEM214,0.9086694900019054,1.8147266809144898e-05,4.004722143161571e-05,4.39742761088507,Not Significant
TMEM222,0.526133582689269,0.0001885047588765711,0.00034455295007839235,3.4627440272838097,Not Significant
TMEM223,0.112118798157681,0.1601132253215653,0.18595580261579997,0.7305902652495956,Not Significant
TMEM229A,-2.073135637655069,2.0722045393505436e-09,1.0634431242698613e-08,7.973285732349192,Down
TMEM230,0.39114402174914886,0.0027193775575940346,0.0040936953848180364,2.387884476674615,Not Significant
TMEM231,0.5743630265874078,0.0009456912273950874,0.0015300480083384963,2.815294942104369,Not Significant
TMEM237,0.2183555273629274,0.07535505451636343,0.09197078013058459,1.0363501296511672,Not Significant
TMEM240,-1.4382316451109745,9.299713154147804e-10,5.088399302881417e-09,8.293418815552721,Down
TMEM245,-0.9637269113067255,8.75818170957046e-07,2.557901343211854e-06,5.592116210023494,Not Significant
TMEM246,-3.9127624308461506,2.285067971925851e-20,5.048196216925663e-19,18.296863772965203,Down
TMEM248,0.6311071042777421,2.3207248393809888e-07,7.700586967036918e-07,6.113476170044452,Not Significant
TMEM25,-1.4760750968895628,1.2065247194610563e-12,1.1057121307848418e-11,10.956357925729833,Down
TMEM258,0.9269622077624327,3.8913275654055545e-07,1.2323779355353703e-06,5.909256085883348,Not Significant
TMEM259,0.7336455000628384,1.1889268559902203e-05,2.7196296882937053e-05,4.565490226583175,Not Significant
TMEM263,0.39494723607818116,0.0013892124419934081,0.0021856826707233475,2.66041289104031,Not Significant
TMEM30A,-0.5464950242641962,0.00315986179948975,0.004707549211484729,2.3272051312869633,Not Significant
TMEM33,-0.2599941630280753,0.005415172527610989,0.007807706890389739,2.107476498911512,Not Significant
TMEM38A,-1.5793620758472642,1.1554808076250448e-09,6.204858025594191e-09,8.207268151217052,Down
TMEM39B,0.4862951173506449,0.00012234168673853836,0.00023179803502050694,3.6348902499227593,Not Significant
TMEM41A,0.5569346039298395,2.628653801290071e-10,1.591409759266597e-09,8.798217982970531,Not Significant
TMEM41B,-0.2972136897911746,0.00011648096345700875,0.00022165266827841066,3.6543270362499842,Not Significant
TMEM43,1.2585486970525679,4.855144286106533e-10,2.7869358141445703e-09,8.554873033397865,Up
TMEM47,-0.8029419316062736,0.00035623966518883045,0.000621214884388485,3.206758147067202,Not Significant
TMEM51,2.382445513458803,1.4269343476115159e-06,3.987499755294982e-06,5.39929933058656,Up
TMEM56,-3.705502405491732,6.315693826846885e-21,1.4693833628557856e-19,18.832864881778175,Down
TMEM59,0.038322477629776586,0.7765740805843875,0.7995598830530684,0.09714900420593922,Not Significant
TMEM59L,-2.8401825363090936,1.761171610086971e-17,2.825166050957985e-16,15.548956021155897,Down
TMEM62,0.03493919330524875,0.6435524624463277,0.6740639952884493,0.17129886981292575,Not Significant
TMEM63A,0.35153129754712964,0.28511956907006697,0.318577477685432,0.4967849305520904,Not Significant
TMEM63B,-0.43306921427121736,0.0020508052679526173,0.003143611118282816,2.5025711838888984,Not Significant
TMEM65,-0.8230103300748475,0.0003869951872303173,0.0006717073597791552,3.1728198931871425,Not Significant
TMEM67,0.33434895286971766,0.020138098044593676,0.02673227035198797,1.5729641553673317,Not Significant
TMEM68,0.15995742427464243,0.018245428180110834,0.024380480632237238,1.6129577370330204,Not Significant
TMEM70,-0.2517342329619012,0.1754253497033414,0.20261808907492102,0.6933217848655101,Not Significant
TMEM74,-2.4792990276035134,3.846904093143758e-20,8.280707656908165e-19,18.081932547471414,Down
TMEM87A,0.9211228265330504,1.2848259089347612e-05,2.9164795418226192e-05,4.53514106566109,Not Significant
TMEM87B,0.2856858531689461,0.0025901180515714287,0.00391314475877783,2.407474085967051,Not Significant
TMEM9,0.1530046796239546,0.18410268920897113,0.21186320437413472,0.6739444634160436,Not Significant
TMEM97,0.5088827229447404,0.010154490456356718,0.014063285242966399,1.8519132144349633,Not Significant
TMEM9B,0.4710608305956683,0.003040672621624027,0.004538034961517104,2.343132162586061,Not Significant
TMF1,-0.01096216362758895,0.8105493790486106,0.8304153813216417,0.08070461522629195,Not Significant
TMLHE,0.4407226826780253,0.00012268862931044897,0.0002324116682349498,3.633742071966542,Not Significant
TMOD1,0.13633317112255128,0.5513518253432271,0.585836756513835,0.23222338333666181,Not Significant
TMOD2,-2.4461462993104917,8.094106369872844e-15,9.907658270971935e-14,13.004028981253603,Down
TMOD3,0.5831804627381381,1.7169016923290448e-06,4.70436460444673e-06,5.327499026310539,Not Significant
TMPO,0.758209178673237,7.226957212243593e-07,2.157166428330132e-06,5.66611634719364,Not Significant
TMPPE,-0.29186403812220973,0.013345676427842864,0.018160792156435096,1.7408652118906305,Not Significant
TMPRSS5,0.9221289887173469,0.0027024267009538756,0.004071219767520464,2.3902754534434134,Not Significant
TMSB10,0.6728388790755879,0.00017404915332908273,0.0003204845861153682,3.4941928532778235,Not Significant
TMSB4X,1.4390822273717845,3.1022588432411395e-06,8.017484758032641e-06,5.095961857032027,Up
TMTC2,0.13274269669783223,0.4369832813395663,0.4725385977044645,0.32556271184161867,Not Significant
TMTC3,-0.3073554049014646,0.003933957927921309,0.00578719219712022,2.2375320941419514,Not Significant
TMTC4,0.18473535850082357,0.3975958273585492,0.43381136844037954,0.36269907107186833,Not Significant
TMUB1,1.2195095456514409,6.427301390652812e-06,1.553470110591085e-05,4.8086970983344886,Up
TMUB2,0.29080475404128237,3.5500062486087135e-08,1.3980751739047763e-07,6.854469476133765,Not Significant
TMX1,1.5149507989313236,4.966215235363973e-18,8.493998689483304e-17,16.070887810351486,Up
TMX2,0.3126289605046253,0.0024089531544406054,0.003657297970817026,2.4368396549723546,Not Significant
TMX3,-0.18853931281484648,0.1541480634478385,0.17962840846425968,0.7456249780049666,Not Significant
TMX4,-0.9787651202726941,0.0028535471493314948,0.004282871570674238,2.3682649484807965,Not Significant
TNC,6.932987843206648,6.323882435778429e-08,2.3621353970349236e-07,6.626695212353394,Up
TNFAIP1,0.18944497261720272,0.03441928026474294,0.04416505278143171,1.3549212462036213,Not Significant
TNFAIP2,1.7127088110376452,1.0805212387209623e-05,2.4891769857935e-05,4.603944223029481,Up
TNFAIP3,3.286507186181481,8.676894789026692e-08,3.1420214990889606e-07,6.502790847652584,Up
TNFAIP6,3.0552090474767013,6.496740708475483e-07,1.957181994532955e-06,5.708368788268196,Up
TNFAIP8,2.495085905498902,8.783284064584366e-07,2.5624906940811732e-06,5.591337703113373,Up
TNFAIP8L2,2.6822584358913915,7.913173140526576e-09,3.618068041734233e-08,7.44152327001577,Up
TNFAIP8L3,-0.5409360512144943,0.0021510358099905997,0.0032847559117546313,2.483496897068155,Not Significant
TNFRSF10B,2.77133307234347,1.6249267731476397e-06,4.4774377222892016e-06,5.348970446138729,Up
TNFRSF10C,2.6484051684572236,5.751230700229456e-05,0.00011541413958986362,3.937740981737636,Up
TNFRSF12A,6.205077544082272,1.3092547371114706e-07,4.581254679284805e-07,6.339015564427013,Up
TNFRSF14,0.9051780156727389,0.0004270199248066997,0.0007353502089748193,3.1335057798241785,Not Significant
TNFRSF1A,2.4551567128292184,8.387480976720838e-06,1.9844681330755915e-05,4.702355870674956,Up
TNFRSF21,0.35870649749264416,0.0005017087588832393,0.0008511643713354247,3.0699865636865566,Not Significant
TNFSF12-TNFSF13,1.624417988400344,0.35780081619728765,0.39358753476237496,0.40495866448267165,Not Significant
TNIK,-0.3566795703186507,0.026207313558865852,0.03422067100350157,1.4657114790070453,Not Significant
TNIP1,0.8677251286802132,1.5385013877820493e-08,6.554178728525282e-08,7.183481719841964,Not Significant
TNIP2,1.8074527842590165,4.022746634784357e-07,1.2699827514515077e-06,5.896202177469477,Up
TNK2,-1.2194366584256855,8.911629346670371e-07,2.594674972206859e-06,5.585917037282915,Down
TNKS,0.08717733844574127,0.27996736666611016,0.3132028041970454,0.5041743582301508,Not Significant
TNKS1BP1,0.925442976675118,2.70908799545939e-06,7.114534011016134e-06,5.147853540143551,Not Significant
TNN,2.3098798482177934,7.0532954121616755e-06,1.6917832852884932e-05,4.77165527015709,Up
TNPO1,0.9188766002136788,3.7767430211868485e-16,5.336172397676902e-15,14.272770147953892,Not Significant
TNPO2,-0.6008770720870444,3.1421752945258763e-06,8.114399876199353e-06,5.090743594148615,Not Significant
TNPO3,0.5506984798183261,6.665117610340667e-09,3.097066181114939e-08,7.509049514118212,Not Significant
TNR,-1.736639462937525,1.3387886257740108e-10,8.57948894150597e-10,9.066538581206569,Down
TNRC18,0.2527513470279956,0.15817005383299357,0.18386858092702252,0.7354924757416923,Not Significant
TNRC6A,0.1954017715354368,0.2235748769744106,0.2539225829357624,0.5952986728630008,Not Significant
TNRC6B,-0.4684158270121124,0.0001643734662102452,0.0003040018906924931,3.5171237153558406,Not Significant
TNRC6C,-0.7435530260131422,6.019948867839773e-06,1.4624627434656144e-05,4.834915188844684,Not Significant
TNS1,0.8640316323568626,0.006051656683116441,0.008665869143669513,2.0621878731843264,Not Significant
TNS2,-0.12659023309750594,0.47224040382003385,0.507775624728682,0.2943281508429792,Not Significant
TNS3,0.5259915419871213,0.01046004342940835,0.014460611706856004,1.8398133353061432,Not Significant
TNXB,-0.5802389193540698,0.01386559958225164,0.018832688444331,1.7250876782204199,Not Significant
TOB2,0.5435415995641542,0.005880311206410592,0.00843249182823919,2.0740440710047374,Not Significant
TOE1,0.960051338847487,2.381458864587877e-10,1.4566373164455537e-09,8.836648568390537,Not Significant
TOLLIP,-1.9471986252891824,8.887308801786772e-12,6.994589755406245e-11,10.155237752535712,Down
TOM1,-0.2655669554670901,0.0008758574535851105,0.0014224388178972116,2.8469664044556064,Not Significant
TOM1L1,-0.8405861473068743,1.2407001694071722e-05,2.82522909281371e-05,4.548946330247784,Not Significant
TOM1L2,-1.588584973781792,3.1901709475016063e-10,1.9095533051177173e-09,8.719068213805269,Down
TOMM20,-1.3176443378210472,0.0004778553864962257,0.0008152269540326804,3.088721469587821,Down
TOMM22,0.038676509235706646,0.7951447230408695,0.815794677656963,0.08841913239935065,Not Significant
TOMM34,-0.4404069348515378,0.02806402380788566,0.036460791312953336,1.4381739100332152,Not Significant
TOMM40,0.46719302914905114,0.001433507575774664,0.002249751568523752,2.6478654367224688,Not Significant
TOMM40L,-0.7754281709665634,2.2759861986833303e-06,6.088232863923491e-06,5.215508744939367,Not Significant
TOMM5,0.5171589274542185,6.0037788954247765e-09,2.8118116500469177e-08,7.551013774009577,Not Significant
TOMM6,0.0,1.0,1.0,-0.0,Not Significant
TOMM7,0.17471763940143603,0.12850340121421377,0.1516036144550872,0.8192904443557669,Not Significant
TONSL,0.8456510752896502,0.0089504032666094,0.012490145796900278,1.9034324920966643,Not Significant
TOP1,0.38561392362229796,1.235239398665183e-05,2.8147029409982028e-05,4.55056743310139,Not Significant
TOP2A,7.869346843737807,1.3467764945460602e-08,5.827932305007307e-08,7.234485501468369,Up
TOP2B,-0.1688885021734272,0.11801202098851193,0.14014536124463858,0.853421272639314,Not Significant
TOP3A,0.6348906090445574,4.053411382536493e-05,8.372783733375564e-05,4.077130126349883,Not Significant
TOP3B,0.4731431150680443,0.04540344692654782,0.057181438222033094,1.2427449255076282,Not Significant
TOPBP1,0.43083059912833477,0.009120195627309167,0.0127147593066029,1.8956918567075873,Not Significant
TOPORS,0.31069683286979455,8.572866833174966e-05,0.00016682066926290248,3.7777501408044034,Not Significant
TOR1A,0.3964400721226333,0.006103426091977808,0.008732554246638892,2.0588587078440224,Not Significant
TOR1AIP1,0.4757339082762506,5.641263682905301e-12,4.5979037493194174e-11,10.337440124318801,Not Significant
TOR1AIP2,0.5032731830458808,3.869228561055125e-07,1.2268998591145526e-06,5.9111908834089295,Not Significant
TOR1B,0.8049911478317888,7.155693471214e-08,2.6318530861266824e-07,6.579738357332124,Not Significant
TOR2A,0.30266531289294285,0.0038995366910077973,0.005739908332146778,2.2410950433443113,Not Significant
TOR3A,0.9139748485623365,3.284398861728917e-08,1.3036656474805797e-07,6.884833778292257,Not Significant
TOR4A,2.459101677684579,6.901542734980023e-08,2.5495468101279335e-07,6.5935370099002215,Up
TOX,-1.9282876018519364,1.459034579645394e-12,1.3135222837665504e-11,10.881562555055485,Down
TOX2,-2.7007725694339264,2.828386584834601e-23,7.763805573739448e-22,21.10992534903192,Down
TOX4,-0.26762628084454576,0.007460673708417956,0.010544167640095747,1.9769876979141618,Not Significant
TP53,2.7285835718389997,2.507386511225187e-06,6.626288487429835e-06,5.178729660248278,Up
TP53BP1,-0.11335367362860183,0.09104406932998038,0.10969715996055764,0.9598046160845823,Not Significant
TP53BP2,0.08416424324370553,0.6541606281959123,0.6842502511105409,0.16478503453763815,Not Significant
TP53I11,0.24970740180776296,0.11845238101731029,0.1406185819430101,0.8519572859870036,Not Significant
TP53I3,3.0238568852544905,2.2369968454736284e-07,7.4571496430514e-07,6.127427141809522,Up
TP53INP2,-0.37062677950404677,0.1914746644577286,0.21964424615658823,0.6582801691124032,Not Significant
TP53RK,0.626751602799974,6.358370830159851e-10,3.584455945329062e-09,8.445576752931192,Not Significant
TPBG,-1.7802968138331643,1.3055796628615142e-06,3.6769386423446726e-06,5.43451361721122,Down
TPCN1,-0.0767759572003861,0.5918237966292738,0.6244928173502989,0.2044725523307896,Not Significant
TPD52,-1.6729285380180343,4.951085695358807e-06,1.226087445797557e-05,4.9114785543909925,Down
TPD52L1,-2.611586191478386,2.2059231666618302e-10,1.3591724758991608e-09,8.866725428787442,Down
TPD52L2,0.4836312323850329,0.0007786570978081328,0.0012761007976767739,2.8941150198579098,Not Significant
TPGS1,0.5306841371028916,0.040217936139939965,0.05109793021487643,1.2915966911463657,Not Significant
TPGS2,-0.16511159339370707,0.09713893706047891,0.1166500955950965,0.9331149009644772,Not Significant
TPI1,0.18248443465181197,0.3469877378606188,0.38248763225822013,0.4173826032001603,Not Significant
TPK1,-0.6437518925302879,1.3869937224900827e-12,1.25992558704825e-11,10.899655104159148,Not Significant
TPM1,0.30473405736993087,0.011231528374051466,0.015456926080683824,1.8108768699864133,Not Significant
TPM2,2.038498859259441,1.3465500535231209e-05,3.042194491857349e-05,4.516813024326306,Up
TPM3,0.22440380235508428,0.07990143927263925,0.09715474945474566,1.0125359638591531,Not Significant
TPM4,1.6680255072906292,3.4750022886184003e-23,9.487038768439503e-22,21.022869324687058,Up
TPMT,-0.8439083830983982,3.8035204221406195e-05,7.908496332847183e-05,4.101906082422031,Not Significant
TPP1,0.42985747295282195,0.03555687173734062,0.04555512220297208,1.3414627840166087,Not Significant
TPP2,0.3817298996994083,0.0006521410903195358,0.00108553690414392,2.9643554075908347,Not Significant
TPPP,-4.222079042930396,3.762648054499087e-40,5.493466159568667e-38,37.260153546447704,Down
TPPP3,0.21482793888863227,0.3973567135827507,0.43359743637701803,0.3629132942063072,Not Significant
TPR,0.665623081793008,6.490445933901222e-16,8.920157208474884e-15,14.049627491568774,Not Significant
TPRG1L,-2.4258434249268497,1.2700090664185436e-36,1.173768012394533e-34,33.930417730083846,Down
TPRKB,0.32686814524873853,6.026049099427158e-07,1.830160344517009e-06,5.737510859073759,Not Significant
TPRN,-0.6409270500162112,0.005523157837607347,0.00795315781247233,2.099460399867636,Not Significant
TPSAB1,3.355669629799804,0.06307459426564167,0.07786929689118556,1.1086337466812355,Not Significant
TPST1,1.2095197109799223,1.2277495256537437e-09,6.554503826940018e-09,8.183460178631087,Up
TPST2,-0.10460131856809696,0.39096082036075247,0.42708081807788123,0.369489934052001,Not Significant
TPT1,0.9369787052162124,5.297113310098864e-14,5.870530196472603e-13,12.231322673709107,Not Significant
TPX2,3.1393561811290294,1.897647739491142e-21,4.562506760771782e-20,19.34079647899274,Up
TRA2A,0.7283131735140778,0.0002850675449160844,0.0005055933886416609,3.2961986137114656,Not Significant
TRA2B,0.9171552313630222,3.4205219009934636e-09,1.6784382674431637e-08,7.775094627369091,Not Significant
TRABD,1.4914905643470266,6.907449809530932e-06,1.6615484570490595e-05,4.779486988527827,Up
TRADD,1.3713639271336877,3.3664316871099824e-08,1.332551387659959e-07,6.875316034123652,Up
TRAF1,0.9309099058796964,0.0009958431467769432,0.0016043697202352352,2.794695543186804,Not Significant
TRAF2,0.43333357422381624,0.011591388101619264,0.015928474114815506,1.7978258259098459,Not Significant
TRAF3,-0.7463610969989247,5.1049782212003156e-05,0.00010345514101865215,3.985247922972576,Not Significant
TRAF3IP1,-0.6243773894263427,8.055209852448507e-06,1.91432375686639e-05,4.7179846110053525,Not Significant
TRAF3IP2,1.1631137194902408,0.0036525303898150992,0.005396830617042727,2.2678612123290898,Up
TRAF3IP3,1.943841917001924,5.132072659966684e-05,0.00010392060296784798,3.9832983420654227,Up
TRAF4,2.3168789160524987,1.6554162371765973e-08,6.966024717342122e-08,7.1570149888806185,Up
TRAF5,0.9330910025734411,3.6472275318579796e-06,9.28301418795788e-06,5.0323109857798975,Not Significant
TRAF6,0.31472052348341606,0.0014324364836638352,0.002248420868873399,2.6481223924262,Not Significant
TRAF7,0.6694188723529528,0.0001563742464184683,0.00029043402625731,3.5369525045348915,Not Significant
TRAFD1,1.2517937221533977,1.3683873992578733e-11,1.0498960137184932e-10,9.978853713220188,Up
TRAK1,-0.4992890237204861,0.0002533034997834529,0.00045316630382143564,3.343742390530777,Not Significant
TRAK2,-0.17282834031684402,0.0112466144115847,0.01547369483505931,1.810405972345723,Not Significant
TRAM1,1.0658870491105645,2.70974767271823e-10,1.6365706267963698e-09,8.786065247816362,Up
TRAM2,1.9321440400804892,9.036385553881696e-08,3.2604780827293765e-07,6.486718714819099,Up
TRAP1,-0.01251687381237332,0.8708288478518733,0.8855975987542672,0.05276356969164756,Not Significant
TRAPPC1,0.11970777898103435,0.38134714448401874,0.4174390017963713,0.3794069767520139,Not Significant
TRAPPC10,-0.16355922669671585,0.08926404360666736,0.10770702782292095,0.9677559583070617,Not Significant
TRAPPC11,-0.0014359221768707187,0.9861651175916856,0.9887168983497852,0.004928043170297551,Not Significant
TRAPPC12,0.15392750764884866,0.253891463763193,0.2859365685802578,0.5437302989371323,Not Significant
TRAPPC13,-0.21037540983943614,0.1600391790508148,0.1858912359919184,0.7307410849460692,Not Significant
TRAPPC2,-0.7158984533133665,3.747731959758715e-11,2.647591287700512e-10,9.577149056693147,Not Significant
TRAPPC2L,-0.11136552575420922,0.36496445739495115,0.40081237804390474,0.3970588748824368,Not Significant
TRAPPC3,0.3234784983744916,0.001420915672008182,0.0022320761702495596,2.6512909890558634,Not Significant
TRAPPC4,0.502995475876439,0.0013339413104219607,0.002104639743334508,2.6768222327840117,Not Significant
TRAPPC5,-0.4761777488627015,0.08356774456358095,0.10131922719142068,0.9943081314336171,Not Significant
TRAPPC6A,0.35669139743839295,0.013033761562721303,0.01776032922803387,1.7505489878483445,Not Significant
TRAPPC6B,-1.4804802616248196,5.438277192639607e-06,1.3365504864272116e-05,4.874014631697843,Down
TRAPPC8,-0.1426451541840592,0.1189398340174915,0.14109749033115984,0.8504807108737304,Not Significant
TRAPPC9,-0.5235456954171909,6.139082369486197e-13,5.9068878500672355e-12,11.22864127470838,Not Significant
TREM1,5.600652494648852,5.003770440596901e-09,2.378857169352203e-08,7.623631632962464,Up
TREM2,3.7361319604656185,1.2083345809391057e-11,9.334940619923735e-11,10.02988844027746,Up
TREML1,3.0658165681312006,3.8544936162535075e-05,7.996327983965781e-05,4.097109400808898,Up
TREX1,0.7185729507266245,0.005734914371745841,0.008239236648740388,2.084113023084034,Not Significant
TRHDE,-6.788787714917454,5.362748816449624e-45,2.1609732630765404e-42,41.66535060644862,Down
TRIAP1,0.9398789508929575,0.00015790344619914432,0.00029295015046227994,3.533206274598191,Not Significant
TRIL,0.013045207411241933,0.9615525352187997,0.966927554381532,0.014606063570523306,Not Significant
TRIM11,-0.28026109658313736,0.032633196314216274,0.04200700481336759,1.376678283456063,Not Significant
TRIM13,-0.2413191290869996,0.0031401751844485188,0.00468029661312833,2.3297266227030313,Not Significant
TRIM14,1.2670468294738715,4.184091955385862e-05,8.619742813610875e-05,4.064505691982237,Up
TRIM16,0.5329808099510895,1.5495081214764416e-05,3.464982201055199e-05,4.460298991933376,Not Significant
TRIM2,-1.4081733599931,2.658026383727789e-09,1.3321869547101366e-08,7.875434823437861,Down
TRIM21,2.1354062826652687,1.485981082969434e-06,4.137582484752371e-06,5.383253335254721,Up
TRIM22,2.258159931601039,6.3084831726088974e-06,1.5276841221361064e-05,4.815966435154945,Up
TRIM24,1.6793690320512304,2.052066607131199e-25,6.733719544052019e-24,23.171744975712567,Up
TRIM25,0.9835588997942466,2.2739339240351953e-05,4.923191564738998e-05,4.307753265204198,Not Significant
TRIM26,0.7734441158693244,1.4024401976444761e-08,6.037684850884808e-08,7.219129559596074,Not Significant
TRIM27,0.9078020988141766,9.671901195141662e-12,7.582469466136741e-11,10.120189329875199,Not Significant
TRIM28,0.9562519408808647,3.1564871615434913e-19,6.162490632827351e-18,17.210243727854994,Not Significant
TRIM3,-0.5485248978640449,2.5486166628165865e-08,1.0340219195011796e-07,6.9854702548421646,Not Significant
TRIM32,-0.08596138569016887,0.5769320746829328,0.6104848007464748,0.21432514422377746,Not Significant
TRIM33,-0.3063292479149844,5.845051015959252e-05,0.00011715687213444789,3.931232231671924,Not Significant
TRIM34,2.7963817651465206,0.0001399615816274441,0.0002623205531748599,3.581167680508652,Up
TRIM36,-1.2252644384427231,0.0004160505354471374,0.0007184252818125578,3.143618392990958,Down
TRIM37,-1.608824396416832,1.89132089798473e-05,4.156449983921939e-05,4.381277441154484,Down
TRIM38,2.1460494654992353,2.648489154778962e-08,1.0710911178339327e-07,6.970173582119371,Up
TRIM4,1.2826037424676073,1.0631393258412819e-06,3.0486950095431465e-06,5.515886020140239,Up
TRIM41,0.14363753402185964,0.2507421704489134,0.2827058338111196,0.5486652294806382,Not Significant
TRIM44,-1.051177960463125,2.8470865776636797e-06,7.438161354612009e-06,5.128534404807706,Down
TRIM46,-1.2397676399519035,3.5553513476493173e-11,2.520521426897905e-10,9.59850960628218,Down
TRIM47,1.9811099838928072,3.383202147225727e-05,7.107899568540558e-05,4.148258717211247,Up
TRIM5,2.7260872876130264,5.8061333280767556e-06,1.4169328281745454e-05,4.848650737645697,Up
TRIM56,2.0435035445452208,2.0645155319748704e-05,4.503665974256138e-05,4.346433827507691,Up
TRIM62,0.23426706580713308,0.1846470982052367,0.21246543316042885,0.6727117169492574,Not Significant
TRIM65,0.7863919464735716,1.1787283861744952e-06,3.3458748273659808e-06,5.475490310474967,Not Significant
TRIM67,-2.3398346267959997,1.0944400147269155e-12,1.0105764168981619e-11,10.99543084080044,Down
TRIM68,0.03468669919027079,0.6434458961707569,0.6740224558619325,0.17132563418505922,Not Significant
TRIM9,0.10253892587479996,0.4548609861753847,0.49081722094374736,0.3090802079058388,Not Significant
TRIO,0.8162064442658412,4.0572696634870224e-08,1.5799356238874474e-07,6.80136060846332,Not Significant
TRIOBP,1.7843395961051058,3.632779770367128e-06,9.250915926865129e-06,5.033815265932249,Up
TRIP10,2.209708819744691,7.323851495436693e-06,1.750426570937823e-05,4.756856102839755,Up
TRIP11,-0.4350539002385432,0.0006098469104968985,0.0010201922577791026,2.991317976645424,Not Significant
TRIP12,0.15515060139504655,0.01622389946795401,0.021823950225686832,1.661066637526465,Not Significant
TRIP13,2.144126353972455,1.9085540920318718e-09,9.849781722914485e-09,8.006573393622604,Up
TRIP4,-0.00604666771169704,0.9645606528332814,0.9697588838964547,0.013336233166899941,Not Significant
TRIP6,2.53522061159261,1.2160343116171153e-10,7.872962503361709e-10,9.103861816971785,Up
TRIQK,-1.5750763054759496,1.1825563728255117e-10,7.661140128517173e-10,9.115706593986497,Down
TRIT1,0.47036530198657545,0.0002357311900866545,0.00042444253957693606,3.3721810956055576,Not Significant
TRMT1,0.3814821371026902,0.004097322554917863,0.006016971926857515,2.2206220147738107,Not Significant
TRMT10A,0.3470026083072657,0.0006437178628026518,0.0010727566170180174,2.9694987979553478,Not Significant
TRMT10C,-0.23966789571337088,0.1369496933865363,0.16094624488753692,0.7933191515887825,Not Significant
TRMT11,-0.7759501193723821,2.1421130074021994e-07,7.164557249857157e-07,6.1448106426546465,Not Significant
TRMT112,0.46597215300879924,0.00985768721293141,0.01368232860058846,1.8638399835863253,Not Significant
TRMT13,0.8261954139223509,0.0010009211150149302,0.0016117773837372774,2.792694942488058,Not Significant
TRMT1L,-0.4526598913087696,0.00028839695356413825,0.0005114083630003747,3.291232174285401,Not Significant
TRMT2A,0.78045932685108,3.737486443645044e-12,3.137619869440015e-11,10.503399673433803,Not Significant
TRMT2B,0.1493891119113968,0.13347101830034955,0.1571146340684414,0.8037833617507398,Not Significant
TRMT44,-0.34355317999444246,0.09104260455344165,0.10969715996055764,0.9598046160845823,Not Significant
TRMT5,0.32294813199687056,0.0037664074495725912,0.005553686862850451,2.255418611004553,Not Significant
TRMT6,0.234252066248267,0.08722816770925236,0.105427301919977,0.9770469077403716,Not Significant
TRMT61A,0.6361694809257408,0.00010277776895308404,0.00019736623035329176,3.704727153722279,Not Significant
TRMT61B,0.18884210734414353,0.03639187678862044,0.046512530673504485,1.3324300305671986,Not Significant
TRMU,0.28592719354939433,0.09686254901647232,0.11634593046285228,0.9342488028236318,Not Significant
TRNAU1AP,0.3893397400698575,0.020689216842320394,0.02742049341791023,1.5619247345666496,Not Significant
TRNT1,0.11175876344004365,0.26419227469264306,0.2970393945595632,0.5271859489815636,Not Significant
TROVE2,0.3395164426733288,0.0020443225940327387,0.003134150937800306,2.503880092144611,Not Significant
TRPC4AP,0.43927837773076917,0.00010495284866585738,0.00020123620050625186,3.6962938910816616,Not Significant
TRPM4,0.030361489688653265,0.8519100770893875,0.868110673335878,0.06142490413790729,Not Significant
TRPM7,0.2687274262017425,0.013111840539866564,0.017857061186780557,1.7481900132740527,Not Significant
TRPS1,0.7252723268324885,0.000340262318649813,0.0005961395822744723,3.224652041074948,Not Significant
TRPT1,1.0846932652163765,8.582263318025106e-09,3.892738436100176e-08,7.409744776753115,Up
TRPV2,0.25475759663925146,0.1458555347700145,0.1705372164894529,0.7681808298547499,Not Significant
TRRAP,0.6992301975382951,0.00013625183508658644,0.00025598675618468327,3.591782502909616,Not Significant
TRUB1,-1.4944924022917334,4.401769729041929e-05,9.031248116164641e-05,4.044252226153186,Down
TRUB2,-0.25540595541263755,0.0072915993296056815,0.010324043801327848,1.9861501615637915,Not Significant
TSC1,-0.6414082139229684,4.970368276920751e-07,1.5364065670972582e-06,5.813493845188191,Not Significant
TSC2,-0.3327223448646066,0.0014500012152987578,0.0022742195614073933,2.6431676092592795,Not Significant
TSC22D1,-1.3740772167693756,1.0764737691462422e-08,4.783589214988639e-08,7.320246121938433,Down
TSC22D2,-0.5464930633908907,7.327651317482828e-14,8.006373033874405e-13,12.09656417905991,Not Significant
TSC22D3,-0.08909065055718912,0.5886979153516766,0.6215198909298669,0.2065449677739899,Not Significant
TSC22D4,0.846181907743663,0.00014217045819165362,0.00026591630074688426,3.5752550394738636,Not Significant
TSEN15,0.4949296052343577,0.0007458694267475927,0.0012261567566996163,2.911454004354518,Not Significant
TSEN2,0.050165908265739745,0.6517615686671364,0.6819532657616049,0.16624538651257048,Not Significant
TSEN34,1.42271842424066,1.6145554070997568e-08,6.831176468342272e-08,7.165504495482445,Up
TSEN54,0.7084108014758215,0.004795819191014416,0.00695953364020156,2.1574198615780777,Not Significant
TSFM,0.09388701378743747,0.6246126322722043,0.6562047823037007,0.1829606088775239,Not Significant
TSG101,0.31889549028139896,0.01035479469502998,0.01432493844517056,1.8439072355372004,Not Significant
TSHZ1,-0.7498561633325842,8.962051696072575e-06,2.1025549321433423e-05,4.677252648840355,Not Significant
TSHZ3,-0.8356948912055202,2.8619193435553935e-11,2.0726797603865588e-10,9.683467793439474,Not Significant
TSKU,2.988422667423766,3.1121043990556075e-07,1.0103557755748047e-06,5.995525671601741,Up
TSN,0.10259399435351924,0.38557299434899833,0.4218356152336891,0.37485675592301326,Not Significant
TSNAX,-0.38712246390506877,0.08683736491583782,0.10498015290557425,0.9788927990093071,Not Significant
TSPAN11,2.2051609085787796,1.4610909150580182e-07,5.066791696486911e-07,6.295266949849027,Up
TSPAN13,-1.8240913449589655,1.004383289630015e-05,2.3302987700904586e-05,4.632588394045515,Down
TSPAN14,-0.23285773121679298,0.11024042215253216,0.1314585715867198,0.881211091022453,Not Significant
TSPAN15,0.32180694754588046,0.2670692124938451,0.30000616042183265,0.5228698272478749,Not Significant
TSPAN3,0.5447025902259099,0.00017987219992065783,0.0003301808567785545,3.4812481098631816,Not Significant
TSPAN31,1.0270617936710522,2.1080870369051244e-09,1.0796175101456264e-08,7.966730080304893,Up
TSPAN33,0.41372791820089816,0.0077579191869166396,0.010936646779876606,1.9611158140377634,Not Significant
TSPAN4,2.158500853110466,1.5855017776962833e-07,5.449452374108617e-07,6.263647138613709,Up
TSPAN5,-1.0591956607388937,4.572806222872464e-06,1.141388748493984e-05,4.942566412925189,Down
TSPAN6,2.3675909712671253,2.033078062512914e-13,2.085664806696038e-12,11.68075548704053,Up
TSPAN7,-2.1721001645517752,1.1614987648565374e-15,1.5518486150085884e-14,13.809150647042456,Down
TSPAN8,-1.4091500333529723,0.00785215866345228,0.011063307185401158,1.956115028757224,Down
TSPAN9,0.2604891155470277,0.008545817717373004,0.011965332548271805,1.9220752266892875,Not Significant
TSPO,2.6197891852522304,9.485303621857391e-08,3.4053794970274896e-07,6.467834483081254,Up
TSPYL1,-2.5832288262059784,8.951217822069505e-08,3.232063381345096e-07,6.490520131220925,Down
TSPYL4,-2.4294482805379047,7.508345769765041e-09,3.442834560064316e-08,7.463083846124091,Down
TSPYL5,-2.630400518812621,4.624518868666626e-12,3.8123897776552856e-11,10.418802703618422,Down
TSR1,0.7374223890388265,8.62853082305252e-08,3.126756097533492e-07,6.504905994557059,Not Significant
TSR2,-0.8833518884747882,0.00010883581422887571,0.00020836411868903343,3.6811770665482237,Not Significant
TSR3,0.565739869800467,0.00014482266853037203,0.0002705755865680578,3.567711391393561,Not Significant
TSSC4,0.9182001895712304,3.540412773168007e-06,9.038549994144576e-06,5.043901235459493,Not Significant
TST,0.6779681074702815,0.0003698126736920392,0.0006434777763115051,3.1914664476592796,Not Significant
TSTA3,0.8488482959650767,2.7315466003547527e-07,8.960469049812366e-07,6.047669255916724,Not Significant
TSTD1,-0.44487406787773054,0.05680085730766592,0.07059114686866845,1.1512497622226319,Not Significant
TSTD2,0.7437770349365493,1.6703745329672398e-17,2.696691193126919e-16,15.569168783172442,Not Significant
TTBK1,-2.0649439214454617,4.555991915679709e-16,6.3834579358216114e-15,14.194943999081609,Down
TTBK2,-2.099843644643844,1.2446383849700847e-09,6.6271073415373326e-09,8.178675994934812,Down
TTC1,-0.4639599679945974,0.008069201798660818,0.011337899175846185,1.9454674093637767,Not Significant
TTC12,0.48632396443214,0.012181384304563479,0.016684604416610807,1.777684085785915,Not Significant
TTC13,0.2046767107046179,0.027641199558994054,0.03593462954669068,1.4444868279648049,Not Significant
TTC14,-0.15138434998081607,0.5360478280375655,0.5707192791852076,0.24357745651652246,Not Significant
TTC17,0.819632892156573,3.996524834982343e-05,8.267143981029183e-05,4.082644498610047,Not Significant
TTC19,-0.5151385050319739,8.90445198011871e-05,0.00017283901589155277,3.7623582151338053,Not Significant
TTC21B,-0.10568905168017295,0.3504237963353048,0.38589520379119596,0.4135306191481213,Not Significant
TTC25,0.378148983830485,0.04419481724711066,0.05580578953965816,1.253320743092957,Not Significant
TTC26,1.0022712891004542,9.084376778540064e-06,2.1276400725196624e-05,4.672101838660597,Up
TTC27,0.9281949137908505,6.699556926058285e-09,3.1101998374705607e-08,7.507211705660459,Not Significant
TTC28,0.56341511011329,0.00027909395542532805,0.0004956968453728411,3.304783844947032,Not Significant
TTC3,-0.7805572127983496,1.909802761171156e-11,1.428311285526223e-10,9.84517713229816,Not Significant
TTC30A,0.6442726845805353,0.00039631450089258765,0.0006864635973163562,3.1633824881487245,Not Significant
TTC31,1.4092702039896263,9.410332676041464e-05,0.00018199211245621368,3.7399474339433434,Up
TTC33,-1.716444475846771,2.5780147937024003e-06,6.796891136288401e-06,5.167689685982968,Down
TTC37,0.157142302828305,0.0472420695290209,0.059333824764412985,1.2266976553615165,Not Significant
TTC38,1.8027556290302638,9.976721685045895e-06,2.3152613281537053e-05,4.635399982196884,Up
TTC39A,-1.0501351582724539,2.7820472839658423e-05,5.935269872653938e-05,4.226559529187943,Down
TTC39B,-1.3680930219279084,2.8235092542760035e-12,2.414603754463197e-11,10.617154128419475,Down
TTC39C,-1.1779670681297034,1.4652565076669547e-14,1.738632986835913e-13,12.759792084825353,Down
TTC4,0.4985460688121659,0.00035310397194744913,0.0006163870063071569,3.2101465249642938,Not Significant
TTC5,-0.345600929222206,0.0009578945127476221,0.0015479354060666576,2.810247165987826,Not Significant
TTC7A,0.9544017126904158,0.0002776836790815026,0.0004937143281092582,3.306524268914776,Not Significant
TTC7B,-1.5815981448148175,7.251365188076273e-20,1.5155654129601738e-18,17.819425314410463,Down
TTC8,-0.06592423317846752,0.5001936835579862,0.535204585041227,0.27148017466927904,Not Significant
TTC9,-1.9838627917135305,6.17471046197066e-15,7.670041084327057e-14,13.11520230976044,Down
TTC9B,-4.027913536854335,9.13597545304551e-21,2.0822582966963908e-19,18.681465398806232,Down
TTC9C,-0.13229639925488357,0.03845311130656798,0.04899160785409963,1.3098783072122835,Not Significant
TTF1,-0.21321887402688589,0.016396016926406718,0.02204076254558597,1.6567733842480485,Not Significant
TTF2,1.5679814079042185,5.119434386388647e-07,1.5781267444455088e-06,5.801858120136205,Up
TTI1,0.7736237136881101,1.6076694847595905e-10,1.0173154767253842e-09,8.99254434839982,Not Significant
TTI2,0.6323397789371015,7.957161722894348e-08,2.9000154180089226e-07,6.537599693156769,Not Significant
TTL,-0.1384021267290727,0.197912617531938,0.22651348659585815,0.6449059350207292,Not Significant
TTLL1,-0.3259229721393311,0.0025668146516249837,0.003880265726361057,2.4111385322561247,Not Significant
TTLL12,-0.3334791048403538,0.007198455834772564,0.010196462890818167,1.9915504570037839,Not Significant
TTLL7,-1.9124714563449245,8.930885617329827e-11,5.915170395067763e-10,9.228032740373024,Down
TTPAL,0.41941712543274434,0.004701317123096705,0.006833223012274737,2.1653744052073836,Not Significant
TTR,-5.792469175477633,6.974291509412257e-06,1.675626345476248e-05,4.775822819947838,Down
TTYH1,-0.18957065725883382,0.30818477849429315,0.3426013527423868,0.46521092657951535,Not Significant
TTYH2,0.5039145057104051,0.06870988230158875,0.08435088402464114,1.0739103615038819,Not Significant
TTYH3,0.9226651766977199,0.0010380214503316785,0.001668053611523581,2.777789995176283,Not Significant
TUB,-1.8276411916925284,5.121353043601738e-21,1.2026226238052192e-19,18.91987063044117,Down
TUBA1B,-0.28579590461719206,0.10417364416223082,0.12463720799172366,0.9043522882287075,Not Significant
TUBA1C,3.8694782759061948,4.550239302530045e-09,2.1848956498421197e-08,7.660569300011611,Up
TUBA3C,0.9414593262879034,0.0016496323201836127,0.002561010324168549,2.591588670762186,Not Significant
TUBA4A,-3.29871212867943,1.4383374011466843e-08,6.176390016688704e-08,7.209265287680787,Down
TUBA4B,-4.8156998346563125,6.830225802934678e-12,5.4609281538701546e-11,10.262733537176778,Down
TUBA8,-2.6278275532598645,5.868198352464867e-26,2.0107561293445943e-24,23.696640598772888,Down
TUBAL3,-2.7441249051756023,0.0002744329830239909,0.0004887109547434479,3.3109479258965107,Down
TUBB,1.0904009431103674,6.696961471477715e-06,1.6139997575039832e-05,4.792096534864686,Up
TUBB1,3.1297681457919744,7.99461945672641e-06,1.9008212510517313e-05,4.72105872128912,Up
TUBB2A,-1.12974727807185,0.000386701020701989,0.0006713124388336786,3.173075305642758,Down
TUBB2B,1.0756166453581066,0.0011505551573795987,0.0018362947806467168,2.7360576001870487,Up
TUBB3,-0.014059559912826813,0.9373305158426187,0.9447391312254669,0.02468809573373885,Not Significant
TUBB4A,-4.071314471887693,8.521972885641352e-21,1.955588948746036e-19,18.70872242564842,Down
TUBB4B,-0.0014336144384934357,0.9896616053827302,0.9916705830053341,0.003632569521399285,Not Significant
TUBB6,3.389993408058114,1.1447429574590337e-06,3.2576668230063013e-06,5.487093335107015,Up
TUBB8,-2.7927939259942107,3.260207871425579e-07,1.0526709646391438e-06,5.97770735585367,Down
TUBG1,0.11618837526888726,0.3171095928846499,0.3518240130748858,0.45367452192798535,Not Significant
TUBG2,-1.1283608237287126,5.806232321666581e-10,3.293467590566956e-09,8.482346605884889,Down
TUBGCP2,-0.2841242663879946,0.0010937287423598287,0.0017505915714224522,2.7568151668622054,Not Significant
TUBGCP3,0.4842951330288372,4.372035392047521e-05,8.973896605437393e-05,4.047018938585726,Not Significant
TUBGCP4,-0.5936965046940177,0.0007097689646719365,0.0011717818010660583,2.9311532513003087,Not Significant
TUBGCP5,-0.17201573721051844,0.08346538397161132,0.10120730357848008,0.9947881457039291,Not Significant
TUBGCP6,-0.06091697497276627,0.5917133031152444,0.6244416316345036,0.2045081501541224,Not Significant
TUFM,0.8009986450367776,2.7868561343037116e-06,7.303535040836522e-06,5.13646688273916,Not Significant
TULP3,1.178150422699904,5.9784658701255435e-05,0.00011956931740251087,3.922380250049359,Up
TUSC1,-0.5924111548954514,0.000993619718863194,0.0016012997996845012,2.795527350679345,Not Significant
TUSC2,-0.7151627782869028,0.0001851833069841832,0.0003390651825806364,3.469716804115866,Not Significant
TUSC3,-2.2473381792569533,2.9957157489877782e-09,1.4844486205264573e-08,7.828434829531728,Down
TUT1,0.4849181919330654,9.133749065053638e-07,2.6516826536412205e-06,5.57647845237104,Not Significant
TVP23B,0.6099191879750894,9.0822997857541e-05,0.00017608754434504773,3.7542713630192597,Not Significant
TWF1,0.6843422704114133,8.610545809521469e-12,6.782067121588685e-11,10.16863791635809,Not Significant
TWF2,0.4877507346355827,0.0010052094018170082,0.0016176484846492877,2.791115844752529,Not Significant
TWISTNB,0.6202783337522781,0.0005549218118206723,0.0009343610784358102,3.0294852607417493,Not Significant
TWSG1,1.5177024239806052,8.112615932591447e-12,6.425038750387283e-11,10.192124248692602,Up
TXLNA,1.2823980624753162,3.156704206296717e-07,1.022857451728309e-06,5.990184886562943,Up
TXLNB,1.4876526296618096,2.0984179480430364e-12,1.8478551056455898e-11,10.73333208575965,Up
TXLNG,-0.11522468785171824,0.15269895264953548,0.17808396029074094,0.749375194915863,Not Significant
TXN,0.21642312490113014,0.28722926540161187,0.32086356394498095,0.4936795969464363,Not Significant
TXN2,0.2427975556366384,0.005234791863488225,0.007564953842028458,2.121193717503781,Not Significant
TXNDC12,0.7945595126447174,2.2437553675357555e-05,4.8651725296072325e-05,4.31290175409495,Not Significant
TXNDC15,0.36265593795819484,0.0015948721599280157,0.002482883965247231,2.605043576228905,Not Significant
TXNDC16,-1.1172906586830678,1.819414948429018e-08,7.61478445802822e-08,7.118342385172821,Down
TXNDC17,0.9888897826129934,3.253436674302223e-05,6.862462532856071e-05,4.163520013662913,Not Significant
TXNDC5,1.9447389870265965,1.8144782562372146e-10,1.1339363494623884e-09,8.945411322738593,Up
TXNDC9,-0.014564859187110812,0.9132251497025313,0.9238632414243122,0.03439231221121133,Not Significant
TXNIP,1.35678276871635,0.007626930303069105,0.010761226487673886,1.9681382280680007,Up
TXNL1,-0.8883992723957128,2.9740147471934145e-06,7.727682373800996e-06,5.11195073676601,Not Significant
TXNL4A,-0.04439984161508903,0.6728512385350293,0.7025604661071605,0.15331629211098577,Not Significant
TXNL4B,0.11636838692468743,0.20600545647180754,0.23521466264275068,0.6285356090144635,Not Significant
TXNRD1,0.7847465491355123,1.3328744547365555e-07,4.652590872146937e-07,6.332305135685306,Not Significant
TXNRD2,0.10664679026280588,0.21630888669546905,0.2462811623610031,0.6085688053575643,Not Significant
TXNRD3,0.29593379075740245,0.009258441605102785,0.012896783839851418,1.8895185792163243,Not Significant
TYK2,1.226640058659214,1.793549358654526e-05,3.961459381514075e-05,4.4021447927159985,Up
TYMP,3.718941910474186,1.7775203004302423e-05,3.9277779132560346e-05,4.405853076326573,Up
TYMS,3.6002660146264347,1.4404215115782973e-05,3.2375739195983416e-05,4.489780307078359,Up
TYRO3,-1.3757592331187745,5.679134677183446e-12,4.625028515597901e-11,10.334885585275513,Down
TYROBP,3.5380143846732057,1.498912355317427e-09,7.885139983011885e-09,8.103190592340153,Up
TYSND1,-0.1714246974824114,0.27062215205768064,0.30355723859582173,0.5177594065243881,Not Significant
TYW1,0.9615803771528562,7.51892395247838e-21,1.7372853187446605e-19,18.760128850418408,Not Significant
TYW3,-0.5961077604480707,9.531623999284288e-05,0.00018405516612764026,3.735051988110065,Not Significant
TYW5,0.4035193607482839,0.02334424340898418,0.03068500888597425,1.5130737466140718,Not Significant
U2AF1,-2.927636204283532,0.00045850087319765695,0.0007844663377366163,3.1054256877034265,Down
U2AF2,0.7868471671044404,2.932005896253809e-11,2.1203896194444273e-10,9.673584330567587,Not Significant
U2SURP,0.06746001607192653,0.3277774527341226,0.3627807140017085,0.440355808781919,Not Significant
UACA,2.0948401111697788,2.7673450652815188e-08,1.1164691304623956e-07,6.952153280344606,Up
UAP1,0.3409152092981671,0.012342672748400783,0.016877980896890115,1.7726795090010965,Not Significant
UAP1L1,1.2667175033810274,2.132702338344325e-05,4.638351329119329e-05,4.33363635907898,Up
UBA1,0.4176273859596371,1.275022938723616e-06,3.5989299761002263e-06,5.443826603274602,Not Significant
UBA2,0.21643321801970217,0.0290767279932496,0.03767446402623749,1.4239529174367744,Not Significant
UBA3,0.10831701855002507,0.29946577086276843,0.33349600184978184,0.476909368299114,Not Significant
UBA5,-0.1735754451623528,0.03675150977531527,0.04692090246870868,1.3286336433295045,Not Significant
UBA52,0.6064231858897671,3.875746696215987e-06,9.812584121055504e-06,5.008216607122755,Not Significant
UBA6,0.5275855138880843,2.4413050540602826e-06,6.4703254708243324e-06,5.189073872866405,Not Significant
UBA7,2.3838977925588587,1.828018757187965e-07,6.200710761661219e-07,6.207558526279908,Up
UBAC1,-0.009981819219206045,0.8172712397201674,0.8368764453080876,0.07733865560503896,Not Significant
UBAC2,0.403626947247993,2.7309772558078055e-06,7.168281624546074e-06,5.14458494062499,Not Significant
UBALD1,-0.18646382312464382,0.32011434414693324,0.3548841094900633,0.44991344645483927,Not Significant
UBALD2,1.622742723035909,8.110419570052536e-07,2.386922779687679e-06,5.622161630803887,Up
UBAP1,-0.22397438896358324,4.816363495006813e-05,9.813925131209271e-05,4.008157259502312,Not Significant
UBAP2,-0.17541029938569253,0.028503754291430216,0.03699868840766241,1.431813671268437,Not Significant
UBAP2L,0.44229634844493404,1.2125530187004003e-08,5.3132923490160214e-08,7.274636287596489,Not Significant
UBASH3B,0.2321138547349495,0.11724802337634908,0.13933662704887823,0.8559347067323365,Not Significant
UBE2A,0.7890163007283348,1.7388589860230835e-08,7.29582066855333e-08,7.136925849517207,Not Significant
UBE2B,-0.7610127901290618,3.1536046770076527e-12,2.6809631659219488e-11,10.571709152800684,Not Significant
UBE2C,9.815953405191479,0.0002198314324275521,0.0003977338093166594,3.400407490292439,Up
UBE2D2,-0.123271494719571,0.3254556673796459,0.3603693551530614,0.44325214736496216,Not Significant
UBE2D4,0.31920778255968685,0.00024359139891840157,0.00043711075039258595,3.3594085122503046,Not Significant
UBE2E1,0.9042413135388649,5.872010813723883e-10,3.325162278665228e-09,8.478187154869428,Not Significant
UBE2E2,-1.0792657338882705,6.994908012616258e-09,3.2250207468693906e-08,7.491467487161454,Down
UBE2F,0.040972615163411774,0.6609282820058847,0.690827092023997,0.16063063913322434,Not Significant
UBE2G1,0.0395643350061512,0.5696480528393562,0.6034950556634424,0.21932628365591092,Not Significant
UBE2G2,0.7671598254868464,1.9063669347899027e-05,4.185863230399625e-05,4.378214965976578,Not Significant
UBE2H,0.609965273440249,1.8613331658421525e-09,9.634150475603882e-09,8.01618657473177,Not Significant
UBE2I,0.3186232814773078,7.488128463280767e-05,0.00014736355956063773,3.831609896655422,Not Significant
UBE2J1,0.6027040136105413,1.0320189490265165e-05,2.3883663892701876e-05,4.62189904913705,Not Significant
UBE2J2,0.34860235695773767,0.0046796474437471045,0.00680290980141839,2.1673052872352225,Not Significant
UBE2K,-1.3623861133752335,1.4488797676380644e-06,4.045458641681225e-06,5.393032234432458,Down
UBE2L3,-0.4674319162343039,1.2932958787199166e-07,4.5285584574989363e-07,6.344040021736976,Not Significant
UBE2L6,1.1925399430598773,4.8061456198798834e-06,1.1931274266798903e-05,4.923313170957814,Up
UBE2M,-0.42674518337275913,0.0007255909951294974,0.0011955517966854034,2.9224316035487483,Not Significant
UBE2N,-0.701040977685782,0.005698525819885463,0.008190462135757762,2.0866915930689856,Not Significant
UBE2O,-1.2543860971815626,1.3506928872634393e-20,3.030485555967013e-19,18.51848778160242,Down
UBE2Q1,-0.40160072349577547,0.0045083892465782125,0.006579387696657817,2.181814521634699,Not Significant
UBE2Q2,-0.08036496283053296,0.41709080062303294,0.45331456742652215,0.34360032450782446,Not Significant
UBE2R2,-0.13731689042076667,0.06757414861437111,0.08310853047749658,1.0803543968035403,Not Significant
UBE2S,1.43563332893992,5.264419190339157e-08,2.0027854578352216e-07,6.698365570660809,Up
UBE2T,0.4249678067080289,0.1229685058221763,0.1455681231084141,0.8369337175628071,Not Significant
UBE2V2,-1.4755603130307335,5.5293737305735834e-05,0.00011131676850878953,3.953439409588904,Down
UBE2W,-1.4438465373754923,5.5343755129011215e-14,6.106604481595389e-13,12.214200207893969,Down
UBE2Z,-0.08828413612502928,0.2084038671364861,0.2378183685470051,0.6237546045090829,Not Significant
UBE3A,-0.18953868279155373,0.05308651328479005,0.06622830152705572,1.1789563826080403,Not Significant
UBE3B,-0.11401266554088707,0.1242757942937698,0.14699475774514933,0.8326981531630512,Not Significant
UBE3C,0.33382102517472134,6.21107857287233e-05,0.0001239508826131455,3.906750376418112,Not Significant
UBE4A,-0.07991030445138492,0.16526017520869477,0.19151397734411493,0.7177995242441815,Not Significant
UBE4B,-0.7177645812954054,3.298171536132993e-08,1.3081015769686523e-07,6.883358530779226,Not Significant
UBFD1,-0.061199609531666255,0.37262116448693616,0.4085086093199907,0.3887987862777955,Not Significant
UBIAD1,0.8202963592157424,3.881809302603347e-12,3.2425660791398104e-11,10.489111164815702,Not Significant
UBL3,-0.3803620771015872,0.001581064970696287,0.002462911475923055,2.6085511976651783,Not Significant
UBL4A,-0.45768763315981786,0.0011045637264876266,0.0017665303985769727,2.752878884795427,Not Significant
UBL5,0.22772450885265627,0.1640318838323283,0.19013429958887074,0.7209395308016158,Not Significant
UBL7,-0.5753975742616504,0.0005748415257014051,0.0009654807485688488,3.015256381515527,Not Significant
UBLCP1,-0.6972922439124645,0.0020847308784034736,0.003189790229197538,2.4962378765972066,Not Significant
UBN1,-0.06765779408183548,0.14729942464495907,0.17216549528638098,0.7640538837085046,Not Significant
UBN2,-0.144618462265651,0.3565866257801581,0.39233875798485285,0.4063387870845516,Not Significant
UBOX5,-0.09152067718643053,0.12400303672925242,0.14674105391877,0.833448366074503,Not Significant
UBP1,-0.3121281671930447,8.850184692526889e-05,0.00017181877161787605,3.764929390186334,Not Significant
UBQLN1,-0.7968801146493583,4.960784292929916e-06,1.227885527444127e-05,4.9108421194462055,Not Significant
UBQLN2,-1.3275306277799714,5.1906577610103745e-09,2.4572690923129e-08,7.609547281897005,Down
UBQLN4,-0.5752960292928329,2.5041069123477566e-07,8.270941978685672e-07,6.082445025774132,Not Significant
UBR1,-0.15007117865108555,0.06589627527384861,0.08113408422253128,1.0907966614477262,Not Significant
UBR2,-0.19287847473096065,0.04583121887697471,0.057705749152186375,1.2387809164683892,Not Significant
UBR3,-0.9343092985030204,2.0888840058252023e-06,5.628916800352366e-06,5.249575170493271,Not Significant
UBR4,0.02187220472295337,0.7681544694584145,0.7918939956328355,0.10133294996717995,Not Significant
UBR5,0.39832917234491916,0.0026993114129081845,0.004067743182294249,2.390646474144884,Not Significant
UBR7,0.2535103116383688,0.03843194314226053,0.048970831674061806,1.3100625202744365,Not Significant
UBTD1,1.0059608382813998,1.0662437593453034e-05,2.4579724557539102e-05,4.609422988162791,Up
UBTD2,0.854616430908564,2.8560588288858797e-10,1.7177275607281403e-09,8.765045716089688,Not Significant
UBTF,0.22315818530261922,0.014138022314405304,0.019181154162775695,1.7171252641390793,Not Significant
UBXN1,0.5921964612951847,9.07304772806933e-06,2.1256251816876844e-05,4.672513313601907,Not Significant
UBXN2A,0.1603447021189659,0.048335103693137135,0.06063766743851039,1.2172575131488819,Not Significant
UBXN2B,-0.206459979182803,0.04372072395961379,0.05523483485943683,1.2577869401029045,Not Significant
UBXN4,0.4454869864642248,2.04189854311957e-06,5.51476834407146e-06,5.258472726016992,Not Significant
UBXN6,-0.3560120314467028,0.0007457865718674234,0.0012261567566996163,2.911454004354518,Not Significant
UBXN7,-0.19551167904078426,0.0067410297587947934,0.009579508222612321,2.0186567854608937,Not Significant
UBXN8,0.4316684818248042,0.0028584731186936797,0.004288986922508211,2.3676452779603157,Not Significant
UCHL1,-2.324323194185439,1.7428540242281646e-07,5.937609550245022e-07,6.226388364461309,Down
UCHL3,-0.026436959818791905,0.7766223402495805,0.7995598830530684,0.09714900420593922,Not Significant
UCHL5,-1.0448692202244274,7.807140945190557e-05,0.00015298412348152047,3.8153536374316634,Down
UCK1,0.32620671737640805,3.7712281726073973e-06,9.571171684875479e-06,5.019034893453243,Not Significant
UCK2,0.1880059360033357,0.012785191551170555,0.017442852070218333,1.7583825023686008,Not Significant
UCKL1,0.5942377621603043,0.005058841223156075,0.007323288760177367,2.1352938411220364,Not Significant
UEVLD,0.7655072826555838,2.3172925344499135e-06,6.18120965052295e-06,5.208926526021322,Not Significant
UFC1,0.48773455878608374,0.0009946890941538852,0.0016027667841500704,2.795129666495023,Not Significant
UFL1,0.15934159835898853,0.12816959418842405,0.15122751134389598,0.8203691946947056,Not Significant
UFM1,-0.07427679698573897,0.5120984439718227,0.547071020633313,0.2619562899974824,Not Significant
UFSP1,1.6001407361747564,9.410377495905165e-08,3.3808895468526617e-07,6.470969017337148,Up
UFSP2,0.45776144712646527,0.002926591733878025,0.00438466465304688,2.35806361664241,Not Significant
UGDH,1.1731216162195999,8.700154545147954e-14,9.363820180322702e-13,12.028546934941607,Up
UGGT1,0.8146016434549388,1.0565001847956386e-08,4.6989769808526547e-08,7.32799668247506,Not Significant
UGGT2,-0.16159340491945784,0.06359371027566264,0.07847170961747005,1.1052868855665647,Not Significant
UGP2,-1.2546926338012447,2.0785826256176734e-10,1.2870093036553437e-09,8.890418313614981,Down
UGT8,-1.2458647185446985,0.010190383830312852,0.014107176955692136,1.8505598859784702,Down
UHRF1,4.456012570915721,2.525699836716017e-08,1.0255501876290671e-07,6.989043081588124,Up
UHRF1BP1,0.42778488968788864,4.387452194805785e-05,9.003706133728554e-05,4.045578688103194,Not Significant
UHRF1BP1L,-0.9065478880218762,8.509630739408165e-05,0.00016571819073805887,3.780629816845906,Not Significant
UHRF2,0.5679597772164584,0.002039660202158464,0.003127955073305582,2.5047394933217793,Not Significant
UIMC1,-0.13820436105979894,0.02280644327988855,0.030021182490735297,1.5225722055275541,Not Significant
ULBP2,0.01359961423227496,0.9409249624101516,0.94807742261651,0.023156195528848986,Not Significant
ULK1,-1.5101054579075104,7.705496521761301e-08,2.8176105974672723e-07,6.550119027925313,Down
ULK3,-0.1960935437776108,0.12815777204694817,0.15122751134389598,0.8203691946947056,Not Significant
UMAD1,0.07354088401657322,0.2542926935358084,0.28622844633293115,0.54328720680438,Not Significant
UMPS,0.40378413281654346,0.00012723165767374934,0.00024056526265115445,3.6187670840954467,Not Significant
UNC119,-0.5733201696358705,0.0002491908755403678,0.00044628424536776265,3.350388444261003,Not Significant
UNC119B,0.7949717501980977,6.66783664009051e-11,4.5264006948970215e-10,9.344247003213807,Not Significant
UNC13A,-3.7245168170590794,1.8183741993953247e-32,1.0374868675776576e-30,29.98401739184445,Down
UNC13B,-0.2712246620022718,0.06848213533159128,0.08410203965993546,1.0751934714754126,Not Significant
UNC13D,1.567982148791975,0.0004850748410115662,0.0008264238032048905,3.0827971824714235,Up
UNC45A,0.9284743681958538,3.082002497567918e-06,7.973316168592504e-06,5.098361014339775,Not Significant
UNC5A,-4.858144314002182,9.615303680057217e-39,1.1263322008476326e-36,35.948333499611714,Down
UNC5B,0.6816593777467759,0.0008749420415273665,0.0014211812522326168,2.8473505302184723,Not Significant
UNC5C,-1.9474987479054153,5.819895720912054e-12,4.724385938152138e-11,10.325654631811375,Down
UNC93B1,2.349003548446168,1.6432570127492718e-09,8.581737245430878e-09,8.066424786774496,Up
UNG,0.5149750760573184,0.0016632024177736667,0.0025804868560991715,2.588298348699489,Not Significant
UNK,1.0103261567669506,4.0090912568008705e-07,1.2668627766942273e-06,5.897270424226247,Up
UNKL,-0.26737685671315603,0.14558050137475312,0.170274929855946,0.7688492899511347,Not Significant
UPF1,0.06023076607433708,0.45239126267737917,0.48830918035057513,0.31130511078014367,Not Significant
UPF2,-0.8860055877374542,3.132273245160238e-07,1.0159214639969168e-06,5.993139863972463,Not Significant
UPF3A,0.30008408428035693,0.0465352800418325,0.05850448161006123,1.2328108644482436,Not Significant
UPF3B,0.1434759686341991,0.19108576485638593,0.2192480632304364,0.659064234368076,Not Significant
UPP1,0.5072341910268676,0.06242512564249577,0.07712419864146461,1.1128093354695352,Not Significant
UPRT,0.25757723941043054,0.021383359606559828,0.028269811637333817,1.548677085218972,Not Significant
UQCC1,-0.05352375410964072,0.28063602794710346,0.31388113084702124,0.5032347913892493,Not Significant
UQCC2,-0.12739726484747393,0.24410866381808652,0.27556596585649973,0.5597744215737175,Not Significant
UQCC3,0.6915265819297041,2.9885201489285066e-06,7.761369420032424e-06,5.11006164483807,Not Significant
UQCR10,-0.16311799581929876,0.2994975509961263,0.33349600184978184,0.476909368299114,Not Significant
UQCR11,0.29251858351083015,0.03161184256709289,0.04074023635744266,1.38997645573754,Not Significant
UQCRB,-1.0505420866796236,3.637800228854545e-05,7.595274508907913e-05,4.119456525217979,Down
UQCRC1,0.006164938497462913,0.9677911757917207,0.9727155846478893,0.012014125892421634,Not Significant
UQCRC2,-0.5480527612491102,0.0011726148992262455,0.0018676557304039838,2.728703175303553,Not Significant
UQCRFS1,-0.26117185134818044,0.21940593923380405,0.24949717031734303,0.6029343755818031,Not Significant
UQCRH,-0.6279590209404482,0.017050341962722298,0.022877616533359672,1.6405892237745243,Not Significant
UQCRQ,0.17566484767278823,0.31021314068076156,0.3447040788901381,0.46255357754650994,Not Significant
URB1,0.9563071413806199,5.505646330813522e-16,7.618664991293327e-15,14.11812112284797,Not Significant
URB2,1.0758143341360782,1.7568905022984781e-15,2.2955791076724862e-14,13.63910773647075,Up
URGCP,-0.3146794593435942,1.2864624342199916e-05,2.918878955480224e-05,4.534783914623837,Not Significant
URI1,-0.043398010591037206,0.3943826103739689,0.4305852841559946,0.3659408168698414,Not Significant
URM1,0.6559775033735313,2.00973841145676e-07,6.757711868162684e-07,6.170200329390757,Not Significant
UROD,0.5628570878722137,0.0020943924700621446,0.003203113669865803,2.494427649122775,Not Significant
UROS,-1.0275949519489664,9.990846358792005e-07,2.8764728842089357e-06,5.541139715604738,Down
USB1,0.08127765475641269,0.6542590843944363,0.6842821860661908,0.16476476585471278,Not Significant
USE1,0.4467239577975235,0.0004926359950107755,0.000837464565261315,3.077033559738336,Not Significant
USF1,0.6291128745700512,3.512065402208983e-07,1.1239472170935554e-06,5.949254083663099,Not Significant
USF2,-0.016179664636862157,0.8430412059126915,0.8600300869229827,0.0654863553191436,Not Significant
USO1,0.0025637195958516656,0.9798665173387063,0.9831847904053912,0.007364848484196416,Not Significant
USP1,0.47837201172085386,0.0001204513460274736,0.00022847427224266035,3.6411626973539666,Not Significant
USP10,0.24400560336934163,0.006108936763658365,0.00873919752301823,2.0585284446339696,Not Significant
USP11,-1.1915074083407475,2.002959309303853e-06,5.42378736699373e-06,5.265697344795752,Down
USP12,-0.9948448103816254,2.558767950623952e-06,6.749680108558705e-06,5.17071680944747,Not Significant
USP13,0.051223779313627205,0.5751607530626114,0.6088870771703181,0.2154632431784845,Not Significant
USP14,-0.7314986209749037,2.9243181763361426e-05,6.216413021399093e-05,4.206460138519305,Not Significant
USP15,-0.06053336285146571,0.4680802310789112,0.5036787276104413,0.29784639076724156,Not Significant
USP16,0.317901562308851,0.003935705033960877,0.005788916996951654,2.237402677419603,Not Significant
USP19,0.31273299711237,5.800728822432412e-06,1.4159569216666856e-05,4.848949959193592,Not Significant
USP2,-1.2864415606449526,1.1340902919566365e-22,2.990792042191402e-21,20.524213783581384,Down
USP20,-0.6987678392471643,4.0635932813722025e-20,8.709923131179481e-19,18.059985677811152,Not Significant
USP22,-0.41199966706708935,5.955649449771238e-05,0.0001191644545220677,3.9238532706618057,Not Significant
USP24,0.24845401599440464,9.669220947635974e-05,0.00018653338151375872,3.7292434367242637,Not Significant
USP25,-0.854972232374891,3.111372489089392e-07,1.0103557755748047e-06,5.995525671601741,Not Significant
USP28,-0.034956975134399215,0.853173385431226,0.8691342587556042,0.060913131108355244,Not Significant
USP3,1.689405626958857,1.5575008394516358e-07,5.362359349499582e-07,6.2706440858631245,Up
USP30,-0.3132192721439466,0.0001600475589235857,0.00029665484978770975,3.5277485473136365,Not Significant
USP31,-1.071893533658411,3.609080116998964e-07,1.1523890047114917e-06,5.938400894105532,Down
USP32,-0.485125027433817,0.0032359523798128954,0.004814500705100444,2.317448745354242,Not Significant
USP33,-0.8149877241837196,2.7187292194706804e-05,5.806334143936323e-05,4.236097974930108,Not Significant
USP34,-0.13637322000031205,0.022565337357842406,0.029723222874333734,1.5269041020227292,Not Significant
USP35,-0.38854848160222133,0.00015223170377255273,0.00028321000624278786,3.5478914064227447,Not Significant
USP36,0.40159491020584426,0.01982459544490213,0.026347358115032197,1.5792629255590203,Not Significant
USP38,0.7016632252865769,6.32712745729459e-08,2.362471534647357e-07,6.626633415589093,Not Significant
USP39,0.7988403258187127,4.0077816489294984e-14,4.5313571640085036e-13,12.343771705147063,Not Significant
USP4,0.3665881040385557,0.005787429697394867,0.008309534339564025,2.0804233130900402,Not Significant
USP40,0.9619982343703484,0.0007640669442456091,0.001254230144424029,2.9016227655127564,Not Significant
USP42,0.4554836402899962,0.0004853356266352701,0.0008267282892667756,3.082637201283255,Not Significant
USP46,-1.5107904511974368,5.4393633570397e-26,1.883029087931888e-24,23.7251429712044,Down
USP47,0.21794825203632584,0.00994026594722508,0.013785550544100422,1.8605758850902756,Not Significant
USP48,-0.03755635655221923,0.692575077486184,0.7210625600037017,0.1420270538856494,Not Significant
USP5,-0.3091303255939053,0.047004815236219126,0.059050568486054555,1.2287759170315316,Not Significant
USP53,0.3701958923455777,0.011638014828863582,0.015990365710034333,1.7961416035437185,Not Significant
USP54,-0.38477209092905795,0.09846587503302172,0.11813090688134581,0.9276364619803663,Not Significant
USP6NL,0.7116420117799436,1.8580634478304956e-10,1.156868428519432e-09,8.936716030864321,Not Significant
USP7,-0.23711682253183497,0.04800572736102408,0.060255382187260974,1.2200041545650313,Not Significant
USP8,0.18928755239591055,0.000159408792822743,0.00029557963903852617,3.529325485560601,Not Significant
USP9X,0.1902127989075879,0.062277814815354576,0.0769610778275125,1.1137288587033085,Not Significant
USP9Y,0.03949776221336876,0.9878043042345065,0.9902617733962005,0.004249985489579503,Not Significant
UST,0.8549391595955633,0.00038835131316130634,0.0006735969574357783,3.1715998831649337,Not Significant
UTP14A,0.5269366910916169,1.8559855658722226e-06,5.046477352387792e-06,5.297011671435823,Not Significant
UTP15,0.47413548525101845,3.8227653879018034e-05,7.937044212226456e-05,4.100341200509218,Not Significant
UTP18,0.02615950337823847,0.7513560809969984,0.7763242215347447,0.10995686351482747,Not Significant
UTP20,1.222464023374112,2.6213537567684022e-12,2.253201172840007e-11,10.647200031376945,Up
UTP23,-0.3890101552741996,0.0009494394467787988,0.0015355037705650377,2.8137491127711702,Not Significant
UTP3,0.04514855670693052,0.5550559270969969,0.5894616708386198,0.22954442921939447,Not Significant
UTP6,0.5913968250394355,0.0001105767520340956,0.0002114559984797796,3.674779990490041,Not Significant
UTRN,1.055312785931239,2.961271316763333e-05,6.285682099678428e-05,4.201647587341135,Up
UVRAG,-0.4736445280194239,8.18331059065066e-06,1.942475751418821e-05,4.711644393937978,Not Significant
UVSSA,0.6197626377670318,0.005600168433979578,0.008057140360455623,2.0938190706068647,Not Significant
UXS1,-0.4297593595657716,5.02931541681071e-08,1.9213243651479365e-07,6.716399309733776,Not Significant
UXT,1.0911130560308209,5.5749642669850855e-12,4.5475457510613567e-11,10.34222292297728,Up
VAC14,0.39020119347639337,0.0011959807237078444,0.0019024648366702708,2.7206833615645882,Not Significant
VAMP1,-2.7436608043643,3.553194241296156e-09,1.7342480032372807e-08,7.760888796862179,Down
VAMP2,-2.951200998873059,1.9308939210716447e-17,3.077820468492998e-16,15.511756716478803,Down
VAMP3,0.8898192495691326,1.590682767033646e-05,3.551537720544537e-05,4.449583568367021,Not Significant
VAMP4,-1.2299948161375838,5.028816659564443e-09,2.3896367466251038e-08,7.621668111991722,Down
VAMP5,2.5444046129594415,2.0154367932148403e-06,5.455000068470258e-06,5.263205239624447,Up
VAMP7,0.017593280739770734,0.911223994796316,0.9220239577720056,0.03525779413834257,Not Significant
VAMP8,3.046498632943523,4.888243865083365e-11,3.377514999783938e-10,9.471402713569017,Up
VANGL1,1.8410533952846588,2.0630294798498414e-08,8.545624580595108e-08,7.068256190170498,Up
VANGL2,2.288569886154617,4.808633959128069e-09,2.298016058076668e-08,7.638646940874139,Up
VAPA,-0.38312096066470147,0.007889158790358453,0.011107285301278545,1.9543920727187511,Not Significant
VAPB,-0.9221066059097502,4.703081883930836e-06,1.1707152680681801e-05,4.931548717688596,Not Significant
VARS,0.5200268314495915,4.653142356946628e-06,1.159716875405253e-05,4.9356480232361575,Not Significant
VARS2,0.6113826258821753,0.005395013335390959,0.00778309671211922,2.1088475730102094,Not Significant
VASH1,1.3965510344475156,1.6288323081597736e-06,4.485745399781728e-06,5.3481653795733175,Up
VASN,0.16163498231900775,0.6115650769623984,0.6436383812493942,0.19135806608354688,Not Significant
VASP,2.0939827657047285,1.2858465979202013e-07,4.507174191874777e-07,6.346095657125799,Up
VAT1,2.002044764389968,1.0578134788984395e-15,1.4227520676132014e-14,13.846870774581102,Up
VAT1L,-2.128630698617144,2.5448276578619674e-06,6.716424895284638e-06,5.17286183727483,Down
VAV1,2.1618788667718896,2.4308170257546402e-08,9.894161906041311e-08,7.004620987207636,Up
VAV2,0.9880419090991133,9.44580526371132e-05,0.00018259232056727612,3.7385174918914754,Not Significant
VAV3,1.4648555128833909,2.091901997257908e-06,5.633205217956741e-06,5.249244427106072,Up
VAX2,3.1689809336799666,3.034041560982719e-11,2.1800951986690383e-10,9.661524541554138,Up
VBP1,-0.03264117061629079,0.8482839080264838,0.8647654411514671,0.06310167453244428,Not Significant
VCAM1,4.3327385211176725,8.334071305439176e-06,1.9745398478596956e-05,4.704534097414417,Up
VCAN,2.445335412663564,7.494136246672749e-14,8.17940721007381e-13,12.08727817001115,Up
VCL,1.6859043988550617,1.0326057391345157e-07,3.673037943046827e-07,6.434974585302745,Up
VCP,0.466948994348261,0.0014162052814563652,0.002225717941558724,2.6525298733283957,Not Significant
VCPIP1,-0.9131318964228825,5.4359882532064564e-05,0.00010969981102324087,3.9597941205714546,Not Significant
VCPKMT,-0.7376180240214794,5.534221217948597e-05,0.00011136984528488646,3.9532323836611223,Not Significant
VDAC1,-0.31709552393402163,0.14280264330693135,0.167297805404585,0.7765097560306123,Not Significant
VDAC2,-0.5873839416517157,0.004497488291041237,0.006565381400369428,2.182740039526595,Not Significant
VDAC3,-0.5550674755167755,0.016564002294083547,0.022251734779383605,1.6526361250990251,Not Significant
VEGFA,4.146939564519059,2.866382699929788e-06,7.482751831845734e-06,5.125938658070726,Up
VEZF1,1.4574123136214503,1.340268928226042e-07,4.6719270529235804e-07,6.330503946880264,Up
VEZT,-0.5890249071959737,1.2232742648334065e-07,4.302815972043204e-07,6.366247227943759,Not Significant
VGF,-0.7675609869557398,0.21102852522411736,0.24070441158375888,0.6185159499870163,Not Significant
VGLL4,1.153605253462782,3.995291652416307e-09,1.9350273128097056e-08,7.713312900557821,Up
VHL,0.36296586363169325,5.962818832783646e-08,2.2447472691129465e-07,6.648832548116432,Not Significant
VIM,3.65790653788531,4.28415386930143e-09,2.0650031616910334e-08,7.6850792790662155,Up
VIP,-4.654177075228356,8.662123904668496e-09,3.923661700343095e-08,7.40630844471917,Down
VIPAS39,0.23447400516413808,0.0010605257247980366,0.0017015028112144321,2.769167329028409,Not Significant
VKORC1,1.5739088671590569,3.819781606536551e-14,4.328512925112398e-13,12.363661281324095,Up
VKORC1L1,-0.2338346023279989,0.11598001759875048,0.13794364785003688,0.8602982934971831,Not Significant
VLDLR,-0.07493243516085002,0.7440476494424562,0.7700087856317321,0.1135043195942533,Not Significant
VMA21,0.18392403702660332,0.27540287667086605,0.30842063158178884,0.5108565778246326,Not Significant
VMAC,1.4458841257584876,0.00016415868849386153,0.0003036604164317226,3.517611816727396,Up
VMP1,2.2339734593876592,1.2964080851724773e-37,1.374738426318688e-35,34.861779927879645,Up
VNN1,3.1697656051903174,7.14603209011055e-06,1.7119887580445583e-05,4.7664990914902,Up
VNN2,2.143147118434017,0.0017527218246613469,0.002710194882830147,2.566999479053755,Up
VPS11,0.10253080908949741,0.3448039538155861,0.3802052354135524,0.41998190720870887,Not Significant
VPS13A,-1.2577821251285108,3.5197096374094495e-09,1.7204053802650555e-08,7.7643692079362605,Down
VPS13B,0.4614536450742328,0.00028458724626827714,0.0005048910695011331,3.2968023110250115,Not Significant
VPS13C,0.09386705721058775,0.3454970763980546,0.38092782616110343,0.4191573016713631,Not Significant
VPS13D,-0.5440625900750078,1.9914418418212056e-07,6.700663030897404e-07,6.173882221715108,Not Significant
VPS16,0.49855407823123343,9.888495653046073e-06,2.2974332382100126e-05,4.638757100049911,Not Significant
VPS18,0.2154773208870573,0.04501517850662883,0.05672790946657228,1.2462032207339186,Not Significant
VPS25,0.9495675431473813,1.2418533476353753e-06,3.511207023317084e-06,5.454543563461556,Not Significant
VPS26A,-0.9515550345511308,6.569849822153578e-10,3.6954029652917447e-09,8.43233819703627,Not Significant
VPS26B,-0.37675712912095705,4.207597205693463e-07,1.3254325906865523e-06,5.877642354869627,Not Significant
VPS28,0.35669540021470425,5.0845375130285024e-12,4.1711425819421115e-11,10.37974496443556,Not Significant
VPS29,0.02927887375096816,0.836459688997668,0.854094355053974,0.0684941484963508,Not Significant
VPS33A,-0.0849808694122185,0.17488386882814264,0.20206217393906514,0.6945149788502036,Not Significant
VPS33B,-0.35037414516722265,0.0006288386507627961,0.001049436676537998,2.979043761807467,Not Significant
VPS35,-0.4203478318053264,0.05371073754352059,0.06697387919463132,1.1740945455608858,Not Significant
VPS36,-0.596863565350187,5.615649774689297e-05,0.00011296337026801113,3.9470623589005847,Not Significant
VPS37A,-0.07756216674210137,0.1432522467837743,0.16770751122600144,0.7754474859272886,Not Significant
VPS37B,1.077813362606694,8.592338090447072e-08,3.1158824306394456e-07,6.506418937613022,Up
VPS37C,0.04948343918007225,0.47783455931736174,0.5130704095053649,0.2898230318445364,Not Significant
VPS39,-0.10212195618871434,0.1486299638160662,0.17357967255773832,0.7605011352246329,Not Significant
VPS41,-0.3575278661368486,0.016022541492682382,0.02158479312614099,1.6658521093707417,Not Significant
VPS45,0.1757065204921915,0.013452075196284358,0.018293224288251704,1.7377097408229922,Not Significant
VPS4A,-0.30632198668289945,0.00043342258611915325,0.0007448480267083503,3.127932328452643,Not Significant
VPS4B,-0.028700664823183786,0.7804529332430696,0.8027652490801188,0.09541143595959262,Not Significant
VPS51,-0.050280893556347905,0.47532241226836075,0.5107624513270898,0.2917810373695538,Not Significant
VPS52,0.13695773170346826,1.2404917485065593e-05,2.82522909281371e-05,4.548946330247784,Not Significant
VPS53,-1.331004945921464,3.5021200536863484e-15,4.448973193043667e-14,13.351740211053098,Down
VPS54,0.45053650343421126,0.0005357438349417799,0.0009043370296922739,3.0436696858327323,Not Significant
VPS72,0.4591138460203972,8.75807381786218e-05,0.00017019451319665046,3.7690544449966006,Not Significant
VPS8,-0.014964704314284205,0.8244325028387094,0.8431810186393055,0.07407917868868606,Not Significant
VPS9D1,-0.6519991801791498,2.597675332685764e-05,5.5737979342867705e-05,4.253848779722987,Not Significant
VRK1,-0.6881095757146269,2.4820375212497966e-05,5.338182320467645e-05,4.272606597386119,Not Significant
VRK2,-0.22311519836594407,0.41640224613706917,0.45266388557082493,0.3442241530040927,Not Significant
VRK3,0.3588947449048696,0.0027326907549474816,0.004112507718156697,2.385893273978208,Not Significant
VSIG4,4.19743210875834,1.4808795064190224e-07,5.124830006068441e-07,6.290320535862622,Up
VSNL1,-6.47103618640295,3.339745652295533e-22,8.517619671196253e-21,20.069681755949098,Down
VSTM2A,-5.996898115392721,1.847660101470569e-18,3.28857382724638e-17,16.4829924039474,Down
VSTM2B,-4.475847704791999,3.708057943648527e-19,7.128812161128866e-18,17.14698282847118,Down
VSTM2L,-4.564665700959301,2.1250242064556654e-19,4.2223853759042156e-18,17.374442131286376,Down
VTA1,-0.3716187523754506,0.0682619451444361,0.08388275620700773,1.076327307989375,Not Significant
VTI1A,-0.9616525524359787,1.9190348465594693e-13,1.9868815050606467e-12,11.701828032856374,Not Significant
VTI1B,-0.573163058116755,7.0201684112484034e-06,1.6855841298388268e-05,4.7732495663628605,Not Significant
VTN,-0.9510336785620126,0.0014530861552191692,0.0022783486268759395,2.6423798205800333,Not Significant
VWA1,1.097848918969607,0.0006305030464536682,0.0010517780576211712,2.9780758937559204,Up
VWA5A,0.7249700568930386,0.0002278110043231938,0.00041121090441710345,3.385935377316805,Not Significant
VWA7,-3.5594047840877927,1.318221512440923e-19,2.677371676679407e-18,17.57229133522834,Down
VWA8,-0.7470781179226762,1.9734508651935104e-11,1.4726328900710682e-10,9.831905504133076,Not Significant
VWC2,-4.140386164066525,1.7592854690907842e-17,2.825166050957985e-16,15.548956021155897,Down
VWC2L,-3.197113232480307,1.6663451180293684e-25,5.521960762838111e-24,23.25790668363363,Down
VWF,0.9439158659034561,0.002414821776180645,0.0036647958079608044,2.4359502180068398,Not Significant
WAC,-0.9100481742741131,6.621264112415204e-12,5.308929066128854e-11,10.274993077332534,Not Significant
WARS,0.5250442806157132,0.0042496454216668705,0.006224327999109051,2.2059075296993096,Not Significant
WARS2,0.8855641426762251,8.35207496067945e-07,2.451289745389304e-06,5.610605351584917,Not Significant
WAS,1.8190565088816903,7.380047432247413e-07,2.195705783593043e-06,5.65842585416841,Up
WASF1,-3.022411821597718,2.138380937198925e-11,1.5828104012742082e-10,9.800571104475537,Down
WASF2,1.265987227901249,0.00011399873210754619,0.00021735974993610045,3.6628208742287107,Up
WASF3,-1.9118348206541427,4.196806262028191e-13,4.120723809324756e-12,11.385026492999282,Down
WASL,-0.7393147332721526,2.6652795506608986e-05,5.706587492155211e-05,4.243623519838568,Not Significant
WBP11,-0.1591090159735522,0.12631715573757385,0.14921658382977473,0.826182906987226,Not Significant
WBP2,-1.357955667366216,3.5016874113875036e-09,1.7124271350639667e-08,7.76638789896715,Down
WBP4,-0.5504428287135283,0.0005149595134614324,0.0008724692463186125,3.059249872551611,Not Significant
WDFY1,0.1978438250220229,0.005663293316776562,0.008142145978765104,2.0892611155154706,Not Significant
WDFY2,1.083107218200091,0.00011458525486005738,0.00021829271132001095,3.6609607649154374,Up
WDFY3,-0.2796330453571869,0.0005833654116621658,0.0009781249518154543,3.0096056621677403,Not Significant
WDFY4,2.097350883845081,1.6137098296173052e-09,8.444941726527133e-09,8.07340334288812,Up
WDHD1,0.9972659752720965,1.1861546485863858e-07,4.176624232736543e-07,6.379174596075548,Not Significant
WDR1,1.8882996722950516,6.352023191509391e-15,7.870883349479164e-14,13.103976524022642,Up
WDR11,0.4066603128178201,0.001262381627096676,0.0020008232396746244,2.6987912768933895,Not Significant
WDR12,-0.4381871260823935,0.0017240040130319292,0.002669887229405635,2.5735070819617,Not Significant
WDR13,-0.6366934351632629,7.201075051291798e-07,2.150715388873809e-06,5.66741705740415,Not Significant
WDR17,-1.9824633542587264,4.5293327490844675e-14,5.075472537739369e-13,12.29452351775383,Down
WDR18,1.2444960122956488,7.177528947609361e-11,4.83978759158077e-10,9.315173698237537,Up
WDR19,0.19967172556802737,0.2968456676440563,0.3309820980460678,0.4801954954389681,Not Significant
WDR20,-0.000852093203182136,0.9924548920109427,0.9940336629666173,0.0025989079637566918,Not Significant
WDR24,0.19744078525654984,0.08178508805134188,0.09932525340918844,1.0029403182527474,Not Significant
WDR26,0.1154314319588643,0.08370966209573905,0.101454660244523,0.9937279991777387,Not Significant
WDR3,0.7924914570709198,3.930588965529799e-05,8.144128597027395e-05,4.08915537737735,Not Significant
WDR33,0.1861612406366291,0.041414546814600085,0.05255197690014879,1.2794109420396,Not Significant
WDR34,1.8434991918346881,1.1371396527781652e-09,6.122685655845663e-09,8.213058037058806,Up
WDR35,0.9860312532690401,1.293892396891907e-12,1.1817472353843219e-11,10.927475405025673,Not Significant
WDR36,0.3775477087695087,0.0017783323992981825,0.0027476872071364863,2.561032708274229,Not Significant
WDR37,-1.8369840154888593,2.0068947124947867e-16,2.9173820106309496e-15,14.535006699350491,Down
WDR4,0.6520358282014627,0.0007523629427833374,0.0012364281053180001,2.907831131523816,Not Significant
WDR41,0.4136124392686007,0.0003353742546136629,0.0005881894569947841,3.2304827642730567,Not Significant
WDR43,0.8472333019160878,3.267591427353711e-08,1.2980171939732367e-07,6.886719554686465,Not Significant
WDR44,-0.21232523122052527,0.01445473563676455,0.019587975088077223,1.7080104569877728,Not Significant
WDR45,0.3856973878855463,1.160278475997584e-12,1.0664822415328158e-11,10.972046371783719,Not Significant
WDR45B,0.5860703064942285,1.8575099993639689e-07,6.283598298721498e-07,6.20179158655773,Not Significant
WDR46,0.7774012296710744,1.8609917510084984e-06,5.058723934068972e-06,5.2959590203704145,Not Significant
WDR47,-1.8570363804478731,4.680688984756854e-06,1.1657172022853041e-05,4.933406794674145,Down
WDR48,-0.3597766958154871,2.816850743090012e-05,6.005704631934133e-05,4.2214360307576655,Not Significant
WDR5,0.17382138897294297,0.000850286962335899,0.0013840347162016233,2.858853016190168,Not Significant
WDR53,0.5129150199231081,1.9327938084762047e-05,4.239269502849833e-05,4.372708973174629,Not Significant
WDR54,0.4732117086620313,0.018267350055281746,0.024400064234541014,1.6126090303551235,Not Significant
WDR55,0.8758878988375667,4.386680650551777e-08,1.6944102285931973e-07,6.77098143553677,Not Significant
WDR59,0.059750155585888365,0.6798824140019261,0.7091670572225516,0.14925144678622992,Not Significant
WDR5B,1.6491003357607585,5.548875522952413e-09,2.610900140972565e-08,7.583209738308777,Up
WDR6,1.1880522849708655,9.389411871766467e-07,2.7212006673238028e-06,5.565239431208821,Up
WDR60,0.3266235271453972,0.09591415355374056,0.11527549306852569,0.9382630114943111,Not Significant
WDR61,0.4343379093766231,0.00044668127980088156,0.0007660652388004905,3.115734243886196,Not Significant
WDR62,2.5040239511928437,1.418622143363669e-33,9.04506295711747e-32,31.043588405936998,Up
WDR7,-1.368848879603533,3.875681713427067e-07,1.2285593952506065e-06,5.910603842516384,Down
WDR70,0.4619857682873736,0.00039054210528878015,0.000676930689724565,3.1694557960284713,Not Significant
WDR73,1.2331220979264863,2.7873300049708268e-08,1.1231824988030443e-07,6.949549672248174,Up
WDR74,0.6881510707179892,3.5883894837324656e-09,1.749730670819015e-08,7.757028795415923,Not Significant
WDR75,0.19779796963690188,0.036096058718555646,0.046187183479071456,1.3354785204724915,Not Significant
WDR76,1.980965293459537,1.6570039495536566e-09,8.64456643594176e-09,8.063256783674023,Up
WDR77,0.877995450523354,7.46829393476346e-07,2.216723426600091e-06,5.654288489020941,Not Significant
WDR81,0.7451999913535481,1.3313096729676842e-08,5.775888736208635e-08,7.238381181386485,Not Significant
WDR82,-0.21427194902700109,0.0683239012361193,0.08393841232349583,1.0760392496309121,Not Significant
WDR83,0.15873641064758814,0.015769065295357543,0.021268920040893275,1.6722545614460302,Not Significant
WDR89,-0.3178812687965724,0.003249539226814485,0.004831860984638984,2.315885569103951,Not Significant
WDR91,0.8017474210858495,7.750908688472934e-07,2.2904856006945244e-06,5.6400724341033825,Not Significant
WDR92,-0.20245046369562658,0.3419726984237588,0.3772897781098397,0.423324960954922,Not Significant
WDSUB1,-0.19543428324980994,0.10966298106057677,0.13087843516221426,0.8831319062497556,Not Significant
WDTC1,-0.9575207023964651,1.607745549707341e-07,5.516494777844602e-07,6.258336788607308,Not Significant
WDYHV1,0.0216182149116122,0.8313490516258114,0.8497372510225674,0.07071534260496071,Not Significant
WEE1,4.803353566717085,2.5307474242786505e-12,2.1846400644544236e-11,10.66062010601523,Up
WFS1,-0.6710915147148881,4.3665885501808883e-07,1.3695209543749152e-06,5.863431318430263,Not Significant
WIPF1,1.767094409094895,3.185506553674203e-06,8.215768822763421e-06,5.085351789519189,Up
WIPF2,-1.08742957106438,1.92690104571122e-15,2.5079588029063088e-14,13.60067960173981,Down
WIPF3,-2.54714223687297,8.480328627163851e-18,1.4191167872101103e-16,15.84798186250318,Down
WIPI1,1.1236881537806376,9.39072279451684e-06,2.191386180958134e-05,4.659281081371191,Up
WIPI2,0.052005778798307034,0.424438966073836,0.4605059929162977,0.3367647136244762,Not Significant
WIZ,-0.22470532434912727,0.13712074141249417,0.16111498601205992,0.7928640620658891,Not Significant
WLS,1.4718359798480556,1.946948595844616e-06,5.283825472666665e-06,5.2770515357792345,Up
WNK1,-0.37449014495002686,0.027358277501612308,0.03560817668620703,1.4484502637700643,Not Significant
WNK2,-4.673326029911786,6.713575958609185e-33,4.049854144133469e-31,30.392560617659072,Down
WNK3,0.3733216133107753,0.0008572962393710773,0.001394317454863454,2.8556383358510438,Not Significant
WNT5A,1.8839224885447852,5.4458809131081e-16,7.546327966802064e-15,14.122264324091661,Up
WRAP53,1.2023843107247103,1.0263377279540038e-16,1.5501238787719094e-15,14.809633593625007,Up
WRAP73,0.7867473448072193,1.3278732259051373e-06,3.731379324342637e-06,5.428130599231729,Not Significant
WRB,-0.39460319395389476,0.004882222524724572,0.007082878703063845,2.1497901955927037,Not Significant
WRN,0.4973919200847483,0.0005494361097246108,0.0009262080604694996,3.0332914438104988,Not Significant
WRNIP1,0.06549544404123608,0.37287151081306646,0.4086941137994594,0.3886016171521767,Not Significant
WSB2,-1.1918174097990608,4.841441063769008e-06,1.2010016566463676e-05,4.920456393536411,Down
WTAP,1.0401906538163672,1.5383261898706018e-19,3.0748210390389764e-18,17.512180155992496,Up
WTIP,0.3144058463274977,0.0839474182213525,0.10171834149168933,0.9926007295706458,Not Significant
WWC1,-0.7115521933177789,1.1376308812254804e-05,2.611780651199975e-05,4.583063299821776,Not Significant
WWC2,-0.124041994169378,0.3366631022837457,0.37196140517728166,0.4295021203011577,Not Significant
WWC3,0.27633977365150386,0.050262486101092664,0.0629624825892076,1.2009181562281313,Not Significant
WWOX,0.3344435032126718,0.00010422593085256091,0.00019991851245405534,3.6991469883511883,Not Significant
WWP1,-0.7386686155641264,1.0429641468143986e-09,5.651867033355702e-09,8.24780806397832,Not Significant
WWP2,-0.18695700339029742,0.00041965136530394,0.0007237746711302674,3.140396619322368,Not Significant
WWTR1,2.848429936351362,1.0098636798905467e-07,3.5999174491215026e-07,6.443707458066619,Up
XAB2,0.26689881169007634,3.629316372844381e-05,7.580703533077813e-05,4.120290487460937,Not Significant
XAF1,1.2990172301460596,0.002639922369103179,0.003984206433909427,2.399658167541235,Up
XIAP,-0.35365253702127575,1.7468466020417998e-06,4.772913661233819e-06,5.3212164216548885,Not Significant
XIRP1,2.3832496422613456,0.003040522511461008,0.004538034961517104,2.343132162586061,Up
XK,-3.7562336988480727,3.3874776984383228e-09,1.6646561138569593e-08,7.7786754698330185,Down
XKR4,-2.7512530443368757,1.2035375603974595e-16,1.8006603054433535e-15,14.74456820910503,Down
XPA,0.020266393877324873,0.7958348606971761,0.8161702521290188,0.08821923849150969,Not Significant
XPC,0.8464477152559091,7.441090479143979e-07,2.2092998964602546e-06,5.6557453277964544,Not Significant
XPNPEP1,0.3203462130299286,1.389343102028692e-08,5.986416770674527e-08,7.222833051127063,Not Significant
XPNPEP3,0.31872761076336076,0.014910067693492684,0.02018057529816543,1.6950664572637577,Not Significant
XPO1,0.2197710923150602,0.024774922309039854,0.032463913545950504,1.4885991268708152,Not Significant
XPO4,0.055821178017485096,0.42488394180754874,0.4608895046591198,0.33640318148391435,Not Significant
XPO5,0.8012325934331237,3.6182274322983795e-12,3.049961050535421e-11,10.515705706766509,Not Significant
XPO6,0.6138870708593736,4.415733175385111e-12,3.664258320331928e-11,10.436013917334924,Not Significant
XPO7,-0.06954618880710228,0.1249980648278535,0.1477796626071818,0.8303853293052437,Not Significant
XPOT,0.4791268430780775,4.339360713462374e-07,1.3618292781127711e-06,5.86587733311396,Not Significant
XPR1,0.3027856897298804,0.026697222364779505,0.034819758946502945,1.4581742397829032,Not Significant
XRCC1,0.48308270431436284,7.219760256415457e-09,3.3180595266026147e-08,7.479115826918306,Not Significant
XRCC3,0.9928441106059758,4.261337379714641e-08,1.6523753950440834e-07,6.781891280577647,Not Significant
XRCC4,0.5701785934576318,3.352927619938252e-10,1.99866229841763e-09,8.699260579730474,Not Significant
XRCC5,0.21794141311699988,0.13385084605048472,0.15752493260661019,0.8026506975156197,Not Significant
XRCC6,0.23472270308057475,0.2081194523745173,0.23752071634993624,0.6242985056008158,Not Significant
XRN1,0.10762452507978182,0.32015015469789515,0.3548847555487011,0.4499126558321022,Not Significant
XRN2,1.4143609301257811,2.978934154695663e-11,2.1466225088987207e-10,9.66824432105808,Up
XXYLT1,0.8537628666798991,1.929795862743404e-09,9.939040655049618e-09,8.002655532939217,Not Significant
XYLB,-0.1487261923598382,0.30338611065682464,0.3375275183607787,0.4716908136920879,Not Significant
XYLT1,-0.8412853264798059,1.5088256181416823e-08,6.448837198625078e-08,7.19051858672078,Not Significant
YAF2,-0.45277644045955157,4.055493087801536e-07,1.2795188652211924e-06,5.892953306493432,Not Significant
YAP1,0.8218178611990297,0.00607597355713783,0.00869698175825611,2.0606314408483044,Not Significant
YARS,-0.3876752756651598,0.05175387304216945,0.06467789567383886,1.1892441185137315,Not Significant
YARS2,-0.03638617500801189,0.6183348353941649,0.6500840254394508,0.1870305057782961,Not Significant
YBEY,0.2602206307977326,0.07269429883270735,0.08890644244757726,1.051066767510583,Not Significant
YBX1,2.3999965914543537,6.445660538403574e-17,9.928682609155599e-16,15.00310837220246,Up
YBX3,2.372722927214955,0.0003244847037050612,0.0005703819412187727,3.243834233074127,Up
YEATS2,0.08891817630664889,0.5050413262387955,0.5400473750694857,0.2675681404940999,Not Significant
YEATS4,0.31496051930269076,0.15625984984116345,0.18185787052909896,0.7402678986049216,Not Significant
YES1,1.244389437517377,3.1913489156125243e-07,1.0330864066799668e-06,5.9858633528512,Up
YIF1A,1.7174822721277536,3.023379961362391e-09,1.4966845076542865e-08,7.824869736747769,Up
YIF1B,0.7354759486446518,4.52795043900733e-05,9.265604859345896e-05,4.033126224644928,Not Significant
YIPF1,0.39354859655594865,0.000804020271014663,0.0013133939046865112,2.8816050035556247,Not Significant
YIPF2,0.8731193857231965,6.131197966838335e-08,2.3021128705899884e-07,6.637873387103838,Not Significant
YIPF3,0.7606930668623981,3.891397868709562e-07,1.2323779355353703e-06,5.909256085883348,Not Significant
YIPF4,-0.44091148131935753,2.4828385126943245e-10,1.5113060529838446e-09,8.820647578240266,Not Significant
YIPF5,-0.09975128648416387,0.544673690208726,0.5792908314149816,0.2371033451370402,Not Significant
YIPF6,0.258983920263514,0.00023436478092318076,0.00042228417152926544,3.374395196923017,Not Significant
YJEFN3,-1.268815911484655,3.343338279428972e-06,8.589846933682088e-06,5.066014574987094,Down
YKT6,1.1881209184855344,6.163358355415274e-10,3.480362784330351e-09,8.45837548392097,Up
YLPM1,-0.46554987986526797,0.00023622521955166665,0.00042525605106567013,3.371349497995856,Not Significant
YME1L1,-0.12933141927244307,0.13868877087302195,0.16280012558550724,0.7883452644279493,Not Significant
YOD1,-0.5125895374739713,0.00042947844946708666,0.0007389322085764401,3.1313954030011764,Not Significant
YPEL2,-1.32060032503043,1.0518946436865188e-11,8.214563287207745e-11,10.085415520116598,Down
YPEL5,-1.1882981125511058,7.882580144334824e-05,0.00015430683240001206,3.8116148438141693,Down
YRDC,0.7593593878252598,0.0001299509548827265,0.00024510876605290894,3.6106411563924423,Not Significant
YTHDC1,0.03263422654248416,0.6128057996914613,0.6446747729836865,0.1906593240006794,Not Significant
YTHDC2,-0.01582508069810018,0.7950895295970123,0.815794677656963,0.08841913239935065,Not Significant
YTHDF1,0.5288952514258973,6.603269855019675e-05,0.00013117992608848,3.88213261813115,Not Significant
YTHDF2,0.517371394278971,0.0017661933762256705,0.0027297686517486048,2.5638741579139768,Not Significant
YTHDF3,0.16426104415952736,0.023671044734416617,0.031094289301670748,1.507319365073001,Not Significant
YWHAB,-0.9914987052680573,0.001303682756940182,0.002061236657907658,2.68587214246487,Not Significant
YWHAE,-0.1122792677234159,0.32147125062452886,0.356192408578036,0.4483153407621676,Not Significant
YWHAG,-1.8695363191918375,3.4917695530488286e-06,8.921147978040552e-06,5.04957925678425,Down
YWHAH,-2.3387925146827655,1.8170429949846956e-05,4.008955569749414e-05,4.396968756899787,Down
YWHAQ,0.1127112849128018,0.48935781119942,0.5243342469711718,0.28039177534966353,Not Significant
YWHAZ,-0.9858876779637171,0.0019277411995535668,0.002967613820950891,2.5275926149637935,Not Significant
YY1,-0.2522475939359232,0.00013871013171187947,0.0002601202283815104,3.5848258733601788,Not Significant
YY1AP1,0.11076776048640369,0.0864777986928387,0.1045705610408903,0.9805905619026128,Not Significant
YY2,1.1458584487940708,0.0006506231369378452,0.0010833681787622896,2.965223924878504,Up
ZADH2,-0.8903140661480613,8.199414014774247e-15,1.002438067777133e-13,12.998942449284828,Not Significant
ZAP70,1.7149107445469731,0.0005818996595761229,0.0009760334949333769,3.010535278219443,Up
ZBED1,0.9238101524886275,1.584864093748483e-05,3.540115494550381e-05,4.450982569096328,Not Significant
ZBED3,1.126464495515762,0.0005412249471370936,0.0009129772467279104,3.0395400458431907,Up
ZBED8,0.3104017408770936,0.02405506813865669,0.031565814306216945,1.5007830026573938,Not Significant
ZBTB1,0.508948388282704,0.0008210043877564704,0.0013391836467387765,2.8731598626471664,Not Significant
ZBTB10,0.5204398261239724,6.717187346610455e-06,1.6184870923165206e-05,4.790890759812883,Not Significant
ZBTB11,-0.7182084746480157,6.369869428652839e-05,0.00012691864047517542,3.8964745886145784,Not Significant
ZBTB14,0.17891842333004604,0.05601647927482757,0.06965930282861535,1.1570208764066432,Not Significant
ZBTB16,-1.1198140783313377,9.632851780158416e-07,2.779960914186982e-06,5.555961310151076,Down
ZBTB17,0.6033130609990529,2.81842171044663e-06,7.376664149399675e-06,5.132139988994214,Not Significant
ZBTB18,-1.9289590230786366,8.816599607864428e-09,3.989570544022382e-08,7.3990738512805105,Down
ZBTB20,2.0040153858720835,7.820212894954447e-07,2.308933901048391e-06,5.636588499660059,Up
ZBTB21,0.026897115122032744,0.736839826718552,0.763125775096401,0.11740387760385941,Not Significant
ZBTB3,0.19312943301988916,0.07255768456984163,0.0887609124901742,1.0517782417328363,Not Significant
ZBTB33,-0.109598766133427,0.2224680427378067,0.2528080160790372,0.5972091594889471,Not Significant
ZBTB38,-0.42949201529854975,6.603279902386721e-06,1.592946401739555e-05,4.797798836766575,Not Significant
ZBTB4,-1.350833914782367,3.6664605647265785e-10,2.1622786613751877e-09,8.665088337533959,Down
ZBTB40,0.520148842590384,0.0019287706005745309,0.002968744848004251,2.5274271267103057,Not Significant
ZBTB43,-0.2662852873075572,2.3460795092959253e-06,6.245878693617112e-06,5.2044064548167235,Not Significant
ZBTB47,-0.1733497998795066,0.14321697731092262,0.16768570774409977,0.7755039517790348,Not Significant
ZBTB7A,-1.9003844427498287,3.7963991029067215e-08,1.485816805077013e-07,6.828034733946038,Down
ZBTB8OS,0.04944570448815,0.5089883297058434,0.5439215480488667,0.2644637357916528,Not Significant
ZC2HC1A,-1.091105003295457,3.0853649544873547e-05,6.531197005989832e-05,4.185007216051847,Down
ZC3H10,1.18988683843485,1.3874928095817163e-08,5.98100238071297e-08,7.223226024718757,Up
ZC3H11A,0.4760021272657937,0.004706489477700732,0.006838767488584621,2.1650221616041896,Not Significant
ZC3H12C,0.7449569059113941,7.162448346149411e-06,1.715513662365886e-05,4.765605818868964,Not Significant
ZC3H13,-0.7754576717309085,8.032471223982004e-07,2.3667480289673797e-06,5.625847975891771,Not Significant
ZC3H14,-0.36727966633728926,1.0769425938275327e-05,2.4815003866007695e-05,4.605285652806546,Not Significant
ZC3H15,-0.32800458964003454,0.05537374192062905,0.0689280954044751,1.161603721603803,Not Significant
ZC3H18,0.12188497227927542,0.13815699855171262,0.1622704446088321,0.7897605739023771,Not Significant
ZC3H4,0.10527979523657294,0.2568084952252375,0.2889956189565508,0.5391087409023333,Not Significant
ZC3H6,-0.9254525403490383,1.8924461134084007e-11,1.418489743041386e-10,9.84817380019709,Not Significant
ZC3H7A,0.6091261329343105,2.6714167576301528e-06,7.028392793521629e-06,5.153143975222832,Not Significant
ZC3H7B,-1.0064506756210072,5.987896070428403e-07,1.8202192218918447e-06,5.739876303704764,Down
ZC3H8,-0.9253632101316533,8.739894768763546e-06,2.0581042519991578e-05,4.686532630097771,Not Significant
ZC3HAV1,2.2254905875020867,4.67359873993751e-06,1.1642392113286468e-05,4.933957777859174,Up
ZC3HAV1L,1.483175546424631,5.281566259222814e-11,3.6318429007106227e-10,9.439872945621792,Up
ZC3HC1,0.9907832256352229,5.319224542629387e-17,8.256682286972024e-16,15.083194426518242,Not Significant
ZC4H2,-0.21895336242738672,0.03619743027417776,0.04630513175645292,1.3343708757205313,Not Significant
ZCCHC10,0.02676903648342943,0.7331737030726698,0.7599538928649117,0.1192127559846993,Not Significant
ZCCHC14,-0.5875123231056776,5.567749516880734e-06,1.3647082392471172e-05,4.864960186446457,Not Significant
ZCCHC17,-0.3325536084455507,0.05231413194378776,0.06531324392139273,1.184998745542963,Not Significant
ZCCHC24,-0.1054493444684006,0.5813756174542734,0.6145622214306767,0.2114341403511504,Not Significant
ZCCHC3,0.14510009887502662,0.015838604524156752,0.021356993973545055,1.670459874891283,Not Significant
ZCCHC7,-0.8012902634421195,3.631638599123473e-10,2.144497493995889e-09,8.668674456929871,Not Significant
ZCCHC8,0.7307126293049269,0.002254653886445362,0.0034367352477001935,2.463853922879237,Not Significant
ZCCHC9,0.9468012886644797,7.688154030309726e-05,0.00015085793475134434,3.8214318420809943,Not Significant
ZCRB1,-0.13072096298087743,0.16579547781792126,0.19209012576627243,0.7164949591124756,Not Significant
ZDHHC13,-0.10254657018412061,0.29769190535634965,0.33174206355750735,0.47919945819799387,Not Significant
ZDHHC14,-0.21281791413439954,0.028458124737729257,0.036948981648135655,1.4323975267059592,Not Significant
ZDHHC17,-0.6103854524092505,0.00036761879845447073,0.0006400607977238746,3.19377877154436,Not Significant
ZDHHC18,0.009324320799844799,0.9546941523238003,0.9604143090183707,0.017541378101238323,Not Significant
ZDHHC2,-1.1817597985387387,1.2145890090055541e-20,2.7311985885540073e-19,18.563646720666718,Down
ZDHHC20,-0.34720445960790514,0.007010066957514736,0.00994219548500682,2.0025177019468576,Not Significant
ZDHHC21,-1.0378647296703463,2.0523535963500497e-08,8.511902070658872e-08,7.069973381573595,Down
ZDHHC24,0.09807672011246815,0.4660914022610356,0.5018066459738884,0.29946359114681037,Not Significant
ZDHHC3,0.4989163415539011,2.0257204362754088e-11,1.5094014552543246e-10,9.82119523562949,Not Significant
ZDHHC4,1.1505440033575596,9.788631732404607e-08,3.499314268000142e-07,6.456017052450112,Up
ZDHHC5,0.3765905882362617,1.5191681085041168e-07,5.249206875402077e-07,6.279906311004938,Not Significant
ZDHHC6,0.05779702100449313,0.34753649225933514,0.38300871053719965,0.41679134902035025,Not Significant
ZDHHC8,-0.4749669058429262,0.003921285727002921,0.0057702355264135875,2.2388064596806343,Not Significant
ZDHHC9,0.6373735740870501,0.0016784016465315173,0.0026024654743971843,2.5846150233460516,Not Significant
ZEB1,0.8118930465513934,7.348828265680228e-10,4.106050801356773e-09,8.386575681703752,Not Significant
ZEB2,-0.09892371220254503,0.4603983079479618,0.496279045771283,0.30427406149020686,Not Significant
ZER1,-1.5751663322221603,2.6296246725489636e-36,2.3865620676809245e-34,33.622227266388535,Down
ZFAND1,-1.072235064009888,4.762916770591794e-06,1.1838545163321425e-05,4.926701664704533,Down
ZFAND2B,0.032874024315731276,0.46722183270421896,0.5029162028702107,0.2985043721266037,Not Significant
ZFAND3,0.9599801825407717,8.045759224362593e-05,0.00015729279725641135,3.803291164111711,Not Significant
ZFAND5,-0.41966708620605786,0.0021594035349388726,0.0032970341332182783,2.481876556711377,Not Significant
ZFAND6,0.8800491953746388,1.0927461640667828e-10,7.129744078244023e-10,9.14692605884395,Not Significant
ZFC3H1,-0.07472287599194871,0.6611532473166379,0.690990539834818,0.16052789839376178,Not Significant
ZFP1,-0.7533922850414285,4.545727393371919e-06,1.135192309390895e-05,4.94493055976377,Not Significant
ZFP3,0.27803469543897563,0.006117376652661579,0.008747617166496868,2.0581102318205033,Not Significant
ZFP36L1,1.310461189882389,0.0001686053405710436,0.0003110861173832771,3.5071193694067717,Up
ZFP36L2,2.441074455052508,4.866046407944827e-07,1.5087889046979435e-06,5.82137151830119,Up
ZFP37,0.27019439714132076,0.012211489723564325,0.016721292303274026,1.776730161197684,Not Significant
ZFP64,0.31627570335255584,0.0010335429582220125,0.0016613869093870359,2.779529215806121,Not Significant
ZFP90,-0.08847038455465395,0.07638319509171594,0.09318046831605066,1.0306751111601151,Not Significant
ZFP91,-0.2395449705954782,0.01655873359702628,0.02224762366717028,1.6527163704515937,Not Significant
ZFPL1,0.6843046820160943,1.607295200645335e-07,5.516494777844602e-07,6.258336788607308,Not Significant
ZFPM2,-1.765398094165949,7.1689097022184e-16,9.799131118066237e-15,14.008812431180818,Down
ZFR,-0.061687112730822946,0.42173707954858247,0.45791973910028233,0.3392106353594773,Not Significant
ZFYVE1,0.17574208397568114,0.0002790294379998083,0.0004956696452847945,3.3048076763923353,Not Significant
ZFYVE16,0.11737972645627792,0.31770219860790916,0.3524038701581234,0.4529593307393095,Not Significant
ZFYVE19,0.10658931625234302,0.40137258226364075,0.4375530130639451,0.3589693211871398,Not Significant
ZFYVE21,-0.4867784187658053,0.0016274712307380568,0.0025289241817704586,2.5970641907949,Not Significant
ZFYVE26,0.9630058474612255,1.3804491133288996e-05,3.113892603599493e-05,4.5066963700814595,Not Significant
ZFYVE27,-1.0953727962041064,7.075330885185868e-32,3.75141491249276e-30,29.425804899528075,Down
ZFYVE28,-1.5773007482623544,7.213525090920124e-09,3.316707063711973e-08,7.479292884293429,Down
ZFYVE9,-1.3640210768690366,5.70616882254362e-07,1.7429940787842458e-06,5.758704088251852,Down
ZGPAT,0.8942389222682312,3.305582365557246e-05,6.968076323629147e-05,4.156887101004204,Not Significant
ZHX1,-0.13137764680801567,0.09541938499268866,0.11469453339891965,0.9404572810635179,Not Significant
ZHX2,0.7353669565831567,0.002560578017270979,0.0038731626045026787,2.4119342699243576,Not Significant
ZHX3,0.2557049496914736,0.011744649871956447,0.016121488324034507,1.792594866930537,Not Significant
ZIC1,1.1516715813070775,0.00017120691488059479,0.0003156549159054011,3.500787442725144,Up
ZKSCAN1,0.14503538033330088,0.013639164680376995,0.01854013560789608,1.7318870936248774,Not Significant
ZKSCAN4,0.6021496315545534,3.011216123624813e-07,9.79812378210477e-07,6.008857078296152,Not Significant
ZKSCAN8,0.39721166431282384,0.018256182196026857,0.024391615310712808,1.6127594380093582,Not Significant
ZMAT2,-0.34679978889741747,0.0805708039395205,0.09793319002011698,1.0090700988016867,Not Significant
ZMAT3,-0.5361268669703279,3.9884136408330554e-05,8.253754933802834e-05,4.083348430112972,Not Significant
ZMAT4,-4.563088754762298,1.7989921351578124e-26,6.519081571791295e-25,24.185813584697318,Down
ZMAT5,0.7518489913372886,3.037397265529588e-06,7.874096771215921e-06,5.103799252112867,Not Significant
ZMIZ1,-0.3182302979409215,0.05771043306769121,0.07167733975143895,1.1446181215477993,Not Significant
ZMIZ2,-0.6097011850935488,0.0011978533314461427,0.0019051427945987437,2.720072467451802,Not Significant
ZMPSTE24,0.37648937168938446,0.0037964933662787254,0.005596411204549587,2.252090382581603,Not Significant
ZMYM1,0.8448215407941237,9.062924742858803e-06,2.12374747289043e-05,4.672897124902366,Not Significant
ZMYM2,-0.47368873091481944,2.6547481740097835e-06,6.988223962627269e-06,5.155633184946327,Not Significant
ZMYM3,-0.3019279513150188,6.883087408292018e-08,2.5445953229773866e-07,6.594381275398798,Not Significant
ZMYM4,0.05958897920385908,0.4676509311048315,0.5033243034134693,0.2981520988428115,Not Significant
ZMYND10,1.5391776833749198,1.3329420352837091e-09,7.0748461872750714e-09,8.150282997604918,Up
ZMYND11,-1.1381159452881242,6.020077041812465e-12,4.867275772007928e-11,10.312714046633346,Down
ZMYND8,-0.34352370355424,0.0057921245878212605,0.008313130516841627,2.080235400985036,Not Significant
ZNF100,0.9220387533512593,2.081623256384276e-05,4.5370559681556025e-05,4.343225863336756,Not Significant
ZNF106,-0.5256727449845755,7.33227945600155e-07,2.1842541984687096e-06,5.660696820835366,Not Significant
ZNF12,0.5258800797812135,6.708330835758034e-11,4.5477607563544035e-10,9.342202390274553,Not Significant
ZNF131,0.28616050083891764,6.340214547298439e-06,1.534999311451201e-05,4.813891814996574,Not Significant
ZNF134,0.3055444530153153,2.013885954623819e-05,4.4037089444064153e-05,4.356181392701047,Not Significant
ZNF143,0.4824488211399576,9.32231200573164e-06,2.1769348897946346e-05,4.662154560130137,Not Significant
ZNF146,0.5256452734634252,0.0008003987319557493,0.0013081143455097694,2.883354291597818,Not Significant
ZNF148,-0.37423693739400576,1.2211656168135434e-06,3.4595113677670518e-06,5.460985237989989,Not Significant
ZNF184,-0.6449956417902847,0.005326838779800206,0.007686946550309021,2.1142461387026272,Not Significant
ZNF185,0.3526453414325541,0.0023288197911334294,0.0035428164566412216,2.450651346659963,Not Significant
ZNF189,-0.3270046282483534,0.011393946303506472,0.01566356646581935,1.8051093457214766,Not Significant
ZNF2,0.28015541554877643,0.00015181195274986589,0.00028253345871090873,3.548930113957532,Not Significant
ZNF207,0.43252952301818226,0.001836549669605468,0.0028332927062182977,2.547708556390679,Not Significant
ZNF219,1.0655012144860958,0.00016299740414736392,0.00030173389367521943,3.520375902919639,Up
ZNF22,0.811103143960274,2.070034729352125e-09,1.062871042991504e-08,7.973519424766062,Not Significant
ZNF24,0.17874036731078746,0.004243976619814885,0.006216928961467959,2.206424095124804,Not Significant
ZNF260,0.6575768425567929,1.48023347862606e-16,2.189702211993969e-15,14.659614942913919,Not Significant
ZNF267,0.9772959921283668,1.6066949390381497e-07,5.516494777844602e-07,6.258336788607308,Not Significant
ZNF275,0.5869304539664064,5.016338841265124e-06,1.2398085742616502e-05,4.9066453644825545,Not Significant
ZNF276,0.3501134527365366,0.09189491271721162,0.11064292466991632,0.9560763528624256,Not Significant
ZNF277,0.14334051895600908,0.017773275667827763,0.023790589832274365,1.6235947905089076,Not Significant
ZNF280C,0.4333321019022467,9.156498890336841e-09,4.129031773556551e-08,7.384151775147291,Not Significant
ZNF280D,-0.5650452764347946,5.914199922428063e-06,1.440862152806295e-05,4.841377566125068,Not Significant
ZNF281,-0.06490363504118335,0.5762827607521382,0.6098826065571006,0.2147537522530339,Not Significant
ZNF292,-0.07994906857869921,0.42457597888875115,0.46060504106453576,0.3366713132355949,Not Significant
ZNF3,1.4668115685717389,1.1552625922168911e-15,1.5455664480734343e-14,13.81091231870726,Up
ZNF302,0.3043291279122293,0.0006252348444973988,0.0010442002359858744,2.9812162129761446,Not Significant
ZNF316,0.6684759602457753,0.00012823686778862476,0.0002422385535538357,3.6157567354159155,Not Significant
ZNF318,-0.095413836880617,0.35133650716664266,0.386815734775602,0.4124958681277382,Not Significant
ZNF326,-0.008530613223918238,0.9460024615904032,0.9525266164979233,0.021122879970797957,Not Significant
ZNF330,0.8560409747302486,4.619725476339452e-10,2.6639447308897332e-09,8.574474789756467,Not Significant
ZNF331,-0.12480728257124696,0.07132996090389668,0.08733325548685648,1.058820350517975,Not Significant
ZNF346,-0.09502384166819056,0.31916882258715973,0.35391378302069865,0.45110252362054415,Not Significant
ZNF358,-0.44783925127631363,0.002354061208052836,0.003579405213878904,2.4461891336329034,Not Significant
ZNF362,-0.030338734083969143,0.7572037840835545,0.7819652404774708,0.10681255154928242,Not Significant
ZNF365,-3.5970311274044757,3.633246118197369e-09,1.7698898159922774e-08,7.75205376968115,Down
ZNF384,0.7963730899369388,1.6153215366333768e-05,3.600962416473697e-05,4.443581411370526,Not Significant
ZNF385A,-0.9948262011987623,0.00039340965632963533,0.0006815492481280733,3.1665027569716377,Not Significant
ZNF385D,-2.038003972940306,2.7523263127690415e-13,2.766201635619084e-12,11.558116166220536,Down
ZNF395,0.853233529594231,1.5703424591563881e-06,4.355624981701942e-06,5.3609495199605055,Not Significant
ZNF397,0.17122103747574258,0.06642031749578625,0.08172936099334929,1.0876218966293116,Not Significant
ZNF414,0.27956403551202236,0.0974623779613578,0.11699666296266903,0.9318265252415885,Not Significant
ZNF423,-0.5129241312088357,0.029462891727750753,0.03814047433376524,1.4186139101558797,Not Significant
ZNF428,0.34905489118938604,0.007032897846121107,0.009971199831504308,2.001252580018378,Not Significant
ZNF436,1.2194088568817314,2.983277811421263e-11,2.1482159165302221e-10,9.667922069972015,Up
ZNF446,0.7591764002852912,3.12329709505148e-05,6.604553932734805e-05,4.180156509025033,Not Significant
ZNF451,-0.1793201256939696,0.04647161362138029,0.05843902579225877,1.2332970325832715,Not Significant
ZNF460,0.49465887789148155,0.00013813227685347286,0.00025913306462232506,3.5864771687708337,Not Significant
ZNF462,1.3256726763141131,4.6715591637966864e-08,1.7962323288583139e-07,6.7456374913794015,Up
ZNF483,-3.1540696877829966,1.1454912969445818e-11,8.897208423608109e-11,10.050746235647013,Down
ZNF501,1.1202840306656174,4.056959288553914e-09,1.9620647082521425e-08,7.70728667382996,Up
ZNF512,0.22286127445615023,0.01191900654333503,0.01634968299531006,1.7864906634760038,Not Significant
ZNF512B,0.14937873957310543,0.08133334532095989,0.09882428184336628,1.0051363329940626,Not Significant
ZNF516,1.094260289616944,0.00014433624192551533,0.0002697668462259075,3.569011425256698,Up
ZNF521,1.5068715109365982,8.499662036684537e-18,1.419993289511775e-16,15.84771370796546,Up
ZNF526,0.6958042186949243,8.449831326040567e-10,4.669424069036351e-09,8.330736682402641,Not Significant
ZNF532,0.8106465639370448,0.0001040070642114436,0.0001995366910809527,3.6999772339679464,Not Significant
ZNF574,0.30553353710044284,0.00011771825332757376,0.0002238379924541295,3.650066197911234,Not Significant
ZNF579,0.2550277421441365,0.14290700582388496,0.16736168061727705,0.7763439716802617,Not Significant
ZNF580,0.39842084326579297,0.012575885900642441,0.017175904902802595,1.7650803731073463,Not Significant
ZNF581,1.3767684360205052,1.0949151383536386e-08,4.852694722294128e-08,7.314017028815204,Up
ZNF592,0.6018238185960101,3.6515092565256037e-05,7.620738398640755e-05,4.118002946387613,Not Significant
ZNF593,0.7116586984962545,1.316100988359319e-05,2.9800857174043106e-05,4.525771243957198,Not Significant
ZNF597,-0.2684052979661029,0.030733437975359677,0.03967815637111027,1.4014485153599654,Not Significant
ZNF598,0.7452771629232444,4.464112322002472e-05,9.145141727456054e-05,4.038809559627133,Not Significant
ZNF605,-0.4078062588090887,0.0591573487275337,0.07338395900519326,1.1343988621122458,Not Significant
ZNF608,1.2705599721639729,7.464485723068359e-08,2.7374309855912134e-07,6.562656821176384,Up
ZNF609,-0.5677794710874373,2.7794695246928243e-08,1.1209117690854888e-07,6.950428570908458,Not Significant
ZNF618,0.31913429975457497,0.07094632417007747,0.0869143582928143,1.0609084719720712,Not Significant
ZNF622,-0.060144510252563066,0.5678238115135869,0.601752269849345,0.2205822628623448,Not Significant
ZNF629,0.5730050883773323,1.3934337532807155e-05,3.1410721930073684e-05,4.502922081855418,Not Significant
ZNF638,-0.36790255423171203,0.002774643645475417,0.004171904490226769,2.379665642681337,Not Significant
ZNF639,0.2873049380571828,0.00765950100286666,0.010802437785647311,1.9664782262366234,Not Significant
ZNF644,0.2017132788742657,0.009685505557558169,0.013458176963702205,1.8710137653888592,Not Significant
ZNF649,0.9476110831269438,9.24539431203152e-05,0.00017893967780865618,3.747293348964601,Not Significant
ZNF652,0.17044515273297378,0.23847000254066703,0.2696841946109878,0.5691445055099319,Not Significant
ZNF654,-0.3471388631823835,0.0006972315982690473,0.001152972935154692,2.9381808871987336,Not Significant
ZNF655,0.6113133671138975,0.0001825465819000347,0.0003346631967353866,3.4753920448384106,Not Significant
ZNF660,0.887351485018474,8.575461911692063e-05,0.00016683894032133226,3.777702577241811,Not Significant
ZNF664,0.3603298097234813,0.00012324258262108432,0.00023337326641443675,3.6319488951358077,Not Significant
ZNF668,0.5423154539787696,0.0007944032432487347,0.00129936974711605,2.886267249017096,Not Significant
ZNF687,0.4634187023560372,5.476752443851803e-06,1.3446942266478933e-05,4.871376459733512,Not Significant
ZNF688,0.5816071075933369,0.0005798639054358974,0.0009729428686477733,3.0119126608205264,Not Significant
ZNF691,1.0790443246835792,5.765743563551269e-07,1.7585256027615947e-06,5.754851304311987,Up
ZNF703,-0.13807497802455515,0.5769729787479836,0.6104848007464748,0.21432514422377746,Not Significant
ZNF704,-0.2933546440140695,0.022539738801994336,0.0296972702970561,1.5272834681712741,Not Significant
ZNF706,-0.9919169553239549,4.1891915367928865e-07,1.3208737258732876e-06,5.879138698492729,Not Significant
ZNF711,-0.030230095515012323,0.8659001463971207,0.8811189974550094,0.054965435006615264,Not Significant
ZNF713,0.5628595314883995,0.0012347669542358706,0.001960447958545652,2.7076446818597883,Not Significant
ZNF738,1.2038556400239955,3.3451665520678676e-06,8.592352841797985e-06,5.065887897135734,Up
ZNF74,-0.21745010249800778,0.08611168978548987,0.10414035569015906,0.9823809433301023,Not Significant
ZNF740,0.19123405896171874,0.0007866110026541033,0.0012880883031107667,2.890054363498559,Not Significant
ZNF76,0.310015529868533,0.022741533881619883,0.02993965137525336,1.5237532609964808,Not Significant
ZNF768,0.5890956540821719,0.0006835469554170043,0.0011322526340029734,2.946056660327826,Not Significant
ZNF771,-0.24552658719736975,0.09122406744738507,0.10988775026485198,0.9590507178484983,Not Significant
ZNF773,0.6034450927187436,1.4334067650683438e-05,3.22396511527093e-05,4.491609666099982,Not Significant
ZNF776,0.4708337226144046,3.8182005535428845e-11,2.6898288375098614e-10,9.570275354677893,Not Significant
ZNF777,0.08451620959058559,0.396165781707568,0.432391558496429,0.36412279328997127,Not Significant
ZNF787,0.790069011722581,6.425128637156428e-05,0.0001278679294561712,3.8932383672235997,Not Significant
ZNF8,0.1386523955790917,0.23542416371399003,0.26656884626893734,0.5741906076756308,Not Significant
ZNF800,0.28546604116317553,1.4259703144463939e-06,3.985911472733899e-06,5.399472351227632,Not Significant
ZNF827,-0.009200300328323863,0.902885837774633,0.9145055227972706,0.03881366742853008,Not Significant
ZNF830,0.3410359095475002,0.0013584874615412044,0.002140016057477106,2.6695829679370067,Not Significant
ZNF84,-0.13967633044624606,0.08034510415820596,0.09767063826351718,1.0102359742202225,Not Significant
ZNF853,0.287606042030653,0.021626374049093365,0.028572339956795614,1.5440541912339685,Not Significant
ZNFX1,0.9409729896326802,1.9056236751669174e-09,9.839699079257573e-09,8.007018183094702,Not Significant
ZNHIT1,1.134539835850294,4.335428794221214e-10,2.5143989449041166e-09,8.599565814229745,Up
ZNHIT2,0.9958747262095091,1.1946514671839825e-06,3.3863024424342825e-06,5.470274256146013,Not Significant
ZNHIT3,-0.462447559863703,0.0015359119744701721,0.002398508329067201,2.620058769063148,Not Significant
ZNHIT6,-0.18018620621427317,0.0020243122326831326,0.003105836343595778,2.507821432363363,Not Significant
ZNRD1,1.4867492502782564,1.0396276224705655e-18,1.914663376374493e-17,16.71790756980695,Up
ZNRF1,-0.5221319065348293,4.97034430592292e-05,0.0001009704548051371,3.995805687526395,Not Significant
ZNRF2,-0.035532466611666536,0.6311435052865976,0.6624442250736804,0.17885068156085326,Not Significant
ZPR1,-0.2604100490635197,0.08866502218849004,0.10703552229201302,0.9704720674064625,Not Significant
ZRANB2,-0.2967264194613186,0.00643368182371284,0.009162130434278083,2.0380035297959096,Not Significant
ZRSR2,0.33663705179364456,0.08419821770316684,0.10196091418941011,0.9915662792675374,Not Significant
ZSCAN18,-0.6496903134128509,1.1074355619752843e-09,5.972326472879558e-09,8.22385645990637,Not Significant
ZSCAN21,0.8288773505323341,3.9268602676778244e-17,6.142731418724597e-16,15.211638473108865,Not Significant
ZSCAN26,-0.12353377568873469,0.35914588024289673,0.39489583033911174,0.40351745190608806,Not Significant
ZSCAN30,0.7998327777878629,6.104788230286407e-05,0.00012194538505315871,3.9138346306423513,Not Significant
ZSWIM8,-0.23168368927321836,0.16182669384292328,0.18781591172507017,0.7262676171728657,Not Significant
ZW10,0.4473170395955819,1.3103924181382254e-06,3.686370628406725e-06,5.433401002871682,Not Significant
ZWILCH,0.6899688458964395,0.01744525950848267,0.0233763692855087,1.6312229406383938,Not Significant
ZXDC,0.9179220730977953,4.106079551763076e-05,8.476361763209269e-05,4.071790516282526,Not Significant
ZYG11B,-1.2792924643166295,1.2417778768353017e-05,2.827044142652843e-05,4.548667410201364,Down
ZYX,1.1387683417766468,1.2543573888016315e-05,2.8524596692522883e-05,4.544780487328681,Up
ZZEF1,0.24314992866696272,0.011964163043479128,0.016409391218517186,1.7849075307898683,Not Significant
ZZZ3,-0.1591237391762803,0.07943097166848334,0.09664101552998806,1.0148385150148231,Not Significant
