gene_name,log2FC,pvalue,adjustedpvalue,-log(adjustedp),category
A1BG,-0.2376595989574266,0.5228102457275697,0.5866329266495364,0.23163356450432288,Not Significant
A2M,2.737188225668607,0.00014639270171087394,0.0007586214388041893,3.119974888204814,Up
AAAS,0.9746849561807913,7.401467001970727e-06,9.343656463390114e-05,4.0294831375686515,Not Significant
AACS,-2.0148565213859033,2.3475778134516797e-05,0.00020753235371772313,3.682914188369912,Down
AADAT,0.20786994162922667,0.2229390912854393,0.28497505463894374,0.5451931544013295,Not Significant
AAED1,0.952962263949992,0.006058988213853883,0.013594264424579958,1.8666442867884019,Not Significant
AAGAB,-0.8605171231381838,0.000580527794643998,0.0021398598621454944,2.6696146673469534,Not Significant
AAK1,-1.7838125909059777,1.2306187661241309e-05,0.000130223250524522,3.8853114683560057,Down
AAMDC,1.2601132349359254,2.2640902822010664e-07,9.324606843611578e-06,5.030369470430757,Up
AAMP,0.19756499969697217,0.16462336545201386,0.21919400920613466,0.6591713197327054,Not Significant
AAR2,0.7518622221959461,0.014056572758730013,0.027029187625777083,1.5681670070184084,Not Significant
AARS,-0.6614269898486178,0.0001184111147195515,0.000646543940208543,3.1894019544005503,Not Significant
AARS2,0.2216461300057695,0.17312511723643154,0.22889383448766326,0.6403659053772193,Not Significant
AARSD1,0.3310213128173416,0.022898791330178508,0.04062740821772072,1.3911808821442886,Not Significant
AASDHPPT,-0.8567217798844347,0.0042204938460194295,0.01017728952451986,1.992367870455298,Not Significant
AASS,1.9239534570325283,3.958109516045132e-06,6.099502607696146e-05,4.2147055786843595,Up
AATF,0.9579998450780884,0.00082122189379215,0.0027939849233576896,2.553775941715118,Not Significant
AATK,-2.399460641593219,0.0006715186801108853,0.002385359373567369,2.6224461817392712,Down
ABAT,-0.6092753152888513,0.09612914887967454,0.13840289349919127,0.8588548302723514,Not Significant
ABCA1,3.4611184171222966,2.2299442489065226e-09,5.22429264267077e-07,6.2819725037204615,Up
ABCA2,-1.782588547405389,0.0004273797944649728,0.0016970532319432936,2.7703045348322064,Down
ABCA3,-0.6860405043045112,0.0015559918370100392,0.004613025828734295,2.3360141137322112,Not Significant
ABCA5,-4.490653913687904,1.1003505257650385e-05,0.00012235023395758274,3.9123951958553875,Down
ABCA8,0.7748047938993796,0.13524702581128017,0.18576033029335534,0.7310470254023678,Not Significant
ABCB1,-0.674297611322622,0.11431530441571329,0.160503467133644,0.7945155816968281,Not Significant
ABCB10,-0.20690149821576398,0.09791842980028656,0.14075774283791193,0.8515277060376082,Not Significant
ABCB6,0.7595660581342827,0.02682228002907632,0.0464035117659136,1.3334491512803328,Not Significant
ABCB7,1.1796507970236156,7.648934346173084e-07,1.996252968998644e-05,4.699784424932975,Up
ABCB8,-0.03713393949940169,0.8927582648952416,0.9154285216161232,0.038375560569927004,Not Significant
ABCB9,-1.842794786357958,8.039216190039592e-06,9.85244086355947e-05,4.006456163182164,Down
ABCC1,1.1826616463788966,0.0016559456166437407,0.004839569521923134,2.3151932669853137,Up
ABCC3,3.680453423926556,0.02077258225176868,0.037460951929662346,1.426421190854355,Up
ABCC4,1.612582365084025,0.002435359105482946,0.006602208726758665,2.1803107497048013,Up
ABCD1,1.8504004129509877,1.7491946516951363e-07,8.082980511280207e-06,5.0924284683193095,Up
ABCD2,-2.4985776527712744,1.0187191304712939e-05,0.00011635574286131308,3.9342121767826805,Down
ABCD3,0.6112802995881061,0.0016943226010981227,0.004933123087705922,2.306878048202046,Not Significant
ABCD4,0.9369324564449428,0.009015077908196794,0.018771784796852934,1.7264944332617476,Not Significant
ABCE1,0.35620909296434533,0.161239463531864,0.21534221869547898,0.6668708166744063,Not Significant
ABCF1,1.019163089107959,2.246611753337711e-05,0.00020081958121671785,3.6971939429226475,Up
ABCF2,0.07009870590025358,0.6430710929516489,0.6975662959400141,0.15641451121895397,Not Significant
ABCF3,-0.13448976406256463,0.39487122412515274,0.46292711647117285,0.33448737918936355,Not Significant
ABCG1,0.3730028582247584,0.09751387203786999,0.1402162070952758,0.8532017849054241,Not Significant
ABCG2,-0.0057741653956995265,0.9874120182456118,0.9918425238614311,0.003557275877061668,Not Significant
ABHD10,-0.5900191554330547,0.010745145561826644,0.021689537317579156,1.6637497122811256,Not Significant
ABHD11,0.07687170230218499,0.667117516609579,0.7193130538718718,0.14308205818513142,Not Significant
ABHD12,-0.1660948104227593,0.20469205928273518,0.2648090156946545,0.5770672329793726,Not Significant
ABHD13,-0.7257920449269442,0.009599230039072421,0.019763466873822924,1.704136869864572,Not Significant
ABHD14A-ACY1,0.8608719445385429,0.021578391685029886,0.03872118237174761,1.4120513897498654,Not Significant
ABHD14B,0.9189892837168934,0.0009407695792506967,0.003102230029908844,2.5083260024553025,Not Significant
ABHD16A,0.8608042162173035,8.87446486095359e-06,0.00010527380444839755,3.9776796819847533,Not Significant
ABHD17A,0.10331964914090719,0.5356019754936665,0.5983205035621199,0.223066114270919,Not Significant
ABHD17B,-0.7060163573879663,0.0013455903558731838,0.004108965518359034,2.3862675032378204,Not Significant
ABHD17C,-0.24022938433347463,0.540109116276324,0.6026203607672708,0.21995619888322399,Not Significant
ABHD2,-0.2470508452677791,0.4588691093022061,0.5254202554115054,0.27949318879417984,Not Significant
ABHD3,0.696318275366254,0.004713811660924595,0.011136365346038688,1.9532565297839903,Not Significant
ABHD4,1.8848185773226938,3.3678325969132326e-06,5.4725342471729004e-05,4.2618115119324065,Up
ABHD5,1.0194553601152556,0.0005764277455478591,0.002127081724779902,2.6722158237131124,Up
ABHD6,0.1463600431344787,0.3774025273198466,0.4453500129108744,0.3512985307579038,Not Significant
ABI1,0.5834400524106478,0.0004415342867788119,0.0017415882556811866,2.7590545126015806,Not Significant
ABI2,-0.8752702162617254,0.0005183920488855055,0.001961188701085477,2.707480617501305,Not Significant
ABI3,2.741469409127303,3.991106333237591e-06,6.129025183084679e-05,4.212608594204711,Up
ABI3BP,3.278200330026916,0.0037459148878547246,0.009265000387981462,2.0331545581585533,Up
ABL1,1.1448563251515083,3.148730078479706e-06,5.297513812826333e-05,4.275927902228978,Up
ABL2,0.1625399414043791,0.35540776545704883,0.42361308911669543,0.3730306291988056,Not Significant
ABLIM1,-0.5176159004101812,0.0738486729221374,0.11024770761968171,0.9576304320503553,Not Significant
ABLIM2,-3.7882308993115554,5.2938571137413913e-05,0.00036484972142501504,3.437885981009573,Down
ABLIM3,-0.20885513319169036,0.8033605690462134,0.8401448827701692,0.07564581350731793,Not Significant
ABR,-1.4134314000301735,0.0005138181517976065,0.0019488720109973972,2.7102166815302797,Down
ABRACL,-0.9227014889498442,0.01805686871488636,0.033346451958527076,1.4769503679484957,Not Significant
ABT1,0.7180730573103666,0.0007508283353801739,0.0025965824409954932,2.5855978840833522,Not Significant
ACAA1,0.7103726739450877,0.0010280457290516465,0.0033343633852112964,2.476987071696914,Not Significant
ACAA2,-0.6953868439866753,0.007932076645137277,0.016951154035450344,1.7708007296634327,Not Significant
ACACA,-0.43083660368157695,0.02733768420156507,0.047157505247699745,1.3264491782549814,Not Significant
ACAD10,0.8777964211399532,9.575077775079959e-05,0.0005550019189076842,3.2557055153105168,Not Significant
ACAD11,0.7084958108678521,0.027647018039937177,0.04757705154327419,1.3226024756691395,Not Significant
ACAD8,0.41405582584313194,0.030749003356790698,0.05205267346938489,1.2835569598482761,Not Significant
ACAD9,0.31846298445315924,0.0917892643378138,0.13299080237870506,0.8761783937269029,Not Significant
ACADL,-3.6393919947572897,0.00931536693966148,0.01930916375886846,1.714236534235781,Down
ACADM,-0.31043109992225126,0.10593654952238016,0.1501624876725,0.823438545571244,Not Significant
ACADS,-0.6814960619458308,0.06545305530192802,0.09939313824413971,1.0026435967452332,Not Significant
ACADSB,-1.1225243742506947,0.008265384533950006,0.01750746084840462,1.7567768361832177,Down
ACADVL,0.6281907648037759,0.014572932247055482,0.02783084729039563,1.555473571677384,Not Significant
ACAN,-0.1827769778941839,0.8955811646005922,0.9177125268017885,0.037293340123312584,Not Significant
ACAP2,0.10358481648975015,0.5677090211020275,0.628679859138378,0.20157045281217217,Not Significant
ACAP3,0.31412705553454146,0.21511058243389927,0.27637087201110844,0.5585077311655974,Not Significant
ACAT1,0.07006437044837455,0.6603805500175253,0.7131175539582537,0.14683887291497594,Not Significant
ACAT2,-0.5706381093480566,0.034585769477643656,0.05770404798240844,1.2387937196907453,Not Significant
ACBD3,0.22347954469165288,0.07192664976452487,0.10780971131198089,0.9673421168928426,Not Significant
ACBD4,-0.3221094423922306,0.2863710503553163,0.3528500441878004,0.45240982384266665,Not Significant
ACBD5,0.048179383800711406,0.8194045173797311,0.8546103228163796,0.06823186565512537,Not Significant
ACBD7,-3.3018775855320452,0.004143137761832267,0.010050077007632618,1.9978306104960515,Down
ACD,0.36370419095038287,0.0020452180103850536,0.005718436368753547,2.242722707090868,Not Significant
ACE,-0.292594121165779,0.6501127656943373,0.7039161652627638,0.15247906121555516,Not Significant
ACHE,-1.374052273281544,0.011927556824236695,0.02362528656062927,1.6266229150538207,Down
ACIN1,0.8941104900359278,6.104290740483736e-05,0.0004035080375304013,3.39414781008606,Not Significant
ACLY,0.7235689593440675,0.001374311181557392,0.004171464046862489,2.379711495174134,Not Significant
ACO1,0.6484240514799993,0.00025711877340688853,0.0011547991633085132,2.9374935394524075,Not Significant
ACO2,-1.0405111313050064,0.0036152371102412336,0.009010365821021818,2.045257576298856,Down
ACOT1,-1.4957554892968332,0.012984019600193901,0.02536377999851723,1.5957860224715272,Down
ACOT11,-1.2432184101406545,0.058178548014017714,0.09011234512503297,1.0452157078842652,Not Significant
ACOT13,-0.10381659222503714,0.3995950851417746,0.4674858771011773,0.33023150476937513,Not Significant
ACOT7,-1.8187802001274846,6.535788381929111e-05,0.0004227862073757688,3.3738791891940836,Down
ACOT8,0.11727581714922053,0.3204229333037834,0.38888158138288226,0.41018262587595633,Not Significant
ACOT9,0.2166655367807131,0.20635083606100757,0.266544213678496,0.5742307409941142,Not Significant
ACOX1,0.2936995142558736,0.04014574283287526,0.0655687764750949,1.183302920269316,Not Significant
ACOX2,0.9850395274040178,0.10786346447365484,0.1526433095519238,0.8163222263365455,Not Significant
ACOX3,0.2825259231728374,0.030488665327613757,0.05169014044267603,1.2865922878478564,Not Significant
ACP1,-0.0872142792866697,0.619717418220162,0.6769717275157138,0.16942946844972706,Not Significant
ACP2,0.47954732487605867,0.0190508533187175,0.034906929125638426,1.4570883557819674,Not Significant
ACP5,4.172679457060566,0.01083721867504975,0.021839196025695375,1.6607633535145037,Up
ACP6,1.060192232749955,0.03885501226103801,0.06371893106262362,1.195731518456248,Not Significant
ACPP,2.2332100372615358,0.0002787635302919661,0.0012263780847661405,2.9113756188762627,Up
ACSBG1,-1.2400464592316958,0.007989702591827118,0.017045375669222023,1.7683934227558726,Down
ACSF2,0.5863461981859217,0.16396960015640075,0.21852490434919714,0.6604990611874183,Not Significant
ACSF3,0.6119867621597201,0.0005136727817156518,0.0019488720109973972,2.7102166815302797,Not Significant
ACSL1,0.44226280055058353,0.2658914689709516,0.33174157799270254,0.4792000938673673,Not Significant
ACSL3,-1.4616763779571542,2.7447879841012563e-05,0.00023216619774841358,3.6342010111261502,Down
ACSL4,-0.7017569649357753,0.012719179069438662,0.02493830477725284,1.603133071743892,Not Significant
ACSL5,-0.308667816126162,0.39981834997192955,0.4676384601900869,0.3300897781743316,Not Significant
ACSL6,-3.1376488925318853,0.0030014654829063816,0.007768952537204236,2.1096375317753617,Down
ACSM5,2.575110280500935,0.00010178753775562366,0.0005780200988445056,3.2380570600820646,Up
ACSS1,-0.7793426855972463,0.1371791543142164,0.1878916112252095,0.7260926093615764,Not Significant
ACSS2,-0.18108733792750442,0.35350797138545037,0.4216480350150399,0.37504991925271747,Not Significant
ACSS3,-1.3926241223368887,0.08671085952568916,0.1265978549075062,0.8975736530052812,Not Significant
ACTA1,-0.7791832097377487,0.059477224480273136,0.09181220259625911,1.0370995936568215,Not Significant
ACTB,1.012517230146532,0.0014199048683243747,0.0042852371610244905,2.368025137597477,Up
ACTBL2,0.48768066473746574,0.7661219412787903,0.8080737552552124,0.09254899808865484,Not Significant
ACTG1,0.9151757469384805,0.00020040573123015828,0.000959228572702933,3.0180778933137105,Not Significant
ACTL6A,2.4530249168372027,2.3010524280181972e-07,9.384940145690412e-06,5.027568492832647,Up
ACTL6B,-3.3256387782187513,0.0013992356938351985,0.004230462298828268,2.3736121709560285,Down
ACTN1,-0.08240189619794336,0.9095463615675106,0.9293812807009941,0.031806079188908036,Not Significant
ACTN2,0.03197551274941901,0.8359588545699088,0.8684592658489493,0.061250546856375446,Not Significant
ACTN3,-0.38990449038914043,0.8310527815685999,0.8645214499713006,0.06322422681041098,Not Significant
ACTN4,0.24113394176004732,0.1368313124436491,0.18751116387788197,0.7269728705163814,Not Significant
ACTR10,-0.42625158113284556,0.05568419475406219,0.08680943639003752,1.061433063425192,Not Significant
ACTR1A,-0.5370838611683268,0.006726969666565243,0.01479962708472991,1.8297492276512886,Not Significant
ACTR1B,-0.876842199001004,1.0661910647263551e-06,2.480556301628938e-05,4.605450911256589,Not Significant
ACTR2,-0.6794709036025388,0.001463645420841282,0.004392244256644347,2.357313516380558,Not Significant
ACTR3,0.7587048947541106,0.0055345318393062275,0.012649589629554371,1.8979235633823073,Not Significant
ACTR3B,-1.2559813167814333,0.0004394788896366295,0.0017362001310585902,2.7604002153318565,Down
ACTR5,0.22732952410317253,0.32420430865450844,0.39227895047685474,0.4064049953040964,Not Significant
ACTR6,-0.7080109283842262,0.0010461014492784335,0.0033798672225884984,2.4711003605595616,Not Significant
ACTR8,0.29601283454557503,0.10339239770356753,0.14698675336846515,0.8327218026545631,Not Significant
ACVR1,0.8810028257613425,0.002380822524262482,0.006477020283397311,2.18862474291002,Not Significant
ACVR1B,-1.2680336943388824,1.0422883243287238e-08,1.4000016772383417e-06,5.8538714440253905,Down
ACVR2A,-0.5601429629203558,0.017254800064618703,0.03204819802293907,1.4941963845755852,Not Significant
ACY3,-0.6878857480440228,0.6057951657378366,0.6642843691785094,0.1776459665248613,Not Significant
ACYP1,-0.6769475208751246,0.022742740960760836,0.040371871795366464,1.3939211145591237,Not Significant
ACYP2,-0.30074032021530783,0.06822442786862534,0.10293438465606286,0.9874395273565294,Not Significant
ADA,0.8632552234877711,0.07788738796867821,0.11547278092663198,0.9375203749621583,Not Significant
ADAL,-0.08976369767301584,0.34710818000976157,0.4155398461578536,0.3813873253413218,Not Significant
ADAM10,0.5893287833340999,0.03494986067745634,0.05817661871525035,1.2352515239961834,Not Significant
ADAM11,-3.9299353464092235,1.0540983952133901e-05,0.00011918055256318398,3.9237946053637796,Down
ADAM12,1.1523553051771032,0.06184611462951725,0.09487403057374096,1.0228526487104384,Not Significant
ADAM15,0.7635055018254633,0.0001434622930920162,0.0007484407771149514,3.125842558967889,Not Significant
ADAM17,1.037981741633704,9.412803980198517e-05,0.0005478023529550541,3.2613761066691302,Up
ADAM22,-0.4825365560125192,0.19742951142273413,0.25633521047462604,0.5911917345705583,Not Significant
ADAM23,-0.6797804268550713,0.11420284755601838,0.16041264448958859,0.7947614015405169,Not Significant
ADAM9,1.6589816408831268,0.0016366730355323166,0.0048097561726816096,2.3178769393315637,Up
ADAMTS1,-0.3129918234671081,0.5631597124560921,0.6247407712017038,0.2043001506409331,Not Significant
ADAMTS4,-0.33152496286020927,0.5755190754643095,0.6364890949859977,0.19620903274556076,Not Significant
ADAMTSL2,-0.42689407402590973,0.22624854513131704,0.2886194559519929,0.5396743962924607,Not Significant
ADAMTSL4,0.6363461959945127,0.2680610298890794,0.3340483442729572,0.47619067650689867,Not Significant
ADAP1,-2.9198580512962025,7.297547747665511e-07,1.9453928120923626e-05,4.7109926931045125,Down
ADAP2,2.333383781061677,1.999755793935008e-06,3.7867556143047496e-05,4.421732722020356,Up
ADAR,0.04085217925173623,0.7336819605469903,0.7789957915841463,0.10846488853631836,Not Significant
ADARB1,-2.286443555517719,1.5121511622824623e-07,7.312339228857823e-06,5.135943669325141,Down
ADAT1,0.3997363240031042,0.0027946896999372114,0.0073587384045653145,2.1331966355130194,Not Significant
ADAT2,0.6547625257837275,0.02527833377932151,0.04414943385798975,1.3550748611447925,Not Significant
ADAT3,1.4126276511546347,0.012337175908670419,0.024326621668417658,1.6139181990279463,Up
ADCK1,0.17386726389102414,0.46024330181010364,0.5265747896007932,0.278539937101105,Not Significant
ADCK5,-0.1042788623767148,0.49863847261088173,0.5637172004356439,0.24893871355604008,Not Significant
ADCY1,-3.6111072266806588,0.0004288373074375032,0.0017008295413879556,2.7693392095762124,Down
ADCY2,-0.5266770301344046,0.23037843084554122,0.2932484263946047,0.532764309681226,Not Significant
ADCY3,-1.210355272265037,0.00019322109470011397,0.0009349228184481019,3.029224240363461,Down
ADCY5,-2.4220431677193783,1.9601378927463925e-05,0.0001819947385394208,3.7399411672694636,Down
ADCY6,-0.16579956980937993,0.3780693760007819,0.44600766196580544,0.35065768047869295,Not Significant
ADCY7,1.5153783526245022,0.0006500881130847079,0.0023297714874476513,2.63268667408444,Up
ADCY8,0.6855906516603909,0.3930619599565422,0.46128916409624954,0.33602674705762886,Not Significant
ADCY9,-0.7534154015310612,0.00738721515722067,0.01596877097132851,1.7967285078383426,Not Significant
ADCYAP1R1,1.344042991078659,0.1251032002154949,0.17345026685533935,0.7608250276540793,Not Significant
ADD1,-0.33516217112675406,0.02636090308211636,0.045730969114730534,1.339789595104772,Not Significant
ADD2,-1.7904440463583953,2.406908451913022e-08,2.3260010830753635e-06,5.633390087383346,Down
ADD3,-0.2947382361772881,0.2743529132905593,0.34045716290824024,0.4679375242296577,Not Significant
ADH1B,-2.694777215315421,0.002495661021489932,0.0067276663447925,2.172135555291097,Down
ADH5,0.2988558014215883,0.14243340741393679,0.19400678019037307,0.7121830919882769,Not Significant
ADHFE1,0.15497313011657354,0.7139604004624643,0.7620721629856819,0.11800390201657793,Not Significant
ADI1,0.4131503290731722,0.062369144570851395,0.09553090503371704,1.0198561078473847,Not Significant
ADIPOQ,-3.7603330075768633,0.09975018872708394,0.14296249839758765,0.8447778707513991,Not Significant
ADIRF,-1.3729499363875952,0.04441878529996314,0.07159597489789259,1.1451113928984524,Not Significant
ADK,0.4765402907192815,0.029097280025266157,0.04973294858746713,1.303355791374962,Not Significant
ADM,1.566311011488068,0.15685610720257012,0.21012877978174085,0.677514461423555,Not Significant
ADNP,0.3010592109847572,0.009104327548838753,0.018926330112876928,1.722933589218445,Not Significant
ADO,-0.09278603389874007,0.567021372925376,0.628056438796068,0.20200132766988876,Not Significant
ADORA1,-1.4524719497456573,7.243855670046401e-05,0.0004531051359053595,3.3438010151046016,Down
ADPGK,1.1870906576790503,0.00014956768390803424,0.0007707134770790471,3.1131070466583566,Up
ADPRH,1.3758733717723892,2.3848241661595435e-05,0.00020945700653784866,3.678905107492638,Up
ADPRHL1,-2.0765941144266,0.00048088571102227726,0.0018637947234566611,2.7296019221211627,Down
ADPRHL2,0.8491489650851847,3.545013190032974e-05,0.00027748611403568125,3.5567587449685796,Not Significant
ADRM1,0.40779905050397147,0.0102584307851274,0.020877460955428973,1.6803223198506492,Not Significant
ADSL,0.7375920559678768,0.0002813283399252289,0.001235441018485944,2.9081779835338835,Not Significant
ADSS,-0.673576478906174,0.0024644179572457996,0.0066666343988437664,2.176093361121383,Not Significant
ADSSL1,-0.7705815749416196,0.14403816920528728,0.1958219320612772,0.7081386688159712,Not Significant
AEBP1,0.20804843798880057,0.8273347965031745,0.861543388461131,0.06472284602239375,Not Significant
AES,-1.4813010485006046,5.129017751698198e-06,7.256983824523547e-05,4.1392438449394025,Down
AFAP1,0.6345231724445561,0.0069150948152900075,0.015153940650257023,1.8194744179785232,Not Significant
AFAP1L1,0.9955944775007399,0.14723247109400928,0.19930393896816037,0.7004841179817413,Not Significant
AFAP1L2,-0.5815432844763606,0.37574996836059477,0.44360777935833023,0.3530008464210483,Not Significant
AFF4,0.2557194756990384,0.11211337746366112,0.15794017124443047,0.8015073954449584,Not Significant
AFG3L2,-0.44616677424821916,0.011231040701973232,0.02250228799357167,1.6477733213346761,Not Significant
AFM,2.057923595812844,0.34761229511892855,0.41604446489581637,0.38086025152006653,Not Significant
AFTPH,-0.6865850377046705,0.00022132839662401295,0.0010317733769506278,2.986415682503226,Not Significant
AGA,0.9223235001233654,0.00493120395114097,0.011550092677003984,1.9374145310142654,Not Significant
AGAP1,-1.9091520498504941,0.00033528354103873407,0.0014097021671219563,2.8508726326200273,Down
AGAP2,-2.250553991985317,0.03560660283559989,0.0591427727890904,1.2280983183156062,Not Significant
AGAP3,-1.0345794919432656,0.00014927387943697813,0.0007695931737196099,3.113738793138972,Down
AGBL4,-2.806068482129543,8.175370532747286e-05,0.0004955396073820467,3.30492162759643,Down
AGFG1,0.03892413152016516,0.8461942723348226,0.8767650552922687,0.05711676793380701,Not Significant
AGFG2,0.2758076670927956,0.3863450823077834,0.45467761205240775,0.34229642956764705,Not Significant
AGGF1,0.0012316791159818763,0.9910754014489809,0.9943325957770175,0.0024683234998292346,Not Significant
AGK,-0.08622663805865471,0.5579858302225815,0.6198105003305378,0.20774107056691557,Not Significant
AGL,-0.3075874763765434,0.022491559885458482,0.040016275223772824,1.3977633386145027,Not Significant
AGMAT,-1.2021340204597522,0.005942134767571209,0.013367812784393113,1.873939645346438,Down
AGO1,0.22451762625007632,0.2273340154920968,0.28985734363591736,0.537815692153121,Not Significant
AGO2,0.36219740001057943,0.038271154768492445,0.06296785353069395,1.200881110821545,Not Significant
AGO3,0.8585336953340637,0.0002528714305974755,0.001144357209527732,2.941438389955752,Not Significant
AGO4,0.6449621161781707,7.75445227029701e-05,0.0004766220388710926,3.3218258798686837,Not Significant
AGPAT1,0.045894467161737396,0.6854062267164132,0.7360390499883963,0.1330991438899571,Not Significant
AGPAT2,0.0236646990860514,0.9265260846669455,0.94366836284853,0.02518060473806898,Not Significant
AGPAT3,-0.8620978559543815,0.010934562490779915,0.021995763285167103,1.6576609627717047,Not Significant
AGPAT4,0.020523765255429538,0.9453108393457426,0.9582472726473145,0.01852240815595531,Not Significant
AGPAT5,1.224189191157059,5.66097943749552e-07,1.5974427690008368e-05,4.7965746922007755,Up
AGPS,0.2401387396475343,0.06399011449537985,0.09756870189593712,1.0106894730481923,Not Significant
AGRN,0.6297483400316786,0.06950214056704897,0.10475232855662048,0.9798363142513946,Not Significant
AGT,0.6118220494560838,0.1430764540347738,0.19467209588685996,0.7106962953770002,Not Significant
AGTPBP1,-1.8596213413697775,0.00037872540286021156,0.0015381745607863013,2.8129943755330498,Down
AGTRAP,2.2394910791652656,5.547648185613071e-07,1.5832013547270842e-05,4.800463847180737,Up
AHCTF1,0.31575165114472625,0.01977546063617286,0.03597291268486916,1.4440243964391055,Not Significant
AHCY,0.7807016651669869,0.0009335289142085126,0.0030823894728733386,2.5111124872161903,Not Significant
AHCYL1,-0.08855889005907258,0.8559622589672367,0.8847695256347159,0.05316984430859665,Not Significant
AHCYL2,0.20871255220799156,0.6346009300106279,0.6900874102900545,0.16109589563621649,Not Significant
AHDC1,-0.387289694993342,0.1247413079653168,0.17301995545127377,0.7619038041395851,Not Significant
AHNAK,0.7440875512283469,0.1933302612313061,0.25162907643981625,0.5992391763915048,Not Significant
AHNAK2,-3.29447127329996,0.012438417358708084,0.024492692820880617,1.6109634642440718,Down
AHR,1.8524616765145048,0.005603526223881112,0.012763031115951364,1.8940461719626203,Up
AHSA1,-0.45152206845328635,0.02726513817868403,0.047040418224364264,1.3275288257132494,Not Significant
AHSG,-0.7590392396276329,0.1619661928153965,0.21614086984001912,0.6652631050845065,Not Significant
AHSP,-1.6966169897352108,0.5953825919950875,0.6546479187686652,0.1839922084763216,Not Significant
AIDA,0.28048476772193,0.16779798862474166,0.22280175792877918,0.6520813868566728,Not Significant
AIF1,2.937507483154043,7.396809198523863e-07,1.9506663839248534e-05,4.709817000215749,Up
AIF1L,-0.18998782473802223,0.6953039850475815,0.7446042676059674,0.12807447900614208,Not Significant
AIFM1,0.4058362964275446,0.01903533656237063,0.03488484273773362,1.4573632304973196,Not Significant
AIFM2,-0.6076867876085146,0.1339629176496309,0.18421272623565133,0.7346803701055012,Not Significant
AIFM3,-4.734400333075504,5.284092547985647e-06,7.41392038000103e-05,4.12995208228162,Down
AIG1,-0.45853069455051454,0.12175523233471859,0.169297751627323,0.7713488095362556,Not Significant
AIMP1,0.423082007311951,0.09995630839643221,0.14313572861203386,0.8442519469369578,Not Significant
AIMP2,1.1354760831134278,0.000167894836532779,0.000839390860164375,3.076035763980602,Up
AIP,0.25186307127759733,0.12710592654032926,0.17583751556545932,0.7548884610888862,Not Significant
AJAP1,-3.5035714091935226,0.0034498498445732833,0.008688446833557814,2.061057852078621,Down
AJUBA,3.2938918136162822,3.5587789165334463e-07,1.2030583491663737e-05,4.9197133085650195,Up
AK1,-0.8019579926775773,0.010310069122403022,0.020957150189485074,1.6786677742230092,Not Significant
AK2,1.541608314635571,7.8904677332402e-06,9.773050768949814e-05,4.009969845155062,Up
AK3,0.190238763508372,0.059596401521614856,0.09192683339898147,1.036557699755313,Not Significant
AK4,-0.8745108734453559,0.15412722503645065,0.20716179653331607,0.6836903313811052,Not Significant
AK5,-5.644304652823317,0.00015051988019366245,0.0007744317022834298,3.1110168769742677,Down
AKAP1,-0.3044097028563577,0.07978465437650223,0.11797308207674789,0.9282170743813324,Not Significant
AKAP10,-0.36237442996387514,6.696509644802376e-05,0.00042859363508093473,3.367954282826979,Not Significant
AKAP11,-1.8042127475138585,0.000187564007075335,0.0009159087771579859,3.0381477791157345,Down
AKAP12,-1.571938801211541,0.004593055144087501,0.010909036245448835,1.962213615293546,Down
AKAP13,1.6798777033616759,0.0001453962133310798,0.0007561804094462044,3.1213745782028144,Up
AKAP17A,0.5350275915405938,0.011367584137102576,0.022712622490513954,1.6437327175018135,Not Significant
AKAP5,-3.60351331317721,1.9420681500515346e-07,8.536500082302988e-06,5.0687201511488285,Down
AKAP6,-0.6239772974480466,0.01288407539570188,0.02520764722010113,1.5984676877234365,Not Significant
AKAP7,-0.3856317304671144,0.04750525817277524,0.07584278460103609,1.120085730065252,Not Significant
AKAP8,0.3137354695729435,0.003828706824222625,0.009423501721773449,2.0257876857578783,Not Significant
AKAP8L,0.297779484965659,0.05631584354873797,0.0876855962766594,1.0570717404003867,Not Significant
AKAP9,-0.08602352614846609,0.6233471307592577,0.6801255274849737,0.16741092426012538,Not Significant
AKR1A1,1.353020601990952,3.7726913547920725e-08,3.089926236437019e-06,5.510051888047897,Up
AKR1B1,0.9184473811526424,0.0003525646516475161,0.001461619876830073,2.8351655595670393,Not Significant
AKR1B10,9.465733503709503,0.005328455451262078,0.012269453763660383,1.9111747716420844,Up
AKR1C1,-0.6970062860100015,0.5312394991862641,0.5942379208086191,0.22603963749962172,Not Significant
AKR1C2,-1.6368142336228075,0.06326418911291337,0.09664057581620772,1.0148404910464472,Not Significant
AKR1C3,0.6066224917126011,0.5374287041051293,0.6000284567388976,0.22182815243033283,Not Significant
AKR1D1,2.706647758897167,0.23085292059707763,0.29371208917592323,0.5320781775686453,Not Significant
AKR7A2,0.6135693724723623,0.002897601027251942,0.007568008477482569,2.12101839012082,Not Significant
AKR7A3,0.11463756469688846,0.6300734435084006,0.6861268911364855,0.16359555918499313,Not Significant
AKT1,0.6766457748639603,0.00035737837115779975,0.001476714401576569,2.8307034896661896,Not Significant
AKT1S1,0.7879884460789537,0.0028639697487664864,0.007499774174440754,2.1249518134444068,Not Significant
AKT2,0.434107334110152,0.09104344485249066,0.1320811727309895,0.8791590836857804,Not Significant
AKT3,-1.1115432522312219,0.0014754455997500959,0.0044210704853903824,2.354472561056108,Down
AKTIP,-0.726781572095657,0.0001513782930577006,0.0007772604099201203,3.1094334526999003,Not Significant
ALAD,-0.4307270563222403,0.0013923524273530728,0.004213589894024976,2.375347736271624,Not Significant
ALAS1,-0.5770484446673123,0.0040208840715489705,0.00983164712057872,2.007373717625234,Not Significant
ALB,0.022897381273887518,0.9654045512642426,0.9738145037985362,0.01152376144676524,Not Significant
ALCAM,1.072965699779786,0.026637503191526347,0.04612344571183163,1.3360782556328448,Up
ALDH16A1,1.4623070569833185,3.3381499702949095e-05,0.0002652091703529252,3.576411463054533,Up
ALDH18A1,0.9491854113597036,0.005124762136845425,0.011873701418256857,1.9254138762482482,Not Significant
ALDH1A1,-2.546539631838778,0.000986068944687861,0.003231508961869067,2.4905946353207957,Down
ALDH1A2,1.2632410903188234,0.12352458870492448,0.1714976166777025,0.7657419110201295,Not Significant
ALDH1A3,-4.106651625945311,0.0008640296687897432,0.002896583987816264,2.5381138744094143,Down
ALDH1B1,0.7351801104949551,0.0077580260020295765,0.016635664951989346,1.7789598350591775,Not Significant
ALDH1L1,-0.8274976850015605,0.22174147187439322,0.2835521182613147,0.5473671039915816,Not Significant
ALDH1L2,0.13160621089049584,0.6472214223339715,0.7013131772176432,0.15408800091421454,Not Significant
ALDH2,-1.0020525663841369,0.0392637410304195,0.06430546693878167,1.1917521038966359,Not Significant
ALDH3A1,-2.101730325798572,0.3013813207850685,0.3685053314223547,0.43355622451982806,Not Significant
ALDH3A2,0.535285156754906,0.03971940713677374,0.06497780245142233,1.1872349805773614,Not Significant
ALDH3B1,2.6534010238429513,4.133244623588989e-05,0.00030593906199879116,3.51436506918243,Up
ALDH4A1,0.3908382636475025,0.402172426202739,0.47000986329076483,0.32789302817533306,Not Significant
ALDH5A1,-1.341634965143765,0.03726169084077199,0.0615771446079293,1.2105804536233276,Not Significant
ALDH6A1,-0.9436781471845777,0.01417148529138108,0.027213790092522495,1.5652109693690144,Not Significant
ALDH7A1,-0.837196711525241,0.24330077032386221,0.30727738613752503,0.5124694001636221,Not Significant
ALDH9A1,0.4872717349748754,0.113057786042675,0.15898159360607314,0.7986531540320307,Not Significant
ALDOA,-0.7432122236662266,0.005061856178683787,0.011757698672829255,1.929677674135404,Not Significant
ALDOB,-3.065523955869696,0.11571509514417952,0.1621596801781733,0.7900571208579158,Not Significant
ALDOC,-1.2625194483871915,0.05192830737785255,0.08175117495303744,1.0875059968089154,Not Significant
ALG1,-0.1127288350174247,0.4825620292664645,0.5484971096502723,0.2608256566330164,Not Significant
ALG11,0.37481817938583006,0.11260827302108412,0.15850436529473264,0.799958772579933,Not Significant
ALG12,0.16968250514852556,0.5002808704313884,0.5653201894252167,0.24770550419246784,Not Significant
ALG13,0.4042060531824063,0.005750562582299006,0.013021165982036453,1.8853501250695288,Not Significant
ALG14,0.10054681855598524,0.5289541308278748,0.5922734149116384,0.22747776088648658,Not Significant
ALG2,0.46579036905376725,0.01892037094499499,0.03469308643973053,1.4597570618149849,Not Significant
ALG5,0.42502209705481064,0.02282271786041822,0.04049957014723501,1.3925495862587776,Not Significant
ALG6,0.7714622986045114,0.03470120775619516,0.057838409018429904,1.237783661841115,Not Significant
ALG8,0.8815111949809378,0.00011159572148585533,0.0006198865872621222,3.207687760552874,Not Significant
ALG9,0.08039812737670893,0.5889438476525864,0.6487720416896835,0.18790787396570113,Not Significant
ALKBH1,0.4090049157649105,0.008748506974430222,0.018315141159686212,1.737189729762934,Not Significant
ALKBH2,1.4710750963159587,3.216444551968445e-07,1.136928505843162e-05,4.944266844453897,Up
ALKBH3,0.37269875327355706,0.05105232748831113,0.0805503574653024,1.0939325279342251,Not Significant
ALKBH4,-0.04203332412131644,0.8494728223984724,0.8795959721289147,0.05571676804043246,Not Significant
ALKBH5,-0.4328675315061119,0.017604853499592166,0.03260733483266988,1.4866846968937197,Not Significant
ALKBH6,-0.21733962426039,0.30883517077804556,0.37665926276247347,0.42405134797873395,Not Significant
ALKBH7,0.7000621504414468,0.007203371292193402,0.015630553226858176,1.806025650316081,Not Significant
ALKBH8,0.5760777821965597,0.032236667494398255,0.05425195261252389,1.2655846262613009,Not Significant
ALMS1,0.23693719789350354,0.12370899761881476,0.17168266180079073,0.7652735619413008,Not Significant
ALOX12,-2.142224038969599,0.3507466404850556,0.4189993663282877,0.3777866338364161,Not Significant
ALOX15B,0.06844944506110551,0.9017728078667194,0.9225611116532275,0.03500485598221354,Not Significant
ALOX5,2.2860058088159754,5.994814047348145e-05,0.0003980999124125591,3.4000079179666343,Up
ALOX5AP,3.72389214183994,4.706316894458045e-06,6.831619077056245e-05,4.165476357387052,Up
ALPL,-0.9201062070280663,0.07237127409871992,0.10829890304077606,0.9653759423197449,Not Significant
ALS2,-0.6271585373346547,5.200452557965094e-05,0.0003595700691073463,3.4442164664452575,Not Significant
ALYREF,1.2416072435174321,1.257699427768697e-05,0.0001315686815715665,3.880847477282503,Up
AMACR,0.49819617916097236,0.1831523749761446,0.24049491990480718,0.618894093014106,Not Significant
AMBP,-1.1725839328233723,0.6416976264850184,0.6963945629489684,0.1571446282647561,Not Significant
AMBRA1,-0.04709001888592823,0.8065611448692038,0.843135516593583,0.07410261591054153,Not Significant
AMD1,-0.45007407963293034,0.13858125100354768,0.18960580233732707,0.7221483764677552,Not Significant
AMDHD2,0.5092925827587216,0.008088594219288283,0.0172053416733763,1.7643366984927136,Not Significant
AMER2,-1.0761491942023511,0.0998694364915708,0.14305199818229553,0.8445060714939234,Not Significant
AMFR,0.30684827538584614,0.07018738660977611,0.10568439589269478,0.9759891307433066,Not Significant
AMIGO1,-2.271874241780292,6.390989324348584e-05,0.0004158031132682168,3.381112263272598,Down
AMN1,-1.7652899251142529,1.6530920669668457e-07,7.709837723437039e-06,5.1129547628773855,Down
AMOT,-1.1970305447429581,0.1856919013963278,0.24341707412707955,0.6136489620997753,Not Significant
AMOTL1,1.5423352336024188,0.0002894533579689275,0.0012628640659068757,2.8986433941823613,Up
AMOTL2,0.7736060023941107,0.15866788852199823,0.21221724760629448,0.6732193224335431,Not Significant
AMPD2,-0.5224282601150065,0.0004833709370462706,0.0018682603969178595,2.7285625922049443,Not Significant
AMPD3,-0.1300600570885848,0.7477676766830822,0.7920242860026909,0.10126150134579961,Not Significant
AMPH,-3.0174569896549315,4.05155128605741e-05,0.00030278432979037346,3.518866604937066,Down
AMT,-0.1349719310492361,0.6590716065755828,0.7121621114064595,0.14742113547054073,Not Significant
AMZ2,-0.5661731077232837,0.0002497840612528127,0.001136939389406066,2.9442626870696245,Not Significant
ANAPC1,0.20112655369423038,0.1358538378146829,0.18635506020494494,0.7296588101049469,Not Significant
ANAPC10,0.15335657410171422,0.3830774582152067,0.45109553641846784,0.3457314702164542,Not Significant
ANAPC11,0.9837095923472745,6.573741063734441e-05,0.0004234597530875161,3.3731878600501775,Not Significant
ANAPC13,-0.02728661785832287,0.8900925214407966,0.9133943221956388,0.03934169236419164,Not Significant
ANAPC16,0.41638070742687816,0.06095862503711586,0.09371237427497409,1.0282030587972557,Not Significant
ANAPC2,0.5437425078952209,0.00012938263364781205,0.0006885370583032534,3.1620726802676327,Not Significant
ANAPC4,0.5842741781702578,0.005230800982502996,0.012075892698497619,1.9180807545970535,Not Significant
ANAPC5,0.5263292170999101,0.0024494236830655282,0.006633197361075842,2.178277080712925,Not Significant
ANAPC7,0.33706499530007505,0.04458507480357571,0.07182952879757264,1.1436969825335015,Not Significant
ANG,2.0112714576661723,0.016697434419495567,0.031184641146087936,1.5060592491812486,Up
ANGEL1,0.6831222465195452,0.01513128707765783,0.028717518089737184,1.5418530966897734,Not Significant
ANGEL2,-0.11986581883654424,0.558473002119404,0.6201561974593117,0.20749891187088967,Not Significant
ANGPT2,1.7299812330591084,0.07620149044158157,0.11323997856741301,0.9460002215045251,Not Significant
ANGPTL1,-0.09225797205103703,0.908433386397898,0.9284323764403393,0.03224972316634283,Not Significant
ANGPTL2,4.079655318964171,3.798835551811009e-09,7.138401140820837e-07,6.1463990506154484,Up
ANGPTL4,0.4880814221666512,0.6392188247662948,0.6939106078335833,0.15869647338538195,Not Significant
ANK1,-2.4397109035129994,0.00033964046132864146,0.0014203146564652279,2.8476154313716533,Down
ANK2,-2.148458067813131,7.718626703641174e-06,9.611550730838219e-05,4.017206537460093,Down
ANK3,-3.6969218865581066,0.00018378312724095085,0.0009000401219564367,3.045738130165233,Down
ANKFY1,1.1055868904080448,1.1557648316283057e-05,0.00012544117773987076,3.901559877144284,Up
ANKHD1,0.5423504018226861,0.07615612665909124,0.11318926231391047,0.9461947704887602,Not Significant
ANKHD1-EIF4EBP3,0.525811175249407,0.14384061092797132,0.1956094038803413,0.7086102704320107,Not Significant
ANKIB1,0.3262375441434955,0.16564717591977277,0.2204080315910843,0.6567725839938645,Not Significant
ANKLE2,0.3978731961646709,0.011186791024061596,0.022427011497790354,1.6492285942944225,Not Significant
ANKMY2,-1.052452757319056,1.2188814342874439e-05,0.00012952543849168468,3.887644928790336,Down
ANKRD10,2.1974419083485692,0.0002568425187534614,0.001154072941089371,2.9377667415169215,Up
ANKRD11,-0.8380133493287119,2.9137049465879088e-05,0.00024238367986727162,3.6154966253564025,Not Significant
ANKRD12,-0.7457087949818835,8.195986516113852e-05,0.0004964904880537038,3.304089067461369,Not Significant
ANKRD13A,0.8988184370785817,0.0005071606407424479,0.0019323510948711876,2.7139139624380255,Not Significant
ANKRD13D,-0.16069051807019008,0.19020050890224446,0.24838993086352223,0.60486601340304,Not Significant
ANKRD16,-0.22703098462632454,0.2637241932451768,0.32933649718010555,0.4823601379622123,Not Significant
ANKRD17,-0.07425136697156276,0.5768268029508029,0.6377953257519908,0.1953186679208365,Not Significant
ANKRD22,7.22394502904543,0.004079619713946824,0.009939078355090763,2.002653885608317,Up
ANKRD24,-2.5830817795737264,5.959589931091476e-05,0.00039706950374216615,3.401133466915186,Down
ANKRD27,-0.5346793037217772,0.008057040192264128,0.01715727408322973,1.7655517109308159,Not Significant
ANKRD28,0.6269463055299944,0.011703263240517564,0.023245006680791394,1.6336703246613449,Not Significant
ANKRD29,-3.5651211293490768,0.00029926277131644415,0.0012966766272007994,2.887168317310359,Down
ANKRD34A,-3.0916201379907715,1.4725786188730231e-06,3.156331277984433e-05,4.5008174209727,Down
ANKRD35,-2.813162214736483,0.00010403947049526689,0.0005888166436906285,3.2300199225821755,Down
ANKRD39,-0.08610345193888591,0.49535542980135455,0.5606348275271145,0.251319926673793,Not Significant
ANKRD40,-0.49676480462992956,0.021590650090527897,0.03873627943223117,1.4118820950172135,Not Significant
ANKRD44,1.4589418857991898,0.000804271001697642,0.0027474486507636643,2.561070415700973,Up
ANKRD45,-1.3518186683266347,0.002150696579250378,0.005948311891251313,2.2256062679412394,Down
ANKRD46,-1.118690412287748,0.0017435789591016913,0.00505753366944729,2.2960612173250285,Down
ANKRD49,0.39498400763579156,0.02147577656627346,0.038557649817971634,1.4138894452617365,Not Significant
ANKRD50,0.34841079463800284,0.07438633313805597,0.11093529534163965,0.954930256074722,Not Significant
ANKRD52,-0.3034202754083495,0.35726414919643706,0.4253225052002963,0.3712816367411514,Not Significant
ANKRD54,0.01308765781971033,0.9342764855731347,0.9490673909109367,0.02270294830861934,Not Significant
ANKRD63,-2.9763562005320523,0.1826380222917409,0.23988206474145995,0.6200022217070134,Not Significant
ANKS1A,-0.06860091113613365,0.619324993340618,0.6766193736623817,0.16965557120336175,Not Significant
ANKS1B,-2.2862324971523016,0.0004323727413182705,0.0017135023587884566,2.7661152933887068,Down
ANKS6,-0.1222531992783793,0.6518326267834483,0.7056266797997485,0.15142500685759203,Not Significant
ANKZF1,0.6922202928068195,0.008440214094497602,0.0177986074773481,1.749613974576541,Not Significant
ANLN,-0.5833635753039239,0.32231214715806655,0.39044884204790314,0.4084358608180557,Not Significant
ANO10,-0.29530630792710966,0.11303610025735603,0.15898159360607314,0.7986531540320307,Not Significant
ANO6,2.3150479872947045,5.0870022757120914e-05,0.00035366777726379304,3.451404507032894,Up
ANO8,0.35378747776116626,0.2041104847725289,0.2641584048816105,0.578135566557077,Not Significant
ANP32A,0.5681989622489745,0.0005725231200717933,0.0021157298810020875,2.6745397802467745,Not Significant
ANP32B,1.101814038051213,0.0030275799246436397,0.007820471836117955,2.1067670436612995,Up
ANP32E,-0.11425899455840494,0.49754835208800513,0.56276172110903,0.24967545081884712,Not Significant
ANPEP,0.5257175291748322,0.26882108233294677,0.3349540610293266,0.47501475239464286,Not Significant
ANTXR1,2.0169021100266527,7.212143685674812e-07,1.9374702797196813e-05,4.712764950732744,Up
ANTXR2,1.5866460467415031,0.0004084589668168247,0.0016315684503222412,2.787394701236429,Up
ANXA1,2.752824478303882,0.013084227200924888,0.025503948894529782,1.5933925705335876,Up
ANXA11,-1.8939404448912356,0.0026071182319701586,0.006948177002345867,2.158129126586057,Down
ANXA2,2.0334878907880647,0.0018714978676628116,0.005351711146083473,2.2715073352715165,Up
ANXA3,-4.157818991136471,0.00046662246886240607,0.0018198818239720785,2.739956812489182,Down
ANXA4,0.0034654879028543917,0.9911758766536282,0.9943343737710267,0.0024675469263768708,Not Significant
ANXA5,1.573497401998054,0.0014469781729756727,0.004351300929718485,2.3613808804864522,Up
ANXA6,-0.7579917652996002,0.014851852891132973,0.02825105098664531,1.5489653910583345,Not Significant
ANXA7,-0.314976548555606,0.04946918983163832,0.0785797253806251,1.1046894932881164,Not Significant
AOAH,2.3995268255895734,2.0884454156838136e-05,0.00019005419257090098,3.7211225454751173,Up
AOC3,0.37737302935239114,0.42816289654584744,0.4946220269688392,0.30572654713765823,Not Significant
AOX1,-0.0010724987526398166,0.9969318005182533,0.9991137045782813,0.0003850838852495371,Not Significant
AP1AR,-0.2870855464835671,0.5026660670579518,0.567569822858306,0.24598070362069754,Not Significant
AP1B1,0.45415280224016996,0.021711538480513666,0.03892543845038168,1.409766486903479,Not Significant
AP1G1,0.059223883674352606,0.5357264494682755,0.5983931979092368,0.2230133518536115,Not Significant
AP1G2,-1.4297381716528559,0.00376803808855302,0.009308292227582914,2.0311299907877007,Down
AP1M1,-0.567993667682579,0.0008128961650065007,0.0027722125816775516,2.557173469763832,Not Significant
AP1S1,-0.9905321801889677,0.00011989529619843212,0.0006518214861861874,3.1858713278562982,Not Significant
AP1S2,0.6097486716258658,0.16891034535485222,0.22407200672962618,0.6496123963976835,Not Significant
AP2A1,-0.9081353815676785,1.049758050194006e-05,0.00011882317525454401,3.9250988463617738,Not Significant
AP2A2,-1.0681496780191715,0.0017562577047695546,0.005086087184791092,2.293616199498661,Down
AP2B1,-0.28313987733057644,0.18142072776702017,0.23846978229709828,0.6225666447708512,Not Significant
AP2M1,-0.4451685577456175,0.060088249907361495,0.09257211034818164,1.0335198356320279,Not Significant
AP2S1,-0.45097063632321266,0.08144166737896995,0.11989527358990842,0.921197936953532,Not Significant
AP3B1,0.6755880205008786,0.002296117460060677,0.006287330060519506,2.201533740270178,Not Significant
AP3B2,-2.6821372265640413,0.00018386763658788431,0.0009000401219564367,3.045738130165233,Down
AP3D1,-0.33378843157509763,0.0069937063991125795,0.01526643516027305,1.8162623624829286,Not Significant
AP3M1,0.8669092278595301,4.952949271050335e-07,1.4589476887883355e-05,4.835960279647229,Not Significant
AP3M2,-1.2777015498408453,7.557061731848346e-06,9.480677445409744e-05,4.0231606288759085,Down
AP3S1,-0.894610989783768,0.0004812120384862791,0.0018637947234566611,2.7296019221211627,Not Significant
AP3S2,-0.2655101136066307,0.2019857149501554,0.26181215805556685,0.5820101895123798,Not Significant
AP4B1,0.32281935381833193,0.023553268040626192,0.04159811049110594,1.3809263958617914,Not Significant
AP4E1,0.3530735458176899,0.01909708721514071,0.03498528034284915,1.4561146416642425,Not Significant
AP4M1,0.855508799902033,0.00149472189823342,0.004466997258729085,2.349984314042421,Not Significant
AP4S1,-0.859828568232011,9.751847706046893e-05,0.0005629805947892058,3.2495065744580858,Not Significant
AP5B1,-0.35129664065989985,0.12699592911957608,0.17573585026794086,0.7551396330105097,Not Significant
AP5M1,-0.9143177695986857,2.039802976052595e-06,3.8337640262600454e-05,4.416374622090985,Not Significant
AP5S1,0.36889688513241836,0.0023698530180562842,0.0064570030127851005,2.1899690109558394,Not Significant
AP5Z1,0.8390303880849519,1.2510984915669378e-05,0.00013139887094797123,3.8814083664594383,Not Significant
APAF1,0.9587579620993107,2.7779928201674677e-05,0.0002339924721602598,3.6307981141789516,Not Significant
APBA1,-1.8066371698584511,5.919264185057059e-05,0.00039554360303210645,3.40280563476439,Down
APBA2,-0.2823334474623138,0.1376206815876293,0.1884195088765667,0.7248741325473806,Not Significant
APBA3,1.01126686916699,0.0016919123879960895,0.004927529747520268,2.3073707452027747,Up
APBB1,-1.5025000996935987,0.000194854334143594,0.0009401161696180871,3.0268184775632587,Down
APBB1IP,1.9529427695162909,0.0002951341605039733,0.0012832030785140383,2.8917046071490207,Up
APBB2,0.5609670764082537,0.06106979843430532,0.09385463759377449,1.0275442629294294,Not Significant
APC,-0.7587532905111587,0.0023031154579114367,0.006301353917164534,2.200566127438498,Not Significant
APC2,0.16641578911247024,0.6317587674682419,0.6877391207558967,0.16257627092454066,Not Significant
APCS,0.0,1.0,1.0,-0.0,Not Significant
APEH,0.21601677950016906,0.1536794934182844,0.2067254929490983,0.6846059637963252,Not Significant
APEX1,1.1788965736002552,0.00020354604440351714,0.0009704320167160585,3.0130348835617875,Up
APH1A,1.6226795239058873,9.32775514707347e-08,5.527517961859891e-06,5.257469837492087,Up
APH1B,0.37425567014430783,0.07855041557894116,0.11637013037386078,0.9341584791234657,Not Significant
API5,-0.46120026400905445,0.020809973080607266,0.03750933419467482,1.4258606446774575,Not Significant
APIP,0.14425993093379397,0.4261058618614681,0.49272158544449374,0.3073984114736407,Not Significant
APLF,-1.152381145664572,0.0022178589952974296,0.006106234358739083,2.214226531391114,Down
APLNR,1.987135958647272,0.010966798644177767,0.022034210119953497,1.6569025134179212,Up
APLP1,-2.2795974443017535,0.00013545623646274,0.0007136956726598551,3.146486936486232,Down
APLP2,-0.20172015385361064,0.22698072936601676,0.2894801706080837,0.5383811800900373,Not Significant
APMAP,0.46433396260768234,0.025040726925880608,0.043810399974178744,1.3584227818415509,Not Significant
APOA1,0.3992029660972438,0.10505856067528045,0.1490904315294582,0.8265502282257623,Not Significant
APOA2,-4.458882292293395,0.03623812035700945,0.06008275583879414,1.2212501555955524,Not Significant
APOA4,0.5389295380977563,0.7682967050331238,0.8096047077932729,0.09172697510568936,Not Significant
APOB,-3.3818641410612456,0.00825509286910372,0.017494451295248393,1.757099674397585,Down
APOBEC3C,2.7222049165279696,1.7231251005488736e-06,3.471752452585871e-05,4.459451249022253,Up
APOBEC3G,1.558029954255936,0.00029381706153222456,0.0012796857232492997,2.892896675209401,Up
APOBR,2.2194131188968385,5.419240829429638e-05,0.0003703760659136647,3.431357085644173,Up
APOC1,4.051297451694817,1.2547718269996857e-05,0.00013139887094797123,3.8814083664594383,Up
APOC2,2.6574738657518875,6.790451381640691e-05,0.0004318624193096485,3.3646545866368176,Up
APOC3,-1.413726792761053,0.5206963523712376,0.5847168714511033,0.23305437482629496,Not Significant
APOC4,1.7301145318576678,0.36321746764912277,0.43098383617164465,0.36553901752626994,Not Significant
APOD,-0.9572044065778051,0.20700647908453793,0.26723943245723153,0.5730994592389265,Not Significant
APOE,2.967727127837936,0.00019182657213508885,0.0009290677344658101,3.031952622247063,Up
APOF,-2.7650332187850992,0.08109851671586714,0.11948464665595343,0.9226878963976726,Not Significant
APOH,2.2641718075331276,0.4481884113155044,0.5143011795867857,0.2887824795921037,Not Significant
APOL1,0.892352288876733,0.21701368471355834,0.2785317696272629,0.5551252615785432,Not Significant
APOL2,0.3106245097918503,0.4308335757429885,0.49699043192887504,0.3036519722334512,Not Significant
APOL3,0.9203384159000318,0.08300005855355773,0.12188667490795052,0.9140437704297317,Not Significant
APOM,1.5191545541409894,0.00034849900072281834,0.0014494422609170612,2.838799080250036,Up
APOO,-0.8660369130041445,0.0016186774169500795,0.004763820128061671,2.322044644935906,Not Significant
APOOL,-0.7108340214365505,7.868712237611826e-05,0.0004810016040614128,3.3178534753229276,Not Significant
APP,-0.5103481415132585,0.04889977479164756,0.07776106254949605,1.1092378137166827,Not Significant
APPBP2,-0.1563749168325259,0.2337993369991254,0.29682350610323743,0.5275017093003661,Not Significant
APPL1,-0.112408449454108,0.586089077389937,0.6462632843286149,0.18959051662323587,Not Significant
APPL2,0.9727489668502116,0.0023888881149552684,0.006497208118266569,2.1872732217112913,Not Significant
APRT,1.2273124624347176,2.9922517301479243e-05,0.00024627405171168457,3.608581344523423,Up
APTX,0.2882696286656774,0.02703488938160503,0.04672095558766661,1.3304882831429499,Not Significant
AQP1,1.7558810087839305,0.03554277634269516,0.05904649222894312,1.2288058973876945,Not Significant
AQP4,-0.3030651654193868,0.42973142036499573,0.49593254019991984,0.30457739490383984,Not Significant
AQR,0.31270602166963,0.003352986789494872,0.008482669240927006,2.0714674668237243,Not Significant
ARAF,1.2816636850659293,0.0007419509696100409,0.002573834045403427,2.5894194587871255,Up
ARAP1,0.780407594631896,0.000908513586061518,0.003018590325192524,2.520195824234633,Not Significant
ARAP2,-0.9088534160738213,0.0360824427586131,0.05985419534830699,1.22290540327323,Not Significant
ARAP3,-0.2837227894010592,0.3265865690263024,0.39477238977333456,0.40365322932660797,Not Significant
ARC,2.1885205005680106,0.006334748896203085,0.014106158351094139,1.8505912452170383,Up
ARCN1,0.06616692809815561,0.6475704584162576,0.7016159171956743,0.15390056691705134,Not Significant
ARF1,-0.5144564620648957,0.0013301795946880346,0.004075495510002208,2.389819580990994,Not Significant
ARF3,-1.3933972627496019,7.20850831489654e-05,0.00045144079796177505,3.3453991950832007,Down
ARF4,0.47794159261708913,0.12443070524830131,0.17261290617892971,0.7629267354299527,Not Significant
ARF5,-0.2996500371031594,0.22361797508110323,0.28573407927029854,0.5440379585798586,Not Significant
ARF6,0.29511481731285727,0.03475089875266007,0.05790283725343988,1.2373001552134435,Not Significant
ARFGAP1,0.5673409705763142,0.0002503995431893087,0.001137530965148418,2.9440367724202554,Not Significant
ARFGAP2,-0.2781625735641491,0.17065162913237422,0.22608423354544158,0.6457297230282057,Not Significant
ARFGAP3,0.7328186211106953,0.006073281685588329,0.013623299866536813,1.8657176838881455,Not Significant
ARFGEF1,0.10703200132877555,0.18101526502899484,0.2380299934606571,0.6233683153227384,Not Significant
ARFGEF2,-0.8155511590316209,3.821230050324121e-05,0.00029090726783460695,3.5362454284915574,Not Significant
ARFIP1,0.5555594649545768,0.027474932158244716,0.047361818371347925,1.324571632013968,Not Significant
ARFIP2,-0.039041939103949375,0.8116066479468098,0.8477940036723519,0.0717096594606719,Not Significant
ARFRP1,0.13567016026653533,0.19030532565057542,0.24849460150406957,0.6046830417896442,Not Significant
ARG1,-3.6673083967915723,0.0862921493477459,0.12605961608601976,0.8994240198502343,Not Significant
ARG2,-0.9560526936154314,0.036183720514195106,0.06000243628971218,1.2218311155213968,Not Significant
ARGLU1,0.32539707552319896,0.2767720738684854,0.34307885716145214,0.4646060452811699,Not Significant
ARHGAP1,0.2568958854982277,0.29732386686296486,0.3643401818242924,0.43849292927349354,Not Significant
ARHGAP10,0.37731550045960915,0.3286873165237056,0.3968831387582177,0.40133735133171833,Not Significant
ARHGAP12,0.6868727737069946,0.001057320454689116,0.003412831227343209,2.466885188089913,Not Significant
ARHGAP15,2.2644014071529472,3.6483299589436656e-05,0.00028185027612268775,3.549981535374569,Up
ARHGAP17,1.051031674316535,0.0005924444486546681,0.002175824052405077,2.662376226694014,Up
ARHGAP18,1.7806241179002775,2.528806792495319e-06,4.527049225893913e-05,4.344184783079773,Up
ARHGAP21,-0.3964037985799145,0.018394383065502548,0.033913802159932775,1.4696235176677583,Not Significant
ARHGAP22,0.835264259800141,0.02131001028636976,0.03831466065052453,1.4166350165971107,Not Significant
ARHGAP23,-1.4975208259016313,1.40481667392318e-05,0.0001425188637774634,3.846127648692232,Down
ARHGAP24,1.441327295258251,0.012523294924683074,0.024630939685915124,1.60851901923589,Up
ARHGAP25,1.5168727649502909,3.33354491545513e-05,0.00026515078987655676,3.5765070747927536,Up
ARHGAP26,-2.144340561078799,0.00038495153864156497,0.0015580561672459323,2.807416890254413,Down
ARHGAP27,1.0901736718704758,0.0013513723703099754,0.004122872579800936,2.3848000871594603,Up
ARHGAP29,-0.7797113670276357,0.1923851007269903,0.2505931606831782,0.6010307861674414,Not Significant
ARHGAP30,3.1210132176097716,4.302579584461347e-07,1.3419252858781303e-05,4.87227166362614,Up
ARHGAP31,1.7749407901921188,0.0004834777501255569,0.0018682603969178595,2.7285625922049443,Up
ARHGAP32,-1.453784120695932,0.0007642878734142946,0.0026322858245386676,2.5796669549971756,Down
ARHGAP33,-0.5572270308549001,0.09219686587813775,0.1334661915298692,0.8746287319887295,Not Significant
ARHGAP35,-0.6321919234544033,0.0030854658884890214,0.007941487828471743,2.1000981253860953,Not Significant
ARHGAP39,-0.9016094982080247,0.001204353780225454,0.0037820012412690843,2.4222783329536375,Not Significant
ARHGAP4,2.1715106635256536,2.967027388081314e-06,5.0919648905504523e-05,4.293114599498502,Up
ARHGAP42,1.626467297309027,1.4921469008752706e-05,0.0001492739610667078,3.8260159427860487,Up
ARHGAP44,-4.356862661811865,3.3556147623214314e-05,0.0002661768749261898,3.5748296781182995,Down
ARHGAP5,-0.7408895828716915,0.019493693240160377,0.03558888468672991,1.4486856220548383,Not Significant
ARHGAP6,1.7576067377149087,0.004444805071851528,0.01061820400612575,1.9739489348732226,Up
ARHGAP9,0.4119288531840066,0.11305075532088509,0.15898159360607314,0.7986531540320307,Not Significant
ARHGDIA,-0.01564776199081308,0.9246614825118767,0.942531597169346,0.025704081709677338,Not Significant
ARHGDIB,2.7965787461945766,1.6346718078584907e-07,7.659387810402993e-06,5.11580594070534,Up
ARHGEF1,0.8028399590375486,0.004594703274711079,0.010909036245448835,1.962213615293546,Not Significant
ARHGEF10,0.16129254033702622,0.6014413415362433,0.6600849847081507,0.1804001462554784,Not Significant
ARHGEF10L,1.6055183339031665,9.541417820286706e-08,5.543584426039756e-06,5.256209333995541,Up
ARHGEF11,-0.778890316266061,0.0016728236698119272,0.004878988317801203,2.3116702217566716,Not Significant
ARHGEF12,-0.7361043453714906,8.705409763728981e-05,0.0005195396798566692,3.2843812775876473,Not Significant
ARHGEF17,-0.16178591027740907,0.5467311549572005,0.6088624425203225,0.2154808144316612,Not Significant
ARHGEF18,0.20171304820880742,0.2845923070387541,0.35104480238868724,0.4546374527977239,Not Significant
ARHGEF2,0.007400958743744468,0.9541861238001914,0.9650106426225407,0.01546789701190148,Not Significant
ARHGEF25,-1.2571644545446077,0.009543127255079036,0.019668057276527456,1.7062385356450651,Down
ARHGEF26,0.9866506529698533,0.01159195991194311,0.023051204925565515,1.6373063683720652,Not Significant
ARHGEF3,-0.47999545073650296,0.10361132867351502,0.14723945902905775,0.8319757868592115,Not Significant
ARHGEF37,-0.490068761891429,0.4251511027950178,0.49181380287981413,0.30819928684085984,Not Significant
ARHGEF4,-0.6981129655975593,0.04054349407917874,0.06615405885222654,1.1794435047183884,Not Significant
ARHGEF40,2.176831234198982,3.0137452781397348e-06,5.1458423613524895e-05,4.288543522176075,Up
ARHGEF6,2.0109714141830217,4.889764871488758e-07,1.4488085680993456e-05,4.838988994315158,Up
ARHGEF7,0.15976829463183506,0.19584722317590306,0.2545104394058369,0.5942943992471998,Not Significant
ARHGEF9,-1.6782192230217312,9.6630017364873e-08,5.5625759710498895e-06,5.254724044580461,Down
ARID1A,0.3992122995222651,0.07948072243706249,0.11755818497004368,0.9297471278017013,Not Significant
ARID1B,0.06278795411468963,0.7668290170607095,0.8083963497142724,0.09237565619400233,Not Significant
ARID2,1.1128891584148484,1.0701399333756363e-05,0.00012085862879849954,3.917722337347395,Up
ARID4A,-0.07252244741592051,0.24555739742071644,0.30968267671711286,0.5090830878837287,Not Significant
ARID4B,0.10075033462609895,0.5403508598492069,0.6028233180643312,0.21980995690351796,Not Significant
ARID5B,0.1389059201828431,0.41381573303766034,0.4811055619874657,0.31775962225665044,Not Significant
ARIH1,-0.3089762623721377,0.13616380890092983,0.18670398950156078,0.7288464019223629,Not Significant
ARIH2,0.3727047562634631,0.062419834820192616,0.09559056682881399,1.0195849631248144,Not Significant
ARL1,-0.8034507135664342,0.0009217997089132851,0.0030526660971704257,2.515320696548654,Not Significant
ARL10,-0.09591911764894334,0.7730451846452459,0.8135872534596957,0.0895958641603878,Not Significant
ARL13B,0.7156781274258499,0.005310653443046979,0.0122312580670451,1.9125288705617853,Not Significant
ARL14EP,-0.5528535844647671,0.00518802174330233,0.011998193535819025,1.920884136992633,Not Significant
ARL15,-0.5223714091518232,0.0646600383248156,0.09836684175236973,1.0071512722069578,Not Significant
ARL2,-0.03792816249114139,0.8445990490080255,0.8754492046205216,0.0577690475165593,Not Significant
ARL2BP,0.246232466056707,0.09374564563188169,0.13547462833102514,0.8681420317826782,Not Significant
ARL3,-0.8009496988171065,0.0010723845134433057,0.003454813427703186,2.4615754011137554,Not Significant
ARL4A,-0.6307622669784436,0.10313202152166653,0.1467031890439521,0.8335604453309682,Not Significant
ARL4C,-0.6451531984375407,0.35767296400811394,0.4257588844875032,0.3708362806674433,Not Significant
ARL5A,0.40726887707627313,0.0035019114871756764,0.008777869201743659,2.056610894826679,Not Significant
ARL6,-1.3218882031974566,0.00010191725878501611,0.0005784306845071844,3.2377486767116532,Down
ARL6IP1,-0.9700351128798452,0.000544263092916077,0.0020367408610834172,2.6910642237051543,Not Significant
ARL6IP4,0.9487519502675976,0.0029248696026061027,0.007623579916339943,2.1178410427267504,Not Significant
ARL6IP5,-0.5253856615475705,0.10054666124063714,0.1437767303531836,0.8423113969639893,Not Significant
ARL6IP6,1.5748916972347278,5.931590793637539e-06,8.031565276223731e-05,4.0951998065793624,Up
ARL8A,0.05165096437166028,0.7158184121440707,0.7637316970916509,0.11705918453642118,Not Significant
ARL8B,-0.9045516298853293,0.00012579017040717104,0.0006749195612487396,3.1707479844837776,Not Significant
ARMC1,-0.5662522137201158,0.008240046298919765,0.01746848198975541,1.7577448335469403,Not Significant
ARMC10,-0.18165651940001482,0.25404337077052497,0.3189870269403301,0.4962269791459387,Not Significant
ARMC5,-0.040559640574835853,0.8153972990225997,0.8510476989591451,0.0700460981830772,Not Significant
ARMC6,0.7324025715710221,0.004101353944872466,0.009979961265856334,2.000871144289533,Not Significant
ARMC7,0.2527255841528113,0.024353647009184687,0.04277834295349548,1.3687760421135082,Not Significant
ARMC8,0.22505174791481153,0.30355164892184255,0.3706641589380172,0.4310194056833325,Not Significant
ARMC9,-0.882404508318162,0.0025297559970796947,0.006795936510554892,2.167750687078517,Not Significant
ARMCX1,0.09451607190995404,0.5930249001664498,0.6525541064201874,0.1853834730386859,Not Significant
ARMCX2,-0.17979902310021245,0.6546898899748708,0.7083391635277465,0.14975874572979078,Not Significant
ARMCX3,-0.022494567941791388,0.9133762808213064,0.932443519760219,0.030377464934126294,Not Significant
ARMCX4,0.20801556526642528,0.28078060579394465,0.34723592226469413,0.4593753525210732,Not Significant
ARMCX5,0.2517785258223917,0.3539278047361512,0.4220488523806803,0.37463727630986704,Not Significant
ARMCX6,1.6985893413256221,6.626113211451114e-05,0.0004257108704857049,3.3708852600138863,Up
ARNT,0.6577884237695528,4.472654077286073e-05,0.0003240496118750044,3.489388494379461,Not Significant
ARNT2,-1.5970123261813711,0.006456203533817223,0.014310185786507085,1.8443547278383319,Down
ARNTL,-1.2734204788790358,0.004145517822191235,0.010050782297984761,1.9978001338180604,Down
ARPC1A,-0.16342203312798986,0.35376875160979854,0.4219091279409389,0.37478107862025695,Not Significant
ARPC1B,2.293749615619289,7.993864438379406e-07,2.0439134607166022e-05,4.689537496173763,Up
ARPC2,0.4574109038253056,0.017485390467964143,0.032420711539320524,1.4891774578956,Not Significant
ARPC3,0.24093713978738052,0.2877462045382033,0.3544143861740873,0.45048865780864394,Not Significant
ARPC4,0.4733365525930999,0.0014909904740390925,0.004459690628108616,2.3506952675581383,Not Significant
ARPC5,0.9936242714949017,0.01275991597513635,0.0250084423216972,1.6019133579359928,Not Significant
ARPC5L,-0.877182672370445,0.0006138848002986508,0.002235819044905498,2.6505633488084963,Not Significant
ARPIN,0.4803194677154963,0.002545676881869941,0.0068296002417996765,2.1656047162103342,Not Significant
ARPP19,-1.1754542357226292,9.987360200905042e-05,0.000571013999227681,3.2433532442711313,Down
ARPP21,-1.4594689385272517,0.007659017711487671,0.016465417077577208,1.7834272639076658,Down
ARR3,-0.4983256158155984,0.799701105687697,0.8370936137466604,0.07722597132549086,Not Significant
ARRB1,-2.4161001981119945,0.00118829278357638,0.003745576189533308,2.4264813644300127,Down
ARRB2,0.41166496915375106,0.008626778015816277,0.018120605480091985,1.741827294944548,Not Significant
ARRDC1,-0.13192063706543067,0.6749208670447457,0.7262559534150985,0.1389102944987166,Not Significant
ARSA,-0.08103698401561132,0.7260380476151783,0.7721004213739371,0.11232621052920008,Not Significant
ARSB,0.5346912824328012,0.0082185268584793,0.01742652906173868,1.7587891051128113,Not Significant
ARSD,-0.18175843428297078,0.5507260391344686,0.6127693967573047,0.21270293259104295,Not Significant
ARSF,-1.6658631925223002,0.04418215014522926,0.07122595304257315,1.1473617309496802,Not Significant
ARSK,-0.10176728682986891,0.7837522322078783,0.8226213781269187,0.08480000831831885,Not Significant
ART3,-4.535781234370182,0.00036784696208962033,0.0015083549743418994,2.8214964401266083,Down
ARV1,-0.6593674074736704,0.004173530476929989,0.010094632899061876,1.9959094699655726,Not Significant
ARVCF,1.0561633155863888,4.923479518103656e-05,0.0003470898017171185,3.4595581466946137,Up
AS3MT,0.12042819273006877,0.8534806178544339,0.8829291172998117,0.05407416074996204,Not Significant
ASAH1,0.9414638177503498,8.417370083871234e-05,0.0005065506942946165,3.2953770850505633,Not Significant
ASAP1,-0.05121269874613432,0.7659865057787376,0.8080155035827228,0.09258030623552418,Not Significant
ASAP2,-0.4979046201043964,0.007137735361496794,0.015503567492824213,1.8095683557538267,Not Significant
ASAP3,2.1519732267636087,4.929396007290059e-06,7.013945674779669e-05,4.15403760218916,Up
ASB1,-0.39184744660459714,0.07503987029001744,0.11167886967719605,0.9520289902746456,Not Significant
ASB13,-0.3627166430679871,0.19939359839999415,0.25871858710478374,0.5871723691687789,Not Significant
ASB6,-0.21705425419037283,0.06808936877851259,0.10279219257826103,0.9880398702526527,Not Significant
ASCC1,0.6765016053608832,0.004773194242994042,0.011240102572211778,1.9492297255692428,Not Significant
ASCC2,1.1320098766953741,9.954979160825141e-05,0.0005701333716097354,3.244023537698219,Up
ASCC3,0.9100153161469464,8.119987848126272e-06,9.932257803695148e-05,4.002952016335643,Not Significant
ASF1A,0.2656432827726469,0.2754207460216992,0.3416139615147252,0.46646438831997955,Not Significant
ASF1B,5.1021198064209035,8.765625472661685e-05,0.0005215883698263072,3.2826721008968605,Up
ASH2L,-0.3141723811629902,0.0034942518843684134,0.008767689914203727,2.0571148182269066,Not Significant
ASIC1,-0.125861368659951,0.8310002633147184,0.8645214499713006,0.06322422681041098,Not Significant
ASIC4,3.533973739196462,0.00039850774750447773,0.0016007045647368856,2.7956888165780396,Up
ASL,0.12742819325898935,0.5790963210620882,0.6400237343257791,0.19380392055424941,Not Significant
ASMTL,0.16619812773270937,0.5279683342637819,0.5913668000192727,0.22814306089403835,Not Significant
ASNA1,0.5861731925221392,0.005827034596858417,0.013149988021673767,1.8810746427729574,Not Significant
ASNS,-0.8243957823604156,0.0005921430881517423,0.0021755103829469917,2.6624388396312852,Not Significant
ASNSD1,-0.09698236838050178,0.46953694469562524,0.5356868834500259,0.2710889874054025,Not Significant
ASPA,-2.917835869526918,0.0024279529961072086,0.006583902687155859,2.1815165968030095,Down
ASPH,0.4503505308792093,0.05236040827853626,0.08235421592474228,1.0843141632703617,Not Significant
ASPHD1,-2.7953034030506068,0.00046070035854190496,0.0018009683399111956,2.7444939217849758,Down
ASPHD2,-2.1982434547081304,3.144788540186241e-07,1.1194558216903248e-05,4.95099304078499,Down
ASPN,1.8766201967940965,0.020832979561167947,0.03754408516980427,1.4254584735853,Up
ASPSCR1,0.4548447169513725,0.011462826675610481,0.02286210966741239,1.6408836963098854,Not Significant
ASRGL1,-1.163643253416815,0.006379707523683484,0.01418745553942327,1.8480954864505301,Down
ASS1,-2.407952447483934,0.023414713621234047,0.041390268041892386,1.383101761114634,Down
ASTN1,-0.8290060563466817,0.005615746539237267,0.012781977098119348,1.8934019649261975,Not Significant
ASTN2,1.0237147444889558,0.038680561296448646,0.06352186227480752,1.1970767781531089,Not Significant
ASXL2,0.27003491927684564,0.24792855873284333,0.31224306796782897,0.505507194512636,Not Significant
ATAD1,-0.6961460335197138,0.007345361292939244,0.015893246073893776,1.7987873924084425,Not Significant
ATAD2,0.6245499519405016,0.15456357369239643,0.20760979218362688,0.6827521662810868,Not Significant
ATAD2B,1.0828455055148218,9.830530245986273e-06,0.00011343958957395844,3.945235353441752,Up
ATAD3A,0.7327685985781045,0.00011589404913818527,0.0006373392854979083,3.1956293108483687,Not Significant
ATAD3B,0.5178353338727444,0.01934523053350607,0.03536270230349123,1.4514545550092943,Not Significant
ATAT1,1.0001656440305595,0.00023379401716349182,0.0010789010210284088,2.9670183959036573,Up
ATCAY,-2.084751675628546,8.239047349583259e-05,0.0004976817444884023,3.3030482893611772,Down
ATE1,-0.8301998933761645,0.0005706814855077333,0.0021128428096306158,2.675132812199658,Not Significant
ATF1,0.28470072158973636,0.1691623197433061,0.22434718392496913,0.6490793774949465,Not Significant
ATF2,-0.5347023900729972,0.0008589935663432308,0.0028893159223177655,2.5392049691222174,Not Significant
ATF6,0.4223728501532449,0.0046142437648079146,0.010947689987441105,1.960677509275243,Not Significant
ATF7,0.725940996204347,0.06056957236572441,0.09319961387082751,1.030585886939112,Not Significant
ATF7IP,1.7979928923596233,1.4847839488038766e-12,1.4957713500250252e-08,7.825134789500869,Up
ATG101,0.21758319930179582,0.23200843256793133,0.2949959547758854,0.5301839393796555,Not Significant
ATG12,0.05494373286661158,0.6670969756749665,0.7193130538718718,0.14308205818513142,Not Significant
ATG13,-0.3446275926129516,0.1547039661468817,0.20777066457321508,0.682415771087498,Not Significant
ATG14,0.8408016222280459,2.7048175484065945e-06,4.763694402560845e-05,4.322056106874079,Not Significant
ATG16L1,-0.3536926051594378,0.11958625812737714,0.16683450552211568,0.7777141215157245,Not Significant
ATG2A,-0.008655417420776246,0.9491117969705447,0.9609918179368838,0.017280309979726398,Not Significant
ATG2B,-0.5003920462357954,0.000668655671418411,0.0023796349809531597,2.623489655513056,Not Significant
ATG3,0.3603862076597224,0.05767685088732386,0.0894516344307587,1.0484117197385905,Not Significant
ATG4A,0.9072219627254086,2.409762036788506e-05,0.00021091175289841363,3.6758992188536364,Not Significant
ATG4B,0.0076696961609243886,0.9569637715505007,0.9672371861743497,0.014467015042368853,Not Significant
ATG4C,-0.26520747454765115,0.06560687154765821,0.09958168208092644,1.0018205421266904,Not Significant
ATG5,-0.5250071103951051,0.023624552058714544,0.04170938265676311,1.3797662381269655,Not Significant
ATG7,-0.00018803051058924325,0.9989317354019023,1.0,-0.0,Not Significant
ATG9A,-0.3938365489177862,0.004062965423193038,0.009912887787175263,2.0037998099607264,Not Significant
ATIC,-0.3675227208117242,0.2121215264599747,0.27308782844188945,0.5636976559874053,Not Significant
ATL1,-1.9553119859634265,2.759500221468938e-05,0.00023282416441438927,3.632971947015245,Down
ATL2,-0.7398835953713707,0.0008045482011506214,0.0027474639248784272,2.5610680012990454,Not Significant
ATL3,1.026422596679133,0.0004690805084512475,0.0018273461106488272,2.738179186796986,Up
ATM,1.0224848178678059,2.724040796737545e-05,0.00023099315645062316,3.6364008866003124,Up
ATN1,-0.9020866065035698,0.015846133865918273,0.02983812197481508,1.5252285150345488,Not Significant
ATOX1,0.4469045898954782,0.027898713315208854,0.04792727289823016,1.3194172820231356,Not Significant
ATP11A,0.7284200445096722,0.05369198262507193,0.08415948855842144,1.0748969124124166,Not Significant
ATP11B,0.22158656051487924,0.15359366667596866,0.20666523281604227,0.684732578361284,Not Significant
ATP11C,1.4661896372733008,2.0773038965717444e-06,3.889732240532296e-05,4.410080293394509,Up
ATP12A,-3.9738802950670786,0.05728079046193692,0.08888581070757123,1.0511675621258476,Not Significant
ATP13A1,0.337472916479868,0.07226570654748339,0.10822130634151146,0.9656872279945873,Not Significant
ATP13A2,-1.6860049996555553,1.5002681891351082e-07,7.301305187124194e-06,5.136599498112574,Down
ATP13A3,0.2991984926246971,0.22430634991688594,0.28643201534576107,0.5429784412841507,Not Significant
ATP13A4,1.0900642788460821,0.06297532584058674,0.09628372021825328,1.0164471377671231,Not Significant
ATP1A1,-1.5445839154347603,5.6738403644625114e-05,0.00038412814402953853,3.415523872087751,Down
ATP1A2,-1.9535083138631322,0.024077607364897172,0.04240521269125422,1.3725807541643522,Down
ATP1A3,-3.2601056742599965,8.298726731391103e-06,0.00010062007500560205,3.997315363272376,Down
ATP1B1,-2.9979715270921297,2.7294900164011198e-05,0.000231260575485491,3.6358983979620105,Down
ATP1B2,-1.4200797394008617,0.020697946183412565,0.03737212426569882,1.4274522157534903,Down
ATP1B3,0.26310635060368526,0.3729025592473952,0.4409178851946313,0.35564228429049183,Not Significant
ATP2A2,-1.1254724228711837,0.000428711297350702,0.0017008295413879556,2.7693392095762124,Down
ATP2A3,-0.2647623460205857,0.4897497726099222,0.5549138689992528,0.2557744206993053,Not Significant
ATP2B1,-2.8012758954308303,1.349029180567909e-05,0.000137691185056141,3.861093862241379,Down
ATP2B2,-3.3198436709760912,1.9660761755849184e-09,5.170409967300105e-07,6.286475019869837,Down
ATP2B3,-5.849738035396527,0.0012604126470867328,0.00391374390305736,2.4074075959309167,Down
ATP2B4,0.2519218000811456,0.3707671081768868,0.43875341803993395,0.3577794872096521,Not Significant
ATP2C1,-0.36446776061061925,0.03686521918488818,0.06101202859677402,1.2145845348545488,Not Significant
ATP4A,-8.384799515928151,0.004246297545159207,0.010233780255965037,1.9899639126176052,Down
ATP5S,0.47329837563668065,0.005558874801144107,0.012692680132984073,1.8964466644247662,Not Significant
ATP6AP1,-0.37853602752130655,0.06635511363257651,0.10050539989995125,0.9978106040768143,Not Significant
ATP6AP2,-0.696068588691876,0.015652990754745143,0.029535161802454125,1.5296606456045583,Not Significant
ATP6V0A1,-1.5885320817615778,8.847836614895611e-07,2.1675738119671367e-05,4.66402610465488,Down
ATP6V0A2,1.0341196370559587,4.451494421161533e-06,6.558534451402582e-05,4.1831931958036614,Up
ATP6V0C,-0.6118475480467573,0.0017401138713753752,0.005048936388316685,2.296800100957728,Not Significant
ATP6V0D1,-0.6148113633451011,0.0035426436633040543,0.008859922740827454,2.0525700651759973,Not Significant
ATP6V0D2,3.309515437706863,0.1959814350291607,0.254619161269508,0.5941089167841505,Not Significant
ATP6V1A,-1.9897595743977519,1.1677089601710705e-05,0.0001259475381666313,3.8998103170193534,Down
ATP6V1B2,-1.28726890766918,0.0006130267441247117,0.0022335014178344833,2.6510137675004044,Down
ATP6V1C1,-1.6126429267565356,1.448537399531093e-05,0.0001462180938163951,3.834998882108675,Down
ATP6V1D,-1.1009346971907839,0.00045941936641724965,0.0017973556105970383,2.745365988310681,Down
ATP6V1E1,-1.5809260970142063,0.00024261674568824173,0.0011119750209569368,2.9539049684935392,Down
ATP6V1F,-0.029209901860802745,0.8747163162071772,0.9007351701391293,0.04540287944659538,Not Significant
ATP6V1G1,0.13148697801621267,0.4645334625670706,0.5307007166125187,0.27515032593637206,Not Significant
ATP6V1G2,-2.069207951831313,1.1813475644291257e-05,0.00012674009972373813,3.897085955491889,Down
ATP6V1H,-1.8062740427764759,2.2224760315073887e-06,4.100590392198798e-05,4.3871536102034305,Down
ATP7A,1.7628980347608145,7.812336305879652e-05,0.00047901080916270004,3.3196546863625795,Up
ATP8A1,-2.281776518543193,0.0006383652681381917,0.0022983185179065654,2.638589783748982,Down
ATP8A2,-4.799500490075301,0.000492148643843723,0.0018930528591377112,2.7228372591945127,Down
ATP9A,-1.6726386209853175,0.0019052518552847078,0.005418833198796767,2.2660942171287894,Down
ATP9B,-0.09976581489048897,0.47989364675001184,0.5459569279909225,0.26284161860245725,Not Significant
ATPAF1,-1.3524070606970042,2.4732833366795294e-05,0.0002146068590328129,3.6683564016967307,Down
ATPAF2,0.26428569434479243,0.06626666371352599,0.10042508122395101,0.9981578083381435,Not Significant
ATR,0.28731409943030073,0.12715234067357445,0.17585566720834556,0.7548436313410486,Not Significant
ATRAID,1.4134819383741686,1.9966512836435373e-07,8.588678199383386e-06,5.066073669100656,Up
ATRIP,1.0785153668273093,0.0036579405658158253,0.00909476560792714,2.041208489178351,Up
ATRN,-0.36163274104995224,0.017169689275124453,0.031930487309877006,1.4957944533874075,Not Significant
ATRNL1,-2.9969788434777698,1.8595035793062813e-05,0.0001752351642463188,3.7563787400300233,Down
ATRX,-0.896060511782526,0.00017170552222632362,0.0008543293135233869,3.0683746919830015,Not Significant
ATXN1,-0.8714931087745121,0.002421983988896026,0.006569484842255942,2.182468685073008,Not Significant
ATXN10,-0.7481770257242033,0.002583499200745346,0.0069034347715594465,2.1609347743093306,Not Significant
ATXN1L,0.2777171074645004,0.03791843355322184,0.06252910453677472,1.203917790694385,Not Significant
ATXN2,-0.522009646293359,0.03460591148685562,0.05770965939390687,1.2387514889175246,Not Significant
ATXN2L,-0.2278546123238172,0.2621300097642591,0.32787406485785275,0.48429293506770826,Not Significant
ATXN3,-0.2500844185893367,0.004220837366829857,0.01017728952451986,1.992367870455298,Not Significant
ATXN7,0.2520858958017378,0.2918888810912313,0.35857565928733415,0.4454191944056766,Not Significant
ATXN7L3,-1.945667687385832,2.7233371849517165e-11,5.486979760240718e-08,7.260666641778038,Down
ATXN7L3B,-1.0016574518905443,0.0012024921759418812,0.0037785109733120743,2.422679312193867,Down
AUH,-0.3226592743255452,0.03369427004415709,0.05637536562445417,1.2489106284724225,Not Significant
AUP1,0.984527735783665,1.9498294917285892e-06,3.713153553813574e-05,4.430257090581277,Not Significant
AURKA,1.4721960689814733,0.016181261852860576,0.03036133952425358,1.5176790715394581,Up
AURKAIP1,-0.058677306623710734,0.7164633557310797,0.7643388590103671,0.11671406030934399,Not Significant
AUTS2,-0.1365213767855913,0.6978963582390787,0.7469834161602719,0.12668903988477687,Not Significant
AVEN,0.07720303509000459,0.49825806588678706,0.5633503654033101,0.24922141965240172,Not Significant
AVL9,-0.23789143877615615,0.03267543108997806,0.05486204880007316,1.2607279778843912,Not Significant
AXIN1,0.3702528926497237,0.031409268090084236,0.053045593753480065,1.2753506850524523,Not Significant
AXL,0.7497926596844628,0.011474334684557557,0.022876003881304736,1.6406198384398833,Not Significant
AZGP1,-0.5481967960381322,0.5412304575322466,0.6036709066851033,0.21919975402988337,Not Significant
AZI2,-0.6133811250053149,0.013210873128699643,0.02568738388313457,1.5902801239536908,Not Significant
AZU1,-3.135574463271162,0.181339884990928,0.23839462369810893,0.6227035430784983,Not Significant
B2M,2.4197433762071725,5.761471662166554e-05,0.00038927609339145454,3.4097422667852446,Up
B3GALT6,0.6012563748310882,0.026438047798584788,0.04583322896626108,1.3388195454863667,Not Significant
B3GAT3,0.18564285505357603,0.16488869856482408,0.21951747711669586,0.658530897229691,Not Significant
B3GNT9,0.5208948767814743,0.3350743190194845,0.40329016604567347,0.3943823678365905,Not Significant
B3GNTL1,0.4039737842084392,0.04653985561984023,0.0745259109067351,1.127692707018231,Not Significant
B4GALNT1,-1.6368963163193513,0.0011970451247128693,0.0037649180725436915,2.4242444699358754,Down
B4GALT1,1.8676032311475872,3.1696190396273743e-06,5.304110000864812e-05,4.275387477764442,Up
B4GALT3,0.33144505161686055,0.010864613093421356,0.02187444066436546,1.660063043196406,Not Significant
B4GALT4,0.6280794815948152,0.028259606032280723,0.04843267627920994,1.3148615321680077,Not Significant
B4GALT5,0.6207888646602733,0.01673218975292961,0.031237968786325586,1.5053172133853256,Not Significant
B4GALT7,0.6934732034923883,3.111896635154035e-05,0.0002526971696172664,3.597399622450829,Not Significant
B4GAT1,-1.4921842471348015,3.203243034116178e-05,0.00025774337320835767,3.5888124919650677,Down
B9D1,0.008661321308622405,0.9645107350401649,0.973205242868051,0.01179556009620201,Not Significant
B9D2,0.5116374558349293,0.008043959143445112,0.01714297533553333,1.7659137997020418,Not Significant
BAALC,0.2374977397386111,0.3865740785503021,0.4548939688489363,0.34208982116738534,Not Significant
BABAM1,-0.2745844270814928,0.055548552319200854,0.08661137843424073,1.0624250494769683,Not Significant
BACE1,-0.397506595651258,0.009393858348294098,0.01942400020540122,1.7116613260123419,Not Significant
BACH1,0.5874571507852444,0.010678208724407801,0.021592186810454474,1.6657033710229283,Not Significant
BAD,0.18801964881711442,0.31584046606579924,0.3840406584365554,0.4156227943827493,Not Significant
BAG1,0.09119561109995189,0.485212899997856,0.5510128231967536,0.25883829410867154,Not Significant
BAG2,-0.7001438313294681,0.002683181824826951,0.007124505456854693,2.147245276556395,Not Significant
BAG3,0.6091952901344477,0.26954200202164774,0.3356862564428334,0.4740664391309653,Not Significant
BAG4,-1.7087186693979248,4.733135515652189e-07,1.4233315577516463e-05,4.846693921469212,Down
BAG5,-0.5824665946963385,0.0021637323812366306,0.0059817343602024745,2.2231728772391395,Not Significant
BAG6,-0.0420543261993771,0.7239745966675877,0.770394009383044,0.1132871029629645,Not Significant
BAHD1,-0.21136576073296354,0.21138419154710023,0.2722429488168611,0.5650433597983947,Not Significant
BAIAP2,-0.9201444731526109,0.00016331226438301983,0.0008205738101149621,3.085882348329456,Not Significant
BAIAP3,-2.4849996481538774,0.021977419266326532,0.03932513706731323,1.4053297549736128,Down
BAK1,0.8913895411042976,5.772191059551227e-05,0.0003895089118554724,3.4094826013408945,Not Significant
BANF1,0.9755668574265037,0.00036746800023091113,0.0015083549743418994,2.8214964401266083,Not Significant
BANP,0.6654490936053072,0.009345538825866688,0.019339966748517054,1.7135442769411233,Not Significant
BAP1,-0.9350633516755593,0.00041270923263047926,0.0016459353956925766,2.7835872152020293,Not Significant
BARD1,1.8989907786661142,0.0005009497500697382,0.0019181177431404572,2.717124737297425,Up
BASP1,-2.2402737348132007,3.827460989137476e-05,0.00029090726783460695,3.5362454284915574,Down
BAX,1.5342335197910515,3.236646760969988e-05,0.0002593952225140148,3.58603802692159,Up
BAZ1A,2.363933836345579,3.081115068648348e-05,0.0002514646962623767,3.599522977982422,Up
BAZ1B,0.37940849171275204,0.023894144650716466,0.042118917447299675,1.3755227997065413,Not Significant
BAZ2A,0.0871661232637031,0.7018138478404429,0.7505385035185373,0.12462702302537237,Not Significant
BAZ2B,0.7642172845555173,0.0019634401993036572,0.0055454632337282785,2.2560621697223726,Not Significant
BBIP1,-0.09383445239213906,0.7239267850579411,0.770394009383044,0.1132871029629645,Not Significant
BBOX1,1.116481042400789,0.04263637747101599,0.06898793232300275,1.1612268713480434,Not Significant
BBS1,0.2566401849956286,0.2892821296470647,0.35595800342793815,0.44860123785687506,Not Significant
BBS2,0.6123426960551086,0.0018784822016920276,0.005369928703549925,2.270031480382455,Not Significant
BBS4,0.12312894300563215,0.49781258021352165,0.5629730504121033,0.24951239438035172,Not Significant
BBS5,-0.3678130569462077,0.16808895279645245,0.22309988280256415,0.6515006578569649,Not Significant
BBS7,-1.7979040276800795,5.971311534896937e-06,8.07449562450359e-05,4.092884596468833,Down
BBS9,0.3542944850564709,0.02921558428575798,0.04990975005845784,1.3018146050187576,Not Significant
BBX,0.6620016434905587,0.0012783263641390167,0.003953334680910771,2.403036417652967,Not Significant
BCAM,-0.07865230627422193,0.802127523281956,0.8392974994727526,0.07608407078276382,Not Significant
BCAN,3.7902637758847852,0.0012052423882272796,0.0037836122838895646,2.4220933732201186,Up
BCAP29,-1.2308204986933795,9.297046339972386e-06,0.0001090319497425865,3.9624462216583227,Down
BCAP31,-0.14989424349481695,0.2539219785732962,0.31891410200067144,0.4963262763491822,Not Significant
BCAR1,0.6185811922233704,0.00421382411588807,0.010165245245080558,1.9928821391803562,Not Significant
BCAR3,-0.2993616754171562,0.19431873943688985,0.25285029463797837,0.5971365359623301,Not Significant
BCAS1,-1.90371682041404,0.0640899182677053,0.09767652596503226,1.0102097952245872,Not Significant
BCAS2,-0.5516895951647456,0.03445622112462885,0.05749742779683801,1.2403515834603929,Not Significant
BCAS3,-0.13884674428938126,0.06523800615468259,0.09912634600335934,1.0038109024953963,Not Significant
BCAT1,-1.1702212712158477,0.06732315240125175,0.10175745495727084,0.9924337636437313,Not Significant
BCAT2,0.5538144017372417,0.043764251336001765,0.07063137903859049,1.1510023143066204,Not Significant
BCCIP,0.5449778531280245,0.021248135428377394,0.03822387791169177,1.4176652547426707,Not Significant
BCDIN3D,0.9896543364208625,3.612881021337136e-05,0.0002799704877611562,3.5528877460791644,Not Significant
BCHE,3.623598725682429,7.386028487212765e-07,1.9506663839248534e-05,4.709817000215749,Up
BCKDHA,0.7451673388755893,0.00044788110636152084,0.001759046497265482,2.7547226805886273,Not Significant
BCKDHB,0.15763329642650703,0.2863170633756921,0.3528500441878004,0.45240982384266665,Not Significant
BCKDK,0.842284847263187,0.0002628245752195174,0.00117539008763265,2.929817976123402,Not Significant
BCL10,0.8147904587987362,0.00033825756734451475,0.0014162954004275318,2.848846155265086,Not Significant
BCL11A,-4.382115696634765,0.0029633526302424475,0.0076979923664420875,2.113622523900524,Down
BCL2,-0.05159679280559715,0.8035027950012474,0.8402000370399176,0.07561730365230974,Not Significant
BCL2L1,-0.12489583289044859,0.25331081525251725,0.3183449541983357,0.49710202935970016,Not Significant
BCL2L13,-0.41885414856932357,0.009204362071442386,0.01910668524782827,1.7188146506448077,Not Significant
BCL3,0.9078583171567285,0.07524283896995186,0.1119474759685859,0.9509856938247694,Not Significant
BCL6,2.330734434046118,1.0734414603325538e-06,2.485942361239114e-05,4.604508945077315,Up
BCL7A,-0.5405760652111162,0.1365874941294924,0.1872084919538104,0.7276744551436753,Not Significant
BCL7B,-0.2127549719244044,0.1763292179870664,0.23265756935189352,0.6332828134325281,Not Significant
BCL7C,1.313691985450653,1.2852980171248521e-06,2.8582985043081146e-05,4.543892417950843,Up
BCL9,0.28115419251473384,0.2613491432361257,0.3271441068306547,0.48526089866985106,Not Significant
BCL9L,0.04947652078334386,0.8331587954545762,0.8662650124274331,0.06234922596409128,Not Significant
BCLAF1,-0.16245876690694416,0.3936496252121647,0.46181743616948256,0.33552967408398027,Not Significant
BCO1,2.43184835795107,0.0002273177982132065,0.0010538423834329693,2.977224338956518,Up
BCR,-0.18250837231191497,0.5696625528547024,0.6304078139106812,0.2003784124010211,Not Significant
BCS1L,0.7920477458795077,0.0003157942187670529,0.0013485845527169526,2.870121819231683,Not Significant
BDH1,-3.187876298750025,0.001911077984702208,0.005432336235296288,2.2650133571711146,Down
BDH2,0.665140303567842,0.0038019290509648403,0.00936996404063869,2.0282620758125587,Not Significant
BDNF,-2.879818975270604,0.014721073612500583,0.028055258337557863,1.5519857278851616,Down
BECN1,-0.001502418612084,0.9907658037633768,0.9942200126618446,0.0025174991922598273,Not Significant
BEGAIN,-2.98452020529602,0.00038903683868430256,0.0015711880292160467,2.8037718384071892,Down
BEND3,1.2091279885995974,0.007266122909013547,0.015751866190101674,1.8026679861250992,Up
BEND5,-0.5346717558877714,0.021267509618978747,0.038245071742519086,1.4174245200639286,Not Significant
BET1,-0.03498046945721711,0.840974456006326,0.8723120544510884,0.05932812598179182,Not Significant
BET1L,0.10049197975067514,0.6272454661593624,0.683663078193632,0.16515787390974687,Not Significant
BEX4,-1.2166180494774714,0.0008699064904403934,0.002912408768593062,2.535747670057658,Down
BGN,0.6779549711741275,0.12775187632213422,0.1765152108173337,0.7532178642739076,Not Significant
BHLHE41,-0.4361602254710242,0.2654587936677439,0.3313383579988666,0.47972828430232417,Not Significant
BICC1,-0.6116614328968666,0.2799891292431455,0.34638468475935746,0.4604413183623715,Not Significant
BICD1,-0.54479520117021,0.13529223324642783,0.18578707166364694,0.7309845104741779,Not Significant
BICD2,0.14967918372247624,0.055864501427496355,0.08707705204712954,1.0600962822186322,Not Significant
BID,0.8619433836965733,0.0015830078090988847,0.004679348787811668,2.329814582297355,Not Significant
BIN1,-0.6619091816516409,0.03772389579901756,0.06222867631886408,1.2060094368996233,Not Significant
BIN2,2.306992073940311,7.717203235895031e-08,5.015684219252035e-06,5.2996698139144565,Up
BIN3,0.6548746641321195,0.0009959853272836032,0.0032549994650231985,2.487449078474435,Not Significant
BIRC2,0.43994233310135655,0.0033355501502572377,0.008440676265684855,2.0736227563732332,Not Significant
BIRC6,0.3849546087641684,0.00038815938442599793,0.0015691483301394475,2.8043360010171208,Not Significant
BLM,0.6572588309579821,0.08053168485077275,0.1188334836951347,0.9250611710120644,Not Significant
BLMH,0.9450803340803695,0.00010549097642375674,0.000594692835194698,3.225707293809703,Not Significant
BLNK,1.906179322051404,0.0003016463780499475,0.001304199833680331,2.8846558595124874,Up
BLOC1S1,0.5536733175399,0.04998870135656193,0.07924251415672776,1.1010417538922992,Not Significant
BLOC1S2,-0.8302638716984667,0.0022647186471989665,0.006213174197135726,2.2066864700156845,Not Significant
BLOC1S3,-0.006437542981039712,0.9705429187852976,0.9781161828574518,0.009609555665331157,Not Significant
BLOC1S4,0.9702791382281184,0.001247563717299336,0.0038837938467470674,2.4107438306683346,Not Significant
BLOC1S5,0.9978165901368818,0.00032102670038121605,0.0013627391322260341,2.8655872727624443,Not Significant
BLOC1S6,-0.42598770349001214,0.028245836134552837,0.04842555364524937,1.3149254053284751,Not Significant
BLVRA,0.07811890473778504,0.7091623214685617,0.757512588959208,0.1206101453073913,Not Significant
BLVRB,0.39199172028900264,0.4191080352418034,0.4861923476538378,0.313191880946952,Not Significant
BLZF1,-0.047020488933043225,0.6497507448773334,0.70359980693263,0.15267428838470842,Not Significant
BMP1,2.3516521495120664,4.82789625354931e-07,1.4389416230253181e-05,4.841956824765439,Up
BMP2K,1.2063519993948049,0.002279646403653799,0.00625072342689395,2.204069716715671,Up
BMP7,-0.24025300053629195,0.6428254966591007,0.6973749788222895,0.15653363877012139,Not Significant
BMPER,-0.44220262037864444,0.347404464564461,0.4158451254779444,0.38106838493552536,Not Significant
BMPR1A,1.460144399124772,0.0011512249092531614,0.0036573446029064486,2.4368341175701063,Up
BMPR1B,0.306337711073315,0.514526655069241,0.5789502427306527,0.23735875965094053,Not Significant
BMPR2,-1.08361791645833,0.0003302969173996311,0.0013922222367714994,2.8562914339066245,Down
BMS1,-0.09624896127342808,0.2788549356945741,0.3452783458932079,0.4618306575439078,Not Significant
BNIP1,0.6929347452620895,0.0005519487647994697,0.0020548159115261855,2.6872270799628524,Not Significant
BNIP2,0.7635048785467475,0.0012534157596847866,0.003898759853611138,2.4090735146102955,Not Significant
BNIP3,-1.0244247955875885,0.021159407426207966,0.038084665072649466,1.4192498593627003,Down
BNIP3L,-0.13126563600913954,0.5697074387376257,0.6304078139106812,0.2003784124010211,Not Significant
BOD1,0.47530798756824666,3.0261964310638297e-06,5.1536568940872715e-05,4.28788449807938,Not Significant
BOD1L1,0.07099266841792584,0.6892938428526312,0.7394256386856998,0.1311054948682966,Not Significant
BOLA1,0.632994938009972,0.0012663541336762063,0.003927725228649662,2.405858901703615,Not Significant
BOLA2,0.0,1.0,1.0,-0.0,Not Significant
BOLA3,-0.7151068563340495,0.0011278907344129186,0.003600244378477738,2.443668019059863,Not Significant
BOP1,1.0464596130880643,0.0006247988711569012,0.0022681887668593234,2.644320804720082,Up
BPGM,0.8448842131569911,0.00029065108987044665,0.0012675407269934543,2.8970380775769833,Not Significant
BPHL,0.31678287959667806,0.02642062827079408,0.045810913803783056,1.3390310451376393,Not Significant
BPI,1.7375446377783952,0.14595937171332757,0.19803295766196122,0.7032625262050795,Not Significant
BPNT1,0.38711839653274893,0.05666093197357802,0.08812756348646364,1.0548882369017274,Not Significant
BPTF,0.5094802995591863,0.0004466695646019299,0.001755443507133773,2.755613142236707,Not Significant
BRAF,-0.8665384132813685,0.00023877332129619734,0.001096854737226581,2.959850884729949,Not Significant
BRAP,0.061722985597850055,0.5696981653100274,0.6304078139106812,0.2003784124010211,Not Significant
BRAT1,1.1664424962211513,1.8623783911747632e-06,3.607999983210493e-05,4.442733473151047,Up
BRCC3,-0.3205114142072425,0.025515174883704136,0.04445229852047278,1.3521057777995207,Not Significant
BRD1,0.11409372152372299,0.6005631733852917,0.6591930059580986,0.18098740915365563,Not Significant
BRD2,0.3321089139733111,0.01012227465702362,0.02065879151030307,1.6848950872577082,Not Significant
BRD3,0.437243804504984,0.02981371480778974,0.050717711659684105,1.2948403496845176,Not Significant
BRD4,-0.3703141267804355,0.17722928450808384,0.23375331397413415,0.6312422233197126,Not Significant
BRD7,0.9747341064474959,0.0007751191315176289,0.0026668545529059404,2.5740006695717854,Not Significant
BRD8,0.04465022807160679,0.7255292472861558,0.77172227189956,0.11253896583336365,Not Significant
BRD9,0.08773702855215859,0.5099351378337282,0.5745539177426437,0.24066920965741448,Not Significant
BRF1,-0.3096740676400547,0.05340127652709311,0.08372987700139081,1.0771195467668229,Not Significant
BRI3,1.023728820244937,0.0003841447168065478,0.001556040963855715,2.8079789740929106,Up
BRI3BP,-2.0912320145017986,7.83444024693554e-09,1.1274878721089806e-06,5.947888120939558,Down
BRINP1,-3.128736256006597,0.001485671695247475,0.004447743434746824,2.351860272704636,Down
BRINP2,-0.9632618121000611,0.03122890393871618,0.052767524031973635,1.2776332833949537,Not Significant
BRINP3,0.8893175229418588,0.0012061617193285848,0.00378531874159382,2.4218975449916353,Not Significant
BRIX1,0.446985316050478,0.05613940403629663,0.08743790294707054,1.058300266765544,Not Significant
BRK1,0.06789114012494224,0.7169812566537251,0.7646484416186351,0.11653819224262295,Not Significant
BRMS1L,-0.5386949831986918,0.03562164107783677,0.059157997398306565,1.2279865360542104,Not Significant
BROX,0.22221601347113307,0.1394456762724958,0.19042642575154162,0.7202727840937266,Not Significant
BRPF1,0.7191624863245032,2.2677473463220533e-07,9.324606843611578e-06,5.030369470430757,Not Significant
BRPF3,-0.8107885103110526,0.0052289808526557275,0.012075892698497619,1.9180807545970535,Not Significant
BRSK1,-2.538347159595073,0.00010061038471504269,0.0005735987637913638,3.241391793322069,Down
BRSK2,-2.134381916246234,0.0007582168205134633,0.002615752790538064,2.5824033026942157,Down
BRWD1,-0.24307606503495904,0.009042219623623107,0.018820520762061813,1.72536836385452,Not Significant
BSCL2,-1.3633710937903256,7.819010863150049e-05,0.0004791284393879172,3.3195480501757184,Down
BSDC1,0.07993813255465199,0.44377262228316344,0.5101055906983785,0.2923399166253503,Not Significant
BSG,-0.3857299941053398,0.04392718780248045,0.07087503375754803,1.1495067212459387,Not Significant
BSN,-4.302985154814266,3.917643607219929e-05,0.0002949651845974108,3.5302292417490455,Down
BST1,1.7425651590669684,0.004721835729076267,0.011145213949089577,1.9529115901700902,Up
BST2,1.6313156232923909,0.00028943416680730596,0.0012628640659068757,2.8986433941823613,Up
BTAF1,0.5878242404435667,0.0043453001532935106,0.010427478262095956,1.9818207068440696,Not Significant
BTBD1,-0.5842335037153532,0.005000043682009677,0.01165182047926301,1.933606215210356,Not Significant
BTBD10,-1.466324966738707,2.957790419355859e-06,5.0877343936426195e-05,4.293475569212294,Down
BTBD11,-0.022723726730607297,0.9787011843847343,0.9841720634349983,0.006928966946949611,Not Significant
BTBD17,3.831693745060763,0.001143497448168886,0.003635087817246247,2.439485092897164,Up
BTBD2,-0.4622174453196273,0.008754692685306703,0.018324283006810663,1.7369730094441374,Not Significant
BTBD8,-1.0599078467938199,0.014155694895420269,0.027193834930675783,1.5655295429902825,Down
BTBD9,-1.518445695732499,2.6621017778676253e-08,2.4603681935998585e-06,5.6089998959522065,Down
BTD,0.5008539527640465,0.020666697960701835,0.037324545581948775,1.428005471009594,Not Significant
BTF3,0.7234306215363482,0.00038968528497033376,0.0015721624192195202,2.803502589259042,Not Significant
BTF3L4,0.06818474014691489,0.7056863977348117,0.7545197167035123,0.12232940699023927,Not Significant
BTK,2.6421461890211564,2.6976983505921104e-07,1.0408626060683414e-05,4.982606593606061,Up
BTN2A1,0.846108586033683,0.0011896840586530257,0.0037476163873891746,2.4262448706568733,Not Significant
BTN3A1,2.561623405722143,6.960530519857316e-05,0.0004401781824045361,3.3563714872168755,Up
BTN3A2,3.175214372063518,0.00014612344561780753,0.0007585746238519433,3.1200016895865708,Up
BTN3A3,1.9101232760321736,0.00019300310763659625,0.0009343168218794188,3.0295058318398813,Up
BUB1B,3.3687147601493947,0.002591556422480164,0.0069195174662245364,2.1599241900898836,Up
BUB3,0.5089698019158178,0.007400856762496878,0.015985469773883695,1.796274596351469,Not Significant
BUD13,0.8681826348589325,0.0017575700881419475,0.005087862375845396,2.2934646446511677,Not Significant
BUD31,0.39610543100444673,0.012211341668760234,0.024116262687922094,1.61768999420071,Not Significant
BYSL,1.2593569819873203,0.0004072370692024589,0.001627978664740306,2.788351290998581,Up
BZW1,0.3958888131588303,0.033834979392972274,0.056582600000797255,1.2473171003563008,Not Significant
BZW2,0.23827086545712461,0.3938263905372072,0.4618865027044997,0.335464728566622,Not Significant
C11orf54,0.6839699292719956,0.00020529137709233492,0.0009759817521605389,3.010558302220675,Not Significant
C11orf58,0.010261833713688162,0.932461236350244,0.9480978094781266,0.023146856833401522,Not Significant
C11orf68,-0.16765545452942732,0.3120764758391246,0.3799206783431774,0.4203070679984855,Not Significant
C11orf96,2.38986114504627,0.0009307623147321297,0.003074262150364418,2.5122591018322415,Up
C11orf98,0.7400235785809386,0.017953190442146362,0.03318540192920779,1.4790529179773406,Not Significant
C12orf10,-0.3308239074411965,0.05694853406234,0.08842471210604395,1.053426345490706,Not Significant
C12orf29,-1.1163864215831794,1.4691023361324987e-05,0.00014786611785604043,3.8301313291397596,Down
C12orf4,-0.202840632403138,0.17262335974602797,0.22836608353007035,0.6413683961770532,Not Significant
C12orf43,-0.893331406869466,0.0006439202046881774,0.00231177909551985,2.636053667734346,Not Significant
C12orf45,-0.14696982401201097,0.45916338622274866,0.5256974602577532,0.27926412113395754,Not Significant
C12orf57,0.18270091106339592,0.4342391293690135,0.5006322944911241,0.3004811386133072,Not Significant
C12orf66,-0.24272838189155266,0.031173406360817606,0.05270911307131194,1.278114291534536,Not Significant
C12orf73,0.7582109532020382,0.006304212432137564,0.014050583194989783,1.8523056492030667,Not Significant
C12orf75,0.46432688721250237,0.2613515755184742,0.3271441068306547,0.48526089866985106,Not Significant
C14orf119,0.8838629024962081,0.00012378998488124014,0.0006675911711421912,3.1754894154762874,Not Significant
C15orf40,-0.021598179086032232,0.9087455488515812,0.928657198126479,0.03214457065295109,Not Significant
C15orf41,1.1441679182188675,4.0577609488225055e-05,0.00030285471075496055,3.5187656667126697,Up
C16orf45,-1.1233800060702173,0.0008174733099045978,0.0027840521041172816,2.5553226410733756,Down
C16orf58,0.21403875242176085,0.037390881718498026,0.06177037429192343,1.2092197670867115,Not Significant
C16orf70,-0.31269902860928767,0.008885883971422889,0.018541092611456957,1.7318646768180077,Not Significant
C16orf86,0.23148033627050246,0.23115319836271106,0.29401986367499383,0.531623328114956,Not Significant
C16orf91,0.2518640507893082,0.23711760361715567,0.30046826903638063,0.5222013849258981,Not Significant
C17orf100,0.6578008398171491,0.003926529076961176,0.009624295357982211,2.0166310574914057,Not Significant
C17orf49,0.9337187033935788,0.0001888714223885482,0.0009187304245013205,3.0368119013734662,Not Significant
C17orf75,-1.018257749042057,0.00014898203827479474,0.0007684818502715219,3.1143663850542898,Down
C17orf80,0.42911449147926106,4.058505653357125e-05,0.00030285471075496055,3.5187656667126697,Not Significant
C17orf97,-0.6643879417704248,0.07886426914455016,0.1168007420408995,0.9325543981205001,Not Significant
C18orf21,0.5033016097498759,0.09120819328004837,0.13228208164457345,0.8784989794701712,Not Significant
C18orf25,-0.3217553885081834,0.015585921796345265,0.029419921760068097,1.5313584865784369,Not Significant
C18orf32,-0.04651873755833513,0.7112912217290258,0.7594645222785592,0.11949250901452875,Not Significant
C19orf12,-0.9221802015021936,2.101893205515169e-08,2.182935273439156e-06,5.660959141434679,Not Significant
C19orf25,0.25995546719090257,0.02896459783518875,0.049531379832234164,1.3051195733868504,Not Significant
C19orf33,-4.693214490795072,0.08027283198817065,0.11852243019908323,0.9261994522710327,Not Significant
C19orf47,0.02795558659183328,0.8441674868640755,0.8750919183647557,0.057946326929714645,Not Significant
C19orf53,0.5013198000481189,0.010165669895332826,0.020713786109543462,1.6837405125889051,Not Significant
C19orf54,1.7187599003782434,2.9655118801875855e-05,0.0002454771296714029,3.609988963501023,Up
C19orf66,-1.3718329460224687,1.2162674651377173e-05,0.00012950541451491656,3.887712073707882,Down
C19orf70,-0.07114085080424815,0.6705041819030503,0.7225007090053833,0.14116172238875083,Not Significant
C1D,-0.5279506164539765,0.004692245164443829,0.011101380410194253,1.9546230151542756,Not Significant
C1GALT1,0.25496539436798216,0.11504362154513607,0.1614360556408554,0.7919994620730837,Not Significant
C1GALT1C1,0.33997123073613267,0.06330272605330661,0.09668157402380394,1.0146562876780425,Not Significant
C1QA,4.072941778153751,3.936649390352111e-07,1.2658176348740428e-05,4.897628858199206,Up
C1QB,3.642812930412365,1.1555893607133918e-06,2.6338025384223326e-05,4.579416788101706,Up
C1QBP,0.35309707672334056,0.13544797284528798,0.1859755865399252,0.7305440629158502,Not Significant
C1QC,3.466855562849677,1.1670563817557764e-06,2.6420058404062227e-05,4.578066226671003,Up
C1QL1,5.244015318876976,5.113438785773573e-06,7.245117064399857e-05,4.139954592937851,Up
C1QL3,-6.199506016057551,0.00030984499446081267,0.0013282461592332882,2.8767214312256417,Down
C1QTNF1,0.30133731483164894,0.42819125443669315,0.4946220269688392,0.30572654713765823,Not Significant
C1QTNF3,2.114751346668635,0.01936068203128354,0.03538452662974426,1.4511866099630637,Up
C1QTNF4,-3.0918888755968066,1.2360986122129417e-06,2.767212759874039e-05,4.557957448417044,Down
C1QTNF5,0.0,1.0,1.0,-0.0,Not Significant
C1R,3.0249287667135647,0.0018715583053059437,0.005351711146083473,2.2715073352715165,Up
C1RL,0.7240746374039588,0.22423345860017665,0.28637523604692944,0.5430645398319248,Not Significant
C1S,1.8432074010296375,0.037547856797114205,0.06197888077570515,1.2077562705834093,Not Significant
C1orf109,0.49802460007824934,0.002790839978971187,0.007356075862939754,2.1333538005478503,Not Significant
C1orf122,0.32077695785720195,0.1451090427189682,0.19709161336805794,0.7053318554032858,Not Significant
C1orf123,0.6716338818335501,9.757583295328018e-06,0.0001128563652320717,3.9474739411745574,Not Significant
C1orf131,0.7683281755772775,0.00030354389849224234,0.0013073589855828324,2.8836051438266215,Not Significant
C1orf159,-0.061076610556384026,0.7544756899986957,0.7983811030511409,0.09778975095131878,Not Significant
C1orf174,0.5287442463920478,0.0010032807668812634,0.0032728738791321693,2.485070729996699,Not Significant
C1orf198,0.4902461199295871,0.22925143470169804,0.29211724679798967,0.5344428012322696,Not Significant
C1orf21,-1.134711919341207,0.0034222273584178934,0.008633989083070838,2.0637885048070492,Down
C1orf226,3.573800498843397,2.8893450704406657e-06,5.035858518965271e-05,4.29792647977462,Up
C1orf35,0.4146118470122282,0.07180523823309068,0.10767579189642089,0.9678819255557856,Not Significant
C1orf43,-0.1318403180522978,0.22757523234877555,0.29009147041396494,0.5374650406099768,Not Significant
C1orf50,0.26498899671971543,0.02267331503867883,0.04026281961918748,1.3950958145895518,Not Significant
C1orf52,-0.4714424640509982,0.0011402454033691142,0.0036293308668374265,2.440173437671131,Not Significant
C1orf53,0.5431779147896005,0.1607298699487034,0.21477552856655233,0.668015203484361,Not Significant
C2,1.8712898749367106,0.0001438493981522092,0.0007500718617936623,3.12489712636113,Up
C20orf194,-0.17741419732044506,0.3798055405201431,0.4478184708801406,0.3488979973226794,Not Significant
C20orf27,0.46080227547577124,0.014027985276872735,0.026994827827930452,1.5687194380989506,Not Significant
C21orf2,-0.4317830911600087,0.12516920299486795,0.1735178961015962,0.760655726767299,Not Significant
C2CD2,-0.6678418158020634,0.13235440958136604,0.18229946980074946,0.7392145944440016,Not Significant
C2CD2L,-1.6620363992610905,4.7750752987149695e-08,3.5112487999455916e-06,5.454538396221009,Down
C2CD4C,-2.4801718261379655,1.1631716779448362e-08,1.5223026267907658e-06,5.817499003228598,Down
C2CD5,-0.5759405600327092,0.0007415006858917407,0.002573834045403427,2.5894194587871255,Not Significant
C2orf49,0.19614746499684443,0.04542521429337016,0.07300791461254164,1.1366300565064855,Not Significant
C2orf69,-0.961511824529417,3.306585252309064e-05,0.0002633244255475218,3.5795088545722225,Not Significant
C2orf72,-0.6676971804826586,0.006896667811387951,0.01511684759180205,1.8205387654635006,Not Significant
C2orf76,0.74626499116874,3.905631698432638e-08,3.122645534127809e-06,5.505477311738213,Not Significant
C2orf88,1.7255638923791068,0.003126370420254233,0.008014009061995201,2.096150170816186,Up
C3,3.184704479532815,3.662535270984986e-05,0.00028249840414313406,3.5489840012030855,Up
C3AR1,3.4249724449467145,1.5711914327805345e-07,7.46612381784486e-06,5.126904812030811,Up
C3orf14,-3.092042523114001,0.0018333662798022017,0.005269932807122141,2.278194922108537,Down
C3orf33,-1.1258581409108483,0.0003578728950275596,0.0014781515147632783,2.830281047231413,Down
C3orf38,0.22127254581121036,0.25619328964516214,0.32140612700938526,0.4929458484780768,Not Significant
C3orf58,-0.26532949488028734,0.3987212457833116,0.4665719398328588,0.3310813837209945,Not Significant
C4A,4.354413616139148,8.571023658726718e-06,0.00010279106230715828,3.988044645646478,Up
C4B,4.178582925829307,1.9329131317082226e-05,0.00018034441391752708,3.74389730520237,Up
C4BPA,1.7782821811542053,0.4724170358127904,0.5384848629529362,0.26882650040390005,Not Significant
C4BPB,1.983940915550523,0.3278577147682913,0.3960238151769504,0.40227869667816696,Not Significant
C4orf3,-0.6177038512314112,0.046380231644028505,0.0743530320786033,1.1287013164741557,Not Significant
C4orf33,0.0011894682227957531,0.9949614956762793,0.9974367705684981,0.0011146255294887857,Not Significant
C4orf48,1.5442036795378833,0.0030985414581580903,0.007971069113760113,2.098483425270447,Up
C5,0.7766077353064134,0.024277508187917293,0.042690106036843915,1.369672766461947,Not Significant
C5AR1,3.0127951270457576,0.0013186981032714627,0.004050172162303876,2.3925265156620172,Up
C5orf15,0.4699047317785521,0.05293196948380062,0.08308455291053403,1.0804797127899972,Not Significant
C5orf22,-0.5049718879805987,0.0439292943003901,0.07087503375754803,1.1495067212459387,Not Significant
C5orf24,-0.45467175819594274,0.011488182388996954,0.022883034546940243,1.6404863837424721,Not Significant
C5orf30,-1.7792817070894955,0.0003885096809902384,0.001569934426913623,2.8041184868419142,Down
C5orf51,0.06874086623273357,0.5871396747826844,0.6472092224270447,0.1889553028595686,Not Significant
C6,3.585195749898274,0.00977916643789602,0.020035656435908992,1.6981964240412266,Up
C6orf106,-1.4214314500979945,2.0016476943091534e-09,5.170409967300105e-07,6.286475019869837,Down
C6orf120,-0.2201727283912156,0.4155774992247498,0.4828194818579321,0.31621521435617944,Not Significant
C6orf136,-1.042123326815748,5.028587202012417e-06,7.134927813108885e-05,4.146610416456421,Down
C6orf203,-0.3635016585988282,0.09972282828537056,0.14294362153483536,0.844835219067992,Not Significant
C6orf47,0.7667839784722155,0.0008022905446213755,0.0027425432461878987,2.561846515464213,Not Significant
C6orf89,0.09599430032555745,0.4784650424445547,0.5446391906877338,0.2638911112754448,Not Significant
C7,0.6203529117330291,0.41168883081812496,0.47901978305171994,0.3196465502748294,Not Significant
C7orf25,0.24072652996720834,0.3420464004098444,0.4103579180336754,0.38683718225984937,Not Significant
C7orf26,0.7460545468280309,4.7904649718279385e-06,6.894163446599236e-05,4.161518424566788,Not Significant
C7orf43,0.3535653063158968,0.12498845877622268,0.17331503561069062,0.7611637592739473,Not Significant
C7orf50,-0.28058435679994176,0.06599052622609604,0.10007354526594783,0.9996807143636365,Not Significant
C7orf57,2.7611745843865414,0.000137173740177924,0.0007212360430858072,3.141922577953323,Up
C8A,2.0977887660927395,0.42411045722149393,0.49097779200750746,0.30893815151596876,Not Significant
C8B,1.5634703996237027,0.525018246972187,0.5887170325019826,0.23009339918932942,Not Significant
C8G,-0.062104927898342766,0.8225954128942343,0.8571396555126725,0.06694841182568553,Not Significant
C8orf33,0.3279652429288724,0.16662398455464955,0.22147645077233669,0.6546724448058506,Not Significant
C8orf37,0.4052599816905982,0.012057165792433254,0.023846436871465832,1.622576503947327,Not Significant
C8orf59,0.5618415755036281,0.007735586878461532,0.016608420763855616,1.7796716611157213,Not Significant
C8orf76,0.48747496479717256,8.160471525240066e-05,0.0004949343175512849,3.3054524322134093,Not Significant
C8orf82,0.5318258955892681,0.05806554873827703,0.0899511514669234,1.0459932728684,Not Significant
C8orf88,1.302581086411836,0.07169090499211087,0.107552371837755,0.9683800077340656,Not Significant
C9,2.6061490329225627,1.553254755087725e-05,0.00015340674904660531,3.814155533416879,Up
C9orf16,-0.5841065049027137,0.029817570224164452,0.050717711659684105,1.2948403496845176,Not Significant
C9orf40,-1.1539963211779778,0.010602865197104011,0.021461375124698777,1.668342454320893,Down
C9orf64,-1.5471399229380793,4.671094751778627e-06,6.790275401070401e-05,4.168112611177573,Down
C9orf72,-0.5127679576880162,0.024166742530393005,0.04251017360767926,1.3715071214101258,Not Significant
C9orf78,0.11158282172777945,0.42686428382863406,0.4933720508593001,0.30682545659209143,Not Significant
C9orf85,0.5756090559678597,0.0006674619837735495,0.0023784973556896846,2.623697327073601,Not Significant
CA1,1.3988908815335517,0.31576458347400044,0.3839947385221005,0.41567472627432606,Not Significant
CA10,-1.712916976135201,0.002603527901292076,0.0069404445825923195,2.158612709144219,Down
CA11,-3.660410810334753,6.273825813978802e-05,0.00041040598214300296,3.386786317504521,Down
CA12,2.3735788755986054,0.08571711510468809,0.12540142572823523,0.9016975258467268,Not Significant
CA13,1.168778603349411,0.007026075217305101,0.015323208373026921,1.8146502926134347,Up
CA14,1.3776130820885921,0.019173773364408724,0.03509385771676117,1.4547688890369503,Up
CA2,-0.27247469644850497,0.40692557272983987,0.4745737693540642,0.32369626978409366,Not Significant
CA3,2.4363140706312727,0.006147485075522243,0.013746895593964723,1.8617953657341926,Up
CA4,-2.7529785353564495,0.0001852114497392805,0.0009061778264562952,3.0427865689119558,Down
CA5B,-0.33247672754731994,0.04589968096767246,0.07367644774830025,1.1326713214716517,Not Significant
CA8,-0.01558472175242187,0.9733237193511364,0.9800362967259718,0.00875783943414964,Not Significant
CA9,3.344061494916321,0.05270549257156996,0.08278065671437414,1.082071132582546,Not Significant
CAAP1,0.22654677004152646,0.20008775198448175,0.25941879195516976,0.5859985673929085,Not Significant
CAB39,-0.9070788589656971,0.00025202279945443697,0.001141581691413668,2.9424930050140965,Not Significant
CAB39L,-1.2655078397625878,0.059543032174013195,0.09187264605927538,1.0368137751628663,Not Significant
CABIN1,0.46377331027238355,0.0034701602992784266,0.008728687853915324,2.0590510370085213,Not Significant
CABLES1,-1.668406168781292,0.004919351269441843,0.01152501039264119,1.9383586743144803,Down
CABLES2,-0.7406341754805634,0.0012669210759793745,0.003928274213424505,2.405798203873757,Not Significant
CABP1,-4.533417406260876,0.00012145288790712906,0.0006585125902994715,3.1814359172165263,Down
CACFD1,1.1815865857050163,3.0879193853956386e-05,0.0002514646962623767,3.599522977982422,Up
CACHD1,0.8082872707138549,0.008131633525382626,0.017289589728726167,1.7622153121433317,Not Significant
CACNA1A,-0.8872149227598172,0.01729186111298603,0.03211026891285184,1.4933560573460283,Not Significant
CACNA1B,-4.3101619261960185,0.00011204813772964173,0.0006215710019209311,3.206509254824078,Down
CACNA1E,-2.6555631745009762,0.0006662240791211569,0.002375766857722667,2.624196180430115,Down
CACNA2D1,-1.051700848064936,0.006991025232054541,0.01526643516027305,1.8162623624829286,Down
CACNA2D2,-2.487471275648824,0.0009737157988877865,0.0031993519106312983,2.4949379873495867,Down
CACNA2D3,-3.9544394353496912,0.0011946570948159015,0.0037597549431975606,2.424840460999299,Down
CACNB1,-2.2792950972792667,8.024266779036162e-10,3.8493554062862045e-07,6.414611989174779,Down
CACNB2,-1.230006487301882,0.006196137572572828,0.01383419545791194,1.8590460926378978,Down
CACNB3,-2.454579424214499,1.511862515450081e-05,0.00015064790287481816,3.8220369096343916,Down
CACNB4,-2.3911676012880125,2.6979569896365753e-07,1.0408626060683414e-05,4.982606593606061,Down
CACNG2,-4.155410742243326,0.0039043712050793994,0.009581566090615447,2.0185635004282205,Down
CACNG3,-6.635856723391564,0.0002351388911655061,0.0010831226289900818,2.965322370633434,Down
CACNG4,1.7433500039760048,0.0014278967952784836,0.00430291125205966,2.3662376111887067,Up
CACNG7,-1.0453860912206316,0.004448593538446162,0.010622216474592707,1.9737848521577868,Down
CACNG8,-3.450538860673948,5.541647559960279e-07,1.5832013547270842e-05,4.800463847180737,Down
CACTIN,0.4763637335972035,0.003239936976797314,0.00824428519935745,2.083846992831111,Not Significant
CACUL1,-0.2665380322555855,0.14829875543446286,0.20053176674453407,0.6978168199063316,Not Significant
CACYBP,-1.2081659434482361,1.3839733673331766e-05,0.00014068766601931808,3.8517439751633127,Down
CAD,0.8857168217009175,0.0007183699170007599,0.0025127981055089077,2.5998424040400425,Not Significant
CADM1,-0.8425532858919631,0.012612057638156784,0.024762009091169643,1.6062141212912349,Not Significant
CADM2,-1.7309407188780668,0.0005103554645382815,0.0019415864613892173,2.7118432649849677,Down
CADM3,-1.2269719262792123,0.005734592004076235,0.012994635933782644,1.8862358834707107,Down
CADM4,0.46491564832106036,0.23251782581148578,0.29549445909233096,0.529450658296048,Not Significant
CADPS,0.1089568004264656,0.6970577397276443,0.7462443857615609,0.12711892318846524,Not Significant
CADPS2,-4.128368025016833,0.0006569089441092516,0.002349201527496131,2.6290797254423426,Down
CALB1,-2.7799984479640365,0.03263206962104837,0.054803227974063805,1.2611938603105888,Not Significant
CALB2,-3.4964334470668987,1.832606016708039e-05,0.0001733490423691717,3.761078553170741,Down
CALCOCO1,-0.1850591852093153,0.2678204375512264,0.3338311170367551,0.476473184350884,Not Significant
CALCOCO2,0.36480235760951274,0.10550048510491172,0.14962859171432924,0.8249854115697134,Not Significant
CALCRL,3.568805557880056,3.3149227336600204e-06,5.456622813544288e-05,4.263076065578752,Up
CALD1,1.2975177458628409,0.004949238587933495,0.011567598498006336,1.9367567937983696,Up
CALHM2,0.08685366170186803,0.8583773338555932,0.8866379804717585,0.05225366898072684,Not Significant
CALM2,-1.4399169209152518,4.734577034931901e-05,0.00033779128222311596,3.471351562968831,Down
CALML3,-6.322618665231893,0.029351338164244102,0.05007373084955039,1.3003900493638316,Not Significant
CALML5,1.125947847579452,0.6578260104260086,0.7110786571685651,0.14808235639421893,Not Significant
CALR,1.4549112751048838,2.7756916263184885e-06,4.8711101109324006e-05,4.312372053136125,Up
CALU,1.2071547461600893,0.0034494848612719197,0.008688446833557814,2.061057852078621,Up
CAMK1,-0.8703054717329444,0.008743615986875319,0.018312512983738455,1.737252054382964,Not Significant
CAMK1D,-2.511152429248181,0.00010514911649197985,0.0005937624436884557,3.2263872756094325,Down
CAMK1G,-5.953501007737659,0.0009482122674696835,0.003124726981514423,2.5051879225124027,Down
CAMK2A,-6.5958180575385565,0.0001222936804473946,0.0006616469048480415,3.1793737147695693,Down
CAMK2B,-4.8518953593144865,5.6790758725641054e-05,0.0003842243810625305,3.415415080325541,Down
CAMK2D,-0.1078371057233305,0.7528056861789347,0.7966976029589861,0.09870648950350687,Not Significant
CAMK2G,-2.14862516035123,0.0002074752218216429,0.000982896084030604,3.0074923952072146,Down
CAMK2N1,-3.1744737515041592,6.316505330638163e-06,8.361691813514962e-05,4.077705843262088,Down
CAMK4,-5.36772473864327,8.104317357725537e-05,0.0004930126392616368,3.3071419466634975,Down
CAMKK1,-4.357761010492826,1.9379426491862983e-06,3.699158460516092e-05,4.431897064452724,Down
CAMKK2,-2.8501411065341173,7.44358033348571e-09,1.0867627286889137e-06,5.963865264441028,Down
CAMKMT,0.23508449337886717,0.21302338819297967,0.27407376917702136,0.5621325275644831,Not Significant
CAMKV,-4.209038074705104,4.954647628854041e-05,0.00034816401382650974,3.4582161195030885,Down
CAMLG,-0.6569959589673857,0.004200133502545881,0.010137073527706564,1.9940874034056664,Not Significant
CAMP,2.9511945871650083,0.3952696122528138,0.4632837602460204,0.334152923106046,Not Significant
CAMSAP1,-0.42537118818623654,0.0003599609151169291,0.0014849493279639411,2.8282883658492044,Not Significant
CAMSAP2,-0.5895375111048402,0.000788134070123865,0.002703324011722103,2.568101898041663,Not Significant
CAMSAP3,-3.1544257464527306,0.005166646914443363,0.011959742880538244,1.9222781570335408,Down
CAND1,-0.3978624828668771,0.017230682109102936,0.03202027145676129,1.494574990603047,Not Significant
CAND2,-0.5848309184064107,0.029329045694069213,0.050052652265297856,1.300572904525032,Not Significant
CANT1,0.4543001049908888,0.011115587041597031,0.022297575439476004,1.651742358050622,Not Significant
CANX,0.5042850842172406,0.0009144435961371141,0.003033291006745238,2.518085922507986,Not Significant
CAP1,0.829113114133861,0.0019417481467544932,0.005499070392050217,2.259710721001279,Not Significant
CAP2,-2.8505379583332946,0.0001233768031449769,0.000666076052991692,3.1764761799755044,Down
CAPG,2.0367269759195032,4.56936679930482e-06,6.651994383843462e-05,4.1770481261192085,Up
CAPN1,-0.19094774247982116,0.320602344491875,0.3890325245014634,0.4100140885945061,Not Significant
CAPN15,0.255991832928089,0.2741061103051035,0.3402525605717011,0.4681985978278578,Not Significant
CAPN2,1.1488659440472908,0.0010254486866916345,0.0033294814115604845,2.47762340542356,Up
CAPN5,1.8938210548525518,0.02539785739335004,0.0443120913371334,1.353477752682366,Up
CAPN7,0.8094763958619104,0.0006091012882776355,0.002224441103000263,2.6527790886709868,Not Significant
CAPNS1,-0.08272802076962549,0.6383108736531893,0.6932985165695126,0.15907972904739037,Not Significant
CAPRIN1,0.30636010191184937,0.08361776877030026,0.12261505132343592,0.9114562157433943,Not Significant
CAPRIN2,-0.6243296217755052,0.008064065187299792,0.01716766540508413,1.7652887596221645,Not Significant
CAPS,1.6761179775768227,0.0009024518528084366,0.0030004290314165644,2.5228166410620827,Up
CAPZA1,0.45873421542503223,0.01611870970149956,0.030283454220982206,1.5187945894245125,Not Significant
CAPZA2,-0.06415366472434769,0.7598847371347653,0.8025032856584156,0.09555318080421411,Not Significant
CAPZB,0.6503906725573998,0.00032738263970149087,0.001383411372631216,2.859048658431315,Not Significant
CARD11,1.3967936089181112,0.00022146495894648986,0.0010319324682825804,2.986348722875349,Up
CARD16,2.326412193532244,0.00048384752035619247,0.001868972361989372,2.728397120838533,Up
CARD6,1.2473176579353389,0.00022356008845678252,0.0010402514231471719,2.9828616813850117,Up
CARD8,2.0275641759527776,5.583622636539717e-07,1.5889056281804548e-05,4.798901896611118,Up
CARD9,1.3403039342008274,0.0011174802503803884,0.0035704078789508507,2.4472821677928063,Up
CARHSP1,0.8075836813709252,0.0417333935656775,0.06774447418315101,1.16912612376925,Not Significant
CARM1,-0.32224206780358244,0.02396304891967572,0.042225599932974145,1.3744241713429983,Not Significant
CARNS1,-3.7308470878917763,0.020152334811039743,0.03655918476941244,1.4370034971311245,Down
CARS,0.07544181012061557,0.7220618391372564,0.7689271635802031,0.11411479667885507,Not Significant
CARS2,0.562194655267561,0.03200347200945432,0.05392255845847847,1.2682295100550947,Not Significant
CARTPT,-13.284960777021489,0.0015995044642964557,0.004714279687923492,2.3265846553037246,Down
CASC3,0.12105774284612636,0.40634860087997077,0.47406552463981766,0.3241616266323089,Not Significant
CASC4,-0.02048001137024258,0.8407587584584321,0.8723120544510884,0.05932812598179182,Not Significant
CASK,1.3768332398529743,0.0003114443044644771,0.0013339668040710639,2.8748549777569057,Up
CASKIN1,-2.8701390525009938,0.0004437314337632668,0.0017475177731552578,2.757578398561393,Down
CASKIN2,0.15578748068047688,0.5158172266865805,0.5802079881242309,0.23641629626001326,Not Significant
CASP1,2.652275248620395,1.1508483943939236e-05,0.00012544117773987076,3.901559877144284,Up
CASP10,1.0007617741427044,0.004539631707178203,0.01080374434635323,1.9664257012600146,Up
CASP2,1.328745957779356,3.212204849003217e-06,5.313330318408328e-05,4.274633184089744,Up
CASP3,0.6440677693576404,0.001222162988315227,0.003822437114029058,2.4176596507828303,Not Significant
CASP4,1.8252715636626071,0.00270649846961734,0.007171295524178086,2.14440238015129,Up
CASP6,1.6957631031545475,0.0006557253999810355,0.002347468969228483,2.6294001398848166,Up
CASP7,0.6135030055227624,0.15574463257033444,0.20886201125047246,0.6801405442446586,Not Significant
CASP8,2.2006986860405338,0.0003016089748989057,0.001304199833680331,2.8846558595124874,Up
CASP9,1.1347992040063097,0.016723335737090415,0.03122722598988857,1.5054665937650882,Up
CAST,0.03452222109349279,0.8672197610148589,0.8941123602971741,0.048607901348592886,Not Significant
CAT,1.0690793244024412,7.245169587824947e-07,1.9411659156316092e-05,4.7119373429404465,Up
CAV1,2.887483135545466,0.012035902685448827,0.02381179961767704,1.623207780802936,Up
CAV2,-0.36757149079079454,0.542729996780544,0.6050085191509572,0.21823850998521305,Not Significant
CBFA2T2,-0.7525367014966484,0.0029579682818318596,0.007687970193801381,2.114188309092461,Not Significant
CBFB,1.091511147125523,0.001792555419513041,0.0051802074859937965,2.2856528448459756,Up
CBL,0.46058688435030604,0.025857004480313465,0.044980739619181115,1.3469734077290172,Not Significant
CBLB,1.4437510500711586,0.0020142640362514606,0.005645992181746582,2.248259727575332,Up
CBLL1,-0.01520115043168957,0.9097584024328647,0.9294094053451656,0.03179293690466724,Not Significant
CBLN2,-5.473822895670562,0.0018664030080966698,0.005341187860876148,2.272362146706566,Down
CBLN4,-6.156613238934019,0.0004635693671791254,0.0018107785207299378,2.742134665703066,Down
CBR1,-0.9503183218965887,0.11694356427353025,0.16360081467734255,0.7862145380180364,Not Significant
CBR3,0.15878316045050767,0.6247267991892188,0.6813356907039287,0.16663886062792138,Not Significant
CBR4,0.5484048839865103,0.06876667909028736,0.10373697591427895,0.9840664164820542,Not Significant
CBS,0.3273148647742463,0.5267638918718907,0.5902331600847249,0.22897639490846286,Not Significant
CBWD2,0.4016789208797391,0.008600575689523101,0.01809191887581034,1.7425153682988201,Not Significant
CBX1,0.06301061350239223,0.6706196801391162,0.7225478778311718,0.14113337017837993,Not Significant
CBX2,4.1210014189797395,3.167437642535791e-05,0.00025578833033921845,3.592119272933557,Up
CBX3,0.7557017002560364,0.007887518818176861,0.016859508715110057,1.7731550848373379,Not Significant
CBX4,0.3503879120650524,0.17389928149310074,0.22981258845093755,0.6386261856345067,Not Significant
CBX5,0.5677120863739908,0.2101957469196728,0.271082814308714,0.5668980142803508,Not Significant
CBX6,-1.799712757259968,1.0481933081402223e-05,0.00011878058586189991,3.9252545369815195,Down
CBX8,1.76321920782377,4.6452139782231365e-05,0.0003330668015417785,3.477468653486375,Up
CC2D1A,-0.4191600401725921,0.013337817715006712,0.02587809765328282,1.5870676526187992,Not Significant
CC2D1B,0.8596387806292967,1.52840488126838e-05,0.00015169606673790797,3.81902567970218,Not Significant
CC2D2A,1.4159380931323646,3.360688994215711e-06,5.4725342471729004e-05,4.2618115119324065,Up
CCAR1,0.5586291313226717,4.990992794683585e-05,0.0003498904760865862,3.456067878721249,Not Significant
CCAR2,0.07804697529562077,0.6159960055911983,0.6738564187561875,0.1714326304449441,Not Significant
CCDC102A,2.1508563871109505,4.4715657423929955e-06,6.558534451402582e-05,4.1831931958036614,Up
CCDC106,-0.517598211872567,0.10385109434854001,0.1474969581935982,0.8312169359797641,Not Significant
CCDC115,-0.3224972960296988,0.09826658460558998,0.14113737857381145,0.8503579532296522,Not Significant
CCDC117,-0.10130187340552865,0.6878314161540732,0.7383285760613887,0.13175032244085927,Not Significant
CCDC12,0.5727900176434719,0.01710407907405639,0.03182609763428964,1.4972166092518475,Not Significant
CCDC120,0.33521777543156617,0.44562358365199994,0.5115911090268088,0.29107701175817724,Not Significant
CCDC124,0.4935797523764407,0.017419105636524497,0.03232272429219889,1.4904920422289025,Not Significant
CCDC127,-0.31238019134333506,0.0716273143214328,0.10748898621690957,0.9686360331462138,Not Significant
CCDC130,0.8856645894778907,6.148903547674696e-06,8.204510508513229e-05,4.085947324396752,Not Significant
CCDC134,0.5086952520154426,0.05915560507530185,0.09140085360867958,1.0390497482945258,Not Significant
CCDC136,0.5656682206401982,0.26293921211923404,0.3286821718437975,0.48322385198726453,Not Significant
CCDC149,-1.1064623442658235,0.0008953762118685076,0.002982810832792111,2.5253742883340697,Down
CCDC167,1.4847750139197764,0.00010815926371975077,0.0006060046844898606,3.217524018671612,Up
CCDC174,0.41802368752640007,0.008119714098308337,0.017267891033641163,1.7627607005553616,Not Significant
CCDC177,-4.023327141206085,0.00020583945196792303,0.000977664610619923,3.0098101050674715,Down
CCDC186,-1.1667333422968476,6.2524389855713e-05,0.0004092727117650766,3.387987210949468,Down
CCDC22,0.5528144618833224,0.05396643506107719,0.0844845169860593,1.0732228745252488,Not Significant
CCDC25,-0.5292582358806079,0.009559936629536595,0.019690615744418657,1.705740702845016,Not Significant
CCDC28A,-1.2982154678167355,0.0007094687009717287,0.00248857510222465,2.6040492482333693,Down
CCDC28B,1.051980519198782,3.2147155793620344e-05,0.0002579116577327815,3.5885290270958965,Up
CCDC43,-0.155316077164958,0.34676794154524443,0.41532995400389877,0.3816067460163269,Not Significant
CCDC47,0.21821574382334674,0.06703813076994927,0.10138749878043372,0.994015590815065,Not Significant
CCDC50,0.9126307870529793,0.009418087568764848,0.019466108774669075,1.7107208541597279,Not Significant
CCDC51,0.11113712591660274,0.5552339185523323,0.6173759928803748,0.20945026238597952,Not Significant
CCDC58,0.44069916755166716,0.038121320864079676,0.06279111296395327,1.2021018190626935,Not Significant
CCDC59,0.1783065081727777,0.015138247936881637,0.02872531733210503,1.5417351649087492,Not Significant
CCDC6,-0.804948015029872,0.0012084668716644945,0.0037901915520386423,2.4213388407202707,Not Significant
CCDC61,-0.8264790105390549,0.012962787085693844,0.025337042510919634,1.5962440799082833,Not Significant
CCDC71L,1.507667487700969,0.0033194101439873226,0.008401944168474444,2.0756202087066233,Up
CCDC8,-2.433073040795753,3.5802750039035172e-06,5.715957272476076e-05,4.242911026276662,Down
CCDC80,4.130081430057471,1.7482539978234536e-08,1.8937538466745667e-06,5.722676471995023,Up
CCDC82,-0.11395801163893893,0.5005269488939483,0.5655348231446428,0.24754064797295197,Not Significant
CCDC84,0.6865097995276734,0.009338721563213762,0.019339966748517054,1.7135442769411233,Not Significant
CCDC85A,-1.9456999439330556,0.034062685225967886,0.05690671491980107,1.244836484386085,Not Significant
CCDC85B,-0.9879321280889002,0.04653760189813429,0.0745259109067351,1.127692707018231,Not Significant
CCDC85C,-0.22567660959285263,0.408100458228574,0.4757236769491616,0.3226452330398916,Not Significant
CCDC86,0.3793767137533415,0.014618426394910101,0.02790186197467305,1.5543668139900695,Not Significant
CCDC88A,0.2705743215866505,0.0260665186962984,0.04531391015470407,1.3437684607662594,Not Significant
CCDC88B,0.39029924485960343,0.2127255021047199,0.2737254704563735,0.5626847891299278,Not Significant
CCDC88C,0.6639011314481174,0.14159286761422474,0.19294015262352224,0.7145773822669865,Not Significant
CCDC9,-0.1915663294503389,0.19807608134371185,0.25707529547237223,0.5899396563619317,Not Significant
CCDC90B,0.6022095525605877,0.00017386179316972687,0.0008615266622684842,3.0647312775927373,Not Significant
CCDC91,-0.7641672600467366,0.038082636923349,0.06274852541148475,1.2023964756346526,Not Significant
CCDC92,-1.0189206504000303,0.012953328496610968,0.025323468130188022,1.5964768165591174,Down
CCDC93,0.8715087403820618,8.635914668372435e-05,0.0005172307037406891,3.2863157025283636,Not Significant
CCDC97,0.6081632751671258,0.01627805608728673,0.03049751478953441,1.5157355494127691,Not Significant
CCK,-5.456234607687476,0.00021149789984870737,0.000995621421998074,3.0019057675923047,Down
CCL14,6.158606766556401,0.010307443119217151,0.020957150189485074,1.6786677742230092,Up
CCL18,9.740239146908891,0.005686559251315072,0.012905248456352339,1.8892336298505181,Up
CCL2,3.7914871595907265,9.387721944390816e-05,0.0005474053767272682,3.2616909411759583,Up
CCL20,7.322377340530803,0.01416469621138261,0.027205938919631727,1.5653362813155631,Up
CCL5,3.377777041764764,0.002554520322564298,0.006847942903789582,2.1644398693403213,Up
CCM2,-0.7983376169823302,5.7401102263172155e-06,7.867465363254372e-05,4.104165160404651,Not Significant
CCNA2,1.7168227625588823,0.020576773565612706,0.03719548123093171,1.4295098180663353,Up
CCNB1,0.9625692551652598,0.11144439632569267,0.15712957992792553,0.8037420505410687,Not Significant
CCND2,0.3912014215618953,0.16801288620277574,0.2230283061808885,0.6516400139113965,Not Significant
CCNDBP1,-0.667331780559806,0.0010732376045167454,0.0034564564027818713,2.4613689166205956,Not Significant
CCNH,0.4649406916017256,0.003285168292313491,0.008327827221128865,2.0794682937867517,Not Significant
CCNK,0.5222448999718523,0.03947412313421765,0.06462901291306819,1.189572477060173,Not Significant
CCNL1,1.2564998727853762,0.0015105793940941067,0.004506241284010669,2.346185557949751,Up
CCNL2,1.2446208759703197,6.393478483744966e-05,0.0004158031132682168,3.381112263272598,Up
CCNT1,0.1171950630537637,0.11804759558645364,0.16496787670527532,0.7826006153488175,Not Significant
CCNT2,0.3238447534721409,0.016891080961080957,0.03148209983384451,1.5019363082113903,Not Significant
CCNY,-0.40888927962910415,0.005901137359771832,0.013290422034952254,1.876461227895434,Not Significant
CCNYL1,-0.40346250014363605,0.03990238655462691,0.06523476828161498,1.1855208759201217,Not Significant
CCP110,-1.039666797848696,0.0004327414419308066,0.0017142891411761486,2.7659159258043964,Down
CCPG1,-0.671825709164457,0.0052785541401424675,0.012170262800603094,1.9147000436582273,Not Significant
CCR1,2.733844596246792,1.4884427796938007e-06,3.156752118449547e-05,4.5007595194115915,Up
CCS,0.7824523826093319,0.0053568891818603186,0.012320845118278733,1.909359501780607,Not Significant
CCSAP,-1.9894860869319544,1.7512699854551442e-06,3.4862360524692395e-05,4.457643210222563,Down
CCSER2,-0.5776471293106624,0.0011503546922983232,0.0036557328612660278,2.4370255473793625,Not Significant
CCT2,0.4935153247953856,0.018368753948606334,0.033878950435419296,1.470070052507988,Not Significant
CCT3,0.7005581666150249,0.004343811439462911,0.010426389430819482,1.9818660579916352,Not Significant
CCT4,-0.06985133838811564,0.6348548431498402,0.6902890113212617,0.16096904007037072,Not Significant
CCT5,0.6420750652996432,0.016741709448861566,0.03124995015524021,1.5051506710341904,Not Significant
CCT6A,0.24847333719583986,0.23994766655086372,0.30359618096375296,0.5177036958753721,Not Significant
CCT6B,0.016587946693544353,0.9306423955909684,0.9467597930832273,0.023760193933558216,Not Significant
CCT7,0.2753190995307371,0.11242641875304642,0.1582705062210997,0.8006000085667837,Not Significant
CCT8,-0.3139045436144947,0.10144907639686665,0.14469743672972316,0.8395391622050601,Not Significant
CCZ1,0.32611526695324855,0.06566850497670484,0.09966021680254966,1.001478172392249,Not Significant
CD109,0.38934228855697484,0.6287653700405346,0.6850727166113287,0.164263328147076,Not Significant
CD14,3.39358500878048,4.638454386032872e-05,0.0003328190134251792,3.477791871113988,Up
CD151,1.8578290875126733,0.0006564612375672183,0.0023484341289957945,2.62922161679427,Up
CD163,4.615447209963017,0.00338156642577143,0.008546387399202555,2.068217424937649,Up
CD164,0.336453813533101,0.09572351226464917,0.13794640077353384,0.8602896264249937,Not Significant
CD177,-1.9037112204994369,0.02162079362597833,0.038783453523523095,1.4113535212132358,Down
CD180,2.375952888883763,3.989660096798678e-05,0.00029926906787155534,3.5239381690499423,Up
CD200,-1.9749520773479752,0.00011654416024369127,0.0006391213229694861,3.194416692866863,Down
CD248,0.9764034391220271,0.13642081085962932,0.18700547674512255,0.728145674290475,Not Significant
CD274,-0.10771876887626775,0.691246836211589,0.7410472095344841,0.13015412375181412,Not Significant
CD276,1.6005010880088264,0.0061142199243906245,0.013693786464720132,1.8634764486256146,Up
CD2AP,0.4257393905990732,0.027466721531124755,0.047355768048014855,1.3246271153120586,Not Significant
CD2BP2,0.2175735663348597,0.2830683837097965,0.3496788347630276,0.45633065371821624,Not Significant
CD300A,2.866350683387907,1.1064667900673854e-05,0.00012289466861233563,3.910466957166155,Up
CD300LF,3.201935692101342,3.3338458551447645e-06,5.4698962776430544e-05,4.262020908853838,Up
CD320,1.0371782242093097,0.0006356749535169122,0.002292710419860458,2.6396507952476327,Up
CD33,2.890203854619692,5.079384501401929e-08,3.6812747818074123e-06,5.434001764251578,Up
CD34,-0.35980265218756813,0.49008376020817906,0.5552298470914525,0.25552719586965233,Not Significant
CD36,1.411137831180957,0.007390987972927732,0.015971002325026594,1.7966678270945668,Up
CD38,1.842774645919386,0.056940169386166535,0.08842471210604395,1.053426345490706,Not Significant
CD3EAP,0.5361586059080992,0.04055723051752333,0.06616575550340567,1.179366724213491,Not Significant
CD4,2.59806920919279,4.358571738889898e-08,3.3263827043618812e-06,5.478027786135419,Up
CD40,0.6839364685804092,0.07933303404103531,0.11739144902018063,0.9303635366369646,Not Significant
CD44,4.941936717751769,4.897899185313461e-05,0.00034601287793020903,3.460907737305634,Up
CD46,0.5644434887692782,0.0018668177941378716,0.005341187860876148,2.272362146706566,Not Significant
CD47,-0.8876595917278429,0.031226422336732274,0.052767524031973635,1.2776332833949537,Not Significant
CD48,3.957047725349293,4.825977393639181e-05,0.0003430602517241119,3.4646295980525177,Up
CD53,2.3438499284437064,1.4792975593316283e-06,3.156752118449547e-05,4.5007595194115915,Up
CD55,-1.072549008953116,0.008370778267052037,0.01768236952448778,1.752459537826544,Down
CD58,1.6508272057439726,1.892990428531891e-05,0.00017805775515434424,3.749439106250377,Up
CD59,-0.1637242613911738,0.38030337728517377,0.4483005175252563,0.348430759777453,Not Significant
CD5L,4.053007939709226,0.037502922389567685,0.061919775728293,1.20817062532486,Not Significant
CD63,1.1980058791659296,0.0018997606380495781,0.005409324100540264,2.266856996953304,Up
CD68,4.930923081087613,0.002442618222537241,0.0066183259746746,2.179251846194602,Up
CD74,3.7650574407139032,1.0782682421703091e-05,0.00012123297178151445,3.9163792488548927,Up
CD81,0.7036480996783645,0.000738828192534691,0.0025691940668258464,2.590203089595727,Not Significant
CD82,1.842042626885787,0.00018623291794194887,0.0009102913223421605,3.0408195973071237,Up
CD84,3.3668575712371567,3.496975448833785e-07,1.1901530632280928e-05,4.924397181262442,Up
CD9,1.6538088096230936,0.00023727353119651793,0.0010905195263317482,2.9623665537421275,Up
CD93,3.269971499742507,0.0013734799536166376,0.0041713708329014195,2.379721199863131,Up
CD99,2.6368631084807497,0.0006804827408348704,0.002411249782332214,2.617757798552589,Up
CD99L2,-1.4711082045813164,3.213981408031152e-06,5.313330318408328e-05,4.274633184089744,Down
CDA,0.201532277013035,0.7061911293455007,0.754796006781852,0.12217040611865122,Not Significant
CDADC1,-0.9403286862669606,0.0011086751569653866,0.0035467747003078134,2.450166398085922,Not Significant
CDAN1,0.3327846139114534,0.19982060183778588,0.25913912756357554,0.5864670076934344,Not Significant
CDC123,0.3947611418192132,0.07065081782044744,0.10619760350987578,0.9738852835763964,Not Significant
CDC16,0.08126807186614471,0.7641063093454993,0.8064543698634427,0.0934202004723377,Not Significant
CDC20,4.013929213097967,0.0010264205565967668,0.003331237334779584,2.4773944247950697,Up
CDC23,0.4863229281197725,1.4513343861514217e-05,0.00014635377984073496,3.8345960566755233,Not Significant
CDC26,0.5515583333479164,0.003709721795082419,0.009193539326853701,2.036517261823239,Not Significant
CDC27,-0.4418645636530769,0.01580032419849596,0.02977581127958764,1.5261363967822712,Not Significant
CDC34,0.4119665631552216,0.09982254123265968,0.14300515932562766,0.8446482938200384,Not Significant
CDC37,0.01110446376066676,0.9477245838017733,0.9601441973306788,0.01766353841642561,Not Significant
CDC37L1,-0.4827347557390631,0.024947829046011963,0.04367821164572897,1.3597351516286709,Not Significant
CDC40,-0.8523067612011275,0.0005023060470140543,0.0019211203939330233,2.7164454176565918,Not Significant
CDC42,0.4528009242335891,0.08900021139940884,0.12948990895979848,0.8877640744694735,Not Significant
CDC42BPA,-1.0516031493741913,3.750654850167004e-06,5.8853733583461684e-05,4.2302259810233975,Down
CDC42BPB,-0.7118026900214822,0.002079557691450782,0.005793546510972118,2.237055502140583,Not Significant
CDC42EP1,1.4427342185899654,0.004634898310944956,0.010987117618390765,1.9591162262856454,Up
CDC42EP2,-0.37822521183802316,0.2628194932886096,0.32857329056707035,0.4833677428814514,Not Significant
CDC42EP4,0.6509775921318841,0.11084135594101273,0.15641067653029309,0.805733605496523,Not Significant
CDC42EP5,0.565467414870783,0.14843638521190033,0.20069093338138289,0.697472247200495,Not Significant
CDC42SE1,1.29058779127892,7.533092774679342e-06,9.474204321113569e-05,4.023457253492872,Up
CDC42SE2,-1.1419722345452286,0.00012550514640410147,0.0006743140505999564,3.1711377908877174,Down
CDC5L,0.16470665111123495,0.2370929501858386,0.30046826903638063,0.5222013849258981,Not Significant
CDC73,0.2605871768299757,0.03806199663819859,0.06273346146879215,1.202500748564675,Not Significant
CDCA7,2.9118243827651167,0.0006690293791776976,0.0023798735755071066,2.6234461130770885,Up
CDCA7L,1.4909659547131113,0.0047047711850926694,0.011122397514884117,1.9538015872814565,Up
CDCP1,2.1839228915718163,0.001287232575354834,0.00397412839844456,2.4007581055615987,Up
CDH1,0.782932085127479,0.300949820845112,0.36806707480801976,0.4340730303358313,Not Significant
CDH10,-1.076029794900851,0.052764277602957606,0.0828600674313632,1.0816547176095688,Not Significant
CDH11,2.306031630199964,0.0024410152138843173,0.006615761975967342,2.1794201283623273,Up
CDH13,-1.2096267198798074,0.014373830736237896,0.027528891794079954,1.5602112712584366,Down
CDH18,-3.099892139029615,0.008411374512497573,0.017753234200481992,1.7507225176807946,Down
CDH2,0.4317673876444488,0.057748692589194885,0.08952913652563084,1.0480356040914984,Not Significant
CDH20,0.40180028455184313,0.38859405278215847,0.45711075288737324,0.33997856242380936,Not Significant
CDH4,-2.429903411622915,0.0020244859994251207,0.005671488308734335,2.2463029588400745,Down
CDH5,-0.08310438938989151,0.870984612374811,0.8975346752315718,0.046948763952063426,Not Significant
CDH6,-0.417393394165293,0.037952058754899175,0.06257431094874866,1.2036039240258332,Not Significant
CDH8,-4.277182412681869,0.0013168059489160494,0.004048063207012597,2.392752714981874,Down
CDH9,-4.910123508546965,0.00011645606964041958,0.0006389860814583806,3.194508601640747,Down
CDIP1,-1.383561819255501,0.0006111511765208718,0.002229086514218415,2.65187307556708,Down
CDIPT,-0.13988989318297484,0.4306991358815856,0.4968922463205558,0.3037377800837484,Not Significant
CDK1,3.5578721889765585,0.0030098691084452307,0.0077867029785509126,2.1086463910206295,Up
CDK11A,0.816054367945851,0.006117002550959531,0.01369392971074807,1.8634719056429803,Not Significant
CDK11B,0.4314188833850743,0.0016675740790021213,0.004866819050592164,2.312754800621137,Not Significant
CDK12,0.43492949707706074,0.027142306814236992,0.04686728464080512,1.3291302075567204,Not Significant
CDK13,0.07123614325596606,0.2961236452669121,0.3632228908339063,0.4398267894197148,Not Significant
CDK14,-0.9663681771747399,0.0028635314262681387,0.007499774174440754,2.1249518134444068,Not Significant
CDK16,-0.5973497133889794,0.052416307302722925,0.08241640077534428,1.0839863555665672,Not Significant
CDK17,-0.7096498795176274,0.0016307655266558521,0.004796593260009067,2.3190671071382223,Not Significant
CDK18,-1.7592407338759841,0.014273952229884247,0.027370280289003707,1.5627207551165714,Down
CDK19,-0.12076862552174816,0.4001058555295267,0.46792040731419227,0.32982801360098923,Not Significant
CDK2,2.7531536272415718,6.245605164055483e-05,0.00040925857885052775,3.3880022081691776,Up
CDK20,-0.24301050526483792,0.03988603222998236,0.0652186152710343,1.1856284264213985,Not Significant
CDK2AP1,1.2068571541471798,0.0012763369489774386,0.003948961432432038,2.4035171077837747,Up
CDK3,1.6966523627576393,4.065466914625342e-05,0.000302860493284539,3.518757374628632,Up
CDK4,4.311024318311336,0.006716378332123166,0.014779553367804451,1.8303386899485532,Up
CDK5,-0.9063407291468728,0.0028204922191874494,0.007405270379591651,2.130459079989368,Not Significant
CDK5R2,-4.571225742308076,5.784654656368852e-08,4.08396208713077e-06,5.388918298276197,Down
CDK5RAP1,-0.07737052509155973,0.42015695207629566,0.4871286839931641,0.31235629676126997,Not Significant
CDK5RAP2,0.676875102560917,0.006116608974308873,0.01369392971074807,1.8634719056429803,Not Significant
CDK5RAP3,1.015869016593797,0.00013217371228860914,0.0007000620281784692,3.154863478125501,Up
CDK6,0.728327065121519,0.2887768498169342,0.3554230891943549,0.44925436273221836,Not Significant
CDK7,-0.15066167541700182,0.3986147161793698,0.46650146965508493,0.3311469837243659,Not Significant
CDK8,0.4011770726785642,0.052057285780629466,0.08192862005218891,1.086564360028518,Not Significant
CDK9,-0.12950021830246072,0.5837003490456328,0.643981745294678,0.1911264432460169,Not Significant
CDKAL1,0.9069669544728853,0.0005259731280877933,0.0019852578839851744,2.702183070605046,Not Significant
CDKL5,-3.2941691950964067,2.5884337576221545e-09,5.926336744155815e-07,6.227213674831392,Down
CDKN1A,1.8065995122156195,0.003106230689303427,0.007982695909194572,2.0978504143183496,Up
CDKN1B,-0.2848272082142884,0.040518660736201854,0.06612424886708204,1.1796392482608673,Not Significant
CDKN1C,-0.37466878057836084,0.5054076353792083,0.5700903055436283,0.24405634416461913,Not Significant
CDKN2A,4.01267283539357,0.022609715924573115,0.04017821101149225,1.3960094046991227,Up
CDKN2AIP,0.2890327643528714,0.14445394913729545,0.1962283014575397,0.7072383553636318,Not Significant
CDKN2AIPNL,-1.0019799953019444,0.00032309346113466224,0.001367581314063272,2.864046841814205,Down
CDKN2C,2.241993926154546,0.010865564927981415,0.02187444066436546,1.660063043196406,Up
CDKN2D,-2.5054415083316783,8.810838003180099e-07,2.164887366927715e-05,4.664564693857605,Down
CDO1,0.06278743962250033,0.8725192139308725,0.8987483191349295,0.04636190883838791,Not Significant
CDPF1,0.7903329694913985,0.002903630122418109,0.0075760605680497365,2.120556561952957,Not Significant
CDR2,-0.9962718566387601,0.01033201652181243,0.020991883713429842,1.6779485881140574,Not Significant
CDR2L,0.06728355935801389,0.7213075938071346,0.7682051696810523,0.11452277455121268,Not Significant
CDS1,-3.8806471769779645,7.92831762227322e-05,0.0004834886478642814,3.3156137185360555,Down
CDS2,-0.5264089495283564,0.041016525340508106,0.06674212183496667,1.1755999905705068,Not Significant
CDV3,0.36637418029431856,0.07977214742002704,0.11797190444940582,0.9282214096042497,Not Significant
CDYL,0.11933778931977557,0.3649356774184284,0.4327677474176866,0.36374511305967155,Not Significant
CDYL2,-2.3259010651379644,0.0002886482605574599,0.0012609898425220516,2.899288411725404,Down
CEACAM8,-4.3906347349233545,0.06412322736704434,0.09768295667557912,1.0101812036039657,Not Significant
CEBPA,1.3500117303369095,0.011200408154388648,0.022449843165004226,1.6487866886388831,Up
CEBPB,0.7543409263102419,0.03933674719632744,0.06441456294795232,1.1910159355447951,Not Significant
CEBPD,1.730590071064917,0.0014753858647204381,0.0044210704853903824,2.354472561056108,Up
CEBPG,0.045913715807049726,0.8012130102897802,0.8385019598648707,0.07649591796248233,Not Significant
CEBPZ,0.49567625285116534,0.0023931501117916195,0.006507042976029359,2.186616324941145,Not Significant
CEBPZOS,-0.7242295165223993,0.0028939043570755585,0.0075604752316336035,2.1214509050292985,Not Significant
CELF1,-0.35738607144494594,0.10340432014317179,0.14698675336846515,0.8327218026545631,Not Significant
CELF2,-0.9203267930203296,0.0007353114118392859,0.002559615467473727,2.5918252741014025,Not Significant
CELF3,-2.383428742800845,4.447517439401894e-05,0.00032304746329138163,3.490733664878821,Down
CELF4,-4.918015235718762,0.00010579598789135593,0.0005954127273840892,3.2251818862267445,Down
CELF5,-2.3081568725656076,6.4039934724226085e-06,8.455285745895853e-05,4.072871710861174,Down
CELSR2,-1.5281100645048653,0.004283500247682291,0.010301260800943282,1.9871096174907088,Down
CEND1,-3.1892576666355374,1.3836629374820119e-08,1.6950251825036705e-06,5.770823845224236,Down
CENPB,0.9540689154699287,0.00019074726507900568,0.0009251747464640844,3.033776230225866,Not Significant
CENPC,-0.4302451547462631,0.09502786513718899,0.13707198072623739,0.8630513115095977,Not Significant
CENPF,3.5132856373245946,0.001305346486237738,0.00401896714619773,2.395885544015319,Up
CENPH,1.7740503579293243,0.0035338985421690897,0.008840450437996377,2.0535256062818927,Up
CENPK,2.910254092290092,0.004633280765688493,0.010987117618390765,1.9591162262856454,Up
CENPM,2.907494344223524,0.0024534402708751143,0.006640504376355697,2.177798932748092,Up
CENPN,0.3325737861150255,0.4449383314413674,0.510969548093867,0.2916049814482084,Not Significant
CENPU,3.8794577585013332,0.0010903446534981061,0.003497017522871672,2.456302191520493,Up
CENPV,-5.023044337410093,0.001379530206540214,0.004179665353589809,2.378858488776958,Down
CEP104,-0.16791985186831226,0.19201059560831457,0.2502023981578271,0.6017085319658616,Not Significant
CEP112,-1.7175600212825657,0.0008668148713896121,0.002903460870245007,2.537084022549956,Down
CEP120,0.1523467147598332,0.050560352915124854,0.07994741724485445,1.0971955618667881,Not Significant
CEP128,0.7274779659603894,0.004776695651464013,0.011245719091574777,1.9490127689950911,Not Significant
CEP131,0.6657763874086307,0.0026983198611518905,0.007157154892376025,2.1452595838512685,Not Significant
CEP135,0.9252847057508298,0.01915462442222727,0.035065180161642284,1.4551239253947126,Not Significant
CEP164,0.6083998721338624,0.011291528319070399,0.02259202706778852,1.6460448002943602,Not Significant
CEP170,0.04472225432329324,0.820383520950889,0.8552772006684524,0.06789310490979496,Not Significant
CEP170B,-3.0171644838578615,3.3448335081404547e-06,5.4725342471729004e-05,4.2618115119324065,Down
CEP192,0.11929246191689202,0.5191118601618135,0.5833277054400569,0.2340873960472855,Not Significant
CEP250,0.15905978273427834,0.33855133250413716,0.406600634674139,0.39083194779522257,Not Significant
CEP290,-0.6075786763309026,0.004147037005028503,0.010050782297984761,1.9978001338180604,Not Significant
CEP350,0.11208392415404234,0.4393321235867032,0.5056937629127569,0.29611240280264856,Not Significant
CEP41,-0.5080159825444142,0.10228100380786216,0.14567776507286914,0.8366067299256964,Not Significant
CEP44,0.2530012390128036,0.40240578997430626,0.4702280394619141,0.3276914776770259,Not Significant
CEP55,5.523323483731279,0.001733125488331287,0.005030108374949405,2.2984226578594864,Up
CEP57,0.5396322063483971,0.027589992300969812,0.04750326139804647,1.323276572300373,Not Significant
CEP63,-0.3568788403121381,0.09101234108293008,0.13205506611975193,0.8792449329981498,Not Significant
CEP68,-0.338894480025683,0.06813248357670132,0.10284186987588988,0.9878300355939557,Not Significant
CEP76,0.22207461997270705,0.3034846333286658,0.3706272513217335,0.43106265122451537,Not Significant
CEP78,0.6868686140410176,0.004534220902178529,0.010793417147577151,1.9668410378573786,Not Significant
CEP85,-0.22025332923616148,0.42271079453067695,0.4896387885595079,0.31012418524547747,Not Significant
CEP89,0.545258045742889,0.0012316981851717755,0.0038439056745416564,2.4152272780088713,Not Significant
CEP97,-0.255078416357577,0.3221939772179603,0.39035263096737605,0.408542889155031,Not Significant
CEPT1,0.7345636969810059,0.0002159744711217112,0.0010105558857780392,2.9954396641240435,Not Significant
CERCAM,-1.0117820193284324,0.02424948414175892,0.042648272214399326,1.3700985584695342,Down
CERK,-0.572179862564326,0.022137378024848248,0.03951310174031206,1.403258877283154,Not Significant
CERS1,-0.5550981207061731,0.03362251296331314,0.05628334921774951,1.249620067180628,Not Significant
CERS2,1.0209256450685622,5.505492768729306e-05,0.00037460420607619545,3.426427350651579,Up
CERS4,-0.0213671075124644,0.9381212141623642,0.9521089171339568,0.02131336736701642,Not Significant
CERS5,0.2277986489554138,0.19073846068640296,0.2489633652442114,0.6038645542810478,Not Significant
CERS6,-0.9384376789549123,0.0012583403375152668,0.003908887005898488,2.40794688352632,Not Significant
CES1,-1.8664128076113737,0.3717302740702323,0.43968660103129276,0.35685676882841105,Not Significant
CES2,-0.06883846299838936,0.6228565436386826,0.6796638670511361,0.16770581784796748,Not Significant
CETN2,-0.19330977382880477,0.3321687631524464,0.400271306219826,0.3976455415387673,Not Significant
CETN3,0.038671282769360715,0.7720231256427313,0.8127663253971027,0.09003429841298591,Not Significant
CETP,3.10503307941754,0.0005021357583243102,0.0019211203939330233,2.7164454176565918,Up
CFAP20,0.29060466447186073,0.32169756959399814,0.3899857179410274,0.4089512974170311,Not Significant
CFAP36,-1.0021275971428416,4.168348287679718e-05,0.0003078588024199815,3.5116484243763075,Down
CFAP97,0.4091522372297547,0.13877800285648503,0.18977190182926973,0.721768090032287,Not Significant
CFB,0.27433590539378017,0.6888304886611255,0.7390072782504983,0.13135128435420826,Not Significant
CFD,3.3299210696663177,0.0015150625245003136,0.004518059311061453,2.34504807215456,Up
CFDP1,0.318239895962229,0.009854594379276183,0.02016149142502605,1.6954773445627584,Not Significant
CFH,-0.27305966453216257,0.6449142948557584,0.6990387999114386,0.15549871821743105,Not Significant
CFHR1,-1.4805083065181628,0.5682565329797041,0.6290095938070036,0.20134273053936155,Not Significant
CFHR2,0.0,1.0,1.0,-0.0,Not Significant
CFHR3,1.4293393950062168,0.5572033918008711,0.619224155433202,0.20815211051842836,Not Significant
CFHR4,-8.47063691061277,0.0018663143864680704,0.005341187860876148,2.272362146706566,Down
CFHR5,-2.206671325925197,0.30126043629079086,0.36840223782391684,0.4336777403871681,Not Significant
CFI,3.668419102559046,0.0006383123256629235,0.0022983185179065654,2.638589783748982,Up
CFL1,0.3685518258383915,0.06013896527639695,0.09262191349861226,1.0332862510542369,Not Significant
CFL2,-0.17982502269191514,0.3262965091650185,0.3946111684667943,0.40383062730769925,Not Significant
CFLAR,0.7229504486360483,0.01742396667667779,0.03232579011065415,1.4904508512425068,Not Significant
CFP,0.0007699322774019635,0.9981935431076809,1.0,-0.0,Not Significant
CGGBP1,0.1498445807984332,0.5207738515540208,0.5847387182963893,0.23303814853358404,Not Significant
CGN,0.2548447085652388,0.4221733076158567,0.48918494374535776,0.31052691825254564,Not Significant
CGNL1,-1.5943413398744273,0.0003094415251625062,0.0013274118857025117,2.876994297985294,Down
CGREF1,-1.2539205720582238,0.027402560327910292,0.047253233951278374,1.3255684635751799,Down
CGRRF1,-0.35552357520833056,0.0004452166467981142,0.0017521690992702698,2.7564239830217514,Not Significant
CHAC2,1.2303844967974928,0.007572634895725077,0.016300582038362058,1.7877968881398485,Up
CHADL,0.2537231323987754,0.6902031827319167,0.740113524571197,0.13070165957526017,Not Significant
CHAF1A,0.4308182923501107,0.24986370015615555,0.31444433671119437,0.50245622271068,Not Significant
CHAF1B,-1.453447908893292,0.018340489534987188,0.03383301438847481,1.4706593065584599,Down
CHAMP1,-0.14163842503868196,0.5980706327896245,0.6568865628786171,0.18250962187003344,Not Significant
CHAT,7.6215736082585765,0.028214376683962702,0.04837985203646643,1.315335464205731,Up
CHCHD1,0.33354072235506393,0.054879716148640525,0.08572775011341364,1.0668785739887818,Not Significant
CHCHD10,-2.7486916982089724,3.4857735651401203e-06,5.589405258109094e-05,4.252634400854678,Down
CHCHD2,0.1387124448382835,0.4358452488118478,0.5021391853305758,0.29917588635556874,Not Significant
CHCHD3,0.6547188238120825,5.373072339041306e-06,7.517823714375294e-05,4.123907862284306,Not Significant
CHCHD4,-0.5184137753981126,0.0024152749677652935,0.0065548168171518225,2.1834394407262647,Not Significant
CHCHD5,1.1581341532991516,0.0019299135669697898,0.005476605429198215,2.261488547385025,Up
CHCHD6,-1.2206371835130447,6.175767161894684e-05,0.000406631884894948,3.39079857038314,Down
CHCHD7,-0.5630131380201142,0.019620086085290655,0.03574837171698644,1.446743734854017,Not Significant
CHD1,0.9906744579906359,0.0005940822148203986,0.002179535322267425,2.661636088269823,Not Significant
CHD1L,0.9531191696479588,0.00012184366078357276,0.0006599209885665119,3.180508058827354,Not Significant
CHD2,0.45962131574471954,0.022093000954034995,0.03945486467132575,1.4038994418927666,Not Significant
CHD3,-1.107101322080755,0.0003771888132753748,0.0015365794707966783,2.8134449734252134,Down
CHD4,1.028819722388608,6.932350386832727e-09,1.0744076584146598e-06,5.968830904662338,Up
CHD5,-4.241886766558396,2.9481040902783897e-05,0.000244236847084412,3.6121888150911503,Down
CHD6,0.3278133633507423,0.013887644169794214,0.026773706550005043,1.5722915009541505,Not Significant
CHD7,2.8991499104204372,1.4006601489180036e-07,6.950862236551709e-06,5.157961318956669,Up
CHD8,0.3813535602622373,0.017192825566096404,0.03196171337015227,1.4953699475289608,Not Significant
CHD9,0.3075411606688476,0.014840023636181717,0.028233880663058476,1.5492294252634986,Not Significant
CHDH,0.05081419252880437,0.8658083805232868,0.8929313703308345,0.04918191919879025,Not Significant
CHEK1,1.754233813357848,0.03365202154216024,0.05632338677782393,1.2493112385481633,Not Significant
CHEK2,1.8553659498805484,0.0012818743774154128,0.0039600130260910365,2.4023033855012166,Up
CHERP,-0.09876102190853331,0.6216889063206843,0.6787573471631704,0.16828545638629663,Not Significant
CHFR,0.605724982785091,0.01851670934231755,0.03408319567230166,1.4674596921394663,Not Significant
CHGA,-4.876049653807437,0.00017086349695401512,0.0008508546061862326,3.070144645703552,Down
CHGB,-2.8754323099110763,0.0001405494292771526,0.0007374452867385601,3.1322701957552,Down
CHI3L1,0.9585108412474312,0.45547876364902545,0.5219534825389924,0.28236820040163274,Not Significant
CHI3L2,4.889483833281123,0.0005813414907161941,0.0021416238358609725,2.669256808180255,Up
CHIC1,-1.4391917182028067,5.0549374115079167e-05,0.0003528997885206566,3.452348601896022,Down
CHIC2,1.2675814110684414,0.0028106989366869463,0.0073890869228038355,2.131409224512825,Up
CHID1,0.17027191555894206,0.3207591362787347,0.3891361358924478,0.40989843794465863,Not Significant
CHIT1,1.8865437839549646,0.03485397949905997,0.058055388471152464,1.2361574645613973,Not Significant
CHKA,-0.08443690666166503,0.5977996027763923,0.6567320827011315,0.18261176702331744,Not Significant
CHKB,0.2707373372812718,0.30300865758049506,0.37009083613796157,0.4316916683876986,Not Significant
CHL1,-2.195427455533075,0.009690517966730336,0.019890439689657986,1.701355616439083,Down
CHM,-0.9210050653037172,9.952349349047888e-05,0.0005701333716097354,3.244023537698219,Not Significant
CHML,-1.3978998678271246,0.0003492989991372387,0.001451067264869502,2.8383124551814545,Down
CHMP1A,0.2413991629309109,0.034081674605909655,0.05692282885733677,1.2447135251969672,Not Significant
CHMP1B,-0.14421207955363613,0.4594928376462537,0.525895347244758,0.2791006715042189,Not Significant
CHMP2A,0.42872882918952016,0.006575501120031966,0.014523481316203032,1.8379292696416338,Not Significant
CHMP2B,-0.42914177857711877,0.07853559528668683,0.11636528708899589,0.9341765546868187,Not Significant
CHMP3,-0.7572702312221864,0.0015858012435725662,0.004684856811656901,2.3293036783850822,Not Significant
CHMP4A,-0.14465790083551155,0.3129921783705446,0.3808071503508293,0.4192949055376834,Not Significant
CHMP4B,-0.38653319102167316,0.011472786959586286,0.022876003881304736,1.6406198384398833,Not Significant
CHMP5,-0.14306459335018573,0.35646794872081944,0.424474954540607,0.3721479295088337,Not Significant
CHMP6,0.8792558162593025,7.241187851612966e-06,9.198956673032664e-05,4.03626142665871,Not Significant
CHMP7,0.05854715442841041,0.622114617388234,0.6789278144912869,0.1681763986718489,Not Significant
CHN1,-4.148675101552357,1.4245649280055593e-08,1.7084603672295243e-06,5.7673950914880825,Down
CHN2,-2.1183297508309717,3.454002641858798e-05,0.0002722662176376019,3.56500624189083,Down
CHORDC1,0.03878402320802721,0.8981565229594957,0.9196085793570443,0.036396985695448726,Not Significant
CHP1,-0.5999854389365424,0.0029726162969001308,0.007716087754437495,2.1126028418043004,Not Significant
CHPF,0.9089933334367792,0.01763225198506522,0.032652078400284376,1.4860891693951457,Not Significant
CHPF2,0.5540382027194823,0.002522330735072288,0.006783224726406361,2.168563794637541,Not Significant
CHPT1,-0.24081480965795876,0.47165659225652573,0.5377947957241138,0.26938340478887124,Not Significant
CHRAC1,1.0003217608739323,6.669943198839187e-05,0.0004277085155003563,3.368852103032878,Up
CHRD,-2.214817627356771,0.01396625905020433,0.026896595999189147,1.5703026803066251,Down
CHRDL1,-3.265639675793315,0.00816726479327914,0.017339731407269562,1.7609576340365183,Down
CHRM1,-5.077758971836177,6.1319541286924e-05,0.00040480541213923485,3.392753689729294,Down
CHRM3,-4.2860963924546525,0.00816487774799523,0.01733831754496289,1.7609930473666708,Down
CHRM4,-2.5378610910498605,0.0031166527757723046,0.007995202460690144,2.097170534238292,Down
CHST10,-0.13678598600125724,0.25366500355210164,0.3186708125431939,0.4966577122774975,Not Significant
CHST11,1.5051720661640537,7.944241708953265e-06,9.798075025725952e-05,4.0088592393914215,Up
CHST12,0.06312288331927363,0.7910724967146452,0.8294405008225787,0.08121476225109767,Not Significant
CHST14,2.144298975597982,3.7520509491283886e-07,1.2352340281542283e-05,4.908250752924746,Up
CHST2,-0.5915985942616757,0.029584078565576148,0.05037694514361293,1.2977681716433214,Not Significant
CHST3,2.1665018242681775,1.6978202603755756e-05,0.00016430202980810324,3.7843570712027153,Up
CHST6,-1.3284296398939954,0.05900727768351577,0.09122764201714824,1.0398735503052876,Not Significant
CHST7,0.5478823209865507,0.11954290949667762,0.16682023414178285,0.777751273583384,Not Significant
CHST9,4.942382542998452,1.5303095364115581e-06,3.2319367441949765e-05,4.490537147871433,Up
CHSY1,0.5109099766069001,0.1280261012132298,0.17684559764460125,0.752405746945946,Not Significant
CHTF18,1.2910231548135513,0.0003834775368305804,0.001553963276762376,2.8085592486547353,Up
CHTOP,0.9989229152209269,5.0097708456377105e-05,0.00035071877344652045,3.4550409863682496,Not Significant
CHUK,0.6546785663825574,0.0007335706667282224,0.002555321886798103,2.5925543852141475,Not Significant
CHURC1,-0.13902137479271204,0.32765900408770554,0.3958312516104504,0.4024899204222654,Not Significant
CIAO1,0.13831436842480116,0.2361119759015057,0.29938225868241264,0.5237739394125465,Not Significant
CIAPIN1,0.19219290471691863,0.25861556848429373,0.3241624034976701,0.48923735623742937,Not Significant
CIB1,0.9361955095010082,0.0027125341062422454,0.007181094299802098,2.1438093702210548,Not Significant
CIC,-0.6079771736023396,0.000996144863079861,0.0032549994650231985,2.487449078474435,Not Significant
CINP,-0.5112100098011894,0.00010531170087289341,0.0005943032247643947,3.22599191319866,Not Significant
CIR1,-0.2531444268174674,0.03971077039055019,0.06497422460847857,1.1872588945936817,Not Significant
CIRBP,0.6451824446772889,0.00644205590300403,0.014294553120454316,1.844829417105879,Not Significant
CISD1,-0.9919636433744401,0.004856727896482618,0.011411065388609854,1.942673805994218,Not Significant
CISD2,-0.8156397822843644,0.006113059535308139,0.013693786464720132,1.8634764486256146,Not Significant
CISD3,-0.60944006251143,0.0018913367853687385,0.005389908564584065,2.268418602203505,Not Significant
CIT,-2.4004674398931307,0.0015957645175725824,0.0047060104654643425,2.327347111352866,Down
CITED1,1.7853278967214727,0.06017225186887565,0.09265901334867828,1.033112328560944,Not Significant
CIZ1,-0.033925056242086526,0.8089101280324202,0.8450648791660895,0.07310994716607652,Not Significant
CKAP2,0.38811530169598285,0.05028163467852885,0.07963169120444892,1.098914060702723,Not Significant
CKAP2L,3.679858952926862,0.0012388621176105223,0.003860283629077761,2.4133807849608666,Up
CKAP4,0.389378041340084,0.06900607945862489,0.10405018864818533,0.9827571280540685,Not Significant
CKAP5,-0.4136867479592752,0.059818318191207386,0.09222677340958421,1.035142985061943,Not Significant
CKB,-0.8680419288027466,0.0013694773335265196,0.004162979679525093,2.380595709000722,Not Significant
CKM,8.01013115529257,0.004620450723738814,0.010959835316916602,1.9601959715352006,Up
CKMT1A,-4.223804695614087,6.354950750988843e-05,0.0004149435639511358,3.3820109672187684,Down
CKMT2,-1.9588714897807424,0.0001255992964516784,0.0006744601878753775,3.1710436808272586,Down
CKS1B,1.5747359883321561,0.001474735084210087,0.0044210704853903824,2.354472561056108,Up
CKS2,2.3780568147981604,0.0032684140214782314,0.0082983628554922,2.0810075790644547,Up
CLASP1,-0.06841586527507815,0.5423005127704844,0.6046635711842678,0.2184861952938755,Not Significant
CLASP2,-0.3359817817256534,0.132511331938639,0.1824906572727067,0.738759364625428,Not Significant
CLASRP,0.4183459316246463,0.034322969958296715,0.0573130448135059,1.2417465185955059,Not Significant
CLC,2.184319222080207,0.48227536991377934,0.5482950091988955,0.2609857072211052,Not Significant
CLCC1,0.15440482242960485,0.1328311118208603,0.18283107261693493,0.7379499928511953,Not Significant
CLCN2,-0.016983645125410618,0.9583520593218238,0.9681546977144057,0.014055242902476159,Not Significant
CLCN3,0.05226819438760799,0.836735384727937,0.8688180030662994,0.061071188501839256,Not Significant
CLCN4,-2.5374869973489993,1.0067093158268838e-07,5.665634831257507e-06,5.2467514206169525,Down
CLCN5,0.9458473107884497,0.012791805977409101,0.025056319933194494,1.6010827142703834,Not Significant
CLCN6,-0.5269699565729837,0.009994112929641969,0.02042204739416089,1.6899007202602108,Not Significant
CLCN7,0.06506649318755464,0.6270241735239898,0.6835452358057215,0.16523273931014937,Not Significant
CLDN10,-6.398834918883738,0.0009392561724265626,0.003098253661108445,2.508883028439345,Down
CLDN11,-1.2904384220135352,0.0942646313256722,0.1361269919688678,0.8660557520864328,Not Significant
CLDN12,0.10183477676151398,0.6040277355267265,0.6624905179854375,0.1788203332644699,Not Significant
CLDN5,0.2898994744258765,0.6063911893265486,0.6647932137638101,0.1773134224970694,Not Significant
CLDND1,-0.8320330940390477,0.04713743448738205,0.075351081406837,1.1229105104939827,Not Significant
CLEC11A,1.1413026228284675,0.0026373658643516285,0.007017163987654188,2.1538383741051974,Up
CLEC14A,0.3088868861116012,0.35902898867705246,0.4269694288670318,0.3696032194706583,Not Significant
CLEC16A,-0.1658401034038235,0.44365579634402336,0.5100877074149386,0.29235514238958815,Not Significant
CLEC18A,0.7821369761932466,0.052507783110899285,0.08251701860148031,1.083456471783669,Not Significant
CLEC2L,-5.230159058547757,0.0006340038201036342,0.0022900518048490533,2.640154693072514,Down
CLEC3B,-1.0718233170221296,0.05387412632983703,0.08437934524981006,1.0737638488936703,Not Significant
CLEC5A,4.0244826752772855,0.01613208241374308,0.03029388776068902,1.5186449879854937,Up
CLGN,-0.5565227117648543,0.26725237808882296,0.3332467454965717,0.47723408323377897,Not Significant
CLIC1,2.105352779545349,0.0006888913833826042,0.0024367597599004053,2.613187285789673,Up
CLIC2,0.7484874883929074,0.10348341001156117,0.1470784244436325,0.8324510310951341,Not Significant
CLIC4,1.9635656817957816,0.006519481294251675,0.014428219366935715,1.8407872632814921,Up
CLIC5,-2.6247339601532307,0.0011306384237941894,0.0036052993084020957,2.4430586747471787,Down
CLIC6,-0.07113491160654029,0.9725435335778647,0.97944652176981,0.009019271700197347,Not Significant
CLINT1,0.45373380675480846,0.0001855216170931253,0.000907254743007837,3.0422707526873434,Not Significant
CLIP1,-0.36419121215829975,0.04347797424762916,0.07023686859695577,1.1534348590236216,Not Significant
CLIP2,0.24201083523162126,0.36673347932616934,0.43464389067433296,0.3618664204103031,Not Significant
CLIP3,-1.5820784270809547,0.00019009789571812784,0.0009233588242354966,3.0346294960465467,Down
CLIP4,-0.873100548142034,0.0018882753562202903,0.00538270683038008,2.2689992734288653,Not Significant
CLK1,0.8318901437292183,0.013889159264475516,0.026773706550005043,1.5722915009541505,Not Significant
CLK2,1.1175664547087933,4.4744193976387847e-05,0.0003240496118750044,3.489388494379461,Up
CLK3,0.6784075960980047,0.012421332998466763,0.024468676097739346,1.6113895279510546,Not Significant
CLK4,0.4935282425995098,0.030300711757623586,0.051388782869747476,1.289131668347366,Not Significant
CLMN,-1.735771117455874,0.0010193816272099498,0.0033126614556493656,2.4798229454811604,Down
CLN5,0.4470083868133692,0.07610488007447207,0.11312978631698858,0.946423033182685,Not Significant
CLN6,0.006995540141968348,0.9617022016728184,0.9710391135803246,0.01276327630210599,Not Significant
CLN8,0.2819628181050291,0.11541410538172193,0.16188828983785392,0.7907845647286086,Not Significant
CLNS1A,0.47799011359473553,0.0023365322485455133,0.00637546746258058,2.1954879663487104,Not Significant
CLOCK,-0.7266395797847132,2.048959743962574e-05,0.00018726946048895792,3.727533040684183,Not Significant
CLP1,1.2133590950344306,0.002902940302739323,0.0075760605680497365,2.120556561952957,Up
CLPB,0.187455206790073,0.12712176155084776,0.17583751556545932,0.7548884610888862,Not Significant
CLPP,0.8483538228964775,0.005363345576664568,0.012332879100506473,1.908935525877776,Not Significant
CLPTM1,-0.48615418106843933,0.007740766487402878,0.0166097047904806,1.7796380863327483,Not Significant
CLPTM1L,0.11571206700972425,0.4645343378091315,0.5307007166125187,0.27515032593637206,Not Significant
CLPX,-0.10429424498994067,0.45699835041345627,0.5235161908193267,0.2810698823237123,Not Significant
CLSTN1,-1.8766813008485457,3.0285535847723495e-06,5.1536568940872715e-05,4.28788449807938,Down
CLSTN2,-1.2337799859543779,0.04518489417874368,0.0726448490195761,1.1387951745068112,Not Significant
CLSTN3,-2.8940673818841702,5.706979678055682e-07,1.6014516233073243e-05,4.795486175981121,Down
CLTA,-0.08131695269225858,0.6551494367892927,0.7086080552088614,0.14959391506680558,Not Significant
CLTB,-1.1972198751086793,6.58871463882796e-05,0.000423848730980542,3.372789112799165,Down
CLTC,-0.5925532094546355,0.009682987730120052,0.019882934959129937,1.7015195081442231,Not Significant
CLTCL1,1.5156391605825732,0.004322061320717016,0.010384079595731748,1.9836319915900662,Up
CLU,0.052125332423191395,0.8433231098699703,0.8743965632801647,0.05829155800185027,Not Significant
CLUAP1,-0.3794116341105038,0.044475854629395434,0.07167649328691883,1.1446232503240925,Not Significant
CLUH,-0.5398907567149287,0.0013004472223915346,0.004008783757151873,2.396987369942691,Not Significant
CLVS1,-4.007443893984334,3.894007686133679e-05,0.00029455546835060076,3.53083291028176,Down
CLVS2,-5.367160142850617,0.0006711798204570627,0.002384996653010388,2.622512226091431,Down
CLYBL,-0.8421246246633629,0.04465725920218011,0.07192281841770783,1.1431333023750059,Not Significant
CMAS,-1.4690345131971085,5.294920515419615e-05,0.00036484972142501504,3.437885981009573,Down
CMBL,-1.1614334949218694,0.002299638183892741,0.006293549324785513,2.2011043597333297,Down
CMC1,0.4494045915353002,0.05302904407316362,0.08322395855944077,1.0797516307728934,Not Significant
CMC2,-0.16211810935169702,0.11242483686574908,0.1582705062210997,0.8006000085667837,Not Significant
CMC4,1.5702360992349094,0.3632174676491226,0.43098383617164465,0.36553901752626994,Not Significant
CMIP,-1.9025462853518231,1.1637266306674145e-05,0.00012584704340784023,3.9001569831092087,Down
CMPK1,-0.3526773775628733,0.058764272318744926,0.09087984024240656,1.0415324450782837,Not Significant
CMPK2,0.3312461012176513,0.3503666645789339,0.41859508763854125,0.37820587256683247,Not Significant
CMSS1,-0.16280989982391247,0.4387318973874752,0.5051183010607343,0.29660689617641645,Not Significant
CMTM3,3.3103848752974088,4.412671866008144e-09,8.082410250575645e-07,6.092459109221344,Up
CMTM4,-1.6079402204292954,0.004916372610299266,0.011520711252885509,1.9385207080943896,Down
CMTM5,0.8865493286133947,0.07229395407944109,0.10824751685438311,0.9655820573654353,Not Significant
CMTR1,0.21420694253955475,0.11676412611518325,0.16338309368996393,0.7867928847498918,Not Significant
CMTR2,1.449019321142785,1.0179470959475964e-07,5.665634831257507e-06,5.2467514206169525,Up
CNBP,0.07508908371754686,0.7145793382356539,0.7626520026894774,0.11767358496441147,Not Significant
CNDP1,-3.61463661347301,0.004813787017927024,0.01131981569061551,1.9461606442785147,Down
CNDP2,-0.09197316222092411,0.3265749891305816,0.39477238977333456,0.40365322932660797,Not Significant
CNEP1R1,0.18676922354799075,0.21366262474354095,0.27472077621779595,0.561108495091468,Not Significant
CNIH3,-0.2776967132707018,0.4865962289817234,0.5520858667374571,0.2579933705495894,Not Significant
CNIH4,-0.05291328974023202,0.5865949530361513,0.6467287634374927,0.18927782325824677,Not Significant
CNKSR2,-2.689774084064009,2.7564106267034793e-05,0.00023282416441438927,3.632971947015245,Down
CNKSR3,1.5653434572353433,0.0023973693338801986,0.006514325525034365,2.1861305432544405,Up
CNN1,-1.684762329181508,0.02063072712820557,0.03727294567602993,1.4286062836536504,Down
CNN2,2.734004337027775,0.00037626280971972637,0.0015339828187440402,2.814179504641564,Up
CNN3,1.9020990703802312,0.00024500371856210255,0.0011209171212274995,2.950426497239275,Up
CNNM1,-5.5648871110978035,0.00014400100960819368,0.0007500859207822871,3.1248889862291356,Down
CNNM2,-0.9310393798904784,0.008330368630905449,0.01760986913089333,1.754243871513817,Not Significant
CNNM3,0.4061116039926169,0.06422435446033692,0.09782221754360965,1.0095624963293242,Not Significant
CNNM4,0.09794502685159046,0.3214693856674464,0.38975599846116915,0.40920719216596113,Not Significant
CNOT1,0.714646107795673,0.0003314421529938352,0.0013958813751086521,2.855151487389595,Not Significant
CNOT10,0.46588234323994016,0.029827724715875928,0.05072236746638861,1.2948004839592653,Not Significant
CNOT11,0.2587396654633558,0.08571505248150861,0.12540142572823523,0.9016975258467268,Not Significant
CNOT2,0.768001055902392,0.0028103776270320476,0.0073890869228038355,2.131409224512825,Not Significant
CNOT3,0.23832942949071168,0.23751307936936092,0.3008937074405108,0.5215868945212642,Not Significant
CNOT4,0.37839112269682573,0.06186052149010269,0.09488168293107407,1.0228176207631503,Not Significant
CNOT6,0.23422055589949764,0.09217755970641017,0.1334574211673435,0.8746572713900368,Not Significant
CNOT6L,-0.15288435737391382,0.4466904333236184,0.5126990344425352,0.2901375004583208,Not Significant
CNOT7,-0.34344170695680987,0.08020750356358175,0.11845922751788925,0.926431103754943,Not Significant
CNOT8,-0.010044261555918865,0.8755380496491938,0.9013049573028794,0.045128240246774906,Not Significant
CNP,-0.6045666906034164,0.20697178995718205,0.26723943245723153,0.5730994592389265,Not Significant
CNPY2,0.4807590562219666,2.6667385978001135e-05,0.00022747438301641272,3.643067504242161,Not Significant
CNPY3,0.9294198614002447,8.92541367390647e-05,0.0005276679422003156,3.2776392900343962,Not Significant
CNPY4,1.4630694762769316,5.618522814256727e-07,1.5899156974950076e-05,4.798625902776,Up
CNR1,-0.7602225259816286,0.3242019472073367,0.39227895047685474,0.4064049953040964,Not Significant
CNRIP1,-1.00113328672683,0.00578242023111332,0.013072733709209063,1.8836335852823891,Down
CNST,-1.5577853700376956,6.038257389575212e-06,8.121415880184338e-05,4.090368249657021,Down
CNTFR,-1.2989550163260333,0.015293613972503605,0.028938367234973953,1.5385259763560684,Down
CNTLN,1.472970538858478,0.00022752180244769372,0.0010543029612962588,2.9770345736462693,Up
CNTN1,-0.06627215118824736,0.8410529069767144,0.8723120544510884,0.05932812598179182,Not Significant
CNTN2,-4.143473258654394,0.00439769035140749,0.01053813810658398,1.9772361141201948,Down
CNTN3,-1.6620771055411474,0.02076067504854218,0.03744727671244654,1.426579760121024,Down
CNTN4,-4.468108201875458,4.237614751675018e-06,6.374969448862668e-05,4.1955218921837565,Down
CNTN5,-4.167911126213957,0.0001814191346319354,0.0008910055398056645,3.0501195957391616,Down
CNTN6,-1.7512596723908143,0.01148248806206119,0.022883034546940243,1.6404863837424721,Down
CNTNAP1,-2.0008667922437056,0.0003972217387406868,0.001597602443902745,2.796531283782907,Down
CNTNAP2,-3.056021542251756,0.003101303030647976,0.007974100748021367,2.098318281586424,Down
CNTNAP4,-2.757272478081841,0.007024936052866263,0.015323208373026921,1.8146502926134347,Down
CNTNAP5,-3.1975714030729367,0.0018939953087870629,0.005394432779395214,2.2680542143229614,Down
CNTRL,1.0276901842785264,0.0019709218204610017,0.005556185675956978,2.255223249490191,Up
CNTROB,0.8849296169003367,0.00020636308484054696,0.0009787672865742326,3.009320554540638,Not Significant
COA1,0.5160871616765093,0.0004498693960592384,0.0017647913924847228,2.753306623107366,Not Significant
COA3,0.024959702944652662,0.8755262744297315,0.9013049573028794,0.045128240246774906,Not Significant
COA4,1.6501016877384131,6.759905808059092e-07,1.835560407288067e-05,4.736231318531181,Up
COA5,0.1167841858344083,0.36447038405224735,0.43226685294823874,0.36424806572380275,Not Significant
COA6,-1.126104800807962,0.00015364200620642595,0.0007862442500845471,3.104442517592059,Down
COA7,-0.4633709387846814,0.0883965681957314,0.12872582639309643,0.8903343114113151,Not Significant
COASY,-0.2306264444936872,0.11638355919325243,0.16293051352318302,0.7879975736794288,Not Significant
COBL,-1.6732428351772768,7.896826807549284e-06,9.773050768949814e-05,4.009969845155062,Down
COBLL1,-0.5521945982631298,0.14114938159146456,0.19236497490217366,0.7158739998212307,Not Significant
COG1,-0.8717395610938041,7.550538094161992e-06,9.480677445409744e-05,4.0231606288759085,Not Significant
COG2,0.5328661535041164,0.03832019989897555,0.06302656225016812,1.2004763805865655,Not Significant
COG3,0.12356515754325414,0.36785543430008544,0.4357173010157626,0.3607951952019528,Not Significant
COG4,1.1316761527039247,0.00011759162414339477,0.0006445147016433944,3.190767171763208,Up
COG5,0.4176145723502991,0.011330798022987625,0.02264810700070979,1.6449680918190375,Not Significant
COG6,-0.8112745013206535,0.0015248639645067648,0.0045407861597520395,2.3428689499436555,Not Significant
COG7,0.4652462569415974,0.011209211438774886,0.02246301890475795,1.6485318773901454,Not Significant
COG8,0.8414894957459893,0.0005274553475352109,0.0019878732402056547,2.7016113125113326,Not Significant
COIL,0.3360461260558587,0.0347064902239834,0.057838409018429904,1.237783661841115,Not Significant
COL11A1,1.9240346377382593,0.015350856837455995,0.029030323217670673,1.5371481287956295,Up
COL12A1,-0.6763128155484477,0.15896217188643993,0.21258262572467754,0.6724722330405601,Not Significant
COL14A1,2.8255573602022643,0.020504959925619935,0.03708053368895443,1.4308540238128697,Up
COL15A1,1.3363096603300537,0.060549218229710614,0.09318252741309269,1.0306655142497456,Not Significant
COL16A1,-0.4425886317522725,0.29087191147291264,0.3576084496190044,0.4465922281883283,Not Significant
COL18A1,1.1167145768924538,0.0020971735649109764,0.005831334941460992,2.234232012763381,Up
COL1A1,4.168489917072208,0.00044543429255818555,0.0017521690992702698,2.7564239830217514,Up
COL1A2,2.358041660095502,0.004891577248076682,0.011478531898993938,1.9401136545284412,Up
COL20A1,2.9752496876038492,0.016986152814262037,0.031624192099588944,1.4999805605567482,Up
COL22A1,2.5385055940985257,0.03881842745550756,0.06368746283881586,1.1959460520571832,Not Significant
COL28A1,2.680716121606043,0.005731256978242316,0.012992052835016447,1.8863222219460776,Up
COL3A1,5.357321479513935,7.417658680358275e-05,0.0004612684786785757,3.336046222399519,Up
COL4A1,3.1790716603476135,0.013781167016272132,0.026601164307707502,1.575099354295757,Up
COL4A2,2.3176665612518583,0.024938203210999516,0.04366894822659641,1.359827268002776,Up
COL4A3BP,-0.8352222072167912,2.1468242174553165e-05,0.00019396508669636647,3.712276435119537,Not Significant
COL5A1,0.41438056989356653,0.6425434925699199,0.6972192098394413,0.15663065568089585,Not Significant
COL5A2,-0.07492353477972458,0.8840518712704054,0.9088619809345918,0.04150206338921431,Not Significant
COL5A3,-1.2380785636171687,0.011149014159836709,0.0223557262432713,1.650611217170491,Down
COL6A1,0.7231992402511267,0.012519037261138769,0.024627373827125945,1.6085818972634816,Not Significant
COL6A2,1.6419272445997972,0.06331280822056633,0.09668231469061471,1.0146529606089503,Not Significant
COL6A3,3.444756536632049,0.004416004169863754,0.010568331770616434,1.9759935614148851,Up
COL7A1,0.5072132167623433,0.20618351490243908,0.26636223764134026,0.5745273453668011,Not Significant
COL8A1,0.6804389302288438,0.36884075535486655,0.43676154502015824,0.35975560638560317,Not Significant
COL9A2,0.3385231723976716,0.3326244404155388,0.40072454110812455,0.3971540597597839,Not Significant
COL9A3,-0.6595242309339557,0.312764110468674,0.38062160532271344,0.41950656337920783,Not Significant
COLEC10,-2.1024655270802217,1.6447590902077962e-06,3.369673540584055e-05,4.4724121722416,Down
COLEC11,-0.23732418361797158,0.7550334656704557,0.7988349849029018,0.09754292349891779,Not Significant
COLEC12,0.24072125704586966,0.6714506748801361,0.7232798089621021,0.14069365847365298,Not Significant
COLGALT1,1.4924377191839753,9.491985799926299e-05,0.0005513397289155979,3.2585807116253065,Up
COLGALT2,0.5752643936380331,0.10392305184608845,0.14755755099330445,0.8310385613533404,Not Significant
COMMD1,0.20590584279898394,0.014202957756694015,0.027263833163288016,1.5644130845016087,Not Significant
COMMD10,0.13687553959974608,0.05121539986842257,0.08074240035594507,1.0928983437807211,Not Significant
COMMD2,1.000587835349819,0.0003978187023551877,0.0015985742351520389,2.7962671910042434,Up
COMMD3,0.7244132549341877,0.003965016805656424,0.009704502794175555,2.0130267105875674,Not Significant
COMMD3-BMI1,3.422261745687919,0.06404711161603602,0.0976260557451879,1.010434256553002,Not Significant
COMMD4,0.9822899361523465,2.5750182550001768e-06,4.58316853372293e-05,4.338834172447528,Not Significant
COMMD5,0.6059150544474825,0.0032432119716661466,0.008248451755254927,2.083627561419782,Not Significant
COMMD6,0.5886784794366733,0.0025760971663559237,0.006892856003683817,2.1616007941097224,Not Significant
COMMD7,-0.07474611146260557,0.5612277883234957,0.6228033420985786,0.20564906557874674,Not Significant
COMMD8,-0.2364724767821187,0.36886710591934746,0.43676154502015824,0.35975560638560317,Not Significant
COMMD9,0.2657439080298012,0.22128777511487202,0.28307975193742485,0.548091193638543,Not Significant
COMP,2.9845631456705943,0.2207816129380553,0.2825398842400875,0.5489202371091528,Not Significant
COMT,1.2314328209681733,0.0001683371474237301,0.0008411224652400556,3.075140767453071,Up
COMTD1,0.3130648843443371,0.40966964954056456,0.4772767491004565,0.32122972210416567,Not Significant
COPA,0.22466565431661323,0.0805713725712016,0.11887463492710676,0.9249108038033118,Not Significant
COPB1,0.5810592066722897,0.005584133975639975,0.01273592159171318,1.8949696233180207,Not Significant
COPB2,0.4161352331384407,0.040930034228257604,0.0666641455423304,1.1761076830220463,Not Significant
COPE,0.6859026083728637,0.001370516041641683,0.004164880423378074,2.380397462975694,Not Significant
COPG1,-0.19475485706902163,0.38805867299701935,0.45653428375242006,0.3405266032656691,Not Significant
COPG2,0.6031618041273106,6.373369021990428e-05,0.00041518339723840446,3.3817600218067887,Not Significant
COPRS,-0.7733456735533046,0.003030094935827093,0.00782496190297927,2.106517768205304,Not Significant
COPS2,-0.48340771992171483,0.004939809120049181,0.011554325699704179,1.9372553944897217,Not Significant
COPS3,-0.10581558407896097,0.6467086696522226,0.700832953751774,0.15438548547000464,Not Significant
COPS4,-0.5654494141068405,0.02908979884764828,0.04972859894641248,1.303393776408502,Not Significant
COPS5,0.3556180143024825,0.01314825016639224,0.025595260323910227,1.5918404489751237,Not Significant
COPS6,0.22526298424178393,0.10675563151414767,0.15115337060766318,0.8205821639344775,Not Significant
COPS7A,-0.5122975010787023,0.007826124538830144,0.01675672233882569,1.7758109265989297,Not Significant
COPS7B,-0.13228034967796276,0.5029276945599298,0.5678015908323134,0.2458033950283238,Not Significant
COPS8,-0.5373952392996451,0.03958817122140656,0.06478433501400425,1.1885299947378436,Not Significant
COPZ1,0.9255885745734176,0.143721646716613,0.1955235474710546,0.7088009317672896,Not Significant
COPZ2,0.8819552742549419,0.12993538884022254,0.17921263789381187,0.7466313675867468,Not Significant
COQ10A,0.456057157772495,0.011312404326106086,0.022624808652212173,1.6454150851234126,Not Significant
COQ10B,-0.7769749163445496,0.002002515388616728,0.005619314770174072,2.25031663988929,Not Significant
COQ3,-1.0758197459674523,0.0002015717512453231,0.000963298777061378,3.0162389910642267,Down
COQ5,0.5501246974279042,0.001212716107313044,0.0037988321789847695,2.4203498918495256,Not Significant
COQ6,0.27350719041268157,0.06460294349028899,0.09830967563763916,1.0074037368042361,Not Significant
COQ7,0.0445590104761564,0.7478394886298984,0.7920242860026909,0.10126150134579961,Not Significant
COQ9,0.24343711719838623,0.08200323656621716,0.12061623670142674,0.9185942259007207,Not Significant
CORO1A,0.5845638611414117,0.02414677709291245,0.042489892128209604,1.371714371480097,Not Significant
CORO1B,1.6045951592517582,8.936663564691874e-10,3.8898818152791377e-07,6.410063593469108,Up
CORO1C,1.3731445096052397,8.921498319649815e-05,0.0005276679422003156,3.2776392900343962,Up
CORO2A,-3.325448173318165,0.00014615776701376037,0.0007585746238519433,3.1200016895865708,Down
CORO2B,-1.635517050982493,0.013899370928991428,0.02678314130425778,1.5721384874025086,Down
CORO6,-3.809388511031049,2.1837443230016638e-05,0.00019639072109477616,3.706879035248321,Down
CORO7,0.9108036680068015,0.001363577748247078,0.0041513092281175775,2.3818149151246897,Not Significant
CORO7-PAM16,1.6358088107657247,0.5382304209856885,0.6007695142202584,0.2212921135235895,Not Significant
COTL1,0.977165683671025,0.0009215050190299125,0.0030526660971704257,2.515320696548654,Not Significant
COX11,-0.5793608415683984,0.00016296344083510238,0.0008204366331698258,3.085954956265255,Not Significant
COX14,-0.6399786053883538,0.0008234022685697063,0.0027998022526608732,2.5528726413759784,Not Significant
COX15,0.32401425532576766,0.09217396689558317,0.1334574211673435,0.8746572713900368,Not Significant
COX17,-0.48890267681734656,0.041052920688949036,0.06676898983217187,1.1754251942866945,Not Significant
COX18,-0.10453403176672893,0.5270128623009827,0.5904278886588189,0.22883313694961896,Not Significant
COX19,0.2104749550610343,0.15967485777657126,0.2134507055787127,0.6707024052618381,Not Significant
COX20,0.3795924924791052,0.07812984209213829,0.11579815054232766,0.9362983768406704,Not Significant
COX4I1,-0.8270892312546678,1.2770022626662323e-05,0.00013268938524811947,3.8771638179988184,Not Significant
COX5A,-1.1322671862949107,8.326694008841874e-05,0.0005019935095456196,3.299301897968018,Down
COX5B,-0.7043139335080859,0.00033202458611676335,0.0013977499709737877,2.8545705080880155,Not Significant
COX6A1,-0.6221580382175347,0.011270657742238269,0.022563713452962705,1.6465894242181958,Not Significant
COX6B1,-0.27939859007774004,0.1471075718665056,0.19916162867668022,0.7007943308681442,Not Significant
COX6C,-0.6713208317926309,0.012549926923343181,0.02467805515068883,1.607689069541776,Not Significant
COX7A1,-3.27974849010784,0.00014184231336916687,0.0007422958259122011,3.1294229815709778,Down
COX7A2,-0.44808403389044216,0.0819939203300756,0.12061623670142674,0.9185942259007207,Not Significant
COX7A2L,-0.7315142324798245,0.002088247757177257,0.0058097232548477455,2.235844554658733,Not Significant
COX7B,-0.6997741651558869,0.0028185034560170136,0.007403808035440781,2.1305448500797994,Not Significant
COX7C,-0.6169632089078938,0.0045438776842353775,0.010808742335534166,1.9662248359738923,Not Significant
COX8A,0.27189039150163197,0.31216973229501954,0.3799441685562434,0.4202802167236616,Not Significant
CP,2.2529503161614954,0.10175318483562484,0.14504540788497247,0.8384960163393349,Not Significant
CPB2,-0.32859013432318296,0.8921868356956202,0.9149842393156549,0.038586386629937214,Not Significant
CPD,-0.18964726388468378,0.36191585855362834,0.42979374738527076,0.3667399068897746,Not Significant
CPE,-0.7807151670743764,0.16284820874639713,0.21711657688078412,0.6633070168357093,Not Significant
CPEB2,-1.4658183031846335,0.0015613196731025347,0.0046274593665298425,2.3346573860746473,Down
CPEB3,-2.7704485287202463,4.152790356467433e-05,0.0003071601325334282,3.5126351536936826,Down
CPEB4,-0.47636516495645864,0.0005217146600628505,0.0019728804374899234,2.7048992335069335,Not Significant
CPLX1,-3.966319169602764,0.00011251090675171408,0.0006227664146245976,3.2056748166827673,Down
CPLX2,-5.270932838815048,9.317262582198117e-05,0.0005450760932233672,3.2635428655027674,Down
CPLX3,0.3936686470991879,0.8257270458037491,0.860224845855943,0.06538801788248146,Not Significant
CPM,0.9895792542363395,0.09585854168426992,0.13809222778883673,0.8598307640238874,Not Significant
CPN1,4.038638937311498,0.10108569205459983,0.1443221742854363,0.8406669368901739,Not Significant
CPN2,0.4812451597296208,0.7658154829711713,0.8080043124687453,0.09258632130910012,Not Significant
CPNE1,1.135117056782157,3.900506201902932e-05,0.00029455546835060076,3.53083291028176,Up
CPNE2,1.669757211758757,1.2323461295374376e-05,0.00013026920156306555,3.885158248694367,Up
CPNE3,1.2359589073288397,2.8495102237759836e-07,1.0641292545548543e-05,4.973005617218976,Up
CPNE4,-4.0820517790271555,0.0056682404729904165,0.012873488157121126,1.8903037621758947,Down
CPNE5,-2.122116955235736,0.0010888736212021162,0.003496512545911898,2.4563649091195714,Down
CPNE6,-5.323955930815492,0.00035562970256659224,0.0014719037073360108,2.832120600827671,Down
CPNE7,-4.9174680852612,0.0004220035328994959,0.0016770270573686478,2.775459930374771,Down
CPNE8,-3.6127986118477917,1.475257851680863e-05,0.00014817295710700912,3.8292310517607455,Down
CPNE9,-4.937585545960552,1.3918374622704392e-07,6.941272571738814e-06,5.1585609012714855,Down
CPOX,-0.782667195272424,0.012846254422283205,0.02514941819701323,1.5994720573972923,Not Significant
CPPED1,-0.9958347291826488,4.5278893852745824e-05,0.0003269817753925171,3.485476452437668,Not Significant
CPQ,-0.8662950879564679,0.017836753458873145,0.03298585980545078,1.4816721911683055,Not Significant
CPS1,2.176194083965875,0.000708001028263051,0.002486890641116449,2.604343312037628,Up
CPSF1,0.5127603625462989,0.026802665126027893,0.04639521487838122,1.3335268095114785,Not Significant
CPSF2,0.32910478562879675,0.0028206735700223137,0.007405270379591651,2.130459079989368,Not Significant
CPSF3,1.0020316160608935,5.1550884837659875e-05,0.00035719737844932663,3.447091737155186,Up
CPSF4,0.8069139560780734,0.0005117952960579305,0.001944860736509842,2.711111491269207,Not Significant
CPSF6,0.19325904375053327,0.12168976227012102,0.16925343988805733,0.7714624960004525,Not Significant
CPSF7,0.6549123382842623,0.010803942194199528,0.021788563621040875,1.6617713990340264,Not Significant
CPT1A,0.195112274377081,0.3285398400729544,0.39675261914348386,0.40148019758935155,Not Significant
CPT1C,-0.43010766467723727,0.013864622349670461,0.026741758673287427,1.5728100347334,Not Significant
CPT2,0.9475325263622274,0.0001706389437082717,0.0008501566364575318,3.0705010506597605,Not Significant
CPTP,-0.15066187071175108,0.29700724664936934,0.3640850575256445,0.43879714465112546,Not Significant
CPVL,3.472460771881245,1.2342891755658766e-07,6.34399446665849e-06,5.197637204489433,Up
CPXM1,7.236602271153938,2.014379159871087e-06,3.807289991846403e-05,4.4193840427910365,Up
CRABP1,-6.534131429545573,0.01389480205162858,0.0267794597031005,1.5721981894722223,Down
CRABP2,0.18764069105300862,0.7062445066434124,0.754796006781852,0.12217040611865122,Not Significant
CRADD,0.9323777585839625,0.004932805476146763,0.011551158151255809,1.9373744700156688,Not Significant
CRAT,0.23408439238180634,0.2304011609006647,0.2932484263946047,0.532764309681226,Not Significant
CRB2,0.12484964127478193,0.8028288932271792,0.8398440571516722,0.07580134656401864,Not Significant
CRBN,-0.3972930927927081,0.0017236501003052534,0.005008379322317601,2.3003027861572853,Not Significant
CRCP,0.06084366171917566,0.4913933340625254,0.5565883120469846,0.25446591777703026,Not Significant
CREB1,0.28105508444210514,0.025632236919457898,0.044620555508314994,1.3504650272235372,Not Significant
CREB5,1.3903243920838726,0.01750300310297861,0.03244254889777489,1.4888850321195757,Up
CREBBP,-0.09554915348525483,0.5831318118395886,0.6437069770405452,0.19131178359467935,Not Significant
CREG1,0.27188544207265153,0.34836226797114145,0.4167440312957225,0.38013061152129984,Not Significant
CRELD1,-1.1181724186267878,4.455644837318206e-06,6.558534451402582e-05,4.1831931958036614,Down
CRELD2,0.47309172777898034,0.05541830087584254,0.0864484303225825,1.0632428879705065,Not Significant
CRH,-5.545248198825494,0.02300220968803756,0.040789343495386446,1.3894532845977245,Down
CRHBP,-1.9017961189444463,0.0012582346514066623,0.003908887005898488,2.40794688352632,Down
CRIM1,-0.8010061515512383,0.00037304239340452225,0.0015232660132521799,2.817224247682072,Not Significant
CRIP1,2.4510991253463246,4.151251853008843e-06,6.307648743169092e-05,4.200132499419046,Up
CRIP2,-0.12551700672738164,0.6306501836813607,0.6866065006382825,0.163292089086834,Not Significant
CRIPT,0.01177166441829769,0.9548191965990426,0.9654570497379057,0.015267041901911018,Not Significant
CRISP3,-0.03169152299711442,0.9901291810019888,0.9936801523624263,0.002753384634521992,Not Significant
CRISPLD1,2.7740726613315623,1.8994492716322748e-07,8.466837151514839e-06,5.072278793231609,Up
CRK,0.48967580258272747,0.00027010216889543614,0.001198154667306307,2.9214871161520657,Not Significant
CRKL,0.006454233495965411,0.9474769797669423,0.9600566379171371,0.01770314528407003,Not Significant
CRLF3,0.40604629443676643,0.010356533979805464,0.021023481719622455,1.6772953584122885,Not Significant
CRLS1,0.8087333921913,3.872526096257945e-05,0.00029376376425980827,3.5320017754366773,Not Significant
CRMP1,0.294749096273879,0.23348539030190887,0.29649966241036557,0.5279757967799845,Not Significant
CRNKL1,0.42831171181964933,0.002123542144365677,0.005890023007252156,2.229883008794708,Not Significant
CROCC,0.3680175039026672,0.23033708077780335,0.29324096445792885,0.532775360786236,Not Significant
CROT,1.324478777178804,0.00018044818072269334,0.0008880483500734797,3.0515633882771698,Up
CRP,-1.7521248996998566,0.48322908312347873,0.5491933419884842,0.26027473646658095,Not Significant
CRTAC1,-0.899418029010068,0.047724096216427064,0.07610773235464402,1.118571217758205,Not Significant
CRTAP,0.6596280874511038,0.011550004468493408,0.022976845382228002,1.6387095982385207,Not Significant
CRTC1,-2.2680381830278833,5.7306045418358625e-05,0.000387450403721171,3.4117838822383253,Down
CRTC2,0.8539925112771556,0.0001666666879070736,0.0008344931480993337,3.078577224898295,Not Significant
CRTC3,0.2570314746508231,0.2913049200478209,0.35793860354529533,0.44619146058567294,Not Significant
CRY1,1.2353966992075058,0.0011168023912448907,0.0035693741400383973,2.447407927124772,Up
CRY2,-1.6385346479239082,0.005743555381049832,0.013009667781666711,1.8857337935561012,Down
CRYAB,3.3297676420603395,0.0002549956053799884,0.0011488487158309495,2.9397371568691977,Up
CRYBB1,1.860165322376007,0.0061877882678929505,0.013818616495400927,1.859535435868492,Up
CRYBG3,0.6485430014280702,0.07267211944587981,0.10870065795067456,0.9637678271788155,Not Significant
CRYGS,1.5534236083548638,0.0029403822430327654,0.007654111296204672,2.116105227115945,Up
CRYL1,-0.2302313333241912,0.5633289375940953,0.6248596914030958,0.2042174900002678,Not Significant
CRYM,-5.582372555997239,0.00018010653850731662,0.0008868002291899842,3.0521742033158574,Down
CRYZ,0.41712463638187813,0.12331213672566199,0.17123790212917966,0.766400101436315,Not Significant
CRYZL1,-0.2705644316773004,0.07114133347014163,0.10685519507651808,0.9712043584955292,Not Significant
CS,-0.14643237312456137,0.3564006395230363,0.4244449748853372,0.37217860377717665,Not Significant
CSAD,0.17013337496045722,0.5309491787931077,0.5939791257259042,0.22622881720962812,Not Significant
CSDC2,0.8179990808590283,0.09816626701960976,0.14104575161415378,0.8506399905317753,Not Significant
CSDE1,0.09286863907577825,0.4999634537101807,0.5650882792187097,0.24788370052979156,Not Significant
CSE1L,0.2385333572456645,0.2959175391519452,0.36301428268591035,0.4400762874441889,Not Significant
CSF1,2.6341278426548893,5.688550441276516e-06,7.82875097615022e-05,4.1063075211393825,Up
CSF1R,2.7977986924484703,1.0005249030782163e-06,2.3549738022453156e-05,4.62801391978926,Up
CSF2RA,2.5474328537034943,1.8460127032302445e-06,3.590102697363221e-05,4.444893127950865,Up
CSK,0.5723761838281156,0.015190072381047462,0.028785701498621547,1.5408231824579988,Not Significant
CSMD2,1.2131846565398483,1.1491348028954985e-05,0.00012542127848720751,3.9016287765385873,Up
CSNK1A1,0.6952700679664048,0.0008168731536690736,0.0027829489854792858,2.55549475468928,Not Significant
CSNK1D,0.240924430342492,0.09664519145185783,0.13906637033081215,0.8567778804001898,Not Significant
CSNK1G1,0.2470548396707315,0.15563779449056836,0.208746523991211,0.6803807475761204,Not Significant
CSNK1G2,-0.3038855311921971,0.08598701942024144,0.12570501141191587,0.9006474081918641,Not Significant
CSNK1G3,-0.5909568355471713,0.0032765806852523816,0.008310240136765481,2.0803864264487015,Not Significant
CSNK2A1,0.4053561578394671,0.0007483072200023192,0.002588752381285496,2.5869094886089012,Not Significant
CSNK2A2,0.08588023638090903,0.46023407100184005,0.5265747896007932,0.278539937101105,Not Significant
CSNK2B,0.6217060452651246,4.406342543473219e-06,6.527866879845472e-05,4.185228710555975,Not Significant
CSPG4,1.8728825193519576,0.00022224101762417138,0.0010350698157863627,2.98503035591897,Up
CSPG5,-0.3434654554401213,0.5848815753741856,0.6450730228070447,0.1903911200824175,Not Significant
CSPP1,0.08445585214186124,0.6598838906457286,0.7128104561832587,0.14702593827900357,Not Significant
CSRP1,-1.7436671550800007,0.01619815634992636,0.0303760660962692,1.5174684708717567,Down
CSRP2,2.2986298560963956,0.00014094345086599347,0.0007383589828518036,3.1317324371391084,Up
CST3,0.4484419697816939,0.21170149448044157,0.2725819089207526,0.5645029713795924,Not Significant
CSTA,5.989711693894291,0.0037359663374087696,0.009251751446178944,2.0337760433249956,Up
CSTB,0.4568285347088583,0.15265720925551213,0.20554246538893733,0.6870984386111072,Not Significant
CSTF1,0.6493317544607642,0.0002567465852896552,0.001154072941089371,2.9377667415169215,Not Significant
CSTF2,0.8139786939663445,1.1917395877628467e-05,0.00012744781960852356,3.89466759008947,Not Significant
CSTF2T,0.2884608837354321,0.10175981603126869,0.14504540788497247,0.8384960163393349,Not Significant
CSTF3,0.21002902262006273,0.17789260235665683,0.23453606545490915,0.6297903647880768,Not Significant
CTBP1,-0.1848617714188059,0.06119439251455721,0.09398876508486802,1.0269240565413151,Not Significant
CTBP2,0.7782171126927793,0.0008453695642418397,0.002856536946863577,2.544160154339226,Not Significant
CTBS,0.3570143011382054,0.27711358844092815,0.3432909849918729,0.4643376012339956,Not Significant
CTCF,0.2666042426550419,0.04114685170423198,0.06690015882318157,1.1745728512015419,Not Significant
CTDNEP1,0.2016270120851864,0.24615810665448717,0.31032370997838865,0.5081850413046521,Not Significant
CTDP1,0.5850586908438462,0.0017037174629110517,0.004956179532591954,2.304852970132577,Not Significant
CTDSP1,1.7969884045691487,4.483048730109499e-08,3.395269939872331e-06,5.469125691564165,Up
CTDSP2,1.9285631041787106,0.03212016578029938,0.054101078426807545,1.2667940777743245,Not Significant
CTDSPL2,0.3609816531887553,0.07243860096112592,0.1083835535544902,0.9650366139454569,Not Significant
CTF1,0.26034328320786493,0.6625067947321875,0.7151069806205997,0.14562898250980896,Not Significant
CTGF,2.255110191990191,0.0005979497501055399,0.00219204722800699,2.6591500931430194,Up
CTH,-0.1888916260906104,0.42951407999727503,0.4957521587869556,0.30473538595327776,Not Significant
CTHRC1,0.33609232468818284,0.7064409129128667,0.7549258254677224,0.12209571747355642,Not Significant
CTIF,-1.29961438154373,0.0007831665114935684,0.002688115651375199,2.570552050471784,Down
CTNNA1,0.9615190746656062,4.438177430974032e-05,0.00032304746329138163,3.490733664878821,Not Significant
CTNNA2,-1.9809285621677937,0.01570643362222306,0.029630451743497214,1.528261727250542,Down
CTNNA3,-0.9239764822186256,0.1893918917470843,0.24755857239653914,0.6063220304310457,Not Significant
CTNNAL1,0.17872118479354526,0.6115075125154409,0.6694036530352393,0.1743119219622307,Not Significant
CTNNB1,0.5753866325660226,0.008566584693093566,0.018039250459495105,1.7437815115872,Not Significant
CTNNBIP1,-0.71799640659777,0.015047654989470659,0.028574943706678117,1.5440146165023445,Not Significant
CTNNBL1,0.6242580368192385,2.4362092800138412e-06,4.390406491388092e-05,4.3574952681874715,Not Significant
CTNND1,0.9057688668846104,1.1846994220282099e-06,2.6759331788143915e-05,4.572524735610685,Not Significant
CTNND2,-0.16109692561986577,0.675337222744351,0.7265428430079658,0.13873877099659912,Not Significant
CTPS1,0.5674295306809114,0.05067428281860829,0.0800772902140643,1.0964906316450063,Not Significant
CTPS2,1.4503410199141058,3.771363491093201e-05,0.0002888163442984798,3.539378233409221,Up
CTR9,0.16895213318053592,0.17530642169227628,0.23148995833372543,0.6354678432414418,Not Significant
CTSA,0.42083702544344703,0.039502604021423526,0.06466513371982786,1.1893298200200166,Not Significant
CTSB,0.714917142465211,0.046241179398468224,0.07415926003754691,1.129834612240224,Not Significant
CTSC,2.231485976022423,0.00010141946220962626,0.0005765799448644328,3.23914046771643,Up
CTSD,0.15246450500301023,0.4224802181401772,0.48948426883773954,0.3102612610962795,Not Significant
CTSF,-0.4556104318445193,0.06027893613882299,0.09278074906990111,1.0325421255054315,Not Significant
CTSG,-0.8345695123639221,0.7552982055682965,0.7988349849029018,0.09754292349891779,Not Significant
CTSH,1.1120701592055724,0.0751384349671263,0.11180865492744908,0.9515245771137473,Not Significant
CTSL,1.2620582202367707,0.019710407389038488,0.035893464214962714,1.444984624229087,Up
CTSO,1.7464685415447292,0.00027648454703572083,0.0012205544815240368,2.913442830341695,Up
CTSS,2.7894640584656205,1.6181071441689222e-06,3.346336436476409e-05,4.475430397754979,Up
CTSZ,1.2745532134590754,0.0010062381165439384,0.0032805316459752864,2.4840557684214963,Up
CTTN,0.2013668720664974,0.15431690063285988,0.20736140549225432,0.6832720721585469,Not Significant
CTTNBP2,1.109538820882527,0.00794085327005202,0.016962713282973718,1.770504678637366,Up
CTTNBP2NL,0.7770076184575991,0.0006916045171125805,0.0024412137019594027,2.612394201115633,Not Significant
CTU1,0.7246164346856574,0.0258874368948358,0.045025904571577326,1.3465375534335084,Not Significant
CTU2,0.387804011940144,0.0004683870099932747,0.0018253503824650868,2.7386537588428475,Not Significant
CUEDC1,1.4452670238280483,6.361671009342694e-05,0.00041507431184014445,3.381874143449443,Up
CUEDC2,-0.10827453907951323,0.4632891966781332,0.5295184215266069,0.2761189265325325,Not Significant
CUL1,-0.305225187780362,0.02965640198888846,0.0504745047535162,1.296927933580366,Not Significant
CUL2,-0.3762189514765737,0.04006567951710345,0.06545923701837499,1.1840290610604107,Not Significant
CUL3,-0.24784698233436586,0.07449282788678199,0.1109955255334184,0.9546945281981473,Not Significant
CUL4A,0.48014593301496333,0.11263285731676356,0.1585168209847829,0.799924645917779,Not Significant
CUL4B,-0.20193426167119455,0.18388844003890084,0.24139850729109813,0.6172654197284936,Not Significant
CUL5,-0.2856020390703229,0.027986645936865857,0.04803841730584199,1.3184113094844145,Not Significant
CUL7,-1.1861427347193274,5.180920452851649e-07,1.5041092980411386e-05,4.822720604029309,Down
CUL9,-0.131458284561635,0.3712058039276601,0.43914165432769003,0.3573953663875951,Not Significant
CUTA,0.4646560153228734,0.011573469291402022,0.02301897919873326,1.6379139395327715,Not Significant
CUTC,0.5012988906439837,0.01618606388245623,0.0303621893231609,1.5176669160213845,Not Significant
CUX1,0.27632503959226185,0.19567314715386402,0.2543498431520034,0.5945685258456418,Not Significant
CWC15,0.10224660532948349,0.5273245257067332,0.5907113612776193,0.22862467618347984,Not Significant
CWC22,-0.1894332919729571,0.05050839581737899,0.0799239225278522,1.0973232098371613,Not Significant
CWC25,0.3122795684007791,0.00478259616126064,0.01125697984311675,1.9485781115631824,Not Significant
CWC27,0.1845523718390254,0.06229050227275175,0.09543947070657052,1.0202719778650944,Not Significant
CWF19L1,-0.04730394185967057,0.6290648503610192,0.6853248948347472,0.16410349189049137,Not Significant
CWF19L2,0.10881325078608839,0.3363469470370314,0.40448688174600056,0.393095558792644,Not Significant
CX3CL1,-1.2387615543713117,0.004327004024174218,0.010388522054225708,1.9834462339009777,Down
CX3CR1,2.2869882153241363,0.010201558910488243,0.020771733099001793,1.6825272663954598,Up
CXADR,-0.4763126165709082,0.20833860546032196,0.268801627997859,0.5705681053044265,Not Significant
CXCL12,1.4263753669898822,0.001079387537433138,0.003469607546937279,2.4597196462000683,Up
CXCL14,-2.4492698333081613,0.007051071126552877,0.01535173774127808,1.8138424574029022,Down
CXCL16,2.6376913430966944,4.208138159875538e-08,3.28205376218176e-06,5.483854309197722,Up
CXCL5,-1.912114734910844,0.0636462635139521,0.09711791254764517,1.0127006608938358,Not Significant
CXCL8,2.6331830243537873,0.03854807044588134,0.06337031032503404,1.1981141661251962,Not Significant
CXCR4,3.5741368539005887,0.00020802563375911406,0.0009843354788582974,3.0068568611355824,Up
CXXC1,0.7154707011685275,0.003733817985210291,0.009248704790511058,2.033919082581958,Not Significant
CXXC5,0.2585031123073236,0.19292536144072875,0.25126439446075,0.5998690489513399,Not Significant
CXorf36,0.20779015754949626,0.5201480352238627,0.5841869766870273,0.23344812900574857,Not Significant
CXorf38,0.6646400658543605,0.0015186294242612306,0.004526234562132437,2.3442629434435602,Not Significant
CXorf56,-0.21733104733170094,0.1585485701035596,0.21208581798210854,0.6734883714553265,Not Significant
CXorf57,0.5628517028815843,0.21229929320543015,0.2732468480581964,0.5634448389988548,Not Significant
CYB5A,0.8710020042718938,0.0018938920349001356,0.005394432779395214,2.2680542143229614,Not Significant
CYB5B,-0.6164252412542943,0.001833543229001698,0.005269932807122141,2.278194922108537,Not Significant
CYB5R1,-0.1692559147215036,0.568089882078198,0.6288942276984358,0.20142239142222643,Not Significant
CYB5R2,-3.3792089037453383,0.0003780733445022643,0.00153763055006694,2.8131480009075216,Down
CYB5R3,0.5810680420908767,0.04672299933184726,0.07478352323943903,1.1261940779969604,Not Significant
CYB5R4,0.24274060947508858,0.08783336237440441,0.12805112772210564,0.8926165924292027,Not Significant
CYBA,2.8924662186461685,1.6161125412416116e-06,3.346336436476409e-05,4.475430397754979,Up
CYBB,3.3896930055047534,9.574982034255684e-08,5.543584426039756e-06,5.256209333995541,Up
CYBRD1,0.8011139770110631,0.006313377359820009,0.014067897262293027,1.8517708119915852,Not Significant
CYC1,0.0642802330280361,0.7511963087704311,0.7952450204448637,0.09949904161712685,Not Significant
CYCS,-1.4837858626953668,3.21557516490345e-05,0.0002579116577327815,3.5885290270958965,Down
CYFIP1,1.4033666650877272,7.197726799249156e-10,3.7918670206228625e-07,6.421146901614129,Up
CYFIP2,-2.0934596145240185,6.640429294752641e-05,0.0004263587298619382,3.370224840240074,Down
CYGB,-3.8870479192158687,1.2070770549495615e-07,6.268089820392723e-06,5.202864788811388,Down
CYHR1,0.21094181569946002,0.26186248129842526,0.32765055727798714,0.48458908904601167,Not Significant
CYLD,-0.6357314253696877,0.019615117383128246,0.03574837171698644,1.446743734854017,Not Significant
CYP1B1,-0.9949302223472518,0.02238986155738476,0.03989307840981501,1.3991024494056028,Not Significant
CYP20A1,1.223064303192011,4.819182854123848e-07,1.4389416230253181e-05,4.841956824765439,Up
CYP27A1,-0.5827526982201512,0.20209866334144816,0.261900960909161,0.5818629081544522,Not Significant
CYP2J2,-1.0414505973910053,0.17349588994973728,0.22933966610072867,0.6395208241238485,Not Significant
CYP2S1,0.010021291088358808,0.9819746419422731,0.9868727596694392,0.00573883855192903,Not Significant
CYP2U1,0.38512567462821323,0.18499203081966253,0.24263628183728628,0.6150442577827941,Not Significant
CYP46A1,-2.84886858789036,9.849107747313398e-05,0.0005663236954705203,3.246935266738645,Down
CYP4F11,-1.3168850181921155,0.0465230666546104,0.07452271799627051,1.1277113138770314,Not Significant
CYP4V2,-0.1958233220722363,0.4845770429622221,0.5504768979252848,0.25926090251257083,Not Significant
CYP4X1,-4.853131211526605,3.1911490232466123e-06,5.313330318408328e-05,4.274633184089744,Down
CYP51A1,0.2439646862184155,0.39084877730945855,0.4591197041296042,0.33807406813329205,Not Significant
CYP7B1,-1.700066988698623,0.022566076226600607,0.04012189408873535,1.3966185728383325,Down
CYR61,2.112209480392643,0.026077748910798483,0.04532561120210213,1.3436563308637703,Up
CYSTM1,-0.7620796213892262,0.013351741096996633,0.025896311091864473,1.586762096403267,Not Significant
CYTH1,0.12302754265233418,0.46530580580063857,0.5314615292103892,0.27452816718270584,Not Significant
CYTH2,0.894942548463149,0.0014418986381733998,0.004341209468308078,2.3623892584516546,Not Significant
CYTH3,-0.6073365254225216,0.001406771042389762,0.004248144928367645,2.371800675420778,Not Significant
CYTH4,2.3367606670784813,0.00018861996133227852,0.0009183941471538782,3.03697089265829,Up
D2HGDH,0.5542587945491562,0.06627217986666928,0.10042508122395101,0.9981578083381435,Not Significant
DAAM1,-0.5788759019721823,0.011372528974934331,0.02271799660787001,1.6436299696383663,Not Significant
DAAM2,0.24348977977768627,0.7824493629505662,0.8213394688302599,0.08547730698720994,Not Significant
DAB1,-2.0625645468434612,0.0009281387138073281,0.0030666019688078134,2.5133425898369834,Down
DAB2,2.6443512505127487,2.4243608668147026e-08,2.3260010830753635e-06,5.633390087383346,Up
DAB2IP,-0.2518834992914556,0.2364835916461113,0.2997952170208406,0.5231753002336568,Not Significant
DACT3,-1.2428959384848035,0.0003331336852024557,0.0014012479101167177,2.85348502212254,Down
DAD1,0.9927730049901733,1.1891764563233081e-07,6.239460219271356e-06,5.204852979857911,Not Significant
DAG1,0.7545259414142507,0.005109529731064345,0.011847962560485368,1.9263563268535173,Not Significant
DAGLA,-1.5611771813356512,0.0003573484051209573,0.001476714401576569,2.8307034896661896,Down
DAGLB,0.019295235223673046,0.8731626150363784,0.8993191068271624,0.04608617951942851,Not Significant
DALRD3,0.42522861962658354,0.048281732998234475,0.07688747679801045,1.114144391023277,Not Significant
DAP,1.0014437854167362,9.142832319716371e-05,0.0005383103026816057,3.268967308174369,Up
DAP3,0.5412247714111693,0.0019227047174235773,0.005459224161027372,2.2628690727761898,Not Significant
DAPK1,-0.3170999151448264,0.3210696415069275,0.3893181955393341,0.4096952982143776,Not Significant
DAPK2,-0.6469673270871201,0.11633417671320981,0.16288401615133782,0.7881215310251779,Not Significant
DAPK3,0.5755622818423838,0.029310114749855457,0.050028820059309365,1.300779739926383,Not Significant
DARS,0.9813455418607653,0.0005677681963717725,0.0021036030931405798,2.6770361992709697,Not Significant
DARS2,0.8868633584561394,0.007300456531350907,0.015812685249801988,1.8009943735752525,Not Significant
DAXX,0.8532610143754731,0.0001676602258101538,0.0008386341185757147,3.0764274729511185,Not Significant
DAZAP1,0.3267415344671285,0.04352746362813184,0.0703055425027738,1.1530104362392417,Not Significant
DAZAP2,0.6874450242421482,0.0024730013724422913,0.006684468963236824,2.174933088850248,Not Significant
DBH,-4.438341611391962,1.560405852540896e-08,1.7863100634655665e-06,5.748043155097765,Down
DBI,1.5655515333869623,1.039407806324425e-05,0.000118182779242802,3.9274458011593616,Up
DBN1,0.31938437102059325,0.10675073334605897,0.15115337060766318,0.8205821639344775,Not Significant
DBNDD1,-2.606523399455888,0.00021434256333710848,0.001004786869733844,2.9979260488053225,Down
DBNL,0.5120291731909674,2.538593105549463e-05,0.0002191412763093855,3.6592758132879366,Not Significant
DBR1,0.8329877536656234,0.0006999478285839938,0.0024654805682360675,2.6080984160252005,Not Significant
DBT,-0.599606717700599,2.3187444708307807e-05,0.00020581700282783588,3.6865187504225334,Not Significant
DCAF10,-0.050192191093064054,0.6050214228140505,0.6635081442879103,0.1781537419817753,Not Significant
DCAF11,-0.5398521940182519,0.0003091329586397449,0.001326887697203575,2.877165832635709,Not Significant
DCAF13,1.541930074792857,0.0004929144024059521,0.0018945515794878145,2.7224935664871652,Up
DCAF15,0.8136657274509709,0.00015942515177348084,0.0008066544344379939,3.093312474395875,Not Significant
DCAF16,0.8413394818121986,0.0029554865918811645,0.0076854857838437925,2.1143286764303357,Not Significant
DCAF5,0.4142765657849523,0.019332410042725946,0.035345680357608204,1.45166365432773,Not Significant
DCAF6,-1.5258453373768717,7.946225229321126e-06,9.798075025725952e-05,4.0088592393914215,Down
DCAF7,0.6112284836058883,0.009297325242270765,0.019279797136812615,1.7148975400818587,Not Significant
DCAF8,0.5412559574764444,0.010655578948624511,0.021550753328336343,1.666537544035906,Not Significant
DCAKD,0.9862775305904279,8.39841677070285e-06,0.00010115177148214719,3.995026506979341,Not Significant
DCBLD1,0.1849827268877977,0.2698700949730214,0.33581431111323257,0.47390079984457467,Not Significant
DCBLD2,1.0789661756149727,0.030556895646381595,0.05177967480936051,1.285840681381714,Not Significant
DCC,-0.045106276576870385,0.9341377432309416,0.9490221485789134,0.02272365175252026,Not Significant
DCHS1,1.0515964551123211,0.010717389328486203,0.021658371132431294,1.6643742085970006,Up
DCK,-0.4232892975001157,0.09979929852228198,0.14299219646045636,0.8446876627212083,Not Significant
DCLK1,-0.9371759229405434,0.011485857642806746,0.022883034546940243,1.6404863837424721,Not Significant
DCLK2,1.14364377680376,0.0054801150446304615,0.012555857082541337,1.9011536363151706,Up
DCN,-0.30516944147474767,0.4875485789398934,0.5527306306820263,0.25748646744721854,Not Significant
DCP1A,0.5191989126650078,0.025978999484311045,0.045177359020360686,1.345079160675685,Not Significant
DCP1B,0.6767522604417113,5.38731468380389e-05,0.0003689449906501726,3.433038381911406,Not Significant
DCP2,-0.3426840458666298,0.08578875668937978,0.12548801145474256,0.9013977626909011,Not Significant
DCPS,0.4171853750672092,0.080273827799121,0.11852243019908323,0.9261994522710327,Not Significant
DCTD,-0.7212290355116302,0.033876112849034565,0.05664198520185464,1.2468615337945916,Not Significant
DCTN1,-0.9980640579016828,0.00011813011044419126,0.0006461191689037358,3.1896873742273995,Not Significant
DCTN2,-0.3395024212935951,0.07353239808319452,0.10982437039141608,0.9593012778083059,Not Significant
DCTN3,0.16705010509011942,0.18548913078167728,0.24321456507804465,0.6140104205850964,Not Significant
DCTN4,0.28296427748081854,0.13776978036290205,0.18859801160155934,0.7244628903633925,Not Significant
DCTN5,-0.5709125922076055,0.002453128880662626,0.006640504376355697,2.177798932748092,Not Significant
DCTN6,-0.332156688641831,0.0542965475922271,0.08492212706786148,1.0709791364765313,Not Significant
DCTPP1,0.1737872670988665,0.48434128856568326,0.5502711335300207,0.25942326908497904,Not Significant
DCUN1D1,-0.5408665570969582,0.04018484579757404,0.0656113673524734,1.183020911374751,Not Significant
DCUN1D2,-0.429141632672156,0.11056805401863667,0.15604687253905097,0.8067449309566314,Not Significant
DCUN1D3,0.5206873207900067,0.008909862686630337,0.01858342788925756,1.7308741732230526,Not Significant
DCUN1D4,-0.5193446988453694,0.04302252330133555,0.06960155769032508,1.1573810407235958,Not Significant
DCUN1D5,-0.3882116603089685,0.002705261826150882,0.007169904666309915,2.1444866188330085,Not Significant
DCX,1.2032940361004805,0.000420258611612279,0.00167207158506402,2.7767451333965316,Up
DCXR,0.29024229518570266,0.26023241500440913,0.3259457104008974,0.486854730106164,Not Significant
DDA1,-0.21175558375421843,0.05507090938216706,0.08598641368815112,1.0655701641796058,Not Significant
DDAH1,-1.0029576517349312,0.013108659080316843,0.025528055591554584,1.5929822630655994,Down
DDAH2,1.9818147837540074,2.2136086006529434e-07,9.21483183594122e-06,5.03551258593478,Up
DDB1,0.40552387695295167,0.027938735111815445,0.04798070533863429,1.3189333719908398,Not Significant
DDB2,0.4648423535474393,0.10752136213504554,0.15219477338041995,0.8176002616982849,Not Significant
DDHD1,-0.2727694215368466,0.11677171675280328,0.16338309368996393,0.7867928847498918,Not Significant
DDHD2,-0.9136315021956669,0.00026261463689305933,0.0011752909160642735,2.9298546205382467,Not Significant
DDI1,-0.8427534827789643,0.34659350708733416,0.4151703912482526,0.38177362668180337,Not Significant
DDI2,-0.18542292381669867,0.153482213063088,0.20654285524947216,0.6849898235844977,Not Significant
DDO,0.7595825336034334,0.037119196768555913,0.06138194160315697,1.2119593782991016,Not Significant
DDOST,1.1789314722148987,0.0003009859206344639,0.001302462269962023,2.885234848592453,Up
DDR1,2.1732155927778365,8.477471616597487e-07,2.1297269093666603e-05,4.671676081706251,Up
DDR2,2.1426192035590184,0.00011854333487356083,0.0006465650002795083,3.189387808225664,Up
DDRGK1,-0.4185567916350301,0.00017173087749502267,0.0008543293135233869,3.0683746919830015,Not Significant
DDT,-0.039426941521572445,0.8559191656601701,0.8847695256347159,0.05316984430859665,Not Significant
DDX1,-0.47511642463149784,0.03242233070506426,0.05452797320915149,1.263380644628237,Not Significant
DDX10,-0.12014639997128995,0.42355741568720096,0.4904502765095244,0.3094050162802933,Not Significant
DDX17,0.508971629752466,0.08888825189585779,0.1293643816236451,0.8881852831237314,Not Significant
DDX18,0.6245147632584747,0.0007302910733641244,0.002547408582063462,2.593901392411926,Not Significant
DDX19A,0.4193523178419767,0.0001582894787488543,0.0008017135288667462,3.095980787647966,Not Significant
DDX19B,0.6386559873925624,8.537408406216619e-05,0.0005128554101623508,3.290005058708196,Not Significant
DDX20,0.8210919779983357,0.0024837843127119476,0.006701029235741875,2.1738584872881304,Not Significant
DDX21,0.8960502960860275,2.851556760335168e-05,0.00023859288042870833,3.6223425197463865,Not Significant
DDX23,0.6017722575350142,0.0016472823197825816,0.0048254498660918075,2.316462192112142,Not Significant
DDX24,-0.7964071503531542,0.000620379377049718,0.002255915172869019,2.6466772347629512,Not Significant
DDX25,-1.951925924459868,0.010139436690401592,0.02068571308583604,1.684329503344452,Down
DDX27,0.6952468705056418,0.0002357301022711618,0.001085349657349033,2.964430326521577,Not Significant
DDX28,0.6214640055830518,0.006811925095884802,0.014953875226834494,1.8252462473701832,Not Significant
DDX31,1.5552354116081304,9.308953877899102e-08,5.527517961859891e-06,5.257469837492087,Up
DDX39A,1.8891515531081424,0.00023442970760422,0.001080844336112088,2.966236848910243,Up
DDX39B,1.2662445095226325,0.00010490625713967635,0.0005927232946859784,3.2271480041684804,Up
DDX3X,0.22381458481696015,0.15735699009164666,0.2106317191314441,0.6764762276116931,Not Significant
DDX3Y,1.326732359186236,0.6112448020581672,0.6692403147412213,0.17441790521369283,Not Significant
DDX41,0.40211689917322957,0.06690426019471186,0.1012306273958437,0.9946880715214476,Not Significant
DDX42,0.16201003242812462,0.060885705959789496,0.09362885083787503,1.0285903069346929,Not Significant
DDX46,0.43378876220505447,0.0016156129879959181,0.00475619089452685,2.3227407228557246,Not Significant
DDX47,1.6383382146508225,6.400213735752642e-05,0.0004158813509075675,3.381030553978723,Up
DDX49,0.7590614692739628,0.0006043679631771378,0.0022107490417743237,2.6554605545531165,Not Significant
DDX5,0.9804034091790648,3.029622019539079e-07,1.1018199359146818e-05,4.957889373930922,Not Significant
DDX50,0.29826375673549776,0.03868439796068534,0.06352186227480752,1.1970767781531089,Not Significant
DDX51,-0.4079951817742291,0.10579781997819263,0.1499869460259376,0.8239465377150176,Not Significant
DDX52,0.7115737429570572,0.002580467145232952,0.006899051491793195,2.161210613638969,Not Significant
DDX54,0.7191850673106863,0.002405364663783781,0.006531440329638223,2.1849910364527187,Not Significant
DDX55,0.9389736808470701,1.0732714001313807e-06,2.485942361239114e-05,4.604508945077315,Not Significant
DDX56,0.8233886817408731,6.617513729772969e-06,8.616864109068544e-05,4.06465075597482,Not Significant
DDX58,1.4966587300234053,1.3711351142226407e-05,0.00013966446047198062,3.8549140919854366,Up
DDX59,1.182966312971125,1.0933272084492288e-05,0.0001219731815937711,3.913735647736522,Up
DDX6,-0.3070954589103785,0.042100795684898495,0.068217470708536,1.1661043869176186,Not Significant
DDX60,1.7943994231794242,2.1873177394117417e-05,0.00019639072109477616,3.706879035248321,Up
DDX60L,2.469068902962677,3.217323301795791e-06,5.313330318408328e-05,4.274633184089744,Up
DECR1,0.8784838943892304,9.111584767131388e-06,0.00010719542796864118,3.9698237375008425,Not Significant
DECR2,0.9730027029655588,0.0003304654281812444,0.0013923499470923698,2.856251597347173,Not Significant
DEF6,2.133811721523635,3.060767697661024e-05,0.0002506843397255053,3.6008727956119015,Up
DEF8,-0.38901128004165386,0.018024891698388702,0.033299607366507944,1.4775608872013166,Not Significant
DEFA1B,0.0,1.0,1.0,-0.0,Not Significant
DEFA3,-0.28578750954813525,0.929856608663721,0.9461995429978106,0.024017266046042592,Not Significant
DEFA4,-0.599781681499199,0.8368734863165639,0.8688718438784978,0.06104427602641961,Not Significant
DEGS1,0.2887615742096621,0.07444634188690707,0.11097550283644597,0.9547728784846273,Not Significant
DEK,0.7332436784671401,0.015478248826233968,0.029235939901038892,1.5340829395461029,Not Significant
DENND1A,-0.9377097669820884,6.440251266078886e-06,8.481534642225337e-05,4.071525559730346,Not Significant
DENND1B,0.00613053910104,0.9651198583603349,0.9737223288054095,0.011564870903843632,Not Significant
DENND1C,1.2249310140570078,0.003618356708186253,0.009011452528620102,2.04520520077217,Up
DENND2A,0.6499127306148402,0.04329766698855468,0.06997925513279317,1.1550306845087184,Not Significant
DENND3,-0.08623920005034691,0.7864415357462358,0.8250142696144516,0.0835385397395043,Not Significant
DENND4A,-0.39871342865357917,0.02499746235333446,0.04374230254429241,1.3590983599366737,Not Significant
DENND4B,-0.43510989429141134,0.03055459668954746,0.05177967480936051,1.285840681381714,Not Significant
DENND4C,0.6294313631436097,0.00021387517179179572,0.001003997428066426,2.998267399718878,Not Significant
DENND5A,0.8556672535588348,0.013998778347285067,0.026948918989212645,1.5694586511242126,Not Significant
DENND5B,-1.0141703273124243,0.00014236077547213655,0.0007442358339939302,3.128289423092817,Down
DENND6A,0.3529071746799808,0.1368455506085158,0.18751116387788197,0.7269728705163814,Not Significant
DENR,-0.34186227922040757,0.026525862167440434,0.0459538324118306,1.337678263909955,Not Significant
DEPDC5,-0.2013942318112143,0.2187838501453969,0.280375080316083,0.5522605890012124,Not Significant
DEPTOR,0.06050804098331497,0.8629385540118446,0.8906694874437383,0.05028342549028199,Not Significant
DERA,1.679401886609167,6.5762162266901e-06,8.616864109068544e-05,4.06465075597482,Up
DERL1,0.49876627370036175,0.0010170673942223698,0.003306275228650417,2.4806609967086453,Not Significant
DERL2,0.8206159745872146,1.793534298226871e-05,0.00017061439584832388,3.7679843273670928,Not Significant
DES,-3.1291041301632365,0.002001695666950912,0.005618579590098492,2.250373462749561,Down
DESI1,-0.6540808806752487,0.007879190492577112,0.01684528120165998,1.7735217348573993,Not Significant
DET1,0.6152924318088306,0.00015399929195584447,0.0007871074922187605,3.1039659536769797,Not Significant
DFFA,0.6185330596105025,3.394241355106741e-05,0.000268817511095482,3.570542444232662,Not Significant
DFFB,-0.17984169158054186,0.34689302260986227,0.4153809948617322,0.3815533778430367,Not Significant
DGAT1,0.2179961309310734,0.15169058172377994,0.20445958259103014,0.6893925301628078,Not Significant
DGCR2,0.08950422396754121,0.7256662001697055,0.7717864548679912,0.11250284772330112,Not Significant
DGCR8,0.8655238157285261,9.392787609508458e-06,0.00010939068483027538,3.9610196587983197,Not Significant
DGKA,0.31730398634327095,0.17305040390228826,0.2288408727896629,0.6404664045219454,Not Significant
DGKB,-1.6327497801951694,0.000639894851249997,0.002300606970554058,2.638157568684212,Down
DGKD,1.0172759730781458,0.004940958576888452,0.011554325699704179,1.9372553944897217,Up
DGKE,-4.050738147860843,1.7153957751768814e-06,3.4658872530726516e-05,4.46018556919418,Down
DGKG,-0.37452743543592604,0.5263598281650687,0.5899861913992408,0.22915815288207908,Not Significant
DGKH,-0.7953572194884444,0.0220848172566251,0.03944724273816334,1.4039833474722967,Not Significant
DGKI,-0.9634158646163193,0.0036407843719982,0.009060588380313702,2.042843599009009,Not Significant
DGKQ,-0.74283304068204,0.0011650875400109634,0.003688589527991969,2.4331396710530937,Not Significant
DGKZ,-2.8917693647707132,4.720222864535862e-12,1.5850508379111423e-08,7.799956803938212,Down
DGUOK,0.3730150612001957,0.005180209210054208,0.011985628751053306,1.9213391784888554,Not Significant
DHCR24,-2.6624212159829845,0.004870610479817776,0.011437419574285379,1.9416719467892651,Down
DHCR7,-0.4771361139736001,0.13708554390150948,0.18781446610414884,0.7262709599546326,Not Significant
DHFR,1.6623684993531,9.36074743547755e-05,0.0005468921418951734,3.262098316808361,Up
DHODH,1.322817313935488,6.1266182165646185e-06,8.196487637937844e-05,4.086372211792838,Up
DHPS,0.3718245974798613,0.050644618743441255,0.08004296975547964,1.0966768065364387,Not Significant
DHRS1,1.1847488214633444,0.0004209999678387568,0.001674359919466102,2.7761511806100305,Up
DHRS11,-0.9459362263701099,0.00354698133639063,0.008866573196724369,2.0522441963247755,Not Significant
DHRS13,0.43340081216888926,0.27938332669665233,0.3457844750239577,0.4611945095085521,Not Significant
DHRS3,1.4365384953530267,0.0004826523744938848,0.0018682603969178595,2.7285625922049443,Up
DHRS4,0.42839059460053086,0.29671499678761154,0.363771069446075,0.43917184314921087,Not Significant
DHRS7,0.44083906853492394,0.031025974331972232,0.05247744550374215,1.2800273136977574,Not Significant
DHRS7B,0.3888761659956259,0.0034810675603612986,0.0087517530828749,2.057904943782312,Not Significant
DHRSX,0.8858127951814971,0.007274921844459002,0.0157675479047074,1.8022358408662122,Not Significant
DHTKD1,0.9482468613779993,0.0019330794459672665,0.005482500658410541,2.2610213074946626,Not Significant
DHX15,1.008853877505242,0.001231379411570549,0.0038439056745416564,2.4152272780088713,Up
DHX16,0.7346882662861525,1.5307965055695907e-05,0.00015178389760933127,3.818774299259673,Not Significant
DHX29,0.22663190639374875,0.06574717449944577,0.09976457838641613,1.0010236284716665,Not Significant
DHX30,-0.014645521829041996,0.9339636840288197,0.9489410139088583,0.022760782441054013,Not Significant
DHX32,0.4887503876378432,0.0012750351544742425,0.003947358373132611,2.403693443047445,Not Significant
DHX33,0.27664915683728,0.05644684783682471,0.08782170580821191,1.0563981316144724,Not Significant
DHX34,0.730572310853919,0.00923866011303797,0.019173931186391536,1.7172888356078995,Not Significant
DHX35,0.5161331005350114,0.0012301257944898694,0.0038425696910669594,2.4153782471408127,Not Significant
DHX36,0.26011361276983536,0.20509256704857146,0.2652590217546937,0.5763298363365167,Not Significant
DHX37,0.972726462943104,0.010565015854448911,0.021397661784824756,1.6696336812970105,Not Significant
DHX38,0.7687456979779093,4.516241532091447e-08,3.395269939872331e-06,5.469125691564165,Not Significant
DHX40,1.172833401261716,2.145903088279101e-05,0.00019396508669636647,3.712276435119537,Up
DHX57,0.2537058709077975,0.04303847956648152,0.06961619189992531,1.1572897368989252,Not Significant
DHX58,0.13945409182479906,0.35817522605751884,0.42615533569191505,0.37043206958897856,Not Significant
DHX8,0.5157295300418276,0.000753440521910714,0.002603828410884574,2.5843876386373807,Not Significant
DHX9,0.8891902015830375,1.568314801607511e-05,0.00015459103044416893,3.810815707970146,Not Significant
DIABLO,0.958107126217774,0.013325700301878539,0.025865723476131867,1.5872753696694497,Not Significant
DIAPH1,-0.43705287676491267,0.037622104570395075,0.06208109442132023,1.2070406355489867,Not Significant
DIAPH2,0.7578403514567285,0.023804369194948532,0.041975357127588216,1.3770056001838122,Not Significant
DICER1,0.4971915897100452,0.00025803449441683774,0.0011568489082132724,2.9367233589515647,Not Significant
DIDO1,0.46970040540186275,0.0027659993766234333,0.007296328284918688,2.136895633955786,Not Significant
DIMT1,1.199896376416909,8.232155469493187e-07,2.0875590906316173e-05,4.680361222492488,Up
DIP2A,0.6423779315938738,0.01325811485127492,0.02575438662008167,1.5891487890443623,Not Significant
DIP2B,0.552041287705535,0.0047574883954595885,0.011210979671546176,1.95035643492007,Not Significant
DIP2C,-0.21268946544951106,0.42100381030862744,0.4880543596143973,0.3115318034772373,Not Significant
DIRAS1,-2.835771999890941,4.149683334628551e-07,1.3063721847827507e-05,4.883933075151338,Down
DIRAS2,-4.155343256129484,4.396508262341559e-11,7.125530162783984e-08,7.147182817185302,Down
DIS3,-0.20729397863112808,0.16447162463490556,0.21910700166252825,0.6593437441425587,Not Significant
DIS3L,-0.17586581882829933,0.5037409925581996,0.5685923539530872,0.24519898470591672,Not Significant
DIS3L2,0.05038330824031334,0.8307450844909862,0.8643798782443911,0.0632953515402314,Not Significant
DISC1,1.7321542683422209,0.0006096783165662964,0.0022245198700068347,2.6527637106640674,Up
DISP2,-3.071873909359768,0.00031206311339827814,0.0013354816501165055,2.874362074926693,Down
DIXDC1,-0.34117627784930704,0.06777862767657956,0.10236909973221327,0.9898311160260201,Not Significant
DKC1,0.9359488049750091,1.296415219760466e-06,2.8766711286050518e-05,4.541109785379755,Not Significant
DKK3,-1.6269213770343605,0.00041244342743087625,0.0016455267675004545,2.783695048718626,Down
DLAT,-0.6212976213103616,0.0051215332644472845,0.01186895010490958,1.9255876958567317,Not Significant
DLC1,-1.6827096766351062,4.468469317116988e-06,6.558534451402582e-05,4.1831931958036614,Down
DLD,-0.22689380353234512,0.15941252547203005,0.2131565943197811,0.6713012272561489,Not Significant
DLG1,-1.1525742841927773,0.0006029497189534742,0.0022071640511400073,2.6561653859787926,Down
DLG2,-2.7323178107382518,1.0075519358810901e-07,5.665634831257507e-06,5.2467514206169525,Down
DLG3,-1.8886464471525848,2.3858589756659376e-06,4.3259618642705735e-05,4.363917313424402,Down
DLG4,-2.8101402835292326,3.2864969988529045e-07,1.1456114452056802e-05,4.940962656205177,Down
DLG5,1.8002295030141653,0.00046010565041036786,0.0017993417399976887,2.7448863454368757,Up
DLGAP1,-1.331190596360198,0.0035605576114825332,0.008896095579879722,2.0508005596658676,Down
DLGAP2,-5.497671382837563,0.000840028158107388,0.00284547534121514,2.5458451736193877,Down
DLGAP3,-4.256552273842175,0.0001274035688669848,0.0006808825213612758,3.166927814263101,Down
DLGAP4,-1.1671419086205859,0.00010052220804459178,0.0005734205684265104,3.24152673309528,Down
DLGAP5,9.043028294994926,0.00025006857020245805,0.0011373321788801637,2.9441126730561487,Up
DLL3,4.693483087188902,0.0009011497701107889,0.002997089067050541,2.523300350563264,Up
DLST,0.39043967780171585,0.008820554130023004,0.01843914967957081,1.7342591102880835,Not Significant
DMAP1,0.510978160369163,0.0003534659299619783,0.0014644541498899037,2.834324220951671,Not Significant
DMD,0.06639479842862883,0.8160951154111574,0.8515995641860368,0.06976456948788108,Not Significant
DMRTA2,0.7799509430164839,0.24673387522623041,0.31097173264469474,0.5072790865820727,Not Significant
DMTF1,1.0369001984029964,0.00019549561951458493,0.0009418569445193345,3.0260150557250016,Up
DMTN,-4.62404707917965,6.293405979938881e-07,1.7275142191254576e-05,4.762578369272253,Down
DMWD,-0.026474450737755006,0.9108134583734229,0.9302985683518059,0.03137764738374979,Not Significant
DMXL1,-0.4037525442196248,0.004115235764300959,0.010004074587250934,1.999823078965651,Not Significant
DMXL2,-0.5487884793693745,0.008155571597569215,0.017322207099707415,1.761396773395117,Not Significant
DNAAF2,0.3761835389696504,0.059292763766669435,0.09159872752421835,1.0381105594440363,Not Significant
DNAAF5,0.7522841605504542,0.0001470919519136119,0.0007614616256822848,3.1183519783087186,Not Significant
DNAJA1,-0.41070793655346804,0.006230064879449116,0.013900702900458561,1.8569632387335062,Not Significant
DNAJA2,-0.5719494700805008,0.012868796813322566,0.025182645512317702,1.5988986478957523,Not Significant
DNAJA3,-0.1078705811439633,0.23249048741191775,0.29549445909233096,0.529450658296048,Not Significant
DNAJA4,-3.4207822302042032,0.0006260303164561232,0.0022702049704747965,2.643934929799184,Down
DNAJB1,1.0137536545867007,0.12143519570421536,0.16894602424033497,0.7722520238997397,Not Significant
DNAJB11,0.872239946577082,0.0009234739943833599,0.003056201386142565,2.514818031637971,Not Significant
DNAJB12,0.2944356495964584,0.014050201970889414,0.027027255041959127,1.5681980601342587,Not Significant
DNAJB14,-1.4575427917581223,0.0002660467212532887,0.0011874854541008553,2.9253717014861893,Down
DNAJB2,-1.0082142327821693,0.0019690773263555633,0.005554882381883491,2.2553251323018277,Down
DNAJB4,-0.5617295540778819,0.018870054797809652,0.034626034978713006,1.460597236589552,Not Significant
DNAJB5,1.9437805796413414,1.1533502421389902e-05,0.00012544117773987076,3.901559877144284,Up
DNAJB6,0.13284301881703087,0.22572649631278283,0.28802643747371426,0.5405676472338504,Not Significant
DNAJB9,-0.5072719131875658,0.007541550132649981,0.01624755689399399,1.7892119335912722,Not Significant
DNAJC1,-0.08594062422279691,0.6636038852817888,0.7159843140547008,0.14509649220905682,Not Significant
DNAJC10,0.24494145547996737,0.02734996518798966,0.04717061278955793,1.3263284818336936,Not Significant
DNAJC11,-0.08501990532651504,0.38870947466290556,0.4571931404266329,0.3399002942374076,Not Significant
DNAJC12,-1.3648012594871979,0.0018859482094349903,0.005379303580082551,2.2692739456913236,Down
DNAJC13,0.30152548037604276,0.08279486956933176,0.12162081015477516,0.9149921079404792,Not Significant
DNAJC14,0.16446799549793312,0.18776634084821853,0.2457526461874696,0.6095017971237867,Not Significant
DNAJC16,-0.2570252067658245,0.03156068251031425,0.0532745166905003,1.2734804815405718,Not Significant
DNAJC17,0.3384850065016387,0.14998238334645672,0.20242799167098138,0.6937294335926111,Not Significant
DNAJC19,-0.17229109493819905,0.476364375553538,0.5423705605025251,0.2657038917042097,Not Significant
DNAJC2,0.6465536439975104,0.00044872875649783276,0.0017612749650576431,2.7541728379649526,Not Significant
DNAJC21,-0.4322739594207583,0.000541711239602814,0.0020309635384290095,2.692297873346165,Not Significant
DNAJC24,0.29356482742244694,0.029577884830080815,0.05037491323385192,1.2977856888824328,Not Significant
DNAJC25,-0.1523724381541669,0.5561925068525329,0.6183736137327466,0.20874905022613463,Not Significant
DNAJC25-GNG10,0.0,1.0,1.0,-0.0,Not Significant
DNAJC3,0.14787922250417296,0.41168270703504456,0.47901978305171994,0.3196465502748294,Not Significant
DNAJC30,-0.1883338126460039,0.1829506851036325,0.24026140030426196,0.6193159960766176,Not Significant
DNAJC5,-1.2419733592675435,1.592234220803167e-08,1.8022660157720345e-06,5.744181106444981,Down
DNAJC6,-2.779722733719744,3.7198262670505574e-08,3.089926236437019e-06,5.510051888047897,Down
DNAJC7,-0.21018103354497697,0.0029816325501409403,0.0077308897857744675,2.111770518136905,Not Significant
DNAJC8,0.10827293693002815,0.4567348795370292,0.5232738742699912,0.28127094793493584,Not Significant
DNAJC9,0.1064498137922456,0.6033444885787468,0.6618131944623579,0.17926457863118017,Not Significant
DNAL1,-1.192370755889442,2.3875668021981725e-06,4.3259618642705735e-05,4.363917313424402,Down
DNAL4,-0.4825019015099592,0.041688988909897556,0.0676942092647176,1.1694484803834089,Not Significant
DNALI1,1.3248814625726322,6.531993755988868e-05,0.0004227862073757688,3.3738791891940836,Up
DNASE1L1,-0.2519247018760389,0.29578065458478336,0.3628905510031796,0.440224339874957,Not Significant
DNASE2,1.4337540094389354,2.6492733290674008e-05,0.0002264417930437596,3.64504341488121,Up
DNER,0.6995209228321642,0.1393251143554912,0.19031338332436856,0.7205306699392016,Not Significant
DNLZ,0.9162350822480807,0.0031532775317673675,0.008064513291450739,2.0934218379731653,Not Significant
DNM1,-3.241208630532327,0.00022275661401292555,0.001036991741943721,2.9842247020897954,Down
DNM1L,-0.9508497365825583,0.0004830103500145857,0.0018682603969178595,2.7285625922049443,Not Significant
DNM2,0.8401293061958803,0.00044050239284214993,0.0017388797435312767,2.7597304516526475,Not Significant
DNM3,-0.7939563909578027,0.0028585969773454447,0.007489598426470224,2.125541467459873,Not Significant
DNMBP,0.96647429413383,0.027845304754888403,0.04785288299228006,1.3200918921625568,Not Significant
DNMT1,0.9095019609866064,0.013286366533999365,0.025804290816176904,1.5883080722209746,Not Significant
DNMT3A,-0.10984702698333138,0.6639346323705207,0.7162644556115471,0.14492660002772856,Not Significant
DNPEP,0.7095860572086643,0.0016538782292554103,0.004835751351390768,2.3155360381452503,Not Significant
DNPH1,0.7137656274747428,0.015000593230047418,0.028496318348010124,1.5452112461117467,Not Significant
DNTTIP1,0.816687856466018,2.184171056905309e-06,4.0447314756000155e-05,4.393110305333826,Not Significant
DNTTIP2,0.02353425246583285,0.8812135944419706,0.9067109170343076,0.0425311552205311,Not Significant
DOC2A,-4.600363853012743,6.726993711114917e-05,0.0004294533247514048,3.367084030678921,Down
DOCK1,0.012185493456147611,0.9673933447427129,0.9753323213508897,0.010847383544128864,Not Significant
DOCK10,1.813201810264811,2.413967364870206e-06,4.363926432895516e-05,4.3601225793616125,Up
DOCK11,2.0322184702996484,1.0094012888617023e-05,0.0001155535066362817,3.937216870698247,Up
DOCK2,2.644231899160534,1.15522548659046e-07,6.173005185248833e-06,5.209503358230686,Up
DOCK3,-2.3171697386930283,0.00020501716773811365,0.0009751383134059287,3.010933779697671,Down
DOCK4,-0.06972554233532335,0.7448299379480308,0.7893348195758955,0.10273873893271292,Not Significant
DOCK5,-0.2953864438863434,0.6434630518449389,0.6979163204442199,0.15619664578356887,Not Significant
DOCK6,-0.13087651501063036,0.7753669843835498,0.8151791902191485,0.08874691546918077,Not Significant
DOCK7,1.2101038529302564,0.00017558947257221912,0.0008679530651091931,3.0615037588271954,Up
DOCK8,2.233074343949589,1.8187706213515104e-05,0.0001723652058288946,3.7635503976851976,Up
DOCK9,-1.9183516842999815,0.0022864726974137035,0.006266029911247457,2.2030075363201433,Down
DOHH,-0.6687532568000734,0.003099846187853563,0.007972389710604237,2.098411480038255,Not Significant
DOK1,1.8521752690180957,5.911474223697303e-06,8.02590179643216e-05,4.095506158523005,Up
DOK2,3.214765350506269,0.006383587534173826,0.014192950964305258,1.8479272976875203,Up
DOK3,1.326085236880857,0.008988892289487694,0.018725000191128834,1.7275781691955883,Up
DOLPP1,0.7451987639698423,0.00047735160624587137,0.0018516904433272653,2.732431614841768,Not Significant
DPAGT1,0.7266639655595064,0.0005123508355016695,0.0019459291029828693,2.7108729866494827,Not Significant
DPCD,-0.31024530277237616,0.18657937948228878,0.24438963319523824,0.6119172204490922,Not Significant
DPEP1,4.610506977066727,0.005436253364442825,0.012472060212570489,1.9040618011287096,Up
DPF1,-1.0583281291291584,0.0057349763114549965,0.012994635933782644,1.8862358834707107,Down
DPF2,0.9272047969005222,0.0007772680128192074,0.002672508430931502,2.5730809160532337,Not Significant
DPF3,1.1833402199937009,0.014108692632662536,0.027113882026219456,1.5668082979168343,Up
DPH1,-0.09601469438305088,0.6161315025369362,0.6738691914961591,0.17142439860539693,Not Significant
DPH2,0.6511923050618904,0.004588335883779657,0.010901626342734968,1.9625087076568224,Not Significant
DPH3,0.15456901010042046,0.25629010796753976,0.3214475283447455,0.49288990924100323,Not Significant
DPH5,1.2119667996387626,8.911012706569805e-07,2.1683464252653196e-05,4.663871331652962,Up
DPH6,0.8597014826226346,0.0010678492282199332,0.0034424042000280345,2.4631381370487038,Not Significant
DPH7,0.8834515855243801,0.0004359376837977835,0.001723166510716075,2.7636727543621,Not Significant
DPM1,-0.03963766494117493,0.8590442737983469,0.8871360342639207,0.05200977994242245,Not Significant
DPM3,1.3834912750526591,1.4096304698660453e-05,0.00014282306892383684,3.845201639218342,Up
DPP10,-0.8677436412453936,0.05482897220368535,0.08566368830428205,1.0672032307132844,Not Significant
DPP3,1.1841388702495301,2.3169467215098886e-06,4.243803867725567e-05,4.372244695725646,Up
DPP4,-1.3521447225946002,0.13036675822224886,0.17973377888749625,0.7453702945892398,Not Significant
DPP6,-0.7091823757248292,0.07651137175560772,0.11365018564818521,0.9444298505160754,Not Significant
DPP7,-0.4472448039375898,0.16120926298823146,0.21533043162867194,0.6668945890596253,Not Significant
DPP8,-0.8816484240687217,0.0032482110530108214,0.008259080804651948,2.0830682848444133,Not Significant
DPP9,0.41233057166745724,0.01969528263478099,0.03587240594156277,1.4452394944669462,Not Significant
DPT,-2.6198855196525574,0.006991291844163037,0.01526643516027305,1.8162623624829286,Down
DPY19L1,0.20650819876677318,0.5836337254977934,0.6439787678712783,0.19112845119352706,Not Significant
DPY19L3,1.1060892160779545,3.0902649788844784e-05,0.0002514646962623767,3.599522977982422,Up
DPY19L4,0.6664559555172467,2.398405126275398e-05,0.00021028314396952445,3.677195538414082,Not Significant
DPY30,-0.037093784010163944,0.8150028441069073,0.8507241375539306,0.07021124480440422,Not Significant
DPYD,0.5623555954544344,0.33622505923780666,0.4044335817028853,0.39315279041352547,Not Significant
DPYS,-1.5422147822927794,0.004065952424882675,0.009917773541953528,2.0035858124194594,Down
DPYSL2,-0.9223718822858054,0.0003902950045868444,0.0015739919440383788,2.8029974947651572,Not Significant
DPYSL3,2.9017769281769965,1.126178012763935e-07,6.0669076473710595e-06,5.217032615990912,Up
DPYSL4,0.04408723366522693,0.7992688250041454,0.8367280622562362,0.07741566536511621,Not Significant
DPYSL5,-0.32474021455949753,0.39385457938775276,0.4618865027044997,0.335464728566622,Not Significant
DR1,0.07677916802119,0.7196621137240163,0.7669391868883678,0.11523907131292357,Not Significant
DRAP1,0.0019352798259220094,0.988973152263715,0.9928166951574154,0.0031309283729681063,Not Significant
DRAXIN,2.0060056604731233,0.002553729859738884,0.006847942903789582,2.1644398693403213,Up
DRG1,-0.1477794905089027,0.45612727343644893,0.522637187511236,0.2817996918985231,Not Significant
DRG2,-1.2319420764567486,7.858062426358085e-05,0.0004810016040614128,3.3178534753229276,Down
DROSHA,-0.04957816724964914,0.7291788102667884,0.7751131512744146,0.11063489441353977,Not Significant
DSC2,0.4965440827401064,0.3368847819023595,0.4049370353041844,0.3926125010960138,Not Significant
DSCC1,0.9331532500799717,0.01315685229229096,0.025603177995629476,1.5917061245200244,Not Significant
DSG2,-2.1982284021317504,0.34156734746327855,0.40983199837363843,0.3873941362847963,Not Significant
DSN1,0.33921800506207234,0.33136783908655276,0.39954513596145214,0.3984341520402714,Not Significant
DSP,-0.4098736179439104,0.2794009953042501,0.3457844750239577,0.4611945095085521,Not Significant
DST,0.9122682314384996,2.541535209419853e-05,0.00021920741181246232,3.659144765630944,Not Significant
DSTN,-0.8765351713651803,0.022451524096413485,0.039960539531319686,1.398368656735016,Not Significant
DSTYK,-1.1033481751816545,2.8741569124157708e-05,0.00024026404705599226,3.6193112118568527,Down
DTD1,0.45278346782145107,0.042106038600920874,0.068217470708536,1.1661043869176186,Not Significant
DTD2,0.21998267331980514,0.38187441092981766,0.44992295276503164,0.346861850788804,Not Significant
DTL,4.322413209352726,0.00019425352740629458,0.0009385659640724276,3.027535198987307,Up
DTNA,-0.1526715328201682,0.5009481760517357,0.5658203751031714,0.24732141772110686,Not Significant
DTNB,-1.399414500419299,0.0002547108328290361,0.0011485930751654924,2.939833806395859,Down
DTNBP1,-1.1109396279684667,0.0010888338778205513,0.003496512545911898,2.4563649091195714,Down
DTWD1,-0.4526240029376716,0.024286015744622642,0.04269761302117426,1.3695964032117098,Not Significant
DTWD2,-0.35448722078746897,0.01135239846179019,0.022686780818106402,1.6442271247461344,Not Significant
DTX1,-1.498769615636613,0.02002936228935492,0.03636255103675644,1.439345656189267,Down
DTX3,0.35128582976119915,0.6358020365271032,0.690951331592372,0.1605525418663941,Not Significant
DTX3L,2.007187841292275,7.20513526398462e-05,0.00045144079796177505,3.3453991950832007,Up
DTYMK,1.5177511116725437,0.0007399568934447255,0.002570828697541528,2.589926860809884,Up
DUS1L,0.5914167574304976,5.340389560286472e-05,0.00036672859189042884,3.4356552290735607,Not Significant
DUS2,0.6046648619948751,6.228147598619349e-05,0.0004087450091758392,3.388547537085482,Not Significant
DUS3L,1.2422603914863082,0.0008165794693600422,0.002782889571831213,2.555504026614523,Up
DUS4L,0.5791654972916707,0.0012518342114321642,0.003895884413335688,2.409393936648441,Not Significant
DUSP11,0.17519463334317464,0.19107071333787193,0.24933243085048212,0.6032212288232424,Not Significant
DUSP12,0.9428622820793962,0.00012163870887835795,0.0006591653325662065,3.1810056415280332,Not Significant
DUSP14,0.20753256060252667,0.5141234772147527,0.5786904926772535,0.23755365261437572,Not Significant
DUSP19,-1.3788171379387943,6.0456945760152985e-05,0.0004001598367856644,3.3977665027504673,Down
DUSP22,0.00019909166205422935,0.9983262774796924,1.0,-0.0,Not Significant
DUSP23,0.17689687313663072,0.5494437515050955,0.6114777234492192,0.213619359983875,Not Significant
DUSP3,-1.320589286366264,0.0008455621575885632,0.002856536946863577,2.544160154339226,Down
DUT,0.11738579463343157,0.42647615550149004,0.49303658371838543,0.30712085452083804,Not Significant
DVL1,-0.6362652015346413,0.0002542155167872228,0.0011468728688376546,2.9404847210894247,Not Significant
DVL2,1.026479469332127,1.1154197143981616e-05,0.00012347844015558385,3.9084088653909577,Up
DVL3,0.6701844720730712,0.012479580982937926,0.02455934729871394,1.6097831794011297,Not Significant
DXO,0.6560471301655539,0.0008002889974757939,0.0027375590358475884,2.5626365064289445,Not Significant
DYM,-0.3824639746300349,0.0008614132783987806,0.0028935903189694283,2.5385629572548654,Not Significant
DYNC1H1,-0.7004205233700205,0.0006877112183651305,0.0024342947342973734,2.6136268403501113,Not Significant
DYNC1I1,-3.898462403924734,0.0004967837627143077,0.0019065141430795948,2.719759968654857,Down
DYNC1I2,0.06447437887263519,0.4082228054666818,0.4757561941544832,0.32261554866448344,Not Significant
DYNC1LI1,-0.769988896712853,0.005096217893780117,0.011823882787181229,1.9272398841871314,Not Significant
DYNC1LI2,0.0921470337765058,0.3921373420175253,0.46036494388585825,0.3368977546699226,Not Significant
DYNC2H1,-0.11942488550405272,0.4665702376302045,0.5325434595384863,0.27364494475760015,Not Significant
DYNC2LI1,-0.36234158056042176,0.010202356102229589,0.020771733099001793,1.6825272663954598,Not Significant
DYNLL1,-0.5868405680658881,0.01891363855929069,0.034687055315181944,1.4598325671123644,Not Significant
DYNLL2,-0.7197027553344242,0.000394352161137235,0.001588446090082569,2.7990275200102404,Not Significant
DYNLRB1,-0.48898604500152487,0.0018856562261183353,0.005379303580082551,2.2692739456913236,Not Significant
DYNLT1,2.1276957583113614,1.1190526598752344e-07,6.0609335997758655e-06,5.2174604738531976,Up
DYNLT3,-3.431053009457946,1.2142113102257737e-05,0.00012943878030914757,3.8879355880332747,Down
DYRK1A,-0.27946724220294783,0.0067557152005673325,0.014853137261133851,1.8281818055187338,Not Significant
DYRK1B,-0.1837962558163575,0.1674863708566334,0.22250530133320914,0.6526596372118951,Not Significant
DYSF,-1.2611966507268733,0.032891191987999016,0.0551691422056447,1.2583037685934886,Not Significant
DZIP3,-1.3378225068995526,5.0836360239780124e-05,0.00035366777726379304,3.451404507032894,Down
E2F3,0.6598138322826692,0.05948563096543411,0.09181220259625911,1.0370995936568215,Not Significant
E2F4,0.8937690497180846,4.0874431169162703e-07,1.303066517715649e-05,4.8850334142647664,Not Significant
E2F5,2.3417850768529878,6.30843691713531e-05,0.00041240229398586053,3.3846789276207474,Up
E4F1,0.3996556273761307,0.016036229116142386,0.030134111567994483,1.5209416081385048,Not Significant
EAF1,-0.08772407435994012,0.6062815750150575,0.6647453838377981,0.17734466983803907,Not Significant
EAPP,-0.022382091163187567,0.908090713463465,0.9281763238058997,0.03236951388681527,Not Significant
EARS2,-0.4955890964185983,0.0016855824890697798,0.004911934623919283,2.3087474221315567,Not Significant
EBAG9,-0.5438153558398255,0.0024098004474152513,0.006541721828957489,2.184307927150397,Not Significant
EBNA1BP2,-0.3496957777050831,0.058234209718828575,0.09017747001763618,1.0449019532475998,Not Significant
EBP,0.2883014770153167,0.4174078360389742,0.48461064195650866,0.314607053070486,Not Significant
ECD,-0.02298759421725194,0.8470222477490995,0.8774192415243629,0.056792845887050435,Not Significant
ECE1,0.004083696331623088,0.9928295948279546,0.9956959022694689,0.0018732801825902346,Not Significant
ECH1,0.7725407610942803,0.0006790523974772143,0.002407875343958274,2.6183660003180274,Not Significant
ECHDC1,-0.07878893305297652,0.7229421979232602,0.7697019342505731,0.11367742206297708,Not Significant
ECHDC2,-1.6082011439069888,0.000466328350385593,0.001819439117654711,2.740062472261853,Down
ECHDC3,0.7989081229953694,0.209470814773672,0.27022781252784883,0.5682699543304223,Not Significant
ECHS1,-0.7670448891077832,4.297836961098322e-05,0.0003151389517354363,3.5014979139371993,Not Significant
ECI1,0.8317175502015957,0.00044332352010381513,0.0017465941108822187,2.7578080085172156,Not Significant
ECI2,1.0139399393952253,9.513671896177932e-06,0.0001105429419632024,3.9564689813918164,Up
ECM1,-0.6290897659791685,0.09555861018208914,0.13777836538920366,0.8608189720491058,Not Significant
ECM2,2.7443325155398117,0.002123380286467013,0.005890023007252156,2.229883008794708,Up
ECSIT,-0.18046851350017334,0.3356780132831337,0.40387200594939554,0.39375624854588936,Not Significant
ECT2,0.35786286490397146,0.40118578317143855,0.4690612213673293,0.3287704699356525,Not Significant
EDC3,0.32814360809119236,0.17684955860441345,0.2332830238812179,0.6321168638764565,Not Significant
EDC4,-0.032850814087442615,0.6446454696385979,0.6988978111428364,0.15558631967795175,Not Significant
EDEM3,0.11603679718673732,0.21926504953213646,0.2809202733036682,0.5514169177361109,Not Significant
EDF1,0.17298540150441255,0.19542571666056607,0.25409378802769006,0.5950059522588526,Not Significant
EDIL3,-1.22870588346942,0.02774894274958155,0.04771984453043436,1.321300979915452,Down
EDNRB,2.2070581466863786,0.007638233957992391,0.01642424095897873,1.784514692084421,Up
EEA1,0.5023932210667894,0.10914311754310628,0.15420995128184417,0.8118876000376835,Not Significant
EED,0.503460235368177,0.0023944987839165633,0.006508953251261591,2.186488847645709,Not Significant
EEF1A1,1.557775758277696,2.732222432048167e-09,5.983567126185486e-07,6.223039832508061,Up
EEF1A2,-4.073016893367505,1.9200280348765045e-05,0.00018009648438869558,3.744494764834504,Down
EEF1B2,0.6761007290967029,0.005662865064980345,0.012870955666516217,1.8903892055986593,Not Significant
EEF1D,1.4250578212917873,6.859512623140156e-06,8.870697068743764e-05,4.052042251508288,Up
EEF1E1,-0.13952580908618373,0.5290780561727868,0.5923463367286791,0.22742429302433542,Not Significant
EEF1G,1.5546990632996387,0.0005864475337428774,0.002156945036482565,2.6661609214975748,Up
EEF2,0.5731732815562829,0.0053983438337699375,0.012396379252655198,1.906705145500207,Not Significant
EEF2K,0.5435448846379423,0.018718726433011,0.03437966273220653,1.463698388098649,Not Significant
EEFSEC,0.6481032053192344,0.00645399759648636,0.014309345305480637,1.84438023603208,Not Significant
EEPD1,2.2988959102961495,0.00045299796638030213,0.0017756815226907252,2.750634924447533,Up
EFCAB14,0.26083894189912016,0.2647693981910894,0.3305188249537837,0.4808037998977876,Not Significant
EFCAB7,-0.2198265796117731,0.182357094662591,0.23960680469948373,0.6205008523867631,Not Significant
EFEMP1,1.2255865596081001,0.11805175929802757,0.16496787670527532,0.7826006153488175,Not Significant
EFEMP2,-1.3535043441278685,0.0027109388711441342,0.007179284486831232,2.1439188369422832,Down
EFHC1,1.1821522211047295,2.108204701236786e-06,3.938886939472487e-05,4.404626484859279,Up
EFHD1,-1.375307874462738,0.027719188718363316,0.047676815289191064,1.321692762255318,Down
EFHD2,-1.4269068820133057,0.0005270121400284629,0.0019869462195534187,2.7018138877302835,Down
EFNA1,1.7479686506197858,0.00490623620019676,0.011504986843757486,1.939113873621743,Up
EFNA5,-4.561900316796736,0.00013257700481779142,0.0007014604761210245,3.153996794323598,Down
EFNB1,1.416541449305571,0.006681500702896746,0.014709230349864908,1.8324100508313643,Up
EFNB2,-0.9887369558181511,0.007751363538509371,0.01662491724227026,1.779240507908456,Not Significant
EFNB3,-0.6336852926640155,0.3023936606050708,0.369474073612551,0.4324160311041964,Not Significant
EFR3A,-1.6009807605135329,1.2061747668075957e-07,6.268089820392723e-06,5.202864788811388,Down
EFR3B,-1.4482086971263506,0.0021296932006065667,0.0059022088866328894,2.228985424333404,Down
EFS,2.5220208144439624,4.311044256897275e-06,6.433994050960465e-05,4.1915193449939245,Up
EFTUD2,0.9908349729306352,0.009388956006831718,0.019417849068532687,1.7117988789286784,Not Significant
EGFR,1.4755592442124303,0.0040430810929506875,0.009873939134638842,2.005509554204999,Up
EGLN1,-0.167993144148344,0.13882368351593555,0.18978284539822698,0.7217430463112086,Not Significant
EGR1,2.025423227483124,0.016348695945504484,0.030595720407767448,1.5143393164358017,Up
EHBP1,-0.46794910662419653,0.033882575948703676,0.05664339032645881,1.2468507603322774,Not Significant
EHBP1L1,0.7944741208260364,0.0017323378822600023,0.005030108374949405,2.2984226578594864,Not Significant
EHD1,1.2274405984132422,0.0006189220299844417,0.0022517228349813166,2.6474850679264406,Up
EHD2,-0.08784300511367782,0.8462166599768441,0.8767650552922687,0.05711676793380701,Not Significant
EHD3,-2.1579829985176175,1.606640243003496e-05,0.0001572914850147446,3.8032947873017235,Down
EHD4,1.2686696884942315,0.0034117328128111988,0.008609668425916837,2.065013573699364,Up
EHHADH,-0.20194168076818997,0.4785249078726031,0.5446457939112647,0.26388584590672526,Not Significant
EHMT1,0.6675895350226284,0.002727630461616726,0.0072121126693771385,2.141937497242681,Not Significant
EHMT2,-0.10462338290838957,0.4818513110573762,0.5479365738336164,0.26126971018036405,Not Significant
EI24,0.015679240981441467,0.9331417940691152,0.9484974611323777,0.022963827261005897,Not Significant
EID2,-1.0259837285508517,0.00024072805105218896,0.0011053301669552195,2.956507976938995,Down
EIF1,-0.32202830828271445,0.0690156204632891,0.10405018864818533,0.9827571280540685,Not Significant
EIF1AD,0.14485112895927088,0.1747220458654507,0.23077879769877413,0.6368040935466248,Not Significant
EIF1AX,-0.7405728805584211,0.001345575867220757,0.004108965518359034,2.3862675032378204,Not Significant
EIF1AY,3.2411277639829166,0.4200794780322655,0.48709491962442936,0.3123864000742627,Not Significant
EIF2A,0.11238387328502597,0.6021209214427165,0.6607588412433469,0.17995701710656584,Not Significant
EIF2AK1,-0.03118713115604166,0.7596905491623657,0.8024664561457138,0.09557311246239279,Not Significant
EIF2AK2,0.044428396640235235,0.7594678743577113,0.8023153697860302,0.09565488803018024,Not Significant
EIF2AK3,0.7724035484118907,0.02071843414775886,0.03739786876984819,1.4271531466729857,Not Significant
EIF2AK4,0.015817655189877655,0.8318755974170886,0.8652880504264069,0.06283929382305432,Not Significant
EIF2B1,0.7428721920995507,1.488191667032138e-06,3.156752118449547e-05,4.5007595194115915,Not Significant
EIF2B2,0.6104707210123799,0.0027472462049924263,0.007257617572533947,2.1392059199207982,Not Significant
EIF2B3,-0.018250992129946297,0.8556730489247351,0.8847429225975347,0.05318290276688787,Not Significant
EIF2B4,1.0267239138082545,7.81149271700263e-08,5.044281315589911e-06,5.297200701162885,Up
EIF2B5,0.3142790686199284,0.10035148344140478,0.14353838480600764,0.8430319450605426,Not Significant
EIF2D,0.8598721499886324,0.00034354542543507563,0.001431889373534527,2.8440905339271825,Not Significant
EIF2S1,-0.139880396887893,0.5195876275632323,0.5837972072353337,0.2337379869176943,Not Significant
EIF2S2,0.15629503308571913,0.276394934180225,0.3426535278035425,0.4651447925268002,Not Significant
EIF2S3,0.2580680172033212,0.0755233181868551,0.1123315971378087,0.9494980662456195,Not Significant
EIF3A,0.13380016065752187,0.3996970805487196,0.4675509044876685,0.3301710985142901,Not Significant
EIF3B,0.9145410376755656,0.00040072242982023437,0.0016070373240481852,2.7939740364663193,Not Significant
EIF3C,0.1092522548368251,0.5968917045797395,0.6560208413633314,0.18308236314673026,Not Significant
EIF3D,1.0242906957830478,0.0001975068543661225,0.0009490528253589267,3.022709613575455,Up
EIF3E,0.7770569955958209,0.0006392924942192705,0.002299564872723195,2.638354334092422,Not Significant
EIF3F,0.5347240429889837,0.0019910951308056857,0.005598183742041999,2.2519528513422817,Not Significant
EIF3G,1.0666852905962259,5.404372445683612e-06,7.540671470611732e-05,4.122589979992646,Up
EIF3H,0.47058921708334367,0.002880921242322766,0.00753341607974632,2.1230080452917486,Not Significant
EIF3I,0.5181258115429301,0.004067953353375683,0.009920252258994584,2.003477284166746,Not Significant
EIF3J,0.012561222975207897,0.9001879315109125,0.9212970684104922,0.0356003107705934,Not Significant
EIF3K,-0.09129694110406206,0.41209666467212275,0.47943894213038046,0.31926669357005055,Not Significant
EIF3L,0.5431815299617959,0.050165957851666804,0.07947348001221755,1.0997777695298185,Not Significant
EIF3M,-0.06653751890588211,0.6606923626367863,0.7133013461797219,0.14672695635521307,Not Significant
EIF4A1,2.0358727333389375,6.9464145099278815e-06,8.948616339260036e-05,4.048244111352188,Up
EIF4A2,-1.0211962040400593,0.0052883302257873445,0.01218820377364029,1.9140602934526674,Down
EIF4A3,1.2532203806736462,6.785923473772946e-06,8.786811449201627e-05,4.0561686927577085,Up
EIF4B,0.15531761753285878,0.36571945442265996,0.433595125791912,0.36291560851204574,Not Significant
EIF4E,-1.352592458036277,0.0006845882020899821,0.0024249442854621943,2.61529823512122,Down
EIF4E2,-0.41489717882602406,0.01580121968440297,0.02977581127958764,1.5261363967822712,Not Significant
EIF4E3,-2.7671396144345604,4.9146252786732695e-05,0.0003467082286929588,3.460035850776437,Down
EIF4EBP1,3.090609624732229,3.54046756720024e-05,0.00027734580304801884,3.556978401722688,Up
EIF4EBP2,0.10670425922533155,0.6350745796871746,0.6904534120190586,0.16086561988858342,Not Significant
EIF4EBP3,1.397498178838898,0.00029671637048589466,0.0012884141018426303,2.8899445304225706,Up
EIF4ENIF1,-0.3474278673733586,0.050159171445856854,0.07947348001221755,1.0997777695298185,Not Significant
EIF4G1,0.11282853973444418,0.47139751650030076,0.537566060813225,0.2695681582332836,Not Significant
EIF4G2,-0.05287890029967102,0.7842247628577331,0.8230315929814359,0.08458349359191025,Not Significant
EIF4G3,-0.36618978227376786,0.002397962349808244,0.006514325525034365,2.1861305432544405,Not Significant
EIF4H,0.11060136991174119,0.505005639429925,0.5697644542073093,0.24430464850327024,Not Significant
EIF5,-0.3075962679969457,0.10017282088132887,0.14335622883547708,0.8435834321900736,Not Significant
EIF5A,0.6262957135634935,0.0017122888792476918,0.004979676145941469,2.302798900735061,Not Significant
EIF5A2,-2.0784749183130966,1.3797192272402413e-06,3.00850465264463e-05,4.521649312536518,Down
EIF5B,0.5168668549286579,3.995664688505905e-05,0.0002994964737500631,3.5236082865965557,Not Significant
EIF6,0.8263551947701657,0.00019700614346913163,0.0009473221428677957,3.0235023113035853,Not Significant
ELAC1,0.9982711935278115,1.8187831427051315e-05,0.0001723652058288946,3.7635503976851976,Not Significant
ELAC2,0.5310274130103387,1.2253051449468525e-05,0.0001299177915484891,3.8863313705417597,Not Significant
ELANE,-3.1182946714164403,0.2902556142546953,0.3569814501284093,0.4473543505997913,Not Significant
ELAVL1,-0.10667166761534475,0.2879903423572632,0.3546717248052652,0.4501734330406582,Not Significant
ELAVL2,-2.9620905501892327,3.183887531457197e-05,0.0002565958639351984,3.5907503482907748,Down
ELAVL3,-2.0921671404814184,0.00010158405119808144,0.0005771899220357995,3.238681260465673,Down
ELAVL4,-2.559742888191419,0.0007398227670071217,0.002570828697541528,2.589926860809884,Down
ELF1,1.9091755974760432,2.418612995919147e-07,9.785183663007825e-06,5.009431018439066,Up
ELF2,0.278040599707726,0.266317336510722,0.33220416642013534,0.47859492503956963,Not Significant
ELFN1,0.9359166215879426,0.04031775463206742,0.0658177054226944,1.1816572624189259,Not Significant
ELFN2,-1.4405152492470812,0.0470589626184135,0.07524952212982501,1.1234962537014153,Not Significant
ELL,0.22731229926552743,0.08019493070289113,0.11845922751788925,0.926431103754943,Not Significant
ELMO1,-0.4646758127620316,0.06623675666602381,0.10040160798277518,0.9982593316884685,Not Significant
ELMO2,0.23553757053817392,0.16525913586312108,0.2199234524022565,0.6577284554696051,Not Significant
ELMOD1,-1.3291471221939481,0.05787195638714028,0.08969262902216171,1.0472432459919698,Not Significant
ELMOD2,0.4198203020429183,0.07469995608395105,0.11125478379505069,0.9536813059099427,Not Significant
ELMSAN1,0.4822823281606823,0.00933492748060091,0.019337869512558822,1.713591374612185,Not Significant
ELN,3.483811207850035,0.002115746881036727,0.005873252708615042,2.2311213123537224,Up
ELOF1,0.4674753667529501,0.0011749470354686401,0.0037104753715708717,2.43057044671254,Not Significant
ELOVL1,0.70081960261275,0.0065171082709541955,0.014426136831815548,1.8408499528460347,Not Significant
ELOVL2,-1.648730134350318,0.1387970288588162,0.18977215916445636,0.7217675011190986,Not Significant
ELOVL5,0.4909866583631164,0.004908546517904977,0.011507725767133986,1.9390104960378398,Not Significant
ELP2,0.061571808712191256,0.6105567113482079,0.6688504034495266,0.17467100662887416,Not Significant
ELP3,0.02475337598720273,0.829995878499615,0.8636895444690756,0.0636423377912451,Not Significant
ELP4,0.31213587404765875,0.1687898115013287,0.22397109603060925,0.6498080247210261,Not Significant
ELP5,0.3135220515805699,0.08480747086043174,0.12421495513928311,0.905826113149254,Not Significant
ELP6,0.3366690786131379,0.0832443433562914,0.12219197362250904,0.9129573204922949,Not Significant
EMB,0.03567753086058545,0.9259541291316212,0.9434884260419515,0.02526342304218146,Not Significant
EMC1,-0.0147746959152677,0.9257836754841289,0.9434845469728997,0.025265208609127243,Not Significant
EMC10,1.1468598671091499,0.00019452021042205313,0.0009394039308685346,3.027147626874782,Up
EMC2,-0.1397792128752613,0.3527761009646565,0.4208747561721873,0.3758471222061223,Not Significant
EMC3,-0.19599301373889233,0.27493092753747783,0.3410484132511454,0.46718396671009393,Not Significant
EMC4,0.11095700158621113,0.5546808516806295,0.6168291091545052,0.2098351394206647,Not Significant
EMC6,0.7400253008524871,0.0025583425260831474,0.006854452821213199,2.164027208447412,Not Significant
EMC7,0.11702044391711297,0.405033327091848,0.4726952892867559,0.3254187256999669,Not Significant
EMC8,1.0974444330493132,1.4921493009079445e-08,1.75024528726909e-06,5.756901083060838,Up
EMC9,0.2629655427917932,0.2994773463073054,0.3666222854174012,0.43578113964755344,Not Significant
EMCN,-0.31664160255964546,0.4811106997533223,0.5472797187573362,0.26179064576390504,Not Significant
EMD,0.276152743302454,0.09898191129599256,0.1420028160632055,0.8477030430212811,Not Significant
EMG1,1.0995653329721797,3.123545988961238e-08,2.666661211253857e-06,5.574032156199507,Up
EMILIN1,2.314713142710037,0.00013334799847814426,0.0007040606586314599,3.15238992242882,Up
EMILIN2,1.3296386281484143,0.0612920584622047,0.09412442026650154,1.0262976857005097,Not Significant
EMILIN3,-0.9611534226161957,0.5170898399598934,0.5814446978185027,0.23549158544867882,Not Significant
EML1,0.048862407153681175,0.836570002772872,0.8688180030662994,0.061071188501839256,Not Significant
EML2,-1.8110449271303235,0.0008554265486806323,0.0028821294486316693,2.5402865170807067,Down
EML3,1.7511697087895328,1.7102731822481865e-06,3.4658872530726516e-05,4.46018556919418,Up
EML4,1.4890538157386963,1.6791815437468233e-05,0.00016281111522334455,3.788315948860951,Up
EML6,-0.9613003657793691,0.010372696090280291,0.02105047147733353,1.6767381726211288,Not Significant
EMP3,0.5715371879566433,0.47442205587075137,0.5404191381383219,0.26726927948588025,Not Significant
ENAH,1.4649089572821445,0.0005494318646168369,0.0020492323599222563,2.6884087946926774,Up
ENC1,-3.7495399872112856,4.247035068674213e-05,0.0003122965786994454,3.505432773567082,Down
ENDOD1,-0.5019552144527424,0.004062780236417607,0.009912887787175263,2.0037998099607264,Not Significant
ENDOG,0.018010427375919846,0.9182196438425383,0.9367235131209853,0.02838857821070973,Not Significant
ENG,0.7088683459045875,0.07079162631631622,0.10637751245682721,0.9731501694854947,Not Significant
ENGASE,0.5382095391255071,0.013495268204856026,0.026144486903022998,1.5826198769696247,Not Significant
ENKD1,1.351201402976967,5.538061837626813e-07,1.5832013547270842e-05,4.800463847180737,Up
ENO1,0.3466276983578318,0.13165810215743087,0.18141481618574185,0.7413272469068699,Not Significant
ENO2,-1.9459464371925748,0.0006909314263010824,0.00244054810257963,2.612512628089811,Down
ENO3,1.7810454791614827,0.00015879422268494681,0.0008038658288081177,3.094816432185413,Up
ENOPH1,-0.15098094334172885,0.5323634438212275,0.5952307805832459,0.2253146186385746,Not Significant
ENOSF1,0.4615916751148035,0.43942157188134373,0.5057389369510632,0.2960736086533643,Not Significant
ENPEP,1.3127163334100587,0.047857221802448786,0.0762838057654856,1.1175676483250379,Not Significant
ENPP1,0.6855064307375525,0.15498038907345082,0.2080864240338456,0.6817562530873418,Not Significant
ENPP2,-2.05393557106704,0.005518787592067694,0.01261830826202677,1.898998867097898,Down
ENPP4,-0.6866239245630048,0.33085135020042433,0.39901789799103016,0.39900762355032043,Not Significant
ENPP5,-2.180582990568217,0.06326110540933773,0.09664057581620772,1.0148404910464472,Not Significant
ENPP6,-1.7468253934078497,0.10012963915123343,0.1433431838581108,0.8436229534547837,Not Significant
ENSA,-0.8844972657066528,2.2076807014903908e-05,0.0001980425234800908,3.703241548476201,Not Significant
ENTPD1,1.76162046637433,2.933102146224293e-06,5.070333625934521e-05,4.294963463322411,Up
ENTPD2,-2.9095081686743196,0.0006887689983404252,0.0024367597599004053,2.613187285789673,Down
ENTPD3,-4.858037276590755,8.8351975716789e-06,0.00010508356592336864,3.9784651982140473,Down
ENTPD5,0.15629269316121608,0.22076802784779437,0.2825398842400875,0.5489202371091528,Not Significant
ENTPD6,-0.8547219742716194,6.440712727121683e-06,8.481534642225337e-05,4.071525559730346,Not Significant
ENY2,0.15768251525325994,0.3477322787099605,0.41608920010976863,0.3808135564819928,Not Significant
EOGT,0.037512643517251476,0.9028288825677022,0.9235477419767498,0.034540649177574594,Not Significant
EP300,0.08803448661819857,0.6341006822625765,0.6897667933390774,0.16129771721237085,Not Significant
EP400,0.17262166021323821,0.491647556613983,0.5568136577098668,0.2542901207479155,Not Significant
EPB41,0.4360757851403356,0.11842509286309051,0.16539780750073116,0.7814702517160301,Not Significant
EPB41L1,-3.4170168058275365,7.894320927321612e-07,2.0235976850340436e-05,4.693875826089679,Down
EPB41L2,0.083821975077079,0.7234390626383189,0.7701495421133282,0.11342493845230411,Not Significant
EPB41L3,-1.2365995641874505,0.002482065530255796,0.006701029235741875,2.1738584872881304,Down
EPB41L4A,0.8574892295316996,0.00339182099855002,0.008568005200449574,2.067120278576076,Not Significant
EPB41L4B,-2.7524549390881905,9.279824962148471e-05,0.0005435171899342076,3.2647867158361725,Down
EPB41L5,-0.3109177722766283,0.07224964763852444,0.10821334378687114,0.9657191830770258,Not Significant
EPB42,1.1660901118391802,0.011819033367020027,0.02344362916057244,1.6299751570562802,Up
EPC1,1.1337491295406998,1.8660470368750276e-06,3.608168493182155e-05,4.442713190101644,Up
EPC2,0.2076535114828424,0.10273651546202214,0.14624384015323033,0.8349224175110852,Not Significant
EPDR1,-1.6050158634193892,5.8240428504533924e-05,0.00039245088746132093,3.4062146844960357,Down
EPG5,0.05892902708098191,0.6377874981966987,0.692954190771521,0.15929547441088449,Not Significant
EPHA2,0.056713458096544045,0.8872724665698067,0.9110035620102869,0.040479924938760514,Not Significant
EPHA3,-0.797573181529712,0.18909369463200412,0.24722933619899162,0.606899997202088,Not Significant
EPHA4,-1.4877553533785495,0.004524135596161001,0.010774501653835917,1.9676028078488306,Down
EPHA5,-2.3527807625389325,0.005568803769928147,0.01270812273990503,1.895918599242589,Down
EPHA7,-1.72974484542266,0.010787821614835297,0.0217657750746747,1.6622258630960203,Down
EPHB1,1.368521400632897,0.004170129995991872,0.01008883035053365,1.996159180814999,Up
EPHB2,0.3997956348284166,0.4454496965618671,0.5114497655760485,0.2911970161150565,Not Significant
EPHB3,0.5551282820972059,0.03977790042588833,0.06505236507961024,1.1867369093660058,Not Significant
EPHB4,1.892928146785973,7.742963946150646e-05,0.00047649736587368117,3.321939495843466,Up
EPHB6,-5.192544136810156,0.00016840818070172644,0.0008411224652400556,3.075140767453071,Down
EPHX1,-0.43880096817084535,0.06410669247010918,0.0976810705208161,1.010189589452859,Not Significant
EPHX2,-1.29234709607797,0.1496506119411513,0.2020969873995642,0.6944401603367348,Not Significant
EPHX4,-3.9096188458326164,6.4717705774064216e-06,8.511307675821447e-05,4.070003709860906,Down
EPM2A,0.007363489509518928,0.9771896260551125,0.9831411861406205,0.00738410988012602,Not Significant
EPM2AIP1,-0.43427058541053043,0.13877302912614597,0.18977190182926973,0.721768090032287,Not Significant
EPN1,-0.8908039640663734,0.004026024654765521,0.009837053691998025,2.007134958165224,Not Significant
EPN2,0.29015312256046144,0.15598574053083986,0.20910184299503404,0.6796421393533175,Not Significant
EPN3,-4.869373815045769,8.904309337050857e-06,0.00010528405195005909,3.9776374092004025,Down
EPPK1,0.2439659312587903,0.6749263684606067,0.7262559534150985,0.1389102944987166,Not Significant
EPRS,-0.01250528429685005,0.9415335446533281,0.955187203306911,0.019911504441697637,Not Significant
EPS15,-1.4123870508176424,8.144093139230729e-06,9.944678095104286e-05,4.002409270235125,Down
EPS15L1,0.0421855843572736,0.8394627498724898,0.8712907214316363,0.05983691083967286,Not Significant
EPS8,1.0141203404666541,0.030726569484311295,0.05204093157110826,1.2836549378489084,Not Significant
EPS8L2,-0.7048168270982273,0.1551842044195662,0.208249057589278,0.6814169552738871,Not Significant
EPSTI1,1.4351458667409833,0.007087056963297137,0.01541343088261126,1.812100680714258,Up
ERAL1,0.06954650327775624,0.545449984945312,0.6076371943314247,0.216355650216587,Not Significant
ERAP1,1.1471050718274078,1.8144390092798594e-06,3.555861868770252e-05,4.449055118004417,Up
ERAP2,2.381463378846158,0.0003422728635137636,0.0014289501976948423,2.844982907138505,Up
ERBB2,0.2577065925802735,0.38895675510572497,0.45743058030995487,0.33967480515137344,Not Significant
ERBB3,0.5733482848123224,0.37808377470074306,0.44600766196580544,0.35065768047869295,Not Significant
ERBB4,-1.4223937476595019,0.07326826755563322,0.10949481195007402,0.9606064579456225,Not Significant
ERC1,-0.15689840943559474,0.27308933686187603,0.3393489551679461,0.4693534836332455,Not Significant
ERC2,-2.331655632158064,0.0003124884435452334,0.001336734004362922,2.873955004054613,Down
ERCC1,0.6467744019632278,0.001802914764466481,0.0052041728759986625,2.2836482851609428,Not Significant
ERCC2,0.22882271074595906,0.16280941408947777,0.2170935853788748,0.6633530087690498,Not Significant
ERCC3,0.3230917604738046,0.018883611119531536,0.03464459996688412,1.4603644489987155,Not Significant
ERCC4,0.556605980713309,2.7590369449942758e-05,0.00023282416441438927,3.632971947015245,Not Significant
ERCC6,0.2779724771245071,0.11355936513844524,0.15962007037877735,0.7969125020408468,Not Significant
ERCC8,0.5992843553966658,0.001289244093668583,0.00397790045930086,2.4003460886115926,Not Significant
ERF,1.673159034017111,6.753906291431169e-05,0.00043062564544226324,3.3659001098065207,Up
ERG,0.11906455924518156,0.7275146072664928,0.7735073513037095,0.11153555447209314,Not Significant
ERGIC1,0.9716918525210119,1.993295391310561e-05,0.0001834745461576638,3.736424177897123,Not Significant
ERGIC2,0.008041601147265709,0.9620070849994645,0.971165384736407,0.012706805558232274,Not Significant
ERGIC3,1.254045697116453,8.58621328050009e-07,2.1313889295788966e-05,4.671337294275507,Up
ERH,0.7120181592230246,0.006155681305439809,0.013759115480585898,1.8614094842871283,Not Significant
ERI1,1.4012836124273367,0.0018305590688077267,0.005264359708583796,2.2786544434602574,Up
ERI3,-0.3252199184130724,0.022098807047713075,0.039458238603094914,1.403862305349157,Not Significant
ERICH1,0.13225595405074486,0.4768463477356225,0.5428579621526343,0.26531378794831584,Not Significant
ERICH3,-4.187838351034758,1.718306859674425e-05,0.0001656480698981833,3.7808136200745173,Down
ERLEC1,-0.6739763617574361,0.012639406336131427,0.0248060353458383,1.6054426418146233,Not Significant
ERLIN1,0.6903726258893723,0.004968873141781505,0.011597874891173976,1.9356215803925831,Not Significant
ERLIN2,1.0356974445483509,9.719535455489499e-07,2.3202511890663794e-05,4.634464996091765,Up
ERMAP,0.7576046612882763,0.022525922143090658,0.0400575709919674,1.397315388960766,Not Significant
ERMN,-4.267369988020249,0.003938763127646795,0.009649586514570478,2.015491295805194,Down
ERMP1,-0.6340502775156658,0.0020534345134051264,0.005733453239479835,2.2415837251318975,Not Significant
ERP29,0.573849095425274,0.10019165586765276,0.14335622883547708,0.8435834321900736,Not Significant
ERP44,0.0017527833572295037,0.985316488144201,0.9898362885485322,0.004436628492642049,Not Significant
ERRFI1,-0.4650502253399793,0.120123564806266,0.16744496912388596,0.7761278962851025,Not Significant
ESAM,0.5048605281151914,0.12688774353778326,0.17561026630026494,0.7554500985254419,Not Significant
ESD,-0.2106807587381745,0.3552634995878794,0.4234912430302091,0.3731555656000476,Not Significant
ESF1,0.39356116479295267,0.011283189751473577,0.022584314237302765,1.6461930920619356,Not Significant
ESM1,5.456574479115741,0.0016427091500606308,0.004819059981861035,2.317037668089922,Up
ESRRA,0.2084106239117851,0.24864439465936347,0.31306632068471785,0.5043636507718331,Not Significant
ESYT1,-0.22107400688404155,0.1371272424460766,0.18784604846366273,0.7261979363390926,Not Significant
ESYT2,-0.35923227473604413,0.15094460850614513,0.20363037278333287,0.6911574436809999,Not Significant
ETF1,0.16568352242918039,0.310436414275794,0.3782000770848166,0.4222783869729804,Not Significant
ETFA,0.45623957612114907,0.0042830111247170195,0.010301260800943282,1.9871096174907088,Not Significant
ETFB,-0.12231924031071273,0.4190603514535873,0.4861923476538378,0.313191880946952,Not Significant
ETFDH,-0.06292867605720787,0.7982194268154463,0.8358777065265082,0.07785725756787756,Not Significant
ETHE1,1.0738885949316597,1.4639272825731426e-07,7.2292173748244314e-06,5.1409087162867255,Up
ETNK1,-0.5383095709911778,0.005037358907288417,0.011717006149162667,1.931183342157091,Not Significant
ETNK2,0.05350900401978187,0.9209454206227199,0.9392188871586638,0.02723318259314809,Not Significant
ETNPPL,-2.860607415581029,0.08778218024627588,0.1279950331163675,0.8928068829459328,Not Significant
ETS1,1.3905434531217225,0.007737077491043717,0.016608420763855616,1.7796716611157213,Up
ETV1,2.641527060963746,0.0011408668360489715,0.003630161878192464,2.4400740082315973,Up
ETV6,0.8970798457345701,0.011998650227200796,0.023747426795446135,1.6243834424215355,Not Significant
EVA1B,1.63882667506269,0.0004896804241769236,0.001884998316071199,2.7246890334270546,Up
EVA1C,-0.6281098975251282,0.2111506841026394,0.2719769839726364,0.5654678465415786,Not Significant
EVI2A,0.7266889949744133,0.1567231505269198,0.20997859002635855,0.6778249848252728,Not Significant
EVI2B,2.467317888572719,3.611027381348129e-06,5.7377744226657816e-05,4.2412565297946605,Up
EVI5,-0.006505509282963118,0.9585355803732524,0.9682429997673864,0.014015634205949918,Not Significant
EVI5L,-0.6231436905376384,0.003905291876917513,0.009581566090615447,2.0185635004282205,Not Significant
EVL,-0.37866812028299535,0.06379293454209202,0.09731223842777634,1.0118325374560875,Not Significant
EWSR1,0.5285999107241217,0.0013173537604575865,0.00404851183125373,2.392704587216331,Not Significant
EXD2,-0.17992079277522777,0.39242378099520125,0.4605938680817496,0.3366818481259915,Not Significant
EXOC1,0.5025480131690117,0.004769645837853879,0.011234372731012385,1.9494511713147313,Not Significant
EXOC2,0.02054792356977231,0.8145834591948858,0.8503744837232414,0.07038977969883518,Not Significant
EXOC3,-0.2226750919218965,0.26909503631708115,0.3352539445780702,0.47462610356313123,Not Significant
EXOC4,0.682030440188008,0.004542192275482432,0.010807285069251302,1.9662833927747714,Not Significant
EXOC5,-0.24413810188208274,0.06000741825613201,0.09246172094100244,1.0340380275297176,Not Significant
EXOC6,-1.1026764688362434,1.4839618398233034e-06,3.156752118449547e-05,4.5007595194115915,Down
EXOC6B,-0.7959906223735089,0.0033130601893957977,0.008387978976620575,2.076342666708019,Not Significant
EXOC7,0.2453175122632878,0.051677541391902476,0.08137376197441608,1.0895156057573256,Not Significant
EXOC8,-0.600119527283713,0.007972261861653646,0.0170237984688276,1.7689435306206054,Not Significant
EXOG,0.4989170669064471,0.0701694612177089,0.10567904803516212,0.9760111075333681,Not Significant
EXOSC1,0.46674974966294513,0.01615274368216678,0.03031912425081948,1.5182833471867327,Not Significant
EXOSC10,0.5584173712108402,0.0046603907390255364,0.01103520438239906,1.9572196188841906,Not Significant
EXOSC2,0.6597872362496489,0.0003622198097294912,0.00149060554052896,2.826637268845281,Not Significant
EXOSC3,0.5603264176195388,0.0005693510530191292,0.0021086920985715837,2.6759868292948594,Not Significant
EXOSC4,1.2510250954798572,0.0002865351820819127,0.0012537056939083485,2.9018044017131968,Up
EXOSC5,0.5094602955400056,0.048586245907664194,0.0773357309644192,1.1116198052364081,Not Significant
EXOSC6,-1.1713752719048323,1.339731187529722e-07,6.714652727947473e-06,5.1729764434920815,Down
EXOSC7,0.677195110433658,0.003165558753581686,0.008090726140427027,2.092012498829206,Not Significant
EXOSC8,1.2578582911060359,2.8042777551670847e-05,0.00023581213777590327,3.627433844561411,Up
EXOSC9,0.46955409988347085,0.08554260695440498,0.12520067157615514,0.9023933415645978,Not Significant
EXT2,0.3297252530038115,0.048147677583710295,0.07671037545125692,1.1151458916379147,Not Significant
EXTL2,-0.27249471920204016,0.26759437278971065,0.33363189498558726,0.4767324377881728,Not Significant
EXTL3,-0.625451997965996,0.028593621529503076,0.04894683828176958,1.3102753561821519,Not Significant
EYA3,0.28247267050921465,0.0381687068430725,0.06283000878957984,1.2018328795285975,Not Significant
EYA4,-1.5057386984594707,0.3486067051928051,0.41693742705833065,0.37992911798155715,Not Significant
EZH1,-0.5860881021336368,0.0031229153708671425,0.008007189983740289,2.0965198670203407,Not Significant
EZH2,3.5674821874822236,9.45066408763419e-07,2.2614249410647704e-05,4.6456178223431595,Up
EZR,1.1578521467851601,0.011439904862903805,0.022829952771175305,1.6414949869433682,Up
F10,-1.1262726074359612,0.02504893105955473,0.04381714386073179,1.358355934533178,Down
F11,-0.07057896105448691,0.9276332534596661,0.9445095406663307,0.024793650830750965,Not Significant
F11R,0.10624246904205847,0.7771335974294297,0.8167807887849843,0.08789448568950002,Not Significant
F12,0.011205717321708164,0.9876220334628557,0.9919545727921045,0.003508216190031724,Not Significant
F13A1,2.1999763450986585,0.05060723301578703,0.08000494010610512,1.0968831955757856,Not Significant
F13B,5.72939239511458,0.024543194679120438,0.04304459317504514,1.3660813924498616,Up
F2,-0.0620288259976185,0.9240637637337273,0.9420176437819844,0.02594096289141573,Not Significant
F2R,4.735858527953299,1.3571454394450923e-09,4.4850932291605275e-07,6.348228525086075,Up
F3,-1.6815013832002812,0.0383614842974372,0.06308416467717635,1.2000796432345073,Not Significant
F5,0.8872580098884679,0.47553435131139987,0.5416091639469804,0.2663139960623201,Not Significant
F7,-1.33950396426828,0.01244334519746791,0.024497607879478547,1.6108763211645658,Down
F8A2,-0.9784038214475758,0.34659350708733416,0.4151703912482526,0.38177362668180337,Not Significant
F9,0.0,1.0,1.0,-0.0,Not Significant
FA2H,-1.8742215921218488,0.07895291423052225,0.11691484021141867,0.9321303595578094,Not Significant
FAAH,-1.6118843443360795,0.0008435117693984445,0.0028534377316722396,2.5446316002785796,Down
FABP3,-3.2297977352769394,4.129103706484635e-07,1.3039683617280944e-05,4.884732945792439,Down
FABP4,3.53307606809774,0.012718131215284005,0.02493830477725284,1.603133071743892,Up
FABP5,-2.019998216121367,0.01020020905545622,0.020771733099001793,1.6825272663954598,Down
FABP6,-3.6136859228630076,0.006644117712463534,0.014639729185336318,1.834466957048248,Down
FABP7,-0.23450931627449023,0.756402383722111,0.7999157688029127,0.09695574184559426,Not Significant
FADD,1.243305545538707,0.0015084717375913458,0.004501286814127731,2.3466633136946045,Up
FADS1,0.8573660051382106,0.0013749859849773753,0.004171464046862489,2.379711495174134,Not Significant
FADS2,2.0647423288998077,0.0012308430050906047,0.0038436182372234198,2.4152597546405397,Up
FADS3,0.42256673971931846,0.23010850776735306,0.29306107550547594,0.5330418609057377,Not Significant
FAF1,-0.1298517614888759,0.25588300165089917,0.3211368330174608,0.49330987986220465,Not Significant
FAF2,0.2169038616231056,0.06621271780500373,0.10038142857415766,0.9983466279659873,Not Significant
FAH,1.0200911334887497,0.004210158443863071,0.010158835009215945,1.9931560930440666,Up
FAHD1,0.10085417550413212,0.6649725691431446,0.717230584748184,0.14434119916541135,Not Significant
FAHD2A,0.018818465469802703,0.8938531694412275,0.9162267835725403,0.03799701687368457,Not Significant
FAHD2B,-3.1498103294816797,0.0014610167426409046,0.004388277479238066,2.357705918952411,Down
FAIM,0.5183827272602066,0.11150972235083582,0.15717138046781762,0.8036265323199352,Not Significant
FAIM2,-3.6314222430824046,0.0002435439904194192,0.0011156022757941079,2.952490608457785,Down
FAM102A,-0.04787298735869072,0.8682905342056094,0.895033136353966,0.04816088572399819,Not Significant
FAM102B,-1.3331601526553634,2.2724998261510057e-05,0.00020295357489933717,3.6926032944556795,Down
FAM107A,-2.968702380546393,0.0011589037627442308,0.003674786435595021,2.434767895365553,Down
FAM107B,0.019167227516955876,0.955880552997002,0.9662392826501905,0.014915310162049344,Not Significant
FAM110B,0.8485921027044832,0.03222116988511627,0.05423964496595985,1.2656831618738316,Not Significant
FAM110C,-3.4911331902776297,0.0025124754147933135,0.006763943700862598,2.1698000158741872,Down
FAM111A,2.8218203379246916,1.1642787815773982e-05,0.00012584704340784023,3.9001569831092087,Up
FAM114A1,1.3760515871711565,0.022271220942448152,0.039707029033783245,1.4011326065775982,Up
FAM114A2,0.72812530612023,0.0006987377024083706,0.0024621350100627435,2.608688136409725,Not Significant
FAM117B,-0.7282345795703229,1.7005605783632217e-08,1.862113833307728e-06,5.7299937735876005,Not Significant
FAM118A,0.31703735126317056,0.6199475152031707,0.6771496550099471,0.16931533846054547,Not Significant
FAM118B,0.195459825011433,0.16083931637273688,0.21489327229959568,0.667777180827299,Not Significant
FAM120A,0.3745749708870605,7.413692213312311e-05,0.0004612684786785757,3.336046222399519,Not Significant
FAM120B,0.18370334355034146,0.4824335219634074,0.5484129203632776,0.2608923219781195,Not Significant
FAM120C,1.0065922023136977,0.0012535321784640139,0.003898759853611138,2.4090735146102955,Up
FAM122A,0.20054319584574287,0.040844470801883886,0.06655891278844682,1.1767937806751831,Not Significant
FAM122B,-0.7440047822967486,0.018846528616264516,0.034589165472809026,1.4610599160118356,Not Significant
FAM124A,-0.948080851482791,0.07145057893896373,0.10727170376022663,0.9695148215702941,Not Significant
FAM126A,1.1036531591636312,0.07759156172258692,0.11508501071751187,0.9389812375047598,Not Significant
FAM126B,-1.3782567199472915,3.0601772412590286e-07,1.1049543200158945e-05,4.956655675802489,Down
FAM129A,2.7374457610073453,0.003824208003920798,0.00941933286833695,2.0259798553663537,Up
FAM129B,1.7732263443492187,0.013218593154535933,0.025687520725076195,1.590277810384426,Up
FAM131B,-1.8654601418203036,0.0004186456762732492,0.0016682897716680035,2.7777285128670846,Down
FAM135A,0.3658282599804288,0.04832323123380149,0.07692946135449281,1.113907308399253,Not Significant
FAM136A,0.18516464501772845,0.27213299200298807,0.33832750357128244,0.47066269578659586,Not Significant
FAM13A,-0.08327182600769234,0.6861335171561339,0.7367415318515128,0.1326848472544818,Not Significant
FAM13C,-0.7848467791074114,0.06988150430721018,0.10527684677595864,0.9776671314078318,Not Significant
FAM151B,-0.12281815863479473,0.5660541938966351,0.6272610218143991,0.20255169881188612,Not Significant
FAM160A2,-0.06978469006298837,0.8135477853937901,0.8494620031105959,0.07085604258476515,Not Significant
FAM160B1,-0.5179371644718742,0.009145647900006314,0.01899263181708176,1.7214148507216205,Not Significant
FAM160B2,0.49033362259409685,0.017255253730039853,0.03204819802293907,1.4941963845755852,Not Significant
FAM162A,-0.8421744749820803,0.056353171354944616,0.08771660201324352,1.0569182004724111,Not Significant
FAM162B,-3.4816548516787105,2.463983918906635e-05,0.00021416888696346368,3.6692436203459855,Down
FAM163B,-4.714395219413195,0.00016542982145386473,0.000829124388719519,3.0813803098815216,Down
FAM167A,-0.03581995825819817,0.9579329727497082,0.967863209817279,0.014186018124882672,Not Significant
FAM168A,-0.38553776845620646,0.013663545145766929,0.026409546008913282,1.5782390644317912,Not Significant
FAM168B,-0.7721165572654627,0.00012037278554795136,0.0006533596129364558,3.184847714704376,Not Significant
FAM169A,-1.3987979661815437,3.41758297599708e-05,0.00027002926196231043,3.568589170581151,Down
FAM171A1,-1.1512955101761975,0.03261184817822423,0.05478268443345521,1.261356690481613,Not Significant
FAM171A2,-1.0138897929295965,0.014883847549625972,0.028291714657855772,1.5483407307374633,Down
FAM171B,-1.2988645119873325,2.929811578971506e-06,5.070333625934521e-05,4.294963463322411,Down
FAM172A,0.14126021051680837,0.15251238135790074,0.2053749137547777,0.6874526059346396,Not Significant
FAM174A,-0.7206715039431231,0.0030328492040774804,0.00782806120468269,2.106345787414644,Not Significant
FAM177A1,0.14274028379011838,0.44852525110320046,0.5145704794002552,0.288555132624935,Not Significant
FAM181B,1.9490381383563644,1.770677838903898e-05,0.00016956091776728014,3.770674241430387,Up
FAM184B,-0.38299071453887024,0.5175838219204261,0.5819352033511577,0.23512536997842087,Not Significant
FAM185A,-0.23849540187458373,0.20374487886791917,0.2637530081875376,0.5788025783983347,Not Significant
FAM189A2,1.0814525177008711,0.1418485530592141,0.19326241865276209,0.7138525896265556,Not Significant
FAM192A,0.013587379388372511,0.891413444743738,0.9142841623242126,0.038918803227591295,Not Significant
FAM193A,0.2955656650713827,0.11560154591685728,0.1621286333797049,0.7901402780531219,Not Significant
FAM193B,0.2972520784885191,0.250209366109196,0.31484001426230834,0.5019100766021932,Not Significant
FAM198B,0.040004924375100614,0.9332939360418425,0.9484974611323777,0.022963827261005897,Not Significant
FAM19A1,-4.060438280582604,0.0012890918338675991,0.00397790045930086,2.4003460886115926,Down
FAM19A2,-2.956107014813993,1.4941542059275533e-08,1.75024528726909e-06,5.756901083060838,Down
FAM19A5,-1.4385138665042732,0.03498328288256777,0.058222632043447506,1.2349081655047724,Not Significant
FAM206A,0.07670707860318515,0.6135472833505848,0.6713964080462516,0.17302098654625042,Not Significant
FAM207A,0.12410313169614184,0.46968093702889513,0.5357904834819488,0.271005004441846,Not Significant
FAM208A,0.2909686278942907,0.11109331189659688,0.15670036741057364,0.8049299852531862,Not Significant
FAM208B,0.8545424854622006,0.00013075968455361438,0.0006951309035319849,3.157933403570533,Not Significant
FAM20B,-1.1432550578442289,1.7349004625639995e-06,3.475745932506465e-05,4.4589519767985015,Down
FAM20C,0.9220423375785245,0.05238029268432537,0.08237263011269025,1.084217067011431,Not Significant
FAM210A,-0.009903533345251958,0.9660713021710133,0.9742919509531274,0.01131088532976949,Not Significant
FAM210B,-0.1205652279862548,0.4367243569544112,0.5029794411751158,0.29844976597125544,Not Significant
FAM213A,-0.6214310154462872,0.047379380174510995,0.07566580150254022,1.1211003632290173,Not Significant
FAM213B,-1.0476331495726008,0.0015754581740177957,0.004662504596079693,2.3313807270757887,Down
FAM219A,-0.9571876720088142,6.217289623181392e-05,0.00040829840719641024,3.3890223142899814,Not Significant
FAM219B,0.023911746247783583,0.8966513858512778,0.9183980639013405,0.036969040492541745,Not Significant
FAM221A,-1.223976902657423,0.10564819631308127,0.1498169946027563,0.8244389193230149,Not Significant
FAM229B,-0.1893647741088813,0.5337485648803019,0.5965146486137299,0.22437888689054414,Not Significant
FAM32A,0.22908223389853077,0.16066031279300577,0.21471106275892018,0.6681455784264514,Not Significant
FAM3A,0.1330963820742248,0.46043357498872606,0.5266130602221192,0.2785083744132692,Not Significant
FAM3C,-0.9604666429685977,0.0022685341423082134,0.00622194744067872,2.206073661873991,Not Significant
FAM45A,-0.4068126986075562,0.026450368218714146,0.04584669811344224,1.338691936825995,Not Significant
FAM49A,-2.287880036127376,0.0005572377917669811,0.0020699164875592063,2.684047176148806,Down
FAM49B,-0.5153163587747933,0.06728874200702294,0.1017207063293441,0.9925906328271238,Not Significant
FAM50A,0.5223538494137756,0.007569041136380131,0.016296328362447838,1.7879102331142722,Not Significant
FAM50B,-3.054658634928618,5.4104730360725365e-05,0.0003700278707766106,3.4317655633150834,Down
FAM53B,0.17739325376237147,0.5517706015012628,0.6137282808351243,0.21202386379827565,Not Significant
FAM53C,-0.040758996061040165,0.46806966550816287,0.5341338706761705,0.272349881530289,Not Significant
FAM57A,1.4521174547464657,0.0007369215386314258,0.002563448750059732,2.5911753608015995,Up
FAM69A,-0.3580669801132217,0.300174225656665,0.367299864119986,0.43497923231888047,Not Significant
FAM76A,-0.024795882984431472,0.8642217597131128,0.8917515115589366,0.04975614584029648,Not Significant
FAM76B,0.8510376769856727,0.00044531608060726193,0.0017521690992702698,2.7564239830217514,Not Significant
FAM81A,-4.562545065229784,7.065900102794735e-08,4.745458509036944e-06,5.3237218194170035,Down
FAM84A,-1.92149138595709,0.00015166878798678448,0.0007783552573504161,3.1088221368253994,Down
FAM84B,2.45100183038584,3.2082961992343873e-06,5.313330318408328e-05,4.274633184089744,Up
FAM89A,0.9702034706569815,0.008947770567854896,0.018643193526488154,1.7294796921893252,Not Significant
FAM89B,0.1638969075329193,0.5245611755383626,0.5884009890183125,0.23032660595668522,Not Significant
FAM8A1,-0.47928077561168436,0.0035933828906903735,0.00896254994820867,2.047568410998234,Not Significant
FAM91A1,0.7333395340699127,0.009244836203966501,0.019178846770749287,1.7171775106250793,Not Significant
FAM98A,-0.6105936929833433,0.0005341532697098399,0.0020093577442333557,2.6969427349715036,Not Significant
FAM98B,-0.6873017351869919,0.004982020213977895,0.011623175459845602,1.9346752061722086,Not Significant
FAM98C,-0.6233330793516227,0.02170473475742268,0.038920166953769327,1.4098253054297587,Not Significant
FANCD2,2.0681848239716096,0.0018361395177608813,0.005275889760959247,2.2777042875584375,Up
FANCI,1.2664831814228155,0.028150163234652522,0.04829440470468146,1.3161031828435994,Up
FAP,1.5312737317272642,0.024907023095835007,0.043621931618122715,1.3602951073836793,Up
FAR1,-0.36773494147334773,0.10288184164655975,0.14643001875493686,0.8343698819988415,Not Significant
FAR2,-2.3122843500275696,7.232539648103448e-06,9.198956673032664e-05,4.03626142665871,Down
FARP1,-0.46353909419843475,0.29191692289273363,0.35857565928733415,0.4454191944056766,Not Significant
FARP2,0.30943715818606776,0.20243214150255454,0.2622221156611463,0.5813306829565361,Not Significant
FARS2,0.32038639637141486,0.004198133329988664,0.010136773010461692,1.9941002784149477,Not Significant
FARSA,-0.13897386761044572,0.3662465542662776,0.4341178712411437,0.362392335281651,Not Significant
FARSB,-0.11456320735280556,0.5592258945909114,0.6207869600119936,0.207057414260039,Not Significant
FAS,-0.07067883845405731,0.8958058759999717,0.9177523726350792,0.03727448405525807,Not Significant
FASN,-1.4471485561529853,3.267562512149094e-05,0.0002614569082397933,3.582599878711795,Down
FASTKD1,-0.33672181793962963,0.08825100971192991,0.1286041764556606,0.8907449273511826,Not Significant
FASTKD2,-0.3390716381702532,0.004892675796533648,0.011478531898993938,1.9401136545284412,Not Significant
FASTKD5,-0.17175432319502448,0.07577238769640532,0.11266878725514202,0.948196380318875,Not Significant
FAT1,1.4419750904549211,0.0027947720007809105,0.0073587384045653145,2.1331966355130194,Up
FAT3,-0.5959862501173099,0.049838189277493304,0.07905367954361006,1.102077911079075,Not Significant
FAU,0.9978373620323957,0.00016160168710275575,0.0008148025004370177,3.088947646922324,Not Significant
FBL,1.4362550520754702,0.00011853975847849455,0.0006465650002795083,3.189387808225664,Up
FBLIM1,1.9861836213950639,0.015302408628672968,0.028944135284500842,1.538439420592923,Up
FBLL1,-1.4210194013719786,0.00020007581680169014,0.0009588790573074341,3.018236166610694,Down
FBLN1,-0.8559553784910889,0.03864602787157563,0.06348990293187425,1.197295336907119,Not Significant
FBLN2,-1.126335412550711,0.03828122705256218,0.06297274352180134,1.2008473854588697,Not Significant
FBLN5,1.0146671481370468,0.15797079169328004,0.21139715137063006,0.6749008692156868,Not Significant
FBLN7,-2.406993263246413,0.000896477015988718,0.002984504117339836,2.5251278176311653,Down
FBN1,0.8145202333753119,0.004695712618707954,0.011104368291282612,1.9545061426907948,Not Significant
FBN2,4.870241082037587,8.255721650217629e-06,0.00010050336246132438,3.9978194081542338,Up
FBP1,3.0902427320161046,3.424936492178107e-05,0.0002703981992335599,3.5679962049845892,Up
FBP2,0.0,1.0,1.0,-0.0,Not Significant
FBXL15,-1.3283443504177175,1.3107820550437927e-07,6.635587146990537e-06,5.178120642744357,Down
FBXL16,-3.559071497062366,5.720059693048195e-09,9.446537925863527e-07,6.024727327488678,Down
FBXL17,-1.544748586604122,2.9279496196951842e-05,0.00024316706074863385,3.614095254662289,Down
FBXL18,-1.2099675740123903,7.861347692551281e-08,5.044281315589911e-06,5.297200701162885,Down
FBXL19,-1.0800345362044652,0.0021954883193107677,0.006056229279500732,2.2177976914774216,Down
FBXL2,-1.097500355811988,0.0013220697052408565,0.00405681699987706,2.391814582568315,Down
FBXL20,-0.7295915127864774,0.000818555597050493,0.002786795905605497,2.5548948362077444,Not Significant
FBXL3,-0.6749678266285883,0.00793426723954587,0.01695223927278581,1.7707729263941714,Not Significant
FBXL4,-0.012163171958786023,0.9215509164804565,0.9397412625391354,0.02699170354836653,Not Significant
FBXL7,0.954386488746584,0.004647748738358168,0.011009033809127718,1.9582507945411485,Not Significant
FBXL8,0.9144527515098311,0.08284003636296111,0.12166941628815721,0.9148185754800596,Not Significant
FBXO10,0.1678442060824672,0.46322166059672204,0.5295013058948573,0.27613296446635244,Not Significant
FBXO11,-0.40609639081792537,0.0009688283125916599,0.0031853708945980357,2.4968399924968403,Not Significant
FBXO17,-3.8869428868905214,9.823900011547011e-05,0.000565196851606651,3.2478002660267107,Down
FBXO2,-3.75739074103298,0.0008403727602433616,0.0028456857770392014,2.545813056757704,Down
FBXO21,-0.032035651288442324,0.806910008239668,0.8433251813472783,0.07400493162250651,Not Significant
FBXO22,0.012044975020046422,0.9506420285040508,0.9621024507886083,0.016778679060853275,Not Significant
FBXO28,-0.6452071681724583,0.005221156819378835,0.012060980004224347,1.9186174025495069,Not Significant
FBXO3,-0.7469718495299347,0.00023728596403803774,0.0010905195263317482,2.9623665537421275,Not Significant
FBXO30,0.5926330319444055,0.02619909761237299,0.04550512230121474,1.3419397140694422,Not Significant
FBXO31,-0.44313928271569836,0.0025698597644818423,0.006877993429168458,2.1625382434132847,Not Significant
FBXO38,0.39929085547194987,0.00020624299628682095,0.0009787672865742326,3.009320554540638,Not Significant
FBXO4,1.030263299824652,0.00047585502959320735,0.0018473077333803355,2.7334607516758456,Up
FBXO41,-3.86641025961711,2.286124337417113e-05,0.00020380899624017698,3.6907766499113563,Down
FBXO42,0.5284221840875389,0.0005618620238516771,0.0020855556478562255,2.6807782175973585,Not Significant
FBXO44,-1.6308803684539157,0.001744113542254284,0.005057628043946361,2.2960531133865367,Down
FBXO45,-1.126342511507211,0.000730540340835948,0.002547408582063462,2.593901392411926,Down
FBXO6,-0.7432616649079993,0.062173174919285625,0.09531769352258156,1.0208264751645943,Not Significant
FBXO7,0.6376800023638616,0.022021858547636233,0.03937884906792925,1.4047369812083577,Not Significant
FBXO9,-0.5512926445979751,0.003748034266038744,0.009267966911162077,2.033015525413501,Not Significant
FBXW11,-0.40129169932461295,0.0036238147466924778,0.009022815066282754,2.044657943941882,Not Significant
FBXW2,0.13678569842997135,0.336042501160846,0.4042622589795036,0.3933368015355306,Not Significant
FBXW5,-0.15516137981300915,0.26558178661844567,0.33145080753149425,0.47958091855007234,Not Significant
FBXW8,1.3641751273788962,5.302395621776986e-05,0.0003651150614749238,3.437570251464044,Up
FBXW9,0.7850685421233088,0.0002456924864368908,0.0011227017853587102,2.9497355867237425,Not Significant
FCER1G,3.652911436651147,2.752998583625874e-08,2.498532228058293e-06,5.602315044309203,Up
FCF1,0.7727830440117778,6.781022314069463e-05,0.00043153517872353617,3.3649837948438646,Not Significant
FCGBP,4.45110934178159,0.0009951630815862368,0.0032539022667639563,2.487595495542534,Up
FCGR1A,3.3273393787373724,8.381152704277849e-06,0.00010111584711723958,3.99518077540567,Up
FCGR2A,3.406469097639121,9.376812878679893e-06,0.00010939068483027538,3.9610196587983197,Up
FCGR2B,3.2752485250770604,0.000698753622569921,0.0024621350100627435,2.608688136409725,Up
FCGR3A,3.741592334443478,4.5184942321469234e-05,0.00032677179393142934,3.485755437661665,Up
FCGRT,2.704499548843227,9.267139524190919e-10,3.8898818152791377e-07,6.410063593469108,Up
FCHO1,-1.9110660690143497,2.893318841063072e-05,0.00024108597191786096,3.6178280592032523,Down
FCHO2,0.22371091338492022,0.1211449794411185,0.16858882758527804,0.7731712095382939,Not Significant
FCHSD1,-0.5318268839646834,0.1427122391309966,0.19431831164960078,0.7114862715893364,Not Significant
FCHSD2,1.0186197993206783,0.001151597968022229,0.0036573763965497908,2.4368303422234145,Up
FCN1,0.25687792053643577,0.7422662656770043,0.7870319293158763,0.104007648270655,Not Significant
FCN2,-6.057434371856629,0.04645924846512662,0.07443232650090419,1.1282384062302964,Not Significant
FCN3,-1.299459702565052,0.49756984811575644,0.56276172110903,0.24967545081884712,Not Significant
FDFT1,-0.4870239115762871,0.09206811572199561,0.13333729122820354,0.8750483718937705,Not Significant
FDPS,-0.10050206935344264,0.37718591039089344,0.44514653951240163,0.3514969984004078,Not Significant
FDX1,0.21785137388275544,0.10533811526315938,0.14941934288384506,0.8255931778622785,Not Significant
FDXR,0.37861955497353605,0.05986410929474564,0.09226913051335184,1.0349435718894253,Not Significant
FECH,-0.5373346067535074,0.0010287645499406962,0.0033345476435336463,2.4769630730643586,Not Significant
FEM1A,0.07581105640555208,0.5182766084740587,0.5825840832144239,0.23464138491016012,Not Significant
FEM1B,-0.8418597472489822,0.0004021194434640479,0.0016117852589082307,2.7926928205232207,Not Significant
FEM1C,0.14360689026281648,0.6883050746238903,0.7386795911112253,0.13154389988278933,Not Significant
FEN1,0.46117903271445115,0.32274352359091174,0.3908304191194669,0.40801164162265624,Not Significant
FER,0.09466583268250517,0.4145709515167407,0.4817056246343306,0.3172182826176999,Not Significant
FERMT1,4.312149950538474,0.00014104930981340442,0.0007385294943140521,3.1316321557859395,Up
FERMT2,0.9752256029674697,5.082585742836371e-05,0.00035366777726379304,3.451404507032894,Not Significant
FERMT3,2.7277660828523373,3.302476792827358e-07,1.1472121107221656e-05,4.940356276955175,Up
FES,0.499043560753222,0.08621213136277595,0.1259792589713671,0.8997009505630053,Not Significant
FETUB,-1.8194914153802095,0.008255769451817635,0.017494451295248393,1.757099674397585,Down
FEZ1,-0.4261956070120938,0.20964135504225273,0.27041318958971244,0.5679721292010719,Not Significant
FEZ2,-0.2167082883326792,0.16566702553183346,0.2204080315910843,0.6567725839938645,Not Significant
FGA,-1.0294843583218893,0.5894323119530973,0.6492391330215944,0.18759531086809145,Not Significant
FGB,3.244215561973011,0.1539898034137562,0.20700470771152654,0.6840197776837115,Not Significant
FGD1,0.192720932796572,0.26141165607445244,0.3271786586276598,0.4852150324534048,Not Significant
FGD2,2.0466928582173427,1.0895765509958951e-05,0.00012182457463632239,3.9142650963301726,Up
FGD3,2.1669373067193067,3.522047425887843e-05,0.0002765360846104516,3.5582481904905823,Up
FGD4,-0.3519767879800959,0.21096966474835818,0.27177856811700263,0.565784793797445,Not Significant
FGD5,-0.4910873569972143,0.11289696881118834,0.15886633102443237,0.7989681342567969,Not Significant
FGF1,-1.0201453646870036,0.022765022362082072,0.04040430501684545,1.3935723590118447,Down
FGF12,-2.2542090792819707,0.0038738045333290712,0.009518221187501723,2.021444207144394,Down
FGF2,-0.23359368485900234,0.5332496373719395,0.5960893083538525,0.22468866774369153,Not Significant
FGFBP2,4.2514768127519655,0.020454279099449618,0.03705384061281342,1.4311667709368112,Up
FGFBP3,1.408472133920288,4.118931780864666e-05,0.00030510381441493126,3.515552362764014,Up
FGFR1,0.49626701863783396,0.32214643986567587,0.3903419816221817,0.4085547374546849,Not Significant
FGFR1OP,-0.2606023146826306,0.2800888304223578,0.34646548105044606,0.4603400284002162,Not Significant
FGFR1OP2,-0.7714365608144114,0.0009009444454948176,0.002997089067050541,2.523300350563264,Not Significant
FGFR2,-0.8496691243642971,0.019283186463831058,0.035274890219109144,1.4525343291628223,Not Significant
FGFR3,-2.388043948844686,0.009807527834680611,0.02008151126149847,1.6972036068740164,Down
FGFRL1,-0.7367434859598134,0.12016613248785919,0.16745796357486423,0.776094194469997,Not Significant
FGG,2.548646632297876,0.27972966033206487,0.34614870386748825,0.4607372902384515,Not Significant
FGGY,-0.09204907359263892,0.7465586422934088,0.7908340444231126,0.10191464311804123,Not Significant
FGL2,2.5999261198333024,7.610620965836063e-05,0.00047029458501005386,3.3276300217085066,Up
FGR,0.8423264510368167,0.03022283177869499,0.051299883292093236,1.2898836229126975,Not Significant
FH,-0.6973829508807086,0.0065999201265500036,0.01456600704513952,1.8366594843265185,Not Significant
FHIT,0.31236376417060363,0.14379843893881247,0.1956016032770182,0.7086275897758799,Not Significant
FHL1,1.0524027826891178,0.001571150682258923,0.004652363851838769,2.332326327334285,Up
FHL2,-2.5847758014700783,0.0002578580373402289,0.0011568489082132724,2.9367233589515647,Down
FHL3,1.6308422108269713,0.0008095263178704878,0.0027625908286677825,2.558683434305657,Up
FHL5,-0.19003005348550417,0.6993013805938721,0.7482487634734645,0.12595399218519143,Not Significant
FHOD1,1.2344484287396789,0.00040003536962818014,0.001605633081326269,2.794353692532624,Up
FIBIN,2.55303801160586,0.00014875203268635733,0.0007678937342264817,3.114698876104177,Up
FIBP,-0.18749111833947651,0.37399976245555194,0.44185218798841686,0.35472299010143715,Not Significant
FICD,0.6421084252179678,0.011381610526062267,0.0227316305391656,1.6433694112277648,Not Significant
FIG4,-0.5828828519653229,0.020700461922036867,0.03737212426569882,1.4274522157534903,Not Significant
FILIP1L,1.2744456282970358,0.049628151502026124,0.07878253990409884,1.1035700218950748,Not Significant
FIP1L1,0.513330864001059,0.11128712367597465,0.15695176871227337,0.8042337858087796,Not Significant
FIS1,0.11502094700365362,0.6171828161587656,0.6748263739504634,0.17080795240578991,Not Significant
FITM2,-0.701137682323008,0.0003772047876990456,0.0015365794707966783,2.8134449734252134,Not Significant
FIZ1,-0.1431296249823859,0.6442701310832261,0.6986412594760408,0.15574576992418301,Not Significant
FKBP10,1.7468817921080237,0.0049382252999865565,0.011554325699704179,1.9372553944897217,Up
FKBP11,-1.5252111030755948,5.651316402963485e-05,0.00038286053425322223,3.4169593989680953,Down
FKBP14,1.0233992313423048,0.0022391856663378264,0.006156538319510715,2.210663413049201,Up
FKBP15,1.0920940555065641,3.905380941808813e-07,1.2658176348740428e-05,4.897628858199206,Up
FKBP1A,-0.1326083855329685,0.3906150983531501,0.45891664874441596,0.33826618652701357,Not Significant
FKBP1B,-2.470184957086225,2.0369404797975275e-05,0.00018654671266800265,3.729212399706646,Down
FKBP2,-0.009937316187844658,0.9383545090287408,0.9522497556115176,0.02124913012575386,Not Significant
FKBP3,-0.9086798592669787,2.0132678207220943e-05,0.0001848829537461657,3.7331031290531063,Not Significant
FKBP4,-0.6788297491896955,0.0016574174826572193,0.004842466276185855,2.3149333951039246,Not Significant
FKBP5,0.42678965208602193,0.6220605661401984,0.6789278144912869,0.1681763986718489,Not Significant
FKBP7,2.1560162151627917,0.0004360086793543057,0.001723166510716075,2.7636727543621,Up
FKBP8,-0.9911089910904032,0.00036093147245394624,0.001487126238650738,2.8276521636755034,Not Significant
FKBP9,-0.5527530876178162,0.04213348092515792,0.06825095462936821,1.1658912697470245,Not Significant
FKBPL,0.26066793675140865,0.36749458784784117,0.4353410721988655,0.36117035745122694,Not Significant
FKRP,-0.3901399554216063,0.025314835686744915,0.04419786043470854,1.3545987538158437,Not Significant
FLAD1,1.2113496342490322,9.613370033153905e-05,0.0005562612849741094,3.254721165310302,Up
FLCN,-0.22930948494409265,0.3735116983383302,0.441482676177442,0.35508633350918645,Not Significant
FLI1,1.3305053596303154,0.000302060629853329,0.0013049818361389673,2.8843955331682407,Up
FLII,0.9629439747187796,1.9312068730213802e-05,0.00018034441391752708,3.74389730520237,Not Significant
FLNA,2.7775382725021203,0.000524339065974083,0.001980574334691756,2.7032088530624594,Up
FLNB,1.0428337273161894,0.003396611192605908,0.008577954663903714,2.0666162534185215,Up
FLNC,0.1088120958696468,0.8223530434176605,0.8569757483593163,0.06703146804500798,Not Significant
FLOT1,-0.08615829558803156,0.663035084728354,0.715447241168963,0.14542238666171123,Not Significant
FLOT2,-0.5163855421117027,0.0162216715863627,0.03041450205862979,1.5169192893427517,Not Significant
FLRT1,-0.03799204944891699,0.9363864749342761,0.9507314400814247,0.021942144011461124,Not Significant
FLRT2,-2.6147947043972355,7.383975561393027e-05,0.00046031045671703807,3.336949159273033,Down
FLRT3,-1.1839845921091552,0.007181299831068353,0.015588109135570478,1.8072065622833684,Down
FLT1,-1.083661037583834,0.024470333169425217,0.04295419695918969,1.3669943958102202,Down
FLVCR1,0.2721858647496287,0.040843890312210494,0.06655891278844682,1.1767937806751831,Not Significant
FLYWCH1,-0.47997964359426604,0.027528728228120296,0.047429714829844864,1.3239494865266461,Not Significant
FLYWCH2,0.39180087311799383,0.10438853376100314,0.14817670693368262,0.8292200611693592,Not Significant
FMN2,-1.313558703603114,0.032467648480068126,0.05459507440964885,1.262846537756884,Not Significant
FMNL1,-0.8690823576010285,0.005422862036048732,0.012447006641867151,1.9049350787067285,Not Significant
FMNL2,-0.1206016011794162,0.5814920914529249,0.6422744621602733,0.19227934587219342,Not Significant
FMNL3,1.099864397830622,0.0056036218608152555,0.012763031115951364,1.8940461719626203,Up
FMO4,1.589433032982468,0.004156688049249614,0.010058725776637188,1.9974570315290843,Up
FMOD,0.16857747419047797,0.7652468549119625,0.8074889301752499,0.09286342267705489,Not Significant
FMR1,-0.6413140018162622,0.00020823180583663442,0.0009848484563372089,3.0066305914718,Not Significant
FN1,3.35747207419001,0.0006393767330253791,0.002299564872723195,2.638354334092422,Up
FN3K,-1.9152343031688996,0.0010137133950833515,0.003298497655707262,2.48168382024315,Down
FN3KRP,-0.22563642040624998,0.013453637603222213,0.026073864027483757,1.5837946036048707,Not Significant
FNBP1,-0.5083935449390289,0.08711080373659938,0.12710808760754666,0.8958268153658683,Not Significant
FNBP1L,0.886768451955291,0.0003677852657887174,0.0015083549743418994,2.8214964401266083,Not Significant
FNBP4,0.8107630058540458,0.0026354390270749944,0.0070143758939903555,2.1540109643867176,Not Significant
FNDC3A,0.6835131994929213,1.4440457588935719e-05,0.00014591090245831336,3.8359122564233044,Not Significant
FNDC3B,1.603338770347717,0.000371787459202571,0.0015206605213181892,2.8179677288621052,Up
FNIP1,-0.015158125374671982,0.9347616003478537,0.9494644446364466,0.022521293999438453,Not Significant
FNIP2,0.04882739147496906,0.8812394866669552,0.9067109170343076,0.0425311552205311,Not Significant
FNTA,0.6725075671651695,2.4101379173867588e-08,2.3260010830753635e-06,5.633390087383346,Not Significant
FNTB,1.1810351392066067,0.0007322869319928414,0.0025517324638173245,2.593164861133701,Up
FOCAD,-1.435967081872139,1.929051875963874e-05,0.00018034441391752708,3.74389730520237,Down
FOLH1,-1.7074479746901474,0.05160803033000397,0.08128506840907754,1.0899892244318679,Not Significant
FOLR1,3.389517330591552,0.03635351033411675,0.06025423874726754,1.2200123960593734,Not Significant
FOLR2,3.83382810229644,7.505326334109993e-08,4.941742319596345e-06,5.30611990403613,Up
FOSL2,0.39869483673373907,0.41408283625931763,0.48136054609697276,0.3175295088149561,Not Significant
FOXG1,-3.0539089036570317,0.027801918007241806,0.04780278580047004,1.320546793293368,Down
FOXJ2,-0.013437103940315609,0.9333388259088008,0.9484974611323777,0.022963827261005897,Not Significant
FOXJ3,-0.15291991337199562,0.3220928434116894,0.39032398707197874,0.4085747586524116,Not Significant
FOXK1,-0.6984775395809208,0.0037048069566434703,0.009186968876383412,2.036827754925264,Not Significant
FOXK2,-0.37852747625302285,0.0014620420778670511,0.004390048254078294,2.3575307060984803,Not Significant
FOXO1,0.6647832381641017,0.06397864682459467,0.09756598366802402,1.0107015725002184,Not Significant
FOXO3,-0.5569150003913315,0.02540771327820233,0.04431393759775108,1.3534596582058749,Not Significant
FOXO4,-0.6871856299362769,0.01543761989678396,0.029180337671975535,1.5349096868007865,Not Significant
FOXP1,-1.0631669371382557,0.0007347173834024705,0.0025584317042504283,2.5920261717593083,Down
FOXRED1,-0.5447255125227599,0.04934688825030672,0.07841018174031386,1.105627539528229,Not Significant
FOXRED2,-0.7013753126006499,0.020488421791821074,0.03708053368895443,1.4308540238128697,Not Significant
FPGS,0.9755033831959032,1.5486696075754493e-06,3.250270338898974e-05,4.488080515387487,Not Significant
FPGT,0.5152702106232567,0.0256793465976836,0.04468711999051038,1.34981763398438,Not Significant
FPR1,3.5475487192462136,1.7900537885752565e-05,0.0001705205710736798,3.7682232215695186,Up
FRA10AC1,-0.09626294422898951,0.6108841022216074,0.6690363922150602,0.17455025815396688,Not Significant
FREM2,0.7237834550979816,0.1718904652230086,0.22748614643412882,0.6430450460855834,Not Significant
FRG1,0.07373764955575624,0.7339600141606083,0.7791267842627996,0.10839186552962464,Not Significant
FRMD3,0.7639376329785907,0.12895828012677654,0.1779868083295173,0.7496121846686361,Not Significant
FRMD4A,-0.3303077341715621,0.1468340686807652,0.19892501450914854,0.7013106015904073,Not Significant
FRMD5,1.0158338110472123,3.560396381937629e-05,0.0002780421174545711,3.5558894127414016,Up
FRMD6,0.8426538908967149,0.002347942833285475,0.006403133758126117,2.1936074258957547,Not Significant
FRMD8,1.3919904327179786,0.0005172840418177422,0.0019583312428680705,2.7081138473731716,Up
FRMPD3,2.071989362592893,0.00011229916281571672,0.000622278199232965,3.2060154137329837,Up
FRMPD4,-5.312822957819948,1.842529224436235e-05,0.00017412419706351435,3.7591408732194607,Down
FRRS1L,-3.8869994356085087,1.7288772933422847e-05,0.00016650774238174165,3.778565567590149,Down
FRS2,0.1734196715140044,0.2717268626701067,0.33786428221903914,0.47125771782879167,Not Significant
FRS3,-1.573918561110231,3.295495822023827e-05,0.0002628568876569124,3.580280638648601,Down
FRY,-0.21320726737448226,0.5945467662172299,0.6540144270443736,0.18441267137503828,Not Significant
FRYL,0.6759795170589804,0.024163918093208548,0.04251017360767926,1.3715071214101258,Not Significant
FRZB,0.5784638689098553,0.39531340113905017,0.4632837602460204,0.334152923106046,Not Significant
FSBP,-1.8569057036543617,0.44496881066686716,0.510969548093867,0.2916049814482084,Not Significant
FSCN1,0.5709572297944412,0.016187742590301486,0.0303621893231609,1.5176669160213845,Not Significant
FSD1,-0.8036399076829959,0.010470291807842043,0.02121861188336366,1.6732830309490123,Not Significant
FSD1L,-1.0685249724595032,0.0014244343978974073,0.004296332971382779,2.3669020676180006,Down
FSIP1,-1.7632765653712728,4.434505363107005e-05,0.00032304746329138163,3.490733664878821,Down
FST,2.8340325026381255,0.005336119294850602,0.012281486355111941,1.9107490699407614,Up
FSTL1,1.1513668848532177,0.009596718011407303,0.0197623338607762,1.7041617680983894,Up
FTH1,-0.0414574951435327,0.9116411479733862,0.9309551874996344,0.031071223734048494,Not Significant
FTL,0.8374161628392081,0.05031634417827981,0.07966161421530579,1.0987508975538929,Not Significant
FTO,-0.32151336654559515,0.045838269951028174,0.0736013279385811,1.1331143499125638,Not Significant
FTSJ1,0.427977100041641,0.12148581758492454,0.16899311327679228,0.772130993178207,Not Significant
FTSJ3,1.2203247731841174,7.98170015142771e-06,9.805810649449117e-05,4.008516497250697,Up
FUBP1,0.8358342720996603,0.00013566145204424112,0.0007144032764734371,3.146056562306701,Not Significant
FUBP3,0.8658575974870573,1.996109813269799e-05,0.0001834745461576638,3.736424177897123,Not Significant
FUCA1,0.6660575467209782,0.062278970136506455,0.09543631657364862,1.0202863308906176,Not Significant
FUCA2,0.8294517171774878,0.008600236475806938,0.01809191887581034,1.7425153682988201,Not Significant
FUK,0.6580180266801037,0.0019356323494104798,0.005487157591591401,2.2606525666536177,Not Significant
FUNDC1,-1.0495525767485603,0.0022445783296816207,0.006167998388765043,2.209855748405631,Down
FUNDC2,0.32843253033196973,0.0030344669288027357,0.007830230491997632,2.106225453787602,Not Significant
FUS,0.9085257524879786,0.0005664750495670105,0.0020995841241126063,2.6778667197848067,Not Significant
FUT11,0.6425718598489993,0.0764907002578469,0.11363623571708446,0.9444831610312501,Not Significant
FUT8,-1.2040712736993129,3.757135447039421e-09,7.138401140820837e-07,6.1463990506154484,Down
FUT9,-2.4409785880891945,0.0041990027568648645,0.010136773010461692,1.9941002784149477,Down
FXN,0.3242546450477626,0.06588586801831818,0.09994492311647904,1.0002392617609464,Not Significant
FXR1,-0.022093432940295088,0.9143139232800547,0.9332115970742929,0.03001987284219756,Not Significant
FXR2,-0.7645413709390709,4.586733501801267e-05,0.00033028415509039286,3.481112260465012,Not Significant
FXYD1,-4.833234644418383,6.709057891345252e-05,0.00042912412188833056,3.367417072257001,Down
FXYD6,0.11423800438345211,0.7091320654454926,0.757512588959208,0.1206101453073913,Not Significant
FXYD7,-4.892310299881373,0.006110916988931641,0.013692477256783218,1.863517971762095,Down
FYCO1,1.1617839536517156,0.0007560003640463585,0.002610883670690098,2.583212477967502,Up
FYN,0.9871969879461915,0.007028325123273978,0.015323208373026921,1.8146502926134347,Not Significant
FYTTD1,0.23151867006228954,0.019735764634073283,0.035918292038809405,1.444684322777447,Not Significant
FZD1,0.9086167179331763,0.0010074454353717107,0.0032834051491215186,2.483675525077047,Not Significant
FZD3,-0.2452490849058968,0.35964576103797036,0.4275361925268648,0.3690271147384235,Not Significant
FZD6,-1.0331468518092723,0.04990075263811631,0.07912799969721135,1.1016698128070983,Not Significant
FZD7,2.678820123019518,0.00010558790695469908,0.000594906361667583,3.225551386895585,Up
FZR1,-0.03655076050298689,0.746013889328823,0.7904232142510057,0.1021403132672611,Not Significant
G3BP1,0.8551875251028029,3.2808306095641417e-07,1.1456114452056802e-05,4.940962656205177,Not Significant
G3BP2,-1.3929710068815915,0.00045684788289381516,0.0017886846374940903,2.7474662230263185,Down
G6PC3,1.0011855154617884,1.7617656091101455e-06,3.48684218981839e-05,4.457567707812428,Up
G6PD,-0.21893400955265818,0.39012269425459173,0.4585876338297266,0.33857766053482397,Not Significant
GAA,0.9575307350883726,0.0003756294109177903,0.0015320205204800888,2.8147354175548616,Not Significant
GAB1,0.948294854913101,0.009071401754844917,0.018869564583586143,1.7242381210924924,Not Significant
GAB2,0.8928508347957944,0.0008209667005538128,0.0027939849233576896,2.553775941715118,Not Significant
GABARAP,0.6442629195265752,0.0007153822895937239,0.0025049569639788577,2.6011997310610298,Not Significant
GABARAPL2,-0.4459211812259696,0.07696785550053356,0.11424402185242008,0.9421665163735048,Not Significant
GABBR1,-1.3783110279375208,0.027877736551753764,0.04790044653289569,1.3196604380286794,Down
GABBR2,-2.1333362988745748,0.004977966911431482,0.011616409234598273,1.9349280966097873,Down
GABPA,0.6620645334485857,0.0017931336914410773,0.005180392545906915,2.285637330204189,Not Significant
GABPB1,0.5645875118353327,0.013836143625160212,0.026691940038273458,1.5736198594347914,Not Significant
GABPB2,-0.1102148100030167,0.7359470443388105,0.7810714838463103,0.10730921757042085,Not Significant
GABRA1,-6.2312972072167785,0.00030951861420639267,0.0013274118857025117,2.876994297985294,Down
GABRA2,-6.240754513379931,0.0006361053825203475,0.002292710419860458,2.6396507952476327,Down
GABRA3,-2.0082047114969903,0.00579659124172731,0.013095954287768764,1.882862849524981,Down
GABRA4,-6.165461767365242,0.0007829552417203393,0.002688115651375199,2.570552050471784,Down
GABRA5,-5.387135504676243,0.0010610649043373726,0.0034227242543370773,2.4656280876116417,Down
GABRB1,-2.7635342651330745,0.015169887226382631,0.028766600189716385,1.5411114626176408,Down
GABRB2,-5.405612275868732,5.797166750642248e-08,4.08396208713077e-06,5.388918298276197,Down
GABRB3,-3.4664905466426834,0.000924866447329149,0.0030587999311864236,2.5144489282533957,Down
GABRG2,-5.372056414157727,0.00024228153700685658,0.0011109441073313942,2.9543077902834036,Down
GAD1,-1.3036210317206454,0.006016820895846082,0.013511692756298134,1.8692902387894306,Down
GAD2,-4.735496524306798,0.0005464803420950941,0.0020442788586208607,2.68945986269591,Down
GADD45GIP1,0.6039666649223356,0.016328633652755064,0.030573435276184828,1.51465576056503,Not Significant
GAK,-0.06251766932085445,0.510292152932164,0.5748620428415141,0.24043636612997166,Not Significant
GAL3ST4,2.8432688727735034,3.3512308085376e-07,1.1601477376360062e-05,4.93548670253634,Up
GALC,-0.2892435973665961,0.5770472903927114,0.6379690960728901,0.19520035847332287,Not Significant
GALE,-0.06037906863699405,0.688774728340677,0.7390072782504983,0.13135128435420826,Not Significant
GALK1,1.9025657387314787,3.7672461677425247e-06,5.900380321483637e-05,4.229119994086951,Up
GALK2,-0.3270881662802694,0.02946281039964505,0.05021288309355848,1.2991848418466037,Not Significant
GALM,1.1372988510149344,0.00011820504549231537,0.0006461191689037358,3.1896873742273995,Up
GALNS,0.16419343872268755,0.4795292511668656,0.5456282523126231,0.2631031502544265,Not Significant
GALNT1,1.2178853175237876,6.688405624720564e-05,0.0004283470963981879,3.36820417267003,Up
GALNT10,2.546358678972135,7.964127453455381e-06,9.805810649449117e-05,4.008516497250697,Up
GALNT11,-0.701480106911287,0.008057481009307112,0.01715727408322973,1.7655517109308159,Not Significant
GALNT13,1.6579798847158855,0.004073172645881163,0.009928173538496692,2.0031306402368827,Up
GALNT15,1.55124661105571,0.05416011821170042,0.08474821852511184,1.0718694222439982,Not Significant
GALNT16,-1.9384409548009103,6.168719832049073e-05,0.000406631884894948,3.39079857038314,Down
GALNT2,0.8908386033190787,0.004395822862909452,0.01053813810658398,1.9772361141201948,Not Significant
GALNT4,1.3097082977015013,0.0012999205128260295,0.004008386668567316,2.397030390951871,Up
GALNT7,0.1475977147407832,0.453736456380717,0.520016047961245,0.28398325360852467,Not Significant
GALT,-0.25669257907368603,0.21250932366906522,0.2734822338582222,0.5630708813523088,Not Significant
GAMT,-0.7853002924498149,0.047436050926271095,0.07574429815046047,1.1206500542447149,Not Significant
GAN,0.11163201869079487,0.6872588370544969,0.7377925750732099,0.13206571969875067,Not Significant
GANAB,0.8977457148472112,0.001365139842977051,0.004153554448248509,2.381580092067918,Not Significant
GANC,1.0544862669013053,0.00053616992494474,0.0020146869913813172,2.6957924177487893,Up
GAP43,-0.6076259663726411,0.3446293546768902,0.41321067829266744,0.38382846386185776,Not Significant
GAPDH,0.2715457787727722,0.5013521377023862,0.5661799535379175,0.2470455115551406,Not Significant
GAPDHS,0.16332947720016833,0.9515981825832406,0.9628127717163907,0.016458157440251975,Not Significant
GAPVD1,0.21807989669897765,0.008633210556666222,0.01813028208210455,1.7415954388306674,Not Significant
GAR1,1.0841364872028922,0.0011745742201492446,0.0037104611771036342,2.430572108114374,Up
GARNL3,-1.3703257254532915,0.014282823229588284,0.027380620592744504,1.5625567126319033,Down
GARS,-0.3275368110103045,0.1815413159453586,0.23859715809961415,0.6223347334611756,Not Significant
GART,1.2155734873116373,8.52881945508188e-07,2.1313889295788966e-05,4.671337294275507,Up
GAS1,2.79268278640294,0.003785766332254621,0.009345211965482247,2.0294108436275464,Up
GAS2,-2.6672229721260194,0.0008118507831172073,0.00276958509621495,2.5575852865025572,Down
GAS2L1,-0.6509682613002852,0.13572205762466283,0.18625037576772283,0.7299028423719709,Not Significant
GAS2L3,1.9553371702736584,0.014979015061628688,0.028460693649726025,1.5457545194106481,Up
GAS6,-1.0066572605939506,0.000499089250612894,0.0019130691793315228,2.7182693249759895,Down
GAS7,-2.2825941953045508,0.0011984421298625201,0.0037669597554555465,2.424009019583551,Down
GATAD1,0.8166204450129904,0.004942029821801124,0.011554325699704179,1.9372553944897217,Not Significant
GATAD2A,0.8652782238267065,3.680574882975611e-06,5.8025213413296245e-05,4.23638325355974,Not Significant
GATAD2B,-0.3546794565264264,0.11148406854757045,0.15716351896840536,0.8036482556845445,Not Significant
GATB,-0.6489174922428145,0.023160723564466044,0.04105597909351239,1.3866235864561427,Not Significant
GATC,-0.16224246624975436,0.28826571069829454,0.35488070018020523,0.44991761866636143,Not Significant
GATM,-0.3160128815120764,0.21383397453577296,0.27487092758368975,0.5608711919777953,Not Significant
GBA,0.7591283533113184,0.004950160524608429,0.011567598498006336,1.9367567937983696,Not Significant
GBA2,-0.3050518252583174,0.002479082947486314,0.006695517858707005,2.174215827243284,Not Significant
GBE1,1.8472249919730288,0.004640968205403385,0.01099814483679927,1.958680565304393,Up
GBF1,-0.32280523721184906,0.13961666194243744,0.19060824670119456,0.7198583134597883,Not Significant
GBP1,2.8818538040893635,0.003206345113576163,0.008177397639029435,2.087384883471145,Up
GBP2,4.164819165854963,0.0005284285717250456,0.0019907963468803703,2.7009731648594753,Up
GBP4,0.1942500599468051,0.6840226951309131,0.7347099510340994,0.1338840779589014,Not Significant
GBP5,2.377711613294318,0.014215888826816212,0.02727825981739934,1.5641833384072954,Up
GBP7,3.0169075208748843,0.2562631562960459,0.3214475283447455,0.49288990924100323,Not Significant
GC,-1.766181613144153,0.169024257382485,0.22419359695472732,0.6493767951618277,Not Significant
GCA,-0.45689034426481,0.07184707995761071,0.10772250089194378,0.967693572537141,Not Significant
GCAT,-0.2545085148340611,0.41607224273136423,0.48328280563539294,0.3157986560312126,Not Significant
GCC1,1.0173944115144806,0.002961405474344921,0.007694918428824022,2.113795979614098,Up
GCC2,-1.372410971700635,5.6878340233777795e-06,7.82875097615022e-05,4.1063075211393825,Down
GCDH,0.9327750445928409,0.0022434487853692574,0.006166576552199154,2.2099558727764217,Not Significant
GCFC2,0.12307248295140027,0.6907901020796695,0.7406363865847798,0.13039495539108611,Not Significant
GCHFR,-1.7965612644350486,0.009067462751356562,0.018865266368683603,1.7243370583859783,Down
GCLC,0.9263083263085825,0.014589457192250084,0.02785712504828039,1.5550637062930321,Not Significant
GCLM,-0.7455348907185346,0.11094180061798772,0.15653049011563142,0.8054010549275477,Not Significant
GCSH,-0.030547485848551048,0.8934481289731694,0.9159047981353118,0.03814966584439971,Not Significant
GDA,-6.0786071129085695,0.00010865248860077421,0.000608429777745525,3.215789538875953,Down
GDAP1,-1.5200576825126042,0.0002722084140169367,0.001204818071796002,2.919078526848538,Down
GDAP1L1,-1.428615060662274,0.0029461436923084003,0.007665147612684614,2.115479477240512,Down
GDAP2,0.036582368459189496,0.7551569071608686,0.7988349849029018,0.09754292349891779,Not Significant
GDE1,-0.6025914752070811,0.004647672994995023,0.011009033809127718,1.9582507945411485,Not Significant
GDF15,2.3769632900763344,0.0114467754421439,0.022839139592821876,1.6413202610710276,Up
GDI1,-0.849962889050289,0.0004000535074577065,0.001605633081326269,2.794353692532624,Not Significant
GDI2,0.4717920142728431,0.022441364832279865,0.03995657640869341,1.398411730418766,Not Significant
GDPD1,-0.5837096882399564,0.0037656286777276574,0.00930462185416444,2.0313012721825245,Not Significant
GDPD2,0.9303221595972015,0.06264052646765922,0.09587369547784852,1.0183005323063399,Not Significant
GDPGP1,-0.3061906029454917,0.12608645817367162,0.17457325173743374,0.7580222985041146,Not Significant
GEM,3.0785991943085165,0.0024786425989267473,0.006695517858707005,2.174215827243284,Up
GEMIN2,0.3594677163523343,0.06402965571253279,0.09761421786441514,1.010486921161674,Not Significant
GEMIN4,0.872916919386288,0.0003379173600100867,0.0014157140868837736,2.8490244465236336,Not Significant
GEMIN5,0.469317560578002,0.0010405576493645848,0.00336519350231102,2.472989958313777,Not Significant
GEMIN6,0.21721984325351507,0.06222750161078469,0.09538646549407258,1.0205132435164028,Not Significant
GEMIN7,0.6810694554217669,0.0014417715275457787,0.004341209468308078,2.3623892584516546,Not Significant
GEMIN8,0.6740450304508272,8.345019329250084e-05,0.000502797396667855,3.2986069796251254,Not Significant
GET4,0.04896431821289582,0.861982005099435,0.8898049717565025,0.050705171974822896,Not Significant
GFAP,2.1251880876269453,0.001137200646337146,0.003621049090093346,2.4411655874690577,Up
GFER,0.41838526965217326,0.002809619883158654,0.0073890869228038355,2.131409224512825,Not Significant
GFM1,-0.1628667454008763,0.3781369307970959,0.44600766196580544,0.35065768047869295,Not Significant
GFM2,-0.04121850378964709,0.7809513303422252,0.8201942975258107,0.0860832545092544,Not Significant
GFOD1,-3.3100289434773185,1.2549270940165829e-06,2.8031342672113205e-05,4.552356099488224,Down
GFOD2,-0.5925033068545247,3.595830173619407e-05,0.0002795092065512493,3.5536038826306715,Not Significant
GFPT1,-0.2908185208592613,0.09817478760357815,0.14104575161415378,0.8506399905317753,Not Significant
GFPT2,2.1632169165089223,5.638364940521279e-05,0.00038224016427194723,3.41766368095129,Up
GFRA1,-1.438042971715129,0.057013854751546765,0.08849885558814824,1.0530623452904881,Not Significant
GFRA2,-2.2049865700353237,0.034877989373746074,0.05808577697985088,1.2359301969618186,Not Significant
GGA1,0.5447881307681044,0.01304969268449143,0.025462445110123313,1.594099894207636,Not Significant
GGA2,0.015089132741621825,0.905009816315213,0.9254967911439911,0.03362508268187534,Not Significant
GGA3,-0.19133976258890684,0.08351404296110364,0.1225037445081847,0.9118506362432209,Not Significant
GGACT,-0.5016006065652743,0.2148313494783157,0.276047323296499,0.5590164596565949,Not Significant
GGCT,-0.32959488725223096,0.2054309229872132,0.2656116043549754,0.5757529549168218,Not Significant
GGCX,0.9731311788519079,1.7989971777059053e-06,3.539667493790877e-05,4.451037532435832,Not Significant
GGH,0.1715124380296391,0.6823643550175913,0.7330850498504015,0.13484563717605652,Not Significant
GGNBP2,-0.11141214728302984,0.4213920989063839,0.4883920851798103,0.3112313827914185,Not Significant
GGPS1,-0.09058124922221822,0.6172512784869142,0.6748263739504634,0.17080795240578991,Not Significant
GGT1,0.48393691229649605,0.16226078556899276,0.2164714285529554,0.6645994168193066,Not Significant
GGT5,0.6686100663796957,0.059396189374266876,0.0917163108148934,1.037553422596234,Not Significant
GGT7,-0.3064815197754953,0.013736777085182754,0.026530730896497517,1.5762507854513947,Not Significant
GHDC,-0.044544877377141745,0.7301968200814279,0.7757859908774842,0.11025806714320349,Not Significant
GHITM,-1.5076976773437956,2.5659374730072005e-05,0.00022093379575277382,3.655737845983221,Down
GID4,-0.42736158398886737,0.0057441931996082525,0.013009667781666711,1.8857337935561012,Not Significant
GID8,0.30676003144029096,0.001948171745146936,0.005511673641141603,2.2587165059131107,Not Significant
GIGYF1,0.39122862014808035,0.13631889223782098,0.18689119765974532,0.7284111528631355,Not Significant
GIGYF2,0.29166953687039765,0.0852149353984809,0.12473921232262374,0.9039970026691913,Not Significant
GIMAP1,1.4891892545866163,0.002225299669858974,0.006123448650308366,2.213003919689681,Up
GIMAP1-GIMAP5,0.0,1.0,1.0,-0.0,Not Significant
GIMAP2,2.095125437203338,7.662094762217411e-06,9.552963197348788e-05,4.019861895364172,Up
GIMAP4,1.5996534505445474,3.592457219970598e-05,0.0002794626566330796,3.553676216764006,Up
GIMAP6,1.2456804368680672,0.0002258097230559833,0.0010478153616149128,2.9797152388183212,Up
GIMAP7,-0.08878246121246747,0.8568245163579896,0.8853882631849818,0.052866239379739395,Not Significant
GIMAP8,1.3463292356826084,6.613605627879191e-05,0.0004251784498739947,3.371428755762069,Up
GINS1,1.4055593940763718,0.007473353041749197,0.016117867382269623,1.7926924219219407,Up
GINS2,1.4409805272733802,0.021873191280805195,0.039180392774329935,1.4069312146182322,Up
GINS3,3.0005900023572565,0.00066745475577856,0.0023784973556896846,2.623697327073601,Up
GINS4,2.5845428694587174,0.0005490433826536052,0.0020492323599222563,2.6884087946926774,Up
GIPC1,0.16602240727162254,0.10100675961538227,0.1442503680699406,0.8408830700229054,Not Significant
GIPC3,1.1992127886766077,0.11216837547022844,0.15799555571687376,0.8013551292150959,Not Significant
GIT1,-1.6918418688853407,4.383963937506831e-06,6.513872080596434e-05,4.186160774361349,Down
GIT2,0.5849803038034267,0.23003540492667576,0.29304206742935407,0.5330700303590967,Not Significant
GJA1,-1.370668476598457,0.1538529193537051,0.2069001380440798,0.6842392195722445,Not Significant
GJB6,-9.54926913021969,0.02480187387637989,0.04345288303141757,1.361981403493843,Down
GJC2,-0.6006182941257006,0.10825837569566445,0.15313042358299966,0.814938516149639,Not Significant
GK,0.13009480432823395,0.474435860402553,0.5404191381383219,0.26726927948588025,Not Significant
GK2,0.013044024489503148,0.9957653228654034,0.9981432699050821,0.000807117166062702,Not Significant
GKAP1,-0.45199537927592814,0.031828584562680305,0.05367277550794131,1.2702459460467348,Not Significant
GLA,1.231681052861596,0.004326362170472891,0.010388522054225708,1.9834462339009777,Up
GLB1,0.5360466496137413,0.015041501158915272,0.028568643038256493,1.5441103873734001,Not Significant
GLCCI1,1.0075580764940781,0.004154658450118708,0.01005864677397161,1.9974604425532256,Up
GLCE,-0.6566128682871337,0.05850493166188301,0.09056218216991539,1.0430531213486607,Not Significant
GLDC,1.3990113463539586,0.0013254965942111061,0.004063619199659976,2.391086996402032,Up
GLDN,0.09871137868562485,0.899014494113191,0.9203934973268583,0.03602645832699182,Not Significant
GLE1,0.7048082885477385,0.000984784805528514,0.0032283508398614543,2.4910192745892785,Not Significant
GLG1,0.21098263359969138,0.24386838354721474,0.307899498164512,0.5115910189388313,Not Significant
GLI1,-0.8219497696056006,0.10714378204587001,0.15168162736510601,0.8190670205130354,Not Significant
GLIPR1,1.3076031894011173,0.07489984561617957,0.11153600070027983,0.9525849318808461,Not Significant
GLIPR2,2.7543325229889835,3.6226102255124244e-07,1.211011356226608e-05,4.916851784252962,Up
GLIS3,2.857307067082898,3.4302705450727133e-06,5.53790792805489e-05,4.25665426900758,Up
GLMN,-0.260363328467097,0.2733778127469873,0.339639976101091,0.46898119835051966,Not Significant
GLMP,0.6591021837285282,0.07425089007678574,0.11078250394454081,0.9555288230040353,Not Significant
GLO1,-0.41481978275412956,0.019673929554185843,0.03583999391118774,1.4456320727916587,Not Significant
GLOD4,0.1793480585452798,0.2638623622428961,0.3294681999547515,0.482186496853426,Not Significant
GLRX,0.039289263861789436,0.8980401191331933,0.9196085793570443,0.036396985695448726,Not Significant
GLRX2,-1.1297346570611175,0.00032022285098804555,0.0013611497893896924,2.866094079700517,Down
GLRX3,-0.11322014017093807,0.4857275592263388,0.5514107991487646,0.2585247326720451,Not Significant
GLRX5,-0.3099597697346468,0.14602712190896056,0.19809819904536338,0.7031194727109035,Not Significant
GLS,-1.9446261146784387,4.148561222674343e-06,6.307648743169092e-05,4.200132499419046,Down
GLS2,-5.752800689105133,5.896807468346249e-05,0.00039463712380267946,3.4038020627627636,Down
GLT8D1,0.6931824310519907,0.0029963071911926695,0.00776158360608767,2.1100496600279968,Not Significant
GLTP,1.323965306201508,0.049394037880814895,0.07847272316847961,1.1052812761976591,Not Significant
GLUD1,-0.3254653759154209,0.2442478801228672,0.30829065959780566,0.5110396330632472,Not Significant
GLUD2,-2.1536864199315744,4.343283372406565e-06,6.472520220950257e-05,4.188926584101527,Down
GLUL,-0.60723919873017,0.08905362492359016,0.12954891227151585,0.8875662291193886,Not Significant
GLYR1,-0.1685344882185582,0.04396210249267443,0.07091660856864727,1.1492520417561214,Not Significant
GM2A,0.6723838371894395,0.011616241318654094,0.023094930934304585,1.6364833321788659,Not Significant
GMDS,0.3585339892914803,0.0140366388718109,0.027006321618529987,1.568534564630142,Not Significant
GMEB1,0.5070292166036339,0.008053179201830202,0.01715727408322973,1.7655517109308159,Not Significant
GMEB2,0.22646257334964304,0.1006579272139693,0.14389498492316258,0.8419543419782727,Not Significant
GMFB,-0.9767606080849838,0.00015015449776398197,0.000773341723146398,3.1116285582385643,Not Significant
GMFG,1.804215271144603,0.0004679310014317943,0.001824278989328133,2.7389087437157174,Up
GMIP,1.4996675852294246,3.7777896638444965e-06,5.900380321483637e-05,4.229119994086951,Up
GMPPA,0.7523457767664485,0.0018606477275739718,0.005329589197492235,2.2733062649205107,Not Significant
GMPPB,0.673843200095444,0.003489383463823576,0.008763911497022863,2.057302016842583,Not Significant
GMPR,-0.5442072726780491,0.3485204939598043,0.4168838109892031,0.37998496967238254,Not Significant
GMPR2,-0.09869048063092478,0.4890059015135804,0.5541333466645455,0.2563857140584037,Not Significant
GMPS,-0.6525255418910909,0.0035602746121486187,0.008896095579879722,2.0508005596658676,Not Significant
GNA11,-0.5175481562549678,0.006600538233180654,0.01456600704513952,1.8366594843265185,Not Significant
GNA12,0.6177250030174832,0.017838690115157423,0.03298585980545078,1.4816721911683055,Not Significant
GNA13,1.1775692401353197,1.3101697358204618e-05,0.00013454281262645598,3.871139497603257,Up
GNA14,-1.4491328694813514,0.0060774707799451586,0.013626628229950484,1.8656115926084624,Down
GNAI1,-0.6362295830411497,0.054682909722036,0.08548659722839706,1.0681019695527667,Not Significant
GNAI2,1.3621449997411084,1.053194628915883e-10,9.645347901544186e-08,7.01568210301274,Up
GNAI3,1.0513457672083018,0.0003366674379099676,0.001413161570627089,2.8498081812368556,Up
GNAL,-2.585018036721662,1.518447319238461e-05,0.00015095062228639614,3.8211650922798968,Down
GNAO1,-2.3172196458023855,0.003354945284629277,0.008485493044779146,2.071322918177662,Down
GNAQ,-1.0296748011628871,3.9948338345273165e-08,3.168815436931353e-06,5.499103054926607,Down
GNAS,-0.6298783185538106,0.0012433821910545408,0.003873170127607744,2.411933426365701,Not Significant
GNAZ,-1.867150545682481,0.0032586178153357396,0.008281361218893099,2.0818982717579257,Down
GNB1,-0.7264782147362503,5.275644572483525e-06,7.412390993472668e-05,4.130041680309827,Not Significant
GNB1L,0.2204812924852355,0.41065471094191197,0.4782031624123016,0.3203875561715807,Not Significant
GNB2,0.561523849911044,0.00814863129143883,0.01731863491602312,1.7614863427922596,Not Significant
GNB4,2.0712630412431743,3.3679188716939727e-06,5.4725342471729004e-05,4.2618115119324065,Up
GNB5,-2.538522008110691,1.6556958693642954e-05,0.0001611543979514581,3.792757837964322,Down
GNE,0.05963268429066204,0.7894981688100396,0.8279621645421965,0.08198950875374271,Not Significant
GNG11,-0.500830278687225,0.16670318960174832,0.22155249763166393,0.6545233496651595,Not Significant
GNG12,1.3081078252698184,0.05861689292620973,0.09069368443228948,1.0424229545242958,Not Significant
GNG13,-12.80799616070026,0.00033923766318831366,0.001419219360032837,2.847950473119675,Down
GNG2,-0.3194946945382462,0.3492164008952348,0.4174683781438941,0.37937641531265087,Not Significant
GNG3,-5.321035886500894,0.0005623537874906212,0.002086612175020449,2.6805582629135154,Down
GNG4,-0.08672130667269329,0.8408159002216049,0.8723120544510884,0.05932812598179182,Not Significant
GNG5,1.9724632363810564,0.00018829406249645182,0.0009179496145595644,3.037181156183598,Up
GNG7,-2.2688276283335824,4.404913512356407e-05,0.00032132584158927187,3.493054346317977,Down
GNG8,0.3608418897350205,0.3395280360298299,0.4074821819114256,0.3898913770264115,Not Significant
GNL1,-0.7220749080777829,5.5850159197761075e-05,0.00037913376264032684,3.4212075390357466,Not Significant
GNL2,1.070410365935718,8.906116344569451e-05,0.000527450066709624,3.277818648407384,Up
GNL3,0.7071273384766172,0.026632103775889558,0.046122023970828846,1.3360916428327663,Not Significant
GNL3L,1.0306405005749717,7.044766623436593e-05,0.0004436266135026815,3.352982408080447,Up
GNLY,1.8475031043683607,0.015154901019115975,0.02875150148146409,1.5413394703452235,Up
GNPAT,0.3712931821155472,0.046919835557732,0.07507471782220333,1.1245062914765047,Not Significant
GNPDA1,0.3275086480254217,0.06587137805713802,0.0999379913475314,1.0002693836852046,Not Significant
GNPDA2,-0.4220839636494631,0.03192924241932425,0.0538244960060697,1.269020028068481,Not Significant
GNPNAT1,-0.4648535097230244,0.09108306685100916,0.1321196278555891,0.8790326582662104,Not Significant
GNPTAB,-0.7184379094626401,0.00011444538360551178,0.000631738517502425,3.1994626430853805,Not Significant
GNPTG,0.26127948571493675,0.07675699704955811,0.11395625644629141,0.9432618261175603,Not Significant
GNS,1.1146334558867395,0.0019690617362957195,0.005554882381883491,2.2553251323018277,Up
GOLGA1,0.4958793515532882,0.001680591982626724,0.0048988089215803296,2.3099094999030605,Not Significant
GOLGA2,-0.13567269858750564,0.2442612015982754,0.30829065959780566,0.5110396330632472,Not Significant
GOLGA3,-0.21957863191457605,0.14271999085719636,0.19431831164960078,0.7114862715893364,Not Significant
GOLGA4,-0.01486829940948553,0.9282721449427423,0.9448735564467199,0.02462630515379817,Not Significant
GOLGA5,0.10946239491849497,0.3226176193461894,0.39072492153083815,0.4081288873722297,Not Significant
GOLGA7,-0.023766745172551396,0.8629963139704516,0.8906694874437383,0.05028342549028199,Not Significant
GOLGA7B,-3.2664898516583314,0.0005511635544836634,0.0020528698267133676,2.687638588540974,Down
GOLGB1,-0.40090694053677467,0.039989468286246097,0.06535592204990967,1.1847150538819018,Not Significant
GOLIM4,1.7714658209056147,0.0030011310823947683,0.007768952537204236,2.1096375317753617,Up
GOLM1,1.195471710010981,0.0004281596243972264,0.0016994799275719696,2.7696839604696897,Up
GOLPH3,0.3908663071357914,0.07931149281957633,0.11737681484712971,0.9304176797354121,Not Significant
GOLPH3L,-0.13476940316148145,0.3194417511782618,0.3878578041906483,0.41132746557641475,Not Significant
GOLT1B,-0.5331568327295848,0.027150831165747336,0.04686728464080512,1.3291302075567204,Not Significant
GON4L,0.34242439231893584,0.0029792152012123696,0.007729233566060626,2.1118635687638534,Not Significant
GOPC,-0.2739783884863307,0.1844206500785862,0.24200255684403774,0.6161800455179545,Not Significant
GORAB,1.3764200357909484,1.6334063453967883e-06,3.358150106842295e-05,4.4738998951198585,Up
GORASP1,0.44197281182858816,0.07025037021435,0.10572187474445202,0.9758351442165332,Not Significant
GORASP2,0.5027892516622181,0.0007400638497985338,0.002570828697541528,2.589926860809884,Not Significant
GOSR1,0.1377831458498875,0.1845890864353383,0.2421920365654595,0.6158401408483579,Not Significant
GOSR2,0.5121425475754826,0.0036581288706889785,0.00909476560792714,2.041208489178351,Not Significant
GOT1,-3.2131707357534154,1.0150262207681779e-07,5.665634831257507e-06,5.2467514206169525,Down
GOT2,-1.2163852915218634,8.838736834576786e-05,0.0005246990858663909,3.280089692431217,Down
GP1BA,-3.4301723584937633,0.14701452047728275,0.19908916242615224,0.7009523804880268,Not Significant
GP1BB,0.0,1.0,1.0,-0.0,Not Significant
GP5,-1.456709946378508,0.42261396137882423,0.48958291708029844,0.3101737443494128,Not Significant
GP6,-3.265510343654798,0.001523646275465483,0.004538501649627225,2.343087502363807,Down
GP9,2.5329041464004485,0.33461982633328574,0.40283940373823146,0.3948680555238133,Not Significant
GPAA1,0.6301468812860236,3.1129361474590785e-05,0.0002526971696172664,3.597399622450829,Not Significant
GPALPP1,-0.8837690062731216,0.0019174691141436906,0.005447429175376069,2.263808407514623,Not Significant
GPAM,-0.24998309520527684,0.47279865256856585,0.5388588783771617,0.2685249572005897,Not Significant
GPATCH1,0.046672019282116395,0.6885183095032247,0.7388297241090206,0.13145564063183662,Not Significant
GPATCH11,0.03868173813084752,0.8222721103100511,0.8569757483593163,0.06703146804500798,Not Significant
GPATCH2,0.07828843955281783,0.6614273526880466,0.7140183402249659,0.14629063282298008,Not Significant
GPATCH2L,0.349807145679069,0.0015530392964157353,0.004605627869323555,2.336711155565947,Not Significant
GPATCH4,0.7370571268364579,0.015245979266683144,0.02887535159476706,1.5394727189703599,Not Significant
GPATCH8,-0.18725463760817718,0.35576808773686647,0.42389210122545157,0.3727446759681339,Not Significant
GPBP1,-0.1723966334610587,0.10072969102801343,0.1439567183169538,0.8417680622211481,Not Significant
GPC1,0.7842148028769422,0.07340297510314853,0.1096635876003438,0.9599375504501085,Not Significant
GPC2,3.79941692405065,1.0714912667428814e-07,5.8984715962665505e-06,5.229260507561018,Up
GPC4,0.7051204381902672,0.11500827593394539,0.16140894006109863,0.7920724143991005,Not Significant
GPC5,-3.0707349594217614,0.013339781726573127,0.02587809765328282,1.5870676526187992,Down
GPC6,1.7782006973344018,0.019843173076200215,0.03607003348423691,1.4428534545207672,Up
GPCPD1,0.4288995064592207,0.04594270908722065,0.07373376634453734,1.1323335816282634,Not Significant
GPD1,-1.142051864132263,0.1113630212014481,0.157036824689724,0.8039984948247154,Not Significant
GPD1L,-1.796392245123453,5.155499188657146e-05,0.00035719737844932663,3.447091737155186,Down
GPD2,0.008311185726810777,0.9521727126705233,0.9631677786366956,0.01629805452722545,Not Significant
GPHN,-0.5849669561400148,0.03709259608370497,0.06134802379695351,1.2121994226338233,Not Significant
GPI,-1.8789009446983016,2.9787996058602148e-09,6.251755672799126e-07,6.203998003146221,Down
GPKOW,0.36142983921783056,0.1461128614524679,0.19818782365317916,0.7029230313980572,Not Significant
GPLD1,-1.5020297665350864,0.01365637079501993,0.026400744461529606,1.5783838265022998,Down
GPM6A,-1.0089213324068602,0.005356578591304581,0.012320845118278733,1.909359501780607,Down
GPM6B,0.25363925840617085,0.08064282383853932,0.11894521337473575,0.9246530302704018,Not Significant
GPN1,0.7190445623299375,0.005810026420870379,0.013117482331655805,1.8821495120939502,Not Significant
GPN2,0.37389693231508403,0.0032418594272306082,0.008247093906545745,2.083699060261358,Not Significant
GPN3,0.4533503310437297,0.007150530718709781,0.015524665185405675,1.8089777573155525,Not Significant
GPNMB,1.0102381803752323,0.09710859102712105,0.13969326660105919,0.8548245269458062,Not Significant
GPR107,0.03680971887895268,0.714785854097508,0.7627915989595653,0.11759409872198712,Not Significant
GPR108,0.726852745907312,3.794557438600404e-05,0.00029003316871366064,3.537552332564516,Not Significant
GPR155,-1.7495475152359639,5.7765169179280895e-05,0.0003895089118554724,3.4094826013408945,Down
GPR158,-0.9398214703730652,0.019721279655756097,0.0359067723209989,1.4448236320830683,Not Significant
GPR17,1.3158513268881933,0.06333417286615167,0.09670028151767382,1.0145722615799317,Not Significant
GPR180,-1.0199681598123274,0.00012636652686279654,0.0006771363785190491,3.1693238535106802,Down
GPR37,-0.9520634838385469,0.21872426957654692,0.280363524144264,0.5522784896116348,Not Significant
GPR37L1,-1.3670231326311146,0.024665617965859754,0.043236720965385625,1.3641472499786162,Down
GPR84,2.5723228716254507,0.001344017117183126,0.0041066510277533545,2.386512200764637,Up
GPR89A,0.5464216607388472,0.003754213850178819,0.009278692425589161,2.032513221233978,Not Significant
GPRASP1,-2.9205096396194286,7.808435602608321e-05,0.00047901080916270004,3.3196546863625795,Down
GPRASP2,-2.0633773666906485,4.788265610624014e-05,0.0003413799558487354,3.4667619821077613,Down
GPRC5B,-0.5786376591905018,0.1856479638664058,0.24339114887951224,0.6136952192969178,Not Significant
GPRC5C,-0.6510460623025516,0.007285800276857344,0.015787728971619893,1.801680337757916,Not Significant
GPRIN1,-2.041843208434944,5.431524667675884e-05,0.00037096392882824986,3.430668317534417,Down
GPRIN3,-0.019988075791639304,0.9572032301021492,0.9673821569070076,0.014401927313794466,Not Significant
GPS1,0.5237434213988763,1.1849194032649083e-05,0.00012698806455841157,3.8962370958945023,Not Significant
GPS2,1.0226528620327642,0.00031906250979610795,0.00135751480147984,2.867255426441897,Up
GPSM1,0.7693981955395657,0.005294558840172039,0.012199768013699252,1.913648427630842,Not Significant
GPSM2,0.9268359769880448,0.012077733352279888,0.023875801764298977,1.6220420356200547,Not Significant
GPSM3,2.419263892476259,4.5195438571455e-06,6.599650954391249e-05,4.180479033032433,Up
GPT,-0.1982582437232594,0.691742523619631,0.7414208089099013,0.12993522911314084,Not Significant
GPT2,0.5254438794992247,0.08950640823868057,0.1300948718217383,0.8857398224500681,Not Significant
GPX1,1.8068973497632648,4.464191559668037e-06,6.558534451402582e-05,4.1831931958036614,Up
GPX3,1.1698399002366315,0.06442930339877241,0.09807506836494913,1.0084413804657237,Not Significant
GPX4,-0.2154728820339038,0.1083583688329645,0.15322883318687316,0.8146595054884358,Not Significant
GPX7,1.6104035417237448,0.010441799223001943,0.021165127841553638,1.6743791039575766,Up
GPX8,2.190455711240709,0.08050999234604245,0.11881887824407143,0.925114552066296,Not Significant
GRAMD1A,0.6343420015533816,0.0005028580720139368,0.001922501790310588,2.716133247093945,Not Significant
GRAMD1B,-2.288980767655765,0.0013268347379889543,0.0040664840737756995,2.3907809242576916,Down
GRAMD1C,-0.9005450418024825,0.0576863647260847,0.0894516344307587,1.0484117197385905,Not Significant
GRAMD4,-0.4479394554654057,0.041313793914228625,0.06712825159547406,1.1730946641859454,Not Significant
GRAP,1.9584266207524141,3.889650458728921e-05,0.00029455546835060076,3.53083291028176,Up
GRASP,-1.0815770984748134,0.013142975983493378,0.02558993816345425,1.5919307635580293,Down
GRB10,-1.3443459223430132,0.0007795622205701519,0.002678371352239205,2.5721292088596868,Down
GRB2,-0.10564704125680535,0.3368705267706813,0.4049370353041844,0.3926125010960138,Not Significant
GREM1,-2.2832354248629088,0.10202823310109885,0.14539997457355636,0.8374356694230961,Not Significant
GRHPR,0.8114350267673736,0.00010043846477700784,0.0005732674754467858,3.2416426973927415,Not Significant
GRIA1,-0.912462968478085,0.004119375008806509,0.010011721070860501,1.9994912584519058,Not Significant
GRIA2,-0.7219889281463985,0.006118952627303225,0.013695251892346744,1.86342997549836,Not Significant
GRIA3,-0.46436374761510635,0.023248117372237538,0.041184004035573665,1.3852714322196835,Not Significant
GRIA4,0.59849634423691,0.2575940522078713,0.3230025494077789,0.490794049838058,Not Significant
GRID1,-0.21356708618852238,0.2991569045201638,0.36627450852408,0.4361933057213797,Not Significant
GRID2,1.8865384975278108,0.0032782659119929107,0.00831242154478142,2.0802724406758224,Up
GRIK2,0.33242816441041967,0.029157473024655604,0.04981892524599399,1.3026056458233768,Not Significant
GRIK3,1.687626938180646,0.004242309191050832,0.010226614690271854,1.9902681067229167,Up
GRIK5,-0.5371928782767981,0.02389982301145511,0.04212155651109146,1.375495588776007,Not Significant
GRIN1,-6.211165852410369,0.000300448670304842,0.0013006961343579623,2.885824150467861,Down
GRIN2A,-4.340941854135439,7.375261553016397e-05,0.0004600519187931095,3.337193153594544,Down
GRIN2B,-4.1065652403172255,0.002294469603928287,0.00628452604403849,2.2017274696439375,Down
GRIP1,-3.082073779566942,0.0008582767744710223,0.0028893159223177655,2.5392049691222174,Down
GRIPAP1,-1.0350417707191077,0.0048150628640388285,0.011320173463786968,1.9461469182194526,Down
GRK5,-0.49344757759288527,0.1616355911922137,0.215756849830444,0.6660354074489486,Not Significant
GRK6,-0.2513019781018855,0.03105470049153886,0.05251721550306571,1.2796983085481255,Not Significant
GRM1,-3.2020676687980476,0.005773328870470899,0.013063907241941562,1.8839269118947768,Down
GRM2,-3.9926904617104615,2.6974891802907804e-07,1.0408626060683414e-05,4.982606593606061,Down
GRM3,-4.177493457701043,0.0005082245519343032,0.0019349410945525966,2.7133322516787435,Down
GRM5,-4.296727702502592,0.00025183864279405133,0.001141581691413668,2.9424930050140965,Down
GRM7,-4.209398729486958,0.000213324468737656,0.0010018791133161523,2.9991846772581465,Down
GRN,1.9134004698750395,1.6747230902126135e-05,0.00016253526407323572,3.789052398802613,Up
GRPEL1,-0.16923830634639003,0.3024580124976987,0.36950788478071994,0.4323762899343182,Not Significant
GRPEL2,-0.9482900434810446,0.0013722468718181248,0.004168882685975811,2.3799803259219656,Not Significant
GRSF1,-0.7093786717644619,0.007846521288377368,0.01679682436445253,1.7747728189503171,Not Significant
GRTP1,0.6778523214399996,0.07752181785312152,0.11501543343922624,0.939243879578807,Not Significant
GRWD1,0.5051842207473811,0.030032902647189576,0.051011880166546585,1.2923286691975298,Not Significant
GSDMD,1.0492140782601282,0.00262612707852594,0.006993286859389458,2.155318656959994,Up
GSE1,-0.018983702064094388,0.9487610743368574,0.9608342997402314,0.017351501939425,Not Significant
GSK3A,-0.8943274389680056,0.0004890509235595978,0.0018832947262765248,2.725081709733989,Not Significant
GSK3B,-0.7481789613681684,3.353073673147298e-05,0.0002661768749261898,3.5748296781182995,Not Significant
GSKIP,-1.171451044022179,0.00022395321656256886,0.0010415995861732775,2.982299201320716,Down
GSN,1.3413900307532955,0.007144709108669251,0.015515369597054112,1.8092378744756077,Up
GSPT1,0.18298951283909304,0.029594843796872612,0.05038675957574695,1.2976835706702992,Not Significant
GSPT2,0.23550725892637203,0.3074110934789317,0.3750132423960714,0.4259533962776173,Not Significant
GSR,-0.1465582673501835,0.2666553879098427,0.332543498118811,0.47815153906040325,Not Significant
GSS,0.27504511923362074,0.06715557783790525,0.10154987858586874,0.9933205915060356,Not Significant
GSTA4,-0.038693929159816065,0.7982905910751971,0.8358777065265082,0.07785725756787756,Not Significant
GSTCD,0.8272361318831862,0.0018662160419376918,0.005341187860876148,2.272362146706566,Not Significant
GSTK1,0.4948791140479294,0.0448631067301063,0.07218510416851795,1.1415524124697929,Not Significant
GSTM1,-0.9165692315646243,0.5097959884949674,0.5744863641258776,0.2407202751657189,Not Significant
GSTM2,1.0072908615611738,0.026368189062095506,0.04573573288766359,1.33974435721482,Up
GSTM3,-1.3522607766650836,0.061353632920865715,0.09420461790044218,1.0259278076155747,Not Significant
GSTM4,0.06487293311728592,0.7069875713589785,0.7554298678267235,0.12180584824042398,Not Significant
GSTM5,-3.868071583161269,5.398773140467384e-06,7.540671470611732e-05,4.122589979992646,Down
GSTO1,-0.7524037650855426,0.006763059512128353,0.014860352540979864,1.8279708874269869,Not Significant
GSTP1,0.14239108674905054,0.7199262724215344,0.7670584101929707,0.11517156400586379,Not Significant
GSTT2B,1.3190412906835753,0.018569512300033675,0.03416302050253519,1.4664437384048286,Up
GSTZ1,1.1656444950827254,7.978632397148693e-06,9.805810649449117e-05,4.008516497250697,Up
GSX1,5.475157686918795,0.002928899861459814,0.0076321099856042855,2.1173553796827806,Up
GTDC1,-1.7008837327193618,1.0133212556878634e-07,5.665634831257507e-06,5.2467514206169525,Down
GTF2A1,-0.5555023271258861,0.0010029683713202193,0.0032728738791321693,2.485070729996699,Not Significant
GTF2A2,0.203650183438004,0.13331094377108166,0.1834163408289916,0.7365619750142949,Not Significant
GTF2B,0.35040834094218454,0.07234363934144801,0.10828972105880345,0.9654127649748829,Not Significant
GTF2E1,0.17592805457955052,0.2734791390549239,0.339707625997448,0.4688947036703425,Not Significant
GTF2E2,0.15773410979225488,0.2187470021613972,0.280363524144264,0.5522784896116348,Not Significant
GTF2F1,-0.1936224150633734,0.1453063520487862,0.19731541201837213,0.7048389913158618,Not Significant
GTF2F2,0.7699854937932606,0.011327496093294106,0.022646000326224415,1.6450084907653384,Not Significant
GTF2H1,-0.015182093931610297,0.9403819366367913,0.9541149793210832,0.02039928580349375,Not Significant
GTF2H2,0.8054101350803577,0.01633071820738044,0.030573435276184828,1.51465576056503,Not Significant
GTF2H3,0.3566450843777247,0.009317236949757751,0.01930916375886846,1.714236534235781,Not Significant
GTF2H4,0.6672814907214448,0.012891121707315429,0.025216535937766144,1.5983145738470645,Not Significant
GTF2H5,-0.663679966862361,0.0045284776762974524,0.010782293573864461,1.9672888476350363,Not Significant
GTF2I,0.5498372941175553,0.018137825051370928,0.03348368143073314,1.4751667986729033,Not Significant
GTF2IRD2,1.4954852989555683,0.0002776887252131152,0.0012247969429933986,2.911935906276774,Up
GTF3A,-0.006329225475251832,0.9768113780682037,0.9829781613771317,0.0074561306915263345,Not Significant
GTF3C1,0.11661851933707723,0.31881953766842813,0.3871956627452375,0.4120695161786232,Not Significant
GTF3C2,0.7079324800934828,0.00017744447872189152,0.0008749758583672712,3.0580039295177075,Not Significant
GTF3C3,0.5375966920319435,0.0009233711667158267,0.003056201386142565,2.514818031637971,Not Significant
GTF3C4,0.24779644129167977,0.060744492363731584,0.0934402223350484,1.0294661368544307,Not Significant
GTF3C5,0.7763353672159319,5.0685928861864506e-05,0.00035360806603491895,3.4514778370003034,Not Significant
GTF3C6,0.6405132243494691,0.009684707056657546,0.019882934959129937,1.7015195081442231,Not Significant
GTPBP1,0.245209790429481,0.19958756778300107,0.2589035742783869,0.5868619538962785,Not Significant
GTPBP10,-0.2603527651710884,0.09652609725313527,0.1389148433897264,0.8572513463586281,Not Significant
GTPBP2,1.0151348733573293,1.3798504078873305e-05,0.00014041023241471686,3.8526012417837068,Up
GTPBP3,0.4567176107138149,0.07720289773531457,0.1145591385749829,0.9409702606921035,Not Significant
GTPBP4,0.5365592735832614,0.020953341095242797,0.03774073988798068,1.4231895899655371,Not Significant
GTPBP6,0.12733702793063273,0.6380428197322421,0.6930820968279714,0.15921531937429115,Not Significant
GTPBP8,-0.21740783928137297,0.28326089015084455,0.3498212975307277,0.4561537536952201,Not Significant
GTSE1,3.7979650070219755,0.0002738950714428886,0.0012101837498752896,2.917148682990828,Up
GUCY1A2,-0.7074143771225572,0.03443199722916576,0.057466524202553985,1.2405850698804122,Not Significant
GUF1,-0.02035223926012364,0.8583859662041949,0.8866379804717585,0.05225366898072684,Not Significant
GUK1,-0.8941720312994477,7.285181518282179e-06,9.243188742465325e-05,4.034178178741576,Not Significant
GULP1,-1.7826962085858291,0.026820912089693703,0.0464035117659136,1.3334491512803328,Down
GUSB,1.258449230441503,7.560944458349402e-05,0.0004682081151288151,3.3295610632469947,Up
GXYLT1,0.17051423555012946,0.3931755447805988,0.4613687173115611,0.33595185576106207,Not Significant
GYG1,0.49068509212626665,0.19786416589268946,0.2568333471463669,0.5903485883079598,Not Significant
GYG2,-0.7952045354545216,0.3626197110595116,0.43051014155502804,0.36601661338684544,Not Significant
GYPA,-5.658892933343126,0.03626411609462776,0.06011596273445451,1.221010193438143,Not Significant
GYPC,1.9061314815397292,0.0002538184166554463,0.0011455944128077806,2.9409691131338693,Up
GYS1,0.7243692401040107,0.04047662107974602,0.0660663449055997,1.180019719697492,Not Significant
GYS2,0.06094730588415942,0.8868659587800565,0.9108255345856141,0.04056480263508603,Not Significant
GZF1,0.23767006147630454,0.01529139528423568,0.028938367234973953,1.5385259763560684,Not Significant
H1F0,0.7915944234724961,0.016844308300145154,0.0314076162839939,1.5029650236139762,Not Significant
H1FX,0.16610165640466334,0.5577161031798158,0.6196572210690928,0.20784848496202368,Not Significant
H2AFV,-0.09899029699250761,0.33634967325652637,0.40448688174600056,0.393095558792644,Not Significant
H2AFX,1.1896897660769206,0.03174255509952239,0.05355459723205301,1.271203242538639,Not Significant
H2AFY,0.7742127210075118,2.621487141972896e-05,0.00022487087017828425,3.648066799522999,Not Significant
H2AFY2,1.2238851011719944,0.013202618348632596,0.02567628904326733,1.5904677440179251,Up
H3F3A,1.5153534050022763,0.0005644847098683883,0.0020937477787975494,2.6790756363505324,Up
H6PD,1.3032343080821889,9.026225456204143e-05,0.0005323781923056238,3.273779742745271,Up
HAAO,1.4848087381713668,0.0005759954750176684,0.0021262654508347346,2.6723825175002984,Up
HABP2,-2.9517159555193047,0.0020646204789798307,0.005761492162117123,2.239465024589105,Down
HABP4,-1.4496091796628683,1.5240785064865792e-07,7.312339228857823e-06,5.135943669325141,Down
HACE1,-0.839550197274523,0.0008317849886282108,0.002821347466478315,2.549543424485722,Not Significant
HACL1,0.23287703755249467,0.019499926295986306,0.03559381364482081,1.4486254776839729,Not Significant
HADH,0.6669187073083052,0.00102554901926466,0.0033294814115604845,2.47762340542356,Not Significant
HADHA,0.4611240298357835,0.0010082697612194698,0.0032850289697687386,2.4834607961634916,Not Significant
HADHB,0.521166840096619,0.00670589750224835,0.014759714100426017,1.8309220548307212,Not Significant
HAGH,-0.9799208331460498,9.30411154187302e-07,2.231657611257829e-05,4.6513724356070645,Not Significant
HAGHL,-0.34371743992915604,0.1555837667302734,0.20870184634364505,0.6804737088008143,Not Significant
HAMP,1.70649127816238,0.12366178219924222,0.1716407817408606,0.7653795161332547,Not Significant
HAPLN1,0.3377874120495967,0.5088993972071519,0.5735793832473539,0.24140646735215274,Not Significant
HAPLN2,-1.7923468544114574,0.03238421744976148,0.05447296820652815,1.2638189595791698,Not Significant
HAPLN3,1.5096090148729484,0.019909978737795327,0.03617841374540948,1.441550478844859,Up
HAPLN4,-7.507036234798669,0.0012083483865443423,0.0037901915520386423,2.4213388407202707,Down
HARS,-0.5129486505543817,0.007981243947865426,0.017033975528907397,1.768683980999629,Not Significant
HARS2,0.45032661908034655,0.0013804019855510488,0.004181049188948066,2.378714723058757,Not Significant
HAT1,0.948862300944814,3.0425777765658722e-05,0.0002498038184280733,3.6024009274127744,Not Significant
HAUS1,1.2005949579460982,0.0020128959894453262,0.005643727859079382,2.248433936120671,Up
HAUS2,0.22170110759732253,0.17449415825413817,0.2305684877035923,0.6372000489564145,Not Significant
HAUS3,-0.13310595069113518,0.44247249737176125,0.5087852914648011,0.29346545224959186,Not Significant
HAUS4,1.236008961422952,2.1181797864103257e-06,3.938886939472487e-05,4.404626484859279,Up
HAUS5,1.2799177089344465,0.00019755447436744781,0.0009490528253589267,3.022709613575455,Up
HAUS6,0.6594424351065484,0.0015390021334299355,0.0045761238170522935,2.339502233267677,Not Significant
HAUS7,-0.03324594882614029,0.927778606449815,0.9445382229238206,0.02478046265584356,Not Significant
HAUS8,1.6823649474408384,7.209934155291594e-05,0.00045144079796177505,3.3453991950832007,Up
HAVCR2,2.46521660511236,1.024031451064928e-06,2.3990913576809498e-05,4.619953213732348,Up
HAX1,-0.12212498537795469,0.3759818242704674,0.44382949352011813,0.35278384124903117,Not Significant
HBA2,2.124777391321601,0.0014782718817501039,0.004428222104296922,2.3537706045386844,Up
HBB,1.3080443437427753,0.05108126707629281,0.08058137872323423,1.0937653062356745,Not Significant
HBD,0.7938271163761925,0.7509792869761353,0.7950988267995361,0.09957888736085568,Not Significant
HBE1,-1.2599136086164346,0.6162567473073497,0.6739221094631178,0.1713902954307598,Not Significant
HBG1,0.34899412050687584,0.900262888766417,0.9212970684104922,0.0356003107705934,Not Significant
HBG2,0.752712829201295,0.48651754970051186,0.5520587740124979,0.25801468337495226,Not Significant
HBM,-2.8669957572395166,0.3015325639183872,0.36855606029044313,0.4334964431562497,Not Significant
HBP1,1.2014733718235284,8.247454020958741e-07,2.0875590906316173e-05,4.680361222492488,Up
HBQ1,-3.5898243236160905,0.15724280525471765,0.2105348245794824,0.6766760572069649,Not Significant
HBS1L,-0.7186592296761383,0.0004946174834664506,0.001900372436476363,2.7211612773335676,Not Significant
HBZ,-3.1426752603021493,0.2594272699953931,0.3250989324460244,0.4879844566298714,Not Significant
HCCS,-0.6115421262085832,0.009144405150329292,0.01899263181708176,1.7214148507216205,Not Significant
HCFC1,-0.4069376030644918,0.13944244158175378,0.19042642575154162,0.7202727840937266,Not Significant
HCFC2,0.3049042985089905,0.04951409873898488,0.07862626587271969,1.1044323494053534,Not Significant
HCK,2.7269450567527898,2.8974339161558455e-07,1.073115782035073e-05,4.96935341802826,Up
HCLS1,3.0030832726367347,4.4651651805561546e-06,6.558534451402582e-05,4.1831931958036614,Up
HCN1,-5.8200906361602165,0.000269169106450211,0.0011956060381809073,2.9224119003055344,Down
HCN2,-2.969323914667868,7.398057621552268e-05,0.0004608894083128464,3.3364032722706622,Down
HDAC1,1.780589343604582,1.7787884958785427e-07,8.10837796718572e-06,5.091066015129845,Up
HDAC10,0.1412332932747109,0.6492028693385974,0.7031576933358811,0.1529472672054752,Not Significant
HDAC11,-1.4848869668934839,0.003407794454672808,0.00860404043518142,2.065297557287957,Down
HDAC2,0.5973930219699586,0.030927122352820902,0.05233660853054221,1.2811944235416228,Not Significant
HDAC3,0.6408149369210392,0.0007983008681105482,0.002733542809430885,2.563274120325918,Not Significant
HDAC4,-0.46107627388609274,0.15199492545897622,0.20484239184932795,0.6885801617533804,Not Significant
HDAC5,-0.6369739932149905,0.0006092959126235651,0.002224441103000263,2.6527790886709868,Not Significant
HDAC6,0.8424805210960358,0.020118109470401758,0.036510508882152286,1.4375821138273064,Not Significant
HDAC7,0.14936827125048957,0.6345805150577455,0.6900874102900545,0.16109589563621649,Not Significant
HDAC8,0.512446953980799,0.0016528247850502648,0.004835751351390768,2.3155360381452503,Not Significant
HDAC9,-0.8794230123866811,0.0065568420595965475,0.0144912101455764,1.838895345543245,Not Significant
HDDC2,-0.375453008571899,0.1487341403974909,0.20101257450554377,0.6967767740842031,Not Significant
HDDC3,-0.41898826817444856,0.009453609884715643,0.019519505222099897,1.7095311949703067,Not Significant
HDGF,0.6574781703517196,0.0003779705719829589,0.00153763055006694,2.8131480009075216,Not Significant
HDHD2,0.008496604319073953,0.9594276731397586,0.9689498124521231,0.013698717004517243,Not Significant
HDHD3,-2.436251754699132,0.00010481718157636196,0.0005925523497195681,3.2272732753768887,Down
HDLBP,0.13399248404391528,0.4350687610692106,0.5013592655011699,0.2998509545555374,Not Significant
HEATR1,1.0099590645020342,0.0014727946011609673,0.004417068416819168,2.3548658738190555,Up
HEATR3,0.6874906201911735,0.0024836933574792957,0.006701029235741875,2.1738584872881304,Not Significant
HEATR5A,1.552059248130485,5.924724126751988e-07,1.644233356829188e-05,4.784036545438799,Up
HEATR5B,-0.09402104082664664,0.5199733998637895,0.584102782488103,0.23351072490848118,Not Significant
HEATR6,0.8303082614575139,4.2982024983570533e-05,0.0003151389517354363,3.5014979139371993,Not Significant
HEBP1,-0.782097173389376,0.1273104479736508,0.176026002317672,0.7544231740666895,Not Significant
HEBP2,0.7607144435632769,0.0052312086297641065,0.012075892698497619,1.9180807545970535,Not Significant
HECA,-0.3039939998156136,0.13364424608582978,0.18384980678255486,0.7355368222178239,Not Significant
HECTD1,-0.14176077217630478,0.3692171625714571,0.4371246557462521,0.35939469670743307,Not Significant
HECTD3,0.39851450809183575,0.01982203517088039,0.03604266615806431,1.4431830907532412,Not Significant
HECTD4,-0.9702497578358056,0.0034757172880722927,0.008740483265112401,2.0584645543713926,Not Significant
HECW1,-3.301851250329582,0.000145544795018901,0.0007565625722499528,3.1211551474040657,Down
HECW2,-1.7411819411244522,1.8902132949846847e-08,2.004421971965865e-06,5.69801084527738,Down
HEG1,0.6918090889424953,0.0386662868081559,0.06351282786651924,1.1971385501567893,Not Significant
HELLS,1.5788410637957782,0.03156709507004641,0.05327641409543433,1.273465014148841,Not Significant
HELZ,0.1350086563723245,0.3016122320372311,0.36860871351972174,0.43343440273386,Not Significant
HELZ2,2.189943823280032,0.0003278360300212349,0.0013843919733291855,2.8587409273993982,Up
HEPACAM,-0.029281568289928117,0.9497795699601601,0.9614227680645753,0.0170855972815084,Not Significant
HEPH,-1.071354326978069,0.13590242544250047,0.18639632864639208,0.7295626459751461,Not Significant
HERC1,-1.0007937263005395,0.00011157479087893177,0.0006198865872621222,3.207687760552874,Down
HERC2,-0.2897934942415503,0.07404420966084135,0.11049050038858181,0.9566750595912514,Not Significant
HERC3,-0.7236736423125123,0.01679111720030513,0.03132476197701368,1.5041122203326078,Not Significant
HERC4,-0.3130278960167381,0.16659814850305646,0.2214713312245699,0.6546824838733679,Not Significant
HERC5,1.5427437718236838,0.018389201854792103,0.03391045569928165,1.4696663739979783,Up
HERC6,-0.41614793307464026,0.0842237822719399,0.12343182755419298,0.9085728407168886,Not Significant
HERPUD1,0.5227320931059403,0.013294060770996617,0.025814257557251332,1.5881403611620095,Not Significant
HEXA,0.7285884063698127,0.0225975230028936,0.04016362856936311,1.3961670579032799,Not Significant
HEXB,0.6650736201207295,0.055935356095856155,0.08717400639072631,1.0596129940120254,Not Significant
HEXDC,1.2547649861001453,0.000125087395432577,0.0006727871978578647,3.172122281111131,Up
HEXIM1,-0.5911639026165076,0.0031333159241872955,0.00802976968208161,2.095296911413168,Not Significant
HEXIM2,0.21115944968782507,0.2199573218152285,0.28166459859820064,0.550267734482468,Not Significant
HEY1,2.371909335332365,2.6754313885656513e-06,4.728472948843925e-05,4.3252790911791195,Up
HFE,0.7561032783416124,0.016959268836995528,0.031585815171730994,1.5005079102840608,Not Significant
HGF,-0.03936923209245613,0.954314357680796,0.965043449033963,0.01545313302832741,Not Significant
HGFAC,1.5724320998543817,0.02805464485623432,0.048138731439568136,1.3175053585157985,Up
HGH1,0.5567943174616374,0.024108061744170694,0.04243659164962005,1.3722595042995382,Not Significant
HGS,0.18149075550816818,0.19747059946394102,0.25635551791233785,0.591157330171742,Not Significant
HHATL,-2.9136888526756124,0.0016398069143962238,0.004814752216737848,2.3174260582118085,Down
HHIPL1,-1.7356031835717527,0.0003250293007768949,0.001374620141069034,2.861817297055026,Down
HIBADH,0.8075681950335394,0.005602385060883622,0.012763031115951364,1.8940461719626203,Not Significant
HIBCH,0.608313607246803,0.009684888013147767,0.019882934959129937,1.7015195081442231,Not Significant
HID1,-2.0299769357500637,0.0020414060729319486,0.005710948286230617,2.2432917724400903,Down
HIF1AN,-0.1060184809651652,0.508193082396406,0.5728473886160227,0.24196106234273254,Not Significant
HIGD1A,-1.185038396249933,9.809373142038258e-06,0.00011332525806524473,3.9456732832890484,Down
HILPDA,0.851458746228893,0.26967729402765556,0.3357717290859723,0.4739558728758327,Not Significant
HINT1,-0.916593756342909,0.002918199339078938,0.00760816256259866,2.118720216459009,Not Significant
HINT2,0.8378923705320531,0.0004317972460536778,0.0017118951030085598,2.7665228503949977,Not Significant
HINT3,-1.2114525058389773,0.00011590287582213301,0.0006373392854979083,3.1956293108483687,Down
HIP1,1.522412751168087,0.00010786627423474879,0.0006046994138235166,3.218460452385187,Up
HIP1R,-0.3939675796225508,0.27079987969849334,0.33683639808403776,0.4725809853643392,Not Significant
HIRA,0.27979703965947067,0.05308695522819535,0.08330186712910279,1.0793452642021117,Not Significant
HIRIP3,0.8653018011074458,0.00107444817940635,0.0034581440764663166,2.4611569166980662,Not Significant
HIST1H1B,6.710471909708625,1.9736805109494588e-05,0.00018291497210032057,3.7377507448547544,Up
HIST1H1C,1.4603133761393252,0.01035730988430477,0.021023481719622455,1.6772953584122885,Up
HIST1H1D,1.8401848518255193,0.021449253141461695,0.03852376112445803,1.4142713187474494,Up
HIST1H1E,1.048434774682356,0.010309310837654075,0.020957150189485074,1.6786677742230092,Up
HIST1H2AB,3.7104951425727783,0.0009811645017818945,0.0032185773985512226,2.492336042738356,Up
HIST1H3A,1.4453634738209438,0.043206789599079046,0.06985479030992173,1.1558038066746121,Not Significant
HIST2H2AA4,5.99628279571484,0.009343698152040848,0.019339966748517054,1.7135442769411233,Up
HIST2H2AB,1.309109108906405,0.002793634126807101,0.0073587384045653145,2.1331966355130194,Up
HIST2H3A,5.2997712723073755,0.03721589743850123,0.06153174967921572,1.2109007354040124,Not Significant
HIST2H3PS2,-3.4384695434832353,0.08097102811500693,0.11934193668333282,0.9232069186952057,Not Significant
HIST2H4B,2.4833211277656826,0.06515812602872054,0.09903484635083444,1.004211967875955,Not Significant
HIST3H2BB,0.873714283119785,0.09855186215142771,0.1414664376337251,0.8493465826088081,Not Significant
HK1,-1.274371942347308,0.003082020047019557,0.007934646039784058,2.1004724421161014,Down
HK2,3.611861043041216,1.2523548782192705e-05,0.00013139887094797123,3.8814083664594383,Up
HK3,3.1235618120271145,0.0019421969877818812,0.005499070392050217,2.259710721001279,Up
HKDC1,1.2882286396983176,0.09175080589168295,0.13295420289885126,0.8762979293596537,Not Significant
HLA-A,2.911912255002317,6.610981948621013e-06,8.616864109068544e-05,4.06465075597482,Up
HLA-B,2.985653536101136,6.332501054998698e-06,8.371865567986468e-05,4.07717775400158,Up
HLA-C,2.089969250767574,1.0378159369366524e-05,0.00011813511580451793,3.927620988641561,Up
HLA-DMA,3.1854225624539776,2.6893835809643916e-05,0.0002290181757788274,3.6401300489823583,Up
HLA-DMB,3.5315923552911332,4.718557688144666e-05,0.000337365153657696,3.4718997775729794,Up
HLA-DPA1,4.015861376067516,0.00029769887829917763,0.0012915669681248557,2.8888830706110116,Up
HLA-DPB1,3.6127459051601214,0.0003176812870274169,0.00135377380943917,2.8684538921637657,Up
HLA-DQA1,4.311786145325138,0.00030318135914137487,0.0013070692063612034,2.8837014168991253,Up
HLA-DQB1,2.6529078230423906,0.003913416146140985,0.009596824307746905,2.0178724558969154,Up
HLA-DRA,4.29473706598138,8.641546695679218e-05,0.0005172604956165921,3.28629068840099,Up
HLA-DRB1,3.8173493173760633,0.00012448388646291966,0.0006698988633693657,3.1739907590843006,Up
HLA-DRB5,4.3224391148031955,0.0021358334717334784,0.005912719536752696,2.2282127207860194,Up
HLA-E,1.5280869793791645,0.00015717074721116316,0.0007980534815550694,3.097968003428766,Up
HLA-F,1.9865022766588272,0.00048819057373858133,0.00188214000759375,2.7253480736485134,Up
HLA-G,5.364795879485545,0.009632793290417802,0.019812323317204762,1.7030645933822823,Up
HLCS,-0.2632732424973554,0.03339274758937217,0.055926606685841276,1.2523815304361263,Not Significant
HLTF,0.1532749728191085,0.5040094221874837,0.5688316064437274,0.24501628055756577,Not Significant
HM13,1.0220358287082831,3.0728013261552856e-07,1.1053970716087899e-05,4.956481690275166,Up
HMBOX1,0.46986101843434014,0.05678181030942782,0.08828830947016143,1.0540967988994874,Not Significant
HMBS,1.579868368275834,5.594266086092435e-05,0.0003795059700423918,3.4207813877893862,Up
HMCES,-0.9866757487291871,2.1078258197510173e-05,0.0001914719324451916,3.717894879541602,Not Significant
HMG20A,-0.3078601463261492,0.06783684937712325,0.10242632203614203,0.9895884218166459,Not Significant
HMG20B,2.3198230969164744,3.683111162387147e-08,3.089926236437019e-06,5.510051888047897,Up
HMGA1,0.07104632742174743,0.8077286213180797,0.8440056146829514,0.07365466425383226,Not Significant
HMGA2,2.184022273193805,0.14738650102337839,0.19945884085297072,0.7001467091733088,Not Significant
HMGB1,0.3579228601189435,0.15232779152822423,0.20518119693212072,0.6878624410396847,Not Significant
HMGB2,0.9656696244256864,0.048912164234759754,0.07776848839977428,1.1091963424235163,Not Significant
HMGB3,0.31891020187852703,0.2906062707264495,0.3573690882932437,0.4468830158042473,Not Significant
HMGCL,0.536392919498482,0.0037392235182908476,0.009257477806558202,2.0335073204344325,Not Significant
HMGCLL1,-5.289007932833844,0.0023279434971672495,0.00635892158092811,2.196616530761031,Down
HMGCS1,-0.9515196914258119,0.0036784232384452767,0.009140537458450625,2.039028267244628,Not Significant
HMGN1,1.508370515667849,2.9169196939310156e-06,5.070333625934521e-05,4.294963463322411,Up
HMGN2,1.2082065096436843,0.0007221443839311975,0.0025244164788154194,2.5978389935126134,Up
HMGN3,0.011301553421311894,0.9472932492246094,0.9599673563090155,0.017743534893665754,Not Significant
HMGN4,0.7562744222991746,0.0022145286011811204,0.006098731855740461,2.214760460941742,Not Significant
HMGN5,1.0286178252357008,0.011537534159388248,0.02296564297997969,1.6389213909276135,Up
HMGXB4,0.3577150847267596,0.01897827333459509,0.03478659490042048,1.4585880802588094,Not Significant
HMMR,2.180816454223473,0.02201344909682994,0.03937561899883964,1.4047726058838081,Up
HMOX1,3.982996269793542,0.002484885134015751,0.006702204240983848,2.173782341737881,Up
HMOX2,-0.5935342040589155,0.0073883702101808805,0.01596877097132851,1.7967285078383426,Not Significant
HMX3,4.501153718157003,0.07570465752743642,0.11258469440971279,0.9485206466535323,Not Significant
HNMT,1.9980606098673022,9.602619816640033e-05,0.0005562612849741094,3.254721165310302,Up
HNRNPA0,0.26505528361758124,0.1411516671110649,0.19236497490217366,0.7158739998212307,Not Significant
HNRNPA1,1.1489009312834888,0.022040686643907438,0.03939635863213689,1.4045439177442767,Up
HNRNPA1L2,0.2851514201964438,0.2075582058276552,0.2678976765544905,0.5720310529611808,Not Significant
HNRNPA2B1,1.0287081543778918,8.341507588480898e-06,0.0001008791686030691,3.996198505663635,Up
HNRNPA3,-0.24990002857204274,0.08822811076631841,0.1285894079658408,0.8907948031959184,Not Significant
HNRNPAB,1.5194064202726452,3.272623856452812e-05,0.00026165406928496535,3.582272506656159,Up
HNRNPC,0.23038983523630563,0.05610970814328073,0.08741868231293072,1.0583957440433005,Not Significant
HNRNPD,-0.1769293604423332,0.44955867351021334,0.5155799267921094,0.2877039994899354,Not Significant
HNRNPDL,0.285812748789823,0.27433708166361837,0.34045716290824024,0.4679375242296577,Not Significant
HNRNPF,1.2390640927309313,1.6509631478712525e-05,0.00016084915620556093,3.793581213010255,Up
HNRNPH1,1.429774424247082,1.6157678749351468e-07,7.6061895196713404e-06,5.118832857688299,Up
HNRNPH2,-0.25138060732438205,0.22029180837831477,0.2819847112583409,0.5497744377662219,Not Significant
HNRNPH3,0.3997812831848506,0.005577430231600081,0.012723512715837685,1.895392971824589,Not Significant
HNRNPK,0.5654692449169474,0.0011792261766586138,0.003721655546259046,2.429263824993947,Not Significant
HNRNPL,0.570291965570835,0.008799129145766318,0.018409642162917943,1.7349546530049753,Not Significant
HNRNPLL,0.13343539337036248,0.38380513786966797,0.4518467872968371,0.34500880127578143,Not Significant
HNRNPM,0.9509598043789822,1.9580659060491405e-05,0.0001819700732245299,3.7400000301585212,Not Significant
HNRNPR,0.9884868601477663,0.0006587175338312487,0.0023531632751120565,2.628347938093804,Not Significant
HNRNPU,0.45125813165566697,0.02455911668251057,0.04306502027147285,1.365875344017609,Not Significant
HNRNPUL1,0.8098962007937125,0.001588960456099922,0.004690063766408033,2.3288212525491216,Not Significant
HNRNPUL2,-0.4194136225623417,0.020646003913973095,0.037293857527230585,1.4283626926337654,Not Significant
HOGA1,0.7945851547185665,0.3364331216119056,0.4045389433180159,0.3930396642766071,Not Significant
HOMER1,-2.226272691920478,1.3965365311475548e-08,1.6950251825036705e-06,5.770823845224236,Down
HOMER2,-1.10526245637217,0.021402090636929317,0.03844590960706597,1.4151498594926475,Down
HOMER3,1.6314130157382518,4.233280988967753e-06,6.374969448862668e-05,4.1955218921837565,Up
HOOK1,-5.096920314181222,0.00017221073784731827,0.0008558307584033465,3.067612109106121,Down
HOOK2,0.25232894896769764,0.3581222623313937,0.42615533569191505,0.37043206958897856,Not Significant
HOOK3,-0.22961366951561857,0.061923934765894396,0.09496448756760849,1.0224387708879181,Not Significant
HOPX,-1.7117957496680312,0.030741491518415508,0.05204870345487694,1.2835900843937078,Not Significant
HOXB4,5.064062343431869,0.008837092658658873,0.018454575340657024,1.7338959439297847,Up
HP,1.7059485658011724,0.43369865964656085,0.5000664183677983,0.30097230923407126,Not Significant
HP1BP3,0.09975953415701966,0.38435436687140306,0.4524405108509599,0.3444385159230823,Not Significant
HPCA,-5.383987742440249,0.00036977526566334677,0.0015136594986966906,2.8199718094255077,Down
HPCAL1,-2.1887017833235163,8.639223850476297e-06,0.00010332829341696077,3.9857807434136094,Down
HPCAL4,-5.1237379904380855,0.00036143781869045705,0.001488371477917792,2.827288661078347,Down
HPD,6.704898914951034,0.0038167346048285076,0.009403224360245141,2.02672320153329,Up
HPGDS,2.911015409824241,7.046983568002868e-06,9.031973595936501e-05,4.044217340697331,Up
HPR,1.244407995591283,0.15454044991053797,0.20760641317492462,0.6827592348146113,Not Significant
HPRT1,-2.563929374113357,5.33026120043982e-05,0.00036672859189042884,3.4356552290735607,Down
HPS1,-1.6697114121725445,0.0004505683198083375,0.0017668451746785491,2.7528015052350168,Down
HPS3,0.9525780992848638,0.0035924320985566086,0.00896239746430393,2.0475757999089947,Not Significant
HPS4,0.43478866480277034,0.027052877084817607,0.04673824108256776,1.3303276356003733,Not Significant
HPS5,0.8048681113275897,0.0013959553435309257,0.004221811507274255,2.3745011606963136,Not Significant
HPS6,0.021100577982604563,0.866403960190781,0.8934541401332714,0.0489277343706497,Not Significant
HPSE,1.9918316714676596,4.173309456663166e-06,6.324947930677354e-05,4.198943045411051,Up
HPX,1.8656798968009607,0.0002767043690599143,0.0012209898440252197,2.91328794842379,Up
HRAS,-0.7441211726223997,0.0027754242961296515,0.00731927339246338,2.1355320305955083,Not Significant
HRC,-0.5432818939267161,0.1905158595920762,0.24873726924968578,0.6042591378630335,Not Significant
HRG,-5.884700363563991,0.008687683460529854,0.018215174742643784,1.7395666581084812,Down
HRH1,0.6379352349010006,0.37379836805832733,0.4417178603893947,0.3548550401535619,Not Significant
HRNR,-0.5698517157803606,0.34659350708733416,0.4151703912482526,0.38177362668180337,Not Significant
HS1BP3,0.6882921506926127,0.00274266225416958,0.007248053396774487,2.139778615850133,Not Significant
HS2ST1,0.14106327211218073,0.6915826138270569,0.7413282881138297,0.12998942745502887,Not Significant
HS6ST1,-0.8333297750608075,0.0037992401349384573,0.00936996404063869,2.0282620758125587,Not Significant
HSBP1,0.317399717297981,0.05542955403720384,0.0864525975183142,1.063221953565035,Not Significant
HSCB,0.3964838927568515,0.0026876307602416425,0.007134438018095997,2.146640230713616,Not Significant
HSD11B1,-2.3444195143608617,6.717718221517444e-05,0.00042927475645864816,3.367264649496453,Down
HSD17B10,1.8196990139256677,2.332990166828158e-05,0.00020652498190357527,3.685027407219934,Up
HSD17B11,0.30494387717233096,0.35588082462501475,0.4239261472475344,0.3727097958518922,Not Significant
HSD17B12,-0.00802756818503525,0.9593308040277468,0.9689491196887429,0.013699027509165657,Not Significant
HSD17B14,0.6894896849462668,0.14384300813436254,0.1956094038803413,0.7086102704320107,Not Significant
HSD17B4,0.0060478156460490595,0.972006609078569,0.9790036572542995,0.009215685804222298,Not Significant
HSD17B7,0.717630400197768,0.03050907685028291,0.05171604243475518,1.286374716864139,Not Significant
HSD17B8,0.8947432163722304,0.03537688223655697,0.058799985423374834,1.2306227815862536,Not Significant
HSD3B7,2.0308105183771765,0.000992233570383416,0.003246430980202187,2.488593825884084,Up
HSDL1,-0.3252402139373096,0.047296571206135896,0.07555751004291357,1.121722362455348,Not Significant
HSDL2,0.03651741196353697,0.856299100720468,0.8850268944965625,0.05304353161406276,Not Significant
HSF1,-0.06372538811915618,0.5908381629026568,0.6505742324933177,0.186703141957298,Not Significant
HSP90AA1,-0.9488774129754596,0.011003843339261746,0.02210423086734254,1.655524592084971,Not Significant
HSP90AB1,-0.8842852801523478,0.0025877456623595333,0.006911174390935827,2.1604481482601483,Not Significant
HSP90B1,0.3941865524927586,0.05015350058328313,0.07947348001221755,1.0997777695298185,Not Significant
HSPA12A,-3.6556763269242474,5.553940247351841e-05,0.0003775330232916494,3.423045054084938,Down
HSPA12B,-0.8823786647471081,0.04998206045148011,0.07924251415672776,1.1010417538922992,Not Significant
HSPA13,-0.5817205019210441,0.01179066715438407,0.02340476471197342,1.6306957204756645,Not Significant
HSPA14,0.48200598785851057,0.0009558953466975341,0.0031469574256963915,2.5021091324951685,Not Significant
HSPA1A,0.9271023359906607,0.1961310647174586,0.2547478527544711,0.5938894679331733,Not Significant
HSPA1L,-0.13087134955850743,0.5800291459630158,0.6408437833331236,0.19324782431083595,Not Significant
HSPA2,-1.1932112020055605,0.1043183841902486,0.14809799920131966,0.8294508087420993,Not Significant
HSPA4,-0.6405465864658559,0.00021088324384675524,0.0009941215716014096,3.002560502275546,Not Significant
HSPA4L,-2.5689541969641407,1.2656496843179414e-05,0.00013198918136458532,3.879461664750323,Down
HSPA5,0.1936695268573736,0.36197992711840954,0.429819163813161,0.3667142250642882,Not Significant
HSPA6,3.4566125186837553,0.003866490697861028,0.009507207051562605,2.0219470477570267,Up
HSPA8,-0.4472674624973543,0.027533151908371332,0.047429714829844864,1.3239494865266461,Not Significant
HSPA9,-0.09439901364587655,0.3903887094580749,0.4587397479389533,0.3384336283819084,Not Significant
HSPB1,0.7215296993149636,0.2619347796344558,0.3276705538355281,0.4845625848041903,Not Significant
HSPB11,0.13457063969218908,0.5133481901519272,0.5779469901196373,0.23811199368032118,Not Significant
HSPB2,-0.7921719229104838,0.1405278949551465,0.1917483426490784,0.7172683811285016,Not Significant
HSPB6,-0.7696862854334565,0.18211960766219276,0.23932597542250586,0.6210101623542086,Not Significant
HSPB7,-1.8252600470579186,0.0127164886581715,0.02493830477725284,1.603133071743892,Down
HSPB8,-1.1620000482394346,0.25219550487174536,0.3171411204691003,0.4987474437659884,Not Significant
HSPBAP1,0.8941338229789881,0.00011626090361229698,0.0006384623165737966,3.194864730643353,Not Significant
HSPBP1,-0.30148976582509235,0.39607748339370996,0.46412522597513484,0.33336482631470965,Not Significant
HSPD1,0.42850691452855116,0.04154602897619413,0.06748382713740401,1.170800295710586,Not Significant
HSPE1,0.4220428929907527,0.05897732902480817,0.09119533577834497,1.04002737326728,Not Significant
HSPG2,2.005145177718351,0.001960579201841019,0.0055402173574604285,2.2564731964098526,Up
HSPH1,-1.3687689115239365,0.009451100392020231,0.01951832417983022,1.709557473077908,Down
HTATIP2,-0.8673354721888611,0.07019399373813984,0.10568439589269478,0.9759891307433066,Not Significant
HTATSF1,-0.03979286730347198,0.85237459061192,0.8820566641833059,0.05450351446946927,Not Significant
HTR2A,-4.378969285905432,4.195411249205994e-05,0.00030940390135066753,3.5094742144750977,Down
HTRA1,0.15102479020104198,0.5103227366618682,0.5748620428415141,0.24043636612997166,Not Significant
HTRA2,0.699303937930555,0.0003443850729594358,0.0014342121720959057,2.8433865959804083,Not Significant
HTT,-0.7599431753262493,0.0010423958286403332,0.003370056347151064,2.47236283768884,Not Significant
HUS1,0.3156509178784894,0.04774747745450065,0.07613296737521993,1.1184272427199051,Not Significant
HUWE1,0.0016253643386328065,0.9942657147794642,0.9969376740010274,0.001331991822267384,Not Significant
HVCN1,-0.004444810709374636,0.9888448119527661,0.9927867884803833,0.0031440108488150196,Not Significant
HYAL2,1.4177328176195942,0.0011309058779581718,0.0036052993084020957,2.4430586747471787,Up
HYI,0.8231592585505183,0.003494369168704384,0.008767689914203727,2.0571148182269066,Not Significant
HYKK,-1.078299618771764,0.0006454369844535389,0.002315574138669854,2.635341309466132,Down
HYOU1,-0.46035779419290535,0.0057519243109459915,0.013021322586173015,1.8853449018887891,Not Significant
HYPK,0.7809633623019714,0.038599035937134124,0.06342304485902613,1.1977529118874515,Not Significant
IAH1,-0.3850369717686526,0.09369873912014116,0.13542626942558136,0.8682970848384793,Not Significant
IARS,0.28337535916251966,0.19688721600238204,0.25566406470842956,0.5923303106736335,Not Significant
IARS2,-0.2225514480507904,0.06753903346277647,0.10203195020666336,0.9912638122999028,Not Significant
IBA57,-0.0015022738606038644,0.9949340634851566,0.9974367705684981,0.0011146255294887857,Not Significant
IBTK,-0.1628775465287191,0.18435256767320898,0.24197625625275668,0.6162272467646467,Not Significant
ICA1,-2.0040561195787525,0.0034935270376245504,0.008767689914203727,2.0571148182269066,Down
ICA1L,-1.3600793830834697,0.0008504047973719698,0.002870009356356859,2.5421166874445684,Down
ICAM1,2.099927141488804,0.0029031603339308783,0.0075760605680497365,2.120556561952957,Up
ICAM2,-0.4997255625869048,0.10222535651468963,0.14562014948760754,0.8367785274554851,Not Significant
ICAM3,0.7364497998963451,0.04623415564684364,0.07415926003754691,1.129834612240224,Not Significant
ICAM5,-4.229533480122692,2.4992306217139414e-06,4.4879232233772274e-05,4.347954581330509,Down
ICE2,0.7784409437322157,0.0045089933955139066,0.010743519268308205,1.968853432933532,Not Significant
ICMT,-0.013542773079404213,0.9261621049363569,0.9434884260419515,0.02526342304218146,Not Significant
ICOSLG,-0.3727766760701794,0.5872793191071632,0.6472923261143941,0.18889954167035733,Not Significant
ID1,2.5107802566637645,0.0007043484588486143,0.002476651439595442,2.6061351111017537,Up
ID4,3.165252431977944,8.034167859572647e-08,5.122544747932585e-06,5.290514239135588,Up
IDE,0.10704124178839791,0.3738923668287385,0.4417771174563349,0.3547967828507592,Not Significant
IDH1,1.8096331133757602,7.526583890797689e-05,0.000466889200221034,3.3307861717720355,Up
IDH2,-0.023016477043430683,0.8958881112262627,0.9177523726350792,0.03727448405525807,Not Significant
IDH3A,-1.6627230968133304,7.803739740063228e-07,2.0154976617653773e-05,4.695617701347687,Down
IDH3B,-0.04121290714047987,0.7953196957185324,0.8335466723541922,0.07907007792547635,Not Significant
IDH3G,-0.0013618928105501027,0.993106891472749,0.9958748581222848,0.001795231698311296,Not Significant
IDI1,-0.9535020466479978,0.00021924634030006618,0.001023014188134723,2.990118343036726,Not Significant
IDNK,0.154868279615755,0.4087513171417275,0.476261944122804,0.3221541195544787,Not Significant
IDS,-3.3738710534050185,7.873452899516277e-05,0.0004810016040614128,3.3178534753229276,Down
IDUA,0.8586800762751174,0.006429679363801901,0.014270233511993908,1.8455689202181724,Not Significant
IER3IP1,-0.09927431959200561,0.7638426419810359,0.8063450461403077,0.09347907783712373,Not Significant
IFFO1,0.1705765764073206,0.21333870117645293,0.2743743234586476,0.5616565332786357,Not Significant
IFFO2,0.1409667718734866,0.5013789324510385,0.5661799535379175,0.2470455115551406,Not Significant
IFI16,2.898126029565814,9.951951788321852e-07,2.3534263454355478e-05,4.628299389144703,Up
IFI27L2,0.9176791330078373,0.0048571221348381035,0.011411065388609854,1.942673805994218,Not Significant
IFI30,3.2586860015176065,0.00099151664469331,0.003245139271812997,2.4887666598244955,Up
IFI35,1.7627815285020176,4.769907247074092e-06,6.874398513165151e-05,4.162765295147303,Up
IFI44,2.5646823082480523,5.865247791345445e-05,0.00039387173185239245,3.404645187358053,Up
IFI44L,3.1799798064972293,4.6305578487245436e-05,0.0003327263892157707,3.4779127529745995,Up
IFI6,1.1194853561141969,0.1348250647437014,0.18524654967649315,0.7322498722577545,Not Significant
IFIH1,1.5729614092486397,0.0005493857643092956,0.0020492323599222563,2.6884087946926774,Up
IFIT1,-0.12057469737194992,0.8120146225817012,0.8480442989724297,0.0715814610725474,Not Significant
IFIT2,1.810236230445497,4.517031663858138e-05,0.00032677179393142934,3.485755437661665,Up
IFIT3,1.3160081693187884,0.0004487981770203464,0.0017612749650576431,2.7541728379649526,Up
IFIT5,0.24819451176580998,0.24153183973608378,0.3054854681106476,0.5150094442412777,Not Significant
IFITM1,-0.12576797067230316,0.8396948606068603,0.8714418487435367,0.0597615880289204,Not Significant
IFITM3,-0.1313727357204506,0.8063813118960074,0.8430350078912804,0.07415439047807325,Not Significant
IFNAR1,-0.1522603152517341,0.2337208728153036,0.29676128973296806,0.5275927501308609,Not Significant
IFNGR1,1.2415031732562625,3.0542943809206935e-05,0.00025056157649344516,3.6010855271019953,Up
IFRD1,1.064109436195654,4.117187896191383e-05,0.00030510381441493126,3.515552362764014,Up
IFT122,-0.46626989314595946,0.09921817413053234,0.14228098024070931,0.8468531514166444,Not Significant
IFT140,0.5166358625128247,0.012909586461341554,0.025247752671627804,1.597777272822439,Not Significant
IFT172,-0.28071526413648584,0.3014410211257897,0.3685335979151948,0.43352291289575884,Not Significant
IFT20,0.16283331132623147,0.3557552532458868,0.42389210122545157,0.3727446759681339,Not Significant
IFT22,-0.05131772481808028,0.7915566891839652,0.8298618052699828,0.08099422353435035,Not Significant
IFT27,0.6879648407419587,0.012026559996757008,0.02379798966948146,1.6234597283353538,Not Significant
IFT43,0.2659499362471607,0.12029111415185328,0.1676089466066072,0.7757028033776958,Not Significant
IFT46,0.33166924366436135,0.03236030700629693,0.05444183914185627,1.264067211983247,Not Significant
IFT52,0.9073238710406244,0.00014570057880324312,0.0007569817590839975,3.1209145855258336,Not Significant
IFT57,-0.1883925918897731,0.3461116233307999,0.4147904465184961,0.38217125486756764,Not Significant
IFT74,0.38635655822676185,0.012328238382346656,0.024313757530101843,1.614147918635701,Not Significant
IFT80,-0.44678806804803983,0.0668384353070915,0.10116141786112377,0.9949850922878258,Not Significant
IFT81,0.35913951099464825,0.017125775343075432,0.031854701035107444,1.4968264665327293,Not Significant
IFT88,0.467682448242865,0.0866555505393641,0.12653544225736396,0.897787812662747,Not Significant
IGBP1,0.011342827254196663,0.936864838093793,0.9511212716876822,0.021764105284495062,Not Significant
IGDCC4,0.6218783776682546,0.4184392161848424,0.48564016864586435,0.3136853987454812,Not Significant
IGF1,-0.2748190701974451,0.3517915859980941,0.42009820262503555,0.37664917657126495,Not Significant
IGF1R,-0.3541024944849518,0.11100885970909893,0.15660317220409783,0.8051994449806182,Not Significant
IGF2,1.554576505214527,0.13417664833064255,0.18448144606017375,0.7340473058131848,Not Significant
IGF2BP2,2.3303661103364366,0.04645080723985742,0.07443232650090419,1.1282384062302964,Not Significant
IGF2BP3,3.7354600938477507,0.027902864358558654,0.04792727289823016,1.3194172820231356,Up
IGF2R,0.8559543736175321,0.007031704928962056,0.015326134888438718,1.814567356448208,Not Significant
IGFALS,0.1815858574635989,0.6741132482648075,0.7255359896388537,0.13934103985768015,Not Significant
IGFBP2,1.138011205313779,0.24502767289209348,0.3091307171840889,0.5098578385447864,Not Significant
IGFBP3,2.0658395667132297,0.039216860916735916,0.06424402398916478,1.1921672644050116,Not Significant
IGFBP4,0.08139003403957545,0.8698226449490862,0.8964289846769407,0.04748410965399139,Not Significant
IGFBP5,1.7484009908640168,0.024340955414190502,0.04276841111800974,1.3688768838441578,Up
IGFBP6,-0.5280428333514777,0.6086358235056926,0.666818628167085,0.17599227627479147,Not Significant
IGFBP7,2.259925163704942,0.001363169864602895,0.0041513092281175775,2.3818149151246897,Up
IGHMBP2,-0.19933917093173292,0.1513571047982193,0.20411934052707645,0.6901158434649988,Not Significant
IGLL1,1.1914890071979194,0.6379610122727011,0.6930679648048302,0.15922417477867834,Not Significant
IGLL5,8.532356101775749,0.011477694810003873,0.02287817521091789,1.640578618315785,Up
IGLON5,-1.115479945638885,0.16792062875596736,0.22293521535155708,0.6518213239608943,Not Significant
IGSF1,0.1326991714758865,0.9268921768215255,0.9439457934998027,0.025052944536516755,Not Significant
IGSF11,0.6819365810989417,0.10995594012030076,0.1552482327641079,0.8089733348239393,Not Significant
IGSF21,-1.8926680024462854,0.0013200408841112375,0.004053060611562513,2.3922169015456713,Down
IGSF3,-1.0515608528180262,0.2730845924061612,0.3393489551679461,0.4693534836332455,Not Significant
IGSF6,2.758227118220322,6.120769095545367e-06,8.196487637937844e-05,4.086372211792838,Up
IGSF8,-1.8954312430039089,2.5144036315669488e-05,0.00021767036332925185,3.6622006978250035,Down
IGSF9B,0.5103973001867033,0.27271188857039214,0.3389635491003245,0.4698470017253306,Not Significant
IK,0.32946278338944524,0.05781242673828518,0.08961415401776965,1.047623390713469,Not Significant
IKBIP,1.612112112582997,0.0006404150450290596,0.002301655784382,2.6379596251550574,Up
IKBKB,1.4097592635841316,2.6628570970106044e-05,0.00022733578301088836,3.643332200257996,Up
IKBKE,1.8302552534868912,0.0008889553987110858,0.0029673083786002246,2.5276373171260427,Up
IKBKG,0.2904807380433372,0.09095414917171724,0.13198964257503304,0.879460147195623,Not Significant
IKZF1,2.570273481413933,5.795654682904124e-06,7.911304237882946e-05,4.101751913895051,Up
IL10RB,1.5005936493521137,1.1351115802722187e-05,0.00012442996800503083,3.9050750105469807,Up
IL13RA1,1.421092344485043,0.0021092364661812486,0.005861640871809627,2.2319807932277,Up
IL13RA2,-0.1881371939326506,0.8512278838091215,0.8812155193134524,0.05491786298195377,Not Significant
IL16,1.6045154150474605,0.0005030871379636957,0.0019226478861328797,2.7161002452007446,Up
IL17D,-0.14984467973976834,0.7917788333564996,0.8300083212521724,0.08091755358081107,Not Significant
IL17RA,1.2097221667866194,0.0002178982270605276,0.0010171949672881163,2.992595797222643,Up
IL18,3.1287698344366124,7.738507515334444e-07,2.0050147044033114e-05,4.697882437997515,Up
IL1RAP,0.2197478984041279,0.47588411007509945,0.541946249705692,0.26604378470475654,Not Significant
IL1RAPL1,-1.2705775352551534,0.00011219193589745384,0.0006220261762415795,3.2061913388492584,Down
IL33,1.2526567455695066,0.0015509708027822893,0.00460220320095104,2.3370342098517525,Up
IL4I1,2.9791227276853967,0.0027086643513329184,0.007175147166796692,2.144169186848707,Up
IL6ST,0.046827369398414476,0.7121778597207884,0.7602500539183239,0.11904354038287039,Not Significant
ILDR2,0.026056596219007133,0.9374344523748013,0.9516036551011434,0.02154389851034009,Not Significant
ILF2,1.348305589358354,7.926737552811841e-06,9.798031178776257e-05,4.008861182888574,Up
ILF3,0.8966359603369654,9.171216860174787e-05,0.0005390363981878693,3.2683819082855567,Not Significant
ILK,0.7065501731189272,0.011543457157357075,0.02296835619261607,1.638870085432825,Not Significant
ILKAP,0.2656941587823134,0.19934753756009518,0.25869214136035024,0.5872167642315614,Not Significant
ILVBL,0.6857276285965241,0.004705544789402036,0.011122397514884117,1.9538015872814565,Not Significant
IMMT,-0.19878602937432177,0.18100077453105667,0.2380299934606571,0.6233683153227384,Not Significant
IMP3,0.05389857936734188,0.7965336437392635,0.8343849357418468,0.07863354540516909,Not Significant
IMP4,-0.21985211750306277,0.18988698081106684,0.24807696079505737,0.6054135673045138,Not Significant
IMPA1,-0.6733933322769552,0.0013427100553695247,0.00410514752588546,2.3866712311080605,Not Significant
IMPA2,-0.34081388260594814,0.19000618634565328,0.24820050846033598,0.6051973331463462,Not Significant
IMPACT,-0.2089466235102435,0.6902289620157231,0.740113524571197,0.13070165957526017,Not Significant
IMPAD1,-0.28362273364916035,0.14531298806475113,0.19731541201837213,0.7048389913158618,Not Significant
IMPDH1,-0.39712388104755547,0.01485599999194423,0.0282536046665747,1.5489261359176805,Not Significant
IMPDH2,1.4313599585159658,0.00021019676302765067,0.0009921287803321347,3.003431951880454,Up
INA,-3.583779462422921,0.00024501285496753564,0.0011209171212274995,2.950426497239275,Down
INAFM2,0.11796800020711018,0.7228142113293504,0.7696470103511126,0.11370841327722266,Not Significant
INCENP,0.1337239169082487,0.6218851332428057,0.67885701856179,0.16822168755827785,Not Significant
INF2,-1.9977422126214446,1.1792463023994603e-05,0.00012664954424703798,3.8973963686950097,Down
ING1,0.3263424213785395,0.23864357534870623,0.3021359027350593,0.5197976645537085,Not Significant
ING3,0.611104551754341,0.0011683933255508812,0.0036967318974873045,2.4321820451434037,Not Significant
ING4,0.45932674309860744,0.014089274368024794,0.0270868988518095,1.5672407140012066,Not Significant
ING5,-0.08285662964543405,0.7247123409026662,0.7710161709001436,0.11293651318243918,Not Significant
INHBC,2.7602606694306786,0.045266742279278085,0.07276482554993575,1.138078507516511,Not Significant
INIP,-0.47387603546128787,0.012766553851807763,0.025016585003522933,1.601771975831669,Not Significant
INMT,2.6071618691917084,0.016516974224740376,0.030887692285137287,1.5102145379682004,Up
INO80,0.25186646841552474,0.040099157843438794,0.06550331054237107,1.1837367501769003,Not Significant
INO80B,0.7911195017337054,4.117444926458115e-05,0.00030510381441493126,3.515552362764014,Not Significant
INO80C,0.32642804169996076,0.029375211150477587,0.050105973100222016,1.3001104990860362,Not Significant
INPP1,-0.362311276820634,0.2483732604232348,0.31276402818795845,0.5047832020886076,Not Significant
INPP4A,-1.2450760225041186,0.00033688501084265656,0.0014131693854858396,2.849805779571881,Down
INPP4B,-1.4080349373688996,0.0012325495349953658,0.0038453713272044955,2.415061716312649,Down
INPP5A,-1.5892515388120572,0.00022883890093632186,0.0010594315661914093,2.9749270912281456,Down
INPP5B,0.21920944249999863,0.21141200998752877,0.2722439714450166,0.5650417284579586,Not Significant
INPP5D,1.6263773193162017,2.9763726356074723e-05,0.00024556902482481306,3.609826414387706,Up
INPP5E,-0.2040232701540745,0.19093970675138178,0.24919375642096386,0.6034628431761567,Not Significant
INPP5F,-2.2888983761352897,8.61170177442692e-07,2.131554881463803e-05,4.671303481027617,Down
INPP5J,-2.7771047127466186,0.003897002265142419,0.009565887139143452,2.019274747354538,Down
INPP5K,0.28308058296637384,0.027200133927595016,0.04694434627147374,1.3284167043766109,Not Significant
INPPL1,1.6071690714311764,1.1183021466801631e-05,0.00012352824370236802,3.9082337332406625,Up
INSIG2,-0.2389653982150648,0.5079043610444477,0.5725860041586578,0.2421592717369677,Not Significant
INSM1,0.500990555899838,0.33148514771226606,0.39963874797192056,0.39833241029950417,Not Significant
INSR,-0.0621703243962628,0.8046645537396927,0.8413275261415324,0.07503490181799981,Not Significant
INTS1,-0.453304325614873,0.009316089645524614,0.01930916375886846,1.714236534235781,Not Significant
INTS10,0.4797580165996891,0.007611726072775537,0.016374232000243596,1.785839060550112,Not Significant
INTS12,0.948144340293176,0.0011580237452713173,0.003673152144163492,2.434961082544388,Not Significant
INTS2,0.43892009908691776,0.001987079035554632,0.005590012344087506,2.2525872330861763,Not Significant
INTS3,0.331816498182782,0.1032568155763381,0.1468599689560963,0.8330965679312649,Not Significant
INTS4,1.4254875805350977,1.1907495573072501e-08,1.5223026267907658e-06,5.817499003228598,Up
INTS5,0.8457253444881445,0.0009873491985497652,0.003234652301200109,2.490172395609098,Not Significant
INTS6,0.2795449391212266,0.1238220604116591,0.1718159003563435,0.7649366477371075,Not Significant
INTS7,0.9636748733997997,0.003167274749406619,0.00809209379292982,2.0919390921004672,Not Significant
INTS8,0.3274212618497039,0.01094440661016373,0.022006776884389106,1.6574435596195474,Not Significant
INTS9,1.3651176718668196,2.183225022012567e-08,2.2246325948949574e-06,5.652741703867366,Up
INVS,0.17449873816669736,0.3751609034203497,0.44306810563383386,0.35352951163792384,Not Significant
IP6K1,-0.9541689343268231,0.0015435881190520777,0.004583643895197091,2.3387891302113255,Not Significant
IP6K2,0.8195809047333142,0.004022725220687446,0.009833762162874383,2.007280299665984,Not Significant
IPCEF1,-4.165269601656869,5.507135489367138e-05,0.00037460420607619545,3.426427350651579,Down
IPO11,0.2868051218957355,0.031190640410545548,0.052729402835347515,1.2779471470600001,Not Significant
IPO13,-0.10593133188291404,0.4593481178152357,0.5258327508922706,0.2791523678515026,Not Significant
IPO4,1.9509649942737362,2.3761512510655405e-06,4.3259618642705735e-05,4.363917313424402,Up
IPO5,-0.5856550824491293,0.007599503082338102,0.016351429741878264,1.7864442673547052,Not Significant
IPO7,0.19083996085953459,0.2394206958349039,0.30304360972996885,0.5184948695100117,Not Significant
IPO8,0.3214242347112233,0.0013472282772236351,0.004111474603075098,2.386002388070127,Not Significant
IPO9,0.7545291293458298,2.0326935890073535e-06,3.827543030964501e-05,4.417079918067877,Not Significant
IPPK,0.3014767138157204,0.07444351728016095,0.11097550283644597,0.9547728784846273,Not Significant
IQCB1,0.05852384655898746,0.7731272504537313,0.813588626456794,0.0895951312524449,Not Significant
IQCE,-0.5449401681071713,0.06326628921063032,0.09664057581620772,1.0148404910464472,Not Significant
IQGAP1,1.0841693801222974,0.042271611289179854,0.06844169272375407,1.1646792578758989,Not Significant
IQGAP2,4.157204910519043,0.0007419420430396106,0.002573834045403427,2.5894194587871255,Up
IQGAP3,2.2478486238243214,0.005844044852676652,0.013179518210401746,1.8801004654922646,Up
IQSEC1,-3.5829817882602093,4.243458746670939e-06,6.374969448862668e-05,4.1955218921837565,Down
IQSEC2,-2.706184544609277,0.0008298184621762727,0.0028156251896139343,2.55042515809395,Down
IQSEC3,-5.3976182381169355,7.786566742181161e-05,0.00047801263473938463,3.320560624046718,Down
IRAK1,1.1521243350437622,0.0004340876042043918,0.0017182705401787989,2.7649084558385204,Up
IRAK3,1.4265070361903422,0.003617448802349124,0.009011419197543292,2.045206807120254,Up
IRAK4,1.4081112253335473,7.580270543033342e-07,1.9834713104030622e-05,4.7025740769260285,Up
IREB2,-0.2794814987091243,0.12867748747361324,0.17764793871579823,0.7504398273502686,Not Significant
IRF2,0.6178630908009772,0.010106374666407583,0.02063052044364539,1.6854898159942577,Not Significant
IRF2BP1,-0.22240708405812626,0.44479478379568654,0.510969548093867,0.2916049814482084,Not Significant
IRF2BP2,0.5155184952812384,0.00836583349570893,0.017675630586361527,1.752625083596575,Not Significant
IRF2BPL,0.09882407992571629,0.657109437712673,0.7104228885509195,0.14848305481499746,Not Significant
IRF3,0.7552706714090327,8.619870382456554e-05,0.0005166463957804293,3.28680659598177,Not Significant
IRF5,2.0141062595349766,3.713378500998273e-05,0.00028556164136684433,3.544300130444657,Up
IRF8,2.115499094002354,0.0002628701476510185,0.00117539008763265,2.929817976123402,Up
IRF9,2.2306725153714346,2.290777467025247e-05,0.00020386300532519732,3.690661577757055,Up
IRGQ,-0.5434907248208205,0.00012539679320826446,0.0006740914059658784,3.1712812096738303,Not Significant
IRS1,-0.8023435923118143,0.014862838583846998,0.028261275178119036,1.5488082462267994,Not Significant
IRS2,-0.48111229252914,0.17014560832493683,0.2254731463122091,0.6469051748631424,Not Significant
ISCA1,-1.0711433727878301,0.0004337380576407028,0.0017175617895724999,2.7650876301707843,Down
ISCA2,-0.06562209787188422,0.5303529533655803,0.593509848056527,0.22657207043959496,Not Significant
ISCU,-1.0452211406959258,3.572474196142506e-05,0.00027855344467445515,3.5550914665570503,Down
ISG15,1.8855586646972213,0.03318037456589543,0.055589405184904475,1.2550079729536292,Not Significant
ISG20,1.1222996477437892,0.08831113619220204,0.12865457498195854,0.8905747655819526,Not Significant
ISG20L2,0.47623248481489355,0.0035200836953731937,0.008812456050494423,2.0549030359098044,Not Significant
ISLR,-0.8804955750731196,0.26249700792893776,0.3282515960620803,0.4837931535575415,Not Significant
ISLR2,-4.7358007713812125,0.00015772676548762493,0.0007999726234004965,3.0969248751449765,Down
ISOC1,-0.1032272524432365,0.6219149716405361,0.67885701856179,0.16822168755827785,Not Significant
ISOC2,-0.012994537231183045,0.9687282903029744,0.9763850721873101,0.010378869070741268,Not Significant
ISPD,-1.4611489103109765,2.0344001501551677e-05,0.0001864835952016666,3.7293593666797027,Down
IST1,0.773769301136582,1.344823820975266e-08,1.672562366975905e-06,5.776617679163431,Not Significant
ISY1,0.1381271194754543,0.3068816271630978,0.37445803198171596,0.42659684952686655,Not Significant
ISYNA1,0.062023626933589426,0.839110937256258,0.8711050682109999,0.05992945946732036,Not Significant
ITCH,-0.06881349745339094,0.493359579783239,0.5585642174349685,0.2529268893802619,Not Significant
ITFG1,-1.006848563010692,0.002151052235440593,0.005948311891251313,2.2256062679412394,Down
ITFG2,0.6713375289859513,0.006199337600193085,0.013838273207255739,1.8589180994275454,Not Significant
ITGA1,0.6144582784076444,0.21458358784723633,0.275799319210648,0.5594068101812851,Not Significant
ITGA2,1.8471460630612242,0.001540341201591958,0.004578047528219726,2.339319702894238,Up
ITGA2B,0.37929193211902934,0.2726707670591709,0.3389542580644235,0.4698589059579104,Not Significant
ITGA3,0.18169338591088646,0.771491461525652,0.8122914907409509,0.09028809624688956,Not Significant
ITGA4,2.0352423741006582,0.004679364624917115,0.011073506984123798,1.955714816099583,Up
ITGA5,2.4318683616556207,0.0013755810565492545,0.004171464046862489,2.379711495174134,Up
ITGA6,0.031185276993412003,0.9261567953835772,0.9434884260419515,0.02526342304218146,Not Significant
ITGA7,0.193336711629712,0.640381685168599,0.6950980601646877,0.1579539234899987,Not Significant
ITGA9,-0.27488848186025905,0.23220014526533064,0.2951652067385414,0.5299348372691085,Not Significant
ITGAL,2.469851148165006,8.82614633546938e-05,0.0005242606024971611,3.2804527777258516,Up
ITGAM,2.445471861314916,3.2320833773417417e-07,1.138461816200724e-05,4.943681530961369,Up
ITGAV,1.4023874161554097,0.00032788954222388693,0.0013843919733291855,2.8587409273993982,Up
ITGAX,2.0369619197224402,0.00025190516841445645,0.001141581691413668,2.9424930050140965,Up
ITGB1,1.6879821885871458,0.008035018098106432,0.01712754386803305,1.7663049114675902,Up
ITGB1BP1,-0.767207334621272,2.8815907958255494e-05,0.00024050659218845553,3.618873015290842,Not Significant
ITGB2,2.962423012359693,3.677678000399847e-06,5.8025213413296245e-05,4.23638325355974,Up
ITGB3,3.641460452335961,0.0025829004156659595,0.0069034347715594465,2.1609347743093306,Up
ITGB4,0.9092043543832418,0.08122000827825514,0.11962139815718455,0.9221911257794421,Not Significant
ITGB5,0.9709239437828963,0.010859252781947805,0.02187444066436546,1.660063043196406,Not Significant
ITGB8,0.9717094327826743,0.0033632060196922896,0.0085021173004718,2.0704729075321273,Not Significant
ITGBL1,0.7564193912617263,0.4238960794763742,0.4907860136357883,0.3091078222436258,Not Significant
ITIH1,3.100297812788294,0.23318711960984745,0.29618270157297666,0.5284403098620184,Not Significant
ITIH2,0.3841007539476493,0.6328500686012062,0.688629465444864,0.16201439840983528,Not Significant
ITIH3,-0.5630146905261375,0.7774075968081228,0.8169835312168818,0.08778669790298178,Not Significant
ITIH4,-0.3103180636179381,0.373129805423415,0.4411348034075206,0.3554286771307414,Not Significant
ITIH5,-0.5272643005268876,0.16969127999650316,0.22493025719536483,0.6479521201574079,Not Significant
ITM2A,-0.5026014093454663,0.2328695387455754,0.29582947456783437,0.5289585578426474,Not Significant
ITM2B,-0.02846609926358923,0.8888295844561337,0.9123771381507123,0.0398256055735846,Not Significant
ITM2C,-0.4252585400686648,0.1784916075147403,0.23520267548770357,0.6285577423623221,Not Significant
ITPA,0.9640170751635537,0.0008464744379839428,0.0028586602374288434,2.543837459115015,Not Significant
ITPK1,-1.4572300534995577,0.0017791272580938244,0.005145830605236057,2.288544514360049,Down
ITPKA,-4.082635526084399,1.9269052903824038e-09,5.170409967300105e-07,6.286475019869837,Down
ITPKB,0.010109725165097672,0.9728390058906319,0.9796461560717938,0.008930761261634711,Not Significant
ITPKC,1.134673793483941,0.0028158596842395365,0.0074007227912937885,2.1307258628445322,Up
ITPR1,-2.6364099213051126,0.0008586272932321274,0.0028893159223177655,2.5392049691222174,Down
ITPR2,1.00885996484622,0.0008254783980782162,0.0028037320911125925,2.552263487463659,Up
ITPR3,-0.12172946960339459,0.827442173027658,0.8615661448145351,0.06471137494812788,Not Significant
ITPRIP,2.360933882571434,4.8128250271166385e-05,0.0003426459316125301,3.4651544203874236,Up
ITSN1,-1.2721217423714961,0.001714712489679612,0.00498528531631527,2.302309981232882,Down
ITSN2,-0.4881127646787533,0.002326529223704259,0.006356782044913671,2.196762678976028,Not Significant
IVD,0.34373023894001165,0.09159604554237337,0.132768138531492,0.8769061337040437,Not Significant
IVNS1ABP,1.7503515580565967,0.000273806552936964,0.0012101837498752896,2.917148682990828,Up
IWS1,0.5899569641889002,2.9121819665947754e-05,0.00024238367986727162,3.6154966253564025,Not Significant
JADE2,-1.4816766899883582,0.0008595683945888687,0.0028898092368631525,2.5391308251023097,Down
JADE3,2.4816972727357083,0.0001352322332998219,0.0007128882879447441,3.146978520260712,Up
JAG1,1.91073467780053,0.0036449399770006915,0.00906868988103358,2.042455449272294,Up
JAGN1,0.698173725777437,0.0025676516019261194,0.006873909709753847,2.1627961767104615,Not Significant
JAK1,0.6717166727886017,0.0016378010903269132,0.004811667595203652,2.3177043826944472,Not Significant
JAK2,0.004583147360374795,0.9775210177108767,0.98327975361152,0.0073229031599716665,Not Significant
JAK3,-0.08561114987453955,0.8539782890013277,0.8832625547637961,0.05391018075313707,Not Significant
JAKMIP1,-4.848756121635157,7.245904049469269e-05,0.0004531051359053595,3.3438010151046016,Down
JAKMIP2,-0.19955675783874938,0.10302922405255667,0.1465776589613693,0.8339322188434806,Not Significant
JAKMIP3,-3.2315609730667827,8.88297578928327e-05,0.000527014712021435,3.2781772609534037,Down
JAM2,1.2029551760896844,0.016129877421437674,0.03029388776068902,1.5186449879854937,Up
JAM3,0.5054752649010581,0.14745910129848336,0.19953028696855896,0.6999911728344894,Not Significant
JMJD1C,1.0083550644004156,4.86233649031105e-05,0.00034495195636192615,3.4622413876509137,Up
JMJD4,0.7843606685674871,0.02003595031333227,0.03636795737955122,1.439281090578535,Not Significant
JMJD6,-0.09779348908513086,0.6344854402370047,0.6900874102900545,0.16109589563621649,Not Significant
JMJD7,0.6329435011358484,0.13559506514312877,0.1861079718606014,0.7302350236402214,Not Significant
JMJD8,0.8406987975895284,8.071222108632391e-05,0.0004912960212831584,3.3086567529459154,Not Significant
JMY,-0.6037396075380101,0.0008055391281773285,0.002749915681890345,2.560680622333791,Not Significant
JOSD1,-0.47619017151313514,0.03215492450655099,0.054150569956368216,1.2663969678917917,Not Significant
JOSD2,0.47222043373118083,0.053799720112763516,0.08428901717200306,1.0742290101004257,Not Significant
JPH1,-4.1471765784063575,0.0010931906577110696,0.0035039143130070997,2.455446522892999,Down
JPH2,2.4017924981822567,0.0007516686306182563,0.0025985963571888517,2.5852611746966,Up
JPH3,-3.8256198084231823,5.027476953203753e-05,0.00035122609449774345,3.4544132254670066,Down
JPH4,-3.0402106100270245,9.813692965489444e-05,0.0005649322453390895,3.2480036357909077,Down
JTB,0.4297641382127608,0.0009540013399116237,0.003141748773543543,2.5028285457842414,Not Significant
JUN,2.0057826168935478,0.002689947455513721,0.007136826617552074,2.146494853888307,Up
JUNB,2.0173179300265964,0.01182188168907167,0.02344362916057244,1.6299751570562802,Up
JUND,-0.07431935062367856,0.8345858006114146,0.8671993468946552,0.06188105788151183,Not Significant
JUP,-0.13265740976083684,0.606610203914951,0.6649609569357146,0.17720385347156575,Not Significant
KALRN,-2.3163790737766803,4.372275658125735e-05,0.0003194075778097075,3.4956547846223893,Down
KANK1,1.8225931744085777,1.5408448348504948e-05,0.0001526299986851906,3.816360099519816,Up
KANK2,1.104699553503247,0.0007434888973507105,0.0025773940646631305,2.588819175929107,Up
KANK3,-0.4435403937653959,0.21978431348757108,0.2815497423796784,0.5504448657058006,Not Significant
KANSL1,0.5162960344483487,0.023723161648733296,0.04186146968809585,1.3781855283569697,Not Significant
KANSL2,0.6785707632721341,3.974740351145349e-05,0.00029881742013013613,3.524594088095373,Not Significant
KANSL3,0.2228256412641514,0.0986606140326989,0.14160236868006962,0.8489294818434273,Not Significant
KARS,0.5536070213305564,0.000670210371387993,0.0023832330679006853,2.6228334838165264,Not Significant
KAT2B,0.5770743260085887,0.020581559802354498,0.0371974584587225,1.4294867325659426,Not Significant
KAT5,0.42785946918546713,0.014692204069747895,0.028016139276668618,1.5525917122465553,Not Significant
KAT6A,0.5928614733243833,0.00019154101747101247,0.0009285775794047063,3.0321818066254425,Not Significant
KAT7,0.41262971113747327,0.0005101596999381248,0.001941574921487219,2.711845846240427,Not Significant
KAT8,0.2115553632826419,0.04608829550096662,0.07394385871583654,1.1310978897749693,Not Significant
KATNA1,0.9916200510966213,0.0002685693922020177,0.0011945112834627488,2.9228097435093616,Not Significant
KATNAL1,-0.43998903809682943,0.2893372299738232,0.35598232227116455,0.44857156812461696,Not Significant
KATNB1,-0.7125399634492844,4.063928302077043e-05,0.000302860493284539,3.518757374628632,Not Significant
KATNBL1,0.15013822246783803,0.3728025242670475,0.440851347513351,0.35570782739814777,Not Significant
KAZN,0.333696889490227,0.2696261763597486,0.33574957980817155,0.47398452218004117,Not Significant
KBTBD11,-2.2685807791688006,0.001938123157437367,0.00549216671955669,2.260256287843782,Down
KBTBD2,0.08821325628520427,0.43503799744935284,0.5013592655011699,0.2998509545555374,Not Significant
KBTBD3,-1.3317833273610766,2.119194680557959e-06,3.938886939472487e-05,4.404626484859279,Down
KBTBD4,-0.21720898663113886,0.21728403329926424,0.27877220471940756,0.5547505302108898,Not Significant
KBTBD6,-1.2040158445395335,0.0011800034078343026,0.0037229421642727104,2.4291137104730716,Down
KBTBD7,-0.6758474366461726,0.03725423440742893,0.06157492328473158,1.2105961205694682,Not Significant
KCMF1,-0.4946729050919636,0.0015046847583800524,0.004491316816569081,2.3476263088128655,Not Significant
KCNA1,-4.684534606955459,0.0001331821778932648,0.0007035538857350548,3.15270263400583,Down
KCNA2,-4.172466465601785,1.134433951526471e-05,0.00012442996800503083,3.9050750105469807,Down
KCNA3,-2.7429239497007156,0.0015519908389506952,0.004603873884449146,2.3368765816621404,Down
KCNA4,-3.9056218170632064,0.0007994764848559802,0.0027357085966165573,2.562930164854484,Down
KCNA6,0.0,1.0,1.0,-0.0,Not Significant
KCNAB1,-3.666966095859838,1.9884562663437037e-05,0.0001834405533621472,3.7365046481943596,Down
KCNAB2,-3.3888677101287783,2.6049680947962325e-07,1.0352840664392167e-05,4.9849404699556,Down
KCNB1,-2.336619257111149,0.00018356693557951116,0.0008998799557313847,3.045815421716978,Down
KCNC1,-3.3829083359447267,0.0003603366532412628,0.0014852829152015063,2.8281908144894072,Down
KCNC2,-5.646016104185691,0.000663082899860531,0.0023670790691690253,2.625787234791551,Down
KCND2,1.1793878458430385,0.007028841164558011,0.015323208373026921,1.8146502926134347,Up
KCND3,-1.4874355479626402,0.0005161314925508891,0.001956173309239149,2.7085926710658326,Down
KCNH1,-2.10015458963694,0.0059933146969182284,0.0134679126158274,1.8706997101178577,Down
KCNIP1,-0.2311234807048308,0.4795505803033517,0.5456282523126231,0.2631031502544265,Not Significant
KCNIP2,-2.5624425117087775,0.004523651672129008,0.010774501653835917,1.9676028078488306,Down
KCNIP3,-0.1862980368702729,0.6944166635765858,0.7438912663622422,0.12849054008574454,Not Significant
KCNIP4,-2.164181250228399,0.015298784462411404,0.02894271449283239,1.538460739492951,Down
KCNJ10,-0.09148651008381492,0.8450950147479961,0.8757830653812687,0.057603456817533455,Not Significant
KCNJ3,-4.504026314544044,0.00011601963232614621,0.0006376332657139099,3.195429033614573,Down
KCNJ4,-5.7097339303735115,0.00010104036685158598,0.0005749945453061044,3.2403362752315794,Down
KCNJ6,-4.5491012459789335,0.003702702423211534,0.009185885565883702,2.0368789691526707,Down
KCNJ9,-2.629554506609061,0.0001201781873260312,0.0006530070437553605,3.1850821341191278,Down
KCNMA1,-2.7962977221645566,0.0001149009830557618,0.0006335591151087818,3.198212856443114,Down
KCNMB4,-0.9185271402374013,0.017180613603324027,0.03194490613508421,1.4955983836337308,Not Significant
KCNN2,-1.8813759375264087,0.04808450101368099,0.07662183853398011,1.1156474313716995,Not Significant
KCNN3,1.5483356705950264,0.05622453069915549,0.08755695196526393,1.0577093655109968,Not Significant
KCNQ2,-2.299948197012121,0.00014397137506997487,0.0007500859207822871,3.1248889862291356,Down
KCNQ3,-2.854112434774322,6.292856234042687e-06,8.357249607737763e-05,4.0779366264741705,Down
KCNQ5,-2.25946537028441,6.18767354827343e-07,1.7077978993234667e-05,4.767563524982975,Down
KCTD1,-1.7287594832921709,8.448177182594131e-07,2.127673423436332e-05,4.672095031115587,Down
KCTD10,0.8663210663767273,0.18756310192298872,0.24555044688397512,0.6098592711472507,Not Significant
KCTD12,0.9115421744632073,0.009498064743943633,0.019595229209602327,1.7078496521203879,Not Significant
KCTD13,0.312565913481194,0.03995452470801797,0.06530940806564546,1.1850242524662962,Not Significant
KCTD14,0.39434125285501587,0.03750590346377247,0.061919775728293,1.20817062532486,Not Significant
KCTD15,0.8171181606025364,0.02649988855016692,0.04592463052716008,1.3379543289940878,Not Significant
KCTD16,-4.708855044863364,2.2914236321444206e-07,9.383659215537761e-06,5.027627772791386,Down
KCTD17,-1.3928177544024969,0.0006937944090929838,0.002448085771349464,2.611173370280062,Down
KCTD18,0.5725783224811138,4.7698880864120545e-06,6.874398513165151e-05,4.162765295147303,Not Significant
KCTD2,-1.1125771749500153,1.0782041762999725e-05,0.00012123297178151445,3.9163792488548927,Down
KCTD20,1.0042116327598656,4.52686004515024e-06,6.599650954391249e-05,4.180479033032433,Up
KCTD21,-0.47170399207352887,0.07314971081306469,0.10936630850858024,0.9611164465798989,Not Significant
KCTD3,1.1710989796827995,0.0003628197362185417,0.0014918555194553425,2.8262732345990056,Up
KCTD4,-1.1559680559018144,0.10891709984528951,0.15393583853401574,0.8126602582347856,Not Significant
KCTD5,1.3562230487785527,3.082890292636221e-05,0.0002514646962623767,3.599522977982422,Up
KCTD6,-0.150881053942026,0.46563665351341027,0.5317188446490699,0.2743179475811084,Not Significant
KCTD7,0.287695758915671,0.1955566474550541,0.25423121260320236,0.5947711310865599,Not Significant
KCTD8,-3.139254757202055,0.0074277880046018565,0.016036763042940227,1.7948832878259515,Down
KCTD9,0.21384140048850497,0.5078301492900846,0.5725664156629336,0.24217412945451752,Not Significant
KDELC1,0.7707670015584966,0.02816002972894767,0.04829488244627492,1.3160988867038528,Not Significant
KDELC2,0.8661746097126688,0.05692569290149094,0.08842471210604395,1.053426345490706,Not Significant
KDELR1,0.7012413107354405,4.6780931466305315e-05,0.0003347235676374732,3.4753137082141743,Not Significant
KDM1A,0.6901403079556196,0.010318169329361483,0.020969384269515348,1.678414321669982,Not Significant
KDM1B,0.3820287592354532,0.0010035643649631994,0.0032728738791321693,2.485070729996699,Not Significant
KDM2A,0.013805926665650503,0.8910597488579706,0.9141808930236649,0.03896785998948499,Not Significant
KDM2B,0.1883665038410669,0.4571293381517012,0.5236067029608003,0.2809948024569294,Not Significant
KDM3A,0.9186200798294237,0.0015872503302266246,0.004687763068514517,2.3290343467845593,Not Significant
KDM3B,0.49006105985369075,0.024092392049413762,0.04241642039597942,1.3724659852270393,Not Significant
KDM4A,0.7412118160478371,0.0009782716215174976,0.0032111789883242977,2.493335486562079,Not Significant
KDM4B,0.7640184623156294,0.004490688851256124,0.010707502837290933,1.9703118018513432,Not Significant
KDM5A,0.7160355969947609,3.907422392553919e-06,6.045386541557044e-05,4.218575925159165,Not Significant
KDM5B,0.6299582406277793,0.0004007188178270637,0.0016070373240481852,2.7939740364663193,Not Significant
KDM5C,0.36545705970879894,0.11569279498804065,0.1621596801781733,0.7900571208579158,Not Significant
KDM6A,0.7621210263359117,0.0041119426380910725,0.00999848180934817,2.000065939187796,Not Significant
KDM8,-0.2133141509079124,0.24781670231831235,0.3121412176987595,0.5056488797255569,Not Significant
KDSR,0.223110366162814,0.028787569456400312,0.04925373211680991,1.3075608560023753,Not Significant
KEAP1,0.6356087487012765,0.0007571124493923105,0.00261328043854228,2.5828139823981164,Not Significant
KEL,-0.6452968072807099,0.24752159711598987,0.3118084993555686,0.5061120508761233,Not Significant
KHDRBS1,0.21262812277338838,0.04061917887131023,0.0662453631130936,1.178844515049611,Not Significant
KHDRBS2,-3.167883546548355,0.012447603766286227,0.024501203661892818,1.61081257968128,Down
KHDRBS3,-0.23792631616616333,0.4671184488340119,0.5331087859469622,0.2731841599870574,Not Significant
KHK,-0.8997114533476704,0.0015715698022441265,0.004652363851838769,2.332326327334285,Not Significant
KHNYN,-0.8423649799654651,0.0015154380000076087,0.004518059311061453,2.34504807215456,Not Significant
KHSRP,0.416535312961809,0.016927591573491343,0.03153264746881505,1.501239564525535,Not Significant
KIAA0040,1.712509755063035,0.0016039547413484701,0.004724631597761546,2.325632049863059,Up
KIAA0100,0.2571577775385343,0.07028132565899982,0.10575266238816493,0.9757086901852244,Not Significant
KIAA0232,-0.5899790052313918,0.00015778693693634967,0.0007999726234004965,3.0969248751449765,Not Significant
KIAA0319L,-0.05137933226248492,0.6937024996973566,0.7432842992928282,0.12884504088533744,Not Significant
KIAA0355,0.9904894587167732,1.3059002745829085e-05,0.00013424121802192062,3.8721141159775385,Not Significant
KIAA0391,1.2930485903107698,0.000924846407716397,0.0030587999311864236,2.5144489282533957,Up
KIAA0513,-3.3839810114329474,3.673330574544323e-07,1.2132830232117872e-05,4.916037879197944,Down
KIAA0556,0.5181384654120436,0.014533054558889973,0.027773278426296927,1.5563728520318023,Not Significant
KIAA0930,-1.4022846838483112,0.0002086620865003895,0.0009864203939018883,3.0059379574306777,Down
KIAA1107,-3.5771039154970765,1.469184606191757e-06,3.15577094302255e-05,4.500894526942814,Down
KIAA1109,-0.6951924931037503,0.02342848644564704,0.041399504026214395,1.383004861776891,Not Significant
KIAA1143,-0.09462249488419161,0.664110725130363,0.7163777112071182,0.144857934897743,Not Significant
KIAA1147,0.3761884311504211,0.2919433747741428,0.35857565928733415,0.4454191944056766,Not Significant
KIAA1191,-0.3129021953612714,0.010960875916751838,0.022026703368313985,1.6570504967703983,Not Significant
KIAA1211,1.2488906275721305,0.001568071906168517,0.004644738718830239,2.3330387114145372,Up
KIAA1211L,-3.81444492083107,1.8178170164946195e-06,3.555861868770252e-05,4.449055118004417,Down
KIAA1217,-2.480525299754186,0.0034319424137640893,0.008649834344823476,2.062992209739574,Down
KIAA1324,-3.2284769314824953,4.874748800813368e-05,0.0003451368405586947,3.462008680820352,Down
KIAA1324L,-1.230171901874865,0.12593728640119595,0.17439068360215093,0.7584767199094756,Not Significant
KIAA1328,0.47598780581970423,0.0030148125464718924,0.0077974635118773245,2.108046648841086,Not Significant
KIAA1522,-3.0373487970393036,1.6523400586049777e-06,3.376404411843113e-05,4.471545540922831,Down
KIAA1549,0.205437537333637,0.5884093925118244,0.6482644511382943,0.1882477931399222,Not Significant
KIAA1549L,-2.477867048001194,0.00028502333803925883,0.0012484022206119536,2.9036454674989667,Down
KIAA1671,-1.2837675747900725,0.054071485024585954,0.08463375506298837,1.072456389752923,Not Significant
KIAA1841,-0.7852873588951024,0.00021113975850521393,0.0009948652606087583,3.0022357338638455,Not Significant
KIAA1958,1.3891404060087673,0.0006417327988123552,0.002304747313809507,2.6373766825232585,Up
KIAA2013,0.8867614450578287,3.515880264603259e-05,0.0002764947524247715,3.558313106726702,Not Significant
KIDINS220,0.09797283741989204,0.25085908571430177,0.3155787249607737,0.5008922828503883,Not Significant
KIF11,1.9126388539388852,0.013717062280281044,0.026497734498859296,1.5767912557501138,Up
KIF13A,0.9927170963770351,4.028264510366875e-06,6.157926658184506e-05,4.210565487913406,Not Significant
KIF13B,0.19378155820754017,0.45938594804475613,0.5258327508922706,0.2791523678515026,Not Significant
KIF14,4.668766023659051,0.00015676652429124494,0.000796804220842584,3.0986483740273947,Up
KIF15,2.2096617275951385,0.011884420460952522,0.023549105374436607,1.628025586977784,Up
KIF16B,-0.9808515346869413,0.003616543270401499,0.00901139176503208,2.0452081291990654,Not Significant
KIF18B,5.048193334751332,0.00011896154057483464,0.0006481441642784663,3.188328384890081,Up
KIF1A,-3.124809154629247,0.0011765246190561488,0.0037142930154721535,2.43012383834986,Down
KIF1B,-0.57908604235325,0.041051800575176135,0.06676898983217187,1.1754251942866945,Not Significant
KIF1C,-0.1730414124916031,0.47343170650293803,0.5395193451708821,0.2679929785059262,Not Significant
KIF20A,6.57809649988817,8.260550339286935e-06,0.00010050336246132438,3.9978194081542338,Up
KIF21A,-0.8561769276347029,0.014713332518884115,0.02804817131106902,1.5520954486823697,Not Significant
KIF21B,-0.5509005163496816,0.18967431900893328,0.24783126974007702,0.6058438980455305,Not Significant
KIF22,1.156904343517251,0.005669368558521908,0.012873488157121126,1.8903037621758947,Up
KIF23,2.685482685992948,0.006443526004510706,0.014294666586531788,1.8448259698140792,Up
KIF26B,-0.7266915685136439,0.12034520584614937,0.16762074243849842,0.775672240066215,Not Significant
KIF2A,0.09539820111148956,0.5480099274189074,0.6101516366951893,0.2145622194219227,Not Significant
KIF2C,3.3873349311853076,0.0013415833707059945,0.004102948049936912,2.386903981879923,Up
KIF3A,-1.5766131743825476,3.98641707262906e-07,1.2748941457036557e-05,4.894525873147875,Down
KIF3B,-0.8483831051253006,8.80467151119346e-06,0.00010484427990988524,3.9794552587736316,Not Significant
KIF3C,-2.3772198213020097,1.3910419316247754e-06,3.0201199179284453e-05,4.519975812453232,Down
KIF4A,3.2160477357151844,0.0025841624502234138,0.0069034347715594465,2.1609347743093306,Up
KIF5A,-3.525015433426006,4.592852349812904e-07,1.3936263425305781e-05,4.855853653160505,Down
KIF5B,-0.1242839057241163,0.3702524226479225,0.43819583009341767,0.35833175953669044,Not Significant
KIF5C,-2.6236112239243887,6.7184649392267856e-06,8.710658403831485e-05,4.059949017168682,Down
KIF7,1.5931295417131537,8.42377612589315e-05,0.0005066335563716274,3.2953060485281114,Up
KIFAP3,-1.0275711368416331,0.00037836580056053505,0.0015381745607863013,2.8129943755330498,Down
KIFC1,5.379244307436512,4.447754929374095e-05,0.00032304746329138163,3.490733664878821,Up
KIFC2,-2.001976375829205,5.836102876648266e-06,7.944986537750626e-05,4.09990683433899,Down
KIFC3,-0.16733875260744568,0.5214532851158549,0.5853711159190018,0.2325687108507623,Not Significant
KIN,0.25358631669105947,0.052359744568641835,0.08235421592474228,1.0843141632703617,Not Significant
KIRREL3,-4.509773091936653,0.00031178377162033067,0.0013348532576724229,2.8745664742888675,Down
KIT,-1.4649362360300788,0.008825941431839662,0.01844104610445178,1.7342144463786673,Down
KIZ,0.8196103007559614,0.004728661767860397,0.011156098044361976,1.952487677631312,Not Significant
KLC1,-0.005191527088573622,0.9739028125854405,0.9804233970206584,0.008586333205639477,Not Significant
KLC2,-1.8644601105113772,4.00110650320617e-06,6.130510871217991e-05,4.212503333098837,Down
KLC4,0.05330133895098754,0.5834091064293205,0.64386777411859,0.19120331100463955,Not Significant
KLF13,-0.26259464707045765,0.23103117938663112,0.2939017680440614,0.5317978013058495,Not Significant
KLF16,-1.7044433833462165,4.235613697592068e-06,6.374969448862668e-05,4.1955218921837565,Down
KLF3,0.7511000768957636,0.00028181748791521123,0.0012365110510704868,2.907801997865171,Not Significant
KLHDC10,-0.18979999542226977,0.2783816258121086,0.34473466483481036,0.4625150438634973,Not Significant
KLHDC2,-0.1057856142215634,0.5418128542385606,0.6042535916748876,0.21878075947232095,Not Significant
KLHDC3,-1.0558805185509428,0.00013169912579826025,0.0006982826280482493,3.1559687622503074,Down
KLHDC4,0.6530302795124943,0.002133097692920765,0.005908393224768708,2.2285306085421777,Not Significant
KLHDC8B,0.518005673085959,0.0018272127707724783,0.005259240415074842,2.2790769758771927,Not Significant
KLHDC9,-2.7890398280934185,0.022432414072605444,0.039947700082628115,1.3985082193581537,Down
KLHL11,-0.7348413110458694,0.002543111571999837,0.006824535422569621,2.1659269076984526,Not Significant
KLHL12,-0.12830606220691365,0.4490115179966041,0.5150696916759041,0.2881340046237338,Not Significant
KLHL13,2.2589001980312666,8.61311340667187e-05,0.0005166463957804293,3.28680659598177,Up
KLHL2,-1.8438277397689156,9.346570126898074e-05,0.0005464732876283877,3.262431062111575,Down
KLHL20,0.8252767448727596,1.4868651230877381e-05,0.00014889343190840827,3.827124459728344,Not Significant
KLHL22,0.251698165766328,0.02567239874251795,0.044682747915018285,1.3498601263435317,Not Significant
KLHL25,1.9904012090821688,0.005876262708822198,0.013243281997466404,1.8780043731473308,Up
KLHL26,-3.631995775286425,2.7693055846293583e-05,0.0002334559369000515,3.6317950772690626,Down
KLHL29,-2.920889719486775,0.00044137216069382076,0.0017415882556811866,2.7590545126015806,Down
KLHL3,-1.7731410491497837,0.004416584946823028,0.010568331770616434,1.9759935614148851,Down
KLHL36,-0.11111479776246114,0.5622004764771721,0.623814032385839,0.20494486023101605,Not Significant
KLHL4,0.56118491113617,0.40043321721001457,0.46824889497082844,0.3295232388510439,Not Significant
KLHL42,-0.565729945657683,0.003962979875902533,0.009704195252756957,2.01304047385399,Not Significant
KLHL5,0.7715913202812494,0.004436512083927608,0.010610974058282697,1.9742447472277618,Not Significant
KLHL7,0.14241044561536143,0.5255475152330287,0.5891793532670299,0.22975248063339257,Not Significant
KLHL9,0.098680731612248,0.4175015688011043,0.4846636095992538,0.3145595875467715,Not Significant
KLK6,-2.620466537895382,0.048251526963057866,0.07685152294479762,1.1143475217885905,Not Significant
KLKB1,-1.0993967096336021,0.04362455895226722,0.07043978311991343,1.152181989870715,Not Significant
KMT2A,-0.25047535444095104,0.24259638024794794,0.3066393895379959,0.5133720583523989,Not Significant
KMT2B,0.010020394779928665,0.9653991691459266,0.9738145037985362,0.01152376144676524,Not Significant
KMT2C,0.8224940060760879,0.007010242825204354,0.015299217118957683,1.815330792033098,Not Significant
KMT2D,-0.8550435024149117,0.01850377891359036,0.034069794160440044,1.4676304903022457,Not Significant
KMT2E,0.183517349686678,0.32474691855736243,0.3928786426740566,0.4057415792841741,Not Significant
KNDC1,-4.118924110436955,0.0006727832310144321,0.002388394944997496,2.6218938566671195,Down
KNG1,-7.9922599784994866,0.0047459197386901094,0.011186334919879307,1.9513121819970438,Down
KNOP1,0.3073766693619078,0.14196763283937702,0.19339850347855095,0.7135468908193148,Not Significant
KNSTRN,0.11707188377867439,0.7193135725230123,0.7667299682146679,0.11535756168714843,Not Significant
KNTC1,1.6189542439190028,0.0023147422127206066,0.006331445302999564,2.1984971406193465,Up
KPNA1,-0.35914559793293677,0.023357580908721354,0.041310440673184505,1.3839401722247797,Not Significant
KPNA2,0.4113859914596212,0.18574904423801683,0.24346030076161612,0.6135718458077969,Not Significant
KPNA3,-0.500100148023563,0.0019710351968606665,0.005556185675956978,2.255223249490191,Not Significant
KPNA4,-0.21111297518329053,0.15380688625796912,0.2068692352687291,0.6843040909991837,Not Significant
KPNA5,-0.8467870567449154,0.008651048925961883,0.018152607140208294,1.7410609912729322,Not Significant
KPNA6,-0.37641189487023397,0.006992358797666861,0.01526643516027305,1.8162623624829286,Not Significant
KPNB1,0.49794395913452405,0.0020506986703994544,0.005730287393498997,2.241823596133694,Not Significant
KPTN,0.5405268803930383,0.05137084541842331,0.08093034878793094,1.0918885879115705,Not Significant
KRAS,-1.0993039435842071,2.0263235741050425e-05,0.00018591241972253368,3.7306915965820853,Down
KRCC1,0.8286594450668225,0.0002485752453489262,0.001132585717614239,2.9459289193123803,Not Significant
KRI1,1.290279265653325,6.94206589133807e-06,8.948616339260036e-05,4.048244111352188,Up
KRIT1,0.2712153549056282,0.028288226187707266,0.04847348028830804,1.3144957977778344,Not Significant
KRR1,-0.3740686826585531,0.004147545857288264,0.010050782297984761,1.9978001338180604,Not Significant
KRT1,0.2782621330357502,0.9115133929072153,0.9309190916613227,0.03108806291978283,Not Significant
KRT10,0.9052610819363949,0.0005533186468651045,0.002057634569405339,2.6866317523057046,Not Significant
KRT17,-2.901758778397003,0.005658898546442752,0.012870955666516217,1.8903892055986593,Down
KRT18,0.5611057299299755,0.30606149685132206,0.37354779734434435,0.4276538201008236,Not Significant
KRT19,-2.2021545742732265,0.3086562680378735,0.3764866502256372,0.42425041876242964,Not Significant
KRT2,-0.10441817587721935,0.9609249696540704,0.9703646896847539,0.013065015268105497,Not Significant
KRT222,-6.457956168576361,4.88659372492701e-05,0.0003456990532648504,3.461301809819509,Down
KRT5,-0.8087510949406642,0.41612586713363275,0.4832893688614499,0.31579275813153107,Not Significant
KRT7,0.3918426365658991,0.6300733204118746,0.6861268911364855,0.16359555918499313,Not Significant
KRT8,1.3606027564329626,0.021844456065930957,0.03914284069871726,1.407347659643522,Up
KRT84,-5.810603091479839,0.01106154949827751,0.022209600044479385,1.65345926225475,Down
KRT9,-4.00108891813552,0.07757292455268892,0.11507431040256048,0.9390216189911037,Not Significant
KSR1,-0.0439813252198924,0.8521086840792123,0.8818720858243254,0.05459440403978349,Not Significant
KSR2,-4.022490234917017,0.007027317121903622,0.015323208373026921,1.8146502926134347,Down
KTI12,0.5108179068882865,0.0031129183687830424,0.007994527488124705,2.097207199880766,Not Significant
KTN1,0.2933796337315826,0.008322895702840808,0.017603356850107308,1.7544045070456906,Not Significant
KXD1,0.6620899075603752,4.8288607995313745e-05,0.0003430602517241119,3.4646295980525177,Not Significant
KYNU,2.9171528465183556,0.00021125431066099432,0.0009949396566614572,3.0022032585242813,Up
L1CAM,-4.909361684123851,8.881162644176405e-06,0.00010527380444839755,3.9776796819847533,Down
L2HGDH,-0.8711660716445522,0.00021937197351267423,0.001023126509799389,2.9900706623671995,Not Significant
L3HYPDH,1.0970931461554372,0.00033277614025145,0.001400328670381415,2.853770019335676,Up
L3MBTL2,-0.31727327396385974,0.09495365005582024,0.13700416365831183,0.8632662341110969,Not Significant
L3MBTL3,-0.4888146076979911,0.008665369426317331,0.018178869554502458,1.7404331266974398,Not Significant
LACC1,-1.7807547858085542,0.0009209602549043645,0.003051892634179792,2.515430748962061,Down
LACTB,0.33266326677850344,0.2230806650507187,0.285083676229981,0.5450276494958892,Not Significant
LACTB2,-0.04488678324200279,0.8674111207641713,0.89421813657166,0.048556525998835635,Not Significant
LAGE3,-0.5118067384313179,0.023454849822384195,0.0414315548151321,1.3826687684887693,Not Significant
LAIR1,3.0492935909195147,9.558687707606103e-08,5.543584426039756e-06,5.256209333995541,Up
LAMA1,0.6956814426923614,0.14633413226116188,0.19838111268994008,0.7024996781747863,Not Significant
LAMA2,-0.19389817302745627,0.626224200041959,0.6827470336821099,0.16574017805500282,Not Significant
LAMA4,2.3034005240025657,1.5063748637769925e-05,0.00015024970670979624,3.823186367075249,Up
LAMA5,0.5269468473370651,0.2691514187409733,0.335282724421487,0.4745888231942223,Not Significant
LAMB1,0.9467166319521958,0.22504108952166132,0.2872610156919939,0.5417233082880034,Not Significant
LAMB2,2.236971002595741,9.897114745966898e-08,5.664973519935825e-06,5.246802115839883,Up
LAMC1,1.5197617195639133,0.008682147260261501,0.018210275140511007,1.7396834923652684,Up
LAMC3,0.22191398990620037,0.5072706920167351,0.572127737502977,0.24250699655792732,Not Significant
LAMP1,0.7317129713342148,0.013058027470022894,0.02546884196186072,1.593990801444212,Not Significant
LAMP2,0.3601716592534885,0.1824383750443157,0.23968234092285295,0.6203639623045891,Not Significant
LAMP5,-2.0845951752863634,0.005492615377108147,0.012575592570224425,1.9004715415471631,Down
LAMTOR1,0.8301079661201953,8.426995657871177e-06,0.00010130495734772582,3.9943693019636664,Not Significant
LAMTOR2,0.4681303489059552,0.0068174959582858905,0.014962844070538574,1.8249858498708644,Not Significant
LAMTOR3,-0.5348903490181414,0.08135731622001013,0.11978860035083047,0.921584509495067,Not Significant
LAMTOR4,0.57820808868059,0.02519884135919909,0.04404878151181184,1.3560661006461558,Not Significant
LAMTOR5,0.4586690651296337,0.015773175959824665,0.029734089561989835,1.5267453547687826,Not Significant
LANCL1,-1.5063757867725265,1.3049140786545757e-05,0.00013424121802192062,3.8721141159775385,Down
LANCL2,-0.6235592780076722,0.0870024017717024,0.12696830297669565,0.8963046850319083,Not Significant
LANCL3,-3.6946535192921264,0.005386695619565514,0.01237809572798882,1.9073461629441784,Down
LAP3,1.3940989449720291,0.0003443874572463764,0.0014342121720959057,2.8433865959804083,Up
LARP1,-0.7932585814455457,0.0005501446927216549,0.002051131618977776,2.688006470513287,Not Significant
LARP1B,-0.9786076105761907,0.003628990981516287,0.009033470508474197,2.044145368942555,Not Significant
LARP4,-0.13740419588079433,0.3297404338979679,0.39772571013986213,0.40041633405558513,Not Significant
LARP4B,0.19432185239423916,0.3171501206924038,0.3854357100015795,0.4140480511279285,Not Significant
LARP6,-1.3329099502141517,0.00026774037678994574,0.0011924034287276364,2.923576783834181,Down
LARP7,0.5189580219362426,0.021778161827297773,0.03903099132684536,1.408590418170166,Not Significant
LARS,0.5185683240512695,5.1919573556342356e-05,0.00035922924725727534,3.44462831174483,Not Significant
LARS2,0.09102592747516525,0.5506130086226961,0.6127113055191694,0.21274410615524697,Not Significant
LAS1L,0.43103715074799354,0.040957891528422136,0.06668752527078872,1.1759553986584537,Not Significant
LASP1,-0.31580027010933165,0.08723724884874823,0.1272466369939797,0.8953536868242671,Not Significant
LAT2,2.3608902607486915,4.181472425879608e-06,6.324947930677354e-05,4.198943045411051,Up
LATS1,0.04911417959678133,0.769361557444941,0.8103073653036373,0.09135021354729883,Not Significant
LAYN,-0.008622374613359796,0.9844694582641297,0.9890840054405946,0.004766821092451898,Not Significant
LBH,0.8660620396849463,0.05946065585399444,0.0918017849920521,1.0371488743035309,Not Significant
LBP,5.8790884136128,0.014274712392140705,0.027370280289003707,1.5627207551165714,Up
LBR,1.724258672347112,2.3484900063351633e-05,0.00020753235371772313,3.682914188369912,Up
LCAT,2.9416663522412296,2.8525730637208037e-06,4.980384929622769e-05,4.302737089700001,Up
LCLAT1,-0.021207023416053516,0.8552895533757593,0.8844371751906589,0.05333301118507586,Not Significant
LCMT1,-0.518702242078561,0.0012271012308633963,0.0038343107319224116,2.4163126948771065,Not Significant
LCMT2,0.7395751649847195,0.007097888582251301,0.01543365628698459,1.8115311758709631,Not Significant
LCN2,-1.1725506353929225,0.682123888973774,0.7329048696162328,0.13495239272846848,Not Significant
LCP1,2.3287164525522392,2.46872203728421e-06,4.4410546077859164e-05,4.352513886651975,Up
LCP2,1.574410397791615,3.789747305318178e-05,0.00028988545447057953,3.53777357561308,Up
LDB1,-0.009312100769264475,0.9338207421563491,0.9488914823969196,0.02278345173601243,Not Significant
LDB2,-2.8906948381601065,2.9338859171065897e-08,2.570084063385373e-06,5.590052671350679,Down
LDB3,-3.483174187759909,0.012414646482859448,0.024465013432771143,1.6114545414500563,Down
LDHA,-0.569393823293332,0.2894051529236484,0.3560224093970978,0.44852266502936433,Not Significant
LDHAL6B,4.327955295414809,0.02378392314067836,0.04195399084559513,1.37722672089529,Up
LDHB,-0.2952527206866584,0.16991269684203864,0.22519412024558574,0.6474429529780312,Not Significant
LDHD,-1.6728617798938306,0.019919451791703336,0.03618909961219466,1.4414222220401804,Down
LDLR,-0.47713663395036754,0.2831342139469564,0.3497172721066257,0.4562829178899023,Not Significant
LDLRAD3,2.595208515727373,1.7482196588828525e-06,3.4862360524692395e-05,4.457643210222563,Up
LDLRAP1,0.10839752304521788,0.7550779042695268,0.7988349849029018,0.09754292349891779,Not Significant
LECT2,0.0,1.0,1.0,-0.0,Not Significant
LEF1,0.6579493094833833,0.029431126102920948,0.05017586128969802,1.2995051639296098,Not Significant
LEMD2,1.0308050747995487,2.7761204457720218e-06,4.8711101109324006e-05,4.312372053136125,Up
LEMD3,-0.12867345592407275,0.361729781117096,0.4296234160544241,0.3669120560187365,Not Significant
LENG1,0.5320790535680366,0.02575796644387382,0.044816192393019844,1.3485650441183399,Not Significant
LENG8,0.18776711311119598,0.5978934541053612,0.656763565222703,0.1825909482479844,Not Significant
LENG9,-1.0394314521730852,0.030044732663293244,0.05102337101315174,1.292230851801357,Not Significant
LEO1,0.0131453708411442,0.947293576441128,0.9599673563090155,0.017743534893665754,Not Significant
LETM1,-0.16525089650691172,0.15489165300762575,0.20799500298571338,0.6819470986997354,Not Significant
LETMD1,-0.6123641265124924,0.004289516822572367,0.010313267892743205,1.9866037010684034,Not Significant
LFNG,2.7278480750141583,0.001307043232207585,0.004022961662468442,2.3954541060958374,Up
LGALS1,0.13990151389576155,0.7492239827846273,0.7934071694073725,0.10050387946056677,Not Significant
LGALS3,-1.2793581512814267,0.004414706202892365,0.010568331770616434,1.9759935614148851,Down
LGALS3BP,2.4843170468800615,3.10006439466926e-06,5.23994105904331e-05,4.280673598107154,Up
LGALS8,-2.0831736401507097,0.00029610379402384416,0.001286308590339028,2.890654830008781,Down
LGALS9,2.7507673339472625,1.8285241401943195e-08,1.9596332115231463e-06,5.7078252088059225,Up
LGALS9B,3.0405927623718596,0.16260538877166847,0.21685023649533866,0.6638400998764618,Not Significant
LGALSL,-1.6467420000781008,6.502926177308822e-07,1.7705534678434886e-05,4.751890953718766,Down
LGI1,-4.264942651281126,0.0011000817978129315,0.0035236558996540896,2.453006508937058,Down
LGI2,-0.6601247221055431,0.24569841123754255,0.3098217292285647,0.5088881264311452,Not Significant
LGI3,-4.5903071401694735,0.0005843672813133564,0.0021500788867606837,2.667545605453535,Down
LGI4,-3.679426241218799,0.0007224093981174714,0.0025244164788154194,2.5978389935126134,Down
LGMN,0.514381530463563,0.027073841762213485,0.046761920012285144,1.3301076653112727,Not Significant
LHFPL2,2.183057434040556,4.265160120790147e-05,0.00031333359432620365,3.503993039371933,Up
LHFPL3,2.4397061739403654,0.00010398541139843608,0.0005888166436906285,3.2300199225821755,Up
LHFPL4,-0.40068564161780884,0.15001313424600962,0.2024423729932084,0.6936985806113439,Not Significant
LHPP,-1.0532477900281147,0.051999499114305646,0.08185046157461173,1.0869788671531804,Not Significant
LIAS,0.188610521893942,0.05428926248392478,0.08492212706786148,1.0709791364765313,Not Significant
LIFR,1.0605987058231179,0.02432686061228355,0.042754499966529046,1.3690181684730753,Up
LIG1,0.9270105085898503,0.010588866774485324,0.02143734804786277,1.668828940966908,Not Significant
LIG3,0.6490497310375432,0.006028388343363422,0.013531113569516258,1.8686664608158676,Not Significant
LIG4,-0.7808453024601221,0.0031659363158192716,0.008090726140427027,2.092012498829206,Not Significant
LILRA2,2.5077895944197994,1.0531002931212325e-06,2.461469223411438e-05,4.608805589989192,Up
LILRB1,2.4580215167002226,1.1471016554804883e-05,0.00012542127848720751,3.9016287765385873,Up
LILRB2,2.27615039322521,8.678859171686548e-05,0.0005182621653560776,3.285450494762311,Up
LILRB4,3.507276763699428,1.9946560302066674e-05,0.0001834745461576638,3.736424177897123,Up
LIMA1,2.9645719022567256,2.1816401011820835e-05,0.00019639072109477616,3.706879035248321,Up
LIMCH1,-0.3416872031747822,0.14656352837743125,0.19866536394970968,0.7018778427880209,Not Significant
LIMD1,2.1216762973595458,0.004635224327790426,0.010987117618390765,1.9591162262856454,Up
LIMD2,0.3912291596739852,0.20824371776826123,0.26871361762488327,0.570710324227467,Not Significant
LIME1,1.024862561475599,0.008075304914942178,0.017184330737880754,1.764867377259967,Up
LIMK1,-0.9809464982063005,0.000274152379570585,0.0012107895974546572,2.916931318957162,Not Significant
LIMK2,0.794582343902448,0.1496993792740235,0.20212726803464853,0.6943750939159377,Not Significant
LIMS1,1.5931811571618262,0.00015700849930241456,0.0007976316802685448,3.098197605081832,Up
LIMS2,-0.09861457610371893,0.7732143847617098,0.8135953323678154,0.08959155164469745,Not Significant
LIN37,0.6203119540274393,6.35554813556286e-05,0.0004149435639511358,3.3820109672187684,Not Significant
LIN52,-0.5521015501499846,0.002942963777401081,0.00765885225872862,2.1158363080498916,Not Significant
LIN54,-0.16027549604435265,0.35958791493241066,0.4275331824653729,0.3690301723923036,Not Significant
LIN7A,-1.9010854749899,0.0008868674830533613,0.0029628872783540937,2.528284870733928,Down
LIN7B,-1.2336082967718518,0.000154937471476921,0.0007906991325524326,3.1019887376510864,Down
LIN7C,-0.9662412849613311,6.561796325126772e-05,0.0004231980549252696,3.373456337043673,Not Significant
LIN9,0.19201148671879764,0.5201664860911888,0.5841869766870273,0.23344812900574857,Not Significant
LINGO1,-2.057272649413605,0.0002101936369342237,0.0009921287803321347,3.003431951880454,Down
LINGO2,-4.161636038181975,0.0024207165678002537,0.0065678154333476315,2.182579060122008,Down
LIPA,0.7810113667605663,0.007123271502320575,0.015482165504720058,1.8101682942361097,Not Significant
LIPE,-0.8359399903472315,0.1788198319821266,0.23558529972192396,0.627851812564189,Not Significant
LIPG,3.850243870720899,1.517825961512738e-06,3.212306457201538e-05,4.493183029295356,Up
LITAF,1.2161478371725245,0.00024362964132887012,0.0011156022757941079,2.952490608457785,Up
LIX1L,1.2550356985360764,0.00011385064464895548,0.000629145032470421,3.2012492280983147,Up
LLGL1,0.9153559357447953,0.014113393372354082,0.027117742672724588,1.566746464715786,Not Significant
LLGL2,-0.2616029149711707,0.5241542695861277,0.5880131652702903,0.23061295021598313,Not Significant
LLPH,0.6231895549772588,1.2457322719343747e-05,0.00013113382348450253,3.882285275830166,Not Significant
LMAN1,0.8241099778991448,0.006951262272859523,0.015203433811720981,1.818058312248614,Not Significant
LMAN2,1.0014808200244119,0.00011895379280564183,0.0006481441642784663,3.188328384890081,Up
LMAN2L,1.170650952740349,7.255464567656737e-05,0.0004534215263931388,3.3434978653920493,Up
LMBR1,-0.3641894870402069,0.006488431117946466,0.01437529251862606,1.8423833092169335,Not Significant
LMBRD1,-0.39338277666927013,0.06257739054126883,0.09580617512351705,1.018606497856329,Not Significant
LMBRD2,-1.4496643668040612,1.1387975097686985e-06,2.6014163522471356e-05,4.584790134150624,Down
LMCD1,2.137725382493162,0.0009933635631034978,0.003249072900878129,2.488240544089334,Up
LMF1,-0.0016001274984294156,0.9961201981742572,0.9983996494286606,0.0006955801568685456,Not Significant
LMF2,0.6133800123126036,0.0028527667508834566,0.00747821291917771,2.126202173802344,Not Significant
LMNA,1.4327401210879884,0.006001933209972439,0.013481265363938094,1.8702693426089396,Up
LMNB1,1.9555246141738678,0.007972829181648662,0.0170237984688276,1.7689435306206054,Up
LMNB2,1.128350722248939,0.017526818326396437,0.03246876936743614,1.4885341717084646,Up
LMO2,0.7955292738954505,0.09539311546900936,0.13755943962708278,0.8615096020224685,Not Significant
LMO3,-3.4362035289804442,0.0019306106439238298,0.005477040728495822,2.261454029548625,Down
LMO4,-1.8373033717207257,9.383625315594118e-06,0.00010939068483027538,3.9610196587983197,Down
LMO7,-2.380506233722169,9.363399203554421e-06,0.00010939068483027538,3.9610196587983197,Down
LMOD1,0.7808239266113262,0.3317820432230512,0.3999009695416389,0.39804754293806294,Not Significant
LMTK2,-2.5887653859398156,6.6721830634492895e-06,8.661800538812905e-05,4.062391821286191,Down
LMTK3,-2.1393489034065354,7.374769872816147e-06,9.333345690797721e-05,4.0299626483658315,Down
LNPEP,-0.6090602462554457,0.009027906253528327,0.018794612026874224,1.7259666349050364,Not Significant
LONP1,0.18936749971316402,0.35856291123233713,0.42651585402698833,0.370064821029944,Not Significant
LONP2,-0.08352634315637175,0.269472316240978,0.33564096362655943,0.47412504071785,Not Significant
LONRF2,-2.3902891869072675,4.42950536040047e-07,1.36879868100228e-05,4.863660421960313,Down
LOX,2.218942219111799,0.05247454751844531,0.08248222682178469,1.0836396226595724,Not Significant
LOXL1,1.0712783406247262,0.0717721137406315,0.10764214289461392,0.9680176650699089,Not Significant
LOXL2,3.0311638307416864,0.0011318048958663342,0.0036070238914765736,2.4428509810800074,Up
LOXL3,2.8332976045617517,8.091119012048238e-08,5.126410875935469e-06,5.290186588553569,Up
LPA,-6.34912559078101,0.01301236150681663,0.025405322407582084,1.5950752892817173,Down
LPAR1,-1.451807867639431,0.04680170957683305,0.0748976048096928,1.1255320706124987,Not Significant
LPAR5,2.15799994867214,0.00011104498443832066,0.0006180481620064322,3.208977680770989,Up
LPCAT1,0.40990019719228954,0.351949547634358,0.4201872176900358,0.3765571631892739,Not Significant
LPCAT2,1.6750876228686593,0.0019711939255380425,0.005556185675956978,2.255223249490191,Up
LPCAT3,1.4284553631431045,7.050328821777116e-07,1.9041558324552996e-05,4.720297512671042,Up
LPCAT4,-1.7145808615693774,9.1246626263097e-07,2.1938389331132203e-05,4.658795260547948,Down
LPGAT1,-1.5156281473903945,5.480103259807833e-06,7.604209399353183e-05,4.118945932346908,Down
LPIN1,-0.32319114874446697,0.25374369686207576,0.31872992545991913,0.4965771588294516,Not Significant
LPIN2,-0.6755421091164528,1.1942354490385702e-06,2.6914380119943077e-05,4.570015618210854,Not Significant
LPL,2.7469968414477357,0.0019753688257283437,0.005566395958150303,2.2544259039445853,Up
LPP,1.2468966887039201,0.006549696476694277,0.01448959981409139,1.8389436090720883,Up
LPXN,0.30657986202280085,0.02049462282881602,0.03708053368895443,1.4308540238128697,Not Significant
LRBA,0.29790822115712245,0.15299584488522275,0.20597088619186607,0.6861941624453347,Not Significant
LRCH1,0.05767296011735823,0.7779534140692569,0.8174718570286528,0.08752718979617327,Not Significant
LRCH2,0.5624314809554107,0.00034505722857856023,0.00143640765318199,2.842722289618192,Not Significant
LRCH3,0.9738397748382077,0.0016008052127817105,0.004716733464042981,2.326358664429702,Not Significant
LRCH4,0.6577368021492571,0.03263495777411245,0.054803227974063805,1.2611938603105888,Not Significant
LRFN1,-1.866752493978181,0.005009426268566723,0.011668198897003738,1.9329961764705168,Down
LRFN2,-3.6761519257122384,2.5150715000521058e-05,0.00021767036332925185,3.6622006978250035,Down
LRFN3,-0.42976887137193565,0.07676267185274306,0.11395625644629141,0.9432618261175603,Not Significant
LRFN4,0.8401872571332909,0.008149182529180475,0.01731863491602312,1.7614863427922596,Not Significant
LRFN5,-2.905468172116146,0.024531597326562883,0.04303174498829784,1.3662110424040144,Down
LRG1,0.7440138001818646,0.23504668484838645,0.29814408249340785,0.5255738060263193,Not Significant
LRIF1,0.6236917604634264,3.1869875333917216e-05,0.0002566403869815204,3.5906749985338196,Not Significant
LRIG1,2.0088132896692414,3.707856970898246e-05,0.00028535485962436164,3.5446147269696815,Up
LRIG2,0.7485856599219822,9.877040544439933e-07,2.3412072104632444e-05,4.630560147013189,Not Significant
LRMP,-0.5195666693632788,0.054171449091714605,0.08475278430655893,1.0718460254067477,Not Significant
LRP1,0.03967388082905998,0.8995785488935936,0.9208773805054427,0.03579819446672784,Not Significant
LRP10,1.5675653929483246,1.571475791131818e-05,0.00015475119374254093,3.8103659921702113,Up
LRP11,-2.2632064807165726,1.8276281320416402e-06,3.561240351461337e-05,4.448398714393471,Down
LRP1B,0.551895360628265,0.02228749891170393,0.039724745937102866,1.4009388716779678,Not Significant
LRP4,0.029831738192168444,0.9508058747997732,0.9621716105206344,0.016747461376630777,Not Significant
LRP6,1.2713629190016178,0.0016423237887114967,0.004819059981861035,2.317037668089922,Up
LRP8,-0.5239252584980783,0.03810226245274029,0.06277059557627239,1.2022437506823853,Not Significant
LRPAP1,-0.433902182372627,2.9880539120490572e-05,0.0002461296411282273,3.6088360815298026,Not Significant
LRPPRC,-0.52391957066434,0.005110124808944702,0.011847962560485368,1.9263563268535173,Not Significant
LRRC1,2.1305437870632193,4.382672197597001e-05,0.00031993507042458113,3.494938151109834,Up
LRRC14,0.26568517518725443,0.14402484874577495,0.1958219320612772,0.7081386688159712,Not Significant
LRRC17,2.2890581599034547,0.001977977819414476,0.005570631409779545,2.2540955764166264,Up
LRRC20,-1.3826951610479021,4.2590482736931325e-06,6.384769688866758e-05,4.194854763969599,Down
LRRC25,3.538254881985617,2.2241217578600732e-08,2.2405802588682375e-06,5.649639494795209,Up
LRRC3B,-1.3286194180663475,0.034603897352879734,0.05770965939390687,1.2387514889175246,Not Significant
LRRC4,-1.2393490742915994,0.020897547671482445,0.037652541694645346,1.42420570188821,Down
LRRC40,-0.21570041710879195,0.2862315595181778,0.3528157329295439,0.45245205683914436,Not Significant
LRRC41,0.4799643328694536,0.0004066977177201296,0.0016264679667775254,2.788754485710596,Not Significant
LRRC42,0.9464785277710348,0.0042946211035164205,0.010323076353334388,1.986190860443078,Not Significant
LRRC45,0.5135384243970424,0.018570250175886708,0.03416302050253519,1.4664437384048286,Not Significant
LRRC47,-0.1483328383432827,0.21815749847947566,0.279785950309642,0.5531740977648255,Not Significant
LRRC49,-0.4212457222727757,0.01771776885784759,0.03279838358580607,1.4841475592475606,Not Significant
LRRC4B,-0.5824407451686326,0.051181208860829726,0.08071845538373053,1.0930271572857742,Not Significant
LRRC4C,-0.6811514183042959,0.008715293208095146,0.018264585766247243,1.7383901729715308,Not Significant
LRRC57,-0.6412339280811139,9.450370778034041e-05,0.0005496711040295319,3.2598970931058995,Not Significant
LRRC58,0.2697584194178191,0.1551461108257273,0.208249057589278,0.6814169552738871,Not Significant
LRRC59,0.6147457200517579,0.0035286337562688737,0.008829472543629566,2.0540652395971923,Not Significant
LRRC7,-3.6250623138389635,0.0015405579829923437,0.004578047528219726,2.339319702894238,Down
LRRC73,-3.053640392124265,2.3934848598951774e-05,0.00021003455120717783,3.677709256864462,Down
LRRC75A,-2.03824805797308,0.0006313668841705871,0.0022821636136112285,2.6416532232213283,Down
LRRC8A,0.6976000077320599,0.0004345341370906279,0.0017193624890223824,2.7646325524077526,Not Significant
LRRC8B,-1.2252717961377328,1.597167429602384e-06,3.330048505747197e-05,4.477549440480189,Down
LRRC8C,-0.44462534407134946,0.016443319857892706,0.030767088456242778,1.5119135998596291,Not Significant
LRRC8D,0.4821753346048716,0.05476334349365537,0.08559905699846147,1.0675310196992538,Not Significant
LRRFIP1,-0.6676112019726688,0.0044439374597836576,0.01061820400612575,1.9739489348732226,Not Significant
LRRFIP2,0.5573193773851308,0.008576670840214531,0.018052942341061678,1.743452004930215,Not Significant
LRRK2,0.43458524940546184,0.38960163486645516,0.4580285762218076,0.3391074256898127,Not Significant
LRRN1,1.6865867690460306,0.007297183216585819,0.0158089943492227,1.801095755777744,Up
LRRN4CL,2.9995854283671495,0.008602964324859639,0.018093165471531523,1.7424854449393556,Up
LRRTM1,-1.7727000918820544,3.181607945056208e-05,0.0002565958639351984,3.5907503482907748,Down
LRRTM2,-1.069884632999365,9.905812528864654e-05,0.0005682867620488754,3.245432460506539,Down
LRRTM3,-1.021806424392338,0.012270224254687923,0.02421356300523529,1.615941299791713,Down
LRRTM4,-1.493850686599071,0.006970923359502156,0.015239818125786614,1.817020215899213,Down
LRSAM1,-0.10656704654244464,0.27932924877252235,0.3457806404687135,0.46119932561666926,Not Significant
LRWD1,0.9475289199023873,0.001883763655711344,0.005378978193774399,2.2693002163321436,Not Significant
LSAMP,-0.7516985547138866,0.029994307279229575,0.05096021213319551,1.2927687728217545,Not Significant
LSG1,0.7034811490918926,3.624306060963634e-07,1.211011356226608e-05,4.916851784252962,Not Significant
LSM1,0.37122902310201766,0.0052581497304314655,0.012129745908945864,1.9161482965364363,Not Significant
LSM12,0.41418174603259317,0.020148119293328264,0.036558385043405785,1.4370129973536463,Not Significant
LSM14A,0.6111251825052229,1.0888031396400746e-05,0.00012182457463632239,3.9142650963301726,Not Significant
LSM14B,-0.25971286491240875,0.01882498161227577,0.03455591559075548,1.4614775955109616,Not Significant
LSM2,1.3564993610820189,3.4899105691389917e-06,5.589405258109094e-05,4.252634400854678,Up
LSM3,0.11691981227745529,0.5635010906274912,0.6249818327624515,0.2041326067290313,Not Significant
LSM4,-0.22389242796953468,0.2971383764819166,0.3642014849347643,0.4386582878171575,Not Significant
LSM5,0.35371087645862787,0.05288648141770999,0.08302608910737268,1.0807854187681816,Not Significant
LSM6,0.7523499956590634,0.005051323819744123,0.011742970236968112,1.9302220398539789,Not Significant
LSM7,1.7465850129001517,1.6478221321181675e-05,0.0001606985494574871,3.793988043370148,Up
LSM8,1.09072435831688,2.1557818490485698e-09,5.22429264267077e-07,6.2819725037204615,Up
LSP1,2.1364689961253784,0.04867764177825703,0.07743226958379304,1.111078011132024,Not Significant
LSR,-0.19201493732950148,0.5464996618715189,0.6086719285454595,0.21561672709359506,Not Significant
LSS,0.26367578057511665,0.28279707157412715,0.34938652183440727,0.4566938526611753,Not Significant
LST1,3.030441848525159,5.691995235862308e-07,1.6014516233073243e-05,4.795486175981121,Up
LTA4H,0.4621130074301476,0.008738846271329082,0.01830773652772867,1.7373653462653262,Not Significant
LTBP1,1.1394975708977295,0.016180306219407952,0.03036133952425358,1.5176790715394581,Up
LTBP2,2.6793543343347483,0.0005052307356026422,0.0019279145569928097,2.7149122174502045,Up
LTBP3,1.236760764652427,0.00011540874163831847,0.0006356630198274578,3.196773053241598,Up
LTBP4,1.2445631400396913,0.05680399976266334,0.08830350160229919,1.054022074492597,Not Significant
LTC4S,0.8586363070129384,0.22607210306856393,0.28843089745601735,0.5399582187240703,Not Significant
LTF,1.609054549710434,0.291020905810915,0.3577043198071203,0.4464758150730963,Not Significant
LTN1,-0.2360810224296408,0.036631971471301185,0.060695802730573706,1.2168413404564862,Not Significant
LTV1,0.44764061874259653,0.08214357617783949,0.12078738671953804,0.9179784147555193,Not Significant
LUC7L,0.770351253714292,0.0012095520611631733,0.0037912344319097104,2.4212193600375844,Not Significant
LUC7L2,4.936327095943444,0.014444268539385697,0.02763752350726904,1.558500875021176,Up
LUC7L3,0.5923552347727608,0.013188111722619971,0.025657983293486595,1.5907774819801859,Not Significant
LUM,1.567640583005316,0.03789815572914056,0.06250589731751179,1.2040790058298667,Not Significant
LUZP1,-1.3993722440113885,1.1664481093508942e-05,0.0001259463907138361,3.8998142737039743,Down
LXN,1.6789226780917268,0.04864104497591355,0.07739849740757433,1.1112674705048768,Not Significant
LY6E,-1.5293238366139263,0.000609435918630209,0.002224441103000263,2.6527790886709868,Down
LY6H,-2.970812285225602,0.003023728709888581,0.007815884544716893,2.107021864586456,Down
LY75-CD302,4.032683644455691,0.050612614978777844,0.08000494010610512,1.0968831955757856,Not Significant
LY96,2.0947266301581546,0.00023137212288767463,0.0010696846103581616,2.9707442523818655,Up
LYAR,1.3796114811459983,6.677197746813737e-05,0.00042790133652291084,3.3686563570224504,Up
LYN,1.6215188868935968,4.9711790562486174e-05,0.0003489871624574813,3.45719054833142,Up
LYNX1,-3.7604148051547632,0.00012799038323493025,0.0006819425074788834,3.1662522378613502,Down
LYPD1,2.096954561675915,0.0012612230816687294,0.003914220987286131,2.407354658787964,Up
LYPLA1,0.5848349881717496,0.032501837040637596,0.054634324436406326,1.262534422686233,Not Significant
LYPLA2,0.8393180303342511,2.444070078056209e-05,0.00021317369667825324,3.6712663835677093,Not Significant
LYPLAL1,-0.05119328038465554,0.6931297060372918,0.7427495647930729,0.12915759399487703,Not Significant
LYRM1,-0.004722389903911051,0.9718801980554829,0.9789742140996835,0.009228747238437234,Not Significant
LYRM2,0.027595203889816844,0.7639471152355922,0.8063708339148529,0.09346518885850696,Not Significant
LYRM4,-0.2054638289799673,0.10947129077103909,0.1546289656796758,0.8107091491205275,Not Significant
LYRM7,-1.2182805985748786,4.914109647761184e-06,7.002084949299316e-05,4.1547726246780785,Down
LYRM9,-1.2374882780451575,0.0002326875835260121,0.0010742872211003875,2.9688795902728975,Down
LYSMD1,-0.019633658218154437,0.7111286102402601,0.7594518837655444,0.11949973632004744,Not Significant
LYSMD2,-1.417935841829955,3.642410571140185e-07,1.211011356226608e-05,4.916851784252962,Down
LYSMD3,-0.06441092054161857,0.723832570872288,0.770394009383044,0.1132871029629645,Not Significant
LYST,0.319393778740924,0.1615043352609162,0.215610213811088,0.6663306697527969,Not Significant
LYVE1,0.45415264056486926,0.6389849734046413,0.6938062752832891,0.15876177640433675,Not Significant
LYZ,2.842374897638649,0.0035434414058758998,0.008859922740827454,2.0525700651759973,Up
LZIC,0.4938438636822866,1.9187021662730038e-06,3.681715356768427e-05,4.433949790998576,Not Significant
LZTFL1,-1.4686778274014642,2.9173224917564936e-05,0.00024248437938906696,3.615316232994233,Down
LZTR1,0.4869050915080173,0.013421163511804014,0.026020939418382145,1.584677028417981,Not Significant
LZTS1,-2.2080759791312268,0.029945020824963045,0.050888350167118374,1.2933816290035247,Not Significant
LZTS2,0.5884255076029028,0.005000081390892792,0.01165182047926301,1.933606215210356,Not Significant
LZTS3,-2.454947932709306,1.3224584235142861e-05,0.00013525326049221236,3.8688522567448063,Down
M6PR,0.7453533873483202,0.0016541591380675586,0.004835751351390768,2.3155360381452503,Not Significant
MAB21L1,-1.2983458273307988,0.12989465670503225,0.17918099022956252,0.7467080676444812,Not Significant
MACF1,0.3276169984384758,0.23549716342003352,0.2986611762015181,0.5248212288766263,Not Significant
MACROD1,0.3660868424895938,0.1263260988732518,0.1748810114125517,0.7572573436742218,Not Significant
MACROD2,-1.4888002542889627,0.0018481889072288395,0.005302949316839456,2.2754825236493303,Down
MAD1L1,0.45357022445321604,0.005661996704873663,0.012870955666516217,1.8903892055986593,Not Significant
MAD2L1,0.4413773485982606,0.346860750282984,0.4153809948617322,0.3815533778430367,Not Significant
MAD2L1BP,0.17018896065734523,0.5133301376057434,0.5779469901196373,0.23811199368032118,Not Significant
MAD2L2,1.7800030483966545,7.012486108585267e-05,0.00044207625192670824,3.3545028145087454,Up
MADD,-1.7464639826948414,0.00030237985032048853,0.0013056899323311622,2.884159944550643,Down
MAEA,-0.23230123555337912,0.04574090696073275,0.07346841465599836,1.1338993315123713,Not Significant
MAF1,0.6397090516667134,0.005093243747003036,0.01181970456284464,1.9273933786434134,Not Significant
MAFB,1.798555039224226,0.0012619844472835833,0.003915377678452361,2.4072263394153213,Up
MAFF,0.931708006831153,0.26397560717754665,0.32956875284503717,0.48205397145998996,Not Significant
MAFG,-0.6682079074117944,0.009860713692021456,0.020169914666685107,1.6952959391628506,Not Significant
MAG,-2.713451080927358,0.023885862549271587,0.04211168696558663,1.3755973606891934,Down
MAGED1,0.4037659148926025,0.11384274534140018,0.15997375039325784,0.7959512735603855,Not Significant
MAGED2,0.6456362041593877,0.014402745516768544,0.027568546140210204,1.5595861363219656,Not Significant
MAGED4,-0.7731980924369264,0.6738255924179907,0.7253038805448059,0.1394799989553396,Not Significant
MAGEH1,-0.11077629323584759,0.6715143987713461,0.7232798089621021,0.14069365847365298,Not Significant
MAGI1,-0.7529454256180976,0.004470290555926117,0.010663913582855719,1.9720833829716327,Not Significant
MAGI2,-0.5664818473089142,0.028584549741822483,0.04893962510182184,1.3103393618504673,Not Significant
MAGI3,-0.43797011633306937,0.07441829199943735,0.11096652954445409,0.9548079962237677,Not Significant
MAGOH,0.46106982431640375,0.007440355568600777,0.016060454681397947,1.7942421637381014,Not Significant
MAGT1,1.5473660376010834,6.122603059560827e-06,8.196487637937844e-05,4.086372211792838,Up
MAK16,0.5729699958350949,0.024063467543465444,0.04239428757977838,1.3726926584949017,Not Significant
MALSU1,0.6359849125003443,0.001162035437736684,0.0036835572686467447,2.433732573735274,Not Significant
MALT1,0.6691565934975205,0.019738303030260956,0.035918292038809405,1.444684322777447,Not Significant
MAMDC2,-1.7804909417071642,0.002799447713420101,0.007367198606320297,2.132697622195293,Down
MAML1,0.5304876733427655,0.07504012992306333,0.11167886967719605,0.9520289902746456,Not Significant
MAML2,3.5281070885102963,7.069852200846514e-10,3.7918670206228625e-07,6.421146901614129,Up
MAN1A1,-0.91819267145884,0.09605985333231402,0.13832289343478152,0.8591059350781443,Not Significant
MAN1A2,-1.0611743922606713,7.181441542815162e-05,0.0004507529102948283,3.346061460565839,Down
MAN1B1,0.4373290474524012,0.0010723800742522315,0.003454813427703186,2.4615754011137554,Not Significant
MAN1C1,-0.3905837589478054,0.4133615195665899,0.48063295800021083,0.31818645203635826,Not Significant
MAN2A1,0.03755673555255257,0.8942755609908521,0.9164732453124969,0.03788020891534806,Not Significant
MAN2A2,-1.1148852216790992,0.005594970466852201,0.012751975674902506,1.8944225243878694,Down
MAN2B1,2.3720542837814875,1.6741290435020376e-08,1.853316042224124e-06,5.732050515009015,Up
MAN2B2,-0.15871787308061513,0.1522709220181628,0.20513202305575984,0.6879665368485413,Not Significant
MAN2C1,0.6188316948881756,0.026295208967659058,0.04566418464750859,1.3404242924505219,Not Significant
MANBA,0.5552686353905898,0.022273617338684642,0.039707029033783245,1.4011326065775982,Not Significant
MANBAL,0.44213860297156415,0.0002269280845534598,0.0010525200385780634,2.9777696270257534,Not Significant
MANEA,0.6220797835593963,0.04177466260167556,0.06780053988227479,1.1687668479181976,Not Significant
MANEAL,0.41080511307730205,0.05958059469202289,0.09191652541002122,1.0366064010275118,Not Significant
MANF,1.0531503019763377,0.001108426528366869,0.0035467747003078134,2.450166398085922,Up
MAOA,-0.44442014464924284,0.3348968138686816,0.4031246866905363,0.39456060555522837,Not Significant
MAOB,-2.5146448043476575,0.025324494751088757,0.04420706292193175,1.3545083382759955,Down
MAP1A,-2.7650950437421074,1.1581278340401326e-07,6.173005185248833e-06,5.209503358230686,Down
MAP1B,-1.37923125123827,0.00481148570040778,0.011317045749686663,1.946266928453092,Down
MAP1LC3A,-3.4064656451288577,7.103489555338646e-06,9.085624250171101e-05,4.041645228059762,Down
MAP1LC3B,-0.5485595339768494,0.005840725410780329,0.013175728925399957,1.8802253488272223,Not Significant
MAP1S,-1.2810670553931693,2.604578411384712e-08,2.4294928626194063e-06,5.614484372472372,Down
MAP2,-1.6065996939932567,4.6347318173842784e-05,0.0003327889403302154,3.477831115173893,Down
MAP2K1,-1.495333534814396,6.173886360864327e-05,0.000406631884894948,3.39079857038314,Down
MAP2K2,-0.1305243154202671,0.31535717476679215,0.38354559683697503,0.4161829986574728,Not Significant
MAP2K3,0.13474202352078457,0.6178990588027466,0.6754248175324294,0.17042298586914034,Not Significant
MAP2K4,-1.6837892715955647,1.8669180605582136e-05,0.00017576946300993873,3.7550565740758968,Down
MAP2K5,-0.47453337207548074,0.1644951209558325,0.2191093281117356,0.6593391328855857,Not Significant
MAP2K6,-0.23149985505964743,0.45115432859465504,0.5172332657633498,0.2863135513228372,Not Significant
MAP2K7,-0.11162438066417835,0.3974308268394647,0.46544038009541583,0.33213594143632014,Not Significant
MAP3K1,1.5800091889555858,0.0015235356960451127,0.004538501649627225,2.343087502363807,Up
MAP3K10,-2.2770662918083673,3.415043506755594e-07,1.170175111804621e-05,4.931749143040257,Down
MAP3K11,0.6553371763185929,0.005024563893895906,0.011698048686643717,1.931886575458873,Not Significant
MAP3K12,-0.45496207361537344,0.019575733279166684,0.03569984378246292,1.4473336842957274,Not Significant
MAP3K13,-0.8640994600718486,0.0011717119544221216,0.0037046563533626948,2.4312520712906114,Not Significant
MAP3K2,0.6097513378479782,4.4414276258729006e-05,0.00032304746329138163,3.490733664878821,Not Significant
MAP3K3,0.4454937425502621,0.006108418501210467,0.013689923911277919,1.8635989656719973,Not Significant
MAP3K4,0.4258029541017656,0.07550342758951,0.11231859561971702,0.9495483353996369,Not Significant
MAP3K5,-0.7991186492038302,0.12761014909524018,0.1763435722888134,0.7536403657122519,Not Significant
MAP3K6,0.638232356958369,0.05974969535144195,0.09213507285633342,1.0355750163998274,Not Significant
MAP3K7,0.4015525920499492,0.007589674454336792,0.01633377065861757,1.7869135466045085,Not Significant
MAP3K7CL,0.9163926435588614,0.05541730197724324,0.0864484303225825,1.0632428879705065,Not Significant
MAP4,-0.15137538160584896,0.4960028299959589,0.561178404018339,0.2508990503951602,Not Significant
MAP4K2,-1.7712199395951824,8.319543398816495e-06,0.00010073447139384299,3.996821888191764,Down
MAP4K3,0.07376625187965757,0.3265578905184895,0.39477238977333456,0.40365322932660797,Not Significant
MAP4K4,0.5918477289971413,0.010333407914919455,0.020991883713429842,1.6779485881140574,Not Significant
MAP4K5,0.8692197673062552,0.00047034427686407044,0.001829439476883647,2.7376819536494943,Not Significant
MAP6,-1.4781677889219829,0.005208814466502069,0.012040751935645213,1.9193463908768245,Down
MAP6D1,-1.8281245018153705,0.0005223460289436989,0.0019745267900858625,2.704536969444515,Down
MAP7,-2.2911562720073064,0.007047843138645663,0.015348026757180375,1.8139474523401755,Down
MAP7D1,-0.8164789226929692,9.058740359614756e-06,0.00010685919248566634,3.9711881120204557,Not Significant
MAP7D2,-5.022921673076571,0.00026440521231278324,0.001181205369773383,2.9276745873946934,Down
MAP7D3,2.3653238186443364,7.216577349886476e-06,9.198956673032664e-05,4.03626142665871,Up
MAP9,-1.6870582853665077,0.00016176860223331943,0.0008152360674829716,3.0887166146219367,Down
MAPK1,-0.4747045498940601,0.0009153845633049348,0.003035412801426568,2.5177822386280315,Not Significant
MAPK10,-1.800351175929876,0.0003083835922625428,0.001324800131536399,2.877849637439079,Down
MAPK11,-1.8224362651804427,0.000510766726543169,0.0019416845295078808,2.711821329640823,Down
MAPK12,-0.14734577572110297,0.5858779617707827,0.6461012136703738,0.1896994431575542,Not Significant
MAPK13,-2.6075984487646284,0.000746451098115767,0.002584105966466748,2.5876896811923644,Down
MAPK14,0.059626434977822385,0.584584024923248,0.6448154458640972,0.19056456801871813,Not Significant
MAPK3,-0.8759559017322438,0.0014464768190499346,0.0043510921096175095,2.3614017228954705,Not Significant
MAPK4,-0.8542350538148398,0.01951173646362459,0.03560891904611488,1.4484412096852757,Not Significant
MAPK7,1.5757202282107468,1.6024127223857278e-05,0.0001571831135863079,3.80359411268723,Up
MAPK8,-0.15656667017893966,0.42440858291750677,0.4911535972786862,0.3087826707711096,Not Significant
MAPK8IP1,-0.8948118277251531,0.07131175058727814,0.10707923318173199,0.9702947475536038,Not Significant
MAPK8IP2,-3.406118856173375,0.0003492892803308606,0.001451067264869502,2.8383124551814545,Down
MAPK8IP3,-1.3916515995361394,3.083348988704288e-07,1.1053970716087899e-05,4.956481690275166,Down
MAPK9,-1.7757124530731332,2.7173601885643616e-07,1.0408626060683414e-05,4.982606593606061,Down
MAPKAP1,0.6938004283518246,0.011309683734752704,0.022623859003951297,1.6454333144778168,Not Significant
MAPKAPK2,1.8722633324677211,6.123001639328742e-05,0.00040447946566949343,3.3931035214504597,Up
MAPKAPK3,1.5743864414013622,5.428665033929125e-06,7.564090117814938e-05,4.121243305655051,Up
MAPKAPK5,-0.026402950912263634,0.7750335861150934,0.8149137194993686,0.08888837055930379,Not Significant
MAPKBP1,-0.2837597073363263,0.21028020628419103,0.27109051429035863,0.5668856785221611,Not Significant
MAPRE1,1.0511965687019575,2.79572042928929e-07,1.0508987912186683e-05,4.978439107503386,Up
MAPRE2,-1.3315796742489354,1.4518224674488043e-06,3.1251409267263366e-05,4.505130393577633,Down
MAPRE3,-1.9789290985718715,4.4753341360805066e-06,6.558534451402582e-05,4.1831931958036614,Down
MAPT,-1.0367375669129082,0.004183581367546397,0.01010923451587009,1.9952817284960302,Down
MARC1,-0.8444395464039332,0.1570662275058845,0.21032635596095714,0.6771063025337681,Not Significant
MARC2,-3.614558375041268,3.844871039949866e-06,5.9681403476818105e-05,4.224160972481253,Down
MARCH5,0.29041465317538595,0.02957685718087884,0.05037491323385192,1.2977856888824328,Not Significant
MARCH7,0.4082050733009197,0.013023673754700055,0.025421524782958407,1.5947984040194214,Not Significant
MARCKS,1.2709779882975454,0.0017475341954471648,0.00506463161246684,2.2954521385546944,Up
MARCKSL1,1.6772433121391153,0.000268161303966451,0.001193223046006196,2.9232783672303024,Up
MARK1,-1.0430767659841607,0.006253102558767543,0.01394901576107711,1.8554564350149783,Down
MARK2,-0.7085036004047112,3.057452901138281e-05,0.00025061660314131033,3.6009901607409183,Not Significant
MARK3,0.23992571376257388,0.1790282563175785,0.2357556410644818,0.6275379068457078,Not Significant
MARK4,-0.7514502936235345,3.0372319323222964e-05,0.00024965674644293894,3.602656693564999,Not Significant
MARS,0.16659936217524418,0.0902359951501293,0.13106075766182274,0.8825273257176061,Not Significant
MARS2,0.43250014985710905,0.026329255256050486,0.045707550827064035,1.340012049128263,Not Significant
MARVELD1,-0.33556938459758356,0.23822583209000503,0.3017207735070041,0.5203947875748361,Not Significant
MASP1,4.185659182527971,5.5751991639038755e-05,0.00037872256491684183,3.4216788181247018,Up
MASP2,4.202938381637832,0.01305728282319676,0.02546884196186072,1.593990801444212,Up
MAST1,-2.0336242816969197,5.17042665279088e-05,0.00035798541649632523,3.446134665155505,Down
MAST2,0.24311428525022194,0.21666919609285767,0.27816050483489846,0.5557045341208444,Not Significant
MAST3,-3.597702020108951,1.194567332502013e-05,0.00012747956893670846,3.8945594137323916,Down
MAST4,-1.7228356348860139,0.007230996680488328,0.015682467289394923,1.804585609644293,Down
MAT2A,1.7045806579253266,0.0011539394341287647,0.0036625034213652098,2.436221960936991,Up
MAT2B,-0.7346969843638007,0.0025241014717198597,0.006784364521372963,2.168490825644064,Not Significant
MATN2,2.885928989774939,2.3188633929878272e-05,0.00020581700282783588,3.6865187504225334,Up
MATN4,-3.912447312630321,0.19475400148919478,0.25331850368007075,0.5963330859589763,Not Significant
MATR3,0.2519936311147575,0.41733895298346313,0.4845865159469119,0.31462867466265626,Not Significant
MAU2,0.77191876418064,0.0007090915385790392,0.0024881184812418117,2.604128942902289,Not Significant
MAVS,1.1297649425738001,1.7128889605613234e-05,0.00016533267698380446,3.7816413023194513,Up
MAX,0.3033488460624909,0.010735583951346751,0.021684787955513606,1.6638448202387888,Not Significant
MAZ,0.27066973704637576,0.15649975458301166,0.20970717314036438,0.6783867140172594,Not Significant
MB,0.8625778667550055,0.06084209370489233,0.09357606900505121,1.0288352028419883,Not Significant
MB21D2,-0.6479577772675462,0.19973378330212305,0.25905988579703715,0.5865998302628521,Not Significant
MBD1,0.07433897293902803,0.4882107572313312,0.5534190579890211,0.2569458892193649,Not Significant
MBD2,0.025307656694177894,0.8798086369227207,0.9054236600632841,0.04314816093346763,Not Significant
MBD3,0.450578818945484,0.04139676239030743,0.06725221485566152,1.172293408221429,Not Significant
MBD4,0.3225240321584728,0.14099121887926946,0.19225034366401741,0.716132875187114,Not Significant
MBIP,0.8762776229262492,0.0019150991578072533,0.005442231005853391,2.2642230277091184,Not Significant
MBL2,0.0,1.0,1.0,-0.0,Not Significant
MBLAC1,-0.9149533339078761,0.003914639179716709,0.009597487246645442,2.0178424563103428,Not Significant
MBLAC2,-1.2795449472231386,0.00024816665266259863,0.0011312356827705968,2.946446904302164,Down
MBNL1,0.4468797609760671,0.009488374991435513,0.019579248190028955,1.708203988385304,Not Significant
MBNL2,-1.6463592524374562,0.00032250193939468454,0.001366225625509694,2.864477573112555,Down
MBNL3,1.2918678093848666,0.0006687260900415322,0.0023796349809531597,2.623489655513056,Up
MBOAT2,0.13401459385813297,0.592990401180363,0.6525541064201874,0.1853834730386859,Not Significant
MBOAT7,-1.7495931479002387,2.22839384591978e-09,5.22429264267077e-07,6.2819725037204615,Down
MBP,-3.7448217589803967,0.0036976382942513694,0.009177139240277974,2.0372926789063563,Down
MCAM,0.5763608179441668,0.186527193011597,0.2443530484263756,0.611982238561346,Not Significant
MCAT,-0.25537375725748035,0.25604900438903433,0.32130514078414696,0.49308232581378847,Not Significant
MCC,0.06209443850444174,0.8873105966294357,0.9110035620102869,0.040479924938760514,Not Significant
MCCC1,0.08750782281754255,0.6713774154555946,0.7232798089621021,0.14069365847365298,Not Significant
MCCC2,0.9205695880656393,1.1793524639891689e-08,1.5223026267907658e-06,5.817499003228598,Not Significant
MCEE,0.37255698011597005,0.011403227188002261,0.02276577699007824,1.6427175227445463,Not Significant
MCF2L,-1.6630997330051578,1.59657220529004e-06,3.330048505747197e-05,4.477549440480189,Down
MCF2L2,-1.5011926639589355,0.04572606825659354,0.07345629271518471,1.1339709939592322,Not Significant
MCFD2,-0.36440188170287513,0.011734161729411621,0.023301783020321834,1.6326108460872937,Not Significant
MCL1,1.7808199962336282,0.0006070595381366025,0.002218983231926028,2.6538459795658795,Up
MCM2,1.9158830281316757,0.00018794575675178354,0.0009173282720530365,3.0374752213322442,Up
MCM3,1.6549154636756747,0.0018848275974401444,0.005379303580082551,2.2692739456913236,Up
MCM3AP,0.4186542940827671,0.0027130479357799072,0.007181094299802098,2.1438093702210548,Not Significant
MCM4,0.40062032917152735,0.3499218147129508,0.41821240496123696,0.37860308934160763,Not Significant
MCM5,2.7604556673644236,1.114065764808244e-06,2.5623512590589615e-05,4.591361335397568,Up
MCM6,0.4036237358179626,0.32940140255940914,0.3974394417798854,0.4007290358236453,Not Significant
MCM7,2.347463005964375,1.9836497613219402e-06,3.770431640671175e-05,4.423608928724965,Up
MCMBP,1.059922423186535,1.164235722971289e-06,2.641556457930803e-05,4.5781401027109885,Up
MCOLN1,0.2828040685378532,0.07463803620149251,0.11117899995472949,0.9539772367203401,Not Significant
MCRS1,0.07918279835486786,0.487325182013478,0.5525395479576565,0.2576366319503625,Not Significant
MCTP1,-3.7870994070579354,2.073360749464689e-05,0.00018885204511851064,3.7238783077447177,Down
MCTS1,-0.1667531769198476,0.4403744052719027,0.5065462158836661,0.2953809246618461,Not Significant
MCU,-0.1413408541866943,0.4374938385170458,0.5038080623251852,0.2977348868670387,Not Significant
MCUR1,-0.4925361681194822,0.007522330117834337,0.016209615744826333,1.7902272801471375,Not Significant
MDC1,0.3368357694577817,0.038174463412631046,0.06283000878957984,1.2018328795285975,Not Significant
MDGA1,0.28908416950022797,0.5461266077556851,0.6083236893554591,0.21586527090181068,Not Significant
MDGA2,-0.24280111764526424,0.1792575551642533,0.23597710996724452,0.6271301220173733,Not Significant
MDH1,-2.0451801531482694,2.5281556069501444e-05,0.000218427440689672,3.660692802819431,Down
MDH2,-0.28099360296049625,0.09848609309535444,0.1414123292250001,0.8495127243371631,Not Significant
MDK,0.3533428800980971,0.5656537121920134,0.6268861932477825,0.20281129510334722,Not Significant
MDM1,0.46872633741127245,0.030295191766827274,0.05138807237902306,1.2891376728549044,Not Significant
MDM4,1.0881356677899277,0.0001147170678758678,0.0006328914248529531,3.1986707886109227,Up
MDN1,0.01662389244537721,0.9074427898844043,0.9277023204074984,0.03259135712580837,Not Significant
ME1,-3.094921371066741,6.816527863528511e-05,0.0004327013339457229,3.363811765942081,Down
ME2,0.36031276366095,0.056106794010429506,0.08741868231293072,1.0583957440433005,Not Significant
ME3,-0.4490849745277288,0.09478178551974262,0.13677577815870035,0.863990805711025,Not Significant
MEA1,0.3842541542766966,0.06746159099011434,0.10193611333949482,0.9916719293836609,Not Significant
MEAF6,-0.6425513447466855,0.001448353657469147,0.00435413749488039,2.3610978609345614,Not Significant
MECP2,-0.9113826460139656,0.009641686748588433,0.01982656711681565,1.702752475471268,Not Significant
MECR,-0.43460579611364025,0.00486096090099836,0.011417421337527975,1.942431971864182,Not Significant
MED1,0.8811476641773908,0.0002304881588665732,0.0010660871039586126,2.9722073101094955,Not Significant
MED10,-0.22461714909601938,0.2103010094480001,0.27109051429035863,0.5668856785221611,Not Significant
MED11,1.150015374363658,0.00011243847441972198,0.0006227076367808023,3.2057158081321013,Up
MED12,0.6212987142526671,0.003000193017844941,0.007768952537204236,2.1096375317753617,Not Significant
MED13,0.5979943903613467,0.00015460836498410938,0.0007894194976431413,3.1026921512946273,Not Significant
MED13L,0.8699252300617992,0.0002836544217165857,0.0012429467787615851,2.905547466841062,Not Significant
MED14,0.8909540048979565,0.012846824105800085,0.02514941819701323,1.5994720573972923,Not Significant
MED15,0.21831247575781632,0.27353056122557934,0.33972961087245546,0.4688665983226039,Not Significant
MED16,0.25824929435114186,0.054912585038217526,0.085752500647187,1.066753206545372,Not Significant
MED17,0.819047106565673,0.00019041052143181799,0.000924431611038137,3.0341252121926,Not Significant
MED18,0.4656623327833458,0.006354928611027224,0.014144841101963821,1.8494019268869413,Not Significant
MED19,0.16696660365290583,0.4842127807064555,0.5501871816869877,0.25948953206239744,Not Significant
MED20,1.1717551497064989,3.4918423480259777e-07,1.1901530632280928e-05,4.924397181262442,Up
MED21,-0.8199656730921703,0.00027163990806067657,0.0012033862945484853,2.9195949390267293,Not Significant
MED22,1.1176898235128512,1.553536981763504e-08,1.7863100634655665e-06,5.748043155097765,Up
MED23,0.23981913054389992,0.17911857699858655,0.23584375175581765,0.6273756250952575,Not Significant
MED24,0.49272907939938904,0.00016019118968584514,0.0008093109553135426,3.0918845806997295,Not Significant
MED25,0.2638215085224438,0.08640278907854422,0.1261846473147658,0.8989934817961672,Not Significant
MED26,0.8777668129515206,0.0003130021511524925,0.001338363187907559,2.873426017285112,Not Significant
MED27,0.28439736612656574,0.00960943398634488,0.019776391823991483,1.7038529419537563,Not Significant
MED28,0.22037154969606831,0.07204805026560096,0.10797561118352635,0.9666743289995499,Not Significant
MED29,0.015101358467465076,0.9420418533954097,0.9555104340621583,0.019764566138138803,Not Significant
MED30,0.8052712117268008,0.005563389368011044,0.012700109787750567,1.8961925247126918,Not Significant
MED4,-0.5937380863078232,0.009441614601294957,0.01950273231360373,1.7099045401454671,Not Significant
MED6,-0.19257899716388494,0.1916288072437382,0.2498341664518466,0.6023481692971928,Not Significant
MED7,-0.39462550935128604,0.0009088147813340787,0.003018595485380649,2.5201950818220924,Not Significant
MED8,-0.08860323772858436,0.4463448999795572,0.5123608161342365,0.2904240912368407,Not Significant
MED9,-0.11707198860138135,0.3151564054608639,0.3833476972485804,0.41640714118624783,Not Significant
MEF2A,-0.5793958782994437,0.0050342520019623195,0.011712483756990395,1.93135099838842,Not Significant
MEF2C,-2.7814184941942592,4.187576640752512e-08,3.28205376218176e-06,5.483854309197722,Down
MEF2D,-1.493882011941814,1.8096799438655568e-07,8.175208858520906e-06,5.087501143261628,Down
MEGF10,-2.463385756385117,0.023699619055802094,0.04183175267793631,1.3784939388520725,Down
MEGF8,-0.9017087006408744,0.00022489209552933144,0.0010445195806189419,2.9810834143001856,Not Significant
MEGF9,-1.1607823955202186,1.771456094853109e-10,1.3727422076577093e-07,6.8624110128750875,Down
MEIS1,0.9071690103190662,0.0038885135618192345,0.009549703954599456,2.020010091544705,Not Significant
MEMO1,0.5240397951785702,0.014822515338745644,0.02821655697704528,1.549495980556689,Not Significant
MEN1,0.18477728953319783,0.3390438620015871,0.4070619507975101,0.3903394904257003,Not Significant
MEOX2,-1.1488957216495717,0.11623215977945901,0.16280205233408152,0.7883401245589277,Not Significant
MEPCE,0.6660850112640375,0.005015355993416869,0.011679310281479782,1.9325828036099102,Not Significant
MERTK,1.3210141884722724,0.0006733215846528578,0.002388394944997496,2.6218938566671195,Up
MEST,-0.38875899533515934,0.3523327944584768,0.42044545976956826,0.37629033293945985,Not Significant
MET,-2.6486375692497948,0.0068057721963909355,0.01494362447830041,1.8255440544605472,Down
METAP1,-0.05728362558072675,0.7746163073966021,0.8146450235633542,0.08903159112606794,Not Significant
METAP1D,1.22315997985282,4.180140640598372e-06,6.324947930677354e-05,4.198943045411051,Up
METAP2,0.500973367885269,0.00024986934764195255,0.001136939389406066,2.9442626870696245,Not Significant
METRN,1.9814616037855757,0.0005033262773756987,0.0019228323542976066,2.7160585788802436,Up
METRNL,1.0668044321553545,0.052881800017544056,0.08302608910737268,1.0807854187681816,Not Significant
METTL1,3.257882968742546,0.017875444977824576,0.03304775788339232,1.4808579997759592,Up
METTL13,0.4903658320712587,0.00031038051643468925,0.0013299758922003656,2.876156231197758,Not Significant
METTL14,0.15165398807509334,0.42604105977559414,0.49272158544449374,0.3073984114736407,Not Significant
METTL15,-0.05534638219089061,0.7962143516617418,0.8342239603370137,0.07871734063174653,Not Significant
METTL16,0.7895290906200252,0.0028569336733642657,0.007487187779779295,2.1256812745653915,Not Significant
METTL17,0.9182671012167063,0.0010930329636743856,0.0035039143130070997,2.455446522892999,Not Significant
METTL18,0.632996674269263,0.00850452911263972,0.01792356198341685,1.7465756779318033,Not Significant
METTL2B,0.2844967431426042,0.05692938800123748,0.08842471210604395,1.053426345490706,Not Significant
METTL3,1.370252097822938,3.474632729013679e-09,7.00069002241676e-07,6.154859151677331,Up
METTL5,0.17059171138008367,0.15839053680893989,0.21193070365430475,0.6738061199212324,Not Significant
METTL7A,0.03697547183541516,0.913938044604089,0.9329224704976788,0.030154446322186758,Not Significant
METTL7B,1.9212485344887664,0.09033787215402113,0.1311633738826168,0.8821874206108024,Not Significant
METTL8,0.1789050143866504,0.12587564616864344,0.17435325993440312,0.7585699280798772,Not Significant
METTL9,0.03835057435059852,0.7305281635398285,0.7759743483235167,0.11015263514088644,Not Significant
MEX3A,4.596011000046625,2.380643445906158e-06,4.3259618642705735e-05,4.363917313424402,Up
MEX3C,1.6202451682888181,1.701769657060683e-05,0.00016452617586592435,3.7837649966212195,Up
MEX3D,1.2110520493462644,0.009788199443050481,0.02005008564239336,1.6978837679844763,Up
MFAP1,0.3892784221543941,0.03511666709135874,0.05841567111597555,1.23347062949362,Not Significant
MFAP2,5.516764321634475,0.002830457839269617,0.007425529237708886,2.1292725875561307,Up
MFAP3L,-0.25438876416522405,0.4871818888716387,0.552501446413699,0.2576665806859906,Not Significant
MFAP4,3.0460091035321444,0.00010871337515229045,0.0006084325229356523,3.2157875793758137,Up
MFAP5,0.4574704604934592,0.6566014134497145,0.7099498378332535,0.14877233567786174,Not Significant
MFF,0.2945174378075919,0.0825932148174728,0.12135998338261682,0.9159244916876931,Not Significant
MFGE8,0.19534172851846776,0.4909695903854334,0.5561708819906507,0.25479175211660976,Not Significant
MFHAS1,-0.07531044626948002,0.6995463832050295,0.748351944823985,0.12589410835513712,Not Significant
MFN1,0.2033006350428579,0.32739751269392225,0.395631477141098,0.4027091624619868,Not Significant
MFN2,-0.48797623796677314,0.0006548062841693547,0.0023450119113836046,2.629854946963809,Not Significant
MFSD10,1.0003732983120024,1.7727842884037745e-05,0.00016960141425811608,3.770570530605632,Up
MFSD3,-0.22987381240847427,0.16136673500325227,0.21545506804807996,0.6666432857509298,Not Significant
MFSD5,0.5836200984675095,0.00029590357838835146,0.0012859933773443713,2.890761267951611,Not Significant
MFSD6,-2.1810490275881342,0.0006119931436337241,0.0022313495942693218,2.651432381770041,Down
MGA,0.22388009148006915,0.05083556143134289,0.08028619039532618,1.0953591490036496,Not Significant
MGARP,-1.4156071755323278,0.0028272273692688406,0.007418986329256134,2.129655429179735,Down
MGAT1,0.6791056634698833,0.0006897320722477956,0.0024380213669558926,2.6129624925197796,Not Significant
MGAT2,0.98411775044449,0.0001918242321037772,0.0009290677344658101,3.031952622247063,Not Significant
MGAT5,-0.5672937282305703,0.003223314763341364,0.00820820852525301,2.0857516190674956,Not Significant
MGLL,-1.8661213638695742,8.682333738168373e-06,0.00010363250009278222,3.9845040245377916,Down
MGME1,1.5484405995208093,0.0001264387094400681,0.000677162976554623,3.169306794682383,Up
MGMT,-1.671036020634924,0.001028584647012909,0.0033345476435336463,2.4769630730643586,Down
MGP,3.88568719551861,0.006932083124287003,0.015174664362031132,1.8188809060075537,Up
MGRN1,-0.5788139959884013,0.009793025442845407,0.020055893130966583,1.697757993207955,Not Significant
MGST1,0.30766170828090367,0.6701108953747124,0.7222314282662728,0.14132361695372345,Not Significant
MGST2,-0.12625988670517962,0.5369767674068177,0.5996567957938456,0.22209724018047075,Not Significant
MGST3,-1.101972632405225,0.00029451018873236383,0.001281043023009427,2.892436284508374,Down
MIA2,-2.5566844309050807,0.2769965607400106,0.34319834928992726,0.4644548096811406,Not Significant
MIA3,-0.33776718406907946,0.08555515914526769,0.12520085317103816,0.9023927116510562,Not Significant
MIB1,0.10884117477199595,0.3447734953032473,0.41328512514099397,0.3837502254597354,Not Significant
MIB2,-0.09173451897190432,0.5590462085035153,0.6206558854380001,0.20714912200900767,Not Significant
MICAL1,0.44052038194324794,0.1213330567368918,0.16882723944301767,0.7725574807826971,Not Significant
MICAL2,-3.6239733682811224,3.4636239673743953e-06,5.564999656671397e-05,4.254534858122754,Down
MICAL3,-0.24745703443531752,0.19189966115282278,0.25012298179278974,0.6018464026027723,Not Significant
MICALL1,1.748143656017394,1.3139725150059939e-05,0.0001347959176799428,3.8703232602926922,Up
MICALL2,-0.5045377932046229,0.20605445842576375,0.26626380376874603,0.5746878680782838,Not Significant
MICU1,-0.4501835083362451,0.002753556072721846,0.007267310420906439,2.1386262886566887,Not Significant
MICU2,-0.18041711509969005,0.32005831459717043,0.3885127679541987,0.4105947041193415,Not Significant
MICU3,-1.9650878873206068,2.780116024220479e-07,1.0508987912186683e-05,4.978439107503386,Down
MID1,1.1015997495783,0.007686680453018096,0.01652136097369411,1.7819541798352612,Up
MID1IP1,0.0354040254158825,0.9194369210178616,0.937775391549452,0.027901167901823433,Not Significant
MID2,-0.5641442041535889,0.12741959227318697,0.17615273398656311,0.754110611943064,Not Significant
MIEF1,0.15764508353440831,0.3171790784110675,0.3854357100015795,0.4140480511279285,Not Significant
MIEN1,0.0639782194305667,0.6234285412533196,0.6801406892555709,0.16740124281214777,Not Significant
MIER1,0.14928315267890113,0.300401707937077,0.36753058121910537,0.43470651861477,Not Significant
MIF,0.9752201348940304,0.04249576254953543,0.06878250512918058,1.1625220107767713,Not Significant
MIF4GD,1.7660565959511985,2.3623062153325066e-06,4.311208842981825e-05,4.3654009386033765,Up
MILR1,2.7087591107110427,8.864804551622597e-07,2.1675738119671367e-05,4.66402610465488,Up
MINK1,-1.0191466502673983,0.00021719883411760354,0.0010148706191561864,2.993589320280851,Down
MINOS1,-0.9840457658030761,0.00011772516030785998,0.0006445839802315804,3.190720492158279,Not Significant
MINOS1-NBL1,-0.35281767646208984,0.8821312914281163,0.9075358077866467,0.0421362304049598,Not Significant
MINPP1,0.4298400676598213,0.039165787831055676,0.0641867816186847,1.1925543996746082,Not Significant
MIOS,0.748725331358493,0.00044329768700900084,0.0017465941108822187,2.7578080085172156,Not Significant
MIPEP,-0.1335111115640295,0.48136079774740465,0.5475023909345551,0.26161397992635255,Not Significant
MIS12,1.1072704387599046,0.00017610198909056681,0.0008692069760403577,3.060876796797354,Up
MIS18A,0.579570659226853,0.07022941912292753,0.10570613599945794,0.9758998021593629,Not Significant
MITD1,0.7624901648334035,0.0020057982973161136,0.005626959634408947,2.2497262002923075,Not Significant
MITF,1.0243169611886298,0.0010270706610430419,0.00333227370027298,2.4772593345051974,Up
MKI67,5.76981559508609,2.329659108126774e-05,0.00020641148509471522,3.685266141470755,Up
MKLN1,0.7682638900404513,0.0006223270796180504,0.0022608449333113016,2.645729223995503,Not Significant
MKNK1,0.27266033133934187,0.36527793645296447,0.43312263792692607,0.3633891165014897,Not Significant
MKRN1,0.3969288116262497,0.044139466066760745,0.0711799233482548,1.147642484011969,Not Significant
MKRN2,-0.27267816514016374,0.03180603404422503,0.0536527104758076,1.2704083330651867,Not Significant
MLC1,-0.2197677240830913,0.7570795015937607,0.8004637803374838,0.0966583144073174,Not Significant
MLEC,0.3653917361047263,0.08238669057777034,0.1211095171283319,0.916821727427442,Not Significant
MLF1,-0.1476142456849594,0.6736332296460836,0.7251743059900242,0.139557592006802,Not Significant
MLF2,-0.35674744447421247,0.017964053704169765,0.03319939038998462,1.4788698907747728,Not Significant
MLH1,0.6998569725677903,0.02238917788789651,0.03989307840981501,1.3991024494056028,Not Significant
MLIP,-2.1517145610733444,0.009423536152686152,0.01947337501582775,1.7105587724797038,Down
MLKL,0.9887004927042486,0.04088679236224026,0.0666171027425535,1.1764142592203892,Not Significant
MLLT1,-0.6111885323180211,0.0025411641862087687,0.006821126568576375,2.1661438918961613,Not Significant
MLLT11,-1.4155008995318674,0.0001598458109258612,0.0008083768570618101,3.0923861283509715,Down
MLLT6,-0.7142277775428418,0.006758089809723926,0.01485511602512739,1.8281239518121308,Not Significant
MLST8,-0.05696218570101763,0.6605699336541635,0.7132456068201547,0.14676089466512465,Not Significant
MLX,0.7656531246875424,0.0001538841964571833,0.0007869184746749566,3.104070258533924,Not Significant
MLXIP,0.21568141734552526,0.4604010759103978,0.5266130602221192,0.2785083744132692,Not Significant
MLYCD,0.5918779631056985,0.024847155098912138,0.04352464622960196,1.3612647501625237,Not Significant
MMAA,-0.35611227537478385,0.0349471038372752,0.05817661871525035,1.2352515239961834,Not Significant
MMAB,-0.28350424092575466,0.49799338922054687,0.5631143117081366,0.24940343480268615,Not Significant
MMACHC,-0.3168227775635515,0.3581342060896977,0.42615533569191505,0.37043206958897856,Not Significant
MMADHC,0.057024238410662065,0.7816548686131165,0.8206765134349698,0.08582799527365371,Not Significant
MME,0.8951661583777764,0.38184097724945243,0.44992295276503164,0.346861850788804,Not Significant
MMGT1,-0.2146840111529329,0.14426106448394094,0.1960296764586342,0.707678176875095,Not Significant
MMP12,9.904296130559189,0.005097679415916369,0.011824550411223003,1.9272153628638815,Up
MMP14,3.5610808529344986,0.0003726743065066807,0.0015232660132521799,2.817224247682072,Up
MMP15,0.7189966007050952,0.08330149053089071,0.12225332462871226,0.9127393215845365,Not Significant
MMP16,1.6640746921859986,0.003451392896035737,0.008690160468548867,2.060972203993008,Up
MMP19,9.168081743009985,0.00014309387684275515,0.0007472927502923355,3.126509230942421,Up
MMP2,3.7156524920475302,9.778318403766733e-07,2.3287654751665736e-05,4.632874246102306,Up
MMP8,0.8537784716032331,0.7150948274145212,0.7630404926780942,0.1174524144959329,Not Significant
MMP9,3.7460391782795863,0.024422655899578392,0.042877977611075764,1.3677657068288833,Up
MMRN1,2.5294613598431663,0.004183316872205185,0.01010923451587009,1.9952817284960302,Up
MMRN2,-0.3616232978234031,0.3670716939105247,0.43494239525460193,0.3615682581710327,Not Significant
MMS19,0.03743596410151895,0.8259247578129806,0.860341847813873,0.06532895210494881,Not Significant
MNAT1,-0.030259599558913663,0.8655854203019174,0.8928842437150847,0.049204840746809746,Not Significant
MNDA,2.112689843547825,3.6250441810615987e-07,1.211011356226608e-05,4.916851784252962,Up
MNS1,0.00966633327373323,0.9617856139869445,0.9710391135803246,0.01276327630210599,Not Significant
MOAP1,-2.264796252258094,5.998671533625451e-06,8.089774702776813e-05,4.092063573159456,Down
MOB1B,-0.37417232724217797,0.08828683314030979,0.12863777220935504,0.8906314897831378,Not Significant
MOB2,-0.5383286474879299,0.02213484918448701,0.03951310174031206,1.403258877283154,Not Significant
MOB3A,0.8467129220432597,0.0024601720440617057,0.006656936119225792,2.1767256105713653,Not Significant
MOB3B,0.36280009487375864,0.33393724218301063,0.4022121230058081,0.3955448435473805,Not Significant
MOB3C,1.3444230691721106,0.00014846156250184414,0.0007673687945836726,3.1149958655699006,Up
MOBP,-4.918850368630425,0.0053726889642179455,0.012348726585793198,1.908377825017845,Down
MOCS1,-0.2113518633746736,0.4886363439992102,0.5537768623521255,0.25666519370188373,Not Significant
MOCS2,-0.6641999297650898,0.0023540040204400527,0.00641618952973839,2.192722815780032,Not Significant
MOCS3,0.22772216063627226,0.26324025347592644,0.328943991352818,0.4828780422236224,Not Significant
MOG,-2.7831339293091784,0.03827200388807217,0.06296785353069395,1.200881110821545,Not Significant
MOGS,0.807959575058689,7.51808219110604e-05,0.00046664916816514015,3.3310095039952885,Not Significant
MON1A,-0.22944802382419738,0.17981542634727382,0.23664595379611797,0.6259009167571168,Not Significant
MON1B,-0.08909653632059289,0.4157480757831804,0.48296195980624534,0.316087074832008,Not Significant
MON2,0.10710126917472707,0.3185584496100667,0.3869718824758003,0.41232058983698605,Not Significant
MORC2,0.4915412514202302,0.0002944533822176874,0.001281043023009427,2.892436284508374,Not Significant
MORC3,-0.18892684291255435,0.07602292759165266,0.11302464175890037,0.9468268608243412,Not Significant
MORF4L1,-0.5605674500472269,0.0070356991599857715,0.01533152354265556,1.8144146857658974,Not Significant
MORF4L2,-0.7326204269285164,0.0012723822873006907,0.003941568008077232,2.404330975690502,Not Significant
MORN4,-1.0806897056013334,0.0038263580819516197,0.00942232493707666,2.0258419228163125,Down
MOSPD1,-0.00042142797939881405,0.9984190579629356,1.0,-0.0,Not Significant
MOSPD2,0.1858646035944176,0.4043464866632221,0.4720030714536847,0.3260551752831864,Not Significant
MOV10,1.6987669893675008,7.870958539602215e-05,0.0004810016040614128,3.3178534753229276,Up
MOXD1,-3.0960483775326626,0.010728414015121255,0.02167630220383705,1.6640148028273922,Down
MPC2,-0.9042231896990636,0.0014219395796768012,0.00429009264021087,2.3675333295639978,Not Significant
MPDU1,1.095031568457717,0.0002690324407178308,0.0011956060381809073,2.9224119003055344,Up
MPDZ,0.26826115361024705,0.10294936289260839,0.14650542192119465,0.8341463024983792,Not Significant
MPG,0.39349391071225526,0.030188555027046572,0.05125897578669597,1.290230075768437,Not Significant
MPHOSPH10,0.09705710906161968,0.5351369772621636,0.5978673515514069,0.22339516196403703,Not Significant
MPHOSPH6,-0.20534943629265712,0.04507452618538183,0.0724905454648047,1.1397186323285557,Not Significant
MPHOSPH8,-1.2391234799981596,0.0041820891515937245,0.01010923451587009,1.9952817284960302,Down
MPI,0.14970717547435441,0.4356860391469073,0.5020131714933025,0.29928488797088465,Not Significant
MPLKIP,0.34396814438752443,0.029242121286966384,0.04993814711729096,1.3015675755542448,Not Significant
MPND,0.005597548020812582,0.977285669844369,0.9831411861406205,0.00738410988012602,Not Significant
MPO,-4.42851892655885,1.1704950917508898e-05,0.00012598019954299753,3.8996977080963693,Down
MPP1,-0.8953326458321875,0.001645529839580465,0.004823121211502358,2.3166718235383836,Not Significant
MPP2,-1.3583131198850467,0.001660974305949546,0.004851451191109228,2.314128333558445,Down
MPP3,-0.11299019442642866,0.7327046123329749,0.7780400827071139,0.10899802865284224,Not Significant
MPP5,-0.26702353288218106,0.07925187221250718,0.11730581261663199,0.9306804676390765,Not Significant
MPP6,-2.1562346660467746,0.03235807701587774,0.05444183914185627,1.264067211983247,Not Significant
MPP7,-4.3982343953750185,6.71993538748549e-05,0.00042927475645864816,3.367264649496453,Down
MPPE1,0.3720264828351638,0.008414216442655463,0.017755512451468607,1.750666788773045,Not Significant
MPPED2,-0.7319196241424422,0.040963113596946654,0.06668752527078872,1.1759553986584537,Not Significant
MPRIP,-1.05166115172878,0.0006707457877229504,0.002384295365392026,2.6226399454023483,Down
MPST,1.307902375754912,0.0017473161705048124,0.00506463161246684,2.2954521385546944,Up
MPV17,0.6456479927296002,0.00012631014288282087,0.0006771363785190491,3.1693238535106802,Not Significant
MPZL1,1.751281328072281,0.00012777169938056737,0.0006817648832414384,3.166365372434259,Up
MR1,1.1823003079004675,0.00786760627280903,0.01682765723827562,1.773976342687936,Up
MRAS,-1.4994055739254755,0.001650176335303283,0.0048325222098387416,2.3158261413163275,Down
MRC1,1.9359312296777134,0.013094097994968032,0.02551449578361856,1.5932130097560433,Up
MRC2,3.2891487844080167,5.3823703550501904e-05,0.00036885713576037836,3.433141810439626,Up
MRFAP1,-0.13239461703790312,0.35600301285227404,0.4240215596445742,0.3726120608680538,Not Significant
MRGBP,0.22795183952309728,0.08118885256511478,0.11959299616039863,0.922294253608119,Not Significant
MRI1,0.21763752316462615,0.5992129945137767,0.6578543708295321,0.18187023548178433,Not Significant
MRM1,0.2553163057488632,0.3045946407333349,0.3718926688580313,0.4295823828292092,Not Significant
MROH1,-1.4982998947940835,0.0002580166274631204,0.0011568489082132724,2.9367233589515647,Down
MRPL1,-0.6763415788326093,0.00540220769288106,0.012402424862826755,1.9064933953547538,Not Significant
MRPL10,0.24320497280815445,0.03100414773570014,0.052449334053642854,1.2802600216489597,Not Significant
MRPL11,0.6576721618887049,0.003857751847504411,0.009490352164043819,2.0227176716545565,Not Significant
MRPL12,0.24261879979388112,0.19444496189987454,0.2529491924301829,0.5969667027890181,Not Significant
MRPL13,0.4369202711996216,0.04817177955520388,0.07673663934837506,1.114997224481138,Not Significant
MRPL14,0.5731220914371882,0.0006524944877223436,0.002337563822658211,2.6312365227228725,Not Significant
MRPL15,-0.5182992862366476,0.01476866315212739,0.02811935599972242,1.5509946299171358,Not Significant
MRPL16,0.20959374182774582,0.39448345981686755,0.46252634708974905,0.33486352331459845,Not Significant
MRPL17,0.13558588165481567,0.5899665415452122,0.6497565255850517,0.18724935013191651,Not Significant
MRPL18,-0.31533702027878974,0.0940670872544101,0.13586119526895016,0.8669045689266108,Not Significant
MRPL19,-0.36103673446240947,0.009456571112312335,0.019521618316687393,1.7094841827310676,Not Significant
MRPL2,-0.35835204744048,0.003682854591668038,0.009147208371909224,2.0387114276450733,Not Significant
MRPL20,0.13467314566809918,0.282571777672266,0.3491938282961736,0.45693344068411373,Not Significant
MRPL21,-0.1486460589630454,0.3836269745598923,0.4516898248850345,0.3451596925824064,Not Significant
MRPL22,-0.19547515521463765,0.10104548960093704,0.14428522498084193,0.8407781390230643,Not Significant
MRPL23,-0.14433614570506315,0.5665478824919086,0.6277390418195652,0.2022208598477487,Not Significant
MRPL24,0.6511479419665562,7.610544013389031e-06,9.534400090478303e-05,4.020706627797978,Not Significant
MRPL27,0.01899813334043543,0.9048052600732912,0.9253815421297803,0.033679167286013195,Not Significant
MRPL28,-0.05985385335026194,0.6779478085972175,0.7289621329713277,0.13729503117274222,Not Significant
MRPL3,0.43733608874375207,0.06651155527489466,0.10068180433347691,0.9970490099984178,Not Significant
MRPL30,-0.12401844788572447,0.3447454903047821,0.41328512514099397,0.3837502254597354,Not Significant
MRPL32,0.1952320651080761,0.28536784463453646,0.3518721746448372,0.4536150749550804,Not Significant
MRPL33,-0.39385494432055523,0.02634204434583512,0.04571399737122187,1.3399508010173984,Not Significant
MRPL34,-0.3117112811312168,0.15387093847788821,0.2069001380440798,0.6842392195722445,Not Significant
MRPL35,-0.9371061479470733,4.479126168915005e-06,6.558534451402582e-05,4.1831931958036614,Not Significant
MRPL37,0.06116240808754014,0.6771005038521605,0.7281287869136064,0.13779179857264284,Not Significant
MRPL38,0.8716680508279548,0.00016052767064647297,0.0008101982735934713,3.0914086865654493,Not Significant
MRPL39,-0.0985387971411491,0.2862381363145883,0.3528157329295439,0.45245205683914436,Not Significant
MRPL4,0.3540650605155271,0.008925388236573814,0.018608104531300622,1.730297862953141,Not Significant
MRPL40,0.5358480617027475,0.0007782169612212921,0.0026747723191208788,2.5727131799073333,Not Significant
MRPL41,-1.4276974099958828,7.402412771989135e-05,0.0004608894083128464,3.3364032722706622,Down
MRPL42,-0.4112510979687336,0.012926445931326285,0.025275818383575507,1.5972947738688326,Not Significant
MRPL43,0.45789043814368213,0.017790271118361966,0.032914452019536904,1.4826133709189284,Not Significant
MRPL44,-0.11308193216748919,0.42863649625552186,0.4949698905709749,0.3054212187565195,Not Significant
MRPL45,0.07068631168271367,0.5799037023595487,0.6407754631534598,0.19329412679441693,Not Significant
MRPL46,0.455248179541206,0.0032275864215570715,0.00821493320130519,2.08539596362545,Not Significant
MRPL47,-0.19414695065002974,0.25234670491842814,0.31729165069249193,0.498541355904273,Not Significant
MRPL48,-0.21234402948902442,0.3293395925884544,0.3974325653732738,0.4007365499527627,Not Significant
MRPL49,0.11683850086134484,0.33796539507071466,0.4059937264419723,0.39148067724222396,Not Significant
MRPL50,-0.5359921816586066,0.014838963088526154,0.028233880663058476,1.5492294252634986,Not Significant
MRPL51,0.24582379798257392,0.1162433157076681,0.16280205233408152,0.7883401245589277,Not Significant
MRPL52,0.7081765452601552,2.377479967562194e-05,0.00020917431143244793,3.679491651966156,Not Significant
MRPL53,1.2463588021095706,0.00010007876580195406,0.0005717720114618003,3.2427771073991476,Up
MRPL54,-0.1712584153591088,0.3370162677582535,0.4049984350944347,0.3925466548869728,Not Significant
MRPL55,0.14537860354339216,0.4163451566542475,0.48348831217693244,0.3156140200678796,Not Significant
MRPL57,0.31738627773588846,0.10334100600974344,0.14693822082458086,0.8328652230376121,Not Significant
MRPL9,0.3761257803009954,0.020155818166499574,0.03655918476941244,1.4370034971311245,Not Significant
MRPS10,-0.13721341179355662,0.3683472425660028,0.4362485447460513,0.3602660087658613,Not Significant
MRPS11,0.1116909253453322,0.4084386827451584,0.4759527229583257,0.32243618420814113,Not Significant
MRPS12,0.5986712970443477,0.01580568165095647,0.02977864914002908,1.5260950071996144,Not Significant
MRPS14,0.5288409721012073,0.0014262968923095618,0.004300662943168669,2.3664645931720174,Not Significant
MRPS15,-0.21365483563149468,0.1558248527509097,0.20894177646914208,0.6799747171470827,Not Significant
MRPS16,0.05619061433556638,0.6868060103485316,0.7373850312534486,0.13230568271852539,Not Significant
MRPS17,-0.49543882474170253,0.00730411060335449,0.01581719910107333,1.800870418603376,Not Significant
MRPS18A,0.12582380109793334,0.41439042965110157,0.4815514117320564,0.31735733960984147,Not Significant
MRPS18B,0.2776406604565764,0.024503398309885092,0.042997253888483265,1.3665592806800007,Not Significant
MRPS18C,-0.122340104909199,0.5576933310697253,0.6196572210690928,0.20784848496202368,Not Significant
MRPS2,0.3268543824487615,0.0213310418151494,0.0383387895175406,1.4163616033554942,Not Significant
MRPS21,-0.2854995633083597,0.11982311268399329,0.16711865390814737,0.7769750711286222,Not Significant
MRPS22,-0.10200331359039438,0.6599555688471457,0.712811450687911,0.14702533235694157,Not Significant
MRPS23,-0.6378756854893979,0.0008961573903680828,0.0029844262977084513,2.5251391418162856,Not Significant
MRPS24,0.7775326398004303,0.012779343959343239,0.025036777721980513,1.6014215663407185,Not Significant
MRPS25,-0.047868003768762435,0.5844457888406337,0.6447335607512641,0.19061972257665863,Not Significant
MRPS26,0.14981045977097907,0.36360284846944435,0.4313903068521001,0.36512961752726064,Not Significant
MRPS27,-0.060963843418601726,0.6256793883270164,0.6822268814813685,0.16607117227981105,Not Significant
MRPS28,0.8412249488198746,1.281792173737935e-05,0.00013268938524811947,3.8771638179988184,Not Significant
MRPS30,-1.011745194452132,4.896007639476344e-06,6.996082405685772e-05,4.155145083681092,Down
MRPS31,-0.024154869572488025,0.8967007501025993,0.9183980639013405,0.036969040492541745,Not Significant
MRPS33,-0.03675563592045705,0.8117374084274973,0.8478426804042103,0.0716847248313996,Not Significant
MRPS34,0.5941470290742998,0.0012031685057788386,0.0037794572894343684,2.422570558132482,Not Significant
MRPS35,-0.5460161690946457,0.01080776776001005,0.021788563621040875,1.6617713990340264,Not Significant
MRPS36,-0.6301362094672065,0.009740174279716803,0.019967951911653858,1.6996664778975359,Not Significant
MRPS5,0.44583309350413103,0.0005247569434561637,0.001981409838222411,2.703025684951474,Not Significant
MRPS6,0.012040570177756393,0.939282240924762,0.9530952150560085,0.020863710791022606,Not Significant
MRPS7,0.06264228572256769,0.7061757226765206,0.754796006781852,0.12217040611865122,Not Significant
MRPS9,-0.05555708352813582,0.6763268236449997,0.7274521056373828,0.13819559470234768,Not Significant
MRRF,0.4588737618258225,0.002030567527947681,0.005686901222309599,2.24512431508851,Not Significant
MRS2,-0.2511583922750411,0.0007266176166404359,0.002536363780331168,2.5957884572334686,Not Significant
MRTO4,0.12458809543657878,0.39784997921229426,0.46587709991684906,0.3317286366738546,Not Significant
MRVI1,-1.3047143607142964,0.11660563229507198,0.16321872165354384,0.7872300279075223,Not Significant
MS4A6A,4.4572322977012355,8.300107437924886e-06,0.00010062007500560205,3.997315363272376,Up
MSANTD2,0.9536734896837782,0.0008922387665599372,0.0029743260537143635,2.526611424661678,Not Significant
MSANTD3,0.10351519873688986,0.6069819594933308,0.6651851910796108,0.1770574279792749,Not Significant
MSANTD4,-0.2636636784729518,0.061150421745720974,0.0939355517942045,1.0271700091620355,Not Significant
MSH2,-0.5294003178087721,0.019996239480650786,0.036308961162234324,1.4399861765336313,Not Significant
MSH3,-0.10509817920326725,0.024733322503568255,0.043347858542266283,1.3630323525418417,Not Significant
MSH6,0.9871167101082854,0.00030321825841434706,0.0013070692063612034,2.8837014168991253,Not Significant
MSI1,1.4036153000008404,0.007134945381143598,0.015500849637619279,1.809644496486689,Up
MSI2,1.1214574093616179,0.003075797630057453,0.00792470212920685,2.10101705290491,Up
MSL1,-0.26525624595114294,0.001954597544435342,0.005524864102873635,2.25767840001352,Not Significant
MSL2,0.07205054900072838,0.755301095016889,0.7988349849029018,0.09754292349891779,Not Significant
MSL3,-0.21441385345237407,0.0177865624705329,0.032913635254986855,1.4826241479702391,Not Significant
MSMO1,-1.395865769558899,0.003732060684916328,0.009246625513981083,2.0340167308328687,Down
MSN,0.837358732919526,0.01439575448443085,0.02756040111671539,1.559714465954963,Not Significant
MSR1,4.0494464089796764,0.0003298005537391633,0.0013907119206229932,2.8567628227333266,Up
MSRA,0.18090856514189468,0.29377873361422346,0.3606979844521252,0.4428562844733355,Not Significant
MSRB1,1.0816318244890333,1.0427310577774643e-05,0.00011842697492728496,3.9265493641016285,Up
MSRB2,-0.10794183874441643,0.7112443252364541,0.7594645222785592,0.11949250901452875,Not Significant
MSRB3,-0.34132746888818843,0.5333212215114687,0.5961031826812976,0.22467855940314235,Not Significant
MST1,1.9055787466943421,6.603652148348141e-06,8.616864109068544e-05,4.06465075597482,Up
MSTN,3.4421165836459195,0.0005486382610742803,0.002049080530947658,2.688440973048819,Up
MSTO1,0.775299920897309,3.123998427014774e-05,0.0002530434724906839,3.596804861270982,Not Significant
MT-ATP6,-0.74708236874676,0.10891946169053644,0.15393583853401574,0.8126602582347856,Not Significant
MT-ATP8,-0.8662633454309585,0.08947141775028535,0.1300692910201045,0.8858252269954648,Not Significant
MT-CO1,-1.3946933182459986,0.0004719940931970979,0.001835148010369573,2.7363289028045314,Down
MT-CO2,-1.0903151575487193,0.007383004973256584,0.015964024919636582,1.7968576029594117,Down
MT-CO3,-1.3674817320769357,0.0015856179193174495,0.004684856811656901,2.3293036783850822,Down
MT-CYB,-0.9953534667162778,0.019130841465280456,0.03504074489477006,1.4554266701908947,Not Significant
MT-ND1,-1.4591159017918969,0.006294647892787176,0.014032370628886483,1.852868953057673,Down
MT-ND2,-1.4834752745278195,0.003103357400288506,0.007977346887090179,2.0981415226693922,Down
MT-ND4,-0.8237237940403936,0.11303618487091531,0.15898159360607314,0.7986531540320307,Not Significant
MT-ND5,-1.0811016363247923,0.05524162165375396,0.08621287320525443,1.064427880989874,Not Significant
MT1E,-2.339651414351188,0.006569164125433604,0.014512666535003976,1.8382527836310927,Down
MT1F,-0.5273686466115421,0.48600938760912815,0.5516685713548571,0.2583217571623487,Not Significant
MT1G,-2.595868902240035,0.0059106110147716506,0.013308783049353958,1.8758616544511852,Down
MT1H,-0.9457531552239615,0.35163608478178354,0.41996229023019416,0.3767897045549492,Not Significant
MT1M,-3.7643128743253644,0.0018499477168104647,0.005305399614080941,2.2752818985385135,Down
MT1X,1.9987954206055427,0.004575260061973894,0.010873123346148858,1.963645685246193,Up
MT2A,1.6364550841572907,0.014737700109989703,0.02807632203253333,1.551659784918104,Up
MT3,-2.1926046963374866,0.0669937678941233,0.10135083612635504,0.9941726641040332,Not Significant
MTA1,0.6491422802318922,0.018575168469234193,0.03416582931514794,1.4664080330820444,Not Significant
MTA2,1.1561728367990654,0.00041963281245482203,0.0016703198287114649,2.777200363256252,Up
MTA3,-1.0153579663527168,3.979291625856588e-05,0.0002988471750776005,3.5245508450804532,Down
MTAP,1.3264639324844918,0.0013538676245124972,0.0041292347712197685,2.3841304242343577,Up
MTCH1,-0.6602984686209901,0.0030959212235335404,0.007966362811207378,2.0987399184492546,Not Significant
MTCH2,-0.18248533678697854,0.36694058298280285,0.43483818762130994,0.3616723230380083,Not Significant
MTCL1,-1.2454117769095276,0.0013743973577784432,0.004171464046862489,2.379711495174134,Down
MTDH,0.011843147525528508,0.9278489432255439,0.9445382229238206,0.02478046265584356,Not Significant
MTERF3,0.5446422469714847,0.0004797965816738292,0.001860458338638243,2.7303800507174807,Not Significant
MTERF4,0.2671852363535727,0.23698180168690494,0.30037175015021145,0.5223409149794388,Not Significant
MTF1,0.5247555154666692,0.002889972415708141,0.007554120943394865,2.121816066287877,Not Significant
MTFMT,-0.36164596473317623,0.046712791155013776,0.07477906532585553,1.1262199674562063,Not Significant
MTFR1,0.906625490272269,0.00019483982070031268,0.0009401161696180871,3.0268184775632587,Not Significant
MTFR1L,-0.013390458937355021,0.8895875579989789,0.9129691380686342,0.03954390307142968,Not Significant
MTG1,1.0413843288441562,0.008261832486337793,0.017503617343294833,1.7568721896058066,Up
MTG2,0.5074560419474032,0.0017721345724922468,0.005127077450685495,2.2901301219683643,Not Significant
MTHFD1,0.41468843104374997,0.09834418320538205,0.14122869588182732,0.8500770511812555,Not Significant
MTHFD1L,0.3240762876133445,0.011107020537803523,0.0222892679079348,1.6519041957084362,Not Significant
MTHFD2,4.259800475549818,2.5040273525896653e-08,2.379770900942291e-06,5.623464850189559,Up
MTHFD2L,0.9566418537793293,0.00034345572371918435,0.001431889373534527,2.8440905339271825,Not Significant
MTHFR,0.32995835587908573,0.021400221351010967,0.03844590960706597,1.4151498594926475,Not Significant
MTHFS,0.6150738803859355,0.025550330529555642,0.04449335000081997,1.351704894047453,Not Significant
MTHFSD,1.143202026345696,2.003577063569051e-07,8.588678199383386e-06,5.066073669100656,Up
MTIF2,0.133145590772191,0.39099131616524163,0.45923359205417325,0.3379663516419268,Not Significant
MTIF3,-0.34427077910968507,0.07830103289428975,0.11603480514520079,0.9354117227104225,Not Significant
MTM1,0.1722708197569176,0.40402071952287527,0.4716774514397318,0.32635488472391067,Not Significant
MTMR1,0.3461259229222122,0.14666298885340373,0.19874669756647687,0.7017000789762552,Not Significant
MTMR10,0.04943506752228899,0.843148284129702,0.8743052819683601,0.05833689788658973,Not Significant
MTMR11,1.5394294486874927,0.009504969523857563,0.019605459251298342,1.7076229800422427,Up
MTMR12,-1.0052437525798332,0.0008513392246918883,0.0028722007198747766,2.5417852132848835,Down
MTMR14,0.739339891371575,2.972428106561338e-07,1.0849362588948885e-05,4.964595776307054,Not Significant
MTMR2,0.21316423510213056,0.335154273548477,0.4033382095003413,0.39433063395786505,Not Significant
MTMR3,0.5301773775127963,0.053344119699005224,0.08366630263860791,1.0774494228289164,Not Significant
MTMR6,-0.7865897844251108,0.008195719158944887,0.017385486377597556,1.759813154957599,Not Significant
MTMR7,-2.570026918225091,0.012283649202712025,0.024235307886431832,1.6155514586097162,Down
MTMR9,-0.5882557470283096,0.002226323787684932,0.006124518251539597,2.2129280667881397,Not Significant
MTO1,-0.13947673719345666,0.1318785221949447,0.18169368607656905,0.7406601643251479,Not Significant
MTOR,0.1776199333219992,0.08938703648146605,0.12997762781672761,0.8861313934768593,Not Significant
MTPAP,-0.3703531885570719,0.019438433588344385,0.03550730371151067,1.4496823051039436,Not Significant
MTPN,-0.32636469226045506,0.1911992803484766,0.24943558019043688,0.6030415974563491,Not Significant
MTR,0.3348019939330733,0.029347361695926125,0.05007373084955039,1.3003900493638316,Not Significant
MTRF1,0.19847919425127003,0.19507945113537598,0.2536763122160549,0.5957200844304282,Not Significant
MTRF1L,0.04423298146847898,0.852814719685538,0.8823308499652983,0.05436853576196957,Not Significant
MTRR,0.32242711267522495,0.07404295877739885,0.11049050038858181,0.9566750595912514,Not Significant
MTSS1,0.600142834382897,0.017655745328600394,0.032689575159037004,1.485590723570284,Not Significant
MTSS1L,-0.10170392506041281,0.7303161407048665,0.7758309397301303,0.1102329049549179,Not Significant
MTTP,0.681758427446125,0.2433146425669086,0.30727738613752503,0.5124694001636221,Not Significant
MTURN,-2.884464754496495,0.0012236209365645066,0.0038246221889391375,2.4174114596902223,Down
MTUS1,-0.8878264617094125,0.01174157881623854,0.023311916632792088,1.632422018679057,Not Significant
MTUS2,-5.3125558113777025,8.910214304254445e-07,2.1683464252653196e-05,4.663871331652962,Down
MTX1,1.2293706124643524,1.2789115313172237e-06,2.850388222674715e-05,4.545095985085173,Up
MTX2,-0.5229669711815355,0.015438872323965614,0.029180337671975535,1.5349096868007865,Not Significant
MTX3,-0.47649909379962807,0.0010334144471266804,0.003347465318441858,2.4752839138192693,Not Significant
MUL1,0.3300142661986847,0.059378788427628525,0.09170349756552656,1.0376141000503591,Not Significant
MUM1,-0.0502108218877062,0.8250989537237213,0.8596594125362259,0.06567357730694437,Not Significant
MUSTN1,0.13329241390413316,0.7755479390636852,0.8152783693835902,0.08869408003824761,Not Significant
MUT,-0.16794692794965016,0.10019986215630004,0.14335622883547708,0.8435834321900736,Not Significant
MVB12A,1.6499639128923054,9.17293115324922e-08,5.527517961859891e-06,5.257469837492087,Up
MVB12B,0.020001404568102288,0.9356996516207494,0.9502256341156683,0.022173257851965507,Not Significant
MVD,-0.582145339856794,0.005183692860446728,0.011990934988780788,1.9211469516270465,Not Significant
MVK,-0.2740176913854473,0.35200681549046553,0.4202057896967591,0.3765379680746829,Not Significant
MVP,1.4352114022412827,0.0202212708504847,0.03666470168246632,1.4357518442340544,Up
MX1,-0.1952349257464654,0.6334316564186141,0.6891134456545485,0.16170927625479622,Not Significant
MX2,1.4097216268421846,0.03257717639197859,0.054733568207603785,1.2617462382752038,Not Significant
MXRA5,1.9450017634624874,0.004046854755443555,0.009880759768865334,2.0052096595885516,Up
MXRA7,-0.9256048553480305,0.00020054633581594307,0.0009593085408403658,3.0180416889363335,Not Significant
MXRA8,2.3811201899972545,0.0006284522641837333,0.0022748933199378115,2.643038964566713,Up
MYADM,-1.6061360256491426,7.281930888460618e-08,4.826195511207386e-06,5.316395088618979,Down
MYBBP1A,-0.40362950629231165,0.006552107054146765,0.01448959981409139,1.8389436090720883,Not Significant
MYCBP,1.1992944236473129,0.0006205222299007397,0.002255915172869019,2.6466772347629512,Up
MYCBP2,-1.5542859578616657,3.900234301441975e-05,0.00029455546835060076,3.53083291028176,Down
MYD88,1.3639128160820633,0.015177137185660371,0.028766600189716385,1.5411114626176408,Up
MYDGF,0.8702626367784951,0.007125988439698298,0.015484729840707648,1.810096367298696,Not Significant
MYEF2,0.4130692973482972,0.016465738655870914,0.030803314989645978,1.5114025431021454,Not Significant
MYH10,-0.8332299625232231,0.0004113240099346239,0.0016423615045903295,2.78453124297254,Not Significant
MYH11,-1.5245510397911115,0.038823179401743915,0.06368746283881586,1.1959460520571832,Not Significant
MYH14,-0.3886033155404256,0.18630620388202637,0.24412704187142736,0.6123841112625729,Not Significant
MYH9,0.460689718800932,0.1336729772564072,0.18386422349550055,0.7355027680432906,Not Significant
MYL12A,0.6449537052544088,0.05853499477952713,0.09059479757396778,1.0428967410625898,Not Significant
MYL12B,0.10725584894826312,0.6788949744001269,0.7298247755956545,0.13678139758709867,Not Significant
MYL4,3.211711506304111,0.053552675704469095,0.08395419468515744,1.0759575999058486,Not Significant
MYL6,1.4058200277361905,0.0012580317369737834,0.003908887005898488,2.40794688352632,Up
MYL6B,-0.5052867930831049,0.0015984929702395003,0.0047126772555436715,2.3267323015804724,Not Significant
MYL9,-0.17528652593427196,0.685040938043896,0.7357252036091906,0.13328436615281236,Not Significant
MYLK,-0.3419953250072414,0.6172845975733096,0.6748263739504634,0.17080795240578991,Not Significant
MYO10,0.43972989555273045,0.07639524666076726,0.1135111673835648,0.9449614098851303,Not Significant
MYO18A,-0.4417681787876653,0.1091440294460541,0.15420995128184417,0.8118876000376835,Not Significant
MYO1B,-0.5978459885980101,0.2823823682901774,0.34900257369098847,0.4571713703598084,Not Significant
MYO1C,0.9182898180295229,0.006631735169562836,0.014619102424137217,1.8350792911408664,Not Significant
MYO1D,-1.9036098198188842,0.0018177325005197598,0.005239438400639789,2.280715261217444,Down
MYO1E,0.7245111278736758,0.025469601823921894,0.044391136466122694,1.3527037363747678,Not Significant
MYO1F,2.42667536596411,5.175518257481631e-06,7.312506441215983e-05,4.135933738361616,Up
MYO1G,2.829633549796009,0.001855895852660712,0.005319002793656902,2.2741697815783746,Up
MYO5A,-2.1787627196211687,9.385135187136254e-09,1.295148655824803e-06,5.887680380849768,Down
MYO5B,0.8002442625457142,0.34705043321166384,0.41552009319875227,0.3814079703050226,Not Significant
MYO5C,-1.0321709247645678,0.004127093822249947,0.010021181113799264,1.999081088750642,Down
MYO6,0.16340617897577303,0.4031019437069986,0.47079138250026664,0.3271714952059054,Not Significant
MYO7A,1.1206464454276794,0.004438502092990345,0.01061321388198071,1.9741530835957932,Up
MYO9A,-0.8058103588583059,0.0009681583262191473,0.0031842073060175283,2.4969986655170704,Not Significant
MYO9B,0.9755425714887416,0.005304372130417274,0.01221958491695029,1.9129435462489246,Not Significant
MYOF,2.358719882433663,0.00150422634008547,0.004491279238299059,2.3476299425141276,Up
MYRIP,-3.2490953184222704,0.0002531155417480797,0.001144357209527732,2.941438389955752,Down
MYT1,1.6627964441307324,0.0030780531938206417,0.007928485777179532,2.1008097485473383,Up
MZB1,4.104475129550353,0.005542007746006328,0.012659906129992685,1.8975695144906488,Up
MZT1,-2.3822878824305462,1.3664542615321363e-06,2.986043433985844e-05,4.52490387946324,Down
MZT2B,0.03298576684966292,0.8512993283659439,0.8812155193134524,0.05491786298195377,Not Significant
N4BP1,-0.3272178519280864,0.002499433198484505,0.006736032648885207,2.171595816520829,Not Significant
N4BP2,1.162283100831992,0.000958671184341699,0.003155064851701495,2.500991709495397,Up
N4BP2L1,-0.585109338183301,0.1392104059708661,0.19020827746514377,0.7207705874027341,Not Significant
N4BP2L2,-0.05016745145730539,0.8171762086514595,0.8525510693822289,0.06927959651540963,Not Significant
N6AMT1,-0.30653640155295037,0.3693197234986325,0.43714333151512447,0.35937614225162323,Not Significant
NAA10,0.24804738935637616,0.05875654565141417,0.09087984024240656,1.0415324450782837,Not Significant
NAA15,0.33708277009942833,0.0703717816358009,0.10587295821371838,0.9752149520573712,Not Significant
NAA16,0.2479778118654643,0.10872878801196646,0.15373106111334037,0.8132383751336274,Not Significant
NAA20,0.06603677637296812,0.6385382237179722,0.693395932492708,0.15901871027286293,Not Significant
NAA25,0.5137277004442993,0.1585236058009175,0.21208058497190477,0.6734990873792636,Not Significant
NAA30,-0.7731585759706476,8.667536529491857e-05,0.0005178944221036114,3.2857587664539487,Not Significant
NAA35,0.18802400458226387,0.11566832614356148,0.16215456687590293,0.7900708154703523,Not Significant
NAA38,-0.04974278174187319,0.7667281620759319,0.8083963497142724,0.09237565619400233,Not Significant
NAA40,1.3606409620994597,1.9901619336714438e-06,3.77568574760944e-05,4.423004159437147,Up
NAA50,-0.16679746250654048,0.46625639484802445,0.5322455435352973,0.27388796619989203,Not Significant
NAAA,-1.2020625168207832,0.005543546134009988,0.012660549479486877,1.8975474451298417,Down
NAALADL2,1.0295451745240776,0.010388770205537218,0.021070358576722754,1.676328073477475,Up
NAB1,-0.1574799201830004,0.3557640697982247,0.42389210122545157,0.3727446759681339,Not Significant
NAB2,-0.23250181909293488,0.35221120260757965,0.42039995913136935,0.3763373348631618,Not Significant
NABP2,-0.19777271810646369,0.2881407177136943,0.35477017724856474,0.45005289504309826,Not Significant
NACA,0.3105636197613535,0.022462092764575226,0.03997228802514235,1.398240991888655,Not Significant
NACAD,-1.6746425655842607,7.037132289296938e-06,9.030943370029336e-05,4.044266881026606,Down
NACC1,-0.2788359408422316,0.09641745346687373,0.1387783149343172,0.8576783900779791,Not Significant
NACC2,-0.7891040726134726,0.0234150424429963,0.041390268041892386,1.383101761114634,Not Significant
NADK,0.829406437298406,0.0005414207022525235,0.0020306299905033217,2.692369203981725,Not Significant
NADK2,-0.03383868607853202,0.9053194790053256,0.9257194916260303,0.033520591821640834,Not Significant
NADSYN1,0.9717069212390026,0.0009279056202319883,0.0030666019688078134,2.5133425898369834,Not Significant
NAE1,0.13971358452259963,0.27983347905415895,0.3462346435754848,0.46062947961218853,Not Significant
NAF1,-0.1002851734883734,0.6024291320965364,0.660881092969673,0.17987667260588364,Not Significant
NAGA,1.803292338260185,8.379395707966603e-08,5.240306519075021e-06,5.280643309266359,Up
NAGK,0.9562160812393685,1.0954772889492756e-05,0.00012207785629286507,3.9133631056044123,Not Significant
NAGLU,1.9765146711096602,3.37621366424876e-07,1.1637304781857955e-05,4.9341475913272905,Up
NAGPA,-1.551031264190657,1.66820865815295e-08,1.853316042224124e-06,5.732050515009015,Down
NAIP,2.033546765622246,0.0001531913409764537,0.0007849593810836912,3.1051528159014037,Up
NAMPT,1.848712978408102,0.015215580978939724,0.028823197213583826,1.5402578467280463,Up
NANP,0.6464564120281686,0.01179921084399245,0.02341309215815301,1.630541225408865,Not Significant
NANS,0.5085011346142689,0.10176503304853936,0.14504540788497247,0.8384960163393349,Not Significant
NAP1L1,-0.06152304580829693,0.5929867964060421,0.6525541064201874,0.1853834730386859,Not Significant
NAP1L4,-0.19583616894232847,0.4125807314768727,0.4798358680325578,0.318907291369447,Not Significant
NAP1L5,-2.6362629911847826,0.002517981878861303,0.0067733376362212995,2.169197275214094,Down
NAPA,-0.6900827307854698,4.6038597960187444e-05,0.0003312805970363774,3.4798039998161996,Not Significant
NAPB,-3.677009307166262,7.640631160301741e-08,4.998163526550633e-06,5.301189539022534,Down
NAPEPLD,-1.363280165328689,0.0002457372877423026,0.0011227017853587102,2.9497355867237425,Down
NAPG,-1.1969903439061866,0.0001323696719865045,0.0007007315163384373,3.1544483490911763,Down
NAPRT,0.3180213865213375,0.3915345218746028,0.4598179964286254,0.337414035248782,Not Significant
NARF,0.16854395754053897,0.33112698574170085,0.3993025202731499,0.39869794866549796,Not Significant
NARS,-0.335207120229871,0.16501436483651932,0.21964234328862628,0.6582839315994699,Not Significant
NARS2,0.16823560006833915,0.30075945467131854,0.36792358790028695,0.4342423682804566,Not Significant
NASP,1.5776301120087517,1.6015809555221635e-05,0.0001571831135863079,3.80359411268723,Up
NAT1,1.6973360114160627,0.0007084853432032316,0.002487724415276875,2.6041977315188087,Up
NAT10,0.03266338058666918,0.8893344165165544,0.9128023343848976,0.0396232579312273,Not Significant
NAT14,-0.28981091514776125,0.4396376912804018,0.5059298722822445,0.2959096772146164,Not Significant
NAT8L,-2.2056677300814336,0.0005423200423212576,0.0020319861792959114,2.69207925026407,Down
NAT9,0.9827469337659629,7.872222590229268e-07,2.023080876886981e-05,4.6939867550524115,Not Significant
NATD1,-0.10513193727152625,0.5916177604702305,0.6513614556259129,0.18617794442673158,Not Significant
NAV1,0.5461840252253047,0.17926670861418725,0.23597710996724452,0.6271301220173733,Not Significant
NAV2,1.2651818514240531,0.01004393800067101,0.02051553759504456,1.687917098170512,Up
NAV3,-2.2192765204537146,0.013902669258694881,0.026784373706653705,1.5721185041884276,Down
NBAS,-0.20735510346221275,0.021453478835843198,0.03852448231591522,1.4142631885304249,Not Significant
NBEA,-1.854549788529571,0.0004653730304130292,0.0018164153073928152,2.7407848468458234,Down
NBEAL1,0.8204226326255117,0.0019516227010158073,0.005518003673879664,2.258218014704036,Not Significant
NBEAL2,-0.17614254800017903,0.5968246144940869,0.6560186760953007,0.1830837965851977,Not Significant
NBN,0.869944348323056,1.7132040723686632e-06,3.4658872530726516e-05,4.46018556919418,Not Significant
NBR1,0.31670472737196675,0.021261407958239855,0.03824092550817859,1.4174716054589354,Not Significant
NCALD,-1.880283529234685,0.0019276489981551767,0.005471720486732953,2.2618760958950253,Down
NCAM1,0.5133327367552241,0.030615445447377067,0.051870164385616646,1.2850823756491163,Not Significant
NCAM2,-0.7386968071084432,0.026952584521415454,0.046596934351937416,1.331642654937313,Not Significant
NCAN,-0.21460224277644002,0.67632191740419,0.7274521056373828,0.13819559470234768,Not Significant
NCAPD2,1.6699121893287305,9.91926652604826e-05,0.0005687347238668764,3.2450902552656764,Up
NCAPD3,1.2139002093067948,0.0025238933323074022,0.006784364521372963,2.168490825644064,Up
NCAPG,5.234391380612642,0.00020267588490169552,0.00096742370038599,3.0143832772734136,Up
NCAPG2,1.4085210672359825,6.380299335861284e-07,1.7466069431920268e-05,4.757804817746771,Up
NCAPH,2.648216435288866,0.002247575587350459,0.0061728670847787685,2.209513074234673,Up
NCAPH2,0.06655189944665452,0.635702727760899,0.690951331592372,0.1605525418663941,Not Significant
NCBP1,0.5316691293640261,0.0026378796924008746,0.007017163987654188,2.1538383741051974,Not Significant
NCBP2,0.42597006853154085,0.05696766284063974,0.08844078216313836,1.0533474252109984,Not Significant
NCBP2-AS2,-0.21255793310971072,0.43916975496433275,0.5055646339287725,0.2962233141299179,Not Significant
NCDN,-3.417162804772225,4.951231997169733e-11,7.125530162783984e-08,7.147182817185302,Down
NCEH1,-2.8255382752265312,1.7898424539538518e-09,5.151677966037458e-07,6.288051292764726,Down
NCF1,3.1859826972148735,3.0616688509808554e-06,5.183739832736326e-05,4.285356803441929,Up
NCF2,2.37994931242641,9.164002249642292e-05,0.0005389267872906973,3.268470229312849,Up
NCF4,2.884714489138828,3.158893758255534e-06,5.297513812826333e-05,4.275927902228978,Up
NCK1,0.907218162308947,0.00032157559366479446,0.001364022118138585,2.865178587371874,Not Significant
NCK2,0.06761777327026408,0.5714024773554541,0.632144581251795,0.19918358048553406,Not Significant
NCKAP1,-0.5120524418422221,0.005213135530695321,0.012045212691794647,1.9191855269186702,Not Significant
NCKAP1L,2.9452480321682284,1.0706686452363405e-07,5.8984715962665505e-06,5.229260507561018,Up
NCKAP5L,0.6064916015797799,0.00375149305462279,0.009274243198103065,2.032721519804315,Not Significant
NCKIPSD,-1.4656057256290147,9.893176771914328e-05,0.0005678852581211677,3.2457394051318755,Down
NCL,0.5433276195998857,0.026328043614847276,0.045707550827064035,1.340012049128263,Not Significant
NCLN,0.24786711623562852,0.1561660472029385,0.2093156944548167,0.6791982071148005,Not Significant
NCOA1,-0.11459880107047127,0.5655625362779751,0.6268861932477825,0.20281129510334722,Not Significant
NCOA2,0.09794341345178736,0.14845887316307835,0.20069440260934668,0.6974647398681335,Not Significant
NCOA3,0.6762335374626787,0.00031810885389042766,0.001355022661349754,2.8680534416037053,Not Significant
NCOA4,0.4315146955482554,0.0006731572953220849,0.002388394944997496,2.6218938566671195,Not Significant
NCOA5,0.5704111045251707,0.033921556252124375,0.056689740823473944,1.246495528530152,Not Significant
NCOA6,0.3249868186904834,0.1342295182462817,0.18452895289479282,0.7339354826434303,Not Significant
NCOA7,-2.299158588774887,5.2748860916631097e-08,3.7956573205295833e-06,5.420713003442035,Down
NCOR1,-0.15304262584489692,0.24655791801203616,0.31078884710376026,0.5075345745821981,Not Significant
NCOR2,0.1583760266501706,0.5485190840646355,0.6105835638527224,0.21425489054528413,Not Significant
NCS1,-3.012809876094959,1.5698062626587382e-11,3.953557072506032e-08,7.403011987460754,Down
NCSTN,0.9106781408047482,9.364591470807765e-05,0.0005468921418951734,3.262098316808361,Not Significant
NDC1,0.4650121507474907,0.09028287665377926,0.13110994657779623,0.8823643595685794,Not Significant
NDC80,5.475341958531418,9.808059504311212e-05,0.0005649307687045806,3.2480047709625364,Up
NDE1,1.0475881492094103,0.003055757752136016,0.007877099179892074,2.103633686331029,Up
NDEL1,-0.5153022567677965,0.006858461461469453,0.015042922003667159,1.822667796270194,Not Significant
NDFIP1,-1.2428924188782062,5.928141211289288e-05,0.00039554360303210645,3.40280563476439,Down
NDN,-0.636790947969164,0.15320591943164605,0.20622614007942308,0.6856562868084182,Not Significant
NDOR1,0.7995191470887484,0.000834907050070923,0.002830984053320255,2.548062576969946,Not Significant
NDP,0.5310426822592333,0.2986458148474501,0.36578212021558815,0.4367775270758053,Not Significant
NDRG1,-0.6244188843972402,0.3279261043188263,0.3960589347689553,0.40224018493169733,Not Significant
NDRG2,-0.5618643272526356,0.34795438822607483,0.4163055233954249,0.38058782700839133,Not Significant
NDRG3,-1.4579533216471603,3.617059620510702e-05,0.0002800788517834344,3.552719682681258,Down
NDRG4,-2.1325887102034216,6.935644065914351e-05,0.00043943193911963004,3.357108380553175,Down
NDST1,0.08239589461760488,0.7498444489298492,0.7939807629303449,0.10019001980767463,Not Significant
NDUFA1,-0.8228890367547343,0.00019683372919550884,0.0009469450754133506,3.023675210158988,Not Significant
NDUFA10,-0.524427089824183,0.006000836518100783,0.013481265363938094,1.8702693426089396,Not Significant
NDUFA11,0.44278539707715936,0.0034872484558644734,0.008760733402588206,2.0574595354569656,Not Significant
NDUFA12,-0.4885505818204088,0.06064793391879192,0.09330593865270462,1.0300907137881097,Not Significant
NDUFA13,0.3222160527401776,0.007100590130685201,0.015436198743315217,1.8114596384597066,Not Significant
NDUFA2,-0.15168454623988836,0.4305101208684716,0.4967310683345531,0.3038786759534543,Not Significant
NDUFA3,-0.17306391176252234,0.19307006518096836,0.2513878553228739,0.599655707133999,Not Significant
NDUFA4,-1.3692893772629837,0.00011629723554823474,0.0006384623165737966,3.194864730643353,Down
NDUFA4L2,-0.29794595248416833,0.4350610855474557,0.5013592655011699,0.2998509545555374,Not Significant
NDUFA5,-1.5400751714657517,4.2673584615401177e-05,0.00031333359432620365,3.503993039371933,Down
NDUFA6,-0.3403478869442331,0.09615215380091471,0.138416232836584,0.8588129747784549,Not Significant
NDUFA7,0.336855367857396,0.05450175718156001,0.08521662297796609,1.069475680310341,Not Significant
NDUFA8,-0.8281757152506195,0.00014738997811101568,0.0007625199177287097,3.1177488076576427,Not Significant
NDUFA9,-0.32526686220129264,0.01594580842998065,0.02999633927928553,1.5229317428740958,Not Significant
NDUFAB1,-0.6338083151943366,0.00835616654244269,0.01765890953399783,1.7530361183116445,Not Significant
NDUFAF1,-0.693398903658796,0.0011850869600452708,0.0037366403866967318,2.427518696527739,Not Significant
NDUFAF2,-0.24481253235618894,0.380294525554241,0.4483005175252563,0.348430759777453,Not Significant
NDUFAF3,0.43133256546786214,0.010084718256401998,0.020590484741587704,1.6863334290925742,Not Significant
NDUFAF4,-1.9021155741270235,9.1191663459525e-06,0.00010719542796864118,3.9698237375008425,Down
NDUFAF5,-0.36314518594115697,0.0387376067545816,0.06357814441929863,1.1966921514797422,Not Significant
NDUFAF6,-0.2164210313992907,0.1520224557565424,0.20485208925781279,0.6885596023795606,Not Significant
NDUFAF7,-0.22187016759777123,0.1784367560990889,0.23516115658584794,0.6286344125005763,Not Significant
NDUFB1,-0.4089838313229279,0.0441365680447055,0.0711799233482548,1.147642484011969,Not Significant
NDUFB10,-0.2503222387308668,0.06621347953893962,0.10038142857415766,0.9983466279659873,Not Significant
NDUFB11,0.3964601856051395,0.12280454704113972,0.1706155022607146,0.767981511032424,Not Significant
NDUFB2,-0.08950588094526779,0.6250609177108519,0.6816262919483786,0.16645366614646467,Not Significant
NDUFB3,-0.5729828015353284,0.007860403907441913,0.01681939442726632,1.7741896447825238,Not Significant
NDUFB4,-0.585256851913293,0.01840400382999057,0.03392205334166313,1.4695178672654496,Not Significant
NDUFB5,-1.526057508499683,1.7611945302405168e-05,0.00016881326068166476,3.772593441509687,Down
NDUFB6,-0.3841350702357218,0.09677982808244134,0.1392402153816787,0.8562353136051996,Not Significant
NDUFB7,0.27984056370421584,0.0863432187354676,0.12611593236785568,0.8992300450497496,Not Significant
NDUFB8,-0.9973279843450982,1.2695074668466358e-05,0.00013225458346445717,3.878589267959481,Not Significant
NDUFB9,-0.803276648608442,0.00029307832956378474,0.0012770203685231693,2.8938021756679317,Not Significant
NDUFC1,-0.3710626667271022,0.14109145243122864,0.19236098143080216,0.7158830158106736,Not Significant
NDUFC2,-0.6979015620746694,0.0032686027209244636,0.0082983628554922,2.0810075790644547,Not Significant
NDUFS1,-0.959401742574979,2.0229412054724716e-06,3.816312678638516e-05,4.418356049836865,Not Significant
NDUFS2,-0.09887105271381813,0.4741554307119444,0.540221873896418,0.2674278349575553,Not Significant
NDUFS3,-0.4083817155956204,0.06754527257576315,0.10203195020666336,0.9912638122999028,Not Significant
NDUFS4,-0.20702326716048347,0.21669884613752077,0.27816312130343834,0.5557004490243446,Not Significant
NDUFS5,-0.44693882840812194,0.03858776303654334,0.06341486538827694,1.1978089250937438,Not Significant
NDUFS6,0.511094285352975,0.019149984106951515,0.03506305705078691,1.455150221658982,Not Significant
NDUFS7,0.18618548342166719,0.13885318581739606,0.1897974211566415,0.7217096927783205,Not Significant
NDUFS8,0.41602866165391106,0.006742467818577993,0.014827247501496332,1.8289394629878015,Not Significant
NDUFV1,-0.1822746895182128,0.21214893801675933,0.27308821895998386,0.5636970349427649,Not Significant
NDUFV2,0.3909024525377305,0.032563055395836385,0.05471896915056809,1.261862092874873,Not Significant
NDUFV3,-0.09919324156675557,0.37335069154467243,0.44134415238453767,0.35522262324895887,Not Significant
NEBL,-1.855258332482176,0.045660925656215705,0.07337504626905679,1.1344516118855255,Not Significant
NECAB1,-5.721770842996822,6.120164877699733e-06,8.196487637937844e-05,4.086372211792838,Down
NECAB2,-2.3726273235982784,0.003039226713167908,0.007840504457990654,2.1056559939133126,Down
NECAB3,-1.0016454359639084,4.846458115663398e-06,6.944981373711674e-05,4.158328914693117,Down
NECAP1,-1.350891986779704,0.0001955985552696248,0.0009419024119436904,3.0259940909967415,Down
NECAP2,2.046813670319178,1.0794073808464554e-09,4.1822884440950734e-07,6.378586018060927,Up
NEDD1,1.8823993906488408,2.0737512379963387e-07,8.77771847545173e-06,5.0566183522354615,Up
NEDD4,2.9382441172429594,1.768858477284439e-06,3.494015745130086e-05,4.456675142281621,Up
NEDD4L,-1.837630401816856,0.0009975270453318975,0.003258458967144467,2.486987743581973,Down
NEDD8,-0.21710916916519096,0.2634538364921354,0.3290396663552903,0.48275174387126707,Not Significant
NEDD9,1.448200391975993,0.008027320744026982,0.017114757497423874,1.7666292500917944,Up
NEFH,-4.625426960442811,5.969649122703696e-05,0.00039721430159918785,3.4009751232335708,Down
NEFL,-6.123420443536499,7.262306939086588e-05,0.0004535677625812665,3.3433578205847274,Down
NEFM,-6.64095058794207,0.0003219842142964445,0.0013646062157435348,2.8649926548522653,Down
NEGR1,-3.7834246201270663,9.489669120451834e-05,0.0005513397289155979,3.2585807116253065,Down
NEIL2,-0.3848145153031233,0.06320144104226655,0.09658545465106086,1.0150882715183727,Not Significant
NEK1,0.26880761207675974,0.2913181070545837,0.35793860354529533,0.44619146058567294,Not Significant
NEK11,0.003936209969008786,0.9899949000201426,0.9936443780813905,0.0027690203020856933,Not Significant
NEK3,0.5902744166951805,0.03187026357519551,0.05373406447807859,1.2697503078839396,Not Significant
NEK4,0.023076537849732404,0.8956670204005543,0.9177125268017885,0.037293340123312584,Not Significant
NEK6,0.5288621601260317,0.16600871888898755,0.22083346548100627,0.6559351122270978,Not Significant
NEK7,0.15541945302032545,0.35253597417239585,0.4206380911776283,0.376091402027233,Not Significant
NEK8,0.7198423012657056,0.04499106231783956,0.07236786871945006,1.140454217439055,Not Significant
NEK9,0.49284625689380235,0.021084378802817633,0.03796260003212851,1.420644050698461,Not Significant
NELFA,0.22353899681443679,0.14558453339687996,0.19760422924281443,0.704203764621056,Not Significant
NELFB,0.007017799561847227,0.9485039757498209,0.9607343158648266,0.017396696729820877,Not Significant
NELFCD,0.6940730166976365,3.90007306059618e-06,6.044513232683987e-05,4.218638667321186,Not Significant
NELFE,1.1143035805165162,4.73478940260791e-06,6.856722851707332e-05,4.163883404334639,Up
NELL2,-4.721116994455368,0.00013099510783134746,0.0006960151457241531,3.1573813097675183,Down
NEMF,-0.4775593911273539,0.0001936064010720976,0.0009363374385023097,3.0285676114436892,Not Significant
NENF,0.04220836113882953,0.7872235270467349,0.8257486267668479,0.08315213987460597,Not Significant
NEO1,-0.48379261638122983,0.15949859850987338,0.21324338173702248,0.671124438799097,Not Significant
NES,3.047775257624199,0.00023724865622817482,0.0010905195263317482,2.9623665537421275,Up
NETO1,-1.4601922794758622,0.010160502812442017,0.020711636044625836,1.6837855941490554,Down
NETO2,-0.7244835156907747,0.051053606553102614,0.0805503574653024,1.0939325279342251,Not Significant
NEU1,0.5103089385016197,0.01088979057584218,0.021914452708956075,1.659269370935111,Not Significant
NEU3,-0.31842652079863853,0.09594373566614157,0.13819519489572638,0.8595070572986552,Not Significant
NEU4,2.4620212353495816,0.003270174720669157,0.008300262065009093,2.0809081953840938,Up
NEURL4,-0.4130495206700395,0.012357938287902274,0.024362792624721623,1.6132729314745828,Not Significant
NEXN,2.0435253360837073,0.006152377690047785,0.013754783144594183,1.8615462522280248,Up
NF1,-0.14906750580223616,0.1509541020395007,0.20363037278333287,0.6911574436809999,Not Significant
NF2,-0.5295004888459403,0.016565822627010642,0.030973291971882925,1.5090126335439507,Not Significant
NFASC,-1.1289274192176109,0.0003228034963546854,0.0013669282985612026,2.8642542655023338,Down
NFAT5,-0.7169642349345793,0.017400120040418382,0.03229548868755162,1.4908581394316756,Not Significant
NFATC1,1.3415165873402248,0.001998144657156417,0.0056164367400094155,2.2505391283708955,Up
NFATC2,1.8990458344478895,3.8940711544489e-08,3.122645534127809e-06,5.505477311738213,Up
NFATC2IP,0.3871647832985303,0.00032105477833403674,0.0013627391322260341,2.8655872727624443,Not Significant
NFATC3,0.3684032034520399,0.01111046094618521,0.022291731442316234,1.6518561977090858,Not Significant
NFATC4,0.05171035891345355,0.9275821931529836,0.9445095406663307,0.024793650830750965,Not Significant
NFIA,1.0188949570448216,0.011830743024562503,0.023456584378949544,1.629735227232021,Up
NFIB,1.401581395559134,0.00015046674262574568,0.0007744317022834298,3.1110168769742677,Up
NFIC,-0.4944404316481261,0.10079984623734206,0.14401611842220735,0.8415888985292245,Not Significant
NFIX,0.05850186209177011,0.8346600027288641,0.8671993468946552,0.06188105788151183,Not Significant
NFKB1,0.9673419380600876,3.118838871046403e-05,0.00025297248620709717,3.596926710991035,Not Significant
NFKB2,1.7459648406448487,0.00024637673832834256,0.00112438540522596,2.9490848002675203,Up
NFKBIA,1.8778265480858352,2.8349241715764787e-05,0.00023739838823326224,3.6245222339230305,Up
NFKBIB,0.5085841401546141,0.006414066213372188,0.014251279892702123,1.8461461303658542,Not Significant
NFKBIE,0.8462524775513351,0.0020443173425416625,0.005717504971894699,2.242793449062186,Not Significant
NFKBIL1,0.7533207775906732,0.0007797958284809995,0.002678371352239205,2.5721292088596868,Not Significant
NFRKB,0.8924066152789258,0.0008535100461018367,0.0028775971233031806,2.540970009347934,Not Significant
NFS1,-0.38755841363631305,0.004404074004732242,0.01054590956112969,1.9769159573806916,Not Significant
NFU1,-0.40515561035695313,0.014755254660307911,0.02810444988616788,1.5512249111267775,Not Significant
NFX1,0.22127571484114128,0.025164524598594265,0.04400406540639449,1.356507198468295,Not Significant
NFXL1,0.03571092434832224,0.7788194057348119,0.818211147499478,0.08713460786804021,Not Significant
NFYA,-0.1627297911906318,0.2888533641186179,0.3554738321684531,0.4491923638881627,Not Significant
NFYB,-0.45751422485003346,0.013157400484750227,0.025603177995629476,1.5917061245200244,Not Significant
NFYC,0.32017051326814183,0.0024952034934940266,0.0067276663447925,2.172135555291097,Not Significant
NGB,-8.876129705322288,0.005465275536471811,0.012527232253564738,1.9021448707281334,Down
NGDN,0.7210968849785324,8.76025744737467e-05,0.0005215883698263072,3.2826721008968605,Not Significant
NGEF,-4.106958299863852,1.2436831163365556e-05,0.00013113382348450253,3.882285275830166,Down
NGFR,2.020830501616077,0.00204726200884898,0.005722563117964657,2.242409408503557,Up
NGLY1,0.4958752060936469,0.06631392068701789,0.10045811082722078,0.9980149932581728,Not Significant
NGRN,-1.1502542695472435,0.0005064346096946871,0.0019317766974874208,2.7140430770167514,Down
NHEJ1,1.0825948002226955,0.00028347412994187283,0.0012426972954893067,2.9056346468279024,Up
NHLRC2,0.3513150532874043,0.12583693936162724,0.17432361484172618,0.7586437769705122,Not Significant
NHLRC3,0.2643570984182091,0.20277389631513174,0.2626310403032447,0.5806539460464331,Not Significant
NHP2,0.28248121129743353,0.1037481548211627,0.147371532948166,0.8315863989566786,Not Significant
NHS,-0.39068926476001486,0.40361130314583926,0.47130871309739014,0.32669453135188836,Not Significant
NHSL1,1.259732836530171,0.009343706865044318,0.019339966748517054,1.7135442769411233,Up
NHSL2,-1.5585607597485218,3.089516539209045e-05,0.0002514646962623767,3.599522977982422,Down
NICN1,-0.8493970812567255,0.0006310704789022984,0.0022819109850903637,2.6417013009511385,Not Significant
NID1,3.1204528289748,0.0002567117128016794,0.001154072941089371,2.9377667415169215,Up
NID2,2.1174037514384327,0.01402611122652134,0.026994827827930452,1.5687194380989506,Up
NIF3L1,-0.16180594283548544,0.42808247464528176,0.4946098003872656,0.3057372826129298,Not Significant
NIFK,0.9331678174434295,4.113531844969752e-05,0.00030510381441493126,3.515552362764014,Not Significant
NIN,0.5865586814852293,0.010388698139224167,0.021070358576722754,1.676328073477475,Not Significant
NINJ1,1.730076689081482,2.2148510501018024e-05,0.00019850898112745157,3.7022198397025883,Up
NINJ2,-0.13291321109298337,0.8081104650760809,0.8443170322730179,0.07349444968499831,Not Significant
NIP7,0.6152100447323967,0.0014275317186476257,0.00430291125205966,2.3662376111887067,Not Significant
NIPA1,-1.9550720265436539,4.927299996316258e-07,1.4556486851287386e-05,4.836943427577987,Down
NIPA2,0.30491104399179036,0.0793870916348008,0.1174541872711093,0.9301314959036467,Not Significant
NIPAL3,-2.540159450145225,0.0001881846033203749,0.0009179496145595644,3.037181156183598,Down
NIPBL,0.5861463928520898,0.0001258188342292171,0.0006749195612487396,3.1707479844837776,Not Significant
NIPSNAP1,-0.6894611207529913,0.0705487566705776,0.10609168154939524,0.9743186669829457,Not Significant
NIPSNAP3A,-0.8366686731954118,0.07907760947728909,0.11706507536726088,0.9315726509358943,Not Significant
NIPSNAP3B,-2.763588436191993,7.750439931252035e-06,9.639250847831235e-05,4.01595671768386,Down
NISCH,-1.0110252209763821,0.0003060945956689403,0.0013172135654715526,2.880343805306696,Down
NIT1,0.5946092591649865,5.894421028951471e-07,1.6403424708745063e-05,4.785065470437874,Not Significant
NIT2,0.2400795944049321,0.20290858431748646,0.2627379278167556,0.5804772296404042,Not Significant
NKAIN3,1.0388419919323368,0.17102234575207856,0.2264860143428999,0.6449586107868399,Not Significant
NKAP,-0.3997702507047247,0.0005470262283843197,0.002045561330639806,2.6891874948216143,Not Significant
NKIRAS1,-1.5613346507062005,2.351063807634791e-05,0.00020754236037382254,3.6828932483541528,Down
NKIRAS2,1.4594654938230018,5.4653874606652775e-06,7.59425010741269e-05,4.1195151039988875,Up
NKRF,-1.3260911139445923,2.651057499688076e-06,4.701893178143957e-05,4.327727241793302,Down
NKTR,1.1233280457008235,0.0008009598411736704,0.0027389237746040583,2.562420054175205,Up
NKX2-2,1.2556023856761804,9.971238372867816e-05,0.0005705566614025274,3.2437012197601756,Up
NLE1,-0.0002273995374757476,0.9989797356169728,1.0,-0.0,Not Significant
NLGN1,0.9473134400549696,0.002663615427168838,0.007078148724162193,2.1500803163234847,Not Significant
NLGN2,-0.914307249259025,0.009243460821797786,0.019178846770749287,1.7171775106250793,Not Significant
NLGN3,-0.25529971794480133,0.5426554159674732,0.6049923263010542,0.2182501338867765,Not Significant
NLGN4X,0.22616709834537474,0.23746352654432556,0.3008687669988097,0.5216228937624043,Not Significant
NLGN4Y,-0.38942202192914266,0.8852437814757999,0.9097159904709995,0.04109417144039475,Not Significant
NLN,0.14372322841331808,0.6540956640576422,0.7077722577568945,0.15010646421788698,Not Significant
NLRC4,2.49536082266342,1.0800465278942776e-06,2.49550200046031e-05,4.602842077655793,Up
NLRX1,0.7778984520794143,0.004573766923306628,0.010872139685085176,1.9636849764308246,Not Significant
NMB,4.911203713990282,0.00021182819578754287,0.000996710529828915,3.0014309535756825,Up
NMD3,0.26161602875913204,0.14707588713351052,0.19914549556222919,0.7008295123758777,Not Significant
NME1,0.5229095654644347,0.0732559049893557,0.10949257965322988,0.9606153121010541,Not Significant
NME1-NME2,1.1066363887086759,0.0037946733072703773,0.009362610555337198,2.028603041037266,Up
NME3,0.17785778545651354,0.2973006322582176,0.3643401818242924,0.43849292927349354,Not Significant
NME4,1.4471140440458008,1.264858087338818e-05,0.00013198918136458532,3.879461664750323,Up
NME5,-1.796246918266922,1.6099583650066285e-05,0.00015746330649589102,3.8028206332582637,Down
NME6,1.021516614434038,0.0001314939775498212,0.0006975620483606628,3.1564171557072283,Up
NME7,0.17178676143675986,0.10812854297531091,0.1529682547301337,0.8153986883066292,Not Significant
NMI,1.791343488848316,0.000977306569589408,0.003209056838997293,2.493622590587802,Up
NMNAT1,0.3327229702187129,0.07945945451869439,0.11754398602368978,0.9297995860502303,Not Significant
NMNAT2,-3.487751188000587,0.00024899586227377415,0.0011339892931943945,2.945391045909201,Down
NMNAT3,-2.556924119911203,0.00348570672771883,0.008760191276015182,2.057486411045275,Down
NMRAL1,-1.1868699673042666,0.05034961824160423,0.07968924653038821,1.0986002794520937,Not Significant
NMRK1,-1.4717878615865132,0.0001565516864350233,0.0007965160046194065,3.098805493374386,Down
NMT1,-0.32966459182022234,9.770768659442364e-05,0.0005637498480826024,3.2489135621461718,Not Significant
NMT2,-0.9625017430968938,0.0052121647435352195,0.012045212691794647,1.9191855269186702,Not Significant
NNMT,2.22140021448552,0.04123881341795764,0.06703885854002022,1.1736733889778823,Not Significant
NNT,-0.6143499556595984,0.00078902446348644,0.002705456924834036,2.5677593763334357,Not Significant
NOA1,0.6525961715100479,0.0016452095452136935,0.004823121211502358,2.3166718235383836,Not Significant
NOB1,0.6838315529832037,9.94189590581541e-06,0.0001144624678344965,3.9413368948477743,Not Significant
NOC2L,0.17286965031900792,0.24001440331072363,0.30364248385686676,0.5176374646151463,Not Significant
NOC3L,0.8773694675416941,0.0023247326885236525,0.006353596609926011,2.1969803620056423,Not Significant
NOC4L,0.4993000354865309,0.03408363149369222,0.05692282885733677,1.2447135251969672,Not Significant
NOL10,0.19332442950915052,0.06971796704327325,0.1050461860595176,0.9786197110198054,Not Significant
NOL11,0.9056892242281798,0.0006329341249633495,0.002287008025423523,2.640732311391924,Not Significant
NOL12,0.06221737892883894,0.8338295450968701,0.8666603239167853,0.06215108516963704,Not Significant
NOL3,-1.1560195571668608,0.004935487738444002,0.011553314736509496,1.937293395404471,Down
NOL4L,-0.8884232379159247,0.00015544470625587244,0.0007921487412595478,3.1011932635580357,Not Significant
NOL6,0.4207157005599491,0.03914397659702622,0.06416147416831143,1.1927256662979555,Not Significant
NOL7,0.13432204000860182,0.19136111046788556,0.24954975104899407,0.6028428590501211,Not Significant
NOL8,0.8174888507588918,0.0003207626791543511,0.0013627391322260341,2.8655872727624443,Not Significant
NOL9,0.12160695307140301,0.11426897067238932,0.16048314659886379,0.7945705690125516,Not Significant
NOLC1,-0.45122492530832403,0.013619540492907294,0.026344710239160535,1.57930657379363,Not Significant
NOM1,0.5496963759961524,0.00048703323965541823,0.0018787519289845574,2.726130560498492,Not Significant
NOMO1,0.21954478710951975,0.21521506488070752,0.2764698499882999,0.5583522231211537,Not Significant
NONO,1.3880983183527924,4.094892210192725e-05,0.0003045632571817565,3.516322491563734,Up
NOP10,1.1946073590487032,0.00025638236940249523,0.0011540643384096232,2.9377699788428617,Up
NOP14,0.6066837162607293,0.006075476940862887,0.013625190272095442,1.8656574242040447,Not Significant
NOP16,0.9666624230187804,4.2449429858907095e-05,0.0003122965786994454,3.505432773567082,Not Significant
NOP2,1.240125459238108,1.736458403346497e-05,0.00016691872094763943,3.7774949518270344,Up
NOP56,0.48666547959178885,0.00960264918271526,0.019766466666668068,1.704070955588209,Not Significant
NOP58,0.4376048766155485,0.013778711262013662,0.026601164307707502,1.575099354295757,Not Significant
NOP9,0.5184302200778284,0.004476737616256606,0.010676764854680172,1.97156032208303,Not Significant
NOS1,-3.185185190673174,0.0007442450857035159,0.0025782410568697452,2.5886764800104913,Down
NOS1AP,-0.5532278287882022,0.11704977599215044,0.16372666527977278,0.7858805836254509,Not Significant
NOS2,-3.145415690813259,0.0005605910190827388,0.002081604838274792,2.6816017113505124,Down
NOS3,-1.0449410607764769,0.017003874175694635,0.03165133563302804,1.499607958764635,Down
NOSIP,0.8580279024369908,0.0003776906509728145,0.0015373154011717712,2.8132370219367036,Not Significant
NOSTRIN,0.25051049876041454,0.44712351079401225,0.5131376449918978,0.2897661233049802,Not Significant
NOTCH1,2.033090209758111,1.8003536875320832e-05,0.00017094538398325083,3.767142621908444,Up
NOTCH2,1.8063026193890188,1.127213338939061e-05,0.00012410434072647103,3.9062130281661736,Up
NOTCH3,1.2071226800014543,0.006555418936659717,0.0144912101455764,1.838895345543245,Up
NOV,-1.1818329685110793,0.11936909214516483,0.1666007528775825,0.7783230403251447,Not Significant
NOVA1,1.185475681980595,0.0010115967317027971,0.003294802934100866,2.482170555938551,Up
NOVA2,-1.725772494093615,7.575911803925074e-05,0.00046879444418145694,3.329017543908979,Down
NPAS3,0.6849341801175939,0.03806726721845606,0.06273346146879215,1.202500748564675,Not Significant
NPAT,0.3482530124241663,0.01239002881602626,0.024421277693728927,1.6122316179988336,Not Significant
NPC1,0.6379414504786745,0.01309688045541044,0.025514982345349983,1.593204727834189,Not Significant
NPC2,2.4574809972001574,0.00015545742122991123,0.0007921487412595478,3.1011932635580357,Up
NPDC1,-0.4191527498776999,0.031289457977919016,0.05286097596336679,1.276864822823833,Not Significant
NPEPL1,0.7773050572309792,0.03465628798745192,0.057773861523347785,1.2382686038583623,Not Significant
NPEPPS,-0.41476819765066963,0.015477684089247924,0.029235939901038892,1.5340829395461029,Not Significant
NPHP4,-0.04743990890556127,0.8265192243412807,0.8607830730914982,0.06510628179761772,Not Significant
NPL,1.2320590752440026,0.02941908072885133,0.050166291165283414,1.2995880055297808,Not Significant
NPLOC4,0.12391463618682508,0.25396693973182094,0.318930809132182,0.4963035253170786,Not Significant
NPM1,0.5229290391704886,0.00857621748990524,0.018052942341061678,1.743452004930215,Not Significant
NPM3,0.6895418188569025,0.027576053700649337,0.04748737862911819,1.323421803429781,Not Significant
NPNT,0.8162046598672958,0.2746733527153395,0.34077085655841505,0.46753755409626535,Not Significant
NPR2,-0.228561082038663,0.23015341591106928,0.2930812175310469,0.5330120129638056,Not Significant
NPRL2,0.1895149059541339,0.27339096349054465,0.339639976101091,0.46898119835051966,Not Significant
NPRL3,-0.003958213990046033,0.9838872347726327,0.9886962596607982,0.004937108821251436,Not Significant
NPTN,-2.0281539089523974,1.535176174397772e-06,3.235431962527857e-05,4.490067728467147,Down
NPTX1,-4.4052195738287185,0.00011935273403138126,0.0006499240230443972,3.1871374099743046,Down
NPTX2,-1.933088990042025,0.06631189487614844,0.10045811082722078,0.9980149932581728,Not Significant
NPTXR,-2.988356144294137,2.8146826879672006e-09,6.033002850762038e-07,6.219466469467297,Down
NPY,-3.108607460096483,0.002938773462180783,0.007651900712848076,2.116230673791364,Down
NQO1,-1.0387357045896657,0.140483130645935,0.19171322922340142,0.71734791747933,Not Significant
NQO2,-1.6464408955715992,4.906369814167871e-06,7.000958853814041e-05,4.154842474785424,Down
NR1H2,0.22036989516880823,0.11572026412555965,0.1621596801781733,0.7900571208579158,Not Significant
NR2C1,0.11781211394205826,0.5702864016972766,0.6309791554858171,0.19998498751817007,Not Significant
NR2C2,-0.1227775174232768,0.2792075531024566,0.34567247019222663,0.4613352068610895,Not Significant
NR2C2AP,0.744899561265381,0.0005483012809889206,0.002048808273250143,2.688498680820557,Not Significant
NR2E1,-2.474185558193078,0.005588306443830086,0.012739669408269809,1.8948418417045167,Down
NR2F1,-0.1296793024284426,0.7356175703035047,0.7808040673519657,0.10745793301565527,Not Significant
NR2F2,-0.6079860950374005,0.2567436386331057,0.3219762748151259,0.4921761286038092,Not Significant
NR2F6,-0.41638926314174896,0.10257383184757386,0.14603289740424805,0.835549297970696,Not Significant
NR3C1,-0.04988207184979743,0.6752567118092216,0.7265338155255899,0.13874416725117156,Not Significant
NR3C2,-2.234250982924044,0.009723211844852146,0.01994535453574435,1.7001582395472257,Down
NRAS,0.7277466990199954,0.0028809496751790666,0.00753341607974632,2.1230080452917486,Not Significant
NRBF2,0.04028842494230034,0.855775541999432,0.8847580880646836,0.053175458545428024,Not Significant
NRBP1,0.37939152088506845,0.0027573424103594832,0.007275397444201528,2.1381432768288113,Not Significant
NRBP2,0.230362351585768,0.4785972595554269,0.5446666055988896,0.2638692512161668,Not Significant
NRCAM,-0.1165401461392932,0.4597129352049283,0.5260874825916674,0.27894203142093515,Not Significant
NRDE2,0.29309392371305165,0.14071382711067154,0.1918980769341959,0.7169293774325942,Not Significant
NRF1,0.5312804663570851,0.015176419652983497,0.028766600189716385,1.5411114626176408,Not Significant
NRGN,-5.728986576913357,0.00020407156190133688,0.0009720174537087791,3.0123259367389963,Down
NRIP2,-3.3883297809462913,0.000540941726054882,0.0020303453607588974,2.6924300825229124,Down
NRIP3,-3.4704838757994736,3.945470888926439e-07,1.2658176348740428e-05,4.897628858199206,Down
NRM,2.715869290399416,6.588269160078031e-05,0.000423848730980542,3.372789112799165,Up
NRN1,-2.336082754044085,0.00015561784147257723,0.000792565285639405,3.1009649536841586,Down
NRP1,1.1301176900477294,0.14672543079559852,0.19880457159850162,0.7015736330313879,Not Significant
NRP2,2.3264975851670133,0.004010554321258733,0.009811152071967089,2.008279992709669,Up
NRSN1,-3.3779865835213503,0.0002703542435158228,0.0011987450040397882,2.9212731898087445,Down
NRXN1,-1.414093400529616,0.009820574604573262,0.020104139111251987,1.696714519290128,Down
NRXN2,-0.7315204185065127,0.022446909162108543,0.039959385562657976,1.3983811983439205,Not Significant
NRXN3,-1.9671081062941767,0.00401306674583594,0.009814914881658475,2.008113462399821,Down
NSA2,0.28800961354705734,0.21855300248092502,0.2802218336506095,0.5524980294193985,Not Significant
NSDHL,-0.06891878601886248,0.6237335842907538,0.6803261290759044,0.1672828489048366,Not Significant
NSF,-2.706753451409181,1.7556238438872994e-06,3.4862360524692395e-05,4.457643210222563,Down
NSFL1C,-0.047465057480053474,0.5266825168479148,0.5902331600847249,0.22897639490846286,Not Significant
NSL1,0.16100786040969695,0.34882633365218496,0.4171010664940192,0.3797586996965437,Not Significant
NSMAF,0.8784037354928032,2.467544578929786e-05,0.00021429348351843675,3.6689910352811483,Not Significant
NSMCE1,0.9995569576414809,2.6460606587904778e-05,0.0002264417930437596,3.64504341488121,Not Significant
NSMCE2,0.4869713953236605,0.016136608566835475,0.03029448279953421,1.5186364575667153,Not Significant
NSMCE4A,0.8643502602474911,0.001054413389543207,0.0034045386173904707,2.467941735292521,Not Significant
NSMF,-1.179582938249542,0.008581338037394078,0.018058992978631283,1.7433064708562418,Down
NSRP1,0.8724114562131362,1.1751957146882287e-05,0.00012634921696658716,3.8984274452212655,Not Significant
NSUN2,0.6951859100792639,0.0022619032781895786,0.006208832050267524,2.2069900877186095,Not Significant
NSUN4,0.27884076055273077,0.026831005479993886,0.04641063688280536,1.3333824718138907,Not Significant
NSUN5,-1.0858870349848342,5.0723420311424834e-05,0.0003536247309462241,3.451457369965818,Down
NSUN6,0.7687325639895839,0.00021209645471515436,0.0009970413834813183,3.0012868153647885,Not Significant
NT5C,1.3805797215372806,3.3748228809702236e-06,5.474712673573919e-05,4.261638668735476,Up
NT5C1A,-2.4197067539709245,0.00287583991615963,0.007524989952049899,2.123494075637401,Down
NT5C2,0.1383041972467609,0.49368973119796644,0.5588751940766731,0.2526851663094836,Not Significant
NT5C3A,0.09498766124827185,0.5866396109084583,0.6467287634374927,0.18927782325824677,Not Significant
NT5C3B,-0.32037402332070286,0.07447979989505518,0.11099253019863696,0.9547062482644618,Not Significant
NT5DC1,-2.282742231977487,0.004440615835697798,0.010615748440631137,1.9740493814153057,Down
NT5DC2,1.8123181281688936,0.0002549665859441604,0.0011488487158309495,2.9397371568691977,Up
NT5DC3,-0.2535995451546498,0.607362881482823,0.6654963745984293,0.17685430607388233,Not Significant
NT5E,0.9849383044705746,0.01350192232959121,0.02615234869223262,1.5824893018914779,Not Significant
NTAN1,-0.6033678071368307,0.014763992684037225,0.028115777372210018,1.551049904194632,Not Significant
NTHL1,0.17687355020915874,0.3476832545250305,0.41607996033323325,0.380823200636461,Not Significant
NTM,-1.219965297112097,0.04075562620519999,0.06644637941271803,1.1775286782865795,Not Significant
NTMT1,0.6122593260844376,0.0012167672292227624,0.0038079257742125224,2.419311525666789,Not Significant
NTN1,4.107626477470765,2.2898754135388637e-06,4.201858818941805e-05,4.376558543835011,Up
NTN4,-0.34135274048857767,0.556371862354811,0.6185047606888507,0.2086569532168478,Not Significant
NTNG1,-1.3549838484837426,0.13732568186776684,0.1880411742742807,0.7257470454052487,Not Significant
NTNG2,-0.6837532959951158,0.10069196493250102,0.14392322002412247,0.841869132993077,Not Significant
NTPCR,-0.037732353798691776,0.867194484211267,0.8941123602971741,0.048607901348592886,Not Significant
NTRK2,-0.525259526948421,0.33411503846555934,0.40237595905583323,0.3953679751720403,Not Significant
NTRK3,-0.9972794465059991,0.010944087901654003,0.022006776884389106,1.6574435596195474,Not Significant
NUAK1,-2.7930457900379437,7.166531342764039e-09,1.0795094372478736e-06,5.966773556639838,Down
NUB1,0.4891483726255679,0.024087706125826995,0.04241558320426169,1.3724745571746035,Not Significant
NUBP1,1.490312272907424,5.0823371039856836e-05,0.00035366777726379304,3.451404507032894,Up
NUBP2,1.0711037049305538,1.3546459591869432e-06,2.966674650619406e-05,4.527730079294316,Up
NUBPL,0.4088178576091419,0.0014456727403023351,0.00434997227771975,2.361513510785984,Not Significant
NUCB1,0.1543270766752869,0.25314166486962836,0.3182117708880255,0.49728375951920945,Not Significant
NUCB2,-0.29875850395206527,0.2183855543264908,0.2800427793132724,0.552775620798595,Not Significant
NUCKS1,-0.38286270614658946,0.013086153646597622,0.025503948894529782,1.5933925705335876,Not Significant
NUDC,-0.33660303496184696,0.006408863242366376,0.014242860865563395,1.8464027681895219,Not Significant
NUDCD1,-0.16512102744454893,0.46037769852654076,0.5266130602221192,0.2785083744132692,Not Significant
NUDCD2,-0.10831368018356713,0.4081730431171732,0.47575323803799635,0.3226182471665365,Not Significant
NUDCD3,-1.0188758361561483,2.1969809304843406e-07,9.21483183594122e-06,5.03551258593478,Down
NUDT1,1.8824806105927259,1.11232988018872e-05,0.00012327405074830764,3.90912833299767,Up
NUDT10,-0.5988786265941606,0.031389153610699314,0.05302051198426977,1.275556082886033,Not Significant
NUDT11,-0.2572052482680185,0.5327174285553287,0.5955604677911864,0.225074137632325,Not Significant
NUDT12,-0.34362091973408226,0.238441571671548,0.3019180986700823,0.5201108521410264,Not Significant
NUDT14,-1.0267533944028706,0.0077013661250381685,0.016545865289749308,1.7813105158575917,Down
NUDT15,-0.866164822394806,0.0027387060913864813,0.00723949755041391,2.140291574501037,Not Significant
NUDT16,-1.1578828892862596,0.0010894930396682001,0.003496512545911898,2.4563649091195714,Down
NUDT16L1,0.3779890520828211,0.05753507895986086,0.08925290813699388,1.0493776243219564,Not Significant
NUDT18,-0.2889481196731509,0.17803134506976825,0.23468827142539198,0.6295086137780957,Not Significant
NUDT19,-0.03307732372826955,0.8283280814419471,0.8621321513013922,0.06442615855805271,Not Significant
NUDT2,-0.09360768522044083,0.5821193354486162,0.6428006341454959,0.1919237034616586,Not Significant
NUDT21,-0.2290881569457035,0.26805813181388805,0.3340483442729572,0.47619067650689867,Not Significant
NUDT3,-1.2067165817628478,0.0007224431912274027,0.0025244164788154194,2.5978389935126134,Down
NUDT4,0.6177802793561611,0.11516253077067719,0.16155790767077036,0.7916717799940208,Not Significant
NUDT5,1.0287443858887464,6.54621616379272e-05,0.00042284510078684776,3.373818696912763,Up
NUDT6,0.32368166583193414,0.1430445812310484,0.19465501976517383,0.7107343922119095,Not Significant
NUDT8,0.5035767678307277,0.09326869973201618,0.13488212476318273,0.8700456013369376,Not Significant
NUDT9,-0.07858819287835672,0.6142076054921215,0.6719730036628618,0.17264817426129245,Not Significant
NUF2,2.9874368942588134,0.004139617970495247,0.010048797936088944,1.9978858865963987,Up
NUFIP1,-0.19652623462328478,0.18739580210216708,0.24536331042074747,0.6101903775221281,Not Significant
NUFIP2,-0.05618577436719718,0.654961139518289,0.7085210389396603,0.14964724921364284,Not Significant
NUMA1,0.8928648017525802,3.60922080345985e-06,5.7377744226657816e-05,4.2412565297946605,Not Significant
NUMB,-0.023878945634862703,0.8768749726758,0.902588993025034,0.04450996695772702,Not Significant
NUMBL,0.23995298230012807,0.32906403027893094,0.3971951882374731,0.4009960213412371,Not Significant
NUP107,1.203340936088484,9.85891022448509e-05,0.0005665639566540948,3.246751057637927,Up
NUP133,0.14509477032596152,0.47189721285158254,0.5379532106220258,0.2692554961781075,Not Significant
NUP153,0.3265930407894295,0.0023308981272945964,0.00636375928106292,2.1962862565683987,Not Significant
NUP155,0.7356070227299014,0.0008367343449259787,0.0028362253670202926,2.5472592629936948,Not Significant
NUP160,1.3153179728120143,0.0003730850576823684,0.0015232660132521799,2.817224247682072,Up
NUP188,1.6124527380499813,1.2051504067133468e-06,2.7099743743817536e-05,4.567034815810914,Up
NUP205,1.2634959966706987,5.544054293966872e-09,9.308467159570377e-07,6.0311218291097966,Up
NUP210,-0.3589856608250912,0.2712848511821553,0.3373979741739546,0.4718575293571902,Not Significant
NUP214,0.5710418185370578,0.010473854415595486,0.02122156262725441,1.6732226404437371,Not Significant
NUP35,0.8291631073363934,0.0038718063319276084,0.009516949087530537,2.0215022540114043,Not Significant
NUP37,1.4078010648048789,4.0429878273038696e-05,0.0003023686664607215,3.5194632154468217,Up
NUP43,1.030079381932417,0.00027834574569658694,0.0012263780847661405,2.9113756188762627,Up
NUP50,-0.09912049898853681,0.5583951582231055,0.6201381131010434,0.20751157650530488,Not Significant
NUP54,0.41394250022750256,0.013655794222627018,0.026400744461529606,1.5783838265022998,Not Significant
NUP62,0.9017036850532243,0.0008669456320922157,0.002903460870245007,2.537084022549956,Not Significant
NUP85,0.9754518218144064,1.5462938805024905e-05,0.0001528691320135632,3.815680200327141,Not Significant
NUP88,0.6983833281433824,2.823727416927309e-05,0.0002366574875052056,3.625879750520929,Not Significant
NUP93,-0.4593525557495788,0.026871146756063224,0.04647209140267484,1.33280778234784,Not Significant
NUP98,0.5104648309539606,0.006376384343692618,0.014186328595044045,1.8481299848962254,Not Significant
NUPL2,0.8235575122160235,0.013804083012846106,0.02664029353858461,1.5744609941607013,Not Significant
NUPR1,1.8532879238686526,0.012206856455878021,0.02411213175225788,1.6177643919736102,Up
NUS1,-0.7353902643618255,0.00393300500380321,0.009637823499954644,2.016021031313253,Not Significant
NUSAP1,4.218274924725845,0.0007441582971129517,0.0025782410568697452,2.5886764800104913,Up
NUTF2,0.22973934239612603,0.09948626554137331,0.1426248241160943,0.8458048781422253,Not Significant
NVL,0.7206460786920736,0.001905139341165478,0.005418833198796767,2.2660942171287894,Not Significant
NWD2,-6.886808203021932,6.37570692404022e-05,0.00041518339723840446,3.3817600218067887,Down
NXF1,0.7686824193104478,0.00035021779198749354,0.0014536852231075443,2.8375296241972747,Not Significant
NXN,0.41528468696612997,0.1960809282535943,0.2547155733367774,0.5939445014146137,Not Significant
NXPH1,1.0623587301860304,0.016749043943950458,0.031257848960977566,1.50504091168217,Up
NXT1,1.9767268347289821,7.395843035332983e-06,9.343656463390114e-05,4.0294831375686515,Up
NXT2,1.2995761475758254,0.0003818854577820364,0.0015487576898938144,2.810016524250967,Up
NYAP1,-2.2097451862547715,0.0006348094054685985,0.00229131850615932,2.639914537238804,Down
NYAP2,-3.456986906981294,0.0013146151472728013,0.004042561963866362,2.393343314560956,Down
OAF,-1.325362600071477,0.005953137198830669,0.013386585745763428,1.873330175852219,Down
OARD1,0.763900236142959,0.0006359018436727941,0.002292710419860458,2.6396507952476327,Not Significant
OAS1,2.0244521898203125,0.0010877784085552326,0.003495464015242556,2.4564951644438655,Up
OAS2,1.679845718597555,0.010168785995558765,0.020715945423510414,1.683695241808396,Up
OAS3,1.6645367749661784,0.005066394890057891,0.011764377943887806,1.929431031741614,Up
OASL,2.392056242521976,0.008690379876793249,0.018216164560718933,1.7395430590568708,Up
OAT,-1.4257807133610285,7.561788796055015e-05,0.0004682081151288151,3.3295610632469947,Down
OBSL1,0.49951120510838365,0.11766442411151845,0.16454072855350318,0.7837265840562878,Not Significant
OCIAD1,-0.5878883761212421,0.009625135880513953,0.019800616471369728,1.7033212882260278,Not Significant
OCIAD2,-1.0030935380747632,0.3916094669583519,0.4598524035596733,0.3373815391998511,Not Significant
OCLN,-0.16587596216249878,0.41899584023081515,0.4861741643037586,0.3132081236466043,Not Significant
OCRL,-0.5142642940929534,0.012561330202839366,0.024691285944078784,1.607456291037117,Not Significant
ODF2,0.6944991808021292,0.003356510202242094,0.008487320225247705,2.071229411652211,Not Significant
OFD1,0.9115866953120424,0.0006234295884506925,0.002264033768584094,2.645117099833429,Not Significant
OGDH,-0.4472821350187388,2.554432166084887e-05,0.00022013130574113901,3.657318190323441,Not Significant
OGDHL,-5.370744324955092,1.2880850363202065e-05,0.00013281646525987472,3.8767480821348106,Down
OGFOD1,0.24934457721108316,0.12361909937021082,0.17160518217658863,0.7654696013549451,Not Significant
OGFOD2,1.2682417839413187,3.168789321653213e-05,0.00025578833033921845,3.592119272933557,Up
OGFOD3,-0.31196330186590515,0.02047342606366984,0.0370751921922362,1.4309165889762816,Not Significant
OGFR,-0.18230070770817264,0.2418691826830807,0.3057969561181419,0.514566841839571,Not Significant
OGFRL1,-0.3531283491910955,0.47384620668443983,0.5399306284514248,0.2676620357624052,Not Significant
OGN,-0.23552273950940084,0.7298806576751162,0.7755318790654067,0.11040034534536566,Not Significant
OGT,0.3372349533807153,0.024527834781794846,0.04303174498829784,1.3662110424040144,Not Significant
OLA1,-0.8009809073016569,0.005717226454363453,0.012963164371203562,1.8872889721378099,Not Significant
OLFM1,-3.6706477355732154,8.5689961522109e-06,0.00010279106230715828,3.988044645646478,Down
OLFM2,-0.7744173820396725,0.06719840348506599,0.1015993871692263,0.9931089116370015,Not Significant
OLFM3,-6.632953567892127,0.00024694587830313507,0.0011261805242307754,2.9483919874658335,Down
OLFM4,-1.843204313502909,0.011953430817642727,0.02367188167032295,1.6257672187689438,Down
OLFML1,0.2675853446225247,0.5115925284258102,0.576227988747944,0.239405650839404,Not Significant
OLFML2A,0.3411969341895489,0.36929691447384194,0.43714333151512447,0.35937614225162323,Not Significant
OLFML2B,3.3745349911881366,0.00013391825994749014,0.0007067011790000083,3.1507641841447787,Up
OLFML3,3.12446968452071,6.025221882949205e-09,9.790013749811337e-07,6.0092166982415,Up
OLIG1,1.9744997439016423,0.004319729776485021,0.010380953666104508,1.98376274736407,Up
OLIG2,3.034822344464292,0.0005441860810073636,0.0020367408610834172,2.6910642237051543,Up
OLIG3,-0.9101829072070802,0.34659350708733416,0.4151703912482526,0.38177362668180337,Not Significant
OMA1,0.20116608753790644,0.290771283791036,0.35752836725386267,0.4466894944137655,Not Significant
OMD,-3.9556542041712177,0.0006216666163538758,0.002259260278913761,2.6460337331414,Down
OMG,-0.8789563907418092,0.1747186424584265,0.23077879769877413,0.6368040935466248,Not Significant
OPA1,-0.9915889686419597,0.00042149295601364,0.001675659052439388,2.7758143429296642,Not Significant
OPA3,-0.22891802874113942,0.2137981243034134,0.2748599163135001,0.5608885900697373,Not Significant
OPALIN,-6.823178579381688,0.0019477002351058642,0.005511673641141603,2.2587165059131107,Down
OPCML,-2.8138296286513693,4.321069427875685e-05,0.0003161775818363568,3.500068926402288,Down
OPHN1,1.6891981746782712,2.11214194844363e-06,3.938886939472487e-05,4.404626484859279,Up
OPLAH,-1.8498343015054797,0.00010536287069974281,0.0005943032247643947,3.22599191319866,Down
OPTN,-1.4069183086891108,0.005787674983321551,0.013078743333777771,1.883433983031996,Down
ORAI1,1.4594164766643871,0.0004727202701994906,0.0018365537994561004,2.735996345040065,Up
ORC1,2.8084420446802554,0.004253323896937923,0.010245811797645298,1.9894536258161886,Up
ORC2,0.003909785048392678,0.9666293457336422,0.9747571600521233,0.011103566029992937,Not Significant
ORC3,-0.2029853355006921,0.2136466532385413,0.27472077621779595,0.561108495091468,Not Significant
ORC4,-0.6977965854834771,0.001848086019762179,0.005302949316839456,2.2754825236493303,Not Significant
ORC5,-0.33192487458174824,0.052448696765570096,0.08245445867920617,1.0837858551508082,Not Significant
ORM1,2.143587797893685,0.5008640796965219,0.565788824721099,0.2473456348392456,Not Significant
ORM2,3.27805424036792,0.17471012866315602,0.23077879769877413,0.6368040935466248,Not Significant
ORMDL1,0.7085135896810115,0.00011162142835948874,0.0006198865872621222,3.207687760552874,Not Significant
ORMDL3,0.05477935927571309,0.6179928039609661,0.6754539988177034,0.17040422286683707,Not Significant
OS9,1.3026501162077473,0.07905733937834497,0.11705226879739083,0.9316201640550275,Not Significant
OSBP,-0.10258708529433491,0.33648580474089873,0.40455400369492944,0.3930234964466591,Not Significant
OSBP2,-1.317407471094386,0.0001536743029994514,0.0007862442500845471,3.104442517592059,Down
OSBPL10,-2.036798013108559,0.0020000605104413373,0.005616586722621851,2.250527531026479,Down
OSBPL11,1.1895629854691663,0.016292011226843574,0.03051798458520308,1.5154441506787029,Up
OSBPL1A,-3.016562229143897,2.9481035513302102e-05,0.000244236847084412,3.6121888150911503,Down
OSBPL2,-0.2535839355695231,0.08947589703884497,0.1300692910201045,0.8858252269954648,Not Significant
OSBPL3,0.4559282556542925,0.11865821001244313,0.16567745081986862,0.7807365962933912,Not Significant
OSBPL5,-0.32480898582871554,0.18962296251185629,0.24779630618036583,0.605905171799507,Not Significant
OSBPL6,-0.5677988694214875,0.03494904005016842,0.05817661871525035,1.2352515239961834,Not Significant
OSBPL7,0.599643042802855,0.006867915506637241,0.01506037893205563,1.8221641007760605,Not Significant
OSBPL8,0.25911616095061873,0.5771275004516021,0.6379877580982596,0.19518765457253942,Not Significant
OSBPL9,1.105391450121573,3.978277419416016e-06,6.118651408121672e-05,4.213344288728773,Up
OSCP1,-0.7872049204951459,0.0012721574004886317,0.003941568008077232,2.404330975690502,Not Significant
OSGEP,0.6959937222776702,0.002207115405424504,0.006081641300395638,2.2159791984393036,Not Significant
OSGEPL1,0.9147414915874599,0.00012115645922981312,0.0006572591116215063,3.182263384530063,Not Significant
OSMR,1.0961592925221169,0.1660651141373434,0.22086338834815344,0.6558762694438995,Not Significant
OSTC,0.99650248888452,0.007807977898683869,0.016724977535900767,1.7766344568809698,Not Significant
OSTF1,-0.8296954758063997,0.009137535221211815,0.01898361101639262,1.7216211736089322,Not Significant
OSTM1,0.02056998093350515,0.9306532404584429,0.9467597930832273,0.023760193933558216,Not Significant
OTUB1,-0.5578771608185562,0.010701954301188423,0.021631518384866006,1.6649129949841834,Not Significant
OTUD3,-0.6409950453058002,0.0010229235038000724,0.0033230994444636984,2.4784566621712965,Not Significant
OTUD4,0.02614307247679548,0.8721317452456103,0.8984410677578769,0.04651040468405039,Not Significant
OTUD5,-0.14238007697561628,0.5476797209420258,0.6098513881695553,0.2147759832862041,Not Significant
OTUD6B,0.445841444725005,0.018189275487134948,0.033572510307328225,1.4740161841657367,Not Significant
OTUD7A,-2.7001939637766927,0.0007584488684893474,0.002615752790538064,2.5824033026942157,Down
OTUD7B,0.489967732203624,0.0392006204565042,0.06423341744938571,1.1922389713390387,Not Significant
OTULIN,0.9060766875774497,0.0008895631374492923,0.002968158122840962,2.527512966584358,Not Significant
OVCA2,0.0,1.0,1.0,-0.0,Not Significant
OXA1L,0.6479927763584072,0.0014037662648741095,0.004241614082885956,2.372468847676451,Not Significant
OXCT1,-1.2664899116317194,4.228740098136638e-05,0.0003116337070126444,3.506355574176999,Down
OXLD1,0.6475856979836294,0.0019778579265852824,0.005570631409779545,2.2540955764166264,Not Significant
OXNAD1,0.22055186634137414,0.061416726892738395,0.09428712385209488,1.0255476118416675,Not Significant
OXR1,-2.390861861141431,1.280987224345219e-05,0.00013268938524811947,3.8771638179988184,Down
OXSM,0.7512523675812126,0.002713914312934326,0.007181500601129603,2.143784798836039,Not Significant
OXSR1,0.391259535274294,0.14824905005160371,0.2004914659981012,0.697904108574031,Not Significant
P2RX4,1.1692183214857703,3.056361709870211e-07,1.1049543200158945e-05,4.956655675802489,Up
P2RX7,0.9578650443279635,0.010156146284924339,0.020710778707080903,1.6838035717086532,Not Significant
P2RY1,-0.47447703058052504,0.2981597750290206,0.3652756382880157,0.43737929168048256,Not Significant
P2RY12,1.7011411231651685,0.01982453972422418,0.03604266615806431,1.4431830907532412,Up
P2RY13,2.1294468356638028,0.0020942095059230505,0.005824700873182995,2.2347263728704743,Up
P3H1,1.1858701538608774,0.00021422663694195153,0.001004761030393265,2.9979372173701817,Up
P3H2,0.40192290673892117,0.27412048655945265,0.3402525605717011,0.4681985978278578,Not Significant
P3H3,0.15822932277666624,0.5373137162630945,0.5999665681261821,0.22187294908775534,Not Significant
P3H4,1.128549613975542,0.0013948168171486399,0.004219635019806426,2.374725112009663,Up
P4HA1,1.3875653465279392,0.002315912375246335,0.006332926511463513,2.1983955515828275,Up
P4HA2,-0.7213594779902426,0.2395917349240016,0.3032220022141196,0.5182392888793794,Not Significant
P4HB,1.1026762607035074,0.0016652865843666655,0.004862636826350663,2.313128165184378,Up
P4HTM,-0.5017814279401165,0.006418406385463725,0.014254635345494171,1.8460438881030516,Not Significant
PA2G4,0.2325542649850334,0.14297251875172967,0.19460953302322995,0.7108358894634541,Not Significant
PAAF1,0.1645822010470681,0.2608999840140346,0.3267412281150403,0.485796062913051,Not Significant
PABPC1,1.231931863857774,6.760416611618294e-10,3.7918670206228625e-07,6.421146901614129,Up
PABPC1L2A,-7.458514934805025,0.00536887828112467,0.012342784072124585,1.9085868686021357,Down
PABPC4,0.8733907602100821,5.370574259019575e-06,7.517823714375294e-05,4.123907862284306,Not Significant
PABPN1,0.30943637160716264,0.02050516533909393,0.03708053368895443,1.4308540238128697,Not Significant
PACS1,-0.7536037534549891,0.004990947100854619,0.01164130611113902,1.9339982907309492,Not Significant
PACS2,-0.44664616764831777,0.06010724774171495,0.09258721922783432,1.033448959343045,Not Significant
PACSIN1,-6.508306525491593,0.0003388485367853684,0.0014181803737331954,2.8482685291422407,Down
PACSIN2,0.8080198008821249,0.0021461509341898746,0.005938018267242186,2.226358470709277,Not Significant
PACSIN3,-2.4134123659855113,0.003114353918646351,0.007994527488124705,2.097207199880766,Down
PADI2,-0.9715135127791896,0.11830880917157474,0.16528122917687477,0.781776466015954,Not Significant
PADI4,-1.7087849813107336,0.030381425039234588,0.051516996439193614,1.2880494652893388,Not Significant
PAF1,0.6934334385813372,5.000376261574814e-05,0.00035030452335955964,3.4555542547536375,Not Significant
PAFAH1B1,-0.8439507487941391,0.0006915128019538467,0.0024412137019594027,2.612394201115633,Not Significant
PAFAH1B2,-0.40494347093830996,0.01113293638025758,0.022327931732971304,1.6511515043606644,Not Significant
PAFAH1B3,1.0375045015411786,0.0057170866333999745,0.012963164371203562,1.8872889721378099,Up
PAFAH2,1.002090561001463,4.76393462034918e-06,6.874398513165151e-05,4.162765295147303,Up
PAG1,1.123730240357574,3.6197894639835688e-06,5.74263922207409e-05,4.240888467156775,Up
PAGR1,1.0092294061395215,0.0008936485605045164,0.002978040224453357,2.526069440519319,Up
PAICS,0.5748100866768979,0.02186071884536917,0.03916501540961213,1.4071016982466595,Not Significant
PAIP1,-0.05031248255764709,0.7669113798920564,0.8083985812527547,0.09237445734703613,Not Significant
PAIP2,-0.4286920746260954,0.021043825606747887,0.03789694300364287,1.4213958214354965,Not Significant
PAIP2B,-2.906278517175421,0.005279337744553853,0.012170262800603094,1.9147000436582273,Down
PAK1,-3.3712401268058123,2.602012751641753e-08,2.4294928626194063e-06,5.614484372472372,Down
PAK1IP1,0.5516114484815695,0.0005714768170532409,0.002114233365770969,2.674847077637394,Not Significant
PAK2,0.45847681436786303,0.07092262731307913,0.10654258090545173,0.9724767870009753,Not Significant
PAK3,-2.9061930550840884,5.539185678903185e-09,9.308467159570377e-07,6.0311218291097966,Down
PAK4,0.6070168778639129,0.006936885193662954,0.01518187734976333,1.8186745214424853,Not Significant
PALD1,2.039902552123568,0.00012738411567464163,0.0006808825213612758,3.166927814263101,Up
PALLD,1.4382427167376015,0.005841056718367699,0.013175728925399957,1.8802253488272223,Up
PALM,-2.372832025532979,1.6837486937561197e-05,0.00016309696481633799,3.787554120969419,Down
PALM2,-3.518911374941652,0.0005263635287531804,0.0019859873365766067,2.7020235250614006,Down
PALM2-AKAP2,-1.5274397113670304,0.050345827510191725,0.07968924653038821,1.0986002794520937,Not Significant
PALM3,-0.43929650913232265,0.5963011863384069,0.6555148571773364,0.18341746062223876,Not Significant
PALMD,1.0733707574787488,0.0014497543249607974,0.004357048051806406,2.3608076504109774,Up
PAM,0.49005616200543756,0.31472581996328136,0.38287017392948874,0.4169484644237042,Not Significant
PAMR1,-1.4309698439367917,0.023341903259079096,0.04129721345837071,1.3840792515029425,Down
PAN2,0.8277436436182981,0.0027766270826292865,0.007320528979431414,2.1354575358066783,Not Significant
PAN3,0.5558013508107358,0.01298368304222167,0.02536377999851723,1.5957860224715272,Not Significant
PANK1,-1.1716708489653698,6.875433076335427e-05,0.0004361656978022865,3.3603484924504987,Down
PANK2,0.12427349583298763,0.18838480417022174,0.2464536501171259,0.6082647453161673,Not Significant
PANK3,-0.21590540075908393,0.024986535593226857,0.04373077824290607,1.3592127937826932,Not Significant
PANK4,-0.21479972988408136,0.10134067965520781,0.14458377097387953,0.8398804523529863,Not Significant
PANX1,0.24249698566354283,0.36119831328329705,0.4290427789194593,0.3674994031010242,Not Significant
PAOX,-0.9260803908579458,0.02203795843106796,0.03939635863213689,1.4045439177442767,Not Significant
PAPLN,-0.3544540165995578,0.6283289382204746,0.6846712518802663,0.1645179069974049,Not Significant
PAPOLA,0.23959285915849904,0.07763151601998698,0.11512732112253038,0.9388216007425877,Not Significant
PAPOLG,-0.11271289235343573,0.5267804588367839,0.5902331600847249,0.22897639490846286,Not Significant
PAPSS1,0.005516328385386515,0.9784280928175874,0.9839956680687207,0.007006813497511879,Not Significant
PAPSS2,0.16095597531239036,0.721190565796179,0.7681638358688,0.11454614269586635,Not Significant
PAQR4,0.2485426504257191,0.19646842898530056,0.255153146009787,0.5931990724962908,Not Significant
PARD3,1.5451943461035427,3.08435562820867e-05,0.0002514646962623767,3.599522977982422,Up
PARD3B,1.744315568988906,0.0019803330019604105,0.005575705606972938,2.2537001647239605,Up
PARD6A,-1.2836273519032453,0.0001095517196207273,0.0006111128845469333,3.2138785596304507,Down
PARD6B,0.16211704807111182,0.32414751041942147,0.39227895047685474,0.4064049953040964,Not Significant
PARG,-0.5308840954948444,9.973697446196653e-05,0.0005705566614025274,3.2437012197601756,Not Significant
PARK7,-0.08900159264996077,0.4853581910255424,0.5511156916581733,0.2587572233357371,Not Significant
PARL,0.12370180265409303,0.6193276994779454,0.6766193736623817,0.16965557120336175,Not Significant
PARN,0.14945791844192158,0.1346162758113527,0.18501014495546617,0.7328044565841316,Not Significant
PARP1,0.2624159679494369,0.35868232228944513,0.4266075224018737,0.3699714908724757,Not Significant
PARP10,1.6091671050450085,1.4832395470472155e-05,0.00014882624698161006,3.827320469905297,Up
PARP12,0.9175709254116704,0.002752937829045231,0.007267310420906439,2.1386262886566887,Not Significant
PARP14,1.9510333797485089,4.319740359144365e-05,0.0003161775818363568,3.500068926402288,Up
PARP16,0.31641501930962335,0.09001464233534748,0.13075811202397844,0.8835313586903801,Not Significant
PARP2,-0.27308170806863785,0.1788967845234125,0.2356133098821882,0.6278001797375787,Not Significant
PARP4,1.7369220830164096,2.4171837895132993e-06,4.363926432895516e-05,4.3601225793616125,Up
PARP9,2.0178188707688385,6.801099731039237e-05,0.0004319941909866916,3.364522093091077,Up
PARS2,0.8398621124023151,0.0012134203104577832,0.003799208197781882,2.4203069063214913,Not Significant
PARVA,-1.210618186050974,0.03553805778279052,0.05904649222894312,1.2288058973876945,Not Significant
PARVB,-2.282824286642697,5.534182965157531e-06,7.658153735027055e-05,4.115875919575721,Down
PARVG,2.6179255044712004,3.865259330301504e-07,1.2658176348740428e-05,4.897628858199206,Up
PASK,-1.133358201860128,0.006454083983702738,0.014309345305480637,1.84438023603208,Down
PATL1,0.981183268984239,0.0005510169193524633,0.0020528698267133676,2.687638588540974,Not Significant
PATZ1,1.3768302203625638,0.0005712000594670639,0.002113985818909332,2.6748979303635414,Up
PAWR,-0.43347463629158867,0.41427976435450703,0.48147835095838765,0.317423235581364,Not Significant
PAX6,-0.24508089714914405,0.6533264786493421,0.7070158927826268,0.15057082372754085,Not Significant
PAXBP1,1.7142785760123935,6.888587331403737e-07,1.8654738918430442e-05,4.7292108247297415,Up
PAXIP1,1.0312911441427115,1.8532608105843081e-06,3.5972542207757846e-05,4.444028869165433,Up
PBDC1,1.1627929619608572,0.0001068848999507905,0.0006001998228005928,3.2217041371296538,Up
PBK,6.430869589718069,1.4692672620001635e-05,0.00014786611785604043,3.8301313291397596,Up
PBLD,0.4630085049250514,0.10632558226090236,0.15065033976038403,0.8220298845290007,Not Significant
PBRM1,0.6701809413888391,0.011888965982552848,0.023553479509977857,1.6279449263117598,Not Significant
PBX1,0.19509127323775743,0.1775443816285866,0.2341382511488914,0.6305276298495354,Not Significant
PBX2,0.001706109014310897,0.981546274513209,0.9866391109006253,0.00584167286773598,Not Significant
PBX3,1.848212115079665,3.9810691776269596e-05,0.0002988471750776005,3.5245508450804532,Up
PBXIP1,0.5933632582919657,0.09979911771944429,0.14299219646045636,0.8446876627212083,Not Significant
PC,-0.5591874016773772,0.11152084847964666,0.15717138046781762,0.8036265323199352,Not Significant
PCBD1,-0.7400690527430172,0.004177732808660901,0.01010237165493277,1.9955766583224384,Not Significant
PCBD2,0.6677195713386332,0.0032507037590764325,0.008263333249794596,2.082844732342371,Not Significant
PCBP1,-0.478467865014089,0.02498601260777178,0.04373077824290607,1.3592127937826932,Not Significant
PCBP2,0.2320796818800943,0.25115299597428536,0.31590901254150966,0.5004379839675558,Not Significant
PCBP3,-0.7884360792298999,0.21900083278400106,0.28061744969041297,0.5518853266482476,Not Significant
PCBP4,0.9748716446210608,0.0031147088388094784,0.007994527488124705,2.097207199880766,Not Significant
PCCA,-0.512550202724146,0.01274330405478181,0.024980744317546596,1.6023946256821613,Not Significant
PCCB,0.15545701969614,0.4638508760062832,0.5301002523978783,0.27564198899187253,Not Significant
PCDH1,-1.477561117773707,0.00035644098692664715,0.0014740502883001,2.831487699951397,Down
PCDH10,-0.7293445134792407,0.023426388071956822,0.041399504026214395,1.383004861776891,Not Significant
PCDH12,3.051946717214898,1.349817990218287e-06,2.9625417066359525e-05,4.528335526944926,Up
PCDH17,0.4720212728409656,0.05022178636118206,0.0795494144343629,1.0993630128604037,Not Significant
PCDH18,2.0419245408124986,9.727850050510642e-05,0.0005622395950019747,3.2500785730200135,Up
PCDH19,-1.7052057561461869,0.00021718363424508063,0.0010148706191561864,2.993589320280851,Down
PCDH7,-1.2236574097849875,0.020423710753313784,0.037005119087928605,1.4317381938286664,Down
PCDH8,-2.208846245387466,0.006956175482045602,0.015210877318456132,1.8178457364022111,Down
PCDH9,-1.790403413877435,0.00551552866680571,0.012614442017699299,1.8991319551340127,Down
PCDHAC2,-1.6664143644839307,0.00010390939950878154,0.0005887420082404192,3.2300749750658384,Down
PCDHB16,1.7591502222317388,0.0059216637430788985,0.013327712365455055,1.8752443886446433,Up
PCDHB4,-0.3265546705089317,0.317600643253459,0.38590144495662115,0.413523595267649,Not Significant
PCDHB5,1.6289709303475135,0.030957991803690896,0.05238004861108197,1.2808341028654475,Not Significant
PCDHGA10,1.6978625478601348,0.004731516173811371,0.011156273105961373,1.9524808627315329,Up
PCDHGA9,0.536244119586641,0.1726908227779167,0.22842533464610462,0.641255730168627,Not Significant
PCDHGB1,1.4822489789879292,0.038849709610402086,0.06371893106262362,1.195731518456248,Not Significant
PCDHGB2,1.3832986022648726,0.005143243101434438,0.011913780410174874,1.923950408897927,Up
PCDHGB7,2.15167188797499,0.00127169086177233,0.003941568008077232,2.404330975690502,Up
PCDHGC3,0.9005324594177146,0.011986260833144382,0.02372756762293113,1.624746780201651,Not Significant
PCDHGC4,0.38628645656820026,0.16227836295730783,0.2164714285529554,0.6645994168193066,Not Significant
PCDHGC5,-0.9836320643239205,0.017356793634680713,0.03222490583777617,1.4918083429953184,Not Significant
PCF11,0.8470905816738821,4.737223649779932e-06,6.856722851707332e-05,4.163883404334639,Not Significant
PCGF2,0.6448897154376212,0.04183832400982829,0.06789292462548488,1.1681754828066488,Not Significant
PCGF5,-0.5617775953644042,0.13525432029995646,0.18576033029335534,0.7310470254023678,Not Significant
PCGF6,0.29613686713658893,0.1625984420269773,0.21685023649533866,0.6638400998764618,Not Significant
PCID2,0.4118222647854317,0.19072401279386025,0.2489633652442114,0.6038645542810478,Not Significant
PCIF1,0.45846292039285785,0.017242837683000663,0.03203695072271278,1.4943488267738276,Not Significant
PCK2,0.5576426077891163,0.01955120823866667,0.035661573745487604,1.4477994953193793,Not Significant
PCLO,-5.384961485920542,8.97659739759504e-05,0.0005297612313027091,3.275919827177648,Down
PCM1,-0.02911835717416622,0.7420727698699496,0.7869095877547234,0.10407516318712029,Not Significant
PCMT1,-1.4793430491929804,0.00028660752561752295,0.0012537056939083485,2.9018044017131968,Down
PCMTD1,0.03812347509483516,0.7591889133991208,0.8023153697860302,0.09565488803018024,Not Significant
PCMTD2,0.17790116457585015,0.3643705841361522,0.43219937178707135,0.3643158687105439,Not Significant
PCNA,1.6154231861324,0.0016541284346399915,0.004835751351390768,2.3155360381452503,Up
PCNP,-0.9600834791060961,0.003799929543862757,0.00936996404063869,2.0282620758125587,Not Significant
PCNT,-0.5817327013580567,0.010806679917528105,0.021788563621040875,1.6617713990340264,Not Significant
PCOLCE,1.7130369689277547,0.0004047114662796141,0.00161981061235631,2.790535760035596,Up
PCOLCE2,1.2817515162569428,0.12800117432171335,0.1768354127971668,0.7524307594454043,Not Significant
PCP4,-2.510571779552773,8.777065728054836e-05,0.0005219608036860945,3.2823621088406116,Down
PCP4L1,-4.123019506317103,0.00017734624055553168,0.0008749196999786611,3.058031804642229,Down
PCSK1,-3.311333672419414,0.00018856153655316807,0.0009183941471538782,3.03697089265829,Down
PCSK1N,-0.5115018724011051,0.26233228690536575,0.3280863387069714,0.4840118529656738,Not Significant
PCSK2,-3.5213164437200533,2.5305245336140706e-06,4.527049225893913e-05,4.344184783079773,Down
PCSK6,0.20703989885642393,0.8073832835362477,0.8437322819859085,0.07379533406200756,Not Significant
PCTP,1.2801224248105019,0.00442997945277573,0.010597865829319092,1.974781583024671,Up
PCYOX1,-0.702124699663738,6.94752271030345e-05,0.00043990788047515374,3.3566382580362784,Not Significant
PCYOX1L,-0.16655511243757104,0.11320631374862591,0.15916823512961026,0.7981435991887228,Not Significant
PCYT1A,0.5725263877116049,0.025454239794357444,0.044372038707104496,1.3528906168343755,Not Significant
PCYT1B,-1.1047531022872334,0.06375065085552267,0.09726246504899824,1.0120547277391432,Not Significant
PCYT2,-0.683825858746701,0.004599934400586013,0.010916310754182213,1.961924109782499,Not Significant
PDAP1,0.5129929459166149,0.008331212654143104,0.01760986913089333,1.754243871513817,Not Significant
PDCD10,-0.33748016346845944,0.20542758047293627,0.2656116043549754,0.5757529549168218,Not Significant
PDCD11,0.8462252713278637,0.006420126590770946,0.014255313042853539,1.846023241259387,Not Significant
PDCD2,0.8816465728018628,0.0002817729690452316,0.0012365110510704868,2.907801997865171,Not Significant
PDCD2L,0.266618321575244,0.15517855467911484,0.208249057589278,0.6814169552738871,Not Significant
PDCD4,0.38352525726401154,0.025538710719832682,0.0444808042516588,1.3518273689327482,Not Significant
PDCD5,0.16028148556727118,0.16695512223311176,0.22185805320886004,0.6539248022384262,Not Significant
PDCD6,0.3529773706095156,0.04516455068280687,0.07262373241477996,1.138921434774703,Not Significant
PDCD6IP,0.4343090530582714,0.026085059724892792,0.04533049709652751,1.3436095184199102,Not Significant
PDCD7,-0.46509782131720456,0.014495652408461108,0.027714785037547394,1.5572884855495654,Not Significant
PDCL,0.5475446818142444,0.0034987730614380037,0.00877655374027053,2.056675983569487,Not Significant
PDCL3,0.1515764798321797,0.5154687873103497,0.579945562135857,0.23661277052943566,Not Significant
PDE10A,-1.0422788233575897,0.01516045580316061,0.028756624319533044,1.541262096225308,Down
PDE12,-0.08873904036239466,0.6318625836237678,0.6877778138763735,0.16255183762489597,Not Significant
PDE1A,-3.0994775032591644,0.00036788050148481706,0.0015083549743418994,2.8214964401266083,Down
PDE1B,-3.5369138816239207,1.8853823332400526e-07,8.441485166693463e-06,5.073581138332069,Down
PDE1C,-2.9269874812126435,0.0015420997514690212,0.004581277763579746,2.339013376084004,Down
PDE2A,-2.661266835386808,6.027543290921091e-05,0.00039922071737501035,3.3987869292880144,Down
PDE3A,0.8082680394901658,0.004094765762147176,0.009966337349086895,2.0014644165461273,Not Significant
PDE4A,-2.5698191757421363,3.0738039413931214e-05,0.0002514646962623767,3.599522977982422,Down
PDE4B,0.9132794313921941,0.00886300549478503,0.018504853337712828,1.7327143526047748,Not Significant
PDE4C,-2.750664219094391,0.00013901491833058182,0.0007301544771961842,3.1365852474186013,Down
PDE4D,-1.4710288124593376,0.018036854532724102,0.03331559819630778,1.4773523843762382,Down
PDE4DIP,-0.35849047464628114,0.41008825062571025,0.47765395268856575,0.32088662402368046,Not Significant
PDE5A,0.6041253746485307,0.30192177792353964,0.3689422599225786,0.4330415963318331,Not Significant
PDE6D,0.1221896526617634,0.6126995709653126,0.6705416054214621,0.17357427009518842,Not Significant
PDE7A,0.6482310078221722,0.010379341432766184,0.021059715124609572,1.6765475078251224,Not Significant
PDE7B,-1.8367651102471516,2.8099502947495025e-05,0.00023603983494011955,3.6270146977299556,Down
PDE8A,0.9809336729200275,0.01419723806658528,0.027258047700167733,1.5645052528082786,Not Significant
PDE8B,0.7449885915778971,0.17591688936617253,0.23220476198569473,0.6341288781249904,Not Significant
PDF,0.6811298250462645,0.04474503117430814,0.07203544276476945,1.142453770098997,Not Significant
PDGFA,-1.1129741543272615,0.0004992514266887605,0.0019130691793315228,2.7182693249759895,Down
PDGFC,0.85478794580367,0.010832399973123874,0.021833853007052803,1.6608696178388933,Not Significant
PDGFRA,2.7608558067118096,0.0032646657430019863,0.008292547326021686,2.0813120412590176,Up
PDGFRB,-0.27936171295525725,0.33200474101547883,0.4001215170462895,0.3978080932518367,Not Significant
PDHA1,-0.6097987501510254,0.0018231536204443783,0.005249792785544788,2.279857838283659,Not Significant
PDHB,-0.1292733788985494,0.5282090269821033,0.5915048619183757,0.22804168130546051,Not Significant
PDHX,-0.9404707553550757,0.00014533262122835454,0.0007561804094462044,3.1213745782028144,Not Significant
PDIA2,-3.0149309503240183,0.00021759631241369853,0.0010162564910781637,2.9929966674441975,Down
PDIA3,0.7102244133120941,0.0075482551335943745,0.0162585251690891,1.788918852344425,Not Significant
PDIA4,1.7232924047969114,2.692909438104311e-09,5.983567126185486e-07,6.223039832508061,Up
PDIA5,1.341408743179091,0.0016316398977407086,0.0047977642527261815,2.318961095729487,Up
PDIA6,0.7752842490871608,0.0020689902987040022,0.005769539639762663,2.238858838471129,Not Significant
PDK1,0.006108034180543953,0.9914897572050669,0.9945502154818127,0.0023732841774638217,Not Significant
PDK2,-1.1270497080386228,0.00024221647636191954,0.0011109441073313942,2.9543077902834036,Down
PDK3,-1.2720693231850788,0.007223171402621734,0.015668869231268593,1.804962343948765,Down
PDLIM1,1.0025746732057428,0.22803761252233293,0.29060732555977,0.5366934423088644,Not Significant
PDLIM2,0.6882574353303266,0.0023320484958084644,0.006364957070380512,2.1962045211791756,Not Significant
PDLIM3,1.4985147675720523,0.0233544142910493,0.041310440673184505,1.3839401722247797,Up
PDLIM4,-1.8911006540944388,0.0032006719316658456,0.00816597621241246,2.0879918895162612,Down
PDLIM5,1.7914954170360389,0.00025793243965189757,0.0011568489082132724,2.9367233589515647,Up
PDLIM7,1.3826224569915162,0.015811991059839225,0.029784965956772692,1.5260028919490283,Up
PDP1,-2.5816544275951827,1.1217770074296377e-06,2.5683594483741295e-05,4.59034419574292,Down
PDPK1,-1.3005982963811924,1.3457487768683721e-09,4.4850932291605275e-07,6.348228525086075,Down
PDPN,1.2886184922946295,0.005670008631441973,0.012873488157121126,1.8903037621758947,Up
PDPR,0.6986525139508757,0.002623863517990385,0.006989106578592052,2.1555783368131265,Not Significant
PDRG1,0.513726350058441,0.0006294926535402482,0.002277022977294241,2.6426325869247127,Not Significant
PDS5A,0.5744544689050031,0.0023309779379712303,0.00636375928106292,2.1962862565683987,Not Significant
PDS5B,-1.4812920590521088,5.211802412952089e-07,1.5087269398873374e-05,4.821389354810894,Down
PDSS2,0.48770458762085056,0.0018511464515659501,0.00530690078345913,2.2751590317599124,Not Significant
PDXDC1,-0.04098086994469696,0.7612334864051739,0.8036749258065103,0.09491958119775186,Not Significant
PDXK,-1.7857076467933943,3.772334021304548e-08,3.089926236437019e-06,5.510051888047897,Down
PDXP,-2.2159509401810578,0.0006952250476798363,0.0024522749055765655,2.6104308460285193,Down
PDYN,-1.7891175097009135,0.17072264796886083,0.22612878182708868,0.6456441568357146,Not Significant
PDZD11,0.22634154284338948,0.1038682745314314,0.14750056352264448,0.8312063204701746,Not Significant
PDZD2,-2.453699518615018,0.0030272683917683427,0.007820471836117955,2.1067670436612995,Down
PDZD4,-2.230957370648536,0.0007105792059020907,0.0024907358803958456,2.603672322952523,Down
PDZD8,-0.5917889341179539,0.029648557363917756,0.050469680108838705,1.2969694479393168,Not Significant
PDZRN3,0.012974193099871911,0.9658123428433041,0.9741283081501246,0.011383835881563777,Not Significant
PEA15,0.7219644361437574,0.06294872291192824,0.09625765552743853,1.0165647203014607,Not Significant
PEAK1,0.5009453400927661,0.12751346221700124,0.17624333924121197,0.7538872873036484,Not Significant
PEBP1,-1.2835510936157313,0.0001406939113365813,0.0007378190852705465,3.1320501150071802,Down
PECAM1,0.5690428937471701,0.16502609652090652,0.21964234328862628,0.6582839315994699,Not Significant
PECR,0.4935906298815915,0.005497865982933119,0.012581895027730177,1.900253942507213,Not Significant
PEF1,-0.08777160937291484,0.5918183480319683,0.6514419077600365,0.18612430637369362,Not Significant
PEG10,-0.12340498300595115,0.6951627963549492,0.7445322145949137,0.12811650634951,Not Significant
PEG3,-1.9211561603897565,8.12652987722645e-05,0.0004937675632278604,3.30647744331022,Down
PELI1,1.4572360862637623,9.532778525455798e-05,0.0005531866985336504,3.2571282711203695,Up
PELI2,1.4597106686538446,7.727513773538483e-05,0.00047583724788891616,3.322541564990087,Up
PELO,-0.11170796962344909,0.4820145332277178,0.548060316900229,0.26117164250939456,Not Significant
PELP1,-0.3070011160625761,0.04903231106143678,0.07793491663504484,1.1082679248115692,Not Significant
PENK,-0.6813658250575418,0.4449807271617525,0.510969548093867,0.2916049814482084,Not Significant
PEPD,1.0951664063329822,9.406276105144534e-05,0.0005478023529550541,3.2613761066691302,Up
PER1,0.24522878685274563,0.6115268829544677,0.6694036530352393,0.1743119219622307,Not Significant
PES1,0.7942347239001109,8.146651047665182e-05,0.000494548849553781,3.3057908040792485,Not Significant
PET100,0.23409525576294143,0.029293781371251354,0.050017890429489176,1.3008746291619377,Not Significant
PET117,-0.5457356144881977,0.008296208091638783,0.01756167268652429,1.7554341214634572,Not Significant
PEX1,0.3401373884581602,0.0192446150637231,0.03521712119018102,1.4532461481506296,Not Significant
PEX10,0.9863573180912191,1.2243792328694994e-05,0.0001299177915484891,3.8863313705417597,Not Significant
PEX11B,-0.3383102647449263,0.0885631066397582,0.1289284300995555,0.8896513055020657,Not Significant
PEX12,0.7814336552615924,1.9704158736579456e-05,0.00018278056640175087,3.738069981212368,Not Significant
PEX13,-0.024329153022655703,0.833883116907425,0.8666603239167853,0.06215108516963704,Not Significant
PEX14,-0.3841984791672104,0.0022576983818497374,0.00619897887673869,2.2076798435212215,Not Significant
PEX16,-0.16585773078816501,0.32316117355362783,0.3911951048280758,0.40760658834112323,Not Significant
PEX19,-0.24029042576026072,0.04201979653145587,0.06813253343922203,1.166645461960087,Not Significant
PEX2,0.5501919187590723,0.007345538387934229,0.015893246073893776,1.7987873924084425,Not Significant
PEX26,-0.4408711091566033,0.0004978587429473078,0.0019099120245434803,2.71898663701157,Not Significant
PEX3,-0.20500763617068785,0.23153956180846075,0.29443695350396787,0.531007684498545,Not Significant
PEX5,-0.1313830637383937,0.42002942799157156,0.48709295010787285,0.3123881561014092,Not Significant
PEX5L,-5.499971781258804,0.0005232038383237717,0.001977027557116908,2.703987277160581,Down
PEX6,0.04874081646095618,0.8333957304124833,0.8663325341219024,0.062315375864984326,Not Significant
PEX7,-0.10438697159736421,0.5815153235421732,0.6422744621602733,0.19227934587219342,Not Significant
PF4,4.2092853338705485,0.03305546033435261,0.0554169924127589,1.2563570479147836,Not Significant
PF4V1,-0.22843765189533283,0.9446844316439861,0.9579014559015114,0.01867916666206179,Not Significant
PFAS,0.7607908381884627,0.0017564519868858654,0.005086087184791092,2.293616199498661,Not Significant
PFDN1,-0.5295340219086775,0.00256535839279934,0.006869596078963464,2.1630687979964054,Not Significant
PFDN2,0.2160407432154976,0.12192313394322633,0.16948442822465326,0.7708701974418315,Not Significant
PFDN4,-1.0414127246913338,0.0004357852910615563,0.001723166510716075,2.7636727543621,Down
PFDN5,0.14767533763610174,0.26660585073617177,0.3325228847735786,0.4781784604695171,Not Significant
PFDN6,-0.11371601858077085,0.4290919026401214,0.4953623923171032,0.30507696793414063,Not Significant
PFKFB2,0.12683967646301397,0.6491511373248801,0.7031576933358811,0.1529472672054752,Not Significant
PFKFB3,1.2429697119690637,0.011069466373553882,0.022218331190910903,1.6532885638378183,Up
PFKFB4,1.0182359856496799,0.016272972943092743,0.030493662468139192,1.5157904111813696,Up
PFKL,0.2370328478631727,0.3092396552208556,0.3770009829837784,0.423657517423188,Not Significant
PFKM,-0.7804032804243484,0.018670407955118005,0.03430968437429018,1.4645832771386567,Not Significant
PFKP,-1.1567703566059535,0.04569084379458033,0.07341141313980896,1.1342364158561573,Not Significant
PFN1,1.944094146886723,9.242162147902462e-05,0.0005416261866083153,3.266300346493218,Up
PFN2,-0.2546803279557821,0.5219785664861136,0.5858302226806048,0.2322282270469788,Not Significant
PGAM1,-0.47211884984989894,0.10020990306327472,0.14335622883547708,0.8435834321900736,Not Significant
PGAM2,1.0306437651292875,0.11040074345199329,0.1558325752466555,0.8073417522405064,Not Significant
PGAM5,-0.25891362411177,0.04185970742435746,0.06791668426364585,1.1680235247834279,Not Significant
PGAP1,0.243029185542337,0.32901444359825815,0.3971829244827864,0.40100943077662554,Not Significant
PGAP3,-0.11900669648577633,0.42840139062662425,0.4948080267338469,0.30556326389751937,Not Significant
PGBD5,-3.083528977618439,8.751314421963114e-05,0.0005215883698263072,3.2826721008968605,Down
PGD,0.8798926275261678,0.0032135559227759753,0.008189568015695719,2.086739005852222,Not Significant
PGGT1B,0.3912117681931093,0.014053336319978287,0.027028123346212535,1.5681841077854954,Not Significant
PGK1,-0.2665313637675055,0.5647651559240136,0.6262368690867347,0.2032613673010809,Not Significant
PGK2,0.7182831094886534,0.7236237328044304,0.7702647384057303,0.1133599830505633,Not Significant
PGLS,1.6002978687649012,7.037215153338325e-06,9.030943370029336e-05,4.044266881026606,Up
PGLYRP1,1.8741342208895553,0.5527242198289574,0.61472110736994,0.21132187447160639,Not Significant
PGLYRP2,-0.2579558883805717,0.8907911645644684,0.9140181495032037,0.03904518046875929,Not Significant
PGM1,0.09879663588904464,0.6327743356078488,0.6886214385776676,0.1620194607033074,Not Significant
PGM2,1.2008081249271783,0.00016763101731288998,0.0008386341185757147,3.0764274729511185,Up
PGM2L1,-1.0179532089689936,0.16939850758342412,0.22463084972955308,0.648530600045748,Not Significant
PGM3,1.1629882292142355,2.1862083273238112e-08,2.2246325948949574e-06,5.652741703867366,Up
PGM5,1.555412057827592,0.0010026692615097185,0.0032728738791321693,2.485070729996699,Up
PGP,-0.8945908612524534,9.603887231348687e-06,0.00011133436129874185,3.9533707779891447,Not Significant
PGPEP1,0.7324342636207781,0.0010354463783126726,0.0033518916501034265,2.4747100283838637,Not Significant
PGRMC1,-0.5402018014743675,0.07236901744182153,0.10829890304077606,0.9653759423197449,Not Significant
PGRMC2,-0.6419836603616567,0.022191950691278134,0.039589465426586846,1.4024203624521634,Not Significant
PGS1,0.7157173784843316,6.972525965917494e-05,0.00044038386570942215,3.3561686006033824,Not Significant
PHACTR1,-2.9653855572103964,0.00017423469520233775,0.0008628329178440799,3.0640732945322493,Down
PHACTR2,-0.48590340417763045,0.07348982255248226,0.10977705699788054,0.9594884163555806,Not Significant
PHACTR3,-1.1934979427055126,0.022000672556892677,0.03935975410018412,1.4049476234842615,Down
PHACTR4,0.9824024755530978,0.00011586155877921538,0.0006373392854979083,3.1956293108483687,Not Significant
PHAX,-0.6111169089539672,0.0008447107745546636,0.00285653452261285,2.5441605229110946,Not Significant
PHB,0.8438772004511677,2.4017521118956764e-05,0.00021039348500206126,3.6769677125765763,Not Significant
PHB2,0.890699397414668,4.8066409776844445e-05,0.00034244767474676867,3.465405778346114,Not Significant
PHC1,0.7796681250110282,0.02609041158796964,0.04533197763663439,1.3435953341523705,Not Significant
PHC2,1.1714253565127528,5.846943303602115e-05,0.00039371875107013153,3.4048139012057934,Up
PHC3,0.1877434425965383,0.5136016922750665,0.5781677782969068,0.2379461155325061,Not Significant
PHF1,-0.23504214127636658,0.11291335143704685,0.15886719306938685,0.7989657776822556,Not Significant
PHF10,-0.26612089847584386,0.24956687859249344,0.31411003684917277,0.5029181862421532,Not Significant
PHF11,-0.40682956499452594,0.12840014617451243,0.1772893465682618,0.7513173606519076,Not Significant
PHF12,0.6411069922714603,0.0021138650072407626,0.005869646108859825,2.231388082330322,Not Significant
PHF14,0.2216025914283044,0.16754763415161156,0.22254319420846178,0.6525856827245514,Not Significant
PHF2,0.6496589775619022,0.0012754698362922741,0.003947490977206872,2.4036788539868614,Not Significant
PHF20,-0.12656000071229556,0.14791588799728572,0.20009462275878293,0.6987645822161977,Not Significant
PHF20L1,0.2524932891984655,0.08425269569744002,0.12345624093905612,0.9084869507957603,Not Significant
PHF21A,-0.34049969108554734,0.2106047721282441,0.2713779066794489,0.5664255118633278,Not Significant
PHF23,0.4601476579252193,0.0015878788361226384,0.0046882448402987865,2.3289897156729684,Not Significant
PHF3,0.1937484288933291,0.0819760643871949,0.12061149008859376,0.9186113170352166,Not Significant
PHF5A,0.6564345389633708,0.009344672185056906,0.019339966748517054,1.7135442769411233,Not Significant
PHF6,0.5848547443958658,0.002203412897270879,0.006074762322689337,2.216470709328624,Not Significant
PHF8,1.232682433542017,7.369624023088027e-06,9.333345690797721e-05,4.0299626483658315,Up
PHGDH,0.1412803928610984,0.8262792667539447,0.8606221395036434,0.06518748588466293,Not Significant
PHIP,-0.17948255104040456,0.30083920951656845,0.367976468755453,0.4341799525667228,Not Significant
PHKA1,1.2512806156683016,0.01973211035465649,0.035918292038809405,1.444684322777447,Up
PHKA2,-0.16394600067700438,0.6126249368953912,0.6705327699135345,0.17357999268956262,Not Significant
PHKB,0.3160327291602414,0.010745729675604285,0.021689537317579156,1.6637497122811256,Not Significant
PHKG1,1.9611319397505955,0.008623781382455283,0.018120605480091985,1.741827294944548,Up
PHKG2,0.19630464907154632,0.18356044152040246,0.24099933375166618,0.6179841580407951,Not Significant
PHLDA1,2.3113009954656043,0.0001223903639834457,0.0006618145607993731,3.1792636820156117,Up
PHLDA3,-0.4723190630244325,0.2835024558267975,0.3500004583332301,0.4559313869312604,Not Significant
PHLDB1,0.4954602231631746,0.07085780134194153,0.10646107244127054,0.9728091632526867,Not Significant
PHLDB2,0.6983469300194702,0.21042284352891164,0.27117816626714286,0.5667452803338029,Not Significant
PHLPP1,0.8884826328577233,0.00039535528178118087,0.0015918501633347786,2.798097813670826,Not Significant
PHPT1,0.4227750852480767,0.015250697725819964,0.02887885881389292,1.5394199724812543,Not Significant
PHRF1,0.00246966427760853,0.9910397664430776,0.9943325957770175,0.0024683234998292346,Not Significant
PHYH,-1.1717990106779705,0.002898290322228286,0.007568008477482569,2.12101839012082,Down
PHYHD1,-0.058078042513848516,0.8745966720368199,0.9007040353812026,0.04541789150309206,Not Significant
PHYHIP,-5.2095353103190405,1.9271649541137204e-05,0.00018034441391752708,3.74389730520237,Down
PHYHIPL,0.07139888010833317,0.8296935142426648,0.8634640973636989,0.06375571558463974,Not Significant
PHYKPL,1.3898873938738596,0.00022420549868137647,0.0010422917368325733,2.9820107052559615,Up
PI16,1.7454068406829357,0.1481920562525779,0.2004412962793327,0.6980127972828796,Not Significant
PI4K2A,-0.7509298063454999,0.0005799914734662263,0.0021393607688256944,2.6697159724650668,Not Significant
PI4K2B,1.1719483957263979,0.0582384971148244,0.09017747001763618,1.0449019532475998,Not Significant
PI4KA,-2.228784583848533,6.178914766458204e-11,7.759027196444883e-08,7.110192725868061,Down
PI4KB,0.40844305466734454,0.0056828374372021725,0.012899708053712187,1.8894201185454458,Not Significant
PIANP,-2.458632496040577,7.114423613176726e-06,9.085624250171101e-05,4.041645228059762,Down
PIAS1,-0.4353743136222157,0.0057751149917663345,0.013065014243668101,1.8838901124622518,Not Significant
PIAS2,0.03342656365172303,0.8566317970549137,0.8852799265009438,0.05291938318657815,Not Significant
PIAS4,-0.04352906975393367,0.7684878683607236,0.809636769071944,0.09170977688465759,Not Significant
PIBF1,-0.2959644886643318,0.06145641196825913,0.09433367273628562,1.0253332566452222,Not Significant
PICALM,0.1519721652932624,0.21769833477380818,0.2792326234417295,0.5540338433803963,Not Significant
PICK1,-2.0602567721092857,0.001963536564890686,0.0055454632337282785,2.2560621697223726,Down
PID1,0.40690965926939526,0.08410456865189929,0.12327505086559486,0.9091248095987504,Not Significant
PIEZO1,1.0719444270362484,0.0018084756654489801,0.005217234780565013,2.2825596191699824,Up
PIGA,0.2811148860340804,0.28175804611422217,0.3482736879208189,0.4580793352530673,Not Significant
PIGBOS1,0.6229924383050438,9.611360460994178e-05,0.0005562612849741094,3.254721165310302,Not Significant
PIGG,0.6615242290513059,0.0015016319716516613,0.004484862283551389,2.3482508882747326,Not Significant
PIGH,0.11066437141860064,0.45838488675335426,0.5249254688136059,0.2799023552241011,Not Significant
PIGK,-0.39754134738982216,0.15236424797118495,0.20520286551627234,0.6878165788954275,Not Significant
PIGN,0.7112308148559237,0.006496261511828014,0.014386313139185624,1.8420504908765845,Not Significant
PIGO,0.8944719782920885,3.863039509219724e-08,3.122645534127809e-06,5.505477311738213,Not Significant
PIGQ,0.14526806151924632,0.471704865497148,0.5377947957241138,0.26938340478887124,Not Significant
PIGR,4.818075362542357,0.0018185679399243147,0.005240347090045065,2.2806399469286514,Up
PIGS,0.23884913499912486,0.02324929828770175,0.041184004035573665,1.3852714322196835,Not Significant
PIGT,0.9620568626191783,4.627952677313541e-05,0.0003327263892157707,3.4779127529745995,Not Significant
PIGU,0.7567606428432718,2.6347896249424323e-05,0.00022570468266726245,3.6464594305746236,Not Significant
PIGX,-0.7937974746070644,0.013875720216334061,0.026758040861284332,1.5725456874020005,Not Significant
PIH1D1,0.45407087934152557,0.004109627597269911,0.009997678921733177,2.000100814848745,Not Significant
PIK3AP1,2.885589844458197,2.0205645555428457e-07,8.588678199383386e-06,5.066073669100656,Up
PIK3C2A,0.08612422558543997,0.7609533183488371,0.8034633402207509,0.0950339340880027,Not Significant
PIK3C2B,-0.948872032700466,0.00047224129464128504,0.0018354007724599945,2.736269089851334,Not Significant
PIK3C3,-0.27717782504393895,0.011315610676816013,0.022626729249353817,1.645378219868451,Not Significant
PIK3CA,-0.19001418404754844,0.3781297879833424,0.44600766196580544,0.35065768047869295,Not Significant
PIK3CB,-1.3627425448585768,0.0026434731905859905,0.007028331729206458,2.153147748490933,Down
PIK3CD,-0.6927247186643228,0.033118486864751925,0.055504181779323064,1.2556742951607849,Not Significant
PIK3CG,2.2345973680950664,0.0002974607978893096,0.0012910900809723848,2.8890434554063793,Up
PIK3IP1,0.1409048881954753,0.6578571654567229,0.7110786571685651,0.14808235639421893,Not Significant
PIK3R1,-0.13892619328256828,0.6427846619690346,0.6973749788222895,0.15653363877012139,Not Significant
PIK3R2,-0.3934004409180929,0.05395899347614371,0.0844845169860593,1.0732228745252488,Not Significant
PIK3R4,-0.13854998718160516,0.44490068153391177,0.510969548093867,0.2916049814482084,Not Significant
PIKFYVE,0.022166210851345625,0.8279436738936999,0.8618210963840808,0.06458287909070586,Not Significant
PILRA,1.5658682769397103,9.563541817476926e-05,0.0005546523907269,3.255979110724668,Up
PIN1,-1.3256591447003068,2.66180616798028e-07,1.0408626060683414e-05,4.982606593606061,Down
PIN4,0.23715702421383966,0.08271702631367232,0.12152418303688713,0.9153372898482727,Not Significant
PINX1,0.31827282283331293,0.013457671922158259,0.02607666607882714,1.5837479342638254,Not Significant
PIP4K2A,-0.6993327644911389,0.025508866708002283,0.0444518808539033,1.3521098583790316,Not Significant
PIP4K2B,-1.2942635238714146,6.488427563473063e-05,0.00042062045865140046,3.3761096073907217,Down
PIP4K2C,-1.3504585898486106,0.1122398671892084,0.15807415379058934,0.8011391343925632,Not Significant
PIP5K1A,0.4606366677065097,0.009102443157443152,0.018926318342225454,1.7229338593146837,Not Significant
PIP5K1C,-1.8279081359939937,4.977021985160805e-07,1.4617644162830887e-05,4.835122614349703,Down
PIPOX,0.2960232144595025,0.3737494898770903,0.44171191471396143,0.3548608859470922,Not Significant
PIR,-1.1414831557855454,0.0533806299054902,0.08371053326088237,1.077219891477952,Not Significant
PISD,-0.7464626029955745,0.00023434775307703824,0.001080844336112088,2.966236848910243,Not Significant
PITHD1,-1.2514114707103268,0.00025843676359574216,0.0011581369913093889,2.9362400666440642,Down
PITPNA,-0.9139596869052475,0.000251972397038611,0.001141581691413668,2.9424930050140965,Not Significant
PITPNB,-0.7171316137212251,0.0019675165081727104,0.005553589605864916,2.255426216500331,Not Significant
PITPNC1,-0.39097802540603865,0.192191451615868,0.2504056755791845,0.6013558318322654,Not Significant
PITPNM1,-1.8349983324954593,1.7651932821934142e-07,8.082980511280207e-06,5.0924284683193095,Down
PITPNM2,-1.3370201157000956,0.008826952979518214,0.01844104610445178,1.7342144463786673,Down
PITPNM3,-3.7755037957911934,1.2452308799998258e-05,0.00013113382348450253,3.882285275830166,Down
PITRM1,-0.5666151771007506,0.016600608942499092,0.031032572738306896,1.508182217979059,Not Significant
PJA1,-0.439930401356321,0.050521702617690414,0.07992393721272192,1.0973231300418123,Not Significant
PJA2,-1.3636737031467838,8.90978136884548e-05,0.000527450066709624,3.277818648407384,Down
PKD2,-0.18177572907800155,0.4362777335642609,0.5025799757491555,0.2987948189565131,Not Significant
PKIA,-1.1877257141251292,0.0005941040296750396,0.002179535322267425,2.661636088269823,Down
PKIB,-0.25259397896210345,0.7584977637956375,0.8017108878897548,0.09598221828819102,Not Significant
PKIG,-0.05912480669450915,0.7818074102045253,0.8207511307211742,0.08578851028533777,Not Significant
PKLR,-3.689833444806289,0.07671296938828871,0.11393283998490646,0.9433510768992803,Not Significant
PKM,-0.5087409313902533,0.14420274476455716,0.19599277533164447,0.7077599372732651,Not Significant
PKN1,1.0531788703159854,7.742214810530953e-07,2.0050147044033114e-05,4.697882437997515,Up
PKN2,0.7029159968263592,7.534705996356968e-05,0.00046710540435261595,3.330585107948908,Not Significant
PKNOX1,0.03472458518588972,0.8324070194336481,0.8656620536569186,0.06265161938764485,Not Significant
PKNOX2,-0.5725209663415107,0.08680844671856199,0.12672196670667923,0.8971480955144436,Not Significant
PKP2,-2.6019061319228953,0.025386937314633862,0.04430071132991885,1.3535893003191797,Down
PKP4,-1.2625374304205188,0.009437368921120105,0.019497960318163237,1.7100108178117324,Down
PLA2G12A,-0.15209788234024657,0.42627488300562877,0.49286045809694756,0.3072760236370474,Not Significant
PLA2G15,0.7959262652036081,0.002081948449614474,0.005797000741132175,2.236796644105752,Not Significant
PLA2G16,-2.0439846841157063,0.013234146153157402,0.025712784637783544,1.5898508876770145,Down
PLA2G2A,6.799169971622764,0.06311457318214109,0.0964673357968274,1.0156197155123663,Not Significant
PLA2G4A,1.264576891403788,1.955300256457364e-05,0.00018188083825993983,3.7402130528679227,Up
PLA2G4C,-0.3653328892444314,0.24539110974343864,0.30951171147557294,0.5093229132577977,Not Significant
PLA2G6,-0.3465141005517225,0.2837604665023261,0.35024936153918346,0.45562264770603433,Not Significant
PLA2G7,-1.2333077683778892,0.08331041032123383,0.12225332462871226,0.9127393215845365,Not Significant
PLAA,0.31232909555273025,0.0366623536887909,0.060726167553580984,1.216624126465969,Not Significant
PLAC9,-0.4602644036628831,0.14766352180173037,0.19978005890822345,0.6994478631486877,Not Significant
PLAT,0.6221006835185676,0.4066131854873899,0.4743192717230159,0.32392922948489716,Not Significant
PLAU,4.555824353261885,0.000638573906255755,0.0022983185179065654,2.638589783748982,Up
PLAUR,2.3550552032679892,0.003911854293334216,0.009595329961297513,2.017940086284754,Up
PLBD1,2.48019824463543,0.0001280080684576701,0.0006819425074788834,3.1662522378613502,Up
PLBD2,-1.0571478007111352,0.009669192971024558,0.019870960830294042,1.7017811327288344,Down
PLCB1,-1.2583477437225525,0.0012219698931743516,0.003822437114029058,2.4176596507828303,Down
PLCB2,1.4909287136644735,0.001331188135327601,0.00407668823496232,2.389692499980922,Up
PLCB3,1.777020714736711,3.825927861241495e-06,5.9570938599917813e-05,4.224965557101865,Up
PLCB4,0.08883224737327922,0.70068731757818,0.749413317473467,0.1252785935295847,Not Significant
PLCD1,0.7085093494958414,0.05118418632035643,0.08071845538373053,1.0930271572857742,Not Significant
PLCD3,1.4927277974361672,3.60402981933846e-05,0.0002797149183360219,3.553284370316939,Up
PLCD4,0.5538951940833439,0.11428946830385614,0.16048956003527276,0.7945532135179239,Not Significant
PLCE1,1.5713519047500757,0.0006375056732448634,0.002296935676777094,2.638851166586389,Up
PLCG1,0.6178017809433136,0.023591652512374627,0.041658599020098504,1.3802953394787976,Not Significant
PLCG2,1.814976761656796,4.947425297680109e-05,0.0003480472238046747,3.458361826035125,Up
PLCH2,-3.4971840565054624,0.0012136045245644328,0.003799208197781882,2.4203069063214913,Down
PLCL1,-1.8909390638007668,2.5011948033962485e-05,0.00021684196600184002,3.663856663834351,Down
PLCL2,-1.2334326381322462,2.1125465455808487e-05,0.0001915553006316964,3.7177058259140248,Down
PLCXD3,-1.5610246222845596,0.10524481709469558,0.14930802526573203,0.8259168484373737,Not Significant
PLD1,-0.6134364608937304,0.10222609660277551,0.14562014948760754,0.8367785274554851,Not Significant
PLD2,0.9867619550575348,0.0018226327198435316,0.005249792785544788,2.279857838283659,Not Significant
PLD3,-1.518752383508268,7.107309319246158e-07,1.9144126759915988e-05,4.717964438770414,Down
PLD4,2.534513418143643,0.005607193662711939,0.012768279601754086,1.893867615641734,Up
PLEC,0.027715826267709076,0.934908103647602,0.9495175154900638,0.022497019541475417,Not Significant
PLEK,2.5671096027843454,1.3237134894564993e-06,2.924361774733503e-05,4.533968901532392,Up
PLEKHA1,-1.8561535226035648,1.5797042651780835e-07,7.471333693616908e-06,5.126601866179522,Down
PLEKHA2,0.41073325260832405,0.04203487376867421,0.0681460119642137,1.1665595548346501,Not Significant
PLEKHA3,-0.41554153438150365,0.005984705514742539,0.013454568925578295,1.8711302121508169,Not Significant
PLEKHA4,4.016942711103484,4.4733526677777576e-05,0.0003240496118750044,3.489388494379461,Up
PLEKHA5,-0.2635374073539474,0.6391224443309009,0.6938807526877353,0.1587151590833464,Not Significant
PLEKHA6,-2.780465993166004,0.0027968865968422854,0.0073623819118341215,2.132981657970561,Down
PLEKHA7,0.7311928738677747,0.09604528727483003,0.1383216903511991,0.8591097124343027,Not Significant
PLEKHA8,0.6324784960463816,0.00012355355477272926,0.0006666730105947909,3.176087126375877,Not Significant
PLEKHB1,-0.7726461789990857,0.1342554834047279,0.18453946511382574,0.7339107425221031,Not Significant
PLEKHB2,-0.7518692831143312,0.0009694360512822974,0.003186329129075975,2.4967093661497963,Not Significant
PLEKHF1,-0.3601187891304676,0.44841921025915693,0.5145074173292422,0.28860835990652306,Not Significant
PLEKHF2,1.2717686080192347,1.225172521309126e-08,1.5427984974585167e-06,5.811690792768008,Up
PLEKHG1,-0.12924969543885467,0.6790635089157426,0.7299280611200588,0.13671994015094113,Not Significant
PLEKHG2,3.3746898277999584,2.7377399341128196e-07,1.0446670240969819e-05,4.981022113994251,Up
PLEKHG3,-0.8904825804942771,0.09741313603821271,0.1400913536686588,0.8535886682107803,Not Significant
PLEKHG5,-2.1922916490595927,0.0005528329894331593,0.0020565877162295595,2.6868527625165544,Down
PLEKHH3,1.0410538009105874,0.0009075476463943896,0.0030163757801969916,2.5205145550105343,Up
PLEKHJ1,0.3984260993873754,0.0015785993101506716,0.004667686953465766,2.330898278363879,Not Significant
PLEKHM1,0.3911899957931553,0.13604707762067225,0.18656932479589602,0.7291597601983206,Not Significant
PLEKHM2,-0.8343852454599379,0.00018834642180808216,0.0009179496145595644,3.037181156183598,Not Significant
PLEKHM3,-1.453575186737723,1.6457011931381328e-06,3.369673540584055e-05,4.4724121722416,Down
PLEKHO1,0.697832358234578,0.020227116028031327,0.036668700173904556,1.435704484566418,Not Significant
PLEKHO2,0.8942229811027076,0.0010790941202723063,0.003469607546937279,2.4597196462000683,Not Significant
PLG,3.289842683627884,0.11976068074321074,0.16705470753352325,0.7771412816120439,Not Significant
PLGRKT,0.7291470929000639,0.0017205213167027001,0.005000730451374207,2.300966554097743,Not Significant
PLIN2,1.8139873970095586,0.009749577762795673,0.01998316304830185,1.6993357680770194,Up
PLIN3,2.2009455117703247,1.0236192494770634e-06,2.3990913576809498e-05,4.619953213732348,Up
PLIN4,-4.016066595488766,8.243202114882431e-05,0.0004976817444884023,3.3030482893611772,Down
PLK1,1.4116632763381336,0.0022632677124478574,0.006210885027294937,2.2068465101158297,Up
PLLP,-1.6740774219344505,0.001286022720048029,0.003971610325494741,2.4010333688849324,Down
PLOD1,1.6487716132741639,0.0012231175778527645,0.003824235406359016,2.4174553819461395,Up
PLOD2,1.2667271802819364,0.010350189132580177,0.021017497545174905,1.6774189946360074,Up
PLOD3,1.2250097369940178,0.00036152918467985276,0.001488371477917792,2.827288661078347,Up
PLP1,-1.2801097050837456,0.10366716706451712,0.14727725863883026,0.8318643082160809,Not Significant
PLP2,1.3817786800870948,0.06021104790845686,0.09269041818914951,1.0329651584408195,Not Significant
PLRG1,0.41671253750141446,0.07860670233968879,0.11643639455521612,0.9339112509231703,Not Significant
PLS1,-1.1353590389664117,0.029913438295093006,0.050851835535735225,1.2936933662682009,Not Significant
PLS3,-0.7266934617066774,0.0916656700333291,0.13284994388084553,0.8766386247105667,Not Significant
PLSCR1,1.264646814607282,0.005872494134077759,0.013237750258827332,1.8781858164972707,Up
PLSCR4,0.4903519051872074,0.28383913188088244,0.35028732262256645,0.4555755801093498,Not Significant
PLTP,2.0715907429032434,4.574139600143949e-05,0.00032984883558947846,3.4816850446984495,Up
PLVAP,3.046392878873082,2.8129662437397384e-05,0.00023603983494011955,3.6270146977299556,Up
PLXDC1,-0.4779651690187503,0.2254704829732167,0.2877726650794609,0.5409504611602038,Not Significant
PLXDC2,1.5041185644787944,0.0005184281825482057,0.001961188701085477,2.707480617501305,Up
PLXNA1,-1.008055836708941,2.2363378101650975e-06,4.1186228701285545e-05,4.385247973258578,Down
PLXNA2,-1.8476775174327962,0.0003590620416995367,0.0014824553311807924,2.8290183837741285,Down
PLXNA3,1.1937787310891785,0.0025178858176305107,0.0067733376362212995,2.169197275214094,Up
PLXNA4,-0.9416110307872358,0.04751488067445883,0.07584344737223347,1.1200819348905675,Not Significant
PLXNB1,0.9025960056121107,0.029444387938856488,0.05018997700440614,1.299383003299051,Not Significant
PLXNB2,0.8334349577721945,0.002932199712380742,0.0076367579892770415,2.1170909720773685,Not Significant
PLXNB3,0.8531737669588324,0.014835244006325122,0.028233880663058476,1.5492294252634986,Not Significant
PLXNC1,-0.18456404624202705,0.4213231620243443,0.4883683735166545,0.3112524685026093,Not Significant
PLXND1,-0.2604388506189821,0.40741958650966814,0.4750860362952707,0.3232277341546351,Not Significant
PM20D2,0.5727094638895345,0.0077728693966269335,0.01665957392338196,1.778336110077511,Not Significant
PMF1,1.2194266093695934,9.322096747675689e-08,5.527517961859891e-06,5.257469837492087,Up
PML,0.36850181819802685,0.24523586574960485,0.3093546345556623,0.5095433732697338,Not Significant
PMM1,-0.5442748593968751,0.05100706035226242,0.08051474866635719,1.0941245584182013,Not Significant
PMM2,0.9812936636022176,0.0007177673073722079,0.002511562297487885,2.6000560450100356,Not Significant
PMP2,2.4808966727037003,9.152688266766574e-05,0.0005385758270993368,3.268753142927777,Up
PMPCA,0.25399597096854265,0.01146272082139697,0.02286210966741239,1.6408836963098854,Not Significant
PMPCB,0.025057567687557736,0.8714397621539207,0.8978200208568825,0.04681071431560872,Not Significant
PMS1,0.23184447863032887,0.02976040181320947,0.0506429540314649,1.2954809696149678,Not Significant
PMS2,-0.6034065350105742,0.00020628346492391678,0.0009787672865742326,3.009320554540638,Not Significant
PMVK,0.07179158326812285,0.49749606784947537,0.56276172110903,0.24967545081884712,Not Significant
PNCK,-2.9489664692989486,5.2300897254955566e-05,0.0003613712201278617,3.4420464379326927,Down
PNISR,0.4550026156158786,0.06701569240477068,0.10136878157442339,0.9940957735773035,Not Significant
PNKD,-1.3719125551285885,1.1937850656786827e-08,1.5223026267907658e-06,5.817499003228598,Down
PNKP,0.4999937250031614,0.010270581935812133,0.020897968576322243,1.6798959281938226,Not Significant
PNMA1,-0.9115412213983198,0.0030525990597667836,0.007870970803196974,2.103971698585092,Not Significant
PNMA2,-2.2215970124332287,2.044209809828404e-06,3.834891922571944e-05,4.416246871113182,Down
PNMA6A,-4.079283465851825,0.004148974038175014,0.010050782297984761,1.9978001338180604,Down
PNN,0.9094275878193585,1.2649534470776165e-05,0.00013198918136458532,3.879461664750323,Not Significant
PNO1,0.5198170732013487,0.010017267979115398,0.0204652114422244,1.6889837639570493,Not Significant
PNOC,-3.6928897813737596,0.176312949415033,0.23265756935189352,0.6332828134325281,Not Significant
PNP,1.8201234234623627,6.560723767045966e-05,0.0004231980549252696,3.373456337043673,Up
PNPLA2,0.11606392332007687,0.518091166328424,0.5824406215369426,0.23474834335482747,Not Significant
PNPLA4,-3.063794782626516,0.0002287822845482335,0.0010594315661914093,2.9749270912281456,Down
PNPLA6,-0.7170494878322131,7.641566410180445e-05,0.00047140930812099085,3.3266018464496394,Not Significant
PNPLA7,-1.8134673181095256,1.1483404751350864e-05,0.00012542127848720751,3.9016287765385873,Down
PNPLA8,0.08301827672059403,0.633017303340897,0.6887370465337722,0.16194655608470446,Not Significant
PNPO,-0.0397995286492403,0.7323819474050585,0.7777794368710267,0.10914354302385801,Not Significant
PNPT1,0.3659645172051178,0.035947427132682674,0.059640049561041714,1.2244620043190098,Not Significant
POC1B,0.22212042270039412,0.20215821640159182,0.261900960909161,0.5818629081544522,Not Significant
POC5,0.14115144141206315,0.4075377444509903,0.475122698483888,0.32319422112610546,Not Significant
PODN,2.698169304057105,0.00580886743639172,0.013117482331655805,1.8821495120939502,Up
PODXL,0.48492832610619274,0.2342933357191993,0.2973008016167293,0.5268039197985847,Not Significant
PODXL2,-0.7628374601079138,0.10808885685591785,0.1529335876357467,0.815497123332348,Not Significant
POFUT1,1.703256099180365,1.9942437001863863e-07,8.588678199383386e-06,5.066073669100656,Up
POFUT2,0.8388525572133805,0.0003912001343852861,0.0015763800615189488,2.8023390668456756,Not Significant
POGK,0.3933138989294811,0.002172511226163368,0.0060027092957679025,2.2216526885116785,Not Significant
POGLUT1,0.7360089722528915,0.007260513521730278,0.015743093675831,1.8029099203682237,Not Significant
POGZ,0.35520264006455093,0.04715179100642505,0.0753620724414923,1.1228471670420306,Not Significant
POLA1,1.0933466302806352,0.0013997548818397215,0.0042307622801240185,2.373581376306801,Up
POLA2,0.9845407320570061,0.011542036269088125,0.02296835619261607,1.638870085432825,Not Significant
POLB,-0.2530358198201377,0.06236795807246299,0.09553090503371704,1.0198561078473847,Not Significant
POLD1,1.914915000120308,4.909093424579653e-05,0.0003465606668480408,3.4602207293895333,Up
POLD2,1.3332742667119675,7.339878786013237e-07,1.9506663839248534e-05,4.709817000215749,Up
POLD3,0.6647425492837975,0.010950689040190777,0.022015015244638173,1.657281009470413,Not Significant
POLD4,1.3374032286375321,0.0003020863253797967,0.0013049818361389673,2.8843955331682407,Up
POLDIP2,0.11331747493405686,0.32106535928599816,0.3893181955393341,0.4096952982143776,Not Significant
POLDIP3,0.5864277106404892,0.0029742220165081797,0.007718267025838074,2.1124802003899226,Not Significant
POLE,0.5417059953497105,0.17303419179794363,0.2288408727896629,0.6404664045219454,Not Significant
POLE3,0.5799535243117759,0.007567535271978306,0.016296328362447838,1.7879102331142722,Not Significant
POLE4,0.589784326267857,0.049570155955490414,0.07870287645320889,1.1040093946431306,Not Significant
POLG,0.08634920624646725,0.5680147992827065,0.6288802162846451,0.20143206736964664,Not Significant
POLG2,1.730848236188132,7.459610354604549e-07,1.9569821539657868e-05,4.708413134724994,Up
POLI,0.522785724549351,0.001488931596259294,0.0044548550343677246,2.351166423792877,Not Significant
POLK,0.33493802564701625,0.016815033140847663,0.031363570424162074,1.5035745031544558,Not Significant
POLL,0.3326777407770649,0.06227537370988934,0.09543631657364862,1.0202863308906176,Not Significant
POLR1A,0.42518830253503026,0.025403667210715408,0.04431393759775108,1.3534596582058749,Not Significant
POLR1B,0.9404218767754102,0.0007098835896994766,0.002489163690439445,2.603946542717617,Not Significant
POLR1C,0.9873448066382124,6.29655792363804e-06,8.357249607737763e-05,4.0779366264741705,Not Significant
POLR1D,-1.0934066737395334,0.0035018713645699113,0.008777869201743659,2.056610894826679,Down
POLR1E,0.9777629177445135,0.00010340778362256076,0.0005862296073233974,3.231932251451203,Not Significant
POLR2A,-0.7492828421306754,0.0374590008756771,0.06186261882320838,1.2085716990047652,Not Significant
POLR2B,0.2737092278939208,0.25851720050494453,0.32407942731294315,0.48934853727401273,Not Significant
POLR2C,0.041750578031486185,0.7597871086110448,0.8024843082562031,0.09556345101576386,Not Significant
POLR2D,-0.0276764979581543,0.8008068049882582,0.8381639224365416,0.07667103668272221,Not Significant
POLR2E,-0.22094654192963148,0.07213126934573456,0.10808288728019806,0.9662430622733214,Not Significant
POLR2G,1.3254481786184336,3.210318795264161e-05,0.00025790073001189125,3.588547428549587,Up
POLR2H,0.5969817230553502,0.027075866530837725,0.046761920012285144,1.3301076653112727,Not Significant
POLR2I,0.038680738977408424,0.8021397979872604,0.8392974994727526,0.07608407078276382,Not Significant
POLR2J,1.384850378061099,0.0002532035159854392,0.001144357209527732,2.941438389955752,Up
POLR2K,-0.4674493038522698,0.038486721154549895,0.06327978275027513,1.198735020510991,Not Significant
POLR2L,0.4495149938842502,0.0329721777506711,0.0552865710153563,1.257380345045702,Not Significant
POLR2M,-0.40831390973369963,0.01859048846313874,0.034187765749846596,1.4661292804323771,Not Significant
POLR3A,-0.5206344850507421,0.019742530802033115,0.035919497074170414,1.4446697527241563,Not Significant
POLR3B,0.3743907800452746,0.05933061285889111,0.09164314534505812,1.0379000135184284,Not Significant
POLR3C,0.6291195041982398,0.000419351249798173,0.0016703198287114649,2.777200363256252,Not Significant
POLR3D,0.8128256666145788,0.00010915208537739118,0.0006098713855196,3.2147617427735806,Not Significant
POLR3E,0.8614550691681231,3.667347143353121e-07,1.2132830232117872e-05,4.916037879197944,Not Significant
POLR3F,-0.02163724761709318,0.8865096329376002,0.910552410502996,0.04069505158551928,Not Significant
POLR3GL,0.841778078354281,0.0006893394257912749,0.002437488724261602,2.613057384656007,Not Significant
POLR3H,0.3857642043499432,0.27031257435093853,0.33631331036326473,0.4732559441545111,Not Significant
POLR3K,-0.3386888595804276,0.01875344998841804,0.034437159165753434,1.462972682117462,Not Significant
POLRMT,0.42748397039985164,0.021191518515930284,0.03813564800455193,1.418668869639496,Not Significant
POM121,-0.13898921623835747,0.5247994590230911,0.5885405852040739,0.23022358324972494,Not Significant
POM121C,0.1475247613000903,0.5515807394591332,0.6135848464345526,0.21212537459871103,Not Significant
POMGNT1,0.35242539388996974,0.008932120302062137,0.01861828676246099,1.730060284892899,Not Significant
POMGNT2,0.04465236875863354,0.8393506975255358,0.8712641861795207,0.059850137525983026,Not Significant
POMK,-0.4862017366684981,0.012199329334476473,0.024101989353896056,1.6179471097171145,Not Significant
POMP,-0.36343294727559794,0.14987260141558176,0.2023340373439521,0.6939310525370159,Not Significant
POMT1,0.7493558247908716,9.33000165044914e-06,0.00010929120537979608,3.9614147841499854,Not Significant
POMT2,1.0295665002935124,0.00037736448053068137,0.0015366086406087649,2.8134367290301627,Up
PON1,-0.05467644667983507,0.9488167176708181,0.9608342997402314,0.017351501939425,Not Significant
PON2,0.7042303017432126,0.08626911630634204,0.12604424621756197,0.8994769746047238,Not Significant
PON3,0.4612297838436241,0.46944487251699296,0.5356425014991717,0.2711249704310413,Not Significant
POP1,0.05725005065543165,0.6947237680338771,0.7441411205925867,0.12834469606314147,Not Significant
POP4,0.19629226172737546,0.1430054428973456,0.19462805076301803,0.7107945668751515,Not Significant
POP5,1.3205637573647735,8.869455921563442e-08,5.415205997201825e-06,5.266385017940526,Up
POP7,-0.19035667677204415,0.33879625478264025,0.40684628330913314,0.39056964709053116,Not Significant
POR,0.5349661972468951,0.031827408445477004,0.05367277550794131,1.2702459460467348,Not Significant
PORCN,-0.05231967101043011,0.8637082742005032,0.8913129639721236,0.0499697767027347,Not Significant
POSTN,0.2014533893410846,0.886415113782744,0.910548165213354,0.040697076411484595,Not Significant
POT1,1.1963704653574858,4.6217800990289694e-07,1.3943468200874375e-05,4.855629189425746,Up
POTEF,-2.0679176480825214,0.31201097127948935,0.37988863000599177,0.42034370460151,Not Significant
POTEI,2.089302688949445,0.09158092554419511,0.13276532507299202,0.876915336834113,Not Significant
POTEJ,-0.5295250358702304,0.7659630707535622,0.8080155035827228,0.09258030623552418,Not Significant
POU2F1,1.0168902853299961,0.00250816890128144,0.006755960831954339,2.170312876939307,Up
POU2F2,0.7228002528005835,0.04984817350628302,0.07905706862441675,1.1020592930014257,Not Significant
POU3F2,1.2898544022823657,0.005621831832748312,0.01279293740300576,1.8930297251501196,Up
POU3F3,0.5064362981324351,0.0055158444597940655,0.012614442017699299,1.8991319551340127,Not Significant
POU3F4,2.2822587931037734,0.0018481063233801156,0.005302949316839456,2.2754825236493303,Up
PPA1,-0.5777541194298621,0.01353592188185521,0.026199242512083498,1.5817112650763587,Not Significant
PPA2,-0.02030724528672323,0.914752137752176,0.933564282819919,0.029855772291463623,Not Significant
PPAN-P2RY11,-1.8484197530857935,0.4074591377398391,0.4750860362952707,0.3232277341546351,Not Significant
PPAT,0.21135696104780166,0.33237547934553774,0.4004725007686816,0.3974273002400318,Not Significant
PPBP,3.174379333666831,0.004258787301898705,0.01025406866140716,1.9891037788431118,Up
PPCDC,1.2021570805270088,7.1158998743150676e-06,9.085624250171101e-05,4.041645228059762,Up
PPCS,-0.5265346984350963,0.07430680311949961,0.11084950905165691,0.9552662260193032,Not Significant
PPDPF,-0.09643334844604823,0.7312521872161744,0.7766615217728772,0.10976821061173378,Not Significant
PPFIA1,0.8780605325751516,0.0030523818391304733,0.007870970803196974,2.103971698585092,Not Significant
PPFIA2,-2.59621810957524,9.436796820806872e-11,9.506629117280843e-08,7.021973448917457,Down
PPFIA3,-2.9654554394307713,0.00015675716436047322,0.000796804220842584,3.0986483740273947,Down
PPFIA4,-2.297625284071387,0.004717794894945519,0.011140896805363608,1.9530798484850453,Down
PPFIBP1,-1.4519023631748276,0.008190820690660332,0.01738241576526484,1.7598898665170226,Down
PPFIBP2,0.45881137109928716,0.13262702117461925,0.18260005621335443,0.7384990931043164,Not Significant
PPHLN1,-0.12367486225572577,0.14728266491153244,0.19934509825591534,0.7003944388407152,Not Significant
PPIA,-0.25182300840577554,0.26023068497820356,0.3259457104008974,0.486854730106164,Not Significant
PPIAL4G,-1.9700275906569042,0.4111283459582893,0.4785887401414151,0.3200375233405821,Not Significant
PPIB,1.3993683476236285,2.973633694518518e-05,0.0002455441462178652,3.60987041500655,Up
PPIC,0.9101819941119675,0.01152209697503866,0.022939447613940605,1.6394170441987375,Not Significant
PPID,-0.8054493303342305,0.0010903239380298149,0.003497017522871672,2.456302191520493,Not Significant
PPIE,0.5214422912617032,0.008176725374628794,0.017356159170672247,1.7605463756765167,Not Significant
PPIF,0.8838333915124323,0.029121691179767237,0.04976622848939358,1.3030652708153247,Not Significant
PPIG,-0.5934613358370378,0.0018810862122102053,0.0053743796091337516,2.26967166125053,Not Significant
PPIH,0.5571708042952785,0.0013463215932376193,0.004109952645538114,2.3861631819925364,Not Significant
PPIL1,0.6444798106032046,0.0040757329874329465,0.009932011155152274,2.002962801338742,Not Significant
PPIL2,0.5416890481458232,0.00014232028830292822,0.0007442358339939302,3.128289423092817,Not Significant
PPIL3,0.6232827007508313,0.005157709719133629,0.011941799060113119,1.9229302407926803,Not Significant
PPIL4,-0.5849009006930004,0.019605043828986132,0.035740356774014895,1.44684111651385,Not Significant
PPIP5K1,-1.185415023628389,4.118389463962895e-07,1.3039683617280944e-05,4.884732945792439,Down
PPIP5K2,-0.053922036347866964,0.5766009425751593,0.6376155757960653,0.19544108245313022,Not Significant
PPL,-5.174782862714451,0.0009670553492988487,0.003181618415687982,2.4973519082527385,Down
PPM1A,-1.2321438400859854,2.8562005627529368e-08,2.5278993728401176e-06,5.597240217846166,Down
PPM1B,-0.19329643120754625,0.3937741923945956,0.4618865027044997,0.335464728566622,Not Significant
PPM1E,-1.3250765351909202,2.971960096228522e-05,0.0002455441462178652,3.60987041500655,Down
PPM1F,-0.12301038776345763,0.3097876299543858,0.3775923271821516,0.42297683931122604,Not Significant
PPM1G,0.9932769585994947,9.038005867616927e-07,2.1828440517350992e-05,4.660977290351405,Not Significant
PPM1H,-2.9366762423006048,2.982286526593315e-08,2.5899615921466424e-06,5.58670667624402,Down
PPM1J,-2.7343448746122796,1.336040091534029e-05,0.00013650373105592096,3.864855477891701,Down
PPM1K,-1.5996947271296236,0.001939872726158043,0.005495578696095648,2.25998656870217,Down
PPM1L,-1.4912191725197808,0.0021761178053895792,0.006006085142875239,2.221408515490552,Down
PPM1M,0.0987611194711917,0.6280271505439645,0.6844164338576264,0.1646795709485933,Not Significant
PPME1,-0.4182654716633607,0.03292054570973033,0.05520918553018534,1.2579886597128827,Not Significant
PPOX,0.8952905218328144,0.0002851839363567782,0.001248562787856664,2.9035896129169347,Not Significant
PPP1CA,0.650531205350191,0.00011944025447810513,0.0006500492293962351,3.1870537522101645,Not Significant
PPP1CB,0.19216825987119535,0.5053311953339488,0.5700679128548937,0.2440734032376438,Not Significant
PPP1CC,0.3887092204524798,0.00036444403435100485,0.0014979229710534569,2.8245105191509468,Not Significant
PPP1R10,1.0863405257214325,2.1628642898722043e-06,4.0126509864037914e-05,4.396568612823003,Up
PPP1R11,-0.051964531111778456,0.6993845008137052,0.7482582265502619,0.12594849971230304,Not Significant
PPP1R12A,-0.187783136702393,0.18640304300768887,0.2442221687162775,0.6122149165001933,Not Significant
PPP1R12B,-0.7508524079002221,0.003263958265388266,0.008292547326021686,2.0813120412590176,Not Significant
PPP1R12C,-0.620070946583688,0.019274916053447035,0.0352661649695651,1.4526417652577148,Not Significant
PPP1R13B,-2.105589389354721,0.0004991241008544914,0.0019130691793315228,2.7182693249759895,Down
PPP1R13L,2.0020855610249004,0.00013416566693930513,0.0007076360883489843,3.1501900268488474,Up
PPP1R14A,-0.9719443964473999,0.10082033486965555,0.14402496504210294,0.8415622215138546,Not Significant
PPP1R14B,2.6269132589678748,6.233652629438619e-05,0.00040883995175107187,3.3884466716374195,Up
PPP1R14C,-2.758666866304127,0.0014426938419271375,0.004342305874984757,2.3622795878048466,Down
PPP1R16A,0.23992631560629363,0.18832825070488537,0.24642405476049037,0.6083169006478653,Not Significant
PPP1R16B,-3.8454305118583143,0.0007666244839267107,0.0026394309812295567,2.5784896899286225,Down
PPP1R18,2.4592955076839154,8.411863273126108e-07,2.1238373587336443e-05,4.672878744139055,Up
PPP1R1A,-2.8740659276928735,0.0050415588837734995,0.011724068373761366,1.9309216574580408,Down
PPP1R1B,-3.0081499824318954,0.0034330307892994566,0.00865041324947542,2.0629631448265306,Down
PPP1R1C,0.5235310297092308,0.3115268037911437,0.3793908391431313,0.42091315989337674,Not Significant
PPP1R2,-0.525697614008596,0.08357085938634452,0.12256410503101393,0.9116367016731097,Not Significant
PPP1R21,-0.8122779916089264,0.00036496552732439636,0.0014993219144933292,2.8241051111954745,Not Significant
PPP1R35,1.005857851648095,3.7312847368805255e-05,0.0002865324782536161,3.5428261439343083,Up
PPP1R37,-0.6782857126347146,0.001382289821487633,0.0041855087651537165,2.378251744249123,Not Significant
PPP1R3D,-0.9594409717452397,0.0011289158905277812,0.0036012345412213004,2.4435485929744103,Not Significant
PPP1R3E,-0.609020672799442,0.01581693746036238,0.029788713399829986,1.5259482539323486,Not Significant
PPP1R3F,-1.5385968778511625,0.0006284019002973133,0.0022748933199378115,2.643038964566713,Down
PPP1R3G,-0.4922438828738205,0.1947957574480439,0.25334010592971784,0.5962960521944407,Not Significant
PPP1R7,-1.212957946561204,3.742116949806038e-06,5.881136685233389e-05,4.230538726914441,Down
PPP1R8,0.7178018339746792,1.2864357005810216e-05,0.00013281646525987472,3.8767480821348106,Not Significant
PPP1R9A,-0.5671813925635938,0.044519496029660585,0.07173534916871413,1.1442667834425768,Not Significant
PPP1R9B,-1.1321210462665334,3.1247377385190664e-05,0.0002530434724906839,3.596804861270982,Down
PPP2CA,-0.7346826914289615,0.006626389258398636,0.014613451267317832,1.8352472043707202,Not Significant
PPP2CB,-0.10872700045526429,0.43468759539223983,0.50109198260458,0.30008254584751537,Not Significant
PPP2R1A,-0.21516708308955756,0.17581704095968573,0.2321033770970874,0.63431854052659,Not Significant
PPP2R1B,0.5955755429725542,0.0065780932438243575,0.01452602177516146,1.8378533091471296,Not Significant
PPP2R2A,-0.14992743831760436,0.406042505580277,0.47380051914441534,0.32440446775544163,Not Significant
PPP2R2B,-1.016929332102535,1.2828213789814065e-05,0.00013268938524811947,3.8771638179988184,Down
PPP2R2C,-5.485504789588958,0.00037874821300358226,0.0015381745607863013,2.8129943755330498,Down
PPP2R2D,-1.0337448441763044,0.0003825478525301024,0.0015508197450254534,2.809438678195515,Down
PPP2R3A,0.4834581526442534,0.18067740965204038,0.23767879666161593,0.6240095599781343,Not Significant
PPP2R3B,1.505082808059214,0.0001312325865417591,0.0006965421901062598,3.157052572886233,Up
PPP2R3C,0.10381775232535517,0.5131524712504814,0.5778558009587915,0.2381805225846509,Not Significant
PPP2R5A,0.354672138133143,0.39361929925401207,0.46181743616948256,0.33552967408398027,Not Significant
PPP2R5B,-1.0572729217315242,1.9865067270047128e-05,0.0001834405533621472,3.7365046481943596,Down
PPP2R5C,-0.28901908698598433,0.07186366996425095,0.10773134095533692,0.9676579343631306,Not Significant
PPP2R5D,-0.8252692435415234,0.00012393062063565334,0.0006679920129928153,3.17522873023985,Not Significant
PPP2R5E,-0.7304626198823243,0.0005166589661647202,0.0019574360380381316,2.7083124202181335,Not Significant
PPP3CA,-2.6174140731189226,4.004244742169384e-06,6.130510871217991e-05,4.212503333098837,Down
PPP3CB,-1.9065216309620752,1.7569795681519633e-06,3.4862360524692395e-05,4.457643210222563,Down
PPP3CC,0.23654137780820506,0.09825288144541748,0.14113737857381145,0.8503579532296522,Not Significant
PPP3R1,-2.996670117743779,9.770865058012225e-10,3.937267783776606e-07,6.404805046713046,Down
PPP4C,1.755896277477973,1.1466850103750045e-05,0.00012542127848720751,3.9016287765385873,Up
PPP4R1,0.882216130717346,0.000157498783748987,0.000799316245585539,3.097281360186064,Not Significant
PPP4R2,-0.5429207700493102,0.058659832326936855,0.09074618410036268,1.0421716280989997,Not Significant
PPP4R4,-3.620667861408956,0.001137284030281452,0.003621049090093346,2.4411655874690577,Down
PPP5C,-0.04116489932937384,0.7567917934905913,0.8002435738033187,0.09677780468519091,Not Significant
PPP6C,-0.23577938543747834,0.080936744764181,0.11930886256282695,0.9233272946433847,Not Significant
PPP6R1,-0.8179318813914129,0.004251308755944046,0.010243406937904882,1.9895555738048638,Not Significant
PPP6R2,-0.3350201440226108,0.10116933262772565,0.14441924521868146,0.8403749290977193,Not Significant
PPP6R3,0.7028462285921933,1.73194385055524e-06,3.475745932506465e-05,4.4589519767985015,Not Significant
PPT1,0.5697085901693022,0.007993948861991854,0.01705082380599321,1.7682546333428042,Not Significant
PPT2,0.47476560621878505,0.03147910451700462,0.05315462603156295,1.2744589329740916,Not Significant
PPTC7,-0.6023206586885053,0.007742779655032153,0.016610043067460372,1.7796292414838168,Not Significant
PPWD1,0.5006516287420801,0.0011923200445070699,0.0037539695614497806,2.425509253117973,Not Significant
PQBP1,0.4853462851668482,0.06877894369091697,0.10373994291694828,0.9840539953135269,Not Significant
PQLC1,-0.7070829889646646,4.178333934176524e-05,0.0003083702274937312,3.5109275588290862,Not Significant
PRAF2,1.364301758951303,0.0044018673314205475,0.010543131596940227,1.9770303726844831,Up
PRAM1,0.8464959591940762,0.02867673482471911,0.04907243530222869,1.3091623888893573,Not Significant
PRC1,0.7825756342744139,0.18852744461848273,0.24658329665647255,0.608036345484056,Not Significant
PRCC,0.30253397985703145,0.022143567870495293,0.039517148401659805,1.4032144020931645,Not Significant
PRCP,1.195692009685736,1.1567883077262254e-05,0.00012544117773987076,3.901559877144284,Up
PRDM10,-0.06941974251758865,0.6236836787824617,0.6803261290759044,0.1672828489048366,Not Significant
PRDM2,-1.7688024670572986,7.618812857688142e-06,9.534400090478303e-05,4.020706627797978,Down
PRDX1,-0.43669168438020733,0.23463251130965856,0.29765620437394535,0.5262850605428159,Not Significant
PRDX2,-0.27488709756937624,0.14697421319500878,0.19908810323067344,0.7009546910305483,Not Significant
PRDX3,-0.2705465899202686,0.11760710932367177,0.16448341237354844,0.7838778927162529,Not Significant
PRDX4,1.8251635397040111,0.0010761338782830515,0.003462463331147704,2.460614817252993,Up
PRDX5,-0.454182525837993,0.022637409945656762,0.04021421271433426,1.3956204291911338,Not Significant
PRDX6,0.11513112930060387,0.6456575933081768,0.6997691871959735,0.15504518463873135,Not Significant
PREB,0.7843450351127643,0.0012794480579285995,0.003953729980237028,2.402992994126388,Not Significant
PRELP,-1.7595524043637099,0.0011003991920103004,0.0035236558996540896,2.453006508937058,Down
PREP,-0.840189653133983,0.0007418445590629849,0.002573834045403427,2.5894194587871255,Not Significant
PREPL,-2.427147566466534,9.995090454789764e-07,2.3549738022453156e-05,4.62801391978926,Down
PREX1,0.5471082849537332,0.12823342525624112,0.1770834168651642,0.7518221068006564,Not Significant
PREX2,-0.8248993719356008,0.06110762610926388,0.09389844805136124,1.0273415856710555,Not Significant
PRF1,2.3234096662388257,0.0848900738394534,0.12431786652982317,0.9054664515859179,Not Significant
PRG2,4.9938168728207035,0.040164272153959533,0.06558840617263549,1.183172922518299,Not Significant
PRG4,-2.771237590436908,0.23417104656811077,0.2971830590989101,0.5269759511347469,Not Significant
PRICKLE1,-1.2379466083575927,0.005079029687733536,0.011789434348900377,1.9285070316347206,Down
PRICKLE2,-0.9136514036377257,0.014683935139049486,0.02800567258439692,1.5527539928511722,Not Significant
PRICKLE3,-0.20517177570277667,0.4816963894338333,0.5478222428489994,0.2613603383645118,Not Significant
PRIM1,0.48105955207257267,0.05672300193353682,0.0882104849457317,1.0544797903393877,Not Significant
PRIM2,1.708424701420011,0.00011005637266513149,0.0006135627549687519,3.2121410111882858,Up
PRIMPOL,0.3143061706929906,0.09188933155117497,0.1331166416517884,0.8757676475624752,Not Significant
PRKAA1,0.28626628211018357,0.03280497400072231,0.055052025334545486,1.2592266989367877,Not Significant
PRKAA2,-1.0621273898591426,0.0003599325144254183,0.0014849493279639411,2.8282883658492044,Down
PRKAB1,0.9377296355593963,5.822435974671192e-06,7.937106902413746e-05,4.100337770278245,Not Significant
PRKAB2,0.4245450735931371,0.17982179633802692,0.23664595379611797,0.6259009167571168,Not Significant
PRKACA,-1.6063689488777264,3.647205166980163e-05,0.00028185027612268775,3.549981535374569,Down
PRKACB,-1.8035945649155458,3.565311492318237e-06,5.7011028529545907e-05,4.244041123867348,Down
PRKACG,0.5801808023174846,0.7385867339978812,0.7835428346982578,0.10593725654754498,Not Significant
PRKAG1,0.19851357902937394,0.13021216446875736,0.17954521555683844,0.7458261632750215,Not Significant
PRKAG2,-0.5876985384060198,0.22709538393485101,0.2895897338936315,0.5382168381667893,Not Significant
PRKAR1A,-0.8411001457724332,0.0018500961727482973,0.005305399614080941,2.2752818985385135,Not Significant
PRKAR1B,-4.106370183011219,9.506406760912025e-06,0.0001105429419632024,3.9564689813918164,Down
PRKAR2A,0.5988625490217672,0.06266632536289127,0.09589861183438655,1.018187679346847,Not Significant
PRKAR2B,-3.4364431076649264,2.7793129333881185e-08,2.4998927224064204e-06,5.602078627754588,Down
PRKCA,-0.4311573782894982,0.0513388481551925,0.08091169529339944,1.0919886992247352,Not Significant
PRKCB,-3.332643544377202,9.233661765598558e-05,0.0005414430071399293,3.266447250926537,Down
PRKCD,0.01042186994959593,0.9624987129269608,0.9714669906849216,0.012571951633363323,Not Significant
PRKCE,-2.0056053657965514,3.456295457519937e-06,5.5640537345315185e-05,4.2546086844855555,Down
PRKCG,-5.6969213079180445,1.9548594777693324e-05,0.00018188083825993983,3.7402130528679227,Down
PRKCH,0.8186547421712618,0.02680366791663477,0.04639521487838122,1.3335268095114785,Not Significant
PRKCI,-0.7161153530191484,0.013026355200238102,0.02542183306609815,1.5947931374252342,Not Significant
PRKCQ,-1.1342784585647934,0.0011724806455505347,0.003705009417589739,2.4312106837704675,Down
PRKCSH,0.500766956068734,0.00048712527680242835,0.0018787519289845574,2.726130560498492,Not Significant
PRKCZ,-3.04996304748944,1.250433465257039e-05,0.00013139887094797123,3.8814083664594383,Down
PRKD1,1.9018269407285366,2.186524844565415e-05,0.00019639072109477616,3.706879035248321,Up
PRKD2,1.2338280639468469,5.1034214445493494e-05,0.00035456460436131135,3.4503046215208553,Up
PRKD3,2.005188896045114,8.932107172963498e-08,5.420605280749052e-06,5.265952216153062,Up
PRKDC,0.6671640484038974,0.000535376382291167,0.0020124558489556777,2.6962736387937594,Not Significant
PRKG1,-1.464439587554125,0.006317746319549654,0.014071573664858355,1.8516573314389058,Down
PRKG2,-1.4529006524124188,0.14613665414163754,0.19819341058466028,0.7029107887725058,Not Significant
PRKRA,0.1971672992138913,0.14877766035795978,0.20101886365589705,0.6967631863742121,Not Significant
PRKRIP1,0.756524390629707,0.0020311167955002914,0.005686901222309599,2.24512431508851,Not Significant
PRKX,1.8586279278806295,0.0011648015693856895,0.003688589527991969,2.4331396710530937,Up
PRMT1,0.8169407222266685,0.0037080374267345747,0.009191626239400617,2.0366076437481966,Not Significant
PRMT2,0.47383634669309416,0.013541017871585572,0.026202883987390135,1.5816509059749309,Not Significant
PRMT3,0.6401554700396339,0.026962814915781265,0.04660662276279692,1.3315523660358997,Not Significant
PRMT5,0.7540881971984383,0.001811652796877959,0.005224904172845279,2.2819216703051666,Not Significant
PRMT6,0.5162647527904056,0.0844539802203128,0.12373318742574622,0.9075137992975468,Not Significant
PRMT7,0.3949112607168672,0.009612788601320215,0.019779254977471374,1.7037900709424152,Not Significant
PRMT8,-4.921131491286559,0.00017340256811612458,0.0008596739523631097,3.065666231940755,Down
PRMT9,0.08398746818835079,0.6825247793704579,0.7331792095732557,0.1347898586247531,Not Significant
PRNP,-2.0927708678593966,1.3965301157026392e-06,3.0255149216319115e-05,4.5192007008156985,Down
PROC,-0.43220984780282556,0.32604804883742594,0.3943580314549441,0.40410930995131894,Not Significant
PROCR,2.243642944700307,0.0003401925033152341,0.001421443085191899,2.8472705248458166,Up
PRODH,-4.003370018331047,0.00026258711448857227,0.0011752909160642735,2.9298546205382467,Down
PROM1,1.0801738030036319,0.036817374569583096,0.06094285760992115,1.2150771855724285,Not Significant
PROS1,1.8294407464542193,0.011286861152245857,0.022587175059142782,1.6461380821802674,Up
PROSER1,0.14047921387477302,0.39835578834483204,0.46630678733277225,0.3313282631221387,Not Significant
PROX1,0.5757568689847936,0.11986860412996239,0.16715895874934122,0.7768703427857927,Not Significant
PROZ,-7.168402645614993,0.006479571767333735,0.014358822257835469,1.8428811804209628,Down
PRPF18,-0.030608463510304773,0.7711984877294098,0.8120678964551139,0.0904076581688421,Not Significant
PRPF19,-0.6125202873254132,0.007740973197469368,0.0166097047904806,1.7796380863327483,Not Significant
PRPF3,0.7800780709756516,0.0029101403132269915,0.007591080661690501,2.1196963938013624,Not Significant
PRPF31,0.6960245409433554,0.0005293265015421347,0.0019926887804691575,2.700560524419994,Not Significant
PRPF38A,0.7036530676601274,8.891684117429304e-05,0.0005272208699174974,3.2780074066260867,Not Significant
PRPF38B,1.1858525663024935,1.5462385313402184e-06,3.250270338898974e-05,4.488080515387487,Up
PRPF39,0.26759910351200844,0.1995584315163539,0.25889911643216346,0.5868694317176602,Not Significant
PRPF4,0.47987886865258744,0.027681359222752017,0.04762801243552585,1.3221375416522592,Not Significant
PRPF40A,0.8150775494602556,0.0006275044383460416,0.0022739135654309436,2.643226047462626,Not Significant
PRPF40B,-0.26786042592147297,0.295177316734695,0.3622367946214754,0.4410074378169226,Not Significant
PRPF4B,0.5494414553670026,3.9131067085265154e-05,0.0002948439564823943,3.530407769677752,Not Significant
PRPF6,0.34720753140319616,0.05641815296758371,0.08779061986336704,1.056551884540416,Not Significant
PRPF8,0.015156936431704793,0.9449197467397056,0.9579472203538084,0.018658418416806294,Not Significant
PRPH,4.684394255867495,1.8484063854434027e-05,0.00017451589434823653,3.7581650127542034,Up
PRPS1,0.5052928851115688,0.04197238222109314,0.06806857502178287,1.167053341016589,Not Significant
PRPS2,-2.258351076467962,0.0015329581823769617,0.004562958093939794,2.340753519755561,Down
PRPSAP1,-0.10748770586569023,0.5450958204812852,0.607309809282069,0.2165897040862805,Not Significant
PRPSAP2,0.17287895654078866,0.1784362281232562,0.23516115658584794,0.6286344125005763,Not Significant
PRR12,-1.236797347718916,0.0003485079867743185,0.0014494422609170612,2.838799080250036,Down
PRR14,1.0334171498411173,0.0006126849120080874,0.002233063604764643,2.651098906662147,Up
PRR18,-2.966113472064624,0.0035040775823990647,0.008781113822161239,2.056450393417532,Down
PRR3,0.6676444416385081,0.0013786152040017638,0.004178149688662385,2.3790160048067537,Not Significant
PRR36,-2.643328420653832,1.0869001668288782e-05,0.00012182457463632239,3.9142650963301726,Down
PRR5L,1.9151896663757988,0.020501965993589565,0.03708053368895443,1.4308540238128697,Up
PRRC1,1.0207086406127566,5.124235904860421e-05,0.0003557653515200819,3.4488363507331687,Up
PRRC2A,-0.3826368434304044,0.08834253490922618,0.1286817085997028,0.8904831812912334,Not Significant
PRRC2B,-0.5722338909675777,0.0004951365912345666,0.001901641639381252,2.7208713216272047,Not Significant
PRRC2C,0.15470614924777948,0.3491205185758872,0.41740328793419035,0.37944413426900336,Not Significant
PRRG1,-1.5842055314688412,0.04791589805220162,0.07636525185538351,1.1171042115855907,Not Significant
PRRG3,-5.756448765506661,7.134560568153771e-05,0.0004480895459076127,3.348635188217281,Down
PRRT1,-2.658363342269931,8.426937225433327e-08,5.240306519075021e-06,5.280643309266359,Down
PRRT2,-1.7985132825712213,0.0005068711382886372,0.0019319787541126486,2.713997653812023,Down
PRRT3,-2.130372150677765,5.173741530256169e-07,1.5041092980411386e-05,4.822720604029309,Down
PRRX1,3.1894837229085464,2.565027235166146e-06,4.573466259657302e-05,4.3397545205362364,Up
PRSS1,-6.1841523986489175,0.0732296580420112,0.10946959120273346,0.9607065037182705,Not Significant
PRSS23,1.523735227741616,0.057929987954522616,0.08976875844544853,1.0468747813222852,Not Significant
PRSS3,-4.383642394891346,0.00011505741624769738,0.000634074623238131,3.197859627680701,Down
PRTFDC1,1.2389270624263062,0.004144270110659743,0.010050403730088168,1.9978164920516797,Up
PRTN3,-8.376306075614544,0.010804762143994463,0.021788563621040875,1.6617713990340264,Down
PRUNE2,0.282522808256747,0.5248024694151475,0.5885405852040739,0.23022358324972494,Not Significant
PSAP,0.803958420577743,0.0014080929436964815,0.004250862545639303,2.371522937995828,Not Significant
PSAT1,0.15517128185640772,0.7375701902092284,0.7825468242409443,0.1064896666875145,Not Significant
PSD,-3.6929584325831186,3.9126385001937596e-06,6.045386541557044e-05,4.218575925159165,Down
PSD2,-1.1083383916793679,0.10118235385680503,0.14441924521868146,0.8403749290977193,Not Significant
PSD3,-2.1165854222725926,9.099018258259229e-06,0.00010719542796864118,3.9698237375008425,Down
PSEN1,0.3591889478656469,0.011397060359195374,0.022757975432811533,1.642866375733328,Not Significant
PSEN2,-0.6165156456306669,0.02542154848360248,0.04433039283777244,1.353298420143911,Not Significant
PSIP1,-0.42480294864327206,0.02523634703607653,0.044106689805939445,1.3554955346713518,Not Significant
PSMA1,-0.05604423868303243,0.7843368988555699,0.8230635332365637,0.084566639794905,Not Significant
PSMA2,0.29520880510912484,0.05128940764719529,0.08084642350772107,1.0923391876959503,Not Significant
PSMA3,0.21691854912858233,0.2021262207635718,0.261900960909161,0.5818629081544522,Not Significant
PSMA4,0.2398916851731272,0.2171077529945123,0.27861700683652446,0.5549923776829385,Not Significant
PSMA5,-0.08256025510561571,0.733832410032292,0.7790734217162304,0.10842161146270235,Not Significant
PSMA6,0.37907364998211435,0.08187000682735868,0.12047304247426399,0.9191101216736278,Not Significant
PSMA7,0.45449400336842416,0.006021674503616465,0.013519578549015436,1.8690368466110878,Not Significant
PSMB1,-0.29285744543718906,0.07991900032072315,0.1181197196641674,0.9276775924252935,Not Significant
PSMB10,1.664865848681215,4.2461827478527406e-06,6.374969448862668e-05,4.1955218921837565,Up
PSMB2,0.2512650387738091,0.0824056277346712,0.12111968103283886,0.9167852815515685,Not Significant
PSMB3,0.7676873097442538,0.003211689761743006,0.008188955368210337,2.086771495890077,Not Significant
PSMB4,0.5550786119929647,0.003801815959986248,0.00936996404063869,2.0282620758125587,Not Significant
PSMB5,-0.04290296313085662,0.8202736828297398,0.8552511985951976,0.06790630849874246,Not Significant
PSMB6,0.5346956932507645,0.014439697159169146,0.027634025300431228,1.558555849124888,Not Significant
PSMB7,0.3259416818032079,0.11821934063535261,0.1651791452927243,0.7820447854419015,Not Significant
PSMB8,2.1765420488901626,8.646590366338886e-06,0.00010332829341696077,3.9857807434136094,Up
PSMB9,2.469069857587236,2.2938979305616668e-05,0.0002039605273828617,3.690453873743343,Up
PSMC1,-0.15925417921293672,0.36369397455663965,0.4314476094775775,0.36507193296424134,Not Significant
PSMC2,0.2787842809032419,0.14699596521372865,0.19908916242615224,0.7009523804880268,Not Significant
PSMC3,-0.26056221656926937,0.20702169256464512,0.26723943245723153,0.5730994592389265,Not Significant
PSMC4,0.3727876223881701,0.08510095515577408,0.12460117122508164,0.9044778753799039,Not Significant
PSMC5,-0.10160691633539187,0.41994198784799114,0.4870476151946423,0.3124285788152743,Not Significant
PSMC6,-0.11497919734931727,0.4711673864007271,0.5373644572173581,0.2697310624001573,Not Significant
PSMD1,-0.4936816359516776,0.02206483564544426,0.03942553286488213,1.4042224281521605,Not Significant
PSMD10,-0.08761383694251634,0.5604640560193859,0.6220243362718182,0.2061926235056387,Not Significant
PSMD11,0.11421133879956002,0.2632466208344668,0.328943991352818,0.4828780422236224,Not Significant
PSMD12,-0.9183795393512,0.00043971573121031064,0.0017364548319140217,2.760336508930024,Not Significant
PSMD13,-0.1386502328866932,0.4518107802391361,0.5179269230916087,0.2857315127198687,Not Significant
PSMD14,0.06761088442051744,0.7209528337332944,0.7680709440597724,0.11459866383475861,Not Significant
PSMD2,0.15674871550720582,0.32095829915882756,0.3893181955393341,0.4096952982143776,Not Significant
PSMD3,0.10450139358789556,0.38948743221489673,0.4579477581854423,0.3391840626639448,Not Significant
PSMD4,0.11594373867654895,0.29837561114921435,0.3654956112253387,0.43711783356812123,Not Significant
PSMD5,0.007115361390372499,0.9579674473980633,0.967863209817279,0.014186018124882672,Not Significant
PSMD6,0.22025565687730264,0.23980396696434977,0.30345247622143695,0.5179093142456239,Not Significant
PSMD7,-0.23664601413884867,0.22372521113785115,0.285834848066292,0.5438848245293239,Not Significant
PSMD8,-0.029285429344287905,0.893109946817432,0.9156512929207012,0.0382698870236251,Not Significant
PSMD9,0.6366661499121644,0.0031996761928549887,0.00816597621241246,2.0879918895162612,Not Significant
PSME1,0.9394254259559531,4.8069956681992466e-06,6.898244211031227e-05,4.161261434841649,Not Significant
PSME2,0.9845237878334068,0.0010985410844925817,0.003519943665769169,2.453464287044985,Not Significant
PSME3,-0.05595384338109355,0.596965189749875,0.6560300339849723,0.18307627755214254,Not Significant
PSME4,0.7805446447595692,6.137891216209286e-05,0.00040493199811455366,3.3926179035094184,Not Significant
PSMF1,0.4039826484008202,0.00023207599455471386,0.0010719855938731324,2.969811050971088,Not Significant
PSMG1,-0.28324557310854104,0.14111569008419997,0.19236497490217366,0.7158739998212307,Not Significant
PSMG2,0.3604443981960763,0.04417489599629571,0.07122565657277258,1.1473635386540477,Not Significant
PSMG3,-0.322199232368817,0.18086332527957763,0.23789230171908407,0.6236196116618379,Not Significant
PSMG4,1.1421112501011326,2.7437132884686485e-05,0.00023216619774841358,3.6342010111261502,Up
PSPC1,-0.0033286924025937026,0.9897112935460045,0.9934587057774462,0.002850180115016332,Not Significant
PSPH,0.6356368829622383,5.850674710660978e-05,0.00039371875107013153,3.4048139012057934,Not Significant
PSRC1,0.6313530756255048,0.10834965242447543,0.15322883318687316,0.8146595054884358,Not Significant
PSTPIP1,2.4100375947854715,0.007454609015443397,0.016084328811646342,1.7935970572040467,Up
PSTPIP2,1.8800235714402636,0.0007622478506176024,0.0026261576084547628,2.5806792133462344,Up
PTAR1,0.5182186841380485,0.047311129348920546,0.07556878342492875,1.121657569393885,Not Significant
PTBP1,1.8467335785792507,2.3387633269790893e-06,4.275989429398792e-05,4.368963377073982,Up
PTBP2,0.060009539868850936,0.7167506537373122,0.7644834394652921,0.11663191800410058,Not Significant
PTBP3,0.21102093673849254,0.5029986582370523,0.5678180729583219,0.2457907885252766,Not Significant
PTCD2,-0.06620638904278842,0.6190832738192409,0.6764990671933,0.16973279790313842,Not Significant
PTCD3,0.5691126577873931,6.206631857488865e-05,0.0004078643792064111,3.3894842220906245,Not Significant
PTDSS1,-0.4044702351242755,0.0889557884927553,0.1294439712951057,0.887918171526817,Not Significant
PTDSS2,-0.23232839424367668,0.3558456558379009,0.4239261472475344,0.3727097958518922,Not Significant
PTEN,-0.49012355635517224,0.05054105811190872,0.07994200336306616,1.0972249724303926,Not Significant
PTER,0.8295591440348975,0.013190771712544437,0.025658203172846627,1.5907737602541838,Not Significant
PTGDS,-2.731211774594911,0.019430417412467395,0.0354990977535721,1.4497826848498194,Down
PTGES,-0.5444697113265455,0.4867017178978029,0.5521433678043318,0.257948140093288,Not Significant
PTGES2,-0.5722340787350717,0.0014842850169877132,0.004444912978934073,2.352136737087173,Not Significant
PTGES3,-0.19635906839127415,0.1664220791473953,0.22126646764298008,0.6550843972839908,Not Significant
PTGFRN,0.6283766323612667,0.0598458276126761,0.09225506769244056,1.03500976814545,Not Significant
PTGIS,-0.6625300460647168,0.08033328645301603,0.11859283817814822,0.9259415372249217,Not Significant
PTGR1,-1.1106555872998598,0.032223970133141724,0.05423964496595985,1.2656831618738316,Not Significant
PTGR2,0.2041331836276985,0.32421228327082513,0.39227895047685474,0.4064049953040964,Not Significant
PTGS1,2.255210186637747,1.9881478168067426e-05,0.0001834405533621472,3.7365046481943596,Up
PTGS2,-0.40019637747210624,0.49562711444693486,0.5608793025093711,0.2511305859698364,Not Significant
PTK2,-0.3441550264431896,0.004196730342155788,0.010136145161083052,1.9941271784910384,Not Significant
PTK2B,-2.8508554586983337,1.624338413179436e-06,3.346336436476409e-05,4.475430397754979,Down
PTK7,1.8411690592144971,0.0001532673320023447,0.0007849593810836912,3.1051528159014037,Up
PTMA,0.11611270682333696,0.7442184154768414,0.788769733562725,0.10304976236563008,Not Significant
PTMS,0.9679166354538289,0.000557006371271488,0.002069820060563988,2.6840674082150016,Not Significant
PTN,1.1299598746433475,0.007866318671936339,0.01682765723827562,1.773976342687936,Up
PTOV1,0.08564434594761394,0.6507476738703609,0.7045278953863531,0.15210180656807978,Not Significant
PTP4A1,-0.1065672283062753,0.6108121627253877,0.6690363922150602,0.17455025815396688,Not Significant
PTP4A2,-0.3044658821369204,0.04158943420177174,0.06754344029480067,1.1704168225428235,Not Significant
PTP4A3,0.8797866341144029,0.10007474632146485,0.14328496225731052,0.8437993863741992,Not Significant
PTPDC1,0.17997306928686996,0.5960839770153601,0.655347591886144,0.18352829207282298,Not Significant
PTPMT1,0.21387095034940984,0.3673362826828127,0.43520471736406624,0.36130640578671575,Not Significant
PTPN1,0.7047885687860784,3.6386066250658565e-05,0.00028153089969979594,3.5504739317801377,Not Significant
PTPN11,0.013026256150286741,0.9632346454206933,0.9721123840881651,0.012283524201352316,Not Significant
PTPN12,0.5269311645205867,0.04832337020560161,0.07692946135449281,1.113907308399253,Not Significant
PTPN13,1.054661714047608,0.017217269711538245,0.03200125001365983,1.4948330571978465,Up
PTPN14,-0.30757855970221293,0.189515470706168,0.24768796729293413,0.60609509097255,Not Significant
PTPN18,0.3850133837542806,0.0837475410740162,0.12278747326148148,0.9108459375182542,Not Significant
PTPN2,0.15066280754784955,0.4660657991445576,0.5321409385137743,0.2739733287717383,Not Significant
PTPN21,0.5945459275415956,0.042185513612998514,0.0683162708024592,1.1654758486146752,Not Significant
PTPN23,-0.5228542232695865,0.06889713300003764,0.10390265237161364,0.9833733658629096,Not Significant
PTPN4,-1.587628802956118,1.1657745911072265e-07,6.181059595165368e-06,5.208937069104066,Down
PTPN5,-5.1911999937095725,0.00021542116512603983,0.001008435324107679,2.9963519499884996,Down
PTPN6,2.77195372198735,2.93624967942128e-07,1.0807988230239553e-05,4.966255136926884,Up
PTPN7,4.406610016035112,0.00012336370948461757,0.000666076052991692,3.1764761799755044,Up
PTPN9,-0.36646986617382993,0.2837736042170752,0.35024936153918346,0.45562264770603433,Not Significant
PTPRA,-0.3543832804571352,0.03376194690289393,0.05646984112564394,1.2481834341216866,Not Significant
PTPRC,2.6132448369177954,1.0726868816538533e-05,0.0001210106119348367,3.9171765428847274,Up
PTPRD,-1.3459333608639277,0.013933290276413065,0.026838234463591824,1.571246057353255,Down
PTPRE,0.6010375935591661,0.04634540377048598,0.07430902396687501,1.1289584430221031,Not Significant
PTPRF,-0.19353654818285904,0.5602020609406835,0.6218020672010186,0.2063478384644207,Not Significant
PTPRG,0.1700248666798494,0.42493283921720504,0.4916473437778941,0.3083463028574305,Not Significant
PTPRJ,0.22732088113657767,0.26329007270234306,0.32895345538371623,0.4828655473388456,Not Significant
PTPRK,-0.8320013802454831,0.0022468642039160046,0.006172596124965866,2.209532138136866,Not Significant
PTPRM,-0.48409708827632514,0.03894714055142793,0.06384922602361025,1.1948443628596495,Not Significant
PTPRN,-3.0267012759445926,0.00027854283254199195,0.0012263780847661405,2.9113756188762627,Down
PTPRN2,-2.6136599835100434,0.00018720730430675208,0.0009146102733201845,3.038763924734028,Down
PTPRO,-0.5597859186925618,0.1319940389186727,0.18182797047268,0.7403393087511337,Not Significant
PTPRS,0.3193937864751888,0.1395148772946872,0.19049510353302776,0.7201161829065583,Not Significant
PTPRT,-3.256335665523242,0.005534980254821885,0.012649589629554371,1.8979235633823073,Down
PTPRZ1,2.291626028774239,3.829095067983808e-05,0.00029090726783460695,3.5362454284915574,Up
PTRH1,0.1484198296399164,0.43176330406533053,0.4980058993764758,0.3027655125586059,Not Significant
PTRH2,0.8030167657672305,0.0005039263824737937,0.0019240349876840993,2.715787034782623,Not Significant
PTRHD1,-0.006392631940506988,0.9682717087373408,0.9761202035244643,0.010496698201181607,Not Significant
PTS,0.25574958466287256,0.21603182215268482,0.2774483141721248,0.5568179096963389,Not Significant
PTTG1,1.4972155167413828,0.05136916796668828,0.08093034878793094,1.0918885879115705,Not Significant
PTTG1IP,2.076319456125013,6.666030339974701e-06,8.661800538812905e-05,4.062391821286191,Up
PTX3,2.0866342985681356,0.008688099527338037,0.018215174742643784,1.7395666581084812,Up
PUF60,1.161306849694565,7.586806012513606e-05,0.00046918037919006794,3.3286601580817794,Up
PUM1,0.30162921930111963,0.0008897992387313585,0.002968158122840962,2.527512966584358,Not Significant
PUM2,-0.35722009829176216,0.0013184944820540567,0.004050172162303876,2.3925265156620172,Not Significant
PURA,-1.4808445956531457,0.0020672692724630964,0.005767286250565835,2.2390284925017108,Down
PURB,-0.706227081712818,0.0002518249674832237,0.001141581691413668,2.9424930050140965,Not Significant
PURG,-0.45398503799932044,0.0521089235187435,0.08199707833924118,1.086201621808367,Not Significant
PUS1,1.473570552547848,0.09135140073366446,0.13247070836201755,0.877880141373059,Not Significant
PUS10,0.27063454242535023,0.3828213090948699,0.45084660601142384,0.34597119536026627,Not Significant
PUS3,0.8330926207097349,0.004151470762153915,0.01005334530238907,1.9976894004703578,Not Significant
PUS7,0.3435627381017916,0.022023072825959243,0.03937884906792925,1.4047369812083577,Not Significant
PUS7L,0.07180252371204787,0.6693300210393682,0.7214670053445962,0.14178352558840854,Not Significant
PUSL1,1.022170692632388,0.0002347064961714837,0.001081625453994294,2.9659231009889875,Up
PVALB,-5.666238950291897,6.007910688987223e-05,0.0003987068002691521,3.3993463570283944,Down
PVR,-0.3915647600269416,0.1134768632283853,0.15952636340535215,0.7971675349557467,Not Significant
PWP1,0.19610019969829295,0.2758540644849442,0.34206718926899654,0.46588858089473795,Not Significant
PWP2,0.43226503938357475,0.6725564722922558,0.7242473438666152,0.14011308887005838,Not Significant
PWWP2A,-0.061330128779740534,0.5977854275995657,0.6567320827011315,0.18261176702331744,Not Significant
PXDC1,1.8810645763788685,3.175874340272936e-06,5.3057641963365764e-05,4.275252055240509,Up
PXDN,3.4372926976728273,3.610114613979427e-08,3.056159211867962e-06,5.514824024757796,Up
PXK,-0.48672170738620224,0.06781010006071331,0.10240128136885412,0.9896946089076405,Not Significant
PXMP2,0.578070293005247,0.0037401166043966533,0.009257477806558202,2.0335073204344325,Not Significant
PXMP4,-0.5577569278014742,0.33393907055991456,0.4022121230058081,0.3955448435473805,Not Significant
PXN,1.3012349527264195,0.0029319692775856116,0.0076367579892770415,2.1170909720773685,Up
PXYLP1,1.1933031984478255,0.02333893197149829,0.04129721345837071,1.3840792515029425,Up
PYCARD,3.1264474925831554,3.8850208462971527e-07,1.2658176348740428e-05,4.897628858199206,Up
PYCR1,2.155772709956315,1.0482027082710842e-05,0.00011878058586189991,3.9252545369815195,Up
PYCR2,0.5681667181429297,0.04893378528442241,0.07779058749491422,1.109072948592797,Not Significant
PYGB,0.024788664166777608,0.8914022942565116,0.9142841623242126,0.038918803227591295,Not Significant
PYGL,2.4952253849632324,0.0003070452574665136,0.0013201766639853426,2.8793679482939982,Up
PYGM,-2.83043151780368,3.960264269262125e-05,0.00029795147310341036,3.525854463036305,Down
PYGO1,1.0721390807439892,0.01087619030094268,0.02189145676157773,1.6597253374515306,Up
PYGO2,0.030998648193520495,0.8219393961548032,0.8567219324225025,0.067160114845222,Not Significant
PYROXD1,-0.48661016828783055,0.01164536672708243,0.02314370179692807,1.6355671751422618,Not Significant
PYROXD2,-1.679199421040373,0.018912335464005187,0.034687055315181944,1.4598325671123644,Down
PYURF,0.2114833365884401,0.41017995219966463,0.4777055304577366,0.32083973080504036,Not Significant
PZP,0.6605042894588848,0.33540453819505484,0.40359117508086273,0.3940583386085319,Not Significant
QARS,1.26297430594661,2.097913705128891e-05,0.0001907435258616286,3.7195501937677644,Up
QDPR,-1.479723335860335,8.621030288930927e-05,0.0005166463957804293,3.28680659598177,Down
QKI,0.9929773528837593,0.0006660641886484334,0.002375766857722667,2.624196180430115,Not Significant
QPCT,-2.17541138650226,0.00739508030580594,0.01597641840031933,1.7965205744161135,Down
QPCTL,0.057718071742337784,0.8438789779047112,0.8748828674912073,0.05805008801471409,Not Significant
QPRT,-0.47512622728156906,0.3294241948443561,0.3974394417798854,0.4007290358236453,Not Significant
QRICH1,0.1715812510414736,0.28950364180778004,0.3561000839525734,0.44842792393839703,Not Significant
QRSL1,0.6374557677507688,0.00986778651739666,0.020180284485638238,1.6950727157169474,Not Significant
QSER1,0.2504525282351402,0.37095768542505964,0.43892738113366814,0.3576073261854526,Not Significant
QSOX1,-0.2652480014573513,0.36264731598530553,0.43051014155502804,0.36601661338684544,Not Significant
QSOX2,0.636646242239884,8.972417371576403e-05,0.0005297612313027091,3.275919827177648,Not Significant
QTRT1,0.526518201102693,0.06511744562818168,0.09900288971601302,1.0043521289438326,Not Significant
R3HCC1,0.622227212643768,0.0008467679499486821,0.0028586931393374745,2.5438324606073413,Not Significant
R3HCC1L,0.3148529488927174,0.07447722118571674,0.11099253019863696,0.9547062482644618,Not Significant
R3HDM1,-2.231738807065497,3.826421099903963e-09,7.138401140820837e-07,6.1463990506154484,Down
R3HDM2,-1.2546248357133294,6.972346219695658e-05,0.00044038386570942215,3.3561686006033824,Down
RAB10,0.4454724032901929,0.0032010561904721865,0.00816597621241246,2.0879918895162612,Not Significant
RAB11A,-0.6437373476825101,0.006631854087582597,0.014619102424137217,1.8350792911408664,Not Significant
RAB11B,-0.1543023693546175,0.43188860472260177,0.49809339484550547,0.3026892173544846,Not Significant
RAB11FIP1,-1.3822590516054962,0.004464939949680316,0.010653672442700025,1.9725006601431514,Down
RAB11FIP2,-1.338728566846008,4.579302594029809e-05,0.0003299849379989721,3.481505882828836,Down
RAB11FIP3,-0.4845657071190992,0.004956400912321164,0.011576810292307766,1.9364110833781087,Not Significant
RAB11FIP5,-2.1988775040409365,3.814602969328804e-05,0.00029068313398652323,3.5365801661280267,Down
RAB12,-0.4978068312368187,0.014485858135730317,0.02770510099081865,1.557440262408054,Not Significant
RAB13,2.4825529963849675,4.28591867419385e-06,6.40598586406956e-05,4.193414024018023,Up
RAB14,-0.21831229091571203,0.035026160957054964,0.05828436496223517,1.2344479310265117,Not Significant
RAB15,-2.916258527808516,3.805315118086985e-06,5.934170975171562e-05,4.226639944958198,Down
RAB18,-0.3981381673550395,0.08154702107830451,0.12003283026634128,0.9206999535067485,Not Significant
RAB1A,-0.21587433040451387,0.17885213145456366,0.23558529972192396,0.627851812564189,Not Significant
RAB1B,0.049917010603056866,0.644243378870455,0.6986412594760408,0.15574576992418301,Not Significant
RAB20,2.801627551546705,1.0126007732290332e-05,0.00011578819738376028,3.9363357072091025,Up
RAB21,-0.4283685538445532,0.025076327577553223,0.04385745208615818,1.3579566024137124,Not Significant
RAB22A,-0.9801090591811175,0.00010634961758892662,0.0005981943314298419,3.2231577067182817,Not Significant
RAB23,0.1894696191966112,0.3811826655456285,0.4492828229472562,0.3474801851056708,Not Significant
RAB24,0.1104371760772409,0.4920825519725193,0.5572436632836285,0.2539548614149758,Not Significant
RAB27A,0.9107156346711172,0.06450108908008491,0.09816950768889188,1.0080233869470865,Not Significant
RAB27B,-0.9966387386579072,0.0674437003000667,0.10192436796022682,0.9917219729563738,Not Significant
RAB28,0.06707529827914271,0.6679241941683456,0.7200312738580273,0.14264864000067187,Not Significant
RAB29,0.7970706789289217,0.009541404417036728,0.019668057276527456,1.7062385356450651,Not Significant
RAB2A,-0.433196968980063,0.08019870595268477,0.11845922751788925,0.926431103754943,Not Significant
RAB2B,0.38217497867926653,0.0057871230379493216,0.013078743333777771,1.883433983031996,Not Significant
RAB30,-0.8344083300082943,0.012597712440871767,0.024742749447840714,1.6065520426341533,Not Significant
RAB31,0.914672936526685,0.00018335808423321182,0.0008992937393210204,3.0460984300356655,Not Significant
RAB32,1.0888167339930206,0.004149414689033018,0.010050782297984761,1.9978001338180604,Up
RAB33A,-0.11835940334341188,0.778555700181653,0.8180194121433012,0.08723639011023553,Not Significant
RAB33B,-0.1731157707842801,0.5002112708644244,0.5653049520628463,0.24771721011011252,Not Significant
RAB34,-0.9515075964301811,0.006140288762959391,0.01373385190898155,1.8622076398789682,Not Significant
RAB35,0.0883910948351847,0.4867951170425525,0.5521871421108743,0.2579137102923909,Not Significant
RAB36,-4.358827994494311,4.351436609623496e-06,6.475091935797209e-05,4.188754060926098,Down
RAB37,-2.9189716073497483,0.00015267618607814044,0.0007831262212582417,3.106168234394031,Down
RAB39A,0.8824170819273363,0.000385927316334671,0.0015607514190106287,2.806666261542785,Not Significant
RAB39B,-0.9099025142489054,0.002011557911030331,0.005641546323975377,2.248601841419945,Not Significant
RAB3A,-4.358262024318524,5.757970443016977e-08,4.08396208713077e-06,5.388918298276197,Down
RAB3B,-2.518221268547336,0.0031457914269010555,0.008047410572524437,2.094343840746724,Down
RAB3C,-3.9242463056297385,4.195259437684666e-07,1.3125168812184885e-05,4.88189510211409,Down
RAB3D,-2.0885659715104676,0.0029564304996234983,0.007685956349214741,2.114302086349552,Down
RAB3GAP1,-0.6334248105191378,0.00050160053193632,0.001919879847540459,2.7167259500375853,Not Significant
RAB3GAP2,-0.5216657750034912,0.04261435421843099,0.06896337420023675,1.1613814977533257,Not Significant
RAB3IL1,1.4173401335698905,4.9471974885645444e-05,0.0003480472238046747,3.458361826035125,Up
RAB3IP,1.4667619361149882,0.009726197141865326,0.019947416532400508,1.7001133435048454,Up
RAB40C,-1.270733794621055,2.583040754839497e-07,1.0326012922322657e-05,4.9860673357976175,Down
RAB42,3.230602614549328,0.0004828549123736491,0.0018682603969178595,2.7285625922049443,Up
RAB43,0.6849098964438127,0.06148421321142396,0.09436196890491849,1.0252030059422226,Not Significant
RAB44,3.0455601393379825,0.17883203601453046,0.23558529972192396,0.627851812564189,Not Significant
RAB4A,-0.6016872227380397,0.05911118675119939,0.09136024782626308,1.0392427310177483,Not Significant
RAB4B,0.18784627211411298,0.31985590769074607,0.388313860457529,0.4108171074895177,Not Significant
RAB5A,0.05092956648507041,0.6962982136302018,0.7455897325797889,0.12750008122629025,Not Significant
RAB5B,-0.7174986011580664,0.00815122434260679,0.01731863491602312,1.7614863427922596,Not Significant
RAB5C,0.7825156975459535,2.2790752102639422e-06,4.189672202226087e-05,4.377819954678898,Not Significant
RAB6A,-1.0438539439837982,0.00018956789610457829,0.0009216732554814294,3.03542301440372,Down
RAB6B,-2.871485715141702,0.00036993043318279105,0.001513679603526985,2.8199660410483545,Down
RAB7A,-0.043358313527036785,0.8181504827443065,0.8533907603195426,0.0688520635671217,Not Significant
RAB7B,1.190520020564028,0.03359835192011601,0.05625225149463997,1.2498600902454093,Not Significant
RAB8A,1.0004540645763704,1.1247491668997817e-05,0.00012396852415042013,3.906688569055763,Up
RAB8B,0.3064799703499048,0.05612726903397589,0.08743252021776296,1.058327003015097,Not Significant
RAB9A,0.8299270083064094,0.0001630696941260418,0.0008205614878250475,3.085888870037351,Not Significant
RAB9B,-1.0247546793993578,7.447396190349454e-05,0.0004625466659776843,3.3348444450779935,Down
RABAC1,0.4454850012248599,0.021761838796810165,0.03900867687527858,1.4088387801550264,Not Significant
RABEP1,-0.5675971550750631,0.0008234875992291213,0.0027998022526608732,2.5528726413759784,Not Significant
RABEP2,0.842666996818668,8.800223935082956e-05,0.0005230292384780277,3.281474032442986,Not Significant
RABEPK,0.3890556410211623,0.02651927944603934,0.04595033043333339,1.3377113612124216,Not Significant
RABGAP1,0.005236667509699089,0.9501805057765009,0.9617319818338662,0.01694594150508598,Not Significant
RABGAP1L,-1.110327932383445,8.886345650798898e-06,0.00010527380444839755,3.9776796819847533,Down
RABGEF1,0.21178082747525728,0.29978713301113286,0.36691235304995173,0.43543766635493586,Not Significant
RABGGTA,-0.4444620458255635,0.0013137095703914018,0.004041010751793277,2.3935099940418163,Not Significant
RABGGTB,0.8071515867938679,0.0014947635258264588,0.004466997258729085,2.349984314042421,Not Significant
RABIF,-0.30967235673058013,0.07795114507441651,0.11555029951142907,0.9372289244731251,Not Significant
RABL2A,-0.10961945958931629,0.5918201647627411,0.6514419077600365,0.18612430637369362,Not Significant
RABL2B,-0.5278458661682173,0.027504441791874806,0.047396467090548546,1.3242540292175238,Not Significant
RABL3,-0.8528446663856002,0.001278927707473516,0.003953334680910771,2.403036417652967,Not Significant
RABL6,-0.7825938577357086,8.014384896330577e-06,9.833972405071161e-05,4.007271014709894,Not Significant
RAC1,0.01937625231561313,0.9070354135105382,0.9273799609971746,0.03274229265670719,Not Significant
RAC2,2.0840575239535273,0.0007131412301087113,0.0024988468703009245,2.6022603566870557,Up
RAC3,0.011998095089182925,0.9435416660139031,0.9568390118204207,0.019161126130596926,Not Significant
RACGAP1,0.8934994210069327,0.032760978594604036,0.05499651697417781,1.259664814265639,Not Significant
RAD1,-0.15919764457269636,0.40298947907108423,0.4707462908351232,0.3272130932468998,Not Significant
RAD17,0.2630632608902843,0.0922990157857044,0.13359486853810146,0.87421022306097,Not Significant
RAD18,0.8652398048863006,0.01030702898101529,0.020957150189485074,1.6786677742230092,Not Significant
RAD21,-0.039061689365262,0.7802092226239511,0.8195751078116498,0.08641124049071883,Not Significant
RAD23A,-0.1471561069674685,0.16961074689216474,0.22485848635385658,0.6480907171371685,Not Significant
RAD23B,0.11783552155439736,0.5488716374164868,0.6109085046219962,0.21402382889533647,Not Significant
RAD50,-0.27211888403213536,0.12015108348406175,0.16745796357486423,0.776094194469997,Not Significant
RAD51C,-0.43134836008828437,0.013429028122474552,0.02603117746888756,1.5845061869935326,Not Significant
RAD54L2,0.6364584741151802,0.01781049804985387,0.03294582397249869,1.4821996263093564,Not Significant
RAD9A,0.37543685741876764,0.025284983514321964,0.044153392949086406,1.3550359176255427,Not Significant
RADIL,-0.9247906616770294,0.003657018073116357,0.00909476560792714,2.041208489178351,Not Significant
RAE1,0.016305148174737383,0.8847643152817609,0.909408806463469,0.04124084452284877,Not Significant
RAF1,1.1745175887991266,6.356692049816544e-08,4.416366600679439e-06,5.35493488318559,Up
RAI1,-0.8586606198947209,0.0026028976157473874,0.0069404445825923195,2.158612709144219,Not Significant
RAI14,1.5421490030398726,7.69048761213953e-05,0.00047413691679739066,3.324096228740912,Up
RALA,0.4082745625894795,0.004554932015889495,0.010829923325010803,1.9653746181339213,Not Significant
RALB,-1.3826228824886506,9.976987294054837e-06,0.00011460452679624679,3.940798227710661,Down
RALBP1,-0.304832475382387,0.08971285148178487,0.13035731513450177,0.8848645929313355,Not Significant
RALGAPA1,-0.38751855916470745,0.025999062349199825,0.04520444496131154,1.344818858833366,Not Significant
RALGAPA2,0.6121598111391044,0.03704818857299298,0.06128463902862583,1.2126483675876147,Not Significant
RALGAPB,-0.029032831363100087,0.7737216506335247,0.8140440635490473,0.0893520864642732,Not Significant
RALGDS,0.25865360050076447,0.2741198104103022,0.3402525605717011,0.4681985978278578,Not Significant
RALGPS1,-1.044332716614111,0.002967775007490907,0.007707493020227738,2.113086859890841,Down
RALY,1.0829406313620957,5.476385892144501e-07,1.5762603279275344e-05,4.80237205483774,Up
RALYL,-3.0881764829222966,3.047840467385707e-08,2.6242687921746674e-06,5.580991684166914,Down
RAMP1,0.5988807948670036,0.025247809695039793,0.04411906936128896,1.3553736570550468,Not Significant
RAN,-0.1128732019847476,0.5725694421182446,0.6333660436915775,0.19834522393328763,Not Significant
RANBP1,0.4585994366651853,0.03812718264845168,0.06279111296395327,1.2021018190626935,Not Significant
RANBP10,0.4650811589822794,0.024136334612273103,0.04247893691195654,1.37182636054825,Not Significant
RANBP2,-0.272165884869743,0.06514990206620667,0.09903484635083444,1.004211967875955,Not Significant
RANBP3,0.43167137626222996,0.0004574801625534011,0.0017904643191775302,2.7470343292953125,Not Significant
RANBP6,-0.3591359771534073,0.16622466712426448,0.22103317009105602,0.6555425475522461,Not Significant
RANBP9,-0.5088056465561515,0.0012919917283109813,0.00398515758450852,2.399554500684595,Not Significant
RANGAP1,-1.3971980997232905,9.373312432898148e-06,0.00010939068483027538,3.9610196587983197,Down
RANGRF,0.2874891664482746,0.10141463712479205,0.14466879841336094,0.8396251256748587,Not Significant
RAP1A,-0.2405222159882996,0.2245108027327656,0.28662043172346735,0.5426928541742615,Not Significant
RAP1B,0.836920210961388,0.003190170696810864,0.008144394221914,2.0891412128734466,Not Significant
RAP1GAP,-3.215855429844961,0.0004852221224071474,0.0018735636876694528,2.7273315394352506,Down
RAP1GAP2,-3.775221196923347,4.395355591603538e-06,6.521180004390875e-05,4.18567381177924,Down
RAP1GDS1,-1.1045613112821684,0.002128203973325662,0.0058997046855483555,2.22916972677254,Down
RAP2A,-0.35633133566724595,0.15038507298977338,0.2029171209883441,0.6926813081314195,Not Significant
RAP2B,0.4861534903847726,0.048804129454056384,0.07762121883804295,1.1100195420845318,Not Significant
RAP2C,0.05185903267097558,0.8165940806844227,0.8520319801983298,0.06954410410300675,Not Significant
RAPGEF1,0.13302091151329876,0.3288367287033919,0.39701596416083057,0.40119202974176443,Not Significant
RAPGEF2,-1.1651528289784991,0.002084856009153252,0.005803492521749063,2.2363105708448896,Down
RAPGEF3,-0.8622955316807079,0.44009593489336307,0.5063993658613066,0.2955068468357008,Not Significant
RAPGEF4,-2.0816765879109838,0.0013924003134017416,0.004213589894024976,2.375347736271624,Down
RAPGEF5,-3.4632847752887344,0.0006650298056441659,0.0023731881905984156,2.624667821454887,Down
RAPGEF6,0.3396800550981478,0.140712124472446,0.1918980769341959,0.7169293774325942,Not Significant
RAPH1,-0.593453030811105,0.02120509920072349,0.038153271896425874,1.4184682124762642,Not Significant
RARA,0.8222444156579201,0.001999840852200406,0.005616586722621851,2.250527531026479,Not Significant
RARRES2,-2.8811519595564423,2.622823828265674e-05,0.00022487087017828425,3.648066799522999,Down
RARS,0.1018638561530878,0.4248480861539814,0.4916057454531597,0.30838305010612405,Not Significant
RARS2,0.42298463911180306,0.03075885365009761,0.05206060007914706,1.2834908302805614,Not Significant
RASA1,-0.5703129598884686,0.0006355670452102822,0.002292710419860458,2.6396507952476327,Not Significant
RASA2,-0.5885531031290938,0.020622665305695956,0.03726506372907284,1.4286981317217755,Not Significant
RASA3,-0.4990843261046365,0.05735323175083853,0.08898451511750306,1.0506855617160076,Not Significant
RASA4,1.16708350364123,0.04482225899786286,0.07214242485132935,1.1418092642653244,Not Significant
RASAL1,-4.554668471485462,0.00038181408354001303,0.0015487576898938144,2.810016524250967,Down
RASAL2,-0.5061133994962468,0.007788655720163997,0.01668713690449428,1.777618171004615,Not Significant
RASAL3,1.9347601578920024,6.797825376159985e-05,0.0004319941909866916,3.364522093091077,Up
RASGEF1A,-3.6806454319011355,0.0017983843554270037,0.0051940722467235185,2.2844920138643703,Down
RASGRF1,-4.113649500169306,0.004024555396056792,0.009835849359504155,2.007188131299433,Down
RASGRF2,-4.537365884756305,4.3265566824125507e-07,1.3452386425501245e-05,4.871200665885171,Down
RASGRP1,-1.426438453458978,0.025276941159667284,0.04414943385798975,1.3550748611447925,Down
RASGRP2,-1.5006757713365726,0.0005074896905681857,0.0019328737779901334,2.713796505677711,Down
RASIP1,-0.28978361022150345,0.4286397980287061,0.4949698905709749,0.3054212187565195,Not Significant
RASL12,1.2971694844476271,0.056336082533365306,0.08770355361476158,1.056982809324781,Not Significant
RASSF1,0.969160922893721,0.0017275041981665749,0.005018130707130933,2.2994580308160635,Not Significant
RASSF2,1.1438736286741822,0.002081842847369951,0.005797000741132175,2.236796644105752,Up
RASSF4,2.518188032091615,1.582760636762044e-05,0.00015571026030020344,3.807682769288352,Up
RASSF5,-0.6236411261277439,0.10158638984103123,0.14485227052491842,0.8390746929440661,Not Significant
RASSF8,0.2912438851488375,0.1534570218243052,0.20653654480401476,0.6850030926637128,Not Significant
RAVER1,1.0650970619180669,0.0009821594423252453,0.0032207923899689192,2.4920372685975005,Up
RAVER2,0.18817411078809343,0.5651717546966488,0.6265588485544228,0.20303813232795184,Not Significant
RB1,0.6630237545111015,0.0031371226930403213,0.008035437073401524,2.0949904955771825,Not Significant
RB1CC1,-1.118442825248387,1.493836513003544e-09,4.702784072499282e-07,6.327644961350641,Down
RBAK,0.291548065765479,0.023336264403449172,0.04129721345837071,1.3840792515029425,Not Significant
RBBP4,0.3576916391335878,0.0002672924601352128,0.001191462054602714,2.9239197844036093,Not Significant
RBBP5,-0.2575371692457509,0.04091232109186459,0.06664791763897863,1.176213415222796,Not Significant
RBBP6,0.6702796238555919,0.00033797819922130987,0.0014157140868837736,2.8490244465236336,Not Significant
RBBP7,0.9866531242847998,0.004721686215577928,0.011145213949089577,1.9529115901700902,Not Significant
RBBP9,1.0614033897583788,0.0008815252863592056,0.0029473898887429927,2.530562410695831,Up
RBCK1,0.683726147806965,0.0041419417920365445,0.010049595764204276,1.9978514069903819,Not Significant
RBFA,0.8561494526701345,0.0004466022477269092,0.001755443507133773,2.755613142236707,Not Significant
RBFOX1,-4.167959790018678,8.955154967065936e-06,0.00010576111505067086,3.97567397902144,Down
RBFOX2,-1.27727309967646,3.204814601420764e-07,1.1368064188279146e-05,4.944313482886996,Down
RBFOX3,-6.763254954036901,0.00030698120936329906,0.0013201766639853426,2.8793679482939982,Down
RBKS,-0.14716856749972784,0.7005348675931542,0.7493298212076275,0.12532698336586184,Not Significant
RBL2,0.43960323183729955,0.002321997999604993,0.006347844734876717,2.197373704414185,Not Significant
RBM10,0.5319510198213635,0.028827921589962044,0.04931439668827944,1.3070262756612003,Not Significant
RBM12,0.6764108500513473,1.0920093080725403e-06,2.517368825977751e-05,4.599053150223497,Not Significant
RBM12B,0.6065384362293536,0.0027044732781731583,0.007169701001135894,2.1444989553872054,Not Significant
RBM14,0.5087574968052735,0.0862062564441537,0.1259792589713671,0.8997009505630053,Not Significant
RBM15,1.065629876418015,1.8126358816058632e-06,3.555861868770252e-05,4.449055118004417,Up
RBM15B,0.5913496863507284,0.018420205557762588,0.033942774975105235,1.4692526550321676,Not Significant
RBM17,0.6196922742548239,0.008391435639458987,0.017718575273927863,1.7515712020622372,Not Significant
RBM18,-0.397088848450732,0.008614196819973203,0.018109227621955354,1.742100072417916,Not Significant
RBM19,0.3678299825775184,0.09474600517907612,0.1367437329762196,0.8640925684403374,Not Significant
RBM22,0.7110181217670046,4.477687022396387e-07,1.3752505812079636e-05,4.861618162836762,Not Significant
RBM23,0.527750454342133,0.0010363857531510744,0.0033538548272547134,2.474455739907244,Not Significant
RBM25,0.25647982054045926,0.056946606187771844,0.08842471210604395,1.053426345490706,Not Significant
RBM26,-0.48442436755210494,0.0031211059241242744,0.008004587851229109,2.0966610245872745,Not Significant
RBM27,-0.21085269244594684,0.014360652585862117,0.027514114520725556,1.5604444594092752,Not Significant
RBM28,0.8443216497970667,0.007353394341169695,0.015906827269259932,1.798416434863777,Not Significant
RBM3,1.1388110044264508,0.010280678759174319,0.020914288735848562,1.6795569005477866,Up
RBM33,0.3022188469144709,0.1923739273055056,0.2505931606831782,0.6010307861674414,Not Significant
RBM34,0.1515568360458488,0.23825949249445658,0.301725471701968,0.5203880250830186,Not Significant
RBM38,1.0639115906278231,5.9767424729851914e-05,0.00039742378661949057,3.400746143042927,Up
RBM39,0.7402079869681337,7.21032602660806e-05,0.00045144079796177505,3.3453991950832007,Not Significant
RBM4,0.8340334658384521,2.0504091216926803e-05,0.00018726946048895792,3.727533040684183,Not Significant
RBM42,0.856378647973397,0.0011209697853708101,0.0035804215655756313,2.4460658356956424,Not Significant
RBM43,0.45429128032548327,0.008324636890402146,0.017603356850107308,1.7544045070456906,Not Significant
RBM45,0.39892424465667276,0.012247848593631684,0.024183619508476202,1.6164786987226114,Not Significant
RBM47,3.3359187763365252,1.1100556241984006e-05,0.0001231574929314393,3.909539160440517,Up
RBM48,-0.23406007421925779,0.3849788841279635,0.4531227104457418,0.3437841704977144,Not Significant
RBM4B,0.946933808055995,0.0006023639759988152,0.002205821408292281,2.6564296526088493,Not Significant
RBM5,0.8295961113444541,0.00265935999552651,0.007068705170167299,2.150660132023761,Not Significant
RBM6,0.6416960391485489,0.01039945982733843,0.021087793538769595,1.6759688590498563,Not Significant
RBM7,0.7953631511613377,0.004662083566755053,0.01103520438239906,1.9572196188841906,Not Significant
RBM8A,0.6290878377627678,7.867627658995313e-05,0.0004810016040614128,3.3178534753229276,Not Significant
RBMS1,0.9492362144982049,0.044839041388849914,0.07215790781969234,1.1417160674219788,Not Significant
RBMS2,0.8650854010423448,0.021963316745960238,0.03931386867427211,1.4054542174055833,Not Significant
RBMS3,-0.41204108833138164,0.04947706260944344,0.07857984056874243,1.1046888566668145,Not Significant
RBMX,1.1790189676492169,7.299568026314405e-07,1.9453928120923626e-05,4.7109926931045125,Up
RBMX2,-0.013276736485664742,0.8997138396129697,0.9209222942756611,0.03577701322444805,Not Significant
RBMXL1,0.13281032040648455,0.27825434385465164,0.3446194074246079,0.4626602686753324,Not Significant
RBP1,-1.9376423646281964,0.007375522451356734,0.015951269466502306,1.7972047483210256,Down
RBP4,-5.901373939573707,2.971591416772364e-05,0.0002455441462178652,3.60987041500655,Down
RBP7,-1.4696489510809858,0.07059106762082705,0.10612362560994056,0.9741879211897708,Not Significant
RBPJ,0.9652486014283319,0.004840502286368478,0.01137732618592535,1.9439597905893222,Not Significant
RBPMS,0.2943226199423723,0.5348159125561931,0.597641209438834,0.2235594640460002,Not Significant
RBSN,-0.18485862608163472,0.2418996265405014,0.3057970683610254,0.5145666824316535,Not Significant
RBX1,0.045079438992956966,0.7802804108617761,0.8195751078116498,0.08641124049071883,Not Significant
RC3H1,0.16985280667077163,0.19192542797479237,0.250123772499102,0.6018450296827672,Not Significant
RC3H2,0.026503941003046094,0.7978521946970618,0.8355923702441211,0.07800553419676062,Not Significant
RCAN1,0.9981154337483602,0.09448777637358595,0.1364296773953712,0.8650911478092327,Not Significant
RCAN2,-3.832959931575367,0.0028434791585096905,0.007455806622286992,2.1275053645975817,Down
RCBTB1,0.026826842238047988,0.9309589575733467,0.9468430629574855,0.02372199833535549,Not Significant
RCBTB2,1.4086398279723866,0.00010677223149724662,0.0005999015393771682,3.221920023639888,Up
RCC1,2.17669782963193,0.00031879582143339166,0.0013573749387658443,2.867300173456161,Up
RCC2,1.3751618622494135,0.0003027918327597078,0.0013063490035208978,2.8839407816713845,Up
RCCD1,-0.2932741593402781,0.29651912559983395,0.36357517907652476,0.4394057732994891,Not Significant
RCHY1,-0.5063002566823585,0.023139474785445105,0.04102553132498662,1.3869457856553558,Not Significant
RCL1,0.6006564169817565,0.006378434134260289,0.01418745553942327,1.8480954864505301,Not Significant
RCN1,0.8973235096221508,0.007426998771061078,0.016036763042940227,1.7948832878259515,Not Significant
RCN2,0.04708692090842703,0.7909876150006379,0.8294378300735323,0.08121616065573263,Not Significant
RCN3,1.1867125526687214,6.525338398912109e-06,8.570568322117417e-05,4.066990378663038,Up
RCOR1,0.82349679979896,0.00566945960203005,0.012873488157121126,1.8903037621758947,Not Significant
RCOR2,1.3035333377525653,0.018192956694999627,0.033573153644518454,1.4740078620262183,Up
RCOR3,0.3019303574780281,0.09239922996733378,0.1337207071815717,0.8738013353082892,Not Significant
RCSD1,1.6372690748188727,5.3741744917097894e-05,0.00036854617991480206,3.4335080860258174,Up
RDH10,3.5485920504075175,0.0026434199307981314,0.007028331729206458,2.153147748490933,Up
RDH11,0.35477952930481393,0.011233542712266785,0.022502825468955177,1.6477629481759273,Not Significant
RDH13,-1.571591539991795,0.023732924439081735,0.04187136266187556,1.3780829051965786,Down
RDH14,-0.2977364394442077,0.08079568794302056,0.11913579630239887,0.9239577280149164,Not Significant
RDX,1.5941321359804093,4.510461194688775e-07,1.3811059597354018e-05,4.859773000666059,Up
RECK,0.6130932011879686,3.8950391327785536e-05,0.00029455546835060076,3.53083291028176,Not Significant
RECQL,1.2517376079860156,0.0001513356563605106,0.0007772604099201203,3.1094334526999003,Up
RECQL5,0.46759409170210375,0.0035275483771829517,0.008828949652606473,2.0540909597531054,Not Significant
REEP1,-1.9583900527101328,2.4463181041378014e-07,9.857683432433685e-06,5.006225132798736,Down
REEP2,-1.3316150369385689,0.00123650183479073,0.0038541211273767986,2.414074640452567,Down
REEP3,0.9602257378080097,0.0026009152014862752,0.006939569688065676,2.1586674586362964,Not Significant
REEP4,2.0654222887107707,9.838534287014185e-07,2.337580056777851e-05,4.63123350660668,Up
REEP5,-1.4151342317218614,5.4996289107493906e-05,0.00037460420607619545,3.426427350651579,Down
REEP6,-0.6726965255490391,0.029571446670261566,0.05037491323385192,1.2977856888824328,Not Significant
REL,0.7553726312030058,0.002881303569114808,0.00753341607974632,2.1230080452917486,Not Significant
RELA,1.2760447564317232,2.2857681235311893e-05,0.00020380899624017698,3.6907766499113563,Up
RELB,1.901851704856604,0.00020043439999401172,0.000959228572702933,3.0180778933137105,Up
RELL1,1.075765183761611,0.006367718915123544,0.014170179003966112,1.848624663517981,Up
RELL2,-2.7448677642848462,2.892219935579092e-07,1.073115782035073e-05,4.96935341802826,Down
RENBP,0.04591857826263457,0.888436471752526,0.912066546054718,0.03997347359043151,Not Significant
REPIN1,0.709090154233575,0.024343266761035126,0.04276841111800974,1.3688768838441578,Not Significant
REPS1,-0.08460028949451726,0.768381850339163,0.8096097437837807,0.09172427366872239,Not Significant
REPS2,-2.191643916909424,0.00030278788673934574,0.0013063490035208978,2.8839407816713845,Down
RER1,0.2835942581764854,0.01623169773483328,0.030427637324285536,1.516731768866348,Not Significant
RERE,-1.0219505254313646,0.0005413203815925012,0.0020306299905033217,2.692369203981725,Down
REST,1.8624988631629495,4.1630207401911403e-07,1.3064881911740048e-05,4.8838945113336285,Up
RETN,2.020655266265135,0.5211323863678873,0.5850760793792597,0.2327876574967937,Not Significant
RETSAT,0.4689833705438282,0.012813968522666199,0.02509485204069582,1.6004153605756195,Not Significant
REXO2,0.6831823006500386,0.017526572072336162,0.03246876936743614,1.4885341717084646,Not Significant
REXO4,0.4478219463284958,0.013214963047885617,0.025687520725076195,1.590277810384426,Not Significant
RFC1,0.5553097277123129,0.00136789665609749,0.004159429795812289,2.3809662014659,Not Significant
RFC2,0.9840694035779904,2.116612893183656e-05,0.00019175142343464164,3.717261403454519,Not Significant
RFC3,1.0279387342439605,0.00415640952293299,0.010058725776637188,1.9974570315290843,Up
RFC4,0.9761277012235894,0.004127246420602853,0.010021181113799264,1.999081088750642,Not Significant
RFC5,1.0370212231563585,0.004910430926761149,0.011509465136387113,1.9389448582740285,Up
RFESD,0.32421456815929517,0.24586045894878833,0.3099872670150305,0.508656144806633,Not Significant
RFFL,0.36707787282465887,0.11414336619805907,0.16035145322538655,0.7949270998147022,Not Significant
RFK,-1.3266735224935218,0.000349614832932242,0.0014517806376584525,2.838099000062605,Down
RFT1,0.31575521178658406,0.1958853515902462,0.2545271548974771,0.5942658770088995,Not Significant
RFTN1,-0.06022286883488093,0.9159865833934135,0.9347294206954263,0.029314087635954323,Not Significant
RFTN2,1.3085664577184701,0.001103408653881681,0.0035321699330168586,2.4519584106448087,Up
RFX1,-0.09059572994362952,0.6702230515475983,0.7222750343699728,0.14129739638537048,Not Significant
RFX2,1.0442512335626386,0.004714770518250447,0.011136365346038688,1.9532565297839903,Up
RFX3,0.05393885848620528,0.7430971647289237,0.7877471153824243,0.10361317847549785,Not Significant
RFX4,1.7135740910499244,0.00013033645699156822,0.0006932468150649727,3.159112116994075,Up
RFX5,1.1426079673713687,0.00017429670317775487,0.0008628329178440799,3.0640732945322493,Up
RFXANK,1.2057823224756952,4.9787583768310506e-06,7.074190675344993e-05,4.150323238536796,Up
RFXAP,-0.25670014867124635,0.287567418584122,0.35423748774962643,0.4507054808045986,Not Significant
RGCC,0.7134733117141323,0.24276959711265333,0.3067813498887192,0.5131710459180086,Not Significant
RGL1,-0.5936946935938145,0.01060997687450874,0.02147145581233448,1.6681385084361757,Not Significant
RGL2,1.3742891186489707,2.164936083259046e-05,0.00019542621955870638,3.7090171691445994,Up
RGMA,1.0288270816807206,0.009046618180259357,0.018825786314383964,1.7252468751609304,Up
RGMB,0.3548323569260674,0.27149811517513955,0.3376215297215598,0.47156986672310885,Not Significant
RGN,-2.935132969818179,2.9396354725884826e-07,1.0807988230239553e-05,4.966255136926884,Down
RGP1,-0.11414073821418569,0.18696269514484473,0.24482805029106536,0.6111388259515602,Not Significant
RGPD3,-0.6908878625308841,0.1007758738158832,0.1440022911803131,0.8416305979113404,Not Significant
RGS10,2.3708522596726205,7.875544263456035e-06,9.770718338676858e-05,4.0100735059787445,Up
RGS12,0.0564705625279025,0.7863287401391346,0.8249818504646576,0.08355560578916832,Not Significant
RGS14,-2.9128154724322375,0.00014744776650144198,0.0007625199177287097,3.1177488076576427,Down
RGS17,-0.8104747642998404,0.2503055115825712,0.31492165900872016,0.5017974693587022,Not Significant
RGS18,2.6372854091228,6.608133845553555e-06,8.616864109068544e-05,4.06465075597482,Up
RGS19,1.8475682107773483,5.771143920296909e-06,7.888535122533388e-05,4.103003636494748,Up
RGS20,-2.9305611620627356,0.00018149130113968867,0.0008910055398056645,3.0501195957391616,Down
RGS3,-0.09742725864132318,0.767891225810001,0.8092620785448217,0.09191080986642276,Not Significant
RGS6,-2.717497711736568,0.009737264091607816,0.01996604894338635,1.699707868622269,Down
RGS7,-4.152269469303912,0.0018588383106183384,0.005325920688614659,2.2736053051808685,Down
RGS7BP,-2.9637908699514135,1.6652433076596372e-09,5.025402421643481e-07,6.298829155300225,Down
RHBDD1,0.23115363622747154,0.20407770179689047,0.2641499123605133,0.5781495290669597,Not Significant
RHBDD2,-0.919023317191396,0.003745645445094675,0.009265000387981462,2.0331545581585533,Not Significant
RHBDD3,0.48919383825409923,0.03173503396189535,0.05355087640404251,1.2712334171883346,Not Significant
RHBDF1,0.7957786061609706,0.024493542534654834,0.04298744729862592,1.3666583436021484,Not Significant
RHBDF2,1.9010260030461676,3.553052988910358e-05,0.00027768390853594215,3.556449286387762,Up
RHCE,-0.0879692559897336,0.8033235494860657,0.8401448827701692,0.07564581350731793,Not Significant
RHEB,-0.00825312623516794,0.9673454975330855,0.9753323213508897,0.010847383544128864,Not Significant
RHOA,0.7024037388113733,0.0007029819276844301,0.0024727094760799402,2.606826906828034,Not Significant
RHOB,0.9555341918852847,0.02929995321136014,0.05001995062722285,1.3008567412807512,Not Significant
RHOBTB3,0.5436467309414006,0.04197359420640413,0.06806857502178287,1.167053341016589,Not Significant
RHOC,1.945406340396616,1.3555155800498311e-05,0.00013821319790912955,3.859450484418864,Up
RHOF,-0.7050585722206986,0.001802783569681564,0.0052041728759986625,2.2836482851609428,Not Significant
RHOG,2.0558060002201266,4.7980225990405305e-06,6.895189680846549e-05,4.161453782249277,Up
RHOJ,0.5498480767974225,0.3606779333645296,0.4285257106633177,0.36802311618132044,Not Significant
RHOQ,0.024801310681596078,0.9103072284597384,0.9298757878222881,0.03157506033439913,Not Significant
RHOT1,-0.7924681105625204,1.7579987240960628e-06,3.4862360524692395e-05,4.457643210222563,Not Significant
RHOT2,0.2915735791695475,0.04098676177855644,0.0667152428756144,1.1757749285952332,Not Significant
RHOU,0.7702733230585395,0.05914301030626934,0.09139541123260582,1.0390756087124073,Not Significant
RHPN2,1.058415958889995,0.01879596708213739,0.034508943390824144,1.4620683379139496,Up
RIC1,0.680947534150846,0.002472243309030923,0.006684213391083607,2.1749496938638075,Not Significant
RIC3,-0.38331441539699895,0.4115156893461948,0.47892895730979285,0.3197289035720153,Not Significant
RIC8A,0.18862895957518688,0.32237473218999213,0.39047770254682945,0.4084037606019185,Not Significant
RIC8B,0.3357550241415268,0.02078558134007276,0.03747207344665228,1.4262922753736218,Not Significant
RICTOR,0.3963766383582694,0.0940536450227044,0.13586119526895016,0.8669045689266108,Not Significant
RIF1,-0.2331072961750067,0.019476728758117904,0.03556435843923867,1.4489850213204556,Not Significant
RILP,-1.3464132726923186,2.357339238200533e-05,0.00020758597452475672,3.6828019927902176,Down
RILPL1,-0.021330720836058248,0.9076878288026995,0.9278586694427595,0.03251817006939052,Not Significant
RILPL2,0.10212960375591962,0.5986676142179888,0.6573272529299203,0.18221836140330888,Not Significant
RIMBP2,-4.1694476898243025,7.801353009932457e-06,9.690607918872942e-05,4.0136489775900435,Down
RIMS1,-3.7970457016096404,0.0008600841374552919,0.0028900892597480358,2.539088743950235,Down
RIMS2,-2.7461945131348244,8.049304373942824e-07,2.052878285141772e-05,4.687636799123464,Down
RIMS3,-4.170105479517808,7.0205362325733465e-06,9.030943370029336e-05,4.044266881026606,Down
RIMS4,-3.628967575867815,1.3021987254989124e-05,0.00013413445767562418,3.872459642311904,Down
RIN1,-1.7504358768244188,0.008920096026762811,0.01860092059068693,1.7304655612895197,Down
RIN2,1.6514890992622888,0.0018166299153574907,0.005237758948858432,2.280854492468547,Up
RIN3,1.8487808691875482,8.91125683482013e-05,0.000527450066709624,3.277818648407384,Up
RING1,0.8951058326956307,3.457512048656671e-06,5.5640537345315185e-05,4.2546086844855555,Not Significant
RINT1,0.03759099275916,0.7195363556938965,0.766886293616199,0.11526902420721802,Not Significant
RIOK1,0.8679036636108606,0.0005350925013235179,0.002012139551449466,2.696341902183345,Not Significant
RIOK2,0.31497922397372946,0.012967186987357143,0.02534072584105448,1.5961809496637034,Not Significant
RIOK3,0.32416350065951605,0.1462184763308582,0.19827768617001823,0.7027261577992472,Not Significant
RIPK1,0.6941644002760263,0.006029498591776701,0.013531113569516258,1.8686664608158676,Not Significant
RIPK2,2.1879331226522094,3.034674739542672e-06,5.155364810481092e-05,4.287740597194616,Up
RIPK3,2.020321376089555,4.1174886368268404e-05,0.00030510381441493126,3.515552362764014,Up
RIT1,1.5475376715730853,3.772903604296202e-05,0.0002888163442984798,3.539378233409221,Up
RIT2,-4.248091329519683,0.030193764894704787,0.05125918226310348,1.2902283263892806,Not Significant
RLBP1,-2.8521587440065925,0.0004927497015730955,0.0018945515794878145,2.7224935664871652,Down
RLF,-0.057192034564714334,0.6942859393971845,0.7438303257989192,0.12852611952551277,Not Significant
RLIM,-0.6108593993205851,0.0045013269063559095,0.01072778974559485,1.9694897468289747,Not Significant
RMDN1,0.7706334375851576,0.0038752165366701605,0.009519368785763276,2.021391848038673,Not Significant
RMDN2,-0.525513871965904,0.10979042143083276,0.1550362637362222,0.8095667063555757,Not Significant
RMDN3,-0.1942808219436678,0.1381750789704314,0.189127139340778,0.7232461463520223,Not Significant
RMI1,0.07120945896453357,0.766597135127955,0.8083963497142724,0.09237565619400233,Not Significant
RMND1,-0.4588542557395243,0.007771963457539003,0.01665957392338196,1.778336110077511,Not Significant
RMND5A,-0.8856859300704016,1.0035370806169232e-05,0.0001151438787031308,3.9387591451171664,Not Significant
RNASE1,0.2565059227969897,0.7593856087659769,0.8023153697860302,0.09565488803018024,Not Significant
RNASE2,3.849762236783972,0.00020773737004093926,0.0009834333955791457,3.007255047958117,Up
RNASE3,4.984775240506245,0.018563634509296913,0.03416302050253519,1.4664437384048286,Up
RNASE4,1.9264085275081548,0.16887664918866965,0.22405681073708128,0.649641850141583,Not Significant
RNASE6,3.412586168439754,3.3680476804121484e-06,5.4725342471729004e-05,4.2618115119324065,Up
RNASEH1,-0.25798962083301546,0.09942465449961051,0.1425567847180581,0.8460121084457544,Not Significant
RNASEH2A,2.007665060656283,0.003024252328301216,0.007815884544716893,2.107021864586456,Up
RNASEH2B,0.02411740974293508,0.8845052495294871,0.9092352942612298,0.04132371438416354,Not Significant
RNASEH2C,0.9999046833079035,7.28102502074313e-05,0.00045445505612742436,3.342509060386996,Not Significant
RNASEK,0.2982137428229663,0.23320639158991968,0.29618270157297666,0.5284403098620184,Not Significant
RNASEL,-0.1469470034709559,0.6384623673877506,0.6933883019689736,0.15902348952297204,Not Significant
RNASET2,1.3736806205253593,0.002505170497710563,0.006749689113114793,2.1707162300679506,Up
RND2,2.1093519954687245,0.0016472051465096318,0.0048254498660918075,2.316462192112142,Up
RND3,2.14878764512272,0.002831426127411961,0.007426135591655322,2.1292371253805173,Up
RNF10,-0.43256375615698417,0.05074691956849996,0.08017666259083549,1.09595202551815,Not Significant
RNF11,-1.7353718700064533,3.3846836421326e-07,1.1637304781857955e-05,4.9341475913272905,Down
RNF112,-0.4491309327242021,0.014481876936389956,0.027704221089478242,1.5574540556212697,Not Significant
RNF113A,0.18305026931690094,0.31712360523194694,0.3854357100015795,0.4140480511279285,Not Significant
RNF114,0.766364845109095,7.6287330252328995e-06,9.534969788609955e-05,4.020680678670495,Not Significant
RNF115,-0.0622884722724244,0.5820161603804834,0.6427571584820204,0.1919530778559643,Not Significant
RNF121,0.5365054551167283,0.001198284030539601,0.0037669597554555465,2.424009019583551,Not Significant
RNF123,-0.37619550714198624,0.047070164195603705,0.07525548866949877,1.1234618198278323,Not Significant
RNF126,0.21852680483675258,0.2625549965144944,0.3282833604178995,0.4837511296429636,Not Significant
RNF13,0.5347859874725991,0.037602691255070736,0.062059225377389025,1.2071936495772648,Not Significant
RNF130,-0.5502895632747205,0.0068513880552512904,0.015030680154312172,1.82302136667981,Not Significant
RNF135,1.5024549079295788,0.0023709007488874416,0.0064570030127851005,2.1899690109558394,Up
RNF138,-0.14375610462075983,0.4217179614718167,0.48871353317233196,0.3109456345738557,Not Significant
RNF139,0.5138867639391798,0.00771280455078307,0.01656690683253489,1.7807585700936572,Not Significant
RNF14,-0.5217384597420924,0.0036633512204253317,0.009105502145217072,2.0406960989757574,Not Significant
RNF141,-0.3507271145245312,0.21629773754147902,0.27775441784485144,0.5563390246269427,Not Significant
RNF145,0.20214830560261987,0.3001766707663137,0.367299864119986,0.43497923231888047,Not Significant
RNF146,-0.400348828976238,0.10017270739186254,0.14335622883547708,0.8435834321900736,Not Significant
RNF149,0.3470124703189619,0.20785575868822898,0.2682473626729719,0.5714645391931604,Not Significant
RNF157,-2.3207399950656615,4.3842200031627213e-07,1.3589733019034231e-05,4.866789075239481,Down
RNF166,0.9931594177874938,0.00020272299300325838,0.00096742370038599,3.0143832772734136,Not Significant
RNF167,0.06748435515794071,0.5041057780899935,0.5688766224351511,0.24498191287666715,Not Significant
RNF169,0.6081381198922067,0.0037745010567429493,0.009319687168046193,2.0305986652717145,Not Significant
RNF170,-0.3679943883776069,0.01954937999493953,0.035661573745487604,1.4477994953193793,Not Significant
RNF180,0.7846065798947457,0.004447175498685877,0.010621348026022171,1.9738203605511357,Not Significant
RNF181,0.5779507288329739,0.0016724941185058163,0.004878988317801203,2.3116702217566716,Not Significant
RNF185,0.16061378326224585,0.3456938126307687,0.41433902063561734,0.3826441648220712,Not Significant
RNF19A,1.1344102709747617,0.04107075071825577,0.06678720625273747,1.1753067229433551,Not Significant
RNF2,0.28175270318536505,0.08584040955465226,0.12552711363820102,0.9012624571977564,Not Significant
RNF20,0.43771099274424685,0.0022026520494717356,0.006074327058959284,2.2165018281442452,Not Significant
RNF213,1.5108319676379374,8.486983700613778e-05,0.0005101305119330741,3.2923186996645217,Up
RNF214,0.36589471120779393,0.014681792036014524,0.02800567258439692,1.5527539928511722,Not Significant
RNF216,0.47989977893721303,0.002120503223676307,0.005884834566202511,2.2302657414858373,Not Significant
RNF219,-0.6227314130010768,0.02153925045698832,0.038657831659308806,1.4127625094592193,Not Significant
RNF220,-1.0150054799950397,3.5790799121154883e-05,0.0002787291565203947,3.5548175994473943,Down
RNF25,0.4577367880640324,0.011489218655789531,0.022883034546940243,1.6404863837424721,Not Significant
RNF31,0.6506063448994723,0.00023208264644007364,0.0010719855938731324,2.969811050971088,Not Significant
RNF34,-0.22133430951124922,0.20617944867032184,0.26636223764134026,0.5745273453668011,Not Significant
RNF40,0.9171482806057512,0.00016663344849476142,0.0008344931480993337,3.078577224898295,Not Significant
RNF41,-0.8444680812231873,3.472189945019722e-05,0.0002732721992666303,3.563404548033721,Not Significant
RNF5,0.592818685141637,0.0026209300021392545,0.006983139074729133,2.1559493085552917,Not Significant
RNF6,-0.9952045290900173,0.0008624665859044215,0.0028950133779008496,2.538349425050502,Not Significant
RNF7,0.44221853599391636,0.05961614255328062,0.09194320576879195,1.0364803578466981,Not Significant
RNFT2,-0.6484777993903563,0.009098507620017163,0.01892204082660052,1.7230320248088224,Not Significant
RNGTT,-0.34891859089679045,0.029505951485350984,0.050277901769862285,1.2986228548680359,Not Significant
RNH1,0.31469281463033383,0.12092980021209723,0.16833588604900754,0.7738232907281777,Not Significant
RNLS,-2.218220195601715,0.004352775345769804,0.010442928991018102,1.981177675066417,Down
RNMT,-0.4893495857898067,0.009382503882917668,0.019408489551645293,1.7120082618764745,Not Significant
RNPC3,-0.3125324196854464,0.27045951785686184,0.3364545792652539,0.47307355642035803,Not Significant
RNPEP,0.877340085502123,0.00029804310870801124,0.0012925037783575143,2.888568178665416,Not Significant
RNPS1,-0.19996483270253052,0.05330270483105761,0.08362738646131045,1.0776514756553301,Not Significant
ROBO1,1.352210586287498,0.000543157846108429,0.0020341160378053212,2.6916242760243283,Up
ROBO2,-0.19634268089490092,0.679549084508697,0.7303720769594167,0.136455838779141,Not Significant
ROCK1,0.810947793281354,1.64393922518694e-05,0.00016047523017958558,3.7945919927076996,Not Significant
ROCK2,-1.1305063485029372,8.969755265254912e-07,2.1721469841869706e-05,4.663110790380835,Down
ROGDI,-1.5570424275764978,0.00019535838070520713,0.0009418569445193345,3.0260150557250016,Down
ROMO1,1.151152560550777,4.0833206155464915e-06,6.223203007717905e-05,4.205986031621405,Up
RORA,-0.6065231347605895,0.13274100295099567,0.18273201198802,0.738185363912314,Not Significant
RP2,2.246145070473535,1.8004075084993957e-05,0.00017094538398325083,3.767142621908444,Up
RP9,0.9821723069251611,0.00017595994918174267,0.0008689316314004292,3.0610143930261366,Not Significant
RPA1,0.6722598156944315,1.0992866492738972e-05,0.00012235023395758274,3.9123951958553875,Not Significant
RPA2,0.41269852274554353,0.03891831572466943,0.06381235556808591,1.1950952235434207,Not Significant
RPA3,-0.160154282271316,0.5902720992864038,0.6500219860309611,0.18707195374107816,Not Significant
RPAIN,1.1265416984675376,3.1604187031056445e-06,5.297513812826333e-05,4.275927902228978,Up
RPAP1,-0.006409253643511192,0.9715766265309232,0.9788641799852507,0.0092775635339129,Not Significant
RPAP2,-0.27093419783286876,0.14918024117263823,0.20153436362788754,0.6956508916491383,Not Significant
RPAP3,-0.46594412489313797,0.0021824538262902,0.0060219227187202065,2.2202648222288937,Not Significant
RPE,-0.11712947045715438,0.51892738666267,0.5832505292022467,0.234144858484469,Not Significant
RPF1,0.5153448603050279,0.0028181659631572485,0.007403808035440781,2.1305448500797994,Not Significant
RPF2,0.015826054445398086,0.9263917063424894,0.9436269008790938,0.02519968675971542,Not Significant
RPGR,0.328919415634191,0.2815628829911388,0.348075160541506,0.4583269678810775,Not Significant
RPH3A,-5.87061521911671,0.00012789626031586975,0.0006819425074788834,3.1662522378613502,Down
RPIA,0.9248194757397634,1.3233176926554926e-07,6.665551217905716e-06,5.176163930121674,Not Significant
RPL10,1.4810056173986759,6.960345335390927e-08,4.7377377641032564e-06,5.324428981341139,Up
RPL10A,0.6049253778112558,0.006918611849677752,0.015155054527865553,1.8194424967025933,Not Significant
RPL11,1.235932756841141,0.0007481934245574879,0.002588752381285496,2.5869094886089012,Up
RPL12,1.2992539403200603,0.000263784548107355,0.0011789554292961377,2.9285026132057013,Up
RPL13,0.789843686479891,0.003272147670427856,0.008303177741030282,2.080755665301794,Not Significant
RPL13A,1.3908135351590794,7.619950625779481e-05,0.00047036386399572605,3.3275660506012987,Up
RPL14,0.1725452354211896,0.3519279012923145,0.4201872176900358,0.3765571631892739,Not Significant
RPL15,-0.030825804790538314,0.8848693276524954,0.9094239549858435,0.04123361030119208,Not Significant
RPL17,0.7728299546957906,0.003679261405004694,0.009140537458450625,2.039028267244628,Not Significant
RPL18,1.1227024172553541,0.0003375230992769881,0.0014149844786168866,2.8492483240181423,Up
RPL18A,1.5246880679233925,0.00020237136258587147,0.000966661501512598,3.0147255773764683,Up
RPL19,1.0994005360059518,0.00011149790960858406,0.0006198865872621222,3.207687760552874,Up
RPL21,0.15719745903017568,0.4869112215054215,0.552256659023375,0.25785903877083977,Not Significant
RPL22,0.6322228590521775,0.0006578885696037014,0.002351869925545666,2.628586701379863,Not Significant
RPL22L1,1.140746739089579,0.0007923452634198037,0.0027140721467837823,2.5663786118960217,Up
RPL23,1.2396365111535417,0.0003535390602076877,0.0014644541498899037,2.834324220951671,Up
RPL23A,0.9175475375445359,0.00036922423139279883,0.0015126331464217387,2.820266387114357,Not Significant
RPL24,0.02475121683889725,0.9232893666263675,0.9413234570786384,0.02626111888247777,Not Significant
RPL26,0.5299425072275739,0.02656877588363418,0.04602026276680377,1.337050905922762,Not Significant
RPL26L1,0.8814390403235954,0.0004034552512056297,0.0016160668789842996,2.7915406704346823,Not Significant
RPL27,0.9528728962803257,0.0037723236512764136,0.009316594376797889,2.0307428122875146,Not Significant
RPL27A,0.9560837829597517,1.8883106484856892e-06,3.630313258176495e-05,4.4400558982620675,Not Significant
RPL28,1.2027384621417632,3.348097278190506e-06,5.4725342471729004e-05,4.2618115119324065,Up
RPL29,1.3356809136541727,0.0004886487531885809,0.0018831857458384714,2.7251068417389184,Up
RPL3,1.0049848289050445,0.0035710589207887957,0.008917909659897453,2.0497369314489315,Up
RPL30,1.4815496284148217,6.182827344934679e-05,0.0004068308469815281,3.3905861251544978,Up
RPL31,-0.1069213329107015,0.739309981597487,0.7842275197023358,0.10555792173338283,Not Significant
RPL32,0.8751275766135009,0.0006468364378418429,0.002319768698760671,2.6345553159107147,Not Significant
RPL34,0.24289080815162833,0.4196344823131075,0.4867470091908169,0.31269670831520374,Not Significant
RPL35,0.563697728734688,0.018506046619607697,0.034069794160440044,1.4676304903022457,Not Significant
RPL35A,0.4755597019187938,0.09853817249766025,0.1414664376337251,0.8493465826088081,Not Significant
RPL36,0.8011978905287478,0.022082250944360466,0.03944724273816334,1.4039833474722967,Not Significant
RPL36A,1.052620528859709,0.0009119391840824102,0.0030259800199098157,2.519133943884399,Up
RPL36AL,-0.11508554053913045,0.4141565056781493,0.4813906355372881,0.31750236228292156,Not Significant
RPL37,0.5119484136758317,0.018597978024868605,0.03419529670058886,1.4660336236937968,Not Significant
RPL37A,0.38809262712986126,0.031225212053023636,0.052767524031973635,1.2776332833949537,Not Significant
RPL38,0.22349824921174744,0.2947087323346322,0.3617075742615844,0.4416423968906633,Not Significant
RPL39,1.1254070232198075,0.00014629115934046438,0.0007586214388041893,3.119974888204814,Up
RPL4,0.5461634089773568,0.0005932627148558237,0.0021780352002396383,2.661935105688461,Not Significant
RPL5,1.0625885864570286,4.955997576208209e-05,0.00034816401382650974,3.4582161195030885,Up
RPL6,0.8457075890611065,0.03591201472431275,0.05960092855563866,1.224746974094518,Not Significant
RPL7,0.8079744552652386,0.0015759899733847585,0.00466270866134451,2.331361719592308,Not Significant
RPL7A,0.9087077514837425,0.0005040230625866923,0.0019240349876840993,2.715787034782623,Not Significant
RPL7L1,0.06780325195188297,0.6206843479921975,0.6778809758969425,0.16884655399277543,Not Significant
RPL8,1.1953275570486284,0.0011687999590211562,0.003696857390009145,2.4321673024500674,Up
RPL9,0.13685593179923927,0.5144288378803707,0.5789502427306527,0.23735875965094053,Not Significant
RPLP0,2.2313973316419435,1.976521307034891e-09,5.170409967300105e-07,6.286475019869837,Up
RPLP1,1.218140864229408,6.446793275506254e-05,0.000418190569590792,3.378625764968513,Up
RPLP2,1.2174695343702098,0.00011332590024607367,0.0006269330692361045,3.2027788215504507,Up
RPN1,0.7528786208482927,0.002600010774995405,0.006939569688065676,2.1586674586362964,Not Significant
RPN2,1.6248004819420672,5.253601737799765e-05,0.0003627469767415684,3.4403961984351628,Up
RPP14,-0.5001124234995071,0.03856362086172896,0.06338553052064898,1.1980098703869213,Not Significant
RPP25,-2.9634647454872542,6.239532995587177e-09,9.977310380562732e-07,6.000986517260582,Down
RPP25L,0.09538552847877213,0.593696422227201,0.6532216860546989,0.18493940572111078,Not Significant
RPP30,-0.08537533002035858,0.44394635662271964,0.5102470732021994,0.29221947773541945,Not Significant
RPP38,0.8870156756714351,3.603751494584199e-05,0.0002797149183360219,3.553284370316939,Not Significant
RPP40,0.41003192268608046,0.30995690788163216,0.3777529506411278,0.4227921346867394,Not Significant
RPRD1A,-0.568491693502839,0.003458250027281072,0.008703075387167004,2.0603272545462894,Not Significant
RPRD1B,0.5550852605930743,0.0004247969710106932,0.0016874624156000488,2.772765891314288,Not Significant
RPRD2,-0.49039172688232213,0.02189681993704752,0.039215744719256304,1.4065395331875494,Not Significant
RPS10,1.115305180114106,0.0008658337072928889,0.002901666256576368,2.537352540644819,Up
RPS11,1.4181605158590749,0.0006560663946453732,0.002347855367551506,2.6293286599836008,Up
RPS12,0.5682953832454416,0.0003688425132442037,0.001511684083979702,2.8205389594430432,Not Significant
RPS13,0.9412605108981751,1.9775647008981788e-05,0.00018310649629456116,3.7372962474250504,Not Significant
RPS14,0.775242274784528,0.002989016211517365,0.007746681068902993,2.110884323582357,Not Significant
RPS15,1.156736740981465,0.0005647107972465404,0.0020938154477223585,2.679061600387824,Up
RPS15A,1.6529092592651118,0.00020312591627899988,0.0009688875381603431,3.0137266299573615,Up
RPS16,1.4685705712343093,3.106623442332458e-05,0.00025259180434267296,3.5975807447802746,Up
RPS17,0.7976635701800561,0.007719528104581086,0.016577814138893598,1.7804727337374486,Not Significant
RPS18,1.090009302202489,0.007853588072079446,0.016808380335272648,1.7744741333983096,Up
RPS19,1.5344484640788565,0.00020992241469313394,0.000991912948226375,3.0035264405109796,Up
RPS19BP1,-0.36113322004953474,0.0739360736848826,0.110361832316122,0.9571810976258452,Not Significant
RPS2,2.1951675819272083,9.074208837092804e-05,0.000534895142333955,3.271731346145248,Up
RPS20,0.5369367769645343,0.003226912089524613,0.00821493320130519,2.08539596362545,Not Significant
RPS21,0.8242005671506725,0.006220432598096147,0.013882285776078996,1.8575390196010917,Not Significant
RPS23,0.5462501891081288,0.023260881833088706,0.04119003754377494,1.385207812193938,Not Significant
RPS24,0.6890443802132431,0.0003362652264743306,0.0014126504968733971,2.849965273434208,Not Significant
RPS25,0.5271624610248473,0.00874713388950434,0.018315141159686212,1.737189729762934,Not Significant
RPS26,0.812667664235363,0.09341372368186843,0.1350530786984992,0.8694955110949711,Not Significant
RPS27,1.0541974483032597,0.005057217965326836,0.011749634174977524,1.9299756549464473,Up
RPS27A,0.4902419812149894,0.021971298866965944,0.03932116979673386,1.4053735704759802,Not Significant
RPS27L,1.0494536451470289,0.002000428147783125,0.005616586722621851,2.250527531026479,Up
RPS28,1.12859557099436,0.017112399971008472,0.03183570033387615,1.4970855919194277,Up
RPS29,0.5934004875817216,0.01363964269708919,0.026378529570066523,1.5787494171825525,Not Significant
RPS3,1.3094018107555847,0.00013920193923055464,0.0007307557768674349,3.136227742714648,Up
RPS3A,0.6060742105159775,0.07157600569557919,0.10742799186192861,0.9688825424052168,Not Significant
RPS4X,0.9599410394012864,0.0019358108080718523,0.005487157591591401,2.2606525666536177,Not Significant
RPS4Y1,4.406187051793125,0.36073465207213123,0.42854255719040685,0.3680060432035206,Not Significant
RPS4Y2,-1.0681570798792202,0.6679265688111242,0.7200312738580273,0.14264864000067187,Not Significant
RPS5,1.3019997351976507,0.0014977169175305093,0.004474495915540436,2.349255884019637,Up
RPS6,0.8769632311307589,0.005540019640890566,0.012658234942692572,1.8976268478803031,Not Significant
RPS6KA1,1.547098374293995,0.0006035884904365123,0.0022086997648592174,2.655863315059618,Up
RPS6KA2,-1.8161773187148746,0.0002015248164030858,0.000963298777061378,3.0162389910642267,Down
RPS6KA3,-0.29393648161292063,0.08007016950878375,0.11832578665563846,0.9269205995659283,Not Significant
RPS6KA4,-0.17385974900742696,0.39389189445447265,0.4618865027044997,0.335464728566622,Not Significant
RPS6KA5,-1.7600878880512862,1.657415134583772e-05,0.00016116602380112854,3.7927265086285384,Down
RPS6KB1,0.22655602844806566,0.049727025785821534,0.0789021984196513,1.1029108960526548,Not Significant
RPS6KB2,0.8838624861462776,1.5193957812031536e-05,0.00015095062228639614,3.8211650922798968,Not Significant
RPS6KC1,-1.1663742846676932,0.000224471592136632,0.001043047425823077,2.9816959443970523,Down
RPS7,0.5791872293958029,0.0031580630222153225,0.008074702255278466,2.0928734827768722,Not Significant
RPS8,1.1955346194826895,0.0016220782800055648,0.004772434752563102,2.321260000450379,Up
RPS9,1.1375167066443979,7.764141420223177e-05,0.00047692658943492857,3.321548464265734,Up
RPSA,0.9306646179116811,0.006137900465620778,0.013731558803167603,1.862280158962274,Not Significant
RPTOR,-0.21955623051080053,0.09531674696272434,0.1374689919688597,0.8617952519100496,Not Significant
RPUSD1,0.5825680341895705,0.008637152300230546,0.018131632878293825,1.7415630829370479,Not Significant
RPUSD2,0.4695800305193707,0.04701184529960277,0.07519805169072695,1.1237934114153734,Not Significant
RPUSD4,0.2287268883111473,0.30919418096783446,0.3770009829837784,0.423657517423188,Not Significant
RRAD,0.7990697666145206,0.22127417220360354,0.28307975193742485,0.548091193638543,Not Significant
RRAGA,-0.002576116729521516,0.9880809667683368,0.9923165845104401,0.0033497502537374857,Not Significant
RRAGC,0.2642731562118801,0.3274447744893996,0.395631477141098,0.4027091624619868,Not Significant
RRAGD,0.005952315107769834,0.9793078108915176,0.9846837894920799,0.0067032116611976346,Not Significant
RRAS,1.3996534677237271,0.0023762779525681415,0.0064681502551125255,2.189219899988842,Up
RRAS2,0.5652934008728057,0.08472320182618873,0.12410957324371459,0.9061947177231423,Not Significant
RRBP1,0.7163605153557242,0.0018054836213770907,0.0052100951021921554,2.2831543492570376,Not Significant
RREB1,1.6740965946700062,0.0013751799785465168,0.004171464046862489,2.379711495174134,Up
RRM1,0.6553607667939652,0.03366288153550294,0.05633220408449445,1.2492432559898055,Not Significant
RRM2,5.793274029439273,2.2169514941947387e-05,0.00019852061646682487,3.702194384856315,Up
RRM2B,-0.5116279329782394,0.0067668184124705134,0.014864572326041856,1.8278475815220772,Not Significant
RRN3,0.3746219165244362,0.027813548427365758,0.047806464230896205,1.320513375563673,Not Significant
RRP1,-0.025809243652414438,0.7189673031018499,0.7664419694654006,0.11552072182072384,Not Significant
RRP12,-0.08367217381595893,0.7165607122615422,0.7643617762942372,0.11670103898954354,Not Significant
RRP15,-0.23196306144037848,0.26591356385656867,0.33174157799270254,0.4792000938673673,Not Significant
RRP1B,0.5431420650104002,0.010749372921632187,0.0216925446339188,1.663689500284145,Not Significant
RRP36,0.5245796122438051,0.0006088392311258431,0.002224441103000263,2.6527790886709868,Not Significant
RRP7A,-0.21996483385085597,0.24427000644328817,0.30829065959780566,0.5110396330632472,Not Significant
RRP8,0.1491674968874115,0.4449719478454428,0.510969548093867,0.2916049814482084,Not Significant
RRP9,0.8825724473347449,0.006161993621332419,0.013770169419099998,1.8610607164367852,Not Significant
RRS1,0.5131056829740466,0.006983347067114104,0.015260355391346526,1.8164353521803867,Not Significant
RSAD1,0.4354679067702776,0.004727182012484776,0.011155219394184032,1.9525218838519938,Not Significant
RSBN1,-0.22180187994255718,0.008317873374650857,0.01760013786520326,1.7544839302618433,Not Significant
RSBN1L,0.12556832751427294,0.32076498634612727,0.3891361358924478,0.40989843794465863,Not Significant
RSF1,-0.09150966829411189,0.31911614039128483,0.3875091608367651,0.4117180261800455,Not Significant
RSL1D1,0.1838620047640127,0.13917864919830245,0.19019068258596025,0.7208107629013399,Not Significant
RSL24D1,-0.334072828647372,0.15526502932112216,0.2083297689639031,0.6812486677718307,Not Significant
RSPH1,-2.0512675871528714,0.016897003836461852,0.03148731347549328,1.5018643921592991,Down
RSPRY1,1.0142497871663458,9.79436990760626e-05,0.0005644650025699398,3.248362979623742,Up
RSRC1,-0.23256667612106696,0.20544427448222832,0.2656116043549754,0.5757529549168218,Not Significant
RSRC2,0.42382413855436596,0.004936020113751923,0.011553314736509496,1.937293395404471,Not Significant
RSU1,1.3849686255800222,0.0013079449621202035,0.004024507497983791,2.395287259145792,Up
RTCA,-0.24262331387497582,0.1731358962473689,0.22889383448766326,0.6403659053772193,Not Significant
RTCB,0.5031714042042417,0.023390203245460782,0.041360875459851135,1.3834102773764292,Not Significant
RTF1,-0.5770709176910422,0.001050104503198409,0.003391712973780305,2.469580907352143,Not Significant
RTKN,1.8831768681161236,0.0004049208682790748,0.001620005094139555,2.790483619807233,Up
RTN1,-2.1245334689243585,0.0019021963889931522,0.005414729138942361,2.2664232632131456,Down
RTN2,-2.2671631233726135,0.00013812038919148247,0.0007258345334976497,3.1391623729352878,Down
RTN3,-1.7573521868835833,1.3215601664153693e-05,0.00013525326049221236,3.8688522567448063,Down
RTN4,-1.3502290564448138,4.565600976997322e-05,0.00032946894156354596,3.4821855192894464,Down
RTN4IP1,-0.46696612180711483,0.002514879871758617,0.006768608022467621,2.169500635645459,Not Significant
RTN4R,-3.194646313071088,1.3801656750444348e-09,4.4850932291605275e-07,6.348228525086075,Down
RTN4RL2,-2.920111137258157,0.000250272577143471,0.001137530965148418,2.9440367724202554,Down
RUFY1,0.6245657589816744,8.763390955754967e-05,0.0005215883698263072,3.2826721008968605,Not Significant
RUFY2,-0.8089891559506697,0.0006293793974044521,0.002277022977294241,2.6426325869247127,Not Significant
RUFY3,-0.5362733978023471,0.021635311207405042,0.038802585918354705,1.4111393307808033,Not Significant
RUNDC1,-0.6726616846363491,2.2101586997279148e-07,9.21483183594122e-06,5.03551258593478,Not Significant
RUNDC3A,-3.2102726248666222,0.00032913164357386367,0.001388472436081701,2.8574627374307844,Down
RUNDC3B,-2.735801374889993,3.808965423455738e-05,0.00029047326022629144,3.536893840797479,Down
RUNX1,2.7581143039364004,0.00027113235591869945,0.001201666235602718,2.9202161414551115,Up
RUSC1,-2.6027187702679964,1.8005481196188115e-07,8.170595386054013e-06,5.0877462955536785,Down
RUSC2,-1.8226536343448245,5.270071498310126e-06,7.412390993472668e-05,4.130041680309827,Down
RUVBL1,1.0807435457557641,0.00018884576100745224,0.0009187304245013205,3.0368119013734662,Up
RUVBL2,0.6708972972070555,0.00565838281294946,0.012870955666516217,1.8903892055986593,Not Significant
RWDD1,-0.668805719626608,0.011689173845269062,0.02322350480145365,1.6340722376090822,Not Significant
RWDD2A,-0.5237819080636967,0.003493751537468273,0.008767689914203727,2.0571148182269066,Not Significant
RWDD2B,-0.6710973556243847,0.013337832464425006,0.02587809765328282,1.5870676526187992,Not Significant
RWDD3,0.4317661157181192,0.045826188819152965,0.07359365951923273,1.133159600804166,Not Significant
RWDD4,0.4860365724248439,0.0395882833379204,0.06478433501400425,1.1885299947378436,Not Significant
RXRA,-0.26332411173396153,0.2997225683048848,0.3668779043868055,0.4354784433049504,Not Significant
RXRB,0.07718196820627199,0.3487388714096888,0.4170459865362304,0.3798160539044834,Not Significant
RYBP,-0.9805572426392146,0.00787020693673828,0.01682964650407587,1.773925006005253,Not Significant
RYR2,-5.35836111143729,6.752223473445504e-05,0.00043062564544226324,3.3659001098065207,Down
S100A1,-2.7617915147591567,0.015398804145581993,0.029115531712198387,1.5358752743326978,Down
S100A10,3.4566235001460264,0.002868596874227797,0.00750993890617745,2.124363595994225,Up
S100A11,3.077466881983991,1.0893801434458042e-05,0.00012182457463632239,3.9142650963301726,Up
S100A12,-2.1142830488131032,0.390317050391293,0.4587090487216386,0.3384626926757023,Not Significant
S100A13,-1.4929847528313402,0.0067808695919704684,0.014892191033248419,1.8270414013984801,Down
S100A16,1.5526406274894065,0.00580691806001388,0.013116343618067225,1.8821872143360285,Up
S100A2,3.246284043594361,0.0007064701437838895,0.0024832450204043625,2.6049804267363585,Up
S100A3,5.259255809433812,0.0019997699681463424,0.005616586722621851,2.250527531026479,Up
S100A4,3.012940477564495,0.020466116302386393,0.03706861841608064,1.4309936002519008,Up
S100A6,1.870448940832592,0.017488003425120878,0.032420711539320524,1.4891774578956,Up
S100A7,-1.7507999559707894,0.42976881833882274,0.49593254019991984,0.30457739490383984,Not Significant
S100A8,1.0078131797838576,0.38190303445441587,0.44992295276503164,0.346861850788804,Not Significant
S100A9,1.3669141771012896,0.23818115373599993,0.30170211778403916,0.5204216413043155,Not Significant
S100B,-0.3338819412041758,0.2255614033916124,0.28785223939284305,0.5408303875318576,Not Significant
S100P,0.5996548053317312,0.46174235322486534,0.5279301403231521,0.27742354276819636,Not Significant
S100PBP,1.0012231360345538,5.01813083514882e-05,0.0003509681070776024,3.4547323466382087,Up
S1PR1,-0.07117691348068433,0.8589531838056689,0.8871329068749547,0.05201131094794165,Not Significant
S1PR2,2.534137340603049,0.00026917157976913815,0.0011956060381809073,2.9224119003055344,Up
S1PR3,1.3932670451658105,0.018405592968585533,0.03392205334166313,1.4695178672654496,Up
SAA1,5.683888811344508,0.09342785695860069,0.13505412986094753,0.8694921308515979,Not Significant
SAA2,0.021707967327182942,0.9771268674935384,0.9831411861406205,0.00738410988012602,Not Significant
SAA2-SAA4,0.0,1.0,1.0,-0.0,Not Significant
SAAL1,1.1957040784612314,2.226896792165152e-05,0.00019923408778216466,3.7006363543200917,Up
SAC3D1,0.5519538588524746,0.14021698523788165,0.19137595302620508,0.7181126335608731,Not Significant
SACM1L,-0.32307740040983646,0.16709744511812416,0.22201789265628893,0.653612023888277,Not Significant
SACS,-0.5664659480618752,0.04624463684294915,0.07415926003754691,1.129834612240224,Not Significant
SAE1,-0.40704715558447546,0.12402632600855645,0.1720756380953309,0.7642806113092149,Not Significant
SAFB,0.368582982758646,0.0014375960550479171,0.004330844096457152,2.3634274499037398,Not Significant
SAFB2,0.5262036521605786,0.05055147722428334,0.0799459311707112,1.0972036346703977,Not Significant
SALL1,1.6399671261186732,0.00012035229479378812,0.0006533596129364558,3.184847714704376,Up
SALL2,0.5872932939898909,0.2520710334295651,0.31702416863538563,0.4989076276722324,Not Significant
SALL3,3.0293874538739782,1.0600784405638236e-06,2.472044030148139e-05,4.60694379819484,Up
SAMD1,0.7041463466307611,0.0038723420994428897,0.009516949087530537,2.0215022540114043,Not Significant
SAMD12,-3.9106224536869867,5.899578205745834e-05,0.00039463712380267946,3.4038020627627636,Down
SAMD14,-0.7670227140372603,0.025620910492606994,0.044608546889478545,1.3505819235451921,Not Significant
SAMD4A,0.7110635563021184,0.04335864719243276,0.0700665723157792,1.1544891278432912,Not Significant
SAMD4B,-0.3899830136325768,0.05029299972817491,0.07963717058497863,1.0988841783427625,Not Significant
SAMD9,2.854634880177624,4.645191031596611e-09,8.209763939000748e-07,6.085669330269508,Up
SAMD9L,2.1618195493754495,6.95785625168742e-05,0.0004401781824045361,3.3563714872168755,Up
SAMHD1,1.2910914221167324,0.0006270810122451086,0.0022731968756233263,2.643362949539361,Up
SAMM50,-0.033464736293044695,0.8198623093636009,0.8549107653999499,0.06807921406349995,Not Significant
SAMSN1,3.23219611142871,2.3577251975848786e-07,9.577307919544382e-06,5.018756549375526,Up
SAP130,0.34463200311949294,0.026402418546213096,0.0457872205946894,1.3392557184951266,Not Significant
SAP18,-0.3217129562338741,0.2031162534014666,0.2629730287580484,0.5800887916707427,Not Significant
SAP30,0.90973351422425,0.014257981600262707,0.027348611317792558,1.5630647209697204,Not Significant
SAP30BP,1.3548563584983455,4.565653715739452e-12,1.5850508379111423e-08,7.799956803938212,Up
SAP30L,-0.5060159289634072,0.006126421713534659,0.013708923221267915,1.8629966558907676,Not Significant
SAPCD2,1.901963994369746,0.0058214041818350016,0.013140225347928705,1.8813971867912491,Up
SAR1A,-0.15403075470436178,0.21998884403626498,0.2816684818024064,0.5502617470685653,Not Significant
SAR1B,-0.28244788196082027,0.028156220450056495,0.04829488244627492,1.3160988867038528,Not Significant
SARAF,-0.6437286879037387,0.005452177379563586,0.012502898912297647,1.9029892801399544,Not Significant
SARDH,-2.901091105242248,3.959772389749136e-06,6.099502607696146e-05,4.2147055786843595,Down
SARM1,0.8849370455401662,0.005052018364802442,0.011742970236968112,1.9302220398539789,Not Significant
SARNP,1.4562885800126484,5.930322251239441e-06,8.031565276223731e-05,4.0951998065793624,Up
SARS,-0.42130433610431695,0.04695909982610748,0.0751256108699709,1.1242119835898177,Not Significant
SARS2,-0.32337971535840815,0.21024121780762184,0.271082814308714,0.5668980142803508,Not Significant
SART1,0.48858795699860735,0.009274357958683118,0.019236129725298277,1.7158823027777252,Not Significant
SART3,0.2601583648665553,0.01668979607998594,0.03117615533279777,1.506177443371099,Not Significant
SASH1,-0.6842347160229281,0.0049613849238751406,0.011585151516503123,1.9360982819127694,Not Significant
SASH3,3.0034736407586777,7.822707819637308e-07,2.0154976617653773e-05,4.695617701347687,Up
SAT2,0.1512554697854931,0.3292445773190286,0.39736550520089786,0.4008098361469942,Not Significant
SATB1,-1.3969982216696977,2.111554857070539e-05,0.0001915553006316964,3.7177058259140248,Down
SATB2,-2.421399515081209,0.00024099392301316636,0.0011060468247993795,2.956226486664665,Down
SAV1,0.06513369368351007,0.2069010465310025,0.2672206593273486,0.5731299687824635,Not Significant
SAYSD1,0.8070841898245007,6.600724497190236e-06,8.616864109068544e-05,4.06465075597482,Not Significant
SBDS,-0.023129866163497326,0.8826730644612564,0.9079077446786499,0.041958279246022495,Not Significant
SBF1,-0.8681220102884417,0.004122417180978477,0.010014282778195606,1.9993801493784888,Not Significant
SBF2,0.641547811300132,0.02038499610204685,0.036941617329019606,1.432484094773073,Not Significant
SBNO1,-0.733744160557162,0.012495832483480289,0.024586526648160238,1.6093028199429829,Not Significant
SBSPON,1.584169412600838,0.31646836069796885,0.38475769559152045,0.4148126850260258,Not Significant
SC5D,-1.2615875497105016,1.2752974703885613e-05,0.00013268938524811947,3.8771638179988184,Down
SCAF1,-1.2904019671954288,4.049345543378386e-06,6.180773788483918e-05,4.208957150957755,Down
SCAF11,0.6569310626152287,0.0002784851549927228,0.0012263780847661405,2.9113756188762627,Not Significant
SCAF4,0.3476280040517672,0.050838357011294986,0.08028619039532618,1.0953591490036496,Not Significant
SCAF8,-0.15170518262914356,0.3982003453636777,0.4662331798226045,0.33139682283364663,Not Significant
SCAI,-2.0429820371644904,2.0994194948247116e-08,2.182935273439156e-06,5.660959141434679,Down
SCAMP1,-1.5614505550654059,2.9213493460994607e-06,5.070333625934521e-05,4.294963463322411,Down
SCAMP2,1.4902520483032191,1.6699053615597283e-05,0.00016222397890407623,3.789884950765885,Up
SCAMP3,0.9261522315470856,3.6721341435902717e-06,5.8025213413296245e-05,4.23638325355974,Not Significant
SCAMP4,0.5039869841873141,0.008556781501529696,0.018022374419069655,1.7441879919825158,Not Significant
SCAMP5,-2.493816856102015,3.334783112701979e-05,0.00026515078987655676,3.5765070747927536,Down
SCAP,0.10181636304515607,0.5006935841975354,0.5656596576433747,0.24744479366126412,Not Significant
SCAPER,-0.4664803315127095,0.08921632586481994,0.12976685919176958,0.8868362066717204,Not Significant
SCARA3,0.8623278355413113,0.002051163027690826,0.005730287393498997,2.241823596133694,Not Significant
SCARB1,0.5163747979304674,0.1442688129108908,0.1960296764586342,0.707678176875095,Not Significant
SCARB2,0.13241562096890647,0.5434447159489234,0.6057382239952926,0.21771502011835617,Not Significant
SCARF1,0.29917256325720487,0.2988521140820421,0.36599029871899974,0.4365304262685538,Not Significant
SCARF2,1.6310122610985243,1.1880931185027293e-05,0.00012719288072047283,3.8955371964733088,Up
SCCPDH,-0.2287214893444478,0.28405609439218754,0.35051213803367187,0.45529693806887855,Not Significant
SCD,-0.3921033592438583,0.4863028159990116,0.5519394511462419,0.25810856262475673,Not Significant
SCD5,0.25163952650247623,0.46125832322225807,0.5274365888922846,0.27782974598202476,Not Significant
SCFD1,0.20930046956953063,0.14058036564953483,0.19179396039455768,0.7171650729141287,Not Significant
SCFD2,1.1678621093465047,0.01574432716567371,0.029685261438704275,1.5274591218807003,Up
SCG2,-0.6016257932531239,0.35825529385522775,0.4262002633794951,0.3703862862402447,Not Significant
SCG3,-0.8069427060759686,0.309048885437075,0.37687428542465723,0.42380349396233397,Not Significant
SCG5,-3.0082675130812717,0.0031382919292292344,0.008036388636262153,2.0949390691235235,Down
SCGN,-5.121033080004752,0.02757082871512439,0.04748649828623065,1.3234298546554586,Down
SCHIP1,-0.11381513988312264,0.6630287747061243,0.715447241168963,0.14542238666171123,Not Significant
SCIMP,3.2996526225477734,2.2680506513827604e-08,2.262212105151478e-06,5.6454666780231495,Up
SCIN,3.5127962245154603,0.00030367480903949055,0.0013073589855828324,2.8836051438266215,Up
SCLT1,0.22301544770550308,0.15146412945315496,0.20418167270320928,0.6899832426657226,Not Significant
SCLY,0.8456993902056276,0.032478357465694864,0.05460396747486817,1.2627758007047298,Not Significant
SCML2,0.5462566490973924,0.0858188916158701,0.12551386674481352,0.9013082907719969,Not Significant
SCN1A,-0.8742886512176398,0.01747251356511516,0.03240988798655314,1.4893224699522372,Not Significant
SCN1B,-3.213029685066063,3.139037520692689e-07,1.1194558216903248e-05,4.95099304078499,Down
SCN2A,-3.3963473136196995,3.621684812276645e-09,7.138401140820837e-07,6.1463990506154484,Down
SCN2B,-4.70772695766197,1.2779427103039261e-05,0.00013268938524811947,3.8771638179988184,Down
SCN3A,0.8223196131046073,0.0007835539757379563,0.002688529547542293,2.5704851861669415,Not Significant
SCN3B,-3.9122547790231987,9.185307089447389e-05,0.0005395497587119125,3.267968497343412,Down
SCN4B,-1.9306029498088684,0.0279439890739942,0.04798154865031832,1.3189257388726983,Down
SCN7A,0.5512327605530825,0.5350418975456421,0.5978274263392634,0.223424164849472,Not Significant
SCN8A,-2.7497024492510675,2.852043862714023e-07,1.0641292545548543e-05,4.973005617218976,Down
SCO1,-0.12833756398207186,0.18839979745403876,0.2464536501171259,0.6082647453161673,Not Significant
SCO2,0.4391038734393149,0.08689570193355818,0.1268309622252485,0.8967747126836322,Not Significant
SCOC,-1.9477290014375193,2.438478340663142e-05,0.00021305490723192103,3.6715084583694138,Down
SCP2,0.636812545726098,0.003500983499327156,0.008777869201743659,2.056610894826679,Not Significant
SCPEP1,0.3450551113394269,0.05519553278459648,0.08615429148931282,1.0647230847428455,Not Significant
SCRG1,1.1906198952202622,0.013741050545465155,0.026533897488022998,1.5761989530624962,Up
SCRIB,0.6341712457295152,0.01048521939941691,0.02124031776185923,1.6728389903594132,Not Significant
SCRN1,-1.122211508221504,0.0004532391933250032,0.0017759360690610979,2.750572672202535,Down
SCRN2,0.6610909445458759,0.0012090202874422851,0.003790747082382067,2.4212751906170986,Not Significant
SCRN3,-0.08846717777229429,0.4044862456776374,0.4721115095535302,0.32595541182323046,Not Significant
SCUBE2,3.6052583073181577,0.014209885660272379,0.027271935252730792,1.5642840428518814,Up
SCYL1,-0.18591996208963124,0.11832773909845791,0.16528475369909387,0.7817672050476121,Not Significant
SCYL2,0.07594357720233447,0.5667443406085673,0.6278876594403064,0.20211805252000048,Not Significant
SCYL3,0.4239653282026783,0.0005268561818569165,0.0019869462195534187,2.7018138877302835,Not Significant
SDAD1,-0.5652528091662425,0.02293440423933016,0.040676265547009156,1.3906589261223266,Not Significant
SDC1,2.3445135793117835,0.02054136369885129,0.03713813673765755,1.4301798890952335,Up
SDC2,-0.6139692324305415,0.1885478592559865,0.24658329665647255,0.608036345484056,Not Significant
SDC3,0.01261373026143886,0.9624612708430659,0.9714669906849216,0.012571951633363323,Not Significant
SDC4,-1.2200084629003065,0.059992089634829646,0.09245224276904908,1.0340825489676762,Not Significant
SDCBP,0.24499630481444257,0.3071351731112639,0.3747220217903443,0.42629078339140575,Not Significant
SDCCAG8,-0.39357802584689594,0.032168977761567526,0.05416518167642174,1.2662797958400227,Not Significant
SDE2,0.4339533210990858,0.013314028693821594,0.02584804876884925,1.5875722355837991,Not Significant
SDF2,0.5706584101171366,0.0006413565329583538,0.002304217444016568,2.6374765398839917,Not Significant
SDF2L1,1.3804232202711102,6.547928898426469e-05,0.00042284510078684776,3.373818696912763,Up
SDF4,0.2249628574660818,0.13868368940047585,0.1896944313673311,0.7219454179881795,Not Significant
SDHA,-0.5616484722356887,0.03460631848308431,0.05770965939390687,1.2387514889175246,Not Significant
SDHAF1,-0.29566402492381627,0.1009900466736038,0.14424694884302916,0.8408933644089743,Not Significant
SDHAF2,0.7746816132490295,0.0001089091961593326,0.0006091900289334351,3.21524721369881,Not Significant
SDHB,-0.1643982799641499,0.31855454485453266,0.3869718824758003,0.41232058983698605,Not Significant
SDHC,-0.9122304324711017,3.6103343290764335e-05,0.0002799704877611562,3.5528877460791644,Not Significant
SDHD,-0.19473357553265558,0.19109764096969512,0.24933527200216404,0.6032162800507807,Not Significant
SDK1,-0.5219890982400344,0.26771469737399056,0.3337406090020518,0.47659094589993467,Not Significant
SDK2,-2.2011983612678616,0.0013025448317678066,0.004013232970463002,2.396505628491988,Down
SDR39U1,0.8755464038000227,1.5611748260077715e-05,0.00015403795491872958,3.8123722559114634,Not Significant
SDS,-0.8530814333547223,0.14067864886849557,0.1918980769341959,0.7169293774325942,Not Significant
SDSL,1.3106688523199495,0.00862680403836819,0.018120605480091985,1.741827294944548,Up
SEC11A,1.4469314034915257,3.843636857940612e-06,5.9681403476818105e-05,4.224160972481253,Up
SEC11C,-0.18549913239609594,0.42679570289960067,0.49334938737929745,0.306845406750112,Not Significant
SEC13,1.0009621778550404,1.5243113341871578e-07,7.312339228857823e-06,5.135943669325141,Up
SEC14L1,-0.28504506079098135,0.15391753345029455,0.2069351704228303,0.6841656909558875,Not Significant
SEC14L2,1.2074850477345649,5.337500453906192e-05,0.00036672859189042884,3.4356552290735607,Up
SEC14L4,-2.3018894846948257,0.0005134086809947465,0.0019487863799325833,2.710235764320614,Down
SEC16A,-0.27664360223601747,0.03442374188897658,0.05746226607946149,1.2406172511877878,Not Significant
SEC22A,-0.04647343435749818,0.7664921132194776,0.8083795591052154,0.0923846767005818,Not Significant
SEC22B,0.27603288016667804,0.05681787744551353,0.08830350160229919,1.054022074492597,Not Significant
SEC23A,-0.6075020813003782,0.0175191625926045,0.03246652758607391,1.4885641582742097,Not Significant
SEC23B,0.9705641455839498,1.4329258347407796e-06,3.0977027594803895e-05,4.5089602573678675,Not Significant
SEC23IP,0.4306095520439861,0.0374507453489773,0.06185912586417401,1.208596221336525,Not Significant
SEC24A,0.5196346725308594,0.023256655712390256,0.04118979424167009,1.3852103775005011,Not Significant
SEC24B,0.22779590690375784,0.10639285579285955,0.15070326620602745,0.821877335078316,Not Significant
SEC24C,0.5172763668765548,0.011690132305754563,0.02322350480145365,1.6340722376090822,Not Significant
SEC24D,0.13176761323159702,0.7055502822345724,0.7544542557298676,0.12236708734811302,Not Significant
SEC31A,0.4060125627238378,0.07053487315913025,0.10608663962452644,0.9743393069817635,Not Significant
SEC61A1,1.5011485124852193,0.00012754750434752267,0.0006810308658245779,3.1668332044550267,Up
SEC61A2,-0.24274415248150305,0.2600002514344236,0.3257764344465651,0.48708033426928726,Not Significant
SEC61B,0.9346854354944334,0.00016043634135479848,0.0008101432094276891,3.091438203878447,Not Significant
SEC61G,0.6438321685581307,0.10133871388292563,0.14458377097387953,0.8398804523529863,Not Significant
SEC62,-0.9588773645947484,0.01073691903137799,0.021684787955513606,1.6638448202387888,Not Significant
SEC63,-0.4123594493216203,0.03342739885621868,0.055975335119273106,1.2520032976593312,Not Significant
SECISBP2,0.45311488175434533,0.003431403290539509,0.008649834344823476,2.062992209739574,Not Significant
SECISBP2L,-0.9609669063825983,0.0003624787310608354,0.0014910619586389776,2.8265043097757503,Not Significant
SEH1L,-0.5395621669447532,0.006425260476372527,0.014263568540982114,1.8457718066179403,Not Significant
SEL1L,-0.21073893197174698,0.15438463267809857,0.2074247518803901,0.6831394207354424,Not Significant
SELENBP1,-2.401169513684108,0.0020523781073703744,0.005732092335361562,2.241686822389308,Down
SELL,3.798848536897763,0.001651436070168353,0.004834805861922693,2.3156209600067177,Up
SELP,2.6209108618691674,0.07375002514527215,0.11013307935272335,0.9580822176073767,Not Significant
SELPLG,2.5076076759415677,2.7035799423804685e-05,0.00022964472461670186,3.6389435267153427,Up
SEMA3A,-0.373975024962526,0.5948616483391259,0.6541465173418136,0.18432496643669366,Not Significant
SEMA3B,-0.22473342369129412,0.5168669186300915,0.5812589125116702,0.23563037496226752,Not Significant
SEMA3C,0.7470502179974048,0.15590496840846463,0.20902138032298012,0.6798092886191548,Not Significant
SEMA4A,-1.697174247287819,8.571547276590609e-07,2.1313889295788966e-05,4.671337294275507,Down
SEMA4B,0.5692555281517748,0.1492756527672949,0.2016362196269414,0.6954314535198887,Not Significant
SEMA4C,0.24149470197416534,0.135170635449267,0.1856960291171302,0.7311973830182003,Not Significant
SEMA4D,-1.2836590030304897,0.01600097330972731,0.030079082874079663,1.5217354097292841,Down
SEMA5A,2.0294710255873483,4.067602217728621e-05,0.000302860493284539,3.518757374628632,Up
SEMA5B,1.2589087215157413,0.009900974529778091,0.020244046562408056,1.693702672461174,Up
SEMA6A,1.350025279640203,0.012657167585352647,0.02483605497756965,1.6049173874623606,Up
SEMA6B,-2.03397878622485,3.8636665982061146e-05,0.0002933125645088801,3.532669332928075,Down
SEMA6D,0.017674331417023126,0.9768308887776915,0.9829781613771317,0.0074561306915263345,Not Significant
SEMA7A,-2.098837592543747,5.410100384261949e-07,1.561643302895555e-05,4.80641815693414,Down
SENP1,0.57879109923417,0.0001559422041196559,0.000793815949621735,3.1002801793478283,Not Significant
SENP2,-0.6453616409183347,0.028898362680259002,0.04942650350440224,1.306040111013095,Not Significant
SENP3,-0.0033728250039608554,0.9756853538278324,0.9820216060007577,0.0078789569547204,Not Significant
SENP5,-0.45362205132283506,0.06644088692822303,0.10060506461970821,0.9973801556515904,Not Significant
SENP6,-0.145512997181509,0.00844170602806921,0.0177986074773481,1.749613974576541,Not Significant
SENP7,0.8246653195663498,0.01697084748667472,0.03160153744561204,1.500291788017576,Not Significant
SENP8,-0.45622757617426224,0.02072786162644261,0.03740818309293852,1.427033384875122,Not Significant
SEPHS1,1.0625477415012874,0.0019852186375151812,0.0055863387023262386,2.2528727363593357,Up
SEPHS2,-0.20734101135559158,0.4655213584234307,0.5316474509418025,0.27437626406769255,Not Significant
SEPSECS,1.3793638245198974,7.721196187545323e-05,0.00047573902381242564,3.3226312229099615,Up
SEPT1,0.7964830909800273,0.04192735012044161,0.06801547908427194,1.1673922385309832,Not Significant
SEPT10,1.6407560116318542,5.923419839498999e-05,0.00039554360303210645,3.40280563476439,Up
SEPT11,-0.7213505922148435,0.0009104413872000911,0.0030220054479913406,2.5197047570617044,Not Significant
SEPT14,0.05025106513745481,0.9819196418100788,0.9868727596694392,0.00573883855192903,Not Significant
SEPT2,1.1615590262284066,9.673731324648311e-09,1.3169347211419876e-06,5.880435751955796,Up
SEPT3,-2.361023568653682,0.0035820144220689186,0.008941287044976725,2.048599962602271,Down
SEPT4,-1.8578448646895893,0.005032660456336823,0.011711485663464347,1.9313880088970377,Down
SEPT5,-3.100130909033819,1.6960857885237082e-09,5.025402421643481e-07,6.298829155300225,Down
SEPT6,-1.6198737983123124,6.194535434374051e-05,0.00040733518254493597,3.390048077207795,Down
SEPT7,-0.38381698944766995,0.043257764553164164,0.06992598204566364,1.1553614256497808,Not Significant
SEPT8,-0.6966948451887305,0.019533686644686056,0.035642521148083195,1.448031584041014,Not Significant
SEPT9,0.561799731860738,0.06095509240667714,0.09371237427497409,1.0282030587972557,Not Significant
SERAC1,-0.1587439051391044,0.5566591234931253,0.6187558214796143,0.20848070203885216,Not Significant
SERBP1,0.7606450787999783,0.00035448442988898413,0.0014677666036587037,2.83334299809963,Not Significant
SERF2,0.8274210433937874,1.154949371839229e-05,0.00012544117773987076,3.901559877144284,Not Significant
SERGEF,-0.7896564570663003,0.02831762504654733,0.04851560454403365,1.314118552585804,Not Significant
SERINC1,-1.3311688838542715,6.75854170002593e-05,0.00043064863432043776,3.365876925686959,Down
SERINC3,-0.8235666890819147,0.0008772287175187868,0.0029339980412630335,2.532540180427617,Not Significant
SERINC5,2.107039761814569,0.00032113784990119167,0.0013627391322260341,2.8655872727624443,Up
SERPINA1,3.5459028114604987,0.00015099123888243044,0.0007764603065347649,3.1098807409573683,Up
SERPINA10,-3.8998891137633436,0.014601902063228658,0.02787560382508348,1.5547757164079428,Down
SERPINA3,6.041751493157802,0.007475533508409388,0.01611911912750774,1.7926586950691052,Up
SERPINA4,0.5019406083790633,0.7667726416398285,0.8083963497142724,0.09237565619400233,Not Significant
SERPINA5,3.3823607797194093,0.028496021067894266,0.04880464403909671,1.3115388504441832,Up
SERPINA6,1.4402044775121856,0.3632174676491226,0.43098383617164465,0.36553901752626994,Not Significant
SERPINA7,-1.4205664713648678,0.46259663814324614,0.5288468602649865,0.27667006968573676,Not Significant
SERPINB1,0.5223816720918428,0.11480150161370188,0.16114119092328727,0.7927934310016339,Not Significant
SERPINB10,-0.07040001166976984,0.9754372502535389,0.9818699899134843,0.007946013639863733,Not Significant
SERPINB2,2.390862151376367,0.3971083715835553,0.46511681610658484,0.3324379584668231,Not Significant
SERPINB6,0.5953843288919387,0.1224846354629282,0.17019451277979844,0.7690544460603043,Not Significant
SERPINB8,1.426463913439509,0.014729757219096435,0.028066497867444203,1.5518117751721976,Up
SERPINB9,0.12143472501198005,0.32734138565774684,0.395631477141098,0.4027091624619868,Not Significant
SERPINC1,0.5345490198587708,0.4273919223623289,0.4939252295374672,0.3063387896532787,Not Significant
SERPIND1,-5.214546139163646,0.059019215544985675,0.09123209719198798,1.0398523417048853,Not Significant
SERPINE1,5.997381230036735,4.527839910606868e-05,0.0003269817753925171,3.485476452437668,Up
SERPINE2,-0.14447455670343246,0.6527797692080525,0.706500149871285,0.15088774168765876,Not Significant
SERPINF1,-1.2199127711474205,0.003509280291840815,0.008791964600846648,2.055914069184192,Down
SERPINF2,0.9221036038663346,0.026334910888040835,0.045709492123729045,1.3399936041118357,Not Significant
SERPING1,0.3458569156293301,0.42745567278648444,0.49394223992326725,0.3063238331597872,Not Significant
SERPINH1,2.395575785167779,0.002018956292637484,0.005657570428937417,2.247370030973145,Up
SERPINI1,-5.499670859575163,3.397474123849501e-05,0.0002688621706493313,3.570470299427849,Down
SESN1,-0.6093896675869281,0.04307691505780305,0.06965599394740095,1.1570415062855757,Not Significant
SESN2,0.27149103448066114,0.17243970844028014,0.22815308941783322,0.641773646075922,Not Significant
SESN3,-0.008513803537294251,0.9554104618968969,0.9658610128599437,0.015085363947616922,Not Significant
SESTD1,-0.7213622579179457,0.00025081246403606006,0.0011386591990532983,2.9436062409057806,Not Significant
SET,0.5200719711601529,0.023196438888475043,0.04111205583435919,1.3860308055063426,Not Significant
SETD1A,0.11324882483135923,0.5303465199304859,0.593509848056527,0.22657207043959496,Not Significant
SETD1B,-0.7175068654704813,0.04093551760222909,0.0666641455423304,1.1761076830220463,Not Significant
SETD2,0.1501315547289721,0.394930129685638,0.4629423000294528,0.3344731349871905,Not Significant
SETD3,-0.7617492909915988,2.0154165686145995e-07,8.588678199383386e-06,5.066073669100656,Not Significant
SETD7,0.10126052451096967,0.6591754838612585,0.7121979648668294,0.14739927167323488,Not Significant
SETDB1,1.0539892832123918,5.999099901417296e-07,1.660300340848292e-05,4.779813342939032,Up
SETMAR,0.7099885471749445,0.00032190185407094437,0.0013646062157435348,2.8649926548522653,Not Significant
SETX,0.2610773544056393,0.0010126472920464987,0.0032964410007049394,2.4819546927998717,Not Significant
SEZ6,-1.200913372619242,0.09881179460129141,0.14177895154727385,0.848388239571779,Not Significant
SEZ6L,-1.3296420316627398,0.01707309538027639,0.03177431421779131,1.4979238140121298,Down
SEZ6L2,-3.1818964720584866,0.0004906822530781437,0.0018881333145566157,2.7239673449255206,Down
SF1,0.3648161604822846,0.0299352920892489,0.050880400288019816,1.293449480649848,Not Significant
SF3A1,0.11462408294530846,0.5217273287615012,0.5856134941441073,0.23238892449610737,Not Significant
SF3A2,0.9777341660379193,0.00819407036355213,0.017385486377597556,1.759813154957599,Not Significant
SF3A3,0.6971493240473379,0.00010257065820752959,0.0005818112673325749,3.2352178724788176,Not Significant
SF3B1,0.7667742888362525,2.656992311322116e-06,4.7041371782529e-05,4.327520022201983,Not Significant
SF3B2,0.4630908626179071,0.0016676850667703147,0.004866819050592164,2.312754800621137,Not Significant
SF3B3,0.5492765576035836,0.0005107001567432776,0.0019416845295078808,2.711821329640823,Not Significant
SF3B4,1.2134758198693234,2.9345513361237544e-06,5.070333625934521e-05,4.294963463322411,Up
SF3B5,0.6954379019958061,0.0029810892937371892,0.0077308897857744675,2.111770518136905,Not Significant
SF3B6,1.1095615538621182,4.732172138766498e-05,0.00033779128222311596,3.471351562968831,Up
SFN,1.4749772958062852,0.16225864622559183,0.2164714285529554,0.6645994168193066,Not Significant
SFPQ,1.205210324722593,6.205150235246777e-07,1.7079421713080882e-05,4.767526838042191,Up
SFRP1,-2.188448183102622,0.054078566740168366,0.08463375506298837,1.072456389752923,Not Significant
SFRP2,1.3380016773390864,0.3434220353889086,0.4118611410128411,0.3852491816774862,Not Significant
SFRP4,3.126863878999785,0.002672786017598555,0.007100645132196161,2.1487021914746305,Up
SFSWAP,0.8135718452804852,0.0022253271301150416,0.006123448650308366,2.213003919689681,Not Significant
SFT2D3,1.4025685418088916,0.00012224290319012677,0.0006616469048480415,3.1793737147695693,Up
SFXN1,-0.32406457968471614,0.01101109685351688,0.022114391886429236,1.6553249985959513,Not Significant
SFXN2,1.2722829221593805,0.0001430006196701114,0.0007471930718655094,3.1265671636309187,Up
SFXN3,-0.4807434926228069,0.21023982544755962,0.271082814308714,0.5668980142803508,Not Significant
SFXN4,-0.3254729137591461,0.23649717983567803,0.2997952170208406,0.5231753002336568,Not Significant
SFXN5,-0.44658867795647694,0.052663074125090255,0.08272693103635728,1.0823530866202535,Not Significant
SGCB,0.010731525243844686,0.9477540101505132,0.9601441973306788,0.01766353841642561,Not Significant
SGCD,0.2290647104216319,0.42334964482084303,0.4902660445942261,0.30956818457559737,Not Significant
SGCE,0.6899190962537638,0.016256203040607806,0.030467905010434056,1.516157407073291,Not Significant
SGIP1,-1.7031442037083657,0.0005725070089046376,0.0021157298810020875,2.6745397802467745,Down
SGK3,0.7715722274361401,0.020900636604770373,0.037652541694645346,1.42420570188821,Not Significant
SGPL1,1.217192600322985,9.734278367184128e-05,0.0005622885336640647,3.2500407726478056,Up
SGPP1,-0.6665334547833552,0.007044749159855292,0.015344606061920478,1.8140442566182935,Not Significant
SGSH,0.5113451829099365,0.03545992583010539,0.058928289807403784,1.229676162637839,Not Significant
SGSM1,-3.3932474941885555,0.0028061099348365213,0.0073828026856994295,2.1317787384659335,Down
SGSM2,-0.4728122818276468,0.0727192232031629,0.10875496653038348,0.9635509009251557,Not Significant
SGSM3,-0.410803684677596,0.07015739487568504,0.10567667403972054,0.9760208637217529,Not Significant
SGTA,0.29124970887778545,0.09190256328002329,0.133116667502941,0.8757675632228187,Not Significant
SGTB,-2.3570841810409426,2.649762926656007e-07,1.0408626060683414e-05,4.982606593606061,Down
SH2B1,-0.4283931522130011,0.04863094328959447,0.07739464813576219,1.1112890698786972,Not Significant
SH2B2,1.7455519162024942,0.01258884007143354,0.02473570799290452,1.6066756546140808,Up
SH2D3C,-1.0007278125339862,0.006603178520046138,0.014568642227539376,1.8365809218446107,Down
SH2D4A,-0.8284919440547043,0.28519772436199625,0.35170545663150327,0.45382089364902783,Not Significant
SH2D5,-4.8991561263209356,1.331390615561587e-09,4.4850932291605275e-07,6.348228525086075,Down
SH3BGRL,0.3235013698093532,0.10944445056453261,0.15461273243403473,0.8107547445822959,Not Significant
SH3BGRL2,-2.4377123099136355,7.2972277690127395e-09,1.0810628315446226e-06,5.96614906404842,Down
SH3BGRL3,1.0130819695389022,0.00025656515096377717,0.001154072941089371,2.9377667415169215,Up
SH3BP1,0.6556909957928987,0.010864321217382941,0.02187444066436546,1.660063043196406,Not Significant
SH3BP2,1.971357074424139,3.731691596870601e-05,0.0002865324782536161,3.5428261439343083,Up
SH3BP4,1.6532503999333983,0.0007164269578457157,0.002507743284689972,2.6007169238815666,Up
SH3BP5,-1.643157725225084,0.00021444536623074173,0.0010048012183295314,2.9979198470210195,Down
SH3BP5L,-0.32926561535704124,0.221659735432558,0.2834835819153979,0.5474720884113532,Not Significant
SH3D19,1.0686932650591068,0.01454812325716054,0.027794006010361333,1.556048852905657,Up
SH3GL1,0.7832479195937161,0.00041965251999888,0.0016703198287114649,2.777200363256252,Not Significant
SH3GL2,-2.4982975443296844,0.004993471223639889,0.01164449747846024,1.933879248824521,Down
SH3GL3,-4.767850379453117,0.0010345285828777752,0.003349997089010192,2.474955570344456,Down
SH3GLB1,0.7984947273068919,0.009003460882429645,0.01875147093851483,1.7269646588469947,Not Significant
SH3GLB2,-1.1005423741582874,0.0023984150657487056,0.006514325525034365,2.1861305432544405,Down
SH3KBP1,-0.38555186124755636,0.006680894864114224,0.014709230349864908,1.8324100508313643,Not Significant
SH3PXD2A,-2.6435780796068684,0.00036508205839310467,0.0014993219144933292,2.8241051111954745,Down
SH3PXD2B,1.8532746256428076,5.900755930097792e-06,8.022161300918374e-05,4.095708609944187,Up
SH3RF1,0.062300377503959226,0.7296677656778083,0.7754848915768229,0.11042665893191474,Not Significant
SH3RF3,0.46482976100679707,0.03256090948719364,0.05471896915056809,1.261862092874873,Not Significant
SH3TC1,2.210842639180285,9.565582274545726e-06,0.00011101805971632908,3.954606367184803,Up
SHANK1,-4.723858222457247,4.232765203437527e-05,0.00031170231476191257,3.5062599725560353,Down
SHANK2,-3.5452033294972534,0.001537398642127263,0.00457405609001478,2.3396985140986293,Down
SHANK3,-3.263166237751859,5.901210032905272e-08,4.12838818551998e-06,5.384219473468281,Down
SHARPIN,0.717207695935155,6.401184762888585e-07,1.7475754824211275e-05,4.757564056846371,Not Significant
SHB,1.6107630641974087,0.00025595910955118734,0.0011526741482425845,2.938293446929886,Up
SHBG,0.40671502484610933,0.22026898866080785,0.2819847112583409,0.5497744377662219,Not Significant
SHC1,0.819621182307781,0.02923304445872958,0.04993111052513425,1.3016287746303623,Not Significant
SHC2,0.34441467361462585,0.11562368624894746,0.1621371123708097,0.7901175659467831,Not Significant
SHC3,-2.271699494240906,0.0023702765740050914,0.0064570030127851005,2.1899690109558394,Down
SHCBP1,1.8161647546397912,0.01366645211054183,0.026410097556416344,1.578229994547145,Up
SHD,2.3048298507952047,0.004282018257940326,0.010301260800943282,1.9871096174907088,Up
SHF,-0.22022098224635656,0.4402612354580904,0.5065317137968025,0.29539335840680664,Not Significant
SHISA4,-0.4804969798958574,0.060200147274627774,0.09268780126006422,1.0329774200524018,Not Significant
SHISA5,0.43272293446306875,0.12728315983996658,0.17601242995577532,0.7544566613302418,Not Significant
SHISA6,-3.804273004758418,0.0029697305572044318,0.007710583926102434,2.112912731380766,Down
SHISA7,-2.12333772847664,0.010855153849309284,0.021870963975588343,1.6601320747560318,Down
SHISA9,-4.1835504417223195,0.0013609067784684258,0.00414795457153007,2.382166008657599,Down
SHKBP1,1.6999571183676867,1.621837821994377e-06,3.346336436476409e-05,4.475430397754979,Up
SHMT1,1.301210642271375,1.1166255606684227e-05,0.00012347844015558385,3.9084088653909577,Up
SHMT2,1.6324093568844695,8.149206772476438e-05,0.000494548849553781,3.3057908040792485,Up
SHOC2,-1.0933908552798606,0.00019636722165306062,0.0009451521218026435,3.0244982863663337,Down
SHPK,0.4918579061456807,0.006659704553782958,0.014667657121733606,1.8336392508712074,Not Significant
SHROOM1,-1.6192686085013275,0.008739518062522055,0.01830773652772867,1.7373653462653262,Down
SHROOM2,-2.470016051038618,0.0007014858010156596,0.0024683087528577555,2.6076005167313316,Down
SHROOM3,-3.157081972939457,0.00018119340500724216,0.0008908454670780662,3.0501976254983476,Down
SHROOM4,0.7856675455224682,0.038023364800887846,0.06268161953921522,1.2028597909549184,Not Significant
SIAE,-1.4140207879847946,0.0013599058895254605,0.00414639586291752,2.382329237487305,Down
SIAH1,0.8130420629876376,3.2073919325801957e-05,0.0002578712396553303,3.5885970919663333,Not Significant
SIDT2,-0.18449611047273962,0.3263703828117712,0.3946531312502441,0.4037844470729635,Not Significant
SIGLEC1,3.1701496481507583,0.0053927657994157,0.012386393676086129,1.907055120948856,Up
SIGLEC10,3.137563236584219,1.8799760187107818e-06,3.62467338674149e-05,4.440731120879598,Up
SIGLEC5,2.1333943901831294,0.005331990332850796,0.012274787617262094,1.9109860134574643,Up
SIGLEC7,4.799753075962268,0.006387827859917481,0.01419924489426494,1.8477347504742392,Up
SIGLEC8,2.5700315521315567,0.0002453815604475062,0.0011220943440527359,2.9499706266993084,Up
SIGLEC9,3.556458036449353,7.614159898266803e-05,0.00047029458501005386,3.3276300217085066,Up
SIGMAR1,0.5730364561150587,0.008497390315156613,0.017912264079281797,1.7468495166080433,Not Significant
SIK2,-0.6364305762564015,0.00207855182635829,0.005792346085403434,2.237145497485861,Not Significant
SIK3,-0.1722443994375773,0.30285286099126235,0.36994540094894834,0.4318623673284012,Not Significant
SIKE1,0.32688841270820035,0.03567184692806615,0.05923161133234521,1.2274464526835982,Not Significant
SIL1,0.7457132006021112,1.1597970955261906e-05,0.0001256322144121596,3.900898985220087,Not Significant
SIN3A,0.26331593167899214,0.10511642047232192,0.1491468760335452,0.8263858387524818,Not Significant
SIN3B,-0.5558995670745297,0.0006347956720338679,0.00229131850615932,2.639914537238804,Not Significant
SIPA1,2.0041667153129854,3.3294972533670157e-06,5.4698962776430544e-05,4.262020908853838,Up
SIPA1L1,-1.2656806668897715,0.018664321856663144,0.034304757960960504,1.464645640514515,Down
SIPA1L2,0.19179130315726667,0.39634208593196907,0.4643717876558049,0.3331341731659999,Not Significant
SIPA1L3,-0.0639546377107969,0.7449515033796419,0.7893806085038931,0.10271354645227784,Not Significant
SIRPA,-1.7937405693841626,0.000282346232737229,0.0012382916624270113,2.9071770512253634,Down
SIRPB1,0.15808073299021785,0.7816049111059736,0.8206765134349698,0.08582799527365371,Not Significant
SIRPG,-2.9459715856034387,0.14541195067628135,0.1974231793952639,0.7046018582901372,Not Significant
SIRT1,0.23857139410132078,0.032875323066354455,0.05515170767201578,1.2584410358792468,Not Significant
SIRT2,0.6599352057174244,0.08785540083547992,0.12806472406549338,0.8925704819142019,Not Significant
SIRT3,-0.779527056708023,0.006080371802956988,0.013630099141742031,1.865500985210455,Not Significant
SIRT5,-1.7331876791838283,2.705067121472649e-10,1.9464890129796763e-07,6.710748043328181,Down
SIRT6,0.6982559054578079,0.001162674171702406,0.0036844226504341108,2.433630556482011,Not Significant
SIVA1,0.8535545734269974,1.5568242258678962e-07,7.43291338928587e-06,5.128840927707526,Not Significant
SKA1,3.164247115037538,0.004194834857319156,0.010133996727250162,1.9942192402996821,Up
SKA2,0.7745697693839801,0.001338147733830316,0.004094927178191556,2.387753817075914,Not Significant
SKA3,1.9993031455807806,0.012167633315323655,0.02404408356582395,1.6189917712992805,Up
SKAP2,-0.8458474409308074,0.007082634281489083,0.01540713836141676,1.8122780173006374,Not Significant
SKI,-0.6977061655670127,0.004460917586788102,0.010646596486449498,1.9727892056894127,Not Significant
SKIV2L,0.2991285547661384,0.024744463358646208,0.043359840646199674,1.3629123225629196,Not Significant
SKP1,-0.5928149824960229,0.00967310441761717,0.01987494470794929,1.7016940708760666,Not Significant
SLAIN1,-0.6117803512196396,0.17139255037717288,0.22691661880662894,0.6441336963067164,Not Significant
SLAIN2,0.17478391792539938,0.24181931150581684,0.3057722786631855,0.5146018903080396,Not Significant
SLBP,-0.38825086033545375,0.08724364916789933,0.1272466369939797,0.8953536868242671,Not Significant
SLC10A4,-0.05523033083259854,0.9161318984114719,0.9347830187984572,0.029289185570687017,Not Significant
SLC12A2,-1.2179546448306056,3.300011645477836e-05,0.00026300883952961804,3.580029654953502,Down
SLC12A4,2.455896987822996,1.5999041858066737e-06,3.330048505747197e-05,4.477549440480189,Up
SLC12A5,-5.796164847454115,2.5272016295428848e-05,0.000218427440689672,3.660692802819431,Down
SLC12A6,-0.19365928515953357,0.1289120527279852,0.17794738547296834,0.7497083885705269,Not Significant
SLC12A7,-0.13140084300872523,0.7297388635947474,0.7754848915768229,0.11042665893191474,Not Significant
SLC12A9,1.2162362927613124,0.0011139624543291106,0.003561427408731025,2.4483759032943775,Up
SLC13A5,-4.723335183300968,0.0007589121881173762,0.0026164549565689415,2.582286737431841,Down
SLC14A1,-1.0495913189295614,0.5307872333770884,0.5938639037139926,0.22631307124468786,Not Significant
SLC15A2,0.6322816358166392,0.3606685245443742,0.4285257106633177,0.36802311618132044,Not Significant
SLC15A4,1.0492097287268471,0.0027509673346817775,0.007264284385212118,2.138807162214012,Up
SLC16A1,1.3470554255249958,0.008379141362630366,0.017696324965857088,1.7521169151503333,Up
SLC16A2,0.7354403194785384,0.00912073409536234,0.01895261453726902,1.722330870087219,Not Significant
SLC16A3,2.425188240845241,0.0003973345375406262,0.001597602443902745,2.796531283782907,Up
SLC16A4,1.9827514879378878,0.00020731449858889727,0.000982817062957436,3.0075273122205153,Up
SLC16A7,-1.2696688192418346,3.147597672782207e-05,0.0002546899514506663,3.5939881893733103,Down
SLC17A5,-0.10261225828322296,0.5805895377024021,0.6413925872150453,0.19287606366265275,Not Significant
SLC17A6,-3.9583324328636085,0.00022977310460463977,0.001063267917219633,2.973357290218402,Down
SLC17A7,-6.149014250771803,0.00039741827719081584,0.001597602443902745,2.796531283782907,Down
SLC19A1,-0.11592368066509984,0.6306001873229122,0.6866065006382825,0.163292089086834,Not Significant
SLC1A1,-0.515229730664533,0.23063661144749828,0.2935110186612049,0.5323755903143731,Not Significant
SLC1A2,-3.6305556012984503,0.0011958590375000897,0.0037623622560199574,2.4245393910779667,Down
SLC1A3,-0.7639018511997122,0.09063639731908271,0.13154748113995668,0.8809174633326731,Not Significant
SLC1A4,-0.3078676016681001,0.5782686519891418,0.639179109078189,0.19437742793738577,Not Significant
SLC1A5,3.27645266909391,6.431259703007022e-08,4.437569195074845e-06,5.352854861924481,Up
SLC20A1,-0.26268637641012305,0.35701745362438064,0.42507904831722143,0.37153030040680907,Not Significant
SLC20A2,0.24086095638125116,0.2912106072999153,0.3578938218786564,0.4462457985285946,Not Significant
SLC22A17,-1.083680699202823,0.0048924093827941145,0.011478531898993938,1.9401136545284412,Down
SLC22A18,-0.02211565162545348,0.951630610281924,0.9628127717163907,0.016458157440251975,Not Significant
SLC22A23,-0.33553483880544377,0.19580174935790232,0.25448417275596796,0.5943392227515503,Not Significant
SLC22A5,-0.13187194084025045,0.7854486032208807,0.824144279642449,0.08399675144919296,Not Significant
SLC23A2,-0.5251157981363193,0.019464918486393333,0.03554923655401132,1.4491697216273327,Not Significant
SLC24A2,-4.246074642984933,0.0003036186806507607,0.0013073589855828324,2.8836051438266215,Down
SLC25A1,1.6569598137477861,0.00029136578301954387,0.0012701077014880505,2.8961594505568464,Up
SLC25A10,-0.023565364150126555,0.9324749946703671,0.9480978094781266,0.023146856833401522,Not Significant
SLC25A11,-0.2885633943729502,0.06549867348480023,0.09944034471401418,1.0024373788642524,Not Significant
SLC25A12,-1.641177110442893,6.142965560934107e-06,8.204510508513229e-05,4.085947324396752,Down
SLC25A13,1.5236451383912737,1.1349299325238352e-05,0.00012442996800503083,3.9050750105469807,Up
SLC25A14,-0.7705611184341414,0.007066466819217715,0.015376544240253783,1.8131412579041912,Not Significant
SLC25A15,0.7311108183331765,0.0009801481273919578,0.0032162906304060526,2.492644714438903,Not Significant
SLC25A16,-0.83727842453996,0.00026997421389851113,0.0011981146391249343,2.92150162538794,Not Significant
SLC25A17,0.5028161261689164,0.01585764394357221,0.029843060916784316,1.5251566345809568,Not Significant
SLC25A18,-0.9176936368579547,0.11576877494523838,0.16220509579948977,0.7899355062109531,Not Significant
SLC25A19,1.031491601393233,0.0027040971183881187,0.007169701001135894,2.1444989553872054,Up
SLC25A20,-0.936716217319395,0.04464971600528467,0.07192216805840067,1.1431372294838371,Not Significant
SLC25A22,-2.466383939606466,5.018337722784097e-07,1.469614366840901e-05,4.832796611050895,Down
SLC25A23,-1.7073943403637521,0.00028692657183147286,0.0012545565471485493,2.9015097587725553,Down
SLC25A24,-0.9874598038730458,0.008279847334761168,0.01753072342378815,1.7562001619166603,Not Significant
SLC25A25,0.029150198641399783,0.8928017892474102,0.9154285216161232,0.038375560569927004,Not Significant
SLC25A26,-0.8682081669795849,0.001878995302760918,0.005369928703549925,2.270031480382455,Not Significant
SLC25A27,-1.504280723844495,0.00086284137952425,0.0028950133779008496,2.538349425050502,Down
SLC25A29,0.7716332608398524,0.00947015555596486,0.019545656027615245,1.7089497483889662,Not Significant
SLC25A3,-0.5891704755562905,0.0014935873932486296,0.004466132205279518,2.3500684252024318,Not Significant
SLC25A32,-0.2259574450071895,0.33721025140058314,0.4051832147673515,0.39234855414321795,Not Significant
SLC25A33,-0.07288217032628452,0.8033666523451498,0.8401448827701692,0.07564581350731793,Not Significant
SLC25A36,0.06931842892737805,0.7702256385681006,0.8111282754479454,0.09091045908858027,Not Significant
SLC25A4,-1.8942639335677534,0.00013306395631377578,0.0007035538857350548,3.15270263400583,Down
SLC25A40,-0.6417079431082193,0.004357167007389904,0.01044848855806853,1.9809465285352545,Not Significant
SLC25A42,-0.7868994793978459,5.928835026588056e-05,0.00039554360303210645,3.40280563476439,Not Significant
SLC25A44,-0.3599313974640772,0.005425489347062552,0.0124502003832137,1.9048236586386347,Not Significant
SLC25A46,-0.6034654294199306,0.014382268291938217,0.027539815771333506,1.5600389692991705,Not Significant
SLC25A5,-0.1372924159592408,0.4108070122195373,0.47831284855351275,0.3202879528496667,Not Significant
SLC25A51,0.24253670037839825,0.04218736556105804,0.0683162708024592,1.1654758486146752,Not Significant
SLC25A53,1.0689889219199884,0.004760725732031846,0.011215984804604494,1.9501625877583804,Up
SLC25A6,0.05361793421778671,0.7956436663414056,0.8337994689195174,0.07893838582929026,Not Significant
SLC26A2,1.1362957450456808,0.019373195493781373,0.03540097431604454,1.4509847850290476,Up
SLC26A6,1.0011643746936567,0.007337310007891275,0.015882264937579868,1.7990875636374302,Up
SLC27A1,-0.6815195379311554,0.032793919264977114,0.05504264289826382,1.2593007214190606,Not Significant
SLC27A2,-4.656434215159619,1.854648086103254e-05,0.00017494124362737995,3.757107790474479,Down
SLC27A3,-0.44642776469605927,0.2416409265689548,0.3055850733436669,0.5148678631945163,Not Significant
SLC27A4,-0.8148584907515755,3.8266747431320574e-05,0.00029090726783460695,3.5362454284915574,Not Significant
SLC29A1,-0.2741513438216998,0.19160964244885356,0.2498341664518466,0.6023481692971928,Not Significant
SLC2A1,-0.44440098152261953,0.26015262704690484,0.32592682065296846,0.4868798997916518,Not Significant
SLC2A10,0.3994112212940326,0.411240608336693,0.47866411188721497,0.31996913277211203,Not Significant
SLC2A13,-1.6879207208893483,0.005663782655317291,0.012870955666516217,1.8903892055986593,Down
SLC2A3,-1.07260793396782,0.08344029647682126,0.12242609185952481,0.9121260140285345,Not Significant
SLC2A5,2.4859693940612093,3.4315911623570536e-05,0.0002707114281095141,3.567493410058312,Up
SLC30A1,-0.32658250394290533,0.06816147138955019,0.10287021165218406,0.98771036661741,Not Significant
SLC30A3,-5.214719100549356,0.00017939890089489638,0.0008837479352641498,3.0536715878535268,Down
SLC30A4,-1.307970681618265,4.622908853575582e-07,1.3943468200874375e-05,4.855629189425746,Down
SLC30A5,0.27724343063224666,0.12636589138770105,0.17491206235774945,0.757180239493471,Not Significant
SLC30A6,0.3385277404109317,0.032087211384762074,0.05405460994817611,1.2671672621236094,Not Significant
SLC30A7,0.6136826224036511,0.04361128190755093,0.07042963352623727,1.152244571410977,Not Significant
SLC30A9,-0.583273424570038,0.007450406816867323,0.01607870571403629,1.7937489135400018,Not Significant
SLC31A1,0.5605199369986451,0.002110715623342403,0.005864133808480796,2.231796128472346,Not Significant
SLC32A1,-6.271730099294917,0.041026395179208024,0.0667474006840022,1.1755656421817364,Not Significant
SLC33A1,0.19706832095396365,0.2909482617283004,0.3576586685358021,0.44653124454198234,Not Significant
SLC35B2,1.3579900639325402,1.8817790165433782e-06,3.62467338674149e-05,4.440731120879598,Up
SLC35E1,-0.13766866980997605,0.44031391640179157,0.5065344745725303,0.2953909913558121,Not Significant
SLC35F1,-1.4306653194482415,0.016633653612734473,0.03108280958907199,1.5074797320242121,Down
SLC35F6,0.6079293411275266,7.893875400570814e-05,0.0004819569744566689,3.3169917306202534,Not Significant
SLC35G2,-2.341312531660707,0.00854173367458576,0.01799444270969823,1.7448615989610927,Down
SLC37A4,0.33614571694843853,0.36008601009051017,0.4279738633378716,0.3685827528436917,Not Significant
SLC38A1,-1.6474358877283244,0.04336563728104535,0.07006662870396967,1.1544887783318294,Not Significant
SLC38A10,0.8725098786858858,0.0005873745236699842,0.002159566040675701,2.665633510457653,Not Significant
SLC38A3,0.5153618678422873,0.2815178644311259,0.34806221972007395,0.4583431144851796,Not Significant
SLC38A9,0.606834278268293,0.006263068070032407,0.013968153140913542,1.85486101219169,Not Significant
SLC39A1,2.0401591216658908,2.177446795766255e-05,0.00019620392683854433,3.707292304870214,Up
SLC39A10,-1.6169049687719976,3.152862482488074e-05,0.0002549112090576634,3.59361106714015,Down
SLC39A11,0.5111731621934474,0.17073014835982098,0.22612878182708868,0.6456441568357146,Not Significant
SLC39A12,-3.8491072351023323,0.00035175505198401137,0.0014588638920077935,2.8359852246982666,Down
SLC39A14,0.8832972765468732,0.008005761477378304,0.017072404979489635,1.7677052957715522,Not Significant
SLC39A6,0.9801994226646293,0.00136508124680941,0.004153554448248509,2.381580092067918,Not Significant
SLC39A7,1.238164199393541,8.220427008281599e-05,0.0004976717649124329,3.3030569979752213,Up
SLC3A2,1.1041105090737773,0.0013436125718795295,0.0041066510277533545,2.386512200764637,Up
SLC41A3,-0.6309416705286885,0.0044422881201745005,0.010617226695762257,1.9739889096214847,Not Significant
SLC43A2,-0.9707533088159899,0.0003165191277102965,0.001350676195358923,2.8694487541786042,Not Significant
SLC43A3,1.524509460487062,0.007512125124303011,0.016191088682547823,1.7907239484716437,Up
SLC44A1,0.8211666972586968,0.034847750517668384,0.05805461199189537,1.236163273202433,Not Significant
SLC44A2,0.6087302760482807,0.021902149452960155,0.039218317381642484,1.4065110431910202,Not Significant
SLC4A1,0.38397375486880314,0.4409959293218556,0.5072032186309365,0.29481799915388723,Not Significant
SLC4A10,-5.0595218745179285,0.0003082135806599355,0.00132463464657346,2.877903889921103,Down
SLC4A1AP,-0.5012400441182621,0.0014634742414971467,0.004392244256644347,2.357313516380558,Not Significant
SLC4A2,2.446302104631135,2.067437876515281e-09,5.206842292003735e-07,6.283425576299683,Up
SLC4A3,-1.568728545639555,0.0007551667656622941,0.002608899176022617,2.5835427043965655,Down
SLC4A4,-0.10103049995997182,0.8597593893607903,0.8877835268983807,0.05169291770613165,Not Significant
SLC4A7,-0.1364442843714997,0.6991914475634513,0.7482106057737634,0.1259761400346639,Not Significant
SLC4A8,-1.3443146417019562,0.00036975416837043627,0.0015136594986966906,2.8199718094255077,Down
SLC5A3,0.1900301454912139,0.5579616621606995,0.6198105003305378,0.20774107056691557,Not Significant
SLC5A6,0.23360908793678448,0.2041778943833501,0.2642117030209209,0.5780479496100525,Not Significant
SLC6A1,-2.034631671489773,0.005487199724227854,0.012566049107040555,1.9008012474312317,Down
SLC6A11,-2.930450364445351,0.020754171730304923,0.03744727671244654,1.426579760121024,Down
SLC6A15,-5.789383961052238,0.000266386985546657,0.001188477631708159,2.925008987698639,Down
SLC6A17,-5.472807474658593,5.857929309395294e-05,0.00039387173185239245,3.404645187358053,Down
SLC6A7,-6.416536034214404,0.00022566425965867926,0.0010476229270974815,2.9797950056620723,Down
SLC6A9,1.481395522766805,0.07057121230260664,0.10610961085618795,0.97424527818371,Not Significant
SLC7A1,0.19386793070935582,0.3902549109741284,0.45868953134446033,0.33848117164306757,Not Significant
SLC7A10,-6.754848950379548,0.01595930490048511,0.030011953998037518,1.522705727902726,Down
SLC7A11,-1.0292047128159432,0.06336755893792427,0.09673659474778741,1.0144092044012991,Not Significant
SLC7A14,-2.7419207044599876,0.000488952118338213,0.0018832947262765248,2.725081709733989,Down
SLC7A5,-0.13757014532714962,0.6730109602808205,0.7246593003280233,0.13986612965634815,Not Significant
SLC7A6,0.43014486426302057,0.01993403066717028,0.03620905606582643,1.441182796661758,Not Significant
SLC7A6OS,1.0583965978865777,4.7342815810723715e-08,3.506849459391402e-06,5.4550828769354,Up
SLC7A8,-1.4091039467319018,0.006349948380560406,0.014136879554865311,1.849646442141553,Down
SLC8A1,-1.9352576097903835,0.0008619745672349652,0.0028945105967750134,2.5384248561464124,Down
SLC8A2,-4.298064147110944,0.00010730211590398102,0.000602206972488415,3.2202542204344957,Down
SLC8A3,-0.6305188641059658,0.007324772165952008,0.015858533161358376,1.7997369853279086,Not Significant
SLC9A1,-1.792417084673236,8.11374103930128e-05,0.0004932880339765909,3.306899419386769,Down
SLC9A3R1,-0.48911988981995336,0.3103322880890783,0.3781189489851687,0.42237155793635717,Not Significant
SLC9A3R2,-1.2889534220017467,4.874597767519386e-05,0.0003451368405586947,3.462008680820352,Down
SLC9A6,-1.6414511015869486,2.2894128440771553e-05,0.00020386300532519732,3.690661577757055,Down
SLC9A7,-1.6355355341082465,0.0040866059207673834,0.009951285483638052,2.002120814491412,Down
SLC9A9,1.3134833395618735,0.0011264755715969983,0.0035968668488964056,2.444075638873141,Up
SLCO1C1,-0.5712695153534249,0.3581389402116435,0.42615533569191505,0.37043206958897856,Not Significant
SLCO2A1,-0.6663174327080128,0.16428572291799887,0.21891724506295246,0.6597200258204425,Not Significant
SLCO2B1,2.0002926015361346,7.424217045170933e-07,1.9527823110457436e-05,4.709346167557489,Up
SLFN11,0.8021565863682518,0.001260680858191496,0.00391374390305736,2.4074075959309167,Not Significant
SLFN5,0.39043875650861537,0.2770047427115742,0.34319834928992726,0.4644548096811406,Not Significant
SLIRP,-0.4265167399372629,0.01961680267280075,0.03574837171698644,1.446743734854017,Not Significant
SLIT1,-1.3344696069606137,0.05013820799696746,0.07946700871010859,1.0998131343486988,Not Significant
SLIT2,-2.6858757910012,0.027038234174716732,0.04672095558766661,1.3304882831429499,Down
SLITRK1,-1.849842054566345,0.009765482233958058,0.02001168999692707,1.6987162334353776,Down
SLITRK2,-0.2943910938985539,0.3985688478825791,0.46650146965508493,0.3311469837243659,Not Significant
SLITRK3,-1.2532990314077033,0.04758551959234146,0.07592279448420143,1.1196278152444465,Not Significant
SLITRK4,-4.258020989466388,0.0027477221978999874,0.007257617572533947,2.1392059199207982,Down
SLITRK5,-1.5777689962762533,0.015741018147902717,0.029684578214521147,1.5274691175449764,Down
SLK,-0.8013367705056744,0.0021699045059429215,0.00599715171272126,2.222054964474832,Not Significant
SLMAP,-0.2118197332996523,0.24486697658082954,0.30896667360662283,0.5100883628059122,Not Significant
SLPI,3.916139292703047,8.232081254342578e-05,0.0004976817444884023,3.3030482893611772,Up
SLTM,0.21074291210793206,0.06533640893978217,0.09923096391668408,1.0033527899438959,Not Significant
SLU7,-0.9060982722904711,0.00019913091901870066,0.0009561701040011394,3.0194648392538146,Not Significant
SMAD1,1.4629908254876476,3.941059590689785e-07,1.2658176348740428e-05,4.897628858199206,Up
SMAD2,0.35329470209153513,0.06307890655588078,0.09642745138754824,1.0157993116472708,Not Significant
SMAD3,-0.3356104941509628,0.28449075859371636,0.35096251556124153,0.4547392657399622,Not Significant
SMAD4,0.5407817316233121,0.002351394378017525,0.006410811086373085,2.1930870207070576,Not Significant
SMAD5,0.7441909377237295,0.0002811759242128345,0.0012353101877540754,2.908223976885884,Not Significant
SMAD9,1.6784187340774253,0.008395299507520503,0.01772301911960636,1.7514622940009752,Up
SMAP1,-0.44872914518791873,0.01141253382818707,0.022779842636250554,1.6424492803642095,Not Significant
SMAP2,-0.4138936226988861,0.11231405922608885,0.15815653237959448,0.8009128656020517,Not Significant
SMARCA1,0.22342002968323982,0.2698781678352919,0.33581431111323257,0.47390079984457467,Not Significant
SMARCA2,-1.1809196647261437,0.00010084427947126786,0.0005742822336877063,3.2408746190849174,Down
SMARCA4,-0.07220287886710963,0.5874057113636397,0.6473608069442409,0.18885359755484574,Not Significant
SMARCA5,-0.07804323907849309,0.6899657368334483,0.7399888036687062,0.13077485127129962,Not Significant
SMARCAD1,0.46603886554362717,0.02551793154098611,0.04445229852047278,1.3521057777995207,Not Significant
SMARCAL1,0.6848976718218971,2.695625201304998e-05,0.00022935581315833232,3.63949024794276,Not Significant
SMARCB1,0.6912167193330312,0.01020910405629676,0.020781271825244203,1.6823278769047703,Not Significant
SMARCC1,1.0682011655489028,0.0030322954504980837,0.00782806120468269,2.106345787414644,Up
SMARCC2,-0.3544102934720783,0.08839837869639082,0.12872582639309643,0.8903343114113151,Not Significant
SMARCD1,0.6522517505017227,8.258107775351114e-05,0.0004981567528675875,3.3026339781367544,Not Significant
SMARCD2,0.7377208332783951,0.0010170882403799527,0.003306275228650417,2.4806609967086453,Not Significant
SMARCD3,-0.08980404760474059,0.7686493375423461,0.8097222029072043,0.09166395203186359,Not Significant
SMARCE1,0.8201953414584704,0.0016363144785676604,0.0048097561726816096,2.3178769393315637,Not Significant
SMC1A,1.0661316004842547,0.0019080134120467327,0.005425155832051591,2.265587782635539,Up
SMC2,0.661759353123685,0.04981754801169288,0.07903338246768411,1.1021894307443745,Not Significant
SMC3,0.6487418436330366,0.008638139131899453,0.018131632878293825,1.7415630829370479,Not Significant
SMC4,1.837445409309833,0.006417366983879581,0.014254635345494171,1.8460438881030516,Up
SMC5,1.2772400050259094,0.002124432802062049,0.005890871469301702,2.229820452867806,Up
SMC6,0.7064925907976196,0.003688086398282408,0.009155688116386639,2.0383090097545127,Not Significant
SMCHD1,0.6417595440822588,0.004054650862016555,0.009897395876897207,2.0044790584392933,Not Significant
SMCO4,1.104174883958926,0.007982668103233255,0.017033975528907397,1.768683980999629,Up
SMCR8,0.10214517060524386,0.22178454829332894,0.28357120694339333,0.5473378683423736,Not Significant
SMDT1,-0.12577185433056925,0.6070128510616302,0.6651851910796108,0.1770574279792749,Not Significant
SMG1,0.20287297982217112,0.3316568999536825,0.39979796698975684,0.39815941864055104,Not Significant
SMG5,0.28566433414573567,0.010163119997349713,0.020712779861076475,1.683761610555704,Not Significant
SMG6,0.06664794489427806,0.7465161336541367,0.7908340444231126,0.10191464311804123,Not Significant
SMG7,-0.21721612655279543,0.3983109341607885,0.46630678733277225,0.3313282631221387,Not Significant
SMG8,0.3415021300476475,0.07989443413847547,0.1181007380060164,0.9277473884919966,Not Significant
SMG9,0.563734984545377,0.004033009943880555,0.009851731856123353,2.006487417274548,Not Significant
SMIM12,-0.25751244960364517,0.08305104893238317,0.1219437788871634,0.9138403508557263,Not Significant
SMIM13,-1.3804478612712714,1.8276367497573068e-06,3.561240351461337e-05,4.448398714393471,Down
SMIM15,0.3468207946795907,0.027149366119670462,0.04686728464080512,1.3291302075567204,Not Significant
SMIM18,-0.11499871973068387,0.840138234422589,0.8718121728031686,0.059577071376676304,Not Significant
SMIM19,-0.20290881245932368,0.26107920296536163,0.32688440102821936,0.48560580352182225,Not Significant
SMIM20,-0.4070706233742811,0.28425553656062313,0.3507152817283181,0.4550453101786962,Not Significant
SMIM8,0.19901130996952787,0.24264928964942423,0.3066677887251662,0.5133318383428358,Not Significant
SMN1,0.4205862594843488,0.09563608175290378,0.13787033308224853,0.8605291751931347,Not Significant
SMNDC1,0.05183308078327897,0.788438849785575,0.8269373214721376,0.08252740697753472,Not Significant
SMOC1,3.381343878362266,0.0004649227544047299,0.0018153611735942828,2.7410369573527023,Up
SMOC2,0.7225647609167787,0.21320022861156426,0.27423124400317905,0.5618830662308261,Not Significant
SMOX,1.1749014252447871,0.001015600551143619,0.003303571182505915,2.4810163309514803,Up
SMPD1,-0.06211420087908692,0.7290763219548958,0.7750859927578747,0.11065011154730812,Not Significant
SMPD2,0.7224186684822556,0.010146958013882452,0.020696589397013933,1.6841012162867783,Not Significant
SMPD3,-1.8323693409654815,0.004900454778016534,0.011494105106807583,1.939524835817439,Down
SMPD4,0.6343421992526785,0.0022816016699309773,0.006254382373574059,2.203815570861417,Not Significant
SMPDL3A,-0.025077151288453337,0.9380998854910175,0.9521089171339568,0.02131336736701642,Not Significant
SMPX,-11.031784203965119,0.004266681565116924,0.010268167722644026,1.9885070460754009,Down
SMS,-0.5396987067969086,0.1258279907332641,0.17432361484172618,0.7586437769705122,Not Significant
SMTN,0.03457359773292801,0.9447932118772213,0.9579153398199606,0.018672872000502057,Not Significant
SMU1,0.23464272237186634,0.08713525685060815,0.12712535517929419,0.895767820679291,Not Significant
SMUG1,0.21606007859012522,0.05371263325165739,0.08416566610315704,1.0748650351377813,Not Significant
SMURF2,0.6416230200803668,0.00017265430941941474,0.0008568076419168395,3.067116668661362,Not Significant
SMYD2,-1.52004999157829,4.9896337586662825e-05,0.0003498904760865862,3.456067878721249,Down
SMYD3,0.8593197913999386,0.03510598362149395,0.05840754401369612,1.233531055080702,Not Significant
SMYD4,0.2737046346800014,0.07332393119034036,0.10956174470653943,0.960341060478048,Not Significant
SMYD5,0.03734749528119963,0.7370854322541697,0.7821148772412582,0.1067294529659493,Not Significant
SNAP23,1.1033859006009479,0.00016364542466799502,0.0008218165543895224,3.0852251147076237,Up
SNAP25,-5.220272642837283,3.2834077010720634e-07,1.1456114452056802e-05,4.940962656205177,Down
SNAP29,0.3759488603318637,0.020758466961204553,0.03744727671244654,1.426579760121024,Not Significant
SNAP47,-1.0259867850264435,0.0015778903768982574,0.004666960556921035,2.3309658695635114,Down
SNAP91,-2.7697704853110494,4.1080127874610217e-07,1.3039683617280944e-05,4.884732945792439,Down
SNAPC3,-0.14320671625943504,0.24288723710256546,0.30689151217499616,0.5130151228635103,Not Significant
SNAPC5,-0.3936174386616855,0.02191053360271037,0.03922635783076315,1.4064220142623414,Not Significant
SNAPIN,0.8995944594776368,2.0573422516681985e-05,0.00018773248046472313,3.726460581580844,Not Significant
SNCA,-4.656093781405582,1.2174074602504068e-05,0.00012950541451491656,3.887712073707882,Down
SNCAIP,2.01168695252605,0.004953547877961231,0.011572829620264711,1.936560440683547,Up
SNCB,-5.109601861361133,2.133831684582055e-05,0.00019313764951014935,3.714133058272896,Down
SNCG,-3.7148510668483894,2.2174183008877494e-06,4.0987654978244376e-05,4.387346928210493,Down
SND1,0.5688930737439044,0.005346471609348052,0.012302502282451411,1.9100065457203428,Not Significant
SNF8,0.7236614566940176,0.00020556904273168585,0.0009768408190938694,3.010176200888696,Not Significant
SNIP1,0.4180553331742942,0.008065910690953134,0.017167966258327037,1.7652811489333884,Not Significant
SNN,-1.135300773114821,0.02747996189293383,0.04736238427877082,1.324566442833924,Down
SNPH,-2.884259097226707,1.7307655624991955e-05,0.00016653039423702862,3.7785064898168286,Down
SNRK,-0.4282902760088838,0.06647254979712369,0.10063788197418456,0.9972385119683975,Not Significant
SNRNP200,1.0691913543969243,0.0002877054165071065,0.0012574162107993887,2.9005209449597937,Up
SNRNP27,-0.42353269721882825,0.006317820893999835,0.014071573664858355,1.8516573314389058,Not Significant
SNRNP40,1.0003158084526653,8.124062368716302e-06,9.932257803695148e-05,4.002952016335643,Up
SNRNP48,0.2947020010409638,0.0330913990296413,0.055468012283628354,1.2559573969428541,Not Significant
SNRNP70,0.6304392991985139,0.02249475546875377,0.040016275223772824,1.3977633386145027,Not Significant
SNRPA,1.1921144253906668,0.000506737304593165,0.0019319787541126486,2.713997653812023,Up
SNRPA1,0.4045026851934743,0.01981647217625823,0.03604100752908925,1.4432030767882107,Not Significant
SNRPB2,0.20862944854717114,0.3500689067354465,0.41831328623568054,0.37849834137871385,Not Significant
SNRPC,0.867307366681846,0.0009097832658068293,0.003020816288641397,2.5198756856023627,Not Significant
SNRPD1,0.022586233707215797,0.9129718902999804,0.93212514673984,0.03052577553245972,Not Significant
SNRPD2,0.4631919652739924,0.055154236597643284,0.08610317363778992,1.064980840788175,Not Significant
SNRPD3,0.002684351785923411,0.9885442938099541,0.9925839944026191,0.003232732159716986,Not Significant
SNRPE,0.8956986144015389,0.0005287377686670343,0.001991216553851104,2.700881505905136,Not Significant
SNRPF,0.7526425451608034,0.0007703448661197908,0.0026513338507997168,2.5765355833075287,Not Significant
SNRPG,1.3938530791675596,1.0918028916177002e-05,0.00012193816330550678,3.913860350828702,Up
SNRPN,-1.363294015315386,6.248160554616951e-05,0.00040925857885052775,3.3880022081691776,Down
SNTA1,-1.8949886215828542,0.006846085618012284,0.015022318997136951,1.8232630200668092,Down
SNTB1,1.8389687798265246,2.6501377208516236e-05,0.0002264417930437596,3.64504341488121,Up
SNTB2,-0.30986177970315154,0.2657962027896621,0.3316773128828262,0.4792842337164712,Not Significant
SNUPN,-0.29592403196054917,0.055341945156114104,0.08635606497873195,1.0637071555568745,Not Significant
SNW1,0.21948374317664587,0.1218242176168333,0.16937029647694984,0.7711627522536647,Not Significant
SNX1,0.4062014311817066,0.11772102666754714,0.16459703298388198,0.7835779976191405,Not Significant
SNX10,-2.2983513474893087,0.009718698844523475,0.01994015726267403,1.7002714208467196,Down
SNX11,0.08042967648726318,0.4230064795602894,0.4899249568970287,0.3098704369131351,Not Significant
SNX12,-0.09816199179586249,0.29521184076258816,0.3622367946214754,0.4410074378169226,Not Significant
SNX13,0.14343921030150142,0.3186224644333668,0.3870029788644486,0.4122856920885476,Not Significant
SNX14,-0.1807614261670203,0.16454974055905502,0.21915310502272875,0.6592523717602646,Not Significant
SNX15,0.6396849247828147,0.009822677696825198,0.020104359024343165,1.6967097687002564,Not Significant
SNX16,-0.15810966206354138,0.27611934347726264,0.34235400199260846,0.4655245910239214,Not Significant
SNX17,0.370907697028521,0.019579855700226582,0.03570089888218689,1.4473208490234066,Not Significant
SNX18,1.3044806850019448,6.189784621470213e-06,8.248133634482927e-05,4.083644311321972,Up
SNX19,-0.14601013896631088,0.3345618898058393,0.40283940373823146,0.3948680555238133,Not Significant
SNX2,0.4656751038642639,0.0024489812066250264,0.006633197361075842,2.178277080712925,Not Significant
SNX21,-0.4738390411137807,0.07313028133162532,0.10935348881323934,0.9611673566760199,Not Significant
SNX24,-0.18159949053056224,0.10127356230011683,0.1445289512128314,0.8400451488065197,Not Significant
SNX25,-0.17653750149675318,0.48855972097888534,0.5537523210104962,0.2566844404529581,Not Significant
SNX27,-0.590599019139809,0.0013344642089296581,0.004084895910287868,2.388819005511872,Not Significant
SNX29,0.40227712331836685,0.00599282007662798,0.0134679126158274,1.8706997101178577,Not Significant
SNX3,-0.11657455391072347,0.5144775835602003,0.5789502427306527,0.23735875965094053,Not Significant
SNX30,-0.6569330204382489,0.010158026364074523,0.020710778707080903,1.6838035717086532,Not Significant
SNX32,-1.5414198402296542,0.00018110314197202396,0.0008908364512823093,3.050202020795069,Down
SNX33,0.8658531101561628,0.004120875492300414,0.01001295217304254,1.9994378582412276,Not Significant
SNX4,0.0858444076249043,0.7176148469386879,0.7652431425913351,0.11620055346285506,Not Significant
SNX5,0.9384470077719911,8.942726337009565e-07,2.17081988238637e-05,4.663376209401782,Not Significant
SNX6,0.31501219957198856,0.09461432292588753,0.13659281873823317,0.8645721327506852,Not Significant
SNX7,1.3572657442127465,3.665132164136154e-05,0.00028249840414313406,3.5489840012030855,Up
SNX8,0.4349246748206781,0.012060675312606782,0.023846760176486896,1.6225706159131708,Not Significant
SNX9,-0.6680762544279979,0.03150432699387482,0.05318830067643623,1.2741838848182796,Not Significant
SOAT1,1.290732457653025,9.104439056159164e-05,0.0005363632693084644,3.270540970721334,Up
SOBP,-1.3155196533389066,0.0025097789182360808,0.006758490463060754,2.170150294704984,Down
SOCS2,1.056208326260279,0.03196690561447871,0.05386995770496128,1.2686533654324958,Not Significant
SOCS6,1.1784481309726438,0.00021512721354986905,0.001007527452022957,2.996743111837311,Up
SOD1,-0.9961672634615582,0.00048115621492271173,0.0018637947234566611,2.7296019221211627,Not Significant
SOD2,0.6795451844425884,0.28673937099287106,0.35326066080251717,0.45190472301700174,Not Significant
SOD3,-1.1083372438700678,0.13910808167626051,0.1901200399954753,0.7209721030149164,Not Significant
SOGA1,0.5657998147842527,0.07262911412125403,0.10865246445760515,0.9639604185546815,Not Significant
SOGA3,-1.7508650023995784,0.0001718473662959026,0.0008544868549185207,3.068294613903176,Down
SON,0.42972868776531215,0.04490010666551624,0.07223310037502566,1.1412637440367253,Not Significant
SORBS1,0.24993919526029984,0.4580842584944524,0.5246408390260474,0.2801379061335176,Not Significant
SORBS2,-2.831780954304209,5.4839382378970163e-05,0.00037428993095240206,3.426791856002407,Down
SORBS3,0.3452968591898333,0.13559981273146857,0.1861079718606014,0.7302350236402214,Not Significant
SORCS1,-0.491287706186025,0.04474864014511884,0.07203544276476945,1.142453770098997,Not Significant
SORCS2,-2.383953012453441,7.753031391508605e-05,0.0004766220388710926,3.3218258798686837,Down
SORCS3,0.3712988396728889,0.07233169636078178,0.10828793418613696,0.9654199312630032,Not Significant
SORD,1.2447874024441745,0.015948023940823237,0.02999633927928553,1.5229317428740958,Up
SORL1,-0.17168884924733518,0.63555866828537,0.6909051499198033,0.1605815701277764,Not Significant
SORT1,-0.6540704649431248,0.023240346735915483,0.041182630258155245,1.3852859192497133,Not Significant
SOS1,0.3049170028055279,0.022423988364207104,0.039939755795796034,1.398594594869985,Not Significant
SOS2,0.4689259812367901,0.0007297555702751481,0.0025464349203158437,2.594067418686264,Not Significant
SOWAHC,1.9475068254549335,1.4850236242990395e-05,0.00014885699493719925,3.827230752611145,Up
SOX10,-1.1694703579779713,0.4021022793633153,0.46998240657918994,0.32791839923148697,Not Significant
SOX11,3.666071016962805,4.0193179943304235e-05,0.0003008217643007777,3.5216907459600693,Up
SOX13,2.116054787667901,4.235328460230581e-08,3.28205376218176e-06,5.483854309197722,Up
SOX2,2.163973970715265,9.057264379841885e-07,2.1828440517350992e-05,4.660977290351405,Up
SOX21,0.9607418963635688,0.027601431498436538,0.04751483610991963,1.3231707643826638,Not Significant
SOX4,4.8302686558588945,1.3031150316780885e-06,2.8851825998077064e-05,4.5398266956523186,Up
SOX5,0.49992768263737375,0.2962537842461074,0.3632940502124511,0.43974171466428796,Not Significant
SOX6,2.8407592653573666,7.209338280511356e-08,4.809726744229894e-06,5.31787959656674,Up
SOX8,3.180759606049829,0.0005155784859360611,0.0019548128217237028,2.708894821073377,Up
SOX9,0.9614640228479523,0.02250549376329924,0.040028309352308715,1.3976327524996592,Not Significant
SP1,1.2409915881910223,1.5534739067213316e-06,3.2535750803140734e-05,4.487639166926168,Up
SP100,1.7464615266688703,0.0005831035598727116,0.002146767156642042,2.668215057598826,Up
SP110,1.9009467988215043,0.00011773223383225212,0.0006445839802315804,3.190720492158279,Up
SP140L,1.8816794739420981,8.664237748768085e-05,0.0005178944221036114,3.2857587664539487,Up
SP2,0.35957565401129266,0.14588715109141004,0.1979883012386993,0.7033604706353367,Not Significant
SP3,0.8998453286920487,5.451181659845872e-06,7.584972933879464e-05,4.120045964605368,Not Significant
SP4,0.4683611946805577,0.05086557943755213,0.08030400364424074,1.0952628019534905,Not Significant
SPA17,-0.44271254210867106,0.13843541734106143,0.18945773594536786,0.7224876568983922,Not Significant
SPAG1,0.23728203454051489,0.5076910962745976,0.5725377928882006,0.24219584051458187,Not Significant
SPAG5,-0.3668255943582217,0.5316208068762932,0.5945984243890061,0.22577624595527696,Not Significant
SPAG7,-0.10061863723306885,0.5985333511975329,0.6572514693660286,0.18226843430209444,Not Significant
SPAG9,0.434486808802518,0.02634967836921412,0.045719369598942995,1.3398997665004642,Not Significant
SPARC,3.618214401520813,3.6837887002066834e-05,0.0002837193223691295,3.547111086084536,Up
SPARCL1,-0.4560610322736238,0.33905666360352466,0.4070619507975101,0.3903394904257003,Not Significant
SPAST,-0.2763690802523726,0.04126938064219877,0.06707772516771707,1.1734216742093606,Not Significant
SPATA13,1.2367692812956648,0.0017599805307679799,0.005093376577695096,2.2929942131682193,Up
SPATA18,-1.4109073633215008,0.024357412664408388,0.04277834295349548,1.3687760421135082,Down
SPATA2,-1.6241126272152933,0.0005124627665488935,0.0019459291029828693,2.7108729866494827,Down
SPATA20,-0.34991692347839276,0.36039852159117236,0.42829476306588066,0.3682572358660851,Not Significant
SPATA2L,-0.11228491298748544,0.7060468253324258,0.754796006781852,0.12217040611865122,Not Significant
SPATA33,-0.3067946492620681,0.1185408574744376,0.16553653981112898,0.781106127043651,Not Significant
SPATA5,0.6400240891277207,0.011821050078609379,0.02344362916057244,1.6299751570562802,Not Significant
SPATA5L1,1.0475830653486433,0.00021087714635440052,0.0009941215716014096,3.002560502275546,Up
SPATA6,1.563078183961327,0.0031406130718018054,0.008038245956639071,2.0948387092690273,Up
SPATS2,-0.5302797656899969,0.014297232230412689,0.02740302844162432,1.5622014385370206,Not Significant
SPATS2L,0.02426263366384518,0.9184793765312239,0.9368936046147782,0.028309725603443706,Not Significant
SPC24,1.934720443243874,0.036678340073641104,0.060742659526855244,1.2165061970645765,Not Significant
SPC25,2.08565354632349,0.005760665230690345,0.013038180528864195,1.8847830099389709,Up
SPCS1,-0.08027451349940762,0.5981960259675706,0.6569526616807267,0.1824659234562485,Not Significant
SPCS2,0.2293620004321859,0.16755907564732803,0.22254319420846178,0.6525856827245514,Not Significant
SPCS3,-0.34079138777962115,0.32595822705992444,0.3942967314363207,0.40417682304103825,Not Significant
SPDL1,0.6808532597053372,0.0017537524577600468,0.005081191331456633,2.2940344514917195,Not Significant
SPECC1,0.3052502417502829,0.10876449125832957,0.1537599614000017,0.8131567387010785,Not Significant
SPECC1L,0.1313942866225446,0.4490912176054936,0.5151024622745921,0.28810637411532003,Not Significant
SPEG,0.12172328351099893,0.7420508917669091,0.7869095877547234,0.10407516318712029,Not Significant
SPEN,-0.19965107108608393,0.33752239528349637,0.4055099117574171,0.3919985259930385,Not Significant
SPG11,0.7343677510660775,0.00010078402203035934,0.0005742637092385973,3.24088862821721,Not Significant
SPG21,0.7679775516828151,3.518968633469586e-05,0.0002765217629763854,3.5582706829176414,Not Significant
SPG7,0.15510494939299946,0.026174279415078414,0.04546985529013622,1.3422764279544546,Not Significant
SPHK2,-0.5187916488358759,0.02265783983709322,0.04024243274310245,1.3953157731069512,Not Significant
SPHKAP,-1.8267335955863757,0.06429385861772666,0.0979132776591048,1.0091584111275766,Not Significant
SPI1,2.7215167165341825,3.901756388161036e-07,1.2658176348740428e-05,4.897628858199206,Up
SPICE1,1.115652474757665,0.0011644667379587619,0.003688589527991969,2.4331396710530937,Up
SPIN1,-0.926403834234403,7.928561110500228e-05,0.0004834886478642814,3.3156137185360555,Not Significant
SPIN3,-0.06820986646799199,0.5948421247073333,0.6541465173418136,0.18432496643669366,Not Significant
SPINT2,-2.229566967627594,1.170512872466207e-05,0.00012598019954299753,3.8996977080963693,Down
SPIRE1,-0.07577140712451325,0.6161414654428352,0.6738691914961591,0.17142439860539693,Not Significant
SPIRE2,-1.1932788015788116,0.0035117925759874263,0.00879607121096403,2.0557112633490435,Down
SPN,1.7767950117908011,0.00115281601705542,0.003660090941007344,2.436508123707501,Up
SPNS1,1.1467677371743523,0.00017322960191977412,0.0008592392957852312,3.0658858695024787,Up
SPOCK1,-1.6144552627968558,0.0135365353658323,0.026199242512083498,1.5817112650763587,Down
SPOCK2,-0.500975113749508,0.16462396998745432,0.21919400920613466,0.6591713197327054,Not Significant
SPOCK3,-3.816231390912531,0.0022128067701744324,0.00609565638576353,2.2149795223070368,Down
SPON1,0.8214797740600517,0.2738204360558663,0.3400477160782541,0.4684601377357321,Not Significant
SPP1,3.389472811853878,0.0003559245955724576,0.0014725192508406315,2.8319390187960676,Up
SPP2,2.367128407485043,0.39182170110240616,0.4600479973083496,0.3371968555385659,Not Significant
SPPL2A,0.6684541733546929,0.00020456953306473917,0.0009738055105062407,3.0115277722262697,Not Significant
SPPL2B,0.6339975718850326,0.0021410355673275494,0.005925492391554322,2.2272755551828607,Not Significant
SPR,0.013882350304513125,0.9577232471977174,0.9678106121245666,0.014209620125852581,Not Significant
SPRED1,-0.6593363983801019,0.13310949892635154,0.18316419781232968,0.7371594117383583,Not Significant
SPRED2,-0.9736393261702609,0.014302001052342242,0.027406954270742957,1.5621392248364625,Not Significant
SPRED3,-0.07744420202453561,0.8853564913448142,0.9097390140562687,0.0410831802193844,Not Significant
SPRY1,0.5075550576173065,0.2778607738777673,0.3441742820662274,0.46322158483359704,Not Significant
SPRY2,-0.4747403965091408,0.03732060126764821,0.061664382019073,1.2099656165040542,Not Significant
SPRY4,-0.6122236278616828,0.3057463427866099,0.3732083675308746,0.42804862770220464,Not Significant
SPRYD3,-2.184988491304992,8.540773765332496e-08,5.278512571285862e-06,5.2774884397937765,Down
SPRYD4,1.8776590514356766,6.777375776329125e-05,0.00043153517872353617,3.3649837948438646,Up
SPRYD7,-1.8140632050815437,1.706057516088201e-06,3.4658872530726516e-05,4.46018556919418,Down
SPTA1,1.5834574201025333,0.3866502346227449,0.45493044424077694,0.34205499892875946,Not Significant
SPTAN1,-1.108758469570219,1.7167736145356893e-06,3.4658872530726516e-05,4.46018556919418,Down
SPTB,-5.106379354345004,3.7982696247130394e-05,0.0002900968021179618,3.5374570586160803,Down
SPTBN1,-0.6879474905370131,0.010909503930231672,0.021949738884192903,1.6585706417921866,Not Significant
SPTBN2,-2.6714139214314265,5.9828448591793564e-05,0.00039756714453412163,3.4005895134525845,Down
SPTBN4,-2.8836087199133598,0.0011720011711501795,0.0037046563533626948,2.4312520712906114,Down
SPTLC1,0.3444658550347519,0.010744754090098538,0.021689537317579156,1.6637497122811256,Not Significant
SPTLC2,-0.09185045039887285,0.6479851023283303,0.7019896677982148,0.1536692799659832,Not Significant
SPTY2D1,0.061838336935117866,0.6494859520597582,0.7033886778165991,0.15280462663799682,Not Significant
SQLE,-0.33941102502766185,0.13285327148454087,0.18283659247749517,0.7379368812462535,Not Significant
SQSTM1,0.28676568105372624,0.253547880980639,0.3186031374577719,0.49674995178068615,Not Significant
SRA1,0.6285379332509038,0.00010955627054712742,0.0006111128845469333,3.2138785596304507,Not Significant
SRBD1,1.4657442232747933,3.524640983123087e-05,0.0002765360846104516,3.5582481904905823,Up
SRC,-0.3471525875478605,0.08099762680490831,0.11936367648224785,0.9231278131006,Not Significant
SRCAP,-0.15793837322603466,0.5375886334604477,0.6001405023803802,0.22174706250780343,Not Significant
SRCIN1,-3.9832942586889413,0.0007013956184220192,0.0024683087528577555,2.6076005167313316,Down
SRD5A3,-0.5255852908805281,0.036113812413440964,0.05989636915591114,1.2225995032091026,Not Significant
SREBF1,0.12126813327618535,0.8195585418072328,0.854682479313257,0.06819519883197267,Not Significant
SREBF2,-1.6015346996056543,0.0008760829575703781,0.002931139061628691,2.5329635768992182,Down
SREK1,1.0282804315392724,0.00030910708107556123,0.001326887697203575,2.877165832635709,Up
SREK1IP1,0.053924328868198756,0.5044426746035534,0.5691930447979612,0.24474041537679214,Not Significant
SRF,0.5997937930231565,0.09146651387915959,0.13261854646209753,0.8773957363919611,Not Significant
SRFBP1,0.0854374374273732,0.37122596071616126,0.43914165432769003,0.3573953663875951,Not Significant
SRGAP1,2.01227887231264,1.910621652794881e-07,8.479120057381337e-06,5.071649215438158,Up
SRGAP2,0.2626748583205476,0.18439812651655899,0.24200255684403774,0.6161800455179545,Not Significant
SRGAP3,-1.5477062512253283,0.006612579580509379,0.014586189335242278,1.8360581534003841,Down
SRGN,1.9682293269589088,0.0032212691096813644,0.00820507332766879,2.0859175333604765,Up
SRI,0.32688910500634805,0.1876930509630851,0.24568864285370573,0.6096149186520508,Not Significant
SRM,0.48271746008573047,0.018975149116531843,0.03478659490042048,1.4585880802588094,Not Significant
SRP14,-0.15040476847830675,0.2551465355403588,0.32033227804506165,0.4943992977689988,Not Significant
SRP19,-0.47704670829841334,0.008317826999265594,0.01760013786520326,1.7544839302618433,Not Significant
SRP54,0.18271814469436265,0.2811312553036735,0.34762688915296514,0.45888663797969664,Not Significant
SRP68,-0.42013796098292744,0.008894475889987449,0.01855517707925731,1.731534896654603,Not Significant
SRP72,0.26340356299294854,0.16127362374797405,0.21535929024881903,0.6668363887410789,Not Significant
SRP9,-0.563939624878909,0.017401222215210458,0.03229548868755162,1.4908581394316756,Not Significant
SRPK1,-0.33300906105798234,0.024323159335818124,0.042754499966529046,1.3690181684730753,Not Significant
SRPK2,-0.9830485051182762,0.0001486523242624516,0.0007678937342264817,3.114698876104177,Not Significant
SRPRB,0.2082764959562624,0.2470264567973336,0.3113010169383898,0.5068194605895382,Not Significant
SRPX,3.6530235561446105,4.72191264519773e-05,0.0003373655885654037,3.4718992177110795,Up
SRPX2,3.9727732016784785,0.0026896788522752873,0.007136826617552074,2.146494853888307,Up
SRR,1.0512424832436142,0.00046959595113076156,0.0018279657350719154,2.738031949307144,Up
SRRM1,0.108485874143323,0.5483245220562349,0.6104344386334966,0.2143609729454003,Not Significant
SRRM2,-0.28756068707356874,0.351301559741799,0.41961251041485453,0.37715157213924355,Not Significant
SRRT,0.6633192767681138,1.0745397684230903e-05,0.00012108404504579654,3.9169130790292694,Not Significant
SRSF1,0.7055521484936342,0.001965940137443962,0.005550695332009661,2.255652609680973,Not Significant
SRSF10,0.8014087287636613,0.0013026872953557688,0.004013232970463002,2.396505628491988,Not Significant
SRSF11,0.703902545188182,0.006490430215827056,0.014376559805242252,1.8423450246863537,Not Significant
SRSF12,-0.6151538330911013,0.003212814827777503,0.008189568015695719,2.086739005852222,Not Significant
SRSF2,0.8498463535666296,0.0013053366016585596,0.00401896714619773,2.395885544015319,Not Significant
SRSF3,0.6624475141672832,0.0035899759814182522,0.008958488490663233,2.0477652599293585,Not Significant
SRSF4,0.9159479521878886,1.7643340057391127e-07,8.082980511280207e-06,5.0924284683193095,Not Significant
SRSF5,0.24811167394211964,0.10063744503434327,0.14388612280385665,0.8419810898738809,Not Significant
SRSF6,1.1967580487162834,4.0027189081256066e-05,0.00029980215821901385,3.5231652450726805,Up
SRSF7,0.27462305546064414,0.1459182700211282,0.19800385940097595,0.7033263445858823,Not Significant
SRSF8,-0.00953590802813764,0.9687149662170784,0.9763850721873101,0.010378869070741268,Not Significant
SRSF9,0.7352016832269825,0.00025301269957332494,0.001144357209527732,2.941438389955752,Not Significant
SRXN1,-1.027866750513807,0.0019181239509123453,0.005447753222861846,2.2637825737048076,Down
SS18,1.2453261330755971,4.096517902335518e-05,0.0003045632571817565,3.516322491563734,Up
SS18L1,-0.5529153352011384,0.00010108351595563936,0.0005749945453061044,3.2403362752315794,Not Significant
SS18L2,-0.015385119229925692,0.9308521004340139,0.9468299737249855,0.023728002097712683,Not Significant
SSB,-0.022616583993674055,0.883582748616619,0.908472403507228,0.04168826063614723,Not Significant
SSBP1,0.6763719136493691,0.0001633165067778935,0.0008205738101149621,3.085882348329456,Not Significant
SSBP2,-0.5284201783472788,0.18104246694130344,0.23803469224310767,0.623359742305872,Not Significant
SSBP3,-1.8400790940217924,1.3014879205428398e-07,6.621812783610388e-06,5.179023102079013,Down
SSBP4,-0.6019662808415767,0.008536207404117136,0.01798656209769421,1.7450518385822713,Not Significant
SSH1,-0.5794172024863506,0.0044017295727060415,0.010543131596940227,1.9770303726844831,Not Significant
SSH2,0.621061461570747,0.006278804088895619,0.01400014882504083,1.8538673476395862,Not Significant
SSH3,-1.8519461072294945,5.875855960029154e-05,0.00039387173185239245,3.404645187358053,Down
SSNA1,0.3380064449126756,0.0490975684120689,0.07802632973389842,1.107758821301866,Not Significant
SSPN,0.5182645219154587,0.27446079210574664,0.34054908482242785,0.46782028248489205,Not Significant
SSR1,0.37705022863914905,0.0070670438586832455,0.015376544240253783,1.8131412579041912,Not Significant
SSR2,1.181342706820331,4.6702733135102344e-05,0.0003346254150803848,3.4754410770914994,Up
SSR3,0.23416571603133107,0.3204393495194864,0.38888158138288226,0.41018262587595633,Not Significant
SSR4,1.280323264808775,1.9333426905107035e-06,3.699158460516092e-05,4.431897064452724,Up
SSRP1,0.9861359722469594,0.002682137157749993,0.007123609208324131,2.147299913369882,Not Significant
SSSCA1,-0.25986446115406636,0.2301079586300739,0.29306107550547594,0.5330418609057377,Not Significant
SST,-5.936955535562802,0.05370807100396874,0.08416566610315704,1.0748650351377813,Not Significant
SSU72,0.06895004730947463,0.5673877583890299,0.6283931704057923,0.20176854366897712,Not Significant
SSX2IP,-2.3634502430869446,0.0008136407297929808,0.0027738127620759692,2.556922858021803,Down
ST13,0.17281219040934914,0.2698631687398119,0.33581431111323257,0.47390079984457467,Not Significant
ST14,2.7443465794359323,0.0017327811471259404,0.005030108374949405,2.2984226578594864,Up
ST3GAL6,0.4568997672242183,0.28805812062292835,0.3547118331689745,0.45012432324424456,Not Significant
ST5,1.0357956847486456,0.0011661701197804132,0.0036908569860722223,2.4328727825916583,Up
ST6GAL1,1.3181381639603984,0.00047569431929206363,0.0018473077333803355,2.7334607516758456,Up
ST7,0.7324680691798022,0.02025944849354548,0.036720706031661964,1.4350889771792084,Not Significant
ST8SIA3,-3.869656877644143,2.69966549260199e-07,1.0408626060683414e-05,4.982606593606061,Down
STAB1,3.389139470503334,7.112176213297464e-05,0.0004471556248790982,3.3495413017816666,Up
STAC2,-4.326700720246807,9.286423220360316e-05,0.0005435876090755945,3.2647304514454802,Down
STAG1,0.791135337032177,0.008420839427144462,0.017765766783047813,1.7504160433134142,Not Significant
STAG2,1.016066294081373,1.2890602288767113e-10,1.0821660621419991e-07,6.9657060901184344,Up
STAM,-0.19547688201042845,0.30544775797813517,0.3728890831158184,0.4284203310714119,Not Significant
STAM2,0.15974706081686918,0.12175058653074175,0.169297751627323,0.7713488095362556,Not Significant
STAMBP,1.1811278920908883,2.9864176976660646e-05,0.0002461296411282273,3.6088360815298026,Up
STAMBPL1,-1.6472706701484086,0.005169028040453675,0.011962505968189829,1.9221778325420582,Down
STARD10,-0.07021161588626157,0.7197444773719373,0.7669458287544844,0.11523531024116844,Not Significant
STARD13,-1.058494384575802,0.0068877868956383785,0.015100667070002398,1.8210038673808602,Down
STARD3,0.4705275977823078,0.004092392736158592,0.009962968686336794,2.001611234669658,Not Significant
STARD3NL,0.6028128074877657,0.0005512222435238891,0.0020528698267133676,2.687638588540974,Not Significant
STARD7,0.2351364072348474,0.1190477811310254,0.1661753286842109,0.7794334535461616,Not Significant
STAT1,1.061846376248397,0.02764107381322359,0.047574949187496066,1.322621666889641,Up
STAT2,0.6043939616516099,0.011982625441586445,0.023725033156159953,1.624793171965907,Not Significant
STAT3,1.1915345854807775,0.00017504863334577027,0.0008657044341312173,3.062630358024136,Up
STAT4,-4.868561197633255,5.7030709938827445e-06,7.838026902097513e-05,4.105793250246478,Down
STAT5A,1.3102141612780187,0.0002889765593592625,0.0012618768352775079,2.8989830320726107,Up
STAT5B,0.6003508777553606,0.0003198288465368787,0.0013600488813898337,2.86644548241186,Not Significant
STAT6,-0.7872021934938154,0.004661671579300393,0.01103520438239906,1.9572196188841906,Not Significant
STAU1,-0.22759182584343662,0.005150278580034073,0.011927334808106494,1.923456589644292,Not Significant
STAU2,-1.491382338174482,2.953973517636015e-07,1.0821210624241896e-05,4.965724149763953,Down
STC1,1.5987125204414419,0.2530855364883367,0.31818091783146185,0.4973258697208615,Not Significant
STC2,3.4000048012598825,0.006734273521488027,0.01481246101647825,1.8293727796230808,Up
STEAP2,-3.564693005195407,0.0004702028431841301,0.001829439476883647,2.7376819536494943,Down
STEAP3,2.5511609800326625,0.001638539719197333,0.0048124341490361315,2.3176352001132403,Up
STIM1,-0.5607255315299113,0.12956109158080387,0.17874533505683624,0.7477652837115598,Not Significant
STIM2,0.9266625928581895,0.007203956584504916,0.015630553226858176,1.806025650316081,Not Significant
STIP1,0.012399379896017138,0.9497517481387978,0.9614227680645753,0.0170855972815084,Not Significant
STK10,1.7916106599857908,1.6314503954844503e-05,0.00015941058471494036,3.7974828452317926,Up
STK11,0.1098681067605014,0.3752747901097905,0.4431506547375489,0.3534486047062806,Not Significant
STK11IP,-0.08342142958936094,0.5884187156252296,0.6482644511382943,0.1882477931399222,Not Significant
STK16,0.9130148654434453,1.883844055877383e-07,8.441485166693463e-06,5.073581138332069,Not Significant
STK17A,1.4331684554470705,0.003686418298028668,0.009153802793773922,2.038398448091627,Up
STK17B,2.013064596278241,3.0383082304848433e-05,0.00024965674644293894,3.602656693564999,Up
STK24,-0.9173869547538374,0.001985157037311149,0.0055863387023262386,2.2528727363593357,Not Significant
STK25,-0.26069209792263237,0.10363493633519501,0.1472522353513053,0.8319381037166272,Not Significant
STK26,-0.8310020047999842,0.06273933286439275,0.0959957532314539,1.0177479793452344,Not Significant
STK3,1.6159034656536555,4.8813707962422446e-06,6.985075199054598e-05,4.155828914051065,Up
STK32A,1.8038338503794122,6.998134693267384e-05,0.00044172436654120066,3.3548486433893103,Up
STK32C,-1.8505528337949126,5.895074190959632e-05,0.00039463712380267946,3.4038020627627636,Down
STK33,2.2448510322553794,1.758441705728668e-05,0.00016870992136676762,3.7728593769950867,Up
STK35,-0.6024444323902856,5.405602048625011e-05,0.00036994589020277423,3.4318617929731157,Not Significant
STK38,1.3551249473885072,0.00012278976530781814,0.0006636180770981545,3.1780817922121014,Up
STK38L,0.5289136242499133,0.0367009151625445,0.060770055777033746,1.2163103650407558,Not Significant
STK39,-1.4417223755105688,3.4148397147972995e-05,0.0002700242958152904,3.56859715782692,Down
STK4,0.46713154287645153,0.0002459705003649672,0.0011232578516213415,2.9495205369869693,Not Significant
STMN1,-1.436598956536006,0.0010023783141349064,0.0032728738791321693,2.485070729996699,Down
STMN2,-4.233307356601479,6.0663959223812656e-05,0.00040126639870038657,3.3965672057532763,Down
STMN3,-1.968479734164248,0.0007314866504692568,0.002549825784369306,2.5934894915157547,Down
STMN4,-1.8873450420854105,2.8140147087858208e-05,0.00023603983494011955,3.6270146977299556,Down
STOM,0.7144373754973756,0.12078180989815354,0.16817635838479597,0.774235055771584,Not Significant
STOML2,0.5553027137267605,0.006988256493161811,0.01526643516027305,1.8162623624829286,Not Significant
STON1,3.761285170820491,4.605086306591574e-08,3.43641773722989e-06,5.463894047999571,Up
STON2,0.08541257972242633,0.8581017923946859,0.8865262492651077,0.05230840079378202,Not Significant
STOX2,-2.0758555842730466,0.0001240350955473918,0.0006681034959711441,3.175156255716731,Down
STRADA,0.8331782502636358,0.0003486200712926384,0.0014494422609170612,2.838799080250036,Not Significant
STRADB,0.4927313762108234,0.020484817589251008,0.03708053368895443,1.4308540238128697,Not Significant
STRAP,-0.20477964960257822,0.21469511713629477,0.2759074639661989,0.5592365506426453,Not Significant
STRBP,-1.6041693294217616,4.471998874335465e-07,1.3752505812079636e-05,4.861618162836762,Down
STRIP1,0.3892769809810446,0.0008259667462705716,0.002804445231523336,2.552153036980709,Not Significant
STRIP2,-0.17833908369342666,0.7082288749938483,0.7566759663472297,0.1210900599382581,Not Significant
STRN,-0.6019585724007008,0.004111812534883914,0.00999848180934817,2.000065939187796,Not Significant
STRN3,0.17884503278121144,0.18473098959421685,0.24234665831125676,0.615562964333989,Not Significant
STRN4,0.0676158303282115,0.6214295947237664,0.6785477712169111,0.16841957166589125,Not Significant
STT3A,1.170333744016741,0.0006732420485806425,0.002388394944997496,2.6218938566671195,Up
STT3B,0.13203896925560343,0.5281478875089284,0.5915021477226176,0.22804367412584275,Not Significant
STUB1,-0.5337844948176453,0.0011890132052380252,0.003746674704275216,2.42635401180905,Not Significant
STX10,1.2487608513530581,3.465201536952336e-05,0.0002729354205102254,3.563940099603372,Up
STX11,2.4213972791132523,0.00016439072276674282,0.0008247371220877327,3.0836844570495483,Up
STX12,-0.07934237832096969,0.6417143863267097,0.6963945629489684,0.1571446282647561,Not Significant
STX16,-0.3682945200013066,0.1861555050139591,0.24396130577736752,0.6126790507923344,Not Significant
STX17,0.2737472260248772,0.013605632730226469,0.026322862324620982,1.5796668876948787,Not Significant
STX18,0.6325139582005299,9.878002735087821e-05,0.0005673375117062412,3.246158500432407,Not Significant
STX1A,-3.4636861731906663,8.928229429212786e-09,1.2668025812660508e-06,5.897291060370808,Down
STX1B,-3.428336195844274,9.96185076265213e-06,0.00011456128377049949,3.9409621283172944,Down
STX2,0.6387536556813274,0.0013616523494192915,0.00414795457153007,2.382166008657599,Not Significant
STX3,-1.2735567786815771,0.049658170301179104,0.0788177733754653,1.1033758382398615,Not Significant
STX4,0.8568289985753985,3.249159429439273e-05,0.00026019103411900824,3.584707672800289,Not Significant
STX5,0.6921723104849988,0.0012349527444146004,0.0038516761446540817,2.4143502362158533,Not Significant
STX6,0.09106536428030765,0.5167904891601868,0.5812378461314861,0.2356461152430048,Not Significant
STX7,-0.8290093008785995,0.003965032112450525,0.009704502794175555,2.0130267105875674,Not Significant
STX8,0.4201950788960538,0.00040820854916414853,0.0016312149640141343,2.7874888031942633,Not Significant
STXBP1,-3.810017655328508,6.691412640094583e-08,4.585666050089308e-06,5.338597575834666,Down
STXBP2,1.6854476239516991,1.2880237962623512e-05,0.00013281646525987472,3.8767480821348106,Up
STXBP3,0.24600809429368553,0.07072816627709501,0.10629800791816427,0.9734748743125959,Not Significant
STXBP4,1.698895749563727,3.6414545626551605e-07,1.211011356226608e-05,4.916851784252962,Up
STXBP5,-2.5040259371716047,8.374961398027215e-06,0.00010111584711723958,3.99518077540567,Down
STXBP5L,-4.225022751972109,1.1237538032474862e-09,4.1928503014500655e-07,6.377490643061437,Down
STXBP6,-3.985443249627904,2.3527236008229636e-05,0.00020754236037382254,3.6828932483541528,Down
SUB1,-0.5475569971416121,0.047680237739209194,0.0760498282116519,1.118901762634203,Not Significant
SUCLA2,-1.4321368748057495,0.00016982581907658468,0.0008469432185037197,3.0721457050377996,Down
SUCLG1,0.2162915981542426,0.1167095498176637,0.1633414844211092,0.7869035019312609,Not Significant
SUCLG2,1.1472341780752515,3.580261351373742e-05,0.0002787291565203947,3.5548175994473943,Up
SUCO,0.7028933187560398,0.003115653983024187,0.00799467606341968,2.0971991287557037,Not Significant
SUDS3,-0.4183660814079069,0.014487837206634172,0.02770510099081865,1.557440262408054,Not Significant
SUFU,0.1693907388552418,0.5078103919008526,0.5725664156629336,0.24217412945451752,Not Significant
SUGCT,1.127410315615725,0.005918068282119968,0.013322596619905378,1.8754111214274831,Up
SUGP1,0.156526875458745,0.21311968986165888,0.2741626555569342,0.5619917019538189,Not Significant
SUGP2,-0.280019728112503,0.01558607528623024,0.029419921760068097,1.5313584865784369,Not Significant
SUGT1,-0.9334630570465734,0.0038276669190236688,0.009423244511789941,2.025799539780334,Not Significant
SULF1,2.385802143130249,0.05392707545444612,0.08444914629692059,1.0734047363879469,Not Significant
SULF2,2.527127521269403,4.943162689369425e-09,8.585762229777171e-07,6.066221142845349,Up
SULT1A1,-2.9250898126321463,2.708228134075498e-05,0.00022984574745304605,3.63856352704424,Down
SULT1A4,-3.6222009370847377,0.03528391078132665,0.058655134853314306,1.2316939623916798,Not Significant
SULT1B1,0.016081909305512454,0.9737452358900153,0.9803627329958039,0.00861320615302465,Not Significant
SULT4A1,-6.092213322786687,0.0003424778754868356,0.0014292138018452284,2.8449027984895525,Down
SUMF1,0.8564245113189131,0.0008741973938639907,0.002925802174679682,2.533755041624734,Not Significant
SUMF2,0.7518739056654162,0.0002785710516536109,0.0012263780847661405,2.9113756188762627,Not Significant
SUMO1,-0.721375746027654,0.0037029860316710062,0.009185885565883702,2.0368789691526707,Not Significant
SUMO2,0.1384073482750594,0.44199423549623984,0.5082933708206758,0.2938855543436747,Not Significant
SUMO3,-0.3545855837614411,0.09572992731861972,0.13794640077353384,0.8602896264249937,Not Significant
SUN1,0.1683800999530547,0.16111904626923293,0.21523846600135957,0.6670801118193683,Not Significant
SUN2,0.06274572112360843,0.8504080485993034,0.880473862444952,0.055283531876617595,Not Significant
SUOX,0.34594852825469147,0.0643775820162286,0.09802596149206273,1.0086588892098587,Not Significant
SUPT16H,0.24504067211742253,0.2239918037015977,0.28610288201976614,0.5434777673643388,Not Significant
SUPT20H,0.7057546144070717,0.0005748672029311717,0.0021228783732876186,2.6730748872862753,Not Significant
SUPT3H,-1.034303341237468,1.985910996220559e-05,0.0001834405533621472,3.7365046481943596,Down
SUPT4H1,-0.0263400525076527,0.8421277669211504,0.873336949141823,0.058818165320805596,Not Significant
SUPT5H,0.05290625217155309,0.3812258855025954,0.4492828229472562,0.3474801851056708,Not Significant
SUPT6H,0.1847217932981131,0.09723476493697093,0.13985480039620862,0.8543226222505897,Not Significant
SUPT7L,0.3019789688704755,0.004805674679343219,0.011306017449720596,1.94669034858477,Not Significant
SUPV3L1,-0.10025393618998635,0.25358612524120033,0.3186114524419871,0.49673861760278376,Not Significant
SURF1,0.5828777973526549,0.0005801800298224932,0.0021393607688256944,2.6697159724650668,Not Significant
SURF2,0.2176638607341168,0.2962251948743488,0.3632940502124511,0.43974171466428796,Not Significant
SURF4,0.7509090841240038,0.003065760388774241,0.007900862153111206,2.102325515303364,Not Significant
SURF6,0.3604728453435051,0.09334926291997965,0.13497925572784197,0.8697329708766747,Not Significant
SUSD2,1.2165067825247942,0.014884463737009688,0.028291714657855772,1.5483407307374633,Up
SUSD5,-0.9517339734738357,0.48560799661874726,0.5513371980093835,0.25858270524388355,Not Significant
SUZ12,0.08392027271212754,0.5656210896744371,0.6268861932477825,0.20281129510334722,Not Significant
SV2A,-2.1197318954916113,2.8606365743872684e-08,2.5278993728401176e-06,5.597240217846166,Down
SV2B,-5.961736176608666,2.604647364963636e-05,0.0002240752993564788,3.649606014702854,Down
SV2C,-3.8119215695229443,0.006454403917818544,0.014309345305480637,1.84438023603208,Down
SVIL,0.6246260234917855,0.2633602296936245,0.32896354047533455,0.48285223289441803,Not Significant
SVIP,-2.397223732219274,2.0398777456750034e-05,0.0001866460346042687,3.728981232460305,Down
SVOP,-4.993147825211059,6.402938011292805e-05,0.0004158813509075675,3.381030553978723,Down
SWAP70,-0.37979534215543254,0.15746314246013482,0.2107458080434965,0.6762410551928238,Not Significant
SYAP1,0.012813419253294711,0.9418782938464842,0.9554407342875322,0.01979624693461838,Not Significant
SYBU,-0.8789433014583317,0.04752073057509804,0.07584344737223347,1.1200819348905675,Not Significant
SYDE1,2.159181401809237,1.1625073426599795e-06,2.641556457930803e-05,4.5781401027109885,Up
SYF2,0.4435033179152299,0.026887247138636532,0.04649195463004195,1.3326221946816885,Not Significant
SYK,2.818662299506496,3.9350411614196725e-07,1.2658176348740428e-05,4.897628858199206,Up
SYMPK,0.030011770272032834,0.8657435643046005,0.8929313703308345,0.04918191919879025,Not Significant
SYN1,-4.978493684508683,1.9192903325194463e-05,0.00018009648438869558,3.744494764834504,Down
SYN2,-5.218281615874853,2.169594051348237e-05,0.00019567135607235578,3.708472745165694,Down
SYN3,-2.277115645477368,2.7012860064666223e-05,0.00022964350404341564,3.638945835018538,Down
SYNC,0.2767267272769338,0.5834692187739337,0.64386777411859,0.19120331100463955,Not Significant
SYNCRIP,0.6114518861967575,0.0005479811616312361,0.002048371882105036,2.6885911943346334,Not Significant
SYNDIG1,-0.16684865306730856,0.11564012502944775,0.16213759492646576,0.7901162733929457,Not Significant
SYNE1,-1.5140353015795753,0.00010669203395293871,0.0005997854631930272,3.2220040643043317,Down
SYNE2,2.393173618457073,2.8438562284880824e-06,4.973786049616136e-05,4.303312900101373,Up
SYNE3,0.5264013801665754,0.19189999268180186,0.25012298179278974,0.6018464026027723,Not Significant
SYNGAP1,-1.4921195877378857,8.568770185887804e-05,0.0005144326034125968,3.2886715147465932,Down
SYNGR1,-3.0802747328065045,4.5207695248191156e-06,6.599650954391249e-05,4.180479033032433,Down
SYNGR2,1.2676843706539245,0.00019054655498381364,0.0009246464329994888,3.0340243013704447,Up
SYNGR3,-4.29685564036758,6.421984821231484e-05,0.0004168497106255539,3.3800204956513387,Down
SYNJ1,-2.074343940170902,1.2221964481332953e-07,6.314054881279394e-06,5.199691647573162,Down
SYNJ2,-3.0417164539601043,0.001128657269085041,0.0036012345412213004,2.4435485929744103,Down
SYNJ2BP-COX16,-0.11090427100184463,0.6447752647462752,0.6989633075491205,0.15554562217592652,Not Significant
SYNM,-0.3835009607582549,0.3424453896947627,0.4107876703721171,0.38638260005458436,Not Significant
SYNPO,-3.1077563525123857,5.610233376041515e-06,7.752742253805517e-05,4.1105446542622355,Down
SYNPO2,-1.2242618208299128,0.13114689243318134,0.1807845914575628,0.7428385878547072,Not Significant
SYNPR,-5.332971526606956,2.6898431281579267e-07,1.0408626060683414e-05,4.982606593606061,Down
SYNRG,0.3863058679962741,0.0010587632894659544,0.0034163937790134607,2.4664320776210698,Not Significant
SYP,-3.3016153911445905,5.058940765470323e-08,3.6812747818074123e-06,5.434001764251578,Down
SYPL1,0.7378459857345518,0.08726582272911636,0.12726055271759093,0.8953061948694118,Not Significant
SYT1,-5.9203249837400165,6.0128695283064335e-05,0.0003987731904421265,3.3992740470364753,Down
SYT11,-0.6381199287115216,0.005891113743873525,0.013273078605930591,1.877028333616438,Not Significant
SYT12,-2.725160906816429,0.00016012697651655796,0.0008093109553135426,3.0918845806997295,Down
SYT13,-5.72977664231747,3.393492642368394e-05,0.000268817511095482,3.570542444232662,Down
SYT17,0.6278876459633516,0.023702168382535284,0.04183175267793631,1.3784939388520725,Not Significant
SYT2,-5.837177473635707,0.0019896049204656957,0.005595555546837359,2.2521567886801557,Down
SYT3,-2.837853941770984,0.002108499688671735,0.0058612102272845076,2.232012701257483,Down
SYT5,-4.787493618705055,0.0007355875338107195,0.002559692164286421,2.5918122610125507,Down
SYT6,2.710099747809128,0.0002037345263340059,0.000970871153400556,3.012838402512287,Up
SYT7,-4.751684777539955,7.426713466625864e-05,0.00046154664690184423,3.3357843997988343,Down
SYTL2,-1.5382128850676189,0.008876296937309059,0.018528764058527034,1.732153548865849,Down
SYTL4,2.758756803762852,0.004324390841528944,0.010387199174430754,1.9835015407073815,Up
SYVN1,0.3469859491729217,0.06342877809857185,0.0968153803886383,1.0140556438557102,Not Significant
SZRD1,1.3585000012795234,1.2790979453748145e-07,6.540930305434457e-06,5.184360478314371,Up
SZT2,0.3603454137428663,0.06518235851879008,0.09905673249634804,1.0041160018351907,Not Significant
TAB1,0.22411886306529993,0.32104449639435556,0.3893181955393341,0.4096952982143776,Not Significant
TAB2,0.5465747779789396,0.043720706680086485,0.07057240812292762,1.1513650630015237,Not Significant
TAB3,-0.4829662026293242,0.007689725093002716,0.01652437939140558,1.7818748423990087,Not Significant
TAC1,-2.681419764361129,0.056815009465102,0.08830350160229919,1.054022074492597,Not Significant
TAC3,-5.99415400036944,0.03066562855135984,0.05194645065182429,1.2844441211575768,Not Significant
TACC1,-0.9392008983950078,1.4120684598783155e-05,0.00014282306892383684,3.845201639218342,Not Significant
TACC2,-0.3443118913525769,0.32303747912045727,0.39109236445853707,0.40772066296859133,Not Significant
TACC3,1.7126592022221985,0.007632158858844553,0.01641468154227157,1.7847675385073354,Up
TACO1,-0.13185357878218085,0.27698616930354736,0.34319834928992726,0.4644548096811406,Not Significant
TADA1,-0.47811775944236246,0.01508927255272651,0.02864317537142771,1.5429788379757061,Not Significant
TADA2B,-0.3711559926134349,0.0343964973096611,0.05742630326442259,1.2408891399009019,Not Significant
TADA3,0.3531366014958657,0.02905158411635592,0.049671700337435426,1.3038909731932937,Not Significant
TAF1,0.515109136121513,0.0013777882437777428,0.004176900020408361,2.3791459200196794,Not Significant
TAF10,0.5852025565699392,0.0011567441113305385,0.003670248874816959,2.4353044858037536,Not Significant
TAF12,0.5630042431678497,0.00046960247392953316,0.0018279657350719154,2.738031949307144,Not Significant
TAF15,0.35761466900275707,0.043664399278594425,0.0704928138353462,1.1518551535153456,Not Significant
TAF2,0.5889916765936647,0.0013313782303976606,0.00407668823496232,2.389692499980922,Not Significant
TAF3,0.05974689551817036,0.7727568407828238,0.8134537527738942,0.08966713293736624,Not Significant
TAF4,0.20346265646096207,0.3392944585190649,0.40725037234851186,0.3901385099443637,Not Significant
TAF5,-0.08076291406839253,0.6981472711859965,0.7471725921521012,0.12657906731251267,Not Significant
TAF5L,0.6551488229841134,0.014534516960833571,0.027773278426296927,1.5563728520318023,Not Significant
TAF6,-0.48907237927658187,0.015851344623379202,0.02984235577199067,1.525166896400672,Not Significant
TAF6L,1.1765370288881662,0.0007609132664665754,0.002622456464722641,2.581291712776983,Up
TAF7,0.5492127909872018,0.0006801450685032955,0.0024109012737868404,2.61782057358251,Not Significant
TAF8,0.2989363941121468,0.0213286213785711,0.0383387895175406,1.4163616033554942,Not Significant
TAF9B,-0.10977994075274822,0.6297398321129459,0.6859860584673245,0.16368471052099762,Not Significant
TAGLN,0.38790515389261415,0.3103233018185831,0.3781189489851687,0.42237155793635717,Not Significant
TAGLN2,0.7861587048218546,0.12095651819025152,0.16834981545296956,0.773787355354306,Not Significant
TAGLN3,-3.2708096761337195,1.938808484368172e-06,3.699158460516092e-05,4.431897064452724,Down
TALDO1,0.31935127358292803,0.15541438179630118,0.20850239475508564,0.6808889525705759,Not Significant
TAMM41,-0.04110583157176606,0.852524502896297,0.8821211834611027,0.054471748549300335,Not Significant
TANC1,2.9519017499260105,1.9228473439432734e-07,8.495949185475674e-06,5.070788093783029,Up
TANC2,-0.07980086093425953,0.6783916305131414,0.7293615032859537,0.13705716308379168,Not Significant
TANGO2,-0.5468462928061086,0.0008252242660673977,0.0028037320911125925,2.552263487463659,Not Significant
TANGO6,0.08970960730059119,0.42609251941942206,0.49272158544449374,0.3073984114736407,Not Significant
TANK,0.8691713426856289,1.117723694194708e-06,2.5649085410745985e-05,4.590928116249935,Not Significant
TAOK1,-0.038614222175670676,0.6800291513587599,0.7308100779590513,0.1361954723049591,Not Significant
TAOK2,-0.10471549553483683,0.38931652812140327,0.45780024562799304,0.3393239786451951,Not Significant
TAOK3,0.7788037139932875,0.008607513577159975,0.018098954660052097,1.742346507919834,Not Significant
TAP1,1.8915415449007789,0.0003168932519874175,0.0013515591111436256,2.8691649554538934,Up
TAP2,0.7166377420447709,0.015854591705784033,0.029842891787008288,1.525159095867914,Not Significant
TAPBP,0.357940014189257,0.07217822502454734,0.10812244444569365,0.9660841442785705,Not Significant
TAPBPL,1.5690841489881784,1.5033502755519353e-05,0.00015009663702586913,3.82362903818624,Up
TAPT1,0.2933615176952067,0.015280422013529997,0.02892427120712161,1.5387375749764893,Not Significant
TARBP1,-0.6138119104659907,0.046459018659399096,0.07443232650090419,1.1282384062302964,Not Significant
TARBP2,1.3152151051863665,7.179584305698584e-09,1.0795094372478736e-06,5.966773556639838,Up
TARDBP,0.3685850321400608,0.0020714956527158645,0.00577427980228545,2.238502175487442,Not Significant
TARS,0.7384242119224425,0.004787940901372208,0.011266927503018833,1.9481945001393006,Not Significant
TARS2,0.115320782634182,0.28042233573131387,0.3468354340279013,0.45987653975213344,Not Significant
TARSL2,-0.8745135344105996,0.0005547921837795017,0.002062352937046015,2.6856370104902973,Not Significant
TASP1,-0.1516438855523674,0.47043387870650105,0.5365886428996028,0.27035852357281964,Not Significant
TATDN1,-0.024075419345500393,0.7975774636928291,0.8353914919153214,0.07810995214133515,Not Significant
TATDN2,0.023364125862716634,0.806709608268782,0.8432032157812523,0.07406774583007017,Not Significant
TATDN3,-0.6798499301118781,0.012426841570100341,0.024474682693487945,1.6112829299787796,Not Significant
TAX1BP1,-0.2906361496160592,0.04474036787972644,0.07203544276476945,1.142453770098997,Not Significant
TAX1BP3,0.6637081574343604,0.04057746257342675,0.06618804371190108,1.1792204549547323,Not Significant
TBC1D1,-0.6112443226240849,0.12498600173990579,0.17331503561069062,0.7611637592739473,Not Significant
TBC1D10A,1.1246525227957633,0.0013228863779579105,0.004058086897548109,2.391678657469856,Up
TBC1D10B,-0.11325346852650853,0.3596753257559241,0.4275361925268648,0.3690271147384235,Not Significant
TBC1D12,-0.22446517046082803,0.1373029459279082,0.18803560049996565,0.7257599186247131,Not Significant
TBC1D13,-0.35798075024683484,0.015533919290420388,0.02933246540425398,1.5326514328781229,Not Significant
TBC1D14,0.5814328046809614,0.019940395339578285,0.036214087371716545,1.4411224549454325,Not Significant
TBC1D15,-0.2969473256625257,0.06199595447597298,0.09506046352982524,1.022000072347651,Not Significant
TBC1D16,0.7893752495168727,0.0012571372693395454,0.003908765694853883,2.4079603619243217,Not Significant
TBC1D17,-0.23411715960306623,0.22665029507938364,0.2890953497885174,0.5389588940693255,Not Significant
TBC1D19,0.04633063278670946,0.8125541154892049,0.8485197635988649,0.07133803770462097,Not Significant
TBC1D2,0.9129988007262941,0.004497037914471125,0.01072010410562757,1.969800997079811,Not Significant
TBC1D20,0.11134271839254595,0.1867230775483552,0.2445460586612234,0.6116393322926095,Not Significant
TBC1D22A,0.05940938709365895,0.7211925312335825,0.7681638358688,0.11454614269586635,Not Significant
TBC1D22B,-0.014287004753942512,0.8515120143550192,0.8813451179094282,0.05485399686125703,Not Significant
TBC1D23,0.09529973846594686,0.6520288701588602,0.7057632790351733,0.15134094179252464,Not Significant
TBC1D24,-1.4533694624561129,8.726663278195518e-08,5.360512552715954e-06,5.270793682662857,Down
TBC1D25,-0.3936302454299643,0.13581090607545407,0.18632153994336434,0.7297369350243536,Not Significant
TBC1D2B,0.6605266622240791,0.024067195817823364,0.04239428757977838,1.3726926584949017,Not Significant
TBC1D4,-0.5269833010777916,0.003080105696451893,0.007931744577212775,2.1006312796524536,Not Significant
TBC1D5,0.12667081354735643,0.4132681378339258,0.4805798476900575,0.3182344445610493,Not Significant
TBC1D7,0.6708826795225207,0.00027190178221240993,0.001204016946816623,2.9193674002400307,Not Significant
TBC1D8,0.6005008412059247,0.23080412958551103,0.29368710388334446,0.5321151233963906,Not Significant
TBC1D8B,-1.120538554456143,0.0655038840105418,0.09944034471401418,1.0024373788642524,Not Significant
TBC1D9,-1.2520030907075963,0.000100119697063591,0.0005717720114618003,3.2427771073991476,Down
TBC1D9B,-0.2716085929885388,0.08131319763090307,0.11974114207480158,0.9217566039286097,Not Significant
TBCA,0.35142164194465764,0.06642497033043923,0.10059608405123945,0.997418924926604,Not Significant
TBCB,0.13075419490427365,0.48724142557700784,0.5525067673641126,0.2576623981661245,Not Significant
TBCC,-0.41327450480930494,0.10614128839385889,0.15041037266559776,0.8227222127064945,Not Significant
TBCD,0.0523248993519303,0.6628885771110973,0.7154424175934426,0.14542531470332323,Not Significant
TBCE,-0.22792365730140673,0.06821912173524083,0.10293438465606286,0.9874395273565294,Not Significant
TBCEL,0.22154575461001613,0.003409792148303549,0.008606927111503371,2.065151874878642,Not Significant
TBCK,0.11746011606810569,0.49465088835218946,0.5599003426134782,0.2518892667520291,Not Significant
TBK1,-0.300978976568711,0.12579733603183674,0.17431669369803623,0.7586610200398863,Not Significant
TBL1X,-0.031282768998412536,0.9327674609282661,0.9482994652731207,0.02305449433055904,Not Significant
TBL1XR1,-0.20110684082889563,0.3369658148333078,0.40498611532220746,0.3925598660256155,Not Significant
TBL2,0.9813899895174139,3.5498161901304427e-07,1.2030583491663737e-05,4.9197133085650195,Not Significant
TBL3,0.6520586545938265,1.779832445831063e-05,0.0001699818281983473,3.769597504121779,Not Significant
TBP,0.49146648604542165,7.43334647510574e-06,9.372156744707787e-05,4.028160456652922,Not Significant
TBPL1,-0.8422796338235337,0.001673321289102383,0.004879027110395776,2.311666768716474,Not Significant
TBR1,-6.090960041377246,0.00010741877856166534,0.00060252604411482,3.220024176021319,Down
TBRG4,1.001152036787257,6.312646511577682e-06,8.361691813514962e-05,4.077705843262088,Up
TBX2,2.008268637541013,0.0002697886049184718,0.0011978186011232634,2.9216089469685698,Up
TBXAS1,2.9180088801038266,1.9931109552249667e-07,8.588678199383386e-06,5.066073669100656,Up
TCAF1,-0.6178050491962566,0.011632564845501464,0.023122821281290794,1.6359591775117033,Not Significant
TCAF2,1.2236796888103,0.21995785161525158,0.28166459859820064,0.550267734482468,Not Significant
TCAIM,-0.12300706682156815,0.40607441753949597,0.47380051914441534,0.32440446775544163,Not Significant
TCEA1,0.604567603878138,2.2420278519581398e-07,9.294727810957324e-06,5.031763323689834,Not Significant
TCEA2,-0.4366593220283903,0.010050764993102425,0.020525320604199034,1.6877100505034266,Not Significant
TCEA3,0.6075071385926893,0.145488905404163,0.19750104204844876,0.7044306086213321,Not Significant
TCEAL1,-0.7258468487326653,0.0008284963466701456,0.0028120863195266327,2.550971352386664,Not Significant
TCEAL2,-1.0854495221836302,0.07987869278402568,0.11809479763813835,0.9277692336888876,Not Significant
TCEAL3,-0.16742321469936172,0.20472088435749303,0.26481229956566316,0.577061847368872,Not Significant
TCEAL4,0.07886732907133975,0.6298114034630866,0.68598984522512,0.16368231314942505,Not Significant
TCEAL5,-1.761274990904326,0.031962233175749165,0.05386995770496128,1.2686533654324958,Not Significant
TCEAL6,-5.521304632491484,0.0003234334919446617,0.0013684456101850154,2.863772459244675,Down
TCEAL7,-2.0901267426511474,8.61067002819739e-06,0.00010314374537938229,3.9865571024419535,Down
TCEANC2,0.5278281235001607,0.00015321046641482335,0.0007849593810836912,3.1051528159014037,Not Significant
TCERG1,0.3335305810605682,0.003894843211396386,0.009562917502219643,2.0194095907975873,Not Significant
TCF12,2.959909618705481,8.500722585612063e-07,2.1302557046630828e-05,4.671568263012477,Up
TCF20,-0.7882347289203153,0.00101275410930929,0.0032964410007049394,2.4819546927998717,Not Significant
TCF25,-0.3506703034541303,0.0019482896402725084,0.005511673641141603,2.2587165059131107,Not Significant
TCF3,2.2824319394101664,7.716749667867329e-07,2.0050147044033114e-05,4.697882437997515,Up
TCF4,0.7971859870700762,0.010346446124245583,0.021014132712832662,1.677488529322762,Not Significant
TCHP,0.8264157425941487,0.14288421033511067,0.19451561282647364,0.7110455342238488,Not Significant
TCIRG1,2.0464677215792655,2.5345004600001656e-06,4.527049225893913e-05,4.344184783079773,Up
TCN1,1.5115183555518463,0.5829420315509959,0.6435680028322994,0.1914055564605335,Not Significant
TCN2,1.708568556322824,0.0007572131824602854,0.00261328043854228,2.5828139823981164,Up
TCOF1,-0.33326499833176015,0.008626009783720887,0.018120605480091985,1.741827294944548,Not Significant
TCP1,-0.26937366736702373,0.17564406032507052,0.23190540808843518,0.6346891233948774,Not Significant
TCP11L1,-1.3348344972727588,3.278448170359763e-05,0.0002619118704853628,3.581844817842566,Down
TCP11L2,0.473447209436447,0.12752012107695,0.17624333924121197,0.7538872873036484,Not Significant
TCTEX1D2,-0.5119467650744092,0.0777368230449435,0.11526652271927597,0.9382968081380036,Not Significant
TCTN1,1.1891221346956407,1.3200683719471975e-05,0.00013525326049221236,3.8688522567448063,Up
TCTN2,-0.006191121171955416,0.9842961447716441,0.9890085141062779,0.004799969663226226,Not Significant
TCTN3,0.626552539026239,0.018440581602024192,0.033974107362617356,1.4688519451203357,Not Significant
TDG,0.6811276544544302,0.003273415842285721,0.008304304002817012,2.0806967606120343,Not Significant
TDP1,0.2340689899713766,0.32971248151735694,0.39772571013986213,0.40041633405558513,Not Significant
TDP2,-0.391059298698071,0.03328313378489945,0.055752292941316436,1.253737266552748,Not Significant
TDRD3,-0.17973497867920685,0.35008927101975607,0.41831328623568054,0.37849834137871385,Not Significant
TDRD7,-0.10434716900798335,0.5636118826800619,0.6250358989562905,0.20409503822250433,Not Significant
TDRKH,-0.6541517481362149,1.0810620601537252e-05,0.00012141158521726452,3.9157398704611603,Not Significant
TDRP,-0.315854101121424,0.11189325960797429,0.1576521254952074,0.8023001696378195,Not Significant
TEAD1,1.2108183892544275,0.002059267598741343,0.005748146796819144,2.240472149334882,Up
TEAD3,0.3102456958304636,0.4380678819417841,0.5044114576159027,0.2972150570655547,Not Significant
TECPR1,-0.4473428184164163,0.04100161816314457,0.06672864319475257,1.1756877056455965,Not Significant
TECPR2,-0.5630930847042563,0.012598160039723234,0.024742749447840714,1.6065520426341533,Not Significant
TECR,0.20073600601661212,0.08957056799074808,0.13016934534604677,0.8854912793203995,Not Significant
TEFM,0.698126439848437,0.002174511588010711,0.006004571856088327,2.2215179536511167,Not Significant
TELO2,0.7067437126227638,0.0007012611145092972,0.0024683087528577555,2.6076005167313316,Not Significant
TENM1,-0.058393035724702,0.9179922869442317,0.9365864187437908,0.028452144127495943,Not Significant
TENM2,-4.001483441961279,4.6782884974544594e-05,0.0003347235676374732,3.4753137082141743,Down
TENM3,-3.1585011618990446,0.004598432525338326,0.010915317921832776,1.9619636104187101,Down
TENM4,0.8971613770804332,0.013515493633266814,0.026168572527682087,1.5822199670910748,Not Significant
TEP1,1.7670764013448572,1.939815541977875e-05,0.0001807742994438956,3.742863312815741,Up
TERF1,0.004867365481405983,0.9466821671994406,0.959540814203357,0.01793654775881706,Not Significant
TERF2,-0.6347450233357925,3.912374533049803e-05,0.0002948439564823943,3.530407769677752,Not Significant
TERF2IP,-1.0351629312607997,7.996956846099278e-05,0.00048706979000969847,3.3124088062503527,Down
TES,1.3300799578573592,0.006558013406162677,0.0144912101455764,1.838895345543245,Up
TESC,-2.428957839858212,9.782049028506792e-05,0.0005640776297262589,3.2486611232476377,Down
TESK1,-0.1592278056530354,0.19318954617924786,0.2515109186107189,0.5994431565744313,Not Significant
TESPA1,-6.888855277722332,2.7803139902582193e-06,4.8711101109324006e-05,4.312372053136125,Down
TEX10,0.8972507674593722,0.0006472272946624523,0.002320344400864607,2.634447549464995,Not Significant
TEX2,-0.7920101389643577,1.7133940318750433e-05,0.00016533267698380446,3.7816413023194513,Not Significant
TEX264,0.4536676510890665,0.001450965676864786,0.004359388078954923,2.360574467746119,Not Significant
TEX30,0.5205180650679555,0.0714984088816201,0.10732751766852046,0.9692889151315788,Not Significant
TF,-1.1080659648825382,0.14438595489252087,0.1961623883462246,0.7073842594410847,Not Significant
TFAM,0.06333601417315293,0.6549986535283956,0.7085210389396603,0.14964724921364284,Not Significant
TFAP4,0.22338425775603277,0.45030794775122907,0.5163216783116187,0.2870796402569306,Not Significant
TFB1M,0.5334871354398132,0.01520438767427338,0.02880741046278541,1.5404957792853056,Not Significant
TFB2M,-0.07334746168744388,0.7514275189649396,0.7954062021700958,0.09941102693094507,Not Significant
TFCP2,0.0935235148695952,0.39063036162233145,0.45891664874441596,0.33826618652701357,Not Significant
TFDP1,0.5284679812550408,0.01692320850760962,0.031530313021205715,1.5012717177168096,Not Significant
TFDP2,0.6278470276581345,0.008055546066314576,0.01715727408322973,1.7655517109308159,Not Significant
TFE3,0.0456519355274132,0.8941927131791557,0.9164732453124969,0.03788020891534806,Not Significant
TFEB,1.2404912889238489,0.006763422314908942,0.014860352540979864,1.8279708874269869,Up
TFG,0.48466285041837764,0.04229606987403607,0.06847028891387424,1.164497839601111,Not Significant
TFIP11,0.43722762875437127,0.015479899089948524,0.029235939901038892,1.5340829395461029,Not Significant
TFPI,2.854905779113567,2.8762997890562506e-05,0.00024026404705599226,3.6193112118568527,Up
TFPT,-0.5960193696121081,0.0021324392608386617,0.005908193925656952,2.2285452582042824,Not Significant
TFRC,-0.7799331731645971,0.042084671780754465,0.0682157656507354,1.1661152420026981,Not Significant
TGFB1,2.130808570071636,4.2800118866380435e-06,6.40598586406956e-05,4.193414024018023,Up
TGFB1I1,3.357607959060406,9.379283310666915e-05,0.0005474053767272682,3.2616909411759583,Up
TGFB2,0.519600485266853,0.4027400406785721,0.47054636216858775,0.3273975797988329,Not Significant
TGFB3,0.0527208671527859,0.8829746009572199,0.9080324755045971,0.04189861879143789,Not Significant
TGFBI,4.199605737130803,0.002135211669457885,0.005912622968146986,2.228219813893482,Up
TGFBR1,2.097003961465962,0.0001267707819423248,0.0006785806893129543,3.1683985034356024,Up
TGFBR2,1.6059799451883698,7.063791573135753e-05,0.00044447617931149015,3.3521515090937304,Up
TGFBR3,0.692522904665239,0.08207383761893128,0.12070245841943265,0.9182838842761328,Not Significant
TGFBRAP1,0.0940002515810221,0.20280114453675427,0.26263256589063666,0.5806514232971766,Not Significant
TGM2,-0.8551615774434076,0.09908857814348639,0.1421356024800629,0.8472971252815629,Not Significant
TGOLN2,-0.47396474464305527,0.03403979709241529,0.056877909422622594,1.2450563747062866,Not Significant
TGS1,0.23924536692619114,0.015278149161757905,0.02892427120712161,1.5387375749764893,Not Significant
THADA,1.216482437053216,2.5254527934472573e-07,1.013602049449708e-05,4.994132520003266,Up
THAP11,0.6732434424366325,0.0008587489538745357,0.0028893159223177655,2.5392049691222174,Not Significant
THAP4,-0.41061838469994427,0.008152170614629903,0.01731863491602312,1.7614863427922596,Not Significant
THBD,1.2502703187395792,0.09055409449995529,0.13144696656953164,0.8812494317509583,Not Significant
THBS1,1.8063146145825204,0.08231325845908555,0.12101923025639635,0.9171456137276918,Not Significant
THBS2,1.2390815176349683,0.018702214343936388,0.034361865274633446,1.4639232692734703,Up
THBS3,1.1937229564277807,0.012058144671753718,0.023846436871465832,1.622576503947327,Up
THBS4,0.14122649079339666,0.6109257268201647,0.6690363922150602,0.17455025815396688,Not Significant
THEM4,-0.653009802125645,0.25930051683573524,0.32498051836317454,0.4881426729317898,Not Significant
THEM6,-0.3059800548826672,0.10786854483821176,0.1526433095519238,0.8163222263365455,Not Significant
THEMIS2,2.2258954154491217,2.0638524133652473e-05,0.00018815610146824888,3.725481693947744,Up
THG1L,0.8160243266658522,0.0007906926523509389,0.0027102544334070633,2.566989936491712,Not Significant
THNSL1,-0.4303808957768638,0.10252919505150741,0.14598998034613225,0.835676949898497,Not Significant
THNSL2,-2.6441930896488905,0.00179031581927011,0.005176705385570347,2.285946550695548,Down
THOC1,0.7619240558430569,0.012552149552524278,0.02467805515068883,1.607689069541776,Not Significant
THOC2,0.8752110056520053,9.222625476797569e-05,0.0005411108273340635,3.266713775983529,Not Significant
THOC3,0.051443811118444316,0.8174439337020487,0.8527420718768187,0.06918230962933707,Not Significant
THOC5,-0.22059426895001977,0.14260782795404672,0.19421809636461632,0.7117103069452956,Not Significant
THOC6,1.8802702261842565,6.025889326696629e-06,8.115616186783669e-05,4.090678500315808,Up
THOC7,-1.0314602341713126,4.821721052789341e-05,0.0003430368494759874,3.464659224958712,Down
THOP1,-0.025432263673607736,0.8544321378476335,0.8836412438843096,0.05372402166735115,Not Significant
THRA,-0.38392248603073753,0.24300202751814218,0.3069980468043346,0.5128643876003314,Not Significant
THRAP3,0.2383664070257936,0.056412890141475186,0.08779061986336704,1.056551884540416,Not Significant
THSD1,-0.24977961443902252,0.42419622125964274,0.4910060560040086,0.30891315131307295,Not Significant
THSD4,-0.32831924265791024,0.519036335150181,0.5833079027557925,0.23410213963378895,Not Significant
THSD7A,0.4746787134148285,0.1386133717752508,0.18962399609775618,0.722106705429255,Not Significant
THTPA,0.848239191061019,6.666633185960403e-05,0.0004277085155003563,3.368852103032878,Not Significant
THUMPD1,0.1020794128737208,0.526384344679013,0.5899861913992408,0.22915815288207908,Not Significant
THUMPD3,0.5458747310448189,0.00039081332085467215,0.0015754515383313195,2.8025949513976243,Not Significant
THY1,-2.011736191524964,0.0006281609557654844,0.0022748933199378115,2.643038964566713,Down
THYN1,-0.14873411327840103,0.495857861568651,0.5610774005888566,0.25097722371717085,Not Significant
TIA1,1.0757590282393146,0.00010572698405425725,0.0005953569800797023,3.2252225502553,Up
TIAL1,0.18802949439540484,0.28548760122753836,0.35197675863006017,0.45348601246492154,Not Significant
TIAM1,-0.12147137893189353,0.620945882025616,0.6780930965339897,0.16871067702463585,Not Significant
TIAM2,-1.2567983345024576,0.015089019336917876,0.02864317537142771,1.5429788379757061,Down
TICAM1,-0.35127228599130156,0.16961481415554458,0.22485848635385658,0.6480907171371685,Not Significant
TIFA,-0.2664672300846682,0.5752108147019646,0.63621802232187,0.19639403267587416,Not Significant
TIMELESS,1.7818266930584912,0.0018234092670856871,0.005249792785544788,2.279857838283659,Up
TIMM10,0.1685284653400494,0.5439097956441254,0.6061224868715619,0.2174396035612213,Not Significant
TIMM10B,-0.4737771574704084,0.07164499551462543,0.10749950622793217,0.9685935305667653,Not Significant
TIMM13,0.5732025543769268,0.0015910728926937776,0.004693548556660942,2.3284986848225584,Not Significant
TIMM17A,-0.7190208808098113,0.016683162710013043,0.03116954398009484,1.5062695515369935,Not Significant
TIMM17B,0.19438980080844104,0.3092650509606854,0.3770009829837784,0.423657517423188,Not Significant
TIMM21,0.045719312934263456,0.6818502084014288,0.7326889599398394,0.13508035230339918,Not Significant
TIMM22,-0.09986011326603617,0.4289469759570786,0.49526783218241943,0.3051598786788571,Not Significant
TIMM23,-0.18108717337292646,0.3543124474957823,0.42240752616242727,0.374268352449402,Not Significant
TIMM44,0.5386275240326057,0.0006256145896124275,0.0022702049704747965,2.643934929799184,Not Significant
TIMM50,0.5100800416401228,0.02441195995919855,0.04286666979762353,1.3678802544108393,Not Significant
TIMM8A,-0.16273635359948635,0.2432757256740628,0.30727738613752503,0.5124694001636221,Not Significant
TIMM8B,0.7952011486187445,0.004872835678012579,0.011439978238242537,1.9415748016811216,Not Significant
TIMM9,-0.06804658223086335,0.6564905056161854,0.7099061135226977,0.14879908378112852,Not Significant
TIMMDC1,0.15214035542200222,0.33461311181669634,0.40283940373823146,0.3948680555238133,Not Significant
TIMP1,1.6263414411319133,0.06526085760273163,0.09914611363141584,1.0037243047719453,Not Significant
TIMP2,0.6118992944845836,0.02219710046655388,0.039591641306668514,1.4023964938109692,Not Significant
TIMP3,2.9398446705612375,0.000926089459876012,0.0030618395860817016,2.514017566317208,Up
TIMP4,4.617196860010617,0.00016247029454603983,0.0008183628736284027,3.087054081329197,Up
TINAGL1,-0.9259287122498012,0.022176207386077118,0.039568387036369265,1.4026516529303772,Not Significant
TINF2,0.8657335444854475,5.872562220613159e-05,0.00039387173185239245,3.404645187358053,Not Significant
TIPIN,0.5541122751524341,0.004356308498884106,0.01044848855806853,1.9809465285352545,Not Significant
TIPRL,-0.5658703968320182,0.021528675747887735,0.03864573761301159,1.4128983991125188,Not Significant
TJAP1,0.7729484746618063,0.004942186761963997,0.011554325699704179,1.9372553944897217,Not Significant
TJP1,0.2506858545403574,0.19993598900494083,0.25925539364600003,0.5862721996203927,Not Significant
TJP2,1.6499606283616934,0.02257466404583697,0.04013008039487589,1.3965299702184164,Up
TK1,2.4795950006885015,0.01310629108662595,0.025528055591554584,1.5929822630655994,Up
TK2,-0.07993447239171303,0.38270765287336034,0.4507654501398611,0.3460493787586547,Not Significant
TKT,0.2572467501426523,0.21755437412194187,0.2790835050177566,0.5542658313417692,Not Significant
TKTL2,2.4425457449415777,0.00024644063676185424,0.00112438540522596,2.9490848002675203,Up
TLDC1,-0.08272981871452956,0.5511780768810316,0.6132046324129776,0.21239457295694011,Not Significant
TLE1,0.6232718947258142,0.11160170516765515,0.15726333443264204,0.8033725202865408,Not Significant
TLE2,0.0989839747107446,0.7402628273262575,0.7851555824894417,0.10504427711248744,Not Significant
TLE3,1.0981111021956345,0.00021423731321071403,0.001004761030393265,2.9979372173701817,Up
TLE4,-0.28425323881469566,0.12075261445642858,0.16815894913382104,0.7742800153192153,Not Significant
TLK1,-0.5280904131946151,0.03594710191965918,0.059640049561041714,1.2244620043190098,Not Significant
TLK2,0.3042882503489075,0.0002075263024352883,0.000982896084030604,3.0074923952072146,Not Significant
TLN1,1.7266126579984906,2.7860623324076554e-07,1.0508987912186683e-05,4.978439107503386,Up
TLN2,-1.7005451553425495,5.5062252334888284e-05,0.00037460420607619545,3.426427350651579,Down
TLR1,2.30788808109574,0.00011037372063850146,0.0006146516648492336,3.2113709377081867,Up
TLR2,3.1556964634427693,3.9067474077487076e-05,0.00029480579315101484,3.530463986522625,Up
TLR3,2.1287042633966173,9.905529883824831e-06,0.00011417426550303359,3.9424317735813124,Up
TLR7,2.338119185032859,0.00013185962126752897,0.000698765820436132,3.155668346332233,Up
TM2D1,0.31255556680633845,0.023308391390090815,0.04126691298133126,1.3843980178034052,Not Significant
TM2D3,-0.30077970738565796,0.1178507187434394,0.16473264057463693,0.783220340010816,Not Significant
TM6SF1,-0.17176337211421,0.6358069132282399,0.690951331592372,0.1605525418663941,Not Significant
TM7SF2,0.3275773110819422,0.2931350849506001,0.3599515901745911,0.4437559034931202,Not Significant
TM9SF1,1.240769781961557,8.788354253124447e-06,0.00010477382336801856,3.9797472076847273,Up
TM9SF2,0.08480248010713254,0.6603650963509218,0.7131175539582537,0.14683887291497594,Not Significant
TM9SF3,-0.24958758703633066,0.21869286531306195,0.280363524144264,0.5522784896116348,Not Significant
TM9SF4,0.09420261283245424,0.32297113652114695,0.3910590419848599,0.4077576679942958,Not Significant
TMA16,0.7493954274538215,0.05101525644215132,0.08051507024882225,1.0941228238141263,Not Significant
TMA7,-0.2539938872768488,0.17049417668809116,0.225905344726533,0.646073493923454,Not Significant
TMBIM1,-0.7563185200132168,0.04081419687980455,0.06653110345746781,1.176975273464891,Not Significant
TMBIM6,0.5797905896412772,8.245293146229337e-05,0.0004976817444884023,3.3030482893611772,Not Significant
TMC6,1.0826668341365497,0.018302471505693037,0.033769065558306166,1.4714809567908873,Up
TMC7,0.5624155490369507,0.15642701188649782,0.2096375838425674,0.6785308543590994,Not Significant
TMCC1,-0.27972864683912846,0.1032735086430634,0.14686297657682393,0.8330876738826004,Not Significant
TMCC2,-2.2088310907300226,0.0005423874167288769,0.0020319861792959114,2.69207925026407,Down
TMCC3,1.0428826392040058,0.0061815239192101485,0.013807687796479609,1.859879041284066,Up
TMCO1,0.18726606240801402,0.10506183972876948,0.1490904315294582,0.8265502282257623,Not Significant
TMCO3,0.15730270411273395,0.5436012720419537,0.6058456925047728,0.21763797554862824,Not Significant
TMCO4,1.3458615295000182,0.001691824237972735,0.004927529747520268,2.3073707452027747,Up
TMED1,1.2689118508811994,1.108129514682838e-07,6.0609335997758655e-06,5.2174604738531976,Up
TMED10,0.9026788487620223,0.001143494442669052,0.003635087817246247,2.439485092897164,Not Significant
TMED2,0.27051514585484426,0.15138278207993108,0.20412049464929433,0.6901133879039905,Not Significant
TMED3,0.5470585314113006,0.024598328203650044,0.0431262718975932,1.3652580833398704,Not Significant
TMED4,0.6047518825710121,8.23992627754104e-05,0.0004976817444884023,3.3030482893611772,Not Significant
TMED5,0.8190424581280098,0.014515458810518977,0.027747387487128686,1.5567779009497913,Not Significant
TMED7,-0.2673841437884157,0.3121127192741846,0.3799206783431774,0.4203070679984855,Not Significant
TMED8,-0.5861679694840909,0.015478973939197518,0.029235939901038892,1.5340829395461029,Not Significant
TMED9,1.0089229105780682,0.0001822057265558627,0.000894077198891262,3.048624980527349,Up
TMEFF1,-0.5876036488696688,0.12034949672996417,0.16762074243849842,0.775672240066215,Not Significant
TMEFF2,-0.361014450119864,0.2769753752305254,0.34319834928992726,0.4644548096811406,Not Significant
TMEM100,4.3285899176503815,5.772676027498028e-05,0.0003895089118554724,3.4094826013408945,Up
TMEM101,0.773466096436934,2.7905207127804825e-05,0.00023485134219340502,3.6292069534474183,Not Significant
TMEM102,2.5821653214344416,3.7762786561571223e-06,5.900380321483637e-05,4.229119994086951,Up
TMEM104,0.9418512084387878,0.00014082049135357957,0.0007380986627970658,3.131885581477256,Not Significant
TMEM106B,-0.13358055470406072,0.5588424641352956,0.6204980694036116,0.20725956541208876,Not Significant
TMEM109,0.6469026185974087,0.007813523370788198,0.01673329813718544,1.77641845105127,Not Significant
TMEM11,0.6591637868260349,0.0008551689893829603,0.0028821294486316693,2.5402865170807067,Not Significant
TMEM115,0.5571192199629529,0.0091670096790183,0.019033069972471218,1.7204911557712124,Not Significant
TMEM119,2.998316248195236,0.0003400251264185988,0.0014213332462825578,2.8473040852998843,Up
TMEM120A,0.719800263731198,0.00014632620199593225,0.0007586214388041893,3.119974888204814,Not Significant
TMEM120B,-0.7246950345545802,0.0008239435942736758,0.002800407479322878,2.5527787711056806,Not Significant
TMEM126A,-0.07526346920694138,0.718740485724041,0.7663623680338685,0.11556582929028314,Not Significant
TMEM126B,-0.26201942624481234,0.15730298881746832,0.21058741652454163,0.6765675832798189,Not Significant
TMEM128,0.5629863950450229,0.003603456565529021,0.008983227280658094,2.0465676122874634,Not Significant
TMEM129,0.4276826521129813,0.008826639697938723,0.01844104610445178,1.7342144463786673,Not Significant
TMEM131,0.41800579600492327,0.01185337087055346,0.023496823720967248,1.6289908412894747,Not Significant
TMEM132A,-0.5025277642827604,0.06597542012580655,0.10006570044374816,0.9997147602898364,Not Significant
TMEM132B,-1.8217109403376028,0.004397462436075229,0.01053813810658398,1.9772361141201948,Down
TMEM132C,-0.41898102514069535,0.28336704975609034,0.3498761685553198,0.4560856380183723,Not Significant
TMEM132D,-5.519271046466519,0.00019006280954732418,0.0009233588242354966,3.0346294960465467,Down
TMEM132E,0.9069209246798628,0.15362714294277863,0.20668267067381835,0.6846959353041937,Not Significant
TMEM134,0.7265011692621037,0.00206922242589463,0.005769539639762663,2.238858838471129,Not Significant
TMEM135,-0.20894291028545098,0.18042943313965792,0.23738358488297165,0.6245493158836397,Not Significant
TMEM141,-0.43528671834365085,0.0028928219929609082,0.007559607978492396,2.1215007252913725,Not Significant
TMEM143,-0.7206116998853833,0.005892119071443478,0.013273078605930591,1.877028333616438,Not Significant
TMEM147,1.1909850609998962,5.721117093559328e-06,7.852116294348321e-05,4.1050132768738985,Up
TMEM14C,0.463847667687741,0.016500075762234296,0.030861820131590844,1.5105784642159685,Not Significant
TMEM151A,-3.6810773601925657,0.002040820104132128,0.005710894924729738,2.243295830385021,Down
TMEM158,0.020964679915280726,0.9799300443381092,0.9852111044572965,0.006470701809233449,Not Significant
TMEM159,0.07572985058657622,0.847912948223725,0.8781613077419355,0.05642570205781792,Not Significant
TMEM161A,0.8555272084902352,0.0006593812000322778,0.002354699117024164,2.628064579050736,Not Significant
TMEM163,0.7149242218895822,0.057689822205344375,0.0894516344307587,1.0484117197385905,Not Significant
TMEM165,0.3508325496513258,0.20215473166292963,0.261900960909161,0.5818629081544522,Not Significant
TMEM167A,0.39951651599235305,0.18521745050606808,0.24288995006484376,0.6145904544072086,Not Significant
TMEM167B,-0.3047127250306687,0.0636358944484495,0.09711680058683234,1.012705633418441,Not Significant
TMEM168,0.4829600734685151,0.14632246749586722,0.19838111268994008,0.7024996781747863,Not Significant
TMEM169,0.23081651136607206,0.4849002167303289,0.5507198177385946,0.2590692950828064,Not Significant
TMEM17,-0.8615074044002284,0.022061922384327245,0.03942553286488213,1.4042224281521605,Not Significant
TMEM173,1.3847833347967686,0.004141856090209826,0.010049595764204276,1.9978514069903819,Up
TMEM175,0.27614078306866574,0.11956825242616143,0.16683248960403743,0.777719369275378,Not Significant
TMEM176B,1.7651850694337305,0.00012756653204397246,0.0006810308658245779,3.1668332044550267,Up
TMEM177,-0.8138470479773474,0.01985662492745828,0.03608797393455073,1.4426374995903746,Not Significant
TMEM178A,-2.1225952990434394,0.00012850026915753364,0.0006842028073430201,3.164815148199654,Down
TMEM178B,-0.8964254551980062,0.015993409326941408,0.03007047509511156,1.5218597102581333,Not Significant
TMEM179B,1.7465536243426385,2.3795290937223083e-05,0.00020917431143244793,3.679491651966156,Up
TMEM181,-0.71380273757309,0.0011843907853209715,0.0037356145182603213,2.4276379454049675,Not Significant
TMEM184B,-1.1753438400550564,1.2829011438521776e-05,0.00013268938524811947,3.8771638179988184,Down
TMEM186,0.5465480673044958,0.0006585932496984423,0.0023531632751120565,2.628347938093804,Not Significant
TMEM189,-0.02184062938109399,0.8650214839689849,0.8923938995907378,0.049443407217352145,Not Significant
TMEM189-UBE2V1,1.7729527049510132,0.4015504496435138,0.4693918809130608,0.32846442667852327,Not Significant
TMEM19,-0.013684762423618935,0.9220999826964281,0.9402059945024106,0.02677698419326779,Not Significant
TMEM192,-0.8623944705484607,0.014714570714611849,0.02804817131106902,1.5520954486823697,Not Significant
TMEM199,0.4815546728834512,0.0006168753312093867,0.0022450874590330063,2.6487667360701947,Not Significant
TMEM201,-0.034170090162247035,0.833376280162479,0.8663325341219024,0.062315375864984326,Not Significant
TMEM205,-0.29419919730354493,0.09911670270552099,0.14215570373795822,0.8472357103511245,Not Significant
TMEM206,1.0036899433430797,0.0010377847706180472,0.003357303718434877,2.4740093685304125,Up
TMEM208,0.6585766320777324,0.0001449908074850837,0.0007548513667207923,3.122138554288306,Not Significant
TMEM209,0.8215087720882046,8.404212103489895e-06,0.00010115177148214719,3.995026506979341,Not Significant
TMEM214,0.5720954588112903,0.002532988624417634,0.006802806558886495,2.167311878238697,Not Significant
TMEM222,0.5120844567022793,0.004460846744691426,0.010646596486449498,1.9727892056894127,Not Significant
TMEM223,0.39513686425903316,0.06511528074925735,0.09900288971601302,1.0043521289438326,Not Significant
TMEM229A,-3.395772224924359,0.04753569861263061,0.07585531883789652,1.120013961865224,Not Significant
TMEM230,0.13735932918192972,0.374458617664156,0.4423424149095576,0.3542414154167484,Not Significant
TMEM231,0.3338766637499955,0.2107762842975601,0.27156417547175093,0.5661275223926984,Not Significant
TMEM237,-0.029480776197910785,0.840886782811301,0.8723120544510884,0.05932812598179182,Not Significant
TMEM240,-0.8899623384063933,9.702755116681166e-05,0.0005611111081828132,3.2509511335871375,Not Significant
TMEM245,-0.8408304057400606,1.789075733704814e-05,0.0001705205710736798,3.7682232215695186,Not Significant
TMEM246,-2.6179715230714358,3.190051122075017e-06,5.313330318408328e-05,4.274633184089744,Down
TMEM248,0.18913620086753014,0.07022827809726473,0.10570613599945794,0.9758998021593629,Not Significant
TMEM25,-1.0132373936493586,1.1133441759617836e-07,6.0609335997758655e-06,5.2174604738531976,Down
TMEM258,1.0503265742035488,0.005496732990840276,0.012581895027730177,1.900253942507213,Up
TMEM259,0.6219605383640534,0.00020031668309459413,0.000959228572702933,3.0180778933137105,Not Significant
TMEM263,0.47772777550979484,0.03973611772651575,0.06499458515618114,1.1871228238917326,Not Significant
TMEM30A,-0.24133220485191131,0.232066489205339,0.2950325356202152,0.5301300882212292,Not Significant
TMEM33,-0.2584271923672823,0.14877870234448762,0.20101886365589705,0.6967631863742121,Not Significant
TMEM38A,-1.863401271268586,1.5163302424666402e-05,0.00015094378322736101,3.8211847691307863,Down
TMEM39B,0.5965880310081513,0.0005814315258169307,0.0021416238358609725,2.669256808180255,Not Significant
TMEM41A,0.47163140522452807,0.038142607305015626,0.06280624811878513,1.2019971494390425,Not Significant
TMEM41B,-0.28563518247861097,0.20046851151462017,0.2598790097797302,0.58522879670126,Not Significant
TMEM43,1.1850779345425266,0.000495984791926664,0.001904173320834304,2.72029352398929,Up
TMEM47,-0.7393601985242881,0.30685239934306463,0.37445803198171596,0.42659684952686655,Not Significant
TMEM51,1.5847280089055875,0.003941103153445728,0.00965297183754249,2.015338960858245,Up
TMEM56,-3.950155434994427,0.002793844016461152,0.0073587384045653145,2.1331966355130194,Down
TMEM59,-0.05191993731819622,0.769365688815693,0.8103073653036373,0.09135021354729883,Not Significant
TMEM59L,-2.5698288175056057,0.00040222633917960014,0.0016117852589082307,2.7926928205232207,Down
TMEM62,-0.08534138295398108,0.5296614118370286,0.5928676736495807,0.22704222909228627,Not Significant
TMEM63A,0.3529915923670863,0.3822003621965145,0.4502205856837801,0.34657465139574134,Not Significant
TMEM63B,-0.7166351105805937,4.164782553833876e-05,0.0003078211258057408,3.5117015777923335,Not Significant
TMEM65,-0.6338340727588125,0.018482557188493266,0.03404384378710593,1.4679614109468397,Not Significant
TMEM67,0.2759711053073133,0.08510826476074913,0.12460117122508164,0.9044778753799039,Not Significant
TMEM68,0.009433479693342406,0.928466176562988,0.9448801154354523,0.0246232904406578,Not Significant
TMEM70,-0.4016888710336346,0.16435098133693268,0.21897523951702946,0.6596049899501282,Not Significant
TMEM74,-2.692362214044376,0.009550417412411407,0.01967503169992485,1.7060845592437974,Down
TMEM87A,0.8252820277545325,0.0006258164321688049,0.0022702049704747965,2.643934929799184,Not Significant
TMEM87B,0.023079181877946553,0.9035175857776914,0.924158407871303,0.03425358097902039,Not Significant
TMEM9,-0.004252098083803446,0.9718246058457527,0.9789742140996835,0.009228747238437234,Not Significant
TMEM97,0.10503720012516382,0.7740510060177529,0.814220511081011,0.08925796147872578,Not Significant
TMEM9B,0.2501344584757277,0.2060162532909118,0.26626380376874603,0.5746878680782838,Not Significant
TMF1,-0.16478468017945502,0.35934750107798386,0.42729777217417486,0.36926937148185507,Not Significant
TMLHE,0.5491643339072176,0.005463413440748789,0.012525814065112268,1.902194039313225,Not Significant
TMOD1,0.47983582039705297,0.14419352141032238,0.19599277533164447,0.7077599372732651,Not Significant
TMOD2,-1.99750442235203,4.3246986487882713e-05,0.0003161775818363568,3.500068926402288,Down
TMOD3,0.42229045848789326,0.041305544485484215,0.0671256743259829,1.1731113384680691,Not Significant
TMPO,0.6687929016876133,0.05439175894303581,0.08505783601244066,1.0702856705264256,Not Significant
TMPPE,-0.25902650492819035,0.2697416269376346,0.3358103249839015,0.4739059549680755,Not Significant
TMPRSS5,1.0994003322569696,0.0038482154077362166,0.009469204205553163,2.0236865176872363,Up
TMSB10,-0.12511868042637175,0.7120371100147798,0.7601803567495645,0.11908335686589429,Not Significant
TMSB4X,0.7220048129234833,0.05086502422311405,0.08030400364424074,1.0952628019534905,Not Significant
TMTC2,-0.054352709466314764,0.8487545391138731,0.8789425603446913,0.05603950551830726,Not Significant
TMTC3,-0.486904687307689,0.0018865475033186076,0.005379303580082551,2.2692739456913236,Not Significant
TMTC4,-0.5971109678333448,0.08110343595725725,0.11948464665595343,0.9226878963976726,Not Significant
TMUB1,0.8343027505322311,0.0025595263728347504,0.006855801297510575,2.163941778110127,Not Significant
TMUB2,0.30411103543467277,0.0002677259295229182,0.0011924034287276364,2.923576783834181,Not Significant
TMX1,1.6652283668737482,1.4742346477750943e-05,0.00014817295710700912,3.8292310517607455,Up
TMX2,0.1718051592852916,0.3988399394174053,0.4666566259803648,0.331002563316211,Not Significant
TMX3,-0.2602397891132604,0.3274543633514468,0.395631477141098,0.4027091624619868,Not Significant
TMX4,-1.0034922502795425,0.0026020827931661234,0.006940265305362862,2.158623927462607,Down
TNC,5.994772850098636,6.278286347931341e-06,8.355014091025143e-05,4.078052813317052,Up
TNFAIP1,0.18123312358468624,0.14011588912252587,0.19126388442009834,0.7183670282885274,Not Significant
TNFAIP2,0.3452997938147231,0.2552266036861609,0.32039287296378627,0.4943171532211518,Not Significant
TNFAIP3,2.5243290618252487,4.875220608646243e-05,0.0003451368405586947,3.462008680820352,Up
TNFAIP6,-0.003120335947816244,0.99709018443145,0.9991730347122677,0.0003592950439368093,Not Significant
TNFAIP8,2.0643204450985504,0.006945714722963616,0.015195708440057501,1.8182790478423054,Up
TNFAIP8L2,3.1170954195488605,4.277882187770424e-08,3.289724057984676e-06,5.4828405291383335,Up
TNFAIP8L3,-0.24525620238507173,0.5874878052252961,0.6473804583066761,0.18884041425946896,Not Significant
TNFRSF10B,1.6845399639974055,0.0018830137435098793,0.005378361341683732,2.269350023342239,Up
TNFRSF10C,1.8680763877828266,0.01149461662580087,0.022889260306052178,1.6403682418466667,Up
TNFRSF12A,4.823810069954252,0.00018134853699339649,0.0008910055398056645,3.0501195957391616,Up
TNFRSF14,-0.258191378918184,0.39228746547528837,0.4604875235607149,0.3367821320732959,Not Significant
TNFRSF1A,1.7750759651472912,0.0018863653845482564,0.005379303580082551,2.2692739456913236,Up
TNFRSF21,0.8577649593486498,0.009536522112259041,0.019662489512668354,1.7063614960071298,Not Significant
TNFSF12-TNFSF13,2.2440058817685404,0.4099706481113792,0.4775721911510215,0.3209609699466917,Not Significant
TNIK,0.1814611035712339,0.6580713132302359,0.7112338171313589,0.14798760208792047,Not Significant
TNIP1,0.6307595188356601,0.014372247237003711,0.027528891794079954,1.5602112712584366,Not Significant
TNIP2,2.509905377892693,3.297903656796818e-09,6.780220701749213e-07,6.168756169260987,Up
TNK2,-0.03292351927602155,0.9314109986731648,0.9472071876270404,0.023555015081757138,Not Significant
TNKS,0.06334279345840343,0.6068665041671387,0.6651695313872,0.1770676521967528,Not Significant
TNKS1BP1,0.865444205503394,3.569347846250915e-05,0.00027852525331627974,3.5551354221107183,Not Significant
TNN,1.5149681428134816,0.0023781118757290566,0.006471393580792684,2.189002186212643,Up
TNPO1,0.8383088745781073,0.00015813090857108692,0.0008013132660689787,3.096197667276608,Not Significant
TNPO2,-0.6167765758841917,0.00019931699749864163,0.0009566076383045811,3.0192661557029354,Not Significant
TNPO3,0.4449545569705826,0.015609303798758675,0.029458247746102454,1.5307930897008255,Not Significant
TNR,0.6204547511138507,0.2341142861681851,0.2971484589716891,0.5270265176750878,Not Significant
TNRC18,0.26541795934601353,0.22131834358126484,0.28308290924805257,0.5480863497917926,Not Significant
TNRC6A,0.45354703945226404,0.02803726181923566,0.04811709975587394,1.3177005575162986,Not Significant
TNRC6B,-0.21502160771084178,0.25801279715370035,0.3234873576261826,0.4901426875469792,Not Significant
TNRC6C,0.05877375482952729,0.7243416378158322,0.7707031748369976,0.11311285197629964,Not Significant
TNS1,0.805898109132432,0.12527636461161418,0.17364255601230066,0.7603438299868289,Not Significant
TNS2,-0.004577887650366819,0.9883839559517708,0.9925219270592244,0.0032598899092960818,Not Significant
TNS3,0.3908926093694305,0.21651416066226126,0.27799689708279635,0.5559600515183984,Not Significant
TNXB,-0.7934497564406975,0.028257432026031766,0.04843267627920994,1.3148615321680077,Not Significant
TOB2,1.3199028855212624,0.0008527152826886655,0.0028758800662221683,2.541229229437967,Up
TOE1,0.7933603894196306,0.00247485589593951,0.006687687311076884,2.1747240409291653,Not Significant
TOLLIP,-2.2727010755055055,1.0069976652049059e-05,0.0001154094935071015,3.9377584649396744,Down
TOM1,-0.32164452879953487,0.07053219892606556,0.10608663962452644,0.9743393069817635,Not Significant
TOM1L1,-4.511142330995849,8.892992613220797e-06,0.00010527380444839755,3.9776796819847533,Down
TOM1L2,-1.3298501440617478,0.002554553249200045,0.006847942903789582,2.1644398693403213,Down
TOMM20,-1.4225146300697808,0.000350495107412892,0.001454237113705714,2.837364775885308,Down
TOMM22,-0.046675305630376585,0.8360836751664295,0.8684635365914078,0.061248411171495515,Not Significant
TOMM34,-0.7592793387001215,0.00222844017499333,0.006128666754813761,2.212633992692624,Not Significant
TOMM40,0.3237498928590412,0.13258140830873202,0.18256220712167393,0.7385891224056501,Not Significant
TOMM40L,-0.6478940462709666,0.0003364233607498401,0.0014127256924526424,2.8499421564947642,Not Significant
TOMM5,0.5676921143131501,0.00012722540701492582,0.0006806525492662574,3.1670745245682013,Not Significant
TOMM6,0.0,1.0,1.0,-0.0,Not Significant
TOMM7,-0.1320496144846217,0.3218543226215617,0.3901287987112998,0.40879198955038815,Not Significant
TONSL,0.56131671938736,0.24708784310495976,0.3113010169383898,0.5068194605895382,Not Significant
TOP1,0.34748208499270916,0.006633339599043316,0.014619178105614168,1.8350770428521692,Not Significant
TOP2A,6.94386190290856,2.450604488968991e-05,0.00021355873375323195,3.670482662854466,Up
TOP2B,0.030181940594744106,0.8872211327663537,0.9110035620102869,0.040479924938760514,Not Significant
TOP3A,0.5808344292352601,0.004085469184992864,0.00995092276828291,2.002136644420962,Not Significant
TOP3B,0.8354788965756335,0.0031399512909319736,0.008038245956639071,2.0948387092690273,Not Significant
TOPBP1,0.16275757160009263,0.4251743507326088,0.49181380287981413,0.30819928684085984,Not Significant
TOPORS,0.6479787746214747,0.009114225687649977,0.018942997643364115,1.7225512947646566,Not Significant
TOR1A,0.16556425579185685,0.32195521664282273,0.39020414490613525,0.4087081216654839,Not Significant
TOR1AIP1,0.5235362802098429,0.0031148025005846205,0.007994527488124705,2.097207199880766,Not Significant
TOR1AIP2,0.32437915693040864,0.009548455160508411,0.01967501274022535,1.7060849777486806,Not Significant
TOR1B,0.6478443100512443,0.009958769742201768,0.020358085710823988,1.691263061517582,Not Significant
TOR2A,0.3486077620061607,0.02343337759970217,0.04140088494202029,1.382990375755219,Not Significant
TOR3A,0.6861000195080678,3.1542114350668227e-06,5.297513812826333e-05,4.275927902228978,Not Significant
TOR4A,2.2830047094118875,3.6906157897195687e-06,5.809259916505458e-05,4.23587919199015,Up
TOX,-0.3516885855726919,0.23022018295318872,0.2931291864345833,0.5329409373567731,Not Significant
TOX2,-2.225746491815668,0.000328948149005725,0.0013882797038473704,2.8575230255240465,Down
TOX4,-0.12971663964012947,0.23551363745730194,0.2986611762015181,0.5248212288766263,Not Significant
TP53,2.8822912129847538,0.0001103199990792021,0.0006146516648492336,3.2113709377081867,Up
TP53BP1,0.09240950366227452,0.4122599120974559,0.47953418934001885,0.31918042350399517,Not Significant
TP53BP2,0.02375955906074978,0.9363811152138465,0.9507314400814247,0.021942144011461124,Not Significant
TP53I11,-0.2644755034740136,0.1751026923996927,0.23125124845759104,0.6359159139542094,Not Significant
TP53I3,3.0156907960589745,4.9288301263630273e-05,0.00034722401883203596,3.459390240622787,Up
TP53INP2,-1.0245042794653116,0.03370948803031552,0.05639146170996322,1.2487866480194907,Not Significant
TP53RK,0.6330683022664445,0.0007089816100978995,0.0024881184812418117,2.604128942902289,Not Significant
TPBG,-1.0391353771472183,0.13928726697399943,0.19028748677733529,0.7205897697909242,Not Significant
TPCN1,-0.4486349322779759,0.1618098778985464,0.21596087837174835,0.6656249148031863,Not Significant
TPD52,-1.435053469828219,0.03520118821318856,0.058536937943159714,1.2325699991753751,Not Significant
TPD52L1,-3.356344107974678,6.538623298505538e-05,0.0004227862073757688,3.3738791891940836,Down
TPD52L2,0.27284244228649257,0.029819436783830547,0.050717711659684105,1.2948403496845176,Not Significant
TPGS1,0.41227538077029635,0.2618862703198682,0.32765055727798714,0.48458908904601167,Not Significant
TPGS2,-0.20437375800273827,0.24048732175693716,0.30420257149414676,0.516837119076584,Not Significant
TPI1,-0.34098808007275494,0.311511779081861,0.3793908391431313,0.42091315989337674,Not Significant
TPK1,-0.5147397723679106,0.0392198478790315,0.06424402398916478,1.1921672644050116,Not Significant
TPM1,0.6226954521583146,0.2312127197846922,0.29405844452859353,0.531566344371071,Not Significant
TPM2,1.180754359128155,0.029420532877158467,0.050166291165283414,1.2995880055297808,Not Significant
TPM3,-0.08347683708926112,0.6931040255149975,0.7427495647930729,0.12915759399487703,Not Significant
TPM4,0.9223551306097519,0.07708415704928061,0.11439979347590642,0.9415747595670784,Not Significant
TPMT,-0.6055477587879246,0.00704430508123748,0.015344606061920478,1.8140442566182935,Not Significant
TPP1,0.04431788696084027,0.9127406991086473,0.9319835599858619,0.030591748451163102,Not Significant
TPP2,0.6344599487987814,0.0005724385897947346,0.0021157298810020875,2.6745397802467745,Not Significant
TPPP,-4.260253677619389,8.742857836269834e-05,0.0005214656592219201,3.282774286473289,Down
TPPP3,-2.6727495018322855,0.0001550467207760077,0.0007908560329607601,3.1019025680589603,Down
TPR,0.6336695482860222,9.389681268460586e-05,0.0005474053767272682,3.2616909411759583,Not Significant
TPRG1L,-2.555987975198505,3.1560447790658296e-06,5.297513812826333e-05,4.275927902228978,Down
TPRKB,0.6401009616051745,0.0008991343450028375,0.002992361873656619,2.5239858873353245,Not Significant
TPRN,-0.6105572793779714,0.014954363205201607,0.02841921428583305,1.5463879333066517,Not Significant
TPSAB1,0.9515898810650762,0.7578813589081165,0.8011434217880761,0.09628972896515624,Not Significant
TPST1,1.3694705293463016,0.002206161276490628,0.0060806754307432525,2.216048177379817,Up
TPST2,-0.02094192819560803,0.9519485103181332,0.9630376875823332,0.01635671683312301,Not Significant
TPT1,0.6245049616411258,0.00570327742635228,0.012937360232621677,1.8881543290273386,Not Significant
TPX2,2.1154946104649692,0.016133284478468988,0.03029388776068902,1.5186449879854937,Up
TRA2A,0.7889891599415257,0.00017264251863417007,0.0008568076419168395,3.067116668661362,Not Significant
TRA2B,0.964767523979404,0.0023460818968979334,0.006399791234592413,2.193834192757253,Not Significant
TRABD,1.5352469334572998,1.820591641883056e-05,0.00017237443797302543,3.763527136831245,Up
TRADD,0.6656808477998464,0.08067277575811665,0.11897197233015183,0.9245553385740809,Not Significant
TRAF1,0.47228286570906164,0.3415176091149772,0.4098211309379726,0.38740565254008424,Not Significant
TRAF2,0.38902015151924374,0.020481548499745417,0.03708053368895443,1.4308540238128697,Not Significant
TRAF3,-1.0973369396841797,2.6136212861605968e-05,0.00022446394575261597,3.6488534070800664,Down
TRAF3IP1,-0.7291049014535886,0.005947633775375907,0.013377196394984792,1.8736348968649414,Not Significant
TRAF3IP2,0.9938500573352052,0.011254275601156693,0.02253539503201203,1.6471348246034623,Not Significant
TRAF3IP3,2.0477448102585196,0.0009186394010132953,0.003045203463576156,2.516383684917358,Up
TRAF4,2.086671743029086,0.0030155765179942485,0.0077974635118773245,2.108046648841086,Up
TRAF5,-0.24220000000755704,0.1677145227105678,0.22272028760694174,0.6522402212486487,Not Significant
TRAF6,0.14090859367542308,0.4445659890964783,0.5109009552997859,0.2916632852585514,Not Significant
TRAF7,0.49832849229211007,0.005845820523659307,0.01318057205804473,1.8800657402533372,Not Significant
TRAFD1,1.4581245351392802,0.00169527932038885,0.00493448248298101,2.3067583883988236,Up
TRAK1,-0.1339435682770045,0.5388915523822935,0.6013284779241498,0.2208882281976569,Not Significant
TRAK2,-0.26210383585340224,0.09034570690604309,0.1311633738826168,0.8821874206108024,Not Significant
TRAM1,0.7195712796227127,0.022689723053696077,0.040284855488708894,1.3948581899340164,Not Significant
TRAM2,1.6698401314419673,0.0004997335907795115,0.0019141886667349045,2.7180152594098486,Up
TRAP1,-0.0985823096663836,0.371989761529449,0.43994187105513843,0.3566047024859001,Not Significant
TRAPPC1,0.04843348809643189,0.7815234607556018,0.8206765134349698,0.08582799527365371,Not Significant
TRAPPC10,-0.32831894165087405,0.01409634244177545,0.027095316496555215,1.5671057716896164,Not Significant
TRAPPC11,-0.066812127489289,0.6898121501178719,0.7399028535229388,0.13082529776700913,Not Significant
TRAPPC12,0.5065029140413131,0.020169277910771635,0.03657701272243267,1.4367917666327066,Not Significant
TRAPPC13,0.03081322629869021,0.8690533016773556,0.8957277431039166,0.04782397430585684,Not Significant
TRAPPC2,-0.4832939292692302,0.0004422204884308443,0.0017436122115273287,2.7585500980276256,Not Significant
TRAPPC2L,-0.1725291210633344,0.1890193418955396,0.24716781545374686,0.6070080808357861,Not Significant
TRAPPC3,0.2674186085788186,0.09793409869465264,0.1407601812312642,0.851520182674532,Not Significant
TRAPPC4,0.4363554443135378,0.003290203123272102,0.008338492141847335,2.078912476182481,Not Significant
TRAPPC5,0.1661798870520066,0.5570259402672901,0.6190952473800398,0.20824252993079684,Not Significant
TRAPPC6A,0.4706339955534631,0.061028559587032814,0.09380557053398972,1.0277713707857614,Not Significant
TRAPPC6B,-1.1079713551445032,5.338937638933541e-05,0.00036672859189042884,3.4356552290735607,Down
TRAPPC8,0.03647350091182844,0.7606613087541411,0.8032392059108194,0.09515510187338305,Not Significant
TRAPPC9,-0.4948228416104179,0.0026011331290585657,0.006939569688065676,2.1586674586362964,Not Significant
TREM1,4.7727486275537405,0.003464594950625915,0.008716865517633733,2.0596396541864253,Up
TREM2,3.8522068345664895,2.320611598921587e-08,2.2919452203466734e-06,5.639795766628498,Up
TREML1,3.03590897239393,0.00018374817440334527,0.0009000401219564367,3.045738130165233,Up
TREX1,0.9145359942129367,0.0012746354339983306,0.003947333956993293,2.4036961293572165,Not Significant
TRHDE,-5.804458497949957,6.3756523493746e-05,0.00041518339723840446,3.3817600218067887,Down
TRIAP1,0.40359689414691857,0.07492624337014142,0.11155881993952182,0.9524960883147771,Not Significant
TRIL,0.4292576036841389,0.4531582092804651,0.5194124246548419,0.2844876659995547,Not Significant
TRIM11,-0.042537325067092624,0.836691010572469,0.8688180030662994,0.061071188501839256,Not Significant
TRIM13,-0.10215729015542507,0.618468363538746,0.6759004441624352,0.17011726816335493,Not Significant
TRIM14,0.6760807510901667,0.02050582223358796,0.03708053368895443,1.4308540238128697,Not Significant
TRIM16,0.8707742589573169,0.0006012446286366493,0.0022025230505038564,2.6570795377834533,Not Significant
TRIM2,-1.4325822728816995,0.00033694985744857917,0.0014131693854858396,2.849805779571881,Down
TRIM21,1.6306305550463591,3.889410514236256e-05,0.00029455546835060076,3.53083291028176,Up
TRIM22,1.7066164032405453,9.195487035517376e-05,0.0005398329626794991,3.2677406005635934,Up
TRIM24,1.5436008879171865,6.034961961104024e-10,3.7918670206228625e-07,6.421146901614129,Up
TRIM25,0.8909885723346278,0.007495836883049937,0.016159439494937953,1.7915737072048221,Not Significant
TRIM26,0.861936530151084,7.045886257735661e-05,0.0004436266135026815,3.352982408080447,Not Significant
TRIM27,1.1786134049339374,0.00014879179761863136,0.0007678937342264817,3.114698876104177,Up
TRIM28,0.7581690434075945,0.03579097182870511,0.05941551362436743,1.2261001442142767,Not Significant
TRIM3,-0.7789330101977505,0.0050058095621959755,0.011662471214052327,1.933209415193453,Not Significant
TRIM32,-0.1355663729605432,0.42423235174299095,0.4910060560040086,0.30891315131307295,Not Significant
TRIM33,-0.051510747492798714,0.403121547096218,0.47079138250026664,0.3271714952059054,Not Significant
TRIM34,2.61413652519129,0.0001608287788626564,0.0008113115264208315,3.0908123538934604,Up
TRIM36,-1.7498004663788755,4.436683355706001e-05,0.00032304746329138163,3.490733664878821,Down
TRIM37,-1.343557976628908,4.850645543737613e-05,0.000344365068411647,3.4629809088022236,Down
TRIM38,1.6624853952783791,1.1320108874323814e-05,0.00012442996800503083,3.9050750105469807,Up
TRIM4,1.1253846820862812,0.00010426361076820434,0.00058975385450808,3.229329211975018,Up
TRIM41,-0.00966501858387403,0.9552269972785319,0.9657724579068577,0.015125184056430976,Not Significant
TRIM44,-1.3386921227210387,7.115251803466294e-05,0.0004471556248790982,3.3495413017816666,Down
TRIM46,-0.7361006968139332,0.0018277821039904552,0.005259376439760025,2.2790657434554786,Not Significant
TRIM47,1.7959939766991333,0.00021207029554890823,0.0009970413834813183,3.0012868153647885,Up
TRIM5,1.9761839292971075,0.00013675903256965034,0.0007194310674186201,3.1430108118370157,Up
TRIM56,1.6376914478461622,0.00016395668577019862,0.0008229694332082616,3.0846162950860396,Up
TRIM62,0.7400220089312164,0.005242658830394521,0.012096780819375723,1.917330188228305,Not Significant
TRIM65,0.6895244310684099,0.008438327602368617,0.0177986074773481,1.749613974576541,Not Significant
TRIM67,-0.4053854373510699,0.5318679782083436,0.5948088379741179,0.22562258713247266,Not Significant
TRIM68,0.28412223829544203,0.35229535105239845,0.42044545976956826,0.37629033293945985,Not Significant
TRIM9,0.37403849331213834,0.12320118030992225,0.17111935618946048,0.766700862400359,Not Significant
TRIO,0.5965526277869948,0.04172211754273389,0.06773708495173267,1.1691734970421024,Not Significant
TRIOBP,1.7025817455497538,1.6233388932148746e-06,3.346336436476409e-05,4.475430397754979,Up
TRIP10,1.3076395506100837,0.0025794735105609183,0.006899051491793195,2.161210613638969,Up
TRIP11,-0.3480635695100176,0.009370959846414086,0.019388590982291128,1.7124537510476754,Not Significant
TRIP12,-0.03483163080257512,0.813625061347443,0.8494620031105959,0.07085604258476515,Not Significant
TRIP13,1.346877404501038,0.008797977200489327,0.018409642162917943,1.7349546530049753,Up
TRIP4,-1.6800710934102039,4.4665368010506604e-05,0.0003240496118750044,3.489388494379461,Down
TRIP6,1.3681434648748798,0.00046298817419924065,0.001809209800963208,2.742511068232824,Up
TRIQK,-0.9194313128011622,0.0010739968408386834,0.0034577961567941505,2.4612006127361457,Not Significant
TRIT1,1.0202001702215782,2.977255442739992e-06,5.10082845751066e-05,4.29235928168529,Up
TRMT1,0.34343204577274733,0.043054016849479675,0.0696301438018395,1.1572027079081353,Not Significant
TRMT10A,0.42980256838217024,0.1763834407942652,0.23269863574665112,0.6332061628647017,Not Significant
TRMT10C,-0.32484883441795276,0.22954704657740016,0.29245693021635627,0.5339380829036295,Not Significant
TRMT11,-0.5466588502261409,0.03876686832829733,0.06361580575651854,1.1964349676845838,Not Significant
TRMT112,0.3952163442491141,0.05220401148464865,0.08213387657291121,1.0854776787617209,Not Significant
TRMT13,1.3358803086211903,2.462698468695585e-05,0.00021416888696346368,3.6692436203459855,Up
TRMT1L,-0.13703648210463726,0.2279595926551379,0.29054465288560977,0.5367871128035678,Not Significant
TRMT2A,0.8913911768589351,1.1523268587447437e-05,0.00012544117773987076,3.901559877144284,Not Significant
TRMT2B,-0.1645979625454217,0.1943653683718018,0.25287830569256503,0.5970884269708917,Not Significant
TRMT44,-0.014786097028046896,0.9485272489171694,0.9607343158648266,0.017396696729820877,Not Significant
TRMT5,1.0795671722363736,0.00036017524053136426,0.0014852252857605254,2.828207665577856,Up
TRMT6,0.06220101139913581,0.7430011000692485,0.7877281711321416,0.10362362279465968,Not Significant
TRMT61A,0.49520815006440344,0.005117758930353526,0.011862932228343632,1.9258079506687762,Not Significant
TRMT61B,0.3192936491107048,0.049676067591494066,0.07883375943867538,1.103287762228936,Not Significant
TRMU,0.31625290885053303,0.1682344106709603,0.22326352958757134,0.651182213751013,Not Significant
TRNAU1AP,0.5166852749361546,0.009331136437060152,0.019333991868972434,1.713678468388271,Not Significant
TRNT1,0.19701606484768064,0.16391488289391243,0.21848088519095976,0.6605865532895494,Not Significant
TROVE2,0.5095970356259407,0.0001511059968643233,0.000776653985924078,3.1097724245367653,Not Significant
TRPC4AP,0.28349094394053154,0.0033066958519155313,0.008373970339918818,2.077068581686059,Not Significant
TRPM4,-0.9057480935359461,0.038730270749321206,0.06357814441929863,1.1966921514797422,Not Significant
TRPM7,0.2461459410150546,0.1930523684169463,0.2513878553228739,0.599655707133999,Not Significant
TRPS1,0.6707088249440822,0.008803382132149876,0.01841089300379445,1.7349251459221393,Not Significant
TRPT1,1.2596541843325681,2.9882636946978633e-06,5.110996343019741e-05,4.291494429787654,Up
TRPV2,-0.2922278079749887,0.20469120595102933,0.2648090156946545,0.5770672329793726,Not Significant
TRRAP,0.49280162200264854,0.10658957739885266,0.15096069207311144,0.8211361218332919,Not Significant
TRUB1,-1.1451901446836068,0.0006852772399890007,0.002426531780544532,2.615014016310477,Down
TRUB2,-0.10618502369695548,0.5580386378794895,0.6198105003305378,0.20774107056691557,Not Significant
TSC1,-0.33669596925619416,0.0049622720660820905,0.011585151516503123,1.9360982819127694,Not Significant
TSC2,-0.022704481650549724,0.8448746307276647,0.8756447561677463,0.05767204877161228,Not Significant
TSC22D1,-0.9044336932025381,0.0050670672918929115,0.011764377943887806,1.929431031741614,Not Significant
TSC22D2,-0.34201207929108435,0.22738419202604815,0.28988463053282826,0.5377748100045328,Not Significant
TSC22D3,-0.08070533106198141,0.8276450689794245,0.8616156169526832,0.06468643796575228,Not Significant
TSC22D4,0.6982045719275192,0.21547768974916678,0.276771929941745,0.5578779578914778,Not Significant
TSEN15,0.504774512037141,0.001192446158094034,0.0037539695614497806,2.425509253117973,Not Significant
TSEN2,0.44254971009257105,0.005780654901588164,0.01307167620170576,1.8836687185804877,Not Significant
TSEN34,1.3561137931646705,1.497442314581576e-05,0.00014965509798705155,3.8249084843705017,Up
TSEN54,0.9128515058718882,0.0012357982655372046,0.0038531203116749613,2.414187430156274,Not Significant
TSFM,1.4880265796784116,0.09756766958472449,0.14027354122970093,0.8530242390328848,Not Significant
TSG101,0.2929566299598889,0.08603867877073271,0.1257622823471215,0.900449589611233,Not Significant
TSHZ1,-0.11066045731606522,0.5419162898009504,0.6043020482017682,0.21874593376541365,Not Significant
TSHZ3,-1.1667715613021183,0.004711087975208088,0.011132887699330584,1.953392171763947,Down
TSKU,2.633364168132971,1.3267535519779484e-06,2.924664175629289e-05,4.533923994554172,Up
TSN,-0.03386740794445586,0.773848599834628,0.8140926059663787,0.0893261897390336,Not Significant
TSNAX,-0.4403796787055896,0.09405386634274447,0.13586119526895016,0.8669045689266108,Not Significant
TSPAN11,2.9193853069318045,0.002372410929581061,0.006459369649891787,2.1898098614059704,Up
TSPAN13,-1.9198873416370503,0.00029862869204730916,0.0012944859912584305,2.8879026450762173,Down
TSPAN14,0.30186316438474137,0.1466160475395975,0.19870981607882487,0.7017806786195757,Not Significant
TSPAN15,0.7605625392963802,0.09872191133245962,0.14167016164717924,0.8487216105609162,Not Significant
TSPAN3,0.6648119807530897,0.002995467767923063,0.007761404911022875,2.110059658911975,Not Significant
TSPAN31,2.395541696313227,0.03765138824999242,0.062119240948317,1.2067738596719313,Not Significant
TSPAN33,0.28616247521293303,0.292177977089117,0.358820058660949,0.44512328713778443,Not Significant
TSPAN4,1.1860484202532895,0.012681523019866857,0.024878999591458367,1.6041670870296285,Up
TSPAN5,-1.2674881148045891,0.00011969112639971433,0.0006510628549409947,3.1863770817293333,Down
TSPAN6,2.7019863543193434,4.850312260492588e-07,1.441358280595939e-05,4.841228052534094,Up
TSPAN7,-1.8351179139787952,0.004594380562598446,0.010909036245448835,1.962213615293546,Down
TSPAN8,0.6422847163134975,0.2553579178798159,0.32051777532036696,0.49414788031213813,Not Significant
TSPAN9,-0.365692024031091,0.12711181459617982,0.17583751556545932,0.7548884610888862,Not Significant
TSPO,2.2622257658850202,3.245885100925403e-06,5.3517261058465646e-05,4.27150612127971,Up
TSPYL1,-2.4618714182089185,1.172269476517923e-07,6.18295429656626e-06,5.208803963726329,Down
TSPYL4,-2.0385594101529385,0.0006449240069340733,0.002314558049823247,2.635531922506246,Down
TSPYL5,-2.8515507987527062,0.00019546028050164841,0.0009418569445193345,3.0260150557250016,Down
TSR1,0.5896375740444277,0.0002651894731979346,0.0011841838444131177,2.9265808682076546,Not Significant
TSR2,-0.595544956036921,0.003569158410460945,0.008915373624345043,2.0498604517492813,Not Significant
TSR3,0.5186453677385252,0.007060729710428324,0.015369444922829502,1.8133418170354056,Not Significant
TSSC4,0.5179079112123581,0.06259995716475232,0.09582616144624144,1.0185159082422837,Not Significant
TST,0.35353655758627056,0.28473325660093507,0.35117566442186826,0.4544755872234629,Not Significant
TSTA3,0.6971333259709951,0.00031433552464863346,0.0013429245442367827,2.871948388628538,Not Significant
TSTD1,-2.5749499694918025,0.0007772930020477766,0.002672508430931502,2.5730809160532337,Down
TSTD2,1.1615404531224947,0.0002729212336307828,0.0012069396433698448,2.9183144475553684,Up
TTBK1,-1.536433042164198,1.790855312645952e-05,0.0001705205710736798,3.7682232215695186,Down
TTBK2,-2.0313068451876823,8.504157263412855e-10,3.8898818152791377e-07,6.410063593469108,Down
TTC1,-0.6492587368422065,0.0011115323737721492,0.0035547863915494065,2.449186491068838,Not Significant
TTC12,-1.745861269100688,8.293113770099978e-06,0.00010062007500560205,3.997315363272376,Down
TTC13,0.22031466345407935,0.15415191031766914,0.20716733518412472,0.6836787202956208,Not Significant
TTC14,0.0956630367874709,0.764959211359925,0.8072699659794557,0.0929812048955361,Not Significant
TTC17,0.8597006238641391,1.933412418413036e-05,0.00018034441391752708,3.74389730520237,Not Significant
TTC19,-0.447768850577404,0.0018401711597070345,0.005284459596034397,2.2769994182827826,Not Significant
TTC21B,-0.052306487310808336,0.752360738984674,0.7963103682004209,0.09891762959219838,Not Significant
TTC25,0.4060907607650943,0.05952056918937696,0.09185205484279772,1.0369111235508126,Not Significant
TTC26,0.5613487409428402,0.0015381442013348574,0.004574923142677104,2.3396161975519814,Not Significant
TTC27,0.8822764558309153,3.085863103224273e-05,0.0002514646962623767,3.599522977982422,Not Significant
TTC28,0.8373928407924005,0.0001757140694125148,0.000868142979530002,3.061408742441927,Not Significant
TTC3,-0.321627040204433,0.013420486107005964,0.026020939418382145,1.584677028417981,Not Significant
TTC30A,0.6958660306850035,0.00037318051625038513,0.0015232660132521799,2.817224247682072,Not Significant
TTC31,1.4826728401021168,3.653217241723808e-05,0.00028201157465996657,3.5497330664756968,Up
TTC33,-1.3269703325250681,9.700612905617706e-06,0.00011232640736918708,3.949518131302995,Down
TTC37,0.18703452894014205,0.05168049723171671,0.08137376197441608,1.0895156057573256,Not Significant
TTC38,0.6584904042022917,0.06393148431681397,0.0975088225598159,1.010956087730194,Not Significant
TTC39A,-1.9055381275636059,0.01106291175533031,0.022209600044479385,1.65345926225475,Down
TTC39B,-1.6759744029732833,0.0007430611196557812,0.00257679783800769,2.5889196525712137,Down
TTC39C,-1.5330798843502667,0.0014683849439105078,0.004405154831731524,2.3560388224653512,Down
TTC4,0.6862247951922438,0.0015900206865564256,0.004691818510945938,2.328658795622821,Not Significant
TTC5,-0.1063760885267655,0.4108438632651922,0.47831284855351275,0.3202879528496667,Not Significant
TTC7A,0.8399407142762492,0.0020320102015186628,0.005687821831091695,2.2450540161787167,Not Significant
TTC7B,-1.4235670680216739,0.0001749471155866372,0.0008656273292828011,3.062669040627811,Down
TTC8,-0.08637743426794131,0.5977418736831972,0.6567320827011315,0.18261176702331744,Not Significant
TTC9,-1.5537408745907566,0.002297137291740808,0.006288413336140462,2.2014589199417274,Down
TTC9B,-2.6472018087837856,0.00017228754993468202,0.0008558307584033465,3.067612109106121,Down
TTC9C,0.19104751071773052,0.1203203424097635,0.16762074243849842,0.775672240066215,Not Significant
TTF1,-0.09443259034216211,0.31050362889805044,0.37823622219092623,0.4222368828300455,Not Significant
TTF2,1.497919625380204,0.0008637084730650047,0.002896471091097489,2.538130801720247,Up
TTI1,0.6858503570641332,3.5868089405825274e-06,5.7173280486437315e-05,4.2428068881375935,Not Significant
TTI2,0.9527684245379469,0.00011190183151873848,0.000621101405355246,3.206837488082838,Not Significant
TTL,-0.4540135951658897,0.07119227790928873,0.10691577335393182,0.970958218315678,Not Significant
TTLL1,-0.055564765024868734,0.7949374256998334,0.8332327152741776,0.07923368665501718,Not Significant
TTLL12,-0.04738104481486971,0.8537992388715261,0.883168039058605,0.053956656000339456,Not Significant
TTLL7,-1.6219390342748348,0.0003849291082598111,0.0015580561672459323,2.807416890254413,Down
TTPAL,0.34128902611189815,0.016325290377450178,0.030573435276184828,1.51465576056503,Not Significant
TTR,-5.257033752677721,0.046418710383692136,0.07440287802789414,1.1284102648915066,Not Significant
TTYH1,0.2950474616124943,0.6595279017003969,0.7125023143946164,0.14721372061464041,Not Significant
TTYH2,1.0971731012820456,0.017483855801900594,0.032420711539320524,1.4891774578956,Up
TTYH3,-0.1876514568444776,0.5669695376345786,0.628056438796068,0.20200132766988876,Not Significant
TUB,-1.092289414262389,0.04669201805180101,0.07475769069514357,1.126344122673708,Not Significant
TUBA1B,-0.7486419585676067,0.008802941895714369,0.01841089300379445,1.7349251459221393,Not Significant
TUBA1C,1.6086419653826542,0.0018297031220409826,0.005263400700011667,2.2787335661066628,Up
TUBA3C,1.5527027257326365,0.3632174676491226,0.43098383617164465,0.36553901752626994,Not Significant
TUBA4A,-3.8079918031312356,6.931427114081735e-06,8.948616339260036e-05,4.048244111352188,Down
TUBA4B,-3.8663024761392935,0.09252688642224578,0.13388621858915598,0.8732641242479678,Not Significant
TUBA8,-2.227464739251852,0.0008842735398157643,0.0029555977571678865,2.529354671674099,Down
TUBAL3,-4.0375356842519325,0.1057912530271704,0.1499869460259376,0.8239465377150176,Not Significant
TUBB,0.8968657489051282,0.009667478506183559,0.019870960830294042,1.7017811327288344,Not Significant
TUBB1,2.7573557301381513,0.006552969699523563,0.01448959981409139,1.8389436090720883,Up
TUBB2A,-2.014072221689087,1.5917443647903083e-05,0.00015644129493558602,3.805648597852534,Down
TUBB2B,0.6369146431777111,0.036884133062328184,0.06103330428217709,1.2144331171371334,Not Significant
TUBB3,0.4680626081571937,0.16350449288332594,0.21796271818269491,0.6616177847081733,Not Significant
TUBB4A,-3.4016031468470906,0.0007075187512492531,0.0024860634461405565,2.6044877920430722,Down
TUBB4B,-0.6198970645339408,0.008639253307108434,0.018131632878293825,1.7415630829370479,Not Significant
TUBB6,2.445423782381713,0.012090959897874681,0.023897259174257317,1.621651906321893,Up
TUBB8,-0.7404531161691299,0.4846543750136715,0.5505026692848941,0.259240570874083,Not Significant
TUBG1,-0.020322024320304166,0.9260380752062658,0.9434884260419515,0.02526342304218146,Not Significant
TUBG2,-0.88185110632811,0.0016409255757736758,0.0048166329400769255,2.317256448593829,Not Significant
TUBGCP2,-0.28157464436086244,0.10214123834597531,0.14554042929241234,0.8370163483986894,Not Significant
TUBGCP3,0.5662112249111857,0.012865276357072263,0.02518064776008276,1.59893310206727,Not Significant
TUBGCP4,-0.4024736544435559,0.12592332313049653,0.17439068360215093,0.7584767199094756,Not Significant
TUBGCP5,-0.03473604197913005,0.8205960766424215,0.8554102727748091,0.06782553852785822,Not Significant
TUBGCP6,0.04221872772270174,0.8322231564942256,0.8655601980717355,0.06270272237988395,Not Significant
TUFM,0.7043452037998392,0.0009350973670404868,0.0030855456520032312,2.5106680236244383,Not Significant
TULP3,0.8901641880354383,0.0006050510279112364,0.002212444303149835,2.655127653574387,Not Significant
TUSC1,-0.6793999557547803,0.19130410765035424,0.2495400207781521,0.6028597930895392,Not Significant
TUSC2,-0.7910160956856345,0.0008417162168947253,0.0028492772745287174,2.545265285776884,Not Significant
TUSC3,-0.5407380886766404,0.13575068811741384,0.18626429203143924,0.729870393950118,Not Significant
TUT1,0.9111185394235335,0.0027244610529921164,0.007207515926429249,2.142214389279304,Not Significant
TVP23B,0.6447952761660201,0.0006159139509508338,0.002242398677946765,2.6492871712951276,Not Significant
TWF1,0.44370396721792815,0.00033585458710736377,0.0014115140219105476,2.850314803235709,Not Significant
TWF2,-0.01402869798755546,0.9532672346649264,0.9641781247002478,0.015842726026361074,Not Significant
TWISTNB,0.40615141719968406,0.11579900410772283,0.1622248876903351,0.7898825178348556,Not Significant
TWSG1,1.307232112227691,0.01096015688191336,0.022026703368313985,1.6570504967703983,Up
TXLNA,1.0265275883470153,0.0004855433399047219,0.0018740856728736274,2.7272105594430127,Up
TXLNB,-1.0295601073570513,0.24946993176579096,0.3140272513568135,0.5030326621167638,Not Significant
TXLNG,-0.1618900054003305,0.13142633042616336,0.1811202260893529,0.7420330483689367,Not Significant
TXN,-0.3390424641568579,0.16607506122069313,0.22086338834815344,0.6558762694438995,Not Significant
TXN2,0.25948465472535887,0.11377068618890869,0.15989479529395456,0.7961656726634188,Not Significant
TXNDC12,0.5934940175185162,0.0031142703926384913,0.007994527488124705,2.097207199880766,Not Significant
TXNDC15,0.027392162345620363,0.7964326559148347,0.8343659084532077,0.07864344915621815,Not Significant
TXNDC16,-0.6288962212096152,0.00021252956573418583,0.0009986114016819908,3.000603479679562,Not Significant
TXNDC17,0.7696547923783577,0.00029450682961713534,0.001281043023009427,2.892436284508374,Not Significant
TXNDC5,1.4730706309806827,0.00026798472648965,0.0011929642663087645,2.923372564860542,Up
TXNDC9,0.001980108684179527,0.9920369124782145,0.9949999856935019,0.0021769254987300483,Not Significant
TXNIP,1.798152150304741,0.0019041581758050853,0.005418782334197862,2.266098293710868,Up
TXNL1,-0.8382623533804292,0.0005727214001878789,0.0021157298810020875,2.6745397802467745,Not Significant
TXNL4A,-0.12417418580732331,0.4652103271302421,0.5314127265574394,0.27456804908365173,Not Significant
TXNL4B,0.27039148539827096,0.01931726837747859,0.03532440763019047,1.451925112284686,Not Significant
TXNRD1,0.7206465188936804,0.07214108934604445,0.10808288728019806,0.9662430622733214,Not Significant
TXNRD2,0.2724210355510923,0.018717850589246497,0.03437966273220653,1.463698388098649,Not Significant
TXNRD3,0.37885179407352254,0.20605405283813993,0.26626380376874603,0.5746878680782838,Not Significant
TYK2,1.1679347086376595,2.4368651932568887e-05,0.00021305490723192103,3.6715084583694138,Up
TYMP,3.336409234897186,0.00027232189294019223,0.001204818071796002,2.919078526848538,Up
TYMS,2.3499828263245526,0.016844882944452952,0.0314076162839939,1.5029650236139762,Up
TYRO3,-1.906157378448313,6.93182894262497e-11,7.759027196444883e-08,7.110192725868061,Down
TYROBP,3.7302357225563885,4.573831180183586e-09,8.209763939000748e-07,6.085669330269508,Up
TYSND1,0.5346857421710176,0.08315783941305997,0.12208278552130081,0.9133455701269979,Not Significant
TYW1,0.5863999707141296,0.0012127302250957929,0.0037988321789847695,2.4203498918495256,Not Significant
TYW3,-0.5080005302502819,0.0346374368307235,0.057751992491345334,1.2384330276597302,Not Significant
TYW5,0.5830054790442549,0.0034861630757936136,0.008760191276015182,2.057486411045275,Not Significant
U2AF1,-1.5180476444797328,0.5253134437784203,0.5889824855452205,0.22989761954933066,Not Significant
U2AF2,0.7147039596247318,0.029997424851086894,0.05096021213319551,1.2927687728217545,Not Significant
U2SURP,0.20563421418238548,0.34306392539085784,0.41148065059977396,0.38565058216573767,Not Significant
UACA,1.2518428062894191,0.00011431681593464199,0.0006313747827442892,3.1997127679200577,Up
UAP1,0.18819980467542763,0.5125699124303392,0.577264315016572,0.23862528863058488,Not Significant
UAP1L1,0.8472401897146753,0.025445411410686014,0.04436432581364675,1.352966113888931,Not Significant
UBA1,0.19297009961495704,0.3969796434667836,0.46502010794004395,0.33252826737113433,Not Significant
UBA2,0.24318700035943408,0.08244565242297618,0.12116083187586608,0.9166377535146687,Not Significant
UBA3,0.2606566495089915,0.1913547497592483,0.24954975104899407,0.6028428590501211,Not Significant
UBA5,-0.2965963165786114,0.10596809063052469,0.1501860642954285,0.823370363472854,Not Significant
UBA52,0.5282104431744301,0.01064735485153707,0.021542770189673516,1.6666984514218035,Not Significant
UBA6,0.43535606680875105,0.06411229286119079,0.0976810705208161,1.010189589452859,Not Significant
UBA7,2.4619416899732194,1.700031823269443e-07,7.892221468947636e-06,5.102800736218588,Up
UBAC1,-0.04076158030199295,0.6325469133459255,0.6884483151519937,0.16212865858329978,Not Significant
UBAC2,0.1881229212365021,0.17605361549649257,0.23235479136796358,0.6338483675440001,Not Significant
UBALD1,0.5119134503003089,0.11453630623398993,0.16079135298233202,0.7937373103949913,Not Significant
UBALD2,1.07451990716687,0.0005323388618910235,0.0020032804238663323,2.6982582528964576,Up
UBAP1,0.04679295391081695,0.5098181551802011,0.5744863641258776,0.2407202751657189,Not Significant
UBAP2,0.5785004316494096,0.014563056788031492,0.027817260918208048,1.5556856359066034,Not Significant
UBAP2L,0.6184520494376393,1.5434041690852978e-05,0.00015273333594661385,3.816066162435468,Not Significant
UBASH3B,-0.23170498229981007,0.5993384634704211,0.6579204185464773,0.18182663507346628,Not Significant
UBE2A,0.7197673378493796,0.0004120562359473663,0.0016446333284206689,2.783930913029476,Not Significant
UBE2B,-0.7273517561103766,0.014640502000440538,0.027938703760643682,1.553793747207475,Not Significant
UBE2C,8.958140433178606,0.00027877762697185444,0.0012263780847661405,2.9113756188762627,Up
UBE2D2,-0.1650135825764245,0.2630329739022559,0.3287585830138121,0.4831229000782223,Not Significant
UBE2D4,0.14621917939746965,0.4012210189122768,0.4690612213673293,0.3287704699356525,Not Significant
UBE2E1,1.218705086310596,0.003865908302036593,0.009507207051562605,2.0219470477570267,Up
UBE2E2,-0.36743944259301387,0.22181951570019942,0.2835799240055595,0.5473245182076709,Not Significant
UBE2F,-0.24085767201588482,0.12547267252777658,0.17389072816684842,0.7597235739105981,Not Significant
UBE2G1,0.1340517857043224,0.08874299633927672,0.1291716435662294,0.8888328144705429,Not Significant
UBE2G2,0.8218303458834448,1.0268737322849196e-05,0.00011715431459839502,3.931241712429634,Not Significant
UBE2H,0.5279291625037494,0.03873660436017165,0.06357814441929863,1.1966921514797422,Not Significant
UBE2I,0.3768056192403826,0.00013317402065176053,0.0007035538857350548,3.15270263400583,Not Significant
UBE2J1,0.688684722438925,0.00013611827340570694,0.0007164344233485328,3.1448235552753316,Not Significant
UBE2J2,0.3244469621686008,0.008831419250357709,0.01844655142610482,1.7340848130605424,Not Significant
UBE2K,-1.1732639015478838,1.0334732926883968e-05,0.0001177738682188112,3.9289510605449336,Down
UBE2L3,-0.5426185568159596,0.0026286943601493465,0.006998273515894429,2.1550090878430597,Not Significant
UBE2L6,1.4485956020645752,4.8974798904455024e-05,0.00034601287793020903,3.460907737305634,Up
UBE2M,-0.7826320564193061,0.004731471320440886,0.011156273105961373,1.9524808627315329,Not Significant
UBE2N,-0.7872845620610214,0.002821265407670514,0.007405270379591651,2.130459079989368,Not Significant
UBE2O,-1.0710119918413952,3.2916588913570865e-05,0.00026275888804699914,3.5804425846642056,Down
UBE2Q1,-0.410447234172846,0.004072536095131447,0.009928173538496692,2.0031306402368827,Not Significant
UBE2Q2,-0.13317872393398034,0.44488908363344665,0.510969548093867,0.2916049814482084,Not Significant
UBE2R2,0.15016271239063528,0.09325328968213083,0.13487920175991183,0.8700550129468785,Not Significant
UBE2S,0.7369040131263187,0.1485837813915635,0.2008363093705368,0.6971577679526274,Not Significant
UBE2T,-0.013819710954848574,0.9800900552305483,0.985273646980595,0.006443133087636237,Not Significant
UBE2V2,-1.3407708552815514,8.414915852925862e-05,0.0005065506942946165,3.2953770850505633,Down
UBE2W,-1.1955664806323227,0.0008909369813541421,0.002970969596213713,2.5271017925801047,Down
UBE2Z,-0.2961764018124633,0.003134134539987111,0.00802982486160482,2.095293927008751,Not Significant
UBE3A,-0.06882075291201772,0.5304227700367219,0.5935220465789111,0.22656314439307013,Not Significant
UBE3B,0.7475850195133376,0.18911547198227413,0.24722933619899162,0.606899997202088,Not Significant
UBE3C,-0.013842475019380629,0.900357476128915,0.9213002757260224,0.035598798861938036,Not Significant
UBE4A,-0.09081553295740008,0.2698678872146631,0.33581431111323257,0.47390079984457467,Not Significant
UBE4B,-0.5469924558591401,5.8764067200133596e-05,0.00039387173185239245,3.404645187358053,Not Significant
UBFD1,-0.018759211027525424,0.883237882989329,0.9082105168147904,0.04181347340159477,Not Significant
UBIAD1,1.1121932030617963,0.0005915907416351179,0.0021742740354732497,2.6626857203262215,Up
UBL3,-0.10460862139808569,0.7360272603878961,0.7810743306802554,0.1073076346653402,Not Significant
UBL4A,-1.1139407771651513,1.1930289314950894e-05,0.00012745040780362174,3.8946587705785563,Down
UBL5,-0.015564660274360875,0.9284342459820918,0.9448801154354523,0.0246232904406578,Not Significant
UBL7,-0.689001079298702,0.003744865006733188,0.009265000387981462,2.0331545581585533,Not Significant
UBLCP1,-0.798279412379074,0.00086298641789123,0.0028950133779008496,2.538349425050502,Not Significant
UBN1,-0.15592826180141728,0.047775876288344295,0.07616619365861377,1.1182377473653269,Not Significant
UBN2,0.03832686696343757,0.8856997897890848,0.9099989477139461,0.040959109879226,Not Significant
UBOX5,-0.1920845161834972,0.24884525192698273,0.3132800634731847,0.5040672418852201,Not Significant
UBP1,-0.2841033395744681,0.18039544874293872,0.23736987338510512,0.624574401863573,Not Significant
UBQLN1,-0.8453714649848862,1.7744021669500003e-06,3.49810712913e-05,4.456166894434935,Not Significant
UBQLN2,-1.0614350616303447,8.711825818090659e-07,2.151052286555032e-05,4.667349032901082,Down
UBQLN4,-0.08450583459158523,0.6112112356791185,0.6692403147412213,0.17441790521369283,Not Significant
UBR1,0.03645229675697337,0.7432809430282731,0.787859029889186,0.10355148304106566,Not Significant
UBR2,0.05598764692206615,0.5155271794079869,0.5799464885936415,0.23661207674848725,Not Significant
UBR3,-0.8227179059710394,3.6308215355690663e-06,5.7510843002079834e-05,4.240250266405609,Not Significant
UBR4,0.21396133411110796,0.2942999361072002,0.36129387720496403,0.4421393982953309,Not Significant
UBR5,0.6372131955718388,9.495477761252355e-05,0.0005513397289155979,3.2585807116253065,Not Significant
UBR7,0.01958206267766016,0.9097009535909016,0.9294094053451656,0.03179293690466724,Not Significant
UBTD1,1.0080841639935691,0.0003752267715347842,0.0015309981759584511,2.8150253267228047,Up
UBTD2,0.965401166245627,3.551324590702322e-05,0.00027768390853594215,3.556449286387762,Not Significant
UBTF,0.315248205012594,0.037238536623536246,0.06155907744429014,1.210707897350245,Not Significant
UBXN1,1.0483996131135171,0.0011419378774417442,0.003632422537842795,2.43980363835028,Up
UBXN2A,0.3505094520966061,0.004732058267001484,0.011156273105961373,1.9524808627315329,Not Significant
UBXN2B,-0.010869932486890832,0.9306891235758586,0.9467597930832273,0.023760193933558216,Not Significant
UBXN4,0.36734073314708837,0.00045505718128561513,0.0017823662691567991,2.7490030453448338,Not Significant
UBXN6,-0.4726196974036938,0.0006956137321403044,0.0024527870975083747,2.6103401470198917,Not Significant
UBXN7,-0.10890672119221634,0.6272679999745623,0.683663078193632,0.16515787390974687,Not Significant
UBXN8,0.20376679341442028,0.29453018976589157,0.36153248832723184,0.4418526696909875,Not Significant
UCHL1,-2.725796607558813,8.24266844784128e-06,0.00010050336246132438,3.9978194081542338,Down
UCHL3,-0.4307547620030583,0.03284003811485747,0.055101689535155596,1.2588350845502896,Not Significant
UCHL5,-0.9024681477361973,0.00019945852188556616,0.000956831023559616,3.0191647518942064,Not Significant
UCK1,0.3934275409386956,0.002982155817700971,0.0077308897857744675,2.111770518136905,Not Significant
UCK2,0.19415432208184313,0.3014867438603484,0.36854477098036037,0.4335097463160504,Not Significant
UCKL1,0.40796925414449703,0.0840442682690089,0.1232045923373102,0.9093731039444652,Not Significant
UEVLD,0.49106900419928934,0.03028069415041393,0.05137259792721144,1.2892684713221203,Not Significant
UFC1,0.6200936857861095,0.0003433252316444642,0.001431889373534527,2.8440905339271825,Not Significant
UFL1,0.24946043599623735,0.027808555707128688,0.047806039282186755,1.3205172359976713,Not Significant
UFM1,-0.3629876880686709,0.08994644951168866,0.1306778962187412,0.883797865839899,Not Significant
UFSP1,1.379928656229776,0.002953317689182134,0.007681828660165459,2.11453538381163,Up
UFSP2,0.4016045733955309,0.1208260893569991,0.16821476287761317,0.7741358922780848,Not Significant
UGDH,1.4871986335093403,0.0009486461202306219,0.0031251344065412966,2.5051312996754387,Up
UGGT1,0.6017215845970192,0.004266005688475115,0.010268167722644026,1.9885070460754009,Not Significant
UGGT2,0.028009305051703848,0.8980877390412701,0.9196085793570443,0.036396985695448726,Not Significant
UGP2,-1.7966266624548233,8.667560012573842e-05,0.0005178944221036114,3.2857587664539487,Down
UGT8,0.37846316095088284,0.5241570601674814,0.5880131652702903,0.23061295021598313,Not Significant
UHRF1,4.401302827367196,2.4527454452978064e-05,0.00021356056712126277,3.670478934520872,Up
UHRF1BP1,0.5106771437019262,0.001405357481398611,0.004245148805879942,2.3721070817592853,Not Significant
UHRF1BP1L,-0.8154851177105797,0.00019392182384292203,0.0009374128855055645,3.028069081042498,Not Significant
UHRF2,0.7815858078874562,0.007976696760189358,0.017028447374898833,1.7688249484703746,Not Significant
UIMC1,-0.17615263184748287,0.08351754191802785,0.1225037445081847,0.9118506362432209,Not Significant
ULBP2,-1.043412303936071,0.1229692272491083,0.17082073845939286,0.7674594050068898,Not Significant
ULK1,-0.587448616008718,0.3659624863946121,0.4338322061590165,0.3626782106483346,Not Significant
ULK3,-0.47659385936474763,0.022637959132716854,0.04021421271433426,1.3956204291911338,Not Significant
UMAD1,-0.005990385202679249,0.9639664312766403,0.9727534637564734,0.011997214096417413,Not Significant
UMPS,0.3198752614309619,0.10636218869524042,0.15068101376963183,0.8219414665609126,Not Significant
UNC119,-0.667368318191361,0.014247683879410576,0.02733406349289319,1.563295801115248,Not Significant
UNC119B,0.720569257273084,0.017768625825617272,0.0328864847634151,1.4829825457767007,Not Significant
UNC13A,-3.552360511396408,2.61005265291022e-05,0.00022434872376636138,3.649076396658223,Down
UNC13B,0.2984702410814215,0.21034268828297709,0.2711095498672865,0.5668551840734529,Not Significant
UNC13D,1.7041968778047707,0.00047678123032336836,0.0018501903367787414,2.73278359161825,Up
UNC45A,0.484547025624984,0.011246307382425913,0.02252391661442518,1.6473560891254726,Not Significant
UNC5A,-3.6496947799101402,1.4811263729024183e-07,7.243139359523767e-06,5.140073158801779,Down
UNC5B,0.2957743839535567,0.2738601928926509,0.3400551686429884,0.4684506197412846,Not Significant
UNC5C,-3.3156895213319597,0.000599336852749861,0.0021963330136784646,2.6583018103794513,Down
UNC93B1,1.702605240908733,3.1975649508923926e-06,5.313330318408328e-05,4.274633184089744,Up
UNG,0.249359409010669,0.2827228250292261,0.34933763514588784,0.45675462405110095,Not Significant
UNK,1.2769272278630623,2.7154448289126253e-07,1.0408626060683414e-05,4.982606593606061,Up
UNKL,0.016406026884506986,0.9491630522604718,0.9609918179368838,0.017280309979726398,Not Significant
UPF1,-0.20378025537980093,0.09583149542168244,0.13807300985097667,0.8598912078686738,Not Significant
UPF2,-0.257549713172196,0.03389297078137334,0.056651366791364705,1.24678960772844,Not Significant
UPF3A,0.5906706942627515,0.129217491275452,0.1782957138897279,0.7488590968493994,Not Significant
UPF3B,0.3281795594252621,0.03664285458375708,0.06070385085952455,1.2167837577880887,Not Significant
UPP1,-0.3837484343684494,0.460525284126826,0.5266581578265007,0.27847118429470086,Not Significant
UPRT,0.522298994865551,0.008883015223286174,0.018538946625105638,1.731914945914311,Not Significant
UQCC1,-0.19550349479432683,0.04588773920648952,0.07366901749261759,1.1327151221958827,Not Significant
UQCC2,0.12044894776222748,0.40277161812385665,0.47054636216858775,0.3273975797988329,Not Significant
UQCC3,0.9514356056269655,0.0020858039652202507,0.0058045273882952496,2.2362331352727267,Not Significant
UQCR10,-0.4406291238625464,0.09567441428589092,0.13790585913808343,0.8604172817771438,Not Significant
UQCR11,0.07726502167474436,0.5679065675438854,0.6288294967506156,0.20146709487009026,Not Significant
UQCRB,-0.933109323673559,8.941515645322105e-05,0.0005283098452256591,3.2771112960188398,Not Significant
UQCRC1,-0.3973957205900973,0.08011437947962549,0.11837375460219232,0.9267445771311483,Not Significant
UQCRC2,-0.462843445963081,0.003705246629416895,0.009186968876383412,2.036827754925264,Not Significant
UQCRFS1,-0.43343585283982833,0.13117674338765872,0.18080100053184758,0.7427991705185202,Not Significant
UQCRH,-0.798897071827291,0.008080631529054543,0.017192034218309494,1.7646727331140883,Not Significant
UQCRQ,-0.18780096824383108,0.40686092572879107,0.47455331316334853,0.3237149901660395,Not Significant
URB1,0.7679785233478498,0.056513857630896454,0.08791238446165084,1.0559499403472046,Not Significant
URB2,0.9282213470409797,0.0029123042185362972,0.007594758658435066,2.119486022324596,Not Significant
URGCP,-0.4936745108277272,0.013671893020292921,0.02641554474231509,1.5781404288482468,Not Significant
URI1,0.14972821193412855,0.23403480021613204,0.29708500218968176,0.5271192722309017,Not Significant
URM1,0.47259001576731663,0.003291044178967893,0.008338525920252152,2.078910716902163,Not Significant
UROD,0.49601947552951486,0.006163593227581789,0.013770689326826112,1.8610443194857198,Not Significant
UROS,-0.880031466312861,0.0025272862691446216,0.0067911127968426025,2.1680590560684494,Not Significant
USB1,-0.0421680324648559,0.8579863198250494,0.8864978652223124,0.05232230588741319,Not Significant
USE1,0.13496327140699904,0.29907126743342016,0.3662141665399629,0.4362648595670037,Not Significant
USF1,0.6842087385928188,0.0003001147486191271,0.0012998091047244568,2.8861204252719004,Not Significant
USF2,0.082984913623946,0.5946241093852489,0.6540280901787311,0.1844035985447915,Not Significant
USO1,-0.33586242368300745,0.0949837366526299,0.13702794830854842,0.8631908448269466,Not Significant
USP1,0.39140601081406245,0.09808834823166994,0.14096177176688202,0.8508986501937733,Not Significant
USP10,0.2935369203463729,0.012421362871137485,0.024468676097739346,1.6113895279510546,Not Significant
USP11,-0.9434073463056336,0.0017924906163220922,0.0051802074859937965,2.2856528448459756,Not Significant
USP12,-1.1257962110222834,0.0006680033655354885,0.002379584831826206,2.623498808059047,Down
USP13,-0.028129248023198272,0.8861893869184414,0.9104091254146827,0.040763397810405964,Not Significant
USP14,-0.7222584079139445,0.0004467894731279526,0.001755443507133773,2.755613142236707,Not Significant
USP15,-0.020837816066968884,0.8607134934090732,0.8885865682110068,0.05130025579909771,Not Significant
USP16,0.1334490567016715,0.4437445324942939,0.5101055906983785,0.2923399166253503,Not Significant
USP19,0.24344798967914016,0.13557538998100765,0.1861079718606014,0.7302350236402214,Not Significant
USP2,-1.095085494239953,0.023333154274873095,0.04129721345837071,1.3840792515029425,Down
USP20,-0.2652937205986525,0.029832244117366735,0.05072236746638861,1.2948004839592653,Not Significant
USP22,-0.4285357992124972,0.0008880333817289372,0.0029652132209271836,2.527944072167279,Not Significant
USP24,0.416496324291483,0.012626073972991966,0.024784697818379012,1.605816371760265,Not Significant
USP25,-0.8316310057902463,0.0021126766000270575,0.0058679636252199,2.2315125869581416,Not Significant
USP28,0.22682827908551673,0.3767162053194815,0.4446442943630295,0.3519872761416385,Not Significant
USP3,2.2714760829496345,8.133824507095413e-07,2.0691956586989696e-05,4.6841984414388005,Up
USP30,-0.06186530277985369,0.8027228821996051,0.8398203671491143,0.07581359715078942,Not Significant
USP31,-1.049444809178727,5.75954908070657e-06,7.883382804217119e-05,4.103287384293051,Down
USP32,-0.5540299542018907,0.002580401368127864,0.006899051491793195,2.161210613638969,Not Significant
USP33,-0.6313386984863776,0.00025228873130891515,0.0011422726648116905,2.942230215977448,Not Significant
USP34,0.14300460288692562,0.26168670494336943,0.3274822193291309,0.48481227508249963,Not Significant
USP35,-0.09021116180432998,0.636771008129804,0.6919244025347477,0.1599413525887274,Not Significant
USP36,0.41217477278352277,0.1499475739166993,0.20240812804995695,0.6937720516327919,Not Significant
USP38,0.5478505815392118,0.03315432127778351,0.05555499543452946,1.2552768837598542,Not Significant
USP39,0.7997647056552069,2.9595119661252484e-06,5.0877343936426195e-05,4.293475569212294,Not Significant
USP4,0.07755972180185822,0.6770192987882857,0.7281191860780603,0.13779752505601206,Not Significant
USP40,0.7667251220696052,0.0057023429175821795,0.012937360232621677,1.8881543290273386,Not Significant
USP42,0.43058470670377424,0.001699671662484219,0.0049458383384939405,2.305760083253217,Not Significant
USP46,-1.2172178247670544,0.0009770182152523705,0.003209056838997293,2.493622590587802,Down
USP47,0.3570190563571174,0.04719501287141362,0.07541918776437513,1.1225181490896319,Not Significant
USP48,-0.004424022294990948,0.9710462253990663,0.9785255251245567,0.00942784115962296,Not Significant
USP5,-0.34208136182936144,0.12197720109362006,0.16953619257962588,0.7707375743946242,Not Significant
USP53,0.1805582312259233,0.5366276053118733,0.5993333144026398,0.22233158104018752,Not Significant
USP54,0.6952940005418604,0.12332052610156824,0.17123790212917966,0.766400101436315,Not Significant
USP6NL,1.1262512514916398,4.617916017249994e-10,3.101392397185096e-07,6.5084432820854765,Up
USP7,-0.15795476357526184,0.17175873775172718,0.2273416796887268,0.6433209355930104,Not Significant
USP8,0.2401032548971216,0.02290980040417805,0.04063978328432641,1.3910486166363452,Not Significant
USP9X,-0.08875964412058579,0.5449367073460311,0.6071996891719851,0.21666845942964827,Not Significant
USP9Y,1.5243741257839272,0.6586411901349207,0.7117733693863111,0.14765826492016262,Not Significant
UST,2.2621379779676793,0.00039725857161172393,0.001597602443902745,2.796531283782907,Up
UTP14A,0.3979101956986497,0.003582195206822122,0.008941287044976725,2.048599962602271,Not Significant
UTP15,0.5097266346967722,0.01810397052596302,0.03342730921527703,1.4758985812294414,Not Significant
UTP18,-0.01644259377429691,0.8752475099548753,0.9011900465336686,0.045183613618618806,Not Significant
UTP20,0.8738344069266475,0.00031754394659243545,0.001353761201003891,2.8684579370044387,Not Significant
UTP23,0.007073801903501931,0.9433658909348932,0.9567570709028606,0.01919831944289676,Not Significant
UTP3,-0.19203446194893914,0.3165638104599816,0.3848272989711421,0.4147341274554196,Not Significant
UTP6,0.7101826945238301,1.780135286373401e-05,0.0001699818281983473,3.769597504121779,Not Significant
UTRN,1.1569895595599071,3.529069629137175e-05,0.00027666807349360236,3.558040953997968,Up
UVRAG,-0.2894439406606111,0.09264290350467964,0.13403484272671876,0.8727822909114991,Not Significant
UVSSA,0.7749237147385664,0.01688084076240071,0.03146883601784321,1.5021193206513375,Not Significant
UXS1,-0.19184070440500633,0.1604638940095256,0.21447701582220524,0.6686192416443741,Not Significant
UXT,0.9445738776058228,0.008213434321250653,0.017419397337321913,1.7589668744490852,Not Significant
VAC14,0.42614163921280124,0.0008454156732190073,0.002856536946863577,2.544160154339226,Not Significant
VAMP1,-2.336350053719709,5.743533388779956e-07,1.6072320932935908e-05,4.793921404158541,Down
VAMP2,-2.8086989012421135,1.9940170027841208e-05,0.0001834745461576638,3.736424177897123,Down
VAMP3,0.7681136441449787,0.000389131837690494,0.0015711880292160467,2.8037718384071892,Not Significant
VAMP4,-1.0986447484236024,0.001045574034970167,0.003379246977314553,2.471180066004,Down
VAMP5,1.8427279090014377,0.00025045103044462886,0.001137530965148418,2.9440367724202554,Up
VAMP7,-0.15242397825875287,0.4989269476024443,0.5639800348010574,0.2487362700046083,Not Significant
VAMP8,3.0746967897113517,5.881597913198273e-07,1.6403424708745063e-05,4.785065470437874,Up
VANGL1,1.9178674483634186,7.043576120757108e-08,4.745458509036944e-06,5.3237218194170035,Up
VANGL2,2.7993314622682544,5.283907483944471e-05,0.00036458961639216844,3.4381957043255826,Up
VAPA,-0.2556785172093079,0.13851052830643962,0.18953478160269938,0.7223110808302888,Not Significant
VAPB,-0.9812661651408554,0.000990626793967372,0.003243280572774555,2.48901547934522,Not Significant
VARS,0.6246691397502211,0.0013393917900441274,0.00409748949070894,2.3874821516398232,Not Significant
VARS2,1.0412333091245287,0.00037881785639376747,0.0015381745607863013,2.8129943755330498,Up
VASH1,1.472525840821124,0.0008597139450941898,0.0028898092368631525,2.5391308251023097,Up
VASN,-3.2391855792196615,0.0002533185914541748,0.0011443638969997117,2.9414358520037314,Down
VASP,1.635559277542244,5.52743730891409e-06,7.658153735027055e-05,4.115875919575721,Up
VAT1,2.0824640955056353,0.0001632182502552105,0.0008205738101149621,3.085882348329456,Up
VAT1L,-0.57661642854573,0.3788768575934676,0.44682808047255823,0.3498595418879511,Not Significant
VAV1,2.1381485560239923,5.020300201497171e-05,0.0003509681070776024,3.4547323466382087,Up
VAV2,0.9463871230464775,0.0009454418903990302,0.003116617016976384,2.50631656237921,Not Significant
VAV3,-1.0348769444600876,0.20559238499243312,0.2657689832431376,0.5754957050801113,Not Significant
VAX2,3.9303930904880033,1.1246132117707007e-05,0.00012396852415042013,3.906688569055763,Up
VBP1,-0.19611580311801902,0.3118179616791162,0.3796995220543233,0.4205599495267835,Not Significant
VCAM1,5.113038671805828,8.752071273156104e-07,2.1557057703123374e-05,4.666410515771846,Up
VCAN,3.6942829762025333,0.0001777314936585698,0.000875962361602951,3.0575145542192734,Up
VCL,1.9781882069995227,0.00016978018797567804,0.0008469432185037197,3.0721457050377996,Up
VCP,0.4004929648360225,0.011799510510913524,0.02341309215815301,1.630541225408865,Not Significant
VCPIP1,-0.8182409009883571,0.0001240839429186034,0.0006681034959711441,3.175156255716731,Not Significant
VCPKMT,-0.3582380538271934,0.07434907726439834,0.11089615107514789,0.9550835268520314,Not Significant
VDAC1,-0.900006011980512,0.0033869740056476647,0.008557907231726756,2.067632425607114,Not Significant
VDAC2,-0.22306924924474814,0.37559856489381194,0.4434810059470536,0.3531249760330022,Not Significant
VDAC3,-0.7022885051275516,0.005391077463864535,0.012385339651304748,1.9070920789719843,Not Significant
VEGFA,2.2345225779355253,0.02845612623346537,0.0487446039238106,1.312073454136138,Up
VEZF1,1.7384165384385248,2.743525126368551e-08,2.498532228058293e-06,5.602315044309203,Up
VEZT,-0.5251047260594461,0.003429425684088664,0.008649834344823476,2.062992209739574,Not Significant
VGF,-0.9850711930067142,0.28634346167356506,0.3528500441878004,0.45240982384266665,Not Significant
VGLL4,1.1273896631640064,4.5863869488517697e-07,1.3936263425305781e-05,4.855853653160505,Up
VHL,0.33459113387121775,0.06158801063095929,0.09450687267270129,1.0245366078367757,Not Significant
VIM,3.007300294155357,0.0013613097708077544,0.00414795457153007,2.382166008657599,Up
VIP,-4.453089453556654,1.9530682239468853e-07,8.536500082302988e-06,5.0687201511488285,Down
VIPAS39,0.40378445724169865,0.001079312530742675,0.003469607546937279,2.4597196462000683,Not Significant
VKORC1,1.458407361811398,0.005441270933187852,0.012480729367243721,1.9037600339714313,Up
VKORC1L1,-0.7902044310251206,0.010579326464166818,0.021422338653269653,1.6691331194626784,Not Significant
VLDLR,-0.40646546325998223,0.41774364613897713,0.48488875345132565,0.3143578888287381,Not Significant
VMA21,0.23206771958024675,0.2885461592693898,0.3551825523557958,0.4495483762315837,Not Significant
VMAC,1.3613295729623278,0.00023724925056571407,0.0010905195263317482,2.9623665537421275,Up
VMP1,1.8981991018165587,0.038175747846041115,0.06283000878957984,1.2018328795285975,Not Significant
VNN1,2.5584300367050616,0.006550684654732009,0.01448959981409139,1.8389436090720883,Up
VNN2,1.6586709603529908,0.028502774353553747,0.04880791243204155,1.3115097671976732,Up
VPS11,0.23142644303305815,0.07384492497907079,0.11024770761968171,0.9576304320503553,Not Significant
VPS13A,-1.3526200544629,0.00038565860642016505,0.0015602910847697762,2.8067943729810887,Down
VPS13B,0.8328889139466362,0.00027950523941086634,0.0012285060130126822,2.9106227134925398,Not Significant
VPS13C,0.3216661310679605,0.3129493324590186,0.3808010116188131,0.41930190655887434,Not Significant
VPS13D,-0.0062597457369513165,0.9778513399920844,0.9835138177995465,0.007219534115829377,Not Significant
VPS16,0.4047457179564091,0.004254606431760427,0.010246451157914067,1.9894265257699548,Not Significant
VPS18,0.15590812336424165,0.22387032787444416,0.28598398212111975,0.5436582908962051,Not Significant
VPS25,0.7504187348364546,0.0013254309701505938,0.004063619199659976,2.391086996402032,Not Significant
VPS26A,-0.5199206648848147,0.0016434706549730196,0.00481989035755406,2.3169628409418235,Not Significant
VPS26B,-0.4352802956798669,0.06472246177123801,0.09844693943582239,1.006797780864561,Not Significant
VPS28,0.4358418097761465,0.0005527975736060724,0.0020565877162295595,2.6868527625165544,Not Significant
VPS29,-0.10615604222023833,0.5199755562193079,0.584102782488103,0.23351072490848118,Not Significant
VPS33A,0.30321929009713955,0.4640248260909098,0.5302388949682197,0.2755284183409183,Not Significant
VPS33B,-0.2426387710569351,0.03689886611760768,0.061047655981077316,1.2143310068055375,Not Significant
VPS35,-0.4817829313605131,0.03639692969469632,0.06031628059621167,1.2195654470843114,Not Significant
VPS36,-0.7899152310419275,0.00011816156625631722,0.0006461191689037358,3.1896873742273995,Not Significant
VPS37A,0.019815401394708942,0.8463542311164782,0.876817413026265,0.057090833966768506,Not Significant
VPS37B,0.6511688729367826,0.06292773559442165,0.0962401713038111,1.0166436126400147,Not Significant
VPS37C,0.17459034855293964,0.08035788056171728,0.11861176392362488,0.9258722354763803,Not Significant
VPS39,-0.10194527176806645,0.34425852602920454,0.41281518762268854,0.38424433323309176,Not Significant
VPS41,-0.42290459396168956,0.018485192129786526,0.03404384378710593,1.4679614109468397,Not Significant
VPS45,0.3539261341348521,0.005776446766949369,0.013065093114110448,1.8838874907357177,Not Significant
VPS4A,-0.29613997321680685,0.00691804122886831,0.015155054527865553,1.8194424967025933,Not Significant
VPS4B,-0.03590975138035901,0.7756231777022363,0.8152783693835902,0.08869408003824761,Not Significant
VPS51,0.3744563400205756,0.1714866849129385,0.2270114144300844,0.6439523053647196,Not Significant
VPS52,0.3689073598681638,0.021349233491022832,0.0383646411324588,1.4160688598879017,Not Significant
VPS53,-1.1190712604824888,2.8883666844612618e-05,0.0002408725660534996,3.6182126607324427,Down
VPS54,0.6050056464826774,4.3249226500942987e-05,0.0003161775818363568,3.500068926402288,Not Significant
VPS72,0.8200055020909254,5.8610042082260456e-05,0.00039387173185239245,3.404645187358053,Not Significant
VPS8,0.04943438330338168,0.8158024738337102,0.8513823807521803,0.06987534173379521,Not Significant
VPS9D1,-0.5646309571335628,0.00013109001524499433,0.0006961522475372023,3.157295770397257,Not Significant
VRK1,-0.6720581002485737,0.05256769001792665,0.08258997336877621,1.0830726739256973,Not Significant
VRK2,-1.0262141401133107,0.008324268067201865,0.017603356850107308,1.7544045070456906,Down
VRK3,0.3356465786368936,0.005054887527974564,0.01174692894044193,1.9300756583750749,Not Significant
VSIG4,4.224397642819058,3.3979646140387197e-06,5.49455786867192e-05,4.2600672482671165,Up
VSNL1,-5.839914690648982,5.348423809289553e-05,0.00036703011890179126,3.435298295594954,Down
VSTM2A,-5.1488631053150495,0.0022937992790344596,0.006284398677452583,2.2017362714478574,Down
VSTM2B,-1.6675203221403514,0.04066476591456569,0.06630897569170198,1.1784276808027778,Not Significant
VSTM2L,-4.095523440577091,5.967868236827794e-05,0.00039721430159918785,3.4009751232335708,Down
VTA1,-0.2974019418769238,0.22444172286131953,0.2865685571742627,0.5427714629087929,Not Significant
VTI1A,-0.6708307893231655,0.006585452042566155,0.014539084785626002,1.8374629308265191,Not Significant
VTI1B,-0.5810448183681061,1.75265773670557e-05,0.0001683152911303328,3.773876427388039,Not Significant
VTN,-0.5149701690975892,0.1301354532745219,0.17946400496749262,0.7460226446432441,Not Significant
VWA1,-0.05171382761386312,0.8606882945303865,0.8885865682110068,0.05130025579909771,Not Significant
VWA5A,0.7808714205086922,0.04595562154286642,0.07374274154552984,1.1322807205953356,Not Significant
VWA7,-3.7114434306711512,9.2905296944841e-06,0.0001090319497425865,3.9624462216583227,Down
VWA8,-0.8350761966051508,0.006657877769486225,0.014666840290794715,1.833663437082037,Not Significant
VWC2,-1.7941561768522654,0.016014741907102212,0.030099348875400687,1.5214428991861935,Down
VWC2L,-2.117186324764994,0.006946221696095373,0.015195708440057501,1.8182790478423054,Down
VWF,0.4361922975579269,0.41227373574289294,0.47953418934001885,0.31918042350399517,Not Significant
WAC,-0.18465243957855293,0.11025635993535014,0.15565058435940546,0.8078492445054695,Not Significant
WARS,0.11640084712574605,0.7272312305927435,0.7732876733155266,0.11165891268980963,Not Significant
WARS2,0.861388881098696,1.6867999483219343e-06,3.439842647650844e-05,4.4634614233645,Not Significant
WAS,2.009172799052738,4.808718660378225e-07,1.4389416230253181e-05,4.841956824765439,Up
WASF1,-2.347809016162394,3.769297407063881e-05,0.0002888163442984798,3.539378233409221,Down
WASF2,1.160932024106426,0.00021026354437255387,0.0009921287803321347,3.003431951880454,Up
WASF3,-1.6398138466172654,0.00941381893126748,0.019461278865911882,1.7108286241828015,Down
WASL,-0.7593734027099011,0.00455179349801791,0.01082501598183013,1.9655714537907159,Not Significant
WBP11,-0.14085752561134157,0.23913913178639098,0.3027252593134082,0.5189513401179199,Not Significant
WBP2,-1.0765481888744795,0.0019507510867393838,0.00551708771696029,2.2582901110777898,Down
WBP4,-0.5158956604046665,0.06282680879945093,0.09611499952098235,1.0172088318853574,Not Significant
WDFY1,0.13945526117664642,0.35289790362615714,0.42097021683006597,0.3757486289241932,Not Significant
WDFY2,0.7200007025725625,0.013217619561757626,0.025687520725076195,1.590277810384426,Not Significant
WDFY3,-0.12177760462462928,0.5797213113053187,0.6406441959291115,0.1933831040954667,Not Significant
WDFY4,2.3645554149374526,5.992327924771529e-06,8.089774702776813e-05,4.092063573159456,Up
WDHD1,0.605502555760749,0.22101363816591837,0.28280088795674607,0.5485192312467451,Not Significant
WDR1,1.5791001787869021,0.0007920683294525303,0.0027140463778587724,2.56638273535128,Up
WDR11,0.7778823988648469,0.0001133900268142429,0.0006269435401353913,3.2027715681193762,Not Significant
WDR12,-0.37157386734071807,0.04765207064156045,0.07601693739399525,1.119089631440111,Not Significant
WDR13,-0.43314933775842235,0.1513984848143267,0.20412049464929433,0.6901133879039905,Not Significant
WDR17,-1.3861114766041283,0.0002168078776289796,0.0010139844750391553,2.9939686943680104,Down
WDR18,1.0669831279982702,0.0027256035822761523,0.007208645441808863,2.142146334783372,Up
WDR19,0.31138258655740003,0.1570165120330895,0.2102877349403541,0.677186056857474,Not Significant
WDR20,0.17310698072578035,0.27546413489485394,0.34162571647553347,0.4664494444729549,Not Significant
WDR24,0.6041880850149788,0.004999594528211186,0.01165182047926301,1.933606215210356,Not Significant
WDR26,0.13657099041986953,0.26331950210584554,0.32895345538371623,0.4828655473388456,Not Significant
WDR3,0.923120855254723,0.00026685578246555576,0.0011900421215396233,2.9244376664826954,Not Significant
WDR33,0.2511961033621546,0.02795796257406533,0.047997361106191905,1.3187826394686566,Not Significant
WDR34,1.273051808181492,6.620461406014546e-06,8.616864109068544e-05,4.06465075597482,Up
WDR35,1.037792062926588,1.3910303908956766e-06,3.0201199179284453e-05,4.519975812453232,Up
WDR36,0.42485030445854477,0.002466249306505591,0.006669797453352303,2.1758873544233395,Not Significant
WDR37,-1.2363794938477177,3.762888847587673e-05,0.00028870786177150206,3.539541389733781,Down
WDR4,0.5291212289323823,0.030737294305236227,0.05204870345487694,1.2835900843937078,Not Significant
WDR41,0.429313436795141,0.10236126426806938,0.14577146964044826,0.8363274677202492,Not Significant
WDR43,0.8857793077589271,0.00010907568092813736,0.0006097826912708411,3.214824907278359,Not Significant
WDR44,-0.32758679832086557,0.062869757553519,0.09616610045462351,1.016977994283266,Not Significant
WDR45,0.7871230528038069,0.012568414094457898,0.024700390867649014,1.6072961742577427,Not Significant
WDR45B,0.5580856194177706,1.9317355805582793e-05,0.00018034441391752708,3.74389730520237,Not Significant
WDR46,0.6115306049214233,0.0011348756854889,0.0036156665577530608,2.441811627644979,Not Significant
WDR47,-1.6679120133579879,7.656231817607793e-06,9.552963197348788e-05,4.019861895364172,Down
WDR48,-0.05099627271003371,0.7594202691285715,0.8023153697860302,0.09565488803018024,Not Significant
WDR5,0.14956924760602774,0.12813686779450448,0.17697433591470224,0.752089708659355,Not Significant
WDR53,0.293640214762787,0.1938628447556949,0.2522896651684369,0.5981005396221357,Not Significant
WDR54,0.3944976145258323,0.17117536515517295,0.2266588628513686,0.6446272944204775,Not Significant
WDR55,0.7119470897658768,0.00025362691404685975,0.001145243178892006,2.9411022862171348,Not Significant
WDR59,0.31156268754448035,0.06463596327391646,0.09834506781776686,1.00724741584876,Not Significant
WDR5B,1.7997153966025312,2.610305269759391e-07,1.0352840664392167e-05,4.9849404699556,Up
WDR6,1.4802246149272023,7.393428778000442e-07,1.9506663839248534e-05,4.709817000215749,Up
WDR60,0.4721430077659434,0.08083987806538842,0.1191835111416249,0.9237838244241423,Not Significant
WDR61,0.21387727460541583,0.15505552382646864,0.2081595611710881,0.6816036363338717,Not Significant
WDR62,1.787469149433715,0.019149362385194497,0.03506305705078691,1.455150221658982,Up
WDR7,-1.1736973295006798,1.4464192432683037e-06,3.12017718558563e-05,4.505820742988875,Down
WDR70,0.8266055140996222,1.6052411316483086e-05,0.0001572914850147446,3.8032947873017235,Not Significant
WDR73,1.0178098284055217,7.235307050759412e-06,9.198956673032664e-05,4.03626142665871,Up
WDR74,1.137797777339813,0.00399780228695362,0.009782331852992656,2.0095576083846085,Up
WDR75,0.3328297038682564,0.00550826027196141,0.012602819436688449,1.8995322859284594,Not Significant
WDR76,1.407068456926396,0.058252769804734796,0.09018570816242483,1.0448622801739558,Not Significant
WDR77,0.9098749288265715,5.236320599555368e-06,7.377719401387522e-05,4.132077866423719,Not Significant
WDR81,0.7790443012488275,1.9574464155370163e-07,8.536500082302988e-06,5.0687201511488285,Not Significant
WDR82,-0.3468681790481618,0.07672714528707446,0.11393709634758079,0.9433348526017498,Not Significant
WDR83,0.34405151386071253,0.08592895184106783,0.1256383542593494,0.9008777610729944,Not Significant
WDR89,0.04246218090329634,0.7593468185916655,0.8023153697860302,0.09565488803018024,Not Significant
WDR91,0.5821405562235178,0.035794396683173114,0.05941551362436743,1.2261001442142767,Not Significant
WDR92,0.09702046104788842,0.6975140716072095,0.7466535710733214,0.1268808534307703,Not Significant
WDSUB1,0.0350534175840842,0.8276607430267139,0.8616156169526832,0.06468643796575228,Not Significant
WDTC1,-0.8105081163447565,2.3272815948945874e-05,0.00020638234847683164,3.685327449907849,Not Significant
WDYHV1,0.02000894574831591,0.8829050915223039,0.9080324755045971,0.04189861879143789,Not Significant
WEE1,3.76255448174291,0.0034314757261840996,0.008649834344823476,2.062992209739574,Up
WFS1,-0.9496802215367666,0.002173479143333241,0.006003737013967389,2.221578339727273,Not Significant
WIPF1,1.7987512033694202,1.4768362697222088e-06,3.156752118449547e-05,4.5007595194115915,Up
WIPF2,-0.857203909706957,0.009975010966893277,0.020387149620710667,1.6906434897946854,Not Significant
WIPF3,-4.597416750708206,0.0007153160685981788,0.0025049569639788577,2.6011997310610298,Down
WIPI1,0.270912671858337,0.35417935784636717,0.422298834293325,0.3743801173926988,Not Significant
WIPI2,-0.09332103856157659,0.4865050802536393,0.5520587740124979,0.25801468337495226,Not Significant
WIZ,-0.3650364280622398,0.027236945314482973,0.046999826498475755,1.327903745274786,Not Significant
WLS,1.8987247248645005,4.5250918053539895e-07,1.3813871165798814e-05,4.859684598731173,Up
WNK1,-0.4211945163827586,0.054830202718484274,0.08566368830428205,1.0672032307132844,Not Significant
WNK2,-3.257994885693817,0.003516848744014261,0.008806545922744139,2.0551943958823453,Down
WNK3,1.2901988227647934,0.0003404888302510068,0.0014220914079389065,2.8470724875108893,Up
WNT5A,2.0652290946492062,7.517560490675265e-06,9.466488047882827e-05,4.023811109096994,Up
WRAP53,1.2148266744909275,0.00040377693943128385,0.0016167125945273266,2.7913671784268033,Up
WRAP73,0.9482422514653237,2.7480321757564044e-07,1.0446670240969819e-05,4.981022113994251,Not Significant
WRB,-0.5315377902965714,0.000989378515031288,0.0032402468011785424,2.4894219094514476,Not Significant
WRN,0.6625084229338043,0.010681094880913879,0.021593688506989044,1.665673167697701,Not Significant
WRNIP1,0.09779219204632028,0.4291272183592773,0.4953623923171032,0.30507696793414063,Not Significant
WSB2,-1.4528902945979958,0.00026253238262928123,0.0011752909160642735,2.9298546205382467,Down
WTAP,0.9671565096328223,0.0012786145775541883,0.003953334680910771,2.403036417652967,Not Significant
WTIP,-0.05909408618430767,0.882426509691964,0.9077468251441688,0.04203526136277543,Not Significant
WWC1,-0.857701387022086,0.04001395483057773,0.06538533348957665,1.184519656857222,Not Significant
WWC2,-0.4451522219620614,0.10302907089550205,0.1465776589613693,0.8339322188434806,Not Significant
WWC3,-0.12679999092581085,0.6967078563581062,0.7459490854449529,0.1272908141693012,Not Significant
WWOX,0.5122842344973648,0.05687456679791239,0.08837797098907442,1.0536559733367932,Not Significant
WWP1,-0.7447807226263699,6.020388986705316e-05,0.000399009201658351,3.399017088816092,Not Significant
WWP2,-0.025604475324669806,0.8478596596610186,0.8781613077419355,0.05642570205781792,Not Significant
WWTR1,1.2479689800901639,0.005027520102194472,0.011702226781309407,1.9317314898078561,Up
XAB2,0.36713619236662254,0.015174942699962847,0.028766600189716385,1.5411114626176408,Not Significant
XAF1,0.19941327445617674,0.6552952717751607,0.7086897013272108,0.1495438783563915,Not Significant
XIAP,-0.4195852510011484,0.00969948666185677,0.0199047929581473,1.7010423354173256,Not Significant
XIRP1,1.425295213861311,0.12237861893655162,0.1700706590104595,0.7693706054290654,Not Significant
XK,-5.439494956132053,1.2302972137954252e-06,2.7603594948274196e-05,4.559034354002601,Down
XKR4,-1.7219104866479356,0.000690368250150429,0.002439414153635715,2.612714460707405,Down
XPA,0.45982696585868155,0.0010617660478105097,0.003423889617683443,2.465480244930548,Not Significant
XPC,0.8376988475280243,1.341145690715582e-06,2.9499348664342298e-05,4.530187572991492,Not Significant
XPNPEP1,0.6091162541833732,0.025198196120727708,0.04404878151181184,1.3560661006461558,Not Significant
XPNPEP3,0.26760324688203596,0.11885576340767576,0.16593028832717927,0.7800743321628616,Not Significant
XPO1,0.20066517752244195,0.0893013020730063,0.12987170738898013,0.8864854498749865,Not Significant
XPO4,0.10586740715419296,0.5293796425592877,0.5926181263631809,0.2272250689222648,Not Significant
XPO5,0.8015739179080867,0.001839899165692803,0.005284459596034397,2.2769994182827826,Not Significant
XPO6,0.5924059256375251,1.735457816210792e-06,3.475745932506465e-05,4.4589519767985015,Not Significant
XPO7,0.23309267080002627,0.05051375965205827,0.0799239225278522,1.0973232098371613,Not Significant
XPOT,0.08714012068165289,0.5319751615614835,0.5948626681729808,0.22558328526095417,Not Significant
XPR1,0.30279211357716207,0.09273543186591411,0.13414944580948,0.8724111171208675,Not Significant
XRCC1,0.3165323576234158,0.003453780609983314,0.008693999466509722,2.060780390794813,Not Significant
XRCC3,0.5140369646096659,0.07454168902432494,0.11105190405664736,0.9544739907921747,Not Significant
XRCC4,0.9256065310717592,0.03028096947506269,0.05137259792721144,1.2892684713221203,Not Significant
XRCC5,0.2250740840223706,0.1849999286075239,0.24263628183728628,0.6150442577827941,Not Significant
XRCC6,0.07241302797492821,0.7297594572313163,0.7754848915768229,0.11042665893191474,Not Significant
XRN1,0.41340168575009173,0.0717274377758757,0.10759115666381355,0.9682234235575525,Not Significant
XRN2,1.2385487378077862,0.0004177793246695274,0.0016654962076457535,2.778456351865268,Up
XXYLT1,0.49440092139259306,0.003216432911377603,0.008194826795452194,2.086460221175152,Not Significant
XYLB,-0.1802098272305166,0.5409419046874315,0.6034158728624942,0.21938326988869744,Not Significant
XYLT1,-0.5441071500878323,0.17784200280698298,0.23450004401538568,0.6298570714323208,Not Significant
YAF2,0.04779803599694077,0.7957733866548344,0.8338486683129605,0.0789127604894905,Not Significant
YAP1,0.25678989979865463,0.6445633623824901,0.6988840073879243,0.15559489740375787,Not Significant
YARS,-0.5982369450274128,0.01465274314577829,0.02795676788836562,1.5535130392706167,Not Significant
YARS2,-0.06615775270444146,0.5388201651789088,0.6013154252810821,0.22089765524558638,Not Significant
YBEY,0.2919046580584137,0.06182982710253016,0.09486349044028158,1.022900899807851,Not Significant
YBX1,2.4382522834751086,1.226442522956255e-05,0.0001299177915484891,3.8863313705417597,Up
YBX3,1.8374819199114825,0.005263366473341009,0.012139000424092794,1.9158170734068467,Up
YEATS2,0.25706541317939724,0.23460177359283804,0.2976546935987721,0.5262872648408503,Not Significant
YEATS4,0.2543451685562914,0.24463576052069888,0.3087135978310811,0.5104442408355456,Not Significant
YES1,1.3498244847076144,9.456149575359745e-08,5.543584426039756e-06,5.256209333995541,Up
YIF1A,1.7893738104411376,7.528026644079537e-10,3.7918670206228625e-07,6.421146901614129,Up
YIF1B,0.6222650283664812,0.0012453520092032464,0.0038781069986749627,2.411380212716557,Not Significant
YIPF1,-0.3550653181729757,0.013012851262966403,0.025405322407582084,1.5950752892817173,Not Significant
YIPF2,0.5542385369023144,0.005200474693696881,0.01202423274370034,1.919942626040036,Not Significant
YIPF3,0.6431451666789343,0.00014317853489674982,0.0007473474406994082,3.126477448387451,Not Significant
YIPF4,-0.2992906051838773,0.05075308490587234,0.08017666259083549,1.09595202551815,Not Significant
YIPF5,-0.40675082488382586,0.057131504717582327,0.08866781366891456,1.0522340000413206,Not Significant
YIPF6,0.42824095746025037,0.01013957228686305,0.02068571308583604,1.684329503344452,Not Significant
YJEFN3,-0.6196196491510477,0.03678803749072243,0.060904303973958546,1.215352015641459,Not Significant
YKT6,0.6735451246141473,0.0001996971555379487,0.0009575198214608734,3.0188522270074025,Not Significant
YLPM1,-0.03287547967284965,0.8777543393162747,0.9034018404446416,0.04411902901246177,Not Significant
YME1L1,0.28182490577862396,0.06112687433141035,0.09391370016999051,1.0272710480510419,Not Significant
YOD1,-0.02288821625574755,0.9256623694049884,0.9434563647699163,0.02527818132615119,Not Significant
YPEL2,-0.8827408349462473,0.005234910935607274,0.01208167073661115,1.9178730043308874,Not Significant
YPEL5,-1.1064526953941503,0.0001544791793649645,0.0007891598645652394,3.1028350103953715,Down
YRDC,0.6056132942318193,0.008941304654438901,0.018633575318332124,1.7297038068296284,Not Significant
YTHDC1,0.34097181676787613,0.11404610352036561,0.16023716134786098,0.7952367573108342,Not Significant
YTHDC2,-0.0333323769725169,0.7573504397048686,0.8006662115213398,0.0965484985309935,Not Significant
YTHDF1,0.429922473570187,0.0007989972832743588,0.0027349978361216076,2.563043012935968,Not Significant
YTHDF2,0.4708524124087816,0.016780810675578527,0.03131133297754734,1.5042984433230193,Not Significant
YTHDF3,0.1999000930369661,0.04210572101735575,0.068217470708536,1.1661043869176186,Not Significant
YWHAB,-1.1721135324304157,0.00031909817846974996,0.00135751480147984,2.867255426441897,Down
YWHAE,-0.11098145255976632,0.4335956653202458,0.5000048915334429,0.3010257469527993,Not Significant
YWHAG,-2.2296537864809096,1.4745238813109102e-07,7.243139359523767e-06,5.140073158801779,Down
YWHAH,-2.531883532855815,5.207161340142888e-06,7.346910832016731e-05,4.133895231068662,Down
YWHAQ,0.16120345581803264,0.3789637668563986,0.44687826142003506,0.34981077126255167,Not Significant
YWHAZ,-1.2282751417323574,0.0005408551189830704,0.0020303453607588974,2.6924300825229124,Down
YY1,-0.13773115711413553,0.01351010971103131,0.026163176706829952,1.5823095255432191,Not Significant
YY1AP1,0.2896477364620367,0.012252908529150357,0.02418886939499524,1.616384430397517,Not Significant
YY2,0.7134233517352353,0.09995211571083486,0.14313572861203386,0.8442519469369578,Not Significant
ZADH2,-0.3867796125774312,0.04866148206836889,0.07741878874869682,1.1111536276937908,Not Significant
ZAP70,1.3713300068479306,0.025258731999451604,0.04413050054846955,1.3552611465567639,Up
ZBED1,0.78458538154824,0.0025572363306878847,0.006853311730606477,2.1640995133594383,Not Significant
ZBED3,2.1727741678635724,2.440801840536689e-05,0.00021307311734459794,3.6714713401748846,Up
ZBED8,0.7265695737121085,0.0001465298799990299,0.0007589419080258238,3.119791465197221,Not Significant
ZBTB1,0.6437078680385042,0.0007229119187931089,0.002525178456977038,2.597707924419888,Not Significant
ZBTB10,0.9587440104405651,0.0003809647002443209,0.0015462684892269495,2.8107150943337325,Not Significant
ZBTB11,-0.758553921910643,0.0037876749423035746,0.009347632868389567,2.029298353015326,Not Significant
ZBTB14,0.27680418410319163,0.06954808673659155,0.10480589764912839,0.9796142779972734,Not Significant
ZBTB16,0.2809384296763042,0.5626513805993899,0.6242455956121424,0.20464451314656354,Not Significant
ZBTB17,0.7743078006244097,0.00011831695807854334,0.0006463801711948186,3.18951197474702,Not Significant
ZBTB18,-1.502163680069792,0.0025401789513825475,0.006820299242064974,2.166196570163677,Down
ZBTB20,2.5378231013513393,2.1561624244097355e-07,9.088359942888568e-06,5.041514481136278,Up
ZBTB21,-0.18471849208878055,0.25320519422592397,0.3182519184818413,0.49722896965838864,Not Significant
ZBTB3,0.4522902712041823,0.1198888012815752,0.16716398395994306,0.7768572870187116,Not Significant
ZBTB33,0.056790085795640266,0.5940691613575025,0.6535604162406335,0.18471425930436416,Not Significant
ZBTB38,-0.46481756505514227,0.15111730891775954,0.2038232387250649,0.6907463018080054,Not Significant
ZBTB4,-1.1057708635646044,2.6763628326117296e-05,0.00022810219268807583,3.641870539941436,Down
ZBTB40,0.7965034508240905,0.0003133169677651443,0.0013391409135621822,2.8731737211489072,Not Significant
ZBTB43,-0.24981870250040572,0.05802370025980489,0.08990014709585888,1.0462395976675771,Not Significant
ZBTB47,0.42619088544438455,0.09473180576388987,0.13674283009964558,0.8640954359619409,Not Significant
ZBTB7A,-1.9971443945524108,6.7941993753330525e-09,1.0694494454235184e-06,5.970839740398231,Down
ZBTB8OS,0.056195926138681074,0.718938983344217,0.7664419694654006,0.11552072182072384,Not Significant
ZC2HC1A,-0.6148686902200566,0.005481268011771879,0.012555857082541337,1.9011536363151706,Not Significant
ZC3H10,1.616367693970398,1.2441210481743107e-05,0.00013113382348450253,3.882285275830166,Up
ZC3H11A,0.5827299835929551,0.002483449916164603,0.006701029235741875,2.1738584872881304,Not Significant
ZC3H12C,1.199468377731943,1.411742618256779e-05,0.00014282306892383684,3.845201639218342,Up
ZC3H13,-0.7431384551660081,0.009664377571173156,0.01986917135755069,1.7018202447345423,Not Significant
ZC3H14,-0.21505224117748512,0.054900588308507935,0.08574705839068356,1.066780769787897,Not Significant
ZC3H15,-0.40529628493865744,0.03517499905530919,0.05850304449119775,1.2328215326986216,Not Significant
ZC3H18,0.28527096117773354,0.010655524487154174,0.021550753328336343,1.666537544035906,Not Significant
ZC3H4,0.38965281240690786,0.008274551627839976,0.01752319384041621,1.756386734877115,Not Significant
ZC3H6,-0.7499153595290977,0.007463292259556596,0.01609961589352744,1.7931844852918415,Not Significant
ZC3H7A,0.571783593170391,1.396199635194037e-05,0.00014178745085629768,3.8483622054367133,Not Significant
ZC3H7B,-0.9482579657841761,0.0007461024105698082,0.002583786759738827,2.587743331578719,Not Significant
ZC3H8,-0.4994052397824582,0.0015332155199509832,0.004562958093939794,2.340753519755561,Not Significant
ZC3HAV1,2.0031314144888235,3.393717633220584e-06,5.49455786867192e-05,4.2600672482671165,Up
ZC3HAV1L,0.48050165384606025,0.2070150706618483,0.26723943245723153,0.5730994592389265,Not Significant
ZC3HC1,0.8105328757489758,0.00038967456904010617,0.0015721624192195202,2.803502589259042,Not Significant
ZC4H2,0.9721450942471321,0.0028737287752298372,0.007521419506797968,2.1237001878935104,Not Significant
ZCCHC10,-0.011474295698533865,0.9333320259835804,0.9484974611323777,0.022963827261005897,Not Significant
ZCCHC14,-0.2191459333536976,0.14965689160221846,0.2020969873995642,0.6944401603367348,Not Significant
ZCCHC17,-0.2928732188256653,0.10146481644027404,0.1446993998894848,0.8395332700228127,Not Significant
ZCCHC24,0.6188999484175106,0.06934886107799855,0.10453694845125804,0.980730181587826,Not Significant
ZCCHC3,0.03285274987569409,0.8361353823109058,0.8684635365914078,0.061248411171495515,Not Significant
ZCCHC7,-0.41667125311868247,0.013835403639945506,0.026691940038273458,1.5736198594347914,Not Significant
ZCCHC8,0.7543543681908691,0.003142978826872666,0.00804225773480194,2.094622012928125,Not Significant
ZCCHC9,0.8919767510014562,0.0002794139751753268,0.0012285060130126822,2.9106227134925398,Not Significant
ZCRB1,-0.07810813452777765,0.4497534434813098,0.5157445861844866,0.2875653221576102,Not Significant
ZDHHC13,-0.40576623327357275,0.04703295373682806,0.07521987235192981,1.123667407910423,Not Significant
ZDHHC14,-0.47053492023112575,0.24706504120278033,0.3113010169383898,0.5068194605895382,Not Significant
ZDHHC17,-0.4577305844324897,0.003172095136179968,0.008102354564370435,2.0913887557241093,Not Significant
ZDHHC18,-0.17761602505500917,0.37469303579589286,0.4425674337680648,0.35402054670153144,Not Significant
ZDHHC2,0.07159979866154487,0.7991202685927817,0.8366594871963919,0.07745125995300825,Not Significant
ZDHHC20,-0.4099832221759776,0.08062332428640608,0.11893386569940764,0.9246944650430632,Not Significant
ZDHHC21,-0.48434658100715566,0.017998743653726612,0.03325739977396219,1.4781117090540958,Not Significant
ZDHHC24,-0.06652040705213658,0.6882341420715281,0.7386795911112253,0.13154389988278933,Not Significant
ZDHHC3,0.6102018142339922,0.01043851175706204,0.021162722366802778,1.674428465520077,Not Significant
ZDHHC4,0.8080607368608312,5.674386413866227e-06,7.82875097615022e-05,4.1063075211393825,Not Significant
ZDHHC5,0.15198956673279795,0.3494814841290389,0.4177356989933481,0.37909840906972664,Not Significant
ZDHHC6,0.19671409275074936,0.10050647402286791,0.14373966770391416,0.8424233634762325,Not Significant
ZDHHC8,-0.19080985955508822,0.24353423177715355,0.30751615078002564,0.5121320700984922,Not Significant
ZDHHC9,0.7806728787064472,0.0013670338663748936,0.004158061343556969,2.381109107844431,Not Significant
ZEB1,1.7001798188906427,0.00016994722586106205,0.000847129318814616,3.0720502872364395,Up
ZEB2,-0.004772235732140473,0.9713093824019705,0.9786928103938238,0.009353602053842171,Not Significant
ZER1,-1.378441627632835,2.9393238411214615e-06,5.070333625934521e-05,4.294963463322411,Down
ZFAND1,-0.67548259793681,0.0005171050228921671,0.0019583312428680705,2.7081138473731716,Not Significant
ZFAND2B,0.23988224803384384,0.05858392455805999,0.09065659846357854,1.042600580183705,Not Significant
ZFAND3,0.9460953762384783,5.492601538589427e-05,0.00037460420607619545,3.426427350651579,Not Significant
ZFAND5,-0.24784861222432752,0.17235491332377345,0.22807085207194192,0.6419302149126962,Not Significant
ZFAND6,0.9245783108287817,0.0015487967560792707,0.004597106222964812,2.337515461114931,Not Significant
ZFC3H1,-0.05673912087778632,0.7750045340583781,0.8149137194993686,0.08888837055930379,Not Significant
ZFP1,-0.49382273632330254,0.009675892988845755,0.019876620303758592,1.7016574583797235,Not Significant
ZFP3,0.7726345925685578,0.005586600333502841,0.01273866268893337,1.8948761620557235,Not Significant
ZFP36L1,1.2605116902432592,0.0008383230859113862,0.002840654815832931,2.5465815366702125,Up
ZFP36L2,2.322946579515907,5.124720580359738e-07,1.4964184094650437e-05,4.8249469575976605,Up
ZFP37,0.7327137294562149,0.006926723909825146,0.015168849581353621,1.8190473552327386,Not Significant
ZFP64,0.2278626799410155,0.051374784643519786,0.08093034878793094,1.0918885879115705,Not Significant
ZFP90,0.09439983430261734,0.4760511286750871,0.5420751746663081,0.2659404815818103,Not Significant
ZFP91,-0.0709639540328375,0.6023609303104751,0.6608782413360625,0.17987854654572927,Not Significant
ZFPL1,0.8422944939225019,7.953144005955898e-05,0.00048469432980036126,3.3145320608442272,Not Significant
ZFPM2,-0.4927674549411236,0.4924377990779791,0.5575832739026145,0.2536902624580184,Not Significant
ZFR,-0.11200845506387225,0.3963800875573026,0.4643717876558049,0.3331341731659999,Not Significant
ZFYVE1,0.33805431329964364,0.012995926798510454,0.025382118373050468,1.5954721348286192,Not Significant
ZFYVE16,0.7400566157003432,5.935321614289481e-05,0.00039571429478724174,3.4026182609922837,Not Significant
ZFYVE19,-0.1272860320374143,0.46611193581949023,0.5321409385137743,0.2739733287717383,Not Significant
ZFYVE21,-0.7524779433194233,0.012308888371951373,0.024280348826911716,1.6147450782016126,Not Significant
ZFYVE26,1.1327655922748967,7.0119710261032e-05,0.00044207625192670824,3.3545028145087454,Up
ZFYVE27,-0.7852474921543013,0.0008870426872658276,0.0029628872783540937,2.528284870733928,Not Significant
ZFYVE28,-1.275177653725036,0.01306823431003789,0.02548381580319816,1.5937355426554383,Down
ZFYVE9,-1.1565022876505182,2.7007600756565036e-06,4.763694402560845e-05,4.322056106874079,Down
ZGPAT,0.6225454962074224,0.001486706752808914,0.004449519853772133,2.3516868510657627,Not Significant
ZHX1,0.027350144174629776,0.7746028690066491,0.8146450235633542,0.08903159112606794,Not Significant
ZHX2,1.5163147540284783,0.0009350113559491391,0.0030855456520032312,2.5106680236244383,Up
ZHX3,0.41922160350209126,0.019310839369591496,0.03531906241998271,1.4519908337250576,Not Significant
ZIC1,1.0133000316047251,0.011859109833679002,0.02350357514548146,1.6288660718618786,Up
ZKSCAN1,0.168827672200198,0.2975449008604992,0.36456669074053377,0.43822301392684343,Not Significant
ZKSCAN4,0.9274736766082334,8.166403123236394e-08,5.141771566467715e-06,5.2888872216694836,Not Significant
ZKSCAN8,0.9207360720076387,0.0013218511630743413,0.00405681699987706,2.391814582568315,Not Significant
ZMAT2,-0.4267730827581495,0.051196340032874,0.08072498505105223,1.0929920267350328,Not Significant
ZMAT3,-1.0315784144274822,0.006982702702662627,0.015260355391346526,1.8164353521803867,Down
ZMAT4,-5.386828022623652,2.3566027930808885e-05,0.00020758597452475672,3.6828019927902176,Down
ZMAT5,0.7057574690224744,0.023794098211356828,0.04196459127822281,1.3771170024204549,Not Significant
ZMIZ1,0.3312959206661539,0.23279024078068686,0.2957660342571118,0.5290517018120375,Not Significant
ZMIZ2,-0.6281225509999295,0.005569422463438624,0.01270812273990503,1.895918599242589,Not Significant
ZMPSTE24,0.3860956652350822,0.07496607777175084,0.11160163550651957,0.9523294408262901,Not Significant
ZMYM1,1.03705403325492,0.0001693353020488485,0.0008453339112190781,3.0729717086182036,Up
ZMYM2,-0.1215968004305239,0.5648191574868048,0.6262368690867347,0.2032613673010809,Not Significant
ZMYM3,-0.29621770194316,0.02681309698979792,0.0464035117659136,1.3334491512803328,Not Significant
ZMYM4,0.13916042535187145,0.21981684766429493,0.28155561644883753,0.5504358049650984,Not Significant
ZMYND10,1.2312247585710026,6.57426100683815e-05,0.0004234597530875161,3.3731878600501775,Up
ZMYND11,-0.24352326017642412,0.3381799263711858,0.40620300205834337,0.391256871249885,Not Significant
ZMYND8,-0.3478388939666921,0.035263428942653725,0.0586307613745327,1.2318744660640304,Not Significant
ZNF100,1.3798710313325664,0.0005946706769781949,0.0021808199489910213,2.6613801887942996,Up
ZNF106,-0.6617762943195835,3.0401193133809416e-06,5.155919522390506e-05,4.287693870072415,Not Significant
ZNF12,0.2223046496034513,0.11630363643358502,0.1628638912193405,0.7881751930547932,Not Significant
ZNF131,0.6377945300025836,0.001033299309953139,0.003347465318441858,2.4752839138192693,Not Significant
ZNF134,0.18928772866758692,0.4836694837530192,0.5496318532800807,0.25992810618339746,Not Significant
ZNF143,0.6058936147224223,0.0005487809482327557,0.002049080530947658,2.688440973048819,Not Significant
ZNF146,0.6516350182265711,0.01864315316129208,0.03427210309249204,1.4650592444630528,Not Significant
ZNF148,-0.46665807931551484,0.022413980081792097,0.03992898945074688,1.3987116810783384,Not Significant
ZNF184,-0.31112076987810156,0.23277680146689825,0.2957660342571118,0.5290517018120375,Not Significant
ZNF185,-0.027899073220954307,0.8711013832296941,0.8975631926619554,0.04693496530311375,Not Significant
ZNF189,0.052307715211416195,0.7730129620871985,0.8135872534596957,0.0895958641603878,Not Significant
ZNF2,0.41288165705361557,0.015907371715578215,0.029931053915340854,1.5238779907589224,Not Significant
ZNF207,0.7266091707897644,9.411063036204237e-05,0.0005478023529550541,3.2613761066691302,Not Significant
ZNF219,1.2474195033028774,0.005939417924060539,0.013364685317620252,1.874041262603666,Up
ZNF22,1.539389207825053,0.00010944389072572782,0.0006111128845469333,3.2138785596304507,Up
ZNF24,0.3215634908316929,0.04724818370011114,0.07549218122044721,1.122098026233779,Not Significant
ZNF260,0.6688148505781584,0.015712928915345207,0.029637155194380753,1.528163485668293,Not Significant
ZNF267,0.9486816972403442,0.0010893649297105167,0.003496512545911898,2.4563649091195714,Not Significant
ZNF275,0.9085643817030125,0.01308071503001208,0.02550321718837656,1.5934050305845626,Not Significant
ZNF276,0.6840030339098746,0.005613287368553094,0.012779267107526299,1.8934940523031272,Not Significant
ZNF277,0.23558579928603152,0.027706338541886803,0.04766285083179092,1.321819984996529,Not Significant
ZNF280C,0.6690161555875154,0.0021749734666335423,0.006004571856088327,2.2215179536511167,Not Significant
ZNF280D,-0.3352061645249975,0.06532680580721147,0.09923096391668408,1.0033527899438959,Not Significant
ZNF281,0.2551108178852708,0.11515038069281135,0.16155790767077036,0.7916717799940208,Not Significant
ZNF292,0.326453050056454,0.008806972483502281,0.01841457882914113,1.7348382097046249,Not Significant
ZNF3,1.4256453195158159,6.5187638604103e-05,0.0004223152870081888,3.374363197658353,Up
ZNF302,0.4187240322332002,0.012260761080417092,0.024199629138738594,1.6161912895664086,Not Significant
ZNF316,0.3975472914810183,0.025334890230785806,0.0442175475025877,1.3544053489493042,Not Significant
ZNF318,0.177848766864507,0.33916535069587767,0.4071439159807283,0.3902520505573512,Not Significant
ZNF326,0.33326935664529955,0.06495626250637536,0.09878764922844586,1.0052973490077575,Not Significant
ZNF330,0.923097776235533,0.016336899446577822,0.030579324605132845,1.5145721109283787,Not Significant
ZNF331,0.04032973954029728,0.8330872228607651,0.8662650124274331,0.06234922596409128,Not Significant
ZNF346,0.068833890784461,0.6733504861271107,0.7249473973757095,0.13969350495765126,Not Significant
ZNF358,-0.2968845650333485,0.22300179835093387,0.28501904549445667,0.5451261186694266,Not Significant
ZNF362,0.301065516184579,0.13379064318730102,0.1840009473677639,0.7351799409277842,Not Significant
ZNF365,-2.7968920876578522,2.594677492209549e-06,4.610014295682363e-05,4.336297727858435,Down
ZNF384,0.8635097711002544,0.0001646743125433847,0.0008257486433857926,3.083152131134033,Not Significant
ZNF385A,-0.9925120924510189,0.09375990741911329,0.1354758042656551,0.8681382620753118,Not Significant
ZNF385D,-2.5318188783565088,0.003294044981205425,0.00834403046031266,2.0786241191642727,Down
ZNF395,0.44349284687691437,0.19015422545372432,0.24836168380925955,0.6049154044445473,Not Significant
ZNF397,0.7316526423852672,0.0030046079435856205,0.00777508872943271,2.1092946460975073,Not Significant
ZNF414,0.413413577484004,0.0548025396883614,0.0856470345672592,1.0672876693986584,Not Significant
ZNF423,0.30289463051806464,0.43653158057996694,0.502814903128583,0.2985918585704324,Not Significant
ZNF428,0.4237562502975365,0.19332721327159896,0.25162907643981625,0.5992391763915048,Not Significant
ZNF436,1.05725675224825,0.055541862167067815,0.08661137843424073,1.0624250494769683,Not Significant
ZNF446,0.691305483539832,0.05332862681156565,0.08365502748360516,1.077507953771793,Not Significant
ZNF451,0.05460485763981637,0.6022108594356858,0.6607855569061212,0.17993945815820045,Not Significant
ZNF460,0.15860980310503692,0.40372757252843056,0.47138984302867515,0.3266197793936249,Not Significant
ZNF462,2.032843612200761,9.105532268253295e-09,1.2740157231997735e-06,5.894825212144497,Up
ZNF483,-2.7485324719286908,0.0008426348007908007,0.0028514286137610095,2.544937496615349,Down
ZNF501,1.4659326495625695,0.00031655216371276725,0.001350676195358923,2.8694487541786042,Up
ZNF512,0.46650675846031575,0.0016535891499337976,0.004835751351390768,2.3155360381452503,Not Significant
ZNF512B,0.1539446962058939,0.2832878841826163,0.3498212975307277,0.4561537536952201,Not Significant
ZNF516,1.377583985977683,2.9411577087780672e-05,0.00024406279043023268,3.6124984276398506,Up
ZNF521,1.2382960073964497,0.022225577911350863,0.039635417220560916,1.4019165658638286,Up
ZNF526,0.7668145581211974,0.0004834277013213228,0.0018682603969178595,2.7285625922049443,Not Significant
ZNF532,0.8799408017176695,3.808023336780001e-05,0.00029047326022629144,3.536893840797479,Not Significant
ZNF574,0.40826242283154635,0.020775693709650937,0.037460951929662346,1.426421190854355,Not Significant
ZNF579,0.05324740245103676,0.90062237952578,0.9214777423667182,0.03551515038962323,Not Significant
ZNF580,0.6949197207805184,0.030261480095754266,0.05135683128110318,1.2894017801024664,Not Significant
ZNF581,1.227382580295263,0.0035973282359816647,0.008970169467643388,2.0471993520320337,Up
ZNF592,0.6161730742980822,0.05383748420994999,0.08433506700840246,1.0739918056650666,Not Significant
ZNF593,0.689944078227466,0.0007261696303118441,0.0025356786328462797,2.595905788970685,Not Significant
ZNF597,-0.2578827966875501,0.10952637004328372,0.15468507666003647,0.8105515831126747,Not Significant
ZNF598,0.7287113700780559,6.928522420460476e-05,0.0004392569846678341,3.357281324019165,Not Significant
ZNF605,0.1481286664341397,0.5382713555044721,0.6007695142202584,0.2212921135235895,Not Significant
ZNF608,1.4485303902279192,1.2547340002939525e-05,0.00013139887094797123,3.8814083664594383,Up
ZNF609,-0.10193174154798612,0.6665563799728692,0.7188618961403153,0.1433545359107497,Not Significant
ZNF618,-0.06494216680279585,0.8645269320524729,0.8919750423491,0.04964729710560797,Not Significant
ZNF622,-0.0845053558053408,0.6725113982891677,0.7242473438666152,0.14011308887005838,Not Significant
ZNF629,0.6212972997152058,0.009515628086997088,0.019623426273983353,1.7072251619931467,Not Significant
ZNF638,-0.07292531222931231,0.583358872680869,0.64386777411859,0.19120331100463955,Not Significant
ZNF639,0.2951574415662286,0.18830292299542872,0.2464229210516951,0.6083188986857879,Not Significant
ZNF644,0.5911382661746138,0.004694552187142311,0.011104230742726377,1.9545115222808245,Not Significant
ZNF649,1.5378607022713133,0.0005832540905032033,0.002146767156642042,2.668215057598826,Up
ZNF652,0.29534021047863135,0.2610553546082619,0.32688440102821936,0.48560580352182225,Not Significant
ZNF654,-0.3311383552916496,0.1824698988664996,0.23969249722012217,0.6203455599041697,Not Significant
ZNF655,0.46500443352258003,0.0210878211018256,0.03796260003212851,1.420644050698461,Not Significant
ZNF660,1.1401618082787373,0.0003727441433174358,0.0015232660132521799,2.817224247682072,Up
ZNF664,0.4939799079775362,0.06442704364614318,0.09807506836494913,1.0084413804657237,Not Significant
ZNF668,0.6837204187775683,0.00548150282400405,0.012555857082541337,1.9011536363151706,Not Significant
ZNF687,0.6453233218783367,0.0008039623242950183,0.0027473257988290417,2.561089835576273,Not Significant
ZNF688,1.0652006404411782,0.0006684981699683798,0.0023796349809531597,2.623489655513056,Up
ZNF691,1.333037511178258,8.589873986589558e-07,2.1313889295788966e-05,4.671337294275507,Up
ZNF703,0.07112870597523191,0.8341755095495479,0.8668747764805185,0.06204363356336371,Not Significant
ZNF704,0.133328479747842,0.6141838700832926,0.6719730036628618,0.17264817426129245,Not Significant
ZNF706,-0.5483211907786156,0.006510800670573898,0.014415341968211308,1.8411750505948459,Not Significant
ZNF711,1.0763686631016505,0.003802304248375121,0.00936996404063869,2.0282620758125587,Up
ZNF713,0.17497700597044563,0.5225072866323457,0.5863582940330011,0.2318369273769314,Not Significant
ZNF738,1.8335097973400902,5.129240337321096e-05,0.0003558675424116579,3.448711620859112,Up
ZNF74,0.6197179963759467,0.012599792005898634,0.024742749447840714,1.6065520426341533,Not Significant
ZNF740,0.41878101621644603,0.0005390775265787363,0.0020248571971492133,2.6936055999441124,Not Significant
ZNF76,0.49122783041723395,0.013995550629533591,0.026947854939205162,1.5694757991281874,Not Significant
ZNF768,0.6974618361016347,0.0015629273946625808,0.004630861933479659,2.334338167056586,Not Significant
ZNF771,0.07579571341274516,0.7109711255928194,0.7593641983908039,0.11954988231847755,Not Significant
ZNF773,0.6549039404597963,0.028637055861620263,0.04901286115357841,1.3096899445605794,Not Significant
ZNF776,0.3492016469409229,0.11774907807264823,0.16461340723062146,0.7835347957996265,Not Significant
ZNF777,0.02541607175017191,0.891131265583918,0.9141808930236649,0.03896785998948499,Not Significant
ZNF787,0.434426632907682,0.1346765966634834,0.18506779904350454,0.7326691399412308,Not Significant
ZNF8,0.3753645083897208,0.17371070133053707,0.22959349320438602,0.63904042422473,Not Significant
ZNF800,0.1613086838634743,0.12904154789016603,0.17807733608842913,0.7493913497004543,Not Significant
ZNF827,0.6621479385220361,0.003188469026793306,0.008142113301879788,2.0892628584735915,Not Significant
ZNF830,0.43730776849535147,0.0056629376591297844,0.012870955666516217,1.8903892055986593,Not Significant
ZNF84,0.31982338646422903,0.06242707357224213,0.09559056682881399,1.0195849631248144,Not Significant
ZNF853,0.2598693960650884,0.25614018143005857,0.32137952269602815,0.49298179858523217,Not Significant
ZNFX1,0.7771003320276009,5.599181040342083e-07,1.5889056281804548e-05,4.798901896611118,Not Significant
ZNHIT1,0.8659880628300449,0.00020464028843971723,0.0009738055105062407,3.0115277722262697,Not Significant
ZNHIT2,1.0350760865034,0.0016127438086432717,0.00474913216260518,2.3233857443595514,Up
ZNHIT3,-0.37232909155389926,0.009827606572561133,0.02011036128620371,1.6965801271558567,Not Significant
ZNHIT6,0.1905788117674625,0.08158752301875723,0.1200749023945888,0.9205477577142653,Not Significant
ZNRD1,1.6349113146621619,0.00032698731735127877,0.0013823207028941596,2.85939118754115,Up
ZNRF1,-0.19212051507505912,0.08841562181188949,0.12873232752319333,0.8903123784883537,Not Significant
ZNRF2,0.10275228649080148,0.725029133688258,0.7712717521410255,0.11279257439908909,Not Significant
ZPR1,-0.262234877079937,0.15695439310979775,0.21023248985349058,0.6773001661682778,Not Significant
ZRANB2,0.061209183021802005,0.7671432899789036,0.8085584330662768,0.09228858894095446,Not Significant
ZRSR2,0.2742540475531179,0.15206642585672778,0.2048839339415107,0.6884920956452109,Not Significant
ZSCAN18,-0.516203787501798,0.06690247616521953,0.1012306273958437,0.9946880715214476,Not Significant
ZSCAN21,0.8437817481665704,0.0015438062077033682,0.004583643895197091,2.3387891302113255,Not Significant
ZSCAN26,0.4565481551253896,0.006927921076415327,0.015168849581353621,1.8190473552327386,Not Significant
ZSCAN30,0.7966020617844478,0.0008563413475215081,0.0028842469859350294,2.539967552539336,Not Significant
ZSWIM8,0.2962988910199087,0.21719998294585674,0.2786998634819209,0.5548632440210445,Not Significant
ZW10,0.4610803322825916,0.01662899860990167,0.031079876066075957,1.507520721657695,Not Significant
ZWILCH,0.2164469387917265,0.5828499089228149,0.6435368240342434,0.19142659713984433,Not Significant
ZXDC,0.6137465101379256,0.007774137086938514,0.01665957392338196,1.778336110077511,Not Significant
ZYG11B,-1.1362023773786234,1.8964472298656365e-05,0.00017821650553793305,3.7490520762133404,Down
ZYX,0.32187825519526214,0.12012225516560372,0.16744496912388596,0.7761278962851025,Not Significant
ZZEF1,0.3508100691456342,0.052513063952163014,0.08251701860148031,1.083456471783669,Not Significant
ZZZ3,0.10713952371160218,0.4185625264954456,0.4857273231096785,0.31360746592781835,Not Significant
